Timestamp (us),W,X,Y,Z
0,0.767135,-0.227594,-0.202693,0.564465
8333,0.767164,-0.227684,-0.202345,0.564513
16666,0.767238,-0.227045,-0.202206,0.564721
24999,0.767507,-0.226882,-0.201869,0.564541
33332,0.767524,-0.227474,-0.201798,0.564304
41665,0.767660,-0.227217,-0.201584,0.564300
49998,0.767484,-0.227482,-0.201922,0.564313
58331,0.767465,-0.227758,-0.202041,0.564183
66664,0.767470,-0.227769,-0.202130,0.564141
74997,0.767287,-0.227892,-0.202257,0.564295
83330,0.767134,-0.227733,-0.202438,0.564502
91663,0.766978,-0.227764,-0.202574,0.564653
99996,0.767176,-0.227901,-0.202017,0.564528
108329,0.767031,-0.227936,-0.201974,0.564725
116662,0.766959,-0.227764,-0.201961,0.564897
124995,0.766783,-0.227480,-0.202191,0.565169
133328,0.766683,-0.227608,-0.202344,0.565198
141661,0.766813,-0.227839,-0.202255,0.564961
149994,0.766717,-0.227454,-0.202511,0.565154
158327,0.766588,-0.227419,-0.202777,0.565248
166660,0.766376,-0.227590,-0.202865,0.565435
174993,0.766383,-0.227591,-0.202794,0.565450
183326,0.766377,-0.227514,-0.202486,0.565600
191659,0.766484,-0.227661,-0.202303,0.565461
199992,0.766770,-0.227749,-0.202303,0.565038
208325,0.766866,-0.227417,-0.202436,0.564994
216658,0.766753,-0.227450,-0.202986,0.564937
224991,0.766872,-0.227698,-0.202741,0.564762
233324,0.766871,-0.227696,-0.202826,0.564734
241657,0.766762,-0.227516,-0.202940,0.564914
249990,0.766612,-0.227196,-0.203344,0.565101
258323,0.766543,-0.227008,-0.203484,0.565221
266656,0.766474,-0.226934,-0.203556,0.565317
274989,0.766658,-0.226823,-0.203317,0.565198
283322,0.766859,-0.226803,-0.203072,0.565022
291655,0.766807,-0.226766,-0.203131,0.565086
299988,0.766821,-0.226630,-0.203010,0.565164
308321,0.766965,-0.226015,-0.202883,0.565261
316654,0.767200,-0.226407,-0.202583,0.564893
324987,0.767566,-0.226094,-0.202051,0.564712
333320,0.767428,-0.226652,-0.202406,0.564548
341653,0.767389,-0.226779,-0.202608,0.564479
349986,0.767284,-0.226257,-0.202608,0.564830
358319,0.767383,-0.226756,-0.201757,0.564800
366652,0.767396,-0.226700,-0.201884,0.564760
374985,0.767289,-0.226665,-0.202333,0.564758
383318,0.767337,-0.227060,-0.201498,0.564833
391651,0.767068,-0.227399,-0.201850,0.564937
399984,0.767111,-0.227400,-0.201708,0.564927
408317,0.767342,-0.226703,-0.202153,0.564735
416650,0.767425,-0.226509,-0.202322,0.564641
424983,0.767158,-0.226804,-0.202961,0.564656
433316,0.767094,-0.226819,-0.203041,0.564707
441649,0.767448,-0.226730,-0.202850,0.564331
449982,0.767628,-0.226635,-0.202489,0.564253
458315,0.767986,-0.226488,-0.201806,0.564070
466648,0.767836,-0.226913,-0.201851,0.564087
474981,0.767730,-0.226909,-0.201904,0.564214
483314,0.767740,-0.226925,-0.201772,0.564242
491647,0.767809,-0.226818,-0.201837,0.564167
499980,0.767904,-0.226848,-0.201950,0.563985
508313,0.767948,-0.226866,-0.201842,0.563957
516646,0.767990,-0.226784,-0.201763,0.563961
524979,0.768085,-0.226542,-0.201483,0.564029
533312,0.768029,-0.226621,-0.201577,0.564040
541645,0.767851,-0.226879,-0.201999,0.564027
549978,0.767732,-0.226417,-0.201960,0.564389
558311,0.767826,-0.226289,-0.201973,0.564308
566644,0.767829,-0.226450,-0.202557,0.564031
574977,0.767940,-0.226895,-0.202216,0.563823
583310,0.767894,-0.226611,-0.202257,0.563984
591643,0.767951,-0.226940,-0.202201,0.563795
599976,0.767968,-0.226954,-0.202180,0.563774
608309,0.767958,-0.226947,-0.202254,0.563764
616642,0.767853,-0.226929,-0.202477,0.563833
624975,0.767994,-0.226809,-0.202574,0.563655
633308,0.767852,-0.226901,-0.202588,0.563806
641641,0.767813,-0.226782,-0.202440,0.563961
649974,0.768073,-0.226590,-0.201896,0.563878
658307,0.768261,-0.226571,-0.201695,0.563702
666640,0.768512,-0.226758,-0.201569,0.563329
674973,0.768704,-0.226887,-0.200866,0.563267
683306,0.768812,-0.227136,-0.200425,0.563176
691639,0.768789,-0.228115,-0.200063,0.562941
699972,0.768754,-0.228483,-0.199014,0.563211
708305,0.768524,-0.229119,-0.198075,0.563597
716638,0.768535,-0.230930,-0.196172,0.563509
724971,0.768407,-0.233136,-0.194716,0.563280
733304,0.768615,-0.236107,-0.192805,0.562415
741637,0.768560,-0.239024,-0.190108,0.562177
749970,0.768994,-0.242115,-0.186354,0.561516
758303,0.768210,-0.246660,-0.183437,0.561571
766636,0.766400,-0.251229,-0.180642,0.562924
774969,0.763442,-0.256068,-0.179247,0.565205
783302,0.763695,-0.261861,-0.172550,0.564292
791635,0.764279,-0.267683,-0.164958,0.563039
799968,0.764298,-0.273263,-0.156867,0.562644
808301,0.763758,-0.278564,-0.146737,0.563510
816634,0.763181,-0.283124,-0.135169,0.564912
824967,0.762345,-0.284428,-0.124380,0.567856
833300,0.760732,-0.285199,-0.114386,0.571720
841633,0.760227,-0.285170,-0.102165,0.574713
849966,0.759682,-0.285163,-0.090372,0.577407
858299,0.758748,-0.284250,-0.080268,0.580569
866632,0.757917,-0.283356,-0.070327,0.583374
874965,0.756978,-0.283103,-0.061474,0.585711
883298,0.755272,-0.282895,-0.052945,0.588839
891631,0.754389,-0.282070,-0.044489,0.591062
899964,0.754025,-0.282588,-0.037724,0.591749
908297,0.754678,-0.282651,-0.030574,0.591300
916630,0.753107,-0.282678,-0.025691,0.593518
924963,0.753126,-0.283200,-0.016490,0.593572
933296,0.753423,-0.282389,-0.009269,0.593737
941629,0.752794,-0.281273,-0.002717,0.595130
949962,0.752100,-0.277619,0.005489,0.597698
958295,0.752011,-0.273499,0.013592,0.599578
966628,0.752696,-0.269375,0.019325,0.600426
974961,0.752882,-0.265144,0.025262,0.601855
983294,0.754400,-0.263590,0.030433,0.600396
991627,0.755026,-0.259427,0.034981,0.601174
999960,0.755445,-0.253731,0.036959,0.602957
1008293,0.756036,-0.249971,0.040037,0.603590
1016626,0.757242,-0.247184,0.043350,0.602997
1024959,0.756390,-0.242085,0.045718,0.605953
1033292,0.755647,-0.236723,0.049409,0.608703
1041625,0.756289,-0.230222,0.056574,0.609774
1049958,0.756338,-0.223849,0.063998,0.611351
1058291,0.756398,-0.213713,0.071289,0.614090
1066624,0.757094,-0.202367,0.077926,0.616266
1074957,0.757797,-0.191202,0.084891,0.618045
1083290,0.759875,-0.180701,0.088446,0.618154
1091623,0.761294,-0.167920,0.088314,0.620028
1099956,0.764841,-0.159656,0.084889,0.618322
1108289,0.767512,-0.151414,0.080223,0.617708
1116622,0.771986,-0.142898,0.073921,0.614942
1124955,0.776856,-0.135600,0.067244,0.611216
1133288,0.781172,-0.127687,0.057574,0.608400
1141621,0.784455,-0.120548,0.045715,0.606638
1149954,0.787172,-0.111951,0.033607,0.605556
1158287,0.788886,-0.099039,0.024220,0.606022
1166620,0.790373,-0.088179,0.012756,0.606112
1174953,0.790904,-0.074279,0.003375,0.607406
1183286,0.790681,-0.056317,-0.006895,0.609594
1191619,0.790942,-0.041221,-0.018039,0.610234
1199952,0.791137,-0.024134,-0.029817,0.610435
1208285,0.791120,-0.006931,-0.043117,0.610101
1216618,0.789535,0.013259,-0.060523,0.610570
1224951,0.789375,0.028245,-0.077953,0.608286
1233284,0.787199,0.047639,-0.097565,0.607066
1241617,0.785830,0.066421,-0.117118,0.603608
1249950,0.784399,0.082940,-0.138044,0.598986
1258283,0.782164,0.099413,-0.161587,0.593487
1266616,0.783357,0.110631,-0.184408,0.583186
1274949,0.784968,0.119602,-0.210826,0.570152
1283282,0.788241,0.124284,-0.240090,0.552799
1291615,0.793700,0.127740,-0.266389,0.531751
1299948,0.800963,0.127021,-0.293657,0.506053
1308281,0.806768,0.123278,-0.325297,0.477608
1316614,0.813546,0.118847,-0.353297,0.446318
1324947,0.821743,0.111284,-0.377979,0.411687
1333280,0.830306,0.102392,-0.399615,0.374721
1341613,0.838535,0.093793,-0.417421,0.337374
1349946,0.845273,0.084620,-0.434512,0.299253
1358279,0.853115,0.072656,-0.447510,0.258169
1366612,0.860599,0.061300,-0.457383,0.215433
1374945,0.866137,0.050881,-0.466519,0.171984
1383278,0.871389,0.042546,-0.472086,0.126515
1391611,0.875903,0.033217,-0.474622,0.080153
1399944,0.878232,0.025318,-0.476212,0.035917
1408277,0.879585,0.021231,-0.475228,-0.006081
1416610,0.878606,0.016422,-0.475363,-0.042571
1424943,0.876565,0.010213,-0.475513,-0.073601
1433276,0.875289,0.008952,-0.472978,-0.100403
1441609,0.876285,0.007024,-0.466301,-0.120992
1449942,0.876445,0.002484,-0.460080,-0.142000
1458275,0.876932,0.003435,-0.453671,-0.158623
1466608,0.878788,0.006775,-0.443558,-0.175904
1474941,0.880300,0.009801,-0.432703,-0.194278
1483274,0.879767,0.009362,-0.424590,-0.213648
1491607,0.878084,0.007654,-0.415737,-0.236795
1499940,0.877680,0.012834,-0.404754,-0.256295
1508273,0.876704,0.017033,-0.393240,-0.276519
1516606,0.877214,0.022222,-0.379175,-0.293648
1524939,0.876658,0.025287,-0.368359,-0.308453
1533272,0.875574,0.027993,-0.357994,-0.323151
1541605,0.875696,0.033370,-0.345601,-0.335565
1549938,0.876336,0.038874,-0.332947,-0.345935
1558271,0.876378,0.045611,-0.322110,-0.355142
1566604,0.876410,0.052947,-0.309140,-0.365425
1574937,0.876651,0.061274,-0.296340,-0.374047
1583270,0.874983,0.065918,-0.286636,-0.384576
1591603,0.873756,0.069774,-0.275533,-0.394669
1599936,0.871684,0.076508,-0.267033,-0.403741
1608269,0.869732,0.082739,-0.257936,-0.412541
1616602,0.866666,0.088160,-0.255083,-0.419583
1624935,0.863530,0.092769,-0.250993,-0.427448
1633268,0.860628,0.096253,-0.245800,-0.435473
1641601,0.858132,0.100846,-0.242089,-0.441398
1649934,0.855690,0.104579,-0.237283,-0.447833
1658267,0.854412,0.107888,-0.235920,-0.450202
1666600,0.853183,0.110553,-0.234575,-0.452583
1674933,0.851825,0.114445,-0.234309,-0.454307
1683266,0.851960,0.117582,-0.233871,-0.453479
1691599,0.852165,0.117969,-0.234029,-0.452911
1699932,0.852522,0.118764,-0.235856,-0.451081
1708265,0.852620,0.118586,-0.238887,-0.449344
1716598,0.852919,0.118213,-0.242373,-0.447002
1724931,0.854139,0.118708,-0.246174,-0.442440
1733264,0.855162,0.117381,-0.250916,-0.438132
1741597,0.856266,0.116143,-0.255311,-0.433746
1749930,0.857462,0.113233,-0.260458,-0.429067
1758263,0.858587,0.110635,-0.265371,-0.424460
1766596,0.859711,0.106987,-0.270591,-0.419799
1774929,0.860489,0.100537,-0.276895,-0.415669
1783262,0.862214,0.096765,-0.281388,-0.409933
1791595,0.864541,0.093484,-0.285484,-0.402900
1799928,0.866636,0.087563,-0.289841,-0.396570
1808261,0.869920,0.083874,-0.294075,-0.386942
1816594,0.872808,0.079042,-0.298353,-0.378080
1824927,0.876398,0.072563,-0.302410,-0.367709
1833260,0.880035,0.065296,-0.309549,-0.354196
1841593,0.883910,0.061381,-0.315035,-0.340130
1849926,0.888367,0.057009,-0.319464,-0.324803
1858259,0.892792,0.052967,-0.324142,-0.308300
1866592,0.897448,0.048306,-0.329667,-0.289090
1874925,0.901667,0.044107,-0.335762,-0.268916
1883258,0.905237,0.040008,-0.341531,-0.249602
1891591,0.908619,0.038078,-0.347480,-0.228517
1899924,0.911496,0.034943,-0.354268,-0.206030
1908257,0.913748,0.033274,-0.361649,-0.182122
1916590,0.915486,0.032359,-0.368795,-0.157573
1924923,0.916579,0.027992,-0.375279,-0.135147
1933256,0.917432,0.025984,-0.380913,-0.112019
1941589,0.918315,0.027336,-0.384646,-0.089431
1949922,0.918053,0.024211,-0.389809,-0.068128
1958255,0.916650,0.024101,-0.396533,-0.043964
1966588,0.914883,0.023104,-0.402352,-0.023827
1974921,0.913000,0.022564,-0.407302,-0.005101
1983254,0.910241,0.020782,-0.413385,0.011915
1991587,0.908069,0.018410,-0.417580,0.026424
1999920,0.905613,0.017476,-0.421686,0.041718
2008252,0.902396,0.014945,-0.427145,0.054829
2016586,0.899852,0.014799,-0.430743,0.067135
2024919,0.896542,0.013074,-0.435802,0.078214
2033252,0.894094,0.012523,-0.438827,0.088710
2041585,0.891808,0.011649,-0.441580,0.097721
2049918,0.889630,0.010373,-0.444000,0.106371
2058250,0.886822,0.012183,-0.447442,0.114861
2066584,0.884969,0.012310,-0.449708,0.120168
2074917,0.883153,0.014054,-0.451815,0.125328
2083250,0.881468,0.014742,-0.453994,0.129177
2091583,0.880490,0.015315,-0.455152,0.131683
2099916,0.879820,0.017076,-0.455599,0.134365
2108249,0.878755,0.018603,-0.456819,0.136964
2116582,0.878023,0.017810,-0.457706,0.138793
2124915,0.876723,0.021470,-0.458673,0.143228
2133248,0.876020,0.023848,-0.458934,0.146286
2141581,0.875556,0.025469,-0.458568,0.149893
2149914,0.874552,0.028763,-0.458677,0.154746
2158247,0.873399,0.030296,-0.459686,0.157940
2166580,0.871894,0.031633,-0.461701,0.160103
2174913,0.870213,0.033476,-0.463743,0.162946
2183246,0.868967,0.034794,-0.465390,0.164613
2191579,0.867840,0.036122,-0.467004,0.165696
2199912,0.866754,0.036428,-0.468996,0.165689
2208245,0.865673,0.037934,-0.470569,0.166540
2216578,0.864579,0.039042,-0.472042,0.167794
2224911,0.863076,0.038337,-0.475019,0.167291
2233244,0.862004,0.038694,-0.476928,0.167306
2241577,0.859767,0.040210,-0.480231,0.169002
2249910,0.859041,0.039439,-0.481487,0.169302
2258243,0.857681,0.038148,-0.484009,0.169305
2266576,0.855879,0.036312,-0.487482,0.168861
2274909,0.854457,0.036900,-0.489992,0.168669
2283242,0.852868,0.036011,-0.492995,0.168153
2291575,0.851983,0.036589,-0.494205,0.168960
2299908,0.851215,0.037467,-0.495583,0.168601
2308241,0.849359,0.035839,-0.499904,0.165531
2316574,0.848144,0.036007,-0.502849,0.162784
2324907,0.847798,0.036093,-0.504287,0.160093
2333240,0.847445,0.033229,-0.506610,0.155174
2341573,0.846635,0.032419,-0.509306,0.150882
2349906,0.846794,0.032427,-0.510694,0.145190
2358239,0.846964,0.030602,-0.512513,0.138011
2366572,0.847297,0.029401,-0.514233,0.129572
2374905,0.847953,0.027438,-0.515636,0.119755
2383238,0.848427,0.025708,-0.517260,0.109326
2391571,0.848370,0.023243,-0.519465,0.099417
2399904,0.848633,0.021213,-0.521194,0.087917
2408237,0.849837,0.018382,-0.521414,0.074615
2416570,0.850991,0.017585,-0.521145,0.062553
2424903,0.852423,0.014464,-0.520313,0.049391
2433236,0.853482,0.012903,-0.519646,0.037027
2441569,0.854557,0.010498,-0.518730,0.023280
2449902,0.856300,0.008970,-0.516309,0.009731
2458235,0.858092,0.006097,-0.513449,-0.003478
2466568,0.859463,0.003321,-0.510956,-0.015355
2474901,0.861891,0.004257,-0.506427,-0.025644
2483234,0.863813,0.003373,-0.502467,-0.036631
2491567,0.864932,-0.000101,-0.499604,-0.047843
2499900,0.866400,-0.002629,-0.495857,-0.058912
2508233,0.868637,-0.004690,-0.490551,-0.069332
2516566,0.870564,-0.007709,-0.485669,-0.078645
2524899,0.871794,-0.009091,-0.481956,-0.087239
2533232,0.873240,-0.011380,-0.477880,-0.094621
2541565,0.875746,-0.013474,-0.471569,-0.102521
2549898,0.878095,-0.014607,-0.465392,-0.110208
2558231,0.879881,-0.014623,-0.460705,-0.115529
2566564,0.882677,-0.016230,-0.453571,-0.122027
2574897,0.884795,-0.015856,-0.448058,-0.127008
2583230,0.887387,-0.014459,-0.441404,-0.132281
2591563,0.890475,-0.014851,-0.433170,-0.138554
2599896,0.892826,-0.012069,-0.426765,-0.143486
2608229,0.895678,-0.009519,-0.419034,-0.148599
2616562,0.898148,-0.005822,-0.412263,-0.152761
2624895,0.900874,-0.002512,-0.404826,-0.156642
2633228,0.902999,0.000115,-0.398548,-0.160476
2641561,0.905057,0.002907,-0.392160,-0.164542
2649894,0.907852,0.007108,-0.383611,-0.169107
2658227,0.911091,0.011817,-0.373400,-0.174200
2666560,0.913187,0.017275,-0.366381,-0.177638
2674893,0.915004,0.021062,-0.359585,-0.181720
2683226,0.916697,0.023848,-0.352285,-0.187063
2691559,0.918212,0.026654,-0.345338,-0.192140
2699892,0.919462,0.028576,-0.338869,-0.197333
2708225,0.920640,0.031277,-0.332368,-0.202424
2716558,0.921164,0.033631,-0.327539,-0.207471
2724891,0.921850,0.034885,-0.322551,-0.211984
2733224,0.922264,0.035746,-0.318337,-0.216364
2741557,0.922994,0.037537,-0.313554,-0.219903
2749890,0.923946,0.039030,-0.308218,-0.223164
2758223,0.924237,0.038598,-0.305843,-0.225292
2766556,0.925083,0.039014,-0.301993,-0.226936
2774889,0.925472,0.039083,-0.299116,-0.229136
2783222,0.925762,0.038351,-0.296686,-0.231239
2791555,0.926327,0.038305,-0.294023,-0.232381
2799888,0.927240,0.038673,-0.291212,-0.232220
2808221,0.927571,0.038119,-0.291096,-0.231133
2816554,0.928068,0.036981,-0.291459,-0.228853
2824887,0.929112,0.037264,-0.290363,-0.225946
2833220,0.929820,0.036296,-0.290793,-0.222615
2841553,0.929822,0.035959,-0.293626,-0.218910
2849886,0.931227,0.037490,-0.293179,-0.213208
2858219,0.931580,0.037314,-0.296127,-0.207548
2866552,0.932321,0.038091,-0.298158,-0.201067
2874885,0.932797,0.039292,-0.301178,-0.194006
2883218,0.933321,0.040002,-0.303707,-0.187279
2891551,0.933591,0.039881,-0.307062,-0.180360
2899884,0.934011,0.039040,-0.309750,-0.173649
2908217,0.933509,0.037981,-0.315196,-0.166644
2916550,0.932300,0.035906,-0.322469,-0.159816
2924883,0.931902,0.034884,-0.327081,-0.152838
2933216,0.930708,0.032373,-0.334045,-0.145424
2941549,0.928976,0.028665,-0.341759,-0.139224
2949882,0.927368,0.024407,-0.348634,-0.133596
2958215,0.925477,0.021464,-0.356094,-0.127393
2966548,0.923521,0.017636,-0.363075,-0.122369
2974881,0.920941,0.013830,-0.371756,-0.116075
2983214,0.917824,0.010348,-0.381682,-0.108679
2991547,0.914713,0.006767,-0.390931,-0.102115
2999880,0.911530,0.003160,-0.399832,-0.096109
3008213,0.907846,0.001294,-0.409797,-0.088767
3016546,0.904723,-0.000278,-0.417793,-0.083214
3024879,0.900025,-0.001805,-0.428728,-0.078379
3033212,0.896187,-0.004262,-0.437208,-0.075360
3041545,0.892407,-0.005734,-0.445243,-0.073045
3049878,0.888618,-0.007926,-0.453001,-0.071316
3058211,0.883582,-0.010400,-0.462827,-0.070468
3066544,0.880513,-0.011265,-0.468499,-0.071259
3074877,0.876830,-0.012459,-0.475298,-0.071453
3083210,0.872786,-0.014680,-0.482608,-0.071545
3091543,0.869373,-0.015718,-0.488470,-0.073083
3099876,0.866684,-0.017131,-0.492951,-0.074599
3108209,0.864630,-0.017705,-0.496377,-0.075571
3116542,0.862871,-0.020021,-0.499247,-0.076192
3124875,0.861333,-0.020840,-0.501964,-0.075520
3133208,0.860188,-0.019276,-0.504488,-0.072082
3141541,0.859886,-0.016727,-0.505758,-0.067273
3149874,0.859944,-0.014384,-0.506470,-0.061462
3158207,0.860520,-0.011481,-0.506423,-0.053936
3166540,0.861699,-0.007615,-0.505331,-0.045349
3174873,0.862359,-0.002666,-0.504999,-0.036133
3183206,0.862623,0.002585,-0.505228,-0.024891
3191539,0.864574,0.008597,-0.502188,-0.015682
3199872,0.865578,0.014607,-0.500529,-0.005687
3208205,0.867082,0.021745,-0.497665,0.005098
3216538,0.868276,0.028383,-0.495054,0.014567
3224871,0.869554,0.035498,-0.491990,0.023682
3233204,0.870359,0.041660,-0.489496,0.033654
3241537,0.870823,0.046333,-0.487586,0.042195
3249870,0.871439,0.052047,-0.485065,0.050961
3258203,0.871993,0.057355,-0.482644,0.058249
3266536,0.872464,0.061812,-0.480313,0.065462
3274869,0.872667,0.066329,-0.478379,0.072156
3283202,0.873189,0.072356,-0.475521,0.078653
3291535,0.872353,0.074356,-0.475555,0.085556
3299868,0.871821,0.076452,-0.474811,0.092942
3308201,0.871617,0.079031,-0.473508,0.099139
3316534,0.871722,0.081414,-0.471493,0.105669
3324867,0.871613,0.082490,-0.470194,0.111374
3333200,0.871161,0.085806,-0.469014,0.117229
3341533,0.870397,0.087971,-0.468385,0.123634
3349866,0.869261,0.089471,-0.468574,0.129685
3358199,0.868628,0.091349,-0.467987,0.134641
3366532,0.867854,0.092147,-0.468007,0.138954
3374865,0.867180,0.092239,-0.468078,0.142809
3383198,0.866018,0.091552,-0.469515,0.145559
3391531,0.864557,0.092287,-0.471292,0.148014
3399864,0.862940,0.092425,-0.473333,0.150825
3408197,0.861574,0.092349,-0.475447,0.152028
3416530,0.861046,0.092276,-0.476702,0.151132
3424863,0.859467,0.091376,-0.479764,0.150977
3433196,0.858508,0.089280,-0.482413,0.149235
3441529,0.857115,0.086446,-0.485913,0.147544
3449862,0.856048,0.085804,-0.488683,0.144944
3458195,0.855374,0.084160,-0.491040,0.141884
3466528,0.854736,0.083083,-0.493392,0.138155
3474861,0.854006,0.080351,-0.496181,0.134249
3483194,0.854427,0.080690,-0.496695,0.129375
3491527,0.853739,0.079069,-0.499112,0.125554
3499860,0.852528,0.077530,-0.502504,0.121139
3508193,0.853160,0.077204,-0.502860,0.115276
3516526,0.854614,0.077304,-0.501723,0.109236
3524859,0.854476,0.076674,-0.502816,0.105677
3533192,0.854537,0.077300,-0.503343,0.102162
3541525,0.857019,0.078637,-0.499721,0.098053
3549858,0.858435,0.080439,-0.497763,0.094086
3558191,0.858243,0.081270,-0.498395,0.091743
3566524,0.859806,0.082324,-0.496128,0.088387
3574857,0.861164,0.084508,-0.493943,0.085298
3583190,0.862577,0.085762,-0.491676,0.082831
3591523,0.863918,0.088407,-0.489247,0.080425
3599856,0.864661,0.088465,-0.488254,0.078380
3608189,0.865343,0.087833,-0.487439,0.076614
3616522,0.866673,0.086605,-0.485713,0.073895
3624855,0.867870,0.085920,-0.484132,0.070957
3633188,0.868363,0.083086,-0.484141,0.068183
3641521,0.868175,0.078855,-0.485749,0.064051
3649854,0.868896,0.075671,-0.485521,0.059684
3658187,0.872369,0.074012,-0.480295,0.053029
3666520,0.874300,0.070354,-0.477963,0.046911
3674853,0.874758,0.065737,-0.478259,0.041777
3683186,0.875023,0.058318,-0.479163,0.036555
3691519,0.875972,0.052292,-0.478503,0.031213
3699852,0.878927,0.048379,-0.473886,0.024058
3708185,0.881016,0.043271,-0.470806,0.016751
3716518,0.883591,0.038231,-0.466577,0.010563
3724851,0.886403,0.034111,-0.461632,0.004741
3733184,0.889862,0.030602,-0.455202,-0.000076
3741517,0.892719,0.028613,-0.449679,-0.004697
3749850,0.896070,0.027200,-0.443008,-0.007884
3758183,0.899985,0.027347,-0.434938,-0.010381
3766516,0.903041,0.027144,-0.428497,-0.013014
3774849,0.906506,0.029377,-0.420978,-0.012714
3783182,0.910187,0.030828,-0.412794,-0.014527
3791515,0.913665,0.034742,-0.404746,-0.013807
3799848,0.917579,0.039514,-0.395397,-0.012240
3808181,0.921088,0.045312,-0.386567,-0.010505
3816514,0.924730,0.051212,-0.377059,-0.008853
3824847,0.928915,0.057232,-0.365759,-0.007888
3833180,0.932609,0.065097,-0.354894,-0.007336
3841513,0.936311,0.073063,-0.343441,-0.005721
3849846,0.939363,0.081125,-0.333142,-0.005593
3858179,0.942436,0.088489,-0.322413,-0.005767
3866512,0.945168,0.096279,-0.312013,-0.006024
3874845,0.948180,0.101860,-0.300845,-0.008422
3883178,0.950768,0.105317,-0.291260,-0.010806
3891511,0.953149,0.112102,-0.280644,-0.013402
3899844,0.955420,0.115259,-0.271317,-0.016586
3908177,0.957474,0.116648,-0.263096,-0.020441
3916510,0.959456,0.117961,-0.254707,-0.025561
3924843,0.961029,0.119561,-0.247364,-0.030661
3933176,0.962735,0.118317,-0.240646,-0.035099
3941509,0.963587,0.119338,-0.236085,-0.039017
3949842,0.964396,0.120195,-0.231797,-0.041996
3958175,0.965152,0.121044,-0.227574,-0.045175
3966508,0.965950,0.119769,-0.224210,-0.048218
3974841,0.966263,0.120860,-0.221795,-0.050348
3983174,0.966341,0.122290,-0.220331,-0.051821
3991507,-0.966799,-0.122141,0.217822,0.054182
3999840,-0.966562,-0.125174,0.217017,0.054705
4008173,-0.966137,-0.128505,0.217268,0.053489
4016505,-0.965778,-0.130694,0.217884,0.052145
4024839,-0.965145,-0.133844,0.219338,0.049706
4033172,-0.964210,-0.138280,0.221201,0.047408
4041505,-0.963413,-0.141206,0.223814,0.042477
4049838,-0.962707,-0.142912,0.226593,0.037774
4058170,-0.961342,-0.146222,0.231262,0.030957
4066504,-0.959853,-0.147131,0.237706,0.023042
4074837,-0.958657,-0.147997,0.242465,0.016858
4083170,-0.956969,-0.148633,0.249067,0.009187
4091503,-0.955743,-0.148055,0.254228,0.001741
4099836,0.954154,0.147345,-0.260463,0.006216
4108169,0.953026,0.145307,-0.265407,0.013680
4116501,0.951651,0.143186,-0.270946,0.021131
4124835,0.949599,0.141142,-0.278339,0.029476
4133168,0.946971,0.139163,-0.286967,0.039100
4141501,0.944575,0.136133,-0.294841,0.048118
4149834,0.941444,0.133587,-0.303917,0.058926
4158166,0.938041,0.129968,-0.313738,0.068967
4166500,0.934499,0.126425,-0.322972,0.080111
4174833,0.929777,0.124156,-0.334351,0.091157
4183166,0.925758,0.121104,-0.343262,0.102358
4191499,0.921214,0.118274,-0.352925,0.113230
4199832,0.917062,0.116427,-0.360750,0.123703
4208165,0.911308,0.114842,-0.370740,0.137411
4216498,0.905487,0.112207,-0.380494,0.150755
4224831,0.899156,0.110762,-0.390019,0.164728
4233164,0.893422,0.108111,-0.398088,0.177862
4241497,0.886739,0.108453,-0.406685,0.191153
4249830,0.880112,0.110125,-0.414243,0.204151
4258163,0.873508,0.111793,-0.421606,0.216183
4266496,0.867713,0.115761,-0.426274,0.227957
4274829,0.858918,0.120413,-0.434840,0.242229
4283162,0.851526,0.126685,-0.440725,0.254196
4291495,0.844920,0.130148,-0.446618,0.264016
4299828,-0.840595,-0.135917,0.447607,-0.273083
4308161,-0.836854,-0.143052,0.447466,-0.281044
4316494,-0.833418,-0.148839,0.447656,-0.287863
4324827,-0.829433,-0.155288,0.447961,-0.295394
4333160,-0.825908,-0.162680,0.447638,-0.301714
4341493,-0.822025,-0.169287,0.447202,-0.309238
4349826,-0.818894,-0.175529,0.445418,-0.316551
4358159,-0.815484,-0.180920,0.444264,-0.323856
4366492,-0.813037,-0.186598,0.439687,-0.332908
4374825,-0.808503,-0.193780,0.437811,-0.342191
4383158,-0.804735,-0.199418,0.434185,-0.352305
4391491,-0.800812,-0.205827,0.429488,-0.363147
4399824,-0.796789,-0.209617,0.424977,-0.374943
4408157,-0.791816,-0.213421,0.421187,-0.387403
4416490,-0.786416,-0.218369,0.416914,-0.400060
4424823,-0.782358,-0.223241,0.409467,-0.412814
4433156,-0.776199,-0.228446,0.405023,-0.425774
4441489,-0.770270,-0.234547,0.400341,-0.437492
4449822,-0.764654,-0.237508,0.394315,-0.451011
4458155,-0.758665,-0.241573,0.388003,-0.464245
4466488,-0.752150,-0.245639,0.379669,-0.479357
4474821,-0.746109,-0.250137,0.372592,-0.491861
4483154,-0.741246,-0.252724,0.364689,-0.503674
4491487,-0.733422,-0.257582,0.359665,-0.516125
4499820,-0.725947,-0.262048,0.354033,-0.528198
4508153,-0.718504,-0.266590,0.346425,-0.540992
4516486,-0.711468,-0.270712,0.337864,-0.553513
4524819,-0.704913,-0.273697,0.328572,-0.565887
4533152,-0.696322,-0.278496,0.323380,-0.577062
4541485,-0.687874,-0.282940,0.319378,-0.587173
4549818,-0.678732,-0.288683,0.312992,-0.598348
4558151,-0.670651,-0.293520,0.306870,-0.608197
4566484,-0.661523,-0.296180,0.304990,-0.617775
4574817,-0.653451,-0.299671,0.300304,-0.626910
4583150,-0.644740,-0.305266,0.298239,-0.634174
4591483,-0.635560,-0.309584,0.296603,-0.642065
4599816,-0.627273,-0.313466,0.297933,-0.647691
4608149,-0.622140,-0.315287,0.296025,-0.652614
4616482,-0.614803,-0.318466,0.298258,-0.656993
4624815,-0.607695,-0.322994,0.299857,-0.660657
4633148,-0.600137,-0.327550,0.303409,-0.663694
4641481,-0.594114,-0.332159,0.307811,-0.664794
4649814,-0.590661,-0.336493,0.311427,-0.664007
4658147,-0.587633,-0.340021,0.314227,-0.663578
4666480,-0.584492,-0.344107,0.318840,-0.662043
4674813,-0.581022,-0.347897,0.324153,-0.660534
4683146,-0.578384,-0.353726,0.330671,-0.656511
4691479,-0.579825,-0.355858,0.335622,-0.651557
4699812,-0.581422,-0.357985,0.339964,-0.646699
4708145,-0.580475,-0.365157,0.346527,-0.640022
4716478,-0.581573,-0.367869,0.349796,-0.635680
4724811,-0.582859,-0.372700,0.353065,-0.629853
4733144,-0.588052,-0.375742,0.352764,-0.623354
4741477,-0.593379,-0.376701,0.356215,-0.615718
4749810,-0.597016,-0.380804,0.354072,-0.610895
4758143,-0.601401,-0.384263,0.356032,-0.603242
4766476,-0.611479,-0.382303,0.351921,-0.596732
4774809,-0.617285,-0.384893,0.347313,-0.591768
4783142,-0.619929,-0.387250,0.347660,-0.587246
4791475,-0.624444,-0.388532,0.343114,-0.584282
4799808,-0.631302,-0.387516,0.336371,-0.581502
4808141,-0.639301,-0.384692,0.329143,-0.578767
4816474,-0.643237,-0.384396,0.323410,-0.577834
4824807,-0.645398,-0.384282,0.319631,-0.577603
4833140,-0.646565,-0.386928,0.312204,-0.578592
4841473,-0.649820,-0.387135,0.303727,-0.579319
4849806,-0.650285,-0.387822,0.296990,-0.581825
4858139,-0.654976,-0.384575,0.290506,-0.581993
4866472,-0.654141,-0.386414,0.285046,-0.584409
4874805,-0.652004,-0.388982,0.278365,-0.588300
4883138,-0.656198,-0.386952,0.270386,-0.588696
4891471,-0.653436,-0.391654,0.262202,-0.592350
4899804,-0.655765,-0.390146,0.254711,-0.594037
4908137,-0.655589,-0.392321,0.245019,-0.596869
4916470,-0.655581,-0.393594,0.238042,-0.598860
4924803,-0.656035,-0.395621,0.226469,-0.601509
4933136,-0.654186,-0.398354,0.219586,-0.604265
4941469,-0.652906,-0.399945,0.213626,-0.606731
4949802,-0.654719,-0.400167,0.205692,-0.607371
4958135,-0.657724,-0.399185,0.198804,-0.607064
4966468,-0.658186,-0.398497,0.190855,-0.609562
4974801,-0.657020,-0.399754,0.184978,-0.611804
4983134,-0.658012,-0.399410,0.179963,-0.612458
4991467,-0.656120,-0.403743,0.170865,-0.614251
4999800,-0.659347,-0.399916,0.164913,-0.614924
5008133,-0.656413,-0.402624,0.165728,-0.616077
5016466,-0.655815,-0.403124,0.156186,-0.618873
5024799,-0.653619,-0.403193,0.154863,-0.621478
5033132,-0.653230,-0.402788,0.146645,-0.624137
5041465,-0.652922,-0.400088,0.142386,-0.627175
5049798,-0.651684,-0.399049,0.138009,-0.630097
5058131,-0.646052,-0.402214,0.137933,-0.633889
5066464,-0.642946,-0.401541,0.136063,-0.637865
5074797,-0.640939,-0.400045,0.131344,-0.641803
5083130,-0.633411,-0.401645,0.129600,-0.648595
5091463,-0.627473,-0.404058,0.128778,-0.653017
5099796,-0.620497,-0.405524,0.125044,-0.659468
5108129,-0.612876,-0.407148,0.124447,-0.665677
5116462,-0.602571,-0.415443,0.123830,-0.670061
5124795,-0.594384,-0.418498,0.122255,-0.675737
5133128,-0.587164,-0.420032,0.120315,-0.681422
5141461,-0.573420,-0.421151,0.118411,-0.692677
5149794,-0.562318,-0.421323,0.116685,-0.701905
5158127,-0.551394,-0.420109,0.111029,-0.712142
5166460,-0.533718,-0.426966,0.113194,-0.721132
5174793,-0.525784,-0.427780,0.111894,-0.726660
5183126,-0.512791,-0.426283,0.109003,-0.737188
5191459,-0.499519,-0.426676,0.108575,-0.746083
5199792,-0.481136,-0.428248,0.107281,-0.757365
5208125,-0.466720,-0.428163,0.106041,-0.766554
5216458,-0.452907,-0.430726,0.109761,-0.772854
5224791,-0.439496,-0.430857,0.109308,-0.780549
5233124,-0.432495,-0.433158,0.116537,-0.782139
5241457,-0.418421,-0.434757,0.121294,-0.788161
5249790,-0.402397,-0.435239,0.122595,-0.795999
5258123,-0.387205,-0.435641,0.123450,-0.803150
5266456,-0.369538,-0.437124,0.124720,-0.810438
5274789,-0.350742,-0.437861,0.125132,-0.818291
5283122,-0.333202,-0.437740,0.125979,-0.825523
5291455,-0.313225,-0.437070,0.123557,-0.834022
5299788,-0.288862,-0.438451,0.124141,-0.841967
5308121,-0.266759,-0.438562,0.122508,-0.849408
5316454,-0.244863,-0.437750,0.117937,-0.857034
5324787,-0.220401,-0.436947,0.113081,-0.864704
5333120,-0.195575,-0.434586,0.109104,-0.872342
5341453,-0.170072,-0.431847,0.102278,-0.879843
5349786,-0.145816,-0.429802,0.092351,-0.886272
5358119,-0.120332,-0.426306,0.084758,-0.892524
5366452,-0.098139,-0.424056,0.075434,-0.897137
5374785,-0.076484,-0.421404,0.067549,-0.901114
5383118,-0.054930,-0.417033,0.057253,-0.905421
5391451,-0.036693,-0.415137,0.050344,-0.907623
5399784,-0.018215,-0.413588,0.043581,-0.909238
5408117,-0.006009,-0.411275,0.034265,-0.910847
5416450,0.001397,-0.410403,0.029071,-0.911440
5424783,0.010210,-0.409019,0.024571,-0.912138
5433116,0.014972,-0.411151,0.019487,-0.911236
5441449,0.016512,-0.410246,0.014204,-0.911715
5449782,0.020461,-0.412068,0.010984,-0.910857
5458115,0.019165,-0.413171,0.009250,-0.910405
5466448,0.016122,-0.414977,0.008518,-0.909649
5474781,0.015662,-0.415675,0.006794,-0.909353
5483114,0.010334,-0.418270,0.008621,-0.908223
5491447,0.010107,-0.420587,0.007063,-0.907168
5499780,0.012541,-0.425791,0.008289,-0.904696
5508113,0.015856,-0.427391,0.003192,-0.903922
5516446,0.014808,-0.429181,0.004755,-0.903085
5524779,0.016088,-0.431628,0.005006,-0.901895
5533112,0.016879,-0.434986,0.004222,-0.900269
5541445,0.019993,-0.436474,0.000075,-0.899495
5549778,0.024542,-0.438889,-0.000419,-0.898206
5558111,0.030943,-0.444611,-0.000129,-0.895189
5566444,0.037576,-0.447237,-0.004025,-0.893617
5574777,0.046427,-0.450600,-0.005930,-0.891498
5583110,0.054658,-0.451449,-0.012094,-0.890539
5591443,0.064241,-0.456517,-0.013600,-0.887288
5599776,0.071622,-0.459544,-0.017068,-0.885098
5608109,0.080073,-0.464053,-0.019078,-0.881975
5616442,0.088169,-0.467871,-0.022080,-0.879111
5624775,0.100717,-0.469636,-0.028369,-0.876637
5633108,0.108235,-0.473395,-0.030551,-0.873641
5641441,0.114619,-0.477231,-0.034686,-0.870580
5649774,0.122422,-0.481329,-0.038703,-0.867085
5658107,0.131332,-0.486646,-0.041075,-0.862694
5666440,0.135542,-0.488177,-0.046011,-0.860927
5674773,0.144099,-0.495394,-0.049406,-0.855207
5683106,0.151972,-0.499030,-0.054620,-0.851405
5691439,0.158201,-0.504160,-0.054910,-0.847219
5699772,0.165263,-0.509107,-0.060607,-0.842511
5708105,0.172568,-0.515920,-0.064293,-0.836608
5716438,0.178461,-0.517445,-0.069245,-0.834031
5724771,0.185311,-0.525111,-0.070111,-0.827649
5733104,0.191208,-0.528118,-0.072216,-0.824206
5741437,0.194587,-0.532679,-0.075254,-0.820199
5749770,0.197895,-0.535359,-0.077307,-0.817467
5758103,0.204331,-0.541459,-0.077120,-0.811864
5766436,0.205370,-0.545656,-0.075753,-0.808916
5774769,0.206172,-0.547845,-0.078046,-0.807011
5783102,0.215253,-0.550457,-0.079499,-0.802710
5791435,0.232718,-0.531533,-0.092000,-0.809228
5799768,0.235588,-0.532470,-0.096600,-0.807244
5808101,0.235162,-0.537420,-0.097102,-0.804021
5816434,0.239448,-0.541244,-0.097451,-0.800139
5824767,0.257702,-0.532712,-0.108720,-0.798742
5833100,0.256117,-0.534409,-0.111321,-0.797759
5841433,0.259757,-0.535356,-0.115729,-0.795315
5849766,0.257218,-0.535752,-0.118513,-0.795464
5858099,0.259212,-0.535011,-0.121071,-0.794931
5866432,0.252121,-0.544278,-0.120333,-0.791023
5874765,0.246330,-0.548481,-0.121279,-0.789798
5883098,0.244240,-0.548353,-0.122201,-0.790394
5891431,0.242957,-0.549811,-0.122333,-0.789756
5899764,0.240439,-0.548716,-0.121153,-0.791468
5908097,0.229988,-0.554900,-0.122065,-0.790121
5916430,0.233385,-0.551712,-0.121409,-0.791458
5924763,0.223563,-0.559454,-0.118395,-0.789312
5933096,0.233980,-0.549596,-0.126881,-0.791896
5941429,0.229298,-0.557955,-0.123856,-0.787888
5949762,0.236945,-0.549933,-0.128703,-0.790485
5958095,0.229378,-0.555598,-0.122286,-0.789774
5966428,0.216990,-0.571674,-0.110103,-0.783569
5974761,0.225521,-0.560743,-0.115854,-0.788217
5983094,0.227887,-0.555116,-0.117843,-0.791219
5991427,0.217377,-0.567591,-0.106574,-0.786911
5999760,0.214755,-0.563878,-0.104717,-0.790542
6008093,0.218051,-0.557390,-0.104155,-0.794306
6016426,0.210365,-0.560057,-0.100001,-0.795036
6024759,0.204677,-0.562218,-0.096850,-0.795386
6033092,0.202090,-0.553812,-0.096165,-0.802000
6041425,0.191828,-0.555851,-0.087246,-0.804127
6049758,0.195848,-0.544388,-0.094534,-0.810153
6058091,0.189228,-0.540162,-0.090392,-0.815013
6066424,0.181012,-0.542431,-0.084494,-0.816005
6074757,0.162875,-0.547643,-0.076121,-0.817169
6083090,0.152388,-0.549042,-0.068530,-0.818923
6091423,0.141974,-0.544028,-0.063782,-0.824505
6099756,0.133921,-0.535506,-0.062237,-0.831519
6108089,0.120678,-0.531720,-0.055175,-0.836461
6116422,0.109505,-0.528006,-0.048379,-0.840760
6124755,0.098936,-0.522872,-0.042031,-0.845606
6133088,0.087502,-0.515751,-0.035837,-0.851504
6141421,0.073999,-0.510116,-0.028516,-0.856442
6149754,0.061310,-0.502956,-0.021330,-0.861871
6158087,0.050151,-0.498740,-0.010450,-0.865237
6166420,0.039781,-0.488958,-0.003777,-0.871391
6174753,0.031627,-0.482499,0.003668,-0.875318
6183086,0.018149,-0.478019,0.014253,-0.878046
6191419,0.007834,-0.473556,0.026898,-0.880318
6199752,-0.000110,-0.468894,0.036749,-0.882489
6208085,-0.010814,-0.463808,0.046999,-0.884622
6216418,-0.019739,-0.458144,0.055623,-0.886917
6224751,-0.024148,-0.449061,0.061576,-0.891050
6233084,-0.027037,-0.439561,0.064203,-0.895507
6241417,-0.027986,-0.435228,0.074492,-0.896797
6249750,-0.027942,-0.430328,0.081482,-0.898553
6258083,-0.029096,-0.421461,0.079447,-0.902891
6266416,-0.026975,-0.411711,0.080026,-0.907393
6274749,-0.024153,-0.400647,0.077348,-0.912642
6283082,-0.019273,-0.388877,0.073268,-0.918170
6291415,-0.012021,-0.381270,0.071117,-0.921646
6299748,-0.008899,-0.369233,0.067515,-0.926838
6308081,-0.005697,-0.358376,0.060545,-0.931595
6316414,0.001776,-0.351247,0.051930,-0.934840
6324747,0.006862,-0.340825,0.042879,-0.939123
6333080,0.011944,-0.329523,0.033098,-0.943491
6341413,0.016726,-0.317780,0.023416,-0.947728
6349746,0.020433,-0.307850,0.014958,-0.951098
6358079,0.021189,-0.295067,0.003472,-0.955235
6366412,0.021356,-0.285368,-0.005624,-0.958163
6374745,0.023778,-0.275654,-0.014965,-0.960846
6383078,0.025009,-0.267209,-0.022076,-0.963061
6391411,0.028739,-0.257495,-0.032819,-0.965294
6399744,0.029885,-0.249343,-0.042254,-0.967031
6408077,0.025552,-0.241916,-0.049484,-0.968698
6416410,0.024078,-0.235715,-0.055962,-0.969911
6424743,0.019668,-0.230775,-0.061168,-0.970883
6433076,0.013497,-0.224267,-0.066845,-0.972139
6441409,0.010014,-0.220193,-0.070320,-0.972867
6449742,0.005493,-0.216709,-0.072130,-0.973552
6458075,-0.000830,-0.214844,-0.072715,-0.973937
6466408,-0.007752,-0.213373,-0.072921,-0.974215
6474741,-0.015247,-0.211825,-0.074187,-0.974368
6483074,-0.023285,-0.212402,-0.073073,-0.974168
6491407,-0.029713,-0.213431,-0.071946,-0.973852
6499740,-0.035400,-0.214487,-0.071191,-0.973486
6508073,-0.043392,-0.217132,-0.069111,-0.972725
6516406,-0.051097,-0.220413,-0.066585,-0.971789
6524739,-0.059448,-0.225698,-0.064302,-0.970253
6533072,-0.064215,-0.227094,-0.064853,-0.969587
6541405,-0.073844,-0.233446,-0.060111,-0.967697
6549738,-0.082012,-0.240068,-0.056803,-0.965616
6558071,-0.089392,-0.247566,-0.052962,-0.963284
6566404,-0.095641,-0.254821,-0.047732,-0.961062
6574737,-0.103016,-0.263970,-0.046880,-0.957867
6583070,-0.111326,-0.271451,-0.045075,-0.954929
6591403,-0.120321,-0.280817,-0.040927,-0.951309
6599736,-0.128565,-0.291767,-0.036647,-0.947101
6608069,-0.137011,-0.301170,-0.034651,-0.943040
6616402,-0.141011,-0.317713,-0.029417,-0.937181
6624735,-0.146146,-0.327243,-0.027378,-0.933169
6633068,-0.150740,-0.337075,-0.025210,-0.928990
6641401,-0.157666,-0.345596,-0.022663,-0.924766
6649734,-0.162134,-0.354231,-0.021487,-0.920745
6658067,-0.162195,-0.365553,-0.017466,-0.916384
6666400,-0.164879,-0.373130,-0.017131,-0.912850
6674733,-0.164240,-0.380127,-0.018862,-0.910040
6683066,-0.164046,-0.389431,-0.019312,-0.906123
6691399,-0.163896,-0.398456,-0.016443,-0.902275
6699732,-0.162418,-0.408803,-0.010692,-0.897990
6708065,-0.159986,-0.416060,-0.011885,-0.895074
6716398,-0.158524,-0.423172,-0.013161,-0.891977
6724731,-0.151777,-0.436081,-0.007261,-0.886986
6733064,-0.147000,-0.446078,-0.006795,-0.882814
6741397,-0.141064,-0.455802,-0.003203,-0.878826
6749730,-0.135767,-0.464046,-0.002503,-0.875341
6758063,-0.129601,-0.471869,-0.001786,-0.872089
6766396,-0.125302,-0.483163,0.000863,-0.866517
6774729,-0.118288,-0.489544,0.003955,-0.863909
6783062,-0.114664,-0.491863,0.001406,-0.863088
6791395,-0.108466,-0.497925,0.003432,-0.860404
6799728,-0.102971,-0.504265,0.008678,-0.857344
6808061,-0.099415,-0.507028,0.008921,-0.856131
6816394,-0.089766,-0.512616,0.012964,-0.853814
6824727,-0.079425,-0.516635,0.015612,-0.852371
6833060,-0.072351,-0.516166,0.014408,-0.853305
6841393,-0.060729,-0.514416,0.013072,-0.855288
6849726,-0.046746,-0.504069,-0.002510,-0.862394
6858059,-0.038423,-0.509181,0.002807,-0.859797
6866392,-0.031987,-0.510442,0.003486,-0.859310
6874725,-0.020877,-0.509536,0.001652,-0.860194
6883058,-0.004546,-0.509211,0.003088,-0.860624
6891391,0.008210,-0.507794,0.003494,-0.861432
6899724,0.016906,-0.508134,-0.000314,-0.861112
6908057,0.032823,-0.504891,-0.003744,-0.862551
6916390,0.044266,-0.503862,-0.006679,-0.862623
6924723,0.055322,-0.505572,-0.005590,-0.860991
6933056,0.066092,-0.501393,-0.009408,-0.862640
6941389,0.074491,-0.497673,-0.013650,-0.864052
6949722,0.086330,-0.498086,-0.013165,-0.862719
6958055,0.096628,-0.494511,-0.017495,-0.863606
6966388,0.105418,-0.490925,-0.020641,-0.864554
6974721,0.114992,-0.488704,-0.021797,-0.864563
6983054,0.121323,-0.484177,-0.025558,-0.866141
6991387,0.129810,-0.483982,-0.025838,-0.865010
6999720,0.136145,-0.479909,-0.030101,-0.866167
7008053,0.142336,-0.478142,-0.032312,-0.866070
7016386,0.148470,-0.475419,-0.034083,-0.866471
7024719,0.156137,-0.470728,-0.037819,-0.867529
7033052,0.153857,-0.469363,-0.040561,-0.868551
7041385,0.158676,-0.469427,-0.041330,-0.867613
7049718,0.161270,-0.465489,-0.046762,-0.868980
7058051,0.166313,-0.464969,-0.048130,-0.868232
7066384,0.169635,-0.462394,-0.052190,-0.868730
7074717,0.171226,-0.457382,-0.057421,-0.870739
7083050,0.177834,-0.457749,-0.061418,-0.868947
7091383,0.178669,-0.457437,-0.063542,-0.868787
7099716,0.182301,-0.456383,-0.067961,-0.868252
7108049,0.176971,-0.452136,-0.074055,-0.871074
7116382,0.181205,-0.453853,-0.075397,-0.869194
7124715,0.182432,-0.451442,-0.079803,-0.869799
7133048,0.179569,-0.451167,-0.084157,-0.870127
7141381,0.186042,-0.447171,-0.091504,-0.870088
7149714,0.179911,-0.448304,-0.094667,-0.870456
7158047,0.180916,-0.449537,-0.097503,-0.869298
7166380,0.179042,-0.453034,-0.098521,-0.867755
7174713,0.180833,-0.452582,-0.101693,-0.867253
7183046,0.181278,-0.452226,-0.104344,-0.867031
7191379,0.180253,-0.452749,-0.106220,-0.866744
7199712,0.175301,-0.453299,-0.108461,-0.867194
7208045,0.175356,-0.453103,-0.110704,-0.867002
7216378,0.169631,-0.458320,-0.110365,-0.865441
7224711,0.166335,-0.463746,-0.110499,-0.863170
7233044,0.160600,-0.462783,-0.108755,-0.864992
7241377,0.158680,-0.463973,-0.106294,-0.865015
7249710,0.148645,-0.464773,-0.104227,-0.866619
7258043,0.145979,-0.465935,-0.100876,-0.866844
7266376,0.143687,-0.466936,-0.100080,-0.866780
7274709,0.137358,-0.469052,-0.097239,-0.866988
7283042,0.131445,-0.469667,-0.094757,-0.867846
7291375,0.126804,-0.470642,-0.092827,-0.868216
7299708,0.125367,-0.469786,-0.090969,-0.869085
7308041,0.119449,-0.468574,-0.089023,-0.870773
7316374,0.122950,-0.466151,-0.087050,-0.871785
7324707,0.125696,-0.459648,-0.088585,-0.874687
7333040,0.131534,-0.451388,-0.092815,-0.877686
7341373,0.140890,-0.443000,-0.097136,-0.880037
7349706,0.151458,-0.431915,-0.102510,-0.883177
7358039,0.158568,-0.430783,-0.099940,-0.882777
7366372,0.158762,-0.430704,-0.098422,-0.882951
7374705,0.155792,-0.433005,-0.093277,-0.882913
7383038,0.151913,-0.431374,-0.091760,-0.884545
7391371,0.145141,-0.435310,-0.085205,-0.884409
7399704,0.137127,-0.436289,-0.082086,-0.885500
7408037,0.127876,-0.442240,-0.076049,-0.884470
7416370,0.117600,-0.445948,-0.070756,-0.884474
7424703,0.102010,-0.447067,-0.066371,-0.886183
7433036,0.086192,-0.452464,-0.057926,-0.885715
7441369,0.070357,-0.456698,-0.052807,-0.885262
7449702,0.060037,-0.459984,-0.043871,-0.884808
7458035,0.045512,-0.461515,-0.032666,-0.885362
7466368,0.031480,-0.465783,-0.021483,-0.884078
7474701,0.020215,-0.465835,-0.009579,-0.884589
7483034,0.011916,-0.468679,0.008299,-0.883249
7491367,0.000494,-0.471475,0.023415,-0.881568
7499700,-0.005811,-0.473332,0.033295,-0.880235
7508033,-0.009200,-0.475750,0.044800,-0.878391
7516366,-0.015917,-0.475595,0.056666,-0.877693
7524699,-0.014308,-0.475209,0.063245,-0.877481
7533032,-0.020496,-0.476598,0.073425,-0.875810
7541365,-0.010878,-0.474301,0.076964,-0.876925
7549698,-0.002682,-0.469664,0.077863,-0.879401
7558031,0.004489,-0.463069,0.073972,-0.883218
7566364,0.013744,-0.456537,0.066839,-0.887084
7574697,0.026499,-0.443523,0.053511,-0.894272
7583030,0.040103,-0.438373,0.046314,-0.896703
7591363,0.049279,-0.428368,0.031464,-0.901711
7599696,0.063305,-0.415646,0.015344,-0.907191
7608029,0.077353,-0.404332,-0.003916,-0.911327
7616362,0.088550,-0.397743,-0.016235,-0.913069
7624695,0.097204,-0.386451,-0.034156,-0.916537
7633028,0.106041,-0.374259,-0.052797,-0.919727
7641361,0.116249,-0.364588,-0.069085,-0.921297
7649694,0.123758,-0.357591,-0.081799,-0.922020
7658027,0.127350,-0.352807,-0.093455,-0.922266
7666360,0.130972,-0.344451,-0.105556,-0.923611
7674693,0.131082,-0.336706,-0.113957,-0.925451
7683026,0.129676,-0.339812,-0.114646,-0.924428
7691359,0.126162,-0.337479,-0.118007,-0.925346
7699692,0.122913,-0.337349,-0.117407,-0.925907
7708025,0.116790,-0.337284,-0.114833,-0.927045
7716358,0.109769,-0.337199,-0.112111,-0.928267
7724691,0.105015,-0.340138,-0.108465,-0.928178
7733024,0.094846,-0.341814,-0.103607,-0.929211
7741357,0.083092,-0.344185,-0.097857,-0.930084
7749690,0.077404,-0.343283,-0.095243,-0.931179
7758023,0.066829,-0.345577,-0.088927,-0.931774
7766356,0.058429,-0.348544,-0.083131,-0.931769
7774689,0.049928,-0.353249,-0.077677,-0.930961
7783022,0.042453,-0.358350,-0.070156,-0.929979
7791355,0.030722,-0.367571,-0.058130,-0.927668
7799688,0.021837,-0.373012,-0.052211,-0.926099
7808021,0.014172,-0.375793,-0.048801,-0.925309
7816354,0.004301,-0.380197,-0.043544,-0.923870
7824687,-0.003239,-0.386838,-0.035092,-0.921474
7833020,-0.009429,-0.394085,-0.029161,-0.918563
7841353,-0.016820,-0.398886,-0.026051,-0.916476
7849686,-0.021151,-0.403992,-0.022691,-0.914237
7858019,-0.025437,-0.407123,-0.020710,-0.912784
7866352,-0.030458,-0.415772,-0.014083,-0.908850
7874685,-0.033073,-0.419185,-0.014336,-0.907185
7883018,-0.039224,-0.424942,-0.011246,-0.904301
7891351,-0.044118,-0.427006,-0.012866,-0.903080
7899684,-0.045047,-0.429185,-0.015823,-0.901954
7908017,-0.044788,-0.431602,-0.018412,-0.900763
7916350,-0.044738,-0.433621,-0.019997,-0.899762
7924683,-0.048165,-0.436166,-0.021089,-0.898329
7933016,-0.047822,-0.436015,-0.021864,-0.898402
7941349,-0.048065,-0.434714,-0.025568,-0.898921
7949682,-0.045632,-0.436897,-0.027972,-0.897918
7958015,-0.043774,-0.440358,-0.029354,-0.896274
7966348,-0.041340,-0.440616,-0.030965,-0.896209
7974681,-0.043080,-0.443033,-0.033228,-0.894853
7983014,-0.037795,-0.446456,-0.033917,-0.893363
7991347,-0.036923,-0.451549,-0.035597,-0.890771
7999680,-0.033560,-0.455800,-0.035037,-0.888759
8008013,-0.028022,-0.456462,-0.039377,-0.888429
8016346,-0.024129,-0.463790,-0.037666,-0.884815
8024679,-0.023002,-0.468820,-0.037034,-0.882217
8033011,-0.025264,-0.472257,-0.039136,-0.880229
8041345,-0.022304,-0.477764,-0.036155,-0.877460
8049678,-0.020543,-0.479416,-0.037321,-0.876553
8058011,-0.017608,-0.479965,-0.040255,-0.876186
8066344,-0.021155,-0.481066,-0.039474,-0.875540
8074676,-0.012858,-0.482552,-0.041964,-0.874767
8083010,-0.007968,-0.483202,-0.043467,-0.874393
8091343,-0.005389,-0.483101,-0.045050,-0.874388
8099676,0.001236,-0.480904,-0.048908,-0.875407
8108009,0.005914,-0.481006,-0.051683,-0.875172
8116341,0.014887,-0.478745,-0.060940,-0.875710
8124675,0.026953,-0.480043,-0.065326,-0.874394
8133008,0.031571,-0.481093,-0.066554,-0.873569
8141341,0.048607,-0.478138,-0.076412,-0.873603
8149674,0.059472,-0.478358,-0.082875,-0.872220
8158007,0.075704,-0.475366,-0.090522,-0.871838
8166340,0.084430,-0.473481,-0.094343,-0.871657
8174673,0.095449,-0.469881,-0.101896,-0.871618
8183006,0.108193,-0.467216,-0.109914,-0.870587
8191338,0.120197,-0.462259,-0.117273,-0.870699
8199672,0.128431,-0.463704,-0.120689,-0.868285
8208005,0.142689,-0.466689,-0.122618,-0.864179
8216338,0.151367,-0.464842,-0.129349,-0.862716
8224671,0.158974,-0.465222,-0.133277,-0.860542
8233003,0.167354,-0.466300,-0.134314,-0.858206
8241337,0.180000,-0.464527,-0.138216,-0.855985
8249670,0.189718,-0.467611,-0.139206,-0.852038
8258003,0.198493,-0.467048,-0.141435,-0.849978
8266336,0.193129,-0.472212,-0.138205,-0.848891
8274668,0.204098,-0.473124,-0.138358,-0.845786
8283002,0.213310,-0.468433,-0.142872,-0.845374
8291335,0.216065,-0.470968,-0.140780,-0.843615
8299668,0.225678,-0.473712,-0.138211,-0.839978
8308001,0.230410,-0.475391,-0.136076,-0.838092
8316333,0.231586,-0.479644,-0.131766,-0.836031
8324667,0.236346,-0.486893,-0.126308,-0.831338
8333000,0.238388,-0.490341,-0.123073,-0.829211
8341333,0.242570,-0.495375,-0.117772,-0.825768
8349666,0.244602,-0.498244,-0.115015,-0.823829
8357998,0.245962,-0.504908,-0.111356,-0.819860
8366332,0.244098,-0.509788,-0.107394,-0.817924
8374665,0.243043,-0.513732,-0.104202,-0.816181
8382998,0.237099,-0.521222,-0.100114,-0.813688
8391331,0.234402,-0.525900,-0.097500,-0.811775
8399664,0.238615,-0.526992,-0.096889,-0.809911
8407997,0.236258,-0.532357,-0.094038,-0.807425
8416330,0.223669,-0.543161,-0.089450,-0.804330
8424663,0.221230,-0.545650,-0.088883,-0.803382
8432996,0.217706,-0.548489,-0.089234,-0.802372
8441329,0.216599,-0.549801,-0.090172,-0.801669
8449662,0.216208,-0.554506,-0.088279,-0.798739
8457995,0.207034,-0.560642,-0.086553,-0.797074
8466328,0.208773,-0.560800,-0.087571,-0.796398
8474661,0.200729,-0.563958,-0.087013,-0.796296
8482994,0.189092,-0.571004,-0.084260,-0.794417
8491327,0.196933,-0.566596,-0.085443,-0.795541
8499660,0.196801,-0.562463,-0.088450,-0.798174
8507993,0.189874,-0.566840,-0.083556,-0.797283
8516326,0.186603,-0.567311,-0.081308,-0.797952
8524659,0.189550,-0.565608,-0.080977,-0.798499
8532992,0.187800,-0.566108,-0.079813,-0.798676
8541325,0.181783,-0.568001,-0.078482,-0.798856
8549658,0.179305,-0.568533,-0.078090,-0.799076
8557991,0.175616,-0.569006,-0.077563,-0.799610
8566324,0.174479,-0.569031,-0.075597,-0.800029
8574657,0.171389,-0.567522,-0.075546,-0.801771
8582990,0.169871,-0.566028,-0.074062,-0.803287
8591323,0.168169,-0.564452,-0.072632,-0.804884
8599656,0.163837,-0.565224,-0.066391,-0.805774
8607989,0.154922,-0.566283,-0.060730,-0.807239
8616322,0.141318,-0.568762,-0.053764,-0.808485
8624655,0.137091,-0.566391,-0.048496,-0.811207
8632988,0.121020,-0.569192,-0.040335,-0.812249
8641321,0.113081,-0.565629,-0.036951,-0.816034
8649654,0.108956,-0.560844,-0.033918,-0.820020
8657987,0.100801,-0.555981,-0.029497,-0.824533
8666320,0.089203,-0.550310,-0.027618,-0.829722
8674653,0.079055,-0.546032,-0.023711,-0.833689
8682986,0.076424,-0.540358,-0.023331,-0.837633
8691319,0.068690,-0.534087,-0.023158,-0.842316
8699652,0.063289,-0.526195,-0.024117,-0.847663
8707985,0.050723,-0.520444,-0.024853,-0.852026
8716318,0.046995,-0.510196,-0.028337,-0.858306
8724651,0.036718,-0.503470,-0.028488,-0.862762
8732984,0.029084,-0.493432,-0.031677,-0.868721
8741317,0.023083,-0.482717,-0.034852,-0.874778
8749650,0.018012,-0.471922,-0.036423,-0.880703
8757983,0.013790,-0.462936,-0.038562,-0.885445
8766316,0.010595,-0.450628,-0.041355,-0.891690
8774649,0.002393,-0.439989,-0.045833,-0.896830
8782982,-0.005185,-0.431831,-0.046367,-0.900747
8791315,-0.008562,-0.421619,-0.049470,-0.905382
8799648,-0.016344,-0.410875,-0.052597,-0.910027
8807981,-0.019584,-0.403088,-0.053441,-0.913390
8816314,-0.024003,-0.393360,-0.057490,-0.917271
8824647,-0.030413,-0.384249,-0.059908,-0.920782
8832980,-0.034505,-0.377150,-0.058544,-0.923656
8841313,-0.037791,-0.369134,-0.059156,-0.926721
8849646,-0.042228,-0.361893,-0.058967,-0.929394
8857979,-0.041698,-0.355521,-0.059212,-0.931858
8866312,-0.042743,-0.349473,-0.061310,-0.933961
8874645,-0.042795,-0.343244,-0.062603,-0.936180
8882978,-0.043994,-0.336711,-0.064041,-0.938397
8891311,-0.042907,-0.329380,-0.068137,-0.940758
8899644,-0.041782,-0.322220,-0.072361,-0.942970
8907977,-0.041365,-0.315361,-0.076043,-0.945015
8916310,-0.040266,-0.310479,-0.079409,-0.946401
8924643,-0.041795,-0.304579,-0.082171,-0.948015
8932976,-0.040679,-0.298756,-0.086603,-0.949521
8941309,-0.041309,-0.291761,-0.090807,-0.951275
8949642,-0.043379,-0.285345,-0.093838,-0.952833
8957975,-0.044548,-0.284535,-0.092960,-0.953107
8966308,-0.047712,-0.278886,-0.096157,-0.954306
8974641,-0.047872,-0.275287,-0.098427,-0.955111
8982974,-0.051286,-0.271973,-0.101122,-0.955602
8991307,-0.054805,-0.268823,-0.100341,-0.956380
8999640,-0.058688,-0.266867,-0.101453,-0.956580
9007973,-0.061327,-0.266632,-0.100674,-0.956562
9016306,-0.065349,-0.265668,-0.099818,-0.956654
9024639,-0.068904,-0.264189,-0.099495,-0.956848
9032972,-0.071971,-0.261379,-0.100139,-0.957326
9041305,-0.074760,-0.261120,-0.099805,-0.957218
9049638,-0.077522,-0.260727,-0.097771,-0.957315
9057971,-0.078747,-0.260264,-0.097767,-0.957342
9066304,-0.081221,-0.261016,-0.097784,-0.956928
9074637,-0.082428,-0.262816,-0.095548,-0.956558
9082970,-0.085288,-0.264391,-0.093921,-0.956035
9091303,-0.088190,-0.265143,-0.093912,-0.955564
9099636,-0.090388,-0.269174,-0.090839,-0.954528
9107969,-0.092010,-0.270207,-0.089469,-0.954210
9116302,-0.091895,-0.270928,-0.089559,-0.954009
9124635,-0.092826,-0.276850,-0.086011,-0.952544
9132968,-0.092399,-0.282696,-0.084032,-0.951044
9141301,-0.090138,-0.288716,-0.082550,-0.949581
9149634,-0.085814,-0.293024,-0.082380,-0.948676
9157967,-0.079747,-0.301263,-0.081563,-0.946694
9166300,-0.072362,-0.310558,-0.081708,-0.944268
9174633,-0.067117,-0.317705,-0.077291,-0.942648
9182966,-0.058168,-0.325006,-0.076775,-0.940794
9191299,-0.051137,-0.332059,-0.076404,-0.938768
9199632,-0.038634,-0.340759,-0.073620,-0.936467
9207965,-0.029969,-0.346809,-0.072711,-0.934633
9216298,-0.020645,-0.354606,-0.069068,-0.932233
9224631,-0.011705,-0.363805,-0.067095,-0.928982
9232964,-0.001407,-0.372060,-0.063869,-0.926008
9241297,0.009183,-0.382580,-0.058558,-0.922019
9249630,0.018948,-0.394253,-0.050986,-0.917391
9257963,0.028623,-0.407963,-0.044480,-0.911465
9266296,0.035648,-0.421361,-0.041292,-0.905251
9274629,0.044153,-0.432943,-0.040644,-0.899422
9282962,0.050758,-0.447130,-0.036181,-0.892294
9291295,0.056514,-0.460729,-0.032037,-0.885160
9299628,0.058797,-0.473378,-0.033044,-0.878274
9307961,0.058478,-0.486459,-0.031827,-0.871163
9316294,0.055439,-0.501927,-0.026728,-0.862717
9324627,0.053037,-0.514085,-0.027296,-0.855662
9332960,0.050248,-0.528024,-0.025120,-0.847369
9341293,0.045307,-0.536643,-0.025716,-0.842200
9349626,0.040933,-0.546287,-0.024477,-0.836239
9357959,0.037979,-0.555608,-0.024658,-0.830210
9366292,0.035321,-0.563565,-0.024432,-0.824955
9374625,0.034288,-0.570824,-0.024573,-0.819988
9382958,0.027384,-0.579081,-0.022924,-0.814488
9391291,0.032711,-0.581070,-0.027224,-0.812740
9399624,0.031166,-0.584297,-0.028632,-0.810436
9407957,0.041077,-0.585214,-0.031999,-0.809205
9416290,0.040586,-0.590860,-0.031244,-0.805147
9424623,0.043910,-0.593867,-0.034033,-0.802643
9432956,0.054069,-0.593422,-0.038486,-0.802150
9441289,0.062031,-0.596955,-0.041587,-0.798792
9449622,0.068568,-0.597493,-0.045591,-0.797635
9457955,0.074662,-0.597629,-0.051132,-0.796649
9466288,0.081634,-0.597262,-0.054910,-0.795989
9474621,0.083925,-0.597922,-0.059328,-0.794938
9482954,0.093672,-0.595063,-0.065755,-0.795489
9491287,0.104836,-0.592808,-0.072670,-0.795178
9499620,0.113916,-0.590368,-0.079241,-0.795117
9507953,0.126171,-0.585377,-0.084348,-0.796429
9516286,0.136293,-0.581210,-0.090049,-0.797189
9524619,0.147619,-0.577196,-0.093185,-0.797728
9532952,0.160027,-0.568213,-0.100792,-0.800854
9541285,0.164304,-0.567515,-0.102819,-0.800225
9549618,0.165731,-0.569229,-0.101901,-0.798829
9557951,0.178371,-0.561859,-0.107353,-0.800608
9566284,0.188927,-0.556788,-0.110673,-0.801278
9574617,0.200935,-0.546020,-0.117322,-0.804812
9582950,0.211433,-0.538869,-0.121090,-0.806383
9591283,0.218080,-0.536948,-0.120534,-0.805977
9599616,0.223665,-0.537230,-0.118730,-0.804525
9607949,0.226548,-0.534195,-0.119407,-0.805638
9616282,0.231087,-0.531850,-0.119334,-0.805912
9624615,0.235782,-0.530952,-0.118842,-0.805216
9632948,0.238728,-0.528538,-0.117874,-0.806078
9641281,0.242686,-0.524546,-0.118288,-0.807442
9649614,0.243824,-0.526287,-0.117025,-0.806150
9657947,0.242397,-0.529469,-0.113073,-0.805060
9666280,0.243608,-0.530253,-0.112225,-0.804296
9674613,0.242737,-0.530289,-0.112968,-0.804432
9682946,0.238070,-0.534882,-0.108518,-0.803398
9691279,0.235525,-0.538446,-0.105612,-0.802153
9699612,0.231997,-0.541143,-0.104500,-0.801512
9707945,0.226114,-0.542362,-0.104771,-0.802333
9716278,0.221554,-0.543434,-0.105820,-0.802742
9724611,0.214780,-0.543730,-0.106115,-0.804342
9732944,0.208718,-0.544825,-0.105547,-0.805272
9741277,0.201655,-0.545620,-0.104202,-0.806707
9749610,0.194899,-0.545933,-0.104237,-0.808150
9757943,0.185564,-0.546016,-0.103708,-0.810356
9766276,0.180343,-0.545613,-0.101598,-0.812072
9774609,0.175363,-0.544865,-0.098522,-0.814041
9782942,0.173491,-0.540001,-0.097575,-0.817789
9791275,0.172623,-0.532939,-0.096363,-0.822734
9799608,0.167842,-0.532466,-0.088675,-0.824891
9807941,0.163135,-0.530400,-0.083106,-0.827742
9816274,0.161075,-0.527939,-0.077316,-0.830275
9824607,0.160820,-0.522740,-0.074677,-0.833849
9832940,0.157277,-0.523024,-0.067148,-0.834985
9841273,0.153257,-0.519715,-0.062708,-0.838139
9849606,0.150535,-0.519569,-0.058542,-0.839023
9857939,0.147414,-0.518122,-0.053522,-0.840806
9866272,0.145288,-0.516251,-0.049445,-0.842574
9874605,0.140533,-0.516030,-0.044509,-0.843790
9882938,0.135905,-0.515483,-0.037981,-0.845201
9891271,0.131159,-0.513014,-0.034203,-0.847611
9899604,0.123083,-0.508308,-0.030486,-0.851789
9907937,0.112835,-0.504526,-0.026142,-0.855592
9916270,0.109291,-0.500992,-0.021686,-0.858249
9924603,0.106035,-0.498430,-0.018369,-0.860225
9932936,0.101053,-0.493335,-0.016990,-0.863783
9941269,0.094506,-0.488714,-0.016084,-0.867161
9949602,0.087850,-0.482452,-0.014179,-0.871391
9957935,0.082911,-0.476755,-0.012747,-0.875024
9966268,0.079905,-0.472790,-0.012988,-0.877448
9974601,0.072854,-0.466473,-0.011994,-0.881449
9982934,0.068294,-0.461739,-0.011702,-0.884306
9991267,0.063938,-0.457411,-0.011333,-0.886881
9999600,0.058084,-0.450680,-0.009765,-0.890740
10007933,0.051169,-0.445572,-0.009410,-0.893733
10016266,0.045867,-0.439043,-0.009421,-0.897245
10024599,0.042693,-0.433194,-0.011703,-0.900213
10032932,0.040390,-0.427125,-0.014278,-0.903177
10041265,0.034783,-0.420944,-0.013295,-0.906322
10049598,0.033727,-0.415602,-0.015606,-0.908787
10057931,0.028073,-0.407045,-0.021421,-0.912725
10066264,0.023850,-0.402076,-0.022501,-0.915019
10074597,0.017835,-0.396009,-0.024765,-0.917739
10082930,0.015644,-0.389124,-0.028717,-0.920605
10091263,0.009448,-0.382434,-0.032312,-0.923369
10099596,0.004977,-0.377008,-0.034953,-0.925537
10107929,0.000017,-0.370124,-0.038975,-0.928165
10116262,-0.004147,-0.365112,-0.040985,-0.930052
10124595,-0.008358,-0.356545,-0.045109,-0.933151
10132928,-0.013149,-0.349074,-0.048479,-0.935748
10141261,-0.016586,-0.343979,-0.049033,-0.937550
10149594,-0.021359,-0.338628,-0.051472,-0.939269
10157927,-0.026293,-0.333062,-0.054237,-0.940977
10166260,-0.031475,-0.327965,-0.055246,-0.942548
10174593,-0.035870,-0.323149,-0.054957,-0.944070
10182926,-0.039946,-0.317669,-0.057378,-0.945621
10191259,-0.041353,-0.313154,-0.058864,-0.946974
10199592,-0.046627,-0.306953,-0.056632,-0.948893
10207925,-0.051819,-0.301673,-0.060058,-0.950106
10216258,-0.052406,-0.297025,-0.063016,-0.951346
10224591,-0.053666,-0.295646,-0.063480,-0.951674
10232924,-0.055384,-0.291643,-0.063974,-0.952777
10241257,-0.054146,-0.290349,-0.065996,-0.953106
10249590,-0.053907,-0.288427,-0.067250,-0.953615
10257923,-0.053472,-0.286286,-0.068487,-0.954196
10266256,-0.052348,-0.281593,-0.072022,-0.955394
10274589,-0.048970,-0.278813,-0.075265,-0.956138
10282922,-0.045922,-0.281357,-0.073010,-0.955719
10291255,-0.040910,-0.285081,-0.070529,-0.955029
10299588,-0.034296,-0.285392,-0.070751,-0.955180
10307921,-0.030501,-0.288123,-0.071306,-0.954448
10316254,-0.025693,-0.289115,-0.072370,-0.954209
10324587,-0.022427,-0.290681,-0.073301,-0.953744
10332920,-0.015826,-0.291710,-0.075362,-0.953402
10341253,-0.008990,-0.293846,-0.076261,-0.952763
10349586,-0.002758,-0.299067,-0.074705,-0.951299
10357919,0.002128,-0.302002,-0.073613,-0.950458
10366252,0.007600,-0.306502,-0.074390,-0.948928
10374585,0.013842,-0.310688,-0.074339,-0.947499
10382918,0.020458,-0.314765,-0.076029,-0.945898
10391251,0.026357,-0.321359,-0.076207,-0.943518
10399584,0.031277,-0.327875,-0.077647,-0.941005
10407917,0.034800,-0.334784,-0.077225,-0.938480
10416250,0.039825,-0.344402,-0.078709,-0.934669
10424583,0.041754,-0.353568,-0.079066,-0.931126
10432916,0.041082,-0.363742,-0.076451,-0.927448
10441249,0.041744,-0.374978,-0.075084,-0.923044
10449582,0.045837,-0.380766,-0.078237,-0.920215
10457915,0.044499,-0.391514,-0.075801,-0.915964
10466248,0.041891,-0.401932,-0.071040,-0.911948
10474581,0.040657,-0.409515,-0.069327,-0.908757
10482914,0.038766,-0.418092,-0.063891,-0.905326
10491247,0.038290,-0.426440,-0.060593,-0.901671
10499580,0.037219,-0.432965,-0.056469,-0.898870
10507913,0.039100,-0.437440,-0.052469,-0.896864
10516246,0.040279,-0.446690,-0.046696,-0.892561
10524579,0.043102,-0.452949,-0.044907,-0.889361
10532912,0.045837,-0.461347,-0.040567,-0.885106
10541245,0.053880,-0.470687,-0.035368,-0.879943
10549578,0.060180,-0.475363,-0.035358,-0.877017
10557911,0.065206,-0.481175,-0.035979,-0.873455
10566244,0.072646,-0.485705,-0.037045,-0.870311
10574577,0.075759,-0.494317,-0.035591,-0.865242
10582910,0.084500,-0.500228,-0.038409,-0.860904
10591243,0.088823,-0.508187,-0.038660,-0.855782
10599576,0.091706,-0.515688,-0.037016,-0.851050
10607909,0.094653,-0.522433,-0.038627,-0.846530
10616242,0.098042,-0.529005,-0.040771,-0.841950
10624575,0.101370,-0.532686,-0.043879,-0.839074
10632908,0.104730,-0.537562,-0.044229,-0.835525
10641241,0.106868,-0.543833,-0.044671,-0.831162
10649574,0.108558,-0.547575,-0.044963,-0.828465
10657907,0.111222,-0.550974,-0.045701,-0.825814
10666240,0.113425,-0.553535,-0.045960,-0.823785
10674573,0.114176,-0.553520,-0.047488,-0.823605
10682906,0.112847,-0.557927,-0.045272,-0.820934
10691239,0.115160,-0.560766,-0.043147,-0.818791
10699572,0.116718,-0.564846,-0.040159,-0.815912
10707905,0.116810,-0.565920,-0.039659,-0.815179
10716238,0.118213,-0.565257,-0.040206,-0.815410
10724571,0.116116,-0.567624,-0.036957,-0.814220
10732904,0.117563,-0.567838,-0.036758,-0.813872
10741237,0.120760,-0.567326,-0.038463,-0.813682
10749570,0.117693,-0.569186,-0.035729,-0.812957
10757903,0.117461,-0.568746,-0.035525,-0.813307
10766236,0.117548,-0.565191,-0.036362,-0.815732
10774569,0.116761,-0.566718,-0.034791,-0.814854
10782902,0.115365,-0.565982,-0.034252,-0.815587
10791235,0.114445,-0.564327,-0.034479,-0.816853
10799568,0.113772,-0.562871,-0.033453,-0.817993
10807901,0.113929,-0.564710,-0.031622,-0.816776
10816234,0.111150,-0.561899,-0.031972,-0.819080
10824567,0.109509,-0.559639,-0.031341,-0.820871
10832900,0.110244,-0.556943,-0.031065,-0.822615
10841233,0.107779,-0.554966,-0.030021,-0.824315
10849566,0.104772,-0.554561,-0.026699,-0.825089
10857899,0.103102,-0.552861,-0.025765,-0.826469
10866232,0.103836,-0.551743,-0.024347,-0.827167
10874565,0.101053,-0.548459,-0.024590,-0.829685
10882898,0.100166,-0.543541,-0.025294,-0.833001
10891231,0.100448,-0.542439,-0.023162,-0.833747
10899564,0.097373,-0.539956,-0.022112,-0.835749
10907897,0.095572,-0.538469,-0.020386,-0.836959
10916230,0.091357,-0.537716,-0.017876,-0.837971
10924563,0.086208,-0.535434,-0.016503,-0.840004
10932896,0.083954,-0.534865,-0.014355,-0.840634
10941229,0.082335,-0.532880,-0.012305,-0.842086
10949562,0.077040,-0.533470,-0.008516,-0.842260
10957895,0.071642,-0.532933,-0.004640,-0.843107
10966228,0.067705,-0.529189,-0.002926,-0.845794
10974561,0.062210,-0.527548,0.001781,-0.847242
10982894,0.057099,-0.528181,0.007258,-0.847179
10991227,0.049546,-0.528721,0.013007,-0.847248
10999560,0.042127,-0.528125,0.020099,-0.847883
11007893,0.033228,-0.526318,0.025773,-0.849247
11016226,0.022553,-0.525147,0.032180,-0.850104
11024559,0.011693,-0.522753,0.039184,-0.851503
11032892,0.003368,-0.520978,0.046808,-0.852279
11041225,-0.006912,-0.519643,0.055160,-0.852573
11049558,-0.015909,-0.518465,0.063631,-0.852579
11057891,-0.024678,-0.514288,0.068273,-0.854540
11066224,-0.035105,-0.509633,0.073721,-0.856509
11074557,-0.044014,-0.503829,0.078770,-0.859078
11082890,-0.052413,-0.498730,0.084452,-0.861039
11091223,-0.058449,-0.491276,0.087093,-0.864665
11099556,-0.064927,-0.484776,0.089162,-0.867656
11107889,-0.072567,-0.475216,0.088555,-0.872388
11116222,-0.077375,-0.467271,0.089248,-0.876188
11124555,-0.081711,-0.456619,0.086289,-0.881690
11132888,-0.089248,-0.449510,0.089881,-0.884249
11141221,-0.094818,-0.439782,0.088302,-0.888709
11149554,-0.098063,-0.431338,0.088616,-0.892456
11157887,-0.101728,-0.422823,0.088268,-0.896148
11166220,-0.107855,-0.412683,0.086557,-0.900315
11174553,-0.112353,-0.404411,0.085961,-0.903570
11182886,-0.117303,-0.397020,0.087422,-0.906076
11191219,-0.120949,-0.387985,0.085176,-0.909716
11199552,-0.125942,-0.380721,0.086781,-0.911954
11207885,-0.130984,-0.372723,0.086842,-0.914538
11216218,-0.133504,-0.366150,0.089965,-0.916525
11224551,-0.137686,-0.358883,0.089325,-0.918840
11232884,-0.141720,-0.349084,0.084993,-0.922406
11241217,-0.145381,-0.341022,0.084574,-0.924887
11249550,-0.151384,-0.336079,0.086912,-0.925516
11257883,-0.156996,-0.329730,0.087836,-0.926777
11266216,-0.159994,-0.323620,0.089052,-0.928301
11274549,-0.165524,-0.317309,0.089232,-0.929492
11282882,-0.169167,-0.312421,0.090522,-0.930366
11291215,-0.174155,-0.307088,0.093545,-0.930922
11299548,-0.177587,-0.302509,0.092599,-0.931867
11307881,-0.183078,-0.299854,0.097582,-0.931154
11316214,-0.184878,-0.294921,0.098658,-0.932260
11324547,-0.187597,-0.293027,0.100271,-0.932142
11332880,-0.189991,-0.289563,0.100657,-0.932698
11341213,-0.193132,-0.287801,0.103648,-0.932270
11349546,-0.194732,-0.284498,0.106367,-0.932645
11357879,-0.194989,-0.283019,0.106849,-0.932986
11366212,-0.196530,-0.282287,0.110422,-0.932468
11374545,-0.198449,-0.280474,0.111253,-0.932510
11382878,-0.200356,-0.276377,0.111340,-0.933315
11391211,-0.201670,-0.277310,0.115183,-0.932288
11399544,-0.202607,-0.277697,0.118729,-0.931525
11407877,-0.203010,-0.276592,0.120760,-0.931505
11416210,-0.202653,-0.273129,0.117032,-0.933079
11424543,-0.201966,-0.274491,0.119716,-0.932487
11432876,-0.201703,-0.273281,0.121456,-0.932674
11441209,-0.202620,-0.272041,0.122798,-0.932663
11449542,-0.202985,-0.273703,0.123038,-0.932065
11457875,-0.203664,-0.275285,0.121627,-0.931636
11466208,-0.204708,-0.275978,0.123116,-0.931007
11474541,-0.205625,-0.276404,0.123829,-0.930584
11482874,-0.206414,-0.277121,0.125132,-0.930021
11491207,-0.206799,-0.279439,0.124291,-0.929354
11499540,-0.207595,-0.282755,0.124630,-0.928128
11507873,-0.209268,-0.285491,0.124310,-0.926957
11516206,-0.211921,-0.287831,0.120600,-0.926120
11524539,-0.213642,-0.291871,0.119211,-0.924639
11532872,-0.219360,-0.296249,0.121309,-0.921630
11541205,-0.226393,-0.302719,0.124413,-0.917403
11549538,-0.233366,-0.308747,0.127063,-0.913275
11557871,-0.241156,-0.315058,0.131650,-0.908433
11566204,-0.251232,-0.321183,0.134441,-0.903133
11574537,-0.261441,-0.328224,0.138401,-0.897086
11582870,-0.273939,-0.335366,0.144169,-0.889776
11591203,-0.287805,-0.341448,0.150740,-0.881963
11599536,-0.301639,-0.350202,0.160666,-0.872100
11607869,-0.316085,-0.357237,0.166423,-0.863004
11616202,-0.326955,-0.363942,0.172206,-0.854981
11624535,-0.342567,-0.371118,0.181279,-0.843835
11632868,-0.356399,-0.378602,0.192078,-0.832314
11641201,-0.366985,-0.383574,0.193888,-0.824985
11649534,-0.377200,-0.389385,0.200871,-0.815935
11657867,-0.391853,-0.395101,0.208599,-0.804259
11666200,-0.404456,-0.399111,0.213487,-0.794701
11674533,-0.414218,-0.401914,0.218136,-0.786960
11682866,-0.425666,-0.403991,0.222642,-0.778479
11691199,-0.437302,-0.404594,0.228303,-0.770031
11699532,-0.448342,-0.404832,0.233141,-0.762067
11707865,-0.458901,-0.405389,0.237748,-0.754020
11716198,-0.469918,-0.404268,0.243588,-0.745928
11724531,-0.481007,-0.401937,0.248112,-0.738593
11732864,-0.497233,-0.398480,0.255731,-0.727032
11741197,-0.512264,-0.395648,0.260030,-0.716542
11749530,-0.526088,-0.391001,0.263461,-0.707770
11757863,-0.544254,-0.382220,0.270800,-0.695962
11766196,-0.565899,-0.371323,0.280066,-0.680764
11774529,-0.586487,-0.356961,0.292776,-0.665502
11782862,-0.607096,-0.339541,0.308990,-0.648592
11791195,-0.621984,-0.324389,0.320590,-0.636498
11799528,-0.639126,-0.309832,0.329226,-0.622199
11807861,-0.653604,-0.293774,0.338316,-0.609951
11816194,-0.665615,-0.281349,0.344121,-0.599484
11824527,-0.678628,-0.272335,0.344127,-0.588960
11832860,-0.687641,-0.268453,0.339308,-0.583055
11841193,-0.694806,-0.267860,0.332253,-0.578881
11849526,-0.702776,-0.268458,0.323030,-0.574184
11857859,-0.707250,-0.273022,0.309582,-0.573947
11866192,-0.713129,-0.278365,0.295367,-0.571592
11874525,-0.715082,-0.285249,0.285238,-0.570903
11882858,-0.717916,-0.292876,0.276217,-0.567913
11891191,-0.721789,-0.297520,0.269732,-0.563690
11899524,-0.726944,-0.301541,0.265767,-0.556771
11907857,-0.731461,-0.304590,0.266605,-0.548737
11916190,-0.735527,-0.304507,0.267181,-0.543038
11924523,-0.741773,-0.301757,0.266185,-0.536527
11932856,-0.748199,-0.297890,0.270347,-0.527611
11941189,-0.755784,-0.292510,0.275160,-0.517219
11949522,-0.761496,-0.286272,0.280852,-0.509210
11957855,-0.769128,-0.278726,0.287093,-0.498330
11966188,-0.777105,-0.271056,0.294615,-0.485633
11974521,-0.782267,-0.265499,0.300331,-0.476834
11982854,-0.787227,-0.260487,0.304089,-0.468989
11991187,-0.790572,-0.255408,0.311142,-0.461469
11999520,-0.796632,-0.249276,0.316411,-0.450692
12007853,-0.801271,-0.245330,0.320159,-0.441900
12016186,-0.805135,-0.244229,0.323258,-0.433145
12024519,-0.807702,-0.242297,0.329261,-0.424849
12032852,-0.813124,-0.238391,0.331710,-0.414689
12041185,-0.815299,-0.238562,0.336226,-0.406604
12049518,-0.820383,-0.233393,0.339975,-0.396127
12057851,-0.821719,-0.228858,0.347445,-0.389466
12066184,-0.824711,-0.233143,0.345598,-0.382175
12074517,-0.828591,-0.228460,0.349297,-0.373140
12082850,-0.832587,-0.224182,0.355592,-0.360687
12091183,-0.835501,-0.221045,0.360193,-0.351196
12099516,-0.839137,-0.219627,0.360623,-0.342877
12107849,-0.840871,-0.217160,0.367133,-0.333152
12116182,-0.845571,-0.212103,0.371098,-0.319857
12124515,-0.849270,-0.209055,0.375647,-0.306473
12132848,-0.853473,-0.205224,0.379937,-0.291745
12141181,0.855850,0.204689,-0.384185,0.279331
12149514,0.859332,0.202994,-0.387180,0.265394
12157847,0.861822,0.201027,-0.391111,0.252753
12166180,0.863278,0.199560,-0.397576,0.238455
12174513,0.866402,0.197928,-0.400001,0.223987
12182846,0.868217,0.196174,-0.402725,0.213372
12191179,0.871033,0.194651,-0.404276,0.199933
12199512,0.873098,0.191521,-0.407199,0.187641
12207845,0.874378,0.187723,-0.410994,0.176937
12216178,0.877264,0.186496,-0.409458,0.167248
12224511,-0.878896,-0.181036,0.413484,-0.154270
12232844,-0.880836,-0.174964,0.415745,-0.143775
12241177,-0.882626,-0.171462,0.416033,-0.135972
12249510,-0.881899,-0.164230,0.423017,-0.127820
12257843,-0.883656,-0.159044,0.423956,-0.118817
12266176,-0.884619,-0.155775,0.424696,-0.113208
12274509,-0.883940,-0.151195,0.429269,-0.107326
12282842,-0.885708,-0.149458,0.427615,-0.101634
12291175,-0.886603,-0.146633,0.427775,-0.097172
12299508,-0.886655,-0.143647,0.429503,-0.093461
12307841,-0.886818,-0.142220,0.430205,-0.090832
12316174,-0.886844,-0.141130,0.430739,-0.089742
12324507,-0.887802,-0.143281,0.428249,-0.088774
12332840,-0.887465,-0.141452,0.429421,-0.089419
12341173,-0.888410,-0.142312,0.427462,-0.088040
12349506,-0.889803,-0.143207,0.424721,-0.085754
12357839,-0.890723,-0.143247,0.423265,-0.083303
12366172,-0.891992,-0.143168,0.421088,-0.080856
12374505,-0.892579,-0.141057,0.420975,-0.078647
12382838,-0.894127,-0.142639,0.417619,-0.076062
12391171,-0.894542,-0.142511,0.417722,-0.070664
12399504,-0.894826,-0.141303,0.418042,-0.067530
12407837,-0.897258,-0.142463,0.413122,-0.062956
12416170,-0.897917,-0.141241,0.413026,-0.056617
12424503,-0.898767,-0.139195,0.412426,-0.052406
12432836,-0.899315,-0.140289,0.411274,-0.049047
12441169,-0.899849,-0.140257,0.410561,-0.045154
12449502,-0.901560,-0.141896,0.406658,-0.041032
12457835,-0.902827,-0.143175,0.403831,-0.036404
12466168,-0.905692,-0.151348,0.394362,-0.035969
12474501,-0.905616,-0.149568,0.395766,-0.029299
12482834,-0.906853,-0.147895,0.393939,-0.023583
12491167,-0.907797,-0.150219,0.391041,-0.020646
12499500,-0.908246,-0.152394,0.389299,-0.017654
12507833,-0.909084,-0.153194,0.387160,-0.014297
12516166,-0.910321,-0.153082,0.384390,-0.011207
12524499,-0.911083,-0.154748,0.381978,-0.008599
12532832,-0.912175,-0.156346,0.378754,-0.006092
12541165,-0.911815,-0.156750,0.379468,-0.005220
12549498,-0.913082,-0.157978,0.375926,-0.001939
12557831,-0.913316,-0.156142,0.376125,0.001707
12566164,-0.914069,-0.155711,0.374409,0.007093
12574497,-0.914252,-0.156716,0.373491,0.009408
12582830,-0.914923,-0.156192,0.372003,0.011560
12591163,-0.915043,-0.157115,0.371264,0.013174
12599496,-0.914157,-0.156008,0.373790,0.016107
12607829,-0.914009,-0.156292,0.373792,0.020968
12616162,-0.913934,-0.154098,0.374686,0.024262
12624495,-0.912439,-0.153872,0.378145,0.028014
12632828,-0.911980,-0.154952,0.378453,0.032508
12641161,-0.910794,-0.151876,0.382156,0.036678
12649494,-0.909566,-0.151083,0.384749,0.042799
12657827,-0.908603,-0.148332,0.387442,0.048237
12666160,-0.908411,-0.150353,0.386263,0.054631
12674493,-0.907332,-0.146139,0.389254,0.062236
12682826,-0.905716,-0.141917,0.393574,0.068106
12691159,-0.903901,-0.137818,0.397776,0.075786
12699492,-0.901905,-0.134586,0.401426,0.085505
12707825,-0.901573,-0.131752,0.400721,0.096077
12716158,-0.899975,-0.127046,0.403687,0.104597
12724491,-0.899017,-0.121844,0.403808,0.117737
12732824,0.898990,0.118313,-0.400856,-0.130890
12741157,0.897360,0.116600,-0.401031,-0.142562
12749490,0.895156,0.106798,-0.403413,-0.156679
12757823,0.891911,0.100988,-0.406697,-0.169981
12766156,0.887243,0.089412,-0.412024,-0.187195
12774489,0.883397,0.087189,-0.413910,-0.201707
12782822,0.880479,0.083961,-0.413837,-0.215513
12791155,0.874498,0.078881,-0.418907,-0.231403
12799488,0.869379,0.069176,-0.421344,-0.248726
12807821,0.866124,0.065023,-0.420016,-0.263035
12816154,0.863285,0.057159,-0.417925,-0.277147
12824487,0.860734,0.059752,-0.418835,-0.283098
12832820,0.854481,0.051968,-0.420259,-0.300907
12841153,0.846493,0.036616,-0.424114,-0.319743
12849486,0.842927,0.036933,-0.424210,-0.328870
12857819,0.834412,0.028680,-0.429931,-0.343648
12866152,0.824496,0.018234,-0.437225,-0.358758
12874485,0.819095,0.018228,-0.441800,-0.365463
12882818,0.802691,-0.003483,-0.454216,-0.386476
12891151,0.786950,-0.019219,-0.469612,-0.399756
12899484,0.772753,-0.030445,-0.487700,-0.405061
12907817,0.761254,-0.034259,-0.496516,-0.415681
12916150,0.752780,-0.027043,-0.502366,-0.424522
12924483,0.741885,-0.023140,-0.506861,-0.438365
12932816,0.741318,-0.008919,-0.509875,-0.436344
12941149,0.736432,-0.003089,-0.510951,-0.443381
12949482,0.728131,-0.006270,-0.513252,-0.454267
12957815,0.720119,-0.009115,-0.515489,-0.464345
12966148,0.718386,-0.006347,-0.505401,-0.477967
12974481,0.719655,0.000626,-0.496350,-0.485523
12982814,0.718118,0.002747,-0.489996,-0.494169
12991147,0.714670,0.010509,-0.496343,-0.492727
12999480,0.720745,0.016973,-0.478095,-0.501662
13007813,0.727293,0.023845,-0.467180,-0.502215
13016146,0.736409,0.031873,-0.455843,-0.498892
13024479,0.742832,0.039845,-0.450438,-0.493679
13032812,0.742855,0.028536,-0.442323,-0.501700
13041145,0.747427,0.024114,-0.438684,-0.498325
13049478,0.760274,0.035741,-0.424375,-0.490523
13057811,0.771700,0.043638,-0.416012,-0.479071
13066144,0.775494,0.044481,-0.408159,-0.479622
13074477,0.782556,0.040196,-0.392898,-0.481270
13082810,0.782715,0.026850,-0.394081,-0.480975
13091143,0.788351,0.019066,-0.381007,-0.482672
13099476,0.797229,0.011999,-0.367861,-0.478497
13107809,0.798151,0.001197,-0.362144,-0.481460
13116142,0.796985,-0.012442,-0.360459,-0.484490
13124475,0.796654,-0.031462,-0.347633,-0.493461
13132808,0.798424,-0.053872,-0.338166,-0.495238
13141141,0.795713,-0.068555,-0.335392,-0.499654
13149474,0.787802,-0.091340,-0.331016,-0.511326
13157807,0.786583,-0.101606,-0.323596,-0.515993
13166140,0.784285,-0.111776,-0.318477,-0.520554
13174473,0.777822,-0.133861,-0.318656,-0.524911
13182806,0.783574,-0.133458,-0.311518,-0.520728
13191139,0.789574,-0.125969,-0.307987,-0.515606
13199472,0.796725,-0.122489,-0.310474,-0.503816
13207805,0.808641,-0.112875,-0.310398,-0.486839
13216138,0.816827,-0.117134,-0.314032,-0.469529
13224471,0.831636,-0.107380,-0.312378,-0.446398
13232804,0.848777,-0.090321,-0.311200,-0.417820
13241137,0.872904,-0.055272,-0.299740,-0.380973
13249470,0.884527,-0.049930,-0.297287,-0.356006
13257803,0.891719,-0.051310,-0.294272,-0.340012
13266136,0.900215,-0.045337,-0.287644,-0.323758
13274469,0.906823,-0.043994,-0.283542,-0.308772
13282802,0.912620,-0.043214,-0.273205,-0.301024
13291135,0.914887,-0.050081,-0.265466,-0.300001
13299468,0.915768,-0.055263,-0.259508,-0.301613
13307801,0.919170,-0.052117,-0.246624,-0.302632
13316134,0.920323,-0.051397,-0.236495,-0.307301
13324467,0.920142,-0.046462,-0.220865,-0.319997
13332800,0.921521,-0.033096,-0.206527,-0.327186
13341133,0.922296,-0.020950,-0.196656,-0.332052
13349466,0.922401,-0.006809,-0.183979,-0.339532
13357799,0.922770,0.008699,-0.172573,-0.344439
13366132,0.921597,0.026924,-0.167738,-0.348995
13374465,0.919540,0.043707,-0.158835,-0.356801
13382798,0.918081,0.058949,-0.154038,-0.360450
13391131,0.915837,0.073665,-0.148950,-0.365555
13399464,0.912323,0.083251,-0.149910,-0.371838
13407797,0.909885,0.089538,-0.153862,-0.374726
13416130,0.906664,0.089370,-0.152881,-0.382886
13424463,0.902382,0.088670,-0.159156,-0.390529
13432796,0.898941,0.081681,-0.159199,-0.399861
13441129,0.893253,0.074262,-0.161919,-0.412754
13449462,0.887513,0.064618,-0.169177,-0.423702
13457795,0.883430,0.050674,-0.176509,-0.431078
13466128,0.876610,0.039070,-0.179647,-0.444697
13474461,0.869640,0.033037,-0.183973,-0.456933
13482794,0.864545,0.023969,-0.187303,-0.465731
13491127,0.858022,0.011212,-0.194344,-0.475293
13499460,0.852154,0.000812,-0.199573,-0.483738
13507793,0.848046,-0.000233,-0.205047,-0.488644
13516126,0.844470,-0.006659,-0.209229,-0.493001
13524459,0.843095,-0.010617,-0.211150,-0.494462
13532792,0.842215,-0.012529,-0.210112,-0.496356
13541125,0.841721,-0.015916,-0.210145,-0.497084
13549458,0.840207,-0.018902,-0.208314,-0.500300
13557791,0.840881,-0.014836,-0.206820,-0.499925
13566124,0.842146,-0.017385,-0.206586,-0.497805
13574457,0.844259,-0.010592,-0.202442,-0.496117
13582790,0.844558,-0.006032,-0.200276,-0.496563
13591123,0.845476,-0.002461,-0.202886,-0.493965
13599456,0.845923,-0.007257,-0.206635,-0.491593
13607789,0.846604,-0.002711,-0.208892,-0.489509
13616122,0.847485,0.003035,-0.209253,-0.487825
13624455,0.849167,0.001471,-0.211553,-0.483900
13632788,0.849415,0.001359,-0.214569,-0.482132
13641121,0.850288,0.007184,-0.214463,-0.480588
13649454,0.851164,0.013776,-0.212905,-0.479585
13657787,0.851295,0.018123,-0.211750,-0.479719
13666120,0.851784,0.018731,-0.210725,-0.479279
13674453,0.852869,0.022247,-0.209067,-0.477924
13682786,0.854124,0.024425,-0.208766,-0.475702
13691119,0.856030,0.029346,-0.207698,-0.472455
13699452,0.856045,0.030203,-0.206205,-0.473026
13707785,0.858545,0.029881,-0.209463,-0.467047
13716118,0.859220,0.026187,-0.210511,-0.465554
13724451,0.858045,0.016823,-0.210887,-0.467977
13732784,0.859334,0.028486,-0.202519,-0.468742
13741117,0.860849,0.001605,-0.212407,-0.462407
13749450,0.874290,0.015042,-0.209341,-0.437683
13757783,0.878755,0.018600,-0.206379,-0.429943
13766116,0.875224,0.028418,-0.202204,-0.438507
13774449,0.866877,0.016372,-0.204195,-0.454489
13782782,0.861459,0.012366,-0.209120,-0.462606
13791115,0.857240,0.009350,-0.213792,-0.468342
13799448,0.855457,0.010216,-0.217734,-0.469767
13807781,0.852542,-0.000553,-0.223791,-0.472324
13816114,0.850243,0.000909,-0.226536,-0.475151
13824447,0.848084,-0.000728,-0.229616,-0.477524
13832780,0.838455,-0.015277,-0.236272,-0.490852
13841113,0.834430,-0.023523,-0.242903,-0.494138
13849446,0.823099,-0.033000,-0.245476,-0.511038
13857779,0.816818,-0.035672,-0.246037,-0.520578
13866112,0.813563,-0.040997,-0.252004,-0.522426
13874445,0.810914,-0.040314,-0.252121,-0.526525
13882778,0.808223,-0.046431,-0.256653,-0.527968
13891111,0.804611,-0.051706,-0.259353,-0.531661
13899444,0.799819,-0.058100,-0.254583,-0.540464
13907777,0.794361,-0.062085,-0.254139,-0.548223
13916110,0.790427,-0.062983,-0.252839,-0.554374
13924443,0.787302,-0.067603,-0.254441,-0.557535
13932776,0.784086,-0.069009,-0.249955,-0.563888
13941109,0.782951,-0.070518,-0.247154,-0.566507
13949442,0.779828,-0.075331,-0.247759,-0.569920
13957775,0.778334,-0.072630,-0.245759,-0.573169
13966108,0.781202,-0.062718,-0.241863,-0.572094
13974441,0.778129,-0.058593,-0.245792,-0.575037
13982774,0.781193,-0.049717,-0.245342,-0.571903
13991107,0.782609,-0.039759,-0.241647,-0.572320
13999440,0.781982,-0.034750,-0.234307,-0.576539
14007773,0.782208,-0.030544,-0.234945,-0.576211
14016106,0.780911,-0.025331,-0.233435,-0.578831
14024439,0.780059,-0.010230,-0.224167,-0.584082
14032772,0.780963,-0.000498,-0.219448,-0.584755
14041105,0.780725,0.007476,-0.216423,-0.586152
14049438,0.781196,0.014324,-0.213375,-0.586514
14057771,0.782713,0.008780,-0.217198,-0.583188
14066104,0.784434,0.006636,-0.219036,-0.580208
14074437,0.785106,0.015886,-0.212375,-0.581595
14082770,0.787031,0.016751,-0.211951,-0.579118
14091103,0.789018,0.019365,-0.210738,-0.576771
14099436,0.790536,0.015713,-0.211993,-0.574339
14107769,0.791075,0.017479,-0.209500,-0.574460
14116102,0.793757,0.013852,-0.211181,-0.570229
14124435,0.794834,0.010269,-0.211785,-0.568578
14132768,0.796304,0.010974,-0.209814,-0.567237
14141101,0.796526,0.015070,-0.209906,-0.566796
14149434,0.797178,0.017353,-0.209205,-0.566074
14157767,0.799274,0.011441,-0.212065,-0.562192
14166100,0.799330,0.008287,-0.214674,-0.561176
14174433,0.801198,0.008013,-0.219173,-0.556759
14182766,0.801264,0.007997,-0.222899,-0.555183
14191099,0.802535,0.005236,-0.224625,-0.552679
14199432,0.803648,0.008894,-0.223251,-0.551571
14207765,0.804253,0.010354,-0.223527,-0.550551
14216098,0.805945,0.010848,-0.226487,-0.546844
14224431,0.805957,0.011178,-0.227562,-0.546373
14232764,0.807148,0.020141,-0.227269,-0.544476
14241097,0.806920,0.019206,-0.228358,-0.544393
14249430,0.807195,0.017820,-0.228291,-0.544060
14257763,0.809696,0.019128,-0.228734,-0.540100
14266096,0.810746,0.021952,-0.231715,-0.537138
14274429,0.811357,0.019644,-0.231435,-0.536426
14282762,0.810220,0.016420,-0.231123,-0.538383
14291095,0.809637,0.014846,-0.231654,-0.539077
14299428,0.809312,0.012332,-0.232290,-0.539354
14307761,0.811127,0.011956,-0.232806,-0.536406
14316094,0.810462,0.007848,-0.236780,-0.535748
14324427,0.808071,0.003187,-0.240718,-0.537649
14332760,0.808313,0.004459,-0.241073,-0.537116
14341093,0.808326,0.002816,-0.242869,-0.536298
14349426,0.808625,0.003214,-0.242900,-0.535831
14357759,0.808170,0.004070,-0.244379,-0.535838
14366092,0.808050,0.004619,-0.249011,-0.533880
14374425,0.807509,0.006558,-0.251244,-0.533631
14382758,0.806370,0.005248,-0.253355,-0.534369
14391091,0.807745,0.008179,-0.255499,-0.531226
14399424,0.807814,0.011679,-0.249808,-0.533757
14407757,0.807852,0.014304,-0.248718,-0.534145
14416090,0.807513,0.013185,-0.251632,-0.533319
14424423,0.807566,0.014000,-0.253945,-0.532121
14432756,0.808005,0.013877,-0.256660,-0.530152
14441089,0.807399,0.014229,-0.256981,-0.530909
14449422,0.807970,0.014010,-0.259563,-0.528787
14457755,0.808400,0.013807,-0.259635,-0.528099
14466088,0.808376,0.013948,-0.259515,-0.528191
14474421,0.809542,0.015025,-0.261036,-0.525620
14482754,0.809620,0.014817,-0.257159,-0.527414
14491087,0.809124,0.014017,-0.259851,-0.526876
14499420,0.807392,0.013829,-0.256469,-0.531179
14507753,0.808186,0.016976,-0.259935,-0.528186
14516086,0.808530,0.019349,-0.261955,-0.526579
14524419,0.807406,0.019043,-0.257303,-0.530593
14532752,0.807785,0.020016,-0.260876,-0.528230
14541085,0.807773,0.020771,-0.263189,-0.527070
14549418,0.806023,0.017510,-0.264175,-0.529370
14557751,0.805388,0.016878,-0.267359,-0.528758
14566084,0.805552,0.019150,-0.265367,-0.529434
14574417,0.805174,0.016371,-0.266170,-0.529698
14582750,0.804092,0.014295,-0.269588,-0.529674
14591083,0.804388,0.012692,-0.266751,-0.530700
14599416,0.804900,0.016172,-0.265853,-0.530280
14607749,0.805337,0.020362,-0.264213,-0.530291
14616082,0.804651,0.017533,-0.265574,-0.530754
14624415,0.805270,0.019987,-0.262535,-0.531240
14632748,0.804732,0.018166,-0.263846,-0.531471
14641081,0.806733,0.020626,-0.263321,-0.528600
14649414,0.806756,0.020107,-0.262992,-0.528749
14657747,0.806681,0.018345,-0.257846,-0.531455
14666080,0.805074,0.016468,-0.260537,-0.532640
14674413,0.804959,0.017151,-0.262643,-0.531757
14682746,0.804737,0.015314,-0.260944,-0.532984
14691079,0.805153,0.017779,-0.259572,-0.532950
14699412,0.805917,0.019261,-0.259194,-0.531927
14707745,0.806119,0.016499,-0.256216,-0.533154
14716078,0.806677,0.014956,-0.254334,-0.533256
14724411,0.806838,0.012385,-0.253537,-0.533459
14732744,0.807680,0.015250,-0.252721,-0.532496
14741077,0.808983,0.017345,-0.255991,-0.528880
14749410,0.809724,0.018602,-0.255095,-0.528136
14757743,0.812057,0.019718,-0.252634,-0.525691
14766076,0.813048,0.022246,-0.252625,-0.524059
14774409,0.813358,0.025536,-0.249545,-0.524904
14782742,0.814439,0.024700,-0.243820,-0.525957
14791075,0.815415,0.027021,-0.244491,-0.524015
14799408,0.815636,0.025971,-0.244667,-0.523642
14807741,0.815720,0.025873,-0.245397,-0.523174
14816074,0.816168,0.030483,-0.247168,-0.521391
14824407,0.816373,0.030256,-0.248501,-0.520448
14832740,0.817023,0.030786,-0.246944,-0.520139
14841073,0.817330,0.028750,-0.242648,-0.521793
14849406,0.817688,0.031419,-0.236800,-0.523761
14857739,0.819082,0.033193,-0.234943,-0.522308
14866072,0.819211,0.033653,-0.235394,-0.521873
14874405,0.818949,0.035108,-0.243313,-0.518544
14882738,0.818777,0.033552,-0.247645,-0.516866
14891071,0.818590,0.033776,-0.247133,-0.517392
14899404,0.817733,0.032294,-0.246951,-0.518926
14907737,0.817108,0.031238,-0.246525,-0.520177
14916070,0.816960,0.030622,-0.249407,-0.519071
14924403,0.817318,0.032206,-0.247813,-0.519176
14932736,0.817264,0.031157,-0.251513,-0.517543
14941069,0.817802,0.030238,-0.252181,-0.516421
14949402,0.818428,0.030445,-0.250961,-0.516011
14957735,0.818706,0.029588,-0.251792,-0.515214
14966068,0.817932,0.029581,-0.251983,-0.516349
14974401,0.818311,0.034293,-0.249256,-0.516781
14982734,0.817881,0.030906,-0.253080,-0.515816
14991067,0.818509,0.028394,-0.251596,-0.515690
14999400,0.818307,0.028415,-0.260155,-0.511748
15007733,0.819769,0.026687,-0.259461,-0.509850
15016066,0.819631,0.024921,-0.257422,-0.511192
15024399,0.819972,0.022355,-0.254554,-0.512199
15032732,0.819683,0.022326,-0.258643,-0.510613
15041065,0.818216,0.024970,-0.272513,-0.505605
15049398,0.818134,0.023809,-0.277191,-0.503245
15057731,0.820410,0.024701,-0.267912,-0.504520
15066064,0.821422,0.023424,-0.265829,-0.504036
15074397,0.822866,0.020863,-0.259713,-0.504981
15082730,0.822715,0.020119,-0.263833,-0.503117
15091063,0.821306,0.021088,-0.266173,-0.504147
15099396,0.820591,0.022749,-0.261187,-0.507834
15107729,0.820461,0.022051,-0.260360,-0.508499
15116062,0.820456,0.023903,-0.265020,-0.506009
15124395,0.820898,0.021892,-0.270955,-0.502225
15132728,0.820208,0.020656,-0.272669,-0.502478
15141061,0.819278,0.019463,-0.273482,-0.503600
15149394,0.820585,0.020021,-0.273442,-0.501467
15157727,0.820541,0.019809,-0.278699,-0.498645
15166060,0.819559,0.017763,-0.282284,-0.498321
15174393,0.820205,0.017363,-0.272976,-0.502440
15182726,0.820403,0.019127,-0.269150,-0.504115
15191059,0.820421,0.018087,-0.269675,-0.503843
15199392,0.819725,0.017034,-0.274092,-0.502628
15207725,0.819831,0.016077,-0.280341,-0.499027
15216058,0.818948,0.010847,-0.282736,-0.499266
15224391,0.818178,0.007831,-0.281613,-0.501216
15232724,0.816078,0.003033,-0.286152,-0.502119
15241057,0.815287,0.000219,-0.289594,-0.501441
15249390,0.817968,0.004008,-0.286805,-0.498652
15257723,0.813930,-0.002875,-0.288083,-0.504498
15266056,0.818566,0.001232,-0.283069,-0.499820
15274389,0.817876,0.000306,-0.285631,-0.499493
15282722,0.817398,-0.000394,-0.287872,-0.498989
15291055,0.816711,0.002788,-0.286054,-0.501147
15299388,0.817272,0.004162,-0.288052,-0.499075
15307721,0.817346,0.000979,-0.287692,-0.499178
15316054,0.817979,0.000996,-0.282150,-0.501300
15324387,0.814753,0.000295,-0.294716,-0.499320
15332720,0.815865,0.001072,-0.294849,-0.497421
15341053,0.816156,0.000841,-0.296741,-0.495816
15349386,0.816001,-0.000596,-0.296465,-0.496236
15357719,0.812649,-0.008533,-0.299019,-0.500116
15366052,0.810877,-0.012671,-0.300585,-0.501962
15374385,0.811012,-0.012298,-0.301266,-0.501346
15382718,0.812914,-0.011532,-0.290321,-0.504730
15391051,0.814462,-0.011111,-0.288013,-0.503565
15399384,0.818457,-0.003641,-0.286016,-0.498306
15407717,0.819894,-0.002705,-0.279989,-0.499372
15416050,0.819097,-0.001952,-0.285802,-0.497387
15424383,0.817904,-0.003502,-0.294229,-0.494418
15432716,0.817795,-0.002897,-0.296250,-0.493396
15441049,0.819111,0.000284,-0.300345,-0.488722
15449382,0.818955,-0.000964,-0.302064,-0.487924
15457715,0.819434,-0.000524,-0.300389,-0.488154
15466048,0.820621,-0.001654,-0.296404,-0.488593
15474381,0.820330,-0.001937,-0.295683,-0.489516
15482714,0.821516,-0.000740,-0.296516,-0.487020
15491047,0.821955,0.000614,-0.296328,-0.486395
15499380,0.823119,0.002169,-0.291371,-0.487415
15507713,0.822758,0.000624,-0.291126,-0.488174
15516046,0.822215,-0.000585,-0.291532,-0.488847
15524379,0.823520,0.001152,-0.290990,-0.486968
15532712,0.824021,0.002104,-0.290221,-0.486576
15541045,0.823417,0.002275,-0.294304,-0.485143
15549378,0.824126,0.000984,-0.292572,-0.484991
15557711,0.824479,0.001811,-0.295435,-0.482649
15566044,0.824010,0.002798,-0.296548,-0.482762
15574377,0.823742,0.002434,-0.297828,-0.482433
15582710,0.823929,0.001981,-0.297136,-0.482543
15591043,0.823219,0.000512,-0.304224,-0.479331
15599376,0.823437,0.000111,-0.302129,-0.480280
15607709,0.824417,0.001543,-0.299102,-0.480492
15616042,0.823359,-0.001140,-0.302121,-0.480417
15624375,0.822431,-0.002158,-0.306696,-0.479103
15632708,0.819770,-0.008930,-0.310293,-0.481265
15641041,0.817908,-0.013131,-0.311283,-0.483690
15649374,0.817738,-0.014480,-0.310436,-0.484483
15657707,0.817986,-0.012973,-0.310330,-0.484176
15666040,0.817495,-0.014194,-0.311238,-0.484388
15674373,0.818978,-0.009385,-0.308109,-0.483999
15682706,0.819013,-0.010446,-0.309946,-0.482745
15691039,0.820141,-0.007536,-0.308122,-0.482051
15699372,0.821089,-0.009000,-0.305325,-0.482192
15707705,0.821328,-0.006592,-0.306448,-0.481110
15716038,0.822262,-0.006114,-0.304084,-0.481020
15724371,0.823151,-0.003474,-0.301216,-0.481332
15732704,0.824406,-0.000397,-0.298799,-0.480702
15741037,0.824836,-0.002207,-0.296682,-0.481271
15749370,0.825121,-0.001380,-0.294681,-0.482013
15757703,0.824678,-0.002124,-0.294282,-0.483011
15766036,0.824311,-0.003984,-0.298617,-0.480961
15774369,0.821939,-0.012015,-0.295673,-0.486672
15782702,0.825722,-0.002441,-0.285653,-0.486395
15791035,0.827898,-0.000981,-0.278346,-0.486936
15799368,0.826588,0.001009,-0.290040,-0.482315
15807701,0.826629,0.001370,-0.288312,-0.483280
15816034,0.827848,0.002483,-0.285524,-0.482843
15824367,0.829497,0.006603,-0.281754,-0.482188
15832700,0.830865,0.008880,-0.279894,-0.480878
15841033,0.831633,0.010961,-0.281073,-0.478815
15849366,0.832497,0.011848,-0.281081,-0.477286
15857699,0.832297,0.013119,-0.279719,-0.478400
15866032,0.833305,0.018339,-0.276404,-0.478402
15874365,0.833001,0.017583,-0.275817,-0.479297
15882698,0.832852,0.017658,-0.275948,-0.479478
15891031,0.833053,0.019720,-0.276486,-0.478736
15899364,0.832876,0.023913,-0.277494,-0.478270
15907697,0.832880,0.024693,-0.278144,-0.477846
15916030,0.832014,0.021042,-0.279361,-0.478818
15924363,0.831773,0.022343,-0.277971,-0.479985
15932696,0.831432,0.022476,-0.279169,-0.479874
15941029,0.831300,0.022317,-0.275699,-0.482112
15949362,0.831237,0.021622,-0.278121,-0.480860
15957695,0.830862,0.020675,-0.279815,-0.480566
15966028,0.830175,0.019991,-0.279762,-0.481812
15974361,0.830281,0.018167,-0.278157,-0.482630
15982694,0.830085,0.016129,-0.278758,-0.482693
15991027,0.829405,0.013037,-0.280203,-0.483118
15999360,0.828957,0.014172,-0.281475,-0.483117
16007693,0.828383,0.012748,-0.282505,-0.483539
16016026,0.828583,0.013724,-0.281416,-0.483805
16024359,0.828873,0.014836,-0.280139,-0.484015
16032692,0.829266,0.015184,-0.277538,-0.484830
16041025,0.829487,0.014859,-0.276240,-0.485202
16049358,0.829543,0.015234,-0.277380,-0.484445
16057691,0.829830,0.015882,-0.273500,-0.486135
16066023,0.830302,0.016833,-0.270983,-0.486706
16074357,0.831091,0.017849,-0.269361,-0.486224
16082690,0.831179,0.018891,-0.266740,-0.487477
16091023,0.831384,0.019826,-0.266312,-0.487325
16099356,0.831588,0.019028,-0.266988,-0.486639
16107689,0.831881,0.019694,-0.263579,-0.487967
16116022,0.832818,0.020715,-0.260672,-0.487888
16124355,0.832434,0.020443,-0.264233,-0.486637
16132688,0.832634,0.019434,-0.261546,-0.487787
16141020,0.833639,0.018258,-0.259135,-0.487403
16149353,0.833866,0.017761,-0.258929,-0.487143
16157687,0.834271,0.014359,-0.258704,-0.486680
16166020,0.834668,0.013546,-0.257141,-0.486851
16174353,0.835203,0.015074,-0.256294,-0.486335
16182686,0.834694,0.012216,-0.256123,-0.487378
16191019,0.834301,0.008924,-0.257082,-0.487619
16199352,0.833739,0.005587,-0.261320,-0.486373
16207685,0.833805,0.004158,-0.259295,-0.487358
16216018,0.834069,0.007844,-0.258684,-0.487185
16224350,0.833346,0.013042,-0.262589,-0.486222
16232683,0.832921,0.007197,-0.261445,-0.487685
16241017,0.834211,0.006104,-0.262554,-0.484892
16249350,0.833838,-0.001276,-0.263466,-0.485076
16257683,0.835080,0.006761,-0.268031,-0.480370
16266016,0.834359,0.005415,-0.270692,-0.480146
16274349,0.833938,0.006176,-0.270273,-0.481105
16282682,0.833395,0.005260,-0.268291,-0.483161
16291015,0.830362,-0.003848,-0.272451,-0.486059
16299348,0.829779,-0.001624,-0.273330,-0.486574
16307680,0.829540,0.000110,-0.273565,-0.486853
16316014,0.828812,-0.003116,-0.270896,-0.489568
16324347,0.825828,-0.010555,-0.273154,-0.493237
16332680,0.824787,-0.012374,-0.273814,-0.494571
16341013,0.822315,-0.009047,-0.280835,-0.494821
16349346,0.823548,-0.003487,-0.284143,-0.490936
16357679,0.823812,-0.004969,-0.283373,-0.490926
16366012,0.822364,-0.008332,-0.287502,-0.490908
16374345,0.821607,-0.011315,-0.289776,-0.490779
16382677,0.810575,-0.028575,-0.293703,-0.505856
16391010,0.804429,-0.034668,-0.297278,-0.513145
16399344,0.802672,-0.036254,-0.304086,-0.511796
16407677,0.801341,-0.038833,-0.305562,-0.512813
16416010,0.799803,-0.037591,-0.302478,-0.517116
16424343,0.797946,-0.043335,-0.296818,-0.522784
16432676,0.795115,-0.053602,-0.293128,-0.528200
16441009,0.794014,-0.056000,-0.294273,-0.528970
16449342,-0.793621,0.054347,0.296678,0.528389
16457675,-0.791261,0.051154,0.298937,0.530968
16466007,-0.789068,0.051698,0.301162,0.532917
16474340,-0.788108,0.050074,0.299621,0.535355
16482674,-0.788296,0.046849,0.297918,0.536321
16491007,-0.786455,0.045706,0.299628,0.538166
16499340,-0.785769,0.038340,0.301951,0.538444
16507673,-0.786635,0.034403,0.301456,0.537723
16516006,-0.785441,0.035748,0.305321,0.537199
16524339,-0.785779,0.040997,0.307493,0.535087
16532672,-0.785662,0.041428,0.305981,0.536092
16541005,-0.787542,0.033924,0.302615,0.535772
16549337,-0.791283,0.027833,0.299143,0.532551
16557671,-0.791185,0.025378,0.293240,0.536091
16566004,-0.792262,0.025978,0.291027,0.535677
16574337,-0.794458,0.025710,0.291578,0.532125
16582670,-0.796651,0.023566,0.293372,0.527943
16591003,-0.799506,0.019183,0.292733,0.524147
16599336,0.799763,-0.025793,-0.296552,-0.521317
16607669,0.799938,-0.026980,-0.293204,-0.522879
16616002,0.804847,-0.019392,-0.291612,-0.516534
16624334,0.803205,-0.032853,-0.290749,-0.518891
16632667,0.806422,-0.025343,-0.288344,-0.515654
16641001,0.807596,-0.023582,-0.287790,-0.514207
16649334,0.810626,-0.022179,-0.280486,-0.513537
16657667,0.812513,-0.020465,-0.278733,-0.511577
16666000,0.814289,-0.018767,-0.281347,-0.507370
16674333,0.821399,-0.001713,-0.274149,-0.500143
16682666,0.823828,0.003289,-0.273538,-0.496460
16690999,0.825944,-0.000262,-0.266497,-0.496785
16699332,0.828634,0.002115,-0.261423,-0.494995
16707664,0.831291,0.005258,-0.257051,-0.492800
16715997,0.834225,0.008677,-0.252229,-0.490279
16724331,0.836156,0.011697,-0.254011,-0.485987
16732664,0.839185,0.015724,-0.253102,-0.481104
16740997,0.842541,0.018411,-0.248675,-0.477437
16749330,0.845224,0.020199,-0.242501,-0.475796
16757663,0.847828,0.019684,-0.241158,-0.471851
16765996,0.850757,0.020998,-0.238163,-0.468028
16774329,0.853896,0.024067,-0.230779,-0.465858
16782662,0.855936,0.029314,-0.228613,-0.462872
16790995,0.858403,0.028750,-0.229924,-0.457659
16799328,0.860301,0.026615,-0.229037,-0.454660
16807661,0.864896,0.034287,-0.224411,-0.447682
16815994,0.867134,0.038723,-0.222584,-0.443886
16824327,0.867490,0.038514,-0.221506,-0.443748
16832660,0.868229,0.038435,-0.220536,-0.442793
16840993,0.868976,0.040075,-0.217097,-0.442882
16849326,0.870499,0.042209,-0.216563,-0.439944
16857659,0.870237,0.041250,-0.216483,-0.440591
16865992,0.870253,0.040986,-0.216485,-0.440584
16874325,0.870207,0.041086,-0.216677,-0.440572
16882658,0.869867,0.041038,-0.217663,-0.440760
16890991,0.869770,0.041031,-0.218268,-0.440653
16899324,0.869847,0.039891,-0.219543,-0.439973
16907657,0.868902,0.036592,-0.221624,-0.441083
16915990,0.867627,0.036769,-0.224126,-0.442310
16924323,0.866383,0.035237,-0.225232,-0.444308
16932656,0.865181,0.032995,-0.228969,-0.444912
16940989,0.863601,0.034017,-0.230719,-0.446995
16949322,0.862257,0.032559,-0.230294,-0.449908
16957655,0.861663,0.034247,-0.229258,-0.451446
16965988,0.859662,0.032372,-0.230840,-0.454583
16974321,0.857527,0.029498,-0.232893,-0.457754
16982654,0.855840,0.027158,-0.239057,-0.457878
16990987,0.854403,0.024538,-0.243060,-0.458602
16999320,0.853397,0.021686,-0.244272,-0.459973
17007653,0.852352,0.020539,-0.243231,-0.462507
17015986,0.850937,0.021764,-0.241548,-0.465926
17024319,0.847999,0.019863,-0.245017,-0.469542
17032652,0.845633,0.015488,-0.249588,-0.471562
17040985,0.845002,0.012784,-0.241361,-0.477025
17049318,0.841833,0.015512,-0.260924,-0.472224
17057651,0.840282,0.014860,-0.268927,-0.470514
17065984,0.839705,0.010818,-0.266834,-0.472839
17074317,0.839406,0.008109,-0.268234,-0.472634
17082650,0.838977,0.012033,-0.267527,-0.473712
17090983,0.837789,0.010756,-0.270321,-0.474258
17099316,0.838194,0.011682,-0.270466,-0.473438
17107649,0.836975,0.009927,-0.270416,-0.475656
17115982,0.836304,0.008190,-0.273408,-0.475160
17124315,0.835769,0.008093,-0.275005,-0.475181
17132648,0.835307,0.007645,-0.275394,-0.475775
17140981,0.834796,0.007931,-0.275639,-0.476525
17149314,0.835011,0.007693,-0.275361,-0.476312
17157647,0.835607,0.008571,-0.271109,-0.477689
17165980,0.836767,0.009963,-0.263259,-0.480016
17174313,0.835941,0.005314,-0.265658,-0.480209
17182646,0.834627,0.005010,-0.272623,-0.478590
17190979,0.834189,0.005238,-0.275592,-0.477650
17199312,0.834320,0.004353,-0.277032,-0.476596
17207645,0.835193,0.005048,-0.278024,-0.474478
17215978,0.835736,0.006563,-0.278309,-0.473336
17224311,0.835850,0.007427,-0.279043,-0.472689
17232644,-0.834458,-0.004387,0.276617,0.476596
17240977,-0.835940,-0.009906,0.271944,0.476605
17249310,-0.836226,-0.012525,0.273506,0.475145
17257643,-0.835622,-0.011226,0.275853,0.474885
17265976,-0.835435,-0.010547,0.275940,0.475178
17274309,-0.834526,-0.006652,0.279050,0.475029
17282642,-0.834410,-0.005099,0.280981,0.474114
17290975,-0.834198,-0.007710,0.278295,0.476031
17299308,-0.832942,-0.008218,0.278693,0.477986
17307641,-0.832677,-0.006851,0.278638,0.478501
17315974,-0.831827,0.000003,0.281402,0.478411
17324307,-0.830554,0.000425,0.280900,0.480910
17332640,-0.828206,0.004531,0.283102,0.483639
17340973,-0.828395,0.004295,0.283662,0.482990
17349306,-0.828911,0.005188,0.278882,0.484876
17357639,-0.829356,0.005381,0.274220,0.486768
17365972,-0.829582,-0.000615,0.278046,0.484235
17374305,-0.829388,-0.003994,0.277361,0.484943
17382638,-0.829638,-0.004546,0.275942,0.485321
17390971,-0.829283,-0.003907,0.281709,0.482613
17399304,-0.829687,-0.003432,0.280385,0.482693
17407637,-0.829767,-0.004109,0.279121,0.483281
17415970,-0.829323,-0.005940,0.278631,0.484307
17424303,-0.829392,-0.006060,0.278952,0.484001
17432636,-0.831874,-0.018318,0.265823,0.486814
17440969,-0.829479,-0.010264,0.282241,0.481870
17449302,-0.828475,-0.006473,0.286651,0.481059
17457635,-0.830069,-0.012556,0.283581,0.480010
17465968,-0.829355,-0.009995,0.283037,0.481622
17474301,-0.827548,-0.005161,0.287626,0.482088
17482634,-0.824505,-0.000998,0.287373,0.487450
17490967,-0.825148,-0.003776,0.285528,0.487432
17499300,-0.823819,-0.001031,0.286018,0.489403
17507633,-0.824735,-0.007868,0.287861,0.486710
17515966,-0.824135,-0.009029,0.292529,0.484920
17524299,-0.822123,-0.005450,0.289254,0.490323
17532632,-0.816781,0.005594,0.287943,0.499926
17540965,-0.814511,0.008256,0.288765,0.503108
17549298,-0.815062,-0.000365,0.288873,0.502222
17557631,-0.815968,-0.002417,0.292264,0.498771
17565964,-0.813722,0.000274,0.290681,0.503350
17574297,-0.814262,-0.002628,0.292890,0.501185
17582630,-0.815223,-0.001766,0.295629,0.498007
17590963,-0.814374,0.001825,0.295102,0.499706
17599296,-0.810510,0.005720,0.294092,0.506508
17607629,-0.810133,0.001178,0.291223,0.508794
17615962,-0.811746,-0.000356,0.290766,0.506481
17624295,-0.812196,-0.000278,0.291427,0.505378
17632628,-0.811099,0.000283,0.293644,0.505857
17640961,-0.809315,-0.000367,0.303419,0.502937
17649294,-0.809988,0.003103,0.299327,0.504295
17657627,-0.808109,0.003483,0.301879,0.505784
17665960,-0.807030,0.008498,0.306010,0.504963
17674293,-0.806873,0.009700,0.304339,0.506201
17682626,-0.806791,0.011020,0.303018,0.507097
17690959,-0.806343,0.007080,0.305455,0.506417
17699292,-0.805686,0.006928,0.305431,0.507478
17707625,-0.805576,0.007776,0.305422,0.507646
17715958,-0.805205,0.008563,0.305648,0.508086
17724291,-0.804461,0.013131,0.303757,0.510296
17732624,-0.805155,0.011235,0.302645,0.509908
17740957,-0.805220,0.009554,0.302191,0.510108
17749290,-0.805332,0.010212,0.303170,0.509337
17757623,-0.804598,0.012823,0.303643,0.510155
17765956,-0.804646,0.011704,0.304090,0.509841
17774289,-0.804837,0.008055,0.304995,0.509069
17782622,-0.805936,0.006082,0.301835,0.509241
17790955,-0.806879,0.007807,0.301866,0.507704
17799288,-0.810094,-0.000569,0.298830,0.504428
17807621,-0.810773,0.000782,0.292726,0.506910
17815954,-0.810005,0.003499,0.292337,0.508349
17824287,-0.809769,0.006581,0.292721,0.508474
17832620,-0.811576,0.004558,0.292551,0.505704
17840953,-0.809922,0.011358,0.296827,0.505757
17849286,-0.810427,0.006719,0.303035,0.501331
17857619,-0.811193,0.007470,0.303078,0.500053
17865952,-0.812777,0.011757,0.296421,0.501388
17874285,-0.816316,0.002166,0.293569,0.497434
17882618,-0.816896,0.000912,0.294455,0.495961
17890951,-0.815646,-0.000062,0.295110,0.497625
17899284,-0.816932,0.005004,0.292181,0.497219
17907617,-0.815555,0.006307,0.290382,0.500508
17915950,-0.817520,0.002636,0.288874,0.498203
17924283,-0.818213,-0.002125,0.286494,0.498443
17932616,-0.817605,0.004446,0.286561,0.499384
17940949,-0.817120,0.007127,0.285927,0.500509
17949282,-0.817772,0.004979,0.288727,0.497857
17957615,-0.818221,0.005967,0.290757,0.495923
17965948,-0.817842,0.008712,0.291980,0.495788
17974281,-0.817722,0.004243,0.290573,0.496870
17982614,-0.817058,0.004059,0.289809,0.498408
17990947,-0.816755,0.006584,0.291406,0.497947
17999280,-0.817206,0.003950,0.290472,0.497780
18007613,-0.816926,0.002728,0.290673,0.498131
18015946,-0.816033,0.004257,0.291168,0.499293
18024279,-0.816542,0.004319,0.293387,0.497156
18032612,-0.816424,0.004224,0.293286,0.497411
18040945,-0.815954,0.004283,0.292529,0.498626
18049278,-0.815567,0.004204,0.292627,0.499202
18057611,-0.817560,-0.004098,0.289816,0.497580
18065944,-0.816359,0.002104,0.288246,0.500467
18074277,-0.815706,0.003486,0.290686,0.500113
18082610,-0.816957,-0.003104,0.289162,0.498955
18090943,-0.816080,0.000455,0.290790,0.499454
18099276,-0.814924,0.003057,0.291577,0.500872
18107609,-0.815341,0.002959,0.291362,0.500319
18115942,-0.815076,0.003073,0.294605,0.498848
18124275,-0.815191,0.004312,0.292498,0.499889
18132608,-0.815374,0.005271,0.291397,0.500226
18140941,-0.814888,0.005789,0.295357,0.498687
18149274,-0.815436,0.004739,0.295963,0.497441
18157607,-0.815878,0.004871,0.293064,0.498429
18165940,-0.815944,0.004221,0.291780,0.499081
18174273,-0.816535,0.003197,0.291788,0.498116
18182606,-0.817839,0.001644,0.291548,0.496121
18190939,-0.818031,-0.002081,0.290201,0.496593
18199272,-0.818901,-0.002645,0.293049,0.493474
18207605,-0.818743,-0.004643,0.292565,0.494007
18215938,-0.820746,-0.010474,0.289699,0.492281
18224271,-0.820500,-0.008002,0.289518,0.492844
18232604,-0.820248,-0.008213,0.292082,0.491746
18240937,-0.820988,-0.011938,0.292299,0.490304
18249270,-0.821353,-0.010497,0.291471,0.490218
18257603,-0.821328,-0.006353,0.293483,0.489130
18265936,-0.821287,-0.004861,0.297519,0.486771
18274269,-0.821305,-0.000231,0.298680,0.486054
18282602,-0.824592,-0.003482,0.290618,0.485363
18290935,-0.823839,-0.000606,0.289546,0.487291
18299268,-0.825827,-0.006952,0.291804,0.482505
18307601,-0.825559,-0.006721,0.294593,0.481272
18315934,-0.823394,-0.006423,0.296789,0.483630
18324267,-0.822177,0.002167,0.298306,0.484802
18332600,-0.822615,-0.001688,0.298652,0.483849
18340933,-0.822327,0.002838,0.298772,0.484257
18349266,-0.825078,-0.001346,0.298118,0.479970
18357599,-0.822997,0.003162,0.300135,0.482271
18365932,-0.821491,0.004525,0.300865,0.484368
18374265,-0.821108,0.004535,0.301228,0.484792
18382598,-0.821162,0.002910,0.305641,0.481943
18390931,-0.821775,0.002435,0.303218,0.482430
18399264,-0.822086,-0.000136,0.305805,0.480268
18407597,-0.821970,0.000352,0.307731,0.479235
18415930,-0.823567,-0.002435,0.304415,0.478606
18424263,-0.829108,-0.019824,0.298446,0.472352
18432596,-0.824807,-0.007637,0.302341,0.477729
18440929,-0.823622,-0.003290,0.303517,0.479075
18449262,-0.826419,-0.009278,0.297491,0.477959
18457595,-0.826484,-0.007610,0.300285,0.476124
18465928,-0.825676,-0.005851,0.303142,0.475741
18474261,-0.826690,-0.005614,0.309092,0.470122
18482594,-0.827123,-0.008597,0.309520,0.469032
18490927,-0.828045,-0.008318,0.308623,0.467999
18499260,-0.828901,-0.011635,0.306791,0.467619
18507593,-0.828563,-0.010951,0.308583,0.467055
18515926,-0.829206,-0.008777,0.308583,0.465957
18524259,-0.830303,-0.010500,0.304825,0.466442
18532592,-0.830123,-0.003937,0.305609,0.466351
18540925,-0.830123,-0.004095,0.305506,0.466417
18549258,-0.831775,-0.008454,0.306673,0.462635
18557591,-0.831595,-0.009534,0.309269,0.461207
18565924,-0.832657,-0.008117,0.309378,0.459240
18574257,-0.831991,-0.004597,0.311665,0.458950
18582590,-0.833772,-0.005266,0.311837,0.455581
18590923,-0.834840,-0.004995,0.313248,0.452651
18599256,-0.840466,-0.017954,0.306011,0.446825
18607589,-0.839000,-0.011046,0.307479,0.448791
18615922,-0.842567,-0.018632,0.306217,0.442678
18624255,-0.839705,-0.009612,0.309624,0.446022
18632588,-0.836429,-0.002466,0.314453,0.448887
18640921,-0.835832,-0.000342,0.316228,0.448759
18649254,-0.837003,-0.001909,0.314123,0.448051
18657587,-0.840928,-0.005600,0.309673,0.443747
18665920,-0.842279,-0.011611,0.309003,0.441530
18674253,-0.844810,-0.015230,0.310521,0.435478
18682586,-0.843993,-0.012230,0.310519,0.437155
18690919,-0.845193,-0.011558,0.309203,0.435784
18699252,-0.843182,-0.002433,0.312584,0.437413
18707585,-0.846335,-0.009152,0.311898,0.431686
18715918,-0.847159,-0.011448,0.312373,0.429667
18724251,-0.845933,-0.004708,0.313339,0.431501
18732584,-0.846386,-0.005076,0.312150,0.431471
18740917,-0.847508,-0.006461,0.312205,0.429204
18749250,-0.847756,-0.004653,0.313306,0.427934
18757583,-0.849235,-0.008239,0.311270,0.426432
18765916,-0.852758,-0.013303,0.308228,0.421453
18774249,-0.854779,-0.013582,0.303513,0.420771
18782582,-0.854893,-0.011345,0.303770,0.420420
18790915,-0.852870,-0.002181,0.306106,0.422975
18799248,-0.852785,0.000442,0.306553,0.422827
18807581,-0.854317,-0.000177,0.303704,0.421791
18815914,-0.854893,0.001496,0.303684,0.420632
18824247,-0.856744,0.002717,0.303232,0.417171
18832580,-0.865857,-0.011575,0.292788,0.405503
18840913,-0.867998,-0.009044,0.293857,0.400182
18849246,-0.865207,0.001311,0.292343,0.407371
18857579,-0.871512,-0.010357,0.285239,0.398745
18865912,-0.868615,0.001411,0.287542,0.403517
18874245,-0.876322,-0.003835,0.282097,0.390469
18882578,-0.877062,-0.005604,0.277529,0.392058
18890911,-0.871183,0.006219,0.277788,0.404767
18899244,-0.870818,0.013337,0.275462,0.406964
18907577,-0.863179,0.035172,0.277858,0.420095
18915910,-0.865610,0.034298,0.272984,0.418358
18924243,-0.863348,0.043457,0.274133,0.421417
18932576,-0.854950,0.063873,0.280012,0.431942
18940909,-0.833707,0.099161,0.291095,0.458653
18949242,-0.844711,0.089606,0.281151,0.446530
18957575,-0.846653,0.088011,0.276637,0.445986
18965908,-0.847392,0.086654,0.267666,0.450303
18974241,-0.846746,0.093453,0.268619,0.449591
18982574,-0.848348,0.095752,0.262861,0.449491
18990907,-0.847867,0.103069,0.261791,0.449405
18999240,-0.844506,0.112645,0.260733,0.454026
19007573,-0.842002,0.118931,0.259379,0.457833
19015906,-0.837589,0.120599,0.255804,0.467403
19024239,-0.838243,0.127084,0.255385,0.464733
19032572,-0.835353,0.137231,0.255254,0.467117
19040905,-0.835864,0.138456,0.254826,0.466075
19049238,-0.838590,0.129788,0.246113,0.468349
19057571,-0.836652,0.138478,0.245076,0.469867
19065904,-0.838528,0.139119,0.239825,0.469042
19074237,-0.837659,0.148171,0.237482,0.469015
19082570,-0.841167,0.146586,0.230594,0.466665
19090903,-0.842574,0.152491,0.224046,0.465424
19099236,-0.841137,0.163388,0.224914,0.463903
19107569,-0.839648,0.172331,0.223429,0.464082
19115902,-0.839483,0.178834,0.219914,0.463599
19124235,-0.837261,0.190778,0.214654,0.465319
19132568,-0.835622,0.201061,0.209470,0.466296
19140901,-0.835750,0.206420,0.202063,0.466993
19149234,-0.832725,0.218175,0.200353,0.467791
19157567,-0.827618,0.227303,0.196625,0.474047
19165900,-0.825643,0.232064,0.192432,0.476895
19174233,-0.820851,0.247861,0.186996,0.479376
19182566,-0.817718,0.255930,0.174817,0.485053
19190899,-0.817275,0.261091,0.162178,0.487433
19199232,-0.819826,0.264568,0.150798,0.484923
19207565,-0.822424,0.269364,0.142400,0.480399
19215898,-0.830112,0.266535,0.133789,0.471140
19224231,-0.840523,0.255236,0.123437,0.461669
19232564,-0.846003,0.250226,0.115505,0.456426
19240897,-0.850632,0.243433,0.109639,0.452930
19249230,-0.857532,0.234340,0.105673,0.445598
19257563,-0.860226,0.225404,0.096735,0.447041
19265896,-0.860710,0.219660,0.089739,0.450416
19274229,-0.859461,0.208819,0.082380,0.459277
19282562,-0.856294,0.204686,0.077929,0.467752
19290895,-0.854952,0.190591,0.070670,0.477220
19299228,-0.857199,0.179749,0.065845,0.478083
19307561,-0.858502,0.168229,0.059234,0.480797
19315894,-0.861538,0.150945,0.049071,0.482245
19324227,-0.865030,0.136363,0.038457,0.481299
19332560,-0.865393,0.123970,0.025925,0.484824
19340893,-0.867627,0.112861,0.013061,0.484061
19349226,-0.868681,0.100758,-0.001689,0.485014
19357559,-0.868917,0.090077,-0.017615,0.486373
19365892,-0.869790,0.078448,-0.031951,0.486097
19374225,-0.869341,0.069006,-0.046130,0.487193
19382558,-0.864803,0.062200,-0.064109,0.494101
19390891,-0.863420,0.050990,-0.080442,0.495414
19399224,-0.862546,0.039709,-0.093649,0.495649
19407557,-0.859081,0.031646,-0.107092,0.499509
19415890,-0.858138,0.021733,-0.125327,0.497413
19424223,-0.856595,0.013081,-0.140389,0.496351
19432556,-0.855807,0.006425,-0.152975,0.494117
19440889,-0.853728,-0.000150,-0.165335,0.493774
19449222,-0.852772,-0.006069,-0.176606,0.491481
19457555,-0.854897,-0.008821,-0.183093,0.485335
19465888,-0.854587,-0.009743,-0.188121,0.483939
19474221,-0.856172,-0.008271,-0.189775,0.480506
19482554,-0.858890,-0.004535,-0.190022,0.475583
19490887,-0.863430,-0.004176,-0.188214,0.468025
19499220,-0.862570,-0.004716,-0.188043,0.469671
19507553,-0.862546,-0.003342,-0.188608,0.469500
19515886,-0.865525,-0.004871,-0.189302,0.463690
19524219,-0.868544,-0.003768,-0.188452,0.458370
19532552,-0.872708,0.000285,-0.186310,0.451297
19540885,-0.871900,-0.001260,-0.188900,0.451780
19549218,-0.871786,-0.000993,-0.192024,0.450682
19557551,-0.871801,-0.000838,-0.193468,0.450036
19565884,-0.870418,-0.002609,-0.195135,0.451983
19574217,-0.870609,-0.001240,-0.195247,0.451572
19582550,-0.870057,-0.002113,-0.195953,0.452326
19590883,-0.872316,-0.002707,-0.195034,0.448351
19599216,-0.873765,-0.004418,-0.195367,0.445362
19607549,-0.873105,-0.004742,-0.196513,0.446148
19615882,-0.872566,-0.004271,-0.197788,0.446643
19624215,-0.872795,-0.003741,-0.197171,0.446474
19632548,-0.873738,-0.003145,-0.196531,0.444912
19640881,-0.872776,-0.000338,-0.196278,0.446920
19649214,-0.872936,0.000054,-0.195705,0.446858
19657547,-0.874561,0.002216,-0.193390,0.444679
19665880,-0.875197,0.003460,-0.192342,0.443872
19674213,-0.875719,0.004291,-0.192076,0.442949
19682546,-0.876049,0.004821,-0.192312,0.442189
19690879,-0.876099,0.004680,-0.192645,0.441946
19699212,-0.876741,0.004854,-0.193034,0.440500
19707545,-0.876928,0.004668,-0.193207,0.440052
19715878,-0.876695,0.004834,-0.193601,0.440341
19724211,-0.877133,0.005298,-0.193404,0.439550
19732544,-0.877812,0.005875,-0.192712,0.438490
19740877,-0.877978,0.006082,-0.192012,0.438462
19749210,-0.877838,0.006128,-0.191696,0.438879
19757543,-0.878093,0.007702,-0.191226,0.438550
19765876,-0.878430,0.008802,-0.190012,0.438382
19774209,-0.878870,0.009180,-0.188622,0.438092
19782542,-0.879664,0.010141,-0.187034,0.437157
19790875,-0.879415,0.011651,-0.186109,0.438015
19799208,-0.879290,0.012576,-0.184862,0.438767
19807541,-0.880017,0.011666,-0.184038,0.437679
19815874,-0.879698,0.013654,-0.183030,0.438685
19824207,-0.879811,0.014620,-0.181817,0.438931
19832540,-0.879911,0.015735,-0.180894,0.439074
19840873,-0.879890,0.016147,-0.180044,0.439450
19849206,-0.879835,0.016617,-0.179333,0.439834
19857539,-0.879720,0.017052,-0.178451,0.440405
19865872,-0.879636,0.016767,-0.177838,0.440832
19874205,-0.879423,0.014670,-0.177593,0.441430
19882538,-0.879718,0.016285,-0.176115,0.441378
19890871,-0.879804,0.017926,-0.175173,0.441518
19899204,-0.880275,0.015895,-0.174460,0.440940
19907537,-0.879615,0.016500,-0.173697,0.442531
19915870,-0.879843,0.017947,-0.172818,0.442366
19924203,-0.879976,0.018079,-0.171749,0.442513
19932536,-0.880618,0.019464,-0.174126,0.440242
19940869,-0.880331,0.020253,-0.172443,0.441442
19949202,-0.880276,0.020292,-0.171050,0.442091
19957535,-0.880092,0.021206,-0.170281,0.442710
19965868,-0.879998,0.021516,-0.169234,0.443284
19974201,-0.880332,0.021320,-0.168419,0.442940
19982534,-0.880511,0.020411,-0.167906,0.442822
19990867,-0.880218,0.021091,-0.167126,0.443667
19999200,-0.880375,0.022022,-0.166318,0.443614
20007533,-0.880186,0.022008,-0.166202,0.444033
20015866,-0.880147,0.022540,-0.165007,0.444529
20024199,-0.880871,0.020845,-0.164561,0.443341
20032532,-0.880573,0.022224,-0.163958,0.444088
20040865,-0.880704,0.020650,-0.163975,0.443898
20049198,-0.880937,0.019367,-0.163883,0.443529
20057531,-0.881009,0.019298,-0.164052,0.443326
20065864,-0.880592,0.019789,-0.163063,0.444495
20074197,-0.880547,0.020051,-0.162318,0.444845
20082530,-0.880902,0.021039,-0.161844,0.444269
20090863,-0.880884,0.021550,-0.161487,0.444410
20099196,-0.880936,0.021496,-0.160705,0.444594
20107529,-0.883233,0.023537,-0.159062,0.440504
20115862,-0.883650,0.023738,-0.157976,0.440048
20124195,-0.884212,0.024915,-0.157180,0.439138
20132528,-0.883165,0.024251,-0.157932,0.441010
20140861,-0.882516,0.024298,-0.157800,0.442352
20149194,-0.880762,0.022106,-0.158531,0.445687
20157527,-0.882059,0.023270,-0.157417,0.443453
20165860,-0.882563,0.023887,-0.157099,0.442530
20174193,-0.882500,0.023623,-0.157082,0.442675
20182526,-0.882477,0.023621,-0.156955,0.442766
20190859,-0.882356,0.023815,-0.157129,0.442935
20199192,-0.881990,0.023463,-0.157279,0.443629
20207525,-0.881482,0.022409,-0.157276,0.444692
20215858,-0.882276,0.023260,-0.156638,0.443297
20224191,-0.882457,0.023634,-0.155928,0.443168
20232524,-0.881267,0.022958,-0.156092,0.445506
20240857,-0.881511,0.023939,-0.156182,0.444941
20249190,-0.881831,0.024492,-0.155892,0.444378
20257523,-0.881307,0.023446,-0.155993,0.445438
20265856,-0.881893,0.024168,-0.156046,0.444218
20274189,-0.881543,0.022858,-0.156487,0.444827
20282522,-0.882256,0.023760,-0.155984,0.443540
20290855,-0.881120,0.022571,-0.156669,0.445616
20299188,-0.882054,0.023508,-0.156141,0.443900
20307521,-0.881696,0.023019,-0.156580,0.444484
20315854,-0.881351,0.022357,-0.156627,0.445183
20324187,-0.881366,0.022363,-0.156684,0.445133
20332520,-0.881391,0.021993,-0.155711,0.445444
20340853,-0.881839,0.025047,-0.156284,0.444194
20349186,-0.881185,0.022801,-0.156220,0.445633
20357519,-0.881218,0.021795,-0.156104,0.445659
20365852,-0.881276,0.021729,-0.156006,0.445580
20374185,-0.881441,0.021697,-0.156240,0.445175
20382518,-0.881206,0.021920,-0.155576,0.445862
20390851,-0.881342,0.021979,-0.155613,0.445576
20399184,-0.881253,0.021876,-0.155713,0.445722
20407517,-0.882738,0.023165,-0.154433,0.443156
20415850,-0.882240,0.022322,-0.154810,0.444059
20424183,-0.882778,0.022424,-0.154469,0.443101
20432516,-0.882109,0.021160,-0.154797,0.444380
20440849,-0.881817,0.021441,-0.154928,0.444901
20449182,-0.881610,0.020832,-0.154569,0.445464
20457515,-0.881391,0.021181,-0.155006,0.445730
20465848,-0.881622,0.020899,-0.154752,0.445374
20474181,-0.881318,0.020907,-0.154972,0.445897
20482514,-0.881563,0.020740,-0.154367,0.445632
20490847,-0.881596,0.021416,-0.154616,0.445447
20499180,-0.881368,0.020512,-0.154779,0.445885
20507513,-0.881309,0.019841,-0.154533,0.446116
20515846,-0.881492,0.020117,-0.154014,0.445922
20524179,-0.881687,0.019615,-0.153642,0.445689
20532512,-0.881631,0.019914,-0.153758,0.445745
20540845,-0.881641,0.019755,-0.153813,0.445714
20549178,-0.881754,0.019450,-0.153829,0.445497
20557511,-0.881910,0.019769,-0.154220,0.445039
20565844,-0.880973,0.022096,-0.155007,0.446509
20574177,-0.880992,0.021735,-0.155346,0.446373
20582510,-0.881495,0.021208,-0.155499,0.445350
20590843,-0.881268,0.021139,-0.155626,0.445757
20599176,-0.880754,0.023306,-0.155572,0.446683
20607509,-0.881274,0.021752,-0.155690,0.445695
20615842,-0.881504,0.020558,-0.155796,0.445259
20624175,-0.881206,0.022093,-0.155408,0.445911
20632508,-0.881225,0.021557,-0.155873,0.445737
20640841,-0.881429,0.021355,-0.156080,0.445271
20649174,-0.881174,0.020992,-0.156524,0.445637
20657507,-0.880779,0.020867,-0.156455,0.446447
20665840,-0.881260,0.020341,-0.155657,0.445800
20674173,-0.880675,0.020015,-0.156261,0.446759
20682506,-0.881024,0.020426,-0.156644,0.445917
20690839,-0.881198,0.021092,-0.156507,0.445590
20699172,-0.881224,0.021049,-0.156216,0.445644
20707505,-0.881262,0.020660,-0.155821,0.445724
20715838,-0.880732,0.020295,-0.155908,0.446757
20724171,-0.881527,0.021698,-0.155335,0.445321
20732504,-0.882356,0.022172,-0.154710,0.443871
20740837,-0.881464,0.021444,-0.155607,0.445363
20749170,-0.880720,0.020915,-0.155929,0.446745
20757503,-0.880650,0.021237,-0.156220,0.446766
20765836,-0.880970,0.020645,-0.155573,0.446389
20774169,-0.881958,0.021841,-0.154914,0.444607
20782502,-0.881957,0.021878,-0.155087,0.444546
20790835,-0.882157,0.021944,-0.155123,0.444133
20799168,-0.880786,0.021113,-0.156313,0.446472
20807501,-0.881456,0.021472,-0.155386,0.445455
20815834,-0.880968,0.020267,-0.155338,0.446493
20824167,-0.881148,0.021189,-0.155848,0.445915
20832500,-0.881323,0.021491,-0.155944,0.445522
20840833,-0.881387,0.021772,-0.155805,0.445430
20849166,-0.881085,0.021024,-0.156104,0.445959
20857499,-0.880815,0.020744,-0.156273,0.446445
20865832,-0.880961,0.021135,-0.156218,0.446157
20874165,-0.881623,0.021354,-0.156119,0.444873
20882498,-0.881293,0.021126,-0.156617,0.445362
20890831,-0.881177,0.021226,-0.156753,0.445539
20899164,-0.881152,0.020811,-0.156412,0.445729
20907497,-0.880647,0.020199,-0.157038,0.446534
20915830,-0.881561,0.020630,-0.156413,0.444927
20924163,-0.881937,0.021026,-0.156359,0.444182
20932496,-0.881688,0.020870,-0.156866,0.444504
20940829,-0.881402,0.021497,-0.157863,0.444687
20949162,-0.880654,0.020388,-0.158328,0.446056
20957495,-0.881049,0.020988,-0.158142,0.445312
20965828,-0.881298,0.021589,-0.158478,0.444671
20974161,-0.881249,0.021293,-0.158455,0.444791
20982494,-0.880642,0.020546,-0.159284,0.445730
20990827,-0.880747,0.020942,-0.158876,0.445650
20999160,-0.880896,0.020555,-0.158296,0.445580
21007493,-0.879867,0.019491,-0.159683,0.447163
21015826,-0.880609,0.020233,-0.159518,0.445726
21024159,-0.880213,0.019867,-0.160053,0.446334
21032492,-0.879978,0.019665,-0.160239,0.446738
21040825,-0.879785,0.019629,-0.160526,0.447018
21049158,-0.879728,0.019082,-0.160214,0.447265
21057491,-0.879848,0.018653,-0.160358,0.446995
21065824,-0.879762,0.018798,-0.160396,0.447146
21074157,-0.879715,0.018781,-0.160502,0.447200
21082490,-0.879862,0.018980,-0.160604,0.446866
21090823,-0.880627,0.020115,-0.160303,0.445415
21099156,-0.880010,0.019104,-0.160752,0.446516
21107489,-0.880167,0.018876,-0.160744,0.446219
21115822,-0.880245,0.018832,-0.161107,0.445936
21124155,-0.880906,0.019668,-0.160414,0.444842
21132488,-0.880557,0.018980,-0.160666,0.445472
21140821,-0.880901,0.019683,-0.160301,0.444893
21149154,-0.880509,0.018947,-0.160573,0.445602
21157487,-0.880981,0.019447,-0.159947,0.444873
21165820,-0.880475,0.018763,-0.160515,0.445697
21174153,-0.881019,0.019510,-0.160003,0.444773
21182486,-0.881147,0.019867,-0.159919,0.444534
21190819,-0.879905,0.018109,-0.161306,0.446563
21199152,-0.879584,0.017656,-0.161332,0.447205
21207485,-0.881290,0.018740,-0.159920,0.444301
21215818,-0.880843,0.017917,-0.160509,0.445008
21224151,-0.881270,0.018720,-0.160528,0.444122
21232484,-0.881514,0.018935,-0.160318,0.443703
21240817,-0.880448,0.017768,-0.161129,0.445571
21249150,-0.881290,0.017730,-0.159731,0.444409
21257483,-0.880511,0.017077,-0.160676,0.445636
21265816,-0.881512,0.017951,-0.160033,0.443850
21274149,-0.880756,0.017010,-0.160636,0.445169
21282482,-0.881431,0.017519,-0.159566,0.444197
21290815,-0.881721,0.017438,-0.159367,0.443697
21299148,-0.881819,0.017638,-0.159664,0.443387
21307481,-0.880953,0.016294,-0.160399,0.444892
21315814,-0.881527,0.017192,-0.160164,0.443804
21324147,-0.880479,0.016387,-0.160673,0.445726
21332480,-0.880663,0.016286,-0.160578,0.445402
21340813,-0.880499,0.016256,-0.160752,0.445664
21349146,-0.880515,0.015719,-0.160506,0.445741
21357479,-0.881793,0.017052,-0.159378,0.443565
21365812,-0.881935,0.017610,-0.159452,0.443233
21374145,-0.881856,0.017525,-0.159587,0.443345
21382478,-0.881125,0.016251,-0.160264,0.444601
21390811,-0.882014,0.016937,-0.159229,0.443182
21399144,-0.880703,0.016255,-0.160491,0.445354
21407477,-0.881704,0.017073,-0.159717,0.443619
21415810,-0.881913,0.017416,-0.159421,0.443295
21424143,-0.882350,0.017756,-0.159115,0.442521
21432476,-0.880855,0.016455,-0.160100,0.445188
21440809,-0.881605,0.017636,-0.159439,0.443892
21449142,-0.882123,0.017642,-0.158658,0.443142
21457475,-0.882088,0.017841,-0.158929,0.443108
21465808,-0.882279,0.017599,-0.158796,0.442784
21474141,-0.882406,0.017642,-0.158618,0.442594
21482474,-0.882029,0.018168,-0.159224,0.443105
21490807,-0.882273,0.018025,-0.158706,0.442811
21499140,-0.882282,0.018100,-0.158921,0.442713
21507473,-0.882517,0.017350,-0.158169,0.442545
21515806,-0.881186,0.016537,-0.159597,0.444709
21524139,-0.881825,0.017690,-0.159069,0.443587
21532472,-0.882160,0.018040,-0.159087,0.442899
21540805,-0.882187,0.017943,-0.159229,0.442799
21549138,-0.880873,0.015914,-0.159886,0.445249
21557471,-0.881669,0.017668,-0.159650,0.443689
21565804,-0.880833,0.016460,-0.159880,0.445310
21574137,-0.881625,0.017855,-0.159433,0.443847
21582470,-0.882417,0.017937,-0.158730,0.442519
21590803,-0.882231,0.018005,-0.158913,0.442821
21599136,-0.881733,0.018662,-0.160053,0.443376
21607469,-0.881943,0.018793,-0.160033,0.442960
21615802,-0.881932,0.018766,-0.160121,0.442949
21624135,-0.880754,0.017654,-0.160478,0.445205
21632468,-0.881405,0.018687,-0.159786,0.444123
21640801,-0.881713,0.019515,-0.159774,0.443479
21649134,-0.881592,0.019428,-0.160087,0.443611
21657467,-0.881358,0.019476,-0.160260,0.444011
21665800,-0.881059,0.018950,-0.160381,0.444582
21674133,-0.881200,0.019055,-0.160261,0.444343
21682466,-0.881274,0.019549,-0.160334,0.444147
21690799,-0.881332,0.019775,-0.160249,0.444053
21699132,-0.881229,0.019542,-0.160296,0.444252
21707465,-0.881227,0.019569,-0.160137,0.444311
21715798,-0.881041,0.020049,-0.160444,0.444548
21724131,-0.881167,0.019756,-0.159907,0.444504
21732464,-0.881107,0.019768,-0.160307,0.444479
21740797,-0.881092,0.019934,-0.160367,0.444480
21749130,-0.881078,0.019966,-0.160394,0.444497
21757463,-0.880853,0.019916,-0.160509,0.444902
21765796,-0.880949,0.019925,-0.160530,0.444705
21774129,-0.881121,0.020093,-0.160422,0.444395
21782462,-0.880886,0.020162,-0.160585,0.444798
21790795,-0.880999,0.020131,-0.160640,0.444556
21799128,-0.881008,0.020191,-0.160524,0.444577
21807461,-0.880929,0.020148,-0.160908,0.444598
21815794,-0.880986,0.020201,-0.160750,0.444540
21824127,-0.880958,0.020191,-0.160651,0.444631
21832460,-0.880860,0.020476,-0.161025,0.444676
21840793,-0.880684,0.019969,-0.161171,0.444995
21849126,-0.880512,0.020213,-0.161696,0.445134
21857459,-0.880628,0.019672,-0.161552,0.444981
21865792,-0.880732,0.020051,-0.161873,0.444643
21874125,-0.880708,0.020217,-0.162091,0.444602
21882458,-0.880649,0.020053,-0.162148,0.444706
21890791,-0.880620,0.019554,-0.161741,0.444934
21899124,-0.880760,0.019823,-0.162146,0.444497
21907457,-0.880628,0.019424,-0.162274,0.444729
21915790,-0.880561,0.019252,-0.162366,0.444836
21924123,-0.880611,0.019206,-0.162272,0.444774
21932456,-0.880614,0.018959,-0.162256,0.444784
21940789,-0.880285,0.018810,-0.162446,0.445372
21949122,-0.880419,0.018879,-0.162545,0.445068
21957455,-0.880399,0.018832,-0.162333,0.445187
21965788,-0.880377,0.018934,-0.162829,0.445044
21974121,-0.880639,0.018279,-0.162021,0.444848
21982454,-0.880489,0.018152,-0.161784,0.445237
21990787,-0.879920,0.017268,-0.162684,0.446067
21999120,-0.880606,0.018469,-0.162566,0.444708
22007453,-0.879861,0.017328,-0.163285,0.445962
22015786,-0.880941,0.018194,-0.162464,0.444092
22024119,-0.880816,0.018249,-0.162445,0.444345
22032452,-0.880252,0.017433,-0.162836,0.445350
22040785,-0.880227,0.017249,-0.162532,0.445519
22049118,-0.880071,0.017309,-0.162719,0.445755
22057451,-0.880800,0.018551,-0.162130,0.444480
22065784,-0.880349,0.017687,-0.162457,0.445287
22074117,-0.880274,0.017165,-0.162097,0.445587
22082450,-0.879969,0.016883,-0.162355,0.446105
22090783,-0.879994,0.017203,-0.162605,0.445953
22099116,-0.880082,0.017011,-0.162262,0.445912
22107449,-0.879932,0.016714,-0.162376,0.446177
22115782,-0.881050,0.017264,-0.161040,0.444432
22124115,-0.881091,0.018044,-0.161130,0.444287
22132448,-0.881057,0.018193,-0.161392,0.444253
22140781,-0.881198,0.018278,-0.161524,0.443921
22149114,-0.880101,0.017063,-0.162240,0.445881
22157447,-0.880129,0.016361,-0.162456,0.445772
22165780,-0.880179,0.016123,-0.162534,0.445654
22174113,-0.881067,0.017673,-0.162331,0.443912
22182446,-0.880085,0.016602,-0.162995,0.445655
22190779,-0.880919,0.017515,-0.162491,0.444152
22199112,-0.881239,0.017724,-0.162256,0.443595
22207445,-0.881424,0.017487,-0.162432,0.443172
22215778,-0.881342,0.017545,-0.162842,0.443183
22224111,-0.881014,0.016868,-0.163155,0.443745
22232444,-0.880387,0.016289,-0.163897,0.444738
22240777,-0.881160,0.017305,-0.163674,0.443247
22249110,-0.881168,0.017277,-0.163594,0.443263
22257443,-0.881465,0.016745,-0.163870,0.442589
22265776,-0.881227,0.016405,-0.163894,0.443067
22274109,-0.881126,0.016297,-0.164210,0.443154
22282442,-0.881350,0.016953,-0.164286,0.442656
22290775,-0.881582,0.017017,-0.164398,0.442149
22299108,-0.881191,0.016257,-0.164586,0.442889
22307441,-0.881179,0.016450,-0.164412,0.442969
22315774,-0.881468,0.016518,-0.164471,0.442370
22324107,-0.881609,0.016749,-0.164404,0.442104
22332440,-0.881622,0.016678,-0.164632,0.441997
22340773,-0.881355,0.016059,-0.164807,0.442486
22349106,-0.881326,0.016438,-0.164626,0.442597
22357439,-0.881299,0.016844,-0.164533,0.442670
22365772,-0.881306,0.016800,-0.164356,0.442724
22374105,-0.881192,0.016609,-0.164531,0.442893
22382438,-0.881191,0.016930,-0.164649,0.442839
22390771,-0.880928,0.016721,-0.164510,0.443421
22399104,-0.880122,0.015385,-0.165106,0.444848
22407437,-0.880947,0.015862,-0.164526,0.443409
22415770,-0.881348,0.016489,-0.164273,0.442684
22424103,-0.881020,0.016412,-0.164395,0.443294
22432436,-0.881069,0.016471,-0.164411,0.443188
22440769,-0.881031,0.016791,-0.164610,0.443177
22449102,-0.880904,0.016668,-0.164726,0.443390
22457435,-0.881264,0.016424,-0.164419,0.442798
22465768,-0.881424,0.016716,-0.164210,0.442547
22474101,-0.880536,0.016214,-0.164938,0.444060
22482434,-0.880960,0.016689,-0.164514,0.443359
22490767,-0.881023,0.016373,-0.164299,0.443323
22499100,-0.880868,0.016486,-0.164562,0.443530
22507433,-0.881019,0.016331,-0.164670,0.443196
22515766,-0.881394,0.016634,-0.163902,0.442723
22524099,-0.881284,0.016002,-0.163905,0.442964
22532432,-0.881094,0.016488,-0.164413,0.443137
22540765,-0.880951,0.016156,-0.164212,0.443508
22549098,-0.881147,0.016565,-0.164867,0.442860
22557431,-0.881251,0.016563,-0.164703,0.442712
22565764,-0.880428,0.015444,-0.165025,0.444268
22574097,-0.881106,0.016508,-0.164972,0.442903
22582430,-0.881268,0.016439,-0.164989,0.442578
22590763,-0.881225,0.016513,-0.165127,0.442609
22599096,-0.881181,0.016992,-0.165016,0.442720
22607429,-0.881298,0.016529,-0.164352,0.442753
22615762,-0.881378,0.016564,-0.164696,0.442464
22624095,-0.880876,0.015758,-0.164756,0.443470
22632428,-0.881120,0.015892,-0.165549,0.442683
22640761,-0.881407,0.016297,-0.165273,0.442200
22649094,-0.881249,0.016211,-0.164562,0.442784
22657427,-0.880969,0.015622,-0.164501,0.443384
22665760,-0.881012,0.015628,-0.164630,0.443251
22674093,-0.881360,0.016215,-0.164679,0.442518
22682426,-0.881261,0.016379,-0.165579,0.442374
22690759,-0.881127,0.015595,-0.165026,0.442875
22699092,-0.881320,0.016434,-0.165148,0.442416
22707425,-0.881109,0.016279,-0.165473,0.442720
22715758,-0.881465,0.016320,-0.165062,0.442162
22724091,-0.881550,0.016044,-0.164674,0.442148
22732424,-0.881479,0.015984,-0.165030,0.442159
22740757,-0.881257,0.016585,-0.165646,0.442349
22749090,-0.881289,0.016347,-0.165465,0.442361
22757423,-0.881288,0.016169,-0.165631,0.442307
22765756,-0.881477,0.015991,-0.164982,0.442181
22774089,-0.881432,0.015932,-0.165186,0.442197
22782422,-0.881316,0.015807,-0.164963,0.442514
22790755,-0.881232,0.015262,-0.164929,0.442713
22799088,-0.881050,0.015257,-0.164722,0.443153
22807421,-0.881560,0.015163,-0.164081,0.442380
22815754,-0.881536,0.015357,-0.164378,0.442310
22824087,-0.881184,0.015645,-0.164732,0.442869
22832420,-0.881470,0.015987,-0.164698,0.442300
22840753,-0.881142,0.015860,-0.165064,0.442822
22849086,-0.881206,0.015580,-0.164948,0.442748
22857419,-0.881283,0.015926,-0.164776,0.442645
22865752,-0.881285,0.015955,-0.164867,0.442607
22874085,-0.881369,0.015963,-0.165004,0.442389
22882418,-0.881303,0.015626,-0.164989,0.442538
22890751,-0.881026,0.015751,-0.165257,0.442985
22899084,-0.880017,0.014543,-0.166109,0.444710
22907417,-0.880689,0.015120,-0.165662,0.443525
22915750,-0.881242,0.015484,-0.165195,0.442587
22924083,-0.881426,0.015707,-0.165612,0.442057
22932416,-0.881256,0.015692,-0.165861,0.442303
22940749,-0.881248,0.015519,-0.166585,0.442053
22949082,-0.880362,0.014229,-0.166952,0.443720
22957415,-0.881651,0.015188,-0.167754,0.440816
22965748,-0.880765,0.014496,-0.167511,0.442699
22974081,-0.880464,0.013995,-0.167316,0.443388
22982414,-0.881362,0.015418,-0.167030,0.441661
22990747,-0.882267,0.015466,-0.166171,0.440175
22999080,-0.882579,0.015159,-0.166109,0.439581
23007413,-0.882108,0.015102,-0.166779,0.440276
23015746,-0.881637,0.014877,-0.167280,0.441036
23024079,-0.881794,0.013846,-0.167334,0.440734
23032412,-0.881676,0.013140,-0.167287,0.441011
23040745,-0.881443,0.013513,-0.167534,0.441370
23049078,-0.881596,0.012844,-0.167282,0.441181
23057411,-0.881979,0.013200,-0.167101,0.440473
23065744,-0.881822,0.012978,-0.167598,0.440604
23074077,-0.881575,0.012857,-0.168075,0.440921
23082410,-0.881561,0.013217,-0.168009,0.440964
23090743,-0.881340,0.012473,-0.168067,0.441404
23099076,-0.881609,0.011841,-0.167868,0.440960
23107409,-0.881492,0.011975,-0.168411,0.440984
23115742,-0.880557,0.011682,-0.169397,0.442478
23124075,-0.881200,0.011043,-0.168669,0.441492
23132408,-0.881047,0.010731,-0.172328,0.440392
23140741,-0.880967,0.010285,-0.173660,0.440037
23149074,-0.881558,0.010642,-0.173076,0.439076
23157407,-0.881621,0.011016,-0.173039,0.438954
23165740,-0.881898,0.010917,-0.173133,0.438362
23174073,-0.881594,0.010523,-0.173835,0.438706
23182406,-0.881296,0.010363,-0.174486,0.439049
23190739,-0.881320,0.010064,-0.172472,0.439803
23199072,-0.881829,0.010159,-0.173581,0.438343
23207405,-0.881268,0.009784,-0.172750,0.439805
23215738,-0.881238,0.009534,-0.172587,0.439934
23224071,-0.880867,0.009057,-0.173117,0.440479
23232404,-0.880644,0.009354,-0.173143,0.440909
23240737,-0.881400,0.009786,-0.174959,0.438665
23249070,-0.881355,0.009561,-0.175616,0.438499
23257403,-0.881316,0.009718,-0.175594,0.438582
23265736,-0.881486,0.010041,-0.175155,0.438408
23274069,-0.881558,0.010320,-0.174830,0.438388
23282402,-0.881501,0.010301,-0.174865,0.438488
23290735,-0.881482,0.010581,-0.175109,0.438423
23299068,-0.881530,0.010516,-0.174996,0.438373
23307401,-0.881371,0.009936,-0.174983,0.438712
23315734,-0.881520,0.010295,-0.174789,0.438480
23324067,-0.881445,0.010043,-0.174965,0.438566
23332400,-0.880725,0.009359,-0.175237,0.439917
23340733,-0.881236,0.010142,-0.174539,0.439155
23349066,-0.881647,0.010356,-0.173780,0.438626
23357399,-0.881568,0.010516,-0.173839,0.438757
23365732,-0.881476,0.010752,-0.173722,0.438982
23374065,-0.881718,0.010794,-0.173895,0.438426
23382398,-0.881623,0.010603,-0.173633,0.438726
23390731,-0.881683,0.010741,-0.173595,0.438617
23399064,-0.882081,0.011222,-0.172899,0.438079
23407397,-0.881624,0.011359,-0.173247,0.438858
23415730,-0.881561,0.011447,-0.173222,0.438992
23424063,-0.881869,0.010889,-0.172981,0.438482
23432396,-0.881412,0.010894,-0.171524,0.439970
23440729,-0.881773,0.010926,-0.172509,0.438860
23449062,-0.881711,0.010968,-0.173083,0.438757
23457395,-0.881496,0.010651,-0.173267,0.439123
23465728,-0.881523,0.009846,-0.173392,0.439039
23474061,-0.881522,0.010160,-0.173517,0.438985
23482394,-0.881520,0.010599,-0.173481,0.438993
23490727,-0.881589,0.010285,-0.173640,0.438799
23499060,-0.881864,0.010500,-0.173428,0.438325
23507393,-0.881524,0.010546,-0.173653,0.438917
23515726,-0.881385,0.010555,-0.173993,0.439063
23524059,-0.881308,0.010611,-0.173962,0.439228
23532392,-0.881248,0.010013,-0.174256,0.439246
23540725,-0.881482,0.010074,-0.174055,0.438853
23549058,-0.881248,0.010450,-0.174373,0.439189
23557391,-0.881443,0.010678,-0.174115,0.438895
23565724,-0.881698,0.010623,-0.173672,0.438559
23574057,-0.881559,0.010648,-0.173933,0.438735
23582390,-0.881612,0.010675,-0.174081,0.438567
23590723,-0.881561,0.010700,-0.173971,0.438714
23599056,-0.881556,0.010585,-0.174104,0.438674
23607389,-0.881498,0.010330,-0.174212,0.438753
23615722,-0.881519,0.010583,-0.173871,0.438840
23624055,-0.881506,0.010751,-0.173803,0.438889
23632388,-0.881532,0.010909,-0.173749,0.438855
23640721,-0.881668,0.010841,-0.173676,0.438612
23649054,-0.881420,0.010775,-0.173879,0.439032
23657387,-0.881357,0.010628,-0.173839,0.439177
23665720,-0.881567,0.011401,-0.173587,0.438836
23674053,-0.881651,0.011343,-0.173414,0.438736
23682386,-0.881734,0.011062,-0.173355,0.438602
23690719,-0.881150,0.009964,-0.173643,0.439685
23699052,-0.881286,0.010510,-0.173511,0.439453
23707385,-0.881417,0.011113,-0.173647,0.439120
23715718,-0.881411,0.010828,-0.173754,0.439097
23724051,-0.881575,0.010824,-0.173631,0.438817
23732384,-0.881492,0.010616,-0.173437,0.439065
23740717,-0.881420,0.010773,-0.173748,0.439084
23749050,-0.881716,0.011293,-0.173634,0.438521
23757383,-0.881417,0.010868,-0.173682,0.439114
23765716,-0.881771,0.011498,-0.173645,0.438401
23774049,-0.881573,0.011046,-0.173871,0.438721
23782382,-0.881731,0.011374,-0.173436,0.438568
23790715,-0.881720,0.011377,-0.173111,0.438718
23799048,-0.881754,0.011141,-0.173590,0.438465
23807381,-0.881805,0.011295,-0.173727,0.438306
23815714,-0.882125,0.011516,-0.173399,0.437785
23824047,-0.881580,0.011047,-0.173626,0.438803
23832380,-0.881444,0.010623,-0.173969,0.438951
23840713,-0.881814,0.011106,-0.173669,0.438315
23849046,-0.881315,0.010560,-0.173751,0.439299
23857379,-0.881480,0.010508,-0.173921,0.438901
23865712,-0.881650,0.010986,-0.174076,0.438486
23874045,-0.881775,0.011340,-0.173581,0.438421
23882378,-0.881985,0.011243,-0.172996,0.438234
23890711,-0.881651,0.011045,-0.173249,0.438811
23899044,-0.882141,0.010504,-0.173115,0.437891
23907377,-0.881903,0.011030,-0.173023,0.438393
23915710,-0.881568,0.010640,-0.173271,0.438978
23924043,-0.881663,0.010919,-0.173250,0.438789
23932376,-0.881412,0.010570,-0.173413,0.439238
23940709,-0.881918,0.011416,-0.172498,0.438559
23949042,-0.881535,0.010770,-0.173081,0.439117
23957375,-0.880976,0.010381,-0.173804,0.439961
23965708,-0.881386,0.010908,-0.173229,0.439354
23974041,-0.881720,0.011568,-0.172932,0.438783
23982374,-0.881657,0.010857,-0.173182,0.438830
23990707,-0.881742,0.011168,-0.173096,0.438685
23999040,-0.881663,0.011699,-0.173261,0.438765
24007373,-0.881338,0.010799,-0.173713,0.439261
24015706,-0.881767,0.011212,-0.173162,0.438607
24024039,-0.881879,0.011738,-0.173246,0.438334
24032372,-0.881634,0.011003,-0.173036,0.438928
24040705,-0.881676,0.011116,-0.173189,0.438782
24049038,-0.881722,0.011243,-0.173371,0.438614
24057371,-0.881149,0.013243,-0.172833,0.439920
24065704,-0.881430,0.011718,-0.173335,0.439202
24074037,-0.881382,0.009958,-0.173518,0.439271
24082370,-0.881470,0.010549,-0.173662,0.439023
24090703,-0.881431,0.010664,-0.173666,0.439095
24099036,-0.881550,0.010742,-0.173267,0.439013
24107369,-0.881533,0.010836,-0.173439,0.438977
24115702,-0.881587,0.010602,-0.173624,0.438802
24124035,-0.881470,0.010697,-0.173882,0.438932
24132368,-0.881550,0.010758,-0.174000,0.438723
24140701,-0.881404,0.010128,-0.173849,0.439091
24149034,-0.881386,0.010066,-0.173912,0.439104
24157367,-0.881497,0.010357,-0.173936,0.438864
24165700,-0.881488,0.010144,-0.173932,0.438888
24174033,-0.881209,0.009923,-0.173916,0.439461
24182366,-0.881521,0.010605,-0.173849,0.438844
24190699,-0.881516,0.010446,-0.173929,0.438827
24199032,-0.881085,0.010886,-0.174073,0.439624
24207365,-0.881513,0.011259,-0.173497,0.438985
24215698,-0.881655,0.011415,-0.173439,0.438718
24224031,-0.881160,0.010668,-0.173586,0.439672
24232364,-0.881009,0.010589,-0.173700,0.439931
24240697,-0.881312,0.010694,-0.173540,0.439385
24249030,-0.881351,0.010675,-0.173720,0.439237
24257363,-0.881434,0.011046,-0.173740,0.439052
24265696,-0.881335,0.010598,-0.173499,0.439357
24274029,-0.881288,0.010679,-0.173364,0.439503
24282362,-0.881740,0.011185,-0.173291,0.438611
24290695,-0.881983,0.011267,-0.173093,0.438199
24299028,-0.881755,0.011197,-0.173004,0.438693
24307361,-0.881912,0.011407,-0.172851,0.438434
24315694,-0.881962,0.011506,-0.172877,0.438320
24324027,-0.881611,0.011066,-0.173030,0.438976
24332360,-0.881666,0.010863,-0.172796,0.438964
24340693,-0.881964,0.011377,-0.172740,0.438373
24349026,-0.882172,0.011932,-0.172683,0.437962
24357359,-0.881450,0.010241,-0.173069,0.439305
24365692,-0.881735,0.010783,-0.172871,0.438797
24374025,-0.881658,0.010875,-0.173149,0.438840
24382358,-0.881501,0.010347,-0.173046,0.439209
24390691,-0.881722,0.011228,-0.172940,0.438785
24399024,-0.881627,0.011143,-0.172966,0.438968
24407357,-0.881969,0.011522,-0.172922,0.438288
24415690,-0.881730,0.011017,-0.173164,0.438685
24424023,-0.881505,0.010862,-0.173273,0.439099
24432356,-0.881880,0.011378,-0.173231,0.438349
24440689,-0.881564,0.011552,-0.173570,0.438844
24449022,-0.881689,0.011360,-0.173232,0.438733
24457355,-0.881689,0.011279,-0.173246,0.438729
24465688,-0.881658,0.010839,-0.173355,0.438760
24474021,-0.881529,0.010934,-0.173274,0.439048
24482354,-0.881815,0.011286,-0.173187,0.438499
24490687,-0.881435,0.011124,-0.173651,0.439083
24499020,-0.881112,0.010644,-0.173677,0.439732
24507353,-0.881502,0.011349,-0.173010,0.439195
24515686,-0.881567,0.010848,-0.172979,0.439090
24524019,-0.881215,0.010902,-0.173790,0.439476
24532352,-0.881574,0.011700,-0.173328,0.438916
24540685,-0.881542,0.011546,-0.173312,0.438991
24549018,-0.881875,0.011438,-0.172812,0.438521
24557351,-0.881637,0.011783,-0.172973,0.438929
24565684,-0.881460,0.010750,-0.173142,0.439243
24574017,-0.881706,0.010850,-0.173045,0.438785
24582350,-0.881620,0.011115,-0.173051,0.438949
24590683,-0.881632,0.011196,-0.173115,0.438898
24599016,-0.881733,0.010743,-0.172948,0.438772
24607349,-0.881594,0.011071,-0.173244,0.438926
24615682,-0.881666,0.011389,-0.172900,0.438909
24624015,-0.881486,0.011016,-0.172960,0.439256
24632348,-0.881509,0.011350,-0.173206,0.439104
24640681,-0.881387,0.010875,-0.173161,0.439380
24649014,-0.881065,0.010487,-0.173693,0.439825
24657347,-0.881434,0.010724,-0.173330,0.439221
24665680,-0.881384,0.011021,-0.172766,0.439536
24674013,-0.881683,0.011502,-0.172694,0.438953
24682346,-0.881097,0.011473,-0.173296,0.439892
24690679,-0.880856,0.011043,-0.172301,0.440774
24699012,-0.881406,0.011134,-0.172437,0.439618
24707345,-0.881142,0.011085,-0.173315,0.439804
24715678,-0.881081,0.011915,-0.173021,0.440021
24724011,-0.881023,0.011647,-0.172803,0.440230
24732344,-0.881098,0.012433,-0.172639,0.440122
24740677,-0.880863,0.013020,-0.173628,0.440187
24749010,-0.880044,0.013363,-0.174535,0.441454
24757343,-0.880060,0.015224,-0.174981,0.441184
24765676,-0.880063,0.017120,-0.174547,0.441282
24774009,-0.880274,0.018544,-0.176620,0.439976
24782342,-0.880276,0.019078,-0.177165,0.439730
24790675,-0.879919,0.019133,-0.177498,0.440308
24799008,-0.880080,0.019542,-0.177219,0.440081
24807341,-0.879998,0.019069,-0.177321,0.440224
24815674,-0.879914,0.019571,-0.177243,0.440400
24824007,-0.879697,0.019703,-0.176950,0.440946
24832340,-0.879736,0.019494,-0.177482,0.440664
24840673,-0.880148,0.019082,-0.177331,0.439920
24849006,-0.880434,0.018376,-0.176630,0.439658
24857339,-0.880333,0.016927,-0.176116,0.440125
24865672,-0.880791,0.014795,-0.173797,0.440209
24874005,-0.881690,0.013758,-0.171772,0.439235
24882338,-0.882973,0.012441,-0.168686,0.437892
24890671,-0.883298,0.012311,-0.167442,0.437718
24899004,-0.882420,0.011298,-0.168759,0.439008
24907337,-0.882848,0.012451,-0.168970,0.438033
24915670,-0.882679,0.012571,-0.168852,0.438415
24924003,-0.882739,0.012658,-0.168047,0.438601
24932336,-0.882556,0.011740,-0.168933,0.438656
24940669,-0.882724,0.011468,-0.169111,0.438257
24949002,-0.882889,0.011985,-0.169465,0.437774
24957335,-0.882874,0.011978,-0.169385,0.437834
24965668,-0.881941,0.010474,-0.170032,0.439499
24974001,-0.882093,0.010643,-0.169325,0.439462
24982334,-0.882402,0.011442,-0.169107,0.438906
24990667,-0.882141,0.011308,-0.169862,0.439142
24999000,-0.882186,0.010841,-0.170105,0.438969
25007333,-0.882413,0.010932,-0.169529,0.438735
25015666,-0.882494,0.010971,-0.169653,0.438522
25023999,-0.882586,0.011725,-0.169868,0.438235
25032332,-0.882587,0.010831,-0.170086,0.438171
25040665,-0.882501,0.011165,-0.170264,0.438268
25048998,-0.882406,0.011170,-0.170632,0.438315
25057331,-0.882300,0.010634,-0.170605,0.438551
25065664,-0.882080,0.010872,-0.170688,0.438956
25073997,-0.882351,0.011151,-0.170283,0.438561
25082330,-0.882455,0.010929,-0.170236,0.438377
25090663,-0.882278,0.010425,-0.170568,0.438614
25098996,-0.882369,0.010518,-0.170431,0.438483
25107329,-0.882518,0.011050,-0.170270,0.438233
25115662,-0.882313,0.010758,-0.170589,0.438528
25123995,-0.882222,0.010454,-0.170742,0.438660
25132328,-0.882388,0.010829,-0.170218,0.438520
25140661,-0.881408,0.009457,-0.170970,0.440226
25148994,-0.881689,0.009163,-0.170902,0.439696
25157327,-0.882063,0.010102,-0.170645,0.439025
25165660,-0.881362,0.008695,-0.171039,0.440308
25173993,-0.881968,0.009569,-0.170622,0.439237
25182326,-0.882314,0.010394,-0.170250,0.438668
25190659,-0.882220,0.010383,-0.170387,0.438803
25198992,-0.881962,0.009600,-0.170706,0.439215
25207325,-0.881999,0.009760,-0.170670,0.439152
25215658,-0.881969,0.009215,-0.170551,0.439270
25223991,-0.881800,0.009425,-0.170821,0.439500
25232324,-0.881853,0.009662,-0.171361,0.439177
25240657,-0.882232,0.010129,-0.170597,0.438703
25248990,-0.881951,0.009828,-0.170743,0.439218
25257323,-0.881372,0.009257,-0.169399,0.440909
25265656,-0.881959,0.009868,-0.170283,0.439380
25273989,-0.881902,0.009621,-0.170825,0.439290
25282322,-0.882282,0.010231,-0.170803,0.438520
25290655,-0.881391,0.009389,-0.169540,0.440814
25298988,-0.882434,0.010072,-0.169954,0.438547
25307321,-0.882165,0.010356,-0.168611,0.439599
25315654,-0.882303,0.010292,-0.170200,0.438711
25323987,-0.882021,0.009749,-0.171029,0.438968
25332320,-0.881737,0.009832,-0.169723,0.440042
25340653,-0.882037,0.009733,-0.170480,0.439150
25348986,-0.882360,0.010698,-0.170692,0.438396
25357319,-0.881973,0.009861,-0.171336,0.438943
25365652,-0.881758,0.009969,-0.171514,0.439302
25373985,-0.881980,0.010283,-0.170968,0.439062
25382318,-0.881416,0.009434,-0.171490,0.440009
25390651,-0.881884,0.009650,-0.171215,0.439172
25398984,-0.881952,0.009512,-0.171328,0.438996
25407317,-0.882264,0.010228,-0.171142,0.438423
25415650,-0.882175,0.010171,-0.171395,0.438506
25423983,-0.881960,0.010314,-0.171539,0.438879
25432316,-0.882395,0.009820,-0.170742,0.438326
25440649,-0.881735,0.009339,-0.171515,0.439362
25448982,-0.881867,0.009703,-0.171231,0.439200
25457315,-0.881552,0.009093,-0.171648,0.439681
25465648,-0.881778,0.009869,-0.169680,0.439976
25473981,-0.881680,0.009827,-0.169471,0.440254
25482314,-0.882000,0.009879,-0.170863,0.439072
25490647,-0.882141,0.010073,-0.171132,0.438679
25498980,-0.881858,0.009268,-0.171729,0.439032
25507313,-0.881445,0.008762,-0.171777,0.439853
25515646,-0.881083,0.009298,-0.171957,0.440496
25523979,-0.881723,0.009413,-0.171409,0.439426
25532312,-0.881074,0.008883,-0.169706,0.441396
25540645,-0.881080,0.009305,-0.169085,0.441613
25548978,-0.881514,0.009871,-0.168728,0.440871
25557311,-0.881609,0.009975,-0.168812,0.440646
25565644,-0.882150,0.010176,-0.170766,0.438801
25573977,-0.882333,0.010078,-0.171129,0.438294
25582310,-0.881892,0.009523,-0.171994,0.438856
25590643,-0.881820,0.010009,-0.172188,0.438912
25598976,-0.882275,0.010128,-0.171679,0.438195
25607309,-0.882308,0.009957,-0.171277,0.438290
25615642,-0.882018,0.009770,-0.169347,0.439625
25623975,-0.881806,0.010107,-0.171020,0.439396
25632308,-0.881590,0.009858,-0.169791,0.440311
25640641,-0.881953,0.010006,-0.171628,0.438865
25648974,-0.882086,0.010368,-0.171642,0.438584
25657307,-0.882390,0.010162,-0.171516,0.438025
25665640,-0.882215,0.010208,-0.171446,0.438405
25673973,-0.882291,0.010155,-0.171336,0.438295
25682306,-0.882439,0.010000,-0.171064,0.438108
25690639,-0.882243,0.009540,-0.171442,0.438366
25698972,-0.882188,0.009469,-0.171590,0.438420
25707305,-0.882231,0.009437,-0.171610,0.438325
25715638,-0.882131,0.009211,-0.171729,0.438486
25723971,-0.882412,0.009595,-0.171309,0.438075
25732304,-0.882034,0.009321,-0.171572,0.438739
25740637,-0.881831,0.009270,-0.169727,0.439864
25748970,-0.881383,0.008900,-0.169465,0.440870
25757303,-0.881618,0.009250,-0.169222,0.440486
25765636,-0.880817,0.008457,-0.170087,0.441770
25773969,-0.881509,0.008714,-0.169157,0.440740
25782302,-0.882222,0.009142,-0.171036,0.438574
25790635,-0.881597,0.008848,-0.169834,0.440302
25798968,-0.881784,0.008663,-0.171255,0.439379
25807301,-0.881586,0.008786,-0.169980,0.440267
25815634,-0.882052,0.009186,-0.170930,0.438956
25823967,-0.882399,0.009144,-0.171197,0.438155
25832300,-0.881711,0.008448,-0.169856,0.440072
25840633,-0.882042,0.009031,-0.171260,0.438851
25848966,-0.882116,0.008918,-0.171485,0.438617
25857299,-0.881862,0.008805,-0.171911,0.438963
25865632,-0.882154,0.009154,-0.171699,0.438451
25873965,-0.881726,0.008248,-0.172250,0.439114
25882298,-0.882132,0.008930,-0.172183,0.438311
25890631,-0.881891,0.008749,-0.172332,0.438741
25898964,-0.881758,0.008512,-0.172325,0.439016
25907297,-0.881125,0.008253,-0.170628,0.440950
25915630,-0.881198,0.008221,-0.170171,0.440982
25923963,-0.881811,0.008562,-0.171576,0.439201
25932296,-0.882067,0.008979,-0.172172,0.438445
25940629,-0.882373,0.009464,-0.172370,0.437741
25948962,-0.882012,0.009032,-0.172348,0.438485
25957295,-0.882026,0.009429,-0.170281,0.439256
25965628,-0.881867,0.008994,-0.171668,0.439044
25973961,-0.881657,0.008640,-0.172654,0.439087
25982294,-0.882004,0.008924,-0.172298,0.438523
25990627,-0.882026,0.008551,-0.172388,0.438452
25998960,-0.881476,0.008589,-0.170872,0.440147
26007293,-0.881834,0.008666,-0.171835,0.439052
26015626,-0.881550,0.008636,-0.170553,0.440122
26023959,-0.881985,0.008848,-0.172026,0.438669
26032292,-0.882037,0.008898,-0.172465,0.438392
26040625,-0.882153,0.009151,-0.172453,0.438157
26048958,-0.881949,0.008686,-0.172566,0.438533
26057291,-0.881765,0.008573,-0.172752,0.438832
26065624,-0.881658,0.008754,-0.170977,0.439739
26073957,-0.881705,0.008472,-0.171978,0.439259
26082290,-0.880851,0.007703,-0.171106,0.441323
26090623,-0.881613,0.008092,-0.172365,0.439299
26098956,-0.881702,0.008797,-0.170961,0.439655
26107289,-0.882435,0.009067,-0.171889,0.437814
26115622,-0.881894,0.008353,-0.172583,0.438643
26123955,-0.881614,0.008460,-0.170822,0.439892
26132288,-0.881415,0.008530,-0.170320,0.440484
26140621,-0.881398,0.008342,-0.170024,0.440637
26148954,-0.881343,0.008563,-0.170141,0.440696
26157287,-0.881527,0.008577,-0.169936,0.440407
26165620,-0.881396,0.008400,-0.169986,0.440654
26173953,-0.881316,0.008369,-0.170062,0.440785
26182286,-0.881592,0.009136,-0.169659,0.440373
26190619,-0.881323,0.008568,-0.169839,0.440852
26198952,-0.881463,0.008815,-0.169592,0.440664
26207285,-0.882110,0.008961,-0.172237,0.438333
26215618,-0.881652,0.008626,-0.171904,0.439391
26223951,-0.881261,0.007957,-0.171164,0.440475
26232284,-0.881022,0.008283,-0.170696,0.441129
26240617,-0.881749,0.009273,-0.169508,0.440114
26248950,-0.882098,0.008852,-0.172016,0.438446
26257283,-0.881929,0.009148,-0.170583,0.439338
26265616,-0.881360,0.008765,-0.170896,0.440365
26273949,-0.882126,0.008669,-0.172158,0.438339
26282282,-0.880889,0.007441,-0.171294,0.441178
26290615,-0.881283,0.008193,-0.170593,0.440649
26298948,-0.881579,0.009089,-0.170233,0.440179
26307281,-0.881816,0.009073,-0.169820,0.439862
26315614,-0.881546,0.008159,-0.169900,0.440391
26323947,-0.881419,0.008383,-0.169712,0.440713
26332280,-0.881285,0.008814,-0.169921,0.440892
26340613,-0.881635,0.008670,-0.169279,0.440441
26348946,-0.881543,0.009149,-0.168683,0.440844
26357279,-0.881247,0.008355,-0.168939,0.441355
26365612,-0.882330,0.009167,-0.170693,0.438489
26373945,-0.882122,0.009048,-0.171254,0.438692
26382278,-0.882079,0.009334,-0.170868,0.438924
26390611,-0.881813,0.009327,-0.170887,0.439450
26398944,-0.882158,0.010054,-0.170689,0.438819
26407277,-0.882115,0.009888,-0.170529,0.438970
26415610,-0.881820,0.009869,-0.170458,0.439590
26423943,-0.881799,0.009680,-0.170260,0.439715
26432276,-0.881439,0.009453,-0.169168,0.440861
26440609,-0.882096,0.009774,-0.169008,0.439600
26448942,-0.882184,0.009347,-0.168484,0.439634
26457275,-0.881863,0.009933,-0.168704,0.440180
26465608,-0.882030,0.010029,-0.169524,0.439528
26473941,-0.882859,0.010332,-0.169169,0.437989
26482274,-0.882868,0.009896,-0.169271,0.437943
26490607,-0.882475,0.009045,-0.169776,0.438558
26498940,-0.882681,0.008923,-0.169811,0.438131
26507273,-0.883390,0.013631,-0.166619,0.437806
26515606,-0.883805,0.014098,-0.168054,0.436403
26523939,-0.883190,0.013254,-0.169884,0.436966
26532272,-0.882745,0.013016,-0.171044,0.437420
26540605,-0.882778,0.012804,-0.171070,0.437349
26548938,-0.882711,0.012211,-0.170935,0.437554
26557271,-0.882555,0.012691,-0.171780,0.437524
26565604,-0.881855,0.014236,-0.171412,0.439029
26573937,-0.883075,0.013842,-0.171162,0.436681
26582270,-0.882724,0.012722,-0.171580,0.437260
26590603,-0.882991,0.012713,-0.171543,0.436736
26598936,-0.883517,0.012738,-0.171369,0.435738
26607269,-0.882757,0.010946,-0.172301,0.436959
26615602,-0.883353,0.011692,-0.171896,0.435894
26623935,-0.883643,0.012426,-0.171791,0.435325
26632268,-0.882429,0.011016,-0.171300,0.438011
26640601,-0.881787,0.010574,-0.171044,0.439412
26648934,-0.881746,0.009683,-0.171241,0.439440
26657267,-0.881241,0.009534,-0.172101,0.440119
26665600,-0.881264,0.009954,-0.171907,0.440140
26673933,-0.881305,0.010071,-0.171633,0.440162
26682266,-0.881030,0.008700,-0.171830,0.440664
26690599,-0.880244,0.007912,-0.172412,0.442019
26698932,-0.880439,0.008273,-0.172200,0.441708
26707265,-0.880192,0.006705,-0.172101,0.442266
26715598,-0.880997,0.006941,-0.171562,0.440866
26723931,-0.881317,0.007862,-0.171545,0.440218
26732264,-0.881043,0.007105,-0.172043,0.440584
26740597,-0.881352,0.007290,-0.172528,0.439772
26748930,-0.881447,0.007766,-0.172744,0.439489
26757263,-0.881565,0.008091,-0.172446,0.439363
26765596,-0.881501,0.008201,-0.172250,0.439566
26773929,-0.881508,0.008497,-0.172143,0.439589
26782262,-0.881356,0.008481,-0.172497,0.439756
26790595,-0.881622,0.008321,-0.172303,0.439301
26798928,-0.880785,0.007595,-0.173335,0.440585
26807261,-0.880565,0.006866,-0.173915,0.440809
26815594,-0.881160,0.007698,-0.174119,0.439523
26823927,-0.881060,0.010051,-0.173705,0.439839
26832260,-0.881002,0.010886,-0.173561,0.439994
26840593,-0.881045,0.010719,-0.173874,0.439786
26848926,-0.880993,0.010276,-0.174015,0.439845
26857259,-0.880988,0.010429,-0.174119,0.439811
26865592,-0.880879,0.010130,-0.174306,0.439963
26873925,-0.880987,0.010285,-0.174368,0.439718
26882258,-0.880655,0.009656,-0.174635,0.440292
26890591,-0.881065,0.009801,-0.173928,0.439746
26898924,-0.880885,0.010241,-0.174660,0.439807
26907257,-0.881064,0.009934,-0.174514,0.439514
26915590,-0.881184,0.009837,-0.174412,0.439315
26923923,-0.881649,0.009976,-0.173951,0.438562
26932256,-0.881673,0.009309,-0.174555,0.438287
26940589,-0.881447,0.009202,-0.174228,0.438876
26948922,-0.881587,0.009091,-0.174608,0.438445
26957255,-0.881408,0.009058,-0.175150,0.438589
26965588,-0.881091,0.008440,-0.174653,0.439435
26973921,-0.881580,0.008843,-0.174286,0.438593
26982254,-0.881599,0.008713,-0.174276,0.438560
26990587,-0.881745,0.008764,-0.174433,0.438204
26998920,-0.881752,0.008400,-0.174083,0.438336
27007253,-0.881957,0.008573,-0.174093,0.437915
27015586,-0.881811,0.007866,-0.174253,0.438159
27023919,-0.881813,0.007941,-0.175135,0.437802
27032252,-0.881567,0.007502,-0.175322,0.438230
27040585,-0.881780,0.006487,-0.175210,0.437863
27048918,-0.882186,0.006764,-0.176120,0.436674
27057251,-0.882102,0.003946,-0.176937,0.436547
27065584,-0.881527,0.004547,-0.176825,0.437747
27073917,-0.880898,0.004535,-0.178183,0.438461
27082250,-0.880978,0.001734,-0.179369,0.437838
27090583,-0.881097,0.001205,-0.180027,0.437330
27098916,-0.881211,0.000736,-0.180116,0.437064
27107249,-0.881160,0.000735,-0.180385,0.437057
27115582,-0.881214,-0.000216,-0.180115,0.437059
27123915,-0.881249,-0.000706,-0.180497,0.436830
27132248,-0.881368,-0.001111,-0.181006,0.436379
27140581,-0.881478,-0.001155,-0.181166,0.436089
27148914,-0.881542,-0.001501,-0.181088,0.435991
27157247,-0.881503,-0.002104,-0.181280,0.435988
27165580,-0.881561,-0.002500,-0.181589,0.435741
27173913,-0.881486,-0.003364,-0.181750,0.435818
27182246,-0.881510,-0.004012,-0.181662,0.435801
27190579,-0.881637,-0.004967,-0.181629,0.435548
27198912,-0.881502,-0.003697,-0.181502,0.435886
27207245,-0.880870,-0.002390,-0.181778,0.437057
27215578,-0.881033,-0.002390,-0.181663,0.436776
27223911,-0.881297,-0.004224,-0.181444,0.436320
27232244,-0.881572,-0.003201,-0.181217,0.435869
27240577,-0.881547,-0.003768,-0.181061,0.435980
27248910,-0.881497,-0.003996,-0.180926,0.436134
27257243,-0.881436,-0.003706,-0.180885,0.436277
27265576,-0.881338,-0.003292,-0.180896,0.436474
27273909,-0.881357,-0.002533,-0.180725,0.436511
27282242,-0.881132,-0.002994,-0.181011,0.436844
27290575,-0.881228,-0.003958,-0.181082,0.436612
27298908,-0.881047,-0.004023,-0.181261,0.436904
27307241,-0.881328,-0.003751,-0.181081,0.436412
27315574,-0.881157,-0.003177,-0.181041,0.436780
27323907,-0.880955,-0.002850,-0.180822,0.437279
27332240,-0.881299,-0.003194,-0.180429,0.436745
27340573,-0.880987,-0.002817,-0.180889,0.437187
27348906,-0.880979,-0.002740,-0.181234,0.437062
27357239,-0.881415,-0.003007,-0.181071,0.436248
27365572,-0.881389,-0.002712,-0.180998,0.436332
27373905,-0.881068,-0.002959,-0.181344,0.436836
27382238,-0.881263,-0.003183,-0.181303,0.436456
27390571,-0.881233,-0.003035,-0.181422,0.436469
27398904,-0.881419,-0.003918,-0.181296,0.436138
27407237,-0.881385,-0.003606,-0.181424,0.436156
27415570,-0.881434,-0.003494,-0.181458,0.436046
27423903,-0.881521,-0.003468,-0.181706,0.435765
27432236,-0.881654,-0.004154,-0.181963,0.435383
27440569,-0.881786,-0.003827,-0.181791,0.435190
27448902,-0.881799,-0.003160,-0.181787,0.435171
27457235,-0.881781,-0.003665,-0.181668,0.435254
27465568,-0.881774,-0.003917,-0.182155,0.435063
27473901,-0.881763,-0.004150,-0.182090,0.435110
27482234,-0.881532,-0.003551,-0.182321,0.435486
27490567,-0.881812,-0.004077,-0.181905,0.435088
27498900,-0.881891,-0.004510,-0.181737,0.434994
27507233,-0.881755,-0.004375,-0.182385,0.434999
27515566,-0.882208,-0.002584,-0.182443,0.434069
27523899,-0.882282,-0.002588,-0.182124,0.434053
27532232,-0.881928,-0.003036,-0.181892,0.434866
27540565,-0.882029,-0.002987,-0.181600,0.434783
27548898,-0.882241,-0.002683,-0.181779,0.434282
27557231,-0.882395,-0.004466,-0.181389,0.434116
27565564,-0.882416,-0.004261,-0.181356,0.434089
27573897,-0.882362,-0.002847,-0.181420,0.434184
27582230,-0.882298,-0.002357,-0.181392,0.434329
27590563,-0.882333,-0.002089,-0.181368,0.434270
27598896,-0.882206,-0.002711,-0.181401,0.434511
27607229,-0.882231,-0.002929,-0.181272,0.434511
27615562,-0.881866,-0.003430,-0.181481,0.435160
27623895,-0.881856,-0.002635,-0.181267,0.435276
27632228,-0.881936,-0.002158,-0.181019,0.435220
27640561,-0.881642,-0.002453,-0.181124,0.435769
27648894,-0.881748,-0.002609,-0.180746,0.435711
27657227,-0.881827,-0.002700,-0.180283,0.435742
27665560,-0.881837,-0.002986,-0.180189,0.435759
27673893,-0.881586,-0.003052,-0.180462,0.436154
27682226,-0.881196,-0.003106,-0.180437,0.436951
27690559,-0.881503,-0.003024,-0.179976,0.436523
27698892,-0.881385,-0.003208,-0.180377,0.436594
27707225,-0.881459,-0.002658,-0.180257,0.436499
27715558,-0.881284,-0.002985,-0.179975,0.436965
27723891,-0.881353,-0.003295,-0.179917,0.436848
27732224,-0.881847,-0.002670,-0.180156,0.435755
27740557,-0.881556,-0.002408,-0.179922,0.436441
27748890,-0.881235,-0.002868,-0.181213,0.436553
27757223,-0.881219,-0.003125,-0.180556,0.436855
27765556,-0.881282,-0.003208,-0.179697,0.437082
27773889,-0.881913,-0.002100,-0.178829,0.436170
27782222,-0.881625,-0.002656,-0.179322,0.436548
27790555,-0.881450,-0.003031,-0.179510,0.436822
27798888,-0.881848,-0.001950,-0.179191,0.436155
27807221,-0.882059,-0.001947,-0.179985,0.435400
27815554,-0.881871,-0.002197,-0.179828,0.435846
27823887,-0.881598,-0.002476,-0.179838,0.436390
27832220,-0.880927,-0.003939,-0.180420,0.437494
27840553,-0.881210,-0.002998,-0.180068,0.437077
27848886,-0.881517,-0.002548,-0.179743,0.436593
27857219,-0.881637,-0.002933,-0.179804,0.436324
27865552,-0.881650,-0.002517,-0.179707,0.436340
27873885,-0.881706,-0.002627,-0.180017,0.436099
27882218,-0.881414,-0.002666,-0.179915,0.436730
27890551,-0.881540,-0.002646,-0.179737,0.436549
27898884,-0.881665,-0.002837,-0.179661,0.436327
27907217,-0.881789,-0.002725,-0.180284,0.435819
27915550,-0.882031,-0.002373,-0.179693,0.435576
27923883,-0.881816,-0.002203,-0.179856,0.435945
27932216,-0.881768,-0.002796,-0.179973,0.435990
27940549,-0.881921,-0.002679,-0.179855,0.435729
27948882,-0.881871,-0.002611,-0.179859,0.435829
27957215,-0.882129,-0.002975,-0.180218,0.435156
27965548,-0.882117,-0.002631,-0.179900,0.435314
27973881,-0.882126,-0.002565,-0.180396,0.435090
27982214,-0.881810,-0.002872,-0.180129,0.435840
27990547,-0.882013,-0.002777,-0.179739,0.435590
27998880,-0.882272,-0.002256,-0.179966,0.434975
28007213,-0.881930,-0.002783,-0.179977,0.435661
28015546,-0.881569,-0.002764,-0.180010,0.436376
28023879,-0.881788,-0.002700,-0.179728,0.436051
28032212,-0.881922,-0.003044,-0.179750,0.435768
28040545,-0.881669,-0.003025,-0.179962,0.436193
28048878,-0.881938,-0.002470,-0.179823,0.435710
28057211,-0.882373,-0.002428,-0.179311,0.435039
28065544,-0.881840,-0.002350,-0.179307,0.436121
28073877,-0.881989,-0.002171,-0.179111,0.435902
28082210,-0.882083,-0.001973,-0.179380,0.435602
28090543,-0.881956,-0.001935,-0.179501,0.435808
28098876,-0.882271,-0.001895,-0.178855,0.435436
28107209,-0.881954,-0.002403,-0.179175,0.435944
28115542,-0.881666,-0.002649,-0.179195,0.436517
28123875,-0.881622,-0.002482,-0.178829,0.436757
28132208,-0.881761,-0.001820,-0.178688,0.436538
28140541,-0.881634,-0.002016,-0.178731,0.436776
28148874,-0.881971,-0.001871,-0.178312,0.436266
28157207,-0.881780,-0.001917,-0.178263,0.436673
28165540,-0.881686,-0.001874,-0.178491,0.436769
28173873,-0.881717,-0.002542,-0.178323,0.436773
28182206,-0.881674,-0.001985,-0.178481,0.436796
28190539,-0.881565,-0.002196,-0.178500,0.437008
28198872,-0.881545,-0.002108,-0.178657,0.436985
28207205,-0.881347,-0.001855,-0.178717,0.437361
28215538,-0.881356,-0.002669,-0.178597,0.437388
28223871,-0.881535,-0.002711,-0.178969,0.436873
28232204,-0.881146,-0.002944,-0.178970,0.437657
28240537,-0.881627,-0.002311,-0.178731,0.436787
28248870,-0.881647,-0.002444,-0.178577,0.436809
28257203,-0.881673,-0.002132,-0.178532,0.436778
28265536,-0.881573,-0.002020,-0.178822,0.436861
28273869,-0.881669,-0.002300,-0.178774,0.436686
28282202,-0.881397,-0.002438,-0.179098,0.437101
28290535,-0.881564,-0.002751,-0.179272,0.436692
28298868,-0.881663,-0.002952,-0.179112,0.436556
28307201,-0.881575,-0.003044,-0.179276,0.436666
28315534,-0.881431,-0.002824,-0.179362,0.436922
28323867,-0.881929,-0.002133,-0.179313,0.435939
28332200,-0.881912,-0.002202,-0.179446,0.435918
28340533,-0.881905,-0.002083,-0.179631,0.435857
28348866,-0.881626,-0.002751,-0.179815,0.436343
28357199,-0.881801,-0.002519,-0.179608,0.436076
28365532,-0.881373,-0.002050,-0.180061,0.436756
28373865,-0.881454,-0.002468,-0.179895,0.436659
28382198,-0.881697,-0.002513,-0.179845,0.436187
28390531,-0.882077,-0.002055,-0.179587,0.435527
28398864,-0.882040,-0.002256,-0.179425,0.435668
28407197,-0.882044,-0.001553,-0.179387,0.435678
28415530,-0.882062,-0.002139,-0.179330,0.435664
28423863,-0.882256,-0.001917,-0.179300,0.435285
28432196,-0.882041,-0.002346,-0.179364,0.435691
28440529,-0.881875,-0.002243,-0.179358,0.436029
28448862,-0.881730,-0.003106,-0.179632,0.436205
28457195,-0.881658,-0.002692,-0.179858,0.436259
28465528,-0.881654,-0.002741,-0.180090,0.436173
28473861,-0.881474,-0.002553,-0.179936,0.436601
28482194,-0.881829,-0.002645,-0.179478,0.436072
28490527,-0.881645,-0.002680,-0.180121,0.436178
28498860,-0.881418,-0.002655,-0.179796,0.436770
28507193,-0.881394,-0.002543,-0.179893,0.436779
28515526,-0.881686,-0.002609,-0.180005,0.436144
28523859,-0.882214,-0.002124,-0.179443,0.435310
28532192,-0.881912,-0.002295,-0.179848,0.435754
28540525,-0.881729,-0.002950,-0.180624,0.435798
28548858,-0.881854,-0.002460,-0.180478,0.435608
28557191,-0.881608,-0.002695,-0.180303,0.436178
28565524,-0.881635,-0.003166,-0.180452,0.436059
28573857,-0.881658,-0.003440,-0.180326,0.436062
28582190,-0.881812,-0.003085,-0.180253,0.435783
28590523,-0.881633,-0.002855,-0.180517,0.436038
28598856,-0.881711,-0.002811,-0.180504,0.435884
28607189,-0.882172,-0.002612,-0.181294,0.434625
28615522,-0.881732,-0.002835,-0.181281,0.435521
28623855,-0.881750,-0.003120,-0.181314,0.435468
28632188,-0.881903,-0.003055,-0.181157,0.435225
28640521,-0.881469,-0.003357,-0.181357,0.436017
28648854,-0.882066,-0.002939,-0.180759,0.435059
28657187,-0.881987,-0.002650,-0.180934,0.435149
28665520,-0.882004,-0.002543,-0.181038,0.435072
28673853,-0.882062,-0.002142,-0.180469,0.435193
28682186,-0.882134,-0.002818,-0.180607,0.434987
28690519,-0.881993,-0.002594,-0.180531,0.435305
28698852,-0.881536,-0.002787,-0.180933,0.436061
28707185,-0.881848,-0.002597,-0.180690,0.435533
28715518,-0.881348,-0.003205,-0.180731,0.436522
28723851,-0.881880,-0.003115,-0.181418,0.435161
28732184,-0.881877,-0.002814,-0.180952,0.435365
28740517,-0.881878,-0.002363,-0.180772,0.435438
28748850,-0.882034,-0.002531,-0.181144,0.434966
28757183,-0.882014,-0.003047,-0.181182,0.434988
28765516,-0.881983,-0.003082,-0.181231,0.435031
28773849,-0.881669,-0.003568,-0.181014,0.435753
28782182,-0.881957,-0.003104,-0.180848,0.435243
28790515,-0.881987,-0.003159,-0.180963,0.435133
28798848,-0.882035,-0.003141,-0.181662,0.434745
28807181,-0.881645,-0.003280,-0.180876,0.435862
28815514,-0.881556,-0.002895,-0.180753,0.436096
28823847,-0.881674,-0.003190,-0.181193,0.435672
28832180,-0.881735,-0.003913,-0.181629,0.435361
28840513,-0.881717,-0.003005,-0.181275,0.435552
28848846,-0.881703,-0.003009,-0.181475,0.435496
28857179,-0.882047,-0.002867,-0.181415,0.434827
28865512,-0.881840,-0.003077,-0.181258,0.435310
28873845,-0.881750,-0.002963,-0.181167,0.435529
28882178,-0.881792,-0.002812,-0.181105,0.435473
28890511,-0.881846,-0.003515,-0.181385,0.435241
28898844,-0.881937,-0.003311,-0.181374,0.435062
28907177,-0.882013,-0.003161,-0.181822,0.434722
28915510,-0.881650,-0.003735,-0.181686,0.435511
28923843,-0.881630,-0.003551,-0.181351,0.435692
28932176,-0.881743,-0.003521,-0.181709,0.435314
28940509,-0.882081,-0.003381,-0.182039,0.434491
28948842,-0.881860,-0.002959,-0.181729,0.435073
28957175,-0.881870,-0.002830,-0.181447,0.435171
28965508,-0.881832,-0.003292,-0.181799,0.435098
28973841,-0.881948,-0.003602,-0.181458,0.435004
28982174,-0.881637,-0.003657,-0.181276,0.435708
28990507,-0.881617,-0.003454,-0.181131,0.435812
28998840,-0.881616,-0.003570,-0.181278,0.435751
29007173,-0.881949,-0.003245,-0.181541,0.434969
29015506,-0.881745,-0.003291,-0.181495,0.435402
29023839,-0.882004,-0.002590,-0.181352,0.434940
29032172,-0.881750,-0.002930,-0.181433,0.435419
29040505,-0.881754,-0.003517,-0.182034,0.435157
29048838,-0.881691,-0.003463,-0.181464,0.435522
29057171,-0.881679,-0.003380,-0.181313,0.435609
29065504,-0.881651,-0.003058,-0.181455,0.435611
29073837,-0.881698,-0.003607,-0.181765,0.435382
29082170,-0.882094,-0.003288,-0.182086,0.434446
29090503,-0.881919,-0.003577,-0.181861,0.434894
29098836,-0.881839,-0.003907,-0.181719,0.435112
29107169,-0.881809,-0.003472,-0.181295,0.435353
29115502,-0.881790,-0.003721,-0.181484,0.435311
29123835,-0.882049,-0.003365,-0.182055,0.434550
29132168,-0.882033,-0.003194,-0.181881,0.434657
29140501,-0.881704,-0.003727,-0.181940,0.435295
29148834,-0.881705,-0.003335,-0.182058,0.435247
29157167,-0.881590,-0.004241,-0.181894,0.435541
29165500,-0.881663,-0.004166,-0.182556,0.435116
29173833,-0.881767,-0.003770,-0.182063,0.435116
29182166,-0.881881,-0.003607,-0.181765,0.435011
29190499,-0.881797,-0.003389,-0.181880,0.435135
29198832,-0.882010,-0.003227,-0.181709,0.434776
29207165,-0.881812,-0.003368,-0.181863,0.435112
29215498,-0.881758,-0.003591,-0.182198,0.435080
29223831,-0.881671,-0.003541,-0.182022,0.435329
29232164,-0.881635,-0.003622,-0.181821,0.435486
29240497,-0.881858,-0.003307,-0.181642,0.435110
29248830,-0.882000,-0.003124,-0.181733,0.434786
29257163,-0.882272,-0.001688,-0.181362,0.434397
29265496,-0.882162,-0.002320,-0.181412,0.434598
29273829,-0.881759,-0.002533,-0.181751,0.435272
29282162,-0.881970,-0.003038,-0.182390,0.434573
29290495,-0.882047,-0.002730,-0.182090,0.434544
29298828,-0.882086,-0.002942,-0.182758,0.434183
29307161,-0.881910,-0.002946,-0.182774,0.434534
29315494,-0.881985,-0.002954,-0.181853,0.434768
29323827,-0.881796,-0.003373,-0.181781,0.435179
29332160,-0.881867,-0.003626,-0.181619,0.435100
29340493,-0.881790,-0.003445,-0.181839,0.435166
29348826,-0.881734,-0.003630,-0.182024,0.435200
29357159,-0.881936,-0.003824,-0.182287,0.434679
29365492,-0.882540,-0.002444,-0.182058,0.433558
29373825,-0.881261,-0.004265,-0.182681,0.435877
29382158,-0.882167,-0.003735,-0.182270,0.434218
29390491,-0.881931,-0.003549,-0.182305,0.434684
29398824,-0.882055,-0.002591,-0.182104,0.434522
29407157,-0.881534,-0.003524,-0.182245,0.435513
29415490,-0.881695,-0.003586,-0.182028,0.435278
29423823,-0.881973,-0.003235,-0.181945,0.434752
29432156,-0.882161,-0.003289,-0.182470,0.434150
29440489,-0.881984,-0.003078,-0.182400,0.434541
29448822,-0.881964,-0.003364,-0.181825,0.434819
29457155,-0.881885,-0.003661,-0.181778,0.434997
29465488,-0.881650,-0.004025,-0.182113,0.435329
29473821,-0.881491,-0.003833,-0.182283,0.435582
29482154,-0.881629,-0.003595,-0.182178,0.435348
29490487,-0.881815,-0.004049,-0.182046,0.435023
29498820,-0.881777,-0.004006,-0.182113,0.435073
29507153,-0.881917,-0.003434,-0.181721,0.434958
29515486,-0.881164,-0.004729,-0.182514,0.436139
29523819,-0.881792,-0.004161,-0.182033,0.435075
29532152,-0.882134,-0.003502,-0.181702,0.434526
29540485,-0.882278,-0.002953,-0.181261,0.434421
29548818,-0.881885,-0.003101,-0.182035,0.434893
29557151,-0.881725,-0.003805,-0.181899,0.435270
29565484,-0.882438,-0.003499,-0.181402,0.434033
29573817,-0.882234,-0.003608,-0.181335,0.434475
29582150,-0.882024,-0.003526,-0.181418,0.434866
29590483,-0.881840,-0.003567,-0.181229,0.435318
29598816,-0.881886,-0.003446,-0.181149,0.435258
29607149,-0.882054,-0.003329,-0.181630,0.434718
29615482,-0.881812,-0.003292,-0.181422,0.435295
29623815,-0.881977,-0.003115,-0.180871,0.435193
29632148,-0.881852,-0.003515,-0.180725,0.435503
29640481,-0.881883,-0.003419,-0.180555,0.435512
29648814,-0.881950,-0.003219,-0.180844,0.435258
29657147,-0.881974,-0.003599,-0.180384,0.435398
29665480,-0.881773,-0.003647,-0.179876,0.436014
29673813,-0.882421,-0.002890,-0.180259,0.434548
29682146,-0.881899,-0.001564,-0.179736,0.435829
29690479,-0.882180,-0.002642,-0.179158,0.435493
29698812,-0.881872,-0.003102,-0.178479,0.436392
29707145,-0.882188,-0.003159,-0.177624,0.436102
29715478,-0.882137,-0.002553,-0.176839,0.436526
29723811,-0.881533,-0.001367,-0.176020,0.438081
29732144,-0.881424,-0.002077,-0.175120,0.438658
29740477,-0.881577,-0.001281,-0.173930,0.438827
29748810,-0.881363,-0.000439,-0.173085,0.439591
29757143,-0.880948,0.000882,-0.172728,0.440561
29765476,-0.881370,0.002819,-0.172403,0.439836
29773809,-0.881370,0.002781,-0.172160,0.439932
29782142,-0.881558,0.003578,-0.171396,0.439848
29790475,-0.881822,0.004419,-0.171347,0.439329
29798808,-0.882149,0.006704,-0.170575,0.438944
29807141,-0.882834,0.006640,-0.168538,0.438355
29815474,-0.883585,0.007819,-0.167391,0.437260
29823807,-0.884849,0.009722,-0.164500,0.435761
29832140,-0.886154,0.012246,-0.161319,0.434231
29840473,-0.887212,0.012571,-0.158368,0.433146
29848806,-0.887771,0.013344,-0.155763,0.432924
29857139,-0.889019,0.014003,-0.154965,0.430622
29865472,-0.889322,0.015654,-0.153734,0.430379
29873805,-0.889752,0.017075,-0.152129,0.430007
29882138,-0.890370,0.019376,-0.150238,0.429295
29890471,-0.890285,0.018792,-0.149859,0.429630
29898804,-0.890315,0.019120,-0.149290,0.429751
29907137,-0.890626,0.018429,-0.148670,0.429353
29915470,-0.889855,0.017945,-0.148172,0.431139
29923803,-0.889961,0.018264,-0.147464,0.431150
29932136,-0.889604,0.017048,-0.147577,0.431897
29940469,-0.889218,0.015724,-0.147125,0.432894
29948802,-0.888374,0.015957,-0.146468,0.434838
29957135,-0.888076,0.016879,-0.145717,0.435664
29965468,-0.887733,0.016109,-0.145058,0.436611
29973801,-0.887787,0.014944,-0.145365,0.436441
29982134,-0.886990,0.015557,-0.144632,0.438278
29990467,-0.886331,0.015354,-0.144338,0.439714
29998800,-0.885912,0.013353,-0.144710,0.440501
30007133,-0.886216,0.009782,-0.144753,0.439969
30015466,-0.885389,0.009913,-0.144690,0.441647
30023799,-0.884591,0.006915,-0.145523,0.443029
30032132,-0.884142,0.005449,-0.144181,0.444383
30040465,-0.883766,0.003387,-0.142533,0.445681
30048798,-0.883817,0.000860,-0.141976,0.445769
30057131,-0.883596,-0.000784,-0.140871,0.446557
30065464,-0.884361,-0.001692,-0.139224,0.445554
30073797,-0.884753,-0.003586,-0.138856,0.444880
30082130,-0.884755,-0.002480,-0.139628,0.444641
30090463,-0.884346,-0.001390,-0.140639,0.445142
30098796,-0.884446,-0.001620,-0.141647,0.444622
30107129,-0.884714,-0.001802,-0.141590,0.444106
30115462,-0.884963,-0.003375,-0.141906,0.443499
30123795,-0.884530,-0.003448,-0.142513,0.444167
30132128,-0.884413,-0.002578,-0.142459,0.444423
30140461,-0.884552,-0.001510,-0.141801,0.444362
30148794,-0.884699,-0.002014,-0.141987,0.444007
30157127,-0.884305,-0.001505,-0.142077,0.444766
30165460,-0.884737,-0.001419,-0.140938,0.444269
30173793,-0.884877,-0.001081,-0.140343,0.444179
30182126,-0.884388,-0.000772,-0.140696,0.445041
30190459,-0.884566,-0.001579,-0.140985,0.444595
30198792,-0.884695,-0.000992,-0.140972,0.444343
30207125,-0.884861,-0.002060,-0.140883,0.444037
30215458,-0.884818,-0.001400,-0.140579,0.444222
30223791,-0.884266,-0.001857,-0.141280,0.445095
30232124,-0.884495,-0.002975,-0.141293,0.444629
30240457,-0.884679,-0.002553,-0.140631,0.444477
30248790,-0.884510,-0.003157,-0.140505,0.444849
30257123,-0.884197,-0.002858,-0.140500,0.445474
30265456,-0.884439,-0.003216,-0.139273,0.445377
30273789,-0.884114,-0.002075,-0.138791,0.446178
30282122,-0.884007,-0.005901,-0.139072,0.446268
30290455,-0.883486,-0.006912,-0.138756,0.447384
30298788,-0.882953,-0.005827,-0.137362,0.448877
30307121,-0.883026,-0.006455,-0.136268,0.449059
30315454,-0.882684,-0.006357,-0.135073,0.450094
30323787,-0.882083,-0.005516,-0.133389,0.451782
30332120,-0.880905,-0.003712,-0.131767,0.454566
30340453,-0.880287,-0.002736,-0.128656,0.456657
30348786,-0.880348,0.000543,-0.124848,0.457603
30357119,-0.879587,0.003500,-0.120367,0.460246
30365452,-0.879387,0.005303,-0.114673,0.462061
30373785,-0.880885,0.013138,-0.107162,0.460853
30382118,-0.879813,0.016697,-0.101593,0.464036
30390451,-0.877725,0.022009,-0.093593,0.469419
30398784,-0.875474,0.025564,-0.086413,0.474789
30407117,-0.876620,0.033740,-0.074389,0.474199
30415450,-0.876625,0.045144,-0.060371,0.475232
30423783,-0.873896,0.056797,-0.049900,0.480197
30432116,-0.870929,0.069887,-0.040149,0.484754
30440449,-0.869799,0.080614,-0.030467,0.485821
30448782,-0.866657,0.092406,-0.021341,0.489807
30457115,-0.866073,0.099733,-0.013544,0.489681
30465448,-0.864924,0.105195,-0.004516,0.490734
30473781,-0.862989,0.103954,0.000424,0.494412
30482114,-0.862454,0.107656,0.005916,0.494518
30490447,-0.859567,0.117202,0.010072,0.497300
30498780,-0.855874,0.127952,0.012661,0.500947
30507113,-0.857692,0.142824,0.020179,0.493516
30515446,-0.856393,0.158239,0.027057,0.490733
30523779,-0.854268,0.169074,0.033445,0.490430
30532112,-0.855616,0.175345,0.038516,0.485481
30540445,-0.852929,0.186259,0.044447,0.485639
30548778,-0.852467,0.197710,0.049175,0.481448
30557111,-0.851781,0.208698,0.051721,0.477744
30565444,-0.850247,0.211435,0.048600,0.479597
30573777,-0.846421,0.223469,0.049085,0.480858
30582110,-0.844199,0.231416,0.048148,0.481099
30590443,-0.840038,0.236314,0.044029,0.486367
30598776,-0.841170,0.233686,0.037871,0.486199
30607109,-0.840432,0.234191,0.034156,0.487506
30615442,-0.840521,0.233307,0.031089,0.487981
30623775,-0.844510,0.227623,0.025853,0.484068
30632108,-0.850278,0.222059,0.018390,0.476843
30640441,-0.851028,0.222183,0.021260,0.475326
30648774,-0.853686,0.216295,0.018184,0.473398
30657107,-0.856077,0.212918,0.018432,0.470594
30665440,-0.860197,0.208164,0.017611,0.465209
30673773,-0.862651,0.203220,0.017346,0.462854
30682106,-0.870668,0.192494,0.014404,0.452410
30690439,-0.875345,0.181662,0.011240,0.447932
30698772,-0.877874,0.177033,0.012538,0.444791
30707105,-0.882166,0.167649,0.009983,0.439974
30715438,-0.887419,0.160564,0.007839,0.432024
30723771,-0.890930,0.151016,0.005693,0.428259
30732104,-0.893795,0.146476,0.003897,0.423864
30740437,-0.899306,0.135907,0.000031,0.415666
30748770,-0.900571,0.131883,-0.001852,0.414217
30757103,-0.901195,0.124236,-0.005716,0.415187
30765436,-0.905695,0.117710,-0.005192,0.407228
30773769,-0.908409,0.110658,-0.006478,0.403121
30782102,-0.910252,0.104604,-0.006303,0.400573
30790435,-0.911742,0.099470,-0.004825,0.398509
30798768,-0.911945,0.100428,0.000729,0.397831
30807101,-0.913903,0.098194,0.006256,0.393828
30815434,-0.915161,0.092759,0.011139,0.392113
30823767,-0.918050,0.091767,0.020330,0.385161
30832100,-0.919913,0.087369,0.027789,0.381255
30840433,-0.921751,0.088109,0.038861,0.375635
30848766,-0.924412,0.084237,0.048584,0.368790
30857099,-0.922386,0.084039,0.056972,0.372688
30865432,-0.922682,0.084232,0.067604,0.370126
30873765,-0.923806,0.073863,0.074268,0.368254
30882098,-0.930275,0.045821,0.074784,0.356226
30890431,-0.934748,0.017469,0.081549,0.345385
30898764,-0.935615,-0.001664,0.082833,0.343163
30907097,-0.939795,-0.023140,0.093129,0.327990
30915430,-0.942776,-0.044153,0.102151,0.314306
30923763,-0.941072,-0.035842,0.124652,0.312348
30932096,-0.939788,-0.029517,0.151365,0.304986
30940429,-0.931774,-0.007963,0.183257,0.313291
30948762,-0.919984,0.016552,0.218433,0.325028
30957095,-0.904237,0.044521,0.252662,0.341371
30965428,-0.885982,0.059930,0.288419,0.358133
30973761,-0.861527,0.090819,0.322936,0.381099
30982094,-0.838165,0.118769,0.353296,0.398191
30990427,-0.818044,0.142087,0.374031,0.413178
30998760,-0.796760,0.164284,0.391719,0.429815
31007093,-0.772349,0.185965,0.409230,0.448804
31015426,-0.750908,0.201817,0.420346,0.467671
31023759,-0.731304,0.216565,0.432386,0.480974
31032092,-0.712434,0.225181,0.444422,0.494186
31040425,-0.698809,0.226507,0.448828,0.508836
31048758,-0.687486,0.227133,0.453794,0.519466
31057091,-0.682999,0.219315,0.454071,0.528425
31065424,-0.680731,0.211082,0.451365,0.536953
31073757,-0.682219,0.196367,0.447842,0.543557
31082090,-0.685568,0.183600,0.442782,0.547935
31090423,-0.690985,0.170251,0.436452,0.550512
31098756,-0.697972,0.153054,0.430770,0.551222
31107089,-0.706036,0.134474,0.423676,0.551297
31115422,-0.713474,0.114391,0.412740,0.554541
31123755,-0.719999,0.103744,0.403997,0.554639
31132088,-0.726667,0.091381,0.395969,0.553907
31140421,-0.736467,0.077256,0.383214,0.552082
31148754,-0.742649,0.061707,0.373354,0.552514
31157087,-0.755060,0.045706,0.362888,0.544158
31165420,-0.767041,0.028977,0.350377,0.536698
31173753,-0.781625,0.011005,0.339811,0.522943
31182086,-0.795252,-0.005835,0.329222,0.509070
31190419,-0.806680,-0.022872,0.320212,0.496193
31198752,-0.819595,-0.046170,0.305965,0.482201
31207085,-0.828302,-0.075479,0.290177,0.473303
31215418,-0.837525,-0.082595,0.288433,0.456657
31223751,-0.845643,-0.097922,0.280899,0.443165
31232084,-0.852647,-0.115849,0.272326,0.430593
31240417,-0.858298,-0.131512,0.270775,0.415584
31248750,-0.863724,-0.157048,0.260257,0.401974
31257083,-0.866205,-0.202145,0.240607,0.388504
31265416,-0.866072,-0.230849,0.224230,0.382557
31273749,-0.868151,-0.232568,0.217394,0.380745
31282082,-0.870259,-0.235344,0.214990,0.375554
31290415,-0.879408,-0.239825,0.230576,0.340530
31298748,-0.881649,-0.245520,0.231009,0.330229
31307081,-0.880628,-0.257359,0.223064,0.329398
31315414,-0.881064,-0.267592,0.220917,0.321430
31323747,-0.881122,-0.274731,0.226639,0.311098
31332080,-0.886300,-0.294708,0.249425,0.255749
31340413,-0.885816,-0.306995,0.254273,0.237549
31348746,-0.881311,-0.326491,0.262616,0.218468
31357079,-0.878171,-0.348451,0.252675,0.208693
31365412,-0.871473,-0.368948,0.255275,0.198108
31373745,-0.866996,-0.380158,0.261164,0.188659
31382078,-0.855665,-0.404053,0.268378,0.180422
31390411,-0.846195,-0.423658,0.273489,0.172252
31398744,-0.840483,-0.435814,0.277243,0.163681
31407077,-0.832364,-0.448595,0.282223,0.162121
31415410,-0.826345,-0.458753,0.283294,0.162614
31423743,-0.824552,-0.463840,0.280427,0.162259
31432076,-0.820148,-0.472795,0.277727,0.163370
31440409,-0.817944,-0.475858,0.277596,0.165732
31448742,-0.814811,-0.476669,0.284959,0.166338
31457075,-0.812492,-0.479624,0.286537,0.166474
31465408,-0.814185,-0.476024,0.285269,0.170660
31473741,-0.813745,-0.470602,0.290150,0.179346
31482074,-0.812765,-0.472051,0.287953,0.183476
31490407,-0.813743,-0.473270,0.283176,0.183438
31498740,-0.817208,-0.468940,0.280432,0.183369
31507073,-0.814584,-0.473323,0.284303,0.177734
31515406,-0.814325,-0.475921,0.283830,0.172670
31523739,-0.814635,-0.478336,0.281444,0.168384
31532072,-0.816412,-0.475174,0.283010,0.166091
31540405,-0.814452,-0.481815,0.279335,0.162770
31548738,-0.810734,-0.490522,0.277416,0.158553
31557071,-0.808556,-0.496899,0.276312,0.151593
31565404,-0.809373,-0.493521,0.281186,0.149289
31573737,-0.811137,-0.504255,0.263786,0.134913
31582070,-0.814765,-0.493784,0.271926,0.135615
31590403,-0.802942,-0.497723,0.290805,0.151617
31598736,-0.812043,-0.477322,0.296313,0.157954
31607069,-0.811576,-0.460716,0.310937,0.180012
31615402,-0.807105,-0.465668,0.311474,0.186328
31623735,-0.806331,-0.471553,0.306569,0.182982
31632068,-0.805885,-0.468974,0.308582,0.188123
31640401,-0.805179,-0.467362,0.313530,0.186973
31648734,-0.802775,-0.467763,0.320325,0.184776
31657067,-0.800778,-0.469260,0.326213,0.179264
31665400,-0.798960,-0.474880,0.323778,0.176976
31673733,-0.798057,-0.477668,0.322703,0.175503
31682066,-0.798399,-0.468059,0.331921,0.182508
31690399,-0.798129,-0.478319,0.322016,0.174662
31698732,-0.800907,-0.469541,0.326770,0.176920
31707065,-0.803737,-0.463750,0.327476,0.178049
31715398,-0.803854,-0.477183,0.312903,0.167949
31723731,-0.804169,-0.483020,0.305080,0.164104
31732064,-0.805354,-0.485325,0.298989,0.162695
31740397,-0.806043,-0.485703,0.297869,0.160192
31748730,-0.808234,-0.483081,0.297985,0.156829
31757063,-0.808539,-0.484097,0.295510,0.156808
31765396,-0.810631,-0.481589,0.295016,0.154646
31773729,-0.813172,-0.476330,0.297340,0.153134
31782062,-0.816840,-0.463296,0.305134,0.158185
31790395,-0.818196,-0.460992,0.302773,0.162391
31798728,-0.819819,-0.458130,0.302017,0.163706
31807061,-0.814334,-0.458028,0.316076,0.164824
31815394,-0.813713,-0.456247,0.320163,0.164942
31823727,-0.815882,-0.454987,0.315770,0.166169
31832060,-0.819367,-0.448826,0.314006,0.169096
31840393,-0.827644,-0.439323,0.304335,0.171407
31848726,-0.831462,-0.431663,0.302923,0.174861
31857059,-0.833112,-0.429624,0.302713,0.172371
31865392,-0.833999,-0.428530,0.302237,0.171640
31873725,-0.834394,-0.427441,0.302707,0.171605
31882058,-0.834662,-0.425438,0.304140,0.172744
31890391,-0.834184,-0.424216,0.307470,0.172164
31898724,-0.834058,-0.423675,0.309745,0.170014
31907057,-0.833203,-0.424337,0.311748,0.168891
31915390,-0.833359,-0.423411,0.313089,0.167964
31923723,-0.833576,-0.422529,0.313931,0.167531
31932056,-0.833667,-0.421938,0.314289,0.167901
31940389,-0.834051,-0.420427,0.314399,0.169568
31948722,-0.834113,-0.420509,0.314809,0.168297
31957055,-0.834420,-0.419981,0.314423,0.168813
31965388,-0.835051,-0.418509,0.314277,0.169618
31973721,-0.835919,-0.417269,0.313306,0.170194
31982054,-0.836710,-0.415640,0.313309,0.170283
31990387,-0.838785,-0.412464,0.312358,0.169546
31998720,-0.838709,-0.412997,0.312662,0.168057
32007053,-0.838007,-0.416882,0.309555,0.167718
32015386,-0.837845,-0.417746,0.308131,0.168996
32023719,-0.838073,-0.416882,0.308600,0.169145
32032052,-0.836620,-0.418175,0.310720,0.169261
32040385,-0.834832,-0.420369,0.312460,0.169450
32048718,-0.835508,-0.419568,0.313301,0.166526
32057051,-0.833772,-0.420506,0.317076,0.165718
32065384,-0.832116,-0.419831,0.322525,0.165234
32073717,-0.833059,-0.416371,0.324125,0.166105
32082050,-0.832965,-0.414438,0.328278,0.163231
32090383,-0.829462,-0.417243,0.334358,0.161573
32098716,-0.828433,-0.414933,0.340236,0.160525
32107049,-0.827981,-0.414407,0.342769,0.158821
32115382,-0.825293,-0.417610,0.345851,0.157736
32123714,-0.825286,-0.415231,0.348951,0.157223
32132047,-0.824322,-0.413754,0.352914,0.157329
32140380,-0.821322,-0.421265,0.351319,0.156653
32148714,-0.821464,-0.422997,0.349294,0.155770
32157047,-0.824093,-0.420762,0.345936,0.155432
32165380,-0.823809,-0.418378,0.350144,0.153938
32173713,-0.822238,-0.420322,0.351218,0.154596
32182046,-0.822257,-0.421491,0.349991,0.154092
32190379,-0.823361,-0.420320,0.349334,0.152886
32198712,-0.820146,-0.424620,0.351570,0.153158
32207045,-0.820519,-0.423537,0.352129,0.152871
32215378,-0.821236,-0.420555,0.354299,0.152240
32223711,-0.822487,-0.420632,0.351189,0.152478
32232044,-0.823079,-0.419233,0.351518,0.152380
32240377,-0.823784,-0.415646,0.353577,0.153626
32248710,-0.830450,-0.415285,0.338074,0.153615
32257043,-0.830395,-0.413305,0.340897,0.153013
32265376,-0.829924,-0.411269,0.343762,0.154634
32273709,-0.826758,-0.413287,0.348455,0.155708
32282041,-0.826447,-0.411940,0.350895,0.155446
32290374,-0.826297,-0.412192,0.350524,0.156410
32298707,-0.826229,-0.412024,0.350673,0.156877
32307040,-0.828231,-0.409642,0.348531,0.157334
32315374,-0.829257,-0.408969,0.346447,0.158273
32323707,-0.832951,-0.402912,0.345504,0.156464
32332040,-0.834610,-0.400885,0.343701,0.156803
32340373,-0.835690,-0.397746,0.345098,0.155973
32348706,-0.839254,-0.402960,0.330157,0.155793
32357039,-0.835082,-0.403948,0.339767,0.154993
32365372,-0.835716,-0.409799,0.330882,0.155437
32373705,-0.830554,-0.410282,0.343607,0.154217
32382038,-0.828751,-0.409986,0.348858,0.152914
32390371,-0.827976,-0.409308,0.351681,0.152455
32398704,-0.829291,-0.407512,0.350070,0.153823
32407037,-0.830340,-0.407728,0.347819,0.152696
32415370,-0.830519,-0.406410,0.348999,0.152543
32423703,-0.830584,-0.405531,0.350298,0.151546
32432036,-0.830211,-0.405501,0.351984,0.149750
32440369,-0.829503,-0.405942,0.353141,0.149757
32448701,-0.823162,-0.407399,0.366750,0.148074
32457034,-0.822857,-0.405627,0.369807,0.147023
32465367,-0.826979,-0.399330,0.367865,0.146000
32473701,-0.824621,-0.401207,0.371292,0.145514
32482034,-0.823858,-0.401294,0.372953,0.145352
32490367,-0.824528,-0.399528,0.373622,0.144696
32498700,-0.823003,-0.400322,0.375409,0.146548
32507033,-0.823852,-0.397606,0.376580,0.146168
32515366,-0.825223,-0.395412,0.376079,0.145674
32523699,-0.826208,-0.395913,0.373400,0.145620
32532032,-0.826464,-0.395410,0.373346,0.145673
32540365,-0.826730,-0.395149,0.373341,0.144886
32548698,-0.827159,-0.394570,0.372997,0.144901
32557031,-0.824685,-0.398181,0.374584,0.145032
32565364,-0.825979,-0.397183,0.372975,0.144549
32573697,-0.827329,-0.396142,0.371298,0.144002
32582030,-0.828754,-0.394084,0.370429,0.143689
32590363,-0.829118,-0.393678,0.370184,0.143330
32598696,-0.829345,-0.392814,0.370735,0.142968
32607028,-0.826603,-0.395814,0.373680,0.142903
32615361,-0.826515,-0.397368,0.372303,0.142693
32623694,-0.827871,-0.396879,0.369878,0.142504
32632028,-0.826223,-0.398550,0.371973,0.141947
32640361,-0.826818,-0.399164,0.369498,0.143216
32648694,-0.828482,-0.397504,0.367911,0.142302
32657027,-0.828757,-0.396560,0.368586,0.141581
32665360,-0.826520,-0.400415,0.369624,0.141105
32673693,-0.826568,-0.401399,0.368221,0.141695
32682026,-0.826520,-0.400501,0.369272,0.141779
32690359,-0.827692,-0.397661,0.369540,0.142241
32698692,-0.830205,-0.394243,0.367899,0.141356
32707025,-0.830609,-0.394652,0.366146,0.142393
32715358,-0.831992,-0.393910,0.364005,0.141864
32723691,-0.831061,-0.393835,0.366361,0.141461
32732024,-0.830653,-0.394708,0.366073,0.142167
32740357,-0.831677,-0.392373,0.366251,0.142188
32748690,-0.835495,-0.388244,0.361586,0.143074
32757023,-0.829780,-0.395796,0.366681,0.142672
32765355,-0.828256,-0.396810,0.369103,0.142466
32773688,-0.833189,-0.390335,0.364769,0.142750
32782021,-0.836364,-0.384714,0.363760,0.142015
32790355,-0.831917,-0.389120,0.370012,0.139968
32798688,-0.831093,-0.388585,0.372655,0.139336
32807021,-0.830945,-0.388334,0.372771,0.140604
32815354,-0.831159,-0.389195,0.371649,0.139922
32823687,-0.831763,-0.388499,0.371103,0.139721
32832020,-0.831318,-0.389918,0.371082,0.138466
32840353,-0.831161,-0.390736,0.370887,0.137623
32848686,-0.831561,-0.391139,0.369431,0.137977
32857019,-0.831773,-0.390778,0.369321,0.138013
32865352,-0.831999,-0.390075,0.369541,0.138055
32873685,-0.831955,-0.390032,0.369731,0.137929
32882018,-0.832062,-0.390753,0.368881,0.137521
32890351,-0.831871,-0.390904,0.369065,0.137755
32898684,-0.831867,-0.390839,0.369005,0.138119
32907017,-0.833264,-0.389463,0.367203,0.138388
32915350,-0.834011,-0.389023,0.365672,0.139179
32923683,-0.834350,-0.389667,0.364181,0.139253
32932015,-0.834435,-0.392819,0.360489,0.139499
32940348,-0.834655,-0.394185,0.358243,0.140109
32948681,-0.834469,-0.394474,0.357830,0.141455
32957015,-0.834296,-0.394308,0.358152,0.142120
32965348,-0.834371,-0.396099,0.355929,0.142284
32973681,-0.835056,-0.393886,0.356493,0.142994
32982014,-0.833998,-0.395130,0.357333,0.143639
32990347,-0.833296,-0.395493,0.358583,0.143598
32998680,-0.832828,-0.395253,0.359961,0.143526
33007013,-0.832489,-0.395435,0.360608,0.143372
33015346,-0.831374,-0.395694,0.363068,0.142917
33023679,-0.832317,-0.394105,0.362288,0.143797
33032012,-0.832202,-0.394910,0.361631,0.143911
33040345,-0.832355,-0.395548,0.360483,0.144148
33048678,-0.832734,-0.395923,0.359087,0.144416
33057011,-0.833374,-0.395725,0.357696,0.144717
33065344,-0.833044,-0.395603,0.358473,0.145029
33073677,-0.833516,-0.395214,0.357535,0.145689
33082010,-0.833886,-0.393762,0.357889,0.146633
33090342,-0.833115,-0.393313,0.360203,0.146552
33098675,-0.832494,-0.392888,0.362574,0.145374
33107008,-0.832827,-0.393216,0.361041,0.146392
33115342,-0.832247,-0.392490,0.363368,0.145876
33123675,-0.831882,-0.392165,0.364829,0.145185
33132008,-0.832049,-0.391399,0.365220,0.145308
33140341,-0.832528,-0.390665,0.364837,0.145507
33148674,-0.832602,-0.391094,0.364361,0.145122
33157007,-0.832566,-0.390215,0.365205,0.145571
33165340,-0.832779,-0.388730,0.366319,0.145528
33173673,-0.832624,-0.389050,0.366163,0.145951
33182006,-0.832292,-0.388172,0.367534,0.146734
33190339,-0.832129,-0.388141,0.367983,0.146620
33198672,-0.832611,-0.387852,0.366879,0.147410
33207005,-0.832135,-0.386408,0.369071,0.148415
33215338,-0.832122,-0.385917,0.370226,0.146881
33223671,-0.832435,-0.384694,0.370570,0.147447
33232004,-0.832368,-0.384131,0.371166,0.147793
33240337,-0.832541,-0.382469,0.372028,0.148960
33248669,-0.832281,-0.382951,0.372213,0.148707
33257002,-0.832309,-0.382979,0.372347,0.148144
33265335,-0.833055,-0.381173,0.372290,0.148750
33273669,-0.832812,-0.381960,0.371612,0.149783
33282002,-0.835623,-0.378755,0.368604,0.149697
33290335,-0.833546,-0.380919,0.371341,0.149025
33298668,-0.832620,-0.382228,0.372051,0.149073
33307001,-0.835794,-0.379237,0.367685,0.149786
33315334,-0.836865,-0.378586,0.365907,0.149804
33323667,-0.837993,-0.378891,0.362875,0.150103
33332000,-0.838319,-0.378239,0.362923,0.149811
33340333,-0.837932,-0.378313,0.363795,0.149673
33348666,-0.834130,-0.382852,0.367893,0.149356
33356999,-0.833021,-0.384651,0.368351,0.149788
33365332,-0.833084,-0.384758,0.368154,0.149648
33373665,-0.833233,-0.384264,0.368460,0.149337
33381998,-0.833203,-0.384434,0.368375,0.149278
33390331,-0.832825,-0.384156,0.369762,0.148670
33398664,-0.837197,-0.378010,0.366284,0.148476
33406997,-0.834443,-0.381945,0.368581,0.148229
33415329,-0.833299,-0.383387,0.369703,0.148143
33423662,-0.833787,-0.383893,0.367694,0.149089
33431995,-0.833740,-0.383006,0.369168,0.147982
33440329,-0.834471,-0.383397,0.366982,0.148289
33448662,-0.834383,-0.383079,0.367540,0.148224
33456995,-0.834100,-0.382974,0.368319,0.148150
33465328,-0.834131,-0.382186,0.369042,0.148213
33473661,-0.834089,-0.381680,0.369668,0.148195
33481994,-0.839497,-0.373797,0.365247,0.148710
33490327,-0.835890,-0.379105,0.368119,0.148513
33498660,-0.834423,-0.381358,0.369233,0.148231
33506993,-0.839076,-0.376118,0.363560,0.149370
33515326,-0.836796,-0.379494,0.365274,0.149435
33523659,-0.835866,-0.380767,0.366417,0.148604
33531992,-0.835872,-0.380963,0.366328,0.148290
33540325,-0.836165,-0.379351,0.367560,0.147719
33548658,-0.839680,-0.375933,0.362706,0.148511
33556991,-0.837377,-0.379437,0.364614,0.147930
33565324,-0.835850,-0.381450,0.366612,0.146448
33573657,-0.835745,-0.381724,0.366648,0.146238
33581990,-0.835975,-0.382014,0.365849,0.146168
33590323,-0.836015,-0.381891,0.365865,0.146220
33598656,-0.836036,-0.381919,0.365720,0.146391
33606989,-0.836024,-0.381865,0.365910,0.146124
33615322,-0.836686,-0.382279,0.363674,0.146835
33623655,-0.836794,-0.382590,0.362896,0.147333
33631988,-0.836490,-0.382479,0.363837,0.147025
33640321,-0.836504,-0.382346,0.363926,0.147073
33648654,-0.836905,-0.382541,0.362637,0.147469
33656987,-0.837378,-0.382432,0.361547,0.147744
33665320,-0.837509,-0.382128,0.361593,0.147670
33673653,-0.837590,-0.381387,0.362423,0.147095
33681986,-0.838734,-0.378859,0.362315,0.147372
33690319,-0.838489,-0.379251,0.362524,0.147246
33698652,-0.838217,-0.380283,0.362280,0.146734
33706985,-0.838903,-0.380886,0.360006,0.146847
33715318,-0.839214,-0.380207,0.360245,0.146243
33723651,-0.839397,-0.380476,0.359599,0.146084
33731984,-0.839545,-0.378920,0.360106,0.148012
33740317,-0.839602,-0.380011,0.359067,0.147417
33748650,-0.839750,-0.379464,0.359036,0.148054
33756983,-0.839788,-0.379590,0.359132,0.147278
33765316,-0.839940,-0.379217,0.359148,0.147337
33773649,-0.840117,-0.378807,0.358806,0.148210
33781982,-0.840294,-0.379310,0.358041,0.147773
33790315,-0.840460,-0.378824,0.357987,0.148207
33798648,-0.840219,-0.378940,0.358450,0.148154
33806981,-0.839853,-0.379652,0.358420,0.148481
33815314,-0.840311,-0.379688,0.357141,0.148878
33823647,-0.840138,-0.379802,0.357493,0.148720
33831980,-0.840811,-0.377829,0.357802,0.149200
33840313,-0.840993,-0.376782,0.358508,0.149124
33848646,-0.840526,-0.378794,0.357522,0.149030
33856979,-0.840961,-0.377008,0.358159,0.149572
33865312,-0.840433,-0.378128,0.358009,0.150070
33873645,-0.840313,-0.377823,0.358464,0.150423
33881978,-0.840866,-0.377115,0.358331,0.149420
33890311,-0.840471,-0.378215,0.358145,0.149311
33898644,-0.840294,-0.378113,0.358448,0.149838
33906977,-0.840430,-0.378059,0.358031,0.150211
33915310,-0.840138,-0.378154,0.358843,0.149668
33923643,-0.839688,-0.379328,0.360011,0.146374
33931976,-0.840192,-0.378832,0.358559,0.148318
33940309,-0.840306,-0.379178,0.358006,0.148124
33948642,-0.840982,-0.378054,0.357757,0.147764
33956975,-0.840720,-0.378080,0.358429,0.147558
33965308,-0.840421,-0.379344,0.357875,0.147365
33973641,-0.839914,-0.379052,0.359947,0.145952
33981974,-0.840397,-0.378106,0.358935,0.148103
33990307,-0.840012,-0.378090,0.359782,0.148270
33998640,-0.840331,-0.378189,0.358781,0.148634
34006973,-0.840520,-0.378957,0.358094,0.147267
34015306,-0.840458,-0.379511,0.357763,0.146994
34023639,-0.840950,-0.379332,0.356768,0.147061
34031972,-0.840765,-0.380060,0.356353,0.147244
34040305,-0.840648,-0.379405,0.357181,0.147596
34048638,-0.840576,-0.379205,0.357840,0.146925
34056971,-0.840150,-0.379788,0.358477,0.146302
34065304,-0.840779,-0.379880,0.356705,0.146781
34073637,-0.841005,-0.379367,0.356615,0.147028
34081970,-0.841026,-0.379287,0.356630,0.147080
34090303,-0.841112,-0.379378,0.356148,0.147518
34098636,-0.840653,-0.379207,0.357425,0.147485
34106969,-0.840199,-0.379461,0.358326,0.147234
34115302,-0.840902,-0.379153,0.356944,0.147368
34123635,-0.840550,-0.379452,0.357524,0.147201
34131968,-0.840574,-0.378416,0.358485,0.147393
34140301,-0.840622,-0.379354,0.357501,0.147101
34148634,-0.841076,-0.379237,0.356203,0.147953
34156967,-0.841227,-0.379448,0.355715,0.147725
34165300,-0.840998,-0.378626,0.356999,0.148046
34173633,-0.841425,-0.378963,0.355697,0.147888
34181966,-0.841496,-0.378733,0.355981,0.147385
34190299,-0.841192,-0.378759,0.356355,0.148154
34198632,-0.841482,-0.378786,0.355968,0.147360
34206965,-0.841470,-0.379139,0.355457,0.147759
34215298,-0.841620,-0.378935,0.355082,0.148324
34223631,-0.841353,-0.378960,0.355918,0.147773
34231964,-0.841663,-0.379204,0.354783,0.148108
34240297,-0.841537,-0.377711,0.357352,0.146455
34248630,-0.841754,-0.378927,0.354977,0.147840
34256963,-0.841886,-0.378920,0.354500,0.148252
34265296,-0.841974,-0.378893,0.354336,0.148210
34273629,-0.842092,-0.378619,0.354427,0.148022
34281962,-0.842165,-0.378070,0.355018,0.147591
34290295,-0.842090,-0.378690,0.354613,0.147405
34298628,-0.842243,-0.378869,0.353880,0.147833
34306961,-0.842433,-0.377989,0.354358,0.147854
34315294,-0.842458,-0.378769,0.353446,0.147901
34323627,-0.842612,-0.378414,0.353396,0.148053
34331960,-0.842732,-0.378603,0.352973,0.147896
34340293,-0.842766,-0.378517,0.353060,0.147708
34348626,-0.842852,-0.379301,0.352278,0.147076
34356959,-0.842868,-0.378543,0.352792,0.147704
34365292,-0.842913,-0.378920,0.352539,0.147085
34373625,-0.843051,-0.378666,0.352170,0.147830
34381958,-0.843076,-0.378913,0.352087,0.147247
34390291,-0.843119,-0.378901,0.352010,0.147216
34398624,-0.843245,-0.378906,0.351676,0.147280
34406957,-0.843192,-0.377929,0.352281,0.148645
34415290,-0.843334,-0.377924,0.352163,0.148129
34423623,-0.843486,-0.378258,0.351344,0.148356
34431956,-0.843528,-0.378873,0.351122,0.147069
34440289,-0.843564,-0.379046,0.350903,0.146935
34448622,-0.843308,-0.377983,0.352247,0.147928
34456955,-0.843723,-0.377772,0.351415,0.148076
34465288,-0.843971,-0.378277,0.350663,0.147155
34473621,-0.844002,-0.376478,0.352914,0.146209
34481954,-0.844032,-0.377094,0.351261,0.148413
34490287,-0.843702,-0.376847,0.353301,0.146056
34498620,-0.844345,-0.377156,0.351464,0.145971
34506953,-0.844059,-0.377394,0.352004,0.145710
34515286,-0.844284,-0.377801,0.350416,0.147173
34523619,-0.844518,-0.376624,0.350956,0.147562
34531952,-0.844577,-0.376377,0.350730,0.148385
34540285,-0.844643,-0.377161,0.349659,0.148549
34548618,-0.843956,-0.376750,0.351998,0.147971
34556951,-0.844204,-0.377666,0.350138,0.148632
34565284,-0.844438,-0.376087,0.352470,0.145769
34573617,-0.844717,-0.376345,0.350525,0.148157
34581950,-0.844795,-0.376711,0.349819,0.148448
34590283,-0.844771,-0.376344,0.349986,0.149120
34598616,-0.844965,-0.377324,0.349135,0.147533
34606949,-0.844920,-0.376903,0.349646,0.147656
34615282,-0.844775,-0.377214,0.349779,0.147373
34623615,-0.844871,-0.377081,0.349619,0.147547
34631948,-0.845132,-0.376588,0.349439,0.147736
34640281,-0.844490,-0.378065,0.349720,0.146965
34648614,-0.844583,-0.377494,0.349681,0.147989
34656947,-0.844895,-0.376143,0.350088,0.148684
34665280,-0.844666,-0.377700,0.349230,0.148054
34673613,-0.844433,-0.378502,0.349191,0.147426
34681946,-0.844700,-0.377634,0.349545,0.147286
34690279,-0.844802,-0.376999,0.349468,0.148505
34698612,-0.844729,-0.377306,0.349571,0.147893
34706945,-0.844737,-0.376356,0.350952,0.146997
34715278,-0.844522,-0.377587,0.350105,0.147094
34723611,-0.844741,-0.376408,0.350951,0.146840
34731944,-0.844838,-0.375973,0.351337,0.146480
34740277,-0.844808,-0.376577,0.350355,0.147448
34748610,-0.844796,-0.377225,0.349513,0.147858
34756943,-0.844938,-0.376377,0.349925,0.148233
34765276,-0.845206,-0.375069,0.351252,0.146878
34773609,-0.845296,-0.375496,0.350807,0.146330
34781942,-0.845271,-0.375451,0.350145,0.148162
34790275,-0.844738,-0.376495,0.351311,0.145774
34798608,-0.844968,-0.377198,0.349458,0.147070
34806941,-0.845004,-0.376721,0.350234,0.146237
34815274,-0.845601,-0.375468,0.349631,0.147447
34823607,-0.845639,-0.375483,0.349901,0.146547
34831940,-0.845147,-0.375639,0.351360,0.145492
34840273,-0.845377,-0.376122,0.349088,0.148351
34848606,-0.845767,-0.375094,0.348816,0.149368
34856939,-0.845822,-0.374417,0.350165,0.147582
34865272,-0.846391,-0.374458,0.348940,0.147121
34873605,-0.846242,-0.374863,0.348409,0.148202
34881938,-0.845956,-0.376119,0.347776,0.148134
34890271,-0.845962,-0.374475,0.349722,0.147685
34898604,-0.846151,-0.374261,0.349978,0.146534
34906937,-0.845759,-0.376192,0.348320,0.147801
34915270,-0.846211,-0.375137,0.348066,0.148490
34923603,-0.846347,-0.374609,0.349023,0.146793
34931936,-0.846162,-0.374981,0.348600,0.147908
34940269,-0.846156,-0.375451,0.348248,0.147579
34948602,-0.846579,-0.375542,0.346938,0.148011
34956935,-0.846215,-0.375410,0.347981,0.147972
34965268,-0.846732,-0.375613,0.346194,0.148692
34973601,-0.846899,-0.375211,0.346190,0.148764
34981934,-0.846895,-0.375292,0.346417,0.148055
34990267,-0.847145,-0.374718,0.346251,0.148467
34998600,-0.847127,-0.373810,0.347159,0.148737
35006933,-0.847246,-0.375123,0.345486,0.148651
35015266,-0.847531,-0.374857,0.345396,0.147903
35023599,-0.847193,-0.373778,0.346353,0.150310
35031932,-0.846980,-0.374746,0.346267,0.149299
35040265,-0.847526,-0.375317,0.344777,0.148210
35048598,-0.847023,-0.375907,0.345765,0.147284
35056931,-0.847118,-0.374944,0.346125,0.148343
35065264,-0.847763,-0.375542,0.343974,0.148148
35073597,-0.847463,-0.375405,0.344291,0.149470
35081930,-0.847780,-0.374224,0.344639,0.149829
35090263,-0.847557,-0.375586,0.344050,0.149035
35098596,-0.847221,-0.376391,0.344353,0.148211
35106929,-0.847334,-0.377050,0.343463,0.147957
35115262,-0.847488,-0.376830,0.343199,0.148251
35123595,-0.847379,-0.376508,0.343595,0.148770
35131928,-0.847640,-0.377021,0.342496,0.148521
35140261,-0.847467,-0.376845,0.343468,0.147707
35148594,-0.847533,-0.376815,0.343085,0.148294
35156927,-0.847588,-0.377191,0.342447,0.148497
35165260,-0.847652,-0.377679,0.341819,0.148337
35173593,-0.847795,-0.377870,0.341205,0.148450
35181926,-0.847730,-0.378287,0.340972,0.148293
35190259,-0.847784,-0.378356,0.340877,0.148025
35198592,-0.847864,-0.378984,0.340013,0.147946
35206925,-0.847574,-0.378511,0.341264,0.147941
35215258,-0.848025,-0.378731,0.339793,0.148181
35223591,-0.848276,-0.378515,0.339552,0.147847
35231924,-0.848306,-0.378498,0.339589,0.147632
35240257,-0.847633,-0.378226,0.341577,0.147608
35248590,-0.848260,-0.378730,0.339144,0.148325
35256923,-0.848036,-0.379863,0.338242,0.148769
35265256,-0.847490,-0.379102,0.341017,0.147480
35273589,-0.854829,-0.377183,0.323344,0.149827
35281922,-0.849327,-0.377142,0.338076,0.148702
35290255,-0.846897,-0.378034,0.343010,0.148997
35298588,-0.847540,-0.376960,0.342479,0.149282
35306921,-0.847510,-0.378038,0.341255,0.149532
35315254,-0.847808,-0.378160,0.340227,0.149874
35323587,-0.847685,-0.378242,0.340447,0.149864
35331920,-0.850469,-0.374182,0.337438,0.151080
35340253,-0.850667,-0.374840,0.336476,0.150478
35348586,-0.851369,-0.376563,0.333081,0.149762
35356919,-0.850899,-0.378203,0.332650,0.149253
35365252,-0.851474,-0.377681,0.331048,0.150849
35373585,-0.852434,-0.376453,0.329765,0.151311
35381918,-0.850785,-0.380639,0.329759,0.150128
35390251,-0.850033,-0.383642,0.328308,0.149922
35398584,-0.849407,-0.384933,0.327500,0.151916
35406917,-0.848536,-0.388402,0.326149,0.150854
35415250,-0.847625,-0.389785,0.326118,0.152469
35423583,-0.846792,-0.393179,0.324480,0.151876
35431916,-0.846108,-0.395545,0.324669,0.149116
35440249,-0.846471,-0.395331,0.323678,0.149778
35448582,-0.846077,-0.395249,0.324354,0.150757
35456915,-0.845556,-0.395823,0.324764,0.151282
35465248,-0.844991,-0.396697,0.324339,0.153055
35473581,-0.844250,-0.398728,0.323740,0.153135
35481914,-0.844230,-0.399117,0.323314,0.153130
35490247,-0.844414,-0.400617,0.321018,0.153032
35498580,-0.844420,-0.403153,0.319796,0.148841
35506913,-0.844397,-0.402922,0.319669,0.149867
35515246,-0.844370,-0.402000,0.320374,0.150980
35523579,-0.844297,-0.402001,0.320773,0.150540
35531912,-0.844591,-0.401705,0.320599,0.150049
35540245,-0.845412,-0.400203,0.320154,0.150391
35548578,-0.845821,-0.400081,0.319766,0.149239
35556911,-0.847001,-0.398612,0.318230,0.149757
35565244,-0.848077,-0.396282,0.317823,0.150711
35573577,-0.848144,-0.396931,0.317018,0.150321
35581910,-0.847682,-0.397515,0.316940,0.151544
35590243,-0.847631,-0.397869,0.316378,0.152077
35598576,-0.853144,-0.391234,0.308698,0.154228
35606909,-0.853697,-0.390195,0.308296,0.154604
35615242,-0.854188,-0.389295,0.308504,0.153745
35623575,-0.854242,-0.390457,0.306741,0.154026
35631908,-0.854316,-0.390264,0.306714,0.154158
35640241,-0.854295,-0.390384,0.305982,0.155417
35648574,-0.854151,-0.390531,0.306888,0.154051
35656907,-0.852401,-0.392602,0.309386,0.153481
35665240,-0.853693,-0.390721,0.307911,0.154068
35673573,-0.853906,-0.393924,0.303226,0.154021
35681906,-0.850862,-0.396906,0.308065,0.153606
35690239,-0.853556,-0.393941,0.304289,0.153823
35698572,-0.854135,-0.393289,0.303766,0.153307
35706905,-0.854359,-0.392982,0.303532,0.153308
35715238,-0.854878,-0.391271,0.303908,0.154050
35723571,-0.854453,-0.391742,0.305663,0.151722
35731904,-0.854887,-0.391455,0.304806,0.151736
35740237,-0.854693,-0.391108,0.305257,0.152816
35748570,-0.855026,-0.390355,0.305176,0.153038
35756903,-0.855219,-0.390661,0.304330,0.152865
35765236,-0.855709,-0.390065,0.303734,0.152832
35773569,-0.855641,-0.390356,0.303796,0.152342
35781902,-0.851777,-0.394434,0.309133,0.152757
35790235,-0.850271,-0.396368,0.310558,0.153249
35798568,-0.850561,-0.396389,0.309674,0.153375
35806901,-0.852075,-0.394460,0.307900,0.153518
35815234,-0.852197,-0.394453,0.307529,0.153601
35823567,-0.852273,-0.394431,0.307206,0.153881
35831900,-0.851993,-0.394539,0.307739,0.154088
35840233,-0.853208,-0.392416,0.307103,0.154057
35848566,-0.854308,-0.390397,0.306598,0.154099
35856899,-0.854563,-0.390705,0.305978,0.153132
35865232,-0.853504,-0.391780,0.307177,0.153892
35873565,-0.854166,-0.391115,0.305857,0.154534
35881898,-0.851284,-0.396422,0.307295,0.154057
35890231,-0.850663,-0.398582,0.306713,0.153076
35898564,-0.850058,-0.399905,0.306655,0.153100
35906897,-0.851177,-0.398393,0.305321,0.153492
35915230,-0.850830,-0.399193,0.305317,0.153347
35923563,-0.850472,-0.400749,0.305174,0.151547
35931896,-0.850625,-0.401109,0.304378,0.151337
35940229,-0.851064,-0.401331,0.302997,0.151047
35948562,-0.851921,-0.401368,0.299923,0.152249
35956895,-0.852098,-0.401761,0.299521,0.151013
35965228,-0.852541,-0.402374,0.296979,0.151896
35973561,-0.852794,-0.402533,0.296386,0.151211
35981894,-0.853371,-0.402198,0.294557,0.152415
35990227,-0.853660,-0.401808,0.294888,0.151181
35998560,-0.854047,-0.401682,0.294133,0.150802
36006893,-0.854157,-0.402525,0.293020,0.150095
36015226,-0.854673,-0.402279,0.292135,0.149542
36023559,-0.854852,-0.401210,0.293392,0.148933
36031892,-0.855427,-0.400709,0.292214,0.149290
36040225,-0.856112,-0.400969,0.289602,0.149755
36048558,-0.856340,-0.400733,0.289978,0.148350
36056891,-0.857437,-0.398884,0.290145,0.146657
36065224,-0.858252,-0.399967,0.285866,0.147341
36073557,-0.859255,-0.399316,0.283812,0.147239
36081890,-0.860021,-0.398610,0.283046,0.146151
36090223,-0.860608,-0.397982,0.282174,0.146092
36098556,-0.861803,-0.397239,0.278972,0.147213
36106889,-0.862136,-0.398480,0.275911,0.147677
36115222,-0.862679,-0.399142,0.272862,0.148377
36123555,-0.866698,-0.406797,0.251695,0.141423
36131888,-0.867696,-0.406612,0.248038,0.142294
36140221,-0.867360,-0.408654,0.246843,0.140557
36148554,-0.867523,-0.406593,0.248505,0.142589
36156887,-0.868419,-0.403790,0.249501,0.143356
36165220,-0.868213,-0.405052,0.248565,0.142666
36173553,-0.868309,-0.403182,0.249605,0.145536
36181886,-0.869934,-0.398330,0.249655,0.149065
36190219,-0.871540,-0.394365,0.250300,0.149147
36198552,-0.871086,-0.392657,0.254270,0.149588
36206885,-0.872277,-0.388796,0.255102,0.151303
36215218,-0.872372,-0.386462,0.255061,0.156711
36223551,-0.873587,-0.382974,0.254736,0.159013
36231884,-0.874381,-0.380097,0.253968,0.162739
36240217,-0.875932,-0.377707,0.250133,0.165872
36248550,-0.876974,-0.376232,0.249610,0.164504
36256883,-0.879014,-0.372344,0.247606,0.165487
36265216,-0.882305,-0.368153,0.241546,0.166301
36273549,-0.886863,-0.360666,0.234867,0.168023
36281882,-0.889938,-0.356280,0.228073,0.170462
36290215,-0.895153,-0.345164,0.218910,0.177881
36298548,-0.899962,-0.332155,0.212667,0.185779
36306881,-0.906468,-0.307781,0.210459,0.198228
36315214,-0.912185,-0.284953,0.207242,0.209214
36323547,-0.916765,-0.262518,0.207035,0.218547
36331880,-0.921489,-0.237880,0.205562,0.228070
36340213,-0.925078,-0.214436,0.203097,0.238746
36348546,-0.928237,-0.192395,0.198495,0.248918
36356879,-0.930303,-0.176300,0.191096,0.258723
36365212,-0.932397,-0.158645,0.186673,0.265745
36373545,-0.935134,-0.143511,0.179770,0.269466
36381878,-0.937462,-0.131924,0.172709,0.271904
36390211,-0.940473,-0.115928,0.163535,0.274458
36398544,-0.942815,-0.104482,0.156093,0.275351
36406877,-0.945968,-0.096294,0.146869,0.272584
36415210,-0.948768,-0.088395,0.137314,0.270500
36423543,-0.951917,-0.080516,0.125680,0.267536
36431876,-0.954832,-0.075509,0.115263,0.263265
36440209,-0.957712,-0.069471,0.103492,0.259329
36448542,-0.959824,-0.063510,0.095978,0.255914
36456875,-0.961518,-0.056016,0.088320,0.254057
36465208,-0.962963,-0.050108,0.079071,0.252863
36473541,-0.964497,-0.043279,0.067472,0.251634
36481874,-0.965412,-0.035463,0.058814,0.251520
36490207,-0.966353,-0.029797,0.048919,0.250759
36498540,-0.967097,-0.026362,0.039188,0.249985
36506873,-0.968346,-0.018386,0.029427,0.247188
36515206,-0.969070,-0.010660,0.020710,0.245686
36523539,-0.970196,-0.000619,0.012544,0.241997
36531872,-0.970246,0.007449,0.005024,0.241955
36540205,-0.970493,0.015643,-0.003246,0.240599
36548538,-0.970053,0.023083,-0.013618,0.241410
36556871,-0.970214,0.033738,-0.017629,0.239238
36565204,-0.970096,0.040556,-0.024091,0.238093
36573537,-0.969662,0.048516,-0.032032,0.237436
36581870,-0.969117,0.053342,-0.039406,0.237516
36590203,-0.969149,0.058762,-0.044651,0.235167
36598536,-0.969017,0.062361,-0.048434,0.234033
36606869,-0.969678,0.066262,-0.052690,0.229257
36615202,-0.969348,0.068470,-0.056763,0.229029
36623535,-0.969025,0.070645,-0.060174,0.228863
36631868,-0.969144,0.075712,-0.060996,0.226510
36640201,-0.969601,0.079193,-0.062009,0.223063
36648534,-0.969327,0.078748,-0.065712,0.223351
36656867,-0.969165,0.082191,-0.068006,0.222123
36665200,-0.968683,0.085036,-0.069260,0.222767
36673533,-0.968289,0.087314,-0.070678,0.223155
36681866,-0.968161,0.088644,-0.070052,0.223383
36690199,-0.967642,0.090196,-0.070792,0.224772
36698532,-0.967112,0.093739,-0.071115,0.225501
36706865,-0.966488,0.098039,-0.071117,0.226342
36715198,-0.965421,0.098845,-0.072181,0.230178
36723531,-0.963992,0.102385,-0.074905,0.233721
36731864,-0.962850,0.103762,-0.078024,0.236784
36740197,-0.961684,0.107444,-0.078522,0.239695
36748530,-0.960767,0.109960,-0.081142,0.241354
36756863,-0.959848,0.112254,-0.080584,0.244126
36765196,-0.958584,0.113708,-0.082954,0.247599
36773529,-0.957917,0.116795,-0.082480,0.248898
36781862,-0.956953,0.119343,-0.082190,0.251483
36790195,-0.956763,0.119640,-0.079955,0.252779
36798528,-0.955087,0.122318,-0.081696,0.257242
36806861,-0.954855,0.122476,-0.081537,0.258074
36815194,-0.954223,0.120649,-0.082640,0.260907
36823527,-0.953522,0.121429,-0.084202,0.262603
36831860,-0.952828,0.125894,-0.085264,0.262677
36840193,-0.950968,0.135348,-0.084399,0.264984
36848526,-0.949254,0.137633,-0.085421,0.269587
36856859,-0.947720,0.141381,-0.088941,0.271895
36865192,-0.945477,0.147383,-0.089842,0.276189
36873525,-0.942661,0.154316,-0.093215,0.280869
36881858,-0.939852,0.160204,-0.097172,0.285604
36890191,-0.937424,0.164881,-0.103090,0.288831
36898524,-0.935191,0.170869,-0.104093,0.292209
36906857,-0.933030,0.174678,-0.109617,0.294833
36915190,-0.931478,0.177687,-0.114194,0.296203
36923523,-0.929950,0.181037,-0.117968,0.297493
36931856,-0.928610,0.183897,-0.120593,0.298870
36940189,-0.922222,0.192527,-0.121513,0.312529
36948522,-0.923413,0.190363,-0.123885,0.309393
36956855,-0.923809,0.188333,-0.125266,0.308895
36965188,-0.926363,0.186932,-0.124019,0.302534
36973521,-0.927556,0.184461,-0.124640,0.300131
36981854,-0.929159,0.179867,-0.125600,0.297549
36990187,-0.930754,0.171458,-0.129080,0.296035
36998520,-0.929887,0.168527,-0.130719,0.299702
37006853,-0.929174,0.167301,-0.132704,0.301720
37015186,-0.929840,0.164651,-0.132280,0.301313
37023519,-0.929585,0.164367,-0.132871,0.301995
37031852,-0.926652,0.163611,-0.135459,0.310159
37040185,-0.928219,0.159191,-0.135709,0.307652
37048518,-0.928681,0.154590,-0.138036,0.307571
37056851,-0.924942,0.156013,-0.138808,0.317608
37065184,-0.921735,0.154883,-0.140556,0.326589
37073517,-0.921227,0.151463,-0.139216,0.330178
37081850,-0.918984,0.149985,-0.136119,0.338296
37090183,-0.915116,0.147987,-0.136835,0.349197
37098516,-0.909458,0.156321,-0.131898,0.362012
37106849,-0.905837,0.162014,-0.122045,0.371907
37115182,-0.907028,0.152634,-0.113454,0.375675
37123515,-0.912822,0.135913,-0.109047,0.369314
37131848,-0.919510,0.099542,-0.118571,0.361295
37140181,-0.922024,0.055427,-0.146365,0.354086
37148514,-0.919700,0.029837,-0.182867,0.346153
37156847,-0.914603,0.021433,-0.210875,0.344345
37165180,-0.912717,0.015313,-0.226410,0.339782
37173513,-0.913710,0.006595,-0.231777,0.333722
37181846,-0.916515,-0.001794,-0.226675,0.329569
37190179,-0.916869,-0.001687,-0.219033,0.333725
37198512,-0.915008,0.006821,-0.208864,0.345094
37206845,-0.910740,0.020451,-0.199739,0.360886
37215178,-0.911664,0.028224,-0.188025,0.364306
37223511,-0.910994,0.042709,-0.178117,0.369514
37231844,-0.911805,0.051064,-0.172458,0.369137
37240177,-0.913704,0.044886,-0.170640,0.366077
37248510,-0.915151,0.040302,-0.170113,0.363231
37256843,-0.914406,0.036078,-0.171754,0.364774
37265176,-0.913998,0.033294,-0.172742,0.365594
37273509,-0.913444,0.031226,-0.173455,0.366822
37281842,-0.913125,0.030333,-0.174050,0.367410
37290175,-0.911804,0.034794,-0.171743,0.371359
37298508,-0.912508,0.037736,-0.170111,0.370092
37306841,-0.913688,0.037905,-0.167946,0.368147
37315174,-0.912899,0.037500,-0.168007,0.370112
37323507,-0.912532,0.036653,-0.168592,0.370834
37331840,-0.913405,0.037792,-0.166323,0.369594
37340173,-0.912916,0.037084,-0.166553,0.370767
37348506,-0.912529,0.037509,-0.166867,0.371536
37356839,-0.913607,0.040506,-0.165850,0.369020
37365172,-0.913506,0.041301,-0.167381,0.368489
37373505,-0.913674,0.040617,-0.167421,0.368130
37381838,-0.913491,0.041197,-0.167561,0.368456
37390171,-0.914279,0.044038,-0.166375,0.366707
37398504,-0.914809,0.044940,-0.166258,0.365326
37406837,-0.914402,0.042887,-0.167065,0.366223
37415170,-0.914266,0.042833,-0.167684,0.366287
37423503,-0.914390,0.042673,-0.167724,0.365976
37431836,-0.914974,0.041529,-0.168435,0.364319
37440169,-0.916094,0.043794,-0.168113,0.361376
37448502,-0.916342,0.042114,-0.168474,0.360777
37456835,-0.915944,0.041541,-0.170186,0.361051
37465168,-0.915918,0.041165,-0.171140,0.360709
37473501,-0.916586,0.039631,-0.170649,0.359414
37481834,-0.916783,0.037965,-0.171901,0.358494
37490167,-0.916467,0.037646,-0.174066,0.358291
37498500,-0.916617,0.037679,-0.175164,0.357367
37506833,-0.917159,0.037128,-0.175141,0.356042
37515166,-0.917386,0.035263,-0.176249,0.355101
37523499,-0.917629,0.034818,-0.177271,0.354006
37531832,-0.917904,0.034654,-0.178334,0.352773
37540165,-0.918378,0.034496,-0.178595,0.351420
37548498,-0.918863,0.034338,-0.179833,0.349532
37556831,-0.919774,0.033285,-0.179220,0.347547
37565164,-0.920918,0.034130,-0.178941,0.344567
37573497,-0.921115,0.033868,-0.179292,0.343882
37581830,-0.920517,0.037145,-0.180179,0.344678
37590163,-0.921230,0.033721,-0.181576,0.342386
37598496,-0.921406,0.036150,-0.180755,0.342100
37606829,-0.921562,0.034955,-0.181102,0.341620
37615162,-0.923535,0.025186,-0.183524,0.335809
37623495,-0.923669,0.023217,-0.185080,0.334725
37631828,-0.923618,0.023251,-0.185752,0.334492
37640161,-0.923905,0.022102,-0.185216,0.334074
37648494,-0.923504,0.022276,-0.186077,0.334692
37656827,-0.923481,0.021860,-0.186521,0.334537
37665160,-0.923584,0.020371,-0.186293,0.334472
37673493,-0.923932,0.019380,-0.185693,0.333904
37681826,-0.922801,0.025953,-0.183859,0.337581
37690159,-0.923837,0.021137,-0.184877,0.334512
37698492,-0.924254,0.018848,-0.184427,0.333744
37706825,-0.923165,0.025091,-0.182481,0.337397
37715158,-0.922810,0.027381,-0.182138,0.338375
37723491,-0.923120,0.025270,-0.181360,0.338111
37731824,-0.924471,0.017194,-0.183718,0.333624
37740157,-0.924520,0.016198,-0.185218,0.332707
37748490,-0.924525,0.016302,-0.185322,0.332630
37756823,-0.924373,0.017567,-0.186141,0.332532
37765156,-0.924656,0.016966,-0.185223,0.332290
37773489,-0.924381,0.017040,-0.185826,0.332714
37781822,-0.924386,0.016610,-0.185571,0.332862
37790155,-0.924357,0.016081,-0.184910,0.333336
37798488,-0.923788,0.016565,-0.185743,0.334425
37806821,-0.924159,0.016348,-0.185151,0.333740
37815154,-0.924120,0.015673,-0.184822,0.334060
37823487,-0.923488,0.020637,-0.183238,0.336405
37831820,-0.922871,0.025731,-0.182260,0.338271
37840153,-0.925171,0.019754,-0.181271,0.332880
37848486,-0.924838,0.015884,-0.182289,0.333455
37856819,-0.924605,0.016085,-0.181856,0.334328
37865152,-0.924649,0.015614,-0.181285,0.334539
37873485,-0.924526,0.015575,-0.181577,0.334722
37881818,-0.925383,0.017129,-0.179859,0.333202
37890151,-0.924671,0.015810,-0.180228,0.335040
37898484,-0.924613,0.015216,-0.179682,0.335519
37906817,-0.924537,0.014559,-0.179005,0.336120
37915150,-0.924510,0.014808,-0.178434,0.336486
37923483,-0.924514,0.014791,-0.177873,0.336772
37931816,-0.924007,0.014112,-0.177815,0.338223
37940149,-0.925286,0.016072,-0.175387,0.335897
37948482,-0.925815,0.016418,-0.174505,0.334882
37956815,-0.924586,0.014351,-0.175941,0.337609
37965148,-0.924148,0.014122,-0.176347,0.338603
37973481,-0.925042,0.016174,-0.175214,0.336655
37981814,-0.924330,0.015469,-0.176302,0.338072
37990147,-0.923893,0.014189,-0.176422,0.339258
37998480,-0.923743,0.013974,-0.176168,0.339806
38006813,-0.923843,0.015658,-0.176934,0.339063
38015146,-0.923678,0.014578,-0.176764,0.339648
38023479,-0.923654,0.014477,-0.177485,0.339343
38031812,-0.923386,0.016020,-0.178512,0.339463
38040145,-0.923413,0.014696,-0.178122,0.339655
38048478,-0.923408,0.015341,-0.178648,0.339364
38056811,-0.923252,0.014846,-0.178421,0.339927
38065144,-0.923002,0.015277,-0.179267,0.340143
38073477,-0.923023,0.014474,-0.178895,0.340317
38081810,-0.923029,0.013769,-0.178990,0.340280
38090143,-0.922820,0.014686,-0.180000,0.340275
38098476,-0.922878,0.014476,-0.179731,0.340268
38106809,-0.922706,0.014113,-0.179994,0.340613
38115142,-0.922637,0.014029,-0.179303,0.341166
38123475,-0.921679,0.016938,-0.177731,0.344430
38131808,-0.920863,0.019593,-0.177452,0.346609
38140141,-0.920117,0.019851,-0.176424,0.349092
38148474,-0.918921,0.019178,-0.176627,0.352163
38156807,-0.917037,0.017625,-0.178149,0.356365
38165140,-0.915013,0.012556,-0.181071,0.360287
38173473,-0.912206,0.008061,-0.184691,0.365657
38181806,-0.908381,0.000344,-0.190230,0.372367
38190139,-0.904429,-0.004808,-0.194429,0.379712
38198472,-0.900982,-0.010143,-0.200035,0.384858
38206805,-0.897336,-0.016063,-0.205077,0.390478
38215138,-0.893559,-0.017490,-0.207873,0.397537
38223471,-0.891058,-0.017160,-0.206116,0.404027
38231804,-0.889288,-0.018244,-0.207382,0.407218
38240137,-0.887707,-0.022052,-0.208053,0.410127
38248470,-0.886192,-0.020814,-0.207302,0.413831
38256803,-0.884579,-0.016191,-0.205825,0.418203
38265136,-0.884798,-0.011946,-0.201523,0.419974
38273469,-0.883549,-0.012729,-0.198950,0.423789
38281802,-0.883769,-0.011288,-0.193547,0.425868
38290135,-0.882935,-0.010843,-0.189820,0.429275
38298468,-0.883475,-0.012181,-0.184233,0.430560
38306801,-0.882893,-0.010017,-0.181846,0.432819
38315134,-0.883094,-0.005443,-0.178627,0.433830
38323467,-0.884198,-0.002238,-0.174163,0.433424
38331800,-0.885306,-0.001404,-0.169625,0.432964
38340133,-0.886324,0.001829,-0.164527,0.432847
38348466,-0.887117,0.004727,-0.161757,0.432246
38356799,-0.887861,0.008678,-0.156298,0.432664
38365132,-0.888396,0.009278,-0.151735,0.433177
38373465,-0.889457,0.011631,-0.146927,0.432600
38381798,-0.890304,0.012568,-0.143262,0.432061
38390131,-0.890630,0.012766,-0.139746,0.432535
38398464,-0.890907,0.012965,-0.137235,0.432762
38406797,-0.891279,0.013571,-0.134407,0.432865
38415130,-0.892474,0.015358,-0.130560,0.431518
38423463,-0.891676,0.011673,-0.129741,0.433526
38431796,-0.891858,0.012988,-0.126881,0.433961
38440129,-0.893573,0.013354,-0.122958,0.431543
38448462,-0.892255,0.009240,-0.121988,0.434643
38456795,-0.893083,0.008554,-0.117168,0.434281
38465128,-0.894373,0.008082,-0.112477,0.432875
38473461,-0.894940,0.005945,-0.111132,0.432084
38481794,-0.894339,0.003769,-0.109527,0.433760
38490127,-0.895083,0.002317,-0.107266,0.432800
38498460,-0.894867,0.003169,-0.105558,0.433660
38506793,-0.895190,-0.003641,-0.104704,0.433195
38515126,-0.894541,-0.009140,-0.104729,0.434449
38523459,-0.894046,-0.010103,-0.103585,0.435718
38531792,-0.894397,-0.013199,-0.102321,0.435212
38540125,-0.894834,-0.015122,-0.099863,0.434823
38548458,-0.894318,-0.016494,-0.096413,0.436609
38556791,-0.894053,-0.018377,-0.094008,0.437600
38565124,-0.894443,-0.022511,-0.091643,0.437112
38573457,-0.894694,-0.019525,-0.087798,0.437531
38581790,-0.896076,-0.025191,-0.084933,0.434970
38590123,-0.895586,-0.034424,-0.083136,0.435694
38598456,-0.896698,-0.040648,-0.080066,0.433440
38606789,-0.896974,-0.041801,-0.077955,0.433143
38615122,-0.895988,-0.046848,-0.076300,0.434960
38623455,-0.896259,-0.043641,-0.072840,0.435328
38631788,-0.897017,-0.045518,-0.069601,0.434102
38640121,-0.898779,-0.053358,-0.067841,0.429821
38648454,-0.898725,-0.057420,-0.068226,0.429350
38656787,-0.899401,-0.061383,-0.064699,0.427929
38665120,-0.900954,-0.063972,-0.060921,0.424826
38673453,-0.901189,-0.067307,-0.055664,0.424534
38681786,-0.901858,-0.071056,-0.051362,0.423042
38690119,-0.902386,-0.074391,-0.047139,0.421834
38698452,-0.904691,-0.077079,-0.041918,0.416937
38706785,-0.903160,-0.080749,-0.036933,0.420021
38715118,-0.904824,-0.084545,-0.031479,0.416118
38723451,-0.904646,-0.090170,-0.026346,0.415681
38731784,-0.905945,-0.093085,-0.022177,0.412440
38740117,-0.906778,-0.094259,-0.017780,0.410551
38748450,-0.905871,-0.099374,-0.014775,0.411466
38756783,-0.905984,-0.101157,-0.009314,0.410941
38765116,-0.906874,-0.103587,-0.003220,0.408460
38773449,-0.906718,-0.105665,0.005292,0.408252
38781782,-0.905051,-0.107716,0.013546,0.411212
38790115,-0.903966,-0.109996,0.023110,0.412568
38798448,-0.902978,-0.110481,0.032049,0.414001
38806781,-0.906063,-0.109048,0.031345,0.407647
38815114,-0.902486,-0.106282,0.047379,0.414702
38823447,-0.900248,-0.105256,0.062135,0.417868
38831780,-0.898515,-0.100627,0.078330,0.420011
38840113,-0.895791,-0.092951,0.091287,0.424953
38848446,-0.893265,-0.086963,0.106270,0.428043
38856779,-0.889774,-0.079935,0.118631,0.433403
38865112,-0.886022,-0.072353,0.132322,0.438431
38873445,-0.881334,-0.059121,0.145864,0.445510
38881778,-0.876643,-0.047304,0.157434,0.452187
38890111,-0.870635,-0.032685,0.171501,0.459907
38898444,-0.862474,-0.017361,0.186875,0.470016
38906777,-0.853570,0.003668,0.203613,0.479527
38915110,-0.842049,0.026459,0.219383,0.492061
38923443,-0.829769,0.052308,0.236598,0.502761
38931776,-0.816177,0.079160,0.257130,0.511344
38940109,-0.797629,0.123989,0.283375,0.517796
38948442,-0.778910,0.162851,0.301001,0.525525
38956775,-0.762066,0.197448,0.323037,0.525278
38965108,-0.738605,0.244521,0.349260,0.522198
38973441,-0.718278,0.281829,0.367657,0.519113
38981774,-0.701685,0.314807,0.385278,0.509996
38990107,-0.686275,0.343452,0.402910,0.498730
38998440,-0.670749,0.372210,0.415190,0.489054
39006773,-0.657762,0.387030,0.423455,0.488102
39015106,-0.654970,0.382797,0.429315,0.490070
39023439,-0.643080,0.386466,0.427471,0.504342
39031772,-0.636730,0.384717,0.425124,0.515594
39040105,-0.635125,0.389206,0.421126,0.517482
39048438,-0.638119,0.387790,0.415195,0.519650
39056771,-0.646003,0.383222,0.409642,0.517702
39065104,-0.657263,0.369315,0.403415,0.518525
39073437,-0.664320,0.364047,0.398562,0.517007
39081770,-0.672941,0.356432,0.397366,0.512062
39090103,-0.685506,0.341740,0.394673,0.507472
39098436,-0.697106,0.326836,0.392929,0.502821
39106769,-0.710072,0.315045,0.391287,0.493395
39115102,-0.727825,0.297054,0.389479,0.479933
39123435,-0.738202,0.283875,0.383703,0.476703
39131768,-0.750455,0.273754,0.380024,0.466324
39140101,-0.765963,0.258093,0.373969,0.454791
39148434,-0.780031,0.242893,0.365607,0.445966
39156767,-0.793989,0.227139,0.355099,0.438057
39165100,-0.811571,0.208327,0.343101,0.424540
39173433,-0.818886,0.204394,0.334803,0.418993
39181766,-0.826509,0.197747,0.325410,0.414593
39190099,-0.838083,0.184902,0.309862,0.409162
39198432,-0.842490,0.176910,0.308389,0.404735
39206765,-0.847017,0.170967,0.300303,0.403920
39215098,-0.852075,0.165779,0.288133,0.404308
39223431,-0.864864,0.144140,0.276821,0.393198
39231764,-0.869550,0.138893,0.268652,0.390407
39240097,-0.875076,0.130806,0.262825,0.384778
39248430,-0.882730,0.117554,0.252413,0.378492
39256763,-0.886517,0.107154,0.244623,0.377843
39265096,-0.891172,0.094059,0.236664,0.375441
39273429,-0.894269,0.085056,0.233402,0.372253
39281762,-0.898226,0.078182,0.226938,0.368208
39290095,-0.901680,0.070141,0.223724,0.363320
39298428,-0.904002,0.064104,0.220645,0.360537
39306761,-0.907526,0.055116,0.214373,0.356937
39315094,-0.910162,0.048170,0.209858,0.353900
39323427,-0.913299,0.041923,0.203743,0.350165
39331760,-0.915810,0.035553,0.202168,0.345191
39340093,-0.919285,0.024863,0.198935,0.338707
39348426,-0.921738,0.019795,0.194999,0.334638
39356759,-0.923770,0.015007,0.192383,0.330775
39365092,-0.925530,0.010975,0.186894,0.329157
39373425,-0.928596,0.004512,0.185980,0.321093
39381758,-0.930097,0.000676,0.183537,0.318172
39390091,-0.931337,-0.000620,0.182291,0.315248
39398424,-0.933268,-0.003755,0.184857,0.307936
39406757,-0.934272,-0.005989,0.184276,0.305192
39415090,-0.935737,-0.008675,0.184559,0.300432
39423423,-0.936905,-0.008006,0.186858,0.295346
39431756,-0.937931,-0.008999,0.186465,0.292293
39440089,-0.939400,-0.012226,0.186633,0.287310
39448422,-0.940755,-0.014011,0.184973,0.283847
39456755,-0.941601,-0.017792,0.187626,0.279047
39465088,-0.942079,-0.018642,0.191002,0.275060
39473421,-0.942696,-0.019470,0.195033,0.270015
39481754,-0.943858,-0.021859,0.198115,0.263448
39490087,-0.944596,-0.024056,0.202112,0.257509
39498420,-0.944982,-0.022621,0.207239,0.252089
39506753,-0.945174,-0.022039,0.215745,0.244161
39515086,-0.945328,-0.026523,0.221629,0.237764
39523419,-0.945472,-0.028637,0.230302,0.228524
39531752,-0.945807,-0.029872,0.235570,0.221504
39540085,-0.946143,-0.033697,0.242601,0.211715
39548418,-0.945664,-0.036521,0.250300,0.204292
39556751,-0.944536,-0.038192,0.259385,0.197771
39565084,-0.943014,-0.037417,0.270534,0.190094
39573417,-0.941887,-0.038774,0.279039,0.182982
39581750,-0.940542,-0.041853,0.289195,0.173193
39590083,-0.939003,-0.043212,0.299710,0.163031
39598416,-0.937525,-0.047257,0.308970,0.152811
39606749,-0.935433,-0.045864,0.320011,0.143016
39615082,-0.932932,-0.046653,0.331021,0.133741
39623415,-0.930324,-0.049342,0.341398,0.124537
39631748,-0.926965,-0.047043,0.353916,0.115176
39640081,-0.923422,-0.045539,0.366301,0.105076
39648414,-0.920102,-0.048074,0.377077,0.094414
39656747,-0.916297,-0.046717,0.388428,0.085684
39665080,-0.912007,-0.045057,0.400746,0.074936
39673413,-0.908123,-0.043390,0.411328,0.065104
39681746,-0.903212,-0.041823,0.423628,0.054750
39690079,-0.898749,-0.043890,0.434108,0.043290
39698412,-0.894715,-0.045839,0.443052,0.032996
39706745,-0.890340,-0.045548,0.452592,0.019521
39715078,-0.885511,-0.044173,0.462468,0.006453
39723411,-0.882444,-0.045732,0.468152,-0.005889
39731744,-0.878529,-0.048452,0.474808,-0.019921
39740077,-0.874471,-0.049297,0.481322,-0.034638
39748410,-0.870534,-0.050859,0.486884,-0.050283
39756743,-0.866284,-0.054116,0.492297,-0.065332
39765076,-0.862140,-0.056006,0.497456,-0.078198
39773409,-0.857551,-0.059761,0.502008,-0.094988
39781742,-0.854642,-0.062463,0.503652,-0.109636
39790075,-0.849755,-0.066892,0.508115,-0.123540
39798408,-0.844604,-0.069442,0.513290,-0.135482
39806741,-0.840307,-0.072003,0.516862,-0.146809
39815074,-0.836787,-0.072621,0.519000,-0.158596
39823407,-0.833070,-0.074353,0.521717,-0.168161
39831740,-0.829040,-0.074375,0.525652,-0.175644
39840073,-0.826152,-0.076750,0.527357,-0.182967
39848406,-0.821943,-0.077648,0.531046,-0.190709
39856739,-0.818442,-0.075401,0.535591,-0.193930
39865072,-0.816387,-0.076881,0.536392,-0.199711
39873405,-0.814865,-0.077775,0.537018,-0.203859
39881738,-0.813228,-0.077749,0.539357,-0.204228
39890071,-0.810677,-0.077089,0.542431,-0.206466
39898404,-0.808681,-0.076061,0.545892,-0.205554
39906737,-0.807631,-0.074447,0.548353,-0.203712
39915070,-0.806221,-0.071746,0.551559,-0.201601
39923403,-0.803890,-0.070067,0.555595,-0.200415
39931736,-0.803102,-0.067898,0.557842,-0.198062
39940069,-0.802667,-0.065420,0.559750,-0.195260
39948402,-0.802579,-0.063316,0.561064,-0.192524
39956735,-0.800695,-0.059074,0.565065,-0.189997
39965068,-0.798911,-0.056220,0.568834,-0.187105
39973401,-0.798628,-0.053766,0.570663,-0.183430
39981734,-0.798626,-0.051719,0.572085,-0.179554
39990067,-0.798259,-0.051100,0.573524,-0.176753
39998400,-0.799759,-0.051249,0.572269,-0.173972
40006733,-0.799407,-0.049365,0.573435,-0.172291
40015066,-0.800028,-0.050412,0.572586,-0.171926
40023399,-0.800336,-0.049384,0.573250,-0.168544
40031732,-0.802032,-0.051060,0.571712,-0.165176
40040065,-0.804000,-0.050941,0.569752,-0.162393
40048398,-0.806334,-0.051176,0.567346,-0.159135
40056731,-0.809339,-0.051540,0.563953,-0.155791
40065064,-0.812563,-0.052896,0.559865,-0.153278
40073397,-0.816274,-0.055605,0.554960,-0.150416
40081730,-0.818344,-0.055568,0.552683,-0.147535
40090063,-0.821910,-0.056373,0.547899,-0.145231
40098396,-0.826537,-0.057761,0.541746,-0.141461
40106729,-0.830114,-0.059980,0.536598,-0.139199
40115062,-0.834241,-0.062039,0.530811,-0.135766
40123395,-0.839078,-0.064790,0.523806,-0.131823
40131728,-0.843288,-0.067879,0.517026,-0.130159
40140061,-0.847598,-0.070117,0.510870,-0.125190
40148394,-0.851479,-0.072322,0.504960,-0.121529
40156727,-0.854994,-0.074201,0.499510,-0.118194
40165060,-0.860097,-0.079049,0.490826,-0.114342
40173393,-0.864321,-0.082616,0.483363,-0.111736
40181726,-0.868501,-0.085998,0.476112,-0.107828
40190059,-0.871718,-0.088280,0.470500,-0.104612
40198392,-0.875374,-0.090145,0.464511,-0.099120
40206725,-0.877926,-0.091910,0.459817,-0.096782
40215058,-0.882817,-0.097717,0.449888,-0.093203
40223391,-0.886766,-0.101508,0.442237,-0.088135
40231724,-0.890781,-0.105938,0.433553,-0.085547
40240057,-0.892977,-0.106957,0.429259,-0.082995
40248390,-0.897248,-0.110007,0.420268,-0.078866
40256723,-0.899909,-0.114214,0.414022,-0.075525
40265056,-0.903140,-0.118016,0.406302,-0.073003
40273389,-0.905530,-0.118904,0.401466,-0.068569
40281722,-0.908622,-0.121031,0.394631,-0.063441
40290055,-0.911224,-0.122776,0.388650,-0.059562
40298388,-0.912950,-0.125428,0.384155,-0.056697
40306721,-0.916037,-0.127695,0.376793,-0.050959
40315054,-0.918821,-0.130030,0.369697,-0.046742
40323387,-0.920569,-0.132989,0.364595,-0.044016
40331720,-0.922924,-0.134908,0.358342,-0.040032
40340053,-0.924968,-0.137527,0.352448,-0.036077
40348386,-0.926437,-0.139016,0.348268,-0.033133
40356719,-0.928240,-0.141308,0.342746,-0.030450
40365052,-0.930156,-0.141209,0.337860,-0.026836
40373385,-0.931837,-0.144280,0.331989,-0.025406
40381718,-0.932575,-0.146303,0.329121,-0.024059
40390051,-0.933736,-0.147900,0.325327,-0.020636
40398384,-0.934415,-0.149755,0.322607,-0.019126
40406717,-0.935684,-0.152078,0.317908,-0.017379
40415050,-0.936078,-0.152109,0.316804,-0.016024
40423383,-0.936623,-0.151731,0.315432,-0.014768
40431716,-0.937449,-0.156480,0.310719,-0.012495
40440049,-0.938063,-0.157569,0.308376,-0.010705
40448382,-0.938323,-0.157679,0.307531,-0.010584
40456715,-0.938274,-0.159894,0.306551,-0.010171
40465048,-0.937547,-0.161164,0.308082,-0.010831
40473381,-0.937505,-0.163628,0.306885,-0.011484
40481714,-0.937222,-0.164510,0.307222,-0.012859
40490047,-0.937367,-0.162491,0.307942,-0.010545
40498380,-0.936768,-0.164095,0.308906,-0.010792
40506713,-0.936162,-0.166957,0.309180,-0.011586
40515046,-0.934865,-0.165546,0.313776,-0.012889
40523379,-0.934185,-0.163536,0.316807,-0.013732
40531712,-0.933004,-0.163964,0.319974,-0.015381
40540045,-0.932861,-0.164271,0.320272,-0.014513
40548378,-0.931639,-0.162596,0.324570,-0.016307
40556711,-0.930057,-0.162970,0.328779,-0.018401
40565044,-0.928858,-0.163350,0.331910,-0.019379
40573377,-0.927374,-0.160419,0.337249,-0.022525
40581710,-0.926101,-0.159518,0.341070,-0.023716
40590043,-0.923982,-0.156870,0.347811,-0.026001
40598376,-0.922835,-0.156446,0.350836,-0.028529
40606709,-0.921235,-0.154944,0.355283,-0.033056
40615042,-0.919646,-0.153865,0.359478,-0.036788
40623375,-0.917207,-0.150411,0.366700,-0.040493
40631708,-0.915711,-0.148861,0.370495,-0.045247
40640041,-0.914025,-0.147963,0.374106,-0.052054
40648374,-0.911456,-0.145763,0.380227,-0.058554
40656707,-0.909561,-0.144896,0.383921,-0.065644
40665040,-0.907209,-0.146160,0.387562,-0.073519
40673373,-0.904725,-0.144623,0.392626,-0.080014
40681706,-0.902467,-0.145857,0.395695,-0.087776
40690039,-0.899449,-0.141276,0.401958,-0.097278
40698372,-0.894802,-0.139499,0.410438,-0.106818
40706705,-0.892118,-0.141024,0.412992,-0.116940
40715038,-0.889346,-0.144051,0.414814,-0.127443
40723371,-0.884720,-0.144364,0.420914,-0.138786
40731704,-0.879439,-0.144140,0.427556,-0.151678
40740037,-0.877137,-0.146998,0.428257,-0.160057
40748370,-0.870546,-0.146300,0.437315,-0.171759
40756703,-0.867321,-0.149147,0.438399,-0.182523
40765036,-0.861949,-0.148501,0.444221,-0.194058
40773369,-0.859138,-0.154193,0.441777,-0.207217
40781702,-0.853729,-0.154980,0.446583,-0.218382
40790035,-0.848816,-0.153448,0.452845,-0.225604
40798368,-0.842766,-0.153438,0.459165,-0.235308
40806701,-0.835942,-0.153355,0.464351,-0.249123
40815034,-0.831330,-0.152282,0.469341,-0.255773
40823367,-0.827576,-0.154270,0.470552,-0.264386
40831700,-0.823226,-0.155764,0.473090,-0.272438
40840033,-0.818803,-0.154769,0.476813,-0.279746
40848366,-0.815271,-0.156447,0.478082,-0.286871
40856699,-0.809668,-0.153613,0.485410,-0.291923
40865032,-0.806363,-0.154646,0.487326,-0.297281
40873365,-0.803119,-0.154327,0.490098,-0.301641
40881698,-0.798494,-0.151822,0.494159,-0.308487
40890031,-0.796230,-0.152480,0.495364,-0.312061
40898364,-0.793952,-0.154353,0.494559,-0.318162
40906697,-0.789764,-0.154179,0.499121,-0.321528
40915030,-0.789016,-0.152707,0.500440,-0.322016
40923363,-0.786782,-0.153128,0.501897,-0.324999
40931696,-0.784774,-0.153309,0.503182,-0.327771
40940029,-0.784439,-0.155777,0.501372,-0.330173
40948362,-0.783038,-0.156463,0.500094,-0.335077
40956695,-0.779407,-0.155927,0.502493,-0.340166
40965028,-0.780296,-0.159103,0.498927,-0.341902
40973361,-0.779583,-0.160979,0.495868,-0.347059
40981694,-0.778832,-0.162442,0.493539,-0.351359
40990027,-0.779272,-0.165170,0.489831,-0.354288
40998360,-0.778665,-0.166509,0.488368,-0.357006
41006693,-0.779264,-0.168660,0.484395,-0.360087
41015026,-0.779057,-0.170246,0.480196,-0.365373
41023359,-0.780147,-0.171536,0.476711,-0.367004
41031692,-0.780622,-0.171489,0.475720,-0.367303
41040025,-0.781537,-0.174053,0.470792,-0.370486
41048358,-0.782324,-0.175312,0.467243,-0.372718
41056691,-0.784839,-0.172790,0.465839,-0.370359
41065024,-0.784619,-0.171295,0.465808,-0.371557
41073357,-0.785307,-0.175472,0.458303,-0.377440
41081690,-0.787809,-0.176452,0.455422,-0.375250
41090023,-0.789273,-0.179822,0.449875,-0.377259
41098356,-0.790733,-0.180618,0.448655,-0.375269
41106689,-0.790168,-0.181603,0.449474,-0.375005
41115022,-0.791397,-0.184090,0.445044,-0.376481
41123355,-0.795566,-0.184994,0.441618,-0.371248
41131688,-0.799198,-0.188335,0.434935,-0.369653
41140021,-0.801168,-0.188737,0.433082,-0.367353
41148354,-0.804165,-0.187996,0.431844,-0.362612
41156687,-0.805466,-0.187067,0.430293,-0.362047
41165020,-0.810230,-0.186852,0.426010,-0.356552
41173353,-0.812966,-0.188846,0.423417,-0.352337
41181686,-0.816158,-0.188032,0.421456,-0.347714
41190019,-0.818158,-0.185234,0.422053,-0.343769
41198352,-0.818669,-0.187621,0.421564,-0.341852
41206685,-0.823211,-0.186835,0.419350,-0.334008
41215018,-0.825849,-0.187693,0.416466,-0.330607
41223351,-0.829590,-0.188995,0.412504,-0.325426
41231684,-0.832557,-0.187670,0.411078,-0.320380
41240017,-0.835585,-0.189106,0.407112,-0.316697
41248350,-0.838440,-0.190330,0.404091,-0.312255
41256683,-0.841882,-0.190288,0.401936,-0.305734
41265016,-0.841150,-0.194064,0.403116,-0.303815
41273349,-0.844933,-0.193504,0.399125,-0.298903
41281682,-0.847334,-0.195523,0.396529,-0.294212
41290015,-0.849100,-0.195048,0.396232,-0.289804
41298348,-0.851310,-0.193979,0.395364,-0.285185
41306681,-0.854678,-0.196916,0.388674,-0.282281
41315014,-0.857326,-0.195975,0.387491,-0.276471
41323347,-0.859412,-0.197775,0.383163,-0.274739
41331680,-0.862208,-0.198368,0.380604,-0.269049
41340013,-0.864781,-0.198227,0.378774,-0.263420
41348346,-0.866438,-0.199733,0.375790,-0.261102
41356679,-0.869504,-0.197699,0.373189,-0.256141
41365012,-0.870248,-0.197970,0.373665,-0.252687
41373345,-0.871267,-0.198838,0.371992,-0.250958
41381678,-0.873377,-0.198045,0.370326,-0.246677
41390011,-0.874933,-0.196142,0.370385,-0.242560
41398344,-0.876849,-0.196233,0.365774,-0.242566
41406677,-0.878125,-0.195252,0.365962,-0.238424
41415010,-0.879853,-0.196946,0.363092,-0.235024
41423343,-0.881150,-0.198262,0.360889,-0.232434
41431676,-0.881941,-0.197682,0.359954,-0.231377
41440009,-0.882889,-0.197626,0.357366,-0.231820
41448342,-0.883348,-0.197308,0.358175,-0.229079
41456675,-0.883803,-0.197164,0.358438,-0.227025
41465008,-0.884198,-0.196597,0.359535,-0.224227
41473341,-0.884159,-0.196877,0.359986,-0.223411
41481674,-0.884569,-0.198040,0.358679,-0.222860
41490007,-0.884266,-0.198023,0.359974,-0.221989
41498340,-0.884323,-0.197930,0.360206,-0.221469
41506673,-0.883919,-0.197105,0.361706,-0.221371
41515006,-0.883396,-0.197159,0.362396,-0.222282
41523339,-0.882539,-0.197654,0.362057,-0.225769
41531672,-0.882083,-0.196795,0.364389,-0.224548
41540005,-0.882378,-0.194838,0.365835,-0.222738
41548338,-0.882957,-0.194338,0.365133,-0.222030
41556671,-0.881657,-0.194839,0.366661,-0.224226
41565004,-0.879963,-0.196342,0.366645,-0.229535
41573337,-0.878243,-0.196132,0.370298,-0.230437
41581670,-0.876964,-0.195205,0.373878,-0.230313
41590003,-0.874954,-0.194592,0.377715,-0.232207
41598336,-0.872772,-0.194812,0.380152,-0.236225
41606669,-0.871694,-0.194150,0.382531,-0.236909
41615002,-0.869609,-0.193446,0.385451,-0.240387
41623335,-0.867184,-0.191945,0.390029,-0.242951
41631668,-0.865251,-0.190214,0.393883,-0.244982
41640001,-0.863639,-0.190473,0.396174,-0.246769
41648334,-0.861855,-0.189843,0.398852,-0.249164
41656667,-0.859592,-0.187376,0.403382,-0.251547
41665000,-0.858008,-0.186834,0.406135,-0.252924
41673333,-0.856828,-0.186094,0.407581,-0.255131
41681666,-0.853088,-0.183675,0.414732,-0.257880
41689999,-0.851087,-0.181370,0.418387,-0.260207
41698332,-0.849842,-0.181536,0.419622,-0.262164
41706665,-0.846361,-0.178579,0.428802,-0.260597
41714998,-0.844465,-0.178677,0.429129,-0.266087
41723331,-0.843088,-0.179423,0.428702,-0.270602
41731664,-0.842230,-0.179268,0.430185,-0.271021
41739997,-0.839806,-0.178134,0.433541,-0.273928
41748330,-0.837782,-0.177411,0.436543,-0.275822
41756663,-0.835136,-0.174711,0.441296,-0.277995
41764996,-0.833879,-0.175180,0.442009,-0.280333
41773329,-0.832355,-0.175108,0.443692,-0.282239
41781662,-0.830851,-0.173240,0.446184,-0.283891
41789995,-0.828121,-0.173436,0.449841,-0.285972
41798328,-0.824652,-0.172177,0.454067,-0.290047
41806661,-0.825401,-0.168703,0.454746,-0.288893
41814994,-0.825287,-0.168612,0.454613,-0.289479
41823327,-0.825970,-0.169063,0.454065,-0.288126
41831660,-0.824595,-0.168213,0.456043,-0.289435
41839993,-0.822019,-0.168688,0.459433,-0.291121
41848326,-0.820412,-0.169134,0.461296,-0.292446
41856659,-0.820634,-0.170547,0.460800,-0.291781
41864992,-0.820860,-0.171374,0.460049,-0.291846
41873325,-0.820958,-0.171368,0.459424,-0.292557
41881658,-0.820728,-0.170981,0.459604,-0.293148
41889991,-0.821223,-0.173127,0.458361,-0.292447
41898324,-0.822319,-0.173078,0.456948,-0.291607
41906657,-0.821992,-0.172752,0.456876,-0.292832
41914990,-0.822407,-0.174501,0.455691,-0.292475
41923323,-0.823023,-0.170046,0.457516,-0.290511
41931656,-0.824071,-0.170917,0.455248,-0.290591
41939989,-0.824059,-0.171694,0.455383,-0.289956
41948322,-0.823171,-0.175263,0.452953,-0.294119
41956655,-0.823662,-0.175560,0.450866,-0.295770
41964988,-0.825030,-0.175736,0.448978,-0.294722
41973321,-0.825176,-0.176739,0.449509,-0.292900
41981654,-0.825923,-0.175741,0.446456,-0.296045
41989987,-0.825203,-0.178742,0.446498,-0.296195
41998320,-0.826724,-0.179830,0.444011,-0.295031
42006653,-0.827882,-0.181510,0.441184,-0.294996
42014986,-0.828810,-0.183452,0.438035,-0.295880
42023319,-0.831666,-0.185749,0.433175,-0.293580
42031652,-0.832199,-0.187032,0.431018,-0.294429
42039985,-0.831991,-0.188272,0.429753,-0.296068
42048318,-0.833509,-0.189184,0.426730,-0.295591
42056651,-0.834700,-0.190102,0.424456,-0.294915
42064984,-0.834798,-0.190302,0.424273,-0.294769
42073317,-0.835784,-0.189822,0.423472,-0.293435
42081650,-0.836886,-0.191943,0.421382,-0.291920
42089983,-0.838752,-0.194298,0.416412,-0.292138
42098316,-0.839531,-0.194691,0.414241,-0.292725
42106649,-0.841109,-0.194680,0.412759,-0.290285
42114982,-0.842861,-0.196623,0.410083,-0.287675
42123315,-0.843676,-0.198529,0.408197,-0.286658
42131648,-0.844324,-0.198962,0.406841,-0.286376
42139981,-0.845607,-0.199726,0.405334,-0.284187
42148314,-0.846118,-0.200936,0.403873,-0.283892
42156647,-0.847225,-0.201679,0.401804,-0.282999
42164980,-0.848545,-0.202430,0.400038,-0.281002
42173313,-0.847207,-0.201051,0.403522,-0.281049
42181646,-0.845570,-0.201315,0.403411,-0.285908
42189979,-0.847035,-0.204610,0.399843,-0.284240
42198312,-0.849302,-0.206373,0.396018,-0.281543
42206645,-0.850296,-0.207794,0.394141,-0.280129
42214978,-0.850751,-0.208958,0.393227,-0.279162
42223311,-0.851526,-0.210333,0.392069,-0.277389
42231644,-0.852433,-0.211412,0.391224,-0.274967
42239977,-0.851534,-0.210853,0.393165,-0.275411
42248310,-0.852567,-0.210831,0.392420,-0.273287
42256643,-0.852517,-0.212403,0.392296,-0.272402
42264976,-0.852802,-0.213199,0.391823,-0.271570
42273309,-0.853024,-0.214090,0.391102,-0.271211
42281642,-0.854042,-0.213664,0.390003,-0.269922
42289975,-0.854284,-0.213471,0.390244,-0.268958
42298308,-0.854679,-0.215183,0.388961,-0.268197
42306641,-0.853572,-0.215735,0.390608,-0.268886
42314974,-0.853345,-0.217094,0.390220,-0.269074
42323307,-0.853550,-0.218354,0.389290,-0.268752
42331640,-0.853660,-0.217876,0.389388,-0.268649
42339973,-0.855018,-0.218087,0.388593,-0.265288
42348306,-0.854687,-0.216442,0.391215,-0.263844
42356639,-0.853539,-0.215495,0.392485,-0.266436
42364972,-0.853271,-0.216324,0.391951,-0.267409
42373305,-0.851990,-0.218239,0.391776,-0.270180
42381638,-0.852402,-0.216810,0.393339,-0.267748
42389971,-0.852496,-0.216478,0.393355,-0.267693
42398304,-0.851314,-0.214846,0.396610,-0.267968
42406637,-0.851019,-0.216890,0.394693,-0.270078
42414970,-0.850516,-0.218914,0.393324,-0.272020
42423303,-0.849880,-0.219366,0.393698,-0.273101
42431636,-0.848675,-0.217917,0.395794,-0.274971
42439969,-0.846921,-0.215185,0.401592,-0.274124
42448302,-0.846550,-0.214844,0.404284,-0.271568
42456635,-0.845426,-0.212415,0.408164,-0.271177
42464968,-0.844718,-0.212163,0.409887,-0.270981
42473301,-0.843573,-0.210701,0.413961,-0.269491
42481634,-0.843125,-0.211996,0.414155,-0.269579
42489967,-0.842026,-0.212890,0.413540,-0.273231
42498300,-0.842457,-0.213249,0.411276,-0.275031
42506633,-0.840286,-0.212676,0.415358,-0.275983
42514966,-0.838878,-0.214686,0.413872,-0.280896
42523299,-0.839115,-0.215714,0.413629,-0.279758
42531632,-0.838066,-0.214671,0.416134,-0.279988
42539965,-0.837397,-0.212252,0.419801,-0.278357
42548298,-0.835651,-0.212277,0.421653,-0.280775
42556631,-0.834934,-0.212842,0.421800,-0.282256
42564964,-0.833114,-0.210110,0.426485,-0.282639
42573297,-0.832626,-0.211186,0.426358,-0.283467
42581630,-0.831886,-0.210153,0.427883,-0.284108
42589963,-0.831067,-0.209202,0.430357,-0.283470
42598296,-0.829973,-0.209890,0.431086,-0.285053
42606629,-0.829454,-0.212611,0.429477,-0.286972
42614962,-0.830281,-0.213049,0.428359,-0.285924
42623295,-0.829829,-0.212445,0.430294,-0.284775
42631628,-0.829276,-0.212198,0.429997,-0.287012
42639961,-0.828461,-0.214060,0.428828,-0.289718
42648294,-0.827849,-0.213813,0.429963,-0.289968
42656627,-0.827372,-0.212257,0.431491,-0.290204
42664960,-0.827273,-0.214129,0.430561,-0.290490
42673293,-0.826212,-0.212393,0.432299,-0.292198
42681626,-0.825038,-0.212592,0.433539,-0.293532
42689959,-0.826167,-0.215148,0.430749,-0.292600
42698292,-0.824378,-0.212941,0.433050,-0.295846
42706625,-0.825439,-0.215351,0.431069,-0.294030
42714958,-0.825365,-0.215345,0.430293,-0.295376
42723291,-0.825654,-0.215693,0.429737,-0.295122
42731624,-0.825151,-0.216061,0.431097,-0.294277
42739957,-0.825804,-0.219000,0.427159,-0.296009
42748290,-0.826739,-0.218096,0.427247,-0.293933
42756623,-0.827015,-0.216597,0.428893,-0.291861
42764956,-0.828825,-0.218176,0.425692,-0.290233
42773289,-0.827841,-0.218499,0.427278,-0.290467
42781622,-0.827996,-0.218543,0.426861,-0.290604
42789955,-0.828672,-0.218776,0.426260,-0.289383
42798288,-0.829327,-0.219202,0.425274,-0.288633
42806621,-0.830488,-0.221395,0.422166,-0.288184
42814954,-0.830566,-0.221161,0.423146,-0.286699
42823287,-0.831303,-0.221491,0.421650,-0.286510
42831620,-0.832198,-0.221974,0.420453,-0.285294
42839953,-0.834128,-0.222334,0.419111,-0.281327
42848286,-0.834531,-0.221797,0.418891,-0.280884
42856619,-0.836304,-0.224042,0.415052,-0.279522
42864952,-0.835847,-0.223161,0.416487,-0.279459
42873285,-0.836131,-0.223096,0.415778,-0.279716
42881618,-0.838591,-0.224187,0.412678,-0.276049
42889951,-0.839151,-0.224168,0.413580,-0.272994
42898284,-0.839456,-0.224741,0.411617,-0.274550
42906617,-0.841067,-0.222267,0.411374,-0.271983
42914950,-0.839638,-0.223018,0.412791,-0.273634
42923283,-0.839068,-0.221797,0.415156,-0.272792
42931616,-0.840027,-0.222343,0.412873,-0.272861
42939949,-0.840619,-0.223160,0.411849,-0.271917
42948282,-0.841946,-0.224192,0.408731,-0.271669
42956615,-0.842768,-0.224160,0.407737,-0.270639
42964948,-0.843248,-0.223476,0.406541,-0.271507
42973281,-0.844802,-0.220840,0.405897,-0.269793
42981614,-0.844038,-0.221423,0.404376,-0.273955
42989947,-0.844185,-0.221069,0.404351,-0.273826
42998280,-0.844454,-0.220891,0.404166,-0.273412
43006613,-0.845598,-0.219872,0.402128,-0.273703
43014946,-0.847186,-0.220389,0.399014,-0.272934
43023279,-0.847198,-0.221095,0.398788,-0.272656
43031612,-0.847691,-0.220186,0.397713,-0.273427
43039945,-0.847436,-0.220086,0.396966,-0.275375
43048278,-0.848006,-0.218927,0.396254,-0.275570
43056611,-0.849230,-0.217171,0.395749,-0.273912
43064944,-0.849001,-0.216784,0.394587,-0.276593
43073277,-0.849674,-0.217636,0.391206,-0.278651
43081610,-0.849870,-0.215156,0.392982,-0.277478
43089943,-0.849938,-0.216413,0.388694,-0.282291
43098276,-0.850125,-0.215573,0.387974,-0.283357
43106609,-0.849368,-0.214441,0.391040,-0.282273
43114942,-0.848541,-0.214754,0.389238,-0.286971
43123275,-0.849079,-0.213846,0.386276,-0.290046
43131608,-0.848743,-0.215709,0.382655,-0.294416
43139941,-0.847283,-0.214638,0.383399,-0.298408
43148274,-0.846887,-0.212785,0.382341,-0.302192
43156607,-0.846817,-0.214874,0.376411,-0.308293
43164940,-0.845659,-0.212884,0.376168,-0.313110
43173273,-0.845091,-0.214263,0.374791,-0.315347
43181606,-0.843116,-0.215552,0.373149,-0.321641
43189939,-0.841541,-0.217219,0.371417,-0.326609
43198272,-0.840150,-0.217515,0.370650,-0.330839
43206605,-0.837900,-0.222307,0.367794,-0.336499
43214938,-0.835633,-0.222267,0.367109,-0.342849
43223271,-0.834003,-0.224918,0.363528,-0.348853
43231604,-0.831432,-0.226899,0.361340,-0.355909
43239937,-0.829266,-0.228316,0.360902,-0.360470
43248270,-0.826830,-0.229123,0.360225,-0.366187
43256603,-0.824960,-0.231270,0.358164,-0.371044
43264936,-0.823336,-0.232466,0.356199,-0.375766
43273269,-0.818323,-0.237251,0.357825,-0.382126
43281602,-0.816340,-0.238228,0.357188,-0.386333
43289935,-0.814375,-0.242320,0.354848,-0.390073
43298268,-0.810812,-0.242497,0.358194,-0.394304
43306601,-0.807685,-0.241794,0.360588,-0.398946
43314934,-0.805633,-0.244348,0.358587,-0.403318
43323267,-0.804844,-0.243382,0.358651,-0.405415
43331600,-0.803540,-0.243412,0.360610,-0.406244
43339933,-0.799811,-0.245345,0.361381,-0.411719
43348266,-0.798911,-0.247172,0.358630,-0.414767
43356599,-0.796144,-0.247251,0.361216,-0.417785
43364932,-0.794078,-0.248589,0.360775,-0.421290
43373265,-0.789841,-0.252526,0.361751,-0.426050
43381598,-0.787843,-0.254656,0.363346,-0.427123
43389931,-0.787531,-0.253699,0.364823,-0.427007
43398264,-0.784385,-0.256699,0.364848,-0.430966
43406597,-0.780633,-0.259899,0.365137,-0.435590
43414930,-0.780433,-0.259807,0.363297,-0.437539
43423263,-0.778661,-0.259617,0.366320,-0.438287
43431596,-0.775861,-0.261691,0.366458,-0.441889
43439929,-0.771501,-0.265403,0.367072,-0.446773
43448262,-0.769252,-0.268104,0.366330,-0.449638
43456595,-0.767921,-0.266559,0.366462,-0.452713
43464928,-0.765696,-0.268187,0.364645,-0.456969
43473261,-0.762446,-0.272707,0.364863,-0.459544
43481594,-0.758195,-0.277154,0.363739,-0.464780
43489927,-0.755510,-0.280139,0.362123,-0.468608
43498260,-0.754397,-0.279671,0.362790,-0.470163
43506593,-0.751216,-0.281245,0.363454,-0.473790
43514926,-0.747847,-0.283309,0.361405,-0.479423
43523259,-0.745421,-0.285714,0.360987,-0.482083
43531592,-0.740069,-0.292359,0.359179,-0.487662
43539925,-0.736909,-0.290080,0.362137,-0.491605
43548258,-0.733655,-0.291732,0.360880,-0.496396
43556591,-0.731201,-0.297524,0.354640,-0.501054
43564924,-0.725891,-0.298948,0.358679,-0.505036
43573257,-0.721170,-0.301655,0.360878,-0.508611
43581590,-0.717935,-0.302122,0.361107,-0.512732
43589923,-0.715922,-0.304877,0.355733,-0.517648
43598256,-0.709942,-0.311589,0.356103,-0.521618
43606589,-0.704031,-0.314314,0.355859,-0.528121
43614922,-0.701425,-0.314729,0.356369,-0.530989
43623255,-0.694538,-0.319725,0.355367,-0.537687
43631588,-0.690537,-0.320693,0.353428,-0.543510
43639921,-0.686280,-0.321500,0.353893,-0.548103
43648254,-0.679058,-0.324855,0.354536,-0.554666
43656587,-0.674401,-0.324787,0.355437,-0.559787
43664920,-0.669621,-0.326668,0.353980,-0.565326
43673253,-0.663541,-0.329671,0.351472,-0.572274
43681586,-0.657812,-0.331706,0.352946,-0.576788
43689919,-0.649522,-0.335513,0.353306,-0.583718
43698252,-0.643879,-0.338020,0.353596,-0.588330
43706585,-0.636448,-0.341083,0.349335,-0.597128
43714918,-0.631539,-0.340869,0.348358,-0.603004
43723251,-0.624082,-0.344279,0.345219,-0.610587
43731584,-0.615979,-0.347970,0.345901,-0.616311
43739917,-0.611699,-0.349002,0.343008,-0.621585
43748250,-0.604937,-0.353459,0.341095,-0.626715
43756583,-0.596489,-0.358505,0.339415,-0.632829
43764916,-0.589835,-0.361541,0.339157,-0.637460
43773249,-0.584470,-0.363204,0.337812,-0.642153
43781582,-0.580261,-0.367162,0.337717,-0.643768
43789915,-0.573473,-0.371165,0.336403,-0.648226
43798248,-0.571182,-0.374431,0.335283,-0.648951
43806581,-0.566635,-0.376622,0.335658,-0.651471
43814914,-0.563536,-0.379158,0.335248,-0.652897
43823247,-0.557433,-0.381789,0.334446,-0.657002
43831580,-0.554386,-0.385037,0.332224,-0.658809
43839913,-0.552883,-0.386755,0.330756,-0.659804
43848246,-0.551228,-0.388339,0.329973,-0.660649
43856579,-0.549688,-0.390732,0.328595,-0.661208
43864912,-0.545954,-0.392577,0.329301,-0.662856
43873245,-0.543470,-0.393903,0.327756,-0.664874
43881578,-0.542525,-0.394394,0.323592,-0.667389
43889911,-0.538641,-0.395979,0.319564,-0.671525
43898244,-0.535976,-0.398079,0.313236,-0.675386
43906577,-0.533699,-0.399316,0.312627,-0.676739
43914910,-0.531628,-0.398655,0.306809,-0.681406
43923243,-0.529193,-0.398988,0.301695,-0.685378
43931576,-0.526730,-0.401193,0.295836,-0.688535
43939909,-0.524273,-0.401861,0.291495,-0.691864
43948242,-0.522039,-0.402975,0.287478,-0.694581
43956575,-0.518698,-0.403842,0.280452,-0.699436
43964908,-0.515528,-0.404369,0.273862,-0.704071
43973241,-0.513411,-0.405706,0.268307,-0.706982
43981574,-0.510896,-0.406590,0.260960,-0.711034
43989907,-0.508806,-0.408381,0.257052,-0.712928
43998240,-0.504129,-0.407201,0.248764,-0.719832
44006573,-0.502040,-0.406807,0.242494,-0.723644
44014906,-0.500248,-0.408987,0.239577,-0.724627
44023239,-0.499243,-0.408641,0.232329,-0.727868
44031572,-0.497396,-0.409142,0.226636,-0.730641
44039905,-0.495166,-0.409314,0.220880,-0.733815
44048238,-0.493839,-0.408941,0.213520,-0.737089
44056571,-0.492603,-0.409173,0.208624,-0.739186
44064904,-0.489941,-0.409235,0.201726,-0.742826
44073237,-0.485601,-0.410473,0.196780,-0.746312
44081570,-0.484160,-0.410145,0.191447,-0.748812
44089903,-0.482530,-0.410187,0.188329,-0.750629
44098236,-0.481498,-0.411702,0.183086,-0.751759
44106569,-0.480121,-0.411322,0.178501,-0.753946
44114902,-0.479264,-0.411482,0.175336,-0.755147
44123235,-0.477608,-0.411853,0.172581,-0.756626
44131568,-0.474674,-0.412388,0.169088,-0.758967
44139901,-0.475360,-0.411483,0.163382,-0.760277
44148234,-0.473458,-0.411501,0.160720,-0.762020
44156567,-0.469789,-0.412115,0.159211,-0.764272
44164900,-0.468168,-0.412681,0.155741,-0.765675
44173233,-0.465220,-0.413304,0.155059,-0.767272
44181566,-0.462876,-0.413017,0.151029,-0.769644
44189899,-0.461628,-0.412712,0.145056,-0.771704
44198232,-0.459596,-0.413006,0.142876,-0.773165
44206565,-0.456575,-0.413568,0.141463,-0.774912
44214898,-0.454566,-0.413818,0.139506,-0.776313
44223231,-0.450785,-0.414170,0.138824,-0.778450
44231564,-0.447757,-0.415062,0.136732,-0.780091
44239897,-0.445904,-0.416062,0.134676,-0.780977
44248230,-0.442866,-0.417472,0.133289,-0.782190
44256563,-0.440483,-0.416689,0.131676,-0.784223
44264896,-0.436860,-0.416952,0.131820,-0.786084
44273229,-0.433573,-0.417260,0.130144,-0.788017
44281562,-0.431082,-0.417747,0.127795,-0.789509
44289895,-0.429888,-0.418953,0.129832,-0.789188
44298228,-0.428517,-0.417628,0.120743,-0.792074
44306561,-0.423372,-0.418973,0.120241,-0.794204
44314894,-0.420089,-0.419802,0.119827,-0.795571
44323227,-0.416168,-0.420686,0.119553,-0.797204
44331560,-0.411501,-0.420999,0.114803,-0.800155
44339893,-0.407806,-0.423619,0.115508,-0.800562
44348226,-0.402918,-0.426083,0.117196,-0.801483
44356559,-0.397888,-0.425944,0.114587,-0.804441
44364892,-0.395951,-0.424993,0.109245,-0.806640
44373225,-0.389472,-0.427484,0.111436,-0.808178
44381558,-0.385357,-0.428034,0.110270,-0.810017
44389891,-0.381366,-0.428731,0.110213,-0.811544
44398224,-0.376135,-0.430561,0.110168,-0.813021
44406557,-0.370927,-0.432032,0.108653,-0.814835
44414890,-0.365395,-0.433281,0.107724,-0.816792
44423223,-0.361041,-0.433806,0.107480,-0.818480
44431556,-0.355386,-0.435673,0.106021,-0.820152
44439889,-0.351543,-0.435548,0.105257,-0.821971
44448222,-0.346027,-0.436833,0.105438,-0.823605
44456555,-0.341259,-0.439058,0.106565,-0.824266
44464888,-0.337955,-0.441219,0.109059,-0.824147
44473221,-0.333398,-0.441119,0.107099,-0.826311
44481554,-0.329410,-0.441472,0.105724,-0.827897
44489887,-0.325147,-0.443173,0.105880,-0.828654
44498220,-0.319964,-0.445304,0.106124,-0.829497
44506553,-0.316852,-0.448060,0.107781,-0.828993
44514886,-0.312856,-0.449080,0.106732,-0.830094
44523219,-0.309168,-0.451351,0.111378,-0.829634
44531552,-0.305042,-0.453676,0.110594,-0.829998
44539885,-0.303174,-0.454079,0.110124,-0.830524
44548218,-0.299684,-0.454919,0.111826,-0.831103
44556551,-0.297247,-0.455665,0.112710,-0.831450
44564884,-0.294852,-0.455771,0.113596,-0.832125
44573217,-0.295380,-0.456680,0.116893,-0.830981
44581550,-0.292757,-0.457083,0.115627,-0.831864
44589883,-0.290310,-0.457308,0.116148,-0.832526
44598216,-0.290166,-0.457734,0.117890,-0.832097
44606549,-0.287601,-0.462782,0.125459,-0.829083
44614882,-0.287088,-0.463488,0.126556,-0.828699
44623215,-0.286177,-0.465221,0.127829,-0.827847
44631548,-0.285316,-0.465783,0.130934,-0.827343
44639881,-0.285524,-0.464754,0.133575,-0.827428
44648214,-0.285147,-0.466101,0.138159,-0.826046
44656547,-0.284348,-0.468151,0.142873,-0.824359
44664880,-0.284946,-0.469479,0.145830,-0.822878
44673213,-0.284131,-0.471935,0.148595,-0.821259
44681546,-0.284452,-0.473614,0.151449,-0.819659
44689879,-0.284334,-0.475579,0.154467,-0.817997
44698212,-0.284737,-0.476866,0.156494,-0.816721
44706545,-0.284617,-0.480140,0.164633,-0.813237
44714878,-0.285896,-0.480026,0.165317,-0.812717
44723211,-0.285857,-0.483155,0.166809,-0.810569
44731544,-0.287841,-0.483416,0.166657,-0.809742
44739877,-0.289616,-0.485962,0.173840,-0.806066
44748210,-0.290016,-0.488520,0.177338,-0.803611
44756543,-0.291279,-0.489204,0.179379,-0.802284
44764876,-0.292753,-0.488454,0.179420,-0.802195
44773209,-0.297353,-0.491641,0.185352,-0.797192
44781542,-0.298069,-0.490706,0.182476,-0.798164
44789875,-0.297921,-0.489731,0.180830,-0.799192
44798208,-0.300089,-0.487557,0.179382,-0.800036
44806541,-0.301733,-0.486231,0.178607,-0.800397
44814874,-0.305583,-0.486408,0.181921,-0.798079
44823207,-0.305260,-0.484116,0.177808,-0.800520
44831540,-0.305482,-0.481945,0.174075,-0.802563
44839873,-0.307549,-0.479832,0.171739,-0.803543
44848206,-0.310164,-0.477351,0.168915,-0.804613
44856539,-0.312162,-0.475272,0.167354,-0.805397
44864872,-0.313877,-0.472805,0.162695,-0.807135
44873205,-0.314719,-0.471473,0.160594,-0.808007
44881538,-0.317752,-0.466529,0.152886,-0.811178
44889871,-0.319383,-0.464006,0.147483,-0.812983
44898204,-0.323149,-0.464012,0.148553,-0.811295
44906537,-0.325346,-0.459916,0.143264,-0.813697
44914870,-0.326073,-0.456219,0.137539,-0.816470
44923203,-0.328227,-0.454177,0.133001,-0.817497
44931536,-0.331500,-0.452109,0.130152,-0.817781
44939869,-0.334334,-0.448839,0.126838,-0.818948
44948202,-0.337505,-0.445397,0.124256,-0.819922
44956535,-0.341205,-0.442413,0.119994,-0.820641
44964868,-0.344166,-0.441423,0.118671,-0.820130
44973201,-0.346914,-0.438724,0.114623,-0.820995
44981534,-0.349480,-0.436454,0.113134,-0.821324
44989867,-0.352409,-0.434218,0.112148,-0.821392
44998200,-0.355481,-0.431945,0.109147,-0.821671
45006533,-0.358309,-0.429534,0.108601,-0.821780
45014866,-0.359491,-0.428363,0.106394,-0.822163
45023199,-0.363048,-0.424615,0.103152,-0.822957
45031532,-0.365152,-0.424092,0.103723,-0.822223
45039865,-0.367371,-0.422665,0.103164,-0.822040
45048198,-0.370542,-0.421121,0.101732,-0.821587
45056531,-0.369649,-0.419933,0.098684,-0.822968
45064864,-0.373300,-0.417750,0.095752,-0.822778
45073197,-0.376962,-0.416328,0.094848,-0.821933
45081530,-0.379405,-0.417283,0.098845,-0.819851
45089863,-0.379886,-0.416081,0.094607,-0.820739
45098196,-0.381690,-0.413587,0.092175,-0.821439
45106529,-0.383407,-0.412297,0.089987,-0.821530
45114862,-0.385347,-0.411798,0.089518,-0.820924
45123195,-0.386108,-0.411488,0.089437,-0.820731
45131528,-0.386895,-0.412715,0.088770,-0.819816
45139861,-0.387938,-0.413057,0.088454,-0.819185
45148194,-0.388407,-0.412688,0.087419,-0.819259
45156527,-0.391058,-0.411973,0.088185,-0.818276
45164860,-0.392453,-0.412476,0.089210,-0.817243
45173193,-0.393939,-0.414095,0.091092,-0.815500
45181526,-0.395659,-0.413584,0.091108,-0.814924
45189859,-0.395985,-0.413500,0.092363,-0.814668
45198192,-0.395992,-0.414004,0.092729,-0.814366
45206525,-0.396100,-0.414769,0.093279,-0.813861
45214858,-0.396828,-0.415591,0.095497,-0.812830
45223191,-0.397193,-0.417103,0.097589,-0.811627
45231524,-0.397045,-0.418261,0.097948,-0.811061
45239857,-0.397279,-0.419455,0.100838,-0.809974
45248190,-0.396688,-0.421271,0.102297,-0.809138
45256523,-0.395578,-0.423657,0.104320,-0.808177
45264856,-0.395958,-0.425118,0.106707,-0.806911
45273189,-0.396285,-0.425681,0.107536,-0.806343
45281522,-0.393616,-0.427555,0.108794,-0.806491
45289855,-0.391801,-0.429991,0.112156,-0.805618
45298188,-0.392078,-0.431659,0.116848,-0.803923
45306521,-0.392786,-0.432116,0.116084,-0.803442
45314854,-0.389937,-0.433549,0.117042,-0.803919
45323187,-0.387186,-0.437044,0.121135,-0.802749
45331520,-0.386684,-0.438603,0.122136,-0.801989
45339853,-0.385269,-0.439959,0.125127,-0.801466
45348186,-0.383587,-0.441763,0.127532,-0.800901
45356519,-0.382018,-0.443219,0.128063,-0.800761
45364852,-0.380011,-0.445437,0.129419,-0.800268
45373185,-0.378723,-0.446282,0.132619,-0.799884
45381518,-0.378509,-0.446488,0.133587,-0.799709
45389851,-0.376439,-0.448695,0.133701,-0.799431
45398184,-0.374300,-0.451274,0.138685,-0.798134
45406517,-0.372772,-0.452779,0.141358,-0.797528
45414850,-0.372114,-0.454246,0.143100,-0.796689
45423183,-0.371135,-0.454858,0.144989,-0.796455
45431516,-0.369408,-0.457006,0.147826,-0.795506
45439849,-0.368436,-0.458090,0.149511,-0.795019
45448182,-0.368291,-0.458347,0.148623,-0.795104
45456515,-0.366425,-0.460097,0.151126,-0.794484
45464848,-0.366464,-0.462373,0.156864,-0.792028
45473181,-0.365989,-0.462062,0.156917,-0.792419
45481514,-0.364455,-0.461791,0.157289,-0.793210
45489847,-0.363686,-0.461595,0.155108,-0.794106
45498180,-0.361831,-0.464654,0.158831,-0.792431
45506513,-0.360823,-0.465912,0.160936,-0.791727
45514846,-0.361622,-0.468189,0.167342,-0.788686
45523179,-0.360949,-0.468834,0.167983,-0.788475
45531512,-0.358961,-0.467288,0.163372,-0.791264
45539845,-0.358094,-0.467260,0.164019,-0.791540
45548178,-0.358835,-0.468789,0.167905,-0.789482
45556511,-0.359849,-0.468870,0.169115,-0.788714
45564844,-0.360814,-0.470162,0.172978,-0.786664
45573177,-0.358630,-0.468135,0.168823,-0.789768
45581510,-0.358501,-0.466602,0.166349,-0.791257
45589843,-0.357711,-0.464689,0.161327,-0.793776
45598176,-0.357884,-0.465901,0.164500,-0.792335
45606509,-0.357602,-0.466067,0.165454,-0.792166
45614842,-0.357097,-0.465981,0.164615,-0.792619
45623175,-0.355489,-0.464357,0.160139,-0.795208
45631508,-0.355621,-0.464202,0.158919,-0.795484
45639841,-0.355473,-0.464598,0.157695,-0.795562
45648174,-0.356908,-0.464118,0.155597,-0.795613
45656507,-0.359908,-0.464844,0.157107,-0.793539
45664840,-0.360211,-0.461551,0.153628,-0.796001
45673173,-0.360596,-0.460061,0.152719,-0.796863
45681506,-0.360318,-0.459933,0.153407,-0.796931
45689839,-0.360154,-0.459436,0.152734,-0.797421
45698172,-0.361042,-0.459186,0.151823,-0.797337
45706505,-0.361846,-0.458921,0.150689,-0.797341
45714838,-0.363854,-0.459100,0.151585,-0.796153
45723171,-0.364494,-0.459156,0.151704,-0.795805
45731504,-0.363120,-0.458090,0.149088,-0.797540
45739837,-0.363420,-0.457058,0.147041,-0.798375
45748170,-0.364629,-0.456274,0.145487,-0.798557
45756503,-0.365600,-0.456045,0.144320,-0.798455
45764836,-0.366885,-0.455198,0.143266,-0.798539
45773169,-0.367167,-0.455304,0.143467,-0.798313
45781502,-0.366606,-0.455951,0.144221,-0.798066
45789835,-0.367404,-0.455522,0.143623,-0.798052
45798168,-0.368802,-0.454065,0.142279,-0.798478
45806501,-0.369274,-0.453942,0.142195,-0.798345
45814834,-0.370048,-0.453425,0.141560,-0.798393
45823167,-0.370585,-0.453289,0.141333,-0.798261
45831500,-0.371043,-0.453203,0.140035,-0.798326
45839833,-0.371278,-0.453063,0.139247,-0.798434
45848166,-0.373379,-0.451939,0.137665,-0.798366
45856499,-0.375100,-0.450959,0.137594,-0.798125
45864832,-0.376738,-0.450562,0.137469,-0.797599
45873165,-0.376105,-0.450969,0.138583,-0.797475
45881498,-0.378799,-0.451759,0.142564,-0.795047
45889831,-0.379490,-0.452405,0.144018,-0.794088
45898164,-0.379334,-0.452406,0.143636,-0.794231
45906497,-0.378322,-0.452034,0.141396,-0.795327
45914830,-0.378315,-0.452095,0.140091,-0.795526
45923163,-0.379329,-0.451442,0.139021,-0.795602
45931496,-0.380165,-0.450966,0.138917,-0.795491
45939829,-0.380691,-0.450642,0.139077,-0.795395
45948162,-0.381036,-0.450913,0.139248,-0.795047
45956495,-0.381485,-0.451343,0.139151,-0.794604
45964828,-0.382086,-0.451203,0.138334,-0.794537
45973161,-0.382220,-0.451177,0.140254,-0.794151
45981494,-0.381975,-0.451497,0.140520,-0.794040
45989827,-0.382025,-0.451515,0.139406,-0.794202
45998160,-0.382456,-0.451835,0.139202,-0.793849
46006493,-0.382596,-0.452111,0.139609,-0.793552
46014826,-0.383245,-0.451837,0.140266,-0.793279
46023159,-0.383279,-0.452053,0.139538,-0.793268
46031492,-0.384102,-0.452473,0.139379,-0.792658
46039825,-0.385831,-0.453157,0.141848,-0.790989
46048158,-0.385353,-0.452676,0.140930,-0.791660
46056491,-0.386270,-0.453152,0.142097,-0.790732
46064824,-0.386869,-0.453352,0.142903,-0.790179
46073157,-0.385913,-0.452767,0.140835,-0.791353
46081490,-0.385737,-0.452283,0.140484,-0.791777
46089823,-0.386371,-0.452063,0.140322,-0.791622
46098156,-0.386316,-0.452281,0.140832,-0.791435
46106489,-0.386265,-0.452553,0.140125,-0.791429
46114822,-0.385612,-0.453061,0.140986,-0.791304
46123155,-0.384888,-0.453705,0.142419,-0.791031
46131488,-0.384448,-0.454175,0.143582,-0.790765
46139821,-0.384122,-0.454579,0.144583,-0.790509
46148154,-0.384117,-0.454438,0.144614,-0.790587
46156487,-0.384591,-0.454454,0.144143,-0.790433
46164820,-0.385462,-0.454587,0.144036,-0.789951
46173153,-0.385331,-0.454806,0.144435,-0.789816
46181486,-0.386849,-0.454682,0.145419,-0.788965
46189819,-0.387380,-0.454703,0.145852,-0.788612
46198152,-0.385376,-0.454736,0.144762,-0.789775
46206485,-0.385004,-0.454367,0.145212,-0.790086
46214818,-0.384399,-0.454897,0.146138,-0.789905
46223151,-0.384288,-0.455332,0.146317,-0.789675
46231484,-0.383983,-0.455841,0.146846,-0.789431
46239817,-0.383616,-0.456433,0.147503,-0.789145
46248150,-0.384299,-0.456360,0.148576,-0.788654
46256483,-0.385091,-0.456580,0.149338,-0.787996
46264816,-0.390791,-0.451361,0.149645,-0.788138
46273149,-0.386544,-0.457428,0.151467,-0.786385
46281482,-0.385229,-0.459044,0.151914,-0.786002
46289815,-0.385667,-0.458539,0.152841,-0.785902
46298148,-0.386242,-0.458249,0.152774,-0.785802
46306481,-0.386680,-0.457737,0.154221,-0.785603
46314814,-0.386386,-0.458179,0.154662,-0.785403
46323147,-0.386156,-0.458448,0.155922,-0.785110
46331480,-0.386130,-0.457991,0.156067,-0.785360
46339813,-0.386773,-0.457563,0.157081,-0.785091
46348146,-0.386967,-0.457643,0.156748,-0.785016
46356479,-0.388271,-0.458245,0.158404,-0.783687
46364812,-0.387995,-0.457723,0.158105,-0.784189
46373145,-0.388679,-0.457856,0.160157,-0.783356
46381478,-0.388350,-0.458368,0.161088,-0.783029
46389811,-0.388491,-0.458600,0.160631,-0.782917
46398144,-0.388482,-0.457683,0.159322,-0.783725
46406477,-0.389572,-0.456693,0.158620,-0.783904
46414810,-0.390093,-0.456550,0.158841,-0.783683
46423143,-0.389964,-0.457077,0.159974,-0.783209
46431476,-0.389934,-0.457380,0.160244,-0.782992
46439809,-0.390093,-0.456237,0.160957,-0.783434
46448142,-0.389781,-0.457235,0.161068,-0.782984
46456475,-0.390243,-0.457255,0.160777,-0.782802
46464808,-0.389469,-0.457965,0.160702,-0.782788
46473141,-0.390208,-0.456150,0.160121,-0.783598
46481474,-0.392392,-0.454453,0.160029,-0.783512
46489807,-0.392090,-0.455220,0.160748,-0.783071
46498140,-0.391789,-0.455418,0.160223,-0.783214
46506473,-0.392708,-0.453867,0.159158,-0.783871
46514806,-0.393479,-0.453060,0.157220,-0.784342
46523139,-0.393917,-0.454266,0.157173,-0.783434
46531472,-0.395980,-0.454268,0.159404,-0.781940
46539805,-0.395397,-0.455104,0.158130,-0.782008
46548138,-0.394979,-0.455287,0.158295,-0.782079
46556471,-0.397239,-0.455895,0.162828,-0.779646
46564804,-0.398117,-0.455446,0.163556,-0.779308
46573137,-0.397450,-0.453294,0.159292,-0.781783
46581470,-0.397247,-0.452476,0.157259,-0.782770
46589803,-0.397509,-0.452951,0.156910,-0.782432
46598136,-0.396597,-0.453239,0.156469,-0.782818
46606469,-0.397391,-0.452521,0.156102,-0.782903
46614802,-0.397646,-0.452090,0.155813,-0.783080
46623135,-0.398010,-0.451947,0.154440,-0.783250
46631468,-0.398542,-0.452680,0.153309,-0.782778
46639801,-0.398915,-0.452512,0.153220,-0.782702
46648134,-0.399068,-0.452361,0.152649,-0.782823
46656467,-0.399569,-0.451431,0.152096,-0.783212
46664800,-0.399991,-0.451177,0.151818,-0.783198
46673133,-0.399716,-0.450944,0.151028,-0.783624
46681466,-0.399132,-0.450951,0.150053,-0.784105
46689799,-0.399319,-0.450844,0.150776,-0.783933
46698132,-0.399801,-0.450658,0.149858,-0.783970
46706465,-0.399629,-0.450731,0.148917,-0.784195
46714798,-0.399473,-0.450383,0.149151,-0.784430
46723131,-0.399399,-0.450621,0.149327,-0.784298
46731464,-0.399488,-0.451152,0.149064,-0.783997
46739797,-0.400043,-0.450990,0.148769,-0.783863
46748130,-0.400774,-0.450739,0.148789,-0.783630
46756463,-0.400392,-0.451275,0.148964,-0.783483
46764796,-0.399913,-0.452033,0.148499,-0.783380
46773129,-0.401375,-0.453002,0.151763,-0.781444
46781462,-0.402272,-0.453282,0.152581,-0.780661
46789795,-0.401528,-0.455107,0.154046,-0.779694
46798128,-0.401447,-0.454142,0.153540,-0.780398
46806461,-0.400863,-0.453062,0.151570,-0.781710
46814794,-0.400875,-0.452543,0.151537,-0.782010
46823127,-0.400348,-0.453553,0.151221,-0.781756
46831460,-0.400174,-0.454083,0.151407,-0.781502
46839793,-0.399959,-0.454068,0.151541,-0.781595
46848126,-0.399206,-0.455099,0.152014,-0.781288
46856459,-0.398903,-0.456201,0.151856,-0.780831
46864792,-0.398761,-0.456789,0.152606,-0.780413
46873125,-0.398694,-0.457103,0.153651,-0.780058
46881458,-0.401079,-0.458364,0.156951,-0.777435
46889791,-0.402025,-0.458644,0.158331,-0.776500
46898124,-0.400839,-0.458694,0.158877,-0.776972
46906457,-0.401403,-0.457902,0.159552,-0.777010
46914790,-0.401200,-0.458051,0.161136,-0.776700
46923123,-0.401067,-0.458467,0.162348,-0.776271
46931456,-0.400553,-0.459193,0.163151,-0.775939
46939789,-0.399693,-0.460060,0.163670,-0.775759
46948122,-0.399546,-0.459976,0.164614,-0.775685
46956455,-0.399696,-0.460314,0.164449,-0.775442
46964788,-0.400503,-0.459798,0.164347,-0.775353
46973121,-0.400707,-0.460073,0.166963,-0.774526
46981454,-0.400942,-0.460538,0.169422,-0.773593
46989787,-0.401066,-0.460631,0.170099,-0.773325
46998120,-0.401407,-0.461054,0.171438,-0.772600
47006453,-0.404175,-0.460882,0.172878,-0.770937
47014786,-0.405274,-0.460888,0.174020,-0.770099
47023119,-0.405840,-0.460739,0.174378,-0.769809
47031452,-0.403876,-0.461088,0.175123,-0.770463
47039785,-0.404348,-0.460669,0.176560,-0.770138
47048118,-0.405439,-0.460204,0.176788,-0.769791
47056451,-0.405627,-0.460497,0.178302,-0.769167
47064784,-0.406252,-0.460109,0.179561,-0.768776
47073117,-0.407141,-0.459957,0.179683,-0.768368
47081450,-0.407752,-0.459956,0.179819,-0.768013
47089783,-0.408050,-0.459962,0.180595,-0.767669
47098116,-0.408790,-0.460446,0.181556,-0.766757
47106449,-0.410239,-0.460037,0.182238,-0.766067
47114782,-0.414083,-0.458861,0.181175,-0.764956
47123115,-0.415687,-0.458787,0.182505,-0.763813
47131448,-0.417260,-0.459058,0.184311,-0.762358
47139781,-0.418526,-0.458633,0.185478,-0.761636
47148114,-0.418513,-0.458560,0.187430,-0.761209
47156447,-0.420729,-0.458471,0.188213,-0.759846
47164780,-0.424683,-0.458940,0.189928,-0.756932
47173113,-0.426995,-0.458878,0.191223,-0.755341
47181446,-0.427334,-0.458130,0.191099,-0.755634
47189779,-0.428247,-0.457181,0.191335,-0.755633
47198112,-0.429769,-0.456586,0.193510,-0.754574
47206445,-0.430677,-0.455913,0.195162,-0.754037
47214778,-0.433731,-0.456011,0.199626,-0.751053
47223111,-0.436012,-0.456171,0.203175,-0.748680
47231444,-0.436689,-0.455905,0.201862,-0.748803
47239777,-0.438792,-0.455760,0.201063,-0.747876
47248110,-0.440887,-0.455346,0.204082,-0.746076
47256443,-0.444627,-0.455773,0.208822,-0.742274
47264776,-0.447846,-0.453092,0.210043,-0.741636
47273109,-0.448138,-0.451749,0.210494,-0.742150
47281442,-0.450967,-0.449847,0.212030,-0.741155
47289775,-0.455664,-0.449478,0.216192,-0.737293
47298108,-0.458475,-0.448595,0.215512,-0.736286
47306441,-0.461897,-0.447668,0.218934,-0.733698
47314774,-0.462325,-0.447698,0.222324,-0.732390
47323107,-0.466453,-0.446524,0.223926,-0.729997
47331440,-0.470057,-0.446755,0.226972,-0.726595
47339773,-0.472712,-0.445813,0.228473,-0.724979
47348106,-0.475861,-0.443939,0.230594,-0.723395
47356439,-0.478127,-0.443898,0.234197,-0.720764
47364772,-0.481264,-0.443987,0.236008,-0.718025
47373105,-0.483432,-0.442503,0.238467,-0.716672
47381438,-0.487384,-0.439909,0.239089,-0.715384
47389771,-0.490877,-0.438336,0.241433,-0.713170
47398104,-0.492311,-0.438348,0.246359,-0.710484
47406437,-0.496965,-0.435845,0.247238,-0.708476
47414770,-0.499210,-0.435623,0.251214,-0.705630
47423103,-0.503696,-0.433891,0.255491,-0.701964
47431436,-0.508321,-0.433037,0.254461,-0.699527
47439769,-0.511046,-0.430928,0.257593,-0.697695
47448102,-0.514682,-0.428975,0.260003,-0.695328
47456435,-0.519687,-0.427479,0.262312,-0.691650
47464768,-0.522301,-0.425441,0.262736,-0.690776
47473101,-0.525503,-0.425022,0.263278,-0.688396
47481434,-0.529733,-0.423215,0.265272,-0.685495
47489767,-0.532642,-0.421531,0.265537,-0.684175
47498100,-0.537439,-0.418100,0.267587,-0.681725
47506433,-0.540933,-0.416531,0.270281,-0.678853
47514766,-0.543169,-0.416103,0.269044,-0.677821
47523099,-0.545788,-0.414509,0.270609,-0.676068
47531432,-0.548245,-0.412762,0.271319,-0.674864
47539765,-0.551635,-0.410188,0.272632,-0.673139
47548098,-0.555344,-0.408994,0.273173,-0.670591
47556431,-0.557884,-0.408716,0.273083,-0.668687
47564764,-0.562559,-0.406030,0.275332,-0.665476
47573097,-0.564524,-0.403163,0.275827,-0.665350
47581430,-0.568502,-0.401472,0.278169,-0.662003
47589763,-0.572973,-0.399554,0.279450,-0.658761
47598096,-0.579402,-0.397559,0.281894,-0.653281
47606429,-0.581110,-0.395657,0.283971,-0.652018
47614762,-0.584084,-0.394314,0.282619,-0.650760
47623095,-0.587902,-0.391595,0.284073,-0.648327
47631428,-0.591316,-0.390066,0.285296,-0.645601
47639761,-0.594673,-0.388828,0.286972,-0.642514
47648094,-0.601151,-0.385686,0.288639,-0.637614
47656427,-0.604507,-0.383329,0.288970,-0.635710
47664760,-0.605753,-0.380727,0.290066,-0.635588
47673093,-0.610301,-0.379625,0.290991,-0.631460
47681426,-0.611863,-0.378289,0.290297,-0.631069
47689759,-0.616867,-0.375792,0.290971,-0.627369
47698092,-0.621386,-0.373483,0.290066,-0.624701
47706425,-0.624851,-0.372339,0.288683,-0.622566
47714758,-0.628365,-0.370788,0.287899,-0.620312
47723091,-0.632858,-0.368636,0.288687,-0.616650
47731424,-0.637060,-0.366984,0.290837,-0.612284
47739757,-0.641272,-0.364117,0.291185,-0.609427
47748090,-0.645620,-0.363070,0.290994,-0.605539
47756423,-0.652079,-0.361737,0.290243,-0.599749
47764756,-0.656056,-0.360407,0.289556,-0.596535
47773089,-0.660900,-0.357510,0.290335,-0.592540
47781422,-0.666270,-0.353792,0.292443,-0.587701
47789755,-0.671092,-0.351912,0.293785,-0.582653
47798088,-0.676307,-0.349727,0.294477,-0.577567
47806421,-0.681072,-0.347633,0.295330,-0.572775
47814754,-0.686953,-0.345141,0.296746,-0.566494
47823087,-0.689976,-0.343757,0.295158,-0.564487
47831420,-0.694151,-0.341105,0.296091,-0.560474
47839753,-0.697341,-0.340645,0.296068,-0.556795
47848086,-0.701530,-0.338869,0.298482,-0.551300
47856419,-0.702957,-0.338275,0.297862,-0.550181
47864752,-0.706216,-0.337208,0.298654,-0.546219
47873085,-0.710881,-0.336128,0.301376,-0.539294
47881418,-0.714329,-0.336356,0.302712,-0.533820
47889751,-0.716984,-0.334651,0.307520,-0.528559
47898084,-0.720942,-0.334548,0.309896,-0.521810
47906417,-0.725120,-0.333909,0.312908,-0.514582
47914750,-0.728196,-0.334310,0.315092,-0.508611
47923083,-0.731622,-0.333342,0.318383,-0.502239
47931416,-0.733421,-0.332346,0.324325,-0.496441
47939749,-0.737753,-0.330696,0.330556,-0.486922
47948082,-0.742654,-0.327297,0.336761,-0.477425
47956415,-0.744394,-0.327419,0.341286,-0.471378
47964748,-0.747279,-0.324398,0.348114,-0.463849
47973081,-0.749948,-0.321826,0.354523,-0.456420
47981414,-0.752458,-0.320625,0.360371,-0.448486
47989747,-0.754281,-0.317791,0.366063,-0.442794
47998080,-0.755817,-0.312532,0.374003,-0.437248
48006413,-0.758618,-0.307810,0.380140,-0.430402
48014746,-0.760249,-0.305390,0.386180,-0.423820
48023079,-0.761660,-0.300564,0.390670,-0.420610
48031412,-0.761832,-0.293574,0.400785,-0.415689
48039745,-0.764479,-0.289663,0.405223,-0.409220
48048078,-0.763713,-0.286661,0.408708,-0.409299
48056411,-0.764279,-0.283689,0.413565,-0.405416
48064744,-0.763581,-0.280721,0.417851,-0.404402
48073077,-0.763029,-0.276905,0.422883,-0.402840
48081410,-0.763531,-0.272428,0.427595,-0.399957
48089743,-0.763519,-0.269958,0.431202,-0.397777
48098076,-0.759629,-0.269648,0.435019,-0.401263
48106409,-0.760275,-0.268832,0.436047,-0.399468
48114742,-0.761108,-0.267068,0.437523,-0.397446
48123075,-0.761036,-0.264978,0.440052,-0.396189
48131408,-0.762308,-0.262989,0.441894,-0.393005
48139741,-0.761893,-0.261472,0.443451,-0.393069
48148074,-0.762408,-0.260168,0.444975,-0.391208
48156407,-0.764459,-0.258769,0.446089,-0.386839
48164740,-0.765405,-0.255513,0.448635,-0.384180
48173073,-0.766859,-0.252756,0.450693,-0.380680
48181406,-0.768313,-0.252128,0.451185,-0.377568
48189739,-0.771629,-0.249437,0.453045,-0.370297
48198072,-0.774135,-0.248510,0.452445,-0.366404
48206405,-0.775425,-0.246214,0.453532,-0.363872
48214738,-0.777511,-0.242733,0.456309,-0.358245
48223071,-0.780067,-0.241810,0.455484,-0.354341
48231404,-0.780993,-0.239705,0.456878,-0.351929
48239737,-0.783329,-0.236918,0.457631,-0.347619
48248070,-0.785843,-0.233843,0.458667,-0.342626
48256403,-0.786905,-0.232490,0.459420,-0.340091
48264736,-0.788518,-0.229855,0.460348,-0.336875
48273069,-0.791019,-0.227935,0.460215,-0.332471
48281402,-0.794673,-0.225292,0.458873,-0.327375
48289735,-0.795555,-0.221598,0.460615,-0.325301
48298068,-0.797457,-0.219278,0.460787,-0.321954
48306401,-0.798955,-0.215592,0.461705,-0.319405
48314734,-0.802026,-0.214146,0.459365,-0.316036
48323067,-0.805073,-0.212277,0.458131,-0.311307
48331400,-0.808181,-0.207901,0.459353,-0.304330
48339733,-0.811049,-0.203289,0.459544,-0.299486
48348066,-0.814677,-0.200910,0.456344,-0.296120
48356399,-0.817249,-0.197558,0.456043,-0.291717
48364732,-0.821014,-0.193639,0.454214,-0.286582
48373065,-0.824320,-0.187320,0.453903,-0.281746
48381398,-0.827199,-0.182723,0.452072,-0.279258
48389731,-0.830546,-0.179004,0.449311,-0.276172
48398064,-0.834017,-0.174245,0.447412,-0.271801
48406397,-0.837550,-0.168265,0.445779,-0.267355
48414730,-0.840895,-0.162319,0.443348,-0.264559
48423063,-0.844568,-0.155268,0.442361,-0.258677
48431396,-0.847049,-0.149553,0.440449,-0.257190
48439729,-0.849762,-0.142434,0.439371,-0.254106
48448062,-0.853999,-0.137784,0.434292,-0.251181
48456395,-0.856833,-0.131075,0.431843,-0.249335
48464728,-0.859025,-0.122793,0.431356,-0.246840
48473061,0.860924,0.115880,-0.430691,0.244718
48481394,0.863134,0.108864,-0.428691,0.243663
48489727,0.864525,0.101288,-0.428477,0.242374
48498060,0.866299,0.094482,-0.427206,0.241025
48506393,0.867207,0.088117,-0.425826,0.242609
48514726,0.867486,0.080115,-0.426314,0.243529
48523059,0.867550,0.072646,-0.426996,0.244448
48531392,0.867327,0.062828,-0.427649,0.246807
48539725,0.867995,0.054233,-0.425302,0.250523
48548058,0.867221,0.046861,-0.426420,0.252778
48556391,0.866244,0.037853,-0.427417,0.255936
48564724,0.865001,0.029148,-0.428002,0.260265
48573057,0.864592,0.021173,-0.426422,0.264947
48581390,0.864346,0.013683,-0.425201,0.268184
48589723,0.862890,0.005364,-0.424503,0.274208
48598056,0.860310,-0.003700,-0.426150,0.279730
48606389,0.860345,-0.009134,-0.422599,0.284839
48614722,0.859589,-0.018563,-0.420489,0.289743
48623055,0.856890,-0.026566,-0.421271,0.295914
48631388,0.856625,-0.034220,-0.417528,0.301153
48639721,0.854487,-0.042403,-0.416729,0.307231
48648054,0.854105,-0.049939,-0.412494,0.312825
48656387,0.852378,-0.059017,-0.410751,0.318203
48664720,0.850080,-0.068824,-0.410710,0.322403
48673053,0.849449,-0.075815,-0.407113,0.327029
48681386,0.848316,-0.083986,-0.404231,0.331518
48689719,0.845416,-0.093078,-0.402653,0.338348
48698052,0.844409,-0.101399,-0.399809,0.341825
48706385,0.843540,-0.108818,-0.396065,0.346022
48714718,0.842066,-0.114725,-0.393737,0.350335
48723051,0.839424,-0.122618,-0.391732,0.356199
48731384,0.834095,-0.132182,-0.394267,0.362446
48739717,0.834185,-0.137101,-0.386444,0.368780
48748050,0.834472,-0.143192,-0.378149,0.374373
48756383,0.830235,-0.152435,-0.379793,0.378458
48764716,0.826229,-0.159662,-0.379520,0.384472
48773049,0.823745,-0.167220,-0.375793,0.390207
48781382,0.821770,-0.174093,-0.370876,0.396027
48789715,0.818681,-0.180733,-0.367688,0.402370
48798048,0.815874,-0.187077,-0.362834,0.409516
48806381,0.812590,-0.193513,-0.358965,0.416407
48814714,0.809586,-0.199012,-0.354368,0.423542
48823047,0.806140,-0.205034,-0.350497,0.430409
48831380,0.803252,-0.210473,-0.344517,0.437945
48839713,0.799814,-0.213730,-0.341759,0.444767
48848046,0.798719,-0.218008,-0.333905,0.450587
48856379,0.795979,-0.220956,-0.329214,0.457400
48864712,0.790818,-0.226121,-0.326118,0.465965
48873045,0.788382,-0.230961,-0.321264,0.471062
48881378,0.785183,-0.234494,-0.316034,0.478145
48889711,0.783451,-0.237188,-0.310840,0.483037
48898044,0.780824,-0.241088,-0.307598,0.487416
48906377,0.777247,-0.244524,-0.306639,0.492004
48914710,0.775057,-0.248952,-0.303786,0.494998
48923043,0.772445,-0.251758,-0.301761,0.498886
48931376,0.769367,-0.255611,-0.301014,0.502123
48939709,0.767419,-0.260564,-0.298321,0.504161
48948042,0.764517,-0.263574,-0.297726,0.507348
48956375,0.762347,-0.267420,-0.295894,0.509668
48964708,0.761140,-0.269969,-0.291863,0.512443
48973041,0.759090,-0.272230,-0.290370,0.515130
48981374,0.756949,-0.275982,-0.287571,0.517847
48989707,0.755265,-0.278294,-0.285531,0.520191
48998040,0.753146,-0.281159,-0.282744,0.523237
49006373,0.749834,-0.284080,-0.281484,0.527081
49014706,0.749182,-0.286147,-0.276532,0.529506
49023039,0.747282,-0.287428,-0.274509,0.532541
49031372,0.745553,-0.290648,-0.270346,0.535339
49039705,0.744269,-0.292149,-0.266220,0.538367
49048038,0.742872,-0.293489,-0.263015,0.541136
49056371,0.740234,-0.295693,-0.261979,0.544047
49064704,0.738755,-0.297420,-0.260612,0.545769
49073037,0.736641,-0.299177,-0.259426,0.548226
49081370,0.732222,-0.300954,-0.260367,0.552709
49089703,0.731455,-0.302992,-0.258426,0.553522
49098036,0.729977,-0.304578,-0.256907,0.555306
49106369,0.727358,-0.306286,-0.256291,0.558080
49114702,0.724735,-0.306773,-0.255390,0.561628
49123035,0.724579,-0.308737,-0.252175,0.562205
49131368,0.723403,-0.309470,-0.250180,0.564205
49139701,0.722171,-0.311095,-0.250349,0.564813
49148034,0.719963,-0.311243,-0.249536,0.567902
49156367,0.719075,-0.311172,-0.248783,0.569395
49164700,0.719595,-0.312646,-0.248226,0.568171
49173033,0.718893,-0.313211,-0.246661,0.569430
49181366,0.717785,-0.314000,-0.245801,0.570763
49189699,0.716750,-0.315344,-0.247167,0.570734
49198032,0.716263,-0.315409,-0.245140,0.572180
49206365,0.714762,-0.315585,-0.244368,0.574287
49214698,0.713668,-0.315309,-0.244639,0.575682
49223031,0.712581,-0.315248,-0.245714,0.576603
49231364,0.710067,-0.314169,-0.245763,0.580261
49239697,0.710913,-0.313427,-0.243537,0.580565
49248030,0.711314,-0.312640,-0.242211,0.581053
49256363,0.710313,-0.311576,-0.243219,0.582426
49264696,0.709227,-0.310184,-0.244668,0.583884
49273029,0.708819,-0.309732,-0.244774,0.584574
49281362,0.708474,-0.309660,-0.244647,0.585084
49289695,0.706686,-0.309433,-0.245396,0.587049
49298028,0.707384,-0.308930,-0.244578,0.586815
49306361,0.707419,-0.308474,-0.244080,0.587221
49314694,0.707228,-0.307709,-0.243748,0.587990
49323027,0.706772,-0.306916,-0.243390,0.589099
49331360,0.706860,-0.306733,-0.241937,0.589686
49339693,0.707106,-0.305874,-0.241049,0.590201
49348026,0.706682,-0.305260,-0.241225,0.590955
49356359,0.706933,-0.304774,-0.239660,0.591542
49364692,0.707005,-0.303235,-0.238130,0.592864
49373025,0.705404,-0.302621,-0.239690,0.594454
49381358,0.706859,-0.302742,-0.237367,0.593594
49389691,0.707441,-0.303227,-0.236488,0.593004
49398024,0.707443,-0.303721,-0.236617,0.592697
49406357,0.708063,-0.303591,-0.236912,0.591905
49414690,0.708296,-0.303407,-0.238130,0.591231
49423023,0.708498,-0.303292,-0.238820,0.590770
49431356,0.708975,-0.303316,-0.239444,0.589933
49439689,0.709152,-0.303108,-0.241120,0.589144
49448022,0.709237,-0.302088,-0.240616,0.589771
49456355,0.709093,-0.301775,-0.240777,0.590039
49464688,0.709417,-0.301238,-0.240193,0.590162
49473021,0.710418,-0.301019,-0.237837,0.590023
49481354,0.711107,-0.301271,-0.236764,0.589496
49489687,0.710979,-0.301520,-0.236287,0.589714
49498020,0.711624,-0.302983,-0.235703,0.588419
49506353,0.711789,-0.304218,-0.235720,0.587574
49514686,0.711741,-0.304600,-0.235473,0.587534
49523019,0.711564,-0.304932,-0.235328,0.587635
49531352,0.711208,-0.305487,-0.234618,0.588061
49539685,0.710901,-0.305525,-0.235378,0.588108
49548018,0.710983,-0.304724,-0.235186,0.588501
49556351,0.712024,-0.304211,-0.234096,0.587943
49564684,0.713210,-0.303451,-0.233454,0.587152
49573017,0.714301,-0.303220,-0.232414,0.586358
49581350,0.715065,-0.302699,-0.230582,0.586419
49589683,0.715358,-0.302347,-0.230185,0.586399
49598016,0.715658,-0.302046,-0.230423,0.586095
49606349,0.715662,-0.302100,-0.231261,0.585732
49614682,0.715693,-0.302642,-0.231872,0.585172
49623015,0.715303,-0.302987,-0.232564,0.585196
49631348,0.715388,-0.303278,-0.232392,0.585010
49639681,0.715472,-0.304120,-0.232291,0.584509
49648014,0.715380,-0.304924,-0.231694,0.584440
49656347,0.715595,-0.305103,-0.230961,0.584373
49664680,0.715622,-0.304981,-0.230366,0.584640
49673013,0.715044,-0.304975,-0.231645,0.584845
49681346,0.715289,-0.304542,-0.230596,0.585185
49689679,0.715644,-0.304150,-0.230276,0.585081
49698012,0.716015,-0.303828,-0.230430,0.584734
49706345,0.715809,-0.303606,-0.231857,0.584537
49714678,0.715926,-0.303408,-0.232250,0.584340
49723011,0.715779,-0.303729,-0.232701,0.584175
49731344,0.715773,-0.304031,-0.233089,0.583869
49739677,0.715793,-0.304426,-0.233816,0.583348
49748010,0.715720,-0.304649,-0.234249,0.583148
49756343,0.715651,-0.304537,-0.234688,0.583114
49764676,0.715675,-0.304127,-0.234474,0.583386
49773009,0.715759,-0.303829,-0.234140,0.583571
49781342,0.715611,-0.303387,-0.233705,0.584158
49789675,0.715424,-0.303177,-0.233681,0.584504
49798008,0.715265,-0.303121,-0.233879,0.584649
49806341,0.716218,-0.301857,-0.232178,0.584814
49814674,0.715655,-0.301556,-0.233345,0.585195
49823007,0.716194,-0.301868,-0.232702,0.584629
49831340,0.716384,-0.301768,-0.233001,0.584329
49839673,0.716373,-0.301715,-0.233601,0.584130
49848006,0.716270,-0.301761,-0.235167,0.583604
49856339,0.716949,-0.301579,-0.234408,0.583170
49864672,0.717262,-0.301321,-0.233849,0.583143
49873005,0.717620,-0.301746,-0.234217,0.582334
49881338,0.718019,-0.302126,-0.234286,0.581617
49889671,0.718191,-0.302207,-0.235881,0.580717
49898004,0.718646,-0.301900,-0.233999,0.581076
49906337,0.718742,-0.301537,-0.233601,0.581305
49914670,0.718745,-0.301417,-0.234560,0.580978
49923003,0.718554,-0.301371,-0.235155,0.580997
49931336,0.718668,-0.301459,-0.235036,0.580858
49939669,0.718731,-0.301410,-0.235715,0.580531
49948002,0.718644,-0.301030,-0.236201,0.580639
49956335,0.719404,-0.300303,-0.234897,0.580602
49964668,0.719290,-0.300222,-0.236047,0.580319
49973001,0.719194,-0.299955,-0.236364,0.580447
49981334,0.719438,-0.299674,-0.235112,0.580798
49989667,0.719508,-0.300012,-0.234426,0.580815
49998000,0.719767,-0.300840,-0.234063,0.580211
50006333,0.719622,-0.301231,-0.234213,0.580128
50014666,0.719765,-0.300592,-0.233638,0.580514
50022999,0.719322,-0.300295,-0.233527,0.581261
