Timestamp (us),W,X,Y,Z
0,0.654024,-0.026372,-0.052116,0.754215
8333,0.654097,-0.026380,-0.052119,0.754151
16666,0.654084,-0.026367,-0.052123,0.754163
24999,0.653929,-0.026362,-0.052099,0.754300
33332,0.653991,-0.026373,-0.052103,0.754245
41665,0.654092,-0.026381,-0.052115,0.754156
49998,0.654167,-0.026388,-0.052122,0.754090
58331,0.654223,-0.026401,-0.052131,0.754041
66664,0.654187,-0.026431,-0.052153,0.754069
74997,0.654131,-0.026490,-0.052200,0.754113
83330,0.654186,-0.026492,-0.052198,0.754065
91663,0.654112,-0.026555,-0.052269,0.754122
99996,0.654148,-0.026561,-0.052280,0.754090
108329,0.654134,-0.026585,-0.052301,0.754100
116662,0.654108,-0.026626,-0.052326,0.754119
124995,0.654124,-0.026642,-0.052332,0.754104
133328,0.654212,-0.026621,-0.052307,0.754031
141661,0.654197,-0.026648,-0.052326,0.754041
149994,0.654214,-0.026655,-0.052341,0.754025
158327,0.654208,-0.026669,-0.052333,0.754031
166660,0.654183,-0.026664,-0.052329,0.754052
174993,0.654218,-0.026662,-0.052332,0.754022
183326,0.654337,-0.026669,-0.052348,0.753917
191659,0.654406,-0.026690,-0.052364,0.753856
199992,0.654300,-0.026736,-0.052408,0.753943
208325,0.654226,-0.026759,-0.052433,0.754005
216658,0.654239,-0.026756,-0.052420,0.753994
224991,0.654159,-0.026795,-0.052445,0.754061
233324,0.654231,-0.026787,-0.052445,0.753998
241657,0.654215,-0.026799,-0.052468,0.754010
249990,0.654217,-0.026803,-0.052470,0.754009
258323,0.654136,-0.026842,-0.052513,0.754075
266656,0.654179,-0.026814,-0.052472,0.754041
274989,0.654125,-0.026857,-0.052503,0.754084
283322,0.654236,-0.026867,-0.052526,0.753985
291655,0.654204,-0.026889,-0.052557,0.754011
299988,0.654178,-0.026954,-0.052621,0.754026
308321,0.654068,-0.027018,-0.052672,0.754116
316654,0.653956,-0.027052,-0.052719,0.754209
324987,0.654015,-0.027090,-0.052776,0.754152
333320,0.654069,-0.027117,-0.052819,0.754101
341653,0.654101,-0.027143,-0.052854,0.754070
349986,0.654051,-0.027189,-0.052893,0.754109
358319,0.654038,-0.027204,-0.052907,0.754119
366652,0.654110,-0.027172,-0.052895,0.754058
374985,0.654090,-0.027175,-0.052908,0.754075
383318,0.654065,-0.027191,-0.052927,0.754094
391651,0.654078,-0.027197,-0.052928,0.754083
399984,0.654066,-0.027239,-0.052963,0.754090
408317,0.654077,-0.027261,-0.052985,0.754077
416650,0.654072,-0.027278,-0.053009,0.754080
424983,0.654040,-0.027293,-0.053052,0.754103
433316,0.654101,-0.027314,-0.053091,0.754047
441649,0.654209,-0.027372,-0.053162,0.753946
449982,0.654121,-0.027393,-0.053169,0.754021
458315,0.654130,-0.027411,-0.053209,0.754010
466648,0.654145,-0.027429,-0.053236,0.753995
474981,0.654167,-0.027444,-0.053251,0.753974
483314,0.654257,-0.027459,-0.053269,0.753894
491647,0.654280,-0.027516,-0.053338,0.753867
499980,0.654299,-0.027566,-0.053394,0.753845
508313,0.654311,-0.027588,-0.053429,0.753832
516646,0.654286,-0.027635,-0.053490,0.753847
524979,0.654322,-0.027630,-0.053486,0.753816
533312,0.654396,-0.027632,-0.053491,0.753751
541645,0.654431,-0.027672,-0.053554,0.753715
549978,0.654453,-0.027712,-0.053600,0.753691
558311,0.654494,-0.027711,-0.053617,0.753654
566644,0.654489,-0.027717,-0.053621,0.753658
574977,0.654540,-0.027723,-0.053622,0.753614
583310,0.654556,-0.027761,-0.053651,0.753596
591643,0.654562,-0.027743,-0.053631,0.753593
599976,0.654606,-0.027723,-0.053614,0.753557
608309,0.654672,-0.027684,-0.053596,0.753502
616642,0.654757,-0.027642,-0.053555,0.753433
624975,0.654893,-0.027589,-0.053524,0.753319
633308,0.655046,-0.027499,-0.053451,0.753195
641641,0.655217,-0.027417,-0.053372,0.753054
649974,0.655394,-0.027268,-0.053236,0.752915
658307,0.655568,-0.027053,-0.053032,0.752785
666640,0.655829,-0.026816,-0.052795,0.752583
674973,0.656111,-0.026469,-0.052470,0.752372
683306,0.656413,-0.026169,-0.052189,0.752139
691639,0.656717,-0.025763,-0.051803,0.751915
699972,0.657053,-0.025333,-0.051404,0.751663
708305,0.657491,-0.024783,-0.050927,0.751331
716638,0.657883,-0.024254,-0.050466,0.751036
724971,0.658354,-0.023754,-0.050063,0.750666
733304,0.658810,-0.023299,-0.049678,0.750305
741637,0.659354,-0.022806,-0.049287,0.749868
749970,0.659828,-0.022333,-0.048917,0.749490
758303,0.660368,-0.021860,-0.048590,0.749050
766636,0.660890,-0.021381,-0.048279,0.748623
774969,0.661484,-0.020887,-0.047965,0.748132
783302,0.662259,-0.020367,-0.047694,0.747478
791635,0.662911,-0.019924,-0.047477,0.746926
799968,0.663486,-0.019451,-0.047238,0.746443
808301,0.664039,-0.019006,-0.047011,0.745976
816634,0.664512,-0.018597,-0.046839,0.745577
824967,0.664977,-0.018247,-0.046730,0.745177
833300,0.665472,-0.017921,-0.046662,0.744748
841633,0.665875,-0.017652,-0.046670,0.744393
849966,0.666229,-0.017433,-0.046769,0.744075
858299,0.666711,-0.017252,-0.046938,0.743636
866632,0.667113,-0.017100,-0.047141,0.743267
874965,0.667277,-0.016904,-0.047272,0.743116
883298,0.667444,-0.016788,-0.047451,0.742957
891631,0.667503,-0.016716,-0.047701,0.742890
899964,0.667641,-0.016606,-0.047932,0.742753
908297,0.667892,-0.016489,-0.048191,0.742513
916630,0.668158,-0.016401,-0.048508,0.742255
924963,0.668468,-0.016385,-0.048896,0.741951
933296,0.668702,-0.016334,-0.049240,0.741719
941629,0.668814,-0.016268,-0.049534,0.741599
949962,0.668909,-0.016169,-0.049826,0.741496
958295,0.669028,-0.016125,-0.050223,0.741363
966628,0.669137,-0.016070,-0.050621,0.741239
974961,0.669062,-0.016068,-0.050989,0.741282
983294,0.668927,-0.016081,-0.051423,0.741373
991627,0.668712,-0.016128,-0.051850,0.741536
999960,0.668296,-0.016216,-0.052310,0.741877
1008293,0.667523,-0.016274,-0.052656,0.742547
1016626,0.666316,-0.016360,-0.052873,0.743613
1024959,0.665012,-0.016464,-0.053184,0.744755
1033292,0.663600,-0.016598,-0.053457,0.745990
1041625,0.662267,-0.016686,-0.053752,0.747151
1049958,0.660924,-0.016773,-0.054094,0.748313
1058291,0.659535,-0.016757,-0.054319,0.749521
1066624,0.658191,-0.017138,-0.054968,0.750646
1074957,0.656783,-0.017469,-0.055543,0.751828
1083290,0.655573,-0.017766,-0.056016,0.752842
1091623,0.654494,-0.018029,-0.056403,0.753745
1099956,0.653165,-0.018331,-0.056708,0.754867
1108289,0.651879,-0.018972,-0.057354,0.755913
1116622,0.650667,-0.019361,-0.057731,0.756918
1124955,0.649040,-0.020160,-0.058206,0.758256
1133288,0.647695,-0.020900,-0.058692,0.759348
1141621,0.646538,-0.021719,-0.059276,0.760265
1149954,0.645347,-0.022690,-0.059967,0.761194
1158287,0.644297,-0.023827,-0.060866,0.761977
1166620,0.643214,-0.025194,-0.061784,0.762773
1174953,0.642083,-0.026461,-0.062718,0.763607
1183286,0.640736,-0.028067,-0.063796,0.764591
1191619,0.639448,-0.029726,-0.064957,0.765508
1199952,0.638333,-0.031406,-0.066207,0.766264
1208285,0.637224,-0.033183,-0.067446,0.767004
1216618,0.636157,-0.035090,-0.068794,0.767685
1224951,0.634644,-0.037012,-0.070183,0.768720
1233284,0.633655,-0.038835,-0.071570,0.769319
1241617,0.632739,-0.040636,-0.072888,0.769856
1249950,0.632077,-0.042643,-0.074367,0.770149
1258283,0.630492,-0.044473,-0.075462,0.771237
1266616,0.629345,-0.046447,-0.076881,0.771917
1274949,0.628294,-0.048445,-0.078366,0.772502
1283282,0.627428,-0.050391,-0.079796,0.772934
1291615,0.626415,-0.052517,-0.081132,0.773475
1299948,0.625346,-0.054476,-0.082400,0.774070
1308281,0.624639,-0.056260,-0.083595,0.774385
1316614,0.624006,-0.057932,-0.084613,0.774662
1324947,0.623465,-0.059606,-0.085540,0.774869
1333280,0.622878,-0.061397,-0.086550,0.775089
1341613,0.622555,-0.062968,-0.087365,0.775131
1349946,0.622491,-0.064371,-0.087914,0.775005
1358279,0.622294,-0.065672,-0.088343,0.775005
1366612,0.623030,-0.067143,-0.089184,0.774191
1374945,0.623550,-0.068601,-0.089872,0.773565
1383278,0.623673,-0.070258,-0.090768,0.773212
1391611,0.624190,-0.072069,-0.091894,0.772495
1399944,0.624579,-0.073920,-0.092963,0.771877
1408277,0.625394,-0.075576,-0.093919,0.770941
1416610,0.626127,-0.077179,-0.094910,0.770066
1424943,0.626370,-0.079183,-0.095994,0.769529
1433276,0.626328,-0.081197,-0.096963,0.769233
1441609,0.626552,-0.083283,-0.098038,0.768691
1449942,0.627345,-0.085446,-0.099128,0.767666
1458275,0.627070,-0.087478,-0.099856,0.767567
1466608,0.627579,-0.089398,-0.100787,0.766808
1474941,0.627910,-0.091497,-0.101686,0.766171
1483274,0.628089,-0.093677,-0.102678,0.765628
1491607,0.627952,-0.096060,-0.103706,0.765306
1499940,0.627546,-0.098307,-0.104366,0.765264
1508273,0.627442,-0.100679,-0.105181,0.764930
1516606,0.627889,-0.102779,-0.105983,0.764173
1524939,0.627860,-0.105280,-0.106786,0.763743
1533272,0.627786,-0.107761,-0.107321,0.763383
1541605,0.627902,-0.110243,-0.107945,0.762845
1549938,0.628168,-0.112536,-0.108305,0.762241
1558271,0.628742,-0.114641,-0.108613,0.761409
1566604,0.628736,-0.117038,-0.108673,0.761041
1574937,0.628613,-0.119868,-0.108620,0.760710
1583270,0.628000,-0.122877,-0.108341,0.760776
1591603,0.627505,-0.125382,-0.107518,0.760892
1599936,0.627224,-0.128095,-0.106691,0.760788
1608269,0.627385,-0.130511,-0.105616,0.760394
1616602,0.627842,-0.132599,-0.104180,0.759854
1624935,0.628626,-0.134679,-0.102598,0.759055
1633268,0.629866,-0.136398,-0.100714,0.757971
1641601,0.631158,-0.137843,-0.098468,0.756930
1649934,0.633026,-0.138839,-0.096018,0.755501
1658267,0.635015,-0.139493,-0.093231,0.754059
1666600,0.637526,-0.139410,-0.090143,0.752330
1674933,0.640218,-0.138693,-0.086348,0.750619
1683266,0.643599,-0.137507,-0.082626,0.748362
1691599,0.647084,-0.135534,-0.078392,0.746168
1699932,0.650395,-0.132943,-0.073514,0.744250
1708265,0.653253,-0.129742,-0.067938,0.742840
1716598,0.655743,-0.125789,-0.061432,0.741893
1724931,0.657813,-0.121230,-0.053935,0.741402
1733264,0.659718,-0.115947,-0.045552,0.741116
1741597,0.661376,-0.110017,-0.036437,0.741047
1749930,0.662974,-0.103515,-0.026535,0.740977
1758263,0.664609,-0.096458,-0.016069,0.740764
1766596,0.666288,-0.088873,-0.005021,0.740363
1774929,0.668053,-0.080907,0.006207,0.739676
1783262,0.669583,-0.072751,0.017493,0.738959
1791595,0.671344,-0.065145,0.027396,0.737768
1799928,0.673406,-0.057947,0.036133,0.736112
1808261,0.675261,-0.051024,0.044461,0.734468
1816594,0.677187,-0.043865,0.052346,0.732634
1824927,0.678872,-0.036398,0.060276,0.730873
1833260,0.680333,-0.028422,0.068455,0.729145
1841593,0.682245,-0.020184,0.076050,0.726877
1849926,0.683923,-0.011756,0.083529,0.724661
1858259,0.685849,-0.003242,0.090128,0.722134
1866592,0.687868,0.005308,0.096222,0.719410
1874925,0.690070,0.013600,0.101736,0.716428
1883258,0.692290,0.022397,0.106959,0.713297
1891591,0.694256,0.031006,0.111683,0.710333
1899924,0.696263,0.039426,0.115998,0.707253
1908257,0.698317,0.047504,0.119845,0.704083
1916590,0.700285,0.055165,0.123257,0.700975
1924923,0.702405,0.062422,0.126084,0.697735
1933256,0.704414,0.069195,0.128684,0.694589
1941589,0.706558,0.076003,0.130967,0.691265
1949922,0.708605,0.082418,0.132978,0.688043
1958255,0.710885,0.088322,0.134572,0.684640
1966588,0.713037,0.093776,0.136254,0.681336
1974921,0.714974,0.098777,0.137459,0.678351
1983254,0.717212,0.103261,0.138210,0.675161
1991587,0.719482,0.107032,0.138684,0.672054
1999920,0.721544,0.110464,0.139055,0.669205
2008252,0.723472,0.113523,0.139310,0.666553
2016586,0.725433,0.116124,0.139079,0.664017
2024919,0.727316,0.118268,0.138546,0.661686
2033252,0.729364,0.120109,0.137844,0.659242
2041585,0.731233,0.121226,0.136776,0.657187
2049918,0.733035,0.122326,0.135652,0.655205
2058250,0.734873,0.122928,0.134031,0.653366
2066584,0.736663,0.123245,0.132347,0.651631
2074917,0.738687,0.123079,0.130306,0.649779
2083250,0.740718,0.122951,0.128470,0.647855
2091583,0.742643,0.122641,0.126480,0.646098
2099916,0.743812,0.122121,0.124200,0.645294
2108249,0.744514,0.121466,0.121600,0.645103
2116582,0.744815,0.120884,0.118892,0.645370
2124915,0.744499,0.120611,0.116122,0.646289
2133248,0.743686,0.120250,0.113021,0.647840
2141581,0.742205,0.120182,0.109781,0.650104
2149914,0.740427,0.120356,0.106506,0.652640
2158247,0.738737,0.120682,0.103269,0.655011
2166580,0.736963,0.121305,0.100445,0.657329
2174913,0.735116,0.122220,0.097927,0.659604
2183246,0.733511,0.123501,0.095848,0.661454
2191579,0.732747,0.125148,0.094435,0.662195
2199912,0.732122,0.127002,0.093288,0.662695
2208245,0.731643,0.128922,0.092332,0.662987
2216578,0.731738,0.130728,0.091358,0.662664
2224911,0.733160,0.131869,0.090084,0.661038
2233244,0.735015,0.132746,0.088821,0.658971
2241577,0.737303,0.133076,0.087304,0.656546
2249910,0.739844,0.132706,0.085410,0.654007
2258243,0.742536,0.131705,0.083003,0.651463
2266576,0.745691,0.130110,0.080005,0.648549
2274909,0.749332,0.127897,0.076678,0.645186
2283242,0.753784,0.124941,0.073041,0.640987
2291575,0.758526,0.121584,0.069386,0.636429
2299908,0.762951,0.118025,0.065624,0.632194
2308241,0.766740,0.114679,0.062277,0.628554
2316574,0.769633,0.111993,0.059497,0.625765
2324907,0.771046,0.109834,0.056946,0.624645
2333240,0.770357,0.108290,0.054453,0.625986
2341573,0.768536,0.107225,0.052158,0.628598
2349906,0.766605,0.106205,0.049952,0.631302
2358239,0.765219,0.105092,0.047974,0.633319
2366572,0.764129,0.103707,0.045891,0.635017
2374905,0.763341,0.102130,0.043646,0.636376
2383238,0.763077,0.099971,0.040872,0.637220
2391571,0.763486,0.097488,0.037786,0.637305
2399904,0.763865,0.094591,0.034358,0.637481
2408237,0.763899,0.091321,0.030673,0.638105
2416570,0.763269,0.087617,0.026666,0.639556
2424903,0.761776,0.083842,0.022740,0.641989
2433236,0.759523,0.079844,0.018787,0.645288
2441569,0.756937,0.075746,0.014876,0.648912
2449902,0.754838,0.071712,0.011093,0.651885
2458235,0.752594,0.067226,0.007158,0.655005
2466568,0.750512,0.062671,0.003263,0.657870
2474901,0.748583,0.058317,-0.000328,0.660472
2483234,0.746891,0.053566,-0.004150,0.662772
2491567,0.746245,0.049076,-0.007889,0.663813
2499900,0.745385,0.044456,-0.011671,0.665048
2508233,0.744211,0.039728,-0.015370,0.666585
2516566,0.742992,0.035054,-0.018845,0.668116
2524899,0.741650,0.030318,-0.022390,0.669728
2533232,0.740166,0.025830,-0.025599,0.671440
2541565,0.738262,0.021289,-0.028762,0.673564
2549898,0.736512,0.016487,-0.032203,0.675457
2558231,0.734409,0.011638,-0.035585,0.677674
2566564,0.732881,0.007610,-0.038494,0.679224
2574897,0.731086,0.003131,-0.041687,0.681003
2583230,0.729014,-0.001397,-0.044801,0.683030
2591563,0.727221,-0.005763,-0.047858,0.684708
2599896,0.725102,-0.010139,-0.050914,0.686681
2608229,0.723402,-0.014421,-0.053855,0.688173
2616562,0.721641,-0.018361,-0.056497,0.689714
2624895,0.719640,-0.022463,-0.059080,0.691464
2633228,0.717934,-0.026350,-0.061559,0.692884
2641561,0.716233,-0.030237,-0.063913,0.694270
2649894,0.715253,-0.033916,-0.066071,0.694908
2658227,0.714124,-0.037311,-0.068063,0.695702
2666560,0.712998,-0.040800,-0.070072,0.696462
2674893,0.711530,-0.044392,-0.072076,0.697539
2683226,0.710009,-0.048092,-0.074010,0.698640
2691559,0.708644,-0.051904,-0.076088,0.699528
2699892,0.707588,-0.055522,-0.078170,0.700090
2708225,0.706391,-0.059414,-0.080359,0.700731
2716558,0.704856,-0.063463,-0.082518,0.701670
2724891,0.704098,-0.066960,-0.084527,0.701867
2733224,0.703109,-0.070693,-0.086477,0.702255
2741557,0.702313,-0.074508,-0.088581,0.702395
2749890,0.701377,-0.078210,-0.090570,0.702674
2758223,0.700732,-0.081779,-0.092441,0.702667
2766556,0.700167,-0.085190,-0.093978,0.702621
2774889,0.699630,-0.088392,-0.095221,0.702594
2783222,0.698979,-0.091792,-0.096264,0.702664
2791555,0.698729,-0.095066,-0.097230,0.702344
2799888,0.698639,-0.097983,-0.097950,0.701932
2808221,0.697890,-0.100654,-0.097914,0.702304
2816554,0.697363,-0.103464,-0.097771,0.702439
2824887,0.697618,-0.105996,-0.097766,0.701809
2833220,0.698659,-0.108576,-0.097844,0.700367
2841553,0.699150,-0.111074,-0.097410,0.699545
2849886,0.699281,-0.113531,-0.096463,0.699151
2858219,0.699088,-0.115944,-0.095182,0.699123
2866552,0.698430,-0.118372,-0.093619,0.699585
2874885,0.697916,-0.120595,-0.091784,0.699962
2883218,0.697493,-0.122529,-0.089416,0.700353
2891551,0.697176,-0.124125,-0.086827,0.700713
2899884,0.697027,-0.125510,-0.083967,0.700963
2908217,0.697220,-0.126247,-0.080566,0.701038
2916550,0.697810,-0.126214,-0.076551,0.700907
2924883,0.699397,-0.125182,-0.072215,0.699970
2933216,0.700950,-0.123328,-0.067211,0.699244
2941549,0.703199,-0.120664,-0.062187,0.697914
2949882,0.704750,-0.117175,-0.056186,0.697453
2958215,0.705849,-0.112907,-0.049565,0.697548
2966548,0.706679,-0.107792,-0.042083,0.698007
2974881,0.707057,-0.101946,-0.033898,0.698948
2983214,0.707056,-0.095724,-0.025157,0.700197
2991547,0.706815,-0.088411,-0.015261,0.701686
2999880,0.706471,-0.080668,-0.005038,0.703112
3008213,0.706375,-0.071497,0.006323,0.704189
3016546,0.706452,-0.061539,0.018264,0.704844
3024879,0.706182,-0.051576,0.030224,0.705502
3033212,0.705837,-0.041044,0.042191,0.705925
3041545,0.705394,-0.030743,0.053632,0.706115
3049878,0.705090,-0.021218,0.063605,0.705940
3058211,0.704852,-0.012265,0.072584,0.705525
3066544,0.704304,-0.003820,0.080839,0.705270
3074877,0.703784,0.004656,0.088635,0.704848
3083210,0.703187,0.012840,0.095668,0.704422
3091543,0.702362,0.020832,0.102255,0.704128
3099876,0.701960,0.028950,0.107972,0.703389
3108209,0.701655,0.036938,0.113047,0.702521
3116542,0.701503,0.044628,0.117479,0.701498
3124875,0.701418,0.052455,0.121188,0.700411
3133208,0.701561,0.059859,0.124246,0.699137
3141541,0.701842,0.067658,0.127065,0.697635
3149874,0.702059,0.074867,0.129313,0.696266
3158207,0.702209,0.081743,0.131302,0.694968
3166540,0.702500,0.088358,0.132914,0.693557
3174873,0.702822,0.094551,0.133957,0.692211
3183206,0.703046,0.100489,0.134727,0.690998
3191539,0.703448,0.106198,0.135304,0.689620
3199872,0.703788,0.111674,0.135969,0.688276
3208205,0.704344,0.116515,0.135997,0.686898
3216538,0.704941,0.120623,0.135404,0.685693
3224871,0.705583,0.124254,0.134862,0.684489
3233204,0.706196,0.127723,0.134264,0.683335
3241537,0.706781,0.130598,0.133409,0.682354
3249870,0.707242,0.132735,0.132142,0.681710
3258203,0.707837,0.134284,0.130391,0.681126
3266536,0.708526,0.135589,0.128546,0.680502
3274869,0.708740,0.136722,0.126834,0.680373
3283202,0.709112,0.136858,0.124222,0.680440
3291535,0.709593,0.136743,0.121589,0.680437
3299868,0.710013,0.136617,0.118991,0.680484
3308201,0.710142,0.136184,0.116146,0.680928
3316534,0.710351,0.135720,0.113267,0.681287
3324867,0.710165,0.135118,0.110274,0.682092
3333200,0.709632,0.134452,0.107210,0.683265
3341533,0.708247,0.133788,0.103815,0.685353
3349866,0.706582,0.133031,0.100332,0.687734
3358199,0.704121,0.132519,0.096891,0.690843
3366532,0.700281,0.132508,0.093392,0.695217
3374865,0.696159,0.132476,0.089685,0.699835
3383198,0.692033,0.132481,0.086010,0.704373
3391531,0.686913,0.133090,0.082577,0.709661
3399864,0.682469,0.133702,0.079551,0.714165
3408197,0.677849,0.134916,0.076959,0.718607
3416530,0.675002,0.136019,0.074791,0.721303
3424863,0.673304,0.137246,0.073222,0.722817
3433196,0.672076,0.138679,0.071973,0.723811
3441529,0.670880,0.140500,0.071008,0.724664
3449862,0.670096,0.142005,0.070130,0.725181
3458195,0.669793,0.143080,0.068858,0.725372
3466528,0.669301,0.143631,0.067222,0.725870
3474861,0.668778,0.143555,0.065045,0.726565
3483194,0.670586,0.142387,0.062604,0.725342
3491527,0.673323,0.140430,0.059582,0.723440
3499860,0.676093,0.137652,0.055848,0.721686
3508193,0.679387,0.134480,0.051547,0.719507
3516526,0.682904,0.130751,0.046392,0.717213
3524859,0.687204,0.126622,0.040860,0.714176
3533192,0.691850,0.121989,0.034895,0.710805
3541525,0.698174,0.116924,0.029046,0.705719
3549858,0.705150,0.112141,0.024103,0.699719
3558191,0.711816,0.107945,0.019917,0.693736
3566524,0.716817,0.104471,0.016196,0.689200
3574857,0.719414,0.102112,0.013205,0.686908
3583190,0.720997,0.100322,0.010722,0.685553
3591523,0.721479,0.099401,0.009248,0.685203
3599856,0.720591,0.099031,0.008404,0.686201
3608189,0.719114,0.099001,0.007999,0.687757
3616522,0.716859,0.098979,0.007684,0.690114
3624855,0.714472,0.098853,0.007283,0.692608
3633188,0.712337,0.097947,0.006052,0.694943
3641521,0.710739,0.096409,0.004209,0.696805
3649854,0.709118,0.094153,0.001578,0.698774
3658187,0.706485,0.091420,-0.001449,0.701798
3666520,0.703283,0.088810,-0.004401,0.705327
3674853,0.700069,0.085491,-0.007962,0.708894
3683186,0.696563,0.082142,-0.011326,0.712688
3691519,0.693346,0.078106,-0.015398,0.716194
3699852,0.691061,0.074623,-0.018928,0.718685
3708185,0.688785,0.070981,-0.022404,0.721134
3716518,0.686637,0.067282,-0.025845,0.723418
3724851,0.684922,0.063407,-0.029356,0.725259
3733184,0.683638,0.059931,-0.032366,0.726635
3741517,0.682365,0.056100,-0.035637,0.727984
3749850,0.680656,0.052221,-0.038752,0.729711
3758183,0.678384,0.048391,-0.041839,0.731917
3766516,0.675769,0.044406,-0.044816,0.734409
3774849,0.673506,0.041338,-0.047256,0.736511
3783182,0.670566,0.037953,-0.049899,0.739196
3791515,0.667286,0.034149,-0.052855,0.742139
3799848,0.664306,0.030629,-0.055484,0.744769
3808181,0.661549,0.027909,-0.057639,0.747163
3816514,0.658550,0.024343,-0.060282,0.749723
3824847,0.656387,0.021470,-0.062564,0.751519
3833180,0.655285,0.018644,-0.064931,0.752354
3841513,0.654204,0.015263,-0.067638,0.753133
3849846,0.651663,0.012085,-0.069901,0.755184
3858179,0.649587,0.009119,-0.072017,0.756814
3866512,0.648165,0.006251,-0.074004,0.757870
3874845,0.645900,0.003057,-0.076259,0.759598
3883178,0.643450,0.000008,-0.078305,0.761473
3891511,0.641758,-0.002766,-0.080315,0.762685
3899844,0.639753,-0.005496,-0.082299,0.764142
3908177,0.636860,-0.008422,-0.084356,0.766305
3916510,0.634278,-0.011574,-0.086600,0.768152
3924843,0.631627,-0.015017,-0.088977,0.770003
3933176,0.629045,-0.018160,-0.091105,0.771799
3941509,0.626234,-0.021113,-0.093011,0.773779
3949842,0.623383,-0.023910,-0.094735,0.775788
3958175,0.621814,-0.026540,-0.096524,0.776741
3966508,0.619892,-0.029134,-0.097989,0.778000
3974841,0.618334,-0.031718,-0.099384,0.778961
3983174,0.616557,-0.034367,-0.100639,0.780095
3991507,-0.614735,0.036794,0.101509,-0.781308
3999840,-0.613044,0.039150,0.102320,-0.782416
4008173,-0.611407,0.041306,0.102723,-0.783533
4016505,-0.609992,0.043530,0.103210,-0.784451
4024839,-0.609304,0.045689,0.103631,-0.784807
4033172,-0.608632,0.047804,0.103810,-0.785179
4041505,-0.608391,0.049708,0.103699,-0.785262
4049838,-0.608239,0.051734,0.103674,-0.785252
4058170,-0.607766,0.053706,0.103284,-0.785537
4066504,-0.607482,0.055635,0.102553,-0.785718
4074837,-0.607135,0.057319,0.101501,-0.786002
4083170,-0.606305,0.058990,0.100224,-0.786682
4091503,-0.605384,0.060611,0.098689,-0.787463
4099836,0.604446,-0.062152,-0.096953,0.788278
4108169,0.604150,-0.063189,-0.094982,0.788662
4116501,0.603046,-0.064225,-0.092497,0.789718
4124835,0.602308,-0.064586,-0.089448,0.790603
4133168,0.601236,-0.064593,-0.085731,0.791829
4141501,0.600617,-0.064068,-0.081497,0.792788
4149834,0.600266,-0.062980,-0.076680,0.793621
4158166,0.598176,-0.062088,-0.071147,0.795782
4166500,0.597238,-0.059816,-0.064613,0.797216
4174833,0.595530,-0.057087,-0.057244,0.799255
4183166,0.592996,-0.053878,-0.049040,0.801903
4191499,0.590359,-0.049795,-0.040348,0.804592
4199832,0.587130,-0.045085,-0.030674,0.807654
4208165,0.583460,-0.039861,-0.020352,0.810908
4216498,0.578814,-0.034489,-0.009376,0.814676
4224831,0.573653,-0.028430,0.002440,0.818601
4233164,0.568345,-0.021868,0.014891,0.822365
4241497,0.562818,-0.015072,0.027290,0.825993
4249830,0.556381,-0.008365,0.039931,0.829925
4258163,0.549571,-0.001769,0.051961,0.833828
4266496,0.541621,0.004365,0.064063,0.838167
4274829,0.533461,0.010228,0.074595,0.842467
4283162,0.525373,0.015335,0.083844,0.846592
4291495,0.516939,0.020094,0.092151,0.850811
4299828,-0.508570,-0.024738,-0.099595,-0.854884
4308161,-0.499699,-0.028983,-0.106739,-0.859109
4316494,-0.490658,-0.032829,-0.113177,-0.863347
4324827,-0.481554,-0.036694,-0.119544,-0.867450
4333160,-0.472659,-0.040281,-0.124501,-0.871476
4341493,-0.464062,-0.043852,-0.129142,-0.875241
4349826,-0.455749,-0.047207,-0.132432,-0.878934
4358159,-0.446899,-0.050174,-0.135807,-0.882791
4366492,-0.438264,-0.052879,-0.138246,-0.886576
4374825,-0.429673,-0.055563,-0.140269,-0.890291
4383158,-0.420527,-0.058033,-0.141685,-0.894267
4391491,-0.411165,-0.060326,-0.142925,-0.898263
4399824,-0.401217,-0.062419,-0.143606,-0.902500
4408157,-0.390607,-0.064376,-0.143912,-0.906957
4416490,-0.379122,-0.066119,-0.143760,-0.911717
4424823,-0.367128,-0.067590,-0.143201,-0.916593
4433156,-0.355166,-0.069111,-0.142246,-0.921329
4441489,-0.342328,-0.070364,-0.140669,-0.926322
4449822,-0.327921,-0.071439,-0.138978,-0.931692
4458155,-0.312800,-0.072260,-0.137043,-0.937098
4466488,-0.297153,-0.073293,-0.135124,-0.942375
4474821,-0.280307,-0.074386,-0.132832,-0.947761
4483154,-0.262203,-0.075571,-0.129825,-0.953249
4491487,-0.243463,-0.076774,-0.126128,-0.958605
4499820,-0.223596,-0.078196,-0.122502,-0.963786
4508153,-0.203797,-0.079675,-0.118422,-0.968553
4516486,-0.182542,-0.081503,-0.113754,-0.973188
4524819,-0.160706,-0.083598,-0.109154,-0.977379
4533152,-0.138003,-0.085747,-0.104220,-0.981194
4541485,-0.113941,-0.088349,-0.099740,-0.984512
4549818,-0.087942,-0.090788,-0.095073,-0.987413
4558151,-0.063824,-0.093037,-0.090122,-0.989519
4566484,-0.041009,-0.095126,-0.085339,-0.990952
4574817,-0.019908,-0.097129,-0.081224,-0.991752
4583150,-0.000398,-0.098577,-0.077222,-0.992129
4591483,0.015495,-0.099410,-0.074558,-0.992128
4599816,0.026195,-0.099832,-0.071716,-0.992071
4608149,0.033159,-0.099544,-0.070129,-0.992005
4616482,0.034649,-0.098921,-0.068563,-0.992126
4624815,0.031857,-0.098224,-0.065310,-0.992508
4633148,0.029200,-0.097394,-0.063612,-0.992782
4641481,0.025415,-0.096658,-0.061963,-0.993062
4649814,0.021542,-0.096152,-0.059510,-0.993353
4658147,0.018027,-0.095839,-0.056731,-0.993615
4666480,0.014606,-0.095787,-0.053279,-0.993868
4674813,0.013402,-0.095403,-0.050064,-0.994089
4683146,0.013105,-0.095163,-0.046242,-0.994301
4691479,0.015307,-0.094729,-0.042056,-0.994497
4699812,0.018952,-0.093948,-0.037644,-0.994685
4708145,0.023422,-0.093182,-0.032803,-0.994833
4716478,0.028660,-0.092518,-0.028036,-0.994904
4724811,0.033080,-0.091916,-0.024646,-0.994912
4733144,0.038774,-0.091134,-0.020957,-0.994863
4741477,0.043413,-0.090674,-0.017815,-0.994774
4749810,0.048115,-0.090219,-0.014934,-0.994647
4758143,0.052593,-0.089937,-0.012221,-0.994483
4766476,0.056376,-0.089708,-0.009872,-0.994322
4774809,0.060518,-0.089350,-0.008076,-0.994127
4783142,0.063797,-0.089079,-0.006243,-0.993960
4791475,0.067361,-0.088822,-0.004126,-0.993759
4799808,0.073527,-0.088728,-0.001585,-0.993337
4808141,0.076381,-0.088332,0.000604,-0.993158
4816474,0.080305,-0.087871,0.002778,-0.992886
4824807,0.085400,-0.087300,0.005115,-0.992502
4833140,0.094409,-0.087128,0.007457,-0.991685
4841473,0.100709,-0.086620,0.009676,-0.991091
4849806,0.106064,-0.086041,0.012191,-0.990555
4858139,0.110975,-0.085405,0.014454,-0.990041
4866472,0.115163,-0.084641,0.016823,-0.989591
4874805,0.120277,-0.084154,0.019290,-0.988979
4883138,0.125363,-0.083718,0.021849,-0.988331
4891471,0.130227,-0.083295,0.024063,-0.987686
4899804,0.134796,-0.083066,0.025732,-0.987050
4908137,0.140785,-0.082721,0.028259,-0.986174
4916470,0.144927,-0.082056,0.030544,-0.985561
4924803,0.150087,-0.081506,0.032580,-0.984769
4933136,0.155940,-0.081035,0.034842,-0.983820
4941469,0.161484,-0.080575,0.036917,-0.982887
4949802,0.165145,-0.080048,0.039278,-0.982230
4958135,0.170182,-0.079525,0.041872,-0.981306
4966468,0.175687,-0.078913,0.043784,-0.980301
4974801,0.181579,-0.078185,0.045650,-0.979200
4983134,0.188049,-0.077496,0.046587,-0.977989
4991467,0.191123,-0.076991,0.047827,-0.977373
4999800,0.194449,-0.076413,0.048925,-0.976707
5008133,0.199274,-0.075628,0.050210,-0.975730
5016466,0.205433,-0.074534,0.050892,-0.974501
5024799,0.210069,-0.073589,0.051509,-0.973551
5033132,0.214710,-0.072618,0.052371,-0.972566
5041465,0.220741,-0.071302,0.052667,-0.971296
5049798,0.224549,-0.070297,0.053844,-0.970431
5058131,0.228245,-0.069301,0.054650,-0.969595
5066464,0.233568,-0.067917,0.054110,-0.968455
5074797,0.236298,-0.067075,0.055299,-0.967784
5083130,0.239871,-0.065944,0.056226,-0.966929
5091463,0.242974,-0.064927,0.056744,-0.966193
5099796,0.246178,-0.063871,0.057365,-0.965415
5108129,0.249359,-0.062673,0.057753,-0.964654
5116462,0.252287,-0.061634,0.058461,-0.963916
5124795,0.255531,-0.060439,0.058788,-0.963117
5133128,0.261510,-0.058830,0.058124,-0.961651
5141461,0.266240,-0.057112,0.058201,-0.960452
5149794,0.269353,-0.055420,0.058167,-0.959684
5158127,0.272632,-0.053672,0.058411,-0.958843
5166460,0.273924,-0.052302,0.058602,-0.958538
5174793,0.277837,-0.050246,0.057952,-0.957561
5183126,0.280585,-0.048109,0.056650,-0.956947
5191459,0.282674,-0.046007,0.054929,-0.956536
5199792,0.284729,-0.043813,0.053145,-0.956131
5208125,0.286926,-0.041386,0.050952,-0.955701
5216458,0.289273,-0.038928,0.048740,-0.955212
5224791,0.291835,-0.036062,0.045611,-0.954700
5233124,0.293787,-0.033157,0.042008,-0.954372
5241457,0.296208,-0.029911,0.037235,-0.953929
5249790,0.298374,-0.026528,0.032338,-0.953532
5258123,0.301171,-0.022835,0.026534,-0.952927
5266456,0.305343,-0.018731,0.020164,-0.951845
5274789,0.310941,-0.014668,0.013964,-0.950213
5283122,0.317095,-0.010378,0.006407,-0.948315
5291455,0.323515,-0.005484,-0.001435,-0.946206
5299788,0.332089,-0.000080,-0.009463,-0.943201
5308121,0.341877,0.005076,-0.017572,-0.939567
5316454,0.352530,0.010976,-0.026257,-0.935368
5324787,0.364594,0.016632,-0.033713,-0.930407
5333120,0.376489,0.022772,-0.041848,-0.925195
5341453,0.390326,0.028707,-0.049332,-0.918906
5349786,0.403465,0.034971,-0.056403,-0.912585
5358119,0.416642,0.041127,-0.063387,-0.905925
5366452,0.429633,0.047096,-0.069797,-0.899069
5374785,0.443007,0.052473,-0.074826,-0.891848
5383118,0.455260,0.058148,-0.080682,-0.884787
5391451,0.467470,0.063424,-0.085633,-0.877563
5399784,0.479648,0.068159,-0.090119,-0.870156
5408117,0.491722,0.072559,-0.094025,-0.862615
5416450,0.503545,0.076398,-0.097097,-0.855089
5424783,0.514609,0.080104,-0.100324,-0.847759
5433116,0.525611,0.083791,-0.103247,-0.840269
5441449,0.536722,0.087147,-0.105443,-0.832596
5449782,0.546842,0.090253,-0.107585,-0.825375
5458115,0.556729,0.093363,-0.109157,-0.818182
5466448,0.566198,0.096158,-0.110076,-0.811207
5474781,0.575665,0.099229,-0.110935,-0.804026
5483114,0.583827,0.102184,-0.111953,-0.797603
5491447,0.592236,0.104918,-0.112255,-0.790979
5499780,0.599732,0.107594,-0.112598,-0.784899
5508113,0.607069,0.110543,-0.113234,-0.778733
5516446,0.613519,0.112844,-0.113741,-0.773255
5524779,0.619765,0.115169,-0.114039,-0.767869
5533112,0.625832,0.117194,-0.114072,-0.762619
5541445,0.630967,0.119206,-0.114353,-0.758019
5549778,0.636457,0.120881,-0.114445,-0.753135
5558111,0.641019,0.123169,-0.115368,-0.748742
5566444,0.645209,0.125386,-0.116176,-0.744639
5574777,0.649964,0.126614,-0.116158,-0.740286
5583110,0.654658,0.128476,-0.116606,-0.735745
5591443,0.659290,0.130345,-0.117065,-0.731192
5599776,0.663228,0.132339,-0.117507,-0.727191
5608109,0.667141,0.134218,-0.117810,-0.723207
5616442,0.671243,0.136370,-0.118229,-0.718928
5624775,0.675192,0.138061,-0.118457,-0.714858
5633108,0.678971,0.139622,-0.118760,-0.710915
5641441,0.682482,0.141954,-0.119571,-0.706944
5649774,0.685974,0.144136,-0.120344,-0.702981
5658107,0.689717,0.146451,-0.121450,-0.698636
5666440,0.692740,0.147142,-0.121679,-0.695453
5674773,0.696208,0.148583,-0.122322,-0.691560
5683106,0.699776,0.150718,-0.123679,-0.687242
5691439,0.703363,0.152269,-0.124924,-0.683000
5699772,0.706994,0.153380,-0.126038,-0.678784
5708105,0.710377,0.154357,-0.127395,-0.674766
5716438,0.714095,0.155150,-0.128683,-0.670401
5724771,0.718009,0.155765,-0.129861,-0.665836
5733104,0.721572,0.156105,-0.131399,-0.661589
5741437,0.725588,0.156789,-0.133175,-0.656661
5749770,0.729346,0.156847,-0.134509,-0.652197
5758103,0.732703,0.156586,-0.135588,-0.648262
5766436,0.735582,0.156169,-0.136818,-0.644834
5774769,0.738256,0.155861,-0.138395,-0.641507
5783102,0.740997,0.155570,-0.139776,-0.638110
5791435,0.743208,0.154885,-0.141121,-0.635404
5799768,0.744894,0.154258,-0.142534,-0.633262
5808101,0.746222,0.154034,-0.144480,-0.631310
5816434,0.746945,0.153503,-0.146054,-0.630221
5824767,0.747816,0.153474,-0.147976,-0.628745
5833100,0.747612,0.153373,-0.149773,-0.628587
5841433,0.747457,0.153618,-0.151985,-0.628180
5849766,0.746892,0.153447,-0.153552,-0.628512
5858099,0.746129,0.153658,-0.155233,-0.628954
5866432,0.744847,0.154038,-0.156798,-0.629992
5874765,0.743696,0.154595,-0.158297,-0.630840
5883098,0.742391,0.155451,-0.160017,-0.631732
5891431,0.740435,0.156705,-0.162086,-0.633189
5899764,0.737924,0.158299,-0.164077,-0.635208
5908097,0.735433,0.160076,-0.165974,-0.637155
5916430,0.732672,0.161493,-0.168029,-0.639436
5924763,0.731082,0.162700,-0.170229,-0.640367
5933096,0.729231,0.163435,-0.172023,-0.641809
5941429,0.727593,0.163938,-0.173487,-0.643145
5949762,0.725972,0.164023,-0.174792,-0.644599
5958095,0.725557,0.163622,-0.175635,-0.644940
5966428,0.725519,0.162568,-0.175852,-0.645190
5974761,0.725402,0.160843,-0.175723,-0.645789
5983094,0.725783,0.158211,-0.174834,-0.646252
5991427,0.726645,0.155476,-0.173708,-0.646250
5999760,0.727505,0.152580,-0.172392,-0.646325
6008093,0.728718,0.149343,-0.170788,-0.646141
6016426,0.729818,0.145707,-0.168878,-0.646232
6024759,0.731007,0.142746,-0.167147,-0.645999
6033092,0.731944,0.138678,-0.164983,-0.646380
6041425,0.732959,0.135711,-0.163082,-0.646342
6049758,0.733207,0.131765,-0.161008,-0.647396
6058091,0.733435,0.127960,-0.158987,-0.648400
6066424,0.734031,0.124077,-0.156633,-0.649053
6074757,0.734721,0.119806,-0.153886,-0.649731
6083090,0.735608,0.115831,-0.151188,-0.650082
6091423,0.736068,0.111797,-0.148639,-0.650854
6099756,0.736471,0.107585,-0.146097,-0.651684
6108089,0.736876,0.103506,-0.143566,-0.652449
6116422,0.737404,0.100077,-0.141348,-0.652871
6124755,0.737913,0.096002,-0.138611,-0.653494
6133088,0.738438,0.091836,-0.135958,-0.654057
6141421,0.738951,0.087498,-0.133029,-0.654674
6149754,0.739694,0.083345,-0.130057,-0.654974
6158087,0.740603,0.079257,-0.127028,-0.655049
6166420,0.741624,0.075013,-0.123671,-0.655036
6174753,0.742629,0.070633,-0.120138,-0.655042
6183086,0.743588,0.066281,-0.116602,-0.655048
6191419,0.744984,0.061899,-0.112866,-0.654545
6199752,0.747019,0.057249,-0.108816,-0.653333
6208085,0.748361,0.052905,-0.104860,-0.652810
6216418,0.749648,0.048402,-0.100859,-0.652313
6224751,0.751126,0.043825,-0.096534,-0.651591
6233084,0.752695,0.039232,-0.092332,-0.650681
6241417,0.753958,0.034463,-0.087982,-0.650091
6249750,0.755305,0.029818,-0.083562,-0.649340
6258083,0.756757,0.025325,-0.079231,-0.648383
6266416,0.757154,0.020720,-0.075164,-0.648566
6274749,0.758380,0.016238,-0.070883,-0.647744
6283082,0.759231,0.011514,-0.066570,-0.647305
6291415,0.760460,0.006944,-0.062175,-0.646364
6299748,0.761602,0.002497,-0.057873,-0.645451
6308081,0.762720,-0.002059,-0.053393,-0.644517
6316414,0.763729,-0.006554,-0.048767,-0.643659
6324747,0.764350,-0.011122,-0.044389,-0.643176
6333080,0.765687,-0.015403,-0.039900,-0.641790
6341413,0.766056,-0.019981,-0.035550,-0.641479
6349746,0.766406,-0.024506,-0.031182,-0.641131
6358079,0.766425,-0.029625,-0.026708,-0.641094
6366412,0.767464,-0.033892,-0.022044,-0.639816
6374745,0.768118,-0.038363,-0.017309,-0.638924
6383078,0.768675,-0.043210,-0.012435,-0.638058
6391411,0.768897,-0.048127,-0.007639,-0.637513
6399744,0.769453,-0.052976,-0.002780,-0.636497
6408077,0.770308,-0.057789,0.002147,-0.635044
6416410,0.770889,-0.062714,0.006999,-0.633837
6424743,0.771935,-0.067573,0.011997,-0.631986
6433076,0.772986,-0.072271,0.017124,-0.630060
6441409,0.773871,-0.077132,0.022222,-0.628236
6449742,0.775336,-0.081979,0.027566,-0.625599
6458075,0.776600,-0.086823,0.032643,-0.623128
6466408,0.778116,-0.091753,0.038354,-0.620198
6474741,0.779107,-0.096644,0.043551,-0.617863
6483074,0.780021,-0.101578,0.048879,-0.615516
6491407,0.780980,-0.106431,0.054300,-0.613020
6499740,0.781217,-0.111179,0.059384,-0.611402
6508073,0.781404,-0.115417,0.064117,-0.609898
6516406,0.781730,-0.119100,0.068442,-0.608301
6524739,0.782415,-0.122247,0.072654,-0.606303
6533072,0.782126,-0.124949,0.076087,-0.605704
6541405,0.781693,-0.127029,0.079222,-0.605428
6549738,0.780677,-0.128541,0.081477,-0.606120
6558071,0.780698,-0.129334,0.083848,-0.605601
6566404,0.780763,-0.129944,0.086059,-0.605076
6574737,0.781443,-0.130297,0.088244,-0.603806
6583070,0.782237,-0.130299,0.090271,-0.602477
6591403,0.782914,-0.130297,0.092252,-0.601296
6599736,0.784581,-0.130140,0.094723,-0.598768
6608069,0.785350,-0.129766,0.096795,-0.597509
6616402,0.786763,-0.129104,0.098998,-0.595429
6624735,0.787563,-0.128244,0.101012,-0.594218
6633068,0.788208,-0.127057,0.102856,-0.593301
6641401,0.788048,-0.125869,0.104288,-0.593516
6649734,0.788210,-0.124289,0.105609,-0.593401
6658067,0.786809,-0.122567,0.105771,-0.595585
6666400,0.786077,-0.120548,0.105880,-0.596942
6674733,0.785123,-0.117809,0.105213,-0.598860
6683066,0.783897,-0.114541,0.103641,-0.601368
6691399,0.783078,-0.110421,0.101440,-0.603578
6699732,0.782054,-0.105806,0.098292,-0.606246
6708065,0.780994,-0.100614,0.094525,-0.609090
6716398,0.781004,-0.094232,0.090258,-0.610743
6724731,0.781854,-0.086473,0.085365,-0.611506
6733064,0.783465,-0.078321,0.080640,-0.611184
6741397,0.785700,-0.068952,0.075353,-0.610118
6749730,0.788863,-0.058682,0.070178,-0.607722
6758063,0.791624,-0.047665,0.064434,-0.605729
6766396,0.794191,-0.036317,0.058377,-0.603767
6774729,0.796987,-0.024497,0.052166,-0.601241
6783062,0.799752,-0.012321,0.045761,-0.598458
6791395,0.802556,0.000291,0.039556,-0.595263
6799728,0.804883,0.012085,0.033180,-0.592382
6808061,0.807388,0.023290,0.027518,-0.588918
6816394,0.809833,0.034185,0.022530,-0.585230
6824727,0.811837,0.044358,0.017359,-0.581939
6833060,0.813675,0.054152,0.012484,-0.578658
6841393,0.815329,0.063410,0.007923,-0.575460
6849726,0.816542,0.071723,0.003446,-0.572804
6858059,0.817708,0.080144,-0.001246,-0.570025
6866392,0.818403,0.088483,-0.006243,-0.567757
6874725,0.818901,0.096247,-0.011137,-0.565697
6883058,0.818851,0.103178,-0.016582,-0.564413
6891391,0.819109,0.110449,-0.020993,-0.562512
6899724,0.818848,0.116960,-0.025787,-0.561377
6908057,0.818282,0.123091,-0.030997,-0.560627
6916390,0.817494,0.129165,-0.036205,-0.560098
6924723,0.816447,0.134773,-0.041416,-0.559943
6933056,0.815160,0.140153,-0.046698,-0.560080
6941389,0.813885,0.145419,-0.051792,-0.560144
6949722,0.812627,0.150575,-0.056672,-0.560136
6958055,0.811503,0.155366,-0.061216,-0.559979
6966388,0.810116,0.159882,-0.065665,-0.560212
6974721,0.808963,0.164213,-0.069417,-0.560174
6983054,0.807626,0.168368,-0.073124,-0.560398
6991387,0.806233,0.172200,-0.076619,-0.560772
6999720,0.804996,0.175744,-0.079870,-0.560995
7008053,0.803650,0.179155,-0.082947,-0.561400
7016386,0.802437,0.182279,-0.085669,-0.561720
7024719,0.801203,0.185181,-0.088207,-0.562140
7033052,0.800106,0.187792,-0.090352,-0.562495
7041385,0.799170,0.190018,-0.092176,-0.562782
7049718,0.798362,0.192255,-0.093689,-0.562919
7058051,0.797658,0.194418,-0.095000,-0.562956
7066384,0.796775,0.196651,-0.096273,-0.563213
7074717,0.796494,0.197849,-0.096833,-0.563095
7083050,0.795756,0.199294,-0.097282,-0.563552
7091383,0.795597,0.200657,-0.097866,-0.563192
7099716,0.794910,0.202195,-0.098394,-0.563519
7108049,0.794219,0.203731,-0.098731,-0.563881
7116382,0.793259,0.205310,-0.098964,-0.564619
7124715,0.792700,0.207249,-0.099324,-0.564633
7133048,0.792169,0.209086,-0.099632,-0.564646
7141381,0.791644,0.210783,-0.099996,-0.564687
7149714,0.791041,0.212042,-0.100123,-0.565038
7158047,0.790802,0.213661,-0.100456,-0.564703
7166380,0.790151,0.215149,-0.100576,-0.565028
7174713,0.788771,0.216789,-0.100773,-0.566293
7183046,0.787255,0.218494,-0.100765,-0.567747
7191379,0.785309,0.220329,-0.100667,-0.569746
7199712,0.782023,0.221838,-0.100191,-0.573750
7208045,0.778504,0.223354,-0.099562,-0.578041
7216378,0.774654,0.224654,-0.098817,-0.582818
7224711,0.770603,0.225430,-0.097970,-0.588009
7233044,0.766214,0.226419,-0.097364,-0.593439
7241377,0.762090,0.227381,-0.097255,-0.598380
7249710,0.758400,0.227874,-0.097423,-0.602837
7258043,0.755310,0.227819,-0.097570,-0.606700
7266376,0.753167,0.227704,-0.098268,-0.609289
7274709,0.751280,0.227775,-0.099373,-0.611410
7283042,0.749820,0.227837,-0.100857,-0.612934
7291375,0.748264,0.227806,-0.102257,-0.614612
7299708,0.746937,0.227853,-0.104031,-0.615911
7308041,0.746031,0.228498,-0.106662,-0.616320
7316374,0.745159,0.229665,-0.109994,-0.616355
7324707,0.743429,0.230557,-0.113147,-0.617539
7333040,0.741457,0.231976,-0.116397,-0.618774
7341373,0.739058,0.232934,-0.119454,-0.620698
7349706,0.737476,0.233059,-0.121779,-0.622079
7358039,0.736559,0.232713,-0.123760,-0.622903
7366372,0.736405,0.232203,-0.125662,-0.622895
7374705,0.737111,0.231640,-0.127290,-0.621939
7383038,0.738057,0.231090,-0.128671,-0.620735
7391371,0.739327,0.230694,-0.129797,-0.619136
7399704,0.740604,0.230115,-0.130601,-0.617654
7408037,0.741392,0.229407,-0.131386,-0.616805
7416370,0.742053,0.228878,-0.132083,-0.616058
7424703,0.742490,0.228493,-0.132690,-0.615543
7433036,0.742605,0.228452,-0.133558,-0.615232
7441369,0.742750,0.228364,-0.134080,-0.614975
7449702,0.742879,0.228173,-0.134394,-0.614822
7458035,0.743149,0.227915,-0.134509,-0.614566
7466368,0.743582,0.227274,-0.134271,-0.614332
7474701,0.744411,0.226439,-0.133584,-0.613786
7483034,0.744953,0.225250,-0.132726,-0.613751
7491367,0.745770,0.223581,-0.131386,-0.613658
7499700,0.746097,0.221708,-0.129933,-0.614249
7508033,0.746600,0.219842,-0.128342,-0.614644
7516366,0.747136,0.217408,-0.126298,-0.615281
7524699,0.747614,0.214643,-0.124004,-0.616137
7533032,0.748159,0.211570,-0.121435,-0.617050
7541365,0.748738,0.208551,-0.118785,-0.617890
7549698,0.749341,0.205391,-0.115871,-0.618770
7558031,0.750097,0.201862,-0.112691,-0.619602
7566364,0.751134,0.198209,-0.109146,-0.620160
7574697,0.752061,0.194482,-0.105632,-0.620824
7583030,0.753205,0.190673,-0.102013,-0.621224
7591363,0.754483,0.186769,-0.097945,-0.621514
7599696,0.755515,0.182603,-0.093741,-0.622147
7608029,0.756767,0.178278,-0.089240,-0.622541
7616362,0.758119,0.174040,-0.084718,-0.622727
7624695,0.759408,0.169669,-0.080070,-0.622977
7633028,0.760784,0.165269,-0.075226,-0.623085
7641361,0.762075,0.160562,-0.070174,-0.623327
7649694,0.763115,0.155891,-0.065120,-0.623790
7658027,0.764356,0.151148,-0.059777,-0.623972
7666360,0.765718,0.146390,-0.054603,-0.623911
7674693,0.766927,0.141446,-0.049191,-0.624017
7683026,0.768032,0.136332,-0.043644,-0.624208
7691359,0.769232,0.131395,-0.038026,-0.624157
7699692,0.770139,0.126060,-0.032202,-0.624466
7708025,0.770941,0.120737,-0.026279,-0.624806
7716358,0.772389,0.115774,-0.020223,-0.624182
7724691,0.773498,0.110474,-0.014013,-0.623939
7733024,0.774799,0.104972,-0.007577,-0.623386
7741357,0.776184,0.099347,-0.000884,-0.622630
7749690,0.776653,0.092982,0.006128,-0.622999
7758023,0.777694,0.086880,0.013153,-0.622471
7766356,0.778537,0.080885,0.020073,-0.622040
7774689,0.779594,0.074952,0.027049,-0.621195
7783022,0.780179,0.068551,0.034314,-0.620841
7791355,0.780278,0.062035,0.041696,-0.620951
7799688,0.780982,0.056054,0.049010,-0.620099
7808021,0.781945,0.050365,0.056286,-0.618754
7816354,0.782264,0.044902,0.063393,-0.618084
7824687,0.782871,0.040080,0.070233,-0.616906
7833020,0.783274,0.035888,0.076773,-0.615873
7841353,0.783230,0.032011,0.083131,-0.615317
7849686,0.783563,0.028793,0.089204,-0.614201
7858019,0.783602,0.026292,0.094846,-0.613418
7866352,0.783282,0.023998,0.100416,-0.613034
7874685,0.782938,0.022401,0.105663,-0.612651
7883018,0.782784,0.021329,0.110825,-0.611974
7891351,0.782673,0.020874,0.115733,-0.611222
7899684,0.782392,0.020975,0.120308,-0.610695
7908017,0.781831,0.021517,0.124614,-0.610532
7916350,0.781144,0.022682,0.128227,-0.610620
7924683,0.779848,0.024324,0.131089,-0.611605
7933016,0.778617,0.026510,0.133400,-0.612582
7941349,0.776879,0.029106,0.135072,-0.614302
7949682,0.775177,0.032069,0.136000,-0.616097
7958015,0.773365,0.035415,0.136041,-0.618179
7966348,0.771607,0.039322,0.135109,-0.620340
7974681,0.769933,0.043740,0.133240,-0.622525
7983014,0.768615,0.048844,0.130339,-0.624386
7991347,0.767394,0.054288,0.126634,-0.626198
7999680,0.766074,0.060045,0.122146,-0.628176
8008013,0.765077,0.066421,0.116967,-0.629734
8016346,0.764025,0.073230,0.111169,-0.631304
8024679,0.763314,0.079561,0.105158,-0.632427
8033011,0.762373,0.085724,0.098834,-0.633775
8041345,0.761665,0.092169,0.092227,-0.634716
8049678,0.760171,0.098452,0.085122,-0.636555
8058011,0.758902,0.103963,0.078500,-0.638041
8066344,0.758066,0.108818,0.072395,-0.638947
8074676,0.757130,0.113496,0.065881,-0.639948
8083010,0.755627,0.117741,0.058481,-0.641674
8091343,0.754032,0.121491,0.050989,-0.643487
8099676,0.752621,0.124892,0.043515,-0.645035
8108009,0.751396,0.127705,0.036251,-0.646361
8116341,0.750301,0.130162,0.028992,-0.647507
8124675,0.749663,0.132723,0.021773,-0.648009
8133008,0.748967,0.135044,0.014564,-0.648537
8141341,0.748423,0.137159,0.007460,-0.648841
8149674,0.748238,0.139435,0.000440,-0.648612
8158007,0.748302,0.141275,-0.005923,-0.648113
8166340,0.748386,0.143552,-0.012654,-0.647418
8174673,0.748935,0.146184,-0.019063,-0.646037
8183006,0.749969,0.148677,-0.025195,-0.644056
8191338,0.751197,0.151236,-0.031073,-0.641768
8199672,0.752878,0.154585,-0.036738,-0.638693
8208005,0.754358,0.157707,-0.042504,-0.635819
8216338,0.756294,0.160861,-0.047920,-0.632335
8224671,0.758049,0.163866,-0.053410,-0.629013
8233003,0.760192,0.166789,-0.058628,-0.625182
8241337,0.762154,0.170218,-0.064039,-0.621326
8249670,0.764055,0.173073,-0.068946,-0.617667
8258003,0.765428,0.175646,-0.073757,-0.614677
8266336,0.766966,0.178053,-0.078306,-0.611497
8274668,0.768238,0.179997,-0.082472,-0.608777
8283002,0.768867,0.181749,-0.086486,-0.606903
8291335,0.769222,0.183440,-0.090202,-0.605402
8299668,0.769366,0.184965,-0.093809,-0.604205
8308001,0.769172,0.186546,-0.097300,-0.603413
8316333,0.768736,0.187885,-0.100278,-0.603066
8324667,0.768285,0.188690,-0.102935,-0.602942
8333000,0.767650,0.189992,-0.105662,-0.602870
8341333,0.766193,0.190930,-0.107994,-0.604013
8349666,0.764704,0.191701,-0.110098,-0.605274
8357998,0.762622,0.192524,-0.112089,-0.607271
8366332,0.761091,0.193215,-0.114018,-0.608611
8374665,0.760097,0.193703,-0.115534,-0.609413
8382998,0.759520,0.194211,-0.117319,-0.609629
8391331,0.758855,0.194360,-0.118612,-0.610160
8399664,0.758381,0.194620,-0.119981,-0.610398
8407997,0.758585,0.195186,-0.121243,-0.609715
8416330,0.758312,0.195702,-0.122517,-0.609634
8424663,0.757464,0.196431,-0.123593,-0.610237
8432996,0.756786,0.197063,-0.124472,-0.610694
8441329,0.755667,0.197876,-0.125377,-0.611632
8449662,0.754329,0.198574,-0.126174,-0.612892
8457995,0.752618,0.199211,-0.126803,-0.614656
8466328,0.751132,0.199600,-0.127172,-0.616269
8474661,0.749484,0.199838,-0.127585,-0.618111
8482994,0.747177,0.200967,-0.128713,-0.620300
8491327,0.745250,0.201801,-0.129734,-0.622132
8499660,0.743959,0.202421,-0.130877,-0.623235
8507993,0.742931,0.202382,-0.131647,-0.624311
8516326,0.742620,0.201964,-0.132389,-0.624659
8524659,0.742014,0.201835,-0.133504,-0.625184
8532992,0.740830,0.201530,-0.134618,-0.626446
8541325,0.739479,0.201267,-0.135631,-0.627906
8549658,0.738332,0.201445,-0.137039,-0.628892
8557991,0.737487,0.201727,-0.138534,-0.629466
8566324,0.736065,0.201576,-0.139753,-0.630907
8574657,0.735395,0.200993,-0.140670,-0.631671
8582990,0.735139,0.199656,-0.141284,-0.632255
8591323,0.735404,0.197938,-0.141447,-0.632451
8599656,0.735895,0.195509,-0.141007,-0.632733
8607989,0.737197,0.192746,-0.139980,-0.632294
8616322,0.738705,0.189383,-0.138736,-0.631824
8624655,0.740525,0.185541,-0.137171,-0.631174
8632988,0.742758,0.181640,-0.135386,-0.630070
8641321,0.744280,0.177677,-0.133736,-0.629756
8649654,0.746173,0.173772,-0.131820,-0.629009
8657987,0.748087,0.169696,-0.129780,-0.628273
8666320,0.749932,0.165545,-0.127602,-0.627626
8674653,0.751413,0.161600,-0.125492,-0.627308
8682986,0.753051,0.158016,-0.123437,-0.626665
8691319,0.754983,0.154531,-0.121243,-0.625636
8699652,0.756699,0.151068,-0.119068,-0.624826
8707985,0.758487,0.147575,-0.116750,-0.623930
8716318,0.759887,0.144406,-0.114675,-0.623352
8724651,0.761836,0.141368,-0.112403,-0.622082
8732984,0.763198,0.137695,-0.109844,-0.621694
8741317,0.764905,0.134142,-0.107157,-0.620841
8749650,0.766604,0.130591,-0.104355,-0.619979
8757983,0.767934,0.127028,-0.101640,-0.619524
8766316,0.769751,0.123137,-0.098290,-0.618595
8774649,0.771500,0.119140,-0.094871,-0.617732
8782982,0.772766,0.115188,-0.091424,-0.617420
8791315,0.774301,0.111174,-0.087758,-0.616764
8799648,0.775919,0.106735,-0.083847,-0.616057
8807981,0.777211,0.101632,-0.079415,-0.615879
8816314,0.778182,0.096652,-0.075420,-0.615957
8824647,0.779849,0.091869,-0.071026,-0.615102
8832980,0.781314,0.086792,-0.066358,-0.614501
8841313,0.782704,0.081750,-0.061779,-0.613901
8849646,0.784453,0.076430,-0.056764,-0.612838
8857979,0.786090,0.070724,-0.051462,-0.611892
8866312,0.787505,0.065138,-0.046409,-0.611097
8874645,0.789028,0.059419,-0.041069,-0.610097
8882978,0.790338,0.053419,-0.035670,-0.609295
8891311,0.791591,0.047271,-0.030013,-0.608480
8899644,0.792724,0.041087,-0.024370,-0.607706
8907977,0.793955,0.035030,-0.018772,-0.606676
8916310,0.795060,0.028901,-0.012853,-0.605706
8924643,0.796076,0.022698,-0.006952,-0.604731
8932976,0.797601,0.016789,-0.001105,-0.602950
8941309,0.799044,0.010898,0.004693,-0.601155
8949642,0.800832,0.005107,0.010493,-0.598775
8957975,0.802224,-0.000526,0.016098,-0.596806
8966308,0.803560,-0.006002,0.021673,-0.594798
8974641,0.804460,-0.011295,0.027008,-0.593286
8982974,0.805670,-0.016557,0.032597,-0.591236
8991307,0.806724,-0.021689,0.038048,-0.589303
8999640,0.807609,-0.026579,0.043298,-0.587526
9007973,0.808852,-0.031210,0.048561,-0.585171
9016306,0.809559,-0.035506,0.053481,-0.583518
9024639,0.810016,-0.039730,0.058420,-0.582136
9032972,0.810540,-0.043699,0.063382,-0.580602
9041305,0.811043,-0.047186,0.067976,-0.579105
9049638,0.811397,-0.050157,0.072074,-0.577861
9057971,0.811017,-0.052743,0.075830,-0.577685
9066304,0.810099,-0.054834,0.079135,-0.578334
9074637,0.809621,-0.056144,0.082096,-0.578465
9082970,0.808744,-0.057069,0.084725,-0.579222
9091303,0.808804,-0.057144,0.087028,-0.578789
9099636,0.809256,-0.056526,0.089163,-0.577892
9107969,0.809743,-0.054996,0.090732,-0.577113
9116302,0.810536,-0.053005,0.092201,-0.575952
9124635,0.812054,-0.050415,0.093554,-0.573824
9132968,0.812515,-0.047688,0.094680,-0.573220
9141301,0.813212,-0.044598,0.095861,-0.572283
9149634,0.813996,-0.041150,0.097107,-0.571216
9157967,0.814430,-0.037583,0.098400,-0.570622
9166300,0.814269,-0.033846,0.099468,-0.570899
9174633,0.813802,-0.030104,0.100512,-0.571592
9182966,0.813273,-0.025790,0.101076,-0.572456
9191299,0.812087,-0.021297,0.101256,-0.574289
9199632,0.810525,-0.016383,0.101039,-0.576690
9207965,0.809114,-0.010986,0.100343,-0.578917
9216298,0.806967,-0.005263,0.098939,-0.582227
9224631,0.805327,0.001227,0.096911,-0.584855
9232964,0.803812,0.008492,0.094008,-0.587347
9241297,0.802727,0.016527,0.090483,-0.589210
9249630,0.801868,0.025255,0.086346,-0.590689
9257963,0.801373,0.034683,0.081890,-0.591516
9266296,0.800907,0.044266,0.077149,-0.592146
9274629,0.800528,0.053876,0.072356,-0.592467
9282962,0.799823,0.063410,0.067022,-0.593102
9291295,0.799063,0.073082,0.061460,-0.593616
9299628,0.798262,0.082847,0.055703,-0.593980
9307961,0.797571,0.092706,0.049617,-0.593991
9316294,0.796741,0.102558,0.043104,-0.593993
9324627,0.795740,0.111855,0.036733,-0.594085
9332960,0.794592,0.120364,0.030619,-0.594306
9341293,0.793343,0.127993,0.024807,-0.594651
9349626,0.792340,0.135157,0.019192,-0.594611
9357959,0.791378,0.141774,0.013565,-0.594505
9366292,0.790673,0.147588,0.008439,-0.594124
9374625,0.790098,0.153056,0.003077,-0.593557
9382958,0.789709,0.158254,-0.002401,-0.592714
9391291,0.789482,0.162946,-0.007703,-0.591698
9399624,0.789381,0.166846,-0.012755,-0.590659
9407957,0.789536,0.170537,-0.017368,-0.589278
9416290,0.789836,0.173549,-0.022002,-0.587840
9424623,0.790084,0.176653,-0.026851,-0.586378
9432956,0.790416,0.179356,-0.031537,-0.584876
9441289,0.791052,0.181808,-0.035723,-0.583015
9449622,0.791552,0.184241,-0.039955,-0.581295
9457955,0.792090,0.186647,-0.044082,-0.579494
9466288,0.792680,0.189062,-0.047972,-0.577592
9474621,0.793383,0.191585,-0.051674,-0.575473
9482954,0.794112,0.193506,-0.054976,-0.573515
9491287,0.794650,0.195492,-0.058338,-0.571761
9499620,0.795116,0.197315,-0.061360,-0.570169
9507953,0.795806,0.199132,-0.064100,-0.568270
9516286,0.796304,0.200781,-0.066658,-0.566695
9524619,0.796804,0.202322,-0.069077,-0.565153
9532952,0.797271,0.203698,-0.071221,-0.563732
9541285,0.797794,0.204827,-0.073093,-0.562342
9549618,0.798466,0.205705,-0.074729,-0.560851
9557951,0.798998,0.206466,-0.076380,-0.559589
9566284,0.799653,0.207173,-0.077959,-0.558172
9574617,0.799864,0.207629,-0.078985,-0.557556
9582950,0.800137,0.207964,-0.080106,-0.556879
9591283,0.800472,0.207777,-0.080658,-0.556388
9599616,0.800439,0.207496,-0.081138,-0.556470
9607949,0.800304,0.207087,-0.081617,-0.556746
9616282,0.799885,0.206425,-0.081705,-0.557581
9624615,0.799405,0.205682,-0.082002,-0.558500
9632948,0.798610,0.204747,-0.082035,-0.559974
9641281,0.798016,0.203303,-0.082009,-0.561350
9649614,0.797557,0.201513,-0.081773,-0.562679
9657947,0.797292,0.199716,-0.081666,-0.563710
9666280,0.797068,0.197872,-0.081487,-0.564702
9674613,0.796919,0.195940,-0.081247,-0.565620
9682946,0.796057,0.194971,-0.081541,-0.567125
9691279,0.794559,0.194308,-0.081972,-0.569386
9699612,0.792757,0.193693,-0.082256,-0.572061
9707945,0.790674,0.193443,-0.082716,-0.574954
9716278,0.788081,0.193343,-0.083340,-0.578447
9724611,0.785400,0.193630,-0.084531,-0.581815
9732944,0.782669,0.193965,-0.086081,-0.585147
9741277,0.780165,0.194389,-0.087984,-0.588059
9749610,0.777797,0.195119,-0.090200,-0.590613
9757943,0.775284,0.196073,-0.092627,-0.593220
9766276,0.772435,0.197087,-0.095021,-0.596214
9774609,0.769239,0.197929,-0.096923,-0.599751
9782942,0.766539,0.198660,-0.098606,-0.602685
9791275,0.764873,0.199199,-0.100556,-0.604299
9799608,0.763997,0.199377,-0.102568,-0.605010
9807941,0.763177,0.199264,-0.104244,-0.605795
9816274,0.762478,0.198657,-0.105343,-0.606685
9824607,0.762111,0.197571,-0.106093,-0.607369
9832940,0.762020,0.195866,-0.106505,-0.607963
9841273,0.762198,0.193673,-0.106528,-0.608438
9849606,0.762388,0.191210,-0.106229,-0.609031
9857939,0.762503,0.188290,-0.105708,-0.609886
9866272,0.762716,0.184939,-0.104835,-0.610796
9874605,0.762742,0.181370,-0.103767,-0.612015
9882938,0.762802,0.177630,-0.102477,-0.613253
9891271,0.762825,0.173908,-0.101063,-0.614525
9899604,0.762674,0.170098,-0.099378,-0.616051
9907937,0.762714,0.166033,-0.097417,-0.617423
9916270,0.763009,0.162050,-0.095253,-0.618453
9924603,0.763437,0.158273,-0.092980,-0.619248
9932936,0.763937,0.154567,-0.090671,-0.619910
9941269,0.764768,0.150775,-0.088019,-0.620201
9949602,0.766103,0.146846,-0.084864,-0.619936
9957935,0.767467,0.142417,-0.081394,-0.619748
9966268,0.768978,0.138042,-0.077679,-0.619341
9974601,0.770561,0.133592,-0.073739,-0.618831
9982934,0.772253,0.128607,-0.069290,-0.618292
9991267,0.773864,0.123281,-0.064651,-0.617864
9999600,0.775563,0.117527,-0.059626,-0.617361
10007933,0.777298,0.111743,-0.054411,-0.616734
10016266,0.778916,0.105961,-0.049159,-0.616154
10024599,0.780012,0.099781,-0.043875,-0.616199
10032932,0.781072,0.093867,-0.038610,-0.616137
10041265,0.781986,0.087731,-0.033118,-0.616201
10049598,0.782903,0.081976,-0.027886,-0.616088
10057931,0.783801,0.076047,-0.022434,-0.615930
10066264,0.784526,0.070074,-0.016940,-0.615891
10074597,0.785207,0.064125,-0.011380,-0.615799
10082930,0.786101,0.058595,-0.006018,-0.615285
10091263,0.786906,0.053013,-0.000702,-0.614791
10099596,0.788046,0.047602,0.004744,-0.613754
10107929,0.789220,0.042504,0.010016,-0.612557
10116262,0.790418,0.037228,0.015452,-0.611241
10124595,0.791664,0.032031,0.020875,-0.609759
10132928,0.792798,0.027230,0.026038,-0.608318
10141261,0.793492,0.022226,0.031360,-0.607365
10149594,0.794344,0.017486,0.036628,-0.606110
10157927,0.794904,0.012617,0.042030,-0.605147
10166260,0.795838,0.007924,0.047368,-0.603602
10174593,0.796494,0.003266,0.052972,-0.602313
10182926,0.797153,-0.001249,0.058458,-0.600940
10191259,0.797817,-0.005523,0.063806,-0.599489
10199592,0.798242,-0.009815,0.069147,-0.598274
10207925,0.798786,-0.014050,0.074538,-0.596815
10216258,0.799195,-0.018158,0.079955,-0.595454
10224591,0.799716,-0.021697,0.085195,-0.593907
10232924,0.800830,-0.024403,0.090022,-0.591584
10241257,0.801379,-0.026532,0.094206,-0.590096
10249590,0.802062,-0.027857,0.097948,-0.588495
10257923,0.803262,-0.028182,0.101131,-0.586300
10266256,0.803595,-0.027541,0.103497,-0.585461
10274589,0.804402,-0.025852,0.105328,-0.584102
10282922,0.805326,-0.023100,0.106259,-0.582774
10291255,0.806084,-0.019378,0.106683,-0.581783
10299588,0.806898,-0.014849,0.106916,-0.580744
10307921,0.807203,-0.009527,0.106529,-0.580504
10316254,0.806704,-0.003947,0.105661,-0.581419
10324587,0.805681,0.001988,0.104507,-0.583055
10332920,0.804466,0.008603,0.102622,-0.585004
10341253,0.802366,0.015311,0.100310,-0.588143
10349586,0.800294,0.022333,0.097665,-0.591179
10357919,0.798158,0.029379,0.094965,-0.594191
10366252,0.795990,0.036680,0.091865,-0.597172
10374585,0.794121,0.044614,0.088309,-0.599653
10382918,0.792903,0.052923,0.084412,-0.601147
10391251,0.792014,0.061954,0.079937,-0.602067
10399584,0.790976,0.070990,0.075188,-0.603046
10407917,0.790043,0.080171,0.070030,-0.603738
10416250,0.789365,0.089367,0.064662,-0.603933
10424583,0.788493,0.098236,0.058934,-0.604280
10432916,0.787178,0.106818,0.052935,-0.605093
10441249,0.785725,0.114987,0.046991,-0.605976
10449582,0.784172,0.122933,0.040931,-0.606865
10457915,0.782341,0.130312,0.034861,-0.608068
10466248,0.780418,0.136981,0.029201,-0.609370
10474581,0.778272,0.142670,0.024138,-0.611028
10482914,0.776251,0.147878,0.019594,-0.612522
10491247,0.774377,0.152724,0.015092,-0.613830
10499580,0.772463,0.157088,0.010734,-0.615231
10507913,0.770498,0.161158,0.006209,-0.616703
10516246,0.768742,0.164603,0.002048,-0.618010
10524579,0.766832,0.167472,-0.002164,-0.619611
10532912,0.764838,0.169799,-0.006338,-0.621410
10541245,0.762789,0.171549,-0.010459,-0.623389
10549578,0.760827,0.173027,-0.014453,-0.625296
10557911,0.758720,0.174116,-0.018334,-0.627448
10566244,0.756460,0.175020,-0.022237,-0.629795
10574577,0.754193,0.175633,-0.025952,-0.632196
10582910,0.751817,0.175934,-0.029422,-0.634785
10591243,0.749379,0.176480,-0.032989,-0.637336
10599576,0.746833,0.176813,-0.036367,-0.640043
10607909,0.744398,0.177082,-0.039325,-0.642625
10616242,0.741945,0.177196,-0.042233,-0.645240
10624575,0.739579,0.177614,-0.045051,-0.647648
10632908,0.737102,0.177712,-0.047625,-0.650255
10641241,0.734791,0.177731,-0.050081,-0.652676
10649574,0.732666,0.177465,-0.052171,-0.654969
10657907,0.730310,0.177346,-0.054244,-0.657460
10666240,0.727821,0.177270,-0.056294,-0.660063
10674573,0.725708,0.177241,-0.058007,-0.662245
10682906,0.723523,0.176991,-0.059411,-0.664574
10691239,0.721284,0.176646,-0.060675,-0.666982
10699572,0.719018,0.176007,-0.061589,-0.669508
10707905,0.716606,0.175344,-0.062227,-0.672204
10716238,0.714002,0.174775,-0.062524,-0.675089
10724571,0.711642,0.173720,-0.062478,-0.677852
10732904,0.708978,0.172538,-0.062307,-0.680954
10741237,0.706621,0.171261,-0.061961,-0.683753
10749570,0.703807,0.169822,-0.061443,-0.687053
10757903,0.700922,0.168341,-0.060772,-0.690418
10766236,0.697720,0.167001,-0.060177,-0.694029
10774569,0.694294,0.165294,-0.059379,-0.697931
10782902,0.691127,0.163444,-0.058531,-0.701572
10791235,0.687225,0.162107,-0.058042,-0.705744
10799568,0.683617,0.160536,-0.057412,-0.709647
10807901,0.680591,0.158852,-0.056843,-0.712974
10816234,0.676924,0.157310,-0.056486,-0.716824
10824567,0.674499,0.155544,-0.056476,-0.719492
10832900,0.671603,0.153800,-0.056644,-0.722556
10841233,0.668160,0.152072,-0.056956,-0.726080
10849566,0.664604,0.150334,-0.057382,-0.729664
10857899,0.659632,0.148837,-0.057595,-0.734450
10866232,0.654851,0.147248,-0.058147,-0.738991
10874565,0.650870,0.145851,-0.059086,-0.742701
10882898,0.646575,0.144559,-0.060295,-0.746598
10891231,0.641600,0.143499,-0.061736,-0.750963
10899564,0.636558,0.142572,-0.063263,-0.755292
10907897,0.631746,0.141793,-0.064750,-0.759341
10916230,0.628275,0.141290,-0.066895,-0.762124
10924563,0.626550,0.140769,-0.069479,-0.763408
10932896,0.625609,0.140502,-0.072218,-0.763975
10941229,0.625267,0.140450,-0.074715,-0.764024
10949562,0.625955,0.140020,-0.076613,-0.763351
10957895,0.627390,0.139103,-0.077955,-0.762204
10966228,0.628942,0.137729,-0.078685,-0.761099
10974561,0.631013,0.135933,-0.078815,-0.759693
10982894,0.633029,0.133260,-0.077769,-0.758596
10991227,0.634465,0.130078,-0.076250,-0.758103
10999560,0.636118,0.126121,-0.073882,-0.757620
11007893,0.637516,0.121701,-0.070959,-0.757448
11016226,0.638239,0.117358,-0.068269,-0.757772
11024559,0.638423,0.112507,-0.064912,-0.758647
11032892,0.638091,0.107573,-0.061485,-0.759926
11041225,0.637058,0.102567,-0.057825,-0.761770
11049558,0.635574,0.097460,-0.053978,-0.763959
11057891,0.634054,0.092451,-0.049996,-0.766113
11066224,0.632584,0.087736,-0.046136,-0.768122
11074557,0.630949,0.083131,-0.042164,-0.770204
11082890,0.629274,0.078540,-0.038045,-0.772268
11091223,0.627617,0.074056,-0.033703,-0.774259
11099556,0.626162,0.069574,-0.029396,-0.776026
11107889,0.624522,0.065306,-0.025242,-0.777862
11116222,0.623357,0.060880,-0.020535,-0.779294
11124555,0.622234,0.056728,-0.016050,-0.780609
11132888,0.621100,0.052873,-0.011786,-0.781857
11141221,0.620050,0.049142,-0.007519,-0.782986
11149554,0.619097,0.045629,-0.003394,-0.783980
11157887,0.618262,0.042127,0.000919,-0.784842
11166220,0.617789,0.038891,0.004929,-0.785366
11174553,0.617175,0.035664,0.008939,-0.785966
11182886,0.616170,0.032624,0.012808,-0.786833
11191219,0.615142,0.029807,0.016468,-0.787680
11199552,0.614049,0.027111,0.020150,-0.788545
11207885,0.612922,0.024392,0.023929,-0.789404
11216218,0.611332,0.021783,0.027462,-0.790598
11224551,0.609958,0.019253,0.031122,-0.791589
11232884,0.608896,0.016823,0.034881,-0.792304
11241217,0.607706,0.014400,0.038993,-0.793074
11249550,0.605698,0.012384,0.042307,-0.794472
11257883,0.603740,0.010653,0.045362,-0.795818
11266216,0.602277,0.008652,0.049267,-0.796719
11274549,0.600539,0.007017,0.052618,-0.797832
11282882,0.598288,0.005653,0.055735,-0.799321
11291215,0.595835,0.004423,0.058887,-0.800932
11299548,0.592809,0.003299,0.061761,-0.802965
11307881,0.590021,0.002338,0.064537,-0.804801
11316214,0.587509,0.001689,0.067079,-0.806431
11324547,0.585391,0.001315,0.069307,-0.807782
11332880,0.583795,0.001050,0.071407,-0.808754
11341213,0.582226,0.000960,0.073357,-0.809710
11349546,0.580913,0.001124,0.075183,-0.810486
11357879,0.579961,0.001603,0.076766,-0.811017
11366212,0.579089,0.002226,0.078049,-0.811517
11374545,0.578716,0.002852,0.079421,-0.811648
11382878,0.578470,0.003598,0.080736,-0.811690
11391211,0.578343,0.004489,0.081865,-0.811663
11399544,0.578751,0.005697,0.082901,-0.811260
11407877,0.579478,0.007370,0.083573,-0.810658
11416210,0.580431,0.009715,0.083566,-0.809952
11424543,0.581067,0.012566,0.082911,-0.809524
11432876,0.581017,0.016133,0.081118,-0.809678
11441209,0.580081,0.020256,0.078220,-0.810541
11449542,0.578090,0.024920,0.074126,-0.812217
11457875,0.575220,0.030032,0.068920,-0.814537
11466208,0.572292,0.035741,0.062770,-0.816863
11474541,0.569208,0.041786,0.056028,-0.819217
11482874,0.565993,0.048158,0.048727,-0.821559
11491207,0.562483,0.054668,0.041166,-0.823972
11499540,0.559190,0.061482,0.033154,-0.826092
11507873,0.556262,0.068384,0.025204,-0.827805
11516206,0.552808,0.075168,0.017206,-0.829733
11524539,0.549429,0.081757,0.009123,-0.831481
11532872,0.546178,0.088209,0.001244,-0.833011
11541205,0.542475,0.094420,-0.006762,-0.834721
11549538,0.538750,0.100343,-0.014863,-0.836337
11557871,0.534973,0.106050,-0.022840,-0.837876
11566204,0.530722,0.111245,-0.030622,-0.839655
11574537,0.526574,0.115857,-0.037869,-0.841346
11582870,0.522141,0.119873,-0.044683,-0.843210
11591203,0.517073,0.123308,-0.050976,-0.845477
11599536,0.511826,0.126102,-0.056927,-0.847875
11607869,0.506427,0.128168,-0.062377,-0.850420
11616202,0.500881,0.129839,-0.067599,-0.853048
11624535,0.494851,0.130897,-0.072855,-0.855968
11632868,0.488057,0.131316,-0.077997,-0.859344
11641201,0.480997,0.131176,-0.083022,-0.862869
11649534,0.473236,0.130441,-0.088025,-0.866767
11657867,0.464940,0.129074,-0.092889,-0.870944
11666200,0.456427,0.127394,-0.097756,-0.875151
11674533,0.447317,0.125391,-0.102380,-0.879604
11682866,0.437915,0.123207,-0.106785,-0.884108
11691199,0.428235,0.121071,-0.111435,-0.888560
11699532,0.418057,0.118784,-0.115997,-0.893120
11707865,0.407288,0.116066,-0.120151,-0.897892
11716198,0.396621,0.113382,-0.124295,-0.902434
11724531,0.385699,0.110663,-0.128209,-0.906947
11732864,0.374344,0.108109,-0.132033,-0.911453
11741197,0.362557,0.105460,-0.135708,-0.915977
11749530,0.350333,0.102834,-0.139366,-0.920472
11757863,0.337949,0.100201,-0.142455,-0.924909
11766196,0.325425,0.097761,-0.145673,-0.929150
11774529,0.312807,0.095487,-0.148576,-0.933252
11782862,0.299541,0.093152,-0.151569,-0.937350
11791195,0.286089,0.091180,-0.154004,-0.941341
11799528,0.272581,0.089166,-0.155689,-0.945257
11807861,0.258643,0.087285,-0.157580,-0.949028
11816194,0.244534,0.085759,-0.159337,-0.952607
11824527,0.230624,0.084424,-0.160991,-0.955912
11832860,0.216656,0.083232,-0.162121,-0.959088
11841193,0.202061,0.082275,-0.162891,-0.962221
11849526,0.187114,0.081557,-0.163734,-0.965157
11857859,0.172003,0.081156,-0.164425,-0.967881
11866192,0.156661,0.080966,-0.165046,-0.970393
11874525,0.140707,0.080849,-0.165421,-0.972780
11882858,0.124346,0.080884,-0.165416,-0.975004
11891191,0.107883,0.081025,-0.165266,-0.976977
11899524,0.090910,0.081542,-0.164661,-0.978761
11907857,0.073240,0.082116,-0.164001,-0.980304
11916190,0.055901,0.082840,-0.163290,-0.981504
11924523,0.038450,0.083856,-0.161956,-0.982477
11932856,0.021157,0.084650,-0.161242,-0.983050
11941189,0.003489,0.085425,-0.160551,-0.983318
11949522,-0.014834,0.086279,-0.159718,-0.983273
11957855,-0.033078,0.087009,-0.158688,-0.982931
11966188,-0.051537,0.087636,-0.157593,-0.982257
11974521,-0.070247,0.088023,-0.156274,-0.981273
11982854,-0.087943,0.088355,-0.155213,-0.979984
11991187,-0.105428,0.088396,-0.154294,-0.978399
11999520,-0.122791,0.088173,-0.152835,-0.976621
12007853,-0.138964,0.087675,-0.151683,-0.974677
12016186,-0.153084,0.086808,-0.151114,-0.972725
12024519,-0.165739,0.085864,-0.150466,-0.970834
12032852,-0.177776,0.084371,-0.149624,-0.968963
12041185,-0.187144,0.082554,-0.148944,-0.967459
12049518,-0.194593,0.080504,-0.147852,-0.966329
12057851,-0.199300,0.078043,-0.146704,-0.965747
12066184,-0.202566,0.074624,-0.147539,-0.965210
12074517,-0.204916,0.070738,-0.149148,-0.964759
12082850,-0.207290,0.066798,-0.150968,-0.964250
12091183,-0.209968,0.062460,-0.153529,-0.963556
12099516,-0.211873,0.057563,-0.157116,-0.962866
12107849,-0.214712,0.052552,-0.161147,-0.961857
12116182,-0.217830,0.047765,-0.165240,-0.960710
12124515,-0.220453,0.043009,-0.169102,-0.959664
12132848,-0.222267,0.038652,-0.172589,-0.958810
12141181,0.223133,-0.034565,0.175593,0.958219
12149514,0.223143,-0.030890,0.178110,0.957878
12157847,0.223876,-0.027221,0.180122,0.957442
12166180,0.224765,-0.023677,0.182532,0.956871
12174513,0.226212,-0.020294,0.184725,0.956187
12182846,0.228767,-0.016907,0.186819,0.955237
12191179,0.232255,-0.013594,0.189237,0.953972
12199512,0.235419,-0.010684,0.191496,0.952782
12207845,0.239601,-0.007475,0.194012,0.951260
12216178,0.243781,-0.004319,0.196241,0.949759
12224511,-0.247812,0.001339,-0.198324,-0.948291
12232844,-0.251751,-0.001493,-0.200289,-0.946839
12241177,-0.255001,-0.004235,-0.202424,-0.945506
12249510,-0.258026,-0.006788,-0.204152,-0.944298
12257843,-0.260570,-0.009154,-0.205846,-0.943211
12266176,-0.262905,-0.011433,-0.207558,-0.942162
12274509,-0.265510,-0.013673,-0.208965,-0.941090
12282842,-0.268500,-0.015824,-0.210361,-0.939896
12291175,-0.271322,-0.017967,-0.212016,-0.938675
12299508,-0.274037,-0.020248,-0.213983,-0.937393
12307841,-0.276259,-0.022161,-0.215540,-0.936340
12316174,-0.277683,-0.024005,-0.217239,-0.935480
12324507,-0.278787,-0.025804,-0.218863,-0.934725
12332840,-0.279121,-0.027499,-0.220990,-0.934076
12341173,-0.279170,-0.029021,-0.222999,-0.933538
12349506,-0.278545,-0.030606,-0.225275,-0.933128
12357839,-0.277254,-0.032052,-0.227786,-0.932854
12366172,-0.276225,-0.033551,-0.230367,-0.932472
12374505,-0.275583,-0.035104,-0.232872,-0.931983
12382838,-0.275402,-0.036607,-0.235556,-0.931304
12391171,-0.275407,-0.038119,-0.238305,-0.930542
12399504,-0.275691,-0.039703,-0.241234,-0.929637
12407837,-0.276657,-0.041460,-0.243788,-0.928606
12416170,-0.277330,-0.043045,-0.246914,-0.927506
12424503,-0.278823,-0.044875,-0.249592,-0.926255
12432836,-0.279716,-0.046371,-0.252944,-0.925002
12441169,-0.281071,-0.047910,-0.256067,-0.923652
12449502,-0.283229,-0.049632,-0.259116,-0.922050
12457835,-0.284866,-0.051139,-0.262405,-0.920532
12466168,-0.286757,-0.052567,-0.265849,-0.918875
12474501,-0.289632,-0.054296,-0.269146,-0.916911
12482834,-0.292540,-0.055948,-0.272461,-0.914907
12491167,-0.295757,-0.057625,-0.275952,-0.912720
12499500,-0.299527,-0.059296,-0.279417,-0.910326
12507833,-0.302929,-0.060959,-0.282994,-0.907983
12516166,-0.306331,-0.062658,-0.286575,-0.905600
12524499,-0.309975,-0.064465,-0.290199,-0.903075
12532832,-0.312979,-0.066299,-0.294178,-0.900615
12541165,-0.315364,-0.067941,-0.298226,-0.898327
12549498,-0.317343,-0.069489,-0.302367,-0.896124
12557831,-0.318803,-0.071061,-0.306553,-0.894058
12566164,-0.320220,-0.072797,-0.310948,-0.891892
12574497,-0.321737,-0.074767,-0.315354,-0.889633
12582830,-0.323305,-0.076862,-0.320025,-0.887215
12591163,-0.325590,-0.079179,-0.324161,-0.884671
12599496,-0.327813,-0.081556,-0.328426,-0.882056
12607829,-0.329910,-0.083799,-0.332682,-0.879466
12616162,-0.332414,-0.086417,-0.337051,-0.876601
12624495,-0.335488,-0.089189,-0.341325,-0.873493
12632828,-0.338987,-0.092014,-0.345441,-0.870225
12641161,-0.342572,-0.094861,-0.349628,-0.866837
12649494,-0.346171,-0.097778,-0.353667,-0.863438
12657827,-0.349612,-0.100753,-0.358019,-0.859908
12666160,-0.353108,-0.103818,-0.362573,-0.856199
12674493,-0.356265,-0.106782,-0.366984,-0.852640
12682826,-0.359358,-0.109915,-0.371391,-0.849029
12691159,-0.362755,-0.113042,-0.375675,-0.845280
12699492,-0.366429,-0.116298,-0.379600,-0.841492
12707825,-0.370426,-0.119592,-0.383299,-0.837595
12716158,-0.374618,-0.122804,-0.386942,-0.833581
12724491,-0.378908,-0.126007,-0.390402,-0.829541
12732824,0.383330,0.129355,0.393872,0.825343
12741157,0.387790,0.132723,0.397237,0.821101
12749490,0.391967,0.136071,0.400728,0.816862
12757823,0.396770,0.139665,0.403821,0.812401
12766156,0.401147,0.143306,0.407145,0.807946
12774489,0.405338,0.146934,0.410664,0.803409
12782822,0.409447,0.150632,0.414198,0.798813
12791155,0.413248,0.154355,0.417697,0.794311
12799488,0.417105,0.158085,0.420998,0.789806
12807821,0.420818,0.161888,0.424160,0.785361
12816154,0.423510,0.165487,0.428123,0.781002
12824487,0.425961,0.169025,0.432157,0.776678
12832820,0.428149,0.172449,0.436095,0.772509
12841153,0.429858,0.175800,0.440106,0.768520
12849486,0.431278,0.179222,0.444198,0.764569
12857819,0.432089,0.182742,0.448585,0.760708
12866152,0.432366,0.185936,0.452854,0.757239
12874485,0.432492,0.189145,0.457113,0.753805
12882818,0.432348,0.192437,0.461533,0.750354
12891151,0.431979,0.195866,0.465938,0.746949
12899484,0.431197,0.199142,0.470499,0.743668
12907817,0.429944,0.202462,0.475142,0.740538
12916150,0.428471,0.205903,0.479931,0.737348
12924483,0.426589,0.209323,0.484860,0.734245
12932816,0.424153,0.212686,0.490206,0.731134
12941149,0.421129,0.215969,0.495921,0.728060
12949482,0.418278,0.219436,0.500917,0.725240
12957815,0.415379,0.223125,0.505976,0.722263
12966148,0.411808,0.226551,0.511496,0.719347
12974481,0.407445,0.229692,0.517871,0.716268
12982814,0.402810,0.232784,0.524308,0.713202
12991147,0.397642,0.235763,0.531367,0.709891
12999480,0.392580,0.238853,0.538122,0.706580
13007813,0.387246,0.241872,0.545013,0.703206
13016146,0.381463,0.244754,0.552218,0.699741
13024479,0.375723,0.248062,0.559588,0.695815
13032812,0.369370,0.251173,0.567314,0.691833
13041145,0.362571,0.254058,0.575431,0.687660
13049478,0.355474,0.256739,0.583713,0.683376
13057811,0.347969,0.259425,0.592460,0.678681
13066144,0.340386,0.261998,0.601302,0.673743
13074477,0.332773,0.264484,0.610297,0.668467
13082810,0.325492,0.266704,0.619414,0.662759
13091143,0.317989,0.268804,0.628635,0.656845
13099476,0.310804,0.270224,0.637427,0.651204
13107809,0.304097,0.271500,0.645850,0.645516
13116142,0.298076,0.273196,0.653552,0.639831
13124475,0.293122,0.275395,0.660467,0.634051
13132808,0.288704,0.277428,0.666627,0.628723
13141141,0.285093,0.279206,0.671505,0.624378
13149474,0.282354,0.281007,0.674957,0.621083
13157807,0.280392,0.282294,0.677059,0.619098
13166140,0.279041,0.283731,0.677989,0.618032
13174473,0.278258,0.284882,0.677840,0.618019
13182806,0.277996,0.285595,0.676868,0.618873
13191139,0.278090,0.286160,0.675135,0.620461
13199472,0.278345,0.286500,0.672940,0.622571
13207805,0.278724,0.286543,0.670551,0.624954
13216138,0.279442,0.286489,0.667892,0.627500
13224471,0.280079,0.286169,0.665229,0.630185
13232804,0.280673,0.285905,0.662541,0.632866
13241137,0.281229,0.285535,0.659765,0.635681
13249470,0.281641,0.285118,0.657228,0.638308
13257803,0.281668,0.284769,0.654849,0.640892
13266136,0.281386,0.284439,0.652877,0.643170
13274469,0.281079,0.284088,0.651217,0.645139
13282802,0.280142,0.283859,0.650235,0.646637
13291135,0.279027,0.283984,0.649618,0.647683
13299468,0.277757,0.284181,0.649377,0.648383
13307801,0.276351,0.284393,0.649510,0.648758
13316134,0.274957,0.284783,0.649806,0.648883
13324467,0.273823,0.285486,0.650095,0.648764
13332800,0.272549,0.286096,0.650784,0.648342
13341133,0.271417,0.286842,0.651499,0.647768
13349466,0.270321,0.287610,0.652388,0.646991
13357799,0.269378,0.288541,0.653204,0.646145
13366132,0.268506,0.289580,0.654131,0.645105
13374465,0.267942,0.290619,0.655033,0.643956
13382798,0.267481,0.291743,0.655912,0.642743
13391131,0.267014,0.292891,0.656832,0.641475
13399464,0.266725,0.294104,0.657663,0.640187
13407797,0.266423,0.295368,0.658587,0.638780
13416130,0.266151,0.296640,0.659602,0.637254
13424463,0.266210,0.297979,0.660292,0.635890
13432796,0.266117,0.299213,0.661044,0.634566
13441129,0.266148,0.300243,0.661877,0.633197
13449462,0.266517,0.301342,0.662579,0.631783
13457795,0.266941,0.302575,0.663048,0.630523
13466128,0.267382,0.303822,0.663364,0.629402
13474461,0.267860,0.304942,0.663564,0.628446
13482794,0.268453,0.306064,0.663629,0.627578
13491127,0.269115,0.307127,0.663562,0.626846
13499460,0.269762,0.308100,0.663439,0.626220
13507793,0.270440,0.308902,0.663269,0.625712
13516126,0.271147,0.309682,0.663016,0.625289
13524459,0.271891,0.310533,0.662671,0.624909
13532792,0.272537,0.311366,0.662323,0.624583
13541125,0.273006,0.312011,0.661956,0.624444
13549458,0.273360,0.312597,0.661548,0.624429
13557791,0.273624,0.313058,0.661153,0.624500
13566124,0.273723,0.313456,0.660717,0.624720
13574457,0.273646,0.313752,0.660308,0.625037
13582790,0.273545,0.313995,0.659833,0.625460
13591123,0.273374,0.314234,0.659378,0.625895
13599456,0.273174,0.314401,0.658954,0.626344
13607789,0.272855,0.314479,0.658575,0.626843
13616122,0.272412,0.314516,0.658245,0.627364
13624455,0.272010,0.314570,0.657935,0.627836
13632788,0.271571,0.314638,0.657673,0.628267
13641121,0.271029,0.314706,0.657482,0.628667
13649454,0.270510,0.314757,0.657348,0.629004
13657787,0.270055,0.314854,0.657198,0.629308
13666120,0.269542,0.314982,0.657093,0.629573
13674453,0.269057,0.315142,0.657015,0.629782
13682786,0.268647,0.315301,0.656945,0.629950
13691119,0.268245,0.315435,0.656928,0.630072
13699452,0.267893,0.315581,0.656940,0.630136
13707785,0.267515,0.315727,0.656994,0.630167
13716118,0.267176,0.315876,0.657026,0.630203
13724451,0.266886,0.316017,0.657121,0.630156
13732784,0.266657,0.316198,0.657237,0.630041
13741117,0.266469,0.316370,0.657420,0.629843
13749450,0.266326,0.316464,0.657534,0.629738
13757783,0.266251,0.316724,0.657657,0.629510
13766116,0.266218,0.316979,0.657750,0.629299
13774449,0.266232,0.317202,0.657912,0.629011
13782782,0.266315,0.317295,0.657963,0.628876
13791115,0.266396,0.317400,0.658003,0.628746
13799448,0.266616,0.317473,0.658052,0.628565
13807781,0.266797,0.317471,0.658147,0.628390
13816114,0.267031,0.317484,0.658123,0.628309
13824447,0.267294,0.317527,0.658114,0.628185
13832780,0.267459,0.317646,0.658074,0.628096
13841113,0.267616,0.317675,0.658149,0.627936
13849446,0.267890,0.317713,0.658127,0.627824
13857779,0.268261,0.317727,0.658024,0.627766
13866112,0.268649,0.317810,0.657887,0.627701
13874445,0.268956,0.317755,0.657901,0.627583
13882778,0.269270,0.317665,0.657818,0.627581
13891111,0.269554,0.317592,0.657726,0.627593
13899444,0.269782,0.317465,0.657646,0.627643
13907777,0.270037,0.317319,0.657526,0.627732
13916110,0.270273,0.317294,0.657397,0.627779
13924443,0.270538,0.317220,0.657221,0.627886
13932776,0.270815,0.317111,0.657038,0.628013
13941109,0.271068,0.316984,0.656920,0.628092
13949442,0.271550,0.317043,0.656615,0.628173
13957775,0.271846,0.316840,0.656470,0.628299
13966108,0.272165,0.316610,0.656307,0.628447
13974441,0.272483,0.316319,0.656125,0.628645
13982774,0.272973,0.316152,0.655899,0.628753
13991107,0.273511,0.316108,0.655606,0.628847
13999440,0.274029,0.315950,0.655425,0.628889
14007773,0.274628,0.315810,0.655226,0.628906
14016106,0.275128,0.315654,0.655097,0.628900
14024439,0.275759,0.315470,0.654949,0.628870
14032772,0.276450,0.315209,0.654794,0.628859
14041105,0.277209,0.315042,0.654622,0.628787
14049438,0.278045,0.314986,0.654429,0.628647
14057771,0.278798,0.314998,0.654217,0.628529
14066104,0.279509,0.314906,0.654102,0.628378
14074437,0.280271,0.314649,0.653992,0.628282
14082770,0.281151,0.314523,0.653763,0.628191
14091103,0.281917,0.314370,0.653606,0.628087
14099436,0.282746,0.314353,0.653252,0.628091
14107769,0.283381,0.314397,0.653023,0.628020
14116102,0.284187,0.314342,0.652798,0.627919
14124435,0.284783,0.314204,0.652709,0.627809
14132768,0.285235,0.314058,0.652667,0.627721
14141101,0.285608,0.313847,0.652583,0.627745
14149434,0.285976,0.313690,0.652502,0.627740
14157767,0.286219,0.313618,0.652450,0.627719
14166100,0.286515,0.313398,0.652457,0.627687
14174433,0.286748,0.313185,0.652459,0.627684
14182766,0.286816,0.313066,0.652481,0.627689
14191099,0.286915,0.312905,0.652491,0.627715
14199432,0.286957,0.312701,0.652595,0.627689
14207765,0.287001,0.312362,0.652666,0.627764
14216098,0.286950,0.312050,0.652789,0.627815
14224431,0.286876,0.311748,0.652927,0.627855
14232764,0.286806,0.311443,0.653061,0.627899
14241097,0.286703,0.311114,0.653244,0.627919
14249430,0.286485,0.310884,0.653393,0.627977
14257763,0.286332,0.310531,0.653520,0.628089
14266096,0.286244,0.310236,0.653643,0.628147
14274429,0.286151,0.309942,0.653817,0.628154
14282762,0.286018,0.309600,0.654047,0.628144
14291095,0.285868,0.309265,0.654279,0.628135
14299428,0.285814,0.308988,0.654431,0.628138
14307761,0.285736,0.308734,0.654602,0.628119
14316094,0.285715,0.308458,0.654728,0.628134
14324427,0.285676,0.308164,0.654876,0.628142
14332760,0.285627,0.307816,0.655057,0.628146
14341093,0.285562,0.307483,0.655246,0.628141
14349426,0.285546,0.307171,0.655443,0.628096
14357759,0.285505,0.306866,0.655619,0.628079
14366092,0.285510,0.306578,0.655779,0.628051
14374425,0.285467,0.306286,0.655953,0.628031
14382758,0.285352,0.305904,0.656198,0.628014
14391091,0.285473,0.305559,0.656309,0.628010
14399424,0.285443,0.305382,0.656443,0.627970
14407757,0.285440,0.305132,0.656603,0.627925
14416090,0.285513,0.304953,0.656680,0.627899
14424423,0.285539,0.304765,0.656791,0.627863
14432756,0.285623,0.304606,0.656900,0.627788
14441089,0.285705,0.304442,0.656967,0.627760
14449422,0.285807,0.304294,0.657020,0.627729
14457755,0.285913,0.304186,0.657051,0.627701
14466088,0.285982,0.304106,0.657075,0.627683
14474421,0.286077,0.304025,0.657084,0.627670
14482754,0.286172,0.303963,0.657122,0.627617
14491087,0.286256,0.303920,0.657146,0.627574
14499420,0.286314,0.303884,0.657142,0.627570
14507753,0.286376,0.303871,0.657104,0.627588
14516086,0.286492,0.303757,0.657071,0.627624
14524419,0.286453,0.303776,0.657092,0.627610
14532752,0.286543,0.303713,0.657091,0.627601
14541085,0.286522,0.303778,0.657111,0.627558
14549418,0.286542,0.303818,0.657122,0.627518
14557751,0.286590,0.303855,0.657110,0.627490
14566084,0.286595,0.303824,0.657146,0.627466
14574417,0.286590,0.303899,0.657188,0.627387
14582750,0.286625,0.303906,0.657196,0.627360
14591083,0.286738,0.303856,0.657197,0.627332
14599416,0.286672,0.303942,0.657247,0.627268
14607749,0.286800,0.303934,0.657242,0.627218
14616082,0.286757,0.304022,0.657305,0.627129
14624415,0.286793,0.304096,0.657316,0.627066
14632748,0.286967,0.304043,0.657308,0.627020
14641081,0.287061,0.304080,0.657330,0.626935
14649414,0.287065,0.304211,0.657370,0.626829
14657747,0.287268,0.304210,0.657362,0.626745
14666080,0.287402,0.304273,0.657355,0.626659
14674413,0.287534,0.304340,0.657358,0.626564
14682746,0.287719,0.304410,0.657346,0.626458
14691079,0.287855,0.304484,0.657314,0.626392
14699412,0.288057,0.304565,0.657264,0.626312
14707745,0.288221,0.304630,0.657227,0.626245
14716078,0.288449,0.304777,0.657133,0.626166
14724411,0.288518,0.304772,0.657163,0.626105
14732744,0.288624,0.304797,0.657142,0.626066
14741077,0.288767,0.304845,0.657084,0.626038
14749410,0.288888,0.304917,0.657013,0.626021
14757743,0.288980,0.304951,0.656973,0.626004
14766076,0.289075,0.304992,0.656909,0.626008
14774409,0.289153,0.305044,0.656844,0.626015
14782742,0.289168,0.305125,0.656819,0.625995
14791075,0.289125,0.305190,0.656738,0.626068
14799408,0.289131,0.305246,0.656669,0.626110
14807741,0.289139,0.305312,0.656570,0.626178
14816074,0.289115,0.305357,0.656513,0.626228
14824407,0.289030,0.305415,0.656441,0.626313
14832740,0.288834,0.305575,0.656381,0.626388
14841073,0.288784,0.305564,0.656296,0.626506
14849406,0.288676,0.305589,0.656208,0.626636
14857739,0.288477,0.305583,0.656165,0.626776
14866072,0.288255,0.305629,0.656112,0.626911
14874405,0.288167,0.305763,0.655892,0.627116
14882738,0.287923,0.305818,0.655771,0.627328
14891071,0.287616,0.305835,0.655686,0.627548
14899404,0.287319,0.305869,0.655625,0.627733
14907737,0.286991,0.305798,0.655537,0.628009
14916070,0.286553,0.305759,0.655480,0.628287
14924403,0.286089,0.305708,0.655438,0.628567
14932736,0.285588,0.305676,0.655411,0.628839
14941069,0.285124,0.305645,0.655407,0.629068
14949402,0.284514,0.305734,0.655433,0.629274
14957735,0.283920,0.305737,0.655439,0.629535
14966068,0.283294,0.305660,0.655449,0.629844
14974401,0.282851,0.305550,0.655410,0.630136
14982734,0.282098,0.305481,0.655527,0.630385
14991067,0.281515,0.305423,0.655555,0.630645
14999400,0.280876,0.305322,0.655579,0.630954
15007733,0.280262,0.305267,0.655589,0.631243
15016066,0.279611,0.305206,0.655610,0.631540
15024399,0.279038,0.305130,0.655628,0.631811
15032732,0.278516,0.304956,0.655627,0.632127
15041065,0.277802,0.304890,0.655709,0.632387
15049398,0.277174,0.304808,0.655783,0.632625
15057731,0.276579,0.304753,0.655856,0.632837
15066064,0.276033,0.304579,0.655926,0.633086
15074397,0.275384,0.304585,0.656038,0.633250
15082730,0.274811,0.304533,0.656150,0.633409
15091063,0.274253,0.304446,0.656223,0.633616
15099396,0.273714,0.304388,0.656292,0.633805
15107729,0.273142,0.304340,0.656370,0.633994
15116062,0.272626,0.304246,0.656477,0.634150
15124395,0.272126,0.304189,0.656540,0.634328
15132728,0.271602,0.304126,0.656659,0.634459
15141061,0.271137,0.304131,0.656743,0.634569
15149394,0.270729,0.304104,0.656775,0.634723
15157727,0.270352,0.304108,0.656796,0.634860
15166060,0.269952,0.304056,0.656855,0.634994
15174393,0.269561,0.303992,0.656936,0.635107
15182726,0.269440,0.304204,0.656718,0.635282
15191059,0.269197,0.304256,0.656673,0.635406
15199392,0.268690,0.304068,0.656944,0.635432
15207725,0.268319,0.303996,0.657066,0.635496
15216058,0.268016,0.303995,0.657099,0.635591
15224391,0.267775,0.304019,0.657092,0.635688
15232724,0.267567,0.304005,0.657084,0.635791
15241057,0.267348,0.303990,0.657109,0.635864
15249390,0.267134,0.304000,0.657098,0.635961
15257723,0.266951,0.303987,0.657087,0.636055
15266056,0.266751,0.303966,0.657117,0.636117
15274389,0.266619,0.303945,0.657136,0.636163
15282722,0.266623,0.303860,0.657103,0.636236
15291055,0.266551,0.303937,0.657091,0.636242
15299388,0.266454,0.303877,0.657079,0.636324
15307721,0.266313,0.303943,0.657089,0.636341
15316054,0.266254,0.303951,0.657110,0.636340
15324387,0.266244,0.303924,0.657121,0.636347
15332720,0.266328,0.303793,0.657088,0.636407
15341053,0.266281,0.303860,0.657108,0.636375
15349386,0.266280,0.303857,0.657122,0.636363
15357719,0.266391,0.303884,0.657116,0.636309
15366052,0.266473,0.303877,0.657133,0.636261
15374385,0.266676,0.303772,0.657121,0.636238
15382718,0.266757,0.303840,0.657126,0.636166
15391051,0.266977,0.303778,0.657123,0.636106
15399384,0.267082,0.303819,0.657125,0.636041
15407717,0.267290,0.303751,0.657092,0.636020
15416050,0.267352,0.303807,0.657113,0.635945
15424383,0.267467,0.303804,0.657113,0.635899
15432716,0.267589,0.303806,0.657103,0.635857
15441049,0.267840,0.303726,0.657052,0.635842
15449382,0.267866,0.303775,0.657076,0.635783
15457715,0.267945,0.303824,0.657065,0.635738
15466048,0.267989,0.303829,0.657097,0.635684
15474381,0.268042,0.303812,0.657135,0.635630
15482714,0.268082,0.303792,0.657152,0.635605
15491047,0.268128,0.303794,0.657181,0.635555
15499380,0.268145,0.303782,0.657222,0.635511
15507713,0.268176,0.303778,0.657225,0.635497
15516046,0.268293,0.303704,0.657207,0.635501
15524379,0.268187,0.303728,0.657248,0.635491
15532712,0.268144,0.303755,0.657276,0.635468
15541045,0.268125,0.303793,0.657265,0.635470
15549378,0.268069,0.303798,0.657288,0.635467
15557711,0.268048,0.303794,0.657306,0.635459
15566044,0.268065,0.303819,0.657316,0.635429
15574377,0.268063,0.303842,0.657285,0.635451
15582710,0.268051,0.303867,0.657296,0.635433
15591043,0.268040,0.303900,0.657307,0.635410
15599376,0.268151,0.303829,0.657304,0.635401
15607709,0.268087,0.303914,0.657333,0.635357
15616042,0.268105,0.304014,0.657342,0.635293
15624375,0.268167,0.304068,0.657350,0.635233
15632708,0.268237,0.304127,0.657349,0.635176
15641041,0.268374,0.304111,0.657338,0.635136
15649374,0.268375,0.304248,0.657337,0.635071
15657707,0.268374,0.304339,0.657372,0.634992
15666040,0.268425,0.304354,0.657391,0.634944
15674373,0.268501,0.304385,0.657370,0.634919
15682706,0.268566,0.304459,0.657380,0.634845
15691039,0.268637,0.304506,0.657373,0.634800
15699372,0.268686,0.304561,0.657380,0.634746
15707705,0.268776,0.304637,0.657354,0.634698
15716038,0.268829,0.304655,0.657363,0.634657
15724371,0.268846,0.304719,0.657399,0.634583
15732704,0.268912,0.304814,0.657393,0.634515
15741037,0.268914,0.304858,0.657412,0.634473
15749370,0.268950,0.304921,0.657406,0.634434
15757703,0.268942,0.304979,0.657410,0.634405
15766036,0.268966,0.305033,0.657374,0.634407
15774369,0.268980,0.305114,0.657374,0.634361
15782702,0.268941,0.305136,0.657400,0.634341
15791035,0.268946,0.305169,0.657407,0.634316
15799368,0.268911,0.305189,0.657424,0.634303
15807701,0.268904,0.305222,0.657409,0.634306
15816034,0.268886,0.305270,0.657408,0.634291
15824367,0.268878,0.305304,0.657395,0.634291
15832700,0.268832,0.305321,0.657417,0.634280
15841033,0.268760,0.305324,0.657411,0.634315
15849366,0.268738,0.305351,0.657404,0.634319
15857699,0.268704,0.305377,0.657401,0.634324
15866032,0.268614,0.305421,0.657432,0.634309
15874365,0.268547,0.305451,0.657453,0.634301
15882698,0.268527,0.305471,0.657459,0.634294
15891031,0.268580,0.305567,0.657411,0.634275
15899364,0.268555,0.305601,0.657389,0.634292
15907697,0.268445,0.305615,0.657433,0.634286
15916030,0.268434,0.305666,0.657408,0.634292
15924363,0.268463,0.305728,0.657341,0.634319
15932696,0.268507,0.305706,0.657269,0.634386
15941029,0.268524,0.305757,0.657220,0.634404
15949362,0.268459,0.305786,0.657216,0.634423
15957695,0.268433,0.305801,0.657203,0.634439
15966028,0.268316,0.305934,0.657182,0.634447
15974361,0.268272,0.306034,0.657115,0.634487
15982694,0.268190,0.306045,0.657108,0.634524
15991027,0.268275,0.305997,0.657031,0.634590
15999360,0.268136,0.306092,0.657017,0.634617
16007693,0.268045,0.306133,0.656989,0.634666
16016026,0.268004,0.306153,0.656959,0.634704
16024359,0.267906,0.306139,0.656982,0.634728
16032692,0.267817,0.306130,0.656992,0.634760
16041025,0.267731,0.306171,0.656976,0.634793
16049358,0.267620,0.306146,0.656965,0.634863
16057691,0.267513,0.306160,0.656964,0.634902
16066023,0.267351,0.306124,0.656982,0.634970
16074357,0.267325,0.306024,0.656986,0.635025
16082690,0.267117,0.306074,0.657042,0.635030
16091023,0.266965,0.306112,0.657057,0.635060
16099356,0.266854,0.306108,0.657101,0.635063
16107689,0.266800,0.306066,0.657112,0.635095
16116022,0.266572,0.306115,0.657198,0.635078
16124355,0.266377,0.306136,0.657246,0.635100
16132688,0.266264,0.306178,0.657296,0.635076
16141020,0.266180,0.306197,0.657337,0.635059
16149353,0.266228,0.306140,0.657311,0.635093
16157687,0.266178,0.306152,0.657330,0.635088
16166020,0.266053,0.306312,0.657356,0.635037
16174353,0.265983,0.306369,0.657373,0.635021
16182686,0.265962,0.306433,0.657368,0.635004
16191019,0.266038,0.306384,0.657356,0.635008
16199352,0.265932,0.306469,0.657360,0.635008
16207685,0.265895,0.306552,0.657388,0.634954
16216018,0.265979,0.306494,0.657376,0.634960
16224350,0.265926,0.306590,0.657376,0.634935
16232683,0.265917,0.306698,0.657371,0.634892
16241017,0.265908,0.306807,0.657385,0.634828
16249350,0.266010,0.306811,0.657371,0.634798
16257683,0.266047,0.306845,0.657353,0.634785
16266016,0.265982,0.307012,0.657368,0.634716
16274349,0.265978,0.307110,0.657366,0.634673
16282682,0.265992,0.307184,0.657342,0.634655
16291015,0.266065,0.307145,0.657346,0.634639
16299348,0.265959,0.307232,0.657390,0.634597
16307680,0.265922,0.307299,0.657405,0.634564
16316014,0.265853,0.307309,0.657418,0.634575
16324347,0.265853,0.307256,0.657420,0.634598
16332680,0.265713,0.307330,0.657446,0.634594
16341013,0.265628,0.307342,0.657433,0.634637
16349346,0.265627,0.307248,0.657420,0.634697
16357679,0.265596,0.307212,0.657417,0.634730
16366012,0.265527,0.307219,0.657426,0.634747
16374345,0.265347,0.307264,0.657475,0.634750
16382677,0.265266,0.307277,0.657495,0.634756
16391010,0.265324,0.307195,0.657452,0.634816
16399344,0.265185,0.307186,0.657480,0.634849
16407677,0.265164,0.307043,0.657480,0.634927
16416010,0.265030,0.307039,0.657489,0.634976
16424343,0.264984,0.306993,0.657532,0.634973
16432676,0.264953,0.306927,0.657574,0.634974
16441009,0.264949,0.306814,0.657598,0.635005
16449342,-0.264989,-0.306733,-0.657610,-0.635016
16457675,-0.265097,-0.306660,-0.657577,-0.635040
16466007,-0.265227,-0.306440,-0.657590,-0.635079
16474340,-0.265229,-0.306377,-0.657631,-0.635065
16482674,-0.265337,-0.306332,-0.657626,-0.635047
16491007,-0.265445,-0.306271,-0.657624,-0.635033
16499340,-0.265688,-0.306117,-0.657590,-0.635042
16507673,-0.265799,-0.306112,-0.657611,-0.634975
16516006,-0.265919,-0.306088,-0.657633,-0.634915
16524339,-0.266109,-0.306020,-0.657645,-0.634855
16532672,-0.266345,-0.305879,-0.657629,-0.634841
16541005,-0.266444,-0.305880,-0.657625,-0.634803
16549337,-0.266559,-0.305848,-0.657601,-0.634794
16557671,-0.266699,-0.305777,-0.657603,-0.634768
16566004,-0.266899,-0.305716,-0.657593,-0.634723
16574337,-0.267012,-0.305689,-0.657543,-0.634741
16582670,-0.266998,-0.305733,-0.657550,-0.634718
16591003,-0.267173,-0.305652,-0.657499,-0.634736
16599336,0.267192,0.305671,0.657506,0.634712
16607669,0.267224,0.305674,0.657519,0.634684
16616002,0.267367,0.305595,0.657479,0.634703
16624334,0.267461,0.305606,0.657482,0.634655
16632667,0.267402,0.305708,0.657477,0.634636
16641001,0.267424,0.305773,0.657468,0.634604
16649334,0.267496,0.305820,0.657432,0.634589
16657667,0.267625,0.305722,0.657393,0.634622
16666000,0.267697,0.305732,0.657305,0.634679
16674333,0.267593,0.305826,0.657296,0.634686
16682666,0.267606,0.305956,0.657251,0.634664
16690999,0.267647,0.306040,0.657216,0.634643
16699332,0.267645,0.306114,0.657184,0.634642
16707664,0.267741,0.306154,0.657120,0.634648
16715997,0.267777,0.306237,0.657079,0.634634
16724331,0.267723,0.306438,0.657027,0.634614
16732664,0.267693,0.306542,0.656970,0.634636
16740997,0.267703,0.306626,0.656925,0.634637
16749330,0.267688,0.306695,0.656904,0.634633
16757663,0.267736,0.306702,0.656860,0.634654
16765996,0.267719,0.306762,0.656817,0.634677
16774329,0.267687,0.306851,0.656772,0.634695
16782662,0.267516,0.306991,0.656771,0.634700
16790995,0.267433,0.307094,0.656735,0.634722
16799328,0.267375,0.307171,0.656699,0.634747
16807661,0.267342,0.307232,0.656669,0.634761
16815994,0.267319,0.307210,0.656591,0.634862
16824327,0.267162,0.307315,0.656585,0.634884
16832660,0.267096,0.307378,0.656515,0.634954
16840993,0.267005,0.307430,0.656494,0.634989
16849326,0.266899,0.307438,0.656469,0.635055
16857659,0.266832,0.307369,0.656424,0.635164
16865992,0.266564,0.307417,0.656426,0.635250
16874325,0.266458,0.307366,0.656407,0.635340
16882658,0.266226,0.307408,0.656426,0.635397
16890991,0.266125,0.307344,0.656423,0.635473
16899324,0.265916,0.307385,0.656437,0.635527
16907657,0.265756,0.307432,0.656422,0.635586
16915990,0.265595,0.307411,0.656448,0.635637
16924323,0.265451,0.307411,0.656451,0.635694
16932656,0.265284,0.307407,0.656454,0.635763
16940989,0.265096,0.307419,0.656482,0.635806
16949322,0.264947,0.307413,0.656476,0.635877
16957655,0.264757,0.307403,0.656510,0.635926
16965988,0.264583,0.307384,0.656536,0.635980
16974321,0.264509,0.307285,0.656525,0.636071
16982654,0.264298,0.307354,0.656536,0.636114
16990987,0.264200,0.307261,0.656502,0.636234
16999320,0.263970,0.307301,0.656545,0.636266
17007653,0.263879,0.307193,0.656544,0.636358
17015986,0.263689,0.307274,0.656577,0.636363
17024319,0.263551,0.307266,0.656596,0.636404
17032652,0.263451,0.307186,0.656647,0.636432
17040985,0.263357,0.307208,0.656660,0.636446
17049318,0.263297,0.307150,0.656655,0.636505
17057651,0.263363,0.307020,0.656618,0.636578
17065984,0.263265,0.307066,0.656638,0.636575
17074317,0.263185,0.307053,0.656647,0.636605
17082650,0.263169,0.307024,0.656635,0.636639
17090983,0.263187,0.306973,0.656637,0.636653
17099316,0.263279,0.306824,0.656605,0.636721
17107649,0.263270,0.306896,0.656609,0.636686
17115982,0.263365,0.306772,0.656614,0.636701
17124315,0.263383,0.306825,0.656627,0.636655
17132648,0.263528,0.306736,0.656591,0.636675
17140981,0.263568,0.306772,0.656595,0.636636
17149314,0.263702,0.306777,0.656578,0.636596
17157647,0.263764,0.306672,0.656585,0.636614
17165980,0.263836,0.306592,0.656603,0.636604
17174313,0.263964,0.306507,0.656614,0.636580
17182646,0.264174,0.306323,0.656605,0.636592
17190979,0.264314,0.306226,0.656607,0.636577
17199312,0.264387,0.306262,0.656581,0.636557
17207645,0.264548,0.306245,0.656551,0.636529
17215978,0.264745,0.306214,0.656478,0.636537
17224311,0.265077,0.306127,0.656379,0.636543
17232644,-0.265172,-0.306175,-0.656340,-0.636521
17240977,-0.265303,-0.306151,-0.656316,-0.636503
17249310,-0.265455,-0.306096,-0.656300,-0.636482
17257643,-0.265707,-0.305972,-0.656272,-0.636465
17265976,-0.265839,-0.305885,-0.656252,-0.636473
17274309,-0.265951,-0.305843,-0.656250,-0.636448
17282642,-0.265995,-0.305892,-0.656259,-0.636397
17290975,-0.266098,-0.305838,-0.656236,-0.636403
17299308,-0.266229,-0.305782,-0.656231,-0.636380
17307641,-0.266217,-0.305628,-0.656383,-0.636303
17315974,-0.266401,-0.305643,-0.656316,-0.636288
17324307,-0.266700,-0.305525,-0.656224,-0.636314
17332640,-0.266845,-0.305624,-0.656192,-0.636239
17340973,-0.267029,-0.305632,-0.656173,-0.636178
17349306,-0.267182,-0.305586,-0.656168,-0.636140
17357639,-0.267419,-0.305500,-0.656132,-0.636119
17365972,-0.267530,-0.305502,-0.656104,-0.636101
17374305,-0.267648,-0.305435,-0.656088,-0.636100
17382638,-0.267838,-0.305399,-0.656051,-0.636075
17390971,-0.268033,-0.305368,-0.656025,-0.636035
17399304,-0.268294,-0.305354,-0.655979,-0.635979
17407637,-0.268521,-0.305319,-0.655957,-0.635922
17415970,-0.268810,-0.305220,-0.655906,-0.635901
17424303,-0.269062,-0.305144,-0.655878,-0.635860
17432636,-0.269228,-0.305235,-0.655850,-0.635774
17440969,-0.269389,-0.305264,-0.655823,-0.635719
17449302,-0.269588,-0.305267,-0.655802,-0.635656
17457635,-0.269829,-0.305207,-0.655782,-0.635603
17465968,-0.270119,-0.305089,-0.655769,-0.635550
17474301,-0.270306,-0.305170,-0.655750,-0.635451
17482634,-0.270568,-0.305127,-0.655705,-0.635407
17490967,-0.270785,-0.305111,-0.655676,-0.635352
17499300,-0.270904,-0.305168,-0.655709,-0.635239
17507633,-0.271095,-0.305157,-0.655707,-0.635165
17515966,-0.271274,-0.305132,-0.655694,-0.635114
17524299,-0.271524,-0.305051,-0.655676,-0.635065
17532632,-0.271695,-0.305057,-0.655683,-0.634981
17540965,-0.271788,-0.305139,-0.655689,-0.634896
17549298,-0.271931,-0.305154,-0.655705,-0.634812
17557631,-0.272051,-0.305129,-0.655691,-0.634786
17565964,-0.272228,-0.305104,-0.655673,-0.634741
17574297,-0.272369,-0.305085,-0.655654,-0.634709
17582630,-0.272523,-0.305068,-0.655641,-0.634665
17590963,-0.272635,-0.305104,-0.655587,-0.634656
17599296,-0.272780,-0.305108,-0.655559,-0.634620
17607629,-0.272909,-0.305135,-0.655487,-0.634626
17615962,-0.273077,-0.305151,-0.655412,-0.634623
17624295,-0.273215,-0.305143,-0.655356,-0.634626
17632628,-0.273333,-0.305134,-0.655286,-0.634651
17640961,-0.273558,-0.305012,-0.655193,-0.634709
17649294,-0.273587,-0.305056,-0.655148,-0.634723
17657627,-0.273828,-0.305026,-0.655057,-0.634727
17665960,-0.274009,-0.304992,-0.655000,-0.634724
17674293,-0.274182,-0.304988,-0.654916,-0.634737
17682626,-0.274190,-0.305054,-0.654866,-0.634754
17690959,-0.274264,-0.305076,-0.654784,-0.634795
17699292,-0.274382,-0.305100,-0.654705,-0.634815
17707625,-0.274432,-0.305067,-0.654699,-0.634815
17715958,-0.274489,-0.305089,-0.654661,-0.634820
17724291,-0.274476,-0.305089,-0.654658,-0.634828
17732624,-0.274592,-0.304980,-0.654629,-0.634861
17740957,-0.274549,-0.305038,-0.654625,-0.634855
17749290,-0.274542,-0.305070,-0.654616,-0.634851
17757623,-0.274553,-0.305060,-0.654602,-0.634867
17765956,-0.274655,-0.304958,-0.654571,-0.634903
17774289,-0.274529,-0.305033,-0.654556,-0.634937
17782622,-0.274440,-0.305071,-0.654540,-0.634974
17790955,-0.274482,-0.304945,-0.654507,-0.635050
17799288,-0.274372,-0.305007,-0.654495,-0.635080
17807621,-0.274303,-0.305048,-0.654489,-0.635097
17815954,-0.274242,-0.305028,-0.654480,-0.635141
17824287,-0.274207,-0.305062,-0.654436,-0.635186
17832620,-0.274157,-0.305037,-0.654436,-0.635219
17840953,-0.274093,-0.305001,-0.654385,-0.635316
17849286,-0.273905,-0.305066,-0.654387,-0.635365
17857619,-0.273807,-0.305056,-0.654396,-0.635402
17865952,-0.273828,-0.305015,-0.654363,-0.635447
17874285,-0.273866,-0.305109,-0.654405,-0.635343
17882618,-0.273794,-0.305121,-0.654431,-0.635341
17890951,-0.273836,-0.305074,-0.654346,-0.635433
17899284,-0.273902,-0.305086,-0.654263,-0.635484
17907617,-0.273839,-0.305081,-0.654340,-0.635434
17915950,-0.273710,-0.305186,-0.654333,-0.635447
17924283,-0.273497,-0.305242,-0.654316,-0.635529
17932616,-0.273436,-0.305248,-0.654336,-0.635532
17940949,-0.273500,-0.305191,-0.654319,-0.635549
17949282,-0.273411,-0.305283,-0.654310,-0.635553
17957615,-0.273346,-0.305329,-0.654328,-0.635540
17965948,-0.273322,-0.305349,-0.654367,-0.635500
17974281,-0.273259,-0.305399,-0.654378,-0.635492
17982614,-0.273199,-0.305399,-0.654412,-0.635483
17990947,-0.273164,-0.305404,-0.654353,-0.635556
17999280,-0.273246,-0.305460,-0.654387,-0.635460
18007613,-0.273191,-0.305494,-0.654390,-0.635464
18015946,-0.273106,-0.305527,-0.654401,-0.635473
18024279,-0.273739,-0.305501,-0.654494,-0.635117
18032612,-0.273233,-0.305558,-0.654435,-0.635369
18040945,-0.272977,-0.305619,-0.654410,-0.635475
18049278,-0.273020,-0.305564,-0.654388,-0.635505
18057611,-0.272923,-0.305679,-0.654391,-0.635489
18065944,-0.272858,-0.305740,-0.654429,-0.635448
18074277,-0.272819,-0.305759,-0.654455,-0.635429
18082610,-0.272771,-0.305776,-0.654456,-0.635440
18090943,-0.272719,-0.305851,-0.654484,-0.635398
18099276,-0.272676,-0.305871,-0.654511,-0.635379
18107609,-0.272623,-0.305894,-0.654513,-0.635388
18115942,-0.272559,-0.305903,-0.654536,-0.635388
18124275,-0.272497,-0.305904,-0.654556,-0.635394
18132608,-0.272476,-0.305934,-0.654562,-0.635382
18140941,-0.272432,-0.305989,-0.654577,-0.635359
18149274,-0.272384,-0.306015,-0.654615,-0.635328
18157607,-0.272346,-0.306023,-0.654626,-0.635328
18165940,-0.272270,-0.306060,-0.654662,-0.635306
18174273,-0.272212,-0.306047,-0.654706,-0.635292
18182606,-0.272160,-0.305977,-0.654667,-0.635388
18190939,-0.272105,-0.306090,-0.654723,-0.635300
18199272,-0.272093,-0.306102,-0.654757,-0.635264
18207605,-0.272104,-0.306145,-0.654729,-0.635267
18215938,-0.272090,-0.306161,-0.654754,-0.635240
18224271,-0.271956,-0.306170,-0.654741,-0.635306
18232604,-0.272011,-0.306086,-0.654725,-0.635340
18240937,-0.272002,-0.306056,-0.654728,-0.635354
18249270,-0.271905,-0.306152,-0.654756,-0.635322
18257603,-0.271824,-0.306162,-0.654790,-0.635316
18265936,-0.271833,-0.306179,-0.654786,-0.635308
18274269,-0.271811,-0.306171,-0.654785,-0.635323
18282602,-0.271772,-0.306170,-0.654797,-0.635327
18290935,-0.271747,-0.306197,-0.654803,-0.635319
18299268,-0.271712,-0.306176,-0.654815,-0.635332
18307601,-0.271772,-0.306071,-0.654826,-0.635346
18315934,-0.271706,-0.306135,-0.654862,-0.635305
18324267,-0.271629,-0.306182,-0.654857,-0.635321
18332600,-0.271577,-0.306195,-0.654881,-0.635313
18340933,-0.271609,-0.306085,-0.654881,-0.635352
18349266,-0.271620,-0.306038,-0.654859,-0.635392
18357599,-0.271537,-0.306133,-0.654863,-0.635377
18365932,-0.271477,-0.306179,-0.654884,-0.635360
18374265,-0.271564,-0.306092,-0.654857,-0.635392
18382598,-0.271521,-0.306150,-0.654871,-0.635368
18390931,-0.271527,-0.306178,-0.654855,-0.635368
18399264,-0.271618,-0.306099,-0.654819,-0.635404
18407597,-0.271597,-0.306167,-0.654791,-0.635410
18415930,-0.271765,-0.306097,-0.654781,-0.635382
18424263,-0.271727,-0.306107,-0.654771,-0.635404
18432596,-0.271756,-0.306154,-0.654749,-0.635391
18440929,-0.271980,-0.306073,-0.654659,-0.635428
18449262,-0.272118,-0.306118,-0.654595,-0.635413
18457595,-0.272244,-0.306125,-0.654546,-0.635406
18465928,-0.272283,-0.306097,-0.654485,-0.635464
18474261,-0.272450,-0.306093,-0.654423,-0.635460
18482594,-0.272688,-0.306059,-0.654410,-0.635387
18490927,-0.272912,-0.305974,-0.654309,-0.635436
18499260,-0.273031,-0.306017,-0.654301,-0.635372
18507593,-0.273266,-0.305945,-0.654275,-0.635333
18515926,-0.273370,-0.305997,-0.654252,-0.635287
18524259,-0.273541,-0.305969,-0.654174,-0.635307
18532592,-0.273770,-0.305993,-0.654080,-0.635293
18540925,-0.273840,-0.306003,-0.654099,-0.635238
18549258,-0.273842,-0.306035,-0.654127,-0.635194
18557591,-0.273953,-0.306013,-0.654145,-0.635138
18565924,-0.274129,-0.305925,-0.654105,-0.635145
18574257,-0.274127,-0.305992,-0.654107,-0.635112
18582590,-0.274057,-0.306069,-0.654055,-0.635159
18590923,-0.274147,-0.305996,-0.654003,-0.635209
18599256,-0.274061,-0.306039,-0.653981,-0.635248
18607589,-0.274035,-0.306076,-0.653979,-0.635243
18615922,-0.274021,-0.306066,-0.653965,-0.635269
18624255,-0.273969,-0.306075,-0.653970,-0.635281
18632588,-0.273925,-0.306093,-0.653969,-0.635292
18640921,-0.273934,-0.306038,-0.653924,-0.635362
18649254,-0.273832,-0.306113,-0.653905,-0.635389
18657587,-0.273723,-0.306128,-0.653898,-0.635435
18665920,-0.273707,-0.306013,-0.653873,-0.635524
18674253,-0.273689,-0.305963,-0.653847,-0.635583
18682586,-0.273694,-0.305954,-0.653863,-0.635568
18690919,-0.273629,-0.305960,-0.653876,-0.635580
18699252,-0.273572,-0.305935,-0.653894,-0.635598
18707585,-0.273464,-0.306028,-0.653914,-0.635579
18715918,-0.273402,-0.306054,-0.653911,-0.635596
18724251,-0.273356,-0.306046,-0.653930,-0.635601
18732584,-0.273358,-0.306051,-0.653961,-0.635565
18740917,-0.273258,-0.306168,-0.653915,-0.635599
18749250,-0.273186,-0.306321,-0.653839,-0.635635
18757583,-0.273025,-0.306436,-0.653782,-0.635707
18765916,-0.272573,-0.306534,-0.653739,-0.635898
18774249,-0.272284,-0.306653,-0.653649,-0.636057
18782582,-0.272223,-0.306713,-0.653604,-0.636100
18790915,-0.272426,-0.306751,-0.653551,-0.636050
18799248,-0.273335,-0.306657,-0.653569,-0.635686
18807581,-0.272615,-0.306841,-0.653404,-0.636076
18815914,-0.272349,-0.306946,-0.653286,-0.636260
18824247,-0.272430,-0.306968,-0.653211,-0.636292
18832580,-0.272514,-0.307012,-0.653129,-0.636319
18840913,-0.272733,-0.307021,-0.653011,-0.636342
18849246,-0.272833,-0.307006,-0.652900,-0.636421
18857579,-0.272888,-0.306996,-0.652819,-0.636485
18865912,-0.273006,-0.306969,-0.652714,-0.636555
18874245,-0.273748,-0.306838,-0.652692,-0.636322
18882578,-0.273866,-0.306791,-0.652596,-0.636392
18890911,-0.273811,-0.306808,-0.652456,-0.636552
18899244,-0.273711,-0.306811,-0.652309,-0.636743
18907577,-0.273570,-0.306754,-0.652144,-0.637000
18915910,-0.273398,-0.306789,-0.652050,-0.637153
18924243,-0.273366,-0.306813,-0.651921,-0.637288
18932576,-0.273417,-0.306848,-0.651764,-0.637410
18940909,-0.273540,-0.306826,-0.651653,-0.637481
18949242,-0.273557,-0.306901,-0.651561,-0.637532
18957575,-0.273924,-0.306936,-0.651428,-0.637493
18965908,-0.274109,-0.307061,-0.651372,-0.637411
18974241,-0.274050,-0.306855,-0.651585,-0.637318
18982574,-0.273980,-0.306770,-0.651624,-0.637349
18990907,-0.274158,-0.306809,-0.651553,-0.637326
18999240,-0.274549,-0.306809,-0.651448,-0.637266
19007573,-0.274885,-0.306827,-0.651453,-0.637106
19015906,-0.275161,-0.306915,-0.651403,-0.636996
19024239,-0.275545,-0.307127,-0.651296,-0.636838
19032572,-0.276015,-0.307264,-0.651215,-0.636651
19040905,-0.276477,-0.307343,-0.651120,-0.636509
19049238,-0.276970,-0.307429,-0.651046,-0.636329
19057571,-0.277474,-0.307547,-0.650923,-0.636178
19065904,-0.278049,-0.307650,-0.650831,-0.635971
19074237,-0.278697,-0.307665,-0.650680,-0.635834
19082570,-0.279155,-0.307695,-0.650627,-0.635673
19090903,-0.279535,-0.307845,-0.650564,-0.635498
19099236,-0.279964,-0.307943,-0.650552,-0.635275
19107569,-0.280339,-0.308034,-0.650491,-0.635128
19115902,-0.280833,-0.308092,-0.650374,-0.635001
19124235,-0.281194,-0.308116,-0.650282,-0.634924
19132568,-0.281489,-0.308136,-0.650258,-0.634807
19140901,-0.281784,-0.308157,-0.650245,-0.634680
19149234,-0.281975,-0.308181,-0.650175,-0.634656
19157567,-0.282089,-0.308174,-0.650110,-0.634675
19165900,-0.282090,-0.308158,-0.650064,-0.634729
19174233,-0.282008,-0.308157,-0.650040,-0.634790
19182566,-0.281758,-0.308145,-0.650009,-0.634938
19190899,-0.281396,-0.308187,-0.649948,-0.635142
19199232,-0.281204,-0.308141,-0.649926,-0.635271
19207565,-0.280808,-0.308023,-0.650033,-0.635395
19215898,-0.280437,-0.307945,-0.650116,-0.635511
19224231,-0.280365,-0.307935,-0.650096,-0.635568
19232564,-0.280302,-0.307951,-0.650063,-0.635622
19240897,-0.280285,-0.307966,-0.650018,-0.635668
19249230,-0.280344,-0.308025,-0.649957,-0.635675
19257563,-0.280257,-0.308063,-0.649940,-0.635713
19265896,-0.280420,-0.308172,-0.649854,-0.635677
19274229,-0.280602,-0.308320,-0.649771,-0.635609
19282562,-0.280616,-0.308477,-0.649702,-0.635598
19290895,-0.280689,-0.308586,-0.649653,-0.635562
19299228,-0.280700,-0.308689,-0.649605,-0.635557
19307561,-0.280586,-0.308772,-0.649579,-0.635593
19315894,-0.280534,-0.308761,-0.649538,-0.635663
19324227,-0.280287,-0.308908,-0.649530,-0.635709
19332560,-0.279865,-0.308982,-0.649525,-0.635863
19340893,-0.279553,-0.308938,-0.649507,-0.636040
19349226,-0.278795,-0.309071,-0.649388,-0.636431
19357559,-0.278026,-0.309119,-0.649351,-0.636781
19365892,-0.277094,-0.309205,-0.649202,-0.637298
19374225,-0.277034,-0.309057,-0.649334,-0.637260
19382558,-0.276341,-0.308931,-0.649455,-0.637500
19390891,-0.275695,-0.308990,-0.649212,-0.637998
19399224,-0.274994,-0.308989,-0.649093,-0.638422
19407557,-0.274411,-0.308825,-0.649056,-0.638789
19415890,-0.274161,-0.308803,-0.649147,-0.638815
19424223,-0.274022,-0.308761,-0.649175,-0.638867
19432556,-0.274086,-0.308652,-0.649140,-0.638927
19440889,-0.274267,-0.308718,-0.649136,-0.638822
19449222,-0.274886,-0.308792,-0.649093,-0.638564
19457555,-0.275590,-0.308934,-0.648961,-0.638325
19465888,-0.275991,-0.309151,-0.648751,-0.638261
19474221,-0.276461,-0.309344,-0.648588,-0.638129
19482554,-0.276908,-0.309535,-0.648499,-0.637933
19490887,-0.277342,-0.309763,-0.648450,-0.637684
19499220,-0.277758,-0.310004,-0.648395,-0.637442
19507553,-0.278139,-0.310118,-0.648330,-0.637286
19515886,-0.278299,-0.310347,-0.648282,-0.637154
19524219,-0.278363,-0.310507,-0.648228,-0.637102
19532552,-0.278379,-0.310653,-0.648178,-0.637075
19540885,-0.278324,-0.310749,-0.648157,-0.637074
19549218,-0.278215,-0.310834,-0.648118,-0.637120
19557551,-0.278187,-0.310891,-0.648057,-0.637166
19565884,-0.278114,-0.310917,-0.648006,-0.637238
19574217,-0.278014,-0.310930,-0.647971,-0.637310
19582550,-0.278075,-0.310926,-0.647890,-0.637368
19590883,-0.278004,-0.310988,-0.647814,-0.637446
19599216,-0.277985,-0.311030,-0.647744,-0.637504
19607549,-0.278052,-0.311060,-0.647651,-0.637556
19615882,-0.277991,-0.311044,-0.647578,-0.637664
19624215,-0.277815,-0.311044,-0.647504,-0.637815
19632548,-0.277593,-0.311022,-0.647418,-0.638010
19640881,-0.277359,-0.310951,-0.647352,-0.638214
19649214,-0.277008,-0.310898,-0.647308,-0.638436
19657547,-0.276722,-0.310832,-0.647255,-0.638647
19665880,-0.276429,-0.310744,-0.647201,-0.638870
19674213,-0.276107,-0.310693,-0.647170,-0.639067
19682546,-0.275801,-0.310610,-0.647115,-0.639294
19690879,-0.275523,-0.310565,-0.647074,-0.639478
19699212,-0.275239,-0.310526,-0.647017,-0.639676
19707545,-0.274907,-0.310453,-0.647011,-0.639861
19715878,-0.274622,-0.310408,-0.646964,-0.640053
19724211,-0.274459,-0.310393,-0.646930,-0.640164
19732544,-0.274226,-0.310334,-0.646911,-0.640312
19740877,-0.274124,-0.310292,-0.646868,-0.640419
19749210,-0.273950,-0.310261,-0.646781,-0.640597
19757543,-0.273733,-0.310210,-0.646807,-0.640688
19765876,-0.273553,-0.310182,-0.646795,-0.640790
19774209,-0.273506,-0.310263,-0.646701,-0.640866
19782542,-0.273237,-0.310170,-0.646755,-0.640971
19790875,-0.273132,-0.310161,-0.646743,-0.641032
19799208,-0.272998,-0.310119,-0.646817,-0.641036
19807541,-0.272866,-0.310120,-0.646862,-0.641045
19815874,-0.272812,-0.310109,-0.646877,-0.641059
19824207,-0.272585,-0.310137,-0.646811,-0.641208
19832540,-0.272305,-0.310178,-0.646785,-0.641333
19840873,-0.272208,-0.310163,-0.646840,-0.641327
19849206,-0.272163,-0.310159,-0.646878,-0.641309
19857539,-0.272097,-0.310181,-0.646886,-0.641319
19865872,-0.272130,-0.310189,-0.646863,-0.641324
19874205,-0.272086,-0.310207,-0.646849,-0.641349
19882538,-0.271996,-0.310304,-0.646824,-0.641364
19890871,-0.271927,-0.310315,-0.646845,-0.641367
19899204,-0.271915,-0.310330,-0.646856,-0.641354
19907537,-0.271462,-0.310364,-0.646736,-0.641650
19915870,-0.271377,-0.310420,-0.646676,-0.641719
19924203,-0.271384,-0.310466,-0.646654,-0.641716
19932536,-0.271375,-0.310462,-0.646707,-0.641669
19940869,-0.271515,-0.310434,-0.646730,-0.641600
19949202,-0.271272,-0.310439,-0.646606,-0.641826
19957535,-0.271719,-0.310416,-0.646692,-0.641561
19965868,-0.271418,-0.310449,-0.646617,-0.641748
19974201,-0.271777,-0.310454,-0.646655,-0.641555
19982534,-0.271945,-0.310410,-0.646684,-0.641475
19990867,-0.271973,-0.310510,-0.646687,-0.641413
19999200,-0.272048,-0.310519,-0.646643,-0.641421
20007533,-0.272103,-0.310585,-0.646688,-0.641320
20015866,-0.272175,-0.310609,-0.646649,-0.641317
20024199,-0.272248,-0.310669,-0.646650,-0.641257
20032532,-0.271977,-0.310720,-0.646583,-0.641415
20040865,-0.272182,-0.310677,-0.646555,-0.641377
20049198,-0.272244,-0.310801,-0.646565,-0.641279
20057531,-0.271802,-0.310867,-0.646458,-0.641543
20065864,-0.272227,-0.310864,-0.646538,-0.641284
20074197,-0.272022,-0.310870,-0.646481,-0.641426
20082530,-0.272095,-0.310892,-0.646450,-0.641415
20090863,-0.272487,-0.310947,-0.646440,-0.641232
20099196,-0.272733,-0.310959,-0.646482,-0.641079
20107529,-0.272858,-0.310962,-0.646484,-0.641022
20115862,-0.272947,-0.310966,-0.646488,-0.640978
20124195,-0.273035,-0.310970,-0.646477,-0.640951
20132528,-0.273151,-0.310991,-0.646487,-0.640880
20140861,-0.273258,-0.311012,-0.646506,-0.640805
20149194,-0.273399,-0.311019,-0.646488,-0.640760
20157527,-0.273593,-0.310971,-0.646445,-0.640744
20165860,-0.273624,-0.311052,-0.646444,-0.640692
20174193,-0.273769,-0.311011,-0.646435,-0.640660
20182526,-0.273863,-0.311003,-0.646416,-0.640642
20190859,-0.273873,-0.311120,-0.646304,-0.640694
20199192,-0.274009,-0.311138,-0.646257,-0.640675
20207525,-0.273993,-0.311127,-0.646234,-0.640711
20215858,-0.274087,-0.311146,-0.646295,-0.640600
20224191,-0.274218,-0.311168,-0.646230,-0.640598
20232524,-0.274341,-0.311154,-0.646238,-0.640544
20240857,-0.274381,-0.311147,-0.646225,-0.640543
20249190,-0.274463,-0.311059,-0.646140,-0.640636
20257523,-0.274459,-0.311100,-0.646126,-0.640633
20265856,-0.274452,-0.311116,-0.646119,-0.640635
20274189,-0.274428,-0.311076,-0.646109,-0.640675
20282522,-0.274521,-0.310984,-0.646046,-0.640743
20290855,-0.274471,-0.311031,-0.646023,-0.640765
20299188,-0.274536,-0.311017,-0.645997,-0.640770
20307521,-0.274610,-0.311014,-0.645972,-0.640765
20315854,-0.274617,-0.311015,-0.645961,-0.640773
20324187,-0.274712,-0.311074,-0.645922,-0.640743
20332520,-0.274821,-0.311083,-0.645916,-0.640697
20340853,-0.275000,-0.311019,-0.645851,-0.640717
20349186,-0.274962,-0.311085,-0.645856,-0.640696
20357519,-0.274977,-0.311111,-0.645858,-0.640675
20365852,-0.275074,-0.311133,-0.645827,-0.640655
20374185,-0.275289,-0.311061,-0.645786,-0.640638
20382518,-0.275278,-0.311125,-0.645777,-0.640621
20390851,-0.275337,-0.311178,-0.645759,-0.640587
20399184,-0.275424,-0.311221,-0.645724,-0.640565
20407517,-0.275592,-0.311122,-0.645690,-0.640575
20415850,-0.275676,-0.311120,-0.645676,-0.640554
20424183,-0.275767,-0.311147,-0.645663,-0.640515
20432516,-0.275825,-0.311193,-0.645624,-0.640507
20440849,-0.275857,-0.311222,-0.645607,-0.640497
20449182,-0.275879,-0.311214,-0.645610,-0.640487
20457515,-0.275843,-0.311328,-0.645614,-0.640444
20465848,-0.275912,-0.311312,-0.645597,-0.640439
20474181,-0.275967,-0.311305,-0.645583,-0.640432
20482514,-0.275945,-0.311299,-0.645602,-0.640426
20490847,-0.275926,-0.311336,-0.645600,-0.640418
20499180,-0.275989,-0.311362,-0.645600,-0.640379
20507513,-0.275974,-0.311381,-0.645608,-0.640368
20515846,-0.275984,-0.311387,-0.645615,-0.640353
20524179,-0.275960,-0.311346,-0.645645,-0.640353
20532512,-0.275877,-0.311505,-0.645646,-0.640311
20540845,-0.275935,-0.311495,-0.645622,-0.640315
20549178,-0.275872,-0.311580,-0.645652,-0.640270
20557511,-0.275876,-0.311622,-0.645670,-0.640230
20565844,-0.275857,-0.311661,-0.645662,-0.640227
20574177,-0.275954,-0.311629,-0.645632,-0.640231
20582510,-0.275844,-0.311718,-0.645665,-0.640203
20590843,-0.275950,-0.311695,-0.645667,-0.640166
20599176,-0.275917,-0.311723,-0.645679,-0.640154
20607509,-0.275824,-0.311822,-0.645703,-0.640121
20615842,-0.275787,-0.311865,-0.645700,-0.640120
20624175,-0.275799,-0.311904,-0.645729,-0.640066
20632508,-0.275768,-0.311935,-0.645745,-0.640049
20640841,-0.275829,-0.311892,-0.645728,-0.640060
20649174,-0.275865,-0.311906,-0.645721,-0.640045
20657507,-0.275840,-0.311935,-0.645721,-0.640041
20665840,-0.275700,-0.312030,-0.645759,-0.640017
20674173,-0.275727,-0.311998,-0.645752,-0.640028
20682506,-0.275765,-0.311999,-0.645746,-0.640018
20690839,-0.275626,-0.312100,-0.645787,-0.639987
20699172,-0.275569,-0.312147,-0.645806,-0.639969
20707505,-0.275619,-0.312038,-0.645793,-0.640014
20715838,-0.275684,-0.312103,-0.645739,-0.640009
20724171,-0.275525,-0.312177,-0.645760,-0.640019
20732504,-0.275570,-0.312157,-0.645737,-0.640033
20740837,-0.275652,-0.312208,-0.645700,-0.640011
20749170,-0.275618,-0.312263,-0.645671,-0.640027
20757503,-0.275523,-0.312232,-0.645698,-0.640056
20765836,-0.275535,-0.312239,-0.645694,-0.640052
20774169,-0.275612,-0.312255,-0.645698,-0.640007
20782502,-0.275456,-0.312371,-0.645694,-0.640021
20790835,-0.275430,-0.312417,-0.645705,-0.639999
20799168,-0.275447,-0.312433,-0.645707,-0.639982
20807501,-0.275535,-0.312388,-0.645684,-0.639989
20815834,-0.275508,-0.312488,-0.645696,-0.639940
20824167,-0.275583,-0.312449,-0.645691,-0.639933
20832500,-0.275589,-0.312447,-0.645687,-0.639935
20840833,-0.275578,-0.312539,-0.645706,-0.639875
20849166,-0.275602,-0.312484,-0.645698,-0.639900
20857499,-0.275685,-0.312466,-0.645702,-0.639868
20865832,-0.275599,-0.312551,-0.645728,-0.639838
20874165,-0.275695,-0.312511,-0.645712,-0.639832
20882498,-0.275657,-0.312573,-0.645749,-0.639780
20890831,-0.275775,-0.312514,-0.645753,-0.639754
20899164,-0.275698,-0.312569,-0.645775,-0.639739
20907497,-0.275818,-0.312523,-0.645773,-0.639711
20915830,-0.275793,-0.312610,-0.645794,-0.639659
20924163,-0.275899,-0.312566,-0.645792,-0.639636
20932496,-0.275990,-0.312556,-0.645787,-0.639607
20940829,-0.275979,-0.312653,-0.645825,-0.639526
20949162,-0.276072,-0.312582,-0.645851,-0.639495
20957495,-0.276152,-0.312591,-0.645833,-0.639474
20965828,-0.276145,-0.312614,-0.645831,-0.639468
20974161,-0.276235,-0.312616,-0.645834,-0.639425
20982494,-0.276363,-0.312618,-0.645863,-0.639339
20990827,-0.276358,-0.312617,-0.645898,-0.639306
20999160,-0.276273,-0.312708,-0.645918,-0.639278
21007493,-0.276354,-0.312659,-0.645905,-0.639280
21015826,-0.276318,-0.312721,-0.645927,-0.639243
21024159,-0.276385,-0.312664,-0.645918,-0.639252
21032492,-0.276433,-0.312643,-0.645911,-0.639248
21040825,-0.276340,-0.312704,-0.645941,-0.639228
21049158,-0.276411,-0.312634,-0.645926,-0.639247
21057491,-0.276390,-0.312644,-0.645899,-0.639278
21065824,-0.276317,-0.312717,-0.645923,-0.639250
21074157,-0.276347,-0.312646,-0.645907,-0.639288
21082490,-0.276330,-0.312606,-0.645890,-0.639332
21090823,-0.276305,-0.312601,-0.645871,-0.639364
21099156,-0.276269,-0.312600,-0.645865,-0.639386
21107489,-0.276162,-0.312695,-0.645883,-0.639368
21115822,-0.276094,-0.312695,-0.645902,-0.639378
21124155,-0.276186,-0.312605,-0.645876,-0.639409
21132488,-0.276144,-0.312677,-0.645884,-0.639384
21140821,-0.276133,-0.312714,-0.645887,-0.639366
21149154,-0.276122,-0.312737,-0.645884,-0.639364
21157487,-0.276180,-0.312677,-0.645870,-0.639382
21165820,-0.276232,-0.312652,-0.645858,-0.639384
21174153,-0.276239,-0.312653,-0.645887,-0.639352
21182486,-0.276140,-0.312734,-0.645903,-0.639339
21190819,-0.276111,-0.312705,-0.645870,-0.639398
21199152,-0.276171,-0.312674,-0.645886,-0.639371
21207485,-0.276154,-0.312682,-0.645890,-0.639371
21215818,-0.276163,-0.312691,-0.645885,-0.639368
21224151,-0.276190,-0.312684,-0.645919,-0.639325
21232484,-0.276140,-0.312785,-0.645949,-0.639267
21240817,-0.276271,-0.312746,-0.645928,-0.639251
21249150,-0.276270,-0.312716,-0.645917,-0.639278
21257483,-0.276152,-0.312796,-0.645971,-0.639234
21265816,-0.276182,-0.312819,-0.645995,-0.639186
21274149,-0.276192,-0.312738,-0.645943,-0.639273
21282482,-0.276288,-0.312725,-0.645973,-0.639208
21290815,-0.276248,-0.312717,-0.645975,-0.639228
21299148,-0.276002,-0.312803,-0.645991,-0.639275
21307481,-0.276085,-0.312767,-0.645959,-0.639289
21315814,-0.276089,-0.312752,-0.645931,-0.639323
21324147,-0.275936,-0.312809,-0.645982,-0.639309
21332480,-0.276039,-0.312764,-0.645982,-0.639287
21340813,-0.276071,-0.312755,-0.645964,-0.639296
21349146,-0.276025,-0.312763,-0.645981,-0.639295
21357479,-0.276025,-0.312766,-0.645989,-0.639285
21365812,-0.275968,-0.312747,-0.645986,-0.639322
21374145,-0.275954,-0.312745,-0.646026,-0.639289
21382478,-0.275926,-0.312744,-0.646025,-0.639303
21390811,-0.276036,-0.312780,-0.646050,-0.639213
21399144,-0.275988,-0.312755,-0.646026,-0.639269
21407477,-0.275917,-0.312852,-0.646073,-0.639206
21415810,-0.276000,-0.312779,-0.646046,-0.639233
21424143,-0.275824,-0.312835,-0.646062,-0.639265
21432476,-0.275719,-0.312845,-0.646067,-0.639300
21440809,-0.275850,-0.312762,-0.646080,-0.639271
21449142,-0.275747,-0.312814,-0.646077,-0.639293
21457475,-0.275777,-0.312824,-0.646110,-0.639242
21465808,-0.275777,-0.312814,-0.646088,-0.639269
21474141,-0.275887,-0.312696,-0.646090,-0.639277
21482474,-0.275803,-0.312764,-0.646110,-0.639260
21490807,-0.275843,-0.312713,-0.646113,-0.639264
21499140,-0.275908,-0.312661,-0.646149,-0.639225
21507473,-0.275895,-0.312684,-0.646152,-0.639216
21515806,-0.275855,-0.312744,-0.646149,-0.639208
21524139,-0.275935,-0.312685,-0.646174,-0.639177
21532472,-0.275967,-0.312700,-0.646186,-0.639144
21540805,-0.275851,-0.312766,-0.646197,-0.639150
21549138,-0.275789,-0.312790,-0.646227,-0.639135
21557471,-0.275895,-0.312735,-0.646245,-0.639098
21565804,-0.275879,-0.312811,-0.646292,-0.639020
21574137,-0.275940,-0.312756,-0.646295,-0.639018
21582470,-0.275992,-0.312744,-0.646328,-0.638968
21590803,-0.275872,-0.312849,-0.646387,-0.638908
21599136,-0.275948,-0.312816,-0.646346,-0.638933
21607469,-0.275817,-0.312891,-0.646374,-0.638925
21615802,-0.275738,-0.312940,-0.646395,-0.638913
21624135,-0.275713,-0.312870,-0.646397,-0.638957
21632468,-0.275707,-0.312851,-0.646395,-0.638971
21640801,-0.275669,-0.312885,-0.646403,-0.638962
21649134,-0.275609,-0.312906,-0.646413,-0.638968
21657467,-0.275576,-0.312941,-0.646436,-0.638941
21665800,-0.275548,-0.312961,-0.646444,-0.638936
21674133,-0.275451,-0.313056,-0.646484,-0.638891
21682466,-0.275416,-0.313082,-0.646505,-0.638872
21690799,-0.275506,-0.313018,-0.646476,-0.638893
21699132,-0.275462,-0.313106,-0.646513,-0.638832
21707465,-0.275517,-0.313079,-0.646499,-0.638836
21715798,-0.275473,-0.313138,-0.646519,-0.638805
21724131,-0.275544,-0.313089,-0.646505,-0.638813
21732464,-0.275458,-0.313162,-0.646543,-0.638776
21740797,-0.275495,-0.313205,-0.646543,-0.638738
21749130,-0.275590,-0.313136,-0.646538,-0.638737
21757463,-0.275633,-0.313109,-0.646555,-0.638714
21765796,-0.275629,-0.313116,-0.646569,-0.638698
21774129,-0.275553,-0.313132,-0.646588,-0.638704
21782462,-0.275654,-0.313165,-0.646597,-0.638635
21790795,-0.275711,-0.313163,-0.646617,-0.638591
21799128,-0.275780,-0.313189,-0.646632,-0.638534
21807461,-0.275849,-0.313218,-0.646647,-0.638474
21815794,-0.275879,-0.313240,-0.646655,-0.638442
21824127,-0.275933,-0.313232,-0.646672,-0.638405
21832460,-0.275838,-0.313340,-0.646705,-0.638360
21840793,-0.275909,-0.313298,-0.646707,-0.638349
21849126,-0.276067,-0.313272,-0.646726,-0.638273
21857459,-0.276068,-0.313294,-0.646735,-0.638253
21865792,-0.276099,-0.313307,-0.646747,-0.638221
21874125,-0.276108,-0.313309,-0.646761,-0.638203
21882458,-0.276195,-0.313314,-0.646741,-0.638182
21890791,-0.276201,-0.313321,-0.646748,-0.638169
21899124,-0.276264,-0.313329,-0.646735,-0.638151
21907457,-0.276303,-0.313309,-0.646739,-0.638140
21915790,-0.276294,-0.313314,-0.646749,-0.638131
21924123,-0.276356,-0.313306,-0.646739,-0.638119
21932456,-0.276368,-0.313296,-0.646737,-0.638121
21940789,-0.276235,-0.313376,-0.646764,-0.638111
21949122,-0.276250,-0.313354,-0.646707,-0.638174
21957455,-0.276251,-0.313314,-0.646710,-0.638190
21965788,-0.276335,-0.313284,-0.646707,-0.638170
21974121,-0.276378,-0.313245,-0.646718,-0.638160
21982454,-0.276353,-0.313252,-0.646699,-0.638187
21990787,-0.276353,-0.313258,-0.646692,-0.638190
21999120,-0.276389,-0.313251,-0.646696,-0.638174
22007453,-0.276394,-0.313236,-0.646699,-0.638177
22015786,-0.276394,-0.313224,-0.646683,-0.638199
22024119,-0.276297,-0.313290,-0.646707,-0.638185
22032452,-0.276362,-0.313221,-0.646660,-0.638237
22040785,-0.276384,-0.313197,-0.646664,-0.638236
22049118,-0.276326,-0.313187,-0.646636,-0.638295
22057451,-0.276300,-0.313160,-0.646625,-0.638330
22065784,-0.276290,-0.313130,-0.646634,-0.638341
22074117,-0.276272,-0.313128,-0.646614,-0.638368
22082450,-0.276258,-0.313117,-0.646618,-0.638377
22090783,-0.276188,-0.313110,-0.646609,-0.638419
22099116,-0.276219,-0.313098,-0.646579,-0.638442
22107449,-0.276184,-0.313087,-0.646595,-0.638446
22115782,-0.276202,-0.313090,-0.646604,-0.638428
22124115,-0.276218,-0.313094,-0.646613,-0.638410
22132448,-0.276180,-0.313087,-0.646596,-0.638447
22140781,-0.276131,-0.313104,-0.646553,-0.638504
22149114,-0.276246,-0.313089,-0.646570,-0.638444
22157447,-0.276170,-0.313094,-0.646567,-0.638477
22165780,-0.276086,-0.313093,-0.646566,-0.638515
22174113,-0.276062,-0.313089,-0.646570,-0.638524
22182446,-0.275962,-0.313196,-0.646606,-0.638477
22190779,-0.275871,-0.313234,-0.646605,-0.638499
22199112,-0.275942,-0.313160,-0.646580,-0.638530
22207445,-0.276002,-0.313143,-0.646582,-0.638511
22215778,-0.275899,-0.313209,-0.646654,-0.638451
22224111,-0.275930,-0.313176,-0.646614,-0.638492
22232444,-0.275941,-0.313159,-0.646604,-0.638507
22240777,-0.275848,-0.313234,-0.646674,-0.638440
22249110,-0.275815,-0.313174,-0.646658,-0.638499
22257443,-0.275845,-0.313171,-0.646643,-0.638503
22265776,-0.275899,-0.313166,-0.646672,-0.638453
22274109,-0.275898,-0.313308,-0.646653,-0.638403
22282442,-0.275910,-0.313230,-0.646658,-0.638430
22290775,-0.275935,-0.313196,-0.646683,-0.638411
22299108,-0.275956,-0.313199,-0.646659,-0.638425
22307441,-0.275949,-0.313180,-0.646641,-0.638456
22315774,-0.275952,-0.313181,-0.646644,-0.638451
22324107,-0.275979,-0.313195,-0.646639,-0.638438
22332440,-0.275932,-0.313284,-0.646644,-0.638410
22340773,-0.275955,-0.313212,-0.646616,-0.638463
22349106,-0.275939,-0.313189,-0.646592,-0.638505
22357439,-0.275956,-0.313200,-0.646606,-0.638478
22365772,-0.276015,-0.313187,-0.646600,-0.638465
22374105,-0.275915,-0.313296,-0.646615,-0.638440
22382438,-0.276064,-0.313268,-0.646580,-0.638425
22390771,-0.276091,-0.313245,-0.646563,-0.638442
22399104,-0.276070,-0.313267,-0.646575,-0.638427
22407437,-0.275986,-0.313369,-0.646591,-0.638398
22415770,-0.276061,-0.313325,-0.646557,-0.638421
22424103,-0.276120,-0.313322,-0.646544,-0.638410
22432436,-0.276105,-0.313309,-0.646570,-0.638397
22440769,-0.276095,-0.313330,-0.646548,-0.638414
22449102,-0.276093,-0.313338,-0.646568,-0.638390
22457435,-0.276051,-0.313323,-0.646577,-0.638407
22465768,-0.276016,-0.313366,-0.646561,-0.638417
22474101,-0.275873,-0.313480,-0.646596,-0.638387
22482434,-0.275962,-0.313437,-0.646603,-0.638363
22490767,-0.275973,-0.313411,-0.646609,-0.638364
22499100,-0.275918,-0.313405,-0.646614,-0.638386
22507433,-0.275976,-0.313418,-0.646631,-0.638338
22515766,-0.275931,-0.313412,-0.646624,-0.638367
22524099,-0.275738,-0.313490,-0.646665,-0.638371
22532432,-0.275843,-0.313441,-0.646642,-0.638373
22540765,-0.275885,-0.313430,-0.646609,-0.638393
22549098,-0.275871,-0.313434,-0.646615,-0.638392
22557431,-0.275819,-0.313431,-0.646638,-0.638392
22565764,-0.275828,-0.313422,-0.646640,-0.638391
22574097,-0.275854,-0.313437,-0.646637,-0.638375
22582430,-0.275910,-0.313415,-0.646653,-0.638345
22590763,-0.275975,-0.313428,-0.646650,-0.638314
22599096,-0.275927,-0.313428,-0.646666,-0.638318
22607429,-0.275932,-0.313433,-0.646640,-0.638341
22615762,-0.275939,-0.313432,-0.646653,-0.638324
22624095,-0.275912,-0.313414,-0.646651,-0.638347
22632428,-0.275897,-0.313412,-0.646650,-0.638355
22640761,-0.275934,-0.313400,-0.646654,-0.638341
22649094,-0.275976,-0.313405,-0.646659,-0.638315
22657427,-0.276035,-0.313403,-0.646646,-0.638304
22665760,-0.276033,-0.313374,-0.646646,-0.638320
22674093,-0.276015,-0.313372,-0.646641,-0.638333
22682426,-0.276005,-0.313369,-0.646643,-0.638337
22690759,-0.275993,-0.313368,-0.646637,-0.638349
22699092,-0.276066,-0.313349,-0.646638,-0.638325
22707425,-0.275957,-0.313453,-0.646657,-0.638303
22715758,-0.275991,-0.313402,-0.646624,-0.638346
22724091,-0.275856,-0.313455,-0.646646,-0.638356
22732424,-0.275883,-0.313489,-0.646666,-0.638307
22740757,-0.275981,-0.313389,-0.646623,-0.638358
22749090,-0.276025,-0.313391,-0.646593,-0.638368
22757423,-0.275961,-0.313386,-0.646592,-0.638399
22765756,-0.275915,-0.313470,-0.646622,-0.638347
22774089,-0.276007,-0.313439,-0.646595,-0.638350
22782422,-0.275930,-0.313539,-0.646619,-0.638310
22790755,-0.275910,-0.313559,-0.646658,-0.638269
22799088,-0.276014,-0.313475,-0.646640,-0.638284
22807421,-0.276082,-0.313450,-0.646614,-0.638293
22815754,-0.275983,-0.313549,-0.646640,-0.638261
22824087,-0.275914,-0.313609,-0.646658,-0.638243
22832420,-0.276004,-0.313553,-0.646649,-0.638241
22840753,-0.276024,-0.313518,-0.646655,-0.638244
22849086,-0.276006,-0.313529,-0.646713,-0.638187
22857419,-0.275987,-0.313562,-0.646754,-0.638138
22865752,-0.275946,-0.313556,-0.646782,-0.638131
22874085,-0.275956,-0.313558,-0.646811,-0.638096
22882418,-0.275857,-0.313557,-0.646878,-0.638070
22890751,-0.275810,-0.313560,-0.646890,-0.638077
22899084,-0.275669,-0.313670,-0.646945,-0.638028
22907417,-0.275567,-0.313680,-0.647011,-0.638000
22915750,-0.275620,-0.313582,-0.647027,-0.638010
22924083,-0.275656,-0.313519,-0.647078,-0.637973
22932416,-0.275577,-0.313521,-0.647124,-0.637960
22940749,-0.275487,-0.313502,-0.647172,-0.637959
22949082,-0.275513,-0.313457,-0.647243,-0.637898
22957415,-0.275349,-0.313521,-0.647323,-0.637856
22965748,-0.275977,-0.313359,-0.647441,-0.637545
22974081,-0.275746,-0.313363,-0.647514,-0.637568
22982414,-0.275883,-0.313249,-0.647587,-0.637490
22990747,-0.275969,-0.313204,-0.647621,-0.637441
22999080,-0.275971,-0.313140,-0.647688,-0.637404
23007413,-0.275899,-0.313108,-0.647729,-0.637409
23015746,-0.275808,-0.313101,-0.647708,-0.637473
23024079,-0.275969,-0.313049,-0.647762,-0.637374
23032412,-0.275889,-0.313013,-0.647805,-0.637383
23040745,-0.275863,-0.312971,-0.647844,-0.637375
23049078,-0.275787,-0.312949,-0.647826,-0.637437
23057411,-0.275778,-0.312924,-0.647830,-0.637449
23065744,-0.275754,-0.312874,-0.647792,-0.637523
23074077,-0.275743,-0.312849,-0.647800,-0.637531
23082410,-0.275891,-0.312807,-0.647787,-0.637501
23090743,-0.275199,-0.312833,-0.647616,-0.637961
23099076,-0.275416,-0.312798,-0.647592,-0.637909
23107409,-0.275469,-0.312792,-0.647565,-0.637917
23115742,-0.275437,-0.312766,-0.647514,-0.637995
23124075,-0.275512,-0.312731,-0.647481,-0.638014
23132408,-0.275548,-0.312713,-0.647468,-0.638020
23140741,-0.275505,-0.312724,-0.647416,-0.638086
23149074,-0.275639,-0.312719,-0.647393,-0.638053
23157407,-0.275632,-0.312744,-0.647317,-0.638122
23165740,-0.275630,-0.312735,-0.647268,-0.638176
23174073,-0.275743,-0.312712,-0.647228,-0.638180
23182406,-0.275552,-0.312832,-0.647196,-0.638235
23190739,-0.275675,-0.312880,-0.647205,-0.638150
23199072,-0.275764,-0.312797,-0.647137,-0.638221
23207405,-0.275832,-0.312811,-0.647075,-0.638247
23215738,-0.275776,-0.312814,-0.647070,-0.638275
23224071,-0.275704,-0.312843,-0.647035,-0.638327
23232404,-0.275260,-0.312882,-0.646936,-0.638600
23240737,-0.275383,-0.313014,-0.646968,-0.638450
23249070,-0.275558,-0.312964,-0.646964,-0.638404
23257403,-0.275245,-0.312988,-0.646893,-0.638598
23265736,-0.275512,-0.312988,-0.646933,-0.638443
23274069,-0.275587,-0.312962,-0.646958,-0.638398
23282402,-0.275471,-0.313072,-0.646933,-0.638420
23290735,-0.275404,-0.313109,-0.646925,-0.638438
23299068,-0.275433,-0.313101,-0.646888,-0.638467
23307401,-0.275691,-0.313079,-0.646982,-0.638272
23315734,-0.275780,-0.312992,-0.646955,-0.638303
23324067,-0.275691,-0.313027,-0.646975,-0.638303
23332400,-0.275763,-0.312981,-0.646944,-0.638326
23340733,-0.275737,-0.312966,-0.646937,-0.638352
23349066,-0.275719,-0.312964,-0.646947,-0.638351
23357399,-0.275750,-0.312968,-0.646943,-0.638341
23365732,-0.275817,-0.312932,-0.646970,-0.638301
23374065,-0.275882,-0.312926,-0.646955,-0.638291
23382398,-0.275811,-0.312931,-0.646954,-0.638321
23390731,-0.275925,-0.312937,-0.646972,-0.638250
23399064,-0.275956,-0.312952,-0.646981,-0.638220
23407397,-0.276001,-0.312957,-0.646993,-0.638185
23415730,-0.275453,-0.313004,-0.646875,-0.638519
23424063,-0.274753,-0.313169,-0.646784,-0.638832
23432396,-0.275548,-0.313094,-0.646904,-0.638405
23440729,-0.275820,-0.313030,-0.646975,-0.638247
23449062,-0.275777,-0.313020,-0.646986,-0.638259
23457395,-0.275664,-0.313104,-0.647018,-0.638234
23465728,-0.275566,-0.313085,-0.647007,-0.638297
23474061,-0.275726,-0.313064,-0.647024,-0.638221
23482394,-0.275745,-0.313093,-0.647014,-0.638209
23490727,-0.275653,-0.313180,-0.647075,-0.638145
23499060,-0.275541,-0.313221,-0.647081,-0.638166
23507393,-0.275281,-0.313173,-0.646997,-0.638387
23515726,-0.275251,-0.313175,-0.646964,-0.638432
23524059,-0.275406,-0.313250,-0.647040,-0.638252
23532392,-0.275670,-0.313193,-0.647067,-0.638139
23540725,-0.275649,-0.313186,-0.647047,-0.638171
23549058,-0.275615,-0.313228,-0.647053,-0.638159
23557391,-0.275649,-0.313221,-0.647058,-0.638143
23565724,-0.275840,-0.313209,-0.647126,-0.637997
23574057,-0.275933,-0.313236,-0.647157,-0.637913
23582390,-0.275958,-0.313234,-0.647157,-0.637903
23590723,-0.275329,-0.313300,-0.647029,-0.638272
23599056,-0.275483,-0.313378,-0.647092,-0.638103
23607389,-0.275285,-0.313355,-0.647012,-0.638280
23615722,-0.275531,-0.313425,-0.647088,-0.638064
23624055,-0.275272,-0.313386,-0.646996,-0.638288
23632388,-0.275237,-0.313365,-0.646988,-0.638321
23640721,-0.275562,-0.313329,-0.647061,-0.638124
23649054,-0.275661,-0.313303,-0.647080,-0.638074
23657387,-0.275524,-0.313386,-0.647117,-0.638056
23665720,-0.275163,-0.313346,-0.647036,-0.638314
23674053,-0.274975,-0.313442,-0.647054,-0.638329
23682386,-0.275397,-0.313365,-0.647089,-0.638149
23690719,-0.275495,-0.313313,-0.647111,-0.638110
23699052,-0.275408,-0.313392,-0.647170,-0.638050
23707385,-0.275373,-0.313357,-0.647118,-0.638134
23715718,-0.275044,-0.313371,-0.647065,-0.638323
23724051,-0.275380,-0.313359,-0.647101,-0.638147
23732384,-0.275411,-0.313421,-0.647168,-0.638036
23740717,-0.275415,-0.313371,-0.647148,-0.638078
23749050,-0.275287,-0.313424,-0.647167,-0.638089
23757383,-0.275397,-0.313361,-0.647169,-0.638070
23765716,-0.275434,-0.313342,-0.647167,-0.638066
23774049,-0.275534,-0.313348,-0.647176,-0.638011
23782382,-0.275606,-0.313326,-0.647229,-0.637936
23790715,-0.275682,-0.313322,-0.647234,-0.637900
23799048,-0.275683,-0.313398,-0.647267,-0.637830
23807381,-0.275600,-0.313419,-0.647292,-0.637829
23815714,-0.275703,-0.313352,-0.647308,-0.637801
23824047,-0.275650,-0.313325,-0.647295,-0.637850
23832380,-0.275740,-0.313330,-0.647321,-0.637784
23840713,-0.275544,-0.313351,-0.647271,-0.637908
23849046,-0.275657,-0.313368,-0.647300,-0.637821
23857379,-0.275563,-0.313449,-0.647337,-0.637785
23865712,-0.275643,-0.313384,-0.647324,-0.637795
23874045,-0.275719,-0.313350,-0.647334,-0.637769
23882378,-0.275170,-0.313416,-0.647222,-0.638088
23890711,-0.275386,-0.313425,-0.647244,-0.637968
23899044,-0.275468,-0.313401,-0.647261,-0.637927
23907377,-0.275466,-0.313392,-0.647270,-0.637923
23915710,-0.275481,-0.313386,-0.647256,-0.637933
23924043,-0.275438,-0.313369,-0.647249,-0.637967
23932376,-0.275301,-0.313478,-0.647249,-0.637973
23940709,-0.275327,-0.313503,-0.647253,-0.637945
23949042,-0.275072,-0.313442,-0.647178,-0.638162
23957375,-0.275277,-0.313471,-0.647244,-0.637992
23965708,-0.275427,-0.313431,-0.647239,-0.637952
23974041,-0.275253,-0.313488,-0.647258,-0.637980
23982374,-0.275369,-0.313431,-0.647253,-0.637963
23990707,-0.275420,-0.313394,-0.647294,-0.637917
23999040,-0.275466,-0.313382,-0.647310,-0.637887
24007373,-0.275530,-0.313402,-0.647330,-0.637830
24015706,-0.275417,-0.313492,-0.647378,-0.637785
24024039,-0.275434,-0.313502,-0.647404,-0.637747
24032372,-0.275445,-0.313505,-0.647418,-0.637725
24040705,-0.275553,-0.313435,-0.647387,-0.637745
24049038,-0.275657,-0.313402,-0.647402,-0.637702
24057371,-0.275489,-0.313408,-0.647399,-0.637774
24065704,-0.275567,-0.313412,-0.647417,-0.637720
24074037,-0.275514,-0.313425,-0.647400,-0.637754
24082370,-0.275560,-0.313407,-0.647429,-0.637713
24090703,-0.275012,-0.313467,-0.647319,-0.638032
24099036,-0.275142,-0.313455,-0.647370,-0.637931
24107369,-0.275286,-0.313433,-0.647385,-0.637864
24115702,-0.275277,-0.313450,-0.647387,-0.637857
24124035,-0.275228,-0.313454,-0.647399,-0.637864
24132368,-0.275117,-0.313552,-0.647406,-0.637857
24140701,-0.275207,-0.313495,-0.647388,-0.637864
24149034,-0.275283,-0.313469,-0.647415,-0.637817
24157367,-0.275366,-0.313457,-0.647435,-0.637766
24165700,-0.275296,-0.313459,-0.647424,-0.637807
24174033,-0.275368,-0.313449,-0.647453,-0.637752
24182366,-0.275402,-0.313446,-0.647464,-0.637727
24190699,-0.275354,-0.313451,-0.647443,-0.637767
24199032,-0.275318,-0.313471,-0.647423,-0.637793
24207365,-0.275356,-0.313464,-0.647432,-0.637771
24215698,-0.275393,-0.313454,-0.647461,-0.637730
24224031,-0.275409,-0.313498,-0.647467,-0.637695
24232364,-0.275343,-0.313537,-0.647496,-0.637676
24240697,-0.275400,-0.313477,-0.647487,-0.637689
24249030,-0.275473,-0.313443,-0.647490,-0.637672
24257363,-0.275429,-0.313516,-0.647506,-0.637639
24265696,-0.275261,-0.313560,-0.647503,-0.637692
24274029,-0.274824,-0.313517,-0.647385,-0.638022
24282362,-0.275115,-0.313509,-0.647410,-0.637875
24290695,-0.275078,-0.313585,-0.647482,-0.637781
24299028,-0.275129,-0.313544,-0.647469,-0.637791
24307361,-0.275224,-0.313511,-0.647471,-0.637765
24315694,-0.275189,-0.313510,-0.647477,-0.637774
24324027,-0.275165,-0.313514,-0.647493,-0.637766
24332360,-0.275151,-0.313503,-0.647478,-0.637793
24340693,-0.275268,-0.313476,-0.647523,-0.637710
24349026,-0.275137,-0.313495,-0.647488,-0.637793
24357359,-0.275205,-0.313569,-0.647555,-0.637659
24365692,-0.275297,-0.313587,-0.647584,-0.637581
24374025,-0.275232,-0.313551,-0.647513,-0.637699
24382358,-0.275345,-0.313551,-0.647554,-0.637609
24390691,-0.274768,-0.313583,-0.647467,-0.637930
24399024,-0.275025,-0.313499,-0.647482,-0.637845
24407357,-0.275142,-0.313563,-0.647510,-0.637735
24415690,-0.275161,-0.313518,-0.647493,-0.637766
24424023,-0.275246,-0.313489,-0.647521,-0.637715
24432356,-0.275245,-0.313516,-0.647507,-0.637717
24440689,-0.274774,-0.313641,-0.647446,-0.637921
24449022,-0.274711,-0.313591,-0.647423,-0.637995
24457355,-0.275158,-0.313537,-0.647485,-0.637767
24465688,-0.275234,-0.313505,-0.647516,-0.637718
24474021,-0.274930,-0.313582,-0.647524,-0.637803
24482354,-0.274750,-0.313542,-0.647434,-0.637991
24490687,-0.275027,-0.313572,-0.647509,-0.637781
24499020,-0.275199,-0.313509,-0.647485,-0.637762
24507353,-0.275065,-0.313481,-0.647475,-0.637844
24515686,-0.275005,-0.313548,-0.647500,-0.637811
24524019,-0.275167,-0.313481,-0.647491,-0.637783
24532352,-0.275239,-0.313512,-0.647545,-0.637682
24540685,-0.275168,-0.313522,-0.647550,-0.637703
24549018,-0.275203,-0.313457,-0.647518,-0.637753
24557351,-0.275191,-0.313435,-0.647500,-0.637787
24565684,-0.275264,-0.313427,-0.647537,-0.637721
24574017,-0.275300,-0.313412,-0.647555,-0.637696
24582350,-0.275454,-0.313407,-0.647589,-0.637597
24590683,-0.275428,-0.313503,-0.647640,-0.637510
24599016,-0.275502,-0.313461,-0.647622,-0.637516
24607349,-0.275468,-0.313427,-0.647607,-0.637562
24615682,-0.275437,-0.313420,-0.647617,-0.637570
24624015,-0.275517,-0.313429,-0.647629,-0.637518
24632348,-0.275219,-0.313533,-0.647608,-0.637616
24640681,-0.275331,-0.313466,-0.647624,-0.637585
24649014,-0.275261,-0.313507,-0.647639,-0.637580
24657347,-0.275293,-0.313467,-0.647628,-0.637597
24665680,-0.275429,-0.313450,-0.647645,-0.637530
24674013,-0.275297,-0.313553,-0.647653,-0.637528
24682346,-0.275072,-0.313560,-0.647649,-0.637625
24690679,-0.274155,-0.313630,-0.647457,-0.638180
24699012,-0.274934,-0.313555,-0.647523,-0.637816
24707345,-0.275166,-0.313514,-0.647561,-0.637697
24715678,-0.275042,-0.313604,-0.647602,-0.637664
24724011,-0.274928,-0.313663,-0.647596,-0.637691
24732344,-0.275013,-0.313586,-0.647583,-0.637705
24740677,-0.275046,-0.313634,-0.647628,-0.637622
24749010,-0.275048,-0.313553,-0.647623,-0.637665
24757343,-0.275056,-0.313554,-0.647630,-0.637654
24765676,-0.274303,-0.313628,-0.647476,-0.638098
24774009,-0.274777,-0.313609,-0.647551,-0.637829
24782342,-0.274878,-0.313686,-0.647619,-0.637677
24790675,-0.274625,-0.313716,-0.647578,-0.637814
24799008,-0.274610,-0.313632,-0.647528,-0.637912
24807341,-0.274817,-0.313592,-0.647565,-0.637805
24815674,-0.274582,-0.313679,-0.647553,-0.637876
24824007,-0.274782,-0.313676,-0.647607,-0.637736
24832340,-0.274814,-0.313689,-0.647607,-0.637716
24840673,-0.274907,-0.313682,-0.647611,-0.637675
24849006,-0.274840,-0.313677,-0.647591,-0.637727
24857339,-0.274976,-0.313579,-0.647559,-0.637749
24865672,-0.275059,-0.313520,-0.647541,-0.637760
24874005,-0.275140,-0.313501,-0.647537,-0.637739
24882338,-0.274726,-0.313545,-0.647469,-0.637965
24890671,-0.274856,-0.313637,-0.647525,-0.637806
24899004,-0.274924,-0.313664,-0.647556,-0.637732
24907337,-0.274906,-0.313581,-0.647549,-0.637788
24915670,-0.274883,-0.313627,-0.647580,-0.637744
24924003,-0.274232,-0.313639,-0.647417,-0.638184
24932336,-0.274378,-0.313714,-0.647469,-0.638031
24940669,-0.274790,-0.313726,-0.647555,-0.637760
24949002,-0.274890,-0.313710,-0.647584,-0.637696
24957335,-0.274899,-0.313644,-0.647553,-0.637756
24965668,-0.275037,-0.313584,-0.647595,-0.637684
24974001,-0.274995,-0.313573,-0.647609,-0.637693
24982334,-0.275084,-0.313595,-0.647621,-0.637632
24990667,-0.275072,-0.313666,-0.647675,-0.637547
24999000,-0.275071,-0.313611,-0.647665,-0.637585
25007333,-0.274986,-0.313663,-0.647705,-0.637555
25015666,-0.275083,-0.313596,-0.647698,-0.637553
25023999,-0.274981,-0.313678,-0.647725,-0.637529
25032332,-0.274939,-0.313712,-0.647715,-0.637540
25040665,-0.275011,-0.313694,-0.647743,-0.637491
25048998,-0.275052,-0.313621,-0.647686,-0.637567
25057331,-0.274995,-0.313663,-0.647709,-0.637547
25065664,-0.275038,-0.313689,-0.647705,-0.637520
25073997,-0.275155,-0.313592,-0.647708,-0.637514
25082330,-0.275060,-0.313559,-0.647678,-0.637602
25090663,-0.275031,-0.313625,-0.647735,-0.637524
25098996,-0.274921,-0.313658,-0.647693,-0.637597
25107329,-0.275058,-0.313641,-0.647718,-0.637521
25115662,-0.275119,-0.313630,-0.647725,-0.637493
25123995,-0.274960,-0.313642,-0.647676,-0.637606
25132328,-0.274983,-0.313552,-0.647661,-0.637656
25140661,-0.275072,-0.313532,-0.647660,-0.637628
25148994,-0.275129,-0.313542,-0.647667,-0.637591
25157327,-0.275001,-0.313599,-0.647693,-0.637592
25165660,-0.275195,-0.313552,-0.647700,-0.637524
25173993,-0.275185,-0.313650,-0.647702,-0.637479
25182326,-0.275263,-0.313570,-0.647705,-0.637481
25190659,-0.275258,-0.313545,-0.647716,-0.637485
25198992,-0.275205,-0.313557,-0.647740,-0.637477
25207325,-0.275153,-0.313569,-0.647710,-0.637524
25215658,-0.275123,-0.313646,-0.647750,-0.637459
25223991,-0.275089,-0.313663,-0.647774,-0.637440
25232324,-0.275125,-0.313570,-0.647732,-0.637514
25240657,-0.275103,-0.313553,-0.647720,-0.637544
25248990,-0.274917,-0.313646,-0.647742,-0.637555
25257323,-0.275022,-0.313676,-0.647770,-0.637467
25265656,-0.274971,-0.313593,-0.647730,-0.637571
25273989,-0.275031,-0.313569,-0.647744,-0.637542
25282322,-0.274823,-0.313653,-0.647744,-0.637591
25290655,-0.274932,-0.313685,-0.647755,-0.637516
25298988,-0.274887,-0.313697,-0.647743,-0.637542
25307321,-0.275050,-0.313590,-0.647743,-0.637525
25315654,-0.275031,-0.313643,-0.647775,-0.637474
25323987,-0.274875,-0.313604,-0.647717,-0.637620
25332320,-0.274966,-0.313590,-0.647714,-0.637591
25340653,-0.274977,-0.313564,-0.647733,-0.637580
25348986,-0.274852,-0.313655,-0.647757,-0.637564
25357319,-0.274942,-0.313678,-0.647786,-0.637484
25365652,-0.275048,-0.313582,-0.647747,-0.637526
25373985,-0.275031,-0.313658,-0.647771,-0.637471
25382318,-0.275067,-0.313580,-0.647743,-0.637523
25390651,-0.275084,-0.313560,-0.647762,-0.637505
25398984,-0.274862,-0.313641,-0.647768,-0.637556
25407317,-0.274786,-0.313674,-0.647763,-0.637577
25415650,-0.274925,-0.313683,-0.647788,-0.637487
25423983,-0.275046,-0.313647,-0.647820,-0.637420
25432316,-0.275138,-0.313567,-0.647792,-0.637448
25440649,-0.274995,-0.313564,-0.647758,-0.637546
25448982,-0.274478,-0.313574,-0.647653,-0.637870
25457315,-0.274540,-0.313700,-0.647689,-0.637746
25465648,-0.274768,-0.313622,-0.647700,-0.637675
25473981,-0.274710,-0.313666,-0.647732,-0.637645
25482314,-0.274814,-0.313593,-0.647724,-0.637644
25490647,-0.274941,-0.313565,-0.647718,-0.637610
25498980,-0.274886,-0.313552,-0.647738,-0.637619
25507313,-0.274918,-0.313570,-0.647761,-0.637573
25515646,-0.274935,-0.313637,-0.647795,-0.637499
25523979,-0.274745,-0.313669,-0.647776,-0.637584
25532312,-0.274913,-0.313540,-0.647733,-0.637618
25540645,-0.274468,-0.313638,-0.647651,-0.637845
25548978,-0.274585,-0.313655,-0.647677,-0.637760
25557311,-0.274818,-0.313561,-0.647687,-0.637696
25565644,-0.274848,-0.313645,-0.647695,-0.637634
25573977,-0.274888,-0.313574,-0.647680,-0.637666
25582310,-0.274783,-0.313640,-0.647723,-0.637635
25590643,-0.274874,-0.313666,-0.647763,-0.637544
25598976,-0.274988,-0.313557,-0.647774,-0.637537
25607309,-0.274960,-0.313551,-0.647779,-0.637546
25615642,-0.274940,-0.313634,-0.647817,-0.637476
25623975,-0.275048,-0.313563,-0.647773,-0.637508
25632308,-0.274846,-0.313625,-0.647778,-0.637560
25640641,-0.274940,-0.313585,-0.647759,-0.637559
25648974,-0.275109,-0.313569,-0.647790,-0.637461
25657307,-0.275045,-0.313622,-0.647833,-0.637419
25665640,-0.275062,-0.313566,-0.647813,-0.637460
25673973,-0.274400,-0.313665,-0.647703,-0.637809
25682306,-0.274619,-0.313627,-0.647696,-0.637740
25690639,-0.274608,-0.313668,-0.647719,-0.637701
25698972,-0.274703,-0.313675,-0.647724,-0.637652
25707305,-0.274836,-0.313569,-0.647723,-0.637648
25715638,-0.274868,-0.313619,-0.647759,-0.637573
25723971,-0.274702,-0.313642,-0.647755,-0.637637
25732304,-0.274698,-0.313650,-0.647750,-0.637639
25740637,-0.274803,-0.313628,-0.647760,-0.637596
25748970,-0.274841,-0.313643,-0.647780,-0.637552
25757303,-0.274908,-0.313633,-0.647809,-0.637498
25765636,-0.274896,-0.313636,-0.647784,-0.637527
25773969,-0.274977,-0.313627,-0.647810,-0.637470
25782302,-0.274854,-0.313665,-0.647765,-0.637550
25790635,-0.274877,-0.313670,-0.647770,-0.637532
25798968,-0.275090,-0.313551,-0.647816,-0.637452
25807301,-0.275027,-0.313612,-0.647830,-0.637435
25815634,-0.274899,-0.313559,-0.647783,-0.637564
25823967,-0.274931,-0.313565,-0.647755,-0.637576
25832300,-0.274954,-0.313632,-0.647820,-0.637467
25840633,-0.274864,-0.313569,-0.647773,-0.637585
25848966,-0.274906,-0.313615,-0.647827,-0.637488
25857299,-0.274775,-0.313664,-0.647822,-0.637527
25865632,-0.274798,-0.313659,-0.647826,-0.637515
25873965,-0.274853,-0.313654,-0.647830,-0.637490
25882298,-0.274926,-0.313663,-0.647829,-0.637455
25890631,-0.274750,-0.313704,-0.647799,-0.637542
25898964,-0.274702,-0.313615,-0.647782,-0.637623
25907297,-0.274737,-0.313655,-0.647813,-0.637556
25915630,-0.274896,-0.313591,-0.647826,-0.637506
25923963,-0.274962,-0.313660,-0.647859,-0.637411
25932296,-0.274953,-0.313616,-0.647821,-0.637474
25940629,-0.274923,-0.313580,-0.647816,-0.637510
25948962,-0.274779,-0.313661,-0.647849,-0.637499
25957295,-0.274841,-0.313620,-0.647824,-0.637518
25965628,-0.274965,-0.313584,-0.647832,-0.637474
25973961,-0.274845,-0.313594,-0.647805,-0.637549
25982294,-0.274843,-0.313671,-0.647842,-0.637473
25990627,-0.275012,-0.313641,-0.647834,-0.637423
25998960,-0.274790,-0.313651,-0.647803,-0.637546
26007293,-0.274825,-0.313658,-0.647825,-0.637504
26015626,-0.274873,-0.313602,-0.647798,-0.637540
26023959,-0.274821,-0.313675,-0.647804,-0.637520
26032292,-0.274810,-0.313669,-0.647827,-0.637504
26040625,-0.274923,-0.313666,-0.647847,-0.637436
26048958,-0.275002,-0.313602,-0.647830,-0.637451
26057291,-0.274806,-0.313579,-0.647795,-0.637582
26065624,-0.274853,-0.313572,-0.647813,-0.637548
26073957,-0.274992,-0.313590,-0.647838,-0.637453
26082290,-0.275026,-0.313577,-0.647874,-0.637408
26090623,-0.274733,-0.313676,-0.647850,-0.637511
26098956,-0.274704,-0.313633,-0.647802,-0.637593
26107289,-0.274314,-0.313657,-0.647712,-0.637840
26115622,-0.274460,-0.313722,-0.647805,-0.637651
26123955,-0.274651,-0.313637,-0.647793,-0.637623
26132288,-0.274584,-0.313710,-0.647778,-0.637631
26140621,-0.274651,-0.313730,-0.647791,-0.637579
26148954,-0.274663,-0.313735,-0.647796,-0.637566
26157287,-0.274820,-0.313627,-0.647795,-0.637553
26165620,-0.274688,-0.313682,-0.647801,-0.637577
26173953,-0.274778,-0.313726,-0.647850,-0.637466
26182286,-0.274823,-0.313705,-0.647859,-0.637448
26190619,-0.274255,-0.313737,-0.647738,-0.637800
26198952,-0.274617,-0.313648,-0.647746,-0.637680
26207285,-0.274545,-0.313692,-0.647793,-0.637642
26215618,-0.274624,-0.313660,-0.647768,-0.637648
26223951,-0.274627,-0.313715,-0.647824,-0.637563
26232284,-0.274643,-0.313742,-0.647852,-0.637515
26240617,-0.274707,-0.313713,-0.647854,-0.637499
26248950,-0.274768,-0.313712,-0.647861,-0.637466
26257283,-0.274255,-0.313773,-0.647746,-0.637774
26265616,-0.274598,-0.313669,-0.647757,-0.637666
26273949,-0.274564,-0.313691,-0.647792,-0.637635
26282282,-0.274634,-0.313700,-0.647794,-0.637598
26290615,-0.274709,-0.313711,-0.647804,-0.637551
26298948,-0.274753,-0.313622,-0.647785,-0.637594
26307281,-0.274804,-0.313602,-0.647776,-0.637591
26315614,-0.274785,-0.313602,-0.647755,-0.637621
26323947,-0.274639,-0.313691,-0.647746,-0.637649
26332280,-0.274809,-0.313697,-0.647807,-0.637511
26340613,-0.274967,-0.313705,-0.647828,-0.637417
26348946,-0.274989,-0.313668,-0.647744,-0.637512
26357279,-0.274880,-0.313740,-0.647747,-0.637520
26365612,-0.274982,-0.313665,-0.647719,-0.637541
26373945,-0.275152,-0.313715,-0.647729,-0.637433
26382278,-0.275072,-0.313756,-0.647675,-0.637503
26390611,-0.275191,-0.313703,-0.647673,-0.637479
26398944,-0.275271,-0.313664,-0.647639,-0.637498
26407277,-0.275411,-0.313523,-0.647596,-0.637551
26415610,-0.275335,-0.313533,-0.647618,-0.637557
26423943,-0.275381,-0.313467,-0.647617,-0.637570
26432276,-0.274271,-0.313366,-0.647319,-0.638400
26440609,-0.275177,-0.313286,-0.647536,-0.637830
26448942,-0.274484,-0.313278,-0.647384,-0.638287
26457275,-0.274159,-0.313195,-0.647333,-0.638519
26465608,-0.275323,-0.312920,-0.647506,-0.637977
26473941,-0.275838,-0.312770,-0.647645,-0.637686
26482274,-0.275637,-0.312746,-0.647671,-0.637759
26490607,-0.275629,-0.312571,-0.647696,-0.637823
26498940,-0.275662,-0.312524,-0.647725,-0.637802
26507273,-0.275758,-0.312535,-0.647703,-0.637778
26515606,-0.275927,-0.312392,-0.647691,-0.637787
26523939,-0.275989,-0.312325,-0.647693,-0.637791
26532272,-0.275935,-0.312306,-0.647774,-0.637740
26540605,-0.275996,-0.312193,-0.647765,-0.637779
26548938,-0.276072,-0.312149,-0.647722,-0.637812
26557271,-0.276169,-0.312200,-0.647654,-0.637813
26565604,-0.276248,-0.312210,-0.647627,-0.637802
26573937,-0.276325,-0.312209,-0.647585,-0.637811
26582270,-0.276444,-0.312217,-0.647555,-0.637786
26590603,-0.276372,-0.312243,-0.647516,-0.637845
26598936,-0.272851,-0.312607,-0.646939,-0.639765
26607269,-0.275431,-0.312385,-0.647179,-0.638524
26615602,-0.276565,-0.312277,-0.647299,-0.637965
26623935,-0.277204,-0.312250,-0.647374,-0.637624
26632268,-0.276992,-0.312285,-0.647297,-0.637777
26640601,-0.276135,-0.312375,-0.647131,-0.638274
26648934,-0.276298,-0.312392,-0.647159,-0.638166
26657267,-0.276207,-0.312386,-0.647227,-0.638140
26665600,-0.276104,-0.312402,-0.647215,-0.638188
26673933,-0.276095,-0.312473,-0.647077,-0.638297
26682266,-0.276014,-0.312504,-0.646995,-0.638400
26690599,-0.275829,-0.312652,-0.646978,-0.638425
26698932,-0.275784,-0.312627,-0.646906,-0.638530
26707265,-0.275572,-0.312746,-0.646873,-0.638596
26715598,-0.275489,-0.312708,-0.646901,-0.638623
26723931,-0.275465,-0.312682,-0.646903,-0.638644
26732264,-0.274863,-0.312823,-0.646790,-0.638949
26740597,-0.274684,-0.312928,-0.646705,-0.639059
26748930,-0.274689,-0.312919,-0.646567,-0.639202
26757263,-0.274772,-0.312924,-0.646759,-0.638970
26765596,-0.274676,-0.312968,-0.646783,-0.638965
26773929,-0.274249,-0.312941,-0.646640,-0.639307
26782262,-0.273683,-0.312996,-0.646563,-0.639600
26790595,-0.273713,-0.313086,-0.646621,-0.639484
26798928,-0.274090,-0.313146,-0.646510,-0.639405
26807261,-0.273787,-0.313148,-0.646510,-0.639534
26815594,-0.274024,-0.313079,-0.646426,-0.639551
26823927,-0.273931,-0.313158,-0.646404,-0.639575
26832260,-0.273827,-0.313186,-0.646385,-0.639625
26840593,-0.273777,-0.313169,-0.646303,-0.639737
26848926,-0.273803,-0.313070,-0.646249,-0.639829
26857259,-0.273872,-0.313022,-0.646260,-0.639812
26865592,-0.273771,-0.312994,-0.646252,-0.639877
26873925,-0.273639,-0.312976,-0.646205,-0.639990
26882258,-0.273382,-0.313026,-0.646223,-0.640057
26890591,-0.273374,-0.313045,-0.646171,-0.640104
26898924,-0.273290,-0.313009,-0.646103,-0.640226
26907257,-0.273241,-0.312957,-0.646126,-0.640248
26915590,-0.273368,-0.312842,-0.646052,-0.640325
26923923,-0.273279,-0.312862,-0.645988,-0.640418
26932256,-0.273338,-0.312769,-0.645953,-0.640474
26940589,-0.273198,-0.312797,-0.645926,-0.640547
26948922,-0.272675,-0.312851,-0.645796,-0.640875
26957255,-0.272442,-0.312758,-0.645852,-0.640962
26965588,-0.272971,-0.312725,-0.645798,-0.640809
26973921,-0.272579,-0.312674,-0.645799,-0.640998
26982254,-0.272488,-0.312654,-0.645715,-0.641132
26990587,-0.272555,-0.312707,-0.645534,-0.641260
26998920,-0.272565,-0.312696,-0.645469,-0.641327
27007253,-0.272590,-0.312670,-0.645425,-0.641372
27015586,-0.272706,-0.312672,-0.645366,-0.641382
27023919,-0.272718,-0.312687,-0.645338,-0.641398
27032252,-0.272730,-0.312665,-0.645282,-0.641460
27040585,-0.272669,-0.312653,-0.645255,-0.641519
27048918,-0.272621,-0.312653,-0.645214,-0.641580
27057251,-0.272573,-0.312647,-0.645171,-0.641646
27065584,-0.272502,-0.312618,-0.645113,-0.641749
27073917,-0.272395,-0.312591,-0.645099,-0.641822
27082250,-0.272377,-0.312611,-0.645044,-0.641875
27090583,-0.272307,-0.312617,-0.644997,-0.641948
27098916,-0.272203,-0.312599,-0.644970,-0.642029
27107249,-0.272176,-0.312606,-0.644920,-0.642087
27115582,-0.272113,-0.312587,-0.644856,-0.642187
27123915,-0.272341,-0.312550,-0.644837,-0.642128
27132248,-0.272430,-0.312517,-0.644785,-0.642158
27140581,-0.272131,-0.312568,-0.644714,-0.642331
27148914,-0.272278,-0.312529,-0.644670,-0.642332
27157247,-0.272318,-0.312535,-0.644641,-0.642342
27165580,-0.272285,-0.312529,-0.644605,-0.642395
27173913,-0.272089,-0.312447,-0.644749,-0.642373
27182246,-0.271921,-0.312403,-0.644792,-0.642422
27190579,-0.272002,-0.312336,-0.644709,-0.642504
27198912,-0.271957,-0.312373,-0.644693,-0.642521
27207245,-0.271659,-0.312420,-0.644693,-0.642625
27215578,-0.271835,-0.312408,-0.644694,-0.642555
27223911,-0.271911,-0.312377,-0.644624,-0.642608
27232244,-0.272162,-0.312341,-0.644667,-0.642476
27240577,-0.271855,-0.312323,-0.644600,-0.642682
27248910,-0.271858,-0.312391,-0.644430,-0.642818
27257243,-0.271759,-0.312328,-0.644513,-0.642807
27265576,-0.271494,-0.312308,-0.644537,-0.642905
27273909,-0.271763,-0.312371,-0.644391,-0.642907
27282242,-0.271536,-0.312353,-0.644449,-0.642954
27290575,-0.271641,-0.312301,-0.644485,-0.642898
27298908,-0.271720,-0.312254,-0.644452,-0.642921
27307241,-0.271709,-0.312261,-0.644436,-0.642938
27315574,-0.271617,-0.312260,-0.644451,-0.642963
27323907,-0.272061,-0.312300,-0.644373,-0.642834
27332240,-0.271820,-0.312308,-0.644280,-0.643025
27340573,-0.271799,-0.312239,-0.644257,-0.643090
27348906,-0.272028,-0.312290,-0.644322,-0.642904
27357239,-0.271746,-0.312329,-0.644284,-0.643042
27365572,-0.271773,-0.312169,-0.644529,-0.642863
27373905,-0.271556,-0.312203,-0.644317,-0.643150
27382238,-0.271242,-0.312214,-0.644422,-0.643172
27390571,-0.271184,-0.312214,-0.644473,-0.643146
27398904,-0.271356,-0.312185,-0.644506,-0.643054
27407237,-0.271836,-0.312115,-0.644543,-0.642848
27415570,-0.271546,-0.312121,-0.644471,-0.643040
27423903,-0.271473,-0.312090,-0.644457,-0.643099
27432236,-0.271402,-0.312097,-0.644469,-0.643114
27440569,-0.271434,-0.312080,-0.644466,-0.643112
27448902,-0.271473,-0.312040,-0.644489,-0.643092
27457235,-0.271482,-0.311926,-0.644560,-0.643072
27465568,-0.271365,-0.311939,-0.644533,-0.643142
27473901,-0.271302,-0.311916,-0.644544,-0.643169
27482234,-0.271364,-0.311824,-0.644518,-0.643213
27490567,-0.271288,-0.311800,-0.644543,-0.643232
27498900,-0.271311,-0.311775,-0.644528,-0.643250
27507233,-0.271283,-0.311746,-0.644548,-0.643256
27515566,-0.271320,-0.311722,-0.644501,-0.643299
27523899,-0.271659,-0.311634,-0.644587,-0.643112
27532232,-0.271414,-0.311640,-0.644538,-0.643262
27540565,-0.271391,-0.311617,-0.644471,-0.643350
27548898,-0.271136,-0.311626,-0.644412,-0.643512
27557231,-0.271437,-0.311558,-0.644444,-0.643386
27565564,-0.271524,-0.311557,-0.644459,-0.643335
27573897,-0.271576,-0.311573,-0.644426,-0.643338
27582230,-0.271338,-0.311590,-0.644393,-0.643463
27590563,-0.271918,-0.311477,-0.644463,-0.643203
27598896,-0.272133,-0.311515,-0.644513,-0.643044
27607229,-0.272037,-0.311548,-0.644503,-0.643078
27615562,-0.271938,-0.311545,-0.644435,-0.643189
27623895,-0.272216,-0.311517,-0.644536,-0.642984
27632228,-0.272244,-0.311537,-0.644559,-0.642939
27640561,-0.271595,-0.311599,-0.644403,-0.643340
27648894,-0.271313,-0.311495,-0.644540,-0.643372
27657227,-0.271391,-0.311513,-0.644565,-0.643306
27665560,-0.271536,-0.311548,-0.644529,-0.643264
27673893,-0.271894,-0.311408,-0.644545,-0.643164
27682226,-0.271590,-0.311486,-0.644639,-0.643161
27690559,-0.271940,-0.311593,-0.644484,-0.643116
27698892,-0.271476,-0.311642,-0.644322,-0.643451
27707225,-0.271322,-0.311688,-0.644278,-0.643538
27715558,-0.271821,-0.311673,-0.644334,-0.643278
27723891,-0.272465,-0.311620,-0.644492,-0.642873
27732224,-0.271774,-0.311736,-0.644285,-0.643317
27740557,-0.271511,-0.311774,-0.644260,-0.643434
27748890,-0.271497,-0.311761,-0.644299,-0.643408
27757223,-0.271536,-0.311756,-0.644289,-0.643404
27765556,-0.271571,-0.311763,-0.644274,-0.643401
27773889,-0.271270,-0.311622,-0.644586,-0.643284
27782222,-0.271400,-0.311701,-0.644383,-0.643393
27790555,-0.271464,-0.311744,-0.644330,-0.643398
27798888,-0.271470,-0.311734,-0.644314,-0.643417
27807221,-0.271380,-0.311750,-0.644373,-0.643388
27815554,-0.271513,-0.311678,-0.644310,-0.643430
27823887,-0.271474,-0.311707,-0.644369,-0.643374
27832220,-0.271451,-0.311757,-0.644321,-0.643407
27840553,-0.271406,-0.311752,-0.644369,-0.643380
27848886,-0.271434,-0.311744,-0.644339,-0.643402
27857219,-0.271441,-0.311748,-0.644347,-0.643390
27865552,-0.271512,-0.311745,-0.644340,-0.643367
27873885,-0.271662,-0.311729,-0.644358,-0.643294
27882218,-0.271686,-0.311638,-0.644308,-0.643378
27890551,-0.271631,-0.311651,-0.644308,-0.643396
27898884,-0.271608,-0.311679,-0.644287,-0.643412
27907217,-0.271724,-0.311697,-0.644348,-0.643294
27915550,-0.271738,-0.311706,-0.644364,-0.643267
27923883,-0.271807,-0.311649,-0.644342,-0.643288
27932216,-0.271697,-0.311659,-0.644288,-0.643384
27940549,-0.271719,-0.311674,-0.644325,-0.643330
27948882,-0.271746,-0.311664,-0.644296,-0.643353
27957215,-0.271867,-0.311656,-0.644365,-0.643236
27965548,-0.271772,-0.311650,-0.644309,-0.643335
27973881,-0.271841,-0.311588,-0.644345,-0.643300
27982214,-0.271827,-0.311648,-0.644350,-0.643272
27990547,-0.271699,-0.311675,-0.644341,-0.643321
27998880,-0.271680,-0.311691,-0.644346,-0.643317
28007213,-0.271718,-0.311692,-0.644337,-0.643309
28015546,-0.271702,-0.311703,-0.644334,-0.643313
28023879,-0.271961,-0.311705,-0.644396,-0.643141
28032212,-0.271899,-0.311691,-0.644386,-0.643185
28040545,-0.271865,-0.311696,-0.644386,-0.643196
28048878,-0.271727,-0.311701,-0.644352,-0.643286
28057211,-0.271743,-0.311731,-0.644315,-0.643302
28065544,-0.271896,-0.311731,-0.644353,-0.643199
28073877,-0.272039,-0.311658,-0.644327,-0.643200
28082210,-0.271927,-0.311719,-0.644355,-0.643190
28090543,-0.272003,-0.311728,-0.644414,-0.643095
28098876,-0.271878,-0.311773,-0.644374,-0.643166
28107209,-0.271864,-0.311772,-0.644349,-0.643197
28115542,-0.271995,-0.311754,-0.644349,-0.643150
28123875,-0.272155,-0.311677,-0.644364,-0.643105
28132208,-0.271950,-0.311751,-0.644350,-0.643170
28140541,-0.271997,-0.311797,-0.644385,-0.643092
28148874,-0.271986,-0.311790,-0.644359,-0.643127
28157207,-0.271955,-0.311789,-0.644373,-0.643126
28165540,-0.272038,-0.311721,-0.644347,-0.643151
28173873,-0.271914,-0.311808,-0.644360,-0.643148
28182206,-0.271944,-0.311829,-0.644378,-0.643106
28190539,-0.271975,-0.311830,-0.644390,-0.643081
28198872,-0.272012,-0.311820,-0.644393,-0.643067
28207205,-0.271940,-0.311825,-0.644400,-0.643089
28215538,-0.271825,-0.311835,-0.644371,-0.643161
28223871,-0.271885,-0.311788,-0.644322,-0.643207
28232204,-0.271905,-0.311816,-0.644381,-0.643126
28240537,-0.271926,-0.311843,-0.644406,-0.643079
28248870,-0.271981,-0.311863,-0.644402,-0.643050
28257203,-0.271901,-0.311852,-0.644419,-0.643073
28265536,-0.271887,-0.311883,-0.644448,-0.643035
28273869,-0.271898,-0.311879,-0.644454,-0.643026
28282202,-0.271861,-0.311836,-0.644414,-0.643102
28290535,-0.271798,-0.311863,-0.644409,-0.643121
28298868,-0.271781,-0.311867,-0.644394,-0.643141
28307201,-0.271821,-0.311863,-0.644452,-0.643068
28315534,-0.271895,-0.311865,-0.644472,-0.643016
28323867,-0.271869,-0.311860,-0.644492,-0.643009
28332200,-0.271814,-0.311890,-0.644484,-0.643025
28340533,-0.271742,-0.311909,-0.644464,-0.643067
28348866,-0.271723,-0.311910,-0.644475,-0.643064
28357199,-0.271744,-0.311925,-0.644454,-0.643068
28365532,-0.271732,-0.311922,-0.644501,-0.643028
28373865,-0.271612,-0.311864,-0.644649,-0.642958
28382198,-0.271809,-0.311874,-0.644503,-0.643017
28390531,-0.271799,-0.311920,-0.644518,-0.642984
28398864,-0.271724,-0.311917,-0.644539,-0.642995
28407197,-0.271717,-0.311927,-0.644565,-0.642968
28415530,-0.271742,-0.311945,-0.644524,-0.642990
28423863,-0.271738,-0.311961,-0.644509,-0.642998
28432196,-0.271676,-0.311972,-0.644503,-0.643026
28440529,-0.271748,-0.312004,-0.644514,-0.642968
28448862,-0.271795,-0.311993,-0.644553,-0.642915
28457195,-0.271710,-0.312002,-0.644519,-0.642980
28465528,-0.271709,-0.312028,-0.644483,-0.643004
28473861,-0.271679,-0.312013,-0.644486,-0.643021
28482194,-0.271683,-0.312052,-0.644476,-0.643010
28490527,-0.271746,-0.312055,-0.644471,-0.642987
28498860,-0.271642,-0.312041,-0.644471,-0.643038
28507193,-0.271764,-0.311993,-0.644458,-0.643023
28515526,-0.271778,-0.312000,-0.644422,-0.643050
28523859,-0.271832,-0.312038,-0.644462,-0.642969
28532192,-0.271744,-0.312075,-0.644447,-0.643003
28540525,-0.271712,-0.312063,-0.644544,-0.642925
28548858,-0.271780,-0.312053,-0.644554,-0.642891
28557191,-0.271700,-0.312049,-0.644538,-0.642943
28565524,-0.271793,-0.312084,-0.644487,-0.642937
28573857,-0.271696,-0.312053,-0.644548,-0.642932
28582190,-0.271784,-0.311987,-0.644554,-0.642922
28590523,-0.271735,-0.312047,-0.644554,-0.642913
28598856,-0.271767,-0.312103,-0.644513,-0.642914
28607189,-0.271847,-0.312089,-0.644527,-0.642872
28615522,-0.271741,-0.312058,-0.644602,-0.642857
28623855,-0.271782,-0.312084,-0.644584,-0.642845
28632188,-0.271877,-0.311995,-0.644538,-0.642894
28640521,-0.271756,-0.312042,-0.644525,-0.642935
28648854,-0.271784,-0.312010,-0.644547,-0.642916
28657187,-0.271674,-0.312054,-0.644537,-0.642952
28665520,-0.271694,-0.312073,-0.644550,-0.642922
28673853,-0.271715,-0.311990,-0.644443,-0.643061
28682186,-0.271773,-0.312038,-0.644526,-0.642930
28690519,-0.271751,-0.312062,-0.644532,-0.642921
28698852,-0.271774,-0.312063,-0.644518,-0.642925
28707185,-0.271730,-0.312068,-0.644530,-0.642929
28715518,-0.272373,-0.312008,-0.644679,-0.642537
28723851,-0.272148,-0.312021,-0.644647,-0.642657
28732184,-0.271998,-0.311986,-0.644701,-0.642684
28740517,-0.272844,-0.311895,-0.644779,-0.642291
28748850,-0.273014,-0.311909,-0.644873,-0.642117
28757183,-0.272932,-0.311946,-0.644882,-0.642125
28765516,-0.272901,-0.311929,-0.644906,-0.642123
28773849,-0.272099,-0.311989,-0.644691,-0.642650
28782182,-0.271832,-0.311993,-0.644704,-0.642747
28790515,-0.271926,-0.312051,-0.644707,-0.642677
28798848,-0.271704,-0.312046,-0.644612,-0.642868
28807181,-0.271783,-0.312059,-0.644660,-0.642780
28815514,-0.272703,-0.311917,-0.644846,-0.642273
28823847,-0.272167,-0.311973,-0.644719,-0.642600
28832180,-0.271753,-0.312019,-0.644665,-0.642807
28840513,-0.272690,-0.311985,-0.644809,-0.642283
28848846,-0.271946,-0.312011,-0.644743,-0.642652
28857179,-0.271928,-0.312011,-0.644658,-0.642744
28865512,-0.271878,-0.311979,-0.644740,-0.642699
28873845,-0.272268,-0.311942,-0.644812,-0.642479
28882178,-0.272815,-0.311958,-0.644856,-0.642195
28890511,-0.272100,-0.311940,-0.644811,-0.642552
28898844,-0.271821,-0.312017,-0.644734,-0.642710
28907177,-0.272180,-0.311986,-0.644815,-0.642492
28915510,-0.272009,-0.311986,-0.644734,-0.642646
28923843,-0.271951,-0.311979,-0.644687,-0.642721
28932176,-0.271830,-0.311995,-0.644714,-0.642738
28940509,-0.272601,-0.311929,-0.644918,-0.642238
28948842,-0.271932,-0.311967,-0.644757,-0.642664
28957175,-0.271801,-0.311978,-0.644724,-0.642748
28965508,-0.271816,-0.312022,-0.644705,-0.642739
28973841,-0.271703,-0.312013,-0.644756,-0.642741
28982174,-0.271821,-0.312033,-0.644748,-0.642688
28990507,-0.272363,-0.311933,-0.644841,-0.642414
28998840,-0.272392,-0.311990,-0.644873,-0.642342
29007173,-0.271827,-0.311881,-0.644938,-0.642570
29015506,-0.272502,-0.311894,-0.645013,-0.642202
29023839,-0.272052,-0.311871,-0.644835,-0.642583
29032172,-0.272156,-0.311937,-0.644870,-0.642471
29040505,-0.272705,-0.311964,-0.644986,-0.642109
29048838,-0.272403,-0.311983,-0.644938,-0.642276
29057171,-0.271950,-0.311930,-0.644808,-0.642625
29065504,-0.272225,-0.311918,-0.644873,-0.642448
29073837,-0.272651,-0.311967,-0.644992,-0.642124
29082170,-0.271939,-0.312041,-0.644861,-0.642521
29090503,-0.271278,-0.312097,-0.644692,-0.642944
29098836,-0.271496,-0.312100,-0.644726,-0.642815
29107169,-0.272121,-0.312054,-0.644851,-0.642448
29115502,-0.272291,-0.312040,-0.644905,-0.642329
29123835,-0.271763,-0.312071,-0.644810,-0.642633
29132168,-0.272053,-0.312065,-0.644888,-0.642435
29140501,-0.272121,-0.312012,-0.644971,-0.642347
29148834,-0.272166,-0.311960,-0.644996,-0.642329
29157167,-0.272143,-0.311980,-0.644973,-0.642352
29165500,-0.272253,-0.311970,-0.645004,-0.642280
29173833,-0.272191,-0.311976,-0.644996,-0.642311
29182166,-0.272148,-0.312000,-0.644957,-0.642357
29190499,-0.271538,-0.312020,-0.644862,-0.642700
29198832,-0.272072,-0.311978,-0.644887,-0.642469
29207165,-0.272244,-0.311998,-0.644931,-0.642342
29215498,-0.271850,-0.312012,-0.644829,-0.642605
29223831,-0.272058,-0.312018,-0.644882,-0.642461
29232164,-0.272566,-0.311973,-0.644953,-0.642196
29240497,-0.272720,-0.311942,-0.644987,-0.642112
29248830,-0.272289,-0.311975,-0.644910,-0.642356
29257163,-0.270173,-0.312247,-0.644330,-0.643699
29265496,-0.271656,-0.312119,-0.644716,-0.642749
29273829,-0.272120,-0.312041,-0.644861,-0.642445
29282162,-0.271889,-0.312028,-0.644848,-0.642562
29290495,-0.272148,-0.312050,-0.644916,-0.642373
29298828,-0.272301,-0.311956,-0.644908,-0.642363
29307161,-0.271959,-0.311981,-0.644797,-0.642607
29315494,-0.272134,-0.312018,-0.644875,-0.642436
29323827,-0.272685,-0.312009,-0.645023,-0.642057
29332160,-0.272366,-0.312020,-0.644921,-0.642290
29340493,-0.271750,-0.312062,-0.644830,-0.642622
29348826,-0.272161,-0.312013,-0.644864,-0.642438
29357159,-0.272323,-0.311967,-0.644878,-0.642377
29365492,-0.271801,-0.312066,-0.644829,-0.642601
29373825,-0.272061,-0.312068,-0.644922,-0.642396
29382158,-0.271572,-0.312131,-0.644823,-0.642671
29390491,-0.271399,-0.312140,-0.644810,-0.642753
29398824,-0.271443,-0.312158,-0.644784,-0.642752
29407157,-0.272033,-0.312122,-0.644910,-0.642394
29415490,-0.272027,-0.312090,-0.644906,-0.642415
29423823,-0.271933,-0.312114,-0.644919,-0.642430
29432156,-0.271532,-0.312160,-0.644803,-0.642694
29440489,-0.271822,-0.312171,-0.644879,-0.642490
29448822,-0.272187,-0.312075,-0.644932,-0.642329
29457155,-0.272249,-0.312066,-0.644935,-0.642303
29465488,-0.271978,-0.312069,-0.644934,-0.642418
29473821,-0.271908,-0.312081,-0.644916,-0.642460
29482154,-0.272107,-0.312062,-0.644916,-0.642385
29490487,-0.272548,-0.312038,-0.644989,-0.642136
29498820,-0.272256,-0.312050,-0.644955,-0.642288
29507153,-0.271889,-0.312064,-0.644904,-0.642489
29515486,-0.271978,-0.311987,-0.644855,-0.642538
29523819,-0.271947,-0.312060,-0.644884,-0.642486
29532152,-0.271998,-0.312088,-0.644905,-0.642429
29540485,-0.272558,-0.312045,-0.644995,-0.642123
29548818,-0.272268,-0.312043,-0.644938,-0.642304
29557151,-0.272099,-0.312040,-0.644933,-0.642382
29565484,-0.271766,-0.312063,-0.644860,-0.642585
29573817,-0.272079,-0.312050,-0.644929,-0.642390
29582150,-0.271776,-0.312069,-0.644878,-0.642560
29590483,-0.272082,-0.312052,-0.644919,-0.642398
29598816,-0.272608,-0.312007,-0.644985,-0.642130
29607149,-0.271902,-0.312035,-0.644849,-0.642552
29615482,-0.272020,-0.312039,-0.644912,-0.642437
29623815,-0.272223,-0.312005,-0.644924,-0.642355
29632148,-0.271820,-0.312048,-0.644848,-0.642582
29640481,-0.271660,-0.312068,-0.644824,-0.642663
29648814,-0.272519,-0.312021,-0.644944,-0.642202
29657147,-0.272343,-0.312011,-0.644935,-0.642291
29665480,-0.271813,-0.312010,-0.644860,-0.642590
29673813,-0.271507,-0.312037,-0.644799,-0.642768
29682146,-0.271553,-0.312048,-0.644731,-0.642812
29690479,-0.271609,-0.312010,-0.644785,-0.642753
29698812,-0.271744,-0.311998,-0.644832,-0.642654
29707145,-0.271634,-0.311998,-0.644794,-0.642738
29715478,-0.271704,-0.311980,-0.644784,-0.642727
29723811,-0.271717,-0.311989,-0.644765,-0.642737
29732144,-0.271732,-0.311984,-0.644754,-0.642744
29740477,-0.271743,-0.311979,-0.644721,-0.642775
29748810,-0.271762,-0.311915,-0.644792,-0.642727
29757143,-0.271739,-0.311973,-0.644761,-0.642740
29765476,-0.271653,-0.311993,-0.644800,-0.642727
29773809,-0.271666,-0.311987,-0.644814,-0.642710
29782142,-0.271663,-0.311960,-0.644808,-0.642731
29790475,-0.271610,-0.311949,-0.644817,-0.642749
29798808,-0.271589,-0.311937,-0.644787,-0.642794
29807141,-0.271548,-0.311915,-0.644781,-0.642828
29815474,-0.271535,-0.311888,-0.644802,-0.642825
29823807,-0.271552,-0.311850,-0.644729,-0.642910
29832140,-0.271679,-0.311754,-0.644700,-0.642932
29840473,-0.271610,-0.311774,-0.644686,-0.642966
29848806,-0.271513,-0.311749,-0.644675,-0.643030
29857139,-0.271555,-0.311746,-0.644678,-0.643010
29865472,-0.271536,-0.311727,-0.644662,-0.643044
29873805,-0.271542,-0.311727,-0.644651,-0.643053
29882138,-0.271596,-0.311731,-0.644639,-0.643039
29890471,-0.271671,-0.311672,-0.644647,-0.643029
29898804,-0.271628,-0.311750,-0.644642,-0.643014
29907137,-0.271660,-0.311790,-0.644602,-0.643021
29915470,-0.271671,-0.311792,-0.644636,-0.642982
29923803,-0.271763,-0.311795,-0.644595,-0.642982
29932136,-0.271806,-0.311787,-0.644601,-0.642962
29940469,-0.271827,-0.311797,-0.644581,-0.642968
29948802,-0.271925,-0.311793,-0.644567,-0.642942
29957135,-0.272013,-0.311792,-0.644544,-0.642929
29965468,-0.272058,-0.311797,-0.644519,-0.642933
29973801,-0.272105,-0.311772,-0.644544,-0.642900
29982134,-0.272173,-0.311762,-0.644552,-0.642868
29990467,-0.272245,-0.311749,-0.644525,-0.642870
29998800,-0.272251,-0.311733,-0.644506,-0.642895
30007133,-0.272416,-0.311604,-0.644479,-0.642915
30015466,-0.272393,-0.311639,-0.644498,-0.642888
30023799,-0.272422,-0.311645,-0.644454,-0.642918
30032132,-0.272513,-0.311589,-0.644411,-0.642950
30040465,-0.272543,-0.311552,-0.644405,-0.642961
30048798,-0.272566,-0.311533,-0.644387,-0.642977
30057131,-0.272617,-0.311514,-0.644359,-0.642993
30065464,-0.272647,-0.311502,-0.644301,-0.643045
30073797,-0.272555,-0.311429,-0.644434,-0.642985
30082130,-0.272689,-0.311368,-0.644332,-0.643061
30090463,-0.272531,-0.311365,-0.644473,-0.642988
30098796,-0.272539,-0.311269,-0.644486,-0.643018
30107129,-0.272455,-0.311316,-0.644481,-0.643036
30115462,-0.272503,-0.311325,-0.644436,-0.643056
30123795,-0.272448,-0.311302,-0.644448,-0.643079
30132128,-0.272510,-0.311299,-0.644418,-0.643084
30140461,-0.272575,-0.311197,-0.644393,-0.643131
30148794,-0.272489,-0.311240,-0.644402,-0.643137
30157127,-0.272516,-0.311263,-0.644388,-0.643129
30165460,-0.272513,-0.311255,-0.644382,-0.643140
30173793,-0.272552,-0.311217,-0.644398,-0.643126
30182126,-0.272588,-0.311183,-0.644399,-0.643126
30190459,-0.272575,-0.311180,-0.644401,-0.643131
30198792,-0.272601,-0.311157,-0.644420,-0.643111
30207125,-0.272622,-0.311139,-0.644433,-0.643098
30215458,-0.272620,-0.311145,-0.644433,-0.643097
30223791,-0.272676,-0.311170,-0.644414,-0.643080
30232124,-0.272705,-0.311184,-0.644406,-0.643069
30240457,-0.272604,-0.311107,-0.644527,-0.643028
30248790,-0.272619,-0.311114,-0.644518,-0.643027
30257123,-0.272637,-0.311140,-0.644500,-0.643025
30265456,-0.272582,-0.311129,-0.644559,-0.642994
30273789,-0.272621,-0.311083,-0.644555,-0.643004
30282122,-0.272649,-0.311073,-0.644593,-0.642959
30290455,-0.272613,-0.311092,-0.644628,-0.642930
30298788,-0.272655,-0.311020,-0.644647,-0.642927
30307121,-0.272589,-0.311049,-0.644723,-0.642865
30315454,-0.272570,-0.311082,-0.644773,-0.642807
30323787,-0.271694,-0.311155,-0.644763,-0.643153
30332120,-0.271482,-0.311183,-0.644796,-0.643195
30340453,-0.271551,-0.311212,-0.644810,-0.643139
30348786,-0.271693,-0.311229,-0.644885,-0.642995
30357119,-0.271789,-0.311226,-0.644890,-0.642951
30365452,-0.272567,-0.311138,-0.644921,-0.642633
30373785,-0.272646,-0.311142,-0.645050,-0.642468
30382118,-0.272759,-0.311211,-0.644997,-0.642440
30390451,-0.272624,-0.311263,-0.645004,-0.642465
30398784,-0.272593,-0.311297,-0.645059,-0.642407
30407117,-0.272515,-0.311241,-0.645184,-0.642341
30415450,-0.272251,-0.311167,-0.645344,-0.642328
30423783,-0.271419,-0.311210,-0.645549,-0.642454
30432116,-0.270716,-0.311213,-0.645702,-0.642595
30440449,-0.270177,-0.311245,-0.645745,-0.642763
30448782,-0.269492,-0.311227,-0.645860,-0.642943
30457115,-0.268935,-0.311130,-0.645967,-0.643116
30465448,-0.268370,-0.311061,-0.646160,-0.643192
30473781,-0.267835,-0.310952,-0.646276,-0.643351
30482114,-0.267291,-0.310861,-0.646397,-0.643499
30490447,-0.266762,-0.310720,-0.646514,-0.643670
30498780,-0.266224,-0.310603,-0.646639,-0.643824
30507113,-0.265732,-0.310439,-0.646744,-0.644000
30515446,-0.265177,-0.310338,-0.646860,-0.644161
30523779,-0.264690,-0.310236,-0.646903,-0.644368
30532112,-0.264205,-0.310124,-0.646993,-0.644529
30540445,-0.263713,-0.310005,-0.647122,-0.644659
30548778,-0.263198,-0.309918,-0.647261,-0.644772
30557111,-0.262799,-0.309879,-0.647357,-0.644857
30565444,-0.262432,-0.309859,-0.647482,-0.644891
30573777,-0.262078,-0.309876,-0.647588,-0.644920
30582110,-0.261865,-0.309824,-0.647674,-0.644945
30590443,-0.261517,-0.309911,-0.647780,-0.644938
30598776,-0.261201,-0.309970,-0.647851,-0.644966
30607109,-0.260893,-0.309990,-0.647967,-0.644965
30615442,-0.260675,-0.309981,-0.648000,-0.645025
30623775,-0.260452,-0.310008,-0.648060,-0.645042
30632108,-0.260237,-0.310044,-0.648099,-0.645071
30640441,-0.259977,-0.310104,-0.648132,-0.645115
30648774,-0.259832,-0.310140,-0.648098,-0.645190
30657107,-0.259712,-0.310202,-0.648080,-0.645226
30665440,-0.259605,-0.310251,-0.648071,-0.645254
30673773,-0.259529,-0.310309,-0.648073,-0.645255
30682106,-0.259449,-0.310379,-0.648070,-0.645256
30690439,-0.259380,-0.310436,-0.648006,-0.645322
30698772,-0.259348,-0.310496,-0.647996,-0.645315
30707105,-0.259278,-0.310551,-0.648000,-0.645313
30715438,-0.259200,-0.310611,-0.648063,-0.645252
30723771,-0.259082,-0.310670,-0.648153,-0.645181
30732104,-0.259002,-0.310744,-0.648216,-0.645114
30740437,-0.258913,-0.310858,-0.648343,-0.644967
30748770,-0.258849,-0.310923,-0.648449,-0.644855
30757103,-0.258812,-0.310922,-0.648604,-0.644714
30765436,-0.258672,-0.310970,-0.648741,-0.644610
30773769,-0.258533,-0.311016,-0.648908,-0.644475
30782102,-0.258449,-0.311107,-0.649125,-0.644247
30790435,-0.258382,-0.311124,-0.649329,-0.644060
30798768,-0.258447,-0.311206,-0.649463,-0.643859
30807101,-0.258439,-0.311289,-0.649632,-0.643651
30815434,-0.258396,-0.311340,-0.649810,-0.643464
30823767,-0.258527,-0.311395,-0.649863,-0.643331
30832100,-0.258596,-0.311416,-0.649990,-0.643165
30840433,-0.258743,-0.311351,-0.650134,-0.642992
30848766,-0.258718,-0.311464,-0.650337,-0.642742
30857099,-0.258813,-0.311630,-0.650530,-0.642428
30865432,-0.259021,-0.311716,-0.650662,-0.642169
30873765,-0.259212,-0.311813,-0.650818,-0.641886
30882098,-0.259379,-0.311904,-0.651000,-0.641590
30890431,-0.259629,-0.311997,-0.651170,-0.641271
30898764,-0.259990,-0.312179,-0.651387,-0.640815
30907097,-0.260258,-0.312384,-0.651536,-0.640455
30915430,-0.260416,-0.312568,-0.651730,-0.640104
30923763,-0.260566,-0.312712,-0.651913,-0.639786
30932096,-0.260592,-0.312875,-0.652096,-0.639509
30940429,-0.260522,-0.312985,-0.652298,-0.639277
30948762,-0.260449,-0.312995,-0.652521,-0.639075
30957095,-0.260301,-0.312997,-0.652769,-0.638881
30965428,-0.259866,-0.312963,-0.653010,-0.638828
30973761,-0.259348,-0.312821,-0.653115,-0.639002
30982094,-0.258755,-0.312645,-0.653179,-0.639263
30990427,-0.258286,-0.312517,-0.653302,-0.639388
30998760,-0.257788,-0.312363,-0.653403,-0.639561
31007093,-0.257526,-0.312197,-0.653464,-0.639686
31015426,-0.257340,-0.312246,-0.653600,-0.639598
31023759,-0.257600,-0.312260,-0.653803,-0.639278
31032092,-0.257831,-0.312227,-0.653878,-0.639125
31040425,-0.258039,-0.312353,-0.653983,-0.638873
31048758,-0.258268,-0.312452,-0.654038,-0.638675
31057091,-0.258490,-0.312527,-0.654069,-0.638516
31065424,-0.259057,-0.312541,-0.654028,-0.638322
31073757,-0.259492,-0.312673,-0.654057,-0.638052
31082090,-0.259976,-0.312771,-0.654058,-0.637804
31090423,-0.260528,-0.312815,-0.654072,-0.637543
31098756,-0.260965,-0.312978,-0.654052,-0.637305
31107089,-0.261449,-0.313108,-0.654019,-0.637077
31115422,-0.261978,-0.313257,-0.653941,-0.636867
31123755,-0.262582,-0.313367,-0.653835,-0.636672
31132088,-0.263081,-0.313430,-0.653754,-0.636519
31140421,-0.263619,-0.313508,-0.653651,-0.636364
31148754,-0.264177,-0.313554,-0.653499,-0.636265
31157087,-0.264678,-0.313594,-0.653411,-0.636127
31165420,-0.265197,-0.313649,-0.653329,-0.635969
31173753,-0.265691,-0.313623,-0.653269,-0.635837
31182086,-0.266426,-0.313527,-0.653214,-0.635633
31190419,-0.266957,-0.313604,-0.653132,-0.635457
31198752,-0.267437,-0.313673,-0.653058,-0.635297
31207085,-0.268028,-0.313635,-0.652982,-0.635145
31215418,-0.268635,-0.313670,-0.652918,-0.634936
31223751,-0.269182,-0.313797,-0.652880,-0.634681
31232084,-0.269779,-0.313877,-0.652792,-0.634479
31240417,-0.270382,-0.313903,-0.652688,-0.634316
31248750,-0.271048,-0.313897,-0.652563,-0.634163
31257083,-0.271770,-0.313921,-0.652416,-0.633993
31265416,-0.272416,-0.314033,-0.652320,-0.633759
31273749,-0.273202,-0.314130,-0.652199,-0.633498
31282082,-0.274004,-0.314187,-0.652033,-0.633294
31290415,-0.274601,-0.314091,-0.651876,-0.633245
31298748,-0.275456,-0.314259,-0.651547,-0.633128
31307081,-0.276109,-0.314413,-0.651338,-0.632982
31315414,-0.276523,-0.314285,-0.651261,-0.632944
31323747,-0.277021,-0.314282,-0.651088,-0.632907
31332080,-0.277839,-0.314089,-0.651024,-0.632709
31340413,-0.278365,-0.314051,-0.650902,-0.632622
31348746,-0.278684,-0.314071,-0.650810,-0.632567
31357079,-0.279075,-0.314062,-0.650760,-0.632450
31365412,-0.279413,-0.314124,-0.650726,-0.632305
31373745,-0.279565,-0.314290,-0.650744,-0.632137
31382078,-0.279433,-0.314409,-0.650734,-0.632147
31390411,-0.279570,-0.314498,-0.650770,-0.632005
31398744,-0.279778,-0.314589,-0.650779,-0.631858
31407077,-0.279978,-0.314634,-0.650811,-0.631714
31415410,-0.280097,-0.314681,-0.650865,-0.631582
31423743,-0.280150,-0.314691,-0.650952,-0.631465
31432076,-0.280357,-0.314611,-0.650991,-0.631372
31440409,-0.280315,-0.314808,-0.651247,-0.631028
31448742,-0.280362,-0.314871,-0.651323,-0.630898
31457075,-0.280417,-0.314699,-0.651240,-0.631044
31465408,-0.280496,-0.314829,-0.651294,-0.630889
31473741,-0.280564,-0.314921,-0.651335,-0.630771
31482074,-0.280659,-0.314919,-0.651323,-0.630741
31490407,-0.280669,-0.314733,-0.651221,-0.630935
31498740,-0.280677,-0.314692,-0.651224,-0.630949
31507073,-0.280729,-0.314741,-0.651221,-0.630905
31515406,-0.280794,-0.314762,-0.651186,-0.630901
31523739,-0.280793,-0.314937,-0.651299,-0.630698
31532072,-0.280813,-0.314782,-0.651229,-0.630838
31540405,-0.280849,-0.314899,-0.651276,-0.630716
31548738,-0.280871,-0.314961,-0.651234,-0.630718
31557071,-0.280791,-0.314889,-0.651233,-0.630791
31565404,-0.280642,-0.314727,-0.651246,-0.630924
31573737,-0.280481,-0.314611,-0.651239,-0.631061
31582070,-0.280391,-0.314373,-0.651182,-0.631278
31590403,-0.280182,-0.314395,-0.651050,-0.631496
31598736,-0.279730,-0.314164,-0.651086,-0.631775
31607069,-0.279354,-0.313926,-0.651120,-0.632024
31615402,-0.278916,-0.313470,-0.651065,-0.632501
31623735,-0.278506,-0.313205,-0.651028,-0.632850
31632068,-0.278100,-0.313088,-0.651062,-0.633051
31640401,-0.277814,-0.312707,-0.650966,-0.633464
31648734,-0.277363,-0.312517,-0.650928,-0.633795
31657067,-0.276924,-0.312251,-0.650920,-0.634126
31665400,-0.276686,-0.311916,-0.650859,-0.634457
31673733,-0.276288,-0.311773,-0.650884,-0.634675
31682066,-0.276005,-0.311573,-0.650916,-0.634864
31690399,-0.275777,-0.311305,-0.650921,-0.635088
31698732,-0.275632,-0.311218,-0.650975,-0.635139
31707065,-0.275420,-0.311093,-0.651036,-0.635230
31715398,-0.275315,-0.310851,-0.650955,-0.635477
31723731,-0.275184,-0.310850,-0.650978,-0.635511
31732064,-0.275151,-0.310818,-0.651068,-0.635449
31740397,-0.275163,-0.310790,-0.651160,-0.635363
31748730,-0.275280,-0.310731,-0.651350,-0.635146
31757063,-0.275326,-0.310733,-0.651462,-0.635010
31765396,-0.275350,-0.310687,-0.651599,-0.634881
31773729,-0.275509,-0.310617,-0.651779,-0.634662
31782062,-0.275481,-0.310765,-0.652034,-0.634340
31790395,-0.275629,-0.310776,-0.652260,-0.634038
31798728,-0.275700,-0.310753,-0.652506,-0.633765
31807061,-0.275720,-0.310723,-0.652738,-0.633531
31815394,-0.276139,-0.310599,-0.653094,-0.633043
31823727,-0.276185,-0.310522,-0.653493,-0.632650
31832060,-0.276105,-0.310477,-0.653890,-0.632296
31840393,-0.275810,-0.310463,-0.654264,-0.632044
31848726,-0.275791,-0.310322,-0.654729,-0.631640
31857059,-0.276251,-0.310012,-0.655319,-0.630980
31865392,-0.276372,-0.309648,-0.655822,-0.630582
31873725,-0.276734,-0.309208,-0.656385,-0.630053
31882058,-0.277268,-0.308802,-0.657072,-0.629301
31890391,-0.278156,-0.308002,-0.657780,-0.628562
31898724,-0.279174,-0.307076,-0.658473,-0.627838
31907057,-0.280329,-0.306140,-0.659194,-0.627022
31915390,-0.281785,-0.305123,-0.659891,-0.626132
31923723,-0.283216,-0.304119,-0.660435,-0.625401
31932056,-0.284540,-0.303127,-0.660973,-0.624713
31940389,-0.285798,-0.302267,-0.661464,-0.624035
31948722,-0.287117,-0.301414,-0.661773,-0.623514
31957055,-0.288251,-0.300731,-0.661912,-0.623173
31965388,-0.289169,-0.300218,-0.661990,-0.622912
31973721,-0.289911,-0.299772,-0.661901,-0.622876
31982054,-0.290607,-0.299421,-0.661557,-0.623087
31990387,-0.291073,-0.299096,-0.661043,-0.623571
31998720,-0.291603,-0.298860,-0.660314,-0.624208
32007053,-0.292187,-0.298575,-0.659393,-0.625044
32015386,-0.292841,-0.298291,-0.658365,-0.625957
32023719,-0.293298,-0.298045,-0.657519,-0.626749
32032052,-0.293799,-0.297841,-0.657084,-0.627067
32040385,-0.294445,-0.297705,-0.656812,-0.627114
32048718,-0.295081,-0.297622,-0.656626,-0.627049
32057051,-0.295575,-0.297615,-0.656586,-0.626861
32065384,-0.296024,-0.297692,-0.656604,-0.626595
32073717,-0.296478,-0.297807,-0.656614,-0.626315
32082050,-0.296879,-0.297851,-0.656589,-0.626129
32090383,-0.297328,-0.297830,-0.656513,-0.626007
32098716,-0.297730,-0.297797,-0.656399,-0.625951
32107049,-0.298223,-0.297834,-0.656228,-0.625878
32115382,-0.298716,-0.297817,-0.656027,-0.625861
32123714,-0.299365,-0.297787,-0.655737,-0.625869
32132047,-0.300097,-0.297890,-0.655455,-0.625765
32140380,-0.300738,-0.297941,-0.655345,-0.625548
32148714,-0.301391,-0.298013,-0.655122,-0.625433
32157047,-0.302039,-0.298114,-0.654881,-0.625325
32165380,-0.302645,-0.298200,-0.654583,-0.625302
32173713,-0.303081,-0.298212,-0.654407,-0.625270
32182046,-0.303374,-0.298132,-0.654334,-0.625243
32190379,-0.303645,-0.298114,-0.654283,-0.625174
32198712,-0.303964,-0.298115,-0.654168,-0.625139
32207045,-0.304264,-0.298097,-0.654054,-0.625119
32215378,-0.304596,-0.298065,-0.653934,-0.625099
32223711,-0.304904,-0.298035,-0.653843,-0.625059
32232044,-0.305249,-0.298013,-0.653787,-0.624959
32240377,-0.305631,-0.298022,-0.653730,-0.624828
32248710,-0.305993,-0.298024,-0.653689,-0.624692
32257043,-0.306310,-0.297987,-0.653606,-0.624641
32265376,-0.306599,-0.297885,-0.653465,-0.624696
32273709,-0.306897,-0.297889,-0.653333,-0.624686
32282041,-0.306970,-0.297807,-0.653466,-0.624550
32290374,-0.307081,-0.297769,-0.653458,-0.624522
32298707,-0.307129,-0.297720,-0.653498,-0.624479
32307040,-0.307198,-0.297622,-0.653545,-0.624444
32315374,-0.307229,-0.297522,-0.653567,-0.624452
32323707,-0.307179,-0.297423,-0.653669,-0.624418
32332040,-0.307207,-0.297356,-0.653686,-0.624418
32340373,-0.307243,-0.297264,-0.653696,-0.624434
32348706,-0.307280,-0.297227,-0.653662,-0.624469
32357039,-0.307393,-0.297217,-0.653528,-0.624558
32365372,-0.307313,-0.297140,-0.653634,-0.624523
32373705,-0.307290,-0.297086,-0.653604,-0.624592
32382038,-0.307259,-0.297083,-0.653575,-0.624639
32390371,-0.307228,-0.297034,-0.653551,-0.624702
32398704,-0.307157,-0.297022,-0.653563,-0.624731
32407037,-0.307105,-0.297072,-0.653591,-0.624703
32415370,-0.307052,-0.297021,-0.653580,-0.624765
32423703,-0.306986,-0.296980,-0.653575,-0.624822
32432036,-0.306914,-0.296977,-0.653573,-0.624860
32440369,-0.306825,-0.296989,-0.653611,-0.624859
32448701,-0.306863,-0.297040,-0.653504,-0.624928
32457034,-0.306736,-0.297005,-0.653628,-0.624877
32465367,-0.306680,-0.297047,-0.653674,-0.624837
32473701,-0.306739,-0.297116,-0.653602,-0.624850
32482034,-0.306696,-0.297129,-0.653649,-0.624816
32490367,-0.306596,-0.297139,-0.653790,-0.624712
32498700,-0.306632,-0.297228,-0.653744,-0.624701
32507033,-0.306627,-0.297327,-0.653762,-0.624637
32515366,-0.306527,-0.297390,-0.653899,-0.624513
32523699,-0.306483,-0.297450,-0.653977,-0.624424
32532032,-0.306473,-0.297519,-0.654002,-0.624370
32540365,-0.306483,-0.297608,-0.653976,-0.624350
32548698,-0.306516,-0.297685,-0.653973,-0.624300
32557031,-0.306558,-0.297765,-0.653938,-0.624278
32565364,-0.306534,-0.297855,-0.653962,-0.624223
32573697,-0.306458,-0.297841,-0.654096,-0.624125
32582030,-0.306398,-0.297880,-0.654179,-0.624049
32590363,-0.306406,-0.297943,-0.654191,-0.624002
32598696,-0.306412,-0.298030,-0.654227,-0.623920
32607028,-0.306528,-0.298091,-0.654123,-0.623943
32615361,-0.306530,-0.298137,-0.654148,-0.623894
32623694,-0.306429,-0.298156,-0.654266,-0.623811
32632028,-0.306490,-0.298239,-0.654230,-0.623779
32640361,-0.306459,-0.298265,-0.654251,-0.623760
32648694,-0.306365,-0.298272,-0.654361,-0.623688
32657027,-0.306328,-0.298312,-0.654429,-0.623615
32665360,-0.306341,-0.298365,-0.654400,-0.623613
32673693,-0.306320,-0.298410,-0.654443,-0.623558
32682026,-0.306310,-0.298446,-0.654520,-0.623464
32690359,-0.306275,-0.298452,-0.654586,-0.623409
32698692,-0.306202,-0.298421,-0.654667,-0.623375
32707025,-0.306148,-0.298424,-0.654704,-0.623361
32715358,-0.306201,-0.298474,-0.654632,-0.623387
32723691,-0.306157,-0.298486,-0.654713,-0.623317
32732024,-0.306075,-0.298580,-0.654822,-0.623198
32740357,-0.305972,-0.298701,-0.654905,-0.623104
32748690,-0.305845,-0.298828,-0.655026,-0.622978
32757023,-0.305751,-0.298965,-0.655095,-0.622886
32765355,-0.305653,-0.299076,-0.655211,-0.622758
32773688,-0.305431,-0.299196,-0.655448,-0.622560
32782021,-0.305224,-0.299305,-0.655631,-0.622417
32790355,-0.305048,-0.299427,-0.655756,-0.622313
32798688,-0.304915,-0.299552,-0.655844,-0.622225
32807021,-0.304761,-0.299681,-0.655989,-0.622085
32815354,-0.304628,-0.299798,-0.656092,-0.621985
32823687,-0.304519,-0.299889,-0.656166,-0.621917
32832020,-0.304401,-0.299957,-0.656254,-0.621849
32840353,-0.304326,-0.300020,-0.656336,-0.621769
32848686,-0.304225,-0.300055,-0.656439,-0.621693
32857019,-0.304115,-0.300087,-0.656512,-0.621655
32865352,-0.304080,-0.300152,-0.656553,-0.621596
32873685,-0.303968,-0.300132,-0.656622,-0.621588
32882018,-0.303870,-0.300105,-0.656626,-0.621645
32890351,-0.303909,-0.300072,-0.656537,-0.621736
32898684,-0.303952,-0.300012,-0.656404,-0.621885
32907017,-0.304056,-0.299832,-0.656228,-0.622106
32915350,-0.304214,-0.299655,-0.655957,-0.622399
32923683,-0.304336,-0.299470,-0.655774,-0.622622
32932015,-0.304440,-0.299373,-0.655655,-0.622743
32940348,-0.304622,-0.299296,-0.655537,-0.622815
32948681,-0.304837,-0.299212,-0.655469,-0.622822
32957015,-0.304959,-0.299118,-0.655470,-0.622806
32965348,-0.305092,-0.299065,-0.655492,-0.622744
32973681,-0.305260,-0.299015,-0.655441,-0.622738
32982014,-0.305351,-0.299026,-0.655452,-0.622677
32990347,-0.305530,-0.298991,-0.655431,-0.622628
32998680,-0.305696,-0.299019,-0.655401,-0.622565
33007013,-0.305864,-0.299049,-0.655365,-0.622505
33015346,-0.306107,-0.299055,-0.655299,-0.622453
33023679,-0.306404,-0.299076,-0.655197,-0.622405
33032012,-0.306740,-0.299106,-0.655065,-0.622364
33040345,-0.307024,-0.299152,-0.654963,-0.622309
33048678,-0.307360,-0.299178,-0.654860,-0.622239
33057011,-0.307693,-0.299228,-0.654742,-0.622175
33065344,-0.307981,-0.299258,-0.654646,-0.622118
33073677,-0.308241,-0.299270,-0.654531,-0.622105
33082010,-0.308468,-0.299270,-0.654444,-0.622084
33090342,-0.308638,-0.299270,-0.654369,-0.622078
33098675,-0.308862,-0.299254,-0.654221,-0.622130
33107008,-0.308994,-0.299245,-0.654154,-0.622139
33115342,-0.309128,-0.299216,-0.654112,-0.622131
33123675,-0.309292,-0.299174,-0.654068,-0.622116
33132008,-0.309450,-0.299160,-0.654002,-0.622114
33140341,-0.309548,-0.299131,-0.653972,-0.622110
33148674,-0.309662,-0.299077,-0.653932,-0.622121
33157007,-0.309742,-0.299029,-0.653922,-0.622115
33165340,-0.309807,-0.298993,-0.653925,-0.622097
33173673,-0.309873,-0.298941,-0.653900,-0.622116
33182006,-0.309904,-0.298897,-0.653892,-0.622129
33190339,-0.309967,-0.298863,-0.653865,-0.622143
33198672,-0.309932,-0.298769,-0.653882,-0.622188
33207005,-0.309864,-0.298679,-0.653862,-0.622285
33215338,-0.309843,-0.298596,-0.653830,-0.622369
33223671,-0.309786,-0.298518,-0.653768,-0.622501
33232004,-0.309741,-0.298455,-0.653710,-0.622614
33240337,-0.309676,-0.298370,-0.653659,-0.622741
33248669,-0.309601,-0.298337,-0.653592,-0.622864
33257002,-0.309555,-0.298309,-0.653542,-0.622953
33265335,-0.309517,-0.298253,-0.653462,-0.623083
33273669,-0.309450,-0.298216,-0.653389,-0.623210
33282002,-0.309372,-0.298182,-0.653321,-0.623336
33290335,-0.309255,-0.298132,-0.653292,-0.623449
33298668,-0.309114,-0.298067,-0.653257,-0.623586
33307001,-0.308987,-0.298046,-0.653203,-0.623716
33315334,-0.308891,-0.298026,-0.653124,-0.623856
33323667,-0.308757,-0.297977,-0.653075,-0.623997
33332000,-0.308655,-0.297918,-0.653010,-0.624143
33340333,-0.308535,-0.297896,-0.652972,-0.624253
33348666,-0.308401,-0.297835,-0.652957,-0.624364
33356999,-0.308280,-0.297813,-0.652917,-0.624476
33365332,-0.308198,-0.297761,-0.652875,-0.624585
33373665,-0.308113,-0.297717,-0.652837,-0.624688
33381998,-0.307960,-0.297683,-0.652865,-0.624750
33390331,-0.307901,-0.297672,-0.652819,-0.624832
33398664,-0.307773,-0.297667,-0.652849,-0.624867
33406997,-0.307651,-0.297630,-0.652867,-0.624926
33415329,-0.307540,-0.297627,-0.652896,-0.624951
33423662,-0.307459,-0.297636,-0.652906,-0.624976
33431995,-0.307376,-0.297613,-0.652908,-0.625026
33440329,-0.307269,-0.297608,-0.652932,-0.625056
33448662,-0.307203,-0.297618,-0.652939,-0.625077
33456995,-0.307098,-0.297655,-0.652971,-0.625077
33465328,-0.307042,-0.297699,-0.652959,-0.625096
33473661,-0.306980,-0.297727,-0.652968,-0.625104
33481994,-0.306893,-0.297756,-0.652993,-0.625106
33490327,-0.306804,-0.297749,-0.653034,-0.625111
33498660,-0.306769,-0.297787,-0.653023,-0.625122
33506993,-0.306689,-0.297834,-0.653047,-0.625113
33515326,-0.306608,-0.297846,-0.653072,-0.625121
33523659,-0.306540,-0.297862,-0.653075,-0.625144
33531992,-0.306447,-0.297912,-0.653110,-0.625129
33540325,-0.306395,-0.297938,-0.653130,-0.625121
33548658,-0.306316,-0.297975,-0.653154,-0.625117
33556991,-0.306224,-0.298011,-0.653192,-0.625105
33565324,-0.306177,-0.298053,-0.653221,-0.625078
33573657,-0.306129,-0.298077,-0.653250,-0.625060
33581990,-0.306097,-0.298118,-0.653276,-0.625028
33590323,-0.305988,-0.298164,-0.653325,-0.625009
33598656,-0.305917,-0.298187,-0.653373,-0.624982
33606989,-0.305854,-0.298223,-0.653419,-0.624948
33615322,-0.305814,-0.298250,-0.653477,-0.624894
33623655,-0.305758,-0.298278,-0.653519,-0.624864
33631988,-0.305721,-0.298309,-0.653552,-0.624833
33640321,-0.305705,-0.298333,-0.653581,-0.624799
33648654,-0.305686,-0.298395,-0.653599,-0.624760
33656987,-0.305776,-0.298442,-0.653603,-0.624689
33665320,-0.305752,-0.298438,-0.653669,-0.624634
33673653,-0.305741,-0.298438,-0.653700,-0.624607
33681986,-0.305754,-0.298467,-0.653693,-0.624593
33690319,-0.305736,-0.298495,-0.653723,-0.624557
33698652,-0.305761,-0.298493,-0.653764,-0.624504
33706985,-0.305817,-0.298554,-0.653771,-0.624440
33715318,-0.305832,-0.298567,-0.653783,-0.624414
33723651,-0.305866,-0.298594,-0.653809,-0.624357
33731984,-0.305883,-0.298613,-0.653836,-0.624311
33740317,-0.305918,-0.298627,-0.653838,-0.624285
33748650,-0.305944,-0.298638,-0.653855,-0.624249
33756983,-0.305945,-0.298662,-0.653858,-0.624234
33765316,-0.305993,-0.298706,-0.653856,-0.624192
33773649,-0.305998,-0.298720,-0.653893,-0.624144
33781982,-0.306012,-0.298745,-0.653912,-0.624105
33790315,-0.306030,-0.298778,-0.653912,-0.624080
33798648,-0.306048,-0.298766,-0.653922,-0.624067
33806981,-0.306063,-0.298783,-0.653933,-0.624040
33815314,-0.306060,-0.298826,-0.653928,-0.624026
33823647,-0.306066,-0.298847,-0.653922,-0.624019
33831980,-0.306065,-0.298844,-0.653938,-0.624004
33840313,-0.306042,-0.298864,-0.653948,-0.623995
33848646,-0.306079,-0.298889,-0.653918,-0.623997
33856979,-0.306046,-0.298901,-0.653922,-0.624004
33865312,-0.306060,-0.298932,-0.653916,-0.623987
33873645,-0.306011,-0.298918,-0.653942,-0.623991
33881978,-0.306042,-0.298952,-0.653914,-0.623990
33890311,-0.306019,-0.298956,-0.653919,-0.623994
33898644,-0.305989,-0.298910,-0.653940,-0.624008
33906977,-0.305947,-0.298899,-0.653941,-0.624033
33915310,-0.305977,-0.298893,-0.653917,-0.624046
33923643,-0.305962,-0.298876,-0.653920,-0.624059
33931976,-0.305940,-0.298890,-0.653914,-0.624069
33940309,-0.305952,-0.298874,-0.653901,-0.624084
33948642,-0.305926,-0.298885,-0.653892,-0.624101
33956975,-0.305917,-0.298863,-0.653883,-0.624126
33965308,-0.305912,-0.298861,-0.653876,-0.624136
33973641,-0.305925,-0.298883,-0.653850,-0.624147
33981974,-0.305906,-0.298839,-0.653873,-0.624152
33990307,-0.305921,-0.298850,-0.653859,-0.624155
33998640,-0.305973,-0.298860,-0.653848,-0.624136
34006973,-0.305994,-0.298871,-0.653823,-0.624147
34015306,-0.305985,-0.298849,-0.653844,-0.624140
34023639,-0.306033,-0.298831,-0.653842,-0.624126
34031972,-0.306048,-0.298807,-0.653815,-0.624159
34040305,-0.306038,-0.298779,-0.653797,-0.624197
34048638,-0.306030,-0.298772,-0.653787,-0.624214
34056971,-0.306071,-0.298767,-0.653782,-0.624202
34065304,-0.306103,-0.298777,-0.653780,-0.624183
34073637,-0.306099,-0.298782,-0.653763,-0.624200
34081970,-0.306101,-0.298767,-0.653766,-0.624204
34090303,-0.306108,-0.298757,-0.653783,-0.624187
34098636,-0.306153,-0.298768,-0.653766,-0.624178
34106969,-0.306169,-0.298745,-0.653756,-0.624191
34115302,-0.306217,-0.298732,-0.653747,-0.624183
34123635,-0.306253,-0.298755,-0.653732,-0.624171
34131968,-0.306295,-0.298736,-0.653720,-0.624172
34140301,-0.306319,-0.298743,-0.653726,-0.624150
34148634,-0.306321,-0.298744,-0.653744,-0.624130
34156967,-0.306346,-0.298753,-0.653737,-0.624121
34165300,-0.306340,-0.298748,-0.653745,-0.624117
34173633,-0.306383,-0.298757,-0.653725,-0.624113
34181966,-0.306352,-0.298740,-0.653741,-0.624120
34190299,-0.306371,-0.298753,-0.653723,-0.624123
34198632,-0.306372,-0.298772,-0.653728,-0.624109
34206965,-0.306365,-0.298776,-0.653730,-0.624108
34215298,-0.306389,-0.298778,-0.653732,-0.624093
34223631,-0.306368,-0.298750,-0.653750,-0.624098
34231964,-0.306358,-0.298764,-0.653761,-0.624085
34240297,-0.306327,-0.298782,-0.653760,-0.624093
34248630,-0.306312,-0.298791,-0.653781,-0.624073
34256963,-0.306269,-0.298774,-0.653823,-0.624059
34265296,-0.306269,-0.298772,-0.653838,-0.624043
34273629,-0.306206,-0.298781,-0.653868,-0.624039
34281962,-0.306229,-0.298800,-0.653872,-0.624014
34290295,-0.306264,-0.298801,-0.653871,-0.623997
34298628,-0.306252,-0.298812,-0.653880,-0.623989
34306961,-0.306216,-0.298813,-0.653905,-0.623980
34315294,-0.306191,-0.298799,-0.653917,-0.623987
34323627,-0.306217,-0.298818,-0.653925,-0.623956
34331960,-0.306249,-0.298826,-0.653938,-0.623923
34340293,-0.306221,-0.298835,-0.653954,-0.623916
34348626,-0.306205,-0.298820,-0.653974,-0.623909
34356959,-0.306230,-0.298847,-0.653987,-0.623870
34365292,-0.306206,-0.298836,-0.654012,-0.623862
34373625,-0.306224,-0.298852,-0.654021,-0.623836
34381958,-0.306236,-0.298848,-0.654028,-0.623824
34390291,-0.306212,-0.298866,-0.654052,-0.623802
34398624,-0.306235,-0.298870,-0.654074,-0.623766
34406957,-0.306248,-0.298859,-0.654086,-0.623752
34415290,-0.306230,-0.298853,-0.654103,-0.623747
34423623,-0.306232,-0.298879,-0.654111,-0.623724
34431956,-0.306226,-0.298866,-0.654129,-0.623715
34440289,-0.306239,-0.298893,-0.654141,-0.623683
34448622,-0.306222,-0.298897,-0.654160,-0.623669
34456955,-0.306231,-0.298910,-0.654159,-0.623660
34465288,-0.306207,-0.298919,-0.654171,-0.623654
34473621,-0.306170,-0.298903,-0.654186,-0.623665
34481954,-0.306176,-0.298951,-0.654181,-0.623644
34490287,-0.306185,-0.298969,-0.654186,-0.623626
34498620,-0.306111,-0.298919,-0.654246,-0.623624
34506953,-0.306100,-0.298947,-0.654243,-0.623618
34515286,-0.306019,-0.298952,-0.654288,-0.623608
34523619,-0.306017,-0.298949,-0.654278,-0.623621
34531952,-0.306031,-0.298955,-0.654274,-0.623616
34540285,-0.306006,-0.298988,-0.654275,-0.623611
34548618,-0.305969,-0.299017,-0.654276,-0.623614
34556951,-0.305992,-0.299027,-0.654274,-0.623600
34565284,-0.305967,-0.299061,-0.654285,-0.623585
34573617,-0.305942,-0.299065,-0.654305,-0.623574
34581950,-0.305912,-0.299092,-0.654320,-0.623560
34590283,-0.305920,-0.299142,-0.654297,-0.623556
34598616,-0.305852,-0.299126,-0.654336,-0.623557
34606949,-0.305865,-0.299152,-0.654322,-0.623553
34615282,-0.305790,-0.299146,-0.654366,-0.623545
34623615,-0.305815,-0.299198,-0.654336,-0.623540
34631948,-0.305799,-0.299219,-0.654330,-0.623544
34640281,-0.305767,-0.299235,-0.654353,-0.623528
34648614,-0.305710,-0.299193,-0.654382,-0.623546
34656947,-0.305679,-0.299178,-0.654379,-0.623571
34665280,-0.305653,-0.299202,-0.654373,-0.623579
34673613,-0.305593,-0.299166,-0.654398,-0.623599
34681946,-0.305566,-0.299148,-0.654404,-0.623615
34690279,-0.305557,-0.299182,-0.654393,-0.623614
34698612,-0.305549,-0.299182,-0.654399,-0.623612
34706945,-0.305510,-0.299143,-0.654418,-0.623629
34715278,-0.305513,-0.299163,-0.654423,-0.623614
34723611,-0.305556,-0.299181,-0.654376,-0.623633
34731944,-0.305511,-0.299159,-0.654389,-0.623652
34740277,-0.305515,-0.299154,-0.654393,-0.623648
34748610,-0.305555,-0.299168,-0.654370,-0.623647
34756943,-0.305545,-0.299147,-0.654385,-0.623646
34765276,-0.305558,-0.299105,-0.654405,-0.623638
34773609,-0.305537,-0.299086,-0.654403,-0.623660
34781942,-0.305574,-0.299115,-0.654361,-0.623672
34790275,-0.305554,-0.299060,-0.654412,-0.623655
34798608,-0.305566,-0.299064,-0.654403,-0.623656
34806941,-0.305595,-0.299093,-0.654391,-0.623641
34815274,-0.305615,-0.299099,-0.654356,-0.623665
34823607,-0.305599,-0.299053,-0.654367,-0.623683
34831940,-0.305634,-0.299057,-0.654339,-0.623693
34840273,-0.305592,-0.299033,-0.654361,-0.623703
34848606,-0.305635,-0.299052,-0.654353,-0.623680
34856939,-0.305646,-0.299070,-0.654324,-0.623697
34865272,-0.305690,-0.299088,-0.654301,-0.623691
34873605,-0.305674,-0.299035,-0.654310,-0.623714
34881938,-0.305645,-0.299017,-0.654338,-0.623708
34890271,-0.305657,-0.299002,-0.654350,-0.623697
34898604,-0.305732,-0.299021,-0.654308,-0.623694
34906937,-0.305733,-0.298971,-0.654325,-0.623701
34915270,-0.305774,-0.298950,-0.654310,-0.623707
34923603,-0.305813,-0.298938,-0.654302,-0.623701
34931936,-0.305834,-0.298940,-0.654304,-0.623688
34940269,-0.305875,-0.298941,-0.654329,-0.623641
34948602,-0.305929,-0.298949,-0.654333,-0.623607
34956935,-0.305947,-0.298942,-0.654340,-0.623594
34965268,-0.306044,-0.298960,-0.654320,-0.623558
34973601,-0.306083,-0.298985,-0.654336,-0.623511
34981934,-0.306093,-0.298937,-0.654366,-0.623497
34990267,-0.306145,-0.298939,-0.654378,-0.623458
34998600,-0.306210,-0.298944,-0.654374,-0.623428
35006933,-0.306256,-0.298961,-0.654392,-0.623379
35015266,-0.306266,-0.298986,-0.654425,-0.623327
35023599,-0.306319,-0.298996,-0.654427,-0.623293
35031932,-0.306356,-0.298979,-0.654430,-0.623281
35040265,-0.306353,-0.298986,-0.654447,-0.623260
35048598,-0.306364,-0.298978,-0.654460,-0.623246
35056931,-0.306376,-0.298973,-0.654491,-0.623209
35065264,-0.306367,-0.298974,-0.654507,-0.623197
35073597,-0.306363,-0.298981,-0.654516,-0.623186
35081930,-0.306376,-0.299014,-0.654499,-0.623182
35090263,-0.306349,-0.298967,-0.654524,-0.623191
35098596,-0.306312,-0.298930,-0.654529,-0.623222
35106929,-0.306290,-0.298922,-0.654553,-0.623212
35115262,-0.306305,-0.298917,-0.654536,-0.623224
35123595,-0.306276,-0.298870,-0.654566,-0.623230
35131928,-0.306224,-0.298826,-0.654589,-0.623252
35140261,-0.306206,-0.298803,-0.654615,-0.623245
35148594,-0.306200,-0.298790,-0.654639,-0.623228
35156927,-0.306175,-0.298753,-0.654667,-0.623229
35165260,-0.306163,-0.298700,-0.654668,-0.623260
35173593,-0.306180,-0.298683,-0.654655,-0.623273
35181926,-0.306203,-0.298660,-0.654651,-0.623277
35190259,-0.306191,-0.298643,-0.654671,-0.623269
35198592,-0.306251,-0.298617,-0.654661,-0.623264
35206925,-0.306353,-0.298605,-0.654637,-0.623245
35215258,-0.306397,-0.298595,-0.654641,-0.623223
35223591,-0.306470,-0.298599,-0.654613,-0.623214
35231924,-0.306565,-0.298595,-0.654587,-0.623197
35240257,-0.306667,-0.298587,-0.654560,-0.623179
35248590,-0.306764,-0.298567,-0.654557,-0.623144
35256923,-0.306889,-0.298547,-0.654513,-0.623138
35265256,-0.306992,-0.298525,-0.654504,-0.623108
35273589,-0.307106,-0.298514,-0.654488,-0.623073
35281922,-0.307263,-0.298474,-0.654441,-0.623064
35290255,-0.307247,-0.298491,-0.654345,-0.623166
35298588,-0.307347,-0.298486,-0.654311,-0.623154
35306921,-0.307462,-0.298466,-0.654292,-0.623127
35315254,-0.307608,-0.298366,-0.654272,-0.623124
35323587,-0.307718,-0.298287,-0.654276,-0.623103
35331920,-0.307837,-0.298241,-0.654267,-0.623076
35340253,-0.308001,-0.298174,-0.654225,-0.623071
35348586,-0.308124,-0.298124,-0.654237,-0.623022
35356919,-0.308209,-0.298068,-0.654248,-0.622995
35365252,-0.308306,-0.298029,-0.654274,-0.622937
35373585,-0.308538,-0.297925,-0.654306,-0.622840
35381918,-0.308685,-0.297898,-0.654343,-0.622741
35390251,-0.308818,-0.297904,-0.654355,-0.622659
35398584,-0.308951,-0.297931,-0.654400,-0.622533
35406917,-0.309055,-0.297936,-0.654443,-0.622434
35415250,-0.309172,-0.297984,-0.654437,-0.622359
35423583,-0.309251,-0.297984,-0.654509,-0.622244
35431916,-0.309291,-0.298009,-0.654578,-0.622140
35440249,-0.309386,-0.298045,-0.654647,-0.622002
35448582,-0.309432,-0.298135,-0.654706,-0.621874
35456915,-0.309455,-0.298244,-0.654757,-0.621757
35465248,-0.309525,-0.298369,-0.654801,-0.621616
35473581,-0.309591,-0.298530,-0.654837,-0.621468
35481914,-0.309584,-0.298643,-0.654908,-0.621342
35490247,-0.309543,-0.298795,-0.654974,-0.621219
35498580,-0.309547,-0.298951,-0.655016,-0.621098
35506913,-0.309551,-0.299059,-0.655070,-0.620988
35515246,-0.309458,-0.299197,-0.655138,-0.620896
35523579,-0.309347,-0.299310,-0.655220,-0.620809
35531912,-0.309305,-0.299452,-0.655270,-0.620709
35540245,-0.309177,-0.299570,-0.655323,-0.620661
35548578,-0.309053,-0.299718,-0.655361,-0.620611
35556911,-0.308962,-0.299839,-0.655388,-0.620569
35565244,-0.308800,-0.299934,-0.655429,-0.620560
35573577,-0.308667,-0.300068,-0.655478,-0.620510
35581910,-0.308577,-0.300175,-0.655473,-0.620508
35590243,-0.308411,-0.300256,-0.655517,-0.620505
35598576,-0.308191,-0.300321,-0.655607,-0.620488
35606909,-0.308065,-0.300407,-0.655657,-0.620456
35615242,-0.307957,-0.300490,-0.655680,-0.620445
35623575,-0.307810,-0.300550,-0.655735,-0.620431
35631908,-0.307675,-0.300605,-0.655745,-0.620460
35640241,-0.307616,-0.300649,-0.655747,-0.620466
35648574,-0.307534,-0.300663,-0.655774,-0.620471
35656907,-0.307473,-0.300672,-0.655786,-0.620484
35665240,-0.307362,-0.300721,-0.655864,-0.620434
35673573,-0.307310,-0.300733,-0.655909,-0.620406
35681906,-0.307266,-0.300685,-0.655909,-0.620451
35690239,-0.307283,-0.300750,-0.655923,-0.620396
35698572,-0.307224,-0.300712,-0.655980,-0.620384
35706905,-0.307242,-0.300707,-0.655984,-0.620373
35715238,-0.307251,-0.300718,-0.655980,-0.620367
35723571,-0.307255,-0.300652,-0.655981,-0.620396
35731904,-0.307280,-0.300629,-0.655956,-0.620422
35740237,-0.307323,-0.300631,-0.655943,-0.620413
35748570,-0.307344,-0.300606,-0.655936,-0.620422
35756903,-0.307381,-0.300573,-0.655912,-0.620445
35765236,-0.307402,-0.300538,-0.655906,-0.620458
35773569,-0.307535,-0.300546,-0.655822,-0.620477
35781902,-0.307607,-0.300550,-0.655747,-0.620518
35790235,-0.307656,-0.300510,-0.655715,-0.620547
35798568,-0.307689,-0.300459,-0.655704,-0.620568
35806901,-0.307714,-0.300397,-0.655705,-0.620584
35815234,-0.307734,-0.300365,-0.655678,-0.620618
35823567,-0.307895,-0.300338,-0.655635,-0.620597
35831900,-0.307921,-0.300314,-0.655602,-0.620631
35840233,-0.307972,-0.300267,-0.655547,-0.620687
35848566,-0.307999,-0.300217,-0.655527,-0.620718
35856899,-0.308041,-0.300181,-0.655520,-0.620722
35865232,-0.308069,-0.300129,-0.655498,-0.620756
35873565,-0.308101,-0.300084,-0.655472,-0.620790
35881898,-0.308055,-0.300031,-0.655513,-0.620795
35890231,-0.308149,-0.300009,-0.655457,-0.620818
35898564,-0.308186,-0.299983,-0.655423,-0.620848
35906897,-0.308270,-0.299935,-0.655370,-0.620886
35915230,-0.308323,-0.299862,-0.655323,-0.620945
35923563,-0.308389,-0.299793,-0.655283,-0.620987
35931896,-0.308431,-0.299731,-0.655238,-0.621043
35940229,-0.308518,-0.299657,-0.655182,-0.621095
35948562,-0.308638,-0.299579,-0.655119,-0.621139
35956895,-0.308718,-0.299532,-0.655060,-0.621184
35965228,-0.308823,-0.299458,-0.655021,-0.621209
35973561,-0.308937,-0.299393,-0.654964,-0.621244
35981894,-0.308995,-0.299369,-0.654948,-0.621243
35990227,-0.309165,-0.299269,-0.654870,-0.621289
35998560,-0.309291,-0.299200,-0.654841,-0.621290
36006893,-0.309390,-0.299158,-0.654830,-0.621273
36015226,-0.309461,-0.299127,-0.654827,-0.621256
36023559,-0.309478,-0.299083,-0.654835,-0.621260
36031892,-0.309503,-0.299045,-0.654840,-0.621260
36040225,-0.309520,-0.299023,-0.654878,-0.621223
36048558,-0.309544,-0.298988,-0.654856,-0.621251
36056891,-0.309527,-0.298977,-0.654852,-0.621269
36065224,-0.309471,-0.298960,-0.654872,-0.621284
36073557,-0.309458,-0.298965,-0.654868,-0.621292
36081890,-0.309374,-0.298954,-0.654888,-0.621318
36090223,-0.309233,-0.298930,-0.654932,-0.621353
36098556,-0.309112,-0.298909,-0.654949,-0.621405
36106889,-0.308986,-0.298923,-0.654965,-0.621444
36115222,-0.308856,-0.298909,-0.654983,-0.621498
36123555,-0.308750,-0.298928,-0.654991,-0.621532
36131888,-0.308651,-0.298877,-0.654963,-0.621636
36140221,-0.308499,-0.298871,-0.654951,-0.621726
36148554,-0.308387,-0.298832,-0.654925,-0.621828
36156887,-0.308217,-0.298805,-0.654914,-0.621938
36165220,-0.308035,-0.298781,-0.654873,-0.622082
36173553,-0.307867,-0.298723,-0.654869,-0.622196
36181886,-0.307827,-0.298664,-0.654779,-0.622339
36190219,-0.307678,-0.298638,-0.654786,-0.622419
36198552,-0.307565,-0.298596,-0.654783,-0.622497
36206885,-0.307470,-0.298563,-0.654732,-0.622613
36215218,-0.307403,-0.298530,-0.654676,-0.622722
36223551,-0.307448,-0.298532,-0.654574,-0.622806
36231884,-0.307373,-0.298517,-0.654586,-0.622837
36240217,-0.307593,-0.298557,-0.654413,-0.622892
36248550,-0.307682,-0.298569,-0.654354,-0.622904
36256883,-0.307778,-0.298596,-0.654307,-0.622893
36265216,-0.307985,-0.298537,-0.653982,-0.623161
36273549,-0.307934,-0.298044,-0.653765,-0.623649
36281882,-0.307942,-0.297877,-0.653749,-0.623741
36290215,-0.308093,-0.298274,-0.653917,-0.623301
36298548,-0.308401,-0.298518,-0.653911,-0.623038
36306881,-0.308563,-0.298250,-0.653650,-0.623360
36315214,-0.308690,-0.298061,-0.653596,-0.623444
36323547,-0.308744,-0.298039,-0.653694,-0.623325
36331880,-0.308807,-0.298088,-0.653861,-0.623095
36340213,-0.309006,-0.298176,-0.653897,-0.622917
36348546,-0.309246,-0.298197,-0.653909,-0.622774
36356879,-0.309365,-0.298090,-0.654042,-0.622628
36365212,-0.309559,-0.298100,-0.654087,-0.622479
36373545,-0.309843,-0.298193,-0.654054,-0.622328
36381878,-0.310091,-0.298266,-0.654021,-0.622204
36390211,-0.310340,-0.298343,-0.654038,-0.622024
36398544,-0.310525,-0.298383,-0.654020,-0.621932
36406877,-0.310675,-0.298368,-0.654002,-0.621884
36415210,-0.310777,-0.298389,-0.654004,-0.621820
36423543,-0.310845,-0.298433,-0.654044,-0.621723
36431876,-0.310939,-0.298438,-0.654054,-0.621663
36440209,-0.310986,-0.298446,-0.654051,-0.621639
36448542,-0.311053,-0.298457,-0.654079,-0.621571
36456875,-0.311082,-0.298455,-0.654106,-0.621528
36465208,-0.311072,-0.298480,-0.654071,-0.621559
36473541,-0.311105,-0.298506,-0.654037,-0.621566
36481874,-0.311046,-0.298502,-0.654069,-0.621563
36490207,-0.311221,-0.298516,-0.654085,-0.621452
36498540,-0.311225,-0.298467,-0.654158,-0.621397
36506873,-0.311223,-0.298512,-0.654190,-0.621343
36515206,-0.311204,-0.298523,-0.654232,-0.621303
36523539,-0.311141,-0.298516,-0.654265,-0.621303
36531872,-0.311114,-0.298580,-0.654284,-0.621265
36540205,-0.311094,-0.298554,-0.654288,-0.621283
36548538,-0.311133,-0.298611,-0.654244,-0.621283
36556871,-0.311014,-0.298677,-0.654219,-0.621337
36565204,-0.310871,-0.298673,-0.654214,-0.621416
36573537,-0.310777,-0.298645,-0.654242,-0.621447
36581870,-0.310872,-0.298696,-0.654214,-0.621404
36590203,-0.310771,-0.298641,-0.654300,-0.621391
36598536,-0.310580,-0.298660,-0.654338,-0.621437
36606869,-0.310622,-0.298698,-0.654325,-0.621411
36615202,-0.310595,-0.298737,-0.654299,-0.621434
36623535,-0.310558,-0.298735,-0.654312,-0.621439
36631868,-0.310479,-0.298704,-0.654345,-0.621460
36640201,-0.310487,-0.298705,-0.654326,-0.621475
36648534,-0.310462,-0.298684,-0.654332,-0.621490
36656867,-0.310530,-0.298623,-0.654346,-0.621471
36665200,-0.310649,-0.298635,-0.654339,-0.621413
36673533,-0.310603,-0.298671,-0.654350,-0.621408
36681866,-0.310577,-0.298702,-0.654357,-0.621398
36690199,-0.310473,-0.298706,-0.654380,-0.621425
36698532,-0.310352,-0.298742,-0.654382,-0.621465
36706865,-0.310322,-0.298823,-0.654364,-0.621460
36715198,-0.310203,-0.298847,-0.654416,-0.621453
36723531,-0.310087,-0.298843,-0.654472,-0.621455
36731864,-0.310043,-0.298877,-0.654573,-0.621354
36740197,-0.309935,-0.298908,-0.654652,-0.621309
36748530,-0.309768,-0.298963,-0.654751,-0.621262
36756863,-0.309625,-0.299009,-0.654795,-0.621265
36765196,-0.309670,-0.299062,-0.654765,-0.621247
36773529,-0.309641,-0.299112,-0.654804,-0.621197
36781862,-0.309570,-0.299188,-0.654827,-0.621172
36790195,-0.309534,-0.299273,-0.654842,-0.621133
36798528,-0.309362,-0.299338,-0.654870,-0.621157
36806861,-0.309257,-0.299355,-0.654951,-0.621116
36815194,-0.309222,-0.299421,-0.654997,-0.621053
36823527,-0.309184,-0.299503,-0.654996,-0.621034
36831860,-0.309169,-0.299616,-0.655020,-0.620962
36840193,-0.309135,-0.299702,-0.655038,-0.620918
36848526,-0.309141,-0.299786,-0.655046,-0.620866
36856859,-0.309154,-0.299849,-0.655064,-0.620810
36865192,-0.309192,-0.299925,-0.655095,-0.620722
36873525,-0.309212,-0.300017,-0.655126,-0.620635
36881858,-0.309203,-0.300097,-0.655154,-0.620571
36890191,-0.309184,-0.300169,-0.655184,-0.620514
36898524,-0.309160,-0.300185,-0.655221,-0.620479
36906857,-0.309051,-0.300218,-0.655276,-0.620460
36915190,-0.308910,-0.300227,-0.655382,-0.620413
36923523,-0.308745,-0.300170,-0.655583,-0.620311
36931856,-0.308757,-0.300198,-0.655532,-0.620345
36940189,-0.308776,-0.300220,-0.655515,-0.620343
36948522,-0.308728,-0.300194,-0.655558,-0.620334
36956855,-0.308740,-0.300172,-0.655543,-0.620354
36965188,-0.308738,-0.300156,-0.655539,-0.620368
36973521,-0.308724,-0.300150,-0.655522,-0.620395
36981854,-0.308763,-0.300146,-0.655486,-0.620416
36990187,-0.308845,-0.300146,-0.655485,-0.620375
36998520,-0.308869,-0.300154,-0.655460,-0.620386
37006853,-0.308892,-0.300152,-0.655430,-0.620408
37015186,-0.308926,-0.300167,-0.655387,-0.620429
37023519,-0.308922,-0.300138,-0.655372,-0.620461
37031852,-0.308920,-0.300149,-0.655326,-0.620505
37040185,-0.308934,-0.300090,-0.655285,-0.620570
37048518,-0.308980,-0.300074,-0.655200,-0.620645
37056851,-0.308983,-0.300071,-0.655141,-0.620707
37065184,-0.308896,-0.300042,-0.655074,-0.620835
37073517,-0.308817,-0.299992,-0.655012,-0.620964
37081850,-0.308719,-0.299886,-0.655008,-0.621068
37090183,-0.308658,-0.299865,-0.654980,-0.621138
37098516,-0.308827,-0.299944,-0.654797,-0.621209
37106849,-0.308953,-0.300048,-0.654598,-0.621306
37115182,-0.309251,-0.300124,-0.654412,-0.621317
37123515,-0.309599,-0.300181,-0.654344,-0.621188
37131848,-0.308884,-0.299985,-0.654344,-0.621638
37140181,-0.308263,-0.299707,-0.654241,-0.622188
37148514,-0.307684,-0.299532,-0.654157,-0.622648
37156847,-0.306926,-0.299551,-0.654243,-0.622923
37165180,-0.307040,-0.299638,-0.654327,-0.622736
37173513,-0.307036,-0.299833,-0.654399,-0.622568
37181846,-0.307965,-0.299977,-0.654481,-0.621953
37190179,-0.309002,-0.300020,-0.654548,-0.621348
37198512,-0.309617,-0.300064,-0.654597,-0.620968
37206845,-0.310627,-0.300167,-0.654581,-0.620431
37215178,-0.311365,-0.300275,-0.654505,-0.620089
37223511,-0.312021,-0.300366,-0.654389,-0.619837
37231844,-0.312594,-0.300554,-0.654281,-0.619572
37240177,-0.313381,-0.300770,-0.654182,-0.619174
37248510,-0.313770,-0.300975,-0.654153,-0.618908
37256843,-0.314149,-0.301155,-0.654139,-0.618642
37265176,-0.314598,-0.301329,-0.654080,-0.618392
37273509,-0.314910,-0.301413,-0.654099,-0.618171
37281842,-0.315073,-0.301462,-0.654112,-0.618051
37290175,-0.315208,-0.301470,-0.654077,-0.618016
37298508,-0.315250,-0.301446,-0.654037,-0.618048
37306841,-0.315081,-0.301408,-0.654030,-0.618159
37315174,-0.314934,-0.301378,-0.654012,-0.618269
37323507,-0.314737,-0.301348,-0.654004,-0.618392
37331840,-0.314693,-0.301302,-0.653985,-0.618457
37340173,-0.314547,-0.301303,-0.653983,-0.618532
37348506,-0.314303,-0.301257,-0.654033,-0.618627
37356839,-0.314030,-0.301223,-0.654111,-0.618699
37365172,-0.313617,-0.301256,-0.654178,-0.618821
37373505,-0.313537,-0.301276,-0.654241,-0.618786
37381838,-0.313372,-0.301262,-0.654323,-0.618789
37390171,-0.313259,-0.301270,-0.654379,-0.618784
37398504,-0.313178,-0.301282,-0.654429,-0.618766
37406837,-0.313094,-0.301305,-0.654493,-0.618730
37415170,-0.313090,-0.301322,-0.654561,-0.618652
37423503,-0.313146,-0.301351,-0.654608,-0.618559
37431836,-0.313253,-0.301386,-0.654620,-0.618475
37440169,-0.313381,-0.301424,-0.654648,-0.618363
37448502,-0.313526,-0.301459,-0.654684,-0.618234
37456835,-0.313703,-0.301498,-0.654679,-0.618131
37465168,-0.313881,-0.301550,-0.654677,-0.618017
37473501,-0.314094,-0.301594,-0.654695,-0.617867
37481834,-0.314323,-0.301643,-0.654693,-0.617729
37490167,-0.314417,-0.301706,-0.654703,-0.617641
37498500,-0.314601,-0.301777,-0.654713,-0.617501
37506833,-0.314787,-0.301837,-0.654705,-0.617385
37515166,-0.314925,-0.301878,-0.654712,-0.617288
37523499,-0.314903,-0.301933,-0.654755,-0.617227
37531832,-0.315006,-0.301981,-0.654787,-0.617117
37540165,-0.315128,-0.302018,-0.654792,-0.617031
37548498,-0.315187,-0.302018,-0.654785,-0.617008
37556831,-0.315220,-0.302051,-0.654792,-0.616968
37565164,-0.315187,-0.302054,-0.654835,-0.616938
37573497,-0.315148,-0.302093,-0.654864,-0.616908
37581830,-0.315132,-0.302123,-0.654888,-0.616876
37590163,-0.315102,-0.302138,-0.654933,-0.616835
37598496,-0.315026,-0.302154,-0.654989,-0.616808
37606829,-0.314936,-0.302164,-0.655027,-0.616808
37615162,-0.314848,-0.302230,-0.655074,-0.616771
37623495,-0.314727,-0.302290,-0.655102,-0.616773
37631828,-0.314633,-0.302323,-0.655155,-0.616749
37640161,-0.314496,-0.302340,-0.655200,-0.616762
37648494,-0.314381,-0.302385,-0.655252,-0.616744
37656827,-0.314315,-0.302414,-0.655276,-0.616737
37665160,-0.314184,-0.302447,-0.655300,-0.616762
37673493,-0.314110,-0.302474,-0.655351,-0.616733
37681826,-0.314010,-0.302508,-0.655401,-0.616714
37690159,-0.313937,-0.302533,-0.655432,-0.616706
37698492,-0.313799,-0.302573,-0.655459,-0.616728
37706825,-0.313750,-0.302600,-0.655498,-0.616698
37715158,-0.313675,-0.302607,-0.655540,-0.616688
37723491,-0.313592,-0.302639,-0.655543,-0.616711
37731824,-0.313517,-0.302694,-0.655551,-0.616714
37740157,-0.313458,-0.302730,-0.655571,-0.616705
37748490,-0.313405,-0.302787,-0.655577,-0.616698
37756823,-0.313453,-0.302840,-0.655568,-0.616656
37765156,-0.313389,-0.302884,-0.655575,-0.616661
37773489,-0.313368,-0.302926,-0.655566,-0.616659
37781822,-0.313420,-0.302974,-0.655516,-0.616663
37790155,-0.313408,-0.303039,-0.655483,-0.616673
37798488,-0.313396,-0.303078,-0.655464,-0.616680
37806821,-0.313458,-0.303102,-0.655437,-0.616665
37815154,-0.313469,-0.303150,-0.655407,-0.616667
37823487,-0.313430,-0.303175,-0.655382,-0.616702
37831820,-0.313467,-0.303198,-0.655370,-0.616684
37840153,-0.313385,-0.303230,-0.655362,-0.616718
37848486,-0.313360,-0.303261,-0.655366,-0.616712
37856819,-0.313384,-0.303261,-0.655325,-0.616743
37865152,-0.313358,-0.303285,-0.655307,-0.616764
37873485,-0.313368,-0.303287,-0.655316,-0.616749
37881818,-0.313302,-0.303313,-0.655300,-0.616786
37890151,-0.313239,-0.303319,-0.655319,-0.616794
37898484,-0.313271,-0.303353,-0.655286,-0.616797
37906817,-0.313205,-0.303354,-0.655286,-0.616830
37915150,-0.313241,-0.303351,-0.655264,-0.616837
37923483,-0.313272,-0.303360,-0.655233,-0.616850
37931816,-0.313352,-0.303368,-0.655208,-0.616831
37940149,-0.313364,-0.303413,-0.655199,-0.616813
37948482,-0.313529,-0.303405,-0.655186,-0.616747
37956815,-0.313652,-0.303425,-0.655159,-0.616703
37965148,-0.313746,-0.303432,-0.655149,-0.616662
37973481,-0.313760,-0.303420,-0.655170,-0.616638
37981814,-0.313840,-0.303434,-0.655177,-0.616583
37990147,-0.313904,-0.303452,-0.655161,-0.616559
37998480,-0.314026,-0.303473,-0.655146,-0.616502
38006813,-0.314082,-0.303465,-0.655144,-0.616481
38015146,-0.314117,-0.303461,-0.655181,-0.616425
38023479,-0.314257,-0.303465,-0.655182,-0.616351
38031812,-0.314261,-0.303472,-0.655198,-0.616328
38040145,-0.314340,-0.303494,-0.655214,-0.616261
38048478,-0.314450,-0.303518,-0.655230,-0.616175
38056811,-0.314433,-0.303516,-0.655278,-0.616134
38065144,-0.314472,-0.303510,-0.655333,-0.616058
38073477,-0.314521,-0.303507,-0.655375,-0.615990
38081810,-0.314567,-0.303481,-0.655381,-0.615972
38090143,-0.314538,-0.303483,-0.655435,-0.615929
38098476,-0.314569,-0.303481,-0.655473,-0.615874
38106809,-0.314618,-0.303500,-0.655482,-0.615830
38115142,-0.314748,-0.303446,-0.655518,-0.615752
38123475,-0.314840,-0.303379,-0.655551,-0.615703
38131808,-0.314913,-0.303346,-0.655594,-0.615636
38140141,-0.314960,-0.303246,-0.655671,-0.615579
38148474,-0.315103,-0.303121,-0.655691,-0.615546
38156807,-0.315224,-0.303055,-0.655697,-0.615510
38165140,-0.315333,-0.302953,-0.655695,-0.615507
38173473,-0.315514,-0.302880,-0.655690,-0.615455
38181806,-0.315635,-0.302873,-0.655654,-0.615436
38190139,-0.315904,-0.302890,-0.655582,-0.615365
38198472,-0.316306,-0.302886,-0.655494,-0.615255
38206805,-0.316723,-0.302842,-0.655401,-0.615160
38215138,-0.317091,-0.302773,-0.655297,-0.615116
38223471,-0.317535,-0.302719,-0.655235,-0.614980
38231804,-0.318024,-0.302641,-0.655057,-0.614955
38240137,-0.318319,-0.302536,-0.654960,-0.614958
38248470,-0.318763,-0.302379,-0.654857,-0.614914
38256803,-0.319270,-0.302277,-0.654727,-0.614840
38265136,-0.319856,-0.302096,-0.654587,-0.614772
38273469,-0.320534,-0.301993,-0.654438,-0.614630
38281802,-0.321282,-0.301929,-0.654256,-0.614464
38290135,-0.322014,-0.301785,-0.654030,-0.614392
38298468,-0.322714,-0.301627,-0.653837,-0.614307
38306801,-0.323549,-0.301576,-0.653583,-0.614163
38315134,-0.324054,-0.301731,-0.653230,-0.614197
38323467,-0.325241,-0.301517,-0.652908,-0.614016
38331800,-0.326255,-0.301413,-0.652538,-0.613923
38340133,-0.327259,-0.301346,-0.652168,-0.613816
38348466,-0.328423,-0.301299,-0.651741,-0.613670
38356799,-0.329587,-0.301424,-0.651264,-0.613492
38365132,-0.331118,-0.301592,-0.650699,-0.613184
38373465,-0.332107,-0.301655,-0.650245,-0.613098
38381798,-0.333328,-0.301758,-0.649793,-0.612865
38390131,-0.334769,-0.301784,-0.649345,-0.612542
38398464,-0.336342,-0.301740,-0.648841,-0.612236
38406797,-0.337876,-0.301759,-0.648285,-0.611971
38415130,-0.339276,-0.301848,-0.647741,-0.611727
38423463,-0.340708,-0.301928,-0.647206,-0.611459
38431796,-0.341828,-0.301782,-0.646784,-0.611352
38440129,-0.343122,-0.301562,-0.646267,-0.611283
38448462,-0.344734,-0.301357,-0.645674,-0.611104
38456795,-0.346250,-0.301086,-0.645081,-0.611006
38465128,-0.347675,-0.300770,-0.644495,-0.610971
38473461,-0.349054,-0.300345,-0.643811,-0.611115
38481794,-0.350331,-0.299832,-0.643054,-0.611433
38490127,-0.351564,-0.299281,-0.642183,-0.611911
38498460,-0.352678,-0.298632,-0.641284,-0.612529
38506793,-0.353846,-0.297875,-0.640281,-0.613273
38515126,-0.355244,-0.297013,-0.639118,-0.614095
38523459,-0.356435,-0.296027,-0.637890,-0.615158
38531792,-0.357962,-0.294886,-0.636319,-0.616444
38540125,-0.359381,-0.293686,-0.634658,-0.617903
38548458,-0.361134,-0.292368,-0.632848,-0.619359
38556791,-0.363174,-0.290955,-0.630872,-0.620846
38565124,-0.365455,-0.289599,-0.628550,-0.622495
38573457,-0.367770,-0.288137,-0.626053,-0.624323
38581790,-0.370324,-0.286695,-0.623283,-0.626246
38590123,-0.373132,-0.285221,-0.620174,-0.628336
38598456,-0.375976,-0.283626,-0.617057,-0.630428
38606789,-0.378739,-0.281960,-0.613842,-0.632656
38615122,-0.381425,-0.280063,-0.610538,-0.635077
38623455,-0.384506,-0.278299,-0.606908,-0.637470
38631788,-0.387716,-0.276455,-0.603016,-0.640016
38640121,-0.390607,-0.274676,-0.598966,-0.642821
38648454,-0.393651,-0.272654,-0.594785,-0.645700
38656787,-0.396800,-0.270500,-0.590484,-0.648620
38665120,-0.399929,-0.268208,-0.586256,-0.651479
38673453,-0.403365,-0.265683,-0.581662,-0.654506
38681786,-0.406355,-0.263153,-0.577101,-0.657708
38690119,-0.409261,-0.260701,-0.572512,-0.660886
38698452,-0.412125,-0.258012,-0.567705,-0.664300
38706785,-0.414903,-0.255270,-0.562859,-0.667744
38715118,-0.417511,-0.252479,-0.557872,-0.671356
38723451,-0.420074,-0.249613,-0.552886,-0.674943
38731784,-0.422600,-0.246664,-0.547669,-0.678693
38740117,-0.425148,-0.243659,-0.542423,-0.682390
38748450,-0.427828,-0.240629,-0.537054,-0.686028
38756783,-0.430462,-0.237641,-0.531656,-0.689616
38765116,-0.432932,-0.234378,-0.526215,-0.693350
38773449,-0.435278,-0.231017,-0.520638,-0.697209
38781782,-0.437871,-0.227790,-0.515058,-0.700783
38790115,-0.440525,-0.224526,-0.509172,-0.704464
38798448,-0.442995,-0.221314,-0.503246,-0.708180
38806781,-0.445323,-0.218104,-0.497288,-0.711915
38815114,-0.447806,-0.214722,-0.491148,-0.715638
38823447,-0.450362,-0.211469,-0.484818,-0.719310
38831780,-0.452820,-0.208215,-0.478625,-0.722855
38840113,-0.455343,-0.204762,-0.472427,-0.726325
38848446,-0.456745,-0.201177,-0.466226,-0.730442
38856779,-0.458595,-0.197608,-0.460060,-0.734157
38865112,-0.460448,-0.194186,-0.453839,-0.737773
38873445,-0.461914,-0.190775,-0.447505,-0.741606
38881778,-0.463324,-0.187330,-0.441224,-0.745359
38890111,-0.464460,-0.183725,-0.435169,-0.749100
38898444,-0.465315,-0.179992,-0.429035,-0.753003
38906777,-0.466157,-0.176213,-0.422897,-0.756839
38915110,-0.467339,-0.172489,-0.416723,-0.760384
38923443,-0.468257,-0.168715,-0.410514,-0.764034
38931776,-0.468985,-0.164976,-0.404351,-0.767683
38940109,-0.469639,-0.161150,-0.398192,-0.771306
38948442,-0.470138,-0.157216,-0.392062,-0.774946
38956775,-0.471000,-0.153430,-0.385880,-0.778277
38965108,-0.471307,-0.149621,-0.379756,-0.781836
38973441,-0.472178,-0.145801,-0.373518,-0.785031
38981774,-0.472812,-0.141971,-0.367564,-0.788156
38990107,-0.473660,-0.138199,-0.361519,-0.791108
38998440,-0.474665,-0.134379,-0.355379,-0.793940
39006773,-0.475849,-0.130622,-0.349286,-0.796558
39015106,-0.477026,-0.126829,-0.343286,-0.799071
39023439,-0.478628,-0.123037,-0.337068,-0.801350
39031772,-0.480282,-0.119236,-0.330868,-0.803516
39040105,-0.482140,-0.115303,-0.324376,-0.805622
39048438,-0.484012,-0.111453,-0.318072,-0.807553
39056771,-0.485686,-0.107921,-0.312591,-0.809166
39065104,-0.487516,-0.104138,-0.306735,-0.810800
39073437,-0.489840,-0.100333,-0.300513,-0.812208
39081770,-0.492481,-0.096564,-0.294238,-0.813365
39090103,-0.494897,-0.092813,-0.288129,-0.814521
39098436,-0.496920,-0.088946,-0.282179,-0.815803
39106769,-0.499094,-0.085154,-0.276221,-0.816919
39115102,-0.501420,-0.081377,-0.270186,-0.817897
39123435,-0.503424,-0.077618,-0.264414,-0.818917
39131768,-0.505495,-0.073967,-0.258633,-0.819825
39140101,-0.507477,-0.070362,-0.252927,-0.820698
39148434,-0.509407,-0.066624,-0.247114,-0.821584
39156767,-0.510773,-0.063014,-0.241703,-0.822630
39165100,-0.512186,-0.059245,-0.236006,-0.823685
39173433,-0.514010,-0.055718,-0.230447,-0.824368
39181766,-0.515631,-0.052008,-0.224865,-0.825140
39190099,-0.517105,-0.048219,-0.219258,-0.825956
39198432,-0.518414,-0.044578,-0.213859,-0.826755
39206765,-0.519500,-0.040822,-0.208292,-0.827688
39215098,-0.520597,-0.037042,-0.202783,-0.828544
39223431,-0.521877,-0.033385,-0.197320,-0.829213
39231764,-0.523103,-0.029710,-0.191990,-0.829831
39240097,-0.524135,-0.026078,-0.186698,-0.830510
39248430,-0.525189,-0.022391,-0.181384,-0.831129
39256763,-0.525897,-0.018627,-0.176124,-0.831905
39265096,-0.526745,-0.014762,-0.170758,-0.832565
39273429,-0.528043,-0.011326,-0.165643,-0.832830
39281762,-0.529082,-0.007648,-0.160408,-0.833237
39290095,-0.530042,-0.004065,-0.155403,-0.833600
39298428,-0.530960,-0.000670,-0.150688,-0.833891
39306761,-0.531867,0.002833,-0.145789,-0.834179
39315094,-0.533230,0.006331,-0.140792,-0.834148
39323427,-0.534446,0.009566,-0.136197,-0.834102
39331760,-0.534928,0.013227,-0.131299,-0.834528
39340093,-0.534896,0.016978,-0.126401,-0.835237
39348426,-0.535315,0.020345,-0.121840,-0.835571
39356759,-0.535534,0.023678,-0.117322,-0.835990
39365092,-0.535350,0.026981,-0.112837,-0.836624
39373425,-0.534847,0.030185,-0.108539,-0.837405
39381758,-0.534051,0.033364,-0.104159,-0.838348
39390091,-0.533049,0.036367,-0.100025,-0.839363
39398424,-0.532220,0.039344,-0.095902,-0.840236
39406757,-0.531130,0.042253,-0.091985,-0.841222
39415090,-0.530327,0.045432,-0.087419,-0.842049
39423423,-0.529099,0.048037,-0.083917,-0.843033
39431756,-0.527709,0.050692,-0.080289,-0.844101
39440089,-0.526364,0.053328,-0.076601,-0.845121
39448422,-0.524991,0.055826,-0.073095,-0.846124
39456755,-0.523846,0.058085,-0.069930,-0.846948
39465088,-0.522399,0.060277,-0.066900,-0.847933
39473421,-0.520935,0.062277,-0.064141,-0.848902
39481754,-0.519230,0.064143,-0.061676,-0.849989
39490087,-0.518437,0.065533,-0.059567,-0.850518
39498420,-0.518807,0.066331,-0.057919,-0.850344
39506753,-0.518507,0.067078,-0.056700,-0.850550
39515086,-0.518196,0.067619,-0.055858,-0.850753
39523419,-0.518182,0.067704,-0.055542,-0.850775
39531752,-0.517756,0.067821,-0.055391,-0.851035
39540085,-0.517036,0.067872,-0.055440,-0.851466
39548418,-0.516249,0.067968,-0.055505,-0.851931
39556751,-0.513953,0.068305,-0.055601,-0.853285
39565084,-0.513066,0.068423,-0.055676,-0.853804
39573417,-0.512465,0.068594,-0.055696,-0.854150
39581750,-0.512112,0.068566,-0.055734,-0.854362
39590083,-0.512033,0.068604,-0.055781,-0.854403
39598416,-0.511702,0.068687,-0.055759,-0.854596
39606749,-0.511042,0.068949,-0.055658,-0.854976
39615082,-0.511466,0.069263,-0.055204,-0.854727
39623415,-0.511090,0.069921,-0.054541,-0.854941
39631748,-0.511266,0.070348,-0.054084,-0.854830
39640081,-0.511524,0.070760,-0.053554,-0.854674
39648414,-0.511767,0.071269,-0.052812,-0.854533
39656747,-0.511810,0.071769,-0.052266,-0.854499
39665080,-0.511238,0.072420,-0.051832,-0.854813
39673413,-0.511333,0.072925,-0.051310,-0.854744
39681746,-0.511781,0.073340,-0.050787,-0.854472
39690079,-0.512367,0.073785,-0.050152,-0.854120
39698412,-0.512963,0.074127,-0.049731,-0.853757
39706745,-0.513561,0.074282,-0.049576,-0.853393
39715078,-0.514653,0.074334,-0.049332,-0.852744
39723411,-0.515025,0.074454,-0.049425,-0.852504
39731744,-0.515336,0.074495,-0.049639,-0.852300
39740077,-0.515860,0.074597,-0.049764,-0.851967
39748410,-0.516147,0.074781,-0.049757,-0.851777
39756743,-0.516779,0.074785,-0.049813,-0.851390
39765076,-0.516917,0.074770,-0.049988,-0.851298
39773409,-0.516886,0.074776,-0.050030,-0.851314
39781742,-0.517121,0.074750,-0.050206,-0.851163
39790075,-0.517319,0.074793,-0.050300,-0.851033
39798408,-0.517830,0.074814,-0.050315,-0.850720
39806741,-0.518215,0.075007,-0.050110,-0.850480
39815074,-0.518650,0.075273,-0.049829,-0.850208
39823407,-0.519008,0.075453,-0.049624,-0.849985
39831740,-0.519445,0.075564,-0.049624,-0.849708
39840073,-0.519968,0.075765,-0.049391,-0.849384
39848406,-0.520488,0.075866,-0.049281,-0.849063
39856739,-0.520838,0.075961,-0.049174,-0.848846
39865072,-0.521203,0.076033,-0.049152,-0.848617
39873405,-0.521430,0.076164,-0.049065,-0.848471
39881738,-0.521653,0.076234,-0.049054,-0.848328
39890071,-0.521753,0.076340,-0.048934,-0.848264
39898404,-0.521829,0.076565,-0.048655,-0.848213
39906737,-0.521981,0.076692,-0.048484,-0.848118
39915070,-0.522103,0.076827,-0.048245,-0.848044
39923403,-0.522309,0.077006,-0.047969,-0.847916
39931736,-0.522454,0.077146,-0.047675,-0.847831
39940069,-0.522690,0.077285,-0.047408,-0.847688
39948402,-0.522589,0.077378,-0.047197,-0.847753
39956735,-0.522696,0.077465,-0.047011,-0.847690
39965068,-0.522575,0.077574,-0.046766,-0.847768
39973401,-0.522551,0.077609,-0.046571,-0.847790
39981734,-0.522461,0.077620,-0.046414,-0.847853
39990067,-0.522457,0.077609,-0.046318,-0.847862
39998400,-0.522405,0.077538,-0.046255,-0.847904
40006733,-0.522377,0.077429,-0.046216,-0.847934
40015066,-0.522462,0.077220,-0.046301,-0.847895
40023399,-0.522457,0.077058,-0.046353,-0.847910
40031732,-0.522491,0.076944,-0.046335,-0.847901
40040065,-0.522343,0.076817,-0.046289,-0.848006
40048398,-0.522468,0.076647,-0.046272,-0.847945
40056731,-0.522204,0.076549,-0.046188,-0.848121
40065064,-0.522132,0.076475,-0.045994,-0.848183
40073397,-0.522211,0.076291,-0.045934,-0.848154
40081730,-0.521959,0.076191,-0.045968,-0.848317
40090063,-0.522178,0.076022,-0.045866,-0.848202
40098396,-0.522010,0.075932,-0.045762,-0.848320
40106729,-0.521726,0.075892,-0.045581,-0.848507
40115062,-0.521428,0.075905,-0.045301,-0.848705
40123395,-0.521301,0.075747,-0.045266,-0.848798
40131728,-0.520828,0.075612,-0.045267,-0.849100
40140061,-0.520124,0.075483,-0.045221,-0.849546
40148394,-0.519932,0.075312,-0.045228,-0.849678
40156727,-0.519710,0.075075,-0.045298,-0.849832
40165060,-0.519422,0.074867,-0.045348,-0.850023
40173393,-0.518930,0.074727,-0.045328,-0.850337
40181726,-0.518560,0.074541,-0.045420,-0.850574
40190059,-0.518258,0.074365,-0.045524,-0.850768
40198392,-0.517718,0.074156,-0.045626,-0.851109
40206725,-0.517417,0.073870,-0.045778,-0.851309
40215058,-0.517166,0.073570,-0.046015,-0.851475
40223391,-0.516729,0.073211,-0.046385,-0.851751
40231724,-0.516718,0.072751,-0.046682,-0.851781
40240057,-0.516425,0.072489,-0.046860,-0.851971
40248390,-0.515710,0.072283,-0.047109,-0.852408
40256723,-0.515122,0.072076,-0.047302,-0.852770
40265056,-0.514856,0.071769,-0.047565,-0.852942
40273389,-0.514167,0.071595,-0.047821,-0.853358
40281722,-0.513713,0.071441,-0.048035,-0.853632
40290055,-0.513408,0.071333,-0.048169,-0.853817
40298388,-0.512994,0.071160,-0.048287,-0.854074
40306721,-0.512633,0.071115,-0.048380,-0.854289
40315054,-0.512157,0.071068,-0.048498,-0.854572
40323387,-0.511680,0.071034,-0.048599,-0.854854
40331720,-0.511410,0.070960,-0.048703,-0.855016
40340053,-0.511284,0.070766,-0.048938,-0.855094
40348386,-0.510733,0.070698,-0.049130,-0.855418
40356719,-0.510382,0.070578,-0.049340,-0.855625
40365052,-0.510138,0.070359,-0.049640,-0.855771
40373385,-0.509625,0.070153,-0.050004,-0.856073
40381718,-0.509513,0.069902,-0.050248,-0.856146
40390051,-0.509204,0.069689,-0.050523,-0.856331
40398384,-0.508688,0.069538,-0.050781,-0.856634
40406717,-0.508131,0.069435,-0.050925,-0.856965
40415050,-0.507534,0.069292,-0.051151,-0.857316
40423383,-0.506972,0.069172,-0.051336,-0.857647
40431716,-0.506393,0.069061,-0.051532,-0.857987
40440049,-0.506026,0.068985,-0.051594,-0.858206
40448382,-0.505284,0.068871,-0.051789,-0.858640
40456715,-0.504392,0.068725,-0.052078,-0.859159
40465048,-0.503907,0.068707,-0.052089,-0.859444
40473381,-0.503345,0.068672,-0.052110,-0.859775
40481714,-0.502815,0.068588,-0.052174,-0.860088
40490047,-0.502274,0.068522,-0.052192,-0.860408
40498380,-0.501759,0.068428,-0.052206,-0.860715
40506713,-0.501409,0.068332,-0.052204,-0.860927
40515046,-0.500873,0.068177,-0.052320,-0.861243
40523379,-0.500540,0.068019,-0.052457,-0.861442
40531712,-0.500078,0.067874,-0.052590,-0.861713
40540045,-0.499443,0.067725,-0.052739,-0.862084
40548378,-0.499173,0.067531,-0.052891,-0.862246
40556711,-0.498891,0.067335,-0.053019,-0.862417
40565044,-0.498687,0.067156,-0.053086,-0.862545
40573377,-0.498460,0.066988,-0.053141,-0.862686
40581710,-0.497991,0.066829,-0.053234,-0.862963
40590043,-0.497442,0.066601,-0.053463,-0.863283
40598376,-0.497125,0.066448,-0.053474,-0.863477
40606709,-0.496979,0.066252,-0.053534,-0.863572
40615042,-0.496589,0.066188,-0.053349,-0.863813
40623375,-0.496048,0.065983,-0.053477,-0.864131
40631708,-0.495649,0.065875,-0.053431,-0.864371
40640041,-0.495154,0.065692,-0.053475,-0.864666
40648374,-0.494722,0.065464,-0.053647,-0.864920
40656707,-0.494235,0.065249,-0.053728,-0.865210
40665040,-0.493764,0.065084,-0.053775,-0.865488
40673373,-0.493317,0.064904,-0.053845,-0.865752
40681706,-0.492830,0.064727,-0.053882,-0.866041
40690039,-0.492338,0.064546,-0.053898,-0.866333
40698372,-0.491709,0.064403,-0.053973,-0.866696
40706705,-0.491052,0.064343,-0.053886,-0.867078
40715038,-0.490701,0.064204,-0.053797,-0.867292
40723371,-0.489958,0.064005,-0.053917,-0.867719
40731704,-0.489568,0.063797,-0.053951,-0.867953
40740037,-0.489146,0.063613,-0.054019,-0.868200
40748370,-0.489122,0.063372,-0.054064,-0.868229
40756703,-0.488778,0.063278,-0.053920,-0.868438
40765036,-0.488064,0.063176,-0.053923,-0.868847
40773369,-0.487268,0.063073,-0.053960,-0.869299
40781702,-0.486745,0.062950,-0.053936,-0.869602
40790035,-0.485960,0.062793,-0.054183,-0.870037
40798368,-0.485689,0.062758,-0.053985,-0.870203
40806701,-0.485463,0.062664,-0.053898,-0.870341
40815034,-0.485355,0.062531,-0.053857,-0.870414
40823367,-0.485170,0.062468,-0.053697,-0.870531
40831700,-0.484767,0.062382,-0.053786,-0.870756
40840033,-0.484364,0.062244,-0.054028,-0.870976
40848366,-0.484453,0.061968,-0.054231,-0.870933
40856699,-0.484018,0.061732,-0.054573,-0.871170
40865032,-0.483603,0.061594,-0.054776,-0.871398
40873365,-0.483159,0.061480,-0.054893,-0.871645
40881698,-0.482283,0.061651,-0.054624,-0.872134
40890031,-0.481572,0.061554,-0.054738,-0.872527
40898364,-0.480711,0.061333,-0.055087,-0.872995
40906697,-0.479903,0.061102,-0.055363,-0.873438
40915030,-0.478984,0.060831,-0.055680,-0.873942
40923363,-0.477803,0.060653,-0.055843,-0.874590
40931696,-0.476296,0.060565,-0.056106,-0.875400
40940029,-0.474960,0.060518,-0.056247,-0.876120
40948362,-0.473691,0.060481,-0.056258,-0.876809
40956695,-0.472256,0.060422,-0.056376,-0.877579
40965028,-0.470702,0.060431,-0.056460,-0.878408
40973361,-0.469532,0.060382,-0.056602,-0.879028
40981694,-0.468467,0.060327,-0.056699,-0.879594
40990027,-0.467594,0.060223,-0.056818,-0.880057
40998360,-0.466710,0.060191,-0.056918,-0.880522
41006693,-0.466111,0.060113,-0.057024,-0.880838
41015026,-0.465700,0.060031,-0.057099,-0.881056
41023359,-0.465274,0.059967,-0.057219,-0.881278
41031692,-0.464744,0.059936,-0.057348,-0.881551
41040025,-0.464415,0.059860,-0.057453,-0.881723
41048358,-0.463976,0.059850,-0.057577,-0.881946
41056691,-0.463592,0.059939,-0.057536,-0.882145
41065024,-0.463389,0.059910,-0.057614,-0.882248
41073357,-0.463270,0.059873,-0.057698,-0.882308
41081690,-0.463161,0.059839,-0.057809,-0.882360
41090023,-0.463156,0.059852,-0.057813,-0.882362
41098356,-0.463085,0.059817,-0.057844,-0.882399
41106689,-0.463085,0.059786,-0.057865,-0.882400
41115022,-0.463106,0.059818,-0.057748,-0.882394
41123355,-0.462946,0.059849,-0.057687,-0.882480
41131688,-0.462898,0.059896,-0.057576,-0.882509
41140021,-0.462884,0.059883,-0.057582,-0.882517
41148354,-0.462702,0.059943,-0.057482,-0.882615
41156687,-0.462544,0.059752,-0.057795,-0.882691
41165020,-0.462396,0.059710,-0.057900,-0.882764
41173353,-0.461999,0.059793,-0.057827,-0.882971
41181686,-0.461794,0.059822,-0.057754,-0.883081
41190019,-0.461686,0.059825,-0.057773,-0.883136
41198352,-0.461653,0.059903,-0.057643,-0.883156
41206685,-0.461620,0.059928,-0.057592,-0.883175
41215018,-0.461723,0.059967,-0.057546,-0.883122
41223351,-0.461947,0.060009,-0.057457,-0.883008
41231684,-0.462268,0.060173,-0.057103,-0.882851
41240017,-0.462541,0.060318,-0.056840,-0.882716
41248350,-0.462780,0.060398,-0.056741,-0.882591
41256683,-0.462923,0.060513,-0.056557,-0.882520
41265016,-0.462945,0.060640,-0.056456,-0.882507
41273349,-0.462970,0.060697,-0.056474,-0.882488
41281682,-0.462997,0.060684,-0.056594,-0.882467
41290015,-0.463093,0.060710,-0.056639,-0.882412
41298348,-0.463202,0.060801,-0.056541,-0.882355
41306681,-0.463079,0.060902,-0.056539,-0.882413
41315014,-0.463231,0.061071,-0.056341,-0.882334
41323347,-0.463299,0.061230,-0.056158,-0.882299
41331680,-0.463436,0.061343,-0.056125,-0.882221
41340013,-0.463659,0.061472,-0.056047,-0.882100
41348346,-0.463750,0.061605,-0.055979,-0.882047
41356679,-0.463889,0.061786,-0.055840,-0.881970
41365012,-0.464195,0.062007,-0.055550,-0.881812
41373345,-0.464380,0.062229,-0.055299,-0.881715
41381678,-0.464764,0.062371,-0.055124,-0.881513
41390011,-0.465071,0.062513,-0.055007,-0.881349
41398344,-0.465294,0.062621,-0.054991,-0.881224
41406677,-0.465521,0.062742,-0.054886,-0.881102
41415010,-0.465932,0.062914,-0.054702,-0.880884
41423343,-0.466310,0.063092,-0.054490,-0.880685
41431676,-0.466418,0.063266,-0.054290,-0.880627
41440009,-0.466540,0.063424,-0.054146,-0.880560
41448342,-0.466605,0.063633,-0.053975,-0.880521
41456675,-0.466758,0.063781,-0.053852,-0.880437
41465008,-0.466904,0.063951,-0.053683,-0.880357
41473341,-0.467150,0.064128,-0.053484,-0.880226
41481674,-0.467422,0.064312,-0.053210,-0.880085
41490007,-0.467291,0.064560,-0.052991,-0.880149
41498340,-0.467140,0.064644,-0.052971,-0.880225
41506673,-0.467249,0.064744,-0.052858,-0.880166
41515006,-0.467386,0.064937,-0.052623,-0.880093
41523339,-0.467610,0.065160,-0.052294,-0.879977
41531672,-0.467861,0.065360,-0.052008,-0.879846
41540005,-0.468305,0.065579,-0.051655,-0.879614
41548338,-0.468568,0.065734,-0.051442,-0.879475
41556671,-0.468809,0.065902,-0.051129,-0.879353
41565004,-0.469150,0.066078,-0.050868,-0.879173
41573337,-0.469336,0.066203,-0.050754,-0.879071
41581670,-0.469603,0.066334,-0.050578,-0.878928
41590003,-0.469918,0.066462,-0.050345,-0.878763
41598336,-0.470362,0.066587,-0.050062,-0.878533
41606669,-0.470514,0.066722,-0.049886,-0.878451
41615002,-0.470763,0.066791,-0.049754,-0.878320
41623335,-0.470872,0.066814,-0.049708,-0.878262
41631668,-0.471074,0.066849,-0.049622,-0.878156
41640001,-0.471310,0.066934,-0.049437,-0.878033
41648334,-0.471686,0.067042,-0.049275,-0.877833
41656667,-0.471948,0.067057,-0.049240,-0.877693
41665000,-0.472134,0.067022,-0.049225,-0.877596
41673333,-0.472180,0.067028,-0.049216,-0.877571
41681666,-0.472338,0.066973,-0.049248,-0.877488
41689999,-0.472426,0.066882,-0.049304,-0.877445
41698332,-0.472611,0.066806,-0.049369,-0.877347
41706665,-0.472609,0.066646,-0.049671,-0.877344
41714998,-0.472938,0.066675,-0.049451,-0.877176
41723331,-0.473015,0.066668,-0.049402,-0.877138
41731664,-0.473072,0.066685,-0.049308,-0.877112
41739997,-0.473221,0.066949,-0.048562,-0.877053
41748330,-0.473350,0.067047,-0.048261,-0.876992
41756663,-0.473154,0.067063,-0.048260,-0.877097
41764996,-0.473141,0.067078,-0.048159,-0.877108
41773329,-0.473169,0.067124,-0.047996,-0.877098
41781662,-0.473180,0.067161,-0.047815,-0.877100
41789995,-0.473262,0.067183,-0.047680,-0.877061
41798328,-0.473262,0.067191,-0.047628,-0.877063
41806661,-0.473253,0.067243,-0.047512,-0.877071
41814994,-0.473175,0.067276,-0.047390,-0.877117
41823327,-0.473190,0.067338,-0.047202,-0.877114
41831660,-0.473318,0.067373,-0.047096,-0.877048
41839993,-0.473357,0.067403,-0.046989,-0.877030
41848326,-0.473353,0.067415,-0.046854,-0.877038
41856659,-0.473689,0.067406,-0.046673,-0.876868
41864992,-0.473915,0.067406,-0.046570,-0.876751
41873325,-0.473888,0.067417,-0.046581,-0.876764
41881658,-0.473945,0.067386,-0.046569,-0.876736
41889991,-0.473969,0.067345,-0.046556,-0.876727
41898324,-0.473942,0.067297,-0.046556,-0.876745
41906657,-0.473982,0.067267,-0.046521,-0.876728
41914990,-0.474040,0.067239,-0.046500,-0.876700
41923323,-0.474210,0.067165,-0.046459,-0.876616
41931656,-0.474220,0.067111,-0.046441,-0.876616
41939989,-0.474244,0.067075,-0.046436,-0.876606
41948322,-0.474215,0.067032,-0.046474,-0.876622
41956655,-0.474012,0.066978,-0.046522,-0.876734
41964988,-0.473951,0.066971,-0.046489,-0.876769
41973321,-0.473942,0.066931,-0.046476,-0.876778
41981654,-0.473766,0.066925,-0.046437,-0.876875
41989987,-0.473818,0.066891,-0.046375,-0.876853
41998320,-0.473764,0.066814,-0.046443,-0.876885
42006653,-0.473674,0.066729,-0.046462,-0.876939
42014986,-0.473537,0.066694,-0.046431,-0.877017
42023319,-0.473591,0.066634,-0.046410,-0.876994
42031652,-0.473616,0.066542,-0.046454,-0.876984
42039985,-0.473660,0.066384,-0.046603,-0.876965
42048318,-0.473575,0.066257,-0.046713,-0.877015
42056651,-0.473503,0.066111,-0.046900,-0.877055
42064984,-0.473399,0.065982,-0.047038,-0.877113
42073317,-0.473301,0.065896,-0.047074,-0.877170
42081650,-0.473362,0.065745,-0.047181,-0.877143
42089983,-0.473451,0.065633,-0.047190,-0.877103
42098316,-0.473367,0.065509,-0.047325,-0.877150
42106649,-0.473448,0.065367,-0.047398,-0.877113
42114982,-0.473630,0.065197,-0.047491,-0.877022
42123315,-0.473803,0.065007,-0.047576,-0.876938
42131648,-0.473923,0.064803,-0.047699,-0.876882
42139981,-0.474262,0.064599,-0.047790,-0.876709
42148314,-0.474659,0.064396,-0.047855,-0.876505
42156647,-0.475030,0.064187,-0.047907,-0.876317
42164980,-0.475356,0.063978,-0.047990,-0.876151
42173313,-0.475709,0.063749,-0.048100,-0.875970
42181646,-0.476090,0.063472,-0.048256,-0.875775
42189979,-0.476292,0.063193,-0.048550,-0.875668
42198312,-0.476557,0.062882,-0.048840,-0.875531
42206645,-0.477106,0.062510,-0.049133,-0.875242
42214978,-0.477561,0.062084,-0.049466,-0.875005
42223311,-0.478093,0.061613,-0.049894,-0.874724
42231644,-0.478745,0.061140,-0.050316,-0.874376
42239977,-0.479301,0.060676,-0.050731,-0.874080
42248310,-0.480024,0.060238,-0.051076,-0.873693
42256643,-0.480449,0.059894,-0.051325,-0.873469
42264976,-0.480884,0.059547,-0.051525,-0.873241
42273309,-0.481351,0.059222,-0.051633,-0.872999
42281642,-0.481902,0.058936,-0.051631,-0.872715
42289975,-0.482473,0.058700,-0.051546,-0.872420
42298308,-0.483024,0.058512,-0.051317,-0.872142
42306641,-0.483719,0.058363,-0.050989,-0.871785
42314974,-0.483949,0.058221,-0.050746,-0.871682
42323307,-0.484392,0.058109,-0.050381,-0.871464
42331640,-0.484992,0.058045,-0.049886,-0.871163
42339973,-0.485434,0.057983,-0.049420,-0.870947
42348306,-0.486042,0.057907,-0.048929,-0.870641
42356639,-0.486669,0.057811,-0.048445,-0.870324
42364972,-0.487136,0.057755,-0.047846,-0.870100
42373305,-0.487627,0.057762,-0.047195,-0.869860
42381638,-0.487926,0.057644,-0.046750,-0.869724
42389971,-0.488446,0.057385,-0.046469,-0.869464
42398304,-0.488937,0.057175,-0.046037,-0.869225
42406637,-0.488768,0.057247,-0.045429,-0.869347
42414970,-0.489154,0.056919,-0.045218,-0.869163
42423303,-0.489180,0.056780,-0.044835,-0.869177
42431636,-0.489606,0.056683,-0.044064,-0.868983
42439969,-0.489650,0.056441,-0.043858,-0.868984
42448302,-0.489784,0.056158,-0.043663,-0.868937
42456635,-0.489704,0.055868,-0.043477,-0.869010
42464968,-0.489378,0.055569,-0.043359,-0.869219
42473301,-0.489452,0.055124,-0.043281,-0.869209
42481634,-0.489523,0.054167,-0.044180,-0.869184
42489967,-0.489636,0.053564,-0.044359,-0.869149
42498300,-0.490206,0.053488,-0.043307,-0.868885
42506633,-0.490424,0.052967,-0.043191,-0.868800
42514966,-0.490619,0.052331,-0.043319,-0.868722
42523299,-0.490800,0.052047,-0.042867,-0.868659
42531632,-0.490894,0.051638,-0.042571,-0.868645
42539965,-0.491284,0.051200,-0.042139,-0.868471
42548298,-0.491907,0.050731,-0.041716,-0.868167
42556631,-0.492014,0.050269,-0.041249,-0.868155
42564964,-0.492140,0.050029,-0.040474,-0.868135
42573297,-0.492313,0.049776,-0.039665,-0.868088
42581630,-0.492599,0.049543,-0.038554,-0.867989
42589963,-0.493140,0.049271,-0.037342,-0.867751
42598296,-0.493562,0.048830,-0.036395,-0.867576
42606629,-0.493486,0.048567,-0.035385,-0.867675
42614962,-0.493637,0.048242,-0.034339,-0.867649
42623295,-0.493928,0.047798,-0.033299,-0.867549
42631628,-0.494211,0.047386,-0.032147,-0.867454
42639961,-0.494856,0.046847,-0.031099,-0.867154
42648294,-0.495505,0.046462,-0.029787,-0.866850
42656627,-0.496060,0.046013,-0.028477,-0.866601
42664960,-0.496560,0.045474,-0.027311,-0.866380
42673293,-0.497017,0.045018,-0.025956,-0.866184
42681626,-0.497509,0.044493,-0.024633,-0.865967
42689959,-0.497894,0.043978,-0.023278,-0.865809
42698292,-0.498187,0.043527,-0.021891,-0.865700
42706625,-0.498662,0.042848,-0.020606,-0.865492
42714958,-0.498798,0.042262,-0.019223,-0.865474
42723291,-0.498882,0.041750,-0.017731,-0.865482
42731624,-0.498867,0.041373,-0.016058,-0.865541
42739957,-0.498878,0.040761,-0.014657,-0.865589
42748290,-0.499085,0.040233,-0.012992,-0.865521
42756623,-0.499097,0.039825,-0.011252,-0.865557
42764956,-0.499082,0.039204,-0.009708,-0.865613
42773289,-0.499211,0.038585,-0.008091,-0.865583
42781622,-0.499503,0.037935,-0.006477,-0.865457
42789955,-0.500105,0.037244,-0.004804,-0.865150
42798288,-0.500668,0.036464,-0.003347,-0.864865
42806621,-0.501204,0.035882,-0.001483,-0.864584
42814954,-0.502111,0.034991,-0.000036,-0.864095
42823287,-0.502599,0.034196,0.001461,-0.863842
42831620,-0.503604,0.033418,0.003217,-0.863282
42839953,-0.504724,0.032640,0.004824,-0.862650
42848286,-0.506042,0.031684,0.006410,-0.861903
42856619,-0.507242,0.030861,0.008046,-0.861213
42864952,-0.508236,0.030081,0.009799,-0.860637
42873285,-0.509265,0.029231,0.011478,-0.860037
42881618,-0.510053,0.028507,0.013148,-0.859570
42889951,-0.511034,0.027652,0.014874,-0.858987
42898284,-0.511840,0.026780,0.016374,-0.858507
42906617,-0.512329,0.025863,0.017849,-0.858214
42914950,-0.512728,0.025040,0.019421,-0.857966
42923283,-0.513085,0.024161,0.020755,-0.857747
42931616,-0.513248,0.023081,0.021889,-0.857651
42939949,-0.513081,0.022124,0.022939,-0.857749
42948282,-0.513205,0.021170,0.024146,-0.857665
42956615,-0.512945,0.020186,0.025074,-0.857818
42964948,-0.512560,0.019061,0.025892,-0.858050
42973281,-0.512048,0.018165,0.026908,-0.858343
42981614,-0.511980,0.017224,0.028076,-0.858366
42989947,-0.511741,0.016303,0.029178,-0.858489
42998280,-0.511384,0.015478,0.030264,-0.858680
43006613,-0.511001,0.014670,0.031240,-0.858887
43014946,-0.510406,0.013882,0.032109,-0.859222
43023279,-0.509552,0.013257,0.032810,-0.859712
43031612,-0.508516,0.012566,0.033444,-0.860311
43039945,-0.507969,0.011722,0.034061,-0.860622
43048278,-0.507342,0.011079,0.034719,-0.860974
43056611,-0.506802,0.010519,0.035398,-0.861271
43064944,-0.506445,0.009878,0.035996,-0.861464
43073277,-0.505895,0.009448,0.036593,-0.861767
43081610,-0.505523,0.008926,0.037163,-0.861966
43089943,-0.504878,0.008533,0.037609,-0.862329
43098276,-0.504387,0.008169,0.038100,-0.862598
43106609,-0.503611,0.007801,0.038398,-0.863042
43114942,-0.502671,0.007417,0.038607,-0.863584
43123275,-0.501816,0.007025,0.038754,-0.864077
43131608,-0.501211,0.006558,0.038791,-0.864431
43139941,-0.500826,0.006176,0.038963,-0.864649
43148274,-0.500573,0.005684,0.038928,-0.864800
43156607,-0.500375,0.005357,0.039179,-0.864905
43164940,-0.500593,0.004905,0.039365,-0.864774
43173273,-0.500950,0.004685,0.039920,-0.864543
43181606,-0.501156,0.004492,0.040483,-0.864398
43189939,-0.500926,0.004211,0.040549,-0.864529
43198272,-0.500776,0.004124,0.040976,-0.864596
43206605,-0.500377,0.004317,0.041711,-0.864791
43214938,-0.499614,0.004628,0.042572,-0.865189
43223271,-0.499760,0.004969,0.043712,-0.865046
43231604,-0.499708,0.005092,0.044564,-0.865032
43239937,-0.499572,0.005496,0.045670,-0.865050
43248270,-0.499235,0.005867,0.046637,-0.865191
43256603,-0.498473,0.006191,0.047333,-0.865590
43264936,-0.497896,0.006470,0.047930,-0.865887
43273269,-0.496876,0.006589,0.048412,-0.866445
43281602,-0.495709,0.006682,0.048626,-0.867100
43289935,-0.494697,0.006885,0.048994,-0.867656
43298268,-0.493743,0.006805,0.048905,-0.868205
43306601,-0.492767,0.006805,0.048946,-0.868757
43314934,-0.491556,0.006834,0.048794,-0.869451
43323267,-0.490329,0.006888,0.048793,-0.870143
43331600,-0.488974,0.006914,0.048696,-0.870911
43339933,-0.487496,0.007018,0.048637,-0.871741
43348266,-0.486592,0.007061,0.048771,-0.872239
43356599,-0.485161,0.007200,0.048635,-0.873042
43364932,-0.483794,0.007405,0.048701,-0.873794
43373265,-0.482526,0.007618,0.048778,-0.874489
43381598,-0.481317,0.007868,0.048944,-0.875143
43389931,-0.479947,0.008127,0.048980,-0.875891
43398264,-0.478208,0.008385,0.048939,-0.876842
43406597,-0.476240,0.008625,0.048737,-0.877921
43414930,-0.474172,0.008897,0.048520,-0.879049
43423263,-0.472175,0.009078,0.048115,-0.880144
43431596,-0.470377,0.009187,0.047629,-0.881131
43439929,-0.468328,0.009377,0.047316,-0.882237
43448262,-0.466112,0.009638,0.047067,-0.883421
43456595,-0.463877,0.010062,0.046971,-0.884596
43464928,-0.461264,0.010643,0.047027,-0.885952
43473261,-0.458865,0.011115,0.046910,-0.887197
43481594,-0.456476,0.011827,0.047213,-0.888403
43489927,-0.453651,0.012560,0.047240,-0.889838
43498260,-0.451145,0.013343,0.047278,-0.891098
43506593,-0.448397,0.014170,0.047381,-0.892465
43514926,-0.445602,0.015043,0.047414,-0.893848
43523259,-0.442650,0.015986,0.047513,-0.895292
43531592,-0.439613,0.016987,0.047576,-0.896766
43539925,-0.436355,0.018019,0.047489,-0.898340
43548258,-0.432810,0.019075,0.047349,-0.900039
43556591,-0.429337,0.020227,0.047137,-0.901687
43564924,-0.426042,0.021392,0.046992,-0.903229
43573257,-0.422284,0.022786,0.046889,-0.904963
43581590,-0.418407,0.024180,0.046587,-0.906742
43589923,-0.413994,0.025839,0.046575,-0.908720
43598256,-0.409158,0.027614,0.046594,-0.910854
43606589,-0.404283,0.029477,0.046561,-0.912972
43614922,-0.399767,0.031329,0.046598,-0.914895
43623255,-0.395734,0.033128,0.046394,-0.916594
43631588,-0.391409,0.035022,0.046173,-0.918390
43639921,-0.387173,0.036822,0.045729,-0.920136
43648254,-0.383164,0.038460,0.044966,-0.921783
43656587,-0.379183,0.039963,0.044140,-0.923404
43664920,-0.374436,0.041381,0.043139,-0.925324
43673253,-0.369538,0.042594,0.042013,-0.927288
43681586,-0.364323,0.043681,0.040888,-0.929349
43689919,-0.358005,0.044672,0.039751,-0.931803
43698252,-0.351442,0.045583,0.038744,-0.934296
43706585,-0.343985,0.046622,0.038201,-0.937039
43714918,-0.336033,0.047491,0.037616,-0.939900
43723251,-0.327539,0.048447,0.037156,-0.942863
43731584,-0.318071,0.049287,0.036713,-0.946073
43739917,-0.308082,0.050198,0.036175,-0.949345
43748250,-0.297053,0.051159,0.035789,-0.952818
43756583,-0.285660,0.052169,0.035617,-0.956247
43764916,-0.273583,0.053219,0.035314,-0.959726
43773249,-0.260933,0.054231,0.034790,-0.963204
43781582,-0.247784,0.055321,0.034129,-0.966632
43789915,-0.233646,0.056539,0.033291,-0.970106
43798248,-0.219481,0.057509,0.032127,-0.973390
43806581,-0.204676,0.058613,0.031047,-0.976580
43814914,-0.189907,0.059548,0.029597,-0.979548
43823247,-0.175300,0.060482,0.028612,-0.982239
43831580,-0.161515,0.061198,0.027604,-0.984584
43839913,-0.147306,0.061899,0.026367,-0.986800
43848246,-0.132378,0.062525,0.024637,-0.988919
43856579,-0.117297,0.063244,0.023283,-0.990808
43864912,-0.102048,0.063715,0.021800,-0.992498
43873245,-0.086070,0.064110,0.020114,-0.994021
43881578,-0.070470,0.064804,0.018845,-0.995228
43889911,-0.055068,0.065418,0.017606,-0.996182
43898244,-0.039582,0.066153,0.016543,-0.996887
43906577,-0.023598,0.066899,0.015408,-0.997362
43914910,-0.008070,0.067721,0.014470,-0.997567
43923243,0.007852,0.068760,0.013684,-0.997508
43931576,0.023948,0.069470,0.012712,-0.997216
43939909,0.040481,0.070195,0.011264,-0.996648
43948242,0.056099,0.070545,0.010231,-0.995877
43956575,0.071077,0.071030,0.009472,-0.994894
43964908,0.085815,0.071437,0.008547,-0.993710
43973241,0.100660,0.071792,0.007407,-0.992300
43981574,0.114919,0.071918,0.006730,-0.990745
43989907,0.128287,0.072205,0.005818,-0.989088
43998240,0.142273,0.072498,0.004659,-0.987158
44006573,0.155858,0.072788,0.003464,-0.985088
44014906,0.169275,0.072885,0.002970,-0.982866
44023239,0.182081,0.073109,0.001949,-0.980560
44031572,0.194600,0.073259,0.001070,-0.978143
44039905,0.207073,0.073455,0.000129,-0.975564
44048238,0.218915,0.073489,-0.000512,-0.972972
44056571,0.230156,0.073520,-0.001066,-0.970372
44064904,0.241013,0.073525,-0.001858,-0.967731
44073237,0.251757,0.073577,-0.002545,-0.964986
44081570,0.261881,0.073547,-0.003113,-0.962289
44089903,0.271747,0.073569,-0.003618,-0.959546
44098236,0.281001,0.073523,-0.003874,-0.956879
44106569,0.289897,0.073413,-0.004119,-0.954229
44114902,0.298448,0.073339,-0.004224,-0.951595
44123235,0.306539,0.073295,-0.004312,-0.949022
44131568,0.314153,0.073194,-0.004303,-0.946537
44139901,0.321584,0.073071,-0.004241,-0.944048
44148234,0.328853,0.073085,-0.004343,-0.941539
44156567,0.335970,0.072981,-0.004200,-0.939031
44164900,0.342956,0.072797,-0.003641,-0.936519
44173233,0.349360,0.072533,-0.003311,-0.934171
44181566,0.355449,0.072372,-0.002987,-0.931885
44189899,0.361799,0.072296,-0.002776,-0.929444
44198232,0.367439,0.071993,-0.002159,-0.927255
44206565,0.372806,0.071653,-0.001619,-0.925137
44214898,0.377568,0.070988,-0.000346,-0.923257
44223231,0.381958,0.070486,0.000750,-0.921488
44231564,0.386614,0.070093,0.001861,-0.919572
44239897,0.390591,0.069730,0.002911,-0.917915
44248230,0.394549,0.069466,0.004060,-0.916237
44256563,0.397882,0.069205,0.005340,-0.914807
44264896,0.401375,0.069042,0.006565,-0.913284
44273229,0.404758,0.068842,0.008025,-0.911793
44281562,0.408552,0.068813,0.009355,-0.910089
44289895,0.412247,0.068849,0.010578,-0.908406
44298228,0.415554,0.068815,0.011883,-0.906884
44306561,0.419332,0.068881,0.012969,-0.905123
44314894,0.423274,0.069018,0.013863,-0.903263
44323227,0.427341,0.069293,0.014355,-0.901317
44331560,0.431268,0.069507,0.014738,-0.899422
44339893,0.435098,0.069765,0.014989,-0.897551
44348226,0.438528,0.070022,0.015122,-0.895858
44356559,0.441839,0.070194,0.015333,-0.894212
44364892,0.445114,0.070585,0.015040,-0.892561
44373225,0.447882,0.071156,0.014263,-0.891143
44381558,0.450598,0.071490,0.013774,-0.889753
44389891,0.452886,0.071573,0.013436,-0.888589
44398224,0.454782,0.071880,0.012593,-0.887608
44406557,0.456429,0.072042,0.011914,-0.886758
44414890,0.458153,0.072115,0.011040,-0.885874
44423223,0.459843,0.072115,0.010289,-0.885007
44431556,0.461072,0.072096,0.009475,-0.884378
44439889,0.461954,0.071999,0.008707,-0.883934
44448222,0.462980,0.071781,0.008090,-0.883421
44456555,0.463706,0.071368,0.007752,-0.883076
44464888,0.464356,0.070825,0.007719,-0.882778
44473221,0.464705,0.070231,0.007844,-0.882641
44481554,0.464811,0.069528,0.008319,-0.882636
44489887,0.464288,0.068760,0.009003,-0.882965
44498220,0.463473,0.068040,0.009853,-0.883440
44506553,0.462846,0.067242,0.011075,-0.883815
44514886,0.462197,0.066497,0.012242,-0.884196
44523219,0.461896,0.065906,0.013171,-0.884384
44531552,0.461707,0.065377,0.014023,-0.884509
44539885,0.461259,0.064888,0.014747,-0.884767
44548218,0.460887,0.064295,0.015689,-0.884988
44556551,0.460193,0.063761,0.016410,-0.885374
44564884,0.459263,0.063224,0.017041,-0.885884
44573217,0.458326,0.062606,0.017825,-0.886397
44581550,0.457454,0.061918,0.018766,-0.886877
44589883,0.456619,0.061292,0.019522,-0.887334
44598216,0.455916,0.060393,0.020871,-0.887726
44606549,0.454982,0.059537,0.021976,-0.888236
44614882,0.454218,0.058765,0.022903,-0.888655
44623215,0.453686,0.058035,0.023805,-0.888951
44631548,0.453388,0.057390,0.024579,-0.889124
44639881,0.453257,0.056741,0.025376,-0.889210
44648214,0.453171,0.056176,0.026055,-0.889270
44656547,0.452997,0.055658,0.026642,-0.889374
44664880,0.452741,0.055209,0.027033,-0.889521
44673213,0.452599,0.054740,0.027558,-0.889606
44681546,0.452592,0.054345,0.027999,-0.889620
44689879,0.452169,0.053943,0.028420,-0.889846
44698212,0.451769,0.053516,0.028917,-0.890059
44706545,0.451095,0.053123,0.029290,-0.890412
44714878,0.450285,0.052717,0.029693,-0.890833
44723211,0.449389,0.052297,0.030079,-0.891297
44731544,0.448405,0.051759,0.030638,-0.891804
44739877,0.447470,0.051274,0.031099,-0.892286
44748210,0.446665,0.050876,0.031503,-0.892698
44756543,0.445913,0.050482,0.031830,-0.893085
44764876,0.445228,0.050103,0.032049,-0.893440
44773209,0.444721,0.049676,0.032407,-0.893703
44781542,0.444150,0.049235,0.032810,-0.893997
44789875,0.443577,0.048751,0.033288,-0.894290
44798208,0.443007,0.048337,0.033679,-0.894580
44806541,0.442438,0.048086,0.033741,-0.894873
44814874,0.441855,0.047845,0.033710,-0.895175
44823207,0.441494,0.047540,0.033870,-0.895364
44831540,0.440978,0.047138,0.034168,-0.895628
44839873,0.440622,0.046811,0.034316,-0.895814
44848206,0.440184,0.046487,0.034480,-0.896040
44856539,0.439804,0.046210,0.034616,-0.896236
44864872,0.439264,0.045904,0.034729,-0.896512
44873205,0.439096,0.045563,0.035004,-0.896601
44881538,0.438766,0.045241,0.035259,-0.896769
44889871,0.438348,0.044920,0.035469,-0.896981
44898204,0.437958,0.044663,0.035528,-0.897182
44906537,0.437567,0.044320,0.035753,-0.897381
44914870,0.437125,0.043969,0.035963,-0.897605
44923203,0.436669,0.043681,0.036080,-0.897836
44931536,0.436401,0.043455,0.036107,-0.897976
44939869,0.435954,0.043208,0.036082,-0.898207
44948202,0.435647,0.042899,0.036279,-0.898362
44956535,0.435230,0.042534,0.036475,-0.898574
44964868,0.434970,0.042215,0.036672,-0.898707
44973201,0.434744,0.042040,0.036662,-0.898825
44981534,0.434712,0.041814,0.036761,-0.898847
44989867,0.434557,0.041548,0.036881,-0.898929
44998200,0.434383,0.041280,0.037006,-0.899021
45006533,0.434435,0.041063,0.037046,-0.899004
45014866,0.434235,0.040815,0.037090,-0.899110
45023199,0.434157,0.040600,0.037112,-0.899156
45031532,0.434222,0.040465,0.037051,-0.899134
45039865,0.434151,0.040233,0.037216,-0.899171
45048198,0.434103,0.040041,0.037252,-0.899202
45056531,0.433971,0.039939,0.037161,-0.899274
45064864,0.433774,0.039745,0.037230,-0.899374
45073197,0.433522,0.039657,0.037029,-0.899508
45081530,0.433339,0.039537,0.036921,-0.899606
45089863,0.433276,0.039317,0.037150,-0.899637
45098196,0.433107,0.039190,0.037178,-0.899722
45106529,0.432849,0.039117,0.037007,-0.899857
45114862,0.432695,0.039026,0.036930,-0.899938
45123195,0.432592,0.038899,0.036945,-0.899992
45131528,0.432554,0.038774,0.036998,-0.900014
45139861,0.432375,0.038630,0.037084,-0.900102
45148194,0.432238,0.038523,0.037111,-0.900172
45156527,0.432277,0.038443,0.037139,-0.900155
45164860,0.432249,0.038368,0.037161,-0.900171
45173193,0.432275,0.038239,0.037304,-0.900158
45181526,0.432188,0.038151,0.037320,-0.900203
45189859,0.432084,0.038105,0.037308,-0.900255
45198192,0.432083,0.038062,0.037296,-0.900258
45206525,0.432111,0.038033,0.037299,-0.900246
45214858,0.432218,0.037943,0.037428,-0.900193
45223191,0.432140,0.037882,0.037426,-0.900233
45231524,0.432097,0.037852,0.037411,-0.900256
45239857,0.432077,0.037837,0.037368,-0.900267
45248190,0.432101,0.037815,0.037342,-0.900258
45256523,0.432071,0.037783,0.037308,-0.900275
45264856,0.431942,0.037788,0.037184,-0.900342
45273189,0.432065,0.037763,0.037230,-0.900282
45281522,0.432102,0.037737,0.037265,-0.900264
45289855,0.432280,0.037756,0.037231,-0.900179
45298188,0.432344,0.037790,0.037169,-0.900149
45306521,0.432381,0.037861,0.037086,-0.900132
45314854,0.432466,0.037901,0.037045,-0.900091
45323187,0.432459,0.037905,0.037031,-0.900095
45331520,0.432351,0.037894,0.037048,-0.900147
45339853,0.432345,0.037921,0.037021,-0.900150
45348186,0.432468,0.037995,0.036932,-0.900091
45356519,0.432505,0.038017,0.036906,-0.900074
45364852,0.432476,0.037998,0.036946,-0.900086
45373185,0.432455,0.038007,0.036927,-0.900097
45381518,0.432545,0.038009,0.036942,-0.900053
45389851,0.432716,0.037939,0.037182,-0.899964
45398184,0.432865,0.037938,0.037214,-0.899891
45406517,0.432936,0.037908,0.037260,-0.899856
45414850,0.432994,0.037880,0.037326,-0.899827
45423183,0.433107,0.037853,0.037361,-0.899772
45431516,0.433163,0.037841,0.037402,-0.899744
45439849,0.433159,0.037748,0.037507,-0.899745
45448182,0.433215,0.037703,0.037575,-0.899718
45456515,0.433225,0.037650,0.037590,-0.899714
45464848,0.433337,0.037591,0.037658,-0.899660
45473181,0.433464,0.037531,0.037732,-0.899598
45481514,0.433732,0.037500,0.037771,-0.899468
45489847,0.433864,0.037449,0.037829,-0.899405
45498180,0.433867,0.037376,0.037859,-0.899405
45506513,0.433983,0.037304,0.037917,-0.899350
45514846,0.434238,0.037280,0.037900,-0.899228
45523179,0.434292,0.037212,0.037922,-0.899204
45531512,0.434343,0.037130,0.037970,-0.899181
45539845,0.434446,0.037067,0.037936,-0.899135
45548178,0.434593,0.037004,0.037918,-0.899067
45556511,0.434788,0.036978,0.037805,-0.898979
45564844,0.434908,0.036918,0.037728,-0.898926
45573177,0.434933,0.036838,0.037696,-0.898919
45581510,0.435005,0.036766,0.037644,-0.898889
45589843,0.435246,0.036694,0.037619,-0.898777
45598176,0.435364,0.036594,0.037630,-0.898723
45606509,0.435534,0.036494,0.037669,-0.898643
45614842,0.435536,0.036398,0.037653,-0.898647
45623175,0.435625,0.036321,0.037602,-0.898609
45631508,0.435672,0.036221,0.037608,-0.898590
45639841,0.435638,0.036093,0.037680,-0.898609
45648174,0.435629,0.035946,0.037728,-0.898617
45656507,0.435636,0.035820,0.037809,-0.898615
45664840,0.435661,0.035702,0.037878,-0.898604
45673173,0.435744,0.035622,0.037879,-0.898568
45681506,0.435785,0.035533,0.037869,-0.898551
45689839,0.435711,0.035411,0.037910,-0.898590
45698172,0.435690,0.035317,0.037908,-0.898605
45706505,0.435724,0.035254,0.037868,-0.898592
45714838,0.435620,0.035190,0.037804,-0.898648
45723171,0.435487,0.035131,0.037758,-0.898716
45731504,0.435481,0.035099,0.037625,-0.898726
45739837,0.435462,0.035062,0.037506,-0.898742
45748170,0.435321,0.034988,0.037456,-0.898815
45756503,0.435196,0.034961,0.037351,-0.898881
45764836,0.435019,0.034946,0.037149,-0.898975
45773169,0.434857,0.034839,0.037121,-0.899059
45781502,0.434594,0.034705,0.037164,-0.899190
45789835,0.434398,0.034614,0.037141,-0.899289
45798168,0.434323,0.034550,0.037069,-0.899331
45806501,0.434051,0.034422,0.037127,-0.899465
45814834,0.433853,0.034278,0.037241,-0.899561
45823167,0.433714,0.034125,0.037356,-0.899629
45831500,0.433489,0.034020,0.037379,-0.899741
45839833,0.433338,0.033920,0.037394,-0.899816
45848166,0.433081,0.033770,0.037420,-0.899944
45856499,0.432865,0.033611,0.037529,-0.900050
45864832,0.432599,0.033484,0.037613,-0.900179
45873165,0.432483,0.033362,0.037672,-0.900237
45881498,0.432330,0.033228,0.037775,-0.900311
45889831,0.432030,0.033120,0.037809,-0.900458
45898164,0.431809,0.033011,0.037856,-0.900566
45906497,0.431712,0.032901,0.037885,-0.900615
45914830,0.431594,0.032798,0.037913,-0.900674
45923163,0.431474,0.032706,0.037959,-0.900733
45931496,0.431350,0.032606,0.037976,-0.900795
45939829,0.431133,0.032500,0.037997,-0.900902
45948162,0.430973,0.032387,0.038040,-0.900981
45956495,0.430831,0.032287,0.038080,-0.901051
45964828,0.430634,0.032136,0.038167,-0.901147
45973161,0.430409,0.032038,0.038193,-0.901256
45981494,0.430233,0.031914,0.038283,-0.901341
45989827,0.430113,0.031718,0.038507,-0.901395
45998160,0.429967,0.031571,0.038599,-0.901467
46006493,0.429910,0.031442,0.038705,-0.901494
46014826,0.429804,0.031316,0.038792,-0.901545
46023159,0.429604,0.031199,0.038843,-0.901642
46031492,0.429528,0.031116,0.038882,-0.901679
46039825,0.429539,0.031044,0.038881,-0.901676
46048158,0.429495,0.030960,0.038881,-0.901700
46056491,0.429310,0.030884,0.038852,-0.901792
46064824,0.429169,0.030848,0.038691,-0.901868
46073157,0.429120,0.030839,0.038571,-0.901897
46081490,0.428944,0.030799,0.038425,-0.901988
46089823,0.428809,0.030824,0.038185,-0.902061
46098156,0.428722,0.030837,0.037960,-0.902112
46106489,0.428617,0.030807,0.037841,-0.902168
46114822,0.428412,0.030762,0.037726,-0.902271
46123155,0.428247,0.030700,0.037612,-0.902356
46131488,0.428077,0.030630,0.037543,-0.902442
46139821,0.427856,0.030508,0.037585,-0.902550
46148154,0.427799,0.030403,0.037606,-0.902579
46156487,0.427612,0.030224,0.037720,-0.902669
46164820,0.427601,0.030087,0.037798,-0.902676
46173153,0.427818,0.030002,0.037910,-0.902571
46181486,0.428009,0.029920,0.038044,-0.902478
46189819,0.427983,0.029805,0.038173,-0.902488
46198152,0.427907,0.029665,0.038302,-0.902524
46206485,0.427738,0.029544,0.038379,-0.902604
46214818,0.427411,0.029425,0.038458,-0.902760
46223151,0.427146,0.029319,0.038532,-0.902886
46231484,0.426809,0.029229,0.038527,-0.903048
46239817,0.426471,0.029154,0.038552,-0.903209
46248150,0.426148,0.029088,0.038592,-0.903362
46256483,0.425758,0.028989,0.038646,-0.903547
46264816,0.425482,0.028921,0.038682,-0.903677
46273149,0.425117,0.028829,0.038709,-0.903851
46281482,0.424841,0.028748,0.038725,-0.903982
46289815,0.424476,0.028636,0.038797,-0.904154
46298148,0.424296,0.028540,0.038824,-0.904241
46306481,0.423980,0.028376,0.038972,-0.904387
46314814,0.423883,0.028261,0.039120,-0.904430
46323147,0.423691,0.028131,0.039237,-0.904519
46331480,0.423557,0.028037,0.039340,-0.904581
46339813,0.423524,0.027930,0.039498,-0.904592
46348146,0.423415,0.027814,0.039643,-0.904641
46356479,0.423310,0.027734,0.039771,-0.904686
46364812,0.423061,0.027615,0.039901,-0.904801
46373145,0.422921,0.027493,0.040086,-0.904862
46381478,0.422752,0.027388,0.040249,-0.904937
46389811,0.422553,0.027278,0.040409,-0.905026
46398144,0.422284,0.027192,0.040535,-0.905148
46406477,0.422086,0.027108,0.040654,-0.905238
46414810,0.421841,0.027000,0.040801,-0.905349
46423143,0.421717,0.026911,0.040947,-0.905403
46431476,0.421535,0.026815,0.041073,-0.905485
46439809,0.421255,0.026774,0.041057,-0.905617
46448142,0.421155,0.026641,0.041270,-0.905658
46456475,0.420897,0.026509,0.041486,-0.905771
46464808,0.420642,0.026432,0.041502,-0.905892
46473141,0.420581,0.026352,0.041586,-0.905918
46481474,0.420506,0.026273,0.041651,-0.905952
46489807,0.420336,0.026122,0.041866,-0.906026
46498140,0.420283,0.026027,0.042032,-0.906045
46506473,0.420293,0.025958,0.042151,-0.906037
46514806,0.420287,0.025906,0.042224,-0.906038
46523139,0.420172,0.025906,0.042152,-0.906095
46531472,0.420175,0.025906,0.042158,-0.906093
46539805,0.420080,0.025861,0.042196,-0.906137
46548138,0.419942,0.025784,0.042262,-0.906200
46556471,0.419832,0.025745,0.042302,-0.906250
46564804,0.419930,0.025758,0.042293,-0.906205
46573137,0.419903,0.025741,0.042304,-0.906217
46581470,0.419884,0.025704,0.042341,-0.906225
46589803,0.419773,0.025655,0.042364,-0.906277
46598136,0.419885,0.025650,0.042339,-0.906226
46606469,0.419980,0.025617,0.042375,-0.906181
46614802,0.419976,0.025580,0.042395,-0.906183
46623135,0.419982,0.025547,0.042379,-0.906182
46631468,0.420032,0.025497,0.042402,-0.906160
46639801,0.420126,0.025477,0.042468,-0.906113
46648134,0.420299,0.025486,0.042487,-0.906032
46656467,0.420344,0.025468,0.042473,-0.906012
46664800,0.420400,0.025447,0.042456,-0.905988
46673133,0.420392,0.025344,0.042594,-0.905988
46681466,0.420398,0.025287,0.042710,-0.905981
46689799,0.420546,0.025283,0.042754,-0.905910
46698132,0.420611,0.025245,0.042766,-0.905881
46706465,0.420686,0.025219,0.042823,-0.905844
46714798,0.420740,0.025209,0.042861,-0.905818
46723131,0.420767,0.025196,0.042857,-0.905805
46731464,0.420876,0.025226,0.042835,-0.905755
46739797,0.420894,0.025219,0.042800,-0.905749
46748130,0.420988,0.025207,0.042799,-0.905705
46756463,0.421159,0.025228,0.042805,-0.905625
46764796,0.421268,0.025242,0.042769,-0.905575
46773129,0.421482,0.025257,0.042775,-0.905475
46781462,0.421590,0.025285,0.042741,-0.905426
46789795,0.421705,0.025309,0.042733,-0.905372
46798128,0.421725,0.025279,0.042782,-0.905361
46806461,0.421817,0.025363,0.042677,-0.905321
46814794,0.421953,0.025403,0.042664,-0.905257
46823127,0.422090,0.025477,0.042610,-0.905193
46831460,0.421885,0.025498,0.042638,-0.905287
46839793,0.421703,0.025531,0.042690,-0.905369
46848126,0.421640,0.025536,0.042788,-0.905393
46856459,0.421322,0.025578,0.042810,-0.905539
46864792,0.421013,0.025607,0.042820,-0.905682
46873125,0.420725,0.025665,0.042808,-0.905814
46881458,0.420457,0.025767,0.042693,-0.905941
46889791,0.420216,0.025815,0.042692,-0.906052
46898124,0.419898,0.025859,0.042690,-0.906198
46906457,0.419521,0.025872,0.042741,-0.906369
46914790,0.419271,0.025942,0.042750,-0.906483
46923123,0.419082,0.025999,0.042815,-0.906566
46931456,0.418686,0.026015,0.042878,-0.906745
46939789,0.418852,0.026073,0.042901,-0.906666
46948122,0.418695,0.026072,0.043050,-0.906731
46956455,0.418175,0.026134,0.043058,-0.906969
46964788,0.417943,0.026253,0.042926,-0.907079
46973121,0.417643,0.026325,0.042896,-0.907216
46981454,0.417481,0.026468,0.042788,-0.907291
46989787,0.417342,0.026578,0.042753,-0.907354
46998120,0.417184,0.026691,0.042710,-0.907425
47006453,0.416974,0.026745,0.042728,-0.907520
47014786,0.417013,0.026862,0.042681,-0.907501
47023119,0.416776,0.026898,0.042752,-0.907605
47031452,0.416618,0.026894,0.042865,-0.907672
47039785,0.416486,0.026980,0.042897,-0.907729
47048118,0.416483,0.027139,0.042905,-0.907725
47056451,0.416464,0.027280,0.042914,-0.907729
47064784,0.416229,0.027389,0.042920,-0.907833
47073117,0.415914,0.027490,0.042917,-0.907974
47081450,0.415480,0.027633,0.042841,-0.908173
47089783,0.415041,0.027746,0.042830,-0.908370
47098116,0.414480,0.027837,0.042844,-0.908623
47106449,0.413942,0.027928,0.042936,-0.908861
47114782,0.413368,0.028080,0.042926,-0.909118
47123115,0.413046,0.028241,0.042963,-0.909258
47131448,0.412935,0.028412,0.043072,-0.909298
47139781,0.412729,0.028545,0.043176,-0.909382
47148114,0.412404,0.028682,0.043215,-0.909523
47156447,0.412145,0.028857,0.043214,-0.909635
47164780,0.412053,0.029076,0.043161,-0.909673
47173113,0.412014,0.029336,0.043130,-0.909683
47181446,0.411890,0.029626,0.043062,-0.909733
47189779,0.411607,0.029919,0.042964,-0.909857
47198112,0.411130,0.030184,0.042942,-0.910064
47206445,0.410306,0.030460,0.042841,-0.910432
47214778,0.409439,0.030772,0.042672,-0.910819
47223111,0.408357,0.031137,0.042398,-0.911305
47231444,0.407030,0.031530,0.042014,-0.911903
47239777,0.405797,0.031943,0.041660,-0.912454
47248110,0.404738,0.032390,0.041361,-0.912922
47256443,0.403440,0.032796,0.041006,-0.913498
47264776,0.401979,0.033171,0.040789,-0.914138
47273109,0.400232,0.033606,0.040481,-0.914902
47281442,0.398451,0.034004,0.040178,-0.915678
47289775,0.396740,0.034508,0.039693,-0.916423
47298108,0.395332,0.034990,0.039407,-0.917025
47306441,0.394013,0.035449,0.039210,-0.917584
47314774,0.392720,0.035888,0.039108,-0.918125
47323107,0.391367,0.036384,0.038996,-0.918688
47331440,0.389965,0.036836,0.038920,-0.919269
47339773,0.388247,0.037274,0.038823,-0.919982
47348106,0.386350,0.037711,0.038752,-0.920766
47356439,0.384411,0.038094,0.038698,-0.921564
47364772,0.382501,0.038587,0.038403,-0.922350
47373105,0.380594,0.038982,0.038537,-0.923116
47381438,0.378760,0.039356,0.038717,-0.923847
47389771,0.376928,0.039688,0.038912,-0.924573
47398104,0.375081,0.040160,0.038997,-0.925300
47406437,0.373085,0.040500,0.039233,-0.926082
47414770,0.371222,0.040871,0.039579,-0.926799
47423103,0.369467,0.041271,0.039870,-0.927470
47431436,0.367193,0.041676,0.040064,-0.928347
47439769,0.365400,0.042149,0.040301,-0.929022
47448102,0.363700,0.042585,0.040688,-0.929652
47456435,0.361823,0.043053,0.040992,-0.930349
47464768,0.359985,0.043501,0.041397,-0.931023
47473101,0.357982,0.043955,0.041747,-0.931759
47481434,0.355848,0.044330,0.042176,-0.932539
47489767,0.353323,0.044723,0.042377,-0.933470
47498100,0.351040,0.045285,0.042479,-0.934300
47506433,0.348623,0.045793,0.042448,-0.935181
47514766,0.345317,0.046159,0.042316,-0.936395
47523099,0.342069,0.046574,0.042108,-0.937575
47531432,0.339002,0.047083,0.041686,-0.938682
47539765,0.335789,0.047630,0.041061,-0.939836
47548098,0.332681,0.048083,0.040570,-0.940939
47556431,0.329578,0.048509,0.040059,-0.942030
47564764,0.327078,0.048936,0.039682,-0.942895
47573097,0.324395,0.049252,0.039479,-0.943813
47581430,0.320451,0.049336,0.039403,-0.945159
47589763,0.316619,0.049564,0.039445,-0.946435
47598096,0.311547,0.049775,0.039238,-0.948115
47606429,0.305248,0.049844,0.039212,-0.950159
47614762,0.297166,0.049715,0.039211,-0.952724
47623095,0.287477,0.049326,0.039387,-0.955705
47631428,0.276405,0.048755,0.039697,-0.958982
47639761,0.263253,0.047892,0.040175,-0.962700
47648094,0.248342,0.046844,0.040417,-0.966694
47656427,0.232374,0.045591,0.040451,-0.970715
47664760,0.213704,0.044106,0.040558,-0.975059
47673093,0.194351,0.042521,0.040826,-0.979159
47681426,0.174104,0.040802,0.041135,-0.983021
47689759,0.153132,0.038860,0.041310,-0.986577
47698092,0.132002,0.036949,0.040956,-0.989714
47706425,0.110849,0.034925,0.040705,-0.992389
47714758,0.089907,0.032994,0.040406,-0.994583
47723091,0.068135,0.030751,0.040258,-0.996389
47731424,0.047553,0.028620,0.039695,-0.997669
47739757,0.028195,0.026616,0.038632,-0.998501
47748090,0.009702,0.024840,0.037451,-0.998943
47756423,-0.007518,0.023107,0.035893,-0.999060
47764756,-0.024508,0.021376,0.034434,-0.998878
47773089,-0.041010,0.019546,0.033163,-0.998417
47781422,-0.056434,0.017810,0.031585,-0.997748
47789755,-0.069458,0.016176,0.029874,-0.997006
47798088,-0.080530,0.014702,0.028289,-0.996242
47806421,-0.089906,0.013174,0.026720,-0.995505
47814754,-0.097562,0.011928,0.025701,-0.994826
47823087,-0.102022,0.011102,0.025013,-0.994406
47831420,-0.103120,0.010769,0.024242,-0.994315
47839753,-0.101633,0.010932,0.023827,-0.994476
47848086,-0.097886,0.011373,0.023350,-0.994859
47856419,-0.092755,0.012046,0.022959,-0.995351
47864752,-0.086225,0.012873,0.022122,-0.995947
47873085,-0.079500,0.013741,0.021759,-0.996503
47881418,-0.073304,0.014576,0.021622,-0.996969
47889751,-0.067744,0.015258,0.021034,-0.997364
47898084,-0.063032,0.015792,0.020500,-0.997676
47906417,-0.059713,0.016171,0.019476,-0.997895
47914750,-0.058203,0.016275,0.018524,-0.998000
47923083,-0.057986,0.016217,0.017677,-0.998029
47931416,-0.058692,0.016070,0.016798,-0.998005
47939749,-0.060390,0.015833,0.016011,-0.997921
47948082,-0.062763,0.015492,0.015446,-0.997789
47956415,-0.065779,0.015179,0.014860,-0.997608
47964748,-0.069471,0.014798,0.014770,-0.997365
47973081,-0.073641,0.014367,0.014963,-0.997069
47981414,-0.077958,0.014057,0.015418,-0.996738
47989747,-0.081740,0.013857,0.015620,-0.996435
47998080,-0.085139,0.013826,0.015970,-0.996145
48006413,-0.088517,0.013892,0.016686,-0.995838
48014746,-0.091709,0.014016,0.017688,-0.995530
48023079,-0.094618,0.014159,0.018110,-0.995248
48031412,-0.097317,0.014416,0.018734,-0.994973
48039745,-0.099798,0.014853,0.019535,-0.994705
48048078,-0.102157,0.015324,0.020599,-0.994437
48056411,-0.103883,0.015971,0.021447,-0.994230
48064744,-0.105365,0.016730,0.022341,-0.994042
48073077,-0.107051,0.017347,0.023395,-0.993827
48081410,-0.109140,0.018100,0.024589,-0.993557
48089743,-0.111397,0.018800,0.025828,-0.993262
48098076,-0.113811,0.019666,0.027641,-0.992923
48106409,-0.116012,0.020562,0.029203,-0.992605
48114742,-0.118547,0.021392,0.030577,-0.992247
48123075,-0.121600,0.021989,0.031351,-0.991840
48131408,-0.124358,0.022905,0.032526,-0.991440
48139741,-0.127102,0.023857,0.033648,-0.991032
48148074,-0.129917,0.024742,0.034803,-0.990605
48156407,-0.132939,0.025535,0.035645,-0.990154
48164740,-0.135384,0.026584,0.036350,-0.989769
48173073,-0.137832,0.027495,0.036837,-0.989388
48181406,-0.140615,0.028334,0.036856,-0.988972
48189739,-0.142978,0.029492,0.036911,-0.988597
48198072,-0.145317,0.030588,0.036863,-0.988225
48206405,-0.147978,0.031726,0.036676,-0.987801
48214738,-0.151072,0.032733,0.036236,-0.987316
48223071,-0.154276,0.033798,0.036221,-0.986785
48231404,-0.157773,0.034927,0.036437,-0.986185
48239737,-0.160886,0.036221,0.036572,-0.985630
48248070,-0.163526,0.037777,0.036958,-0.985122
48256403,-0.165516,0.039514,0.037273,-0.984710
48264736,-0.167698,0.041261,0.037678,-0.984254
48273069,-0.169043,0.043236,0.037994,-0.983927
48281402,-0.170034,0.045309,0.037871,-0.983667
48289735,-0.171498,0.047408,0.037927,-0.983312
48298068,-0.173417,0.049527,0.038136,-0.982863
48306401,-0.175960,0.051623,0.038304,-0.982296
48314734,-0.178724,0.053718,0.038370,-0.981682
48323067,-0.181657,0.055959,0.038575,-0.981010
48331400,-0.184153,0.058317,0.038547,-0.980409
48339733,-0.186931,0.060847,0.038511,-0.979730
48348066,-0.189776,0.063424,0.038434,-0.979023
48356399,-0.192834,0.066085,0.038136,-0.978260
48364732,-0.195866,0.068918,0.037914,-0.977471
48373065,-0.199130,0.071905,0.037679,-0.976605
48381398,-0.202569,0.075045,0.037562,-0.975666
48389731,-0.205738,0.078364,0.036833,-0.974769
48398064,-0.209401,0.081752,0.035832,-0.973747
48406397,-0.213391,0.085209,0.034858,-0.972619
48414730,-0.217991,0.088687,0.033575,-0.971333
48423063,-0.222799,0.092296,0.032013,-0.969957
48431396,-0.227824,0.095788,0.030229,-0.968508
48439729,-0.232788,0.099360,0.028059,-0.967031
48448062,-0.238149,0.102791,0.025761,-0.965430
48456395,-0.243084,0.106197,0.023416,-0.963890
48464728,-0.249229,0.109321,0.020738,-0.962031
48473061,0.255410,-0.112263,-0.017917,0.960126
48481394,0.262021,-0.114893,-0.014910,0.958083
48489727,0.268890,-0.117045,-0.011716,0.955961
48498060,0.276020,-0.118854,-0.008292,0.953739
48506393,0.283035,-0.120622,-0.004730,0.951483
48514726,0.290546,-0.121677,-0.000745,0.949093
48523059,0.298361,-0.122602,0.003103,0.946541
48531392,0.306239,-0.123031,0.007169,0.943944
48539725,0.312655,-0.122968,0.011799,0.941799
48548058,0.318440,-0.122541,0.016672,0.939841
48556391,0.323517,-0.121866,0.021873,0.938087
48564724,0.328866,-0.120999,0.026824,0.936209
48573057,0.335983,-0.120021,0.031466,0.933660
48581390,0.345282,-0.118858,0.034895,0.930288
48589723,0.355917,-0.117301,0.036818,0.926395
48598056,0.366830,-0.115005,0.038407,0.922353
48606389,0.378123,-0.111705,0.039623,0.918137
48614722,0.390675,-0.107329,0.040156,0.913368
48623055,0.404524,-0.102093,0.039998,0.907930
48631388,0.419151,-0.096030,0.039229,0.901971
48639721,0.434137,-0.089386,0.037922,0.895599
48648054,0.449766,-0.082176,0.036168,0.888622
48656387,0.464571,-0.074939,0.034432,0.881687
48664720,0.479063,-0.067403,0.032858,0.874572
48673053,0.493114,-0.059912,0.030965,0.867347
48681386,0.505578,-0.052626,0.029520,0.860668
48689719,0.517313,-0.045764,0.028189,0.854107
48698052,0.527448,-0.039428,0.026811,0.848249
48706385,0.536329,-0.033518,0.025428,0.842960
48714718,0.544667,-0.027645,0.024270,0.837845
48723051,0.552174,-0.021845,0.023415,0.833114
48731384,0.559101,-0.016139,0.022752,0.828630
48739717,0.565157,-0.010701,0.022104,0.824618
48748050,0.570807,-0.005292,0.021592,0.820783
48756383,0.575903,-0.000072,0.021260,0.817241
48764716,0.580738,0.004844,0.020836,0.813810
48773049,0.585423,0.009869,0.020703,0.810404
48781382,0.589888,0.014340,0.020498,0.807097
48789715,0.593925,0.018024,0.020166,0.804066
48798048,0.597881,0.021612,0.019776,0.801049
48806381,0.601101,0.024639,0.019401,0.798558
48814714,0.604163,0.027523,0.019012,0.796158
48823047,0.606986,0.030287,0.018961,0.793909
48831380,0.609341,0.032588,0.018857,0.792014
48839713,0.611545,0.034548,0.018820,0.790231
48848046,0.613867,0.036212,0.018842,0.788354
48856379,0.615800,0.037727,0.019077,0.786768
48864712,0.617406,0.039110,0.019627,0.785427
48873045,0.618435,0.040070,0.020260,0.784552
48881378,0.619657,0.040747,0.020896,0.783536
48889711,0.621058,0.040976,0.021223,0.782405
48898044,0.622698,0.040440,0.020975,0.781135
48906377,0.624779,0.039478,0.020551,0.779532
48914710,0.626825,0.038073,0.019907,0.777975
48923043,0.628521,0.036105,0.018788,0.776727
48931376,0.629824,0.033753,0.017294,0.775811
48939709,0.630471,0.031203,0.015378,0.775433
48948042,0.630419,0.028549,0.013208,0.775617
48956375,0.629534,0.025881,0.010689,0.776468
48964708,0.628311,0.023087,0.007680,0.777582
48973041,0.626861,0.020094,0.004233,0.778861
48981374,0.625396,0.017069,0.000665,0.780121
48989707,0.624020,0.014254,-0.002674,0.781274
48998040,0.622503,0.011530,-0.005939,0.782510
49006373,0.620326,0.008818,-0.009079,0.784242
49014706,0.617897,0.006186,-0.012059,0.786142
49023039,0.615730,0.003771,-0.014908,0.787807
49031372,0.613375,0.001444,-0.017569,0.789595
49039705,0.611127,-0.000692,-0.020073,0.791277
49048038,0.609022,-0.002794,-0.022536,0.792828
49056371,0.607439,-0.004694,-0.024834,0.793965
49064704,0.606223,-0.006447,-0.027004,0.794810
49073037,0.605443,-0.008030,-0.029115,0.795315
49081370,0.604826,-0.009591,-0.031208,0.795688
49089703,0.604062,-0.011167,-0.033291,0.796163
49098036,0.603402,-0.012727,-0.035452,0.796547
49106369,0.602419,-0.014278,-0.037591,0.797167
49114702,0.601273,-0.015844,-0.039724,0.797898
49123035,0.600162,-0.017418,-0.041815,0.798595
49131368,0.599094,-0.018916,-0.043747,0.799259
49139701,0.598238,-0.020275,-0.045516,0.799767
49148034,0.597667,-0.021491,-0.047138,0.800069
49156367,0.597350,-0.022520,-0.048500,0.800196
49164700,0.597454,-0.023387,-0.049728,0.800018
49173033,0.597768,-0.024033,-0.050730,0.799702
49181366,0.597977,-0.024519,-0.051475,0.799483
49189699,0.598254,-0.024905,-0.052124,0.799222
49198032,0.598658,-0.025181,-0.052694,0.798873
49206365,0.599103,-0.025349,-0.053138,0.798505
49214698,0.599356,-0.025517,-0.053517,0.798284
49223031,0.599509,-0.025684,-0.053927,0.798136
49231364,0.599641,-0.025765,-0.054237,0.798013
49239697,0.599728,-0.025927,-0.054594,0.797919
49248030,0.599804,-0.026160,-0.054985,0.797827
49256363,0.600015,-0.026359,-0.055413,0.797632
49264696,0.599750,-0.026490,-0.055749,0.797803
49273029,0.599553,-0.026707,-0.056166,0.797915
49281362,0.599273,-0.027006,-0.056686,0.798079
49289695,0.599235,-0.027329,-0.057223,0.798058
49298028,0.599123,-0.027594,-0.057687,0.798099
49306361,0.598940,-0.027827,-0.058101,0.798198
49314694,0.598470,-0.028066,-0.058450,0.798517
49323027,0.597949,-0.028375,-0.058825,0.798869
49331360,0.597545,-0.028640,-0.059164,0.799137
49339693,0.597254,-0.028882,-0.059493,0.799321
49348026,0.596993,-0.028961,-0.059695,0.799498
49356359,0.596796,-0.029053,-0.059881,0.799628
49364692,0.596687,-0.029128,-0.060045,0.799694
49373025,0.596650,-0.029172,-0.060186,0.799709
49381358,0.596762,-0.029212,-0.060344,0.799613
49389691,0.596811,-0.029273,-0.060500,0.799562
49398024,0.596886,-0.029311,-0.060631,0.799495
49406357,0.596939,-0.029386,-0.060792,0.799440
49414690,0.596924,-0.029442,-0.060896,0.799442
49423023,0.596885,-0.029546,-0.061046,0.799455
49431356,0.596840,-0.029681,-0.061214,0.799471
49439689,0.596837,-0.029823,-0.061379,0.799455
49448022,0.596642,-0.029992,-0.061561,0.799581
49456355,0.596616,-0.030117,-0.061683,0.799586
49464688,0.596624,-0.030238,-0.061827,0.799565
49473021,0.596639,-0.030288,-0.061884,0.799547
49481354,0.596731,-0.030319,-0.061927,0.799473
49489687,0.596879,-0.030319,-0.061948,0.799361
49498020,0.597058,-0.030329,-0.061959,0.799227
49506353,0.597111,-0.030306,-0.061941,0.799189
49514686,0.597245,-0.030290,-0.061913,0.799092
49523019,0.597426,-0.030294,-0.061903,0.798957
49531352,0.597526,-0.030332,-0.061934,0.798878
49539685,0.597667,-0.030331,-0.061939,0.798773
49548018,0.597716,-0.030364,-0.061974,0.798732
49556351,0.597550,-0.030412,-0.062006,0.798852
49564684,0.597441,-0.030512,-0.062054,0.798926
49573017,0.597473,-0.030556,-0.062111,0.798896
49581350,0.597539,-0.030575,-0.062125,0.798844
49589683,0.597582,-0.030617,-0.062144,0.798809
49598016,0.597689,-0.030623,-0.062139,0.798729
49606349,0.597773,-0.030653,-0.062152,0.798664
49614682,0.597822,-0.030648,-0.062118,0.798630
49623015,0.597937,-0.030655,-0.062089,0.798547
49631348,0.598098,-0.030623,-0.062014,0.798433
49639681,0.598194,-0.030616,-0.061946,0.798367
49648014,0.598408,-0.030602,-0.061904,0.798210
49656347,0.598624,-0.030563,-0.061819,0.798057
49664680,0.598807,-0.030578,-0.061797,0.797920
49673013,0.598985,-0.030600,-0.061792,0.797786
49681346,0.599286,-0.030539,-0.061734,0.797567
49689679,0.599384,-0.030591,-0.061745,0.797490
49698012,0.599535,-0.030596,-0.061704,0.797379
49706345,0.599615,-0.030632,-0.061692,0.797319
49714678,0.599629,-0.030687,-0.061707,0.797305
49723011,0.599715,-0.030686,-0.061669,0.797244
49731344,0.599796,-0.030716,-0.061658,0.797182
49739677,0.599856,-0.030731,-0.061618,0.797140
49748010,0.599879,-0.030752,-0.061558,0.797127
49756343,0.599973,-0.030759,-0.061517,0.797058
49764676,0.600052,-0.030763,-0.061485,0.797001
49773009,0.600101,-0.030774,-0.061466,0.796965
49781342,0.600131,-0.030808,-0.061454,0.796942
49789675,0.600144,-0.030839,-0.061429,0.796933
49798008,0.600173,-0.030836,-0.061402,0.796914
49806341,0.600259,-0.030882,-0.061398,0.796847
49814674,0.600267,-0.030940,-0.061406,0.796838
49823007,0.600382,-0.030914,-0.061393,0.796754
49831340,0.600355,-0.030935,-0.061375,0.796775
49839673,0.600357,-0.030981,-0.061371,0.796772
49848006,0.600279,-0.031044,-0.061362,0.796829
49856339,0.600261,-0.031097,-0.061375,0.796839
49864672,0.600300,-0.031128,-0.061351,0.796810
49873005,0.600389,-0.031145,-0.061296,0.796747
49881338,0.600405,-0.031165,-0.061267,0.796737
49889671,0.600390,-0.031194,-0.061266,0.796747
49898004,0.600422,-0.031210,-0.061228,0.796725
49906337,0.600549,-0.031220,-0.061176,0.796633
49914670,0.600585,-0.031219,-0.061116,0.796610
49923003,0.600640,-0.031205,-0.061074,0.796572
49931336,0.600719,-0.031239,-0.061050,0.796514
49939669,0.600625,-0.031295,-0.061046,0.796582
49948002,0.600591,-0.031350,-0.061043,0.796606
49956335,0.600538,-0.031491,-0.061074,0.796638
49964668,0.600497,-0.031540,-0.061076,0.796667
49973001,0.600471,-0.031589,-0.061092,0.796683
49981334,0.600453,-0.031675,-0.061121,0.796691
49989667,0.600459,-0.031735,-0.061130,0.796683
49998000,0.600557,-0.031791,-0.061125,0.796608
50006333,0.600622,-0.031827,-0.061116,0.796558
50014666,0.600620,-0.031834,-0.061073,0.796562
50022999,0.600691,-0.031875,-0.061052,0.796509
