Timestamp (us),W,X,Y,Z
0,0.624808,0.221676,0.089061,0.743332
8333,0.624902,0.221747,0.089068,0.743232
16666,0.624729,0.221612,0.089994,0.743305
24999,0.624612,0.221236,0.090326,0.743476
33332,0.624392,0.220987,0.090328,0.743734
41665,0.624197,0.220666,0.090889,0.743925
49998,0.624195,0.220805,0.090466,0.743937
58331,0.624260,0.220974,0.090065,0.743881
66664,0.624255,0.221007,0.089792,0.743908
74997,0.624427,0.220305,0.090398,0.743898
83330,0.624201,0.220683,0.090267,0.743992
91663,0.624376,0.220947,0.089818,0.743821
99996,0.624236,0.220960,0.089713,0.743947
108329,0.624311,0.220283,0.090378,0.744005
116662,0.624141,0.220529,0.090565,0.744052
124995,0.623790,0.221920,0.089663,0.744041
133328,0.623961,0.221772,0.089450,0.743968
141661,0.624201,0.220527,0.090312,0.744033
149994,0.623708,0.221453,0.090015,0.744207
158327,0.623751,0.221513,0.089778,0.744181
166660,0.623823,0.221326,0.089845,0.744169
174993,0.623898,0.221204,0.090024,0.744121
183326,0.623741,0.221246,0.090017,0.744241
191659,0.623913,0.220349,0.090541,0.744299
199992,0.623925,0.219994,0.090798,0.744363
208325,0.623772,0.220838,0.090152,0.744319
216658,0.623698,0.221277,0.089468,0.744334
224991,0.623975,0.220312,0.090054,0.744317
233324,0.623865,0.219917,0.090626,0.744456
241657,0.623709,0.219891,0.090812,0.744573
249990,0.623456,0.221085,0.089901,0.744542
258323,0.623312,0.221571,0.089530,0.744562
266656,0.623442,0.221413,0.089694,0.744481
274989,0.623293,0.221480,0.089832,0.744569
283322,0.623188,0.221512,0.089919,0.744637
291655,0.623218,0.221424,0.090138,0.744611
299988,0.623047,0.221411,0.090458,0.744719
308321,0.623118,0.221137,0.091442,0.744621
316654,0.623160,0.221246,0.090850,0.744626
324987,0.623417,0.221106,0.090635,0.744479
333320,0.623544,0.221427,0.090277,0.744321
341653,0.623653,0.221618,0.089888,0.744219
349986,0.623789,0.221401,0.090662,0.744076
358319,0.624063,0.221441,0.090427,0.743863
366652,0.624129,0.221503,0.090484,0.743782
374985,0.624254,0.221549,0.090559,0.743654
383318,0.624455,0.221278,0.090487,0.743576
391651,0.624480,0.221305,0.090504,0.743544
399984,0.624577,0.221051,0.090478,0.743542
408317,0.624228,0.221200,0.090601,0.743775
416650,0.624155,0.221163,0.090690,0.743837
424983,0.624255,0.221291,0.090461,0.743743
433316,0.624279,0.221538,0.090255,0.743674
441649,0.624262,0.221784,0.090187,0.743623
449982,0.624206,0.221980,0.090327,0.743594
458315,0.624099,0.221922,0.090342,0.743700
466648,0.624261,0.222082,0.090273,0.743524
474981,0.624252,0.222141,0.090334,0.743507
483314,0.624126,0.222206,0.090438,0.743581
491647,0.624077,0.222227,0.090569,0.743599
499980,0.624053,0.222390,0.090564,0.743572
508313,0.623966,0.222646,0.090337,0.743595
516646,0.623934,0.222623,0.090395,0.743622
524979,0.623591,0.222882,0.090532,0.743815
533312,0.623592,0.222909,0.090586,0.743800
541645,0.623821,0.222856,0.090487,0.743636
549978,0.623766,0.222564,0.091532,0.743642
558311,0.623717,0.222462,0.091793,0.743682
566644,0.623684,0.222592,0.091600,0.743694
574977,0.623682,0.222855,0.090740,0.743722
583310,0.623864,0.222730,0.091123,0.743560
591643,0.623909,0.222741,0.090605,0.743583
599976,0.623953,0.222659,0.090582,0.743573
608309,0.624082,0.222645,0.090445,0.743486
616642,0.624026,0.222698,0.090352,0.743528
624975,0.624016,0.222864,0.090178,0.743507
633308,0.624057,0.222839,0.090276,0.743469
641641,0.624074,0.223058,0.090229,0.743395
649974,0.623972,0.223573,0.090023,0.743351
658307,0.624083,0.223735,0.090040,0.743207
666640,0.624421,0.223772,0.089859,0.742933
674973,0.624664,0.224045,0.089829,0.742651
683306,0.624799,0.224646,0.089665,0.742375
691639,0.625206,0.225730,0.089086,0.741773
699972,0.625956,0.226168,0.089461,0.740961
708305,0.626763,0.226632,0.090812,0.739973
716638,0.628056,0.226678,0.091485,0.738778
724971,0.629785,0.226912,0.091876,0.737184
733304,0.631682,0.227517,0.091217,0.735455
741637,0.633842,0.228852,0.090688,0.733244
749970,0.636646,0.230604,0.089536,0.730402
758303,0.640999,0.233245,0.087181,0.726028
766636,0.646351,0.238730,0.083556,0.719901
774969,0.652920,0.245813,0.078276,0.712140
783302,0.660985,0.255124,0.070765,0.702142
791635,0.669844,0.265943,0.063058,0.690367
799968,0.679291,0.278296,0.056615,0.676690
808301,0.688778,0.291213,0.050601,0.661981
816634,0.698331,0.307376,0.043703,0.644937
824967,0.705427,0.322914,0.040016,0.629681
833300,0.711524,0.340235,0.033988,0.613856
841633,0.716431,0.352522,0.032538,0.601162
849966,0.720789,0.362938,0.032682,0.589637
858299,0.725007,0.373224,0.033250,0.577896
866632,0.728999,0.381569,0.034034,0.567281
874965,0.732919,0.388543,0.035207,0.557337
883298,0.735899,0.392930,0.037575,0.550134
891631,0.738398,0.396748,0.040495,0.543801
899964,0.741932,0.399437,0.042688,0.536810
908297,0.744975,0.401733,0.045234,0.530637
916630,0.748235,0.403805,0.047145,0.524274
924963,0.751640,0.405872,0.049669,0.517531
933296,0.754809,0.408698,0.051771,0.510440
941629,0.758057,0.412191,0.054462,0.502476
949962,0.759970,0.415694,0.060151,0.496011
958295,0.761436,0.421611,0.062195,0.488458
966628,0.763078,0.427740,0.065149,0.480111
974961,0.764093,0.434212,0.065185,0.472622
983294,0.766458,0.441720,0.061966,0.462154
991627,0.767349,0.449394,0.060339,0.453409
999960,0.766922,0.457774,0.059736,0.445764
1008293,0.768040,0.467532,0.056761,0.433944
1016626,0.768616,0.475308,0.051742,0.425011
1024959,0.768414,0.484749,0.052042,0.414548
1033292,0.767990,0.494113,0.052908,0.404036
1041625,0.766789,0.503300,0.054346,0.394678
1049958,0.766131,0.510698,0.058048,0.385825
1058291,0.763228,0.520808,0.061385,0.377457
1066624,0.759745,0.529409,0.067468,0.371432
1074957,0.756137,0.540282,0.068415,0.362866
1083290,0.752229,0.549404,0.068208,0.357287
1091623,0.746907,0.560495,0.068625,0.351091
1099956,0.742715,0.569772,0.062972,0.346076
1108289,0.738438,0.576920,0.056473,0.344504
1116622,0.732679,0.584889,0.049459,0.344441
1124955,0.727099,0.592760,0.042146,0.343783
1133288,0.720259,0.598863,0.034006,0.348472
1141621,0.714362,0.603794,0.029589,0.352483
1149954,0.706566,0.613493,0.019813,0.352134
1158287,0.697116,0.622418,0.018050,0.355386
1166620,0.688685,0.631430,0.014716,0.356079
1174953,0.678139,0.642452,0.009185,0.356790
1183286,0.664455,0.653595,0.004308,0.362347
1191619,0.652441,0.663517,-0.000759,0.366149
1199952,0.638146,0.673800,-0.007220,0.372439
1208285,0.623452,0.682039,-0.012710,0.382060
1216618,0.606783,0.692243,-0.017719,0.390257
1224951,0.590705,0.707916,-0.033496,0.385746
1233284,0.572262,0.717791,-0.043723,0.394183
1241617,0.554192,0.726053,-0.053684,0.403530
1249950,0.538335,0.728657,-0.070012,0.417554
1258283,0.521571,0.731717,-0.085713,0.430357
1266616,0.507783,0.733943,-0.107507,0.438095
1274949,0.495733,0.732015,-0.133128,0.447974
1283282,0.486200,0.726366,-0.164225,0.457201
1291615,0.478435,0.717082,-0.196913,0.467033
1299948,0.474534,0.699741,-0.235031,0.479520
1308281,0.473249,0.683926,-0.273015,0.483470
1316614,0.474498,0.663800,-0.310337,0.487763
1324947,0.478030,0.643522,-0.348956,0.485383
1333280,0.484160,0.623026,-0.385235,0.478563
1341613,0.493750,0.599911,-0.417528,0.471155
1349946,0.504588,0.576802,-0.447144,0.461252
1358279,0.517364,0.554136,-0.477142,0.444526
1366612,0.531047,0.533907,-0.503063,0.424099
1374945,0.545095,0.512315,-0.529047,0.400642
1383278,0.557225,0.493413,-0.553461,0.373797
1391611,0.569211,0.475360,-0.576143,0.343643
1399944,0.578705,0.458877,-0.596626,0.313957
1408277,0.587445,0.445373,-0.612401,0.285511
1416610,0.595726,0.433908,-0.623153,0.261753
1424943,0.604640,0.424156,-0.630549,0.238558
1433276,0.608785,0.416993,-0.639249,0.216469
1441609,0.613241,0.410789,-0.646133,0.194165
1449942,0.615171,0.405247,-0.654503,0.170194
1458275,0.619126,0.401590,-0.657735,0.150973
1466608,0.620307,0.396615,-0.664413,0.128342
1474941,0.619786,0.392226,-0.671887,0.102922
1483274,0.618467,0.390762,-0.677237,0.078448
1491607,0.615565,0.387038,-0.684387,0.053804
1499940,0.618003,0.381909,-0.686378,0.033200
1508273,0.620433,0.379542,-0.686195,0.012145
1516606,0.622136,0.377961,-0.685584,-0.008217
1524939,0.626711,0.376940,-0.681531,-0.025778
1533272,0.626577,0.376957,-0.680662,-0.044769
1541605,0.628286,0.379494,-0.676249,-0.062676
1549938,0.627489,0.382339,-0.673186,-0.083036
1558271,0.626395,0.386718,-0.669351,-0.100240
1566604,0.623655,0.387824,-0.668291,-0.118465
1574937,0.619940,0.389885,-0.667233,-0.135880
1583270,0.617513,0.389453,-0.666338,-0.151650
1591603,0.613547,0.388411,-0.666424,-0.169047
1599936,0.607102,0.386653,-0.669647,-0.183029
1608269,0.604370,0.386840,-0.667960,-0.197284
1616602,0.601295,0.388696,-0.667243,-0.205296
1624935,0.598042,0.388847,-0.667282,-0.214191
1633268,0.594633,0.387979,-0.667796,-0.223457
1641601,0.591464,0.387200,-0.668305,-0.231549
1649934,0.588783,0.387494,-0.668234,-0.238006
1658267,0.586055,0.387721,-0.668636,-0.243183
1666600,0.583678,0.388071,-0.669008,-0.247282
1674933,0.581400,0.389044,-0.669684,-0.249284
1683266,0.579603,0.389257,-0.670154,-0.251858
1691599,0.576499,0.390300,-0.672004,-0.252437
1699932,0.574839,0.391828,-0.672921,-0.251412
1708265,0.573782,0.393839,-0.673749,-0.248450
1716598,0.573105,0.394923,-0.675110,-0.244566
1724931,0.572744,0.395751,-0.676769,-0.239435
1733264,0.572690,0.395820,-0.678586,-0.234250
1741597,0.572829,0.395837,-0.680832,-0.227263
1749930,0.573060,0.395645,-0.682955,-0.220544
1758263,0.574616,0.395514,-0.684194,-0.212751
1766596,0.575736,0.394200,-0.686481,-0.204641
1774929,0.576551,0.393512,-0.688538,-0.196606
1783262,0.578716,0.391182,-0.690574,-0.187544
1791595,0.581785,0.390963,-0.690805,-0.177375
1799928,0.584512,0.390345,-0.691388,-0.167211
1808261,0.587652,0.389897,-0.691485,-0.156506
1816594,0.592306,0.390363,-0.689975,-0.143962
1824927,0.595750,0.391035,-0.689043,-0.131882
1833260,0.600120,0.394567,-0.685846,-0.117421
1841593,0.604781,0.397894,-0.682207,-0.102539
1849926,0.607694,0.401544,-0.679621,-0.087094
1858259,0.610099,0.405595,-0.676866,-0.071585
1866592,0.614278,0.410467,-0.671713,-0.054598
1874925,0.618373,0.416265,-0.665590,-0.036438
1883258,0.618965,0.422692,-0.661725,-0.018279
1891591,0.620533,0.429548,-0.656062,0.002940
1899924,0.622719,0.436202,-0.649117,0.024410
1908257,0.621572,0.443064,-0.644432,0.045281
1916590,0.620070,0.449906,-0.639215,0.067098
1924923,0.620255,0.455501,-0.632488,0.088098
1933256,0.623293,0.461140,-0.621601,0.111665
1941589,0.623608,0.465876,-0.613372,0.133597
1949922,0.621028,0.470223,-0.608368,0.151995
1958255,0.618038,0.475844,-0.601425,0.172884
1966588,0.616607,0.479213,-0.594102,0.192856
1974921,0.612704,0.483009,-0.589255,0.209939
1983254,0.609495,0.485882,-0.584086,0.226447
1991587,0.606623,0.486589,-0.580774,0.240710
1999920,0.603668,0.488004,-0.576374,0.255400
2008252,0.601139,0.489599,-0.571200,0.269548
2016586,0.599079,0.490317,-0.566088,0.283264
2024919,0.596244,0.491318,-0.561905,0.295570
2033252,0.593965,0.491796,-0.558239,0.306124
2041585,0.593075,0.491600,-0.553775,0.316108
2049918,0.592386,0.491786,-0.549463,0.324524
2058250,0.585724,0.493038,-0.551060,0.331925
2066584,0.581822,0.493150,-0.551753,0.337424
2074917,0.581250,0.493942,-0.547831,0.343585
2083250,0.580097,0.494337,-0.545443,0.348727
2091583,0.578465,0.495099,-0.544775,0.351389
2099916,0.576889,0.496242,-0.543724,0.353987
2108249,0.575846,0.497528,-0.541862,0.356726
2116582,0.571967,0.499602,-0.544008,0.356801
2124915,0.570604,0.500987,-0.541214,0.361262
2133248,0.568235,0.503802,-0.539742,0.363277
2141581,0.564571,0.506453,-0.540219,0.364593
2149914,0.563274,0.507290,-0.538948,0.367307
2158247,0.562667,0.508243,-0.536150,0.370995
2166580,0.559223,0.510113,-0.536982,0.372432
2174913,0.556588,0.511096,-0.536347,0.375930
2183246,0.555686,0.511005,-0.535312,0.378852
2191579,0.552419,0.511715,-0.537271,0.379896
2199912,0.548814,0.513110,-0.539607,0.379929
2208245,0.545753,0.514529,-0.540895,0.380586
2216578,0.543124,0.514241,-0.542726,0.382126
2224911,0.541803,0.513075,-0.544360,0.383245
2233244,0.539612,0.512928,-0.545749,0.384555
2241577,0.538090,0.512442,-0.545104,0.388232
2249910,0.536879,0.511573,-0.546905,0.388521
2258243,0.535474,0.510521,-0.548657,0.389373
2266576,0.533674,0.509142,-0.550663,0.390816
2274909,0.532222,0.508630,-0.550455,0.393744
2283242,0.531261,0.507641,-0.550998,0.395556
2291575,0.532005,0.505312,-0.550971,0.397570
2299908,0.532349,0.502124,-0.552211,0.399425
2308241,0.531672,0.500703,-0.553882,0.399795
2316574,0.530383,0.499814,-0.556290,0.399277
2324907,0.530706,0.497647,-0.558555,0.398390
2333240,0.530939,0.495255,-0.562504,0.395494
2341573,0.530870,0.493982,-0.565225,0.393293
2349906,0.530606,0.491945,-0.569771,0.389626
2358239,0.531137,0.488724,-0.575318,0.384773
2366572,0.531222,0.485442,-0.581518,0.379454
2374905,0.531633,0.481957,-0.588760,0.372082
2383238,0.534193,0.476191,-0.594082,0.367351
2391571,0.535812,0.471793,-0.600365,0.360388
2399904,0.538494,0.466496,-0.606691,0.352606
2408237,0.540488,0.460870,-0.614555,0.343210
2416570,0.543785,0.456071,-0.619899,0.334698
2424903,0.549773,0.449255,-0.624093,0.326232
2433236,0.551426,0.445709,-0.630798,0.315227
2441569,0.556053,0.440604,-0.634797,0.306114
2449902,0.559119,0.436878,-0.639804,0.295253
2458235,0.563283,0.432310,-0.644163,0.284384
2466568,0.566857,0.428501,-0.648343,0.273333
2474901,0.568664,0.426476,-0.652674,0.262213
2483234,0.572572,0.423003,-0.655488,0.252123
2491567,0.576765,0.419072,-0.658326,0.241511
2499900,0.580609,0.415876,-0.660668,0.231211
2508233,0.584610,0.412480,-0.662832,0.220782
2516566,0.589563,0.407601,-0.664801,0.210517
2524899,0.593399,0.405908,-0.664619,0.203464
2533232,0.597773,0.404047,-0.664217,0.195525
2541565,0.601944,0.401723,-0.664262,0.187185
2549898,0.605330,0.400519,-0.664205,0.178863
2558231,0.609913,0.398778,-0.662728,0.172549
2566564,0.613652,0.397214,-0.662546,0.163356
2574897,0.618162,0.397662,-0.659516,0.157414
2583230,0.621447,0.398687,-0.657527,0.150035
2591563,0.623925,0.400159,-0.656294,0.140956
2599896,0.627158,0.401892,-0.653670,0.133686
2608229,0.632993,0.402909,-0.648679,0.127277
2616562,0.634032,0.406281,-0.647260,0.118296
2624895,0.634935,0.410518,-0.645358,0.108835
2633228,0.635418,0.414360,-0.643905,0.099682
2641561,0.635610,0.418084,-0.642771,0.089725
2649894,0.635642,0.421720,-0.641817,0.078628
2658227,0.636598,0.423931,-0.640588,0.068356
2666560,0.637457,0.427266,-0.638306,0.060478
2674893,0.639227,0.430561,-0.635093,0.051604
2683226,0.639604,0.432381,-0.634187,0.041959
2691559,0.641920,0.432298,-0.632362,0.034285
2699892,0.644582,0.432222,-0.630044,0.027267
2708225,0.644830,0.433100,-0.629481,0.019284
2716558,0.645510,0.433673,-0.628558,0.012628
2724891,0.645911,0.433643,-0.628270,0.005417
2733224,0.646876,0.433586,-0.627339,-0.000662
2741557,0.647232,0.433935,-0.626698,-0.006419
2749890,0.648939,0.432993,-0.625514,-0.011286
2758223,0.649154,0.432782,-0.625354,-0.015211
2766556,0.650847,0.432340,-0.623816,-0.018248
2774889,0.651874,0.431701,-0.623091,-0.021277
2783222,0.652507,0.431007,-0.622790,-0.024501
2791555,0.652662,0.431094,-0.622464,-0.026984
2799888,0.654551,0.431758,-0.619993,-0.027501
2808221,0.656002,0.432475,-0.617990,-0.026731
2816554,0.656434,0.432797,-0.617409,-0.024228
2824887,0.656987,0.432995,-0.616772,-0.021815
2833220,0.657330,0.434032,-0.615740,-0.019940
2841553,0.658227,0.436280,-0.613322,-0.015285
2849886,0.658666,0.438387,-0.611439,-0.010873
2858219,0.657770,0.440509,-0.610941,-0.006461
2866552,0.656485,0.443701,-0.610047,-0.000428
2874885,0.654727,0.445704,-0.610439,0.006627
2883218,0.654707,0.449976,-0.607204,0.013553
2891551,0.653248,0.453210,-0.606222,0.019056
2899884,0.650994,0.454180,-0.607714,0.024709
2908217,0.649683,0.455714,-0.607575,0.033013
2916550,0.647726,0.455705,-0.609119,0.041920
2924883,0.646624,0.455803,-0.609588,0.050229
2933216,0.645861,0.454938,-0.610162,0.059973
2941549,0.645587,0.454516,-0.609781,0.069275
2949882,0.644755,0.453123,-0.610587,0.078449
2958215,0.643261,0.451472,-0.611912,0.089182
2966548,0.642178,0.447951,-0.614058,0.099398
2974881,0.639139,0.446357,-0.616715,0.109223
2983214,0.637128,0.444409,-0.618082,0.120594
2991547,0.637325,0.440558,-0.617704,0.134785
2999880,0.634651,0.437084,-0.620310,0.146256
3008213,0.631789,0.435959,-0.621177,0.157865
3016546,0.627621,0.432451,-0.625191,0.167968
3024879,0.623547,0.429311,-0.628311,0.179180
3033212,0.619285,0.425568,-0.632718,0.187205
3041545,0.612688,0.423125,-0.638842,0.193544
3049878,0.607899,0.418707,-0.644444,0.199587
3058211,0.604626,0.414101,-0.648168,0.206944
3066544,0.601059,0.408970,-0.653263,0.211470
3074877,0.597503,0.403984,-0.658001,0.216384
3083210,0.594862,0.400119,-0.661335,0.220635
3091543,0.593535,0.395844,-0.663625,0.225002
3099876,0.592290,0.393032,-0.665540,0.227540
3108209,0.590940,0.389446,-0.667639,0.231041
3116542,0.591137,0.386810,-0.668071,0.233701
3124875,0.588667,0.388750,-0.669013,0.234021
3133208,0.585054,0.391929,-0.669365,0.236757
3141541,0.586079,0.393395,-0.665310,0.243134
3149874,0.585634,0.395899,-0.662346,0.248183
3158207,0.583944,0.401826,-0.658487,0.252864
3166540,0.582682,0.407265,-0.653833,0.259074
3174873,0.579982,0.414105,-0.649660,0.264724
3183206,0.577166,0.423718,-0.643681,0.270215
3191539,0.573551,0.431492,-0.640267,0.273702
3199872,0.569064,0.440010,-0.636588,0.278054
3208205,0.565615,0.449223,-0.631158,0.282698
3216538,0.561912,0.458206,-0.626403,0.286220
3224871,0.558090,0.466307,-0.621812,0.290591
3233204,0.555322,0.474351,-0.616411,0.294357
3241537,0.554645,0.480503,-0.610046,0.298880
3249870,0.551565,0.487713,-0.605627,0.301874
3258203,0.549126,0.494267,-0.600784,0.305318
3266536,0.548217,0.499337,-0.595125,0.309754
3274869,0.545404,0.505245,-0.590891,0.313226
3283202,0.542533,0.510643,-0.587039,0.316682
3291535,0.540927,0.515500,-0.582281,0.320324
3299868,0.539616,0.519527,-0.577474,0.324702
3308201,0.538677,0.522701,-0.573097,0.328894
3316534,0.537457,0.527179,-0.568535,0.331647
3324867,0.538259,0.529787,-0.562508,0.336433
3333200,0.534304,0.534369,-0.560232,0.339279
3341533,0.530860,0.539886,-0.558121,0.339428
3349866,0.528566,0.542952,-0.555322,0.342694
3358199,0.527516,0.544124,-0.552257,0.347372
3366532,0.525637,0.546876,-0.550168,0.349211
3374865,0.522818,0.548919,-0.549981,0.350528
3383198,0.528358,0.545860,-0.542558,0.358476
3391531,0.522622,0.548303,-0.545833,0.358185
3399864,0.515830,0.551422,-0.550354,0.356320
3408197,0.513820,0.550800,-0.551864,0.357849
3416530,0.512540,0.549788,-0.552497,0.360254
3424863,0.512791,0.546969,-0.553100,0.363250
3433196,0.518592,0.540301,-0.550056,0.369561
3441529,0.520271,0.537044,-0.550762,0.370894
3449862,0.518472,0.535405,-0.554048,0.370889
3458195,0.517351,0.533234,-0.557885,0.369830
3466528,0.519292,0.528321,-0.559440,0.371806
3474861,0.517290,0.527092,-0.564728,0.368330
3483194,0.515177,0.525761,-0.570322,0.364555
3491527,0.514401,0.523883,-0.574472,0.361829
3499860,0.516682,0.519870,-0.575835,0.362200
3508193,0.521044,0.515354,-0.575799,0.362464
3516526,0.520467,0.515588,-0.579798,0.356536
3524859,0.521620,0.514628,-0.581413,0.353596
3533192,0.522694,0.513305,-0.582820,0.351609
3541525,0.524683,0.514605,-0.583097,0.346246
3549858,0.526333,0.514469,-0.583640,0.343015
3558191,0.526842,0.515552,-0.583996,0.339988
3566524,0.526996,0.518210,-0.585224,0.333538
3574857,0.527933,0.519910,-0.585040,0.329709
3583190,0.531199,0.519343,-0.583571,0.327958
3591523,0.530660,0.521351,-0.584768,0.323480
3599856,0.530885,0.522585,-0.585857,0.319121
3608189,0.531979,0.523813,-0.586110,0.314789
3616522,0.532505,0.523660,-0.587868,0.310853
3624855,0.534579,0.521846,-0.588845,0.308487
3633188,0.536712,0.518551,-0.590664,0.306858
3641521,0.538176,0.515330,-0.593197,0.304825
3649854,0.540473,0.510632,-0.595976,0.303243
3658187,0.544108,0.504931,-0.599468,0.299380
3666520,0.548225,0.500195,-0.601775,0.295162
3674853,0.552805,0.495250,-0.602238,0.294014
3683186,0.557433,0.490560,-0.603535,0.290455
3691519,0.562778,0.485710,-0.604389,0.286496
3699852,0.568952,0.481140,-0.604645,0.281428
3708185,0.574811,0.477366,-0.604916,0.275300
3716518,0.580894,0.473477,-0.605075,0.268825
3724851,0.586892,0.470374,-0.604211,0.263125
3733184,0.592740,0.468493,-0.602711,0.256736
3741517,0.599357,0.467130,-0.599608,0.251061
3749850,0.604310,0.466932,-0.596890,0.245982
3758183,0.609082,0.466915,-0.594146,0.240832
3766516,0.613182,0.468680,-0.590891,0.234936
3774849,0.617325,0.470923,-0.586384,0.230856
3783182,0.620700,0.475108,-0.581475,0.225589
3791515,0.623308,0.479660,-0.576632,0.221156
3799848,0.625614,0.485855,-0.571133,0.215311
3808181,0.627130,0.492762,-0.565184,0.210856
3816514,0.627218,0.500897,-0.560915,0.202668
3824847,0.628705,0.509365,-0.554347,0.194877
3833180,0.628110,0.518555,-0.549758,0.185324
3841513,0.629221,0.527584,-0.542139,0.178387
3849846,0.629035,0.535571,-0.537467,0.169136
3858179,0.630169,0.542447,-0.531703,0.161029
3866512,0.629903,0.549907,-0.527082,0.151687
3874845,0.631030,0.556245,-0.522012,0.141054
3883178,0.633759,0.560317,-0.516837,0.131431
3891511,0.633106,0.564694,-0.515422,0.120985
3899844,0.635256,0.568361,-0.510652,0.112470
3908177,0.636430,0.570784,-0.508644,0.102197
3916510,0.638496,0.572971,-0.505258,0.093493
3924843,0.640963,0.574041,-0.502247,0.085972
3933176,0.643023,0.574551,-0.500490,0.076956
3941509,0.643540,0.575195,-0.500123,0.069892
3949842,0.643351,0.576637,-0.499675,0.062568
3958175,0.643705,0.577631,-0.498823,0.056234
3966508,0.641156,0.580122,-0.500227,0.046376
3974841,0.635243,0.584123,-0.503831,0.037685
3983174,0.628455,0.588912,-0.507439,0.027043
3991507,-0.619944,-0.594748,0.511643,-0.012856
3999840,-0.604197,-0.602976,0.520922,0.002528
4008173,-0.590133,-0.609337,0.529380,0.014434
4016505,-0.580476,-0.613220,0.535318,0.021069
4024839,-0.574104,-0.616196,0.538692,0.022760
4033172,-0.569785,-0.618418,0.540854,0.019540
4041505,-0.566049,-0.620658,0.542299,0.016836
4049838,-0.563231,-0.623855,0.541677,0.012731
4058170,-0.556793,-0.627431,0.544268,0.009234
4066504,-0.551927,-0.631974,0.544043,0.001676
4074837,-0.548358,-0.635014,0.544084,-0.005785
4083170,-0.545711,-0.637979,0.543136,-0.013646
4091503,-0.544459,-0.639011,0.542893,-0.022271
4099836,0.543823,0.639722,-0.542183,0.032395
4108169,0.543251,0.641270,-0.540172,0.043195
4116501,0.542344,0.641653,-0.539668,0.053872
4124835,0.541002,0.642145,-0.539164,0.065344
4133168,0.540994,0.642773,-0.536573,0.079104
4141501,0.540590,0.641730,-0.536066,0.092620
4149834,0.541016,0.642024,-0.532194,0.108979
4158166,0.542549,0.640189,-0.529020,0.126238
4166500,0.544509,0.637645,-0.525092,0.145592
4174833,0.546368,0.635234,-0.519585,0.167306
4183166,0.547947,0.631349,-0.515868,0.187171
4191499,0.550018,0.626203,-0.511399,0.209335
4199832,0.553422,0.620551,-0.504375,0.232908
4208165,0.553593,0.616416,-0.498414,0.255245
4216498,0.552067,0.612907,-0.492581,0.277363
4224831,0.549599,0.609527,-0.487322,0.298221
4233164,0.546010,0.606513,-0.483606,0.316449
4241497,0.538820,0.605511,-0.480821,0.334425
4249830,0.532988,0.603992,-0.475550,0.353511
4258163,0.526066,0.603270,-0.471909,0.369624
4266496,0.518057,0.604454,-0.467237,0.384633
4274829,0.509579,0.605863,-0.461072,0.400839
4283162,0.501107,0.608098,-0.456869,0.412771
4291495,0.493084,0.610664,-0.453161,0.422614
4299828,-0.485251,-0.614104,0.450291,-0.429704
4308161,-0.477288,-0.617989,0.447103,-0.436330
4316494,-0.469884,-0.622232,0.445517,-0.439944
4324827,-0.463575,-0.626999,0.440999,-0.444399
4333160,-0.457911,-0.631161,0.436126,-0.449163
4341493,-0.451423,-0.637573,0.430885,-0.451727
4349826,-0.445967,-0.642078,0.425698,-0.455664
4358159,-0.440219,-0.647903,0.419445,-0.458798
4366492,-0.435446,-0.653097,0.411320,-0.463321
4374825,-0.429714,-0.657527,0.402856,-0.469799
4383158,-0.423887,-0.663398,0.395007,-0.473489
4391491,-0.418180,-0.668775,0.385692,-0.478652
4399824,-0.413435,-0.673518,0.376354,-0.483532
4408157,-0.407506,-0.679726,0.366789,-0.487214
4416490,-0.400950,-0.685956,0.355189,-0.492487
4424823,-0.396338,-0.689877,0.343843,-0.498756
4433156,-0.389640,-0.695542,0.330763,-0.504973
4441489,-0.383561,-0.699536,0.318426,-0.511991
4449822,-0.378874,-0.705330,0.306460,-0.514827
4458155,-0.372900,-0.709971,0.293459,-0.520354
4466488,-0.366977,-0.714729,0.279629,-0.525640
4474821,-0.361508,-0.719625,0.266762,-0.529424
4483154,-0.356543,-0.723783,0.255256,-0.532786
4491487,-0.350335,-0.729703,0.241084,-0.535422
4499820,-0.344463,-0.732880,0.228196,-0.540517
4508153,-0.338125,-0.736300,0.212378,-0.546288
4516486,-0.331573,-0.741998,0.198095,-0.547958
4524819,-0.325794,-0.746609,0.185541,-0.549553
4533152,-0.318323,-0.749265,0.173427,-0.554253
4541485,-0.310577,-0.753240,0.161145,-0.556960
4549818,-0.302027,-0.756210,0.150213,-0.560680
4558151,-0.294297,-0.759804,0.139259,-0.562756
4566484,-0.287609,-0.762787,0.129550,-0.564493
4574817,-0.279561,-0.765700,0.119364,-0.566835
4583150,-0.271493,-0.763565,0.109984,-0.575468
4591483,-0.261973,-0.767655,0.104897,-0.575389
4599816,-0.254712,-0.767871,0.096440,-0.579824
4608149,-0.248939,-0.764424,0.090928,-0.587723
4616482,-0.244794,-0.761583,0.083560,-0.594209
4624815,-0.234691,-0.765543,0.082369,-0.593363
4633148,-0.225903,-0.768961,0.081906,-0.592417
4641481,-0.218478,-0.766807,0.080062,-0.598218
4649814,-0.211845,-0.766552,0.080706,-0.600838
4658147,-0.205595,-0.766285,0.084103,-0.602880
4666480,-0.199388,-0.765767,0.087089,-0.605195
4674813,-0.194752,-0.762411,0.090089,-0.610480
4683146,-0.187153,-0.764778,0.094849,-0.609174
4691479,-0.184825,-0.765010,0.101406,-0.608536
4699812,-0.181871,-0.764802,0.109974,-0.608200
4708145,-0.176742,-0.763333,0.113906,-0.610828
4716478,-0.175115,-0.764806,0.120609,-0.608161
4724811,-0.174231,-0.762747,0.125246,-0.610061
4733144,-0.175031,-0.762480,0.132232,-0.608689
4741477,-0.177603,-0.765582,0.138212,-0.602693
4749810,-0.179801,-0.768163,0.142311,-0.597784
4758143,-0.182511,-0.770087,0.143387,-0.594219
4766476,-0.190458,-0.771932,0.150485,-0.587537
4774809,-0.195282,-0.773447,0.152142,-0.583522
4783142,-0.199473,-0.776030,0.150941,-0.578969
4791475,-0.204525,-0.778409,0.150884,-0.574007
4799808,-0.212713,-0.778127,0.149318,-0.571818
4808141,-0.219974,-0.781710,0.150450,-0.563831
4816474,-0.225037,-0.784471,0.148555,-0.558475
4824807,-0.229300,-0.786492,0.143233,-0.555281
4833140,-0.231128,-0.789343,0.136896,-0.552066
4841473,-0.234537,-0.792495,0.132442,-0.547177
4849806,-0.236484,-0.795890,0.128395,-0.542355
4858139,-0.241631,-0.799727,0.124890,-0.535214
4866472,-0.242720,-0.800068,0.117146,-0.535962
4874805,-0.242754,-0.803239,0.109472,-0.532817
4883138,-0.246704,-0.807210,0.105689,-0.525718
4891471,-0.247101,-0.804996,0.094148,-0.531092
4899804,-0.250724,-0.813779,0.086595,-0.517110
4908137,-0.252410,-0.809114,0.075553,-0.525277
4916470,-0.254014,-0.813357,0.069753,-0.518711
4924803,-0.256962,-0.814007,0.062623,-0.517147
4933136,-0.259451,-0.812369,0.051785,-0.519673
4941469,-0.260666,-0.820103,0.048116,-0.507118
4949802,-0.263445,-0.821261,0.039444,-0.504551
4958135,-0.267045,-0.822127,0.033152,-0.501692
4966468,-0.269525,-0.827992,0.029451,-0.490834
4974801,-0.271077,-0.825601,0.023528,-0.494314
4983134,-0.273194,-0.825603,0.016948,-0.493415
4991467,-0.273620,-0.827005,0.011871,-0.490972
4999800,-0.276945,-0.826853,0.009704,-0.489408
5008133,-0.275995,-0.826881,-0.000320,-0.489994
5016466,-0.275154,-0.832750,0.000123,-0.480434
5024799,-0.276866,-0.828132,-0.008579,-0.487308
5033132,-0.275853,-0.833593,-0.004906,-0.478543
5041465,-0.277480,-0.828621,-0.014090,-0.485998
5049798,-0.277986,-0.826685,-0.019954,-0.488792
5058131,-0.273893,-0.826610,-0.029703,-0.490731
5066464,-0.272117,-0.828011,-0.033491,-0.489111
5074797,-0.268909,-0.828244,-0.037332,-0.490210
5083130,-0.266683,-0.827725,-0.042977,-0.491837
5091463,-0.259379,-0.827443,-0.053200,-0.495207
5099796,-0.253123,-0.827954,-0.059819,-0.496832
5108129,-0.246701,-0.826993,-0.066541,-0.500792
5116462,-0.235526,-0.826293,-0.078047,-0.505644
5124795,-0.227403,-0.826651,-0.086054,-0.507476
5133128,-0.219054,-0.825454,-0.092564,-0.511931
5141461,-0.210838,-0.823059,-0.103653,-0.517085
5149794,-0.202594,-0.821480,-0.108728,-0.521828
5158127,-0.191934,-0.818830,-0.112433,-0.529186
5166460,-0.174500,-0.812657,-0.128796,-0.540878
5174793,-0.167127,-0.812168,-0.133405,-0.542820
5183126,-0.158532,-0.811141,-0.137245,-0.545968
5191459,-0.146979,-0.809525,-0.143052,-0.550094
5199792,-0.134222,-0.805790,-0.151513,-0.556535
5208125,-0.123413,-0.801403,-0.157515,-0.563659
5216458,-0.110638,-0.796141,-0.164682,-0.571663
5224791,-0.098060,-0.791677,-0.170991,-0.578269
5233124,-0.087121,-0.787937,-0.176366,-0.583489
5241457,-0.075147,-0.783792,-0.180638,-0.589400
5249790,-0.061853,-0.777255,-0.188882,-0.596969
5258123,-0.047036,-0.771186,-0.196712,-0.603625
5266456,-0.032620,-0.766704,-0.203389,-0.608057
5274789,-0.016232,-0.759789,-0.211891,-0.614459
5283122,0.002918,-0.751662,-0.218286,-0.622372
5291455,0.021172,-0.742432,-0.228243,-0.629485
5299788,0.041154,-0.732317,-0.241064,-0.635536
5308121,0.059815,-0.720834,-0.254836,-0.641778
5316454,0.074897,-0.708182,-0.271939,-0.647239
5324787,0.093987,-0.697517,-0.286538,-0.650025
5333120,0.108965,-0.686109,-0.302834,-0.652436
5341453,0.125623,-0.675053,-0.319223,-0.653161
5349786,0.142058,-0.660751,-0.337851,-0.655045
5358119,0.155518,-0.651811,-0.354869,-0.651939
5366452,0.167768,-0.641855,-0.373370,-0.648438
5374785,0.178657,-0.634082,-0.390848,-0.642853
5383118,0.185885,-0.627940,-0.406008,-0.637413
5391451,0.189859,-0.622149,-0.424021,-0.630151
5399784,0.194481,-0.617283,-0.439754,-0.622700
5408117,0.201271,-0.614170,-0.448962,-0.617024
5416450,0.202925,-0.612494,-0.460415,-0.609664
5424783,0.203903,-0.611578,-0.467865,-0.604565
5433116,0.203928,-0.609779,-0.476452,-0.599646
5441449,0.207525,-0.609637,-0.478824,-0.596660
5449782,0.208695,-0.609743,-0.481102,-0.594306
5458115,0.207260,-0.610824,-0.484303,-0.591090
5466448,0.206865,-0.611676,-0.485702,-0.589197
5474781,0.207233,-0.612668,-0.485999,-0.587790
5483114,0.206060,-0.613623,-0.486798,-0.586544
5491447,0.207378,-0.614816,-0.485724,-0.585720
5499780,0.207719,-0.616254,-0.485061,-0.584636
5508113,0.209533,-0.617662,-0.482532,-0.584596
5516446,0.211616,-0.617780,-0.484353,-0.582211
5524779,0.214141,-0.617444,-0.485498,-0.580688
5533112,0.216543,-0.617223,-0.486940,-0.578821
5541445,0.221714,-0.616288,-0.487527,-0.577364
5549778,0.228783,-0.614311,-0.488918,-0.575534
5558111,0.234651,-0.612338,-0.490860,-0.573618
5566444,0.237320,-0.612631,-0.493399,-0.570017
5574777,0.245111,-0.609931,-0.497454,-0.566078
5583110,0.254162,-0.605303,-0.498652,-0.566000
5591443,0.262889,-0.601844,-0.503533,-0.561362
5599776,0.271532,-0.598568,-0.507784,-0.556904
5608109,0.279887,-0.595447,-0.511082,-0.553084
5616442,0.288514,-0.592455,-0.514023,-0.549123
5624775,0.296637,-0.589974,-0.515966,-0.545634
5633108,0.305002,-0.586683,-0.519610,-0.541093
5641441,0.314429,-0.584018,-0.521174,-0.537061
5649774,0.322933,-0.581147,-0.524574,-0.531794
5658107,0.331530,-0.579138,-0.526569,-0.526700
5666440,0.338433,-0.576753,-0.530009,-0.521449
5674773,0.347134,-0.574456,-0.532127,-0.516081
5683106,0.355396,-0.572553,-0.534386,-0.510204
5691439,0.362937,-0.570074,-0.536869,-0.505039
5699772,0.368633,-0.568637,-0.540824,-0.498267
5708105,0.377227,-0.567396,-0.541395,-0.492598
5716438,0.383851,-0.566314,-0.543324,-0.486566
5724771,0.388825,-0.564515,-0.547490,-0.479993
5733104,0.394085,-0.563266,-0.550241,-0.473985
5741437,0.399467,-0.562912,-0.549989,-0.470179
5749770,0.402690,-0.562057,-0.552384,-0.465623
5758103,0.405074,-0.560814,-0.554649,-0.462350
5766436,0.403520,-0.562324,-0.557752,-0.458122
5774769,0.405520,-0.561235,-0.560254,-0.454626
5783102,0.408834,-0.559305,-0.563507,-0.449992
5791435,0.411094,-0.556872,-0.569016,-0.443978
5799768,0.411678,-0.557290,-0.572749,-0.438073
5808101,0.411468,-0.555696,-0.579643,-0.431173
5816434,0.412509,-0.555567,-0.583715,-0.424804
5824767,0.410784,-0.557780,-0.585220,-0.421492
5833100,0.411325,-0.557160,-0.589244,-0.416144
5841433,0.407932,-0.557798,-0.594372,-0.411309
5849766,0.406330,-0.558564,-0.598898,-0.405245
5858099,0.403773,-0.560212,-0.602731,-0.399805
5866432,0.401019,-0.561396,-0.607052,-0.394344
5874765,0.394351,-0.563374,-0.613278,-0.388571
5883098,0.392966,-0.564956,-0.614769,-0.385306
5891431,0.387818,-0.566252,-0.619233,-0.381452
5899764,0.380505,-0.568125,-0.623191,-0.379582
5908097,0.378582,-0.571801,-0.620878,-0.379776
5916430,0.373971,-0.571650,-0.625205,-0.377466
5924763,0.370841,-0.573606,-0.625207,-0.377585
5933096,0.367894,-0.574608,-0.626075,-0.377504
5941429,0.365306,-0.574687,-0.628083,-0.376559
5949762,0.363961,-0.576466,-0.626083,-0.378471
5958095,0.361668,-0.577292,-0.626180,-0.379249
5966428,0.359892,-0.577945,-0.627338,-0.378026
5974761,0.357511,-0.579376,-0.625232,-0.381568
5983094,0.356411,-0.581129,-0.621609,-0.385826
5991427,0.355158,-0.579994,-0.623160,-0.386189
5999760,0.352644,-0.581960,-0.620169,-0.390326
6008093,0.350405,-0.583998,-0.617917,-0.392864
6016426,0.349597,-0.586215,-0.613217,-0.397616
6024759,0.350261,-0.586091,-0.610150,-0.401908
6033092,0.348511,-0.589443,-0.603590,-0.408383
6041425,0.346545,-0.593245,-0.595160,-0.416835
6049758,0.343087,-0.596659,-0.589068,-0.423424
6058091,0.336158,-0.600547,-0.583972,-0.430484
6066424,0.334016,-0.604311,-0.575928,-0.437662
6074757,0.334059,-0.604282,-0.570434,-0.444807
6083090,0.330554,-0.605704,-0.564148,-0.453425
6091423,0.324003,-0.608968,-0.556734,-0.462847
6099756,0.318554,-0.612324,-0.548142,-0.472359
6108089,0.313076,-0.615693,-0.538677,-0.482423
6116422,0.305129,-0.618442,-0.531584,-0.491776
6124755,0.299147,-0.620355,-0.522000,-0.503177
6133088,0.290796,-0.623916,-0.511708,-0.514121
6141421,0.284075,-0.625282,-0.501989,-0.525672
6149754,0.276389,-0.627040,-0.491470,-0.537483
6158087,0.270182,-0.628570,-0.480317,-0.548814
6166420,0.263342,-0.629521,-0.469342,-0.560421
6174753,0.257260,-0.630364,-0.457136,-0.572263
6183086,0.251093,-0.628981,-0.448768,-0.583046
6191419,0.242981,-0.626216,-0.441028,-0.595238
6199752,0.237701,-0.623632,-0.431585,-0.606890
6208085,0.231333,-0.621938,-0.423551,-0.616670
6216418,0.225456,-0.619905,-0.416803,-0.625430
6224751,0.220118,-0.616991,-0.411600,-0.633606
6233084,0.217643,-0.614138,-0.404660,-0.641652
6241417,0.214884,-0.608181,-0.402550,-0.649534
6249750,0.212445,-0.601525,-0.401276,-0.657277
6258083,0.210533,-0.594526,-0.398868,-0.665672
6266416,0.209611,-0.586190,-0.399794,-0.672762
6274749,0.206200,-0.578207,-0.404088,-0.678138
6283082,0.205932,-0.568813,-0.409360,-0.682985
6291415,0.204859,-0.560213,-0.414512,-0.687295
6299748,0.201165,-0.552387,-0.422299,-0.689975
6308081,0.197444,-0.544129,-0.430703,-0.692412
6316414,0.194801,-0.535338,-0.439318,-0.694597
6324747,0.190029,-0.527584,-0.449316,-0.695456
6333080,0.183007,-0.520785,-0.461261,-0.694643
6341413,0.176692,-0.513620,-0.473207,-0.693578
6349746,0.171502,-0.506032,-0.482558,-0.694015
6358079,0.165618,-0.499297,-0.491839,-0.693807
6366412,0.156884,-0.493359,-0.503335,-0.691837
6374745,0.148725,-0.487502,-0.513698,-0.690172
6383078,0.138783,-0.485068,-0.523866,-0.686304
6391411,0.127859,-0.484985,-0.532653,-0.681706
6399744,0.117798,-0.484428,-0.540774,-0.677508
6408077,0.108003,-0.483001,-0.548094,-0.674269
6416410,0.098463,-0.482321,-0.553645,-0.671676
6424743,0.090297,-0.480791,-0.558504,-0.669895
6433076,0.083204,-0.479391,-0.561102,-0.669646
6441409,0.072288,-0.478946,-0.565647,-0.667405
6449742,0.062632,-0.481962,-0.567469,-0.664657
6458075,0.052710,-0.486508,-0.568343,-0.661451
6466408,0.042483,-0.491299,-0.569192,-0.657907
6474741,0.034208,-0.498478,-0.568425,-0.653638
6483074,0.027333,-0.503233,-0.567532,-0.651089
6491407,0.019670,-0.509922,-0.565840,-0.647625
6499740,0.013586,-0.516606,-0.562314,-0.645551
6508073,0.009340,-0.522235,-0.559252,-0.643755
6516406,0.002472,-0.531508,-0.556813,-0.638320
6524739,-0.001789,-0.538864,-0.553617,-0.634926
6533072,-0.006636,-0.544963,-0.550254,-0.632606
6541405,-0.006966,-0.553350,-0.543370,-0.631272
6549738,-0.008327,-0.560410,-0.537751,-0.629837
6558071,-0.009860,-0.571239,-0.532580,-0.624458
6566404,-0.007850,-0.576590,-0.528211,-0.623278
6574737,-0.005577,-0.585213,-0.522086,-0.620420
6583070,-0.006090,-0.594261,-0.515470,-0.617339
6591403,-0.004964,-0.606970,-0.506199,-0.612638
6599736,-0.004193,-0.616062,-0.500916,-0.607892
6608069,-0.003450,-0.623524,-0.495625,-0.604616
6616402,0.003675,-0.631216,-0.494450,-0.597555
6624735,0.005218,-0.641058,-0.488174,-0.592202
6633068,0.008550,-0.648075,-0.481693,-0.589829
6641401,0.010365,-0.657610,-0.474505,-0.585053
6649734,0.016264,-0.665856,-0.467726,-0.581037
6658067,0.021862,-0.670518,-0.462812,-0.579425
6666400,0.027386,-0.674195,-0.459905,-0.577234
6674733,0.035177,-0.676958,-0.456567,-0.576227
6683066,0.045049,-0.679499,-0.452777,-0.575538
6691399,0.053474,-0.681306,-0.450490,-0.574475
6699732,0.061027,-0.682639,-0.447990,-0.574094
6708065,0.069001,-0.686787,-0.442426,-0.572557
6716398,0.078365,-0.688539,-0.439616,-0.571411
6724731,0.089642,-0.689206,-0.438527,-0.569784
6733064,0.099702,-0.690772,-0.436891,-0.567468
6741397,0.112339,-0.692745,-0.433682,-0.565159
6749730,0.123598,-0.693570,-0.432169,-0.562951
6758063,0.133020,-0.695418,-0.429198,-0.560793
6766396,0.144230,-0.696278,-0.426722,-0.558842
6774729,0.153465,-0.698038,-0.424959,-0.555519
6783062,0.160301,-0.698048,-0.422360,-0.555558
6791395,0.168607,-0.698480,-0.422196,-0.552673
6799728,0.175674,-0.698993,-0.422701,-0.549428
6808061,0.181618,-0.696894,-0.423236,-0.549750
6816394,0.189127,-0.695327,-0.422146,-0.550039
6824727,0.194892,-0.693062,-0.420942,-0.551807
6833060,0.202244,-0.688964,-0.423794,-0.552110
6841393,0.208239,-0.684542,-0.427445,-0.552566
6849726,0.215183,-0.680680,-0.426560,-0.555353
6858059,0.224515,-0.673921,-0.431742,-0.555898
6866392,0.233221,-0.667089,-0.436995,-0.556449
6874725,0.239409,-0.662564,-0.439424,-0.557314
6883058,0.246670,-0.653429,-0.450384,-0.556182
6891391,0.253481,-0.646546,-0.458310,-0.554686
6899724,0.261552,-0.641856,-0.461972,-0.553347
6908057,0.269483,-0.634919,-0.467556,-0.552854
6916390,0.277972,-0.628428,-0.472327,-0.552012
6924723,0.285150,-0.621957,-0.477089,-0.551584
6933056,0.292371,-0.614151,-0.482073,-0.552216
6941389,0.300573,-0.606441,-0.487530,-0.551542
6949722,0.305940,-0.600140,-0.493598,-0.550085
6958055,0.312856,-0.593719,-0.496505,-0.550546
6966388,0.319723,-0.587828,-0.498485,-0.551134
6974721,0.324837,-0.582020,-0.502042,-0.551078
6983054,0.328190,-0.575676,-0.506770,-0.551428
6991387,0.332689,-0.570274,-0.510166,-0.551214
6999720,0.338369,-0.566051,-0.511367,-0.550995
7008053,0.341041,-0.561767,-0.515010,-0.550339
7016386,0.343375,-0.557366,-0.518087,-0.550475
7024719,0.345176,-0.553442,-0.520561,-0.550973
7033052,0.348009,-0.549414,-0.523349,-0.550581
7041385,0.349221,-0.545534,-0.527658,-0.549559
7049718,0.351098,-0.541886,-0.530491,-0.549244
7058051,0.351667,-0.538762,-0.534681,-0.547889
7066384,0.352609,-0.535357,-0.538740,-0.546644
7074717,0.350897,-0.532299,-0.543767,-0.545753
7083050,0.351586,-0.531300,-0.545446,-0.544607
7091383,0.350904,-0.529532,-0.550305,-0.541873
7099716,0.350634,-0.527818,-0.553620,-0.540342
7108049,0.349608,-0.527197,-0.556911,-0.538227
7116382,0.347625,-0.526887,-0.561328,-0.535218
7124715,0.346945,-0.525493,-0.564985,-0.533177
7133048,0.346271,-0.525312,-0.568089,-0.530488
7141381,0.344957,-0.525547,-0.570104,-0.528948
7149714,0.344531,-0.525060,-0.573396,-0.526145
7158047,0.343532,-0.526427,-0.574885,-0.523801
7166380,0.342137,-0.527469,-0.577382,-0.520912
7174713,0.339522,-0.528060,-0.580585,-0.518457
7183046,0.336661,-0.529883,-0.582451,-0.516366
7191379,0.334740,-0.531842,-0.583673,-0.514217
7199712,0.332098,-0.533793,-0.584835,-0.512586
7208045,0.328129,-0.537547,-0.584635,-0.511446
7216378,0.326180,-0.539686,-0.585248,-0.509735
7224711,0.323902,-0.542046,-0.585407,-0.508499
7233044,0.318989,-0.545619,-0.584275,-0.509086
7241377,0.313817,-0.549243,-0.583776,-0.508976
7249710,0.308434,-0.552426,-0.583728,-0.508877
7258043,0.302833,-0.554133,-0.586667,-0.507001
7266376,0.296803,-0.557903,-0.586438,-0.506698
7274709,0.289470,-0.561500,-0.587932,-0.505234
7283042,0.283852,-0.564367,-0.589695,-0.503167
7291375,0.276023,-0.565191,-0.593155,-0.502531
7299708,0.269522,-0.567355,-0.593438,-0.503288
7308041,0.262104,-0.567413,-0.597584,-0.502232
7316374,0.256478,-0.566767,-0.601195,-0.501556
7324707,0.251872,-0.566304,-0.603398,-0.501768
7333040,0.249849,-0.565662,-0.604632,-0.502018
7341373,0.247578,-0.560739,-0.610695,-0.501327
7349706,0.248635,-0.559958,-0.610991,-0.501317
7358039,0.246168,-0.555192,-0.616687,-0.500859
7366372,0.243698,-0.553934,-0.618707,-0.500969
7374705,0.240083,-0.553754,-0.619147,-0.502368
7383038,0.237324,-0.555029,-0.616875,-0.505059
7391371,0.233667,-0.559573,-0.612228,-0.507399
7399704,0.228924,-0.565702,-0.607574,-0.508358
7408037,0.228202,-0.572090,-0.599565,-0.511037
7416370,0.225011,-0.576547,-0.593071,-0.515005
7424703,0.223032,-0.583410,-0.582561,-0.520107
7433036,0.221413,-0.590017,-0.572231,-0.524794
7441369,0.223430,-0.598227,-0.557461,-0.530509
7449702,0.219671,-0.605157,-0.544030,-0.538108
7458035,0.214898,-0.612026,-0.529916,-0.546290
7466368,0.214192,-0.616785,-0.515701,-0.554752
7474701,0.213066,-0.622169,-0.499272,-0.564125
7483034,0.212143,-0.626960,-0.483636,-0.572724
7491367,0.213951,-0.628583,-0.469271,-0.582145
7499700,0.218840,-0.627881,-0.452548,-0.594202
7508033,0.223546,-0.626283,-0.439345,-0.603964
7516366,0.226562,-0.624334,-0.429895,-0.611610
7524699,0.233391,-0.617559,-0.419766,-0.622853
7533032,0.238960,-0.610179,-0.414595,-0.631420
7541365,0.246035,-0.602169,-0.410544,-0.638993
7549698,0.250717,-0.592837,-0.412265,-0.644765
7558031,0.253606,-0.583345,-0.417653,-0.648813
7566364,0.261555,-0.569433,-0.425949,-0.652612
7574697,0.262903,-0.559185,-0.436819,-0.653746
7583030,0.264481,-0.548804,-0.450082,-0.652909
7591363,0.265725,-0.538028,-0.464193,-0.651492
7599696,0.263648,-0.529200,-0.479778,-0.648268
7608029,0.260213,-0.520764,-0.498802,-0.642099
7616362,0.256222,-0.513744,-0.517542,-0.634482
7624695,0.251967,-0.506407,-0.535685,-0.626981
7633028,0.244924,-0.500375,-0.552855,-0.619668
7641361,0.239713,-0.494608,-0.567539,-0.613025
7649694,0.234077,-0.490083,-0.580794,-0.606387
7658027,0.229201,-0.486086,-0.591435,-0.601159
7666360,0.225033,-0.483819,-0.598899,-0.597159
7674693,0.221823,-0.481819,-0.604760,-0.594063
7683026,0.218275,-0.482091,-0.608078,-0.591764
7691359,0.213987,-0.482907,-0.609883,-0.590806
7699692,0.209253,-0.484346,-0.609606,-0.591610
7708025,0.206121,-0.487149,-0.607603,-0.592469
7716358,0.202441,-0.490830,-0.603852,-0.594530
7724691,0.200140,-0.494475,-0.598398,-0.597794
7733024,0.197544,-0.499218,-0.592403,-0.600680
7741357,0.194818,-0.505039,-0.584927,-0.604021
7749690,0.191732,-0.510099,-0.578181,-0.607244
7758023,0.189161,-0.516218,-0.571482,-0.609217
7766356,0.184028,-0.522341,-0.565960,-0.610723
7774689,0.180386,-0.530240,-0.557769,-0.612536
7783022,0.176336,-0.538269,-0.549983,-0.613751
7791355,0.172264,-0.545609,-0.544765,-0.613080
7799688,0.168201,-0.554021,-0.537966,-0.612668
7808021,0.163557,-0.563340,-0.531916,-0.610707
7816354,0.159612,-0.572559,-0.527432,-0.607055
7824687,0.152796,-0.582792,-0.523604,-0.602367
7833020,0.148620,-0.592402,-0.519356,-0.597696
7841353,0.146098,-0.599462,-0.516128,-0.594065
7849686,0.142852,-0.606672,-0.512791,-0.590413
7858019,0.138930,-0.615577,-0.509401,-0.585042
7866352,0.139199,-0.622661,-0.507300,-0.579278
7874685,0.138830,-0.628170,-0.506785,-0.573844
7883018,0.136400,-0.631724,-0.508035,-0.569404
7891351,0.135458,-0.636269,-0.508681,-0.563966
7899684,0.134265,-0.641151,-0.508613,-0.558759
7908017,0.132878,-0.644689,-0.510132,-0.553611
7916350,0.130290,-0.647869,-0.513201,-0.547645
7924683,0.131813,-0.652229,-0.512231,-0.542993
7933016,0.123600,-0.651012,-0.521620,-0.537419
7941349,0.123099,-0.649890,-0.524759,-0.535834
7949682,0.119071,-0.652723,-0.529912,-0.528175
7958015,0.115159,-0.656931,-0.536404,-0.517156
7966348,0.111985,-0.658443,-0.542208,-0.509826
7974681,0.111938,-0.659666,-0.544931,-0.505333
7983014,0.112937,-0.661078,-0.548537,-0.499328
7991347,0.114822,-0.664387,-0.549469,-0.493446
7999680,0.115763,-0.666819,-0.551639,-0.487490
8008013,0.115029,-0.669407,-0.554205,-0.481164
8016346,0.116784,-0.670553,-0.558295,-0.474370
8024679,0.119269,-0.672739,-0.560656,-0.467827
8033011,0.120759,-0.675428,-0.560717,-0.463477
8041345,0.121930,-0.677461,-0.563191,-0.457161
8049678,0.122342,-0.678874,-0.565405,-0.452195
8058011,0.121265,-0.680711,-0.567686,-0.446832
8066344,0.120766,-0.680924,-0.571813,-0.441348
8074676,0.119079,-0.683018,-0.573724,-0.436059
8083010,0.122081,-0.684831,-0.572022,-0.434619
8091343,0.122349,-0.683169,-0.578254,-0.428875
8099676,0.118793,-0.678811,-0.588156,-0.423293
8108009,0.119646,-0.675579,-0.593807,-0.420322
8116341,0.118853,-0.672695,-0.599327,-0.417328
8124675,0.121140,-0.668538,-0.606291,-0.413272
8133008,0.124512,-0.661683,-0.614991,-0.410437
8141341,0.126783,-0.654324,-0.623083,-0.409333
8149674,0.132367,-0.647064,-0.630305,-0.408047
8158007,0.141688,-0.640969,-0.634238,-0.408443
8166340,0.146700,-0.632950,-0.642679,-0.405977
8174673,0.154321,-0.623997,-0.646719,-0.410569
8183006,0.160883,-0.617603,-0.651591,-0.410015
8191338,0.168163,-0.611499,-0.654299,-0.411926
8199672,0.176467,-0.606105,-0.657487,-0.411349
8208005,0.184438,-0.600760,-0.660144,-0.411436
8216338,0.192717,-0.596756,-0.660814,-0.412392
8224671,0.202446,-0.591650,-0.660796,-0.415109
8233003,0.212102,-0.586145,-0.661309,-0.417273
8241337,0.222669,-0.580347,-0.661793,-0.419101
8249670,0.233809,-0.575164,-0.660805,-0.421731
8258003,0.243942,-0.570003,-0.659951,-0.424326
8266336,0.254817,-0.565248,-0.657520,-0.428055
8274668,0.265742,-0.558500,-0.656418,-0.431943
8283002,0.274902,-0.554736,-0.653986,-0.434740
8291335,0.285492,-0.550706,-0.650767,-0.437858
8299668,0.297751,-0.546570,-0.646111,-0.441752
8308001,0.309121,-0.542998,-0.640963,-0.445830
8316333,0.320770,-0.538979,-0.635935,-0.449661
8324667,0.333530,-0.535399,-0.630328,-0.452541
8333000,0.346067,-0.533375,-0.622334,-0.456562
8341333,0.358039,-0.532191,-0.614442,-0.459393
8349666,0.369282,-0.530454,-0.606003,-0.463692
8357998,0.377883,-0.530542,-0.598971,-0.465794
8366332,0.387747,-0.530618,-0.590262,-0.468707
8374665,0.396083,-0.532402,-0.580106,-0.472380
8382998,0.406022,-0.533640,-0.569702,-0.475200
8391331,0.414775,-0.536401,-0.558807,-0.477462
8399664,0.421943,-0.538778,-0.549828,-0.478927
8407997,0.428205,-0.540484,-0.543018,-0.479217
8416330,0.433073,-0.543471,-0.535578,-0.479837
8424663,0.436338,-0.547169,-0.528777,-0.480218
8432996,0.440988,-0.549947,-0.521591,-0.480657
8441329,0.442470,-0.551784,-0.518424,-0.480616
8449662,0.444748,-0.554705,-0.513082,-0.480883
8457995,0.444591,-0.557258,-0.510402,-0.480929
8466328,0.443770,-0.559712,-0.508022,-0.481357
8474661,0.442659,-0.561905,-0.507012,-0.480889
8482994,0.439524,-0.564929,-0.505542,-0.481768
8491327,0.435797,-0.567957,-0.505707,-0.481422
8499660,0.430615,-0.571495,-0.507057,-0.480476
8507993,0.425165,-0.573629,-0.510036,-0.479633
8516326,0.415375,-0.577507,-0.515336,-0.477890
8524659,0.405391,-0.581993,-0.521305,-0.474535
8532992,0.394272,-0.584923,-0.530585,-0.469994
8541325,0.383162,-0.588142,-0.540447,-0.463889
8549658,0.372811,-0.591604,-0.549665,-0.457040
8557991,0.361293,-0.595322,-0.558475,-0.450739
8566324,0.351268,-0.597273,-0.567264,-0.445070
8574657,0.342551,-0.600377,-0.571346,-0.442460
8582990,0.335220,-0.604102,-0.572778,-0.441151
8591323,0.328661,-0.607834,-0.573952,-0.439431
8599656,0.323126,-0.610509,-0.575968,-0.437185
8607989,0.315029,-0.615880,-0.576231,-0.435208
8616322,0.306670,-0.622516,-0.574705,-0.433752
8624655,0.300800,-0.628829,-0.569904,-0.435089
8632988,0.295092,-0.633073,-0.567063,-0.436552
8641321,0.290322,-0.636518,-0.562842,-0.440190
8649654,0.283637,-0.640836,-0.557512,-0.445039
8657987,0.274447,-0.644130,-0.555800,-0.448175
8666320,0.267536,-0.645329,-0.554045,-0.452779
8674653,0.260270,-0.647714,-0.551291,-0.456952
8682986,0.250441,-0.649392,-0.550256,-0.461289
8691319,0.241820,-0.650384,-0.549252,-0.465667
8699652,0.231353,-0.650556,-0.549960,-0.469890
8707985,0.222568,-0.651026,-0.549436,-0.474076
8716318,0.212676,-0.650102,-0.551221,-0.477799
8724651,0.201819,-0.650356,-0.551480,-0.481846
8732984,0.190087,-0.649910,-0.551149,-0.487564
8741317,0.178517,-0.648936,-0.553361,-0.490718
8749650,0.167199,-0.647819,-0.553225,-0.496303
8757983,0.155999,-0.645920,-0.553521,-0.502062
8766316,0.142721,-0.646094,-0.552606,-0.506774
8774649,0.133673,-0.642315,-0.554756,-0.511673
8782982,0.122602,-0.638968,-0.557471,-0.515669
8791315,0.111464,-0.637362,-0.557759,-0.519857
8799648,0.103371,-0.632699,-0.557857,-0.527069
8807981,0.094619,-0.629731,-0.558474,-0.531594
8816314,0.087341,-0.625876,-0.556791,-0.539106
8824647,0.082249,-0.620406,-0.555110,-0.547892
8832980,0.076121,-0.616727,-0.554511,-0.553508
8841313,0.070550,-0.612715,-0.553649,-0.559532
8849646,0.067367,-0.605968,-0.553556,-0.567309
8857979,0.066010,-0.600506,-0.552915,-0.573864
8866312,0.062533,-0.594590,-0.553810,-0.579523
8874645,0.060335,-0.588082,-0.555510,-0.584746
8882978,0.059723,-0.581669,-0.556299,-0.590445
8891311,0.058908,-0.575207,-0.556882,-0.596279
8899644,0.058598,-0.568399,-0.558333,-0.601459
8907977,0.056191,-0.561390,-0.561007,-0.605768
8916310,0.052657,-0.557930,-0.564610,-0.605935
8924643,0.050725,-0.552893,-0.566087,-0.609329
8932976,0.048319,-0.548970,-0.567594,-0.611665
8941309,0.043283,-0.545509,-0.569943,-0.612953
8949642,0.039253,-0.540918,-0.572484,-0.614921
8957975,0.036087,-0.539521,-0.572612,-0.616222
8966308,0.034612,-0.538806,-0.571387,-0.618067
8974641,0.029761,-0.536227,-0.572826,-0.619229
8982974,0.025559,-0.536045,-0.572361,-0.620005
8991307,0.021445,-0.535677,-0.571247,-0.621504
8999640,0.019216,-0.534750,-0.570767,-0.622814
9007973,0.016362,-0.535046,-0.569699,-0.623619
9016306,0.014796,-0.535160,-0.568157,-0.624966
9024639,0.010591,-0.537312,-0.567045,-0.624215
9032972,0.008051,-0.538437,-0.564461,-0.625624
9041305,0.008411,-0.537941,-0.561755,-0.628474
9049638,0.010111,-0.537613,-0.558965,-0.631212
9057971,0.010332,-0.537018,-0.557315,-0.633171
9066304,0.010905,-0.537000,-0.554332,-0.635789
9074637,0.013226,-0.537641,-0.551959,-0.637266
9082970,0.014791,-0.537983,-0.550593,-0.638125
9091303,0.017221,-0.538893,-0.547195,-0.640215
9099636,0.019974,-0.540910,-0.545447,-0.639926
9107969,0.023088,-0.542112,-0.543205,-0.640710
9116302,0.026819,-0.543556,-0.538881,-0.642989
9124635,0.031922,-0.544675,-0.538016,-0.642534
9132968,0.039010,-0.545868,-0.536268,-0.642591
9141301,0.045296,-0.548763,-0.534452,-0.641225
9149634,0.052178,-0.551605,-0.532337,-0.640021
9157967,0.063135,-0.553291,-0.531039,-0.638656
9166300,0.073501,-0.552564,-0.531311,-0.637949
9174633,0.081246,-0.554040,-0.532065,-0.635095
9182966,0.092228,-0.555559,-0.532035,-0.632288
9191299,0.102381,-0.557116,-0.533133,-0.628418
9199632,0.114329,-0.556092,-0.534203,-0.626353
9207965,0.124759,-0.556120,-0.534655,-0.623946
9216298,0.135321,-0.557555,-0.535326,-0.619876
9224631,0.147254,-0.559057,-0.534881,-0.616177
9232964,0.155772,-0.561524,-0.536354,-0.610533
9241297,0.162761,-0.565309,-0.537660,-0.604033
9249630,0.168397,-0.570755,-0.540079,-0.595143
9257963,0.172456,-0.578099,-0.544675,-0.582572
9266296,0.178533,-0.585386,-0.547266,-0.570920
9274629,0.184561,-0.594721,-0.549928,-0.556618
9282962,0.189922,-0.602774,-0.553082,-0.542858
9291295,0.195086,-0.613602,-0.554839,-0.526866
9299628,0.204835,-0.621867,-0.551052,-0.517364
9307961,0.214237,-0.628945,-0.547682,-0.508503
9316294,0.220743,-0.636492,-0.543761,-0.500474
9324627,0.226284,-0.645252,-0.539382,-0.491439
9332960,0.232669,-0.653822,-0.535069,-0.481750
9341293,0.238384,-0.662319,-0.530277,-0.472560
9349626,0.241532,-0.672051,-0.524958,-0.463066
9357959,0.244975,-0.679505,-0.520118,-0.455781
9366292,0.250017,-0.685974,-0.515689,-0.448326
9374625,0.255970,-0.690624,-0.511854,-0.442181
9382958,0.258906,-0.692946,-0.509425,-0.439636
9391291,0.264505,-0.695723,-0.505417,-0.436533
9399624,0.267787,-0.696843,-0.505943,-0.432114
9407957,0.274496,-0.698377,-0.504270,-0.427355
9416290,0.279699,-0.694368,-0.509270,-0.424577
9424623,0.284987,-0.692920,-0.510396,-0.422066
9432956,0.289897,-0.690553,-0.513280,-0.419093
9441289,0.295249,-0.688269,-0.516488,-0.415156
9449622,0.300679,-0.683977,-0.521180,-0.412478
9457955,0.306040,-0.681007,-0.524553,-0.409161
9466288,0.310173,-0.675249,-0.530903,-0.407398
9474621,0.315955,-0.670503,-0.534985,-0.405450
9482954,0.322262,-0.664617,-0.538642,-0.405334
9491287,0.328558,-0.658653,-0.542828,-0.404429
9499620,0.334991,-0.652171,-0.546547,-0.404647
9507953,0.339069,-0.646336,-0.550407,-0.405381
9516286,0.343853,-0.638834,-0.554794,-0.407259
9524619,0.349028,-0.631468,-0.559069,-0.408496
9532952,0.352953,-0.624184,-0.562926,-0.411014
9541285,0.358401,-0.616412,-0.567485,-0.411759
9549618,0.362596,-0.608987,-0.572101,-0.412746
9557951,0.366328,-0.601543,-0.576624,-0.414070
9566284,0.371160,-0.593883,-0.580388,-0.415563
9574617,0.374450,-0.587132,-0.583618,-0.417676
9582950,0.378011,-0.577455,-0.589092,-0.420266
9591283,0.382939,-0.571804,-0.590665,-0.421323
9599616,0.387146,-0.566178,-0.592829,-0.422035
9607949,0.390082,-0.561536,-0.594422,-0.423292
9616282,0.393050,-0.556588,-0.595617,-0.425396
9624615,0.396522,-0.553341,-0.595024,-0.427236
9632948,0.399281,-0.551412,-0.593384,-0.429437
9641281,0.401298,-0.548621,-0.592778,-0.431960
9649614,0.404060,-0.547430,-0.591081,-0.433219
9657947,0.407010,-0.546904,-0.588566,-0.434545
9666280,0.411026,-0.546917,-0.584243,-0.436577
9674613,0.412421,-0.548208,-0.580498,-0.438633
9682946,0.410077,-0.548647,-0.581289,-0.439234
9691279,0.410168,-0.551257,-0.578340,-0.439773
9699612,0.410647,-0.554715,-0.574098,-0.440536
9707945,0.408702,-0.558237,-0.571441,-0.441348
9716278,0.406211,-0.562223,-0.568886,-0.441889
9724611,0.402336,-0.565253,-0.567701,-0.443091
9732944,0.398045,-0.569350,-0.565838,-0.444104
9741277,0.391717,-0.573473,-0.565388,-0.444998
9749610,0.386252,-0.578126,-0.563202,-0.446524
9757943,0.380833,-0.580748,-0.562301,-0.448904
9766276,0.373295,-0.583095,-0.563265,-0.450980
9774609,0.365121,-0.585594,-0.564827,-0.452478
9782942,0.354672,-0.587548,-0.567693,-0.454664
9791275,0.340932,-0.589197,-0.572615,-0.456864
9799608,0.327257,-0.591479,-0.577518,-0.457742
9807941,0.312843,-0.590916,-0.585947,-0.457836
9816274,0.297444,-0.591637,-0.594183,-0.456551
9824607,0.282545,-0.595031,-0.601584,-0.451888
9832940,0.269599,-0.593569,-0.610001,-0.450434
9841273,0.259721,-0.596015,-0.613563,-0.448165
9849606,0.251826,-0.598297,-0.615876,-0.446454
9857939,0.244489,-0.602402,-0.617066,-0.443357
9866272,0.238790,-0.605450,-0.616407,-0.443229
9874605,0.233573,-0.607679,-0.616503,-0.442825
9882938,0.229027,-0.615174,-0.612045,-0.441030
9891271,0.221673,-0.614073,-0.612662,-0.445444
9899604,0.213686,-0.614868,-0.612284,-0.448758
9907937,0.202598,-0.614677,-0.615143,-0.450250
9916270,0.194416,-0.618416,-0.614322,-0.449859
9924603,0.188010,-0.620800,-0.614046,-0.449673
9932936,0.179532,-0.623113,-0.614010,-0.449989
9941269,0.172786,-0.624532,-0.613403,-0.451488
9949602,0.165913,-0.626809,-0.611450,-0.453554
9957935,0.158411,-0.628466,-0.611066,-0.454461
9966268,0.145789,-0.636830,-0.612983,-0.444347
9974601,0.139777,-0.634990,-0.611746,-0.450574
9982934,0.129952,-0.640009,-0.611304,-0.446998
9991267,0.127473,-0.642296,-0.606303,-0.451224
9999600,0.117744,-0.641317,-0.607485,-0.453664
10007933,0.102176,-0.643633,-0.612871,-0.446862
10016266,0.092325,-0.645552,-0.612867,-0.446244
10024599,0.090922,-0.640124,-0.609764,-0.458434
10032932,0.079618,-0.643940,-0.612360,-0.451682
10041265,0.073267,-0.647101,-0.608664,-0.453233
10049598,0.062981,-0.646297,-0.610942,-0.452862
10057931,0.051771,-0.645674,-0.613867,-0.451212
10066264,0.044706,-0.645797,-0.613710,-0.452003
10074597,0.037312,-0.644780,-0.613657,-0.454192
10082930,0.035539,-0.639756,-0.610731,-0.465250
10091263,0.029922,-0.637242,-0.610240,-0.469719
10099596,0.021068,-0.636749,-0.610885,-0.470029
10107929,0.013748,-0.636478,-0.610515,-0.471146
10116262,0.010516,-0.635519,-0.608534,-0.475071
10124595,-0.000171,-0.633149,-0.610621,-0.475672
10132928,-0.008485,-0.633038,-0.611075,-0.475161
10141261,-0.010286,-0.631507,-0.607767,-0.481364
10149594,-0.020224,-0.630893,-0.609081,-0.480193
10157927,-0.027013,-0.629229,-0.608727,-0.482486
10166260,-0.032202,-0.628619,-0.608043,-0.483823
10174593,-0.033107,-0.627405,-0.604494,-0.489749
10182926,-0.036860,-0.626330,-0.603416,-0.492180
10191259,-0.040948,-0.624638,-0.601224,-0.496669
10199592,-0.044753,-0.621991,-0.601004,-0.499918
10207925,-0.046966,-0.620229,-0.598121,-0.505333
10216258,-0.049172,-0.618264,-0.595864,-0.510175
10224591,-0.050525,-0.615730,-0.596170,-0.512743
10232924,-0.049994,-0.612799,-0.594623,-0.518074
10241257,-0.046958,-0.610062,-0.593156,-0.523245
10249590,-0.045011,-0.606814,-0.593042,-0.527306
10257923,-0.042224,-0.601560,-0.592496,-0.534127
10266256,-0.038600,-0.596619,-0.592491,-0.539917
10274589,-0.034330,-0.593585,-0.591095,-0.545055
10282922,-0.027241,-0.588743,-0.589331,-0.552566
10291255,-0.018824,-0.584937,-0.589600,-0.556656
10299588,-0.011309,-0.579066,-0.591028,-0.561463
10307921,-0.003127,-0.576375,-0.590776,-0.564593
10316254,0.005681,-0.571932,-0.590617,-0.569239
10324587,0.015200,-0.568473,-0.590406,-0.572738
10332920,0.022948,-0.565287,-0.590569,-0.575458
10341253,0.033213,-0.561993,-0.590521,-0.578226
10349586,0.042819,-0.559318,-0.589754,-0.580964
10357919,0.055289,-0.558349,-0.588852,-0.581758
10366252,0.064456,-0.553307,-0.590519,-0.583939
10374585,0.074133,-0.550910,-0.590502,-0.585073
10382918,0.084085,-0.552254,-0.589117,-0.583855
10391251,0.095008,-0.551654,-0.588580,-0.583289
10399584,0.103540,-0.553072,-0.588013,-0.581061
10407917,0.113193,-0.555399,-0.585725,-0.579349
10416250,0.123334,-0.558730,-0.583782,-0.576028
10424583,0.132259,-0.563410,-0.580895,-0.572396
10432916,0.141827,-0.566378,-0.579531,-0.568546
10441249,0.150568,-0.570112,-0.576911,-0.565221
10449582,0.156255,-0.576885,-0.571535,-0.562260
10457915,0.163666,-0.582519,-0.567611,-0.558304
10466248,0.168851,-0.590426,-0.563370,-0.552721
10474581,0.174611,-0.596129,-0.558110,-0.550140
10482914,0.179429,-0.601445,-0.552411,-0.548554
10491247,0.186190,-0.605111,-0.547303,-0.547388
10499580,0.192459,-0.609590,-0.540554,-0.546955
10507913,0.198396,-0.612195,-0.535279,-0.547113
10516246,0.206198,-0.613840,-0.531205,-0.546355
10524579,0.213098,-0.616975,-0.527427,-0.543831
10532912,0.221301,-0.619052,-0.524588,-0.540933
10541245,0.230226,-0.620211,-0.522258,-0.538128
10549578,0.238469,-0.621968,-0.518841,-0.535811
10557911,0.248293,-0.622650,-0.516734,-0.532582
10566244,0.256786,-0.623662,-0.515256,-0.528789
10574577,0.265415,-0.624194,-0.515086,-0.524045
10582910,0.273837,-0.626575,-0.511729,-0.520145
10591243,0.282195,-0.627803,-0.511503,-0.514386
10599576,0.289659,-0.628987,-0.511356,-0.508909
10607909,0.296789,-0.629994,-0.511592,-0.503286
10616242,0.305365,-0.631496,-0.510645,-0.497198
10624575,0.311902,-0.632557,-0.510186,-0.492239
10632908,0.316996,-0.633828,-0.509656,-0.487879
10641241,0.322364,-0.635173,-0.509218,-0.483047
10649574,0.326480,-0.636290,-0.508991,-0.479034
10657907,0.330540,-0.637175,-0.508615,-0.475460
10666240,0.334170,-0.637995,-0.507182,-0.473350
10674573,0.338342,-0.638063,-0.505830,-0.471737
10682906,0.342020,-0.638519,-0.504652,-0.469726
10691239,0.344237,-0.639101,-0.502432,-0.469694
10699572,0.346576,-0.639030,-0.501626,-0.468933
10707905,0.347546,-0.638791,-0.501766,-0.468390
10716238,0.349861,-0.639117,-0.499639,-0.468495
10724571,0.351092,-0.638833,-0.499443,-0.468171
10732904,0.352300,-0.640167,-0.497221,-0.467805
10741237,0.354458,-0.639132,-0.496335,-0.468531
10749570,0.354609,-0.638781,-0.495814,-0.469447
10757903,0.354591,-0.639487,-0.494954,-0.469406
10766236,0.353365,-0.639102,-0.495036,-0.470766
10774569,0.352736,-0.639674,-0.493434,-0.472141
10782902,0.353570,-0.640545,-0.491384,-0.472475
10791235,0.352975,-0.640369,-0.490894,-0.473666
10799568,0.351706,-0.641144,-0.490083,-0.474400
10807901,0.353071,-0.639317,-0.488538,-0.477437
10816234,0.351245,-0.638973,-0.488234,-0.479550
10824567,0.348772,-0.639153,-0.489018,-0.480316
10832900,0.347033,-0.638799,-0.488421,-0.482647
10841233,0.344948,-0.637735,-0.489508,-0.484444
10849566,0.342567,-0.637054,-0.489539,-0.486993
10857899,0.340502,-0.636636,-0.489398,-0.489124
10866232,0.339932,-0.634633,-0.489702,-0.491811
10874565,0.335842,-0.635652,-0.489954,-0.493054
10882898,0.333404,-0.634872,-0.488158,-0.497474
10891231,0.330221,-0.635008,-0.486762,-0.500781
10899564,0.327254,-0.634734,-0.487056,-0.502786
10907897,0.324768,-0.634203,-0.486744,-0.505363
10916230,0.321879,-0.633989,-0.485935,-0.508250
10924563,0.318434,-0.634565,-0.484574,-0.510994
10932896,0.315302,-0.634598,-0.483443,-0.513958
10941229,0.312424,-0.636147,-0.481308,-0.515800
10949562,0.309167,-0.636153,-0.479688,-0.519254
10957895,0.305835,-0.637747,-0.476230,-0.522445
10966228,0.303193,-0.641541,-0.469867,-0.525094
10974561,0.299724,-0.644285,-0.465359,-0.527734
10982894,0.295726,-0.646159,-0.459641,-0.532686
10991227,0.291114,-0.651079,-0.454584,-0.533575
10999560,0.286641,-0.656192,-0.446581,-0.536484
11007893,0.283368,-0.657351,-0.437601,-0.544148
11016226,0.278131,-0.659814,-0.429287,-0.550456
11024559,0.272000,-0.663018,-0.420947,-0.556081
11032892,0.266033,-0.666278,-0.412336,-0.561498
11041225,0.259501,-0.668068,-0.402865,-0.569249
11049558,0.253598,-0.670647,-0.394036,-0.575027
11057891,0.246629,-0.671146,-0.386097,-0.582809
11066224,0.238929,-0.672060,-0.379199,-0.589454
11074557,0.230961,-0.672313,-0.373883,-0.595705
11082890,0.220993,-0.671108,-0.369132,-0.603752
11091223,0.212555,-0.669028,-0.365444,-0.611287
11099556,0.204754,-0.668214,-0.361870,-0.616941
11107889,0.194915,-0.668119,-0.360800,-0.620845
11116222,0.185565,-0.666959,-0.361236,-0.624692
11124555,0.176650,-0.664041,-0.360829,-0.630592
11132888,0.167639,-0.661583,-0.362156,-0.634860
11141221,0.157744,-0.660006,-0.363609,-0.638198
11149554,0.148414,-0.657325,-0.364177,-0.642862
11157887,0.139511,-0.654294,-0.366533,-0.646598
11166220,0.131553,-0.650777,-0.365910,-0.652144
11174553,0.124171,-0.647195,-0.366678,-0.656710
11182886,0.117044,-0.643588,-0.368025,-0.660797
11191219,0.108926,-0.640921,-0.367771,-0.664906
11199552,0.100011,-0.639030,-0.367742,-0.668135
11207885,0.093917,-0.634249,-0.368969,-0.672882
11216218,0.085197,-0.631265,-0.369826,-0.676369
11224551,0.075683,-0.631186,-0.369444,-0.677781
11232884,0.069964,-0.626813,-0.367384,-0.683549
11241217,0.061748,-0.626189,-0.367003,-0.685116
11249550,0.056146,-0.623984,-0.366797,-0.687715
11257883,0.048239,-0.621965,-0.365055,-0.691063
11266216,0.041574,-0.620596,-0.362932,-0.693839
11274549,0.035390,-0.617972,-0.360047,-0.698014
11282882,0.033592,-0.612042,-0.355510,-0.705612
11291215,0.027483,-0.611527,-0.353314,-0.707424
11299548,0.020753,-0.613476,-0.352223,-0.706509
11307881,0.016668,-0.612117,-0.348626,-0.709574
11316214,0.011161,-0.611827,-0.346206,-0.711115
11324547,0.008979,-0.610113,-0.343989,-0.713690
11332880,0.006721,-0.608942,-0.340132,-0.716558
11341213,0.004173,-0.608682,-0.338621,-0.717513
11349546,0.001727,-0.607769,-0.336858,-0.719124
11357879,-0.001642,-0.607544,-0.334424,-0.720450
11366212,-0.003375,-0.607069,-0.332644,-0.721667
11374545,-0.004962,-0.606080,-0.332278,-0.722658
11382878,-0.006598,-0.605811,-0.328873,-0.724425
11391211,-0.006457,-0.604454,-0.328103,-0.725908
11399544,-0.007092,-0.603194,-0.326997,-0.727448
11407877,-0.007514,-0.602637,-0.326247,-0.728242
11416210,-0.007955,-0.603305,-0.324039,-0.728669
11424543,-0.006182,-0.602734,-0.322233,-0.729958
11432876,-0.007600,-0.603499,-0.321163,-0.729784
11441209,-0.008721,-0.604367,-0.320055,-0.729540
11449542,-0.007449,-0.603454,-0.320463,-0.730131
11457875,-0.005610,-0.603462,-0.320094,-0.730303
11466208,-0.004840,-0.604276,-0.317916,-0.730587
11474541,-0.005477,-0.605920,-0.317333,-0.729473
11482874,-0.006267,-0.609301,-0.316931,-0.726821
11491207,-0.003404,-0.609617,-0.316535,-0.726747
11499540,-0.003582,-0.613036,-0.314651,-0.724685
11507873,-0.002903,-0.614925,-0.314033,-0.723355
11516206,-0.004084,-0.619076,-0.313469,-0.720045
11524539,-0.004977,-0.623740,-0.310844,-0.717147
11532872,-0.005663,-0.629678,-0.308320,-0.713031
11541205,-0.007829,-0.636096,-0.302642,-0.709738
11549538,-0.009592,-0.643112,-0.296922,-0.705800
11557871,-0.012100,-0.650633,-0.289625,-0.701889
11566204,-0.014502,-0.659062,-0.280520,-0.697664
11574537,-0.016154,-0.667051,-0.268088,-0.694918
11582870,-0.019747,-0.675333,-0.255946,-0.691395
11591203,-0.024731,-0.684214,-0.243134,-0.687114
11599536,-0.030134,-0.692932,-0.228890,-0.683042
11607869,-0.031537,-0.701755,-0.214543,-0.678614
11616202,-0.033862,-0.708874,-0.201353,-0.675135
11624535,-0.040192,-0.716522,-0.187601,-0.670662
11632868,-0.046172,-0.723862,-0.174532,-0.665906
11641201,-0.048593,-0.730643,-0.159439,-0.662101
11649534,-0.052065,-0.737853,-0.147405,-0.656608
11657867,-0.058177,-0.744667,-0.134936,-0.651059
11666200,-0.064932,-0.750421,-0.124035,-0.645962
11674533,-0.070913,-0.755833,-0.113901,-0.640870
11682866,-0.077340,-0.762120,-0.100545,-0.634888
11691199,-0.084582,-0.766771,-0.090231,-0.629894
11699532,-0.093297,-0.770054,-0.080504,-0.625964
11707865,-0.100073,-0.774006,-0.070141,-0.621274
11716198,-0.108435,-0.777137,-0.059408,-0.617066
11724531,-0.118545,-0.780511,-0.046999,-0.611997
11732864,-0.130883,-0.784180,-0.034039,-0.605617
11741197,-0.140980,-0.780435,-0.020723,-0.608783
11749530,-0.148922,-0.767272,-0.002685,-0.623785
11757863,-0.157359,-0.753245,0.018168,-0.638381
11766196,-0.169466,-0.741020,0.038457,-0.648608
11774529,-0.187979,-0.730506,0.056865,-0.654057
11782862,-0.209877,-0.723683,0.076899,-0.652933
11791195,-0.228768,-0.714623,0.092151,-0.654590
11799528,-0.250097,-0.706996,0.106496,-0.652892
11807861,-0.274460,-0.700903,0.114831,-0.648245
11816194,-0.298154,-0.699733,0.120869,-0.637863
11824527,-0.317041,-0.700490,0.122381,-0.627553
11832860,-0.330844,-0.703326,0.122483,-0.617149
11841193,-0.340285,-0.711276,0.124347,-0.602354
11849526,-0.346940,-0.720171,0.124550,-0.587770
11857859,-0.350796,-0.729552,0.124178,-0.573826
11866192,-0.353847,-0.740399,0.125058,-0.557639
11874525,-0.356127,-0.750358,0.125202,-0.542643
11882858,-0.357203,-0.759282,0.123968,-0.529650
11891191,-0.359091,-0.767882,0.126543,-0.515169
11899524,-0.361305,-0.774479,0.129712,-0.502809
11907857,-0.363585,-0.778941,0.133827,-0.493100
11916190,-0.368201,-0.780288,0.142041,-0.485184
11924523,-0.374427,-0.778840,0.150753,-0.480090
11932856,-0.379448,-0.776441,0.158587,-0.477503
11941189,-0.385565,-0.773340,0.169610,-0.473833
11949522,-0.393517,-0.768334,0.180075,-0.471573
11957855,-0.400858,-0.762673,0.189475,-0.470894
11966188,-0.408108,-0.756400,0.199716,-0.470554
11974521,-0.416619,-0.749757,0.208904,-0.469737
11982854,-0.421945,-0.745631,0.218613,-0.467124
11991187,-0.430041,-0.739202,0.226183,-0.466355
11999520,-0.433640,-0.736415,0.235591,-0.462759
12007853,-0.438603,-0.732324,0.244420,-0.459987
12016186,-0.442019,-0.729622,0.252247,-0.456773
12024519,-0.444981,-0.728238,0.259855,-0.451815
12032852,-0.448264,-0.726131,0.269058,-0.446544
12041185,-0.452104,-0.721338,0.274975,-0.446834
12049518,-0.454301,-0.722126,0.284116,-0.437518
12057851,-0.457444,-0.720489,0.292899,-0.431103
12066184,-0.459315,-0.717919,0.299043,-0.429180
12074517,-0.464053,-0.713757,0.307560,-0.424985
12082850,-0.468340,-0.709399,0.316775,-0.420791
12091183,-0.472107,-0.706261,0.327952,-0.413229
12099516,-0.476116,-0.701413,0.336856,-0.409710
12107849,-0.479640,-0.697616,0.345439,-0.404907
12116182,-0.482410,-0.696744,0.355881,-0.393926
12124515,-0.486921,-0.693932,0.366057,-0.383886
12132848,-0.491064,-0.686703,0.375622,-0.382366
12141181,0.492926,0.684364,-0.385444,0.374304
12149514,0.495814,0.680776,-0.396464,0.365416
12157847,0.498550,0.675819,-0.406984,0.359277
12166180,0.500573,0.670805,-0.416834,0.354536
12174513,0.503321,0.665413,-0.427715,0.347783
12182846,0.505518,0.661273,-0.437981,0.339621
12191179,0.507021,0.657132,-0.447411,0.333062
12199512,0.509950,0.653036,-0.456876,0.323666
12207845,0.512557,0.648429,-0.465303,0.316731
12216178,0.515869,0.642463,-0.474325,0.310059
12224511,-0.519614,-0.637890,0.482191,-0.300982
12232844,-0.523322,-0.632714,0.489585,-0.293452
12241177,-0.527983,-0.625579,0.494738,-0.291752
12249510,-0.531847,-0.620300,0.499200,-0.288386
12257843,-0.534937,-0.616607,0.502929,-0.284079
12266176,-0.538927,-0.608125,0.507150,-0.287298
12274509,-0.542086,-0.604975,0.508531,-0.285558
12282842,-0.544752,-0.603508,0.509529,-0.281785
12291175,-0.547867,-0.599051,0.512193,-0.280426
12299508,-0.549639,-0.593960,0.514534,-0.283485
12307841,-0.550507,-0.593374,0.515237,-0.281746
12316174,-0.551427,-0.592271,0.516389,-0.280154
12324507,-0.553447,-0.590144,0.515721,-0.281885
12332840,-0.554878,-0.590159,0.515479,-0.279471
12341173,-0.556166,-0.590170,0.516192,-0.275542
12349506,-0.556903,-0.589938,0.516405,-0.274151
12357839,-0.557351,-0.591184,0.516495,-0.270358
12366172,-0.559586,-0.591922,0.515796,-0.265417
12374505,-0.560308,-0.593868,0.516030,-0.259014
12382838,-0.561630,-0.593617,0.516467,-0.255837
12391171,-0.563144,-0.592614,0.517092,-0.253561
12399504,-0.564826,-0.591265,0.518229,-0.250632
12407837,-0.567312,-0.589719,0.519347,-0.246308
12416170,-0.568631,-0.589537,0.519883,-0.242541
12424503,-0.569236,-0.589939,0.521162,-0.237345
12432836,-0.570818,-0.588991,0.521700,-0.234704
12441169,-0.572170,-0.588719,0.522780,-0.229636
12449502,-0.573332,-0.588641,0.524067,-0.223931
12457835,-0.574614,-0.588649,0.525046,-0.218259
12466168,-0.574413,-0.590693,0.525578,-0.211896
12474501,-0.574747,-0.591592,0.526128,-0.207060
12482834,-0.574869,-0.593027,0.527096,-0.200037
12491167,-0.575561,-0.593512,0.526849,-0.197237
12499500,-0.575547,-0.595085,0.526836,-0.192520
12507833,-0.575887,-0.597309,0.526577,-0.185182
12516166,-0.574543,-0.600277,0.527438,-0.177138
12524499,-0.574601,-0.600814,0.527648,-0.174481
12532832,-0.575433,-0.599353,0.528390,-0.174518
12541165,-0.575810,-0.601193,0.527272,-0.170275
12549498,-0.576281,-0.602585,0.527316,-0.163491
12557831,-0.577294,-0.602707,0.527115,-0.160079
12566164,-0.577985,-0.603637,0.526740,-0.155248
12574497,-0.577019,-0.601559,0.530337,-0.154657
12582830,-0.577491,-0.602063,0.530584,-0.150017
12591163,-0.578624,-0.598802,0.533277,-0.149149
12599496,-0.576369,-0.601194,0.534025,-0.145542
12607829,-0.576612,-0.598203,0.537019,-0.145883
12616162,-0.575726,-0.595707,0.541777,-0.141948
12624495,-0.575154,-0.594599,0.543728,-0.141453
12632828,-0.574816,-0.590892,0.548966,-0.138092
12641161,-0.575674,-0.588893,0.551084,-0.134579
12649494,-0.563640,-0.589365,0.565500,-0.123162
12657827,-0.564896,-0.585807,0.568744,-0.119385
12666160,-0.565464,-0.582831,0.572040,-0.115452
12674493,-0.562076,-0.580393,0.579535,-0.106553
12682826,-0.560706,-0.578946,0.583450,-0.100082
12691159,-0.555799,-0.576750,0.591658,-0.091589
12699492,-0.556526,-0.572148,0.596091,-0.087183
12707825,-0.555249,-0.565699,0.604900,-0.076024
12716158,-0.550412,-0.559623,0.615846,-0.067844
12724491,-0.553879,-0.554897,0.617833,-0.059907
12732824,0.552578,0.544021,-0.629543,0.048733
12741157,0.559500,0.531449,-0.634394,0.045460
12749490,0.559826,0.523754,-0.641203,0.033693
12757823,0.554790,0.515279,-0.652823,0.022735
12766156,0.555791,0.505341,-0.659958,0.013510
12774489,0.551289,0.494641,-0.671866,0.002410
12782822,0.553927,0.483939,-0.677442,-0.006393
12791155,0.547004,0.473642,-0.690010,-0.018318
12799488,0.548557,0.463989,-0.695037,-0.026887
12807821,0.552000,0.452628,-0.699369,-0.036133
12816154,0.559644,0.443191,-0.698812,-0.045186
12824487,0.551751,0.431587,-0.711513,-0.055259
12832820,0.548436,0.419596,-0.720318,-0.065575
12841153,0.545273,0.408375,-0.728153,-0.075502
12849486,0.542186,0.397006,-0.735685,-0.084785
12857819,0.542756,0.383881,-0.741622,-0.089714
12866152,0.539663,0.370896,-0.749791,-0.094942
12874485,0.535816,0.360459,-0.757653,-0.094512
12882818,0.532180,0.351039,-0.765385,-0.087986
12891151,0.529954,0.331004,-0.775459,-0.090817
12899484,0.528320,0.316284,-0.783500,-0.083481
12907817,0.524207,0.304188,-0.791953,-0.074075
12916150,0.519881,0.290227,-0.800312,-0.070660
12924483,0.509964,0.273102,-0.812972,-0.066550
12932816,0.509446,0.264649,-0.816076,-0.066679
12941149,0.504580,0.252228,-0.822660,-0.070786
12949482,0.496414,0.242760,-0.830102,-0.074639
12957815,0.492449,0.238468,-0.833249,-0.079513
12966148,0.490001,0.237574,-0.833609,-0.092491
12974481,0.490303,0.238228,-0.831698,-0.105496
12982814,0.490549,0.242182,-0.829488,-0.112515
12991147,0.503584,0.266072,-0.815452,-0.103188
12999480,0.503108,0.268837,-0.812360,-0.121162
13007813,0.501165,0.266872,-0.810911,-0.141549
13016146,0.506151,0.285036,-0.801385,-0.142643
13024479,0.512668,0.300599,-0.790919,-0.145804
13032812,0.505947,0.308631,-0.791320,-0.150256
13041145,0.507010,0.313365,-0.787245,-0.158080
13049478,0.508640,0.318874,-0.782324,-0.166052
13057811,0.512128,0.326841,-0.776108,-0.168985
13066144,0.515694,0.324587,-0.773289,-0.175293
13074477,0.524724,0.328313,-0.763661,-0.183568
13082810,0.530435,0.329649,-0.761127,-0.175090
13091143,0.543566,0.324914,-0.751665,-0.184301
13099476,0.557371,0.317116,-0.743624,-0.189203
13107809,0.579754,0.310999,-0.729594,-0.186702
13116142,0.600644,0.297104,-0.719865,-0.180972
13124475,0.615007,0.277613,-0.713853,-0.187382
13132808,0.641072,0.264357,-0.694420,-0.192152
13141141,0.657210,0.249703,-0.686435,-0.185825
13149474,0.681970,0.239651,-0.666347,-0.182939
13157807,0.694149,0.227825,-0.657744,-0.183373
13166140,0.707470,0.221638,-0.645972,-0.181887
13174473,0.718022,0.219509,-0.635352,-0.180524
13182806,0.727359,0.223954,-0.622809,-0.181389
13191139,0.732715,0.234054,-0.614122,-0.176643
13199472,0.738710,0.250089,-0.603006,-0.167771
13207805,0.741960,0.268019,-0.593672,-0.158795
13216138,0.743885,0.286890,-0.585238,-0.147735
13224471,0.739933,0.307075,-0.582613,-0.136988
13232804,0.735764,0.324404,-0.582192,-0.120277
13241137,0.733395,0.340152,-0.579447,-0.103291
13249470,0.734796,0.355138,-0.571286,-0.087091
13257803,0.737251,0.363510,-0.564630,-0.074266
13266136,0.739542,0.371041,-0.558138,-0.062350
13274469,0.744596,0.376732,-0.548740,-0.050330
13282802,0.747850,0.378826,-0.543080,-0.047704
13291135,0.754820,0.379270,-0.533077,-0.047222
13299468,0.759328,0.380856,-0.525474,-0.047402
13307801,0.764247,0.381907,-0.516836,-0.054349
13316134,0.771546,0.387219,-0.500864,-0.062552
13324467,0.775930,0.391676,-0.488670,-0.075657
13332800,0.774783,0.399953,-0.481656,-0.088073
13341133,0.770502,0.412435,-0.475038,-0.102773
13349466,0.762121,0.421475,-0.476220,-0.121430
13357799,0.753391,0.431838,-0.475270,-0.141547
13366132,0.737280,0.445491,-0.482026,-0.160020
13374465,0.720911,0.456300,-0.490803,-0.176607
13382798,0.712123,0.463796,-0.492126,-0.188642
13391131,0.692037,0.464370,-0.512197,-0.207605
13399464,0.678997,0.466677,-0.522950,-0.218401
13407797,0.665758,0.466983,-0.535017,-0.229018
13416130,0.660624,0.461263,-0.541581,-0.239796
13424463,0.651981,0.458258,-0.552400,-0.244488
13432796,0.649005,0.447046,-0.560735,-0.254005
13441129,0.649110,0.433746,-0.568940,-0.258512
13449462,0.651774,0.424125,-0.573380,-0.257960
13457795,0.651945,0.410493,-0.582310,-0.259575
13466128,0.657446,0.396395,-0.586227,-0.258794
13474461,0.666377,0.388485,-0.584277,-0.252273
13482794,0.669347,0.374695,-0.589481,-0.253162
13491127,0.672804,0.363284,-0.593589,-0.251023
13499460,0.676160,0.353611,-0.596253,-0.249499
13507793,0.681259,0.347383,-0.596809,-0.242963
13516126,0.683880,0.343139,-0.596855,-0.241512
13524459,0.682114,0.336928,-0.602165,-0.242069
13532792,0.680656,0.332389,-0.605516,-0.244082
13541125,0.679031,0.331624,-0.607668,-0.244296
13549458,0.679519,0.330173,-0.606893,-0.246822
13557791,0.677450,0.328650,-0.609332,-0.248526
13566124,0.676603,0.329126,-0.609659,-0.249402
13574457,0.681125,0.328828,-0.603691,-0.251988
13582790,0.683912,0.330149,-0.599909,-0.251742
13591123,0.680797,0.330637,-0.603760,-0.250337
13599456,0.680240,0.335939,-0.602561,-0.247665
13607789,0.677620,0.341240,-0.602956,-0.246638
13616122,0.678192,0.345184,-0.600723,-0.245021
13624455,0.676068,0.348591,-0.601502,-0.244154
13632788,0.672394,0.353247,-0.602904,-0.244149
13641121,0.668181,0.358105,-0.604489,-0.244721
13649454,0.665917,0.363818,-0.603395,-0.245164
13657787,0.663556,0.366887,-0.602695,-0.248689
13666120,0.657233,0.370587,-0.605624,-0.252842
13674453,0.653754,0.373823,-0.606601,-0.254751
13682786,0.647422,0.377376,-0.610918,-0.255364
13691119,0.642433,0.380734,-0.613800,-0.256067
13699452,0.644331,0.384105,-0.609607,-0.256282
13707785,0.645971,0.390237,-0.605175,-0.253377
13716118,0.640804,0.385988,-0.612199,-0.256118
13724451,0.641062,0.386834,-0.610315,-0.258676
13732784,0.642327,0.383826,-0.608542,-0.264141
13741117,0.640759,0.375940,-0.615180,-0.263915
13749450,0.643199,0.374046,-0.614752,-0.261656
13757783,0.650499,0.370767,-0.609719,-0.260047
13766116,0.657255,0.372837,-0.602545,-0.256804
13774449,0.659975,0.368209,-0.602377,-0.256899
13782782,0.657023,0.362321,-0.608755,-0.257802
13791115,0.654014,0.359065,-0.613631,-0.258448
13799448,0.650587,0.357567,-0.617923,-0.258948
13807781,0.647612,0.349555,-0.624402,-0.261787
13816114,0.645882,0.344144,-0.629034,-0.262140
13824447,0.646774,0.342285,-0.630527,-0.258766
13832780,0.649253,0.340224,-0.631817,-0.252043
13841113,0.647710,0.332175,-0.639026,-0.248551
13849446,0.646526,0.321282,-0.646912,-0.245533
13857779,0.650087,0.315941,-0.647046,-0.242693
13866112,0.652970,0.312073,-0.647795,-0.237914
13874445,0.658721,0.306948,-0.645409,-0.235194
13882778,0.665328,0.305824,-0.640735,-0.230800
13891111,0.671981,0.305459,-0.634986,-0.227880
13899444,0.677035,0.301399,-0.630729,-0.230136
13907777,0.681910,0.298978,-0.626626,-0.230109
13916110,0.681731,0.294898,-0.628276,-0.231403
13924443,0.685362,0.293196,-0.624514,-0.233018
13932776,0.687381,0.288870,-0.622296,-0.238345
13941109,0.689151,0.285860,-0.620554,-0.241386
13949442,0.691139,0.284882,-0.618069,-0.243228
13957775,0.688302,0.283521,-0.620618,-0.246354
13966108,0.688244,0.284504,-0.618693,-0.250194
13974441,0.689726,0.289456,-0.615302,-0.248792
13982774,0.685197,0.293588,-0.617497,-0.251015
13991107,0.681952,0.297748,-0.617490,-0.254938
13999440,0.673810,0.299136,-0.622250,-0.263255
14007773,0.670390,0.303938,-0.622301,-0.266347
14016106,0.663633,0.307659,-0.625546,-0.271348
14024439,0.658268,0.308095,-0.627537,-0.279209
14032772,0.653700,0.309979,-0.629552,-0.283291
14041105,0.644135,0.309866,-0.636753,-0.289168
14049438,0.641874,0.313669,-0.635063,-0.293776
14057771,0.637246,0.321403,-0.635382,-0.294799
14066104,0.635249,0.327929,-0.634265,-0.294328
14074437,0.635857,0.326862,-0.632526,-0.297922
14082770,0.635523,0.329998,-0.631657,-0.297022
14091103,0.635495,0.331452,-0.631149,-0.296541
14099436,0.636517,0.334376,-0.629691,-0.294156
14107769,0.641646,0.334541,-0.625103,-0.292607
14116102,0.645826,0.337080,-0.621502,-0.288134
14124435,0.651228,0.339581,-0.616781,-0.283138
14132768,0.654165,0.337841,-0.615251,-0.281775
14141101,0.659802,0.336960,-0.611113,-0.278675
14149434,0.661932,0.336742,-0.609623,-0.277148
14157767,0.661354,0.340465,-0.609853,-0.273449
14166100,0.661871,0.344034,-0.608619,-0.270464
14174433,0.665716,0.347855,-0.604162,-0.266095
14182766,0.666719,0.351635,-0.603190,-0.260768
14191099,0.663413,0.353486,-0.606537,-0.258930
14199432,0.663375,0.355375,-0.605297,-0.259342
14207765,0.660111,0.353585,-0.609731,-0.259728
14216098,0.657306,0.352343,-0.614288,-0.257787
14224431,0.658662,0.353850,-0.612680,-0.256080
14232764,0.663193,0.353864,-0.609037,-0.253039
14241097,0.662078,0.354826,-0.610305,-0.251553
14249430,0.659228,0.352836,-0.614163,-0.252448
14257763,0.659230,0.355205,-0.613548,-0.250605
14266096,0.662621,0.355884,-0.611081,-0.246701
14274429,0.662199,0.354601,-0.612343,-0.246550
14282762,0.663766,0.353346,-0.611856,-0.245343
14291095,0.666309,0.353354,-0.610232,-0.242466
14299428,0.667447,0.353429,-0.609609,-0.240790
14307761,0.669457,0.347613,-0.610188,-0.242205
14316094,0.671718,0.347813,-0.609031,-0.238544
14324427,0.674867,0.351263,-0.605492,-0.233554
14332760,0.673336,0.349728,-0.608334,-0.232895
14341093,0.671246,0.346420,-0.612490,-0.232978
14349426,0.674127,0.348607,-0.609091,-0.230291
14357759,0.673936,0.349240,-0.609839,-0.227899
14366092,0.671936,0.345661,-0.614179,-0.227608
14374425,0.671526,0.346786,-0.614824,-0.225354
14382758,0.668446,0.348821,-0.617977,-0.222728
14391091,0.668366,0.351344,-0.617733,-0.219660
14399424,0.667769,0.348605,-0.618775,-0.222883
14407757,0.666131,0.346085,-0.621698,-0.223577
14416090,0.665192,0.344360,-0.623691,-0.223483
14424423,0.665797,0.348429,-0.622158,-0.219616
14432756,0.666429,0.351393,-0.620763,-0.216908
14441089,0.664080,0.349480,-0.624627,-0.216108
14449422,0.663546,0.345145,-0.627378,-0.216743
14457755,0.665387,0.346795,-0.624963,-0.215441
14466088,0.667415,0.349813,-0.622035,-0.212745
14474421,0.668757,0.351356,-0.620758,-0.209699
14482754,0.665516,0.349174,-0.624751,-0.211784
14491087,0.665275,0.349448,-0.625359,-0.210292
14499420,0.663019,0.348792,-0.627519,-0.212062
14507753,0.665193,0.349649,-0.625393,-0.210111
14516086,0.665586,0.350069,-0.625051,-0.209184
14524419,0.661720,0.347917,-0.629097,-0.212878
14532752,0.661925,0.351214,-0.628088,-0.209786
14541085,0.661549,0.352761,-0.628032,-0.208540
14549418,0.658580,0.346876,-0.633180,-0.212208
14557751,0.656562,0.343386,-0.637384,-0.211550
14566084,0.658330,0.343921,-0.634709,-0.213223
14574417,0.659312,0.347346,-0.632112,-0.212352
14582750,0.658964,0.350342,-0.631785,-0.209461
14591083,0.656462,0.348703,-0.633865,-0.213729
14599416,0.656323,0.348635,-0.633827,-0.214375
14607749,0.656570,0.348903,-0.633292,-0.214765
14616082,0.659221,0.351487,-0.629851,-0.212538
14624415,0.658316,0.347405,-0.631965,-0.215754
14632748,0.660961,0.349335,-0.628799,-0.213793
14641081,0.662649,0.350385,-0.626555,-0.213439
14649414,0.661962,0.350761,-0.627112,-0.213316
14657747,0.659441,0.347275,-0.629965,-0.218361
14666080,0.657887,0.348257,-0.631559,-0.216876
14674413,0.659924,0.351246,-0.628454,-0.214876
14682746,0.660723,0.352337,-0.626261,-0.217027
14691079,0.660986,0.351986,-0.625872,-0.217914
14699412,0.661974,0.352616,-0.624399,-0.218127
14707745,0.661093,0.350412,-0.625615,-0.220845
14716078,0.662539,0.351535,-0.623059,-0.221953
14724411,0.663214,0.352791,-0.621442,-0.222475
14732744,0.664174,0.354653,-0.619544,-0.221943
14741077,0.664316,0.357735,-0.618709,-0.218880
14749410,0.662694,0.358256,-0.619992,-0.219318
14757743,0.662310,0.359142,-0.619434,-0.220599
14766076,0.664473,0.362550,-0.615840,-0.218571
14774409,0.663591,0.360382,-0.617161,-0.221096
14782742,0.661230,0.357854,-0.619303,-0.226229
14791075,0.660846,0.362372,-0.617777,-0.224323
14799408,0.659726,0.363509,-0.617540,-0.226425
14807741,0.659340,0.363085,-0.617700,-0.227787
14816074,0.660496,0.366290,-0.615761,-0.224533
14824407,0.660588,0.368463,-0.614814,-0.223299
14832740,0.660165,0.369680,-0.614279,-0.224009
14841073,0.659515,0.368801,-0.614340,-0.227185
14849406,0.657119,0.368634,-0.616037,-0.229789
14857739,0.656298,0.368434,-0.616897,-0.230146
14866072,0.655192,0.369535,-0.617057,-0.231101
14874405,0.659550,0.374991,-0.611825,-0.223708
14882738,0.659921,0.376042,-0.611825,-0.220830
14891071,0.660087,0.377179,-0.611256,-0.219971
14899404,0.660979,0.373994,-0.611737,-0.221389
14907737,0.659949,0.372261,-0.613485,-0.222543
14916070,0.658325,0.372164,-0.615811,-0.221086
14924403,0.655512,0.372175,-0.618262,-0.222580
14932736,0.657715,0.375046,-0.615715,-0.218282
14941069,0.656283,0.371990,-0.618640,-0.219545
14949402,0.654009,0.372803,-0.619864,-0.221490
14957735,0.652877,0.370095,-0.622430,-0.222177
14966068,0.656128,0.371776,-0.618856,-0.219762
14974401,0.654171,0.370397,-0.621780,-0.219672
14982734,0.654077,0.371826,-0.621964,-0.217001
14991067,0.656062,0.372119,-0.620118,-0.215787
14999400,0.659989,0.374666,-0.617125,-0.207839
15007733,0.662470,0.372893,-0.615101,-0.209129
15016066,0.661424,0.371272,-0.616411,-0.211453
15024399,0.656911,0.367571,-0.622260,-0.214830
15032732,0.658781,0.369603,-0.620944,-0.209355
15041065,0.664854,0.380447,-0.612548,-0.194972
15049398,0.666560,0.382453,-0.610762,-0.190779
15057731,0.666324,0.382797,-0.609819,-0.193903
15066064,0.667085,0.383120,-0.608613,-0.194439
15074397,0.663455,0.375496,-0.614715,-0.202375
15082730,0.663024,0.375285,-0.616224,-0.199570
15091063,0.663171,0.373099,-0.617962,-0.197801
15099396,0.661732,0.369188,-0.620410,-0.202245
15107729,0.661579,0.368275,-0.620789,-0.203241
15116062,0.662318,0.371411,-0.620275,-0.196590
15124395,0.664651,0.379036,-0.614853,-0.191118
15132728,0.665205,0.380388,-0.613982,-0.189300
15141061,0.663962,0.376956,-0.617264,-0.189853
15149394,0.663825,0.377445,-0.617245,-0.189421
15157727,0.667799,0.378870,-0.613439,-0.184919
15166060,0.667665,0.378025,-0.614895,-0.182273
15174393,0.664546,0.373353,-0.619070,-0.189046
15182726,0.663278,0.371892,-0.620466,-0.191782
15191059,0.665353,0.372065,-0.618475,-0.190685
15199392,0.667341,0.376022,-0.615369,-0.185968
15207725,0.666946,0.377266,-0.616983,-0.179401
15216058,0.667269,0.368336,-0.621695,-0.180486
15224391,0.668817,0.364854,-0.621234,-0.183396
15232724,0.669474,0.364056,-0.621465,-0.181795
15241057,0.671313,0.364576,-0.620021,-0.178880
15249390,0.671813,0.363147,-0.620222,-0.179210
15257723,0.672866,0.360955,-0.620177,-0.179841
15266056,0.670100,0.359988,-0.622797,-0.183026
15274389,0.670299,0.361683,-0.622382,-0.180348
15282722,0.669233,0.361548,-0.623888,-0.179372
15291055,0.668549,0.360353,-0.624913,-0.180756
15299388,0.667040,0.361376,-0.626423,-0.179051
15307721,0.666537,0.357815,-0.628193,-0.181855
15316054,0.662760,0.351793,-0.633772,-0.187945
15324387,0.665790,0.357261,-0.630748,-0.176760
15332720,0.666196,0.357747,-0.630152,-0.176378
15341053,0.668545,0.358039,-0.628212,-0.173797
15349386,0.669050,0.356411,-0.628660,-0.173578
15357719,0.670175,0.355437,-0.628200,-0.172902
15366052,0.670063,0.355129,-0.628716,-0.172090
15374385,0.670872,0.355145,-0.628264,-0.170547
15382718,0.667547,0.346448,-0.633729,-0.180948
15391051,0.664665,0.343438,-0.637810,-0.182947
15399384,0.664029,0.344705,-0.638115,-0.181804
15407717,0.661060,0.344505,-0.640434,-0.184824
15416050,0.664157,0.345223,-0.638096,-0.180415
15424383,0.668455,0.350543,-0.632907,-0.172382
15432716,0.668934,0.352054,-0.632253,-0.169827
15441049,0.672347,0.364508,-0.623500,-0.162268
15449382,0.673253,0.366293,-0.622073,-0.159954
15457715,0.673660,0.366913,-0.621353,-0.159618
15466048,0.672096,0.357355,-0.626901,-0.166070
15474381,0.671845,0.354107,-0.628576,-0.167702
15482714,0.671494,0.354473,-0.629068,-0.166488
15491047,0.673682,0.355608,-0.626446,-0.165110
15499380,0.672230,0.352785,-0.628899,-0.167737
15507713,0.670253,0.350825,-0.632202,-0.167342
15516046,0.669266,0.350272,-0.633704,-0.166769
15524379,0.668583,0.350133,-0.634271,-0.167644
15532712,0.668869,0.350734,-0.633796,-0.167044
15541045,0.670687,0.354238,-0.631043,-0.162722
15549378,0.669013,0.351379,-0.633746,-0.165288
15557711,0.669620,0.353323,-0.632714,-0.162619
15566044,0.672474,0.355334,-0.628954,-0.161036
15574377,0.670927,0.354960,-0.630909,-0.160670
15582710,0.671418,0.354764,-0.630246,-0.161652
15591043,0.674408,0.359252,-0.625873,-0.156190
15599376,0.670830,0.356506,-0.630635,-0.158714
15607709,0.669074,0.354818,-0.632866,-0.161016
15616042,0.669887,0.354430,-0.632399,-0.160320
15624375,0.672024,0.356030,-0.630113,-0.156796
15632708,0.672792,0.354712,-0.630124,-0.156439
15641041,0.674869,0.354794,-0.628053,-0.155635
15649374,0.675108,0.353735,-0.628246,-0.156229
15657707,0.676074,0.352712,-0.627913,-0.155706
15666040,0.676825,0.352328,-0.627562,-0.154723
15674373,0.674961,0.349771,-0.630869,-0.155216
15682706,0.676803,0.351247,-0.628467,-0.153596
15691039,0.677052,0.352168,-0.627773,-0.153234
15699372,0.674553,0.350027,-0.630777,-0.156779
15707705,0.674117,0.351404,-0.631011,-0.154619
15716038,0.673554,0.352795,-0.630588,-0.155625
15724371,0.673119,0.354326,-0.630067,-0.156138
15732704,0.674697,0.352704,-0.628737,-0.158345
15741037,0.673437,0.351251,-0.630455,-0.160097
15749370,0.673174,0.352073,-0.629814,-0.161911
15757703,0.675079,0.354623,-0.626328,-0.161940
15766036,0.677624,0.359825,-0.621393,-0.158817
15774369,0.676661,0.356532,-0.622891,-0.164381
15782702,0.674053,0.353679,-0.625998,-0.169384
15791035,0.669969,0.352198,-0.629068,-0.177119
15799368,0.675263,0.363831,-0.619980,-0.165142
15807701,0.674349,0.366527,-0.619082,-0.166277
15816034,0.673784,0.368031,-0.618103,-0.168869
15824367,0.672467,0.368880,-0.618426,-0.171071
15832700,0.672802,0.370831,-0.616509,-0.172450
15841033,0.673466,0.374900,-0.613856,-0.170510
15849366,0.673132,0.377074,-0.612952,-0.170289
15857699,0.670744,0.376899,-0.615610,-0.170513
15866032,0.671658,0.378904,-0.612994,-0.171888
15874365,0.674272,0.381670,-0.608345,-0.172050
15882698,0.673736,0.382613,-0.607959,-0.173417
15891031,0.671904,0.383680,-0.609139,-0.174026
15899364,0.672465,0.386694,-0.607028,-0.172554
15907697,0.671408,0.386806,-0.607994,-0.173019
15916030,0.671408,0.387035,-0.607969,-0.172592
15924363,0.670201,0.385977,-0.609722,-0.173467
15932696,0.670429,0.383431,-0.610886,-0.174137
15941029,0.667499,0.380073,-0.615286,-0.177236
15949362,0.669232,0.380058,-0.614113,-0.174785
15957695,0.671015,0.379416,-0.612723,-0.174222
15966028,0.670791,0.378446,-0.613464,-0.174586
15974361,0.670470,0.376704,-0.614491,-0.175969
15982694,0.670200,0.375230,-0.615790,-0.175604
15991027,0.670598,0.374567,-0.615851,-0.175284
15999360,0.671547,0.375049,-0.614887,-0.174005
16007693,0.671797,0.374927,-0.614863,-0.173384
16016026,0.671193,0.374359,-0.615625,-0.174245
16024359,0.670887,0.374650,-0.615522,-0.175162
16032692,0.669794,0.373306,-0.616644,-0.178238
16041025,0.665556,0.373371,-0.620024,-0.182210
16049358,0.662469,0.375491,-0.621373,-0.184491
16057691,0.658478,0.376002,-0.623372,-0.190883
16066023,0.650766,0.376288,-0.629166,-0.197640
16074357,0.643305,0.376964,-0.634483,-0.203686
16082690,0.637374,0.377416,-0.637946,-0.210563
16091023,0.627171,0.376600,-0.646287,-0.217124
16099356,0.623150,0.377835,-0.648375,-0.220305
16107689,0.613225,0.374781,-0.657160,-0.227234
16116022,0.611427,0.375469,-0.657304,-0.230503
16124355,0.611634,0.379553,-0.655285,-0.229008
16132688,0.605644,0.377586,-0.660107,-0.234271
16141020,0.605533,0.376714,-0.659699,-0.237094
16149353,0.597315,0.376291,-0.665900,-0.241240
16157687,0.597937,0.376839,-0.664335,-0.243152
16166020,0.595789,0.377180,-0.665147,-0.245662
16174353,0.584197,0.377337,-0.672820,-0.252276
16182686,0.586023,0.376900,-0.671797,-0.251419
16191019,0.585689,0.377537,-0.671755,-0.251355
16199352,0.583975,0.378989,-0.672912,-0.250060
16207685,0.582603,0.377237,-0.674061,-0.252799
16216018,0.571322,0.376057,-0.682726,-0.257017
16224350,0.554363,0.370919,-0.698999,-0.257879
16232683,0.562074,0.374705,-0.690675,-0.258143
16241017,0.564227,0.374262,-0.689131,-0.258213
16249350,0.567473,0.372480,-0.687657,-0.257605
16257683,0.564443,0.377020,-0.689310,-0.253206
16266016,0.563982,0.376087,-0.690621,-0.252045
16274349,0.562590,0.375576,-0.692124,-0.251794
16282682,0.560927,0.370738,-0.695173,-0.254260
16291015,0.561797,0.368828,-0.695923,-0.253064
16299348,0.560137,0.367522,-0.698300,-0.252096
16307680,0.559358,0.365369,-0.699958,-0.252355
16316014,0.555263,0.359610,-0.705044,-0.255491
16324347,0.555368,0.355184,-0.707092,-0.255795
16332680,0.555963,0.352049,-0.708137,-0.255948
16341013,0.544759,0.345626,-0.721384,-0.251765
16349346,0.540393,0.341937,-0.726877,-0.250408
16357679,0.538900,0.338260,-0.729312,-0.251537
16366012,0.540772,0.333667,-0.730647,-0.249772
16374345,0.545518,0.333052,-0.728501,-0.246522
16382677,0.539843,0.330382,-0.732713,-0.250099
16391010,0.542911,0.329292,-0.730895,-0.250214
16399344,0.544715,0.329678,-0.730220,-0.247742
16407677,0.541171,0.327768,-0.733267,-0.249042
16416010,0.534595,0.317174,-0.741968,-0.251182
16424343,0.528467,0.308768,-0.748043,-0.256548
16432676,0.535656,0.308313,-0.742222,-0.259081
16441009,0.543323,0.307553,-0.737263,-0.258178
16449342,-0.544502,-0.305542,0.737763,0.256647
16457675,-0.542332,-0.303435,0.740628,0.255487
16466007,-0.542260,-0.303655,0.740967,0.254393
16474340,-0.541276,-0.302904,0.741495,0.255840
16482674,-0.533757,-0.301329,0.745990,0.260391
16491007,-0.529655,-0.301661,0.748376,0.261535
16499340,-0.534079,-0.297495,0.748343,0.257369
16507673,-0.540913,-0.298842,0.743681,0.255040
16516006,-0.548390,-0.297210,0.741707,0.246588
16524339,-0.553599,-0.295646,0.739701,0.242824
16532672,-0.559486,-0.297753,0.734796,0.241648
16541005,-0.564733,-0.300683,0.730520,0.238763
16549337,-0.572085,-0.304965,0.723408,0.237477
16557671,-0.577278,-0.307678,0.718475,0.236386
16566004,-0.592693,-0.315643,0.702619,0.235395
16574337,-0.599988,-0.317110,0.696371,0.233501
16582670,-0.605496,-0.319950,0.692112,0.228008
16591003,-0.610459,-0.319066,0.689698,0.223280
16599336,0.628619,0.330356,-0.669571,-0.217666
16607669,0.627849,0.329658,-0.671017,-0.216489
16616002,0.629872,0.328977,-0.670004,-0.214777
16624334,0.639741,0.333198,-0.658118,-0.215848
16632667,0.640061,0.334979,-0.657736,-0.213294
16641001,0.644617,0.339877,-0.651734,-0.210227
16649334,0.646963,0.341631,-0.647540,-0.213119
16657667,0.650669,0.346076,-0.642080,-0.211174
16666000,0.653429,0.351497,-0.637545,-0.207406
16674333,0.654161,0.356645,-0.634693,-0.205042
16682666,0.658065,0.362170,-0.628678,-0.201365
16690999,0.654441,0.359332,-0.632348,-0.206696
16699332,0.652736,0.361110,-0.632212,-0.209389
16707664,0.654892,0.365894,-0.627163,-0.209535
16715997,0.655892,0.369927,-0.623495,-0.210272
16724331,0.659531,0.379842,-0.615620,-0.204333
16732664,0.660225,0.386205,-0.611859,-0.201436
16740997,0.660948,0.388379,-0.609143,-0.203113
16749330,0.662417,0.391303,-0.605269,-0.204293
16757663,0.663328,0.394634,-0.602053,-0.204431
16765996,0.664835,0.400023,-0.597008,-0.203856
16774329,0.664952,0.402711,-0.594304,-0.206069
16782662,0.666382,0.408533,-0.590021,-0.202266
16790995,0.668268,0.411580,-0.586571,-0.199888
16799328,0.671484,0.416043,-0.580469,-0.197670
16807661,0.673683,0.420470,-0.575194,-0.196236
16815994,0.675993,0.422879,-0.571010,-0.195332
16824327,0.674383,0.424965,-0.571563,-0.194752
16832660,0.673632,0.426985,-0.571244,-0.193869
16840993,0.672542,0.426236,-0.572346,-0.196037
16849326,0.674777,0.429638,-0.568243,-0.192842
16857659,0.675923,0.427982,-0.568066,-0.193031
16865992,0.676754,0.427017,-0.567983,-0.192498
16874325,0.675207,0.426625,-0.570103,-0.192532
16882658,0.674318,0.425875,-0.571880,-0.192035
16890991,0.677535,0.425807,-0.568544,-0.190767
16899324,0.677116,0.424974,-0.569779,-0.190430
16907657,0.675750,0.423749,-0.572250,-0.190601
16915990,0.674575,0.422703,-0.574478,-0.190381
16924323,0.674012,0.420726,-0.576428,-0.190861
16932656,0.674127,0.418636,-0.577836,-0.190795
16940989,0.676071,0.420177,-0.575917,-0.186276
16949322,0.675179,0.415132,-0.579772,-0.188848
16957655,0.673872,0.412811,-0.582529,-0.190113
16965988,0.675812,0.412279,-0.580961,-0.189178
16974321,0.676768,0.410247,-0.581444,-0.188692
16982654,0.677564,0.408027,-0.582998,-0.185834
16990987,0.674605,0.403114,-0.589742,-0.186043
16999320,0.670896,0.396990,-0.597198,-0.188817
17007653,0.669552,0.392933,-0.600490,-0.191609
17015986,0.669170,0.391215,-0.601759,-0.192478
17024319,0.668734,0.389042,-0.604241,-0.190615
17032652,0.668505,0.385152,-0.606982,-0.190609
17040985,0.663885,0.373319,-0.616052,-0.200924
17049318,0.672820,0.385418,-0.604963,-0.181070
17057651,0.677749,0.388597,-0.599539,-0.173785
17065984,0.676698,0.382673,-0.603686,-0.176644
17074317,0.675085,0.378091,-0.608431,-0.176404
17082650,0.674954,0.377049,-0.609419,-0.175727
17090983,0.673786,0.375691,-0.611877,-0.174572
17099316,0.674174,0.374732,-0.612136,-0.174227
17107649,0.674054,0.374124,-0.612667,-0.174130
17115982,0.674400,0.374068,-0.612689,-0.172831
17124315,0.674391,0.373994,-0.612940,-0.172136
17132648,0.674499,0.373010,-0.613303,-0.172554
17140981,0.674253,0.373553,-0.613342,-0.172197
17149314,0.673945,0.371887,-0.614262,-0.173723
17157647,0.672894,0.368281,-0.616359,-0.178000
17165980,0.671079,0.364509,-0.618527,-0.184960
17174313,0.669221,0.366177,-0.619934,-0.183685
17182646,0.673059,0.371434,-0.614699,-0.176560
17190979,0.673883,0.373746,-0.613286,-0.173424
17199312,0.673159,0.374298,-0.613955,-0.172676
17207645,0.672812,0.374409,-0.614410,-0.172167
17215978,0.672408,0.374523,-0.614989,-0.171434
17224311,0.670500,0.373829,-0.617916,-0.169884
17232644,-0.670204,-0.372029,0.618469,0.172966
17240977,-0.670654,-0.371041,0.617996,0.175024
17249310,-0.671562,-0.372870,0.616420,0.173202
17257643,-0.671663,-0.373063,0.616508,0.172080
17265976,-0.672445,-0.374092,0.615146,0.171662
17274309,-0.672654,-0.377001,0.613723,0.169562
17282642,-0.672776,-0.374983,0.614740,0.169865
17290975,-0.672520,-0.372341,0.616050,0.171934
17299308,-0.672542,-0.373496,0.615828,0.170129
17307641,-0.671355,-0.374416,0.616326,0.170991
17315974,-0.670840,-0.373731,0.617026,0.171982
17324307,-0.670893,-0.373678,0.616780,0.172769
17332640,-0.669937,-0.371039,0.619121,0.173793
17340973,-0.669032,-0.371048,0.619950,0.174304
17349306,-0.666448,-0.366961,0.623396,0.180454
17357639,-0.665138,-0.364840,0.624679,0.185092
17365972,-0.665912,-0.366711,0.624276,0.179900
17374305,-0.664949,-0.366051,0.625845,0.179355
17382638,-0.665300,-0.365691,0.625394,0.180354
17390971,-0.666314,-0.367941,0.624072,0.176574
17399304,-0.664840,-0.366316,0.625861,0.179160
17407637,-0.663808,-0.365129,0.627308,0.180343
17415970,-0.663293,-0.364908,0.628208,0.179553
17424303,-0.664602,-0.366140,0.626669,0.177573
17432636,-0.664306,-0.357603,0.629708,0.185161
17440969,-0.666537,-0.366515,0.625476,0.173708
17449302,-0.666883,-0.367696,0.625080,0.171292
17457635,-0.666233,-0.365870,0.626219,0.173559
17465968,-0.666246,-0.363202,0.627236,0.175429
17474301,-0.667034,-0.362892,0.627091,0.173586
17482634,-0.666083,-0.360008,0.629067,0.176072
17490967,-0.665465,-0.358470,0.630314,0.177090
17499300,-0.666636,-0.357902,0.629405,0.177063
17507633,-0.666273,-0.355840,0.631500,0.175113
17515966,-0.666143,-0.356908,0.631813,0.172287
17524299,-0.665229,-0.351437,0.634353,0.177650
17532632,-0.660713,-0.344483,0.640789,0.184874
17540965,-0.658729,-0.343075,0.643128,0.186446
17549298,-0.661083,-0.343049,0.640998,0.185492
17557631,-0.659957,-0.343472,0.642588,0.183204
17565964,-0.657184,-0.339914,0.646364,0.186495
17574297,-0.657960,-0.340118,0.646159,0.184085
17582630,-0.658954,-0.339887,0.645542,0.183118
17590963,-0.658087,-0.337820,0.646707,0.185929
17599296,-0.652991,-0.334035,0.653254,0.187837
17607629,-0.652584,-0.333611,0.653504,0.189132
17615962,-0.652142,-0.334161,0.653528,0.189599
17624295,-0.651980,-0.333503,0.653720,0.190651
17632628,-0.652051,-0.335021,0.653387,0.188881
17640961,-0.656102,-0.341045,0.649097,0.178582
17649294,-0.657074,-0.341723,0.646426,0.183339
17657627,-0.658615,-0.339512,0.646117,0.183004
17665960,-0.661367,-0.342753,0.642358,0.180251
17674293,-0.658092,-0.341686,0.645804,0.181942
17682626,-0.656989,-0.341539,0.646542,0.183572
17690959,-0.659451,-0.341118,0.644905,0.181276
17699292,-0.658943,-0.340850,0.645097,0.182934
17707625,-0.659234,-0.342236,0.643988,0.183204
17715958,-0.658656,-0.342250,0.644697,0.182767
17724291,-0.657537,-0.341157,0.645691,0.185308
17732624,-0.657173,-0.340528,0.646172,0.186083
17740957,-0.657247,-0.340352,0.646252,0.185866
17749290,-0.657884,-0.339213,0.646105,0.186201
17757623,-0.656055,-0.341457,0.647227,0.184652
17765956,-0.656653,-0.340955,0.646976,0.184334
17774289,-0.659483,-0.342324,0.643989,0.182139
17782622,-0.658832,-0.341464,0.644416,0.184580
17790955,-0.658061,-0.341488,0.644824,0.185860
17799288,-0.658728,-0.342975,0.643245,0.186229
17807621,-0.650831,-0.341990,0.650515,0.190505
17815954,-0.649108,-0.341913,0.651995,0.191463
17824287,-0.649571,-0.338876,0.652372,0.193987
17832620,-0.649672,-0.338778,0.652316,0.194010
17840953,-0.650879,-0.341977,0.650708,0.189703
17849286,-0.656680,-0.347291,0.644750,0.180160
17857619,-0.655275,-0.350163,0.645302,0.177726
17865952,-0.654070,-0.348860,0.645567,0.183667
17874285,-0.659099,-0.357491,0.636862,0.179430
17882618,-0.659778,-0.352286,0.638658,0.180841
17890951,-0.659390,-0.352424,0.639154,0.180234
17899284,-0.658225,-0.351625,0.639753,0.183890
17907617,-0.656446,-0.349609,0.641853,0.186754
17915950,-0.653368,-0.349748,0.645120,0.186028
17924283,-0.652344,-0.348673,0.646558,0.186647
17932616,-0.652749,-0.348109,0.645313,0.190554
17940949,-0.652084,-0.348462,0.645451,0.191711
17949282,-0.653607,-0.350628,0.643950,0.187579
17957615,-0.653658,-0.351973,0.643703,0.185726
17965948,-0.654305,-0.354726,0.641857,0.184592
17974281,-0.653182,-0.351128,0.644664,0.185663
17982614,-0.652158,-0.350343,0.645990,0.186135
17990947,-0.652712,-0.351210,0.645223,0.185217
17999280,-0.654221,-0.350699,0.643670,0.186265
18007613,-0.653423,-0.349019,0.645438,0.186100
18015946,-0.654555,-0.350113,0.643721,0.186016
18024279,-0.655823,-0.350288,0.642524,0.185361
18032612,-0.655627,-0.349892,0.642875,0.185580
18040945,-0.655668,-0.350228,0.642595,0.185771
18049278,-0.655671,-0.350523,0.642499,0.185540
18057611,-0.655400,-0.350650,0.642616,0.185852
18065944,-0.652458,-0.348567,0.645397,0.190426
18074277,-0.653364,-0.348527,0.644955,0.188885
18082610,-0.654162,-0.349793,0.643768,0.187828
18090943,-0.655133,-0.350394,0.642488,0.187706
18099276,-0.654185,-0.350508,0.643394,0.187698
18107609,-0.653113,-0.350534,0.644058,0.189101
18115942,-0.653804,-0.353237,0.642536,0.186847
18124275,-0.650763,-0.352064,0.645258,0.190267
18132608,-0.648703,-0.352053,0.646826,0.191988
18140941,-0.650086,-0.355207,0.644696,0.188634
18149274,-0.650303,-0.356679,0.643828,0.188074
18157607,-0.647215,-0.354514,0.647007,0.191872
18165940,-0.645615,-0.354255,0.648334,0.193254
18174273,-0.644859,-0.355334,0.648547,0.193084
18182606,-0.645469,-0.356579,0.647388,0.192638
18190939,-0.644353,-0.357548,0.648212,0.191806
18199272,-0.644407,-0.358413,0.648075,0.190470
18207605,-0.643312,-0.359872,0.648597,0.189639
18215938,-0.640587,-0.358497,0.651469,0.191617
18224271,-0.639297,-0.359029,0.652287,0.192144
18232604,-0.635966,-0.359567,0.655525,0.191170
18240937,-0.635608,-0.358669,0.656407,0.191020
18249270,-0.640264,-0.358979,0.651943,0.190177
18257603,-0.640013,-0.360364,0.651671,0.189333
18265936,-0.641216,-0.362409,0.650095,0.186756
18274269,-0.638998,-0.363766,0.651477,0.186904
18282602,-0.634799,-0.359259,0.656313,0.192916
18290935,-0.635249,-0.355688,0.656958,0.195835
18299268,-0.636872,-0.360357,0.654100,0.191545
18307601,-0.638497,-0.363050,0.652373,0.186884
18315934,-0.641129,-0.358514,0.652066,0.187701
18324267,-0.640283,-0.361120,0.651859,0.186307
18332600,-0.641405,-0.357867,0.652394,0.186851
18340933,-0.642285,-0.361162,0.650391,0.184453
18349266,-0.641207,-0.361720,0.651490,0.183232
18357599,-0.643158,-0.360900,0.650098,0.182952
18365932,-0.642768,-0.360666,0.650611,0.182961
18374265,-0.641124,-0.362053,0.651812,0.181708
18382598,-0.642955,-0.364461,0.649755,0.177753
18390931,-0.642957,-0.363501,0.650000,0.178813
18399264,-0.644875,-0.366532,0.647677,0.174082
18407597,-0.644315,-0.367069,0.648167,0.173200
18415930,-0.650113,-0.367586,0.642253,0.172469
18424263,-0.649469,-0.369130,0.642154,0.171966
18432596,-0.649774,-0.369456,0.641700,0.171805
18440929,-0.650151,-0.369505,0.641278,0.171848
18449262,-0.639413,-0.364655,0.652959,0.178390
18457595,-0.642812,-0.365710,0.649948,0.174977
18465928,-0.640436,-0.368449,0.652113,0.169812
18474261,-0.644419,-0.372439,0.646967,0.165675
18482594,-0.649256,-0.376633,0.640944,0.160638
18490927,-0.649965,-0.376773,0.640291,0.160046
18499260,-0.651706,-0.376990,0.638656,0.158988
18507593,-0.651193,-0.375378,0.640376,0.157980
18515926,-0.653496,-0.374667,0.638659,0.157108
18524259,-0.651569,-0.370015,0.643073,0.158127
18532592,-0.650562,-0.371687,0.643270,0.157551
18540925,-0.652265,-0.373240,0.641004,0.156065
18549258,-0.655001,-0.375749,0.637766,0.151790
18557591,-0.657255,-0.378267,0.634709,0.148575
18565924,-0.655625,-0.377168,0.637026,0.148657
18574257,-0.654374,-0.379253,0.637628,0.146262
18582590,-0.655441,-0.379261,0.636742,0.145324
18590923,-0.655789,-0.381020,0.635909,0.142770
18599256,-0.655185,-0.380112,0.637014,0.143040
18607589,-0.656383,-0.379765,0.636048,0.142769
18615922,-0.660085,-0.382760,0.631063,0.139793
18624255,-0.661459,-0.383211,0.629534,0.138952
18632588,-0.660272,-0.381914,0.631760,0.138067
18640921,-0.660366,-0.380999,0.632554,0.136498
18649254,-0.660427,-0.380819,0.632610,0.136443
18657587,-0.660911,-0.380742,0.632023,0.137038
18665920,-0.659400,-0.382179,0.633284,0.134472
18674253,-0.658967,-0.383423,0.633526,0.131887
18682586,-0.662627,-0.384086,0.629661,0.130114
18690919,-0.662914,-0.382873,0.630042,0.130385
18699252,-0.663398,-0.381648,0.630344,0.130058
18707585,-0.662391,-0.380809,0.632263,0.128319
18715918,-0.663275,-0.380031,0.632065,0.127031
18724251,-0.664053,-0.380000,0.631340,0.126661
18732584,-0.660389,-0.376673,0.636912,0.127860
18740917,-0.657650,-0.375834,0.640258,0.127729
18749250,-0.659664,-0.374486,0.639458,0.125287
18757583,-0.657503,-0.374846,0.641734,0.123929
18765916,-0.658212,-0.374122,0.641484,0.123647
18774249,-0.658719,-0.372872,0.641122,0.126564
18782582,-0.660635,-0.372819,0.639282,0.126038
18790915,-0.662545,-0.372168,0.637680,0.126051
18799248,-0.665088,-0.374027,0.634154,0.124941
18807581,-0.667835,-0.374478,0.631075,0.124530
18815914,-0.669602,-0.374824,0.629150,0.123735
18824247,-0.671525,-0.374627,0.627371,0.122940
18832580,-0.672320,-0.373461,0.626982,0.124121
18840913,-0.672031,-0.374795,0.627041,0.121339
18849246,-0.673932,-0.369846,0.627473,0.123721
18857579,-0.676177,-0.368668,0.625663,0.124151
18865912,-0.675117,-0.364623,0.629095,0.124526
18874245,-0.677598,-0.360840,0.628102,0.127056
18882578,-0.676900,-0.356421,0.630858,0.129572
18890911,-0.676043,-0.349900,0.635312,0.130057
18899244,-0.678366,-0.343017,0.635897,0.133397
18907577,-0.681591,-0.334750,0.636322,0.135905
18915910,-0.683040,-0.325614,0.639325,0.136731
18924243,-0.687228,-0.319054,0.638170,0.136605
18932576,-0.687031,-0.311285,0.641922,0.137938
18940909,-0.687245,-0.297841,0.646424,0.145328
18949242,-0.684697,-0.291213,0.651788,0.146823
18957575,-0.691150,-0.284783,0.647405,0.148583
18965908,-0.689090,-0.271143,0.653278,0.157684
18974241,-0.690665,-0.263524,0.653848,0.161304
18982574,-0.690282,-0.257900,0.655670,0.164606
18990907,-0.687274,-0.249923,0.660527,0.169991
18999240,-0.684446,-0.246444,0.663398,0.175223
19007573,-0.683874,-0.237405,0.665899,0.180372
19015906,-0.689949,-0.227670,0.661431,0.186135
19024239,-0.687658,-0.226141,0.663517,0.189029
19032572,-0.688076,-0.223508,0.663173,0.191824
19040905,-0.685029,-0.221925,0.666578,0.192767
19049238,-0.684080,-0.218406,0.666932,0.198837
19057571,-0.676511,-0.217662,0.673641,0.202889
19065904,-0.681161,-0.213993,0.668893,0.206903
19074237,-0.686744,-0.211969,0.663677,0.207328
19082570,-0.688877,-0.209123,0.661724,0.209372
19090903,-0.694121,-0.204726,0.656879,0.211643
19099236,-0.697517,-0.199033,0.655060,0.211545
19107569,-0.703870,-0.192634,0.650723,0.209808
19115902,-0.710194,-0.185031,0.646353,0.208843
19124235,-0.714943,-0.173473,0.644254,0.209047
19132568,-0.721808,-0.164004,0.639141,0.208794
19140901,-0.727343,-0.156400,0.634551,0.209418
19149234,-0.733725,-0.148691,0.629315,0.208571
19157567,-0.737178,-0.138589,0.627189,0.209752
19165900,-0.745206,-0.132946,0.618953,0.209501
19174233,-0.759456,-0.131083,0.599654,0.215543
19182566,-0.771862,-0.126746,0.581024,0.224890
19190899,-0.784187,-0.128279,0.559737,0.235137
19199232,-0.797513,-0.131216,0.537451,0.240629
19207565,-0.810121,-0.134381,0.517053,0.241459
19215898,-0.823733,-0.140240,0.495056,0.238150
19224231,-0.834768,-0.147917,0.475447,0.235019
19232564,-0.844722,-0.155267,0.457634,0.230018
19240897,-0.853714,-0.162540,0.441109,0.223998
19249230,-0.862290,-0.170444,0.422945,0.220279
19257563,-0.868292,-0.174024,0.408029,0.222028
19265896,-0.872764,-0.174904,0.395186,0.226980
19274229,-0.875681,-0.172760,0.385384,0.234126
19282562,-0.879089,-0.172253,0.372577,0.242316
19290895,-0.883153,-0.171376,0.357154,0.251219
19299228,-0.886230,-0.172048,0.344598,0.257386
19307561,-0.889045,-0.172438,0.330651,0.265584
19315894,-0.890959,-0.173111,0.319711,0.272046
19324227,-0.893517,-0.174208,0.306221,0.278400
19332560,-0.895298,-0.175270,0.293580,0.285539
19340893,-0.896731,-0.179822,0.279339,0.292416
19349226,-0.896978,-0.180987,0.272913,0.296972
19357559,-0.897081,-0.186595,0.262728,0.302329
19365892,-0.897171,-0.190222,0.252337,0.308587
19374225,-0.895985,-0.192535,0.247968,0.314092
19382558,-0.895093,-0.196734,0.242421,0.318335
19390891,-0.894242,-0.198894,0.237324,0.323186
19399224,-0.894414,-0.198562,0.232117,0.326677
19407557,-0.894905,-0.199821,0.228884,0.326847
19415890,-0.893893,-0.195394,0.230177,0.331354
19424223,-0.893868,-0.194703,0.229989,0.331959
19432556,-0.894614,-0.196393,0.227921,0.330376
19440889,-0.895837,-0.198678,0.222692,0.329260
19449222,-0.896434,-0.201085,0.219739,0.328154
19457555,-0.896803,-0.204141,0.217104,0.327011
19465888,-0.896152,-0.206913,0.217190,0.326999
19474221,-0.895196,-0.209386,0.218004,0.327498
19482554,-0.893594,-0.212540,0.220277,0.328321
19490887,-0.892825,-0.214516,0.218557,0.330272
19499220,-0.892596,-0.215984,0.214599,0.332521
19507553,-0.891886,-0.217094,0.212659,0.334943
19515886,-0.890742,-0.218043,0.212791,0.337277
19524219,-0.890705,-0.219426,0.210279,0.338051
19532552,-0.890629,-0.219775,0.208111,0.339366
19540885,-0.890752,-0.219265,0.205721,0.340827
19549218,-0.890507,-0.218892,0.204803,0.342255
19557551,-0.890051,-0.219036,0.206140,0.342547
19565884,-0.889978,-0.218949,0.206473,0.342591
19574217,-0.890110,-0.218765,0.207469,0.341764
19582550,-0.890350,-0.218905,0.207250,0.341181
19590883,-0.889786,-0.219171,0.210953,0.340211
19599216,-0.889968,-0.219953,0.211135,0.339115
19607549,-0.889600,-0.219128,0.212753,0.339602
19615882,-0.889889,-0.218263,0.212131,0.339794
19624215,-0.889845,-0.218169,0.212896,0.339491
19632548,-0.890411,-0.217783,0.212078,0.338764
19640881,-0.891142,-0.216438,0.210297,0.338814
19649214,-0.891610,-0.215943,0.209910,0.338139
19657547,-0.891945,-0.215908,0.209829,0.337328
19665880,-0.892753,-0.215541,0.208767,0.336080
19674213,-0.892954,-0.215451,0.209088,0.335406
19682546,-0.893697,-0.215183,0.208136,0.334188
19690879,-0.894667,-0.214892,0.205650,0.333319
19699212,-0.894568,-0.214672,0.206919,0.332940
19707545,-0.894632,-0.214186,0.208087,0.332350
19715878,-0.895214,-0.213550,0.206685,0.332068
19724211,-0.894837,-0.212941,0.209244,0.331873
19732544,-0.895008,-0.212536,0.210365,0.330962
19740877,-0.895622,-0.211712,0.208785,0.330830
19749210,-0.895902,-0.210861,0.208657,0.330695
19757543,-0.896285,-0.210303,0.208710,0.329979
19765876,-0.896616,-0.210255,0.208560,0.329205
19774209,-0.896479,-0.209834,0.211003,0.328288
19782542,-0.897248,-0.209679,0.211253,0.326117
19790875,-0.897336,-0.209242,0.211153,0.326222
19799208,-0.897021,-0.208238,0.212972,0.326547
19807541,-0.896882,-0.207898,0.214430,0.326192
19815874,-0.897017,-0.207104,0.214891,0.326022
19824207,-0.897259,-0.206319,0.215176,0.325665
19832540,-0.897331,-0.205591,0.215784,0.325525
19840873,-0.897162,-0.204743,0.216671,0.325936
19849206,-0.897605,-0.203978,0.215981,0.325654
19857539,-0.897867,-0.203183,0.215887,0.325491
19865872,-0.897967,-0.202201,0.216304,0.325550
19874205,-0.897533,-0.200803,0.218857,0.325905
19882538,-0.898028,-0.200350,0.218114,0.325318
19890871,-0.898328,-0.199725,0.217898,0.325018
19899204,-0.898201,-0.199022,0.219531,0.324702
19907537,-0.898320,-0.198116,0.220291,0.324412
19915870,-0.898808,-0.197246,0.219767,0.323944
19924203,-0.898812,-0.196407,0.220913,0.323664
19932536,-0.899507,-0.193079,0.219869,0.324447
19940869,-0.899255,-0.193211,0.221904,0.323679
19949202,-0.899213,-0.192816,0.223221,0.323125
19957535,-0.899661,-0.192337,0.222867,0.322409
19965868,-0.899605,-0.191272,0.224266,0.322229
19974201,-0.900139,-0.190569,0.223678,0.321560
19982534,-0.900454,-0.189731,0.223763,0.321114
19990867,-0.900692,-0.188827,0.223766,0.320977
19999200,-0.900389,-0.188131,0.225951,0.320706
20007533,-0.900733,-0.187371,0.225369,0.320593
20015866,-0.901137,-0.186586,0.225316,0.319954
20024199,-0.901230,-0.186571,0.225661,0.319457
20032532,-0.900956,-0.185741,0.227673,0.319285
20040865,-0.901260,-0.185328,0.227418,0.318848
20049198,-0.901722,-0.183789,0.226640,0.318987
20057531,-0.901739,-0.182609,0.227555,0.318968
20065864,-0.902157,-0.182631,0.226862,0.318265
20074197,-0.902307,-0.182227,0.227132,0.317879
20082530,-0.902275,-0.181880,0.227797,0.317691
20090863,-0.902055,-0.181076,0.229476,0.317567
20099196,-0.902538,-0.180920,0.228909,0.316692
20107529,-0.902801,-0.180804,0.228838,0.316058
20115862,-0.902960,-0.180749,0.229841,0.314905
20124195,-0.903031,-0.180489,0.230659,0.314253
20132528,-0.902997,-0.179212,0.231600,0.314388
20140861,-0.903067,-0.178365,0.231861,0.314478
20149194,-0.903134,-0.177888,0.232342,0.314201
20157527,-0.903179,-0.177932,0.232906,0.313627
20165860,-0.903301,-0.177880,0.232892,0.313316
20174193,-0.903403,-0.177417,0.232923,0.313264
20182526,-0.903064,-0.176648,0.234743,0.313315
20190859,-0.903372,-0.176069,0.233867,0.313410
20199192,-0.903339,-0.175146,0.235083,0.313110
20207525,-0.903342,-0.175021,0.235660,0.312740
20215858,-0.903873,-0.175208,0.233955,0.312378
20224191,-0.903692,-0.175034,0.235128,0.312119
20232524,-0.903573,-0.174221,0.236181,0.312125
20240857,-0.903576,-0.173390,0.237407,0.311648
20249190,-0.903588,-0.172908,0.238020,0.311412
20257523,-0.903762,-0.172913,0.237749,0.311113
20265856,-0.903897,-0.172169,0.237836,0.311066
20274189,-0.904039,-0.171551,0.237792,0.311027
20282522,-0.904147,-0.171258,0.238005,0.310714
20290855,-0.904782,-0.170281,0.236118,0.310841
20299188,-0.904568,-0.170141,0.237599,0.310413
20307521,-0.904604,-0.169554,0.237819,0.310460
20315854,-0.904798,-0.168983,0.237531,0.310426
20324187,-0.904974,-0.168558,0.237472,0.310188
20332520,-0.905221,-0.167820,0.237221,0.310061
20340853,-0.904162,-0.166687,0.239863,0.311726
20349186,-0.904893,-0.166641,0.238840,0.310411
20357519,-0.905370,-0.165902,0.238165,0.309935
20365852,-0.905519,-0.165245,0.238120,0.309885
20374185,-0.905718,-0.164848,0.237968,0.309630
20382518,-0.905676,-0.164745,0.238236,0.309601
20390851,-0.905705,-0.164424,0.238471,0.309508
20399184,-0.905794,-0.164505,0.238588,0.309113
20407517,-0.905869,-0.164783,0.238506,0.308808
20415850,-0.906008,-0.164280,0.238142,0.308949
20424183,-0.905946,-0.164127,0.238557,0.308892
20432516,-0.906056,-0.164031,0.238353,0.308778
20440849,-0.906533,-0.164075,0.236736,0.308600
20449182,-0.906208,-0.164105,0.237815,0.308707
20457515,-0.905791,-0.164111,0.238870,0.309115
20465848,-0.905969,-0.164558,0.238562,0.308591
20474181,-0.906419,-0.164605,0.237282,0.308232
20482514,-0.906123,-0.164215,0.238289,0.308535
20490847,-0.906166,-0.164219,0.237752,0.308820
20499180,-0.906553,-0.164440,0.236963,0.308171
20507513,-0.906593,-0.164405,0.236921,0.308105
20515846,-0.906566,-0.164887,0.236623,0.308155
20524179,-0.906806,-0.165470,0.236078,0.307554
20532512,-0.907297,-0.165803,0.232601,0.308576
20540845,-0.907460,-0.165791,0.231676,0.308798
20549178,-0.907423,-0.166047,0.231822,0.308659
20557511,-0.906956,-0.166010,0.233615,0.308701
20565844,-0.906773,-0.164999,0.233512,0.309856
20574177,-0.906667,-0.164644,0.233481,0.310379
20582510,-0.906898,-0.165001,0.232883,0.309961
20590843,-0.906758,-0.164192,0.233151,0.310599
20599176,-0.906169,-0.164151,0.235086,0.310881
20607509,-0.905842,-0.164514,0.236480,0.310584
20615842,-0.906511,-0.164944,0.233332,0.310785
20624175,-0.906665,-0.165433,0.233562,0.309903
20632508,-0.905958,-0.164997,0.235129,0.311015
20640841,-0.906194,-0.165362,0.233234,0.311560
20649174,-0.905938,-0.165148,0.234458,0.311500
20657507,-0.906057,-0.165843,0.233561,0.311459
20665840,-0.906254,-0.166089,0.233705,0.310645
20674173,-0.905737,-0.165865,0.236095,0.310465
20682506,-0.905388,-0.165705,0.236525,0.311240
20690839,-0.905201,-0.166237,0.236828,0.311271
20699172,-0.905434,-0.166606,0.235825,0.311156
20707505,-0.905298,-0.167042,0.236318,0.310944
20715838,-0.905205,-0.167537,0.236688,0.310666
20724171,-0.904961,-0.167454,0.237870,0.310520
20732504,-0.904935,-0.168122,0.237569,0.310466
20740837,-0.904814,-0.168220,0.237874,0.310531
20749170,-0.904697,-0.167649,0.238500,0.310700
20757503,-0.904565,-0.167669,0.238801,0.310843
20765836,-0.905172,-0.168720,0.236412,0.310333
20774169,-0.904782,-0.168849,0.237480,0.310586
20782502,-0.904658,-0.169364,0.237901,0.310341
20790835,-0.904635,-0.169540,0.237707,0.310461
20799168,-0.904379,-0.168716,0.238561,0.311001
20807501,-0.904378,-0.169665,0.238154,0.310801
20815834,-0.904538,-0.170027,0.237149,0.310906
20824167,-0.904403,-0.169694,0.237660,0.311089
20832500,-0.904334,-0.169854,0.237970,0.310966
20840833,-0.904274,-0.169995,0.238009,0.311034
20849166,-0.904175,-0.169844,0.238086,0.311344
20857499,-0.904345,-0.170443,0.237523,0.310953
20865832,-0.904160,-0.170603,0.238091,0.310969
20874165,-0.904065,-0.171234,0.237673,0.311218
20882498,-0.904070,-0.171140,0.237388,0.311472
20890831,-0.904187,-0.171327,0.236797,0.311481
20899164,-0.904116,-0.171702,0.236768,0.311502
20907497,-0.903983,-0.171660,0.237294,0.311512
20915830,-0.904111,-0.172561,0.236306,0.311391
20924163,-0.904064,-0.172910,0.236205,0.311411
20932496,-0.904128,-0.172873,0.236055,0.311360
20940829,-0.903899,-0.172552,0.236382,0.311954
20949162,-0.903922,-0.172752,0.236074,0.312010
20957495,-0.903972,-0.173073,0.235784,0.311907
20965828,-0.903826,-0.173299,0.235900,0.312117
20974161,-0.903810,-0.173467,0.235794,0.312151
20982494,-0.903646,-0.173487,0.236022,0.312443
20990827,-0.903603,-0.173768,0.236109,0.312344
20999160,-0.903790,-0.173778,0.235365,0.312358
21007493,-0.903578,-0.173503,0.235762,0.312827
21015826,-0.903644,-0.174056,0.235197,0.312751
21024159,-0.903537,-0.174253,0.235287,0.312883
21032492,-0.903305,-0.174015,0.235660,0.313405
21040825,-0.903235,-0.174151,0.235786,0.313437
21049158,-0.903326,-0.174777,0.235322,0.313175
21057491,-0.903299,-0.175019,0.234978,0.313376
21065824,-0.903286,-0.175290,0.235068,0.313195
21074157,-0.903347,-0.175459,0.234790,0.313133
21082490,-0.903245,-0.175690,0.234689,0.313374
21090823,-0.903141,-0.176027,0.234974,0.313270
21099156,-0.903003,-0.175930,0.235160,0.313583
21107489,-0.903034,-0.176277,0.234895,0.313496
21115822,-0.903023,-0.176531,0.234614,0.313596
21124155,-0.902932,-0.176854,0.234909,0.313455
21132488,-0.902925,-0.176821,0.234737,0.313621
21140821,-0.902912,-0.176937,0.234493,0.313777
21149154,-0.902867,-0.177015,0.234148,0.314121
21157487,-0.902863,-0.177158,0.234000,0.314160
21165820,-0.902834,-0.177034,0.233272,0.314856
21174153,-0.902703,-0.177293,0.233800,0.314693
21182486,-0.902684,-0.177515,0.233521,0.314830
21190819,-0.902653,-0.177570,0.233379,0.314992
21199152,-0.902652,-0.177665,0.233104,0.315145
21207485,-0.902677,-0.178316,0.232999,0.314785
21215818,-0.902643,-0.178350,0.233109,0.314781
21224151,-0.902465,-0.178339,0.233543,0.314976
21232484,-0.902356,-0.178503,0.233565,0.315180
21240817,-0.902461,-0.178430,0.232917,0.315400
21249150,-0.902564,-0.178770,0.232586,0.315156
21257483,-0.902448,-0.178739,0.232507,0.315564
21265816,-0.902890,-0.179335,0.230530,0.315412
21274149,-0.902701,-0.179216,0.231468,0.315334
21282482,-0.903000,-0.179507,0.229846,0.315499
21290815,-0.903206,-0.179934,0.228982,0.315294
21299148,-0.902997,-0.179982,0.229496,0.315492
21307481,-0.903049,-0.179620,0.228938,0.315953
21315814,-0.903052,-0.180019,0.229123,0.315584
21324147,-0.902797,-0.179729,0.229925,0.315896
21332480,-0.902366,-0.179505,0.231341,0.316220
21340813,-0.902818,-0.180256,0.229396,0.315920
21349146,-0.902922,-0.180191,0.229185,0.315814
21357479,-0.903048,-0.180740,0.229204,0.315123
21365812,-0.902939,-0.180874,0.229507,0.315138
21374145,-0.903047,-0.180964,0.228899,0.315219
21382478,-0.902794,-0.180498,0.229600,0.315701
21390811,-0.903105,-0.181367,0.228312,0.315247
21399144,-0.902926,-0.180738,0.228715,0.315828
21407477,-0.902455,-0.180656,0.230714,0.315767
21415810,-0.902431,-0.180623,0.231470,0.315302
21424143,-0.902995,-0.181060,0.229026,0.315222
21432476,-0.902605,-0.180293,0.230689,0.315564
21440809,-0.902888,-0.180496,0.229361,0.315607
21449142,-0.903118,-0.180973,0.228766,0.315107
21457475,-0.903024,-0.180469,0.229446,0.315172
21465808,-0.903206,-0.180729,0.228908,0.314892
21474141,-0.902859,-0.180487,0.230503,0.314863
21482474,-0.903031,-0.180070,0.229576,0.315286
21490807,-0.903243,-0.180554,0.229339,0.314571
21499140,-0.903202,-0.179884,0.229550,0.314919
21507473,-0.903434,-0.180322,0.229002,0.314403
21515806,-0.902699,-0.179006,0.231558,0.315393
21524139,-0.902884,-0.179244,0.230890,0.315219
21532472,-0.903163,-0.179606,0.230204,0.314713
21540805,-0.903213,-0.179518,0.230269,0.314572
21549138,-0.903263,-0.178925,0.230177,0.314835
21557471,-0.903147,-0.179051,0.230573,0.314806
21565804,-0.903399,-0.178588,0.230013,0.314755
21574137,-0.903300,-0.178684,0.230337,0.314748
21582470,-0.903542,-0.178761,0.229722,0.314458
21590803,-0.903476,-0.178350,0.230116,0.314593
21599136,-0.903342,-0.178147,0.230705,0.314662
21607469,-0.903032,-0.178139,0.231906,0.314674
21615802,-0.903001,-0.177727,0.232212,0.314771
21624135,-0.903091,-0.177554,0.232313,0.314534
21632468,-0.903199,-0.177403,0.232152,0.314428
21640801,-0.903157,-0.177300,0.232243,0.314539
21649134,-0.903177,-0.177274,0.232239,0.314500
21657467,-0.903149,-0.177093,0.232523,0.314472
21665800,-0.903066,-0.176918,0.233655,0.313970
21674133,-0.903123,-0.176913,0.233591,0.313856
21682466,-0.902988,-0.176585,0.234422,0.313809
21690799,-0.903124,-0.176741,0.234156,0.313528
21699132,-0.903074,-0.176607,0.234311,0.313634
21707465,-0.903019,-0.176634,0.234981,0.313275
21715798,-0.903021,-0.176614,0.234969,0.313288
21724131,-0.903105,-0.176456,0.235033,0.313089
21732464,-0.903134,-0.176305,0.234683,0.313353
21740797,-0.903215,-0.176229,0.234505,0.313294
21749130,-0.903282,-0.175971,0.234368,0.313348
21757463,-0.903259,-0.175940,0.234505,0.313329
21765796,-0.903160,-0.175863,0.235015,0.313277
21774129,-0.903106,-0.175994,0.235486,0.313006
21782462,-0.903158,-0.175938,0.235330,0.313005
21790795,-0.903186,-0.175615,0.235051,0.313313
21799128,-0.903143,-0.175566,0.235198,0.313355
21807461,-0.903284,-0.175489,0.234639,0.313411
21815794,-0.903385,-0.175706,0.234397,0.313178
21824127,-0.903314,-0.175656,0.234392,0.313417
21832460,-0.903937,-0.175945,0.230377,0.314434
21840793,-0.903882,-0.175556,0.230661,0.314601
21849126,-0.903557,-0.175711,0.232187,0.314323
21857459,-0.903516,-0.175534,0.232411,0.314374
21865792,-0.903963,-0.175992,0.229683,0.314840
21874125,-0.903631,-0.175583,0.231281,0.314852
21882458,-0.903922,-0.175975,0.229516,0.315089
21890791,-0.903764,-0.175791,0.230902,0.314632
21899124,-0.904122,-0.176379,0.228891,0.314742
21907457,-0.903955,-0.176130,0.229086,0.315220
21915790,-0.903579,-0.176001,0.231143,0.314866
21924123,-0.903493,-0.175948,0.231738,0.314705
21932456,-0.903525,-0.176137,0.231731,0.314513
21940789,-0.903504,-0.176415,0.231836,0.314342
21949122,-0.903439,-0.176319,0.231743,0.314650
21957455,-0.903289,-0.176312,0.232283,0.314687
21965788,-0.903271,-0.176003,0.232421,0.314811
21974121,-0.903236,-0.176513,0.232779,0.314361
21982454,-0.903207,-0.176698,0.233073,0.314122
21990787,-0.903068,-0.176211,0.233275,0.314643
21999120,-0.903029,-0.176589,0.233447,0.314416
22007453,-0.902889,-0.176336,0.233981,0.314562
22015786,-0.902972,-0.176755,0.233609,0.314367
22024119,-0.902862,-0.176470,0.233952,0.314588
22032452,-0.902927,-0.176515,0.233608,0.314630
22040785,-0.902842,-0.176493,0.233834,0.314718
22049118,-0.902922,-0.176504,0.233481,0.314746
22057451,-0.902888,-0.176608,0.233609,0.314689
22065784,-0.902919,-0.176557,0.233476,0.314728
22074117,-0.903006,-0.176776,0.232962,0.314738
22082450,-0.902757,-0.176563,0.233765,0.314976
22090783,-0.903025,-0.176819,0.232351,0.315111
22099116,-0.902886,-0.176663,0.233054,0.315076
22107449,-0.902661,-0.176514,0.233923,0.315160
22115782,-0.903130,-0.176779,0.231850,0.315199
22124115,-0.903012,-0.177012,0.232202,0.315147
22132448,-0.903009,-0.176934,0.232255,0.315162
22140781,-0.903121,-0.176835,0.231762,0.315260
22149114,-0.902907,-0.176566,0.232304,0.315623
22157447,-0.903099,-0.176667,0.231893,0.315319
22165780,-0.903026,-0.176912,0.232102,0.315237
22174113,-0.903081,-0.177029,0.231914,0.315152
22182446,-0.902855,-0.176905,0.232979,0.315086
22190779,-0.902819,-0.176993,0.232468,0.315515
22199112,-0.902966,-0.177576,0.232085,0.315049
22207445,-0.902870,-0.177556,0.233015,0.314650
22215778,-0.902788,-0.177607,0.233101,0.314792
22224111,-0.902816,-0.177682,0.233279,0.314538
22232444,-0.902769,-0.177407,0.233129,0.314937
22240777,-0.902647,-0.177686,0.233158,0.315110
22249110,-0.902702,-0.178044,0.233217,0.314705
22257443,-0.902757,-0.178194,0.232701,0.314844
22265776,-0.902875,-0.178169,0.232394,0.314746
22274109,-0.902733,-0.177851,0.232848,0.314998
22282442,-0.902690,-0.178042,0.232657,0.315155
22290775,-0.902725,-0.178273,0.232608,0.314961
22299108,-0.902787,-0.178445,0.232651,0.314653
22307441,-0.902875,-0.178248,0.232345,0.314737
22315774,-0.902770,-0.178336,0.232494,0.314881
22324107,-0.902877,-0.178583,0.232209,0.314644
22332440,-0.902820,-0.178288,0.232319,0.314892
22340773,-0.902680,-0.178072,0.232678,0.315151
22349106,-0.902866,-0.178117,0.232388,0.314807
22357439,-0.902892,-0.178178,0.232101,0.314908
22365772,-0.902953,-0.178183,0.232180,0.314674
22374105,-0.902779,-0.178182,0.232716,0.314777
22382438,-0.902836,-0.178227,0.232404,0.314819
22390771,-0.902796,-0.178378,0.232678,0.314645
22399104,-0.902807,-0.178001,0.232664,0.314837
22407437,-0.902744,-0.178053,0.232778,0.314904
22415770,-0.902756,-0.178177,0.232490,0.315013
22424103,-0.902769,-0.178196,0.232648,0.314848
22432436,-0.902722,-0.178186,0.232670,0.314970
22440769,-0.902703,-0.178463,0.232804,0.314772
22449102,-0.902595,-0.178558,0.233022,0.314866
22457435,-0.902858,-0.178763,0.232049,0.314714
22465768,-0.902798,-0.178624,0.232269,0.314800
22474101,-0.902742,-0.178457,0.232068,0.315205
22482434,-0.902611,-0.178420,0.232476,0.315300
22490767,-0.902638,-0.178629,0.232639,0.314986
22499100,-0.902638,-0.178708,0.232661,0.314923
22507433,-0.902604,-0.178459,0.232525,0.315261
22515766,-0.902687,-0.178333,0.232114,0.315399
22524099,-0.902778,-0.178392,0.231731,0.315388
22532432,-0.902810,-0.178729,0.231874,0.314998
22540765,-0.902829,-0.179009,0.231724,0.314897
22549098,-0.902805,-0.178636,0.231578,0.315284
22557431,-0.902731,-0.178939,0.231906,0.315082
22565764,-0.902499,-0.178589,0.232601,0.315433
22574097,-0.902648,-0.178854,0.232072,0.315245
22582430,-0.902756,-0.178843,0.231447,0.315402
22590763,-0.902637,-0.178654,0.231686,0.315674
22599096,-0.902598,-0.179097,0.231953,0.315339
22607429,-0.902726,-0.179430,0.231517,0.315105
22615762,-0.902675,-0.179155,0.231575,0.315364
22624095,-0.902682,-0.179016,0.231638,0.315376
22632428,-0.902769,-0.178546,0.231442,0.315538
22640761,-0.902644,-0.178972,0.231660,0.315495
22649094,-0.902658,-0.179397,0.231906,0.315033
22657427,-0.902656,-0.179416,0.231765,0.315130
22665760,-0.902822,-0.179380,0.231001,0.315237
22674093,-0.902660,-0.179517,0.231757,0.315067
22682426,-0.902665,-0.179315,0.231510,0.315350
22690759,-0.902995,-0.179368,0.230596,0.315045
22699092,-0.902701,-0.179602,0.231567,0.315043
22707425,-0.902642,-0.179508,0.231677,0.315184
22715758,-0.902858,-0.179585,0.230721,0.315221
22724091,-0.902781,-0.179462,0.231296,0.315091
22732424,-0.902572,-0.179414,0.231591,0.315501
22740757,-0.902648,-0.179784,0.230933,0.315554
22749090,-0.902721,-0.180021,0.230897,0.315235
22757423,-0.902637,-0.180060,0.231333,0.315135
22765756,-0.902529,-0.179788,0.231553,0.315438
22774089,-0.902520,-0.179860,0.231446,0.315500
22782422,-0.902729,-0.180065,0.230639,0.315377
22790755,-0.902637,-0.179649,0.231012,0.315606
22799088,-0.902724,-0.179871,0.230859,0.315340
22807421,-0.902782,-0.180432,0.230045,0.315449
22815754,-0.902669,-0.180619,0.230366,0.315430
22824087,-0.902521,-0.180591,0.231128,0.315314
22832420,-0.902498,-0.180547,0.230942,0.315541
22840753,-0.902435,-0.180653,0.231165,0.315497
22849086,-0.903160,-0.180408,0.228452,0.315538
22857419,-0.902894,-0.180752,0.229271,0.315510
22865752,-0.902685,-0.180617,0.229950,0.315691
22874085,-0.902511,-0.180404,0.230710,0.315754
22882418,-0.902632,-0.180436,0.230210,0.315755
22890751,-0.902461,-0.180748,0.230955,0.315522
22899084,-0.902573,-0.180329,0.230604,0.315699
22907417,-0.902603,-0.180527,0.230395,0.315653
22915750,-0.902680,-0.180744,0.230327,0.315357
22924083,-0.902596,-0.180541,0.230916,0.315284
22932416,-0.902556,-0.180479,0.231168,0.315247
22940749,-0.902648,-0.180293,0.230787,0.315370
22949082,-0.902654,-0.180390,0.230457,0.315538
22957415,-0.902800,-0.180126,0.230327,0.315367
22965748,-0.902597,-0.180872,0.230766,0.315200
22974081,-0.902579,-0.181148,0.230635,0.315189
22982414,-0.902414,-0.181484,0.231309,0.314974
22990747,-0.902744,-0.182420,0.229808,0.314586
22999080,-0.902718,-0.182210,0.229776,0.314805
23007413,-0.902553,-0.181667,0.230421,0.315121
23015746,-0.902598,-0.181910,0.230066,0.315110
23024079,-0.902526,-0.182538,0.230270,0.314805
23032412,-0.902549,-0.182482,0.230229,0.314801
23040745,-0.902499,-0.182575,0.230101,0.314984
23049078,-0.902418,-0.182845,0.230137,0.315036
23057411,-0.902510,-0.183301,0.229704,0.314821
23065744,-0.902378,-0.183018,0.229791,0.315301
23074077,-0.902155,-0.183043,0.230408,0.315474
23082410,-0.901673,-0.183140,0.231114,0.316277
23090743,-0.901984,-0.183662,0.229986,0.315912
23099076,-0.902131,-0.184282,0.229426,0.315537
23107409,-0.901909,-0.184285,0.230017,0.315739
23115742,-0.901771,-0.183843,0.230530,0.316016
23124075,-0.901923,-0.184627,0.229558,0.315835
23132408,-0.901889,-0.181219,0.229990,0.317585
23140741,-0.902044,-0.180796,0.229348,0.317850
23149074,-0.902309,-0.181765,0.228055,0.317477
23157407,-0.902173,-0.182231,0.228114,0.317554
23165740,-0.902231,-0.182526,0.227535,0.317634
23174073,-0.902348,-0.182441,0.226277,0.318247
23182406,-0.901686,-0.182304,0.228269,0.318779
23190739,-0.901665,-0.184929,0.228341,0.317272
23199072,-0.901887,-0.183599,0.227896,0.317735
23207405,-0.901689,-0.185194,0.228532,0.316912
23215738,-0.901703,-0.185852,0.227911,0.316934
23224071,-0.901569,-0.185684,0.228450,0.317026
23232404,-0.901591,-0.185620,0.228409,0.317031
23240737,-0.901755,-0.183862,0.228229,0.317716
23249070,-0.901887,-0.183671,0.227695,0.317837
23257403,-0.901903,-0.183754,0.227436,0.317929
23265736,-0.902008,-0.183853,0.227948,0.317205
23274069,-0.902004,-0.184072,0.227868,0.317148
23282402,-0.901952,-0.184143,0.227984,0.317171
23290735,-0.901915,-0.183984,0.227692,0.317578
23299068,-0.901911,-0.184139,0.227915,0.317340
23307401,-0.901875,-0.184186,0.227838,0.317470
23315734,-0.901974,-0.184313,0.227693,0.317220
23324067,-0.901960,-0.184341,0.227643,0.317279
23332400,-0.901977,-0.184006,0.227640,0.317427
23340733,-0.901984,-0.184047,0.227993,0.317128
23349066,-0.902006,-0.184206,0.227957,0.317001
23357399,-0.901961,-0.184088,0.227896,0.317240
23365732,-0.901890,-0.184218,0.228400,0.317005
23374065,-0.902531,-0.184330,0.225268,0.317355
23382398,-0.902155,-0.184140,0.226903,0.317371
23390731,-0.901980,-0.184017,0.227580,0.317455
23399064,-0.902159,-0.184801,0.226495,0.317267
23407397,-0.902007,-0.184356,0.227433,0.317285
23415730,-0.902071,-0.184298,0.227267,0.317257
23424063,-0.901988,-0.184821,0.227248,0.317204
23432396,-0.901753,-0.186350,0.227828,0.316559
23440729,-0.901901,-0.184930,0.227772,0.317011
23449062,-0.901832,-0.184450,0.228229,0.317158
23457395,-0.901829,-0.184416,0.228151,0.317241
23465728,-0.901812,-0.184977,0.227451,0.317466
23474061,-0.901846,-0.184951,0.227562,0.317306
23482394,-0.901795,-0.184977,0.228044,0.317089
23490727,-0.901819,-0.185167,0.227922,0.316998
23499060,-0.901811,-0.185536,0.227151,0.317359
23507393,-0.901608,-0.185093,0.228216,0.317430
23515726,-0.901744,-0.184856,0.228244,0.317161
23524059,-0.901904,-0.184929,0.227431,0.317247
23532392,-0.901760,-0.184983,0.227973,0.317235
23540725,-0.901806,-0.185007,0.228079,0.317014
23549058,-0.901867,-0.184695,0.227850,0.317188
23557391,-0.901603,-0.184647,0.228494,0.317503
23565724,-0.901724,-0.184830,0.228563,0.317002
23574057,-0.901746,-0.184845,0.228302,0.317118
23582390,-0.901782,-0.184743,0.228162,0.317177
23590723,-0.901913,-0.184648,0.228188,0.316839
23599056,-0.901916,-0.184706,0.228237,0.316764
23607389,-0.901931,-0.184503,0.228010,0.317003
23615722,-0.901970,-0.184561,0.227875,0.316954
23624055,-0.901865,-0.184443,0.228153,0.317121
23632388,-0.901967,-0.184469,0.228164,0.316808
23640721,-0.901940,-0.184325,0.228128,0.316997
23649054,-0.901933,-0.184166,0.228411,0.316903
23657387,-0.902069,-0.184201,0.227900,0.316864
23665720,-0.902015,-0.184239,0.228228,0.316760
23674053,-0.902060,-0.184264,0.228186,0.316647
23682386,-0.902046,-0.184173,0.228370,0.316607
23690719,-0.902091,-0.183696,0.228281,0.316820
23699052,-0.902009,-0.183851,0.228571,0.316757
23707385,-0.902075,-0.184052,0.228219,0.316706
23715718,-0.902093,-0.183879,0.227647,0.317165
23724051,-0.902152,-0.183920,0.227457,0.317111
23732384,-0.902078,-0.184124,0.227991,0.316817
23740717,-0.902066,-0.183891,0.228033,0.316957
23749050,-0.902104,-0.183856,0.228299,0.316678
23757383,-0.902105,-0.183952,0.228035,0.316810
23765716,-0.902102,-0.183870,0.227791,0.317040
23774049,-0.902144,-0.183988,0.227792,0.316853
23782382,-0.902056,-0.184089,0.228260,0.316708
23790715,-0.902050,-0.184069,0.228227,0.316759
23799048,-0.902052,-0.184080,0.228546,0.316517
23807381,-0.902022,-0.184243,0.228498,0.316542
23815714,-0.902012,-0.184273,0.228268,0.316721
23824047,-0.902199,-0.184236,0.227512,0.316752
23832380,-0.902000,-0.184169,0.228350,0.316755
23840713,-0.902098,-0.184296,0.227767,0.316823
23849046,-0.902050,-0.184164,0.228046,0.316836
23857379,-0.901972,-0.184126,0.228315,0.316885
23865712,-0.902039,-0.184263,0.227735,0.317032
23874045,-0.901922,-0.184217,0.228327,0.316966
23882378,-0.902024,-0.184872,0.227429,0.316941
23890711,-0.902132,-0.184485,0.227608,0.316730
23899044,-0.902186,-0.184552,0.227427,0.316667
23907377,-0.901949,-0.184276,0.228322,0.316857
23915710,-0.902024,-0.184160,0.228206,0.316795
23924043,-0.902035,-0.184199,0.228241,0.316716
23932376,-0.901985,-0.184002,0.228667,0.316666
23940709,-0.902083,-0.184088,0.228142,0.316717
23949042,-0.902188,-0.183978,0.227522,0.316926
23957375,-0.902874,-0.184255,0.224491,0.316975
23965708,-0.902386,-0.183944,0.226919,0.316815
23974041,-0.902145,-0.183984,0.228056,0.316663
23982374,-0.902248,-0.184073,0.227658,0.316602
23990707,-0.902233,-0.184200,0.227757,0.316502
23999040,-0.902157,-0.184194,0.227673,0.316781
24007373,-0.902300,-0.184120,0.227279,0.316699
24015706,-0.902160,-0.184148,0.227674,0.316800
24024039,-0.902004,-0.184139,0.227953,0.317047
24032372,-0.902008,-0.183956,0.229058,0.316345
24040705,-0.901981,-0.183979,0.229285,0.316245
24049038,-0.902497,-0.184310,0.226260,0.316757
24057371,-0.902315,-0.183634,0.227122,0.317052
24065704,-0.902112,-0.184087,0.227964,0.316763
24074037,-0.902191,-0.184159,0.228013,0.316459
24082370,-0.902313,-0.184411,0.227174,0.316568
24090703,-0.902288,-0.184039,0.226931,0.317029
24099036,-0.902410,-0.184221,0.227686,0.316036
24107369,-0.902243,-0.184271,0.228367,0.315992
24115702,-0.902009,-0.184331,0.228611,0.316446
24124035,-0.901903,-0.184220,0.228523,0.316878
24132368,-0.901859,-0.184231,0.228899,0.316726
24140701,-0.901924,-0.184285,0.229364,0.316170
24149034,-0.902620,-0.184226,0.225911,0.316707
24157367,-0.902359,-0.184379,0.227171,0.316459
24165700,-0.902143,-0.184115,0.228546,0.316238
24174033,-0.902145,-0.184291,0.228060,0.316482
24182366,-0.902134,-0.184173,0.227887,0.316706
24190699,-0.902188,-0.184214,0.227290,0.316958
24199032,-0.901948,-0.183844,0.228969,0.316646
24207365,-0.902026,-0.184153,0.228428,0.316634
24215698,-0.902023,-0.184239,0.228497,0.316543
24224031,-0.902065,-0.183912,0.228236,0.316801
24232364,-0.902642,-0.184223,0.225441,0.316980
24240697,-0.902199,-0.184168,0.227464,0.316827
24249030,-0.902165,-0.184037,0.227400,0.317047
24257363,-0.902116,-0.183871,0.227753,0.317029
24265696,-0.902042,-0.184017,0.228359,0.316718
24274029,-0.902166,-0.183970,0.227860,0.316751
24282362,-0.902163,-0.183991,0.227669,0.316886
24290695,-0.902042,-0.184058,0.228082,0.316894
24299028,-0.901921,-0.184147,0.229482,0.316174
24307361,-0.901905,-0.184118,0.228824,0.316714
24315694,-0.902075,-0.184047,0.228304,0.316646
24324027,-0.902084,-0.184105,0.228477,0.316463
24332360,-0.901988,-0.184234,0.229374,0.316011
24340693,-0.902132,-0.184483,0.228372,0.316182
24349026,-0.902156,-0.184291,0.227807,0.316631
24357359,-0.901974,-0.183863,0.228521,0.316885
24365692,-0.901962,-0.184139,0.228729,0.316606
24374025,-0.902136,-0.184342,0.228102,0.316445
24382358,-0.902065,-0.184011,0.228439,0.316599
24390691,-0.902154,-0.184316,0.228039,0.316456
24399024,-0.902065,-0.184191,0.228354,0.316555
24407357,-0.901932,-0.184062,0.228540,0.316875
24415690,-0.902049,-0.184260,0.228213,0.316661
24424023,-0.901941,-0.184237,0.228502,0.316776
24432356,-0.902018,-0.184244,0.228042,0.316881
24440689,-0.901988,-0.184284,0.228282,0.316773
24449022,-0.901943,-0.184393,0.228324,0.316805
24457355,-0.901966,-0.184373,0.228331,0.316748
24465688,-0.901871,-0.184242,0.228761,0.316785
24474021,-0.901954,-0.184236,0.228467,0.316764
24482354,-0.901826,-0.184065,0.228680,0.317072
24490687,-0.902461,-0.184296,0.225800,0.317197
24499020,-0.902211,-0.184062,0.227503,0.316826
24507353,-0.902138,-0.184178,0.228060,0.316567
24515686,-0.902277,-0.183993,0.227475,0.316699
24524019,-0.902187,-0.183786,0.227713,0.316903
24532352,-0.902228,-0.184019,0.227557,0.316764
24540685,-0.902148,-0.184015,0.227909,0.316741
24549018,-0.902242,-0.184145,0.227558,0.316650
24557351,-0.902195,-0.184081,0.227834,0.316623
24565684,-0.902204,-0.183833,0.228006,0.316618
24574017,-0.902085,-0.183995,0.228217,0.316711
24582350,-0.902123,-0.184048,0.227983,0.316740
24590683,-0.902147,-0.184073,0.228000,0.316644
24599016,-0.901973,-0.184103,0.228800,0.316547
24607349,-0.902045,-0.184214,0.228362,0.316592
24615682,-0.902162,-0.184141,0.228120,0.316475
24624015,-0.902204,-0.184219,0.227829,0.316519
24632348,-0.902117,-0.184282,0.228159,0.316493
24640681,-0.902093,-0.184035,0.228527,0.316442
24649014,-0.902121,-0.183930,0.228084,0.316742
24657347,-0.902052,-0.183930,0.228562,0.316592
24665680,-0.902191,-0.183648,0.228106,0.316691
24674013,-0.902093,-0.183691,0.228511,0.316653
24682346,-0.902138,-0.183628,0.228172,0.316804
24690679,-0.902015,-0.185017,0.228451,0.316145
24699012,-0.902037,-0.184280,0.228522,0.316462
24707345,-0.901966,-0.183820,0.228690,0.316809
24715678,-0.901915,-0.183677,0.229744,0.316275
24724011,-0.901887,-0.183745,0.230171,0.316004
24732344,-0.901911,-0.184111,0.229275,0.316376
24740677,-0.901757,-0.184073,0.229177,0.316907
24749010,-0.901379,-0.183022,0.230587,0.317566
24757343,-0.901195,-0.183027,0.231189,0.317648
24765676,-0.900708,-0.184623,0.232286,0.317306
24774009,-0.900690,-0.183441,0.232103,0.318175
24782342,-0.900634,-0.183046,0.232242,0.318458
24790675,-0.900656,-0.182864,0.232170,0.318554
24799008,-0.900643,-0.183045,0.232321,0.318376
24807341,-0.900579,-0.182889,0.232947,0.318192
24815674,-0.900576,-0.182803,0.232646,0.318469
24824007,-0.900372,-0.183717,0.233035,0.318234
24832340,-0.900368,-0.183168,0.233123,0.318497
24840673,-0.900634,-0.182832,0.232464,0.318420
24849006,-0.900814,-0.183226,0.232441,0.317699
24857339,-0.901677,-0.183534,0.229224,0.317412
24865672,-0.901936,-0.183739,0.229387,0.316438
24874005,-0.902603,-0.184190,0.226843,0.316108
24882338,-0.902821,-0.184899,0.226227,0.315512
24890671,-0.902847,-0.185348,0.226454,0.315010
24899004,-0.902707,-0.184995,0.226727,0.315423
24907337,-0.902688,-0.184801,0.226826,0.315520
24915670,-0.902747,-0.184757,0.227486,0.314900
24924003,-0.902654,-0.185895,0.227177,0.314722
24932336,-0.902722,-0.185009,0.227603,0.314741
24940669,-0.902694,-0.184752,0.227422,0.315103
24949002,-0.902621,-0.184655,0.227663,0.315193
24957335,-0.902501,-0.184423,0.228048,0.315395
24965668,-0.902629,-0.184457,0.227483,0.315419
24974001,-0.902541,-0.184279,0.228449,0.315073
24982334,-0.902523,-0.184688,0.228065,0.315166
24990667,-0.902556,-0.184371,0.227873,0.315393
24999000,-0.902600,-0.184509,0.227501,0.315457
25007333,-0.902573,-0.184585,0.227521,0.315476
25015666,-0.902595,-0.184868,0.227301,0.315404
25023999,-0.902043,-0.184462,0.228626,0.316263
25032332,-0.902425,-0.184745,0.227268,0.315985
25040665,-0.902473,-0.184838,0.227024,0.315971
25048998,-0.902959,-0.185146,0.224823,0.315977
25057331,-0.902643,-0.184753,0.227133,0.315455
25065664,-0.903026,-0.185102,0.224817,0.315813
25073997,-0.903155,-0.185088,0.224169,0.315915
25082330,-0.902694,-0.184721,0.227111,0.315345
25090663,-0.902609,-0.185116,0.227529,0.315054
25098996,-0.902572,-0.185076,0.227411,0.315269
25107329,-0.902622,-0.184715,0.227017,0.315622
25115662,-0.902678,-0.184746,0.227038,0.315430
25123995,-0.902631,-0.184853,0.227546,0.315135
25132328,-0.902725,-0.185068,0.227390,0.314850
25140661,-0.902560,-0.184475,0.227630,0.315499
25148994,-0.902541,-0.184617,0.227043,0.315892
25157327,-0.903189,-0.184998,0.224955,0.315311
25165660,-0.902854,-0.184447,0.226467,0.315510
25173993,-0.903153,-0.184520,0.225345,0.315416
25182326,-0.902777,-0.184746,0.226943,0.315214
25190659,-0.902624,-0.184745,0.227787,0.315042
25198992,-0.902615,-0.184576,0.227547,0.315343
25207325,-0.902663,-0.184683,0.227599,0.315103
25215658,-0.902661,-0.184625,0.227474,0.315235
25223991,-0.902509,-0.184613,0.227750,0.315477
25232324,-0.902634,-0.184694,0.226279,0.316128
25240657,-0.902622,-0.184437,0.226460,0.316184
25248990,-0.902624,-0.184415,0.226527,0.316143
25257323,-0.902336,-0.186538,0.227654,0.314909
25265656,-0.903044,-0.185351,0.225449,0.315165
25273989,-0.902837,-0.184588,0.225984,0.315824
25282322,-0.902616,-0.184498,0.227250,0.315600
25290655,-0.902453,-0.186554,0.227624,0.314585
25298988,-0.902567,-0.185612,0.227084,0.315204
25307321,-0.902536,-0.187070,0.226976,0.314510
25315654,-0.902688,-0.185426,0.226406,0.315456
25323987,-0.902700,-0.184772,0.226396,0.315813
25332320,-0.902340,-0.186720,0.227190,0.315125
25340653,-0.902438,-0.185208,0.227881,0.315237
25348986,-0.902531,-0.184754,0.227766,0.315319
25357319,-0.902653,-0.184559,0.227355,0.315381
25365652,-0.902198,-0.183936,0.228258,0.316393
25373985,-0.902523,-0.184750,0.227578,0.315481
25382318,-0.902308,-0.184157,0.227912,0.316201
25390651,-0.902375,-0.184552,0.228257,0.315529
25398984,-0.902478,-0.184687,0.227847,0.315453
25407317,-0.902641,-0.184582,0.227638,0.315200
25415650,-0.902610,-0.184697,0.226727,0.315874
25423983,-0.902512,-0.184483,0.227491,0.315730
25432316,-0.902681,-0.185204,0.226865,0.315277
25440649,-0.902578,-0.184746,0.227409,0.315446
25448982,-0.902550,-0.184712,0.227738,0.315309
25457315,-0.902643,-0.184601,0.226876,0.315729
25465648,-0.902348,-0.186566,0.227088,0.315266
25473981,-0.902192,-0.186451,0.228146,0.315017
25482314,-0.902494,-0.184817,0.227258,0.315756
25490647,-0.902613,-0.184581,0.226746,0.315922
25498980,-0.902523,-0.184427,0.226730,0.316279
25507313,-0.902432,-0.184000,0.227917,0.315933
25515646,-0.901986,-0.183604,0.229015,0.316643
25523979,-0.902342,-0.184420,0.227624,0.316156
25532312,-0.902048,-0.186483,0.228329,0.315275
25540645,-0.902076,-0.187059,0.227867,0.315191
25548978,-0.902860,-0.187439,0.225302,0.314563
25557311,-0.902421,-0.187170,0.226874,0.314851
25565644,-0.902561,-0.184898,0.226922,0.315756
25573977,-0.902673,-0.184403,0.226693,0.315891
25582310,-0.902660,-0.184406,0.225964,0.316449
25590643,-0.902248,-0.184271,0.226439,0.317361
25598976,-0.902948,-0.185055,0.224800,0.316076
25607309,-0.902660,-0.184984,0.226826,0.315492
25615642,-0.902313,-0.186922,0.227310,0.314996
25623975,-0.902527,-0.185428,0.226150,0.316098
25632308,-0.902356,-0.187109,0.227106,0.314909
25640641,-0.902440,-0.185359,0.226726,0.315974
25648974,-0.902518,-0.184909,0.226440,0.316220
25657307,-0.902451,-0.184685,0.227105,0.316064
25665640,-0.902474,-0.184969,0.227345,0.315661
25673973,-0.902439,-0.185025,0.227463,0.315642
25682306,-0.902477,-0.185080,0.227581,0.315415
25690639,-0.902471,-0.185066,0.227713,0.315347
25698972,-0.902352,-0.184891,0.227925,0.315636
25707305,-0.902415,-0.185030,0.227431,0.315731
25715638,-0.902338,-0.184869,0.227502,0.315994
25723971,-0.902434,-0.184992,0.227684,0.315518
25732304,-0.902473,-0.184789,0.227813,0.315430
25740637,-0.902238,-0.186671,0.228061,0.314816
25748970,-0.902110,-0.187383,0.228366,0.314538
25757303,-0.902146,-0.187553,0.227719,0.314802
25765636,-0.902102,-0.187161,0.228046,0.314925
25773969,-0.902095,-0.187260,0.228441,0.314601
25782302,-0.902402,-0.185291,0.227807,0.315343
25790635,-0.902307,-0.186567,0.228241,0.314547
25798968,-0.902388,-0.184890,0.228038,0.315451
25807301,-0.902214,-0.186633,0.228209,0.314800
25815634,-0.902362,-0.185305,0.227895,0.315386
25823967,-0.902389,-0.184886,0.228121,0.315393
25832300,-0.902342,-0.186818,0.227566,0.314787
25840633,-0.902379,-0.185341,0.227722,0.315440
25848966,-0.902395,-0.184540,0.228008,0.315658
25857299,-0.902341,-0.184495,0.228020,0.315830
25865632,-0.902289,-0.184706,0.228212,0.315717
25873965,-0.902364,-0.184835,0.228137,0.315482
25882298,-0.902422,-0.184727,0.227547,0.315804
25890631,-0.902368,-0.184761,0.227520,0.315959
25898964,-0.902389,-0.184635,0.227541,0.315958
25907297,-0.902057,-0.186487,0.228052,0.315450
25915630,-0.902091,-0.187395,0.228075,0.314797
25923963,-0.902493,-0.185194,0.226870,0.315815
25932296,-0.902420,-0.184682,0.227062,0.316186
25940629,-0.902265,-0.184619,0.227299,0.316494
25948962,-0.902434,-0.184752,0.227512,0.315782
25957295,-0.902298,-0.186815,0.227654,0.314853
25965628,-0.902463,-0.185180,0.227537,0.315430
25973961,-0.902588,-0.184501,0.226151,0.316466
25982294,-0.902662,-0.184520,0.226356,0.316097
25990627,-0.902561,-0.184752,0.227218,0.315630
25998960,-0.903008,-0.186797,0.224933,0.314783
26007293,-0.902891,-0.185130,0.225572,0.315646
26015626,-0.902544,-0.186576,0.226967,0.314785
26023959,-0.902707,-0.185161,0.226348,0.315598
26032292,-0.902795,-0.184774,0.225918,0.315880
26040625,-0.903170,-0.184894,0.224742,0.315579
26048958,-0.902847,-0.184970,0.225608,0.315839
26057291,-0.902667,-0.184711,0.226796,0.315655
26065624,-0.902975,-0.186855,0.224526,0.315134
26073957,-0.902896,-0.185126,0.225114,0.315961
26082290,-0.902489,-0.186299,0.226952,0.315117
26090623,-0.902718,-0.185042,0.225986,0.315897
26098956,-0.902566,-0.186606,0.226160,0.315284
26107289,-0.902627,-0.185251,0.226543,0.315633
26115622,-0.902659,-0.184679,0.226343,0.316022
26123955,-0.902466,-0.186537,0.227060,0.314964
26132288,-0.902423,-0.187342,0.226745,0.314837
26140621,-0.902334,-0.187458,0.226686,0.315066
26148954,-0.902136,-0.187420,0.227767,0.314875
26157287,-0.902018,-0.187301,0.228241,0.314940
26165620,-0.902100,-0.187711,0.227486,0.315008
26173953,-0.902198,-0.187811,0.227538,0.314631
26182286,-0.902092,-0.187985,0.227978,0.314513
26190619,-0.902117,-0.188054,0.227702,0.314599
26198952,-0.902081,-0.188154,0.227589,0.314725
26207285,-0.902447,-0.185377,0.226405,0.316172
26215618,-0.902219,-0.185866,0.227450,0.315785
26223951,-0.902248,-0.186913,0.227089,0.315344
26232284,-0.902091,-0.187139,0.227746,0.315188
26240617,-0.902156,-0.187839,0.227252,0.314941
26248950,-0.902429,-0.185413,0.226649,0.316028
26257283,-0.902329,-0.186892,0.227322,0.314958
26265616,-0.902299,-0.187657,0.226484,0.315193
26273949,-0.902359,-0.185585,0.227568,0.315466
26282282,-0.902161,-0.186498,0.227968,0.315207
26290615,-0.902157,-0.187449,0.227111,0.315270
26298948,-0.902123,-0.187704,0.227265,0.315107
26307281,-0.902237,-0.187835,0.227727,0.314366
26315614,-0.902240,-0.187870,0.227630,0.314409
26323947,-0.902098,-0.187817,0.228121,0.314491
26332280,-0.902030,-0.187881,0.227540,0.315070
26340613,-0.902035,-0.187951,0.227981,0.314694
26348946,-0.902131,-0.187858,0.228394,0.314175
26357279,-0.902078,-0.188052,0.228411,0.314199
26365612,-0.902361,-0.185684,0.227604,0.315376
26373945,-0.902175,-0.184665,0.228976,0.315514
26382278,-0.901969,-0.184489,0.229662,0.315707
26390611,-0.902019,-0.184387,0.229802,0.315523
26398944,-0.902217,-0.184456,0.227907,0.316288
26407277,-0.902284,-0.184608,0.227840,0.316057
26415610,-0.902240,-0.184593,0.227343,0.316550
26423943,-0.902033,-0.184626,0.228116,0.316564
26432276,-0.901853,-0.185567,0.228578,0.316192
26440609,-0.901891,-0.185566,0.227828,0.316627
26448942,-0.901776,-0.186302,0.227820,0.316528
26457275,-0.901591,-0.186493,0.227981,0.316827
26465608,-0.901667,-0.185838,0.227919,0.317039
26473941,-0.901699,-0.186592,0.227117,0.317081
26482274,-0.901647,-0.186938,0.226629,0.317374
26490607,-0.901548,-0.187012,0.226659,0.317589
26498940,-0.901652,-0.187298,0.226130,0.317503
26507273,-0.901011,-0.189830,0.226916,0.317257
26515606,-0.901215,-0.188560,0.225940,0.318133
26523939,-0.901840,-0.188254,0.221732,0.319499
26532272,-0.901875,-0.188473,0.220488,0.320132
26540605,-0.901749,-0.188884,0.220758,0.320058
26548938,-0.901948,-0.188964,0.220289,0.319773
26557271,-0.901913,-0.189032,0.220169,0.319916
26565604,-0.901638,-0.188774,0.220484,0.320624
26573937,-0.901562,-0.189354,0.220661,0.320375
26582270,-0.901803,-0.189563,0.219568,0.320323
26590603,-0.901497,-0.189576,0.220299,0.320676
26598936,-0.901613,-0.190299,0.219661,0.320359
26607269,-0.901570,-0.190195,0.219315,0.320779
26615602,-0.901698,-0.190705,0.218858,0.320426
26623935,-0.901769,-0.191074,0.218359,0.320347
26632268,-0.901155,-0.192738,0.219246,0.320472
26640601,-0.900794,-0.193108,0.219814,0.320875
26648934,-0.901099,-0.193521,0.218860,0.320422
26657267,-0.900753,-0.193028,0.219399,0.321322
26665600,-0.900817,-0.193057,0.219133,0.321309
26673933,-0.900730,-0.193697,0.219619,0.320833
26682266,-0.900812,-0.193801,0.219298,0.320759
26690599,-0.900428,-0.193768,0.219308,0.321850
26698932,-0.900307,-0.194303,0.219455,0.321766
26707265,-0.900597,-0.194845,0.218728,0.321122
26715598,-0.900630,-0.195207,0.218406,0.321026
26723931,-0.900803,-0.195759,0.217965,0.320505
26732264,-0.900822,-0.196356,0.217732,0.320245
26740597,-0.900729,-0.196857,0.217648,0.320257
26748930,-0.900897,-0.197267,0.216205,0.320509
26757263,-0.900762,-0.197394,0.216351,0.320711
26765596,-0.900773,-0.197792,0.216078,0.320620
26773929,-0.900795,-0.198292,0.215801,0.320436
26782262,-0.900860,-0.198712,0.214707,0.320727
26790595,-0.900673,-0.199005,0.215048,0.320841
26798928,-0.900860,-0.199416,0.213764,0.320921
26807261,-0.900637,-0.199969,0.213784,0.321188
26815594,-0.900423,-0.200705,0.214050,0.321152
26823927,-0.900330,-0.200999,0.213737,0.321438
26832260,-0.900203,-0.201359,0.213469,0.321745
26840593,-0.900253,-0.201788,0.212546,0.321949
26848926,-0.900122,-0.202260,0.212411,0.322108
26857259,-0.899968,-0.202670,0.212346,0.322322
26865592,-0.899797,-0.202974,0.212559,0.322469
26873925,-0.899566,-0.203407,0.212768,0.322702
26882258,-0.899557,-0.203691,0.212405,0.322786
26890591,-0.899559,-0.203830,0.212142,0.322867
26898924,-0.899589,-0.204431,0.211761,0.322653
26907257,-0.899664,-0.204613,0.211101,0.322760
26915590,-0.899400,-0.204990,0.211550,0.322964
26923923,-0.899227,-0.204999,0.211535,0.323448
26932256,-0.899394,-0.204547,0.210494,0.323950
26940589,-0.899469,-0.205772,0.209736,0.323457
26948922,-0.898973,-0.205418,0.211386,0.323985
26957255,-0.899021,-0.205773,0.210558,0.324166
26965588,-0.898838,-0.207005,0.210170,0.324142
26973921,-0.898790,-0.207811,0.209816,0.323988
26982254,-0.898743,-0.208380,0.209443,0.323993
26990587,-0.898553,-0.208837,0.209305,0.324317
26998920,-0.898530,-0.209281,0.209241,0.324134
27007253,-0.898022,-0.209704,0.210557,0.324417
27015586,-0.898089,-0.210051,0.209089,0.324957
27023919,-0.897891,-0.210592,0.209060,0.325172
27032252,-0.898054,-0.211100,0.207694,0.325268
27040585,-0.897859,-0.211321,0.208092,0.325408
27048918,-0.897293,-0.212642,0.208875,0.325606
27057251,-0.897274,-0.213176,0.208242,0.325717
27065584,-0.897449,-0.213590,0.207425,0.325483
27073917,-0.897601,-0.214048,0.206421,0.325401
27082250,-0.897385,-0.214594,0.206480,0.325599
27090583,-0.897190,-0.215275,0.206400,0.325739
27098916,-0.897207,-0.215626,0.206001,0.325712
27107249,-0.897306,-0.216124,0.205457,0.325453
27115582,-0.896989,-0.215940,0.206462,0.325812
27123915,-0.896891,-0.216369,0.206281,0.325911
27132248,-0.896883,-0.216899,0.205260,0.326228
27140581,-0.896653,-0.217138,0.205546,0.326520
27148914,-0.896465,-0.217527,0.205707,0.326675
27157247,-0.896309,-0.217814,0.205945,0.326763
27165580,-0.896221,-0.218091,0.205671,0.326992
27173913,-0.896443,-0.218364,0.204427,0.326981
27182246,-0.896323,-0.218620,0.204589,0.327037
27190579,-0.896157,-0.218763,0.205048,0.327110
27198912,-0.896069,-0.219166,0.204903,0.327171
27207245,-0.895696,-0.218909,0.205237,0.328155
27215578,-0.895633,-0.219130,0.205122,0.328250
27223911,-0.896197,-0.219563,0.203511,0.327424
27232244,-0.895873,-0.219930,0.204240,0.327611
27240577,-0.895879,-0.220083,0.204268,0.327473
27248910,-0.895927,-0.220185,0.204076,0.327394
27257243,-0.895840,-0.220525,0.204030,0.327430
27265576,-0.895934,-0.220717,0.203854,0.327154
27273909,-0.895800,-0.220832,0.204094,0.327294
27282242,-0.895727,-0.220959,0.204197,0.327344
27290575,-0.895806,-0.221174,0.204028,0.327089
27298908,-0.895671,-0.221051,0.204223,0.327418
27307241,-0.895714,-0.221513,0.204098,0.327066
27315574,-0.895657,-0.221604,0.204054,0.327188
27323907,-0.895642,-0.221681,0.204243,0.327060
27332240,-0.895703,-0.221602,0.203960,0.327123
27340573,-0.895656,-0.221646,0.203952,0.327227
27348906,-0.895566,-0.221727,0.204094,0.327330
27357239,-0.895524,-0.222062,0.204222,0.327137
27365572,-0.895421,-0.222087,0.204199,0.327416
27373905,-0.895436,-0.221950,0.204063,0.327552
27382238,-0.895521,-0.222120,0.203701,0.327430
27390571,-0.895494,-0.222227,0.203827,0.327353
27398904,-0.895529,-0.222462,0.203700,0.327177
27407237,-0.895306,-0.222253,0.204563,0.327390
27415570,-0.895259,-0.222228,0.204941,0.327300
27423903,-0.895267,-0.222325,0.204648,0.327395
27432236,-0.895361,-0.222594,0.204162,0.327258
27440569,-0.895138,-0.222524,0.204989,0.327400
27448902,-0.895188,-0.222532,0.204933,0.327291
27457235,-0.895282,-0.222666,0.204779,0.327041
27465568,-0.895298,-0.222578,0.204533,0.327211
27473901,-0.895458,-0.222788,0.203968,0.326982
27482234,-0.895358,-0.222870,0.204412,0.326922
27490567,-0.895529,-0.222970,0.203987,0.326652
27498900,-0.895721,-0.223125,0.203347,0.326420
27507233,-0.895903,-0.223196,0.202085,0.326654
27515566,-0.895347,-0.222904,0.203695,0.327377
27523899,-0.895419,-0.223823,0.203752,0.326517
27532232,-0.895587,-0.223435,0.203783,0.326303
27540565,-0.895694,-0.223488,0.203037,0.326438
27548898,-0.895722,-0.223621,0.202818,0.326406
27557231,-0.895562,-0.223610,0.203605,0.326363
27565564,-0.895493,-0.223662,0.204077,0.326222
27573897,-0.895444,-0.223947,0.203848,0.326304
27582230,-0.895418,-0.223909,0.203669,0.326513
27590563,-0.895427,-0.224124,0.203361,0.326531
27598896,-0.895302,-0.224051,0.203535,0.326815
27607229,-0.895216,-0.224105,0.203930,0.326769
27615562,-0.895257,-0.223974,0.203602,0.326952
27623895,-0.895291,-0.224115,0.203385,0.326897
27632228,-0.895262,-0.224416,0.203197,0.326885
27640561,-0.895280,-0.224441,0.203435,0.326671
27648894,-0.895058,-0.224194,0.203798,0.327223
27657227,-0.894881,-0.224228,0.204308,0.327365
27665560,-0.895057,-0.224391,0.203837,0.327067
27673893,-0.895041,-0.224374,0.203563,0.327293
27682226,-0.894225,-0.223841,0.205232,0.328843
27690559,-0.894736,-0.224170,0.204064,0.327953
27698892,-0.894245,-0.223839,0.205167,0.328830
27707225,-0.894100,-0.223996,0.205190,0.329102
27715558,-0.894187,-0.224019,0.204899,0.329031
27723891,-0.894207,-0.224093,0.204883,0.328936
27732224,-0.894286,-0.224124,0.204495,0.328943
27740557,-0.894127,-0.224344,0.204637,0.329135
27748890,-0.894140,-0.223275,0.204825,0.329709
27757223,-0.894172,-0.223775,0.204628,0.329407
27765556,-0.894061,-0.224356,0.204936,0.329121
27773889,-0.894019,-0.224592,0.204837,0.329134
27782222,-0.894010,-0.224772,0.204748,0.329094
27790555,-0.893844,-0.224670,0.205183,0.329343
27798888,-0.893906,-0.224735,0.204775,0.329382
27807221,-0.893966,-0.224448,0.204499,0.329587
27815554,-0.893919,-0.224942,0.204696,0.329256
27823887,-0.894152,-0.225275,0.203503,0.329135
27832220,-0.894097,-0.225205,0.203600,0.329272
27840553,-0.894008,-0.224945,0.204014,0.329434
27848886,-0.894080,-0.225184,0.203905,0.329145
27857219,-0.894090,-0.225055,0.204031,0.329127
27865552,-0.893996,-0.225219,0.204283,0.329113
27873885,-0.894057,-0.225346,0.204081,0.328987
27882218,-0.893885,-0.225151,0.204711,0.329195
27890551,-0.893976,-0.225165,0.204364,0.329155
27898884,-0.894060,-0.225401,0.203898,0.329055
27907217,-0.894119,-0.224845,0.203875,0.329288
27915550,-0.894023,-0.225572,0.204075,0.328928
27923883,-0.894098,-0.225225,0.204003,0.329007
27932216,-0.894007,-0.225228,0.204291,0.329073
27940549,-0.894029,-0.225743,0.204065,0.328800
27948882,-0.894038,-0.225792,0.203842,0.328880
27957215,-0.894053,-0.225497,0.203947,0.328976
27965548,-0.893869,-0.225756,0.204327,0.329063
27973881,-0.893953,-0.225682,0.204069,0.329047
27982214,-0.893877,-0.225775,0.204336,0.329022
27990547,-0.894011,-0.225938,0.203784,0.328889
27998880,-0.893978,-0.226193,0.203824,0.328779
28007213,-0.893975,-0.226051,0.203878,0.328852
28015546,-0.894064,-0.226027,0.203379,0.328936
28023879,-0.894052,-0.226095,0.203378,0.328923
28032212,-0.893988,-0.225937,0.203873,0.328899
28040545,-0.893987,-0.225946,0.203973,0.328834
28048878,-0.894065,-0.226410,0.203244,0.328753
28057211,-0.893889,-0.226503,0.203794,0.328825
28065544,-0.894151,-0.226395,0.202677,0.328880
28073877,-0.894049,-0.226421,0.203152,0.328846
28082210,-0.894148,-0.226504,0.202854,0.328702
28090543,-0.894008,-0.226325,0.203322,0.328918
28098876,-0.894057,-0.226974,0.202612,0.328774
28107209,-0.893938,-0.226626,0.203199,0.328978
28115542,-0.894002,-0.226816,0.202848,0.328888
28123875,-0.894056,-0.226816,0.202589,0.328902
28132208,-0.894230,-0.226946,0.201715,0.328875
28140541,-0.893851,-0.226557,0.202819,0.329495
28148874,-0.893943,-0.226829,0.203038,0.328922
28157207,-0.893944,-0.226898,0.202646,0.329113
28165540,-0.893910,-0.226941,0.202612,0.329196
28173873,-0.893848,-0.226922,0.202837,0.329239
28182206,-0.893843,-0.226828,0.203029,0.329201
28190539,-0.893890,-0.226907,0.202576,0.329296
28198872,-0.893876,-0.226800,0.202836,0.329250
28207205,-0.893862,-0.226621,0.203123,0.329234
28215538,-0.893941,-0.226556,0.203026,0.329123
28223871,-0.894064,-0.226681,0.202736,0.328881
28232204,-0.893933,-0.226565,0.203242,0.329005
28240537,-0.893813,-0.226987,0.203213,0.329059
28248870,-0.893873,-0.226912,0.202947,0.329112
28257203,-0.893877,-0.226734,0.203358,0.328969
28265536,-0.893859,-0.226783,0.203127,0.329128
28273869,-0.894033,-0.226998,0.202671,0.328789
28282202,-0.893798,-0.226703,0.203153,0.329333
28290535,-0.893857,-0.226720,0.203632,0.328866
28298868,-0.893884,-0.226800,0.203045,0.329100
28307201,-0.893864,-0.226893,0.203079,0.329068
28315534,-0.893959,-0.227068,0.202809,0.328856
28323867,-0.893843,-0.227041,0.202984,0.329081
28332200,-0.893768,-0.227286,0.203513,0.328790
28340533,-0.893732,-0.227282,0.203576,0.328852
28348866,-0.893863,-0.227117,0.202823,0.329073
28357199,-0.893809,-0.227132,0.203321,0.328902
28365532,-0.893705,-0.226931,0.203544,0.329186
28373865,-0.893914,-0.227099,0.202921,0.328887
28382198,-0.894146,-0.227449,0.201746,0.328737
28390531,-0.893728,-0.227377,0.202872,0.329230
28398864,-0.893812,-0.227462,0.202932,0.328906
28407197,-0.893911,-0.227273,0.202811,0.328843
28415530,-0.893950,-0.227334,0.202755,0.328729
28423863,-0.893853,-0.227348,0.202896,0.328896
28432196,-0.893841,-0.227383,0.203410,0.328586
28440529,-0.893764,-0.227282,0.203611,0.328743
28448862,-0.893863,-0.227030,0.203414,0.328769
28457195,-0.893754,-0.227291,0.202957,0.329166
28465528,-0.893943,-0.226929,0.202904,0.328936
28473861,-0.893744,-0.226800,0.203738,0.329050
28482194,-0.893773,-0.227169,0.203720,0.328728
28490527,-0.893831,-0.226893,0.203266,0.329043
28498860,-0.893969,-0.226876,0.202973,0.328860
28507193,-0.893721,-0.226698,0.203404,0.329389
28515526,-0.893774,-0.227023,0.203550,0.328933
28523859,-0.893787,-0.227475,0.203331,0.328719
28532192,-0.893868,-0.227253,0.203346,0.328644
28540525,-0.893940,-0.226705,0.203239,0.328891
28548858,-0.893870,-0.226976,0.203259,0.328882
28557191,-0.893715,-0.226771,0.203908,0.329043
28565524,-0.893952,-0.226882,0.202708,0.329065
28573857,-0.893831,-0.226914,0.203261,0.329032
28582190,-0.893921,-0.227223,0.202986,0.328743
28590523,-0.893973,-0.227163,0.202899,0.328697
28598856,-0.894036,-0.227269,0.202832,0.328492
28607189,-0.894112,-0.226569,0.202702,0.328849
28615522,-0.893923,-0.226396,0.203391,0.329057
28623855,-0.893992,-0.226474,0.203171,0.328952
28632188,-0.894112,-0.226842,0.202734,0.328642
28640521,-0.893912,-0.226561,0.203411,0.328961
28648854,-0.893844,-0.226846,0.203629,0.328814
28657187,-0.893758,-0.226780,0.203827,0.328971
28665520,-0.893868,-0.226770,0.203660,0.328782
28673853,-0.893809,-0.226864,0.203839,0.328766
28682186,-0.894022,-0.226981,0.203471,0.328335
28690519,-0.893852,-0.226838,0.204177,0.328458
28698852,-0.893777,-0.226254,0.204409,0.328920
28707185,-0.894065,-0.226924,0.203245,0.328397
28715518,-0.893959,-0.226535,0.203580,0.328745
28723851,-0.894191,-0.226370,0.203081,0.328539
28732184,-0.894128,-0.226570,0.203570,0.328269
28740517,-0.894038,-0.226874,0.203668,0.328243
28748850,-0.894082,-0.226616,0.203626,0.328329
28757183,-0.894134,-0.226660,0.203607,0.328168
28765516,-0.894228,-0.226494,0.203212,0.328271
28773849,-0.894047,-0.226583,0.203868,0.328297
28782182,-0.894097,-0.226773,0.203510,0.328250
28790515,-0.894363,-0.226858,0.202277,0.328229
28798848,-0.894336,-0.226121,0.202811,0.328480
28807181,-0.894155,-0.226306,0.203231,0.328588
28815514,-0.893982,-0.226439,0.203648,0.328709
28823847,-0.894183,-0.226236,0.203372,0.328471
28832180,-0.894313,-0.225907,0.203043,0.328549
28840513,-0.894105,-0.226284,0.203354,0.328661
28848846,-0.894177,-0.226233,0.203096,0.328661
28857179,-0.894349,-0.226329,0.202779,0.328322
28865512,-0.894139,-0.226435,0.203429,0.328419
28873845,-0.894078,-0.226586,0.203483,0.328449
28882178,-0.894008,-0.226585,0.203967,0.328338
28890511,-0.894546,-0.226229,0.202108,0.328268
28898844,-0.894308,-0.226358,0.202904,0.328337
28907177,-0.894279,-0.226203,0.203010,0.328456
28915510,-0.894342,-0.226180,0.202842,0.328406
28923843,-0.894258,-0.226219,0.203258,0.328350
28932176,-0.894292,-0.225802,0.203225,0.328565
28940509,-0.894361,-0.225861,0.203251,0.328319
28948842,-0.894146,-0.226088,0.203599,0.328535
28957175,-0.894185,-0.226224,0.203421,0.328444
28965508,-0.894232,-0.225918,0.203497,0.328481
28973841,-0.894322,-0.226044,0.203527,0.328130
28982174,-0.894174,-0.226046,0.203813,0.328354
28990507,-0.894225,-0.226104,0.203606,0.328304
28998840,-0.894201,-0.226153,0.203632,0.328319
29007173,-0.894587,-0.226279,0.202171,0.328084
29015506,-0.894234,-0.226259,0.203092,0.328491
29023839,-0.894241,-0.225983,0.203367,0.328493
29032172,-0.894133,-0.226291,0.203735,0.328345
29040505,-0.894249,-0.225906,0.203469,0.328460
29048838,-0.894248,-0.226016,0.203255,0.328518
29057171,-0.894204,-0.226319,0.203369,0.328359
29065504,-0.894086,-0.226448,0.203694,0.328390
29073837,-0.894033,-0.226336,0.203832,0.328527
29082170,-0.894155,-0.226225,0.203645,0.328387
29090503,-0.894126,-0.226250,0.203838,0.328328
29098836,-0.894301,-0.226230,0.203471,0.328092
29107169,-0.894190,-0.226447,0.203599,0.328168
29115502,-0.894202,-0.226262,0.203513,0.328314
29123835,-0.894384,-0.226450,0.203135,0.327922
29132168,-0.894117,-0.226414,0.203926,0.328185
29140501,-0.894093,-0.226366,0.203995,0.328240
29148834,-0.894185,-0.226500,0.203368,0.328288
29157167,-0.894129,-0.226434,0.203736,0.328258
29165500,-0.894414,-0.226162,0.202580,0.328383
29173833,-0.894244,-0.226432,0.203252,0.328245
29182166,-0.894247,-0.226680,0.203433,0.327953
29190499,-0.894196,-0.226327,0.203468,0.328314
29198832,-0.894153,-0.226678,0.203575,0.328122
29207165,-0.894098,-0.226604,0.203856,0.328151
29215498,-0.894245,-0.226332,0.203414,0.328212
29223831,-0.894184,-0.226399,0.203619,0.328203
29232164,-0.894184,-0.226457,0.203715,0.328103
29240497,-0.894199,-0.226718,0.203630,0.327935
29248830,-0.894098,-0.226647,0.203957,0.328058
29257163,-0.894083,-0.226717,0.204053,0.327990
29265496,-0.894085,-0.226839,0.204139,0.327847
29273829,-0.894054,-0.226586,0.204069,0.328149
29282162,-0.894248,-0.225879,0.203909,0.328209
29290495,-0.894148,-0.226252,0.204113,0.328095
29298828,-0.894278,-0.225850,0.203658,0.328301
29307161,-0.894217,-0.226105,0.203734,0.328245
29315494,-0.894103,-0.226564,0.204008,0.328070
29323827,-0.894049,-0.226430,0.204191,0.328195
29332160,-0.894110,-0.226623,0.203640,0.328239
29340493,-0.894092,-0.226554,0.203989,0.328118
29348826,-0.894064,-0.226509,0.204216,0.328084
29357159,-0.894197,-0.226161,0.203867,0.328178
29365492,-0.894227,-0.226103,0.203719,0.328230
29373825,-0.894179,-0.226388,0.203695,0.328179
29382158,-0.894354,-0.226217,0.203597,0.327880
29390491,-0.894181,-0.226597,0.203822,0.327949
29398824,-0.894167,-0.226513,0.203699,0.328122
29407157,-0.894126,-0.226634,0.203790,0.328094
29415490,-0.894152,-0.226670,0.203708,0.328050
29423823,-0.894242,-0.226930,0.203450,0.327783
29432156,-0.894312,-0.226433,0.203380,0.327981
29440489,-0.894199,-0.226667,0.203493,0.328057
29448822,-0.894230,-0.226825,0.203413,0.327912
29457155,-0.894187,-0.226786,0.203723,0.327863
29465488,-0.894199,-0.226779,0.203646,0.327883
29473821,-0.894185,-0.226588,0.203611,0.328075
29482154,-0.894208,-0.226646,0.203562,0.328004
29490487,-0.894235,-0.226742,0.203661,0.327801
29498820,-0.894224,-0.226671,0.203757,0.327822
29507153,-0.894231,-0.226927,0.203592,0.327729
29515486,-0.894251,-0.226685,0.203609,0.327831
29523819,-0.894213,-0.226583,0.203759,0.327912
29532152,-0.894549,-0.226887,0.202445,0.327599
29540485,-0.894366,-0.226776,0.203177,0.327721
29548818,-0.894468,-0.226947,0.202561,0.327705
29557151,-0.894463,-0.226756,0.202755,0.327733
29565484,-0.894359,-0.226937,0.202859,0.327826
29573817,-0.894391,-0.226942,0.203014,0.327640
29582150,-0.894304,-0.226791,0.203357,0.327768
29590483,-0.894310,-0.226681,0.203444,0.327773
29598816,-0.894181,-0.226583,0.203740,0.328010
29607149,-0.894423,-0.226139,0.203412,0.327860
29615482,-0.894315,-0.226365,0.203518,0.327932
29623815,-0.894315,-0.226649,0.203540,0.327722
29632148,-0.894289,-0.226376,0.203856,0.327788
29640481,-0.894329,-0.226044,0.203912,0.327871
29648814,-0.894410,-0.226018,0.203884,0.327686
29657147,-0.894746,-0.226428,0.202517,0.327334
29665480,-0.894530,-0.226049,0.203668,0.327471
29673813,-0.894588,-0.225866,0.202809,0.327971
29682146,-0.894603,-0.225700,0.202846,0.328022
29690479,-0.894558,-0.225821,0.203691,0.327539
29698812,-0.894683,-0.225750,0.203480,0.327378
29707145,-0.894609,-0.225703,0.203722,0.327460
29715478,-0.894537,-0.225214,0.203974,0.327837
29723811,-0.894786,-0.224687,0.203641,0.327727
29732144,-0.894859,-0.224435,0.203623,0.327711
29740477,-0.895005,-0.224374,0.203446,0.327463
29748810,-0.895059,-0.224039,0.203438,0.327551
29757143,-0.895098,-0.223719,0.203931,0.327356
29765476,-0.895377,-0.223791,0.204402,0.326248
29773809,-0.896874,-0.223619,0.202232,0.323595
29782142,-0.898616,-0.223954,0.198697,0.320707
29790475,-0.899777,-0.224333,0.196590,0.318477
29798808,-0.901478,-0.224617,0.192867,0.315731
29807141,-0.903948,-0.225541,0.189028,0.310287
29815474,-0.907177,-0.226712,0.182069,0.304108
29823807,-0.910472,-0.228117,0.174039,0.297848
29832140,-0.914542,-0.230254,0.164753,0.288881
29840473,-0.918857,-0.232294,0.156013,0.278211
29848806,-0.921862,-0.233751,0.149865,0.270318
29857139,-0.922750,-0.234817,0.147622,0.267584
29865472,-0.923496,-0.235042,0.145410,0.266019
29873805,-0.924314,-0.235454,0.142734,0.264257
29882138,-0.925195,-0.235608,0.140648,0.262148
29890471,-0.925468,-0.235766,0.140378,0.261183
29898804,-0.925419,-0.235801,0.141070,0.260955
29907137,-0.924946,-0.235366,0.143918,0.261467
29915470,-0.924321,-0.234371,0.147389,0.262636
29923803,-0.923437,-0.233633,0.150440,0.264665
29932136,-0.922458,-0.232683,0.153089,0.267384
29940469,-0.921253,-0.231718,0.156499,0.270386
29948802,-0.920138,-0.230466,0.159782,0.273317
29957135,-0.919008,-0.229677,0.163367,0.275653
29965468,-0.918140,-0.228955,0.166885,0.277035
29973801,-0.917762,-0.228779,0.168057,0.277723
29982134,-0.917371,-0.227821,0.170192,0.278500
29990467,-0.917899,-0.227599,0.167225,0.278740
29998800,-0.917701,-0.227053,0.168379,0.279142
30007133,-0.917590,-0.227226,0.169088,0.278936
30015466,-0.917405,-0.226591,0.171348,0.278681
30023799,-0.917555,-0.225615,0.171844,0.278676
30032132,-0.917867,-0.224277,0.171811,0.278749
30040465,-0.918288,-0.223183,0.171672,0.278325
30048798,-0.918117,-0.221942,0.173308,0.278868
30057131,-0.918283,-0.221373,0.173456,0.278681
30065464,-0.918457,-0.221745,0.172916,0.278147
30073797,-0.918516,-0.221798,0.172810,0.277975
30082130,-0.918384,-0.221814,0.172832,0.278385
30090463,-0.918287,-0.221080,0.173212,0.279053
30098796,-0.918272,-0.220831,0.173006,0.279428
30107129,-0.918719,-0.220937,0.170286,0.279544
30115462,-0.918442,-0.221170,0.171670,0.279423
30123795,-0.918359,-0.220936,0.172562,0.279331
30132128,-0.918350,-0.220496,0.172613,0.279677
30140461,-0.918419,-0.220447,0.172183,0.279754
30148794,-0.918765,-0.220454,0.170242,0.279801
30157127,-0.918853,-0.220283,0.170076,0.279749
30165460,-0.918988,-0.220014,0.169833,0.279662
30173793,-0.919114,-0.219780,0.169588,0.279581
30182126,-0.919096,-0.219420,0.170435,0.279409
30190459,-0.919037,-0.219563,0.170631,0.279372
30198792,-0.919085,-0.219714,0.170475,0.279191
30207125,-0.919235,-0.219449,0.170151,0.279101
30215458,-0.919289,-0.219702,0.169936,0.278854
30223791,-0.919255,-0.219493,0.170628,0.278710
30232124,-0.919296,-0.219813,0.170589,0.278346
30240457,-0.919298,-0.219909,0.170426,0.278362
30248790,-0.918968,-0.219426,0.173131,0.278165
30257123,-0.918971,-0.219448,0.173374,0.277984
30265456,-0.919093,-0.219064,0.173448,0.277840
30273789,-0.919427,-0.219222,0.171843,0.277606
30282122,-0.919212,-0.218902,0.173663,0.277437
30290455,-0.919021,-0.218903,0.175267,0.277061
30298788,-0.919191,-0.218352,0.175693,0.276664
30307121,-0.919341,-0.218274,0.177069,0.275347
30315454,-0.918788,-0.217530,0.180447,0.275588
30323787,-0.918829,-0.216979,0.181160,0.275417
30332120,-0.918515,-0.215855,0.182478,0.276476
30340453,-0.918562,-0.215088,0.183195,0.276444
30348786,-0.917553,-0.214272,0.189148,0.276417
30357119,-0.917595,-0.213482,0.191303,0.275406
30365452,-0.917429,-0.212786,0.195165,0.273782
30373785,-0.916439,-0.211328,0.201422,0.273696
30382118,-0.915747,-0.209695,0.207938,0.272391
30390451,-0.915157,-0.206347,0.215638,0.270939
30398784,-0.914514,-0.204062,0.224103,0.267958
30407117,-0.915217,-0.204623,0.225909,0.263576
30415450,-0.914870,-0.202628,0.234431,0.258839
30423783,-0.912758,-0.198077,0.248931,0.256265
30432116,-0.909163,-0.192994,0.266768,0.254972
30440449,-0.905055,-0.188707,0.284579,0.253534
30448782,-0.899715,-0.182788,0.303535,0.254888
30457115,-0.892960,-0.177815,0.325095,0.255573
30465448,-0.884749,-0.170424,0.347911,0.259099
30473781,-0.875377,-0.164794,0.372353,0.260596
30482114,-0.865261,-0.159578,0.396656,0.261768
30490447,-0.855261,-0.151769,0.419365,0.263871
30498780,-0.844599,-0.143958,0.441557,0.266375
30507113,-0.837836,-0.139100,0.456393,0.265307
30515446,-0.832729,-0.135663,0.467990,0.262949
30523779,-0.831477,-0.134335,0.472550,0.259415
30532112,-0.831645,-0.132878,0.474893,0.255316
30540445,-0.832124,-0.132745,0.476534,0.250724
30548778,-0.833470,-0.133737,0.475233,0.248185
30557111,-0.835090,-0.134309,0.472765,0.247142
30565444,-0.835986,-0.133966,0.469195,0.251072
30573777,-0.834880,-0.134930,0.468777,0.254986
30582110,-0.834658,-0.136150,0.466376,0.259427
30590443,-0.833004,-0.134989,0.466247,0.265511
30598776,-0.832054,-0.134724,0.465517,0.269869
30607109,-0.832093,-0.135039,0.463804,0.272528
30615442,-0.833684,-0.137872,0.459500,0.273536
30623775,-0.834568,-0.141901,0.456664,0.273528
30632108,-0.835886,-0.144342,0.452156,0.275708
30640441,-0.836426,-0.151005,0.449689,0.274535
30648774,-0.837894,-0.155092,0.446366,0.273201
30657107,-0.840998,-0.162784,0.440364,0.268893
30665440,-0.842202,-0.168071,0.438073,0.265593
30673773,-0.844344,-0.175986,0.433148,0.261717
30682106,-0.845137,-0.183080,0.431001,0.257807
30690439,-0.846606,-0.193160,0.426042,0.253842
30698772,-0.846154,-0.203042,0.424722,0.249818
30707105,-0.845228,-0.208501,0.425819,0.246567
30715438,-0.844736,-0.218743,0.422465,0.245145
30723771,-0.844211,-0.229972,0.418455,0.243551
30732104,-0.844565,-0.239350,0.413161,0.242321
30740437,-0.842689,-0.245809,0.413462,0.241871
30748770,-0.840935,-0.253002,0.412230,0.242660
30757103,-0.839820,-0.257583,0.411227,0.243405
30765436,-0.837777,-0.263323,0.411702,0.243499
30773769,-0.835141,-0.269764,0.413401,0.242626
30782102,-0.833620,-0.271677,0.415325,0.242434
30790435,-0.833071,-0.276143,0.415170,0.239523
30798768,-0.830105,-0.282995,0.418475,0.236048
30807101,-0.829383,-0.288408,0.418750,0.231501
30815434,-0.829593,-0.292759,0.418207,0.226207
30823767,-0.826558,-0.297996,0.423985,0.219629
30832100,-0.824909,-0.301669,0.427621,0.213687
30840433,-0.822381,-0.307201,0.432146,0.206319
30848766,-0.819880,-0.308684,0.438612,0.200327
30857099,-0.819360,-0.311859,0.440702,0.192810
30865432,-0.815345,-0.313850,0.449740,0.185593
30873765,-0.812422,-0.313323,0.457968,0.179066
30882098,-0.807598,-0.314234,0.467369,0.174954
30890431,-0.806757,-0.325246,0.466791,0.159577
30898764,-0.798639,-0.330741,0.478314,0.154923
30907097,-0.792168,-0.337408,0.486892,0.146839
30915430,-0.783199,-0.339182,0.501323,0.142229
30923763,-0.775258,-0.345723,0.511698,0.132727
30932096,-0.766113,-0.345348,0.527215,0.125896
30940429,-0.756622,-0.341180,0.545111,0.118210
30948762,-0.747090,-0.330191,0.566233,0.110502
30957095,-0.741084,-0.312848,0.585115,0.102769
30965428,-0.728885,-0.290924,0.612078,0.097211
30973761,-0.716598,-0.262122,0.639738,0.092272
30982094,-0.701703,-0.231614,0.668063,0.087521
30990427,-0.683382,-0.195582,0.697667,0.089430
30998760,-0.663349,-0.161626,0.725104,0.089830
31007093,-0.640701,-0.130025,0.751090,0.091979
31015426,-0.622544,-0.103830,0.770230,0.091680
31023759,-0.617280,-0.080164,0.777218,0.092043
31032092,-0.612643,-0.063315,0.782625,0.090327
31040425,-0.603329,-0.051801,0.790136,0.094853
31048758,-0.593906,-0.047503,0.796846,0.100276
31057091,-0.601659,-0.051467,0.790127,0.105150
31065424,-0.606207,-0.061816,0.784628,0.114241
31073757,-0.608450,-0.072286,0.780568,0.123598
31082090,-0.614126,-0.092351,0.772880,0.130297
31090423,-0.611678,-0.110311,0.771119,0.138047
31098756,-0.614624,-0.129659,0.764161,0.146571
31107089,-0.622271,-0.151091,0.753179,0.150573
31115422,-0.618996,-0.166570,0.750361,0.161420
31123755,-0.612804,-0.187763,0.749743,0.164624
31132088,-0.614520,-0.210430,0.741661,0.167400
31140421,-0.616522,-0.229103,0.732291,0.176529
31148754,-0.618986,-0.244741,0.723832,0.181731
31157087,-0.623449,-0.265246,0.712108,0.184008
31165420,-0.621407,-0.282353,0.706598,0.186679
31173753,-0.627632,-0.307395,0.690504,0.186522
31182086,-0.629789,-0.328641,0.678187,0.188210
31190419,-0.632218,-0.347229,0.667129,0.186204
31198752,-0.632866,-0.365734,0.656752,0.185464
31207085,-0.635233,-0.380105,0.645732,0.187162
31215418,-0.635370,-0.397444,0.636607,0.181865
31223751,-0.640168,-0.416952,0.620130,0.178254
31232084,-0.642939,-0.438039,0.604498,0.171273
31240417,-0.638699,-0.447085,0.603860,0.165929
31248750,-0.636510,-0.461335,0.596485,0.161959
31257083,-0.637184,-0.474948,0.586033,0.158070
31265416,-0.633095,-0.482316,0.585084,0.155684
31273749,-0.638472,-0.500162,0.565258,0.150583
31282082,-0.637814,-0.513380,0.555809,0.143913
31290415,-0.633758,-0.530423,0.548477,0.127178
31298748,-0.632162,-0.539909,0.542623,0.120122
31307081,-0.629732,-0.554144,0.533770,0.107016
31315414,-0.624777,-0.564029,0.531665,0.094109
31323747,-0.618639,-0.572781,0.531530,0.081753
31332080,-0.605791,-0.591509,0.529255,0.054987
31340413,-0.596689,-0.598379,0.532571,0.047679
31348746,-0.583500,-0.615261,0.529352,0.027712
31357079,-0.573024,-0.623972,0.530949,0.019891
31365412,-0.550985,-0.641344,0.533932,0.003121
31373745,-0.542385,-0.658236,0.522020,-0.006221
31382078,-0.513605,-0.662328,0.545437,-0.005444
31390411,-0.491218,-0.667504,0.559569,-0.004997
31398744,-0.478178,-0.673827,0.563293,-0.001861
31407077,-0.463629,-0.676924,0.571665,-0.004657
31415410,-0.450708,-0.677893,0.580795,-0.000834
31423743,-0.440927,-0.684598,0.580329,0.011279
31432076,-0.425211,-0.686600,0.589067,0.027846
31440409,-0.416134,-0.692399,0.588121,0.039107
31448742,-0.413458,-0.700163,0.581023,0.035167
31457075,-0.410224,-0.701306,0.581810,0.037193
31465408,-0.409047,-0.698101,0.585899,0.045357
31473741,-0.408026,-0.697959,0.586746,0.045798
31482074,-0.409395,-0.694996,0.589051,0.048941
31490407,-0.410126,-0.696206,0.586759,0.052988
31498740,-0.411758,-0.698863,0.581835,0.059271
31507073,-0.411467,-0.705514,0.574635,0.052336
31515406,-0.410262,-0.707828,0.572853,0.050042
31523739,-0.409085,-0.708237,0.573220,0.049676
31532072,-0.407440,-0.709613,0.572842,0.047891
31540405,-0.387804,-0.707219,0.586867,0.070970
31548738,-0.364528,-0.702476,0.603845,0.094960
31557071,-0.364671,-0.702914,0.603301,0.094630
31565404,-0.360113,-0.706292,0.601665,0.097316
31573737,-0.367358,-0.701430,0.601958,0.103397
31582070,-0.363379,-0.710739,0.594579,0.096342
31590403,-0.371024,-0.663237,0.644932,0.080758
31598736,-0.394263,-0.673475,0.622898,0.054638
31607069,-0.378350,-0.661185,0.643912,0.071153
31615402,-0.371421,-0.660668,0.648167,0.073782
31623735,-0.368386,-0.671726,0.637888,0.078578
31632068,-0.363676,-0.677719,0.634390,0.077367
31640401,-0.361202,-0.679917,0.633931,0.073335
31648734,-0.358100,-0.677644,0.638857,0.066516
31657067,-0.356843,-0.680139,0.637676,0.058682
31665400,-0.353691,-0.680847,0.638721,0.058190
31673733,-0.350544,-0.679918,0.641284,0.059875
31682066,-0.341488,-0.677658,0.647751,0.067705
31690399,-0.341866,-0.677721,0.647143,0.070899
31698732,-0.340861,-0.675434,0.649674,0.074340
31707065,-0.344107,-0.679305,0.643782,0.075359
31715398,-0.348440,-0.680607,0.640163,0.074531
31723731,-0.349688,-0.680964,0.638865,0.076538
31732064,-0.350867,-0.680779,0.638056,0.079481
31740397,-0.350112,-0.684343,0.635073,0.076016
31748730,-0.353958,-0.687359,0.630280,0.070711
31757063,-0.354919,-0.686511,0.630440,0.072669
31765396,-0.356647,-0.686303,0.629348,0.075576
31773729,-0.359997,-0.690243,0.623391,0.073146
31782062,-0.361917,-0.692280,0.620407,0.069701
31790395,-0.363574,-0.692471,0.619156,0.070310
31798728,-0.365272,-0.692418,0.618078,0.071512
31807061,-0.360387,-0.702383,0.611200,0.056690
31815394,-0.358379,-0.706459,0.608127,0.051592
31823727,-0.359276,-0.705441,0.608517,0.054592
31832060,-0.361065,-0.703873,0.608718,0.060473
31840393,-0.366595,-0.697687,0.611041,0.073957
31848726,-0.370868,-0.695411,0.610889,0.075334
31857059,-0.372971,-0.695404,0.609912,0.072897
31865392,-0.374962,-0.695224,0.609023,0.071814
31873725,-0.376339,-0.694975,0.608563,0.070929
31882058,-0.376764,-0.695427,0.608003,0.069019
31890391,-0.376862,-0.696655,0.606890,0.065809
31898724,-0.376538,-0.697494,0.606421,0.063047
31907057,-0.376298,-0.698006,0.606141,0.061481
31915390,-0.376320,-0.698189,0.605984,0.060822
31923723,-0.376462,-0.698119,0.606009,0.060492
31932056,-0.376376,-0.698279,0.606000,0.059255
31940389,-0.376857,-0.697584,0.606453,0.059752
31948722,-0.377286,-0.697610,0.606240,0.058900
31957055,-0.378092,-0.696696,0.606657,0.060237
31965388,-0.378930,-0.695708,0.607192,0.060998
31973721,-0.379808,-0.695106,0.607339,0.060938
31982054,-0.380425,-0.694653,0.607467,0.060967
31990387,-0.381660,-0.693447,0.607914,0.062508
31998720,-0.381589,-0.693859,0.607521,0.062182
32007053,-0.381586,-0.693022,0.608248,0.064399
32015386,-0.381002,-0.692230,0.609301,0.066396
32023719,-0.380327,-0.692273,0.609697,0.066167
32032052,-0.378915,-0.693185,0.609717,0.064524
32040385,-0.376689,-0.693326,0.611010,0.063803
32048718,-0.376650,-0.691815,0.612684,0.064386
32057051,-0.376001,-0.691019,0.614276,0.061495
32065384,-0.374651,-0.690711,0.615920,0.056550
32073717,-0.375478,-0.687724,0.618962,0.054208
32082050,-0.375831,-0.686634,0.620372,0.049230
32090383,-0.373740,-0.688137,0.620651,0.039734
32098716,-0.372063,-0.689046,0.620942,0.034869
32107049,-0.380453,-0.680567,0.625805,0.021247
32115382,-0.387690,-0.681016,0.621186,0.006428
32123714,-0.389153,-0.684244,0.616738,-0.002091
32132047,-0.390684,-0.674975,0.625874,-0.007518
32140380,-0.387585,-0.687898,0.613656,-0.001202
32148714,-0.393030,-0.694205,0.602976,-0.005161
32157047,-0.397722,-0.698590,0.594792,-0.003368
32165380,-0.399778,-0.680065,0.614345,-0.016410
32173713,-0.395634,-0.671351,0.626533,-0.014749
32182046,-0.384842,-0.677115,0.627220,0.002629
32190379,-0.384043,-0.680471,0.624068,0.003088
32198712,-0.383770,-0.684509,0.619801,-0.003703
32207045,-0.384566,-0.686419,0.617187,-0.004217
32215378,-0.385442,-0.688826,0.613950,-0.004428
32223711,-0.389496,-0.689391,0.610759,-0.002599
32232044,-0.392407,-0.692916,0.604862,-0.005152
32240377,-0.395171,-0.696438,0.598959,-0.007866
32248710,-0.401664,-0.688295,0.604082,-0.000963
32257043,-0.404926,-0.687845,0.602404,-0.003754
32265376,-0.405980,-0.688443,0.600988,-0.006379
32273709,-0.409060,-0.678518,0.609881,-0.018113
32282041,-0.412451,-0.676624,0.609582,-0.021766
32290374,-0.414538,-0.673374,0.611619,-0.025475
32298707,-0.414000,-0.671584,0.614006,-0.023994
32307040,-0.415606,-0.663344,0.621887,-0.022406
32315374,-0.415766,-0.658844,0.626627,-0.020024
32323707,-0.418547,-0.668593,0.614545,-0.011728
32332040,-0.419377,-0.671862,0.610436,-0.009608
32340373,-0.421637,-0.674742,0.605690,-0.009220
32348706,-0.427137,-0.663980,0.613745,0.001427
32357039,-0.424315,-0.665157,0.614370,-0.008502
32365372,-0.412853,-0.664185,0.623071,0.013890
32373705,-0.406289,-0.680433,0.609869,-0.000498
32382038,-0.404415,-0.686227,0.604597,-0.001654
32390371,-0.402819,-0.692594,0.598331,-0.007077
32398704,-0.403472,-0.692058,0.598548,-0.002695
32407037,-0.405035,-0.690960,0.598764,-0.001409
32415370,-0.408171,-0.691195,0.596317,-0.007189
32423703,-0.408579,-0.692268,0.594780,-0.008115
32432036,-0.412170,-0.692282,0.592218,-0.011816
32440369,-0.411075,-0.693263,0.591792,-0.013639
32448701,-0.413552,-0.662331,0.622454,-0.053325
32457034,-0.415328,-0.659599,0.623517,-0.060488
32465367,-0.416286,-0.660002,0.622982,-0.054731
32473701,-0.414282,-0.663731,0.619722,-0.061448
32482034,-0.412828,-0.667840,0.616146,-0.062668
32490367,-0.411786,-0.675436,0.608855,-0.059282
32498700,-0.410706,-0.669447,0.616665,-0.053718
32507033,-0.412123,-0.672775,0.612451,-0.049327
32515366,-0.412223,-0.676165,0.608923,-0.045667
32523699,-0.412625,-0.677488,0.607362,-0.043163
32532032,-0.413265,-0.677648,0.606874,-0.041345
32540365,-0.414038,-0.677911,0.606041,-0.041519
32548698,-0.414550,-0.678661,0.604750,-0.042948
32557031,-0.411559,-0.671013,0.614755,-0.049366
32565364,-0.410121,-0.674405,0.612551,-0.041949
32573697,-0.410841,-0.678251,0.608137,-0.036803
32582030,-0.412088,-0.682947,0.602245,-0.032685
32590363,-0.412444,-0.684261,0.600529,-0.032265
32598696,-0.415963,-0.685444,0.596616,-0.034485
32607028,-0.412031,-0.681713,0.603208,-0.040466
32615361,-0.409658,-0.678858,0.608185,-0.037998
32623694,-0.408000,-0.680327,0.608064,-0.030812
32632028,-0.407014,-0.678855,0.610247,-0.033083
32640361,-0.409610,-0.679326,0.607904,-0.034469
32648694,-0.407673,-0.683321,0.605108,-0.026824
32657027,-0.407804,-0.687419,0.600444,-0.024863
32665360,-0.405546,-0.678840,0.611435,-0.029249
32673693,-0.404527,-0.678529,0.612525,-0.027733
32682026,-0.404685,-0.678876,0.612069,-0.027013
32690359,-0.401935,-0.678980,0.613948,-0.022406
32698692,-0.406441,-0.684619,0.604725,-0.020252
32707025,-0.407726,-0.687428,0.600723,-0.018269
32715358,-0.404691,-0.677456,0.614029,-0.015730
32723691,-0.405193,-0.679271,0.611610,-0.018482
32732024,-0.405271,-0.682317,0.608187,-0.017524
32740357,-0.406396,-0.683969,0.605616,-0.016070
32748690,-0.410032,-0.680503,0.607189,-0.010565
32757023,-0.405488,-0.675915,0.615057,-0.020581
32765355,-0.404551,-0.675917,0.615560,-0.023677
32773688,-0.406712,-0.673253,0.617353,-0.013821
32782021,-0.410673,-0.674710,0.613203,-0.009838
32790355,-0.409479,-0.680477,0.607349,-0.020128
32798688,-0.408848,-0.681830,0.606075,-0.025002
32807021,-0.408837,-0.681969,0.605948,-0.024446
32815354,-0.408983,-0.682221,0.605601,-0.023572
32823687,-0.410193,-0.682205,0.604793,-0.023730
32832020,-0.410253,-0.683500,0.603215,-0.025532
32840353,-0.410894,-0.683506,0.602771,-0.025542
32848686,-0.411427,-0.683995,0.601847,-0.025665
32857019,-0.411520,-0.684710,0.600961,-0.025869
32865352,-0.411868,-0.685266,0.600073,-0.026244
32873685,-0.412441,-0.685599,0.599271,-0.026849
32882018,-0.412528,-0.685928,0.598839,-0.026732
32890351,-0.412850,-0.686435,0.598030,-0.026887
32898684,-0.413270,-0.686775,0.597350,-0.026842
32907017,-0.414316,-0.686062,0.597552,-0.024350
32915350,-0.414745,-0.685538,0.597918,-0.022774
32923683,-0.415310,-0.685318,0.597780,-0.022729
32932015,-0.415847,-0.684254,0.598693,-0.020843
32940348,-0.415401,-0.684334,0.599003,-0.018013
32948681,-0.415005,-0.685059,0.598414,-0.019110
32957015,-0.414551,-0.685358,0.598392,-0.018953
32965348,-0.416126,-0.683889,0.599031,-0.017238
32973681,-0.415832,-0.684297,0.598812,-0.015662
32982014,-0.416414,-0.683682,0.599079,-0.016799
32990347,-0.415908,-0.683827,0.599225,-0.018162
32998680,-0.415535,-0.684255,0.598961,-0.019266
33007013,-0.415467,-0.684438,0.598794,-0.019443
33015346,-0.415231,-0.685290,0.597926,-0.021097
33023679,-0.414634,-0.685917,0.597653,-0.020181
33032012,-0.415469,-0.685244,0.597888,-0.018879
33040345,-0.415938,-0.684976,0.597905,-0.017698
33048678,-0.415827,-0.684974,0.598037,-0.015822
33057011,-0.415871,-0.684943,0.598059,-0.015164
33065344,-0.415185,-0.686171,0.597107,-0.015919
33073677,-0.415590,-0.685703,0.597407,-0.014179
33082010,-0.415813,-0.685656,0.597313,-0.013914
33090342,-0.415629,-0.686901,0.595947,-0.016347
33098675,-0.413859,-0.686899,0.597165,-0.016833
33107008,-0.412749,-0.686696,0.598225,-0.014609
33115342,-0.412048,-0.688291,0.596858,-0.015273
33123675,-0.412629,-0.688996,0.595659,-0.014589
33132008,-0.413248,-0.689575,0.594580,-0.013683
33140341,-0.413983,-0.689863,0.593749,-0.013000
33148674,-0.414812,-0.690279,0.592693,-0.012699
33157007,-0.415313,-0.691130,0.591333,-0.013436
33165340,-0.415640,-0.691956,0.590098,-0.015004
33173673,-0.416402,-0.692278,0.589176,-0.015236
33182006,-0.416807,-0.693477,0.587472,-0.015462
33190339,-0.417215,-0.694442,0.586015,-0.016378
33198672,-0.418251,-0.693671,0.586219,-0.015317
33207005,-0.418220,-0.694966,0.584649,-0.017282
33215338,-0.418614,-0.695242,0.584006,-0.018351
33223671,-0.418604,-0.695828,0.583284,-0.019375
33232004,-0.419048,-0.696588,0.582011,-0.020693
33240337,-0.419249,-0.697041,0.581301,-0.021261
33248669,-0.419950,-0.696318,0.581690,-0.020518
33257002,-0.420374,-0.696242,0.581475,-0.020513
33265335,-0.420472,-0.696790,0.580720,-0.021232
33273669,-0.421319,-0.697079,0.579700,-0.022780
33282002,-0.424568,-0.693049,0.582295,-0.018890
33290335,-0.425736,-0.695456,0.578378,-0.023868
33298668,-0.426397,-0.697245,0.575614,-0.026531
33307001,-0.429560,-0.694080,0.577324,-0.020708
33315334,-0.431157,-0.692290,0.578306,-0.020011
33323667,-0.432717,-0.690174,0.579682,-0.019610
33332000,-0.433617,-0.689194,0.580126,-0.021027
33340333,-0.434128,-0.689152,0.579771,-0.021638
33348666,-0.431997,-0.692965,0.576553,-0.027659
33356999,-0.430232,-0.694687,0.575765,-0.028369
33365332,-0.429121,-0.695105,0.576082,-0.028528
33373665,-0.428844,-0.695170,0.576191,-0.028902
33381998,-0.428846,-0.695237,0.576106,-0.028947
33390331,-0.428285,-0.696282,0.575214,-0.029864
33398664,-0.431131,-0.692776,0.577614,-0.023425
33406997,-0.430179,-0.695297,0.575050,-0.028723
33415329,-0.429130,-0.696862,0.573854,-0.030362
33423662,-0.429078,-0.696187,0.574771,-0.029226
33431995,-0.428956,-0.697798,0.572909,-0.029154
33440329,-0.429418,-0.697380,0.573123,-0.028124
33448662,-0.428811,-0.697991,0.572793,-0.028928
33456995,-0.428831,-0.698574,0.572038,-0.029509
33465328,-0.428782,-0.699040,0.571500,-0.029614
33473661,-0.429049,-0.699081,0.571265,-0.029301
33481994,-0.432273,-0.694755,0.574435,-0.021900
33490327,-0.432416,-0.697191,0.571089,-0.028254
33498660,-0.431526,-0.698645,0.569882,-0.030248
33506993,-0.434500,-0.694850,0.572562,-0.023795
33515326,-0.433941,-0.696368,0.570977,-0.027432
33523659,-0.433439,-0.697376,0.570053,-0.028926
33531992,-0.433306,-0.697560,0.569918,-0.029156
33540325,-0.433233,-0.698577,0.568708,-0.029500
33548658,-0.435493,-0.695208,0.571352,-0.024289
33556991,-0.435124,-0.696683,0.569637,-0.028510
33565324,-0.434048,-0.698651,0.567929,-0.030745
33573657,-0.433805,-0.699105,0.567537,-0.031110
33581990,-0.433644,-0.698859,0.567995,-0.030526
33590323,-0.433710,-0.698762,0.568075,-0.030302
33598656,-0.434524,-0.698874,0.567309,-0.030413
33606989,-0.434717,-0.699140,0.566840,-0.030283
33615322,-0.435471,-0.697625,0.568231,-0.028252
33623655,-0.436290,-0.697215,0.568136,-0.027642
33631988,-0.436292,-0.697943,0.567198,-0.028492
33640321,-0.436853,-0.697874,0.566847,-0.028557
33648654,-0.437571,-0.697193,0.567164,-0.027892
33656987,-0.437874,-0.697113,0.567056,-0.027337
33665320,-0.438189,-0.697140,0.566793,-0.027049
33673653,-0.438300,-0.697451,0.566311,-0.027324
33681986,-0.438554,-0.697455,0.566157,-0.026338
33690319,-0.439080,-0.697450,0.565736,-0.026738
33698652,-0.439724,-0.696794,0.566046,-0.026698
33706985,-0.440274,-0.696713,0.565770,-0.025575
33715318,-0.440635,-0.696950,0.565195,-0.025630
33723651,-0.441597,-0.695947,0.565711,-0.024915
33731984,-0.441652,-0.696239,0.565293,-0.025266
33740317,-0.442153,-0.696258,0.564869,-0.025460
33748650,-0.442654,-0.696055,0.564733,-0.025339
33756983,-0.442837,-0.696153,0.564463,-0.025454
33765316,-0.443332,-0.695300,0.565140,-0.025123
33773649,-0.443733,-0.695242,0.564896,-0.025118
33781982,-0.444003,-0.695485,0.564372,-0.025431
33790315,-0.443862,-0.694829,0.565246,-0.026392
33798648,-0.444099,-0.694839,0.565080,-0.025675
33806981,-0.444157,-0.695060,0.564730,-0.026408
33815314,-0.443781,-0.695561,0.564353,-0.027556
33823647,-0.443989,-0.695420,0.564368,-0.027454
33831980,-0.444832,-0.694942,0.564305,-0.027192
33840313,-0.444889,-0.695109,0.564106,-0.026110
33848646,-0.445148,-0.694961,0.564052,-0.026800
33856979,-0.445380,-0.694752,0.564134,-0.026628
33865312,-0.445456,-0.694972,0.563813,-0.026416
33873645,-0.445427,-0.695125,0.563612,-0.027164
33881978,-0.445634,-0.695001,0.563617,-0.026837
33890311,-0.445922,-0.694945,0.563438,-0.027258
33898644,-0.446116,-0.694886,0.563348,-0.027439
33906977,-0.446026,-0.694500,0.563880,-0.027741
33915310,-0.446625,-0.694424,0.563521,-0.027288
33923643,-0.445710,-0.696050,0.562137,-0.029307
33931976,-0.445470,-0.695308,0.563283,-0.028556
33940309,-0.445907,-0.695204,0.563099,-0.027916
33948642,-0.446348,-0.695048,0.562993,-0.026850
33956975,-0.446631,-0.695600,0.562054,-0.027517
33965308,-0.446576,-0.695590,0.562077,-0.028171
33973641,-0.445390,-0.696957,0.561230,-0.029990
33981974,-0.446216,-0.696186,0.561600,-0.028666
33990307,-0.446198,-0.696727,0.560905,-0.029394
33998640,-0.446892,-0.696037,0.561234,-0.028901
34006973,-0.447044,-0.695992,0.561169,-0.028929
34015306,-0.446891,-0.695899,0.561393,-0.029152
34023639,-0.445979,-0.696667,0.561105,-0.030314
34031972,-0.446298,-0.696275,0.561357,-0.029950
34040305,-0.446215,-0.696318,0.561369,-0.029969
34048638,-0.446549,-0.696770,0.560538,-0.030040
34056971,-0.446369,-0.697520,0.559692,-0.031069
34065304,-0.445948,-0.697316,0.560292,-0.030880
34073637,-0.446089,-0.697516,0.559939,-0.030747
34081970,-0.446338,-0.697594,0.559647,-0.030670
34090303,-0.446722,-0.697443,0.559545,-0.030363
34098636,-0.446329,-0.698225,0.558823,-0.031445
34106969,-0.446472,-0.698269,0.558645,-0.031604
34115302,-0.446377,-0.697754,0.559386,-0.031216
34123635,-0.446897,-0.697715,0.559030,-0.030998
34131968,-0.446113,-0.698490,0.558639,-0.031892
34140301,-0.446932,-0.697888,0.558770,-0.031313
34148634,-0.447234,-0.697802,0.558647,-0.031112
34156967,-0.447438,-0.697970,0.558279,-0.031015
34165300,-0.447768,-0.697727,0.558341,-0.030597
34173633,-0.448169,-0.697572,0.558200,-0.030832
34181966,-0.448005,-0.698001,0.557767,-0.031343
34190299,-0.448136,-0.698214,0.557367,-0.031829
34198632,-0.448172,-0.698184,0.557378,-0.031774
34206965,-0.448528,-0.698066,0.557259,-0.031454
34215298,-0.448320,-0.697740,0.557851,-0.031150
34223631,-0.448509,-0.698309,0.556953,-0.031741
34231964,-0.448920,-0.698048,0.556960,-0.031532
34240297,-0.448671,-0.698528,0.556536,-0.031953
34248630,-0.449287,-0.698019,0.556717,-0.031268
34256963,-0.449443,-0.698048,0.556552,-0.031295
34265296,-0.449585,-0.698197,0.556245,-0.031373
34273629,-0.449826,-0.698213,0.556037,-0.031278
34281962,-0.449901,-0.698512,0.555572,-0.031776
34290295,-0.449706,-0.698499,0.555738,-0.031931
34298628,-0.449988,-0.698002,0.556171,-0.031251
34306961,-0.450255,-0.698226,0.555673,-0.031272
34315294,-0.450504,-0.698053,0.555695,-0.031166
34323627,-0.451189,-0.697940,0.555284,-0.031093
34331960,-0.451183,-0.697919,0.555321,-0.031013
34340293,-0.451319,-0.697791,0.555376,-0.030929
34348626,-0.451494,-0.697772,0.555251,-0.031038
34356959,-0.451781,-0.697695,0.555116,-0.031031
34365292,-0.452061,-0.697696,0.554886,-0.031002
34373625,-0.452331,-0.697546,0.554867,-0.030810
34381958,-0.452411,-0.697636,0.554686,-0.030859
34390291,-0.452630,-0.697615,0.554525,-0.031010
34398624,-0.452845,-0.697608,0.554362,-0.030944
34406957,-0.453047,-0.697374,0.554491,-0.030942
34415290,-0.453371,-0.697367,0.554226,-0.031122
34423623,-0.453789,-0.697079,0.554258,-0.030912
34431956,-0.453988,-0.697187,0.553954,-0.030981
34440289,-0.454209,-0.697140,0.553820,-0.031189
34448622,-0.454598,-0.696843,0.553897,-0.030793
34456955,-0.454714,-0.697054,0.553513,-0.031230
34465288,-0.455040,-0.696923,0.553404,-0.031295
34473621,-0.455221,-0.697164,0.552936,-0.031592
34481954,-0.455362,-0.697001,0.553041,-0.031324
34490287,-0.455354,-0.697842,0.551926,-0.032368
34498620,-0.455883,-0.697278,0.552218,-0.032091
34506953,-0.455636,-0.697466,0.552119,-0.033187
34515286,-0.456248,-0.697172,0.552013,-0.032730
34523619,-0.456747,-0.697109,0.551715,-0.032123
34531952,-0.456633,-0.697331,0.551537,-0.031979
34540285,-0.456767,-0.696817,0.552065,-0.032173
34548618,-0.456288,-0.698156,0.550697,-0.033368
34556951,-0.457365,-0.697235,0.550997,-0.032901
34565284,-0.457096,-0.698290,0.549833,-0.033726
34573617,-0.457536,-0.697608,0.550382,-0.032918
34581950,-0.457824,-0.697471,0.550325,-0.032790
34590283,-0.457977,-0.697556,0.550084,-0.032867
34598616,-0.458105,-0.697107,0.550533,-0.033088
34606949,-0.458156,-0.697523,0.549975,-0.032886
34615282,-0.458686,-0.697346,0.549806,-0.032080
34623615,-0.458727,-0.696981,0.550233,-0.032098
34631948,-0.458613,-0.697522,0.549620,-0.032483
34640281,-0.459771,-0.697103,0.549281,-0.030792
34648614,-0.459971,-0.697129,0.549026,-0.031763
34656947,-0.460044,-0.697084,0.549003,-0.032072
34665280,-0.460246,-0.697250,0.548643,-0.031738
34673613,-0.460529,-0.697358,0.548279,-0.031539
34681946,-0.460598,-0.697528,0.547996,-0.031679
34690279,-0.461099,-0.697154,0.548016,-0.032284
34698612,-0.461060,-0.697204,0.547998,-0.032066
34706945,-0.461500,-0.697011,0.547820,-0.032970
34715278,-0.461574,-0.697110,0.547674,-0.032254
34723611,-0.461612,-0.696638,0.548155,-0.033712
34731944,-0.461837,-0.696258,0.548399,-0.034487
34740277,-0.461860,-0.696733,0.547862,-0.033093
34748610,-0.462225,-0.696857,0.547475,-0.031785
34756943,-0.462186,-0.697185,0.547091,-0.031750
34765276,-0.462207,-0.697274,0.546890,-0.032937
34773609,-0.462444,-0.696776,0.547274,-0.033762
34781942,-0.462888,-0.696581,0.547179,-0.033248
34790275,-0.462564,-0.697730,0.545958,-0.033703
34798608,-0.462815,-0.697547,0.546022,-0.033016
34806941,-0.463521,-0.697177,0.545960,-0.031955
34815274,-0.463500,-0.697173,0.545931,-0.032836
34823607,-0.463508,-0.697337,0.545695,-0.033146
34831940,-0.463347,-0.698036,0.544828,-0.034889
34840273,-0.463612,-0.697481,0.545397,-0.033560
34848606,-0.463913,-0.696906,0.545892,-0.033303
34856939,-0.464019,-0.696690,0.546017,-0.034282
34865272,-0.463435,-0.696508,0.546601,-0.036503
34873605,-0.463872,-0.695597,0.547398,-0.036379
34881938,-0.464217,-0.696220,0.546470,-0.033930
34890271,-0.464505,-0.696908,0.545325,-0.034278
34898604,-0.464374,-0.696872,0.545416,-0.035322
34906937,-0.464359,-0.697733,0.544316,-0.035500
34915270,-0.465337,-0.695594,0.546137,-0.036663
34923603,-0.464824,-0.696078,0.545912,-0.037326
34931936,-0.465216,-0.696403,0.545264,-0.035836
34940269,-0.465674,-0.696602,0.544662,-0.035154
34948602,-0.465659,-0.696900,0.544283,-0.035334
34956935,-0.465299,-0.697783,0.543368,-0.036689
34965268,-0.465584,-0.696800,0.544408,-0.036347
34973601,-0.466037,-0.696653,0.544251,-0.035697
34981934,-0.466364,-0.696908,0.543653,-0.035575
34990267,-0.466639,-0.696977,0.543341,-0.035383
34998600,-0.467515,-0.696777,0.542843,-0.035389
35006933,-0.467546,-0.696937,0.542654,-0.034747
35015266,-0.467519,-0.697065,0.542487,-0.035126
35023599,-0.468052,-0.696394,0.542928,-0.034530
35031932,-0.468435,-0.696285,0.542745,-0.034397
35040265,-0.468409,-0.696806,0.542108,-0.034253
35048598,-0.469158,-0.696400,0.542041,-0.033303
35056931,-0.469525,-0.696246,0.541921,-0.033322
35065264,-0.469407,-0.696675,0.541435,-0.033905
35073597,-0.469527,-0.696662,0.541382,-0.033359
35081930,-0.469743,-0.696797,0.541021,-0.033331
35090263,-0.470260,-0.696540,0.540912,-0.033192
35098596,-0.469601,-0.697777,0.539771,-0.035055
35106929,-0.470080,-0.697058,0.540360,-0.033871
35115262,-0.470939,-0.696832,0.539942,-0.033211
35123595,-0.470835,-0.696796,0.540111,-0.032704
35131928,-0.470979,-0.696613,0.540241,-0.032387
35140261,-0.471388,-0.696477,0.540085,-0.031962
35148594,-0.471167,-0.696670,0.540017,-0.032161
35156927,-0.471385,-0.696534,0.539994,-0.032300
35165260,-0.471576,-0.696469,0.539924,-0.032065
35173593,-0.472066,-0.696044,0.540080,-0.031464
35181926,-0.472387,-0.695912,0.539974,-0.031381
35190259,-0.472556,-0.695886,0.539855,-0.031465
35198592,-0.472742,-0.695756,0.539891,-0.030928
35206925,-0.472531,-0.696537,0.539046,-0.031312
35215258,-0.473154,-0.695673,0.539651,-0.030680
35223591,-0.473577,-0.695247,0.539852,-0.030294
35231924,-0.473891,-0.695208,0.539617,-0.030432
35240257,-0.473293,-0.696399,0.538541,-0.031559
35248590,-0.474090,-0.694980,0.539780,-0.029653
35256923,-0.472689,-0.693952,0.542310,-0.029951
35265256,-0.471361,-0.694663,0.542497,-0.030967
35273589,-0.479800,-0.682120,0.551527,-0.017979
35281922,-0.475397,-0.693615,0.540446,-0.028526
35290255,-0.473254,-0.697297,0.537475,-0.030485
35298588,-0.473228,-0.697224,0.537756,-0.027421
35306921,-0.473694,-0.697087,0.537561,-0.026678
35315254,-0.474178,-0.697067,0.537251,-0.024777
35323587,-0.474587,-0.697491,0.536384,-0.023768
35331920,-0.476072,-0.696679,0.536316,-0.018974
35340253,-0.477029,-0.697228,0.534692,-0.020521
35348586,-0.478469,-0.695536,0.535627,-0.020026
35356919,-0.478225,-0.695184,0.536286,-0.020406
35365252,-0.479756,-0.692726,0.538247,-0.015977
35373585,-0.480298,-0.694112,0.535900,-0.018251
35381918,-0.463358,-0.695757,0.548832,0.002423
35390251,-0.450261,-0.695175,0.560064,0.018021
35398584,-0.440538,-0.694969,0.567518,0.029471
35406917,-0.436808,-0.693934,0.571435,0.033392
35415250,-0.434916,-0.691417,0.575927,0.033143
35423583,-0.433437,-0.690144,0.578493,0.034338
35431916,-0.433245,-0.688795,0.580198,0.035088
35440249,-0.432920,-0.692072,0.576256,0.039327
35448582,-0.431610,-0.692427,0.576731,0.040492
35456915,-0.429383,-0.692921,0.577574,0.043570
35465248,-0.426760,-0.693424,0.578616,0.047354
35473581,-0.424143,-0.694191,0.579326,0.050823
35481914,-0.423847,-0.694818,0.578699,0.051854
35490247,-0.424458,-0.694688,0.578331,0.052704
35498580,-0.425120,-0.694307,0.578347,0.052205
35506913,-0.425521,-0.694374,0.578054,0.051281
35515246,-0.425462,-0.693926,0.578719,0.050332
35523579,-0.426541,-0.694755,0.576967,0.049872
35531912,-0.427330,-0.694911,0.576295,0.048710
35540245,-0.428331,-0.694614,0.575923,0.048550
35548578,-0.429386,-0.693862,0.575974,0.049359
35556911,-0.430097,-0.694061,0.575173,0.049712
35565244,-0.430044,-0.694043,0.575151,0.050674
35573577,-0.432101,-0.692708,0.575198,0.050905
35581910,-0.432217,-0.692617,0.575349,0.049431
35590243,-0.432424,-0.692377,0.575469,0.049589
35598576,-0.414267,-0.708264,0.563702,0.094791
35606909,-0.409862,-0.714332,0.557728,0.103355
35615242,-0.411653,-0.713844,0.557320,0.101796
35623575,-0.412130,-0.712378,0.558706,0.102534
35631908,-0.412913,-0.712654,0.558115,0.100674
35640241,-0.413288,-0.711204,0.558974,0.104544
35648574,-0.412013,-0.713765,0.557195,0.101575
35656907,-0.411890,-0.715657,0.555394,0.098581
35665240,-0.412146,-0.714502,0.556222,0.101189
35673573,-0.412452,-0.712157,0.558388,0.104491
35681906,-0.412321,-0.715424,0.555452,0.098145
35690239,-0.412408,-0.712663,0.557952,0.103542
35698572,-0.412186,-0.712804,0.557769,0.104437
35706905,-0.412366,-0.712395,0.558125,0.104615
35715238,-0.412978,-0.711886,0.558222,0.105141
35723571,-0.413081,-0.712922,0.557342,0.102348
35731904,-0.412625,-0.712875,0.557604,0.103095
35740237,-0.413398,-0.711794,0.558549,0.102346
35748570,-0.413439,-0.712080,0.558082,0.102738
35756903,-0.413728,-0.711961,0.557921,0.103275
35765236,-0.413502,-0.712364,0.557732,0.102410
35773569,-0.412939,-0.713264,0.556937,0.102745
35781902,-0.433784,-0.693565,0.571676,0.063130
35790235,-0.438415,-0.688297,0.575572,0.052510
35798568,-0.437109,-0.688877,0.575645,0.054923
35806901,-0.436241,-0.688743,0.576023,0.059370
35815234,-0.436013,-0.688605,0.576319,0.059772
35823567,-0.435656,-0.688175,0.577040,0.060369
35831900,-0.435507,-0.688376,0.576951,0.060005
35840233,-0.437451,-0.688758,0.575062,0.059599
35848566,-0.440232,-0.689123,0.572662,0.058001
35856899,-0.442219,-0.689168,0.571238,0.056361
35865232,-0.442695,-0.689912,0.570185,0.054142
35873565,-0.443944,-0.688951,0.570359,0.054314
35881898,-0.437722,-0.688344,0.575692,0.056224
35890231,-0.434650,-0.688777,0.577133,0.059849
35898564,-0.434459,-0.689282,0.576654,0.060050
35906897,-0.434368,-0.688815,0.577085,0.061899
35915230,-0.435381,-0.688278,0.576905,0.062431
35923563,-0.435659,-0.689216,0.575583,0.062337
35931896,-0.436985,-0.688536,0.575338,0.062845
35940229,-0.437452,-0.688984,0.574321,0.063969
35948562,-0.437768,-0.687623,0.575298,0.067568
35956895,-0.437525,-0.688360,0.574324,0.069890
35965228,-0.437327,-0.689318,0.572970,0.072741
35973561,-0.437981,-0.687970,0.574186,0.071978
35981894,-0.438344,-0.687767,0.573889,0.074049
35990227,-0.439018,-0.687035,0.574300,0.073664
35998560,-0.439208,-0.687154,0.573927,0.074314
36006893,-0.438709,-0.688254,0.573104,0.073438
36015226,-0.438233,-0.689732,0.571341,0.076097
36023559,-0.437956,-0.690847,0.570211,0.076053
36031892,-0.439200,-0.689017,0.571271,0.077518
36040225,-0.440583,-0.687766,0.571479,0.079217
36048558,-0.441875,-0.687648,0.570983,0.076588
36056891,-0.443434,-0.686264,0.571142,0.078767
36065224,-0.445476,-0.684378,0.571433,0.081495
36073557,-0.446282,-0.684750,0.570374,0.081386
36081890,-0.447332,-0.684408,0.569928,0.081621
36090223,-0.448298,-0.684354,0.569131,0.082331
36098556,-0.449185,-0.683158,0.569500,0.084844
36106889,-0.450150,-0.682944,0.568909,0.085412
36115222,-0.451399,-0.681173,0.569682,0.087772
36123555,-0.445499,-0.680703,0.575832,0.081185
36131888,-0.447509,-0.678525,0.576233,0.085410
36140221,-0.447325,-0.679035,0.575739,0.085654
36148554,-0.448544,-0.677961,0.575711,0.087938
36156887,-0.449204,-0.676557,0.576320,0.091335
36165220,-0.450094,-0.676579,0.575369,0.092768
36173553,-0.451774,-0.675468,0.574962,0.095189
36181886,-0.457623,-0.671552,0.574474,0.097876
36190219,-0.463754,-0.670814,0.571003,0.094326
36198552,-0.466024,-0.673861,0.566755,0.086732
36206885,-0.469697,-0.672326,0.565514,0.086927
36215218,-0.476273,-0.666178,0.566757,0.090319
36223551,-0.478587,-0.666320,0.564764,0.089519
36231884,-0.469867,-0.664596,0.570422,0.110252
36240217,-0.468754,-0.656126,0.578324,0.123732
36248550,-0.460600,-0.656797,0.581482,0.135443
36256883,-0.452596,-0.656783,0.583514,0.152657
36265216,-0.461908,-0.636584,0.600677,0.143488
36273549,-0.475546,-0.619323,0.609207,0.138428
36281882,-0.483785,-0.602402,0.619676,0.138079
36290215,-0.514565,-0.594036,0.606202,0.121916
36298548,-0.534756,-0.587158,0.596965,0.113639
36306881,-0.556261,-0.578466,0.586937,0.107030
36315214,-0.568819,-0.568119,0.584842,0.107914
36323547,-0.579363,-0.558135,0.583684,0.110168
36331880,-0.580717,-0.554327,0.581787,0.130437
36340213,-0.598633,-0.542039,0.577055,0.121817
36348546,-0.614713,-0.538925,0.562710,0.122661
36356879,-0.618604,-0.528678,0.565260,0.135312
36365212,-0.630458,-0.524011,0.556028,0.136999
36373545,-0.640452,-0.516406,0.551186,0.139068
36381878,-0.648763,-0.510276,0.546284,0.142474
36390211,-0.668316,-0.511529,0.521104,0.141921
36398544,-0.677188,-0.505744,0.515526,0.140971
36406877,-0.685503,-0.501332,0.508343,0.142618
36415210,-0.698629,-0.500200,0.492239,0.139350
36423543,-0.714518,-0.499161,0.470819,0.136497
36431876,-0.727154,-0.501306,0.449845,0.132583
36440209,-0.738500,-0.500338,0.432304,0.131882
36448542,-0.747966,-0.499488,0.417368,0.129856
36456875,-0.758564,-0.500425,0.397719,0.126394
36465208,-0.766904,-0.497580,0.385351,0.125609
36473541,-0.775453,-0.492726,0.374076,0.126336
36481874,-0.783799,-0.489254,0.361240,0.125684
36490207,-0.790520,-0.483588,0.353836,0.126573
36498540,-0.797343,-0.478224,0.346519,0.124380
36506873,-0.804489,-0.473549,0.336023,0.125049
36515206,-0.811494,-0.468797,0.325420,0.125731
36523539,-0.818272,-0.463298,0.315554,0.127327
36531872,-0.825520,-0.457915,0.304850,0.126086
36540205,-0.832933,-0.451913,0.294444,0.123692
36548538,-0.838378,-0.445887,0.287010,0.126223
36556871,-0.843584,-0.441473,0.278136,0.126915
36565204,-0.848362,-0.437042,0.269487,0.129042
36573537,-0.852892,-0.431270,0.263206,0.131545
36581870,-0.857460,-0.425818,0.257320,0.131251
36590203,-0.860266,-0.422220,0.252784,0.133316
36598536,-0.862627,-0.419863,0.248941,0.132733
36606869,-0.865863,-0.417633,0.241762,0.131964
36615202,-0.869263,-0.413819,0.237020,0.130217
36623535,-0.870461,-0.412715,0.234192,0.130836
36631868,-0.871936,-0.411857,0.230761,0.129809
36640201,-0.873478,-0.411345,0.226263,0.128981
36648534,-0.875099,-0.408066,0.226643,0.127734
36656867,-0.876153,-0.406622,0.224461,0.128965
36665200,-0.876623,-0.405173,0.224909,0.129545
36673533,-0.878107,-0.403568,0.222399,0.128839
36681866,-0.879542,-0.401620,0.221533,0.126613
36690199,-0.880871,-0.400030,0.219585,0.125798
36698532,-0.882552,-0.398155,0.216314,0.125628
36706865,-0.883831,-0.395324,0.215400,0.127137
36715198,-0.884907,-0.392679,0.216063,0.126723
36723531,-0.886719,-0.389444,0.212862,0.129429
36731864,-0.887936,-0.386691,0.211669,0.131285
36740197,-0.889498,-0.383749,0.209797,0.132342
36748530,-0.890275,-0.380139,0.210754,0.135967
36756863,-0.891123,-0.378400,0.210079,0.136304
36765196,-0.892209,-0.375366,0.209363,0.138671
36773529,-0.893044,-0.373147,0.208404,0.140717
36781862,-0.892410,-0.371609,0.212804,0.142216
36790195,-0.892693,-0.371945,0.211209,0.141937
36798528,-0.893930,-0.368818,0.209635,0.144624
36806861,-0.894190,-0.367233,0.213197,0.141811
36815194,-0.894754,-0.367370,0.209753,0.143035
36823527,-0.895588,-0.366355,0.206379,0.145308
36831860,-0.896101,-0.364169,0.207013,0.146730
36840193,-0.897859,-0.358650,0.206603,0.150114
36848526,-0.898888,-0.355982,0.204908,0.152609
36856859,-0.901358,-0.350986,0.200118,0.155932
36865192,-0.903563,-0.346222,0.196694,0.158161
36873525,-0.905761,-0.338934,0.195607,0.162662
36881858,-0.908143,-0.332342,0.191958,0.167265
36890191,-0.910673,-0.325651,0.188635,0.170420
36898524,-0.912491,-0.321759,0.183791,0.173357
36906857,-0.914255,-0.316480,0.180724,0.176967
36915190,-0.916069,-0.312209,0.176034,0.179876
36923523,-0.917157,-0.309352,0.172793,0.182395
36931856,-0.917861,-0.307458,0.170007,0.184659
36940189,-0.919022,-0.303790,0.166850,0.187805
36948522,-0.918741,-0.304647,0.165815,0.188710
36956855,-0.918593,-0.305091,0.164672,0.189707
36965188,-0.917886,-0.307917,0.163889,0.189242
36973521,-0.916918,-0.310346,0.163041,0.190693
36981854,-0.915830,-0.312899,0.163134,0.191669
36990187,-0.914703,-0.314471,0.164710,0.193122
36998520,-0.914331,-0.313672,0.167345,0.193918
37006853,-0.913348,-0.314021,0.167558,0.197765
37015186,-0.912633,-0.314982,0.168329,0.198879
37023519,-0.911887,-0.314927,0.168230,0.202441
37031852,-0.911251,-0.311959,0.171867,0.206798
37040185,-0.910416,-0.311716,0.172781,0.210051
37048518,-0.909934,-0.310039,0.175511,0.212349
37056851,-0.908665,-0.306044,0.179751,0.219899
37065184,-0.908069,-0.300802,0.183289,0.226570
37073517,-0.906541,-0.297339,0.190461,0.231297
37081850,-0.905601,-0.291146,0.197923,0.236532
37090183,-0.905224,-0.281986,0.204365,0.243490
37098516,-0.905376,-0.271073,0.211020,0.249569
37106849,-0.904095,-0.263227,0.220995,0.253940
37115182,-0.904623,-0.255783,0.227561,0.253865
37123515,-0.913506,-0.256283,0.192651,0.250423
37131848,-0.921739,-0.260225,0.141642,0.250236
37140181,-0.923833,-0.261787,0.119984,0.252198
37148514,-0.921647,-0.269064,0.115174,0.254766
37156847,-0.917718,-0.281558,0.113438,0.256222
37165180,-0.914201,-0.290284,0.117683,0.257143
37173513,-0.910662,-0.293697,0.130348,0.259702
37181846,-0.908597,-0.296789,0.137213,0.259887
37190179,-0.907277,-0.297101,0.145089,0.259863
37198512,-0.907158,-0.293476,0.153643,0.259482
37206845,-0.907722,-0.290005,0.157087,0.259347
37215178,-0.909696,-0.284525,0.156082,0.259107
37223511,-0.911877,-0.281000,0.152360,0.257497
37231844,-0.913018,-0.278987,0.149461,0.257343
37240177,-0.913601,-0.278703,0.146765,0.257134
37248510,-0.913640,-0.279598,0.143416,0.257913
37256843,-0.912678,-0.280279,0.143149,0.260711
37265176,-0.911645,-0.281815,0.143488,0.262477
37273509,-0.910791,-0.283272,0.143815,0.263694
37281842,-0.910437,-0.284208,0.143671,0.263986
37290175,-0.910259,-0.286725,0.143197,0.262129
37298508,-0.909688,-0.288704,0.143200,0.261937
37306841,-0.909419,-0.291391,0.142315,0.260376
37315174,-0.908416,-0.292373,0.144139,0.261769
37323507,-0.908030,-0.292741,0.144784,0.262339
37331840,-0.907982,-0.294194,0.143770,0.261434
37340173,-0.907579,-0.294745,0.143819,0.262185
37348506,-0.907082,-0.295390,0.144135,0.263007
37356839,-0.906526,-0.296199,0.144339,0.263899
37365172,-0.905714,-0.296212,0.145573,0.265988
37373505,-0.905488,-0.297205,0.144759,0.266095
37381838,-0.905164,-0.298217,0.144160,0.266389
37390171,-0.905117,-0.299030,0.143160,0.266175
37398504,-0.905090,-0.299301,0.142619,0.266254
37406837,-0.905167,-0.300257,0.141843,0.265328
37415170,-0.905063,-0.300404,0.141941,0.265465
37423503,-0.905050,-0.301380,0.141340,0.264722
37431836,-0.905297,-0.301765,0.140250,0.264016
37440169,-0.905060,-0.302311,0.140016,0.264329
37448502,-0.905354,-0.303959,0.138090,0.262439
37456835,-0.905166,-0.304303,0.138458,0.262494
37465168,-0.905042,-0.304585,0.138855,0.262385
37473501,-0.905512,-0.306037,0.136588,0.260258
37481834,-0.905775,-0.306298,0.135656,0.259519
37490167,-0.905507,-0.306014,0.136414,0.260392
37498500,-0.905344,-0.306135,0.137064,0.260473
37506833,-0.905364,-0.307507,0.135754,0.259473
37515166,-0.905395,-0.308112,0.135552,0.258751
37523499,-0.905118,-0.307856,0.136434,0.259563
37531832,-0.904913,-0.307774,0.137089,0.260026
37540165,-0.905002,-0.308947,0.136085,0.258850
37548498,-0.904668,-0.308891,0.137081,0.259561
37556831,-0.904808,-0.309845,0.135582,0.258721
37565164,-0.904844,-0.310242,0.135152,0.258342
37573497,-0.904640,-0.310876,0.135638,0.258040
37581830,-0.904318,-0.310761,0.136478,0.258863
37590163,-0.904523,-0.311559,0.135314,0.257797
37598496,-0.904541,-0.311824,0.135177,0.257486
37606829,-0.904495,-0.312076,0.135313,0.257269
37615162,-0.904188,-0.312618,0.135739,0.257466
37623495,-0.904024,-0.313049,0.135690,0.257545
37631828,-0.903955,-0.311809,0.136768,0.258718
37640161,-0.904343,-0.312472,0.134973,0.257501
37648494,-0.903907,-0.311822,0.136551,0.258984
37656827,-0.903852,-0.312075,0.136474,0.258912
37665160,-0.903976,-0.312993,0.135893,0.257674
37673493,-0.903962,-0.313295,0.135559,0.257532
37681826,-0.903905,-0.313344,0.135939,0.257472
37690159,-0.903669,-0.313785,0.136337,0.257553
37698492,-0.903609,-0.314550,0.135882,0.257071
37706825,-0.904189,-0.314235,0.134475,0.256155
37715158,-0.904191,-0.314469,0.134390,0.255905
37723491,-0.904397,-0.316352,0.131897,0.254148
37731824,-0.904011,-0.315445,0.133795,0.255652
37740157,-0.903635,-0.314738,0.135322,0.257046
37748490,-0.904067,-0.316181,0.132969,0.254973
37756823,-0.903826,-0.315751,0.133290,0.256192
37765156,-0.903929,-0.316604,0.132419,0.255224
37773489,-0.903665,-0.315907,0.133494,0.256461
37781822,-0.903698,-0.316147,0.133228,0.256187
37790155,-0.903691,-0.316684,0.132822,0.255757
37798488,-0.903379,-0.317414,0.133499,0.255602
37806821,-0.903479,-0.317204,0.133267,0.255629
37815154,-0.903497,-0.316986,0.133313,0.255813
37823487,-0.903759,-0.317053,0.132124,0.255423
37831820,-0.903806,-0.316633,0.131871,0.255909
37840153,-0.903534,-0.317264,0.132489,0.255765
37848486,-0.903738,-0.316930,0.132571,0.255417
37856819,-0.903725,-0.316898,0.132292,0.255647
37865152,-0.903663,-0.317070,0.132296,0.255650
37873485,-0.903706,-0.316695,0.132683,0.255763
37881818,-0.903633,-0.317194,0.132641,0.255423
37890151,-0.903801,-0.316885,0.132402,0.255337
37898484,-0.903891,-0.316465,0.132400,0.255541
37906817,-0.904070,-0.316149,0.132471,0.255261
37915150,-0.903937,-0.316093,0.133146,0.255451
37923483,-0.904297,-0.316032,0.132433,0.254623
37931816,-0.904373,-0.315149,0.133305,0.254989
37940149,-0.904399,-0.316271,0.132723,0.253810
37948482,-0.904460,-0.316713,0.132259,0.253284
37956815,-0.904682,-0.315859,0.132307,0.253532
37965148,-0.904559,-0.315308,0.133204,0.254185
37973481,-0.904473,-0.316309,0.132607,0.253560
37981814,-0.904449,-0.315753,0.133048,0.254107
37990147,-0.904574,-0.315624,0.132791,0.253958
37998480,-0.904696,-0.315831,0.132580,0.253373
38006813,-0.904425,-0.315872,0.133033,0.254051
38015146,-0.904820,-0.315946,0.131596,0.253302
38023479,-0.904705,-0.316157,0.131607,0.253445
38031812,-0.904178,-0.316367,0.132363,0.254665
38040145,-0.904603,-0.316503,0.131404,0.253481
38048478,-0.903494,-0.316015,0.135241,0.256015
38056811,-0.903449,-0.316393,0.134554,0.256066
38065144,-0.903324,-0.316170,0.134844,0.256630
38073477,-0.903389,-0.316419,0.134271,0.256396
38081810,-0.903422,-0.316808,0.133703,0.256097
38090143,-0.903060,-0.316760,0.133866,0.257342
38098476,-0.902791,-0.316422,0.134634,0.258300
38106809,-0.902833,-0.316766,0.134062,0.258030
38115142,-0.903065,-0.316652,0.133308,0.257747
38123475,-0.903569,-0.316132,0.132444,0.257064
38131808,-0.903512,-0.315904,0.132500,0.257518
38140141,-0.903749,-0.315306,0.131774,0.257791
38148474,-0.903941,-0.314792,0.131134,0.258072
38156807,-0.903936,-0.314321,0.131218,0.258619
38165140,-0.903699,-0.314310,0.131206,0.259464
38173473,-0.903714,-0.312927,0.131016,0.261175
38181806,-0.902754,-0.311847,0.132772,0.264875
38190139,-0.901896,-0.311009,0.132948,0.268666
38198472,-0.900950,-0.310614,0.131875,0.272794
38206805,-0.900458,-0.310456,0.130353,0.275319
38215138,-0.899622,-0.310085,0.129594,0.278808
38223471,-0.899273,-0.308940,0.126000,0.282821
38231804,-0.897938,-0.308460,0.125311,0.287848
38240137,-0.897232,-0.308561,0.124207,0.290411
38248470,-0.896349,-0.308166,0.124220,0.293533
38256803,-0.895204,-0.307812,0.125461,0.296853
38265136,-0.894390,-0.308312,0.124759,0.299075
38273469,-0.893616,-0.307863,0.125173,0.301668
38281802,-0.893061,-0.307712,0.125026,0.303519
38290135,-0.892574,-0.306996,0.125502,0.305473
38298468,-0.892525,-0.307474,0.125646,0.305075
38306801,-0.891652,-0.308361,0.125787,0.306673
38315134,-0.890931,-0.308502,0.126745,0.308226
38323467,-0.889887,-0.309310,0.128096,0.309870
38331800,-0.889086,-0.309802,0.129269,0.311190
38340133,-0.888617,-0.310858,0.129742,0.311277
38348466,-0.885312,-0.310935,0.138589,0.316757
38356799,-0.885503,-0.313683,0.136798,0.314282
38365132,-0.885500,-0.315564,0.135725,0.312872
38373465,-0.885062,-0.316483,0.136794,0.312716
38381798,-0.884942,-0.318301,0.136233,0.311453
38390131,-0.884528,-0.320487,0.136304,0.310353
38398464,-0.883785,-0.322503,0.136935,0.310104
38406797,-0.883891,-0.324905,0.134962,0.308153
38415130,-0.883015,-0.326905,0.135527,0.308301
38423463,-0.881309,-0.328314,0.140011,0.309679
38431796,-0.880271,-0.329978,0.141204,0.310320
38440129,-0.879436,-0.331495,0.142766,0.310355
38448462,-0.878493,-0.332306,0.144639,0.311292
38456795,-0.877639,-0.334327,0.145944,0.310927
38465128,-0.876322,-0.336524,0.149179,0.310737
38473461,-0.874806,-0.338087,0.153976,0.310972
38481794,-0.873480,-0.339676,0.156677,0.311618
38490127,-0.872524,-0.342062,0.159084,0.310463
38498460,-0.871205,-0.342961,0.162244,0.311538
38506793,-0.869985,-0.344921,0.164554,0.311573
38515126,-0.868792,-0.345950,0.166911,0.312505
38523459,-0.867566,-0.347397,0.169570,0.312875
38531792,-0.866283,-0.347941,0.172863,0.314021
38540125,-0.864054,-0.348308,0.178689,0.316484
38548458,-0.864206,-0.350442,0.179288,0.313359
38556791,-0.862595,-0.350690,0.184511,0.314486
38565124,-0.861021,-0.351672,0.190254,0.314282
38573457,-0.860154,-0.352624,0.194560,0.312950
38581790,-0.859268,-0.352761,0.199276,0.312262
38590123,-0.857922,-0.352741,0.206162,0.311515
38598456,-0.858275,-0.353489,0.207960,0.308483
38606789,-0.856311,-0.353150,0.217341,0.307863
38615122,-0.856651,-0.351820,0.220098,0.306479
38623455,-0.854685,-0.349789,0.228794,0.307919
38631788,-0.852905,-0.348235,0.240141,0.305968
38640121,-0.852912,-0.347203,0.243788,0.304235
38648454,-0.851247,-0.345411,0.252841,0.303548
38656787,-0.850481,-0.343952,0.259904,0.301380
38665120,-0.850000,-0.342087,0.267829,0.297900
38673453,-0.851123,-0.341230,0.272297,0.291559
38681786,-0.850294,-0.338966,0.279453,0.289840
38690119,-0.848830,-0.336021,0.289056,0.288138
38698452,-0.847218,-0.333205,0.298338,0.286690
38706785,-0.846550,-0.327195,0.307310,0.286108
38715118,-0.846027,-0.324053,0.315019,0.282826
38723451,-0.845590,-0.321342,0.321639,0.279760
38731784,-0.844561,-0.317549,0.328862,0.278799
38740117,-0.844229,-0.312962,0.335068,0.277600
38748450,-0.843108,-0.307903,0.343679,0.276132
38756783,-0.841423,-0.303030,0.352760,0.275210
38765116,-0.841234,-0.298111,0.358902,0.273211
38773449,-0.840298,-0.293138,0.366680,0.271138
38781782,-0.838348,-0.288725,0.375890,0.269291
38790115,-0.835598,-0.284011,0.386459,0.267885
38798448,-0.833015,-0.277358,0.397499,0.266746
38806781,-0.832570,-0.261348,0.407125,0.269766
38815114,-0.827687,-0.258097,0.420799,0.266924
38823447,-0.826082,-0.252680,0.428944,0.264099
38831780,-0.822929,-0.247228,0.438380,0.263609
38840113,-0.819596,-0.237560,0.448323,0.266146
38848446,-0.817121,-0.228853,0.457626,0.265554
38856779,-0.813694,-0.219589,0.468035,0.265756
38865112,-0.810616,-0.210524,0.477040,0.266484
38873445,-0.808613,-0.200001,0.484702,0.266850
38881778,-0.803556,-0.187206,0.497683,0.267512
38890111,-0.797683,-0.174428,0.510724,0.269145
38898444,-0.792929,-0.159158,0.521843,0.271314
38906777,-0.786839,-0.145571,0.534750,0.271545
38915110,-0.781854,-0.131939,0.545071,0.272386
38923443,-0.774055,-0.116584,0.559918,0.271548
38931776,-0.765024,-0.102147,0.576440,0.268365
38940109,-0.761828,-0.091560,0.585266,0.262103
38948442,-0.751538,-0.076622,0.604374,0.253085
38956775,-0.746681,-0.063219,0.616652,0.241269
38965108,-0.744562,-0.053533,0.626975,0.222855
38973441,-0.737225,-0.036873,0.642458,0.205882
38981774,-0.727196,-0.021115,0.659684,0.188568
38990107,-0.717693,-0.005954,0.675711,0.168217
38998440,-0.706644,0.006605,0.690896,0.152555
39006773,-0.701520,0.021065,0.699319,0.135565
39015106,-0.693627,0.034955,0.707304,0.131834
39023439,-0.678288,0.045352,0.721524,0.131421
39031772,-0.672318,0.050047,0.725987,0.135747
39040105,-0.669255,0.049598,0.727460,0.142967
39048438,-0.670611,0.043945,0.725151,0.150018
39056771,-0.674791,0.036795,0.719913,0.158200
39065104,-0.680162,0.026696,0.713864,0.164515
39073437,-0.680913,0.012599,0.711972,0.171158
39081770,-0.685443,-0.005292,0.707659,0.171347
39090103,-0.687702,-0.024403,0.705900,0.167858
39098436,-0.686183,-0.044444,0.707345,0.163831
39106769,-0.685819,-0.064039,0.707254,0.159195
39115102,-0.686597,-0.083059,0.705594,0.154345
39123435,-0.684958,-0.102351,0.705921,0.148432
39131768,-0.684395,-0.122009,0.704766,0.141498
39140101,-0.689161,-0.140408,0.697414,0.137678
39148434,-0.693705,-0.158489,0.689388,0.135645
39156767,-0.694390,-0.171533,0.685139,0.137781
39165100,-0.698399,-0.185236,0.677177,0.139131
39173433,-0.704200,-0.200159,0.666574,0.140419
39181766,-0.708314,-0.212248,0.657922,0.142762
39190099,-0.713374,-0.222216,0.647951,0.147909
39198432,-0.718307,-0.237681,0.637242,0.146512
39206765,-0.720876,-0.248209,0.629831,0.148468
39215098,-0.725689,-0.255771,0.620135,0.152937
39223431,-0.725216,-0.265721,0.616305,0.153697
39231764,-0.725632,-0.274423,0.610861,0.158108
39240097,-0.726080,-0.286702,0.604536,0.158575
39248430,-0.726264,-0.294086,0.599526,0.163162
39256763,-0.724734,-0.303196,0.596255,0.165263
39265096,-0.722937,-0.310880,0.593443,0.168942
39273429,-0.721522,-0.317111,0.591223,0.171176
39281762,-0.720780,-0.324039,0.587896,0.172778
39290095,-0.719093,-0.333078,0.584466,0.174254
39298428,-0.716758,-0.341227,0.582068,0.176125
39306761,-0.718507,-0.348858,0.575278,0.176352
39315094,-0.716617,-0.356331,0.572910,0.176810
39323427,-0.718286,-0.362657,0.566407,0.178124
39331760,-0.719988,-0.371652,0.558961,0.176223
39340093,-0.716591,-0.379752,0.558235,0.175099
39348426,-0.715505,-0.385133,0.556008,0.174872
39356759,-0.715729,-0.391126,0.551771,0.174070
39365092,-0.717110,-0.396960,0.546444,0.171975
39373425,-0.714462,-0.401109,0.547248,0.170809
39381758,-0.712050,-0.401636,0.550126,0.170395
39390091,-0.715193,-0.407603,0.542912,0.166146
39398424,-0.715232,-0.413159,0.539788,0.162393
39406757,-0.714023,-0.416095,0.540017,0.159429
39415090,-0.716259,-0.419519,0.535809,0.154551
39423423,-0.716219,-0.422560,0.534552,0.150755
39431756,-0.718598,-0.424515,0.530973,0.146534
39440089,-0.720196,-0.426724,0.528316,0.141796
39448422,-0.718890,-0.425681,0.531666,0.139012
39456755,-0.717874,-0.428808,0.532341,0.131885
39465088,-0.717319,-0.431303,0.532396,0.126436
39473421,-0.716342,-0.434980,0.532351,0.119368
39481754,-0.715863,-0.437038,0.532787,0.112584
39490087,-0.715991,-0.440235,0.531517,0.105075
39498420,-0.717545,-0.442745,0.528712,0.097822
39506753,-0.715574,-0.446571,0.529751,0.088836
39515086,-0.713261,-0.449383,0.531844,0.080343
39523419,-0.710614,-0.453632,0.533083,0.071187
39531752,-0.708302,-0.455236,0.535902,0.062264
39540085,-0.705935,-0.457306,0.538196,0.053585
39548418,-0.701900,-0.459400,0.542594,0.043353
39556751,-0.698346,-0.463147,0.544804,0.031562
39565084,-0.695795,-0.468549,0.543972,0.020663
39573417,-0.692486,-0.470265,0.547014,0.009487
39581750,-0.688677,-0.472297,0.550132,-0.003792
39590083,-0.683789,-0.475740,0.552984,-0.017696
39598416,-0.678803,-0.477146,0.557343,-0.030436
39606749,-0.674322,-0.479403,0.560022,-0.042875
39615082,-0.671217,-0.480413,0.561658,-0.056670
39623415,-0.665104,-0.481503,0.566213,-0.072072
39631748,-0.660474,-0.482928,0.568384,-0.086566
39640081,-0.657313,-0.483813,0.569178,-0.099507
39648414,-0.651857,-0.484584,0.571801,-0.115347
39656747,-0.647437,-0.482677,0.575312,-0.129860
39665080,-0.643664,-0.481848,0.576670,-0.144813
39673413,-0.640722,-0.480715,0.576914,-0.159872
39681746,-0.633382,-0.480994,0.580991,-0.172979
39690079,-0.624561,-0.484266,0.584171,-0.184806
39698412,-0.616057,-0.483852,0.588715,-0.199437
39706745,-0.611729,-0.483804,0.588783,-0.212265
39715078,-0.607290,-0.486044,0.585858,-0.227445
39723411,-0.603019,-0.488706,0.582933,-0.240258
39731744,-0.597049,-0.490895,0.580532,-0.256003
39740077,-0.591844,-0.492497,0.578230,-0.269848
39748410,-0.586193,-0.494687,0.575589,-0.283480
39756743,-0.580598,-0.499411,0.570072,-0.297512
39765076,-0.574319,-0.504443,0.564041,-0.312335
39773409,-0.567866,-0.507226,0.559544,-0.327354
39781742,-0.561855,-0.508538,0.556600,-0.340448
39790075,-0.555880,-0.510371,0.551672,-0.355213
39798408,-0.550070,-0.512539,0.547607,-0.367222
39806741,-0.543816,-0.515525,0.543720,-0.377977
39815074,-0.538493,-0.517048,0.541163,-0.387078
39823407,-0.534293,-0.517153,0.537933,-0.397129
39831740,-0.529252,-0.519046,0.536072,-0.403869
39840073,-0.525294,-0.518147,0.535064,-0.411457
39848406,-0.520635,-0.519144,0.534952,-0.416239
39856739,-0.516291,-0.519897,0.534055,-0.421825
39865072,-0.513447,-0.519065,0.534911,-0.425222
39873405,-0.511374,-0.517795,0.536101,-0.427763
39881738,-0.508643,-0.516041,0.538073,-0.430651
39890071,-0.506518,-0.514914,0.538640,-0.433786
39898404,-0.505332,-0.512088,0.540551,-0.436130
39906737,-0.504764,-0.508568,0.543119,-0.437715
39915070,-0.503744,-0.504971,0.546971,-0.438256
39923403,-0.503438,-0.500599,0.548662,-0.441499
39931736,-0.503426,-0.497466,0.551224,-0.441861
39940069,-0.503483,-0.493705,0.554295,-0.442174
39948402,-0.503666,-0.489769,0.557704,-0.442055
39956735,-0.504296,-0.488350,0.560926,-0.438818
39965068,-0.505048,-0.483157,0.563331,-0.440618
39973401,-0.505768,-0.480732,0.565693,-0.439416
39981734,-0.506833,-0.477793,0.567436,-0.439149
39990067,-0.507774,-0.475256,0.568494,-0.439444
39998400,-0.508525,-0.473349,0.570569,-0.437943
40006733,-0.510366,-0.470706,0.571448,-0.437504
40015066,-0.510561,-0.470625,0.572494,-0.435993
40023399,-0.512067,-0.469933,0.573697,-0.433384
40031732,-0.513783,-0.469042,0.573371,-0.432750
40040065,-0.516087,-0.470643,0.573091,-0.428621
40048398,-0.518539,-0.471506,0.572384,-0.425648
40056731,-0.520835,-0.472782,0.571791,-0.422214
40065064,-0.523656,-0.474162,0.571596,-0.417412
40073397,-0.526468,-0.476257,0.569705,-0.414061
40081730,-0.529691,-0.478355,0.568042,-0.409796
40090063,-0.532424,-0.481027,0.567899,-0.403272
40098396,-0.536117,-0.483848,0.566032,-0.397591
40106729,-0.539429,-0.486795,0.563903,-0.392504
40115062,-0.543112,-0.489511,0.562545,-0.385943
40123395,-0.546654,-0.493025,0.560035,-0.380075
40131728,-0.550214,-0.496075,0.557514,-0.374637
40140061,-0.553245,-0.500020,0.554983,-0.368638
40148394,-0.556756,-0.506348,0.551939,-0.359164
40156727,-0.559604,-0.510643,0.549605,-0.352167
40165060,-0.562792,-0.515265,0.546916,-0.344457
40173393,-0.565708,-0.519183,0.545080,-0.336619
40181726,-0.568512,-0.522878,0.542523,-0.330243
40190059,-0.571577,-0.527157,0.540117,-0.321991
40198392,-0.573358,-0.532761,0.536895,-0.314913
40206725,-0.576289,-0.536324,0.534383,-0.307705
40215058,-0.579605,-0.539725,0.532256,-0.299097
40223391,-0.583062,-0.541963,0.530298,-0.291716
40231724,-0.585315,-0.546309,0.527604,-0.283879
40240057,-0.587161,-0.551637,0.523761,-0.276790
40248390,-0.592714,-0.552270,0.520692,-0.269383
40256723,-0.594266,-0.558139,0.517500,-0.259852
40265056,-0.597088,-0.560003,0.515940,-0.252366
40273389,-0.599109,-0.562715,0.514670,-0.243999
40281722,-0.601621,-0.565166,0.512273,-0.237098
40290055,-0.603035,-0.569819,0.507768,-0.232006
40298388,-0.605419,-0.571309,0.505205,-0.227687
40306721,-0.607582,-0.573155,0.504685,-0.218243
40315054,-0.609554,-0.574690,0.503299,-0.211814
40323387,-0.611089,-0.577872,0.500356,-0.205616
40331720,-0.612306,-0.579924,0.499625,-0.197849
40340053,-0.613930,-0.580153,0.499181,-0.193212
40348386,-0.615183,-0.581049,0.498043,-0.189436
40356719,-0.617261,-0.585090,0.493681,-0.181486
40365052,-0.619123,-0.587102,0.491719,-0.173811
40373385,-0.620306,-0.587711,0.490963,-0.169622
40381718,-0.620826,-0.588752,0.489867,-0.167260
40390051,-0.621523,-0.589983,0.488701,-0.163711
40398384,-0.622231,-0.591322,0.487531,-0.159626
40406717,-0.622331,-0.593971,0.485743,-0.154780
40415050,-0.622671,-0.596582,0.482970,-0.152018
40423383,-0.621718,-0.598557,0.482442,-0.149822
40431716,-0.621054,-0.599490,0.482348,-0.149146
40440049,-0.620884,-0.600155,0.482416,-0.146941
40448382,-0.621120,-0.601652,0.481293,-0.143463
40456715,-0.620745,-0.603019,0.480400,-0.142337
40465048,-0.619116,-0.604012,0.480937,-0.143403
40473381,-0.618948,-0.603131,0.481986,-0.144314
40481714,-0.618633,-0.604249,0.481262,-0.143400
40490047,-0.618355,-0.605712,0.480675,-0.140362
40498380,-0.617173,-0.604566,0.483167,-0.141939
40506713,-0.615537,-0.604396,0.484921,-0.143775
40515046,-0.613832,-0.604322,0.486907,-0.144661
40523379,-0.612011,-0.606235,0.487184,-0.143433
40531712,-0.610164,-0.606367,0.489135,-0.144104
40540045,-0.606836,-0.607852,0.491653,-0.143329
40548378,-0.604506,-0.607310,0.494645,-0.145163
40556711,-0.601752,-0.607215,0.497676,-0.146640
40565044,-0.598080,-0.608893,0.499730,-0.147713
40573377,-0.594896,-0.608976,0.503302,-0.148104
40581710,-0.591158,-0.609409,0.506794,-0.149376
40590043,-0.587289,-0.610607,0.508991,-0.152247
40598376,-0.583691,-0.611164,0.512026,-0.153663
40606709,-0.579532,-0.613708,0.513050,-0.155835
40615042,-0.576533,-0.613850,0.515177,-0.159344
40623375,-0.570756,-0.617520,0.516817,-0.160645
40631708,-0.565975,-0.618842,0.519823,-0.162760
40640041,-0.561835,-0.619806,0.521152,-0.169062
40648374,-0.556782,-0.622437,0.522199,-0.172841
40656707,-0.553011,-0.624724,0.521715,-0.178078
40665040,-0.550143,-0.624123,0.521783,-0.188563
40673373,-0.543835,-0.634740,0.516947,-0.184702
40681706,-0.540274,-0.636391,0.515742,-0.192666
40690039,-0.537301,-0.637184,0.514604,-0.201213
40698372,-0.532282,-0.641553,0.511557,-0.208316
40706705,-0.528182,-0.643717,0.509709,-0.216445
40715038,-0.523842,-0.645792,0.507601,-0.225573
40723371,-0.518897,-0.648582,0.504274,-0.236212
40731704,-0.513810,-0.651548,0.500468,-0.247014
40740037,-0.508520,-0.654094,0.497181,-0.257642
40748370,-0.503916,-0.657250,0.491579,-0.269149
40756703,-0.498765,-0.658974,0.488880,-0.279254
40765036,-0.495800,-0.657052,0.486789,-0.292406
40773369,-0.490211,-0.661305,0.481824,-0.300358
40781702,-0.482483,-0.664535,0.480491,-0.307786
40790035,-0.479545,-0.664440,0.475817,-0.319617
40798368,-0.478184,-0.659407,0.471504,-0.337944
40806701,-0.475085,-0.658142,0.469046,-0.348051
40815034,-0.470427,-0.659154,0.465670,-0.356884
40823367,-0.467770,-0.657428,0.461845,-0.368346
40831700,-0.463599,-0.656908,0.458633,-0.378423
40840033,-0.459918,-0.655780,0.455875,-0.388080
40848366,-0.457357,-0.652609,0.454984,-0.397386
40856699,-0.454655,-0.651179,0.452151,-0.405974
40865032,-0.451043,-0.650705,0.449288,-0.413863
40873365,-0.450094,-0.645728,0.447125,-0.424887
40881698,-0.448346,-0.643628,0.445749,-0.431321
40890031,-0.446700,-0.640257,0.443977,-0.439789
40898364,-0.445973,-0.636436,0.442059,-0.447928
40906697,-0.445516,-0.632744,0.440597,-0.454999
40915030,-0.444918,-0.630120,0.439410,-0.460343
40923363,-0.444613,-0.627378,0.437289,-0.466363
40931696,-0.443267,-0.628467,0.434465,-0.468811
40940029,-0.442769,-0.625670,0.431635,-0.475588
40948362,-0.441799,-0.626056,0.429570,-0.477847
40956695,-0.441576,-0.625534,0.425037,-0.482765
40965028,-0.441033,-0.625902,0.422414,-0.485081
40973361,-0.441973,-0.625110,0.418906,-0.488277
40981694,-0.441391,-0.626866,0.414915,-0.489958
40990027,-0.440096,-0.630234,0.409793,-0.491112
40998360,-0.438323,-0.634722,0.406542,-0.489617
41006693,-0.436327,-0.641480,0.403159,-0.485371
41015026,-0.435995,-0.644732,0.399323,-0.484531
41023359,-0.434278,-0.652197,0.395657,-0.479059
41031692,-0.433314,-0.659291,0.393293,-0.472118
41040025,-0.432303,-0.666380,0.390668,-0.465220
41048358,-0.429013,-0.676262,0.388592,-0.455646
41056691,-0.424149,-0.689275,0.386312,-0.442447
41065024,-0.419447,-0.700593,0.385190,-0.429956
41073357,-0.415121,-0.708295,0.384686,-0.421912
41081690,-0.409433,-0.718939,0.384315,-0.409626
41090023,-0.404848,-0.728625,0.383257,-0.397892
41098356,-0.400796,-0.736022,0.383595,-0.387930
41106689,-0.396823,-0.743277,0.383489,-0.378162
41115022,-0.393204,-0.749244,0.384722,-0.368799
41123355,-0.391162,-0.754520,0.385583,-0.359191
41131688,-0.389111,-0.759743,0.386196,-0.349622
41140021,-0.388686,-0.763764,0.386115,-0.341324
41148354,-0.387631,-0.766895,0.387928,-0.333357
41156687,-0.388032,-0.769355,0.390215,-0.324431
41165020,-0.388555,-0.771184,0.392699,-0.316365
41173353,-0.389224,-0.772980,0.392406,-0.311487
41181686,-0.390471,-0.774528,0.393753,-0.304299
41190019,-0.393312,-0.771824,0.397997,-0.301979
41198352,-0.394440,-0.774102,0.397469,-0.295300
41206685,-0.397092,-0.776805,0.395325,-0.287418
41215018,-0.401135,-0.775843,0.396388,-0.282906
41223351,-0.400380,-0.777763,0.400373,-0.272916
41231684,-0.399665,-0.779414,0.403269,-0.264870
41240017,-0.400874,-0.776921,0.408113,-0.262941
41248350,-0.408258,-0.770729,0.409573,-0.267492
41256683,-0.411501,-0.768859,0.411071,-0.265599
41265016,-0.418612,-0.752337,0.422760,-0.282892
41273349,-0.419932,-0.753683,0.423923,-0.275513
41281682,-0.419085,-0.755359,0.425783,-0.269275
41290015,-0.420005,-0.755639,0.428577,-0.262538
41298348,-0.422784,-0.754252,0.430135,-0.259501
41306681,-0.425215,-0.753034,0.432347,-0.255357
41315014,-0.426834,-0.752560,0.434480,-0.250388
41323347,-0.430867,-0.751087,0.433210,-0.250102
41331680,-0.434977,-0.749224,0.433370,-0.248293
41340013,-0.437526,-0.749225,0.433352,-0.243800
41348346,-0.443050,-0.744342,0.434504,-0.246714
41356679,-0.441489,-0.754515,0.429059,-0.227384
41365012,-0.450211,-0.742819,0.432725,-0.241411
41373345,-0.456194,-0.735525,0.435687,-0.247115
41381678,-0.458111,-0.734488,0.437821,-0.242848
41390011,-0.458998,-0.735184,0.438576,-0.237650
41398344,-0.460677,-0.734468,0.440144,-0.233681
41406677,-0.461962,-0.733613,0.441040,-0.232135
41415010,-0.463420,-0.731550,0.443191,-0.231641
41423343,-0.469013,-0.728114,0.440814,-0.235710
41431676,-0.471918,-0.726747,0.440666,-0.234404
41440009,-0.473517,-0.726118,0.441473,-0.231594
41448342,-0.473282,-0.726320,0.442112,-0.230219
41456675,-0.473039,-0.725651,0.443399,-0.230351
41465008,-0.473253,-0.725058,0.444704,-0.229263
41473341,-0.473564,-0.724218,0.445933,-0.228886
41481674,-0.473795,-0.723995,0.446274,-0.228451
41490007,-0.473595,-0.727845,0.442486,-0.223955
41498340,-0.474121,-0.729680,0.440091,-0.221577
41506673,-0.474386,-0.730476,0.439236,-0.220078
41515006,-0.475366,-0.729862,0.438492,-0.221480
41523339,-0.478502,-0.728685,0.435532,-0.224425
41531672,-0.481206,-0.725680,0.434577,-0.230157
41540005,-0.482819,-0.723446,0.433531,-0.235717
41548338,-0.483783,-0.720879,0.433692,-0.241246
41556671,-0.485502,-0.717124,0.433645,-0.248943
41565004,-0.487146,-0.714318,0.433195,-0.254521
41573337,-0.487867,-0.711139,0.432869,-0.262472
41581670,-0.486996,-0.710334,0.433635,-0.264994
41590003,-0.487677,-0.708517,0.432055,-0.271116
41598336,-0.487546,-0.707125,0.430919,-0.276735
41606669,-0.487705,-0.704502,0.430886,-0.283122
41615002,-0.486752,-0.702469,0.431771,-0.288417
41623335,-0.487945,-0.698897,0.430673,-0.296604
41631668,-0.488112,-0.696433,0.430655,-0.302100
41640001,-0.488139,-0.693339,0.430181,-0.309752
41648334,-0.487644,-0.690709,0.429846,-0.316792
41656667,-0.486700,-0.689201,0.430389,-0.320765
41665000,-0.486957,-0.684873,0.430338,-0.329593
41673333,-0.485686,-0.682942,0.430893,-0.334709
41681666,-0.485631,-0.678895,0.430332,-0.343624
41689999,-0.484093,-0.677750,0.431137,-0.347030
41698332,-0.483610,-0.674820,0.430749,-0.353829
41706665,-0.485678,-0.665594,0.431186,-0.367667
41714998,-0.484573,-0.663062,0.431632,-0.373139
41723331,-0.483767,-0.661512,0.432045,-0.376441
41731664,-0.482787,-0.658474,0.432728,-0.382197
41739997,-0.481631,-0.656629,0.432619,-0.386925
41748330,-0.479882,-0.657438,0.432840,-0.387477
41756663,-0.479654,-0.653063,0.433220,-0.394666
41764996,-0.478350,-0.651015,0.433146,-0.399683
41773329,-0.477301,-0.648545,0.432723,-0.405368
41781662,-0.475644,-0.648397,0.433975,-0.406213
41789995,-0.475427,-0.645785,0.432954,-0.411683
41798328,-0.474077,-0.646320,0.433505,-0.411819
41806661,-0.473330,-0.643921,0.437800,-0.411893
41814994,-0.473819,-0.640334,0.438617,-0.416032
41823327,-0.472382,-0.639873,0.439022,-0.417943
41831660,-0.471443,-0.639790,0.439213,-0.418928
41839993,-0.471177,-0.639543,0.435882,-0.423066
41848326,-0.470375,-0.640580,0.434390,-0.423921
41856659,-0.470087,-0.639476,0.433659,-0.426648
41864992,-0.470492,-0.637834,0.433655,-0.428659
41873325,-0.470379,-0.637613,0.433626,-0.429141
41881658,-0.470031,-0.638568,0.433252,-0.428480
41889991,-0.470166,-0.637888,0.431652,-0.430953
41898324,-0.470469,-0.637102,0.431666,-0.431770
41906657,-0.470976,-0.637659,0.431814,-0.430244
41914990,-0.471156,-0.638216,0.430221,-0.430816
41923323,-0.470802,-0.639246,0.433418,-0.426450
41931656,-0.470711,-0.639845,0.433650,-0.425414
41939989,-0.470747,-0.641326,0.432403,-0.424413
41948322,-0.471281,-0.643655,0.428231,-0.424523
41956655,-0.472184,-0.643317,0.427338,-0.424932
41964988,-0.473421,-0.642433,0.427356,-0.424876
41973321,-0.473646,-0.643513,0.424458,-0.425893
41981654,-0.474044,-0.645211,0.426509,-0.420804
41989987,-0.474325,-0.646299,0.422898,-0.422458
41998320,-0.475380,-0.647205,0.421307,-0.421474
42006653,-0.476699,-0.647943,0.420000,-0.420153
42014986,-0.476904,-0.649506,0.418862,-0.418640
42023319,-0.477004,-0.650576,0.417063,-0.418660
42031652,-0.477587,-0.652497,0.415591,-0.416464
42039985,-0.478638,-0.653729,0.414020,-0.414886
42048318,-0.479507,-0.654686,0.413689,-0.412699
42056651,-0.480333,-0.657623,0.411912,-0.408828
42064984,-0.481391,-0.658497,0.411281,-0.406807
42073317,-0.481917,-0.660764,0.410707,-0.403071
42081650,-0.482628,-0.661312,0.408940,-0.403118
42089983,-0.482864,-0.662477,0.407981,-0.401892
42098316,-0.482999,-0.665839,0.406729,-0.397420
42106649,-0.483796,-0.666534,0.406160,-0.395863
42114982,-0.484083,-0.668426,0.405435,-0.393056
42123315,-0.485011,-0.668812,0.404816,-0.391890
42131648,-0.485872,-0.669264,0.404018,-0.390876
42139981,-0.486673,-0.669443,0.403226,-0.390390
42148314,-0.486535,-0.673011,0.402679,-0.384954
42156647,-0.486853,-0.674172,0.401600,-0.383645
42164980,-0.487038,-0.674861,0.400929,-0.382900
42173313,-0.487764,-0.674950,0.401457,-0.381263
42181646,-0.488809,-0.674807,0.402098,-0.379499
42189979,-0.488801,-0.677242,0.401592,-0.375688
42198312,-0.489349,-0.677995,0.401049,-0.374193
42206645,-0.489923,-0.678442,0.401352,-0.372302
42214978,-0.490665,-0.677990,0.401440,-0.372054
42223311,-0.489953,-0.680083,0.400857,-0.369793
42231644,-0.490762,-0.679879,0.400191,-0.369816
42239977,-0.491047,-0.679956,0.400021,-0.369480
42248310,-0.491064,-0.681259,0.399922,-0.367157
42256643,-0.490319,-0.682419,0.398216,-0.367852
42264976,-0.490009,-0.684158,0.397884,-0.365386
42273309,-0.490414,-0.683425,0.399223,-0.364753
42281642,-0.490605,-0.682953,0.401842,-0.362499
42289975,-0.490650,-0.682816,0.403177,-0.361210
42298308,-0.490178,-0.683219,0.403145,-0.361123
42306641,-0.489363,-0.683838,0.402017,-0.362315
42314974,-0.489086,-0.684003,0.401979,-0.362418
42323307,-0.488344,-0.685033,0.402865,-0.360485
42331640,-0.487474,-0.685548,0.402400,-0.361201
42339973,-0.486839,-0.685657,0.403481,-0.360646
42348306,-0.486540,-0.685512,0.404318,-0.360388
42356639,-0.486689,-0.685787,0.405351,-0.358497
42364972,-0.486689,-0.684662,0.406285,-0.359589
42373305,-0.485877,-0.684660,0.405187,-0.361922
42381638,-0.485250,-0.685242,0.405099,-0.361761
42389971,-0.485125,-0.683616,0.404643,-0.365495
42398304,-0.483900,-0.685195,0.406373,-0.362229
42406637,-0.483851,-0.683739,0.407073,-0.364254
42414970,-0.483181,-0.683224,0.406872,-0.366328
42423303,-0.482409,-0.683350,0.407137,-0.366815
42431636,-0.481514,-0.683338,0.408145,-0.366894
42439969,-0.480046,-0.683109,0.407547,-0.369897
42448302,-0.479765,-0.682085,0.408119,-0.371517
42456635,-0.479747,-0.681813,0.409643,-0.370359
42464968,-0.478453,-0.681503,0.409736,-0.372496
42473301,-0.476426,-0.681935,0.409139,-0.374951
42481634,-0.475705,-0.680666,0.409973,-0.377255
42489967,-0.475056,-0.678962,0.411206,-0.379793
42498300,-0.474068,-0.679582,0.412530,-0.378480
42506633,-0.472544,-0.680482,0.411920,-0.379431
42514966,-0.472793,-0.677478,0.413311,-0.382968
42523299,-0.471976,-0.676304,0.413928,-0.385377
42531632,-0.471713,-0.675311,0.414252,-0.387088
42539965,-0.470447,-0.674419,0.414460,-0.389950
42548298,-0.469921,-0.674952,0.414651,-0.389458
42556631,-0.469451,-0.673078,0.415734,-0.392106
42564964,-0.468140,-0.672361,0.416211,-0.394391
42573297,-0.467172,-0.671980,0.416477,-0.395905
42581630,-0.466217,-0.672980,0.417270,-0.394494
42589963,-0.465785,-0.671643,0.417348,-0.397190
42598296,-0.464824,-0.671900,0.416725,-0.398534
42606629,-0.464924,-0.670117,0.417426,-0.400681
42614962,-0.464257,-0.669902,0.417265,-0.401978
42623295,-0.462208,-0.672082,0.416683,-0.401303
42631628,-0.462049,-0.671128,0.416343,-0.403432
42639961,-0.461299,-0.670760,0.415366,-0.405900
42648294,-0.460215,-0.672364,0.415681,-0.404152
42656627,-0.460820,-0.671642,0.415824,-0.404515
42664960,-0.460457,-0.670668,0.414892,-0.407490
42673293,-0.459196,-0.674606,0.414829,-0.402445
42681626,-0.459829,-0.672523,0.414601,-0.405434
42689959,-0.459582,-0.671720,0.414066,-0.407584
42698292,-0.459108,-0.673630,0.414141,-0.404883
42706625,-0.458954,-0.673097,0.413466,-0.406629
42714958,-0.459203,-0.673142,0.413880,-0.405852
42723291,-0.459315,-0.674001,0.414402,-0.403761
42731624,-0.459118,-0.673604,0.413463,-0.405606
42739957,-0.457831,-0.677849,0.412975,-0.400454
42748290,-0.458929,-0.676186,0.413445,-0.401521
42756623,-0.460386,-0.674332,0.412779,-0.403651
42764956,-0.459338,-0.677166,0.412581,-0.400290
42773289,-0.460461,-0.676417,0.412563,-0.400284
42781622,-0.460493,-0.678625,0.412638,-0.396415
42789955,-0.461023,-0.678754,0.412025,-0.396215
42798288,-0.461422,-0.678777,0.412246,-0.395480
42806621,-0.461459,-0.680083,0.411120,-0.394363
42814954,-0.462108,-0.679783,0.411292,-0.393942
42823287,-0.462887,-0.680146,0.411504,-0.392176
42831620,-0.463632,-0.681379,0.411968,-0.388653
42839953,-0.463814,-0.681578,0.412421,-0.387604
42848286,-0.464432,-0.681825,0.412566,-0.386272
42856619,-0.464777,-0.682906,0.412052,-0.384492
42864952,-0.465488,-0.682329,0.411974,-0.384740
42873285,-0.465897,-0.683753,0.412304,-0.381348
42881618,-0.466476,-0.683297,0.412610,-0.381129
42889951,-0.467153,-0.682894,0.412212,-0.381452
42898284,-0.468070,-0.683049,0.412606,-0.379619
42906617,-0.468839,-0.682691,0.414562,-0.377174
42914950,-0.468839,-0.684312,0.412639,-0.376346
42923283,-0.469715,-0.682671,0.412863,-0.377985
42931616,-0.470111,-0.683380,0.413363,-0.375656
42939949,-0.471706,-0.680995,0.412734,-0.378670
42948282,-0.473191,-0.681325,0.411552,-0.377508
42956615,-0.473998,-0.681698,0.410889,-0.376543
42964948,-0.474467,-0.682805,0.409802,-0.375128
42973281,-0.474839,-0.684698,0.411010,-0.369847
42981614,-0.476016,-0.683811,0.410023,-0.371069
42989947,-0.476690,-0.683482,0.408743,-0.372220
42998280,-0.477212,-0.683654,0.406896,-0.373259
43006613,-0.477836,-0.684933,0.406862,-0.370138
43014946,-0.477903,-0.686581,0.406156,-0.367768
43023279,-0.478520,-0.687322,0.404333,-0.367590
43031612,-0.479888,-0.685694,0.403858,-0.369364
43039945,-0.480395,-0.685603,0.402521,-0.370332
43048278,-0.481755,-0.685158,0.400959,-0.371083
43056611,-0.481577,-0.686251,0.400633,-0.369642
43064944,-0.482988,-0.686691,0.399357,-0.368365
43073277,-0.484107,-0.685384,0.398099,-0.370684
43081610,-0.484845,-0.684821,0.396052,-0.372945
43089943,-0.485830,-0.684689,0.394327,-0.373733
43098276,-0.485928,-0.686756,0.393104,-0.371092
43106609,-0.486884,-0.684841,0.390330,-0.376271
43114942,-0.488296,-0.683326,0.387343,-0.380260
43123275,-0.489379,-0.683771,0.386164,-0.379265
43131608,-0.489241,-0.684056,0.381457,-0.383669
43139941,-0.489509,-0.683180,0.376764,-0.389480
43148274,-0.488875,-0.687157,0.375546,-0.384424
43156607,-0.488579,-0.686872,0.371729,-0.388993
43164940,-0.487375,-0.688943,0.367473,-0.390879
43173273,-0.486674,-0.689646,0.362277,-0.395338
43181606,-0.485866,-0.690705,0.358374,-0.398030
43189939,-0.483317,-0.694928,0.353608,-0.398047
43198272,-0.481045,-0.699551,0.349411,-0.396405
43206605,-0.479289,-0.699405,0.343507,-0.403878
43214938,-0.476354,-0.704079,0.339119,-0.402936
43223271,-0.473649,-0.706536,0.333813,-0.406243
43231604,-0.470272,-0.710290,0.328056,-0.408304
43239937,-0.468490,-0.711923,0.324336,-0.410473
43248270,-0.466159,-0.713768,0.320849,-0.412657
43256603,-0.463659,-0.714921,0.316749,-0.416628
43264936,-0.461783,-0.716975,0.314433,-0.416935
43273269,-0.459316,-0.716290,0.308036,-0.425524
43281602,-0.456523,-0.718417,0.304774,-0.427290
43289935,-0.453806,-0.718054,0.300088,-0.434057
43298268,-0.451764,-0.719167,0.298367,-0.435529
43306601,-0.449397,-0.720741,0.296317,-0.436773
43314934,-0.446793,-0.721137,0.292791,-0.441147
43323267,-0.444667,-0.722093,0.291393,-0.442654
43331600,-0.442230,-0.724024,0.290438,-0.442569
43339933,-0.439372,-0.726013,0.288117,-0.443673
43348266,-0.436047,-0.728656,0.285878,-0.444069
43356599,-0.432507,-0.733045,0.284014,-0.441495
43364932,-0.429587,-0.736410,0.282081,-0.439983
43373265,-0.423877,-0.744392,0.280528,-0.433027
43381598,-0.411373,-0.763725,0.282522,-0.409483
43389931,-0.404485,-0.771194,0.283532,-0.401574
43398264,-0.398847,-0.776785,0.282368,-0.397233
43406597,-0.395615,-0.774993,0.280758,-0.405031
43414930,-0.388937,-0.784285,0.280577,-0.393576
43423263,-0.380563,-0.800023,0.277574,-0.371600
43431596,-0.376817,-0.797760,0.278317,-0.379641
43439929,-0.374736,-0.793789,0.276163,-0.391415
43448262,-0.367731,-0.804982,0.272459,-0.377551
43456595,-0.374190,-0.798438,0.264117,-0.390795
43464928,-0.374287,-0.799083,0.257215,-0.393975
43473261,-0.357813,-0.816288,0.259864,-0.371638
43481594,-0.350840,-0.825710,0.254570,-0.360983
43489927,-0.345495,-0.833086,0.248370,-0.353430
43498260,-0.340743,-0.839832,0.242747,-0.345903
43506593,-0.337918,-0.839130,0.240678,-0.351777
43514926,-0.336720,-0.833618,0.240473,-0.365889
43523259,-0.329970,-0.844980,0.232108,-0.351075
43531592,-0.322810,-0.853550,0.223391,-0.342553
43539925,-0.318277,-0.852318,0.226278,-0.347925
43548258,-0.313701,-0.856494,0.221862,-0.344654
43556591,-0.312506,-0.858098,0.212466,-0.347657
43564924,-0.307398,-0.856067,0.214108,-0.356110
43573257,-0.302933,-0.860608,0.206256,-0.353616
43581590,-0.298352,-0.862075,0.203297,-0.355645
43589923,-0.294523,-0.866331,0.195572,-0.352815
43598256,-0.289746,-0.863564,0.194320,-0.364066
43606589,-0.291571,-0.856845,0.190239,-0.380279
43614922,-0.290773,-0.858680,0.180258,-0.381610
43623255,-0.289160,-0.857939,0.171564,-0.388449
43631588,-0.285936,-0.858516,0.166597,-0.391710
43639921,-0.281323,-0.857013,0.164694,-0.399078
43648254,-0.275852,-0.854296,0.162498,-0.409486
43656587,-0.272400,-0.853361,0.158938,-0.415104
43664920,-0.268433,-0.853279,0.154095,-0.419659
43673253,-0.264005,-0.853288,0.147989,-0.424618
43681586,-0.258843,-0.853581,0.140954,-0.429571
43689919,-0.253253,-0.853450,0.133329,-0.435556
43698252,-0.247881,-0.853438,0.126992,-0.440536
43706585,-0.248345,-0.848409,0.115138,-0.453067
43714918,-0.243750,-0.846433,0.110500,-0.460355
43723251,-0.242765,-0.840326,0.100589,-0.474129
43731584,-0.235642,-0.838631,0.094865,-0.481843
43739917,-0.234757,-0.832410,0.086935,-0.494393
43748250,-0.229385,-0.827577,0.082591,-0.505646
43756583,-0.222440,-0.822843,0.079410,-0.516859
43764916,-0.217219,-0.816275,0.075083,-0.529974
43773249,-0.211027,-0.813338,0.075667,-0.536864
43781582,-0.206077,-0.808560,0.072780,-0.546320
43789915,-0.200232,-0.803386,0.070841,-0.556291
43798248,-0.194839,-0.797050,0.070972,-0.567197
43806581,-0.191195,-0.795100,0.068614,-0.571448
43814914,-0.187370,-0.793915,0.066999,-0.574545
43823247,-0.182187,-0.793413,0.065794,-0.577040
43831580,-0.179589,-0.792171,0.063582,-0.579802
43839913,-0.175408,-0.793278,0.063890,-0.579534
43848246,-0.172267,-0.793630,0.061815,-0.580219
43856579,-0.169770,-0.793038,0.058662,-0.582089
43864912,-0.167283,-0.792654,0.054687,-0.583717
43873245,-0.165984,-0.791961,0.051198,-0.585342
43881578,-0.165289,-0.791577,0.047507,-0.586369
43889911,-0.162635,-0.791463,0.042443,-0.587652
43898244,-0.160332,-0.790939,0.038275,-0.589275
43906577,-0.158594,-0.790393,0.032087,-0.590845
43914910,-0.157880,-0.790806,0.027952,-0.590693
43923243,-0.155788,-0.792598,0.024266,-0.589007
43931576,-0.154751,-0.790819,0.016328,-0.591938
43939909,-0.152484,-0.791662,0.010205,-0.591536
43948242,-0.151670,-0.790339,0.002888,-0.593593
43956575,-0.150248,-0.790288,-0.004131,-0.594015
43964908,-0.149328,-0.790340,-0.010133,-0.594105
43973241,-0.148121,-0.789863,-0.017195,-0.594879
43981574,-0.146545,-0.790689,-0.024759,-0.593904
43989907,-0.144925,-0.790320,-0.032474,-0.594422
43998240,-0.144339,-0.789994,-0.039894,-0.594545
44006573,-0.144699,-0.790503,-0.046042,-0.593335
44014906,-0.144655,-0.789999,-0.053052,-0.593433
44023239,-0.144187,-0.789752,-0.059811,-0.593233
44031572,-0.143893,-0.790089,-0.067377,-0.592043
44039905,-0.143271,-0.789992,-0.074086,-0.591522
44048238,-0.144308,-0.789850,-0.080307,-0.590646
44056571,-0.143946,-0.791176,-0.086309,-0.588108
44064904,-0.143728,-0.789904,-0.092954,-0.588858
44073237,-0.142155,-0.789626,-0.099721,-0.588506
44081570,-0.142673,-0.788947,-0.104717,-0.588423
44089903,-0.142274,-0.790036,-0.108917,-0.586292
44098236,-0.143492,-0.787893,-0.113305,-0.588044
44106569,-0.141942,-0.788892,-0.117856,-0.586183
44114902,-0.141482,-0.788659,-0.122675,-0.585619
44123235,-0.140704,-0.788234,-0.125656,-0.585748
44131568,-0.139550,-0.788056,-0.129375,-0.585453
44139901,-0.139167,-0.786413,-0.132905,-0.586961
44148234,-0.138516,-0.785914,-0.137391,-0.586750
44156567,-0.137403,-0.785669,-0.141337,-0.586402
44164900,-0.136545,-0.785073,-0.144950,-0.586520
44173233,-0.134994,-0.785013,-0.149140,-0.585909
44181566,-0.133323,-0.785360,-0.152093,-0.585066
44189899,-0.132741,-0.783990,-0.156800,-0.585792
44198232,-0.131532,-0.783363,-0.160359,-0.585941
44206565,-0.130069,-0.782466,-0.164694,-0.586263
44214898,-0.128382,-0.782002,-0.167585,-0.586435
44223231,-0.126773,-0.781520,-0.170765,-0.586511
44231564,-0.124493,-0.780406,-0.173959,-0.587542
44239897,-0.121884,-0.779906,-0.176860,-0.587887
44248230,-0.118842,-0.778730,-0.179106,-0.589387
44256563,-0.118237,-0.778553,-0.181161,-0.589115
44264896,-0.116075,-0.779279,-0.182684,-0.588114
44273229,-0.113913,-0.777720,-0.186071,-0.589536
44281562,-0.111745,-0.776547,-0.188523,-0.590717
44289895,-0.109649,-0.775232,-0.191683,-0.591819
44298228,-0.106638,-0.775033,-0.194057,-0.591857
44306561,-0.103726,-0.773565,-0.197187,-0.593258
44314894,-0.100710,-0.772724,-0.200278,-0.593839
44323227,-0.098365,-0.772431,-0.204242,-0.593262
44331560,-0.094897,-0.772272,-0.208131,-0.592682
44339893,-0.091830,-0.771858,-0.212211,-0.592258
44348226,-0.090614,-0.773444,-0.218250,-0.588167
44356559,-0.088814,-0.776583,-0.223937,-0.582136
44364892,-0.088412,-0.779651,-0.228752,-0.576194
44373225,-0.085843,-0.782921,-0.233594,-0.570175
44381558,-0.084740,-0.784591,-0.239045,-0.565768
44389891,-0.082690,-0.786620,-0.243584,-0.561301
44398224,-0.077950,-0.785329,-0.246363,-0.562572
44406557,-0.075394,-0.787323,-0.251203,-0.557975
44414890,-0.068089,-0.783694,-0.252062,-0.563606
44423223,-0.062710,-0.780285,-0.252678,-0.568662
44431556,-0.063789,-0.784970,-0.260858,-0.558306
44439889,-0.065989,-0.790908,-0.269240,-0.545545
44448222,-0.057783,-0.788142,-0.265981,-0.552039
44456555,-0.049487,-0.783402,-0.265665,-0.559691
44464888,-0.043487,-0.780226,-0.265982,-0.564456
44473221,-0.038777,-0.777912,-0.267164,-0.567426
44481554,-0.034708,-0.776498,-0.268636,-0.568930
44489887,-0.030469,-0.775383,-0.270149,-0.569976
44498220,-0.034753,-0.782871,-0.282812,-0.553103
44506553,-0.033238,-0.786360,-0.285329,-0.546919
44514886,-0.027143,-0.784968,-0.284593,-0.549632
44523219,-0.021817,-0.782625,-0.282647,-0.554196
44531552,-0.016849,-0.782916,-0.282378,-0.554094
44539885,-0.013317,-0.782473,-0.282696,-0.554655
44548218,-0.009878,-0.781185,-0.282190,-0.556795
44556551,-0.007522,-0.780185,-0.281975,-0.558342
44564884,-0.004743,-0.779178,-0.282017,-0.559756
44573217,-0.007828,-0.780353,-0.286165,-0.555965
44581550,-0.008939,-0.782482,-0.290639,-0.550610
44589883,-0.008065,-0.780023,-0.292076,-0.553345
44598216,-0.005786,-0.778282,-0.290757,-0.556510
44606549,0.002805,-0.769425,-0.284396,-0.571923
44614882,0.008293,-0.766299,-0.278311,-0.579017
44623215,0.014298,-0.763826,-0.273288,-0.584533
44631548,0.016656,-0.762640,-0.267748,-0.588570
44639881,0.019095,-0.759829,-0.262130,-0.594629
44648214,0.022043,-0.758239,-0.258454,-0.598155
44656547,0.025692,-0.757229,-0.253670,-0.601328
44664880,0.029216,-0.754984,-0.248820,-0.605999
44673213,0.033582,-0.752212,-0.244395,-0.610999
44681546,0.035812,-0.753582,-0.240389,-0.610774
44689879,0.038462,-0.753177,-0.235867,-0.612871
44698212,0.040264,-0.754521,-0.231720,-0.612685
44706545,0.041596,-0.755346,-0.227527,-0.613151
44714878,0.042503,-0.755176,-0.223370,-0.614824
44723211,0.044822,-0.754985,-0.220564,-0.615906
44731544,0.045059,-0.755384,-0.216598,-0.616807
44739877,0.045280,-0.755191,-0.212189,-0.618556
44748210,0.046390,-0.756108,-0.208901,-0.618474
44756543,0.046215,-0.756755,-0.206137,-0.618622
44764876,0.045931,-0.757135,-0.203700,-0.618985
44773209,0.045101,-0.758595,-0.201434,-0.618000
44781542,0.043419,-0.758036,-0.201854,-0.618669
44789875,0.043072,-0.758234,-0.200826,-0.618786
44798208,0.040830,-0.758310,-0.199863,-0.619156
44806541,0.038630,-0.759383,-0.200527,-0.617765
44814874,0.035920,-0.759352,-0.198832,-0.618514
44823207,0.034136,-0.757671,-0.200843,-0.620025
44831540,0.031835,-0.756602,-0.203303,-0.620651
44839873,0.028522,-0.757768,-0.203977,-0.619167
44848206,0.025552,-0.757041,-0.205501,-0.619682
44856539,0.022219,-0.755929,-0.208148,-0.620284
44864872,0.019953,-0.755707,-0.208913,-0.620374
44873205,0.018408,-0.756171,-0.209283,-0.619732
44881538,0.013730,-0.755912,-0.212316,-0.619137
44889871,0.010079,-0.754512,-0.215654,-0.619761
44898204,0.006500,-0.754681,-0.218357,-0.618656
44906537,0.001531,-0.754591,-0.220450,-0.618055
44914870,-0.003060,-0.754219,-0.223504,-0.617406
44923203,-0.004969,-0.754897,-0.224980,-0.616028
44931536,-0.009134,-0.754423,-0.227100,-0.615783
44939869,-0.014716,-0.753685,-0.229332,-0.615750
44948202,-0.019694,-0.752409,-0.231477,-0.616369
44956535,-0.023949,-0.753432,-0.232705,-0.614504
44964868,-0.027969,-0.753797,-0.234170,-0.613329
44973201,-0.032222,-0.752892,-0.235394,-0.613763
44981534,-0.036024,-0.752553,-0.236867,-0.613401
44989867,-0.039968,-0.751897,-0.238692,-0.613253
44998200,-0.043893,-0.751548,-0.239187,-0.613219
45006533,-0.047816,-0.751576,-0.240018,-0.612567
45014866,-0.050608,-0.751567,-0.240336,-0.612229
45023199,-0.055474,-0.751332,-0.240883,-0.611880
45031532,-0.057894,-0.751788,-0.242245,-0.610557
45039865,-0.061383,-0.751426,-0.243885,-0.610010
45048198,-0.064421,-0.752378,-0.243473,-0.608686
45056531,-0.065993,-0.751089,-0.245509,-0.609291
45064864,-0.069626,-0.750886,-0.245414,-0.609175
45073197,-0.072401,-0.752324,-0.244777,-0.607331
45081530,-0.074516,-0.751836,-0.245613,-0.607342
45089863,-0.076034,-0.751215,-0.247601,-0.607115
45098196,-0.079268,-0.752801,-0.246892,-0.605022
45106529,-0.080836,-0.753457,-0.246121,-0.604311
45114862,-0.082675,-0.752865,-0.247146,-0.604382
45123195,-0.084969,-0.752266,-0.248126,-0.604409
45131528,-0.084759,-0.752035,-0.248543,-0.604554
45139861,-0.085310,-0.753044,-0.247856,-0.603502
45148194,-0.086267,-0.753678,-0.246699,-0.603048
45156527,-0.088160,-0.754019,-0.245642,-0.602780
45164860,-0.088897,-0.755689,-0.243979,-0.601254
45173193,-0.088648,-0.757445,-0.241272,-0.600172
45181526,-0.089827,-0.757710,-0.239584,-0.600339
45189859,-0.090321,-0.757397,-0.239341,-0.600756
45198192,-0.090692,-0.757216,-0.238255,-0.601360
45206525,-0.090037,-0.756545,-0.237286,-0.602684
45214858,-0.088781,-0.757101,-0.234948,-0.603089
45223191,-0.087481,-0.758733,-0.233084,-0.601950
45231524,-0.085898,-0.759709,-0.231390,-0.601600
45239857,-0.085795,-0.760471,-0.228977,-0.601575
45248190,-0.083375,-0.762870,-0.225920,-0.600031
45256523,-0.081524,-0.762874,-0.225145,-0.600572
45264856,-0.080922,-0.762173,-0.224262,-0.601872
45273189,-0.079131,-0.763085,-0.221820,-0.601861
45281522,-0.075870,-0.763755,-0.220301,-0.601988
45289855,-0.074070,-0.763752,-0.218847,-0.602746
45298188,-0.072331,-0.764326,-0.216931,-0.602922
45306521,-0.071262,-0.765618,-0.214421,-0.602308
45314854,-0.069014,-0.765427,-0.213857,-0.603012
45323187,-0.065430,-0.765200,-0.213014,-0.603997
45331520,-0.062650,-0.765581,-0.211838,-0.604222
45339853,-0.060975,-0.766458,-0.210250,-0.603836
45348186,-0.058227,-0.766622,-0.209196,-0.604266
45356519,-0.055548,-0.766641,-0.208083,-0.604879
45364852,-0.052862,-0.766702,-0.207357,-0.605291
45373185,-0.051369,-0.766829,-0.204704,-0.606160
45381518,-0.050048,-0.767832,-0.202411,-0.605772
45389851,-0.045561,-0.769353,-0.201017,-0.604658
45398184,-0.043080,-0.768300,-0.199877,-0.606554
45406517,-0.041354,-0.767672,-0.199045,-0.607742
45414850,-0.038882,-0.768154,-0.197137,-0.607919
45423183,-0.036886,-0.768124,-0.194674,-0.608874
45431516,-0.034392,-0.767809,-0.193162,-0.609898
45439849,-0.032626,-0.768119,-0.191429,-0.610150
45448182,-0.030285,-0.768172,-0.188845,-0.611009
45456515,-0.028368,-0.768432,-0.187970,-0.611044
45464848,-0.027071,-0.768148,-0.187156,-0.611709
45473181,-0.025694,-0.766432,-0.185992,-0.614271
45481514,-0.024512,-0.766770,-0.184947,-0.614213
45489847,-0.022679,-0.766915,-0.183863,-0.614428
45498180,-0.019383,-0.768755,-0.182451,-0.612659
45506513,-0.017879,-0.769041,-0.181971,-0.612489
45514846,-0.018602,-0.767931,-0.182192,-0.613793
45523179,-0.017544,-0.767455,-0.182470,-0.614337
45531512,-0.016611,-0.766741,-0.182674,-0.615193
45539845,-0.015889,-0.767065,-0.183363,-0.614603
45548178,-0.015983,-0.766788,-0.183178,-0.615001
45556511,-0.016071,-0.766385,-0.183428,-0.615426
45564844,-0.016131,-0.766158,-0.183883,-0.615572
45573177,-0.015740,-0.766321,-0.184663,-0.615146
45581510,-0.016254,-0.766228,-0.185345,-0.615042
45589843,-0.016406,-0.765891,-0.186422,-0.615133
45598176,-0.016081,-0.766928,-0.185921,-0.614000
45606509,-0.017140,-0.765674,-0.187799,-0.614965
45614842,-0.017464,-0.764976,-0.188900,-0.615487
45623175,-0.017288,-0.764480,-0.189949,-0.615784
45631508,-0.017642,-0.764890,-0.190387,-0.615130
45639841,-0.017328,-0.764297,-0.191905,-0.615404
45648174,-0.017821,-0.764866,-0.191402,-0.614839
45656507,-0.018649,-0.765350,-0.191055,-0.614320
45664840,-0.020314,-0.766904,-0.189957,-0.612668
45673173,-0.022041,-0.765875,-0.191266,-0.613488
45681506,-0.022514,-0.764700,-0.192960,-0.614404
45689839,-0.024052,-0.764676,-0.192750,-0.614443
45698172,-0.025045,-0.765422,-0.193149,-0.613348
45706505,-0.025699,-0.766211,-0.193489,-0.612228
45714838,-0.026561,-0.767037,-0.193309,-0.611212
45723171,-0.026828,-0.768131,-0.193386,-0.609801
45731504,-0.028166,-0.766741,-0.194512,-0.611130
45739837,-0.029344,-0.765805,-0.195053,-0.612075
45748170,-0.030255,-0.766093,-0.195104,-0.611654
45756503,-0.030930,-0.766362,-0.195613,-0.611120
45764836,-0.031515,-0.767090,-0.195098,-0.610341
45773169,-0.032082,-0.767197,-0.195383,-0.610086
45781502,-0.032400,-0.766828,-0.196728,-0.610101
45789835,-0.033597,-0.766558,-0.197581,-0.610099
45798168,-0.035144,-0.767084,-0.197033,-0.609529
45806501,-0.035882,-0.766982,-0.197255,-0.609542
45814834,-0.036816,-0.767456,-0.196949,-0.608988
45823167,-0.037638,-0.767629,-0.197227,-0.608630
45831500,-0.038148,-0.767639,-0.197219,-0.608588
45839833,-0.039099,-0.767353,-0.197379,-0.608837
45848166,-0.040997,-0.766469,-0.197571,-0.609763
45856499,-0.042297,-0.766299,-0.197137,-0.610028
45864832,-0.042986,-0.767520,-0.196748,-0.608569
45873165,-0.043895,-0.767920,-0.196997,-0.607918
45881498,-0.045174,-0.768957,-0.197123,-0.606471
45889831,-0.045670,-0.769342,-0.197215,-0.605915
45898164,-0.046078,-0.769500,-0.197104,-0.605721
45906497,-0.045633,-0.769561,-0.197842,-0.605436
45914830,-0.045962,-0.769206,-0.198412,-0.605675
45923163,-0.047181,-0.769485,-0.198054,-0.605344
45931496,-0.048198,-0.769946,-0.197088,-0.604992
45939829,-0.048335,-0.770275,-0.196354,-0.604802
45948162,-0.048542,-0.770703,-0.196017,-0.604349
45956495,-0.048685,-0.771131,-0.195522,-0.603952
45964828,-0.049142,-0.771536,-0.194484,-0.603733
45973161,-0.049179,-0.771699,-0.194797,-0.603421
45981494,-0.049819,-0.771484,-0.194913,-0.603605
45989827,-0.050191,-0.771069,-0.194964,-0.604089
45998160,-0.050180,-0.771569,-0.194970,-0.603449
46006493,-0.050162,-0.771875,-0.195234,-0.602973
46014826,-0.050694,-0.772245,-0.195699,-0.602304
46023159,-0.051320,-0.772596,-0.195360,-0.601911
46031492,-0.051406,-0.773770,-0.196083,-0.600158
46039825,-0.052518,-0.775563,-0.195692,-0.597871
46048158,-0.053521,-0.776846,-0.196173,-0.595954
46056491,-0.056377,-0.779142,-0.198127,-0.592035
46064824,-0.058060,-0.780560,-0.199642,-0.589490
46073157,-0.058705,-0.783033,-0.200704,-0.585774
46081490,-0.059909,-0.785209,-0.201054,-0.582610
46089823,-0.060817,-0.787705,-0.201831,-0.578867
46098156,-0.061110,-0.789148,-0.202346,-0.576686
46106489,-0.061011,-0.790305,-0.202518,-0.575049
46114822,-0.061153,-0.791051,-0.202707,-0.573941
46123155,-0.061126,-0.791711,-0.203465,-0.572764
46131488,-0.061235,-0.792564,-0.203825,-0.571443
46139821,-0.061368,-0.793492,-0.204155,-0.570022
46148154,-0.061521,-0.793340,-0.204412,-0.570124
46156487,-0.061626,-0.793891,-0.204355,-0.569366
46164820,-0.061454,-0.795002,-0.204853,-0.567653
46173153,-0.061406,-0.796164,-0.205142,-0.565924
46181486,-0.062245,-0.796399,-0.204803,-0.565624
46189819,-0.062852,-0.796962,-0.205005,-0.564689
46198152,-0.062526,-0.798188,-0.205358,-0.562863
46206485,-0.065988,-0.801999,-0.209622,-0.555429
46214818,-0.066662,-0.803607,-0.210529,-0.552674
46223151,-0.066939,-0.803901,-0.210110,-0.552373
46231484,-0.064571,-0.802407,-0.207054,-0.555969
46239817,-0.062550,-0.800112,-0.204046,-0.560601
46248150,-0.067367,-0.805035,-0.209227,-0.551003
46256483,-0.068694,-0.807120,-0.210668,-0.547227
46264816,-0.077115,-0.777097,-0.216399,-0.585956
46273149,-0.063116,-0.791243,-0.202860,-0.573410
46281482,-0.059165,-0.799586,-0.197615,-0.564012
46289815,-0.059985,-0.800428,-0.197197,-0.562877
46298148,-0.059585,-0.799443,-0.196078,-0.564707
46306481,-0.060634,-0.800142,-0.196258,-0.563541
46314814,-0.060100,-0.800149,-0.195186,-0.563961
46323147,-0.059276,-0.798099,-0.193815,-0.567416
46331480,-0.059177,-0.798036,-0.192548,-0.567945
46339813,-0.059394,-0.798594,-0.192166,-0.567267
46348146,-0.059752,-0.798734,-0.192148,-0.567038
46356479,-0.059873,-0.799258,-0.191725,-0.566430
46364812,-0.059666,-0.801368,-0.192094,-0.563338
46373145,-0.063430,-0.804958,-0.196124,-0.556376
46381478,-0.059919,-0.801995,-0.191616,-0.562581
46389811,-0.058144,-0.799767,-0.189756,-0.566555
46398144,-0.061831,-0.803032,-0.194463,-0.559911
46406477,-0.065707,-0.805747,-0.198606,-0.554085
46414810,-0.064665,-0.803935,-0.195964,-0.557767
46423143,-0.063570,-0.802227,-0.195188,-0.560618
46431476,-0.060330,-0.799195,-0.190223,-0.566976
46439809,-0.060652,-0.799366,-0.188043,-0.567429
46448142,-0.059903,-0.799476,-0.187479,-0.567540
46456475,-0.062865,-0.801939,-0.191050,-0.562531
46464808,-0.059794,-0.798454,-0.186586,-0.569281
46473141,-0.059943,-0.797528,-0.185070,-0.571057
46481474,-0.061903,-0.797064,-0.185595,-0.571325
46489807,-0.062121,-0.796639,-0.186217,-0.571690
46498140,-0.062699,-0.795856,-0.186501,-0.572625
46506473,-0.064111,-0.796157,-0.186797,-0.571953
46514806,-0.064625,-0.796998,-0.186659,-0.570768
46523139,-0.063805,-0.797017,-0.187033,-0.570711
46531472,-0.064436,-0.795272,-0.186031,-0.573396
46539805,-0.063575,-0.794628,-0.186277,-0.574305
46548138,-0.064038,-0.795006,-0.186590,-0.573628
46556471,-0.065386,-0.795236,-0.186023,-0.573341
46564804,-0.066612,-0.795570,-0.186086,-0.572715
46573137,-0.067404,-0.795567,-0.185183,-0.572919
46581470,-0.068303,-0.794952,-0.185857,-0.573448
46589803,-0.068262,-0.793510,-0.186658,-0.575188
46598136,-0.067411,-0.792102,-0.187949,-0.576807
46606469,-0.067952,-0.793319,-0.187338,-0.575267
46614802,-0.069077,-0.793095,-0.187837,-0.575280
46623135,-0.069158,-0.794066,-0.188301,-0.573776
46631468,-0.068999,-0.794317,-0.188907,-0.573249
46639801,-0.069505,-0.794980,-0.188971,-0.572246
46648134,-0.069668,-0.795087,-0.189075,-0.572043
46656467,-0.070726,-0.796064,-0.189328,-0.570468
46664800,-0.070632,-0.795527,-0.189034,-0.571326
46673133,-0.070773,-0.795342,-0.189022,-0.571571
46681466,-0.071771,-0.796038,-0.189871,-0.570194
46689799,-0.072319,-0.796759,-0.190412,-0.568936
46698132,-0.071950,-0.796268,-0.189919,-0.569834
46706465,-0.072889,-0.796338,-0.190488,-0.569427
46714798,-0.073615,-0.796743,-0.190573,-0.568739
46723131,-0.072805,-0.795791,-0.190684,-0.570137
46731464,-0.072128,-0.795042,-0.190449,-0.571344
46739797,-0.072496,-0.794989,-0.190328,-0.571412
46748130,-0.072224,-0.794568,-0.190017,-0.572135
46756463,-0.071898,-0.792837,-0.190568,-0.574390
46764796,-0.071681,-0.794986,-0.189652,-0.571745
46773129,-0.071453,-0.796067,-0.189441,-0.570337
46781462,-0.070684,-0.796880,-0.188261,-0.569687
46789795,-0.070177,-0.797368,-0.188362,-0.569034
46798128,-0.070598,-0.797771,-0.187347,-0.568752
46806461,-0.070511,-0.797476,-0.187946,-0.568978
46814794,-0.071175,-0.798293,-0.188379,-0.567605
46823127,-0.070397,-0.798134,-0.187754,-0.568133
46831460,-0.069776,-0.797935,-0.188149,-0.568358
46839793,-0.069605,-0.797768,-0.187573,-0.568804
46848126,-0.068871,-0.797583,-0.187074,-0.569316
46856459,-0.066446,-0.799252,-0.186225,-0.567540
46864792,-0.066113,-0.799517,-0.185373,-0.567484
46873125,-0.065544,-0.800075,-0.183538,-0.567360
46881458,-0.065790,-0.801448,-0.183519,-0.565397
46889791,-0.066500,-0.802546,-0.182788,-0.563991
46898124,-0.067177,-0.804009,-0.183570,-0.561569
46906457,-0.072058,-0.808530,-0.188190,-0.552875
46914790,-0.065900,-0.800467,-0.178365,-0.568416
46923123,-0.064499,-0.799241,-0.176037,-0.571021
46931456,-0.065675,-0.805728,-0.177294,-0.561299
46939789,-0.064472,-0.806755,-0.176746,-0.560135
46948122,-0.063064,-0.806708,-0.175090,-0.560883
46956455,-0.065576,-0.812058,-0.177996,-0.551887
46964788,-0.074629,-0.821804,-0.190153,-0.531894
46973121,-0.072786,-0.822105,-0.186583,-0.532946
46981454,-0.068871,-0.818607,-0.179925,-0.541079
46989787,-0.067210,-0.816469,-0.175794,-0.545854
46998120,-0.066174,-0.815560,-0.174412,-0.547780
47006453,-0.066407,-0.815431,-0.173023,-0.548385
47014786,-0.066386,-0.815314,-0.172086,-0.548855
47023119,-0.066013,-0.815225,-0.171000,-0.549372
47031452,-0.065253,-0.814812,-0.170279,-0.550299
47039785,-0.065487,-0.814830,-0.169387,-0.550519
47048118,-0.065865,-0.814884,-0.168480,-0.550672
47056451,-0.066202,-0.814597,-0.168240,-0.551130
47064784,-0.066716,-0.814695,-0.167353,-0.551193
47073117,-0.066919,-0.814840,-0.166066,-0.551343
47081450,-0.067223,-0.815000,-0.164552,-0.551524
47089783,-0.066976,-0.814865,-0.164040,-0.551905
47098116,-0.067044,-0.815104,-0.162282,-0.552065
47106449,-0.067793,-0.815637,-0.159980,-0.551857
47114782,-0.068816,-0.816262,-0.157999,-0.551377
47123115,-0.069520,-0.816325,-0.156910,-0.551506
47131448,-0.070093,-0.816560,-0.155398,-0.551514
47139781,-0.070935,-0.816681,-0.154260,-0.551548
47148114,-0.071158,-0.816829,-0.152922,-0.551672
47156447,-0.072277,-0.817289,-0.150926,-0.551395
47164780,-0.073399,-0.818100,-0.147819,-0.550885
47173113,-0.074303,-0.818763,-0.145399,-0.550423
47181446,-0.075145,-0.819100,-0.143480,-0.550310
47189779,-0.076387,-0.819485,-0.141763,-0.550012
47198112,-0.077621,-0.819694,-0.140823,-0.549769
47206445,-0.078608,-0.819863,-0.138277,-0.550023
47214778,-0.080251,-0.820686,-0.134838,-0.549412
47223111,-0.081649,-0.821307,-0.132216,-0.548915
47231444,-0.081833,-0.821481,-0.130512,-0.549034
47239777,-0.082175,-0.822308,-0.126929,-0.548585
47248110,-0.083963,-0.823154,-0.122833,-0.547978
47256443,-0.085439,-0.823803,-0.120077,-0.547386
47264776,-0.088617,-0.824858,-0.116315,-0.546102
47273109,-0.090106,-0.824802,-0.114184,-0.546392
47281442,-0.092719,-0.825594,-0.109888,-0.545639
47289775,-0.094918,-0.826538,-0.105451,-0.544707
47298108,-0.096522,-0.826926,-0.101481,-0.544590
47306441,-0.099177,-0.827590,-0.097406,-0.543849
47314774,-0.101089,-0.828028,-0.093648,-0.543489
47323107,-0.102608,-0.828508,-0.090038,-0.543084
47331440,-0.104084,-0.828891,-0.086043,-0.542865
47339773,-0.106126,-0.829307,-0.081490,-0.542537
47348106,-0.108116,-0.829429,-0.077788,-0.542501
47356439,-0.109744,-0.829578,-0.074225,-0.542446
47364772,-0.111065,-0.830031,-0.070372,-0.541996
47373105,-0.113440,-0.830054,-0.066880,-0.541912
47381438,-0.116639,-0.830513,-0.062480,-0.541054
47389771,-0.119273,-0.830854,-0.058031,-0.540452
47398104,-0.121431,-0.830983,-0.055055,-0.540084
47406437,-0.124832,-0.831457,-0.050257,-0.539046
47414770,-0.126579,-0.831601,-0.046397,-0.538762
47423103,-0.130229,-0.831762,-0.042685,-0.537951
47431436,-0.132501,-0.832159,-0.036950,-0.537206
47439769,-0.136055,-0.832014,-0.032252,-0.536844
47448102,-0.139128,-0.831759,-0.028388,-0.536670
47456435,-0.141869,-0.831596,-0.024182,-0.536411
47464768,-0.144949,-0.831318,-0.020377,-0.536176
47473101,-0.148849,-0.840034,-0.021339,-0.521279
47481434,-0.152369,-0.844498,-0.019227,-0.513066
47489767,-0.155459,-0.844625,-0.016327,-0.512029
47498100,-0.159956,-0.841853,-0.011244,-0.515336
47506433,-0.163036,-0.838403,-0.006721,-0.520053
47514766,-0.166094,-0.833209,-0.002447,-0.527418
47523099,-0.168680,-0.827885,0.000033,-0.534933
47531432,-0.171802,-0.823268,0.003519,-0.541019
47539765,-0.175856,-0.819706,0.008114,-0.545060
47548098,-0.178915,-0.815561,0.011519,-0.550197
47556431,-0.180527,-0.813473,0.015123,-0.552669
47564764,-0.184052,-0.813307,0.021336,-0.551545
47573097,-0.187132,-0.811209,0.025580,-0.553415
47581430,-0.191572,-0.807971,0.028746,-0.556468
47589763,-0.194886,-0.805938,0.032046,-0.558083
47598096,-0.198931,-0.802834,0.035853,-0.560891
47606429,-0.202755,-0.799566,0.039654,-0.563926
47614762,-0.205978,-0.794759,0.041487,-0.569394
47623095,-0.210091,-0.791148,0.046600,-0.572517
47631428,-0.213721,-0.784987,0.048390,-0.579463
47639761,-0.216697,-0.780844,0.051584,-0.583664
47648094,-0.221592,-0.776409,0.055745,-0.587348
47656427,-0.225590,-0.774474,0.059946,-0.587967
47664760,-0.230114,-0.768950,0.061764,-0.593253
47673093,-0.233529,-0.765066,0.063352,-0.596762
47681426,-0.235862,-0.763365,0.065797,-0.597758
47689759,-0.240274,-0.759423,0.067797,-0.600790
47698092,-0.245305,-0.755815,0.070589,-0.602981
47706425,-0.248266,-0.755028,0.073892,-0.602359
47714758,-0.251554,-0.754193,0.076863,-0.601669
47723091,-0.255620,-0.753057,0.079238,-0.601070
47731424,-0.259603,-0.750242,0.080790,-0.602674
47739757,-0.264818,-0.747952,0.084695,-0.602715
47748090,-0.268660,-0.744243,0.087080,-0.605261
47756423,-0.273338,-0.740100,0.089810,-0.607843
47764756,-0.278304,-0.736287,0.092781,-0.609771
47773089,-0.284656,-0.733287,0.097416,-0.609730
47781422,-0.290553,-0.731076,0.101568,-0.608926
47789755,-0.295495,-0.727788,0.104534,-0.609983
47798088,-0.300623,-0.726185,0.108821,-0.608638
47806421,-0.306739,-0.723479,0.112675,-0.608106
47814754,-0.311753,-0.720773,0.115468,-0.608247
47823087,-0.316280,-0.718503,0.117938,-0.608120
47831420,-0.321884,-0.716842,0.120675,-0.606602
47839753,-0.326348,-0.714693,0.123357,-0.606213
47848086,-0.330722,-0.714164,0.126951,-0.603719
47856419,-0.334403,-0.714376,0.130608,-0.600652
47864752,-0.337013,-0.717216,0.137160,-0.594315
47873085,-0.340637,-0.718362,0.142255,-0.589649
47881418,-0.343812,-0.719265,0.147270,-0.585459
47889751,-0.348045,-0.720976,0.154290,-0.579010
47898084,-0.348149,-0.727546,0.160674,-0.568906
47906417,-0.351271,-0.727850,0.166644,-0.564865
47914750,-0.354073,-0.730085,0.174577,-0.557792
47923083,-0.356510,-0.732672,0.182788,-0.550165
47931416,-0.358362,-0.735962,0.191132,-0.541669
47939749,-0.361116,-0.739056,0.200982,-0.531976
47948082,-0.362607,-0.742052,0.211656,-0.522567
47956415,-0.364747,-0.741176,0.219306,-0.519156
47964748,-0.366880,-0.741062,0.229133,-0.513541
47973081,-0.369328,-0.739973,0.239542,-0.508583
47981414,-0.370916,-0.738306,0.248343,-0.505620
47989747,-0.372367,-0.736643,0.257940,-0.502162
47998080,-0.375911,-0.733060,0.269108,-0.498894
48006413,-0.377254,-0.730380,0.276771,-0.497615
48014746,-0.378903,-0.725707,0.284075,-0.499082
48023079,-0.381376,-0.721304,0.291878,-0.499080
48031412,-0.382989,-0.717154,0.298461,-0.499931
48039745,-0.385097,-0.712909,0.305157,-0.500339
48048078,-0.387345,-0.709757,0.312411,-0.498605
48056411,-0.387822,-0.705618,0.316157,-0.501739
48064744,-0.388817,-0.701918,0.319298,-0.504164
48073077,-0.389282,-0.699027,0.324826,-0.504290
48081410,-0.388848,-0.697366,0.327103,-0.505451
48089743,-0.387553,-0.696686,0.328652,-0.506379
48098076,-0.388359,-0.694067,0.330879,-0.507905
48106409,-0.388222,-0.693337,0.333632,-0.507205
48114742,-0.388623,-0.691632,0.335740,-0.507835
48123075,-0.388929,-0.690843,0.338652,-0.506740
48131408,-0.389109,-0.690922,0.342039,-0.504212
48139741,-0.389945,-0.692255,0.347200,-0.498175
48148074,-0.389064,-0.694267,0.349902,-0.494156
48156407,-0.388457,-0.697554,0.354926,-0.486362
48164740,-0.387724,-0.700759,0.359308,-0.479067
48173073,-0.386815,-0.705170,0.363977,-0.469714
48181406,-0.386218,-0.707266,0.367762,-0.464071
48189739,-0.385313,-0.710669,0.373069,-0.455305
48198072,-0.384661,-0.713723,0.376710,-0.448023
48206405,-0.384767,-0.716075,0.381383,-0.440157
48214738,-0.384994,-0.718128,0.384824,-0.433570
48223071,-0.383794,-0.720654,0.390020,-0.425728
48231404,-0.383027,-0.722310,0.394439,-0.419494
48239737,-0.384387,-0.721778,0.397875,-0.415907
48248070,-0.385206,-0.721978,0.402343,-0.410469
48256403,-0.385385,-0.722617,0.405793,-0.405753
48264736,-0.386729,-0.722687,0.408638,-0.401471
48273069,-0.389615,-0.719924,0.413109,-0.399062
48281402,-0.389573,-0.721267,0.415913,-0.393729
48289735,-0.390995,-0.720669,0.418958,-0.390171
48298068,-0.392437,-0.720744,0.421789,-0.385506
48306401,-0.395359,-0.718424,0.424811,-0.383527
48314734,-0.398191,-0.717138,0.427477,-0.380027
48323067,-0.401093,-0.714619,0.431318,-0.377370
48331400,-0.404133,-0.713002,0.433899,-0.374213
48339733,-0.408658,-0.708701,0.436579,-0.374352
48348066,-0.413042,-0.706489,0.439992,-0.369698
48356399,-0.417982,-0.701773,0.442490,-0.370147
48364732,-0.424045,-0.696690,0.444892,-0.369974
48373065,-0.430387,-0.693718,0.445669,-0.367289
48381398,-0.438420,-0.688367,0.445635,-0.367897
48389731,-0.446747,-0.681198,0.446092,-0.370661
48398064,-0.454241,-0.673735,0.447521,-0.373459
48406397,-0.461715,-0.669183,0.447143,-0.372929
48414730,-0.470996,-0.660922,0.447435,-0.375694
48423063,-0.479725,-0.655395,0.446140,-0.375873
48431396,-0.490360,-0.642429,0.445126,-0.385609
48439729,-0.500643,-0.631801,0.443789,-0.391454
48448062,-0.510052,-0.622605,0.442345,-0.395652
48456395,-0.518670,-0.615842,0.440728,-0.396836
48464728,-0.526562,-0.608970,0.439025,-0.398930
48473061,0.534419,0.601402,-0.437167,0.401992
48481394,0.542668,0.595050,-0.434387,0.403405
48489727,0.549798,0.587605,-0.432247,0.406946
48498060,0.556817,0.577735,-0.430013,0.413843
48506393,0.563159,0.568488,-0.427631,0.420482
48514726,0.568768,0.559109,-0.425371,0.427738
48523059,0.575391,0.548305,-0.421504,0.436602
48531392,0.581175,0.540532,-0.419003,0.441019
48539725,0.586028,0.532835,-0.416813,0.446011
48548058,0.591154,0.524558,-0.412513,0.453000
48556391,0.596497,0.516387,-0.408082,0.459353
48564724,0.601791,0.508451,-0.403220,0.465552
48573057,0.606749,0.500386,-0.398041,0.472264
48581390,0.611679,0.491656,-0.391983,0.480075
48589723,0.615979,0.484236,-0.385725,0.487136
48598056,0.620791,0.475442,-0.378810,0.495052
48606389,0.625454,0.466890,-0.370388,0.503620
48614722,0.630537,0.458628,-0.363692,0.509717
48623055,0.635136,0.449846,-0.355219,0.517745
48631388,0.639891,0.440833,-0.347915,0.524558
48639721,0.644337,0.431336,-0.340301,0.531954
48648054,0.648227,0.421746,-0.332654,0.539698
48656387,0.652380,0.412395,-0.324904,0.546597
48664720,0.655862,0.403808,-0.318375,0.552650
48673053,0.659707,0.394781,-0.310759,0.558895
48681386,0.663802,0.385913,-0.303416,0.564249
48689719,0.667781,0.377497,-0.296247,0.569036
48698052,0.671639,0.369344,-0.288504,0.573804
48706385,0.675462,0.361993,-0.281580,0.577430
48714718,0.678611,0.353370,-0.272806,0.583262
48723051,0.682073,0.345886,-0.264454,0.587540
48731384,0.685437,0.335212,-0.253579,0.594564
48739717,0.688192,0.324712,-0.242241,0.601891
48748050,0.690851,0.315750,-0.233737,0.606955
48756383,0.692377,0.310679,-0.227794,0.610084
48764716,0.693728,0.304209,-0.218690,0.615120
48773049,0.694768,0.295842,-0.209895,0.621063
48781382,0.696432,0.288102,-0.199857,0.626129
48789715,0.697869,0.282182,-0.189792,0.630342
48798048,0.699569,0.274727,-0.178731,0.634968
48806381,0.700619,0.267755,-0.167790,0.639756
48814714,0.701016,0.263092,-0.157695,0.643810
48823047,0.701358,0.257426,-0.146257,0.648412
48831380,0.701821,0.251871,-0.136829,0.652139
48839713,0.701429,0.246023,-0.124308,0.657280
48848046,0.701205,0.242022,-0.113415,0.660964
48856379,0.700241,0.237121,-0.101938,0.665616
48864712,0.699606,0.234012,-0.094284,0.668507
48873045,0.699290,0.228617,-0.084190,0.672042
48881378,0.698685,0.223115,-0.074294,0.675677
48889711,0.698188,0.218096,-0.064422,0.678835
48898044,0.697350,0.213318,-0.057174,0.681857
48906377,0.696318,0.208155,-0.049242,0.685119
48914710,0.695646,0.202760,-0.042850,0.687844
48923043,0.694554,0.198145,-0.035480,0.690705
48931376,0.694148,0.192994,-0.029375,0.692855
48939709,0.694347,0.187970,-0.025138,0.694202
48948042,0.693097,0.183926,-0.019309,0.696717
48956375,0.692443,0.179249,-0.013701,0.698717
48964708,0.691666,0.174429,-0.008206,0.700789
48973041,0.691218,0.170819,-0.001081,0.702167
48981374,0.691196,0.167147,0.003203,0.703065
48989707,0.690833,0.163298,0.009917,0.704262
48998040,0.690332,0.161215,0.014192,0.705159
49006373,0.689826,0.158783,0.019307,0.706084
49014706,0.689097,0.155561,0.025701,0.707308
49023039,0.688204,0.152714,0.032966,0.708497
49031372,0.687971,0.150862,0.036991,0.708921
49039705,0.687426,0.148486,0.042324,0.709652
49048038,0.686708,0.146362,0.047410,0.710466
49056371,0.686410,0.144348,0.050920,0.710923
49064704,0.686048,0.142206,0.053746,0.711496
49073037,0.685225,0.139912,0.057426,0.712456
49081370,0.684919,0.137816,0.061093,0.712853
49089703,0.684337,0.136241,0.062488,0.713594
49098036,0.683539,0.133436,0.065945,0.714577
49106369,0.682718,0.131975,0.068995,0.715345
49114702,0.681104,0.130696,0.072688,0.716751
49123035,0.681163,0.128987,0.074482,0.716820
49131368,0.680655,0.128100,0.077118,0.717184
49139701,0.680609,0.126359,0.078196,0.717419
49148034,0.679760,0.126537,0.080336,0.717956
49156367,0.678832,0.125244,0.082364,0.718831
49164700,0.678722,0.125123,0.081894,0.719010
49173033,0.677833,0.124345,0.083681,0.719776
49181366,0.677441,0.122807,0.085881,0.720151
49189699,0.677965,0.120964,0.086704,0.719870
49198032,0.676642,0.121178,0.088073,0.720912
49206365,0.675995,0.121031,0.089813,0.721330
49214698,0.675475,0.121178,0.091477,0.721582
49223031,0.675392,0.121095,0.092563,0.721536
49231364,0.674016,0.122700,0.093522,0.722427
49239697,0.672698,0.123242,0.094365,0.723453
49248030,0.671497,0.123712,0.094723,0.724440
49256363,0.670448,0.124062,0.095472,0.725254
49264696,0.669111,0.124356,0.096997,0.726235
49273029,0.668050,0.124740,0.097302,0.727104
49281362,0.667369,0.125332,0.096718,0.727706
49289695,0.666710,0.125012,0.097231,0.728296
49298028,0.665743,0.125223,0.097687,0.729084
49306361,0.664868,0.125966,0.098138,0.729693
49314694,0.664220,0.126354,0.098625,0.730150
49323027,0.663669,0.126585,0.099716,0.730463
49331360,0.663254,0.127246,0.100359,0.730637
49339693,0.662676,0.128343,0.101094,0.730868
49348026,0.662423,0.129263,0.102051,0.730803
49356359,0.662310,0.130308,0.103130,0.730568
49364692,0.661410,0.131602,0.104820,0.730911
49373025,0.661248,0.132636,0.105359,0.730793
49381358,0.661376,0.132809,0.105089,0.730685
49389691,0.661683,0.133082,0.104232,0.730480
49398024,0.662206,0.132827,0.103627,0.730138
49406357,0.662091,0.132891,0.102864,0.730339
49414690,0.661943,0.133077,0.102288,0.730520
49423023,0.662174,0.133019,0.101602,0.730417
49431356,0.662393,0.132910,0.101012,0.730320
49439689,0.662553,0.133080,0.100819,0.730170
49448022,0.662139,0.134203,0.101307,0.730273
49456355,0.661911,0.135016,0.101148,0.730352
49464688,0.661494,0.136170,0.100874,0.730553
49473021,0.661369,0.135810,0.101602,0.730632
49481354,0.661650,0.134838,0.102522,0.730429
49489687,0.661152,0.135283,0.102997,0.730731
49498020,0.661553,0.133961,0.102933,0.730621
49506353,0.661922,0.132754,0.103109,0.730483
49514686,0.661824,0.132778,0.103105,0.730567
49523019,0.661681,0.133209,0.103410,0.730575
49531352,0.661951,0.133210,0.103524,0.730314
49539685,0.662006,0.133178,0.104030,0.730198
49548018,0.661591,0.135034,0.104179,0.730212
49556351,0.661599,0.136119,0.103947,0.730037
49564684,0.661786,0.137115,0.104108,0.729658
49573017,0.662197,0.138191,0.103777,0.729129
49581350,0.662229,0.138398,0.103771,0.729062
49589683,0.661784,0.138497,0.103910,0.729427
49598016,0.661382,0.138187,0.103563,0.729900
49606349,0.661438,0.137386,0.103210,0.730050
49614682,0.661025,0.137125,0.102302,0.730601
49623015,0.660729,0.136843,0.102040,0.730958
49631348,0.660544,0.136491,0.101770,0.731228
49639681,0.661201,0.135607,0.101546,0.730830
49648014,0.661565,0.135511,0.101785,0.730485
49656347,0.661610,0.135569,0.102256,0.730368
49664680,0.661354,0.135643,0.102658,0.730530
49673013,0.661417,0.136094,0.102860,0.730360
49681346,0.661403,0.136702,0.103094,0.730226
49689679,0.661424,0.137457,0.102851,0.730100
49698012,0.661597,0.137894,0.102475,0.729914
49706345,0.661746,0.138049,0.102320,0.729771
49714678,0.661785,0.137989,0.101974,0.729795
49723011,0.662007,0.137720,0.101464,0.729716
49731344,0.661933,0.137586,0.100819,0.729897
49739677,0.662131,0.137488,0.100239,0.729817
49748010,0.662096,0.137668,0.099658,0.729894
49756343,0.661922,0.137924,0.099531,0.730021
49764676,0.661885,0.137746,0.100128,0.730006
49773009,0.661643,0.137616,0.100941,0.730138
49781342,0.661308,0.138151,0.101367,0.730282
49789675,0.661128,0.138454,0.101505,0.730367
49798008,0.660933,0.138859,0.101110,0.730522
49806341,0.660389,0.138922,0.101791,0.730907
49814674,0.660246,0.138991,0.102193,0.730967
49823007,0.660757,0.138794,0.101301,0.730667
49831340,0.660473,0.139224,0.100738,0.730920
49839673,0.660670,0.139158,0.100025,0.730853
49848006,0.660860,0.139424,0.099405,0.730714
49856339,0.660883,0.139366,0.099332,0.730715
49864672,0.660548,0.139444,0.099499,0.730980
49873005,0.660233,0.139519,0.098642,0.731367
49881338,0.660367,0.139313,0.098210,0.731343
49889671,0.660384,0.138826,0.098439,0.731389
49898004,0.660392,0.139080,0.098603,0.731312
49906337,0.660213,0.140361,0.098184,0.731285
49914670,0.660229,0.140745,0.097293,0.731316
49923003,0.660105,0.141092,0.096957,0.731405
49931336,0.660219,0.140978,0.096688,0.731360
49939669,0.660357,0.141125,0.096046,0.731291
49948002,0.660402,0.141209,0.095866,0.731258
49956335,0.660329,0.141571,0.095535,0.731298
49964668,0.660502,0.142122,0.095004,0.731104
49973001,0.660781,0.142039,0.095147,0.730849
49981334,0.660775,0.142275,0.095444,0.730770
49989667,0.661031,0.142654,0.095146,0.730503
49998000,0.661855,0.141562,0.095189,0.729964
50006333,0.662258,0.141220,0.095379,0.729640
50014666,0.662077,0.141524,0.095558,0.729722
50022999,0.661961,0.141642,0.096246,0.729713
