Timestamp (us),W,X,Y,Z
0,0.646757,0.064632,-0.052906,0.758109
8333,0.646727,0.064665,-0.052868,0.758135
16666,0.646677,0.064648,-0.052906,0.758176
24999,0.646640,0.064602,-0.052943,0.758208
33332,0.646603,0.064525,-0.053028,0.758241
41665,0.646576,0.064453,-0.053104,0.758264
49998,0.646546,0.064375,-0.053113,0.758296
58331,0.646505,0.064317,-0.053117,0.758336
66664,0.646461,0.064233,-0.053164,0.758377
74997,0.646418,0.064264,-0.053149,0.758412
83330,0.646391,0.064259,-0.053128,0.758437
91663,0.646351,0.064297,-0.053053,0.758473
99996,0.646290,0.064368,-0.053038,0.758521
108329,0.646240,0.064364,-0.053095,0.758559
116662,0.646197,0.064350,-0.053144,0.758593
124995,0.646177,0.064509,-0.052961,0.758610
133328,0.646106,0.064604,-0.052878,0.758668
141661,0.646048,0.064645,-0.052921,0.758711
149994,0.646049,0.064704,-0.052873,0.758709
158327,0.646021,0.064796,-0.052785,0.758730
166660,0.645994,0.064727,-0.052888,0.758752
174993,0.645973,0.064766,-0.052916,0.758765
183326,0.645961,0.064803,-0.052932,0.758771
191659,0.645933,0.064728,-0.053065,0.758792
199992,0.645912,0.064635,-0.053193,0.758809
208325,0.645928,0.064689,-0.053133,0.758795
216658,0.645917,0.064658,-0.053168,0.758804
224991,0.645901,0.064486,-0.053415,0.758815
233324,0.645906,0.064394,-0.053568,0.758807
241657,0.645947,0.064348,-0.053642,0.758771
249990,0.645982,0.064556,-0.053458,0.758737
258323,0.646043,0.064640,-0.053410,0.758681
266656,0.646106,0.064706,-0.053382,0.758624
274989,0.646102,0.064800,-0.053325,0.758623
283322,0.646150,0.064814,-0.053322,0.758582
291655,0.646158,0.064879,-0.053294,0.758572
299988,0.646221,0.064866,-0.053308,0.758518
308321,0.646250,0.064897,-0.053320,0.758489
316654,0.646262,0.064902,-0.053323,0.758478
324987,0.646279,0.064840,-0.053346,0.758468
333320,0.646313,0.064848,-0.053336,0.758439
341653,0.646331,0.064920,-0.053271,0.758422
349986,0.646353,0.064959,-0.053283,0.758399
358319,0.646372,0.064906,-0.053422,0.758378
366652,0.646379,0.065047,-0.053310,0.758367
374985,0.646423,0.065042,-0.053301,0.758331
383318,0.646451,0.064844,-0.053559,0.758306
391651,0.646474,0.064758,-0.053655,0.758287
399984,0.646483,0.064795,-0.053684,0.758274
408317,0.646529,0.064834,-0.053596,0.758237
416650,0.646576,0.064766,-0.053640,0.758200
424983,0.646590,0.064793,-0.053639,0.758186
433316,0.646613,0.064798,-0.053619,0.758167
441649,0.646610,0.064941,-0.053497,0.758167
449982,0.646649,0.065069,-0.053405,0.758129
458315,0.646707,0.065214,-0.053242,0.758078
466648,0.646745,0.065187,-0.053277,0.758046
474981,0.646768,0.065226,-0.053237,0.758025
483314,0.646794,0.065321,-0.053173,0.758000
491647,0.646832,0.065399,-0.053068,0.757968
499980,0.646855,0.065470,-0.052993,0.757947
508313,0.646864,0.065473,-0.052951,0.757942
516646,0.646869,0.065476,-0.052928,0.757939
524979,0.646856,0.065539,-0.052846,0.757950
533312,0.646875,0.065588,-0.052798,0.757934
541645,0.646890,0.065538,-0.052839,0.757922
549978,0.646909,0.065528,-0.052896,0.757903
558311,0.646912,0.065496,-0.052921,0.757901
566644,0.646943,0.065470,-0.052920,0.757877
574977,0.646924,0.065535,-0.052842,0.757893
583310,0.646953,0.065534,-0.052884,0.757866
591643,0.646993,0.065461,-0.052942,0.757834
599976,0.647055,0.065427,-0.052979,0.757781
608309,0.647083,0.065377,-0.053032,0.757758
616642,0.647117,0.065388,-0.053033,0.757728
624975,0.647101,0.065352,-0.053051,0.757743
633308,0.647087,0.065382,-0.053045,0.757753
641641,0.647083,0.065485,-0.052974,0.757753
649974,0.647033,0.065506,-0.052945,0.757796
658307,0.646994,0.065606,-0.052857,0.757826
666640,0.646928,0.065929,-0.052571,0.757874
674973,0.646839,0.066087,-0.052461,0.757944
683306,0.646783,0.066275,-0.052325,0.757985
691639,0.646731,0.066475,-0.052141,0.758025
699972,0.646676,0.066562,-0.052157,0.758063
708305,0.646576,0.066639,-0.052287,0.758132
716638,0.646481,0.066755,-0.052493,0.758189
724971,0.646426,0.066975,-0.052481,0.758217
733304,0.646261,0.067308,-0.052409,0.758333
741637,0.646101,0.067831,-0.052202,0.758437
749970,0.645968,0.068267,-0.052075,0.758521
758303,0.645884,0.068699,-0.051956,0.758561
766636,0.645730,0.069094,-0.051931,0.758658
774969,0.645676,0.069766,-0.051451,0.758675
783302,0.645664,0.070394,-0.050976,0.758659
791635,0.645620,0.071016,-0.050549,0.758668
799968,0.645531,0.071512,-0.050361,0.758709
808301,0.645487,0.072240,-0.050061,0.758698
816634,0.645357,0.073240,-0.049304,0.758761
824967,0.645109,0.074376,-0.048403,0.758920
833300,0.644722,0.075761,-0.047343,0.759179
841633,0.644404,0.077240,-0.046241,0.759368
849966,0.644057,0.078822,-0.044900,0.759580
858299,0.643508,0.080563,-0.043409,0.759949
866632,0.642941,0.082380,-0.042016,0.760313
874965,0.642334,0.084370,-0.040572,0.760686
883298,0.641682,0.086396,-0.039134,0.761084
891631,0.640995,0.088586,-0.037521,0.761492
899964,0.640232,0.090787,-0.036015,0.761947
908297,0.639432,0.093082,-0.034577,0.762409
916630,0.638343,0.095834,-0.033034,0.763049
924963,0.637280,0.098665,-0.031652,0.763634
933296,0.636205,0.101677,-0.030447,0.764184
941629,0.634901,0.104688,-0.029519,0.764898
949962,0.633415,0.107423,-0.029365,0.765757
958295,0.632173,0.110066,-0.029169,0.766415
966628,0.630989,0.112407,-0.029507,0.767038
974961,0.629716,0.115132,-0.029826,0.767667
983294,0.628680,0.118231,-0.029793,0.768047
991627,0.627476,0.121334,-0.030146,0.768533
999960,0.626241,0.124466,-0.030821,0.769012
1008293,0.624849,0.128760,-0.031073,0.769427
1016626,0.623279,0.133594,-0.031177,0.769872
1024959,0.621549,0.138835,-0.031957,0.770312
1033292,0.619328,0.144799,-0.033060,0.770956
1041625,0.617015,0.151362,-0.034217,0.771499
1049958,0.614713,0.158251,-0.035837,0.771881
1058291,0.611983,0.165401,-0.037807,0.772457
1066624,0.609461,0.172152,-0.040448,0.772842
1074957,0.607327,0.177699,-0.044351,0.773052
1083290,0.605741,0.182348,-0.049018,0.772932
1091623,0.604410,0.186228,-0.054937,0.772651
1099956,0.603438,0.189823,-0.061187,0.772066
1108289,0.602893,0.193100,-0.068205,0.771091
1116622,0.602425,0.196613,-0.075787,0.769859
1124955,0.602061,0.200983,-0.083357,0.768231
1133288,0.601949,0.205749,-0.091479,0.766131
1141621,0.601737,0.211315,-0.099741,0.763747
1149954,0.601697,0.217579,-0.108254,0.760856
1158287,0.601831,0.223826,-0.117709,0.757526
1166620,0.602443,0.229973,-0.127807,0.753551
1174953,0.603121,0.236371,-0.138532,0.749121
1183286,0.604395,0.241691,-0.150111,0.744149
1191619,0.606292,0.246503,-0.162699,0.738360
1199952,0.608746,0.251119,-0.176026,0.731699
1208285,0.611931,0.254539,-0.190510,0.724193
1216618,0.615425,0.257367,-0.205895,0.715976
1224951,0.619174,0.260295,-0.221420,0.706996
1233284,0.623862,0.260813,-0.239061,0.696866
1241617,0.628451,0.261316,-0.256788,0.686166
1249950,0.632923,0.261753,-0.274707,0.674856
1258283,0.637707,0.261126,-0.293360,0.662633
1266616,0.642591,0.259590,-0.312372,0.649703
1274949,0.647255,0.257009,-0.331861,0.636298
1283282,0.651714,0.253600,-0.351238,0.622566
1291615,0.656039,0.250592,-0.369606,0.608447
1299948,0.660488,0.246298,-0.388098,0.593694
1308281,0.664651,0.242178,-0.405859,0.578677
1316614,0.669052,0.236870,-0.423706,0.562792
1324947,0.673687,0.229616,-0.441986,0.545959
1333280,0.678591,0.220828,-0.460151,0.528214
1341613,0.683421,0.211934,-0.477582,0.509838
1349946,0.688245,0.202884,-0.494008,0.491033
1358279,0.693620,0.192844,-0.509849,0.470911
1366612,0.698944,0.182431,-0.524513,0.450646
1374945,0.703805,0.173448,-0.537239,0.431217
1383278,0.708247,0.166156,-0.548098,0.412754
1391611,0.712161,0.160593,-0.557571,0.395161
1399944,0.716040,0.155738,-0.565786,0.378046
1408277,0.719801,0.151480,-0.573079,0.361276
1416610,0.723768,0.146435,-0.579932,0.344086
1424943,0.728396,0.139942,-0.586236,0.325859
1433276,0.733215,0.133102,-0.591751,0.307426
1441609,0.738151,0.125422,-0.596779,0.288544
1449942,0.742923,0.117965,-0.600832,0.270463
1458275,0.747678,0.110049,-0.604151,0.252723
1466608,0.751955,0.103828,-0.606401,0.236772
1474941,0.755654,0.098705,-0.608035,0.222572
1483274,0.758859,0.094418,-0.609227,0.209904
1491607,0.761570,0.091323,-0.610009,0.198897
1499940,0.763980,0.088867,-0.610504,0.189001
1508273,0.766226,0.086830,-0.610759,0.179809
1516606,0.768371,0.084096,-0.610938,0.171142
1524939,0.770566,0.081445,-0.610807,0.162816
1533272,0.772749,0.078822,-0.610397,0.155115
1541605,0.774938,0.075640,-0.609897,0.147564
1549938,0.777194,0.072137,-0.609163,0.140307
1558271,0.779452,0.068079,-0.608289,0.133433
1566604,0.781702,0.064601,-0.607093,0.127305
1574937,0.783536,0.061240,-0.606103,0.122309
1583270,0.785259,0.058583,-0.604926,0.118330
1591603,0.786756,0.056120,-0.603812,0.115225
1599936,0.788071,0.053829,-0.602761,0.112810
1608269,0.789045,0.051732,-0.601943,0.111336
1616602,0.789660,0.049597,-0.601432,0.110708
1624935,0.790191,0.047952,-0.600827,0.110930
1633268,0.790680,0.046625,-0.600191,0.111451
1641601,0.791034,0.045034,-0.599709,0.112187
1649934,0.791144,0.043539,-0.599471,0.113269
1658267,0.791253,0.041825,-0.599235,0.114398
1666600,0.791375,0.039824,-0.598986,0.115564
1674933,0.791232,0.037791,-0.598973,0.117286
1683266,0.791100,0.035636,-0.598944,0.118982
1691599,0.790894,0.033912,-0.598949,0.120822
1699932,0.790607,0.031967,-0.599017,0.122872
1708265,0.790284,0.029747,-0.599146,0.124861
1716598,0.789886,0.027814,-0.599296,0.127087
1724931,0.789647,0.025436,-0.599300,0.129037
1733264,0.789060,0.023674,-0.599584,0.131616
1741597,0.788649,0.021757,-0.599664,0.134027
1749930,0.788309,0.019937,-0.599659,0.136312
1758263,0.787778,0.018452,-0.599803,0.138932
1766596,0.787262,0.017126,-0.599872,0.141698
1774929,0.786626,0.016516,-0.599978,0.144822
1783262,0.785898,0.016064,-0.600140,0.148116
1791595,0.785342,0.015788,-0.600172,0.150940
1799928,0.784735,0.015907,-0.600142,0.154168
1808261,0.784039,0.016432,-0.600055,0.157947
1816594,0.783376,0.017232,-0.599976,0.161410
1824927,0.782489,0.018377,-0.600104,0.165068
1833260,0.781699,0.019626,-0.600081,0.168713
1841593,0.780755,0.021791,-0.600129,0.172603
1849926,0.779589,0.024410,-0.600361,0.176671
1858259,0.778515,0.026977,-0.600439,0.180719
1866592,0.777234,0.030145,-0.600642,0.185008
1874925,0.775731,0.033743,-0.600829,0.190020
1883258,0.774142,0.038336,-0.600921,0.195266
1891591,0.772437,0.043055,-0.601033,0.200614
1899924,0.770586,0.047566,-0.601056,0.206556
1908257,0.768589,0.052502,-0.601130,0.212502
1916590,0.766594,0.057512,-0.601005,0.218677
1924923,0.764717,0.062186,-0.600670,0.224804
1933256,0.762780,0.066647,-0.600242,0.231160
1941589,0.760932,0.070828,-0.599637,0.237491
1949922,0.758890,0.075707,-0.598863,0.244372
1958255,0.756988,0.079548,-0.598137,0.250745
1966588,0.755190,0.083158,-0.597192,0.257167
1974921,0.753202,0.086730,-0.596201,0.264025
1983254,0.750929,0.090903,-0.595030,0.271628
1991587,0.748759,0.094589,-0.593621,0.279332
1999920,0.746499,0.098113,-0.592398,0.286665
2008252,0.744315,0.100250,-0.591359,0.293666
2016586,0.742158,0.101741,-0.590365,0.300531
2024919,0.739731,0.104200,-0.589233,0.307806
2033252,0.737415,0.105293,-0.588389,0.314533
2041585,0.735072,0.105962,-0.587600,0.321196
2049918,0.732663,0.106132,-0.587004,0.327669
2058250,0.730191,0.106356,-0.586399,0.334134
2066584,0.727572,0.106539,-0.585851,0.340686
2074917,0.724825,0.106465,-0.585466,0.347166
2083250,0.721912,0.106610,-0.585125,0.353704
2091583,0.718925,0.106970,-0.584749,0.360239
2099916,0.715840,0.107279,-0.584537,0.366581
2108249,0.712881,0.107351,-0.584461,0.372400
2116582,0.710019,0.107373,-0.584468,0.377812
2124915,0.707089,0.107585,-0.584511,0.383140
2133248,0.704366,0.107471,-0.584766,0.387772
2141581,0.701693,0.107313,-0.585236,0.391931
2149914,0.699253,0.107232,-0.585552,0.395822
2158247,0.696764,0.107116,-0.586096,0.399421
2166580,0.694491,0.107375,-0.586498,0.402707
2174913,0.692181,0.107826,-0.586922,0.405933
2183246,0.689788,0.108562,-0.587319,0.409222
2191579,0.687601,0.109721,-0.587522,0.412290
2199912,0.685504,0.110968,-0.587781,0.415072
2208245,0.683619,0.111923,-0.588237,0.417273
2216578,0.681945,0.113065,-0.588696,0.419051
2224911,0.680619,0.114178,-0.589069,0.420380
2233244,0.679439,0.115357,-0.589600,0.421221
2241577,0.678428,0.116350,-0.590313,0.421579
2249910,0.677526,0.117584,-0.591102,0.421582
2258243,0.676919,0.118526,-0.592015,0.421011
2266576,0.676317,0.119979,-0.592658,0.420664
2274909,0.675886,0.121126,-0.593578,0.419728
2283242,0.675495,0.122326,-0.594681,0.418446
2291575,0.675236,0.123065,-0.596123,0.416591
2299908,0.675119,0.123965,-0.597336,0.414772
2308241,0.675043,0.124299,-0.598782,0.412707
2316574,0.675062,0.124781,-0.600201,0.410463
2324907,0.675347,0.124829,-0.601749,0.407703
2333240,0.675897,0.124297,-0.603556,0.404268
2341573,0.676746,0.123153,-0.605508,0.400260
2349906,0.677800,0.121671,-0.607486,0.395909
2358239,0.679035,0.119908,-0.609516,0.391183
2366572,0.680535,0.117744,-0.611492,0.386118
2374905,0.682211,0.115520,-0.613377,0.380805
2383238,0.684195,0.112665,-0.615190,0.375133
2391571,0.686377,0.109482,-0.616945,0.369160
2399904,0.688681,0.106047,-0.618515,0.363196
2408237,0.691303,0.102269,-0.619914,0.356857
2416570,0.694023,0.098490,-0.621153,0.350428
2424903,0.696838,0.094794,-0.622086,0.344151
2433236,0.699894,0.090875,-0.622810,0.337637
2441569,0.703079,0.086972,-0.623340,0.331003
2449902,0.706543,0.082789,-0.623680,0.323987
2458235,0.709980,0.078956,-0.623730,0.317263
2466568,0.713460,0.075408,-0.623531,0.310641
2474901,0.717166,0.071794,-0.623126,0.303697
2483234,0.720704,0.068680,-0.622547,0.297159
2491567,0.724404,0.065843,-0.621522,0.290885
2499900,0.728174,0.063308,-0.620262,0.284656
2508233,0.731949,0.061304,-0.618867,0.278380
2516566,0.735577,0.059745,-0.617133,0.272955
2524899,0.739156,0.058578,-0.615470,0.267236
2533232,0.742682,0.057399,-0.613760,0.261586
2541565,0.746155,0.056325,-0.611911,0.256215
2549898,0.749525,0.055653,-0.609913,0.251239
2558231,0.752676,0.055675,-0.607779,0.246950
2566564,0.755777,0.055408,-0.605665,0.242695
2574897,0.758706,0.054675,-0.603589,0.238863
2583230,0.761378,0.055030,-0.601431,0.235705
2591563,0.763977,0.054954,-0.599382,0.232509
2599896,0.766468,0.054944,-0.597202,0.229909
2608229,0.768829,0.054934,-0.595071,0.227540
2616562,0.771145,0.054507,-0.593000,0.225199
2624895,0.773434,0.053761,-0.590964,0.222871
2633228,0.775617,0.053388,-0.588775,0.221160
2641561,0.777822,0.052415,-0.586683,0.219200
2649894,0.780043,0.051424,-0.584648,0.216970
2658227,0.782140,0.050972,-0.582526,0.215227
2666560,0.784124,0.050215,-0.580486,0.213691
2674893,0.786140,0.049161,-0.578446,0.212052
2683226,0.788127,0.048058,-0.576346,0.210645
2691559,0.790001,0.047374,-0.574271,0.209445
2699892,0.791812,0.046601,-0.572173,0.208516
2708225,0.793503,0.045952,-0.570201,0.207635
2716558,0.795144,0.045381,-0.568198,0.206972
2724891,0.796798,0.044694,-0.566188,0.206268
2733224,0.798334,0.044235,-0.564225,0.205807
2741557,0.799765,0.044163,-0.562348,0.205403
2749890,0.801114,0.043821,-0.560621,0.204938
2758223,0.802514,0.043481,-0.558793,0.204526
2766556,0.803691,0.043019,-0.557233,0.204259
2774889,0.804597,0.043295,-0.555876,0.204331
2783222,0.805241,0.044074,-0.554690,0.204850
2791555,0.805800,0.044838,-0.553656,0.205284
2799888,0.806188,0.045566,-0.552868,0.205719
2808221,0.806205,0.047016,-0.552370,0.206666
2816554,0.806051,0.048594,-0.551974,0.207954
2824887,0.805698,0.050135,-0.551823,0.209352
2833220,0.805104,0.051868,-0.551989,0.210773
2841553,0.804399,0.053072,-0.552271,0.212419
2849886,0.803273,0.054895,-0.552971,0.214388
2858219,0.801912,0.056943,-0.553812,0.216767
2866552,0.800491,0.058581,-0.554842,0.218934
2874885,0.799064,0.059675,-0.556008,0.220886
2883218,0.797608,0.060349,-0.557308,0.222682
2891551,0.796121,0.060930,-0.558661,0.224448
2899884,0.794756,0.061237,-0.560080,0.225662
2908217,0.793069,0.061845,-0.561701,0.227396
2916550,0.791333,0.062572,-0.563395,0.229046
2924883,0.789446,0.062984,-0.565327,0.230680
2933216,0.787224,0.064006,-0.567425,0.232831
2941549,0.784738,0.065359,-0.569667,0.235360
2949882,0.781903,0.067109,-0.572114,0.238346
2958215,0.779143,0.068521,-0.574655,0.240857
2966548,0.776048,0.070573,-0.577235,0.244066
2974881,0.772909,0.072423,-0.579937,0.247061
2983214,0.769628,0.073923,-0.582726,0.250277
2991547,0.766272,0.075359,-0.585541,0.253556
2999880,0.762959,0.076441,-0.588258,0.256912
3008213,0.759884,0.076431,-0.591086,0.259521
3016546,0.756911,0.076201,-0.593825,0.262014
3024879,0.754157,0.075942,-0.596159,0.264717
3033212,0.751665,0.074621,-0.598538,0.266803
3041545,0.749253,0.073602,-0.600647,0.269121
3049878,0.746819,0.072699,-0.602598,0.271757
3058211,0.744569,0.071517,-0.604271,0.274517
3066544,0.742387,0.070141,-0.605852,0.277280
3074877,0.740176,0.069583,-0.607120,0.280542
3083210,0.738039,0.068687,-0.608274,0.283873
3091543,0.735702,0.068365,-0.609267,0.287859
3099876,0.733271,0.069030,-0.609981,0.292356
3108209,0.730846,0.069700,-0.610522,0.297101
3116542,0.728129,0.071190,-0.610969,0.302453
3124875,0.725316,0.072958,-0.611355,0.307959
3133208,0.722530,0.074822,-0.611512,0.313697
3141541,0.719561,0.077178,-0.611636,0.319652
3149874,0.716345,0.080296,-0.611517,0.326266
3158207,0.713130,0.083443,-0.611374,0.332723
3166540,0.709870,0.086665,-0.611150,0.339220
3174873,0.706436,0.090205,-0.610764,0.346090
3183206,0.703128,0.093652,-0.610299,0.352669
3191539,0.699703,0.097522,-0.609559,0.359643
3199872,0.696375,0.101242,-0.608775,0.366341
3208205,0.693039,0.105037,-0.607952,0.372905
3216538,0.689849,0.108507,-0.607155,0.379074
3224871,0.686599,0.112380,-0.606095,0.385490
3233204,0.683506,0.115977,-0.605002,0.391587
3241537,0.680353,0.119604,-0.603879,0.397675
3249870,0.677450,0.123048,-0.602760,0.403239
3258203,0.674555,0.126812,-0.601517,0.408743
3266536,0.671756,0.130572,-0.600229,0.414029
3274869,0.669026,0.134170,-0.598934,0.419143
3283202,0.666316,0.137832,-0.597533,0.424240
3291535,0.663635,0.141475,-0.596305,0.428945
3299868,0.661106,0.144944,-0.595189,0.433221
3308201,0.658715,0.148516,-0.594010,0.437253
3316534,0.656617,0.151523,-0.593101,0.440598
3324867,0.654447,0.154869,-0.592197,0.443866
3333200,0.652721,0.157663,-0.591413,0.446462
3341533,0.651316,0.160054,-0.590894,0.448347
3349866,0.649960,0.162572,-0.590368,0.450098
3358199,0.649089,0.164403,-0.590104,0.451035
3366532,0.648332,0.166253,-0.589937,0.451664
3374865,0.647711,0.168332,-0.589730,0.452055
3383198,0.647247,0.170051,-0.589753,0.452047
3391531,0.647127,0.171403,-0.589851,0.451579
3399864,0.646979,0.172968,-0.589950,0.451064
3408197,0.647104,0.174182,-0.590181,0.450115
3416530,0.647683,0.174847,-0.590668,0.448383
3424863,0.648153,0.175602,-0.591019,0.446943
3433196,0.648698,0.176244,-0.591428,0.445355
3441529,0.649387,0.177068,-0.591706,0.443653
3449862,0.650554,0.176842,-0.592400,0.441100
3458195,0.651626,0.176701,-0.593081,0.438653
3466528,0.652700,0.176652,-0.593544,0.436443
3474861,0.653602,0.176747,-0.594086,0.434312
3483194,0.654885,0.176645,-0.594492,0.431859
3491527,0.656058,0.176613,-0.594788,0.429678
3499860,0.656969,0.177011,-0.594915,0.427943
3508193,0.657958,0.177159,-0.595059,0.426158
3516526,0.658898,0.177624,-0.595112,0.424434
3524859,0.659642,0.178306,-0.595149,0.422939
3533192,0.660476,0.179054,-0.594990,0.421542
3541525,0.661501,0.179047,-0.595204,0.419632
3549858,0.662669,0.179209,-0.595228,0.417681
3558191,0.663696,0.179716,-0.595060,0.416069
3566524,0.664813,0.179986,-0.595045,0.414186
3574857,0.666073,0.180447,-0.594861,0.412221
3583190,0.667800,0.180104,-0.594907,0.409501
3591523,0.669868,0.179572,-0.594810,0.406487
3599856,0.672098,0.179194,-0.594657,0.403183
3608189,0.674479,0.178862,-0.594471,0.399613
3616522,0.677278,0.178350,-0.594205,0.395483
3624855,0.680578,0.177027,-0.593987,0.390709
3633188,0.684184,0.175450,-0.593635,0.385626
3641521,0.687817,0.174049,-0.593004,0.380739
3649854,0.691504,0.172305,-0.592327,0.375874
3658187,0.695483,0.170224,-0.591438,0.370848
3666520,0.699347,0.168098,-0.590392,0.366189
3674853,0.703480,0.165320,-0.589346,0.361187
3683186,0.707817,0.162475,-0.588094,0.356007
3691519,0.712091,0.159605,-0.586640,0.351151
3699852,0.716197,0.157213,-0.584891,0.346769
3708185,0.720470,0.154259,-0.583062,0.342294
3716518,0.724791,0.151885,-0.580913,0.337859
3724851,0.728803,0.150215,-0.578439,0.334200
3733184,0.732898,0.148602,-0.575961,0.330222
3741517,0.736789,0.147646,-0.573096,0.326962
3749850,0.740227,0.147951,-0.569958,0.324534
3758183,0.743496,0.148354,-0.566813,0.322377
3766516,0.746431,0.149401,-0.563486,0.320942
3774849,0.749001,0.150924,-0.560139,0.320100
3783182,0.751241,0.152787,-0.556966,0.319502
3791515,0.752956,0.155414,-0.553680,0.319910
3799848,0.754431,0.158370,-0.550432,0.320590
3808181,0.755677,0.160863,-0.547292,0.321788
3816514,0.756876,0.162845,-0.544354,0.322953
3824847,0.757824,0.165192,-0.541679,0.324033
3833180,0.758772,0.166758,-0.538956,0.325552
3841513,0.759919,0.167205,-0.536726,0.326330
3849846,0.760743,0.168701,-0.533869,0.328319
3858179,0.761440,0.169857,-0.531452,0.330026
3866512,0.762299,0.169716,-0.529301,0.331568
3874845,0.762829,0.170625,-0.527032,0.333490
3883178,0.763681,0.170047,-0.525056,0.334948
3891511,0.764348,0.169808,-0.523083,0.336633
3899844,0.764766,0.169977,-0.521206,0.338504
3908177,0.765152,0.169925,-0.519258,0.340645
3916510,0.765090,0.170559,-0.517396,0.343291
3924843,0.765189,0.170673,-0.515580,0.345735
3933176,0.764957,0.171178,-0.514015,0.348320
3941509,0.764440,0.171973,-0.512372,0.351471
3949842,0.763913,0.172819,-0.510881,0.354361
3958175,0.763029,0.174066,-0.509504,0.357621
3966508,0.761886,0.175560,-0.508367,0.360933
3974841,0.761150,0.176077,-0.507353,0.363649
3983174,0.759935,0.177393,-0.506447,0.366800
3991507,-0.758396,-0.178725,0.505782,-0.370240
3999840,-0.756702,-0.180456,0.505216,-0.373624
4008173,-0.754837,-0.181813,0.504982,-0.377038
4016505,-0.752384,-0.183923,0.505085,-0.380762
4024839,-0.750430,-0.184739,0.505332,-0.383883
4033172,-0.747679,-0.186832,0.505715,-0.387715
4041505,-0.744912,-0.188573,0.506303,-0.391413
4049838,-0.742098,-0.190038,0.507295,-0.394751
4058170,-0.739166,-0.191507,0.508390,-0.398118
4066504,-0.736015,-0.193000,0.509747,-0.401486
4074837,-0.732967,-0.194301,0.511194,-0.404583
4083170,-0.729928,-0.195290,0.512756,-0.407613
4091503,-0.726922,-0.196245,0.514465,-0.410362
4099836,0.723692,0.197540,-0.516122,0.413360
4108169,0.720575,0.198129,-0.518112,0.416025
4116501,0.717479,0.199392,-0.519977,0.418437
4124835,0.714378,0.200981,-0.521730,0.420794
4133168,0.711337,0.201736,-0.524003,0.422757
4141501,0.708008,0.203429,-0.525827,0.425261
4149834,0.704590,0.204996,-0.528027,0.427454
4158166,0.701055,0.206882,-0.530026,0.429877
4166500,0.697085,0.209527,-0.532003,0.432601
4174833,0.692912,0.212676,-0.533628,0.435755
4183166,0.687934,0.217387,-0.534859,0.439791
4191499,0.683181,0.221107,-0.536357,0.443505
4199832,0.678216,0.224633,-0.538049,0.447288
4208165,0.672430,0.230415,-0.538931,0.451996
4216498,0.666119,0.236627,-0.539555,0.457355
4224831,0.659603,0.242695,-0.540061,0.462988
4233164,0.653366,0.247757,-0.540828,0.468224
4241497,0.646805,0.252522,-0.541335,0.474164
4249830,0.640087,0.257507,-0.541467,0.480409
4258163,0.633366,0.262376,-0.541174,0.486966
4266496,0.626041,0.268033,-0.540371,0.494197
4274829,0.618765,0.271952,-0.539846,0.501735
4283162,0.611503,0.275599,-0.539024,0.509472
4291495,0.604353,0.278862,-0.538305,0.516934
4299828,-0.596734,-0.282528,0.537049,-0.525038
4308161,-0.589213,-0.285611,0.535650,-0.533230
4316494,-0.581420,-0.288845,0.533925,-0.541705
4324827,-0.573018,-0.292677,0.531709,-0.550704
4333160,-0.564854,-0.295982,0.529487,-0.559444
4341493,-0.556565,-0.299153,0.527156,-0.568198
4349826,-0.548099,-0.302957,0.524341,-0.576949
4358159,-0.539423,-0.306637,0.521513,-0.585680
4366492,-0.530723,-0.310536,0.518264,-0.594393
4374825,-0.521903,-0.314633,0.514739,-0.603048
4383158,-0.513013,-0.318999,0.510789,-0.611679
4391491,-0.503971,-0.323739,0.506531,-0.620187
4399824,-0.495382,-0.328068,0.502490,-0.628070
4408157,-0.486453,-0.333185,0.497661,-0.636148
4416490,-0.478181,-0.337446,0.493393,-0.643457
4424823,-0.469141,-0.343109,0.487873,-0.651278
4433156,-0.460548,-0.347928,0.482879,-0.658536
4441489,-0.451491,-0.354071,0.476405,-0.666204
4449822,-0.443215,-0.359151,0.471095,-0.672786
4458155,-0.434830,-0.363996,0.465943,-0.679211
4466488,-0.425837,-0.369968,0.459810,-0.685829
4474821,-0.417343,-0.375155,0.454197,-0.691946
4483154,-0.409116,-0.380546,0.448450,-0.697640
4491487,-0.400918,-0.385893,0.442982,-0.702936
4499820,-0.392495,-0.391396,0.437026,-0.708354
4508153,-0.384594,-0.396643,0.432001,-0.712837
4516486,-0.377111,-0.401793,0.426976,-0.716966
4524819,-0.369978,-0.406844,0.422100,-0.720712
4533152,-0.362779,-0.412238,0.416933,-0.724305
4541485,-0.356160,-0.417351,0.412367,-0.727270
4549818,-0.349906,-0.422776,0.407462,-0.729932
4558151,-0.344390,-0.427849,0.403223,-0.731951
4566484,-0.339287,-0.433049,0.399390,-0.733376
4574817,-0.334467,-0.438298,0.395346,-0.734662
4583150,-0.329924,-0.443464,0.391566,-0.735640
4591483,-0.325886,-0.448640,0.388136,-0.736119
4599816,-0.322340,-0.453952,0.384907,-0.736119
4608149,-0.319276,-0.459224,0.381825,-0.735789
4616482,-0.316588,-0.464355,0.379070,-0.735155
4624815,-0.314167,-0.469123,0.376721,-0.734373
4633148,-0.312337,-0.474128,0.373928,-0.733367
4641481,-0.310872,-0.478490,0.372529,-0.731866
4649814,-0.309217,-0.483164,0.370509,-0.730521
4658147,-0.308348,-0.487196,0.368825,-0.729060
4666480,-0.307885,-0.491112,0.367581,-0.727255
4674813,-0.307705,-0.494561,0.366791,-0.725390
4683146,-0.307400,-0.497919,0.366085,-0.723577
4691479,-0.307018,-0.501539,0.364483,-0.722046
4699812,-0.306906,-0.504463,0.363948,-0.720325
4708145,-0.306112,-0.507603,0.362820,-0.719025
4716478,-0.305999,-0.510121,0.362213,-0.717595
4724811,-0.306028,-0.512380,0.361663,-0.716249
4733144,-0.305506,-0.514814,0.360574,-0.715276
4741477,-0.305254,-0.516813,0.359850,-0.714305
4749810,-0.304885,-0.518882,0.358658,-0.713562
4758143,-0.305466,-0.520273,0.357935,-0.712663
4766476,-0.305768,-0.521839,0.356485,-0.712116
4774809,-0.306185,-0.523298,0.355159,-0.711528
4783142,-0.306829,-0.524444,0.354190,-0.710890
4791475,-0.307319,-0.525674,0.352789,-0.710466
4799808,-0.307692,-0.527253,0.350861,-0.710089
4808141,-0.308012,-0.528764,0.348625,-0.709929
4816474,-0.308116,-0.530233,0.346622,-0.709768
4824807,-0.308395,-0.531931,0.344222,-0.709544
4833140,-0.308244,-0.534190,0.341244,-0.709351
4841473,-0.306897,-0.536825,0.337613,-0.709684
4849806,-0.305618,-0.539345,0.334047,-0.710012
4858139,-0.304280,-0.541714,0.330405,-0.710487
4866472,-0.302898,-0.544007,0.326964,-0.710917
4874805,-0.300862,-0.546732,0.323070,-0.711471
4883138,-0.298611,-0.549311,0.319231,-0.712166
4891471,-0.295880,-0.552008,0.315354,-0.712948
4899804,-0.293788,-0.554043,0.312238,-0.713605
4908137,-0.291476,-0.556241,0.308950,-0.714274
4916470,-0.288363,-0.558465,0.305216,-0.715407
4924803,-0.285520,-0.560380,0.302048,-0.716393
4933136,-0.282315,-0.562435,0.298567,-0.717512
4941469,-0.279471,-0.563988,0.295885,-0.718516
4949802,-0.275962,-0.565665,0.293011,-0.719731
4958135,-0.272459,-0.567214,0.290041,-0.721048
4966468,-0.268302,-0.568955,0.286902,-0.722489
4974801,-0.264041,-0.570504,0.284013,-0.723978
4983134,-0.259432,-0.572117,0.281123,-0.725498
4991467,-0.255236,-0.573435,0.278372,-0.727005
4999800,-0.249524,-0.575353,0.274843,-0.728813
5008133,-0.244883,-0.576462,0.272466,-0.730401
5016466,-0.239387,-0.577808,0.269623,-0.732212
5024799,-0.234039,-0.578940,0.267060,-0.733985
5033132,-0.228316,-0.580404,0.263802,-0.735807
5041465,-0.221576,-0.581864,0.261081,-0.737683
5049798,-0.215078,-0.583187,0.258203,-0.739572
5058131,-0.207920,-0.584852,0.255081,-0.741385
5066464,-0.200517,-0.586672,0.251631,-0.743163
5074797,-0.192570,-0.588438,0.248139,-0.745040
5083130,-0.184421,-0.590375,0.244365,-0.746815
5091463,-0.175909,-0.592440,0.240580,-0.748460
5099796,-0.166663,-0.594842,0.236213,-0.750060
5108129,-0.157559,-0.596909,0.232112,-0.751664
5116462,-0.147716,-0.599043,0.227037,-0.753513
5124795,-0.138061,-0.601051,0.221983,-0.755249
5133128,-0.128797,-0.602775,0.217482,-0.756819
5141461,-0.120133,-0.604268,0.214371,-0.757940
5149794,-0.110881,-0.605674,0.210515,-0.759308
5158127,-0.102036,-0.606981,0.206945,-0.760484
5166460,-0.092484,-0.607772,0.204311,-0.761785
5174793,-0.082554,-0.608915,0.198486,-0.763552
5183126,-0.073684,-0.609644,0.194343,-0.764942
5191459,-0.064228,-0.610353,0.189673,-0.766400
5199792,-0.054500,-0.610688,0.185321,-0.767949
5208125,-0.044821,-0.610758,0.180515,-0.769662
5216458,-0.034857,-0.610930,0.175337,-0.771237
5224791,-0.024671,-0.610878,0.170364,-0.772784
5233124,-0.014029,-0.610739,0.164330,-0.774466
5241457,-0.003614,-0.610524,0.158389,-0.775990
5249790,0.006841,-0.610259,0.152471,-0.777361
5258123,0.017877,-0.610128,0.145301,-0.778660
5266456,0.029758,-0.609911,0.137103,-0.779952
5274789,0.041720,-0.609807,0.128771,-0.780905
5283122,0.054380,-0.609644,0.120142,-0.781628
5291455,0.067328,-0.609441,0.110704,-0.782172
5299788,0.080447,-0.609183,0.100220,-0.782547
5308121,0.093621,-0.608862,0.091000,-0.782458
5316454,0.107097,-0.608503,0.080619,-0.782148
5324787,0.120326,-0.607893,0.070287,-0.781695
5333120,0.132897,-0.607158,0.061230,-0.780992
5341453,0.145317,-0.606243,0.051617,-0.780185
5349786,0.157244,-0.605305,0.043601,-0.779089
5358119,0.168420,-0.604196,0.036945,-0.777957
5366452,0.178868,-0.603058,0.030813,-0.776774
5374785,0.189661,-0.601919,0.024610,-0.775317
5383118,0.199494,-0.600675,0.018987,-0.773971
5391451,0.209242,-0.599626,0.014690,-0.772302
5399784,0.218836,-0.598561,0.010627,-0.770534
5408117,0.228603,-0.597475,0.006452,-0.768585
5416450,0.238032,-0.596492,0.003264,-0.766503
5424783,0.246832,-0.595769,0.001117,-0.764286
5433116,0.255756,-0.594832,-0.001684,-0.762077
5441449,0.264573,-0.594125,-0.003899,-0.759606
5449782,0.273409,-0.593494,-0.005796,-0.756953
5458115,0.281481,-0.593083,-0.008104,-0.754291
5466448,0.289605,-0.592906,-0.009506,-0.751332
5474781,0.297700,-0.592922,-0.010441,-0.748137
5483114,0.305075,-0.593178,-0.011202,-0.744946
5491447,0.312685,-0.593333,-0.012491,-0.741639
5499780,0.320391,-0.593530,-0.014592,-0.738146
5508113,0.327542,-0.593834,-0.016569,-0.734713
5516446,0.334528,-0.594674,-0.017600,-0.730851
5524779,0.341045,-0.595575,-0.018460,-0.727075
5533112,0.347635,-0.596556,-0.020913,-0.723072
5541445,0.353809,-0.597656,-0.023739,-0.719071
5549778,0.359726,-0.599056,-0.026197,-0.714873
5558111,0.365315,-0.600346,-0.029426,-0.710819
5566444,0.370784,-0.601641,-0.033000,-0.706724
5574777,0.375874,-0.603339,-0.036518,-0.702401
5583110,0.380633,-0.605130,-0.040659,-0.698057
5591443,0.385651,-0.606893,-0.044499,-0.693523
5599776,0.390260,-0.608657,-0.049214,-0.689066
5608109,0.394756,-0.610436,-0.054191,-0.684543
5616442,0.399116,-0.612133,-0.059718,-0.680024
5624775,0.403443,-0.613680,-0.065394,-0.675540
5633108,0.407251,-0.615730,-0.069795,-0.670934
5641441,0.411686,-0.617387,-0.075864,-0.666028
5649774,0.415798,-0.618867,-0.082369,-0.661311
5658107,0.420013,-0.620434,-0.088590,-0.656356
5666440,0.423620,-0.622161,-0.094482,-0.651564
5674773,0.427526,-0.623579,-0.100546,-0.646731
5683106,0.431372,-0.624901,-0.107134,-0.641825
5691439,0.434494,-0.626963,-0.112177,-0.636827
5699772,0.438030,-0.628041,-0.118718,-0.632140
5708105,0.440919,-0.629633,-0.124198,-0.627477
5716438,0.443329,-0.631524,-0.128979,-0.622898
5724771,0.446014,-0.633086,-0.134065,-0.618304
5733104,0.448704,-0.634667,-0.139195,-0.613586
5741437,0.451099,-0.636274,-0.143892,-0.609065
5749770,0.453652,-0.637732,-0.148485,-0.604525
5758103,0.455592,-0.639557,-0.152086,-0.600227
5766436,0.458094,-0.640588,-0.156503,-0.596073
5774769,0.460067,-0.642199,-0.159757,-0.591943
5783102,0.461860,-0.643768,-0.163109,-0.587915
5791435,0.463617,-0.645429,-0.166168,-0.583839
5799768,0.464621,-0.646901,-0.168873,-0.580628
5808101,0.465725,-0.648352,-0.171324,-0.577397
5816434,0.466685,-0.649675,-0.173790,-0.574390
5824767,0.468188,-0.650795,-0.175811,-0.571276
5833100,0.468964,-0.652180,-0.177463,-0.568542
5841433,0.469372,-0.653272,-0.179485,-0.566314
5849766,0.469764,-0.654729,-0.180643,-0.563932
5858099,0.469440,-0.656109,-0.181958,-0.562173
5866432,0.469160,-0.657525,-0.182718,-0.560504
5874765,0.468553,-0.658858,-0.183260,-0.559267
5883098,0.467724,-0.660436,-0.183376,-0.558061
5891431,0.466694,-0.661591,-0.183819,-0.557409
5899764,0.465262,-0.663171,-0.183422,-0.556859
5908097,0.464496,-0.663911,-0.184014,-0.556421
5916430,0.463694,-0.664795,-0.184105,-0.556004
5924763,0.462425,-0.665465,-0.184197,-0.556229
5933096,0.461298,-0.665645,-0.184373,-0.556891
5941429,0.459431,-0.665871,-0.184351,-0.558171
5949762,0.456956,-0.666190,-0.183785,-0.560005
5958095,0.454381,-0.666493,-0.182730,-0.562081
5966428,0.451347,-0.666242,-0.182336,-0.564944
5974761,0.448308,-0.665706,-0.181922,-0.568119
5983094,0.445721,-0.664888,-0.181239,-0.571322
5991427,0.442692,-0.663696,-0.181321,-0.575025
5999760,0.439150,-0.662830,-0.180259,-0.579060
6008093,0.435461,-0.661765,-0.179116,-0.583402
6016426,0.431836,-0.660452,-0.177532,-0.588051
6024759,0.428210,-0.658855,-0.176003,-0.592933
6033092,0.423617,-0.657753,-0.173657,-0.598125
6041425,0.418758,-0.656662,-0.170588,-0.603604
6049758,0.414861,-0.654535,-0.167981,-0.609309
6058091,0.410336,-0.652955,-0.164091,-0.615100
6066424,0.405627,-0.651012,-0.159923,-0.621349
6074757,0.399231,-0.649700,-0.154014,-0.628318
6083090,0.393153,-0.648122,-0.147576,-0.635287
6091423,0.386742,-0.646154,-0.141357,-0.642599
6099756,0.380164,-0.644100,-0.134167,-0.650085
6108089,0.373343,-0.641977,-0.126156,-0.657697
6116422,0.366209,-0.639356,-0.118363,-0.665662
6124755,0.359297,-0.636470,-0.110297,-0.673532
6133088,0.352077,-0.633264,-0.102353,-0.681573
6141421,0.344462,-0.629699,-0.094513,-0.689849
6149754,0.337608,-0.625773,-0.086895,-0.697767
6158087,0.330358,-0.621590,-0.078964,-0.705871
6166420,0.323650,-0.617131,-0.070882,-0.713705
6174753,0.317360,-0.612091,-0.063979,-0.721480
6183086,0.311028,-0.606759,-0.057705,-0.729229
6191419,0.304925,-0.601218,-0.051925,-0.736791
6199752,0.299495,-0.595443,-0.046763,-0.744019
6208085,0.294570,-0.589332,-0.042984,-0.751045
6216418,0.290382,-0.583074,-0.040118,-0.757690
6224751,0.286858,-0.576726,-0.037981,-0.763975
6233084,0.283662,-0.570258,-0.036877,-0.770053
6241417,0.281051,-0.563907,-0.036639,-0.775679
6249750,0.279055,-0.557488,-0.037111,-0.780998
6258083,0.278022,-0.550763,-0.039345,-0.786013
6266416,0.277353,-0.544577,-0.041611,-0.790430
6274749,0.276858,-0.538497,-0.044213,-0.794617
6283082,0.276813,-0.532445,-0.047811,-0.798493
6291415,0.276954,-0.526490,-0.051735,-0.802140
6299748,0.277226,-0.520948,-0.055663,-0.805395
6308081,0.277694,-0.515417,-0.060296,-0.808453
6316414,0.278671,-0.510006,-0.064929,-0.811185
6324747,0.279494,-0.504958,-0.069141,-0.813707
6333080,0.280188,-0.500248,-0.073644,-0.815980
6341413,0.280882,-0.496009,-0.077569,-0.817963
6349746,0.281816,-0.491988,-0.081363,-0.819700
6358079,0.282698,-0.488254,-0.084970,-0.821262
6366412,0.283782,-0.484883,-0.088885,-0.822469
6374745,0.284723,-0.481972,-0.092390,-0.823468
6383078,0.285630,-0.479443,-0.095248,-0.824304
6391411,0.286294,-0.477126,-0.098261,-0.825064
6399744,0.287111,-0.475318,-0.100534,-0.825550
6408077,0.287865,-0.473941,-0.102458,-0.825843
6416410,0.288388,-0.472950,-0.104255,-0.826003
6424743,0.288873,-0.472298,-0.105670,-0.826027
6433076,0.289050,-0.472013,-0.106715,-0.825994
6441409,0.288935,-0.472230,-0.107049,-0.825867
6449742,0.288821,-0.472775,-0.107248,-0.825569
6458075,0.288518,-0.473635,-0.107149,-0.825195
6466408,0.287991,-0.474808,-0.106425,-0.824798
6474741,0.287346,-0.476286,-0.105643,-0.824272
6483074,0.286177,-0.478125,-0.104489,-0.823761
6491407,0.285027,-0.480214,-0.103108,-0.823118
6499740,0.283389,-0.482643,-0.101485,-0.822464
6508073,0.281600,-0.485277,-0.099371,-0.821787
6516406,0.279603,-0.488119,-0.097501,-0.821009
6524739,0.277459,-0.491058,-0.095550,-0.820213
6533072,0.274569,-0.494428,-0.093096,-0.819442
6541405,0.272088,-0.497987,-0.090657,-0.818387
6549738,0.269210,-0.501689,-0.087988,-0.817369
6558071,0.266925,-0.505625,-0.085566,-0.815949
6566404,0.264319,-0.509985,-0.082330,-0.814415
6574737,0.261834,-0.514190,-0.079953,-0.812809
6583070,0.259156,-0.518553,-0.077565,-0.811126
6591403,0.257213,-0.523025,-0.075570,-0.809058
6599736,0.255682,-0.527770,-0.073613,-0.806639
6608069,0.254146,-0.532560,-0.071703,-0.804145
6616402,0.253035,-0.537793,-0.069370,-0.801211
6624735,0.251967,-0.542895,-0.066986,-0.798305
6633068,0.251292,-0.548208,-0.064843,-0.795057
6641401,0.250187,-0.553681,-0.061799,-0.791849
6649734,0.249330,-0.559303,-0.058842,-0.788386
6658067,0.248732,-0.565020,-0.056228,-0.784680
6666400,0.248432,-0.571001,-0.053948,-0.780596
6674733,0.248251,-0.577046,-0.051963,-0.776330
6683066,0.248818,-0.582939,-0.050523,-0.771828
6691399,0.249547,-0.588978,-0.048927,-0.767097
6699732,0.250972,-0.594842,-0.047740,-0.762166
6708065,0.252373,-0.600298,-0.047180,-0.757445
6716398,0.253893,-0.605726,-0.046432,-0.752647
6724731,0.255761,-0.610817,-0.045946,-0.747916
6733064,0.257396,-0.615535,-0.045573,-0.743496
6741397,0.258938,-0.620027,-0.044744,-0.739267
6749730,0.260846,-0.624044,-0.043967,-0.735252
6758063,0.263434,-0.627507,-0.043489,-0.731401
6766396,0.266027,-0.630408,-0.042851,-0.727997
6774729,0.268091,-0.633328,-0.041384,-0.724783
6783062,0.270796,-0.635561,-0.040740,-0.721853
6791395,0.273986,-0.637389,-0.039665,-0.719092
6799728,0.278387,-0.638816,-0.038917,-0.716171
6808061,0.283340,-0.639817,-0.039103,-0.713319
6816394,0.288405,-0.640438,-0.039337,-0.710714
6824727,0.294228,-0.640727,-0.039888,-0.708030
6833060,0.300345,-0.640821,-0.040229,-0.705353
6841393,0.306227,-0.640595,-0.040843,-0.702990
6849726,0.313093,-0.640003,-0.042037,-0.700430
6858059,0.319438,-0.639228,-0.043511,-0.698179
6866392,0.325878,-0.638153,-0.045249,-0.696073
6874725,0.332460,-0.636756,-0.047089,-0.694114
6883058,0.338716,-0.635635,-0.048316,-0.692030
6891391,0.345052,-0.634151,-0.049996,-0.690140
6899724,0.351826,-0.632164,-0.052256,-0.688372
6908057,0.358050,-0.630184,-0.055166,-0.686749
6916390,0.364329,-0.628041,-0.057681,-0.685202
6924723,0.370466,-0.625878,-0.060271,-0.683666
6933056,0.376125,-0.623840,-0.062623,-0.682226
6941389,0.381973,-0.621590,-0.065201,-0.680787
6949722,0.387763,-0.619145,-0.068040,-0.679463
6958055,0.392988,-0.616817,-0.070732,-0.678302
6966388,0.398008,-0.614591,-0.073441,-0.677107
6974721,0.402939,-0.612373,-0.076127,-0.675903
6983054,0.407690,-0.610208,-0.078826,-0.674701
6991387,0.412247,-0.607935,-0.081726,-0.673638
6999720,0.416735,-0.605781,-0.084291,-0.672500
7008053,0.421176,-0.603697,-0.087173,-0.671239
7016386,0.425312,-0.601849,-0.090108,-0.669901
7024719,0.429027,-0.600156,-0.092798,-0.668684
7033052,0.432643,-0.598584,-0.095592,-0.667368
7041385,0.436199,-0.597115,-0.098513,-0.665942
7049718,0.439590,-0.595889,-0.101053,-0.664429
7058051,0.442894,-0.594879,-0.103682,-0.662732
7066384,0.445683,-0.594129,-0.106168,-0.661140
7074717,0.448063,-0.593738,-0.108210,-0.659549
7083050,0.450285,-0.593284,-0.110811,-0.658011
7091383,0.451996,-0.593339,-0.113026,-0.656409
7099716,0.453591,-0.593501,-0.115325,-0.654761
7108049,0.454796,-0.594019,-0.117271,-0.653108
7116382,0.455416,-0.594640,-0.119292,-0.651743
7124715,0.455813,-0.595629,-0.121190,-0.650211
7133048,0.455916,-0.596638,-0.123279,-0.648819
7141381,0.455593,-0.597916,-0.125285,-0.647484
7149714,0.454726,-0.599488,-0.127113,-0.646282
7158047,0.453547,-0.601060,-0.128917,-0.645292
7166380,0.451730,-0.602969,-0.130351,-0.644498
7174713,0.449780,-0.605010,-0.131757,-0.643662
7183046,0.447446,-0.607109,-0.133123,-0.643031
7191379,0.444798,-0.609407,-0.134227,-0.642465
7199712,0.441643,-0.611821,-0.134867,-0.642213
7208045,0.438624,-0.614051,-0.135861,-0.641944
7216378,0.434921,-0.616357,-0.136567,-0.642103
7224711,0.431049,-0.618503,-0.137297,-0.642495
7233044,0.425908,-0.621505,-0.136631,-0.643168
7241377,0.420991,-0.624104,-0.136296,-0.643960
7249710,0.415946,-0.626668,-0.135873,-0.644837
7258043,0.410920,-0.629077,-0.135435,-0.645805
7266376,0.406260,-0.630989,-0.135525,-0.646868
7274709,0.401399,-0.632928,-0.135292,-0.648056
7283042,0.396700,-0.634885,-0.134516,-0.649196
7291375,0.392038,-0.636592,-0.133985,-0.650465
7299708,0.387324,-0.638003,-0.133502,-0.652004
7308041,0.382657,-0.639475,-0.132454,-0.653530
7316374,0.377891,-0.640793,-0.131476,-0.655208
7324707,0.373105,-0.641817,-0.130362,-0.657167
7333040,0.368225,-0.642502,-0.129446,-0.659427
7341373,0.363167,-0.643107,-0.128041,-0.661913
7349706,0.358300,-0.643348,-0.126583,-0.664606
7358039,0.353376,-0.643117,-0.125185,-0.667723
7366372,0.348322,-0.642347,-0.123812,-0.671367
7374705,0.343633,-0.641182,-0.122281,-0.675166
7383038,0.339315,-0.639772,-0.120357,-0.679022
7391371,0.334645,-0.638057,-0.117927,-0.683366
7399704,0.330008,-0.635911,-0.115467,-0.688025
7408037,0.325487,-0.633508,-0.112449,-0.692878
7416370,0.320073,-0.630983,-0.108373,-0.698333
7424703,0.314916,-0.628128,-0.104498,-0.703821
7433036,0.309499,-0.625008,-0.100586,-0.709547
7441369,0.304224,-0.621748,-0.096069,-0.715295
7449702,0.298798,-0.618168,-0.091568,-0.721251
7458035,0.293195,-0.614335,-0.087397,-0.727317
7466368,0.287849,-0.610298,-0.083189,-0.733321
7474701,0.282821,-0.606308,-0.079119,-0.739015
7483034,0.278720,-0.602250,-0.075706,-0.744231
7491367,0.274888,-0.597844,-0.074443,-0.749318
7499700,0.272169,-0.593365,-0.073759,-0.753924
7508033,0.270235,-0.588914,-0.074092,-0.758066
7516366,0.269338,-0.584443,-0.076425,-0.761605
7524699,0.269418,-0.580306,-0.078759,-0.764497
7533032,0.270394,-0.576203,-0.082415,-0.766867
7541365,0.272563,-0.571937,-0.087168,-0.768765
7549698,0.275264,-0.567966,-0.092614,-0.770108
7558031,0.278639,-0.564171,-0.098096,-0.771005
7566364,0.281944,-0.560704,-0.103773,-0.771589
7574697,0.285679,-0.557293,-0.109462,-0.771901
7583030,0.288983,-0.554132,-0.114846,-0.772164
7591363,0.292809,-0.551146,-0.119938,-0.772085
7599696,0.295270,-0.548910,-0.123840,-0.772125
7608029,0.298477,-0.546404,-0.128194,-0.771958
7616362,0.301348,-0.544391,-0.131603,-0.771692
7624695,0.304216,-0.542768,-0.134250,-0.771254
7633028,0.306520,-0.541463,-0.136240,-0.770910
7641361,0.308605,-0.540340,-0.137657,-0.770614
7649694,0.310785,-0.539567,-0.138652,-0.770101
7658027,0.312501,-0.538926,-0.139292,-0.769740
7666360,0.314113,-0.538613,-0.139533,-0.769259
7674693,0.315191,-0.538695,-0.139109,-0.768838
7683026,0.316004,-0.538740,-0.138695,-0.768547
7691359,0.316810,-0.539128,-0.137874,-0.768091
7699692,0.316844,-0.539804,-0.136098,-0.767919
7708025,0.316566,-0.540718,-0.133894,-0.767778
7716358,0.315877,-0.541819,-0.131243,-0.767743
7724691,0.314924,-0.542983,-0.128460,-0.767783
7733024,0.313925,-0.544284,-0.125411,-0.767775
7741357,0.312525,-0.545808,-0.121654,-0.767868
7749690,0.310927,-0.547421,-0.117905,-0.767954
7758023,0.309017,-0.549207,-0.113801,-0.768069
7766356,0.306883,-0.551068,-0.109505,-0.768216
7774689,0.305006,-0.552889,-0.105561,-0.768207
7783022,0.303047,-0.554812,-0.101320,-0.768167
7791355,0.300590,-0.556799,-0.096672,-0.768294
7799688,0.298629,-0.558685,-0.092990,-0.768144
7808021,0.296701,-0.560715,-0.088929,-0.767892
7816354,0.294966,-0.562854,-0.084836,-0.767459
7824687,0.293620,-0.564910,-0.081251,-0.766852
7833020,0.292529,-0.566845,-0.078745,-0.766103
7841353,0.291845,-0.568872,-0.075987,-0.765139
7849686,0.291762,-0.570871,-0.073620,-0.763912
7858019,0.292415,-0.572822,-0.071871,-0.762367
7866352,0.293397,-0.574951,-0.070233,-0.760537
7874685,0.295030,-0.577120,-0.069065,-0.758366
7883018,0.296866,-0.579289,-0.068248,-0.756067
7891351,0.298946,-0.581488,-0.067393,-0.753632
7899684,0.301409,-0.583684,-0.066415,-0.751036
7908017,0.304173,-0.585909,-0.065563,-0.748259
7916350,0.307169,-0.588210,-0.064633,-0.745304
7924683,0.310578,-0.590512,-0.063970,-0.742122
7933016,0.313303,-0.593193,-0.062802,-0.738931
7941349,0.316688,-0.595804,-0.062385,-0.735415
7949682,0.320009,-0.598458,-0.062358,-0.731815
7958015,0.323142,-0.601157,-0.062191,-0.728232
7966348,0.326132,-0.604035,-0.062321,-0.724496
7974681,0.329246,-0.606840,-0.062587,-0.720712
7983014,0.332008,-0.609691,-0.062845,-0.717006
7991347,0.334565,-0.612294,-0.063475,-0.713535
7999680,0.336777,-0.614975,-0.063749,-0.710157
8008013,0.338875,-0.617594,-0.063778,-0.706876
8016346,0.340946,-0.620065,-0.063801,-0.703708
8024679,0.342261,-0.622442,-0.063789,-0.700967
8033011,0.343696,-0.624764,-0.063297,-0.698238
8041345,0.345170,-0.626946,-0.062953,-0.695581
8049678,0.346785,-0.629094,-0.062542,-0.692871
8058011,0.348728,-0.631073,-0.062277,-0.690114
8066344,0.350677,-0.633071,-0.062067,-0.687309
8074676,0.353063,-0.634616,-0.062264,-0.684640
8083010,0.356367,-0.635980,-0.062700,-0.681617
8091343,0.359460,-0.637466,-0.063135,-0.678557
8099676,0.362676,-0.638924,-0.063734,-0.675411
8108009,0.366469,-0.640137,-0.064600,-0.672125
8116341,0.370592,-0.640903,-0.066609,-0.668930
8124675,0.374880,-0.641798,-0.068046,-0.665530
8133008,0.378947,-0.642665,-0.069358,-0.662246
8141341,0.383302,-0.643111,-0.071763,-0.659043
8149674,0.387947,-0.643388,-0.074239,-0.655773
8158007,0.393115,-0.643362,-0.076708,-0.652427
8166340,0.398227,-0.643078,-0.079978,-0.649207
8174673,0.403740,-0.642540,-0.083267,-0.645912
8183006,0.409171,-0.641807,-0.086716,-0.642763
8191338,0.414660,-0.641091,-0.089992,-0.639501
8199672,0.420272,-0.639996,-0.093912,-0.636362
8208005,0.425664,-0.638924,-0.097475,-0.633312
8216338,0.431100,-0.637683,-0.100902,-0.630343
8224671,0.436293,-0.636549,-0.104035,-0.627400
8233003,0.440798,-0.635586,-0.106890,-0.624742
8241337,0.445402,-0.634575,-0.109526,-0.622042
8249670,0.449631,-0.633532,-0.112352,-0.619553
8258003,0.453635,-0.632709,-0.114669,-0.617046
8266336,0.457265,-0.631906,-0.116953,-0.614756
8274668,0.460893,-0.631099,-0.119332,-0.612414
8283002,0.463973,-0.630455,-0.121583,-0.610306
8291335,0.466737,-0.630024,-0.123239,-0.608308
8299668,0.469274,-0.629442,-0.125307,-0.606534
8308001,0.471086,-0.628996,-0.127435,-0.605146
8316333,0.472508,-0.628974,-0.128487,-0.603836
8324667,0.473496,-0.628904,-0.129840,-0.602845
8333000,0.474073,-0.628859,-0.131041,-0.602179
8341333,0.474294,-0.628914,-0.132230,-0.601688
8349666,0.474039,-0.629287,-0.132862,-0.601359
8357998,0.473826,-0.629240,-0.134265,-0.601264
8366332,0.473681,-0.629290,-0.135453,-0.601059
8374665,0.473267,-0.629487,-0.136485,-0.600946
8382998,0.472817,-0.629567,-0.137675,-0.600945
8391331,0.472259,-0.629765,-0.138738,-0.600932
8399664,0.471626,-0.629966,-0.139716,-0.600992
8407997,0.470991,-0.630237,-0.140393,-0.601048
8416330,0.470286,-0.630423,-0.141156,-0.601226
8424663,0.469310,-0.630862,-0.141529,-0.601441
8432996,0.468687,-0.630904,-0.142654,-0.601617
8441329,0.467586,-0.631309,-0.142869,-0.601998
8449662,0.466336,-0.631663,-0.143301,-0.602492
8457995,0.464778,-0.632091,-0.143543,-0.603190
8466328,0.463323,-0.632459,-0.143698,-0.603885
8474661,0.461250,-0.633057,-0.143515,-0.604889
8482994,0.459026,-0.633550,-0.143533,-0.606059
8491327,0.456487,-0.634084,-0.143457,-0.607435
8499660,0.454139,-0.634431,-0.143681,-0.608778
8507993,0.451093,-0.634995,-0.143791,-0.610427
8516326,0.447730,-0.635535,-0.143965,-0.612297
8524659,0.444612,-0.635740,-0.144654,-0.614191
8532992,0.441125,-0.636183,-0.144904,-0.616184
8541325,0.436983,-0.636790,-0.144890,-0.618507
8549658,0.432408,-0.637350,-0.144937,-0.621129
8557991,0.427594,-0.637803,-0.144928,-0.623992
8566324,0.422506,-0.638317,-0.144661,-0.626987
8574657,0.416675,-0.638682,-0.144275,-0.630597
8582990,0.410472,-0.639055,-0.143668,-0.634414
8591323,0.404681,-0.639010,-0.143531,-0.638199
8599656,0.397925,-0.639196,-0.142640,-0.642447
8607989,0.391136,-0.639127,-0.141640,-0.646890
8616322,0.384269,-0.638873,-0.140551,-0.651479
8624655,0.377449,-0.638352,-0.139843,-0.656112
8632988,0.370429,-0.637660,-0.138963,-0.660954
8641321,0.363726,-0.636684,-0.137808,-0.665842
8649654,0.357426,-0.635442,-0.136988,-0.670593
8657987,0.351338,-0.634211,-0.135697,-0.675222
8666320,0.345904,-0.632681,-0.134399,-0.679707
8674653,0.340792,-0.630813,-0.133328,-0.684222
8682986,0.336329,-0.628484,-0.132730,-0.688675
8691319,0.331905,-0.626146,-0.131709,-0.693133
8699652,0.327952,-0.623679,-0.130512,-0.697451
8707985,0.324579,-0.620835,-0.129755,-0.701695
8716318,0.321523,-0.617935,-0.128743,-0.705836
8724651,0.319084,-0.614756,-0.128019,-0.709839
8732984,0.316497,-0.611631,-0.126896,-0.713887
8741317,0.314325,-0.608346,-0.125787,-0.717839
8749650,0.311927,-0.604841,-0.124616,-0.722039
8757983,0.309663,-0.601331,-0.123127,-0.726188
8766316,0.307699,-0.597750,-0.121414,-0.730257
8774649,0.305769,-0.593922,-0.120145,-0.734388
8782982,0.303581,-0.590088,-0.118663,-0.738617
8791315,0.301620,-0.586151,-0.117534,-0.742724
8799648,0.299735,-0.582179,-0.116940,-0.746694
8807981,0.298101,-0.578094,-0.116755,-0.750541
8816314,0.296459,-0.574182,-0.116708,-0.754192
8824647,0.295302,-0.570245,-0.117705,-0.757471
8832980,0.294330,-0.566564,-0.118778,-0.760439
8841313,0.293830,-0.562918,-0.120416,-0.763077
8849646,0.293465,-0.559557,-0.122031,-0.765429
8857979,0.293526,-0.556411,-0.124085,-0.767367
8866312,0.293572,-0.553470,-0.126445,-0.769089
8874645,0.293755,-0.550730,-0.128865,-0.770583
8882978,0.293799,-0.548312,-0.130881,-0.771950
8891311,0.294071,-0.546085,-0.132800,-0.773096
8899644,0.294460,-0.544058,-0.134673,-0.774053
8907977,0.294961,-0.542202,-0.136179,-0.774900
8916310,0.295537,-0.540591,-0.137463,-0.775579
8924643,0.295929,-0.539035,-0.138427,-0.776341
8932976,0.296399,-0.537687,-0.139074,-0.776980
8941309,0.296722,-0.536559,-0.139101,-0.777632
8949642,0.297128,-0.535560,-0.138929,-0.778196
8957975,0.297590,-0.534560,-0.138486,-0.778786
8966308,0.298124,-0.533790,-0.137792,-0.779233
8974641,0.298565,-0.533107,-0.136961,-0.779678
8982974,0.299265,-0.532430,-0.136173,-0.780010
8991307,0.299835,-0.531915,-0.135281,-0.780298
8999640,0.300462,-0.531541,-0.134224,-0.780494
9007973,0.301276,-0.531280,-0.133180,-0.780537
9016306,0.302155,-0.531112,-0.132217,-0.780475
9024639,0.302986,-0.531116,-0.131011,-0.780353
9032972,0.304087,-0.531213,-0.130019,-0.780025
9041305,0.305234,-0.531372,-0.129176,-0.779608
9049638,0.306355,-0.531738,-0.128227,-0.779076
9057971,0.307565,-0.532310,-0.127040,-0.778403
9066304,0.308949,-0.532878,-0.126072,-0.777623
9074637,0.310469,-0.533573,-0.125212,-0.776680
9082970,0.311943,-0.534384,-0.124102,-0.775709
9091303,0.313469,-0.535206,-0.123330,-0.774649
9099636,0.314934,-0.536101,-0.122777,-0.773523
9107969,0.316585,-0.537407,-0.122048,-0.772057
9116302,0.318833,-0.538842,-0.121423,-0.770228
9124635,0.321331,-0.540389,-0.121275,-0.768127
9132968,0.323617,-0.542070,-0.121620,-0.765924
9141301,0.326255,-0.543841,-0.121880,-0.763505
9149634,0.329025,-0.545966,-0.121494,-0.760857
9157967,0.331947,-0.548261,-0.121363,-0.757953
9166300,0.334814,-0.550696,-0.121683,-0.754869
9174633,0.337529,-0.553498,-0.121594,-0.751617
9182966,0.340667,-0.556292,-0.122032,-0.748060
9191299,0.343687,-0.559280,-0.122395,-0.744382
9199632,0.346618,-0.562736,-0.122410,-0.740405
9207965,0.349391,-0.566205,-0.122558,-0.736422
9216298,0.352089,-0.569989,-0.122346,-0.732242
9224631,0.354569,-0.573802,-0.122117,-0.728093
9232964,0.356721,-0.577793,-0.121597,-0.723961
9241297,0.358777,-0.581852,-0.121262,-0.719738
9249630,0.360261,-0.586207,-0.120216,-0.715627
9257963,0.361765,-0.590494,-0.119075,-0.711522
9266296,0.363335,-0.594791,-0.117996,-0.707310
9274629,0.364725,-0.599139,-0.116640,-0.703138
9282962,0.365582,-0.603788,-0.114367,-0.699078
9291295,0.366379,-0.608262,-0.111782,-0.695190
9299628,0.367100,-0.612651,-0.108899,-0.691403
9307961,0.367494,-0.617160,-0.105098,-0.687762
9316294,0.367955,-0.621532,-0.101221,-0.684151
9324627,0.368887,-0.625420,-0.097731,-0.680603
9332960,0.369920,-0.629355,-0.093853,-0.676951
9341293,0.370804,-0.633281,-0.090012,-0.673319
9349626,0.372452,-0.636711,-0.086918,-0.669570
9357959,0.374669,-0.639731,-0.084600,-0.665741
9366292,0.377205,-0.642587,-0.082622,-0.661794
9374625,0.380304,-0.645217,-0.081134,-0.657634
9382958,0.383707,-0.647692,-0.079922,-0.653358
9391291,0.387358,-0.649800,-0.079276,-0.649175
9399624,0.391288,-0.651743,-0.079046,-0.644884
9407957,0.395967,-0.653271,-0.079548,-0.640406
9416290,0.400465,-0.654746,-0.079903,-0.636044
9424623,0.406000,-0.655515,-0.081351,-0.631543
9432956,0.412057,-0.655892,-0.083147,-0.626978
9441289,0.418613,-0.655899,-0.085446,-0.622301
9449622,0.425500,-0.655407,-0.088320,-0.617731
9457955,0.432695,-0.654574,-0.091216,-0.613178
9466288,0.439724,-0.653678,-0.094132,-0.608676
9474621,0.447081,-0.652427,-0.097157,-0.604167
9482954,0.454532,-0.650805,-0.100416,-0.599808
9491287,0.461776,-0.649004,-0.103798,-0.595636
9499620,0.468704,-0.647198,-0.107046,-0.591602
9507953,0.475463,-0.645300,-0.110379,-0.587655
9516286,0.481980,-0.643417,-0.113757,-0.583755
9524619,0.488510,-0.641423,-0.116876,-0.579891
9532952,0.494803,-0.639216,-0.120342,-0.576274
9541285,0.500551,-0.637084,-0.123828,-0.572921
9549618,0.506018,-0.635019,-0.127094,-0.569687
9557951,0.510930,-0.633064,-0.130070,-0.566800
9566284,0.515205,-0.631273,-0.132754,-0.564301
9574617,0.519110,-0.629473,-0.135505,-0.562074
9582950,0.522041,-0.628015,-0.137948,-0.560393
9591283,0.524510,-0.626708,-0.139934,-0.559057
9599616,0.526721,-0.625316,-0.142266,-0.557947
9607949,0.528205,-0.624154,-0.144353,-0.557309
9616282,0.529047,-0.623266,-0.146026,-0.557069
9624615,0.529462,-0.622542,-0.147742,-0.557031
9632948,0.529171,-0.622076,-0.149241,-0.557429
9641281,0.528539,-0.621723,-0.150595,-0.558058
9649614,0.527256,-0.621507,-0.151710,-0.559209
9657947,0.525656,-0.621521,-0.152714,-0.560425
9666280,0.523477,-0.621732,-0.153445,-0.562028
9674613,0.521004,-0.622059,-0.153617,-0.563915
9682946,0.517678,-0.622781,-0.153496,-0.566208
9691279,0.514394,-0.623382,-0.153582,-0.568512
9699612,0.510735,-0.624070,-0.153184,-0.571159
9707945,0.506990,-0.624768,-0.152646,-0.573869
9716278,0.503098,-0.625482,-0.151943,-0.576696
9724611,0.499143,-0.626159,-0.151457,-0.579519
9732944,0.495167,-0.626814,-0.150882,-0.582365
9741277,0.490849,-0.627519,-0.150236,-0.585420
9749610,0.486421,-0.628253,-0.149353,-0.588546
9757943,0.481593,-0.629177,-0.148201,-0.591812
9766276,0.476607,-0.629953,-0.147365,-0.595222
9774609,0.471375,-0.630789,-0.146430,-0.598724
9782942,0.465762,-0.631702,-0.145421,-0.602388
9791275,0.459551,-0.632653,-0.144306,-0.606414
9799608,0.452885,-0.633470,-0.143353,-0.610787
9807941,0.445798,-0.634294,-0.142260,-0.615384
9816274,0.438319,-0.634945,-0.141253,-0.620298
9824607,0.430664,-0.635289,-0.140555,-0.625444
9832940,0.422481,-0.635401,-0.139819,-0.631051
9841273,0.414280,-0.635344,-0.138665,-0.636774
9849606,0.406602,-0.634695,-0.138184,-0.642450
9857939,0.399231,-0.633872,-0.137577,-0.647992
9866272,0.392255,-0.632621,-0.137366,-0.653497
9874605,0.385786,-0.630922,-0.137505,-0.658938
9882938,0.379950,-0.629039,-0.137207,-0.664170
9891271,0.373965,-0.626901,-0.137091,-0.669590
9899604,0.368468,-0.624829,-0.136166,-0.674744
9907937,0.363326,-0.622468,-0.135619,-0.679805
9916270,0.358594,-0.620023,-0.134654,-0.684726
9924603,0.354074,-0.617227,-0.133774,-0.689759
9932936,0.349758,-0.614440,-0.132480,-0.694681
9941269,0.345786,-0.611468,-0.131175,-0.699522
9949602,0.341694,-0.608558,-0.129349,-0.704395
9957935,0.337744,-0.605533,-0.127420,-0.709241
9966268,0.334488,-0.602221,-0.125638,-0.713907
9974601,0.330799,-0.598963,-0.123732,-0.718683
9982934,0.327656,-0.595550,-0.122041,-0.723234
9991267,0.324559,-0.592115,-0.120308,-0.727727
9999600,0.321660,-0.588762,-0.119001,-0.731938
10007933,0.319206,-0.585279,-0.117977,-0.735960
10016266,0.316819,-0.581694,-0.117176,-0.739951
10024599,0.314649,-0.578319,-0.116322,-0.743648
10032932,0.312992,-0.575139,-0.115273,-0.746969
10041265,0.311854,-0.571701,-0.115096,-0.750105
10049598,0.310595,-0.568594,-0.114709,-0.753043
10057931,0.309874,-0.565413,-0.114743,-0.755725
10066264,0.309555,-0.562418,-0.114609,-0.758108
10074597,0.309321,-0.559506,-0.114314,-0.760398
10082930,0.309139,-0.556751,-0.114042,-0.762533
10091263,0.308863,-0.554127,-0.113493,-0.764635
10099596,0.309027,-0.551470,-0.113306,-0.766515
10107929,0.309420,-0.548965,-0.113001,-0.768197
10116262,0.309744,-0.546655,-0.112103,-0.769844
10124595,0.310079,-0.544519,-0.111252,-0.771345
10132928,0.310514,-0.542451,-0.110358,-0.772754
10141261,0.311133,-0.540476,-0.109398,-0.774025
10149594,0.311584,-0.538571,-0.108602,-0.775282
10157927,0.312242,-0.536756,-0.107873,-0.776377
10166260,0.313106,-0.535069,-0.107209,-0.777285
10174593,0.314128,-0.533514,-0.106176,-0.778083
10182926,0.315089,-0.532161,-0.105308,-0.778739
10191259,0.316358,-0.530875,-0.104844,-0.779165
10199592,0.317537,-0.529925,-0.103915,-0.779456
10207925,0.318615,-0.528858,-0.103588,-0.779784
10216258,0.319990,-0.528043,-0.103476,-0.779788
10224591,0.321384,-0.527397,-0.103291,-0.779677
10232924,0.322774,-0.526822,-0.103101,-0.779516
10241257,0.324368,-0.526466,-0.102828,-0.779131
10249590,0.325816,-0.526132,-0.103099,-0.778717
10257923,0.327392,-0.525991,-0.103339,-0.778119
10266256,0.329111,-0.526186,-0.103674,-0.777217
10274589,0.330795,-0.526483,-0.104076,-0.776246
10282922,0.332414,-0.527002,-0.104647,-0.775125
10291255,0.334515,-0.527955,-0.105125,-0.773506
10299588,0.336657,-0.529027,-0.106070,-0.771713
10307921,0.339155,-0.530190,-0.107406,-0.769634
10316254,0.341862,-0.531652,-0.108277,-0.767302
10324587,0.344685,-0.533422,-0.109318,-0.764659
10332920,0.347274,-0.535565,-0.110268,-0.761847
10341253,0.349701,-0.538082,-0.111001,-0.758851
10349586,0.352088,-0.540948,-0.111648,-0.755609
10357919,0.354911,-0.544121,-0.112143,-0.751927
10366252,0.357304,-0.547488,-0.112974,-0.748217
10374585,0.359675,-0.551077,-0.113123,-0.744414
10382918,0.361749,-0.554698,-0.112763,-0.740764
10391251,0.363135,-0.558568,-0.111993,-0.737287
10399584,0.364701,-0.562424,-0.110829,-0.733750
10407917,0.365939,-0.566378,-0.108971,-0.730363
10416250,0.367011,-0.570223,-0.106831,-0.727143
10424583,0.367890,-0.574196,-0.104500,-0.723903
10432916,0.368444,-0.578323,-0.101401,-0.720770
10441249,0.368940,-0.582411,-0.097834,-0.717711
10449582,0.369339,-0.586559,-0.093985,-0.714635
10457915,0.370043,-0.590595,-0.090551,-0.711383
10466248,0.370951,-0.594564,-0.087223,-0.708012
10474581,0.371803,-0.598594,-0.083587,-0.704600
10482914,0.372831,-0.602475,-0.080524,-0.701097
10491247,0.373875,-0.606359,-0.077342,-0.697542
10499580,0.374940,-0.610195,-0.074111,-0.693966
10507913,0.375946,-0.614010,-0.071213,-0.690351
10516246,0.376794,-0.617724,-0.068481,-0.686843
10524579,0.377988,-0.621288,-0.066131,-0.683193
10532912,0.379286,-0.624695,-0.064119,-0.679549
10541245,0.380881,-0.627943,-0.062470,-0.675806
10549578,0.382416,-0.631200,-0.061196,-0.672012
10557911,0.384096,-0.634199,-0.060025,-0.668325
10566244,0.386218,-0.636973,-0.059184,-0.664528
10574577,0.388606,-0.639360,-0.058955,-0.660855
10582910,0.391537,-0.641481,-0.058896,-0.657063
10591243,0.394437,-0.643400,-0.058996,-0.653433
10599576,0.397283,-0.645138,-0.059016,-0.649985
10607909,0.400160,-0.646555,-0.059327,-0.646776
10616242,0.403323,-0.647651,-0.059962,-0.643648
10624575,0.406298,-0.648803,-0.059888,-0.640617
10632908,0.408992,-0.649954,-0.059564,-0.637759
10641241,0.411836,-0.650708,-0.059473,-0.635163
10649574,0.414501,-0.651375,-0.059444,-0.632745
10657907,0.416988,-0.651960,-0.059158,-0.630532
10666240,0.419201,-0.652488,-0.058496,-0.628577
10674573,0.421609,-0.652918,-0.057962,-0.626565
10682906,0.423651,-0.653241,-0.057362,-0.624904
10691239,0.425636,-0.653457,-0.056611,-0.623396
10699572,0.427347,-0.653594,-0.055864,-0.622149
10707905,0.428823,-0.653596,-0.055154,-0.621193
10716238,0.430205,-0.653553,-0.054343,-0.620354
10724571,0.431011,-0.653660,-0.052833,-0.619812
10732904,0.431989,-0.653308,-0.052041,-0.619569
10741237,0.432703,-0.652941,-0.051256,-0.619523
10749570,0.432767,-0.652598,-0.050186,-0.619927
10757903,0.432935,-0.652026,-0.049220,-0.620489
10766236,0.433123,-0.651394,-0.048355,-0.621090
10774569,0.432689,-0.650670,-0.047824,-0.622191
10782902,0.432554,-0.649651,-0.047367,-0.623384
10791235,0.432112,-0.648713,-0.046530,-0.624728
10799568,0.431299,-0.647593,-0.046469,-0.626454
10807901,0.430488,-0.646405,-0.046529,-0.628232
10816234,0.429686,-0.645176,-0.046644,-0.630033
10824567,0.428214,-0.644153,-0.046187,-0.632113
10832900,0.426740,-0.642867,-0.046511,-0.634391
10841233,0.425052,-0.641714,-0.046552,-0.636684
10849566,0.422825,-0.640619,-0.046556,-0.639265
10857899,0.420391,-0.639402,-0.046608,-0.642078
10866232,0.417407,-0.638406,-0.046120,-0.645044
10874565,0.414316,-0.637352,-0.046145,-0.648070
10882898,0.410642,-0.636691,-0.045687,-0.651084
10891231,0.406809,-0.635796,-0.045599,-0.654363
10899564,0.402701,-0.634923,-0.045596,-0.657743
10907897,0.398202,-0.634177,-0.045236,-0.661218
10916230,0.392977,-0.633535,-0.044678,-0.664986
10924563,0.387618,-0.632827,-0.044244,-0.668824
10932896,0.381191,-0.632420,-0.042940,-0.672974
10941229,0.374345,-0.631990,-0.041462,-0.677301
10949562,0.366872,-0.631599,-0.038918,-0.681889
10957895,0.358845,-0.631200,-0.036320,-0.686657
10966228,0.350572,-0.630506,-0.033625,-0.691687
10974561,0.341713,-0.629823,-0.030302,-0.696877
10982894,0.332386,-0.629190,-0.026284,-0.702103
10991227,0.322870,-0.628292,-0.022217,-0.707467
10999560,0.313081,-0.627204,-0.017397,-0.712946
11007893,0.303162,-0.626074,-0.012026,-0.718317
11016226,0.293559,-0.624522,-0.006754,-0.723706
11024559,0.284472,-0.622614,-0.001637,-0.728989
11032892,0.275734,-0.620465,0.003759,-0.734153
11041225,0.267739,-0.617886,0.008780,-0.739226
11049558,0.260473,-0.614973,0.013570,-0.744162
11057891,0.253477,-0.611818,0.018309,-0.749061
11066224,0.247006,-0.608287,0.023005,-0.753954
11074557,0.241020,-0.604564,0.027344,-0.758725
11082890,0.234993,-0.600691,0.032004,-0.763495
11091223,0.229712,-0.596555,0.036610,-0.768124
11099556,0.225031,-0.592142,0.040525,-0.772714
11107889,0.220423,-0.587660,0.044089,-0.777255
11116222,0.216070,-0.583055,0.047060,-0.781758
11124555,0.212244,-0.578413,0.050038,-0.786058
11132888,0.208405,-0.573661,0.052465,-0.790397
11141221,0.204835,-0.568859,0.054534,-0.794650
11149554,0.201458,-0.564064,0.057310,-0.798725
11157887,0.198072,-0.559230,0.059417,-0.802807
11166220,0.194905,-0.554393,0.061303,-0.806785
11174553,0.192034,-0.549599,0.063068,-0.810609
11182886,0.189327,-0.544835,0.064941,-0.814305
11191219,0.186246,-0.540096,0.067060,-0.817992
11199552,0.183690,-0.535429,0.068598,-0.821504
11207885,0.180972,-0.530887,0.070739,-0.824866
11216218,0.178070,-0.526268,0.072986,-0.828255
11224551,0.175339,-0.521721,0.074868,-0.831540
11232884,0.172725,-0.517207,0.076827,-0.834722
11241217,0.169998,-0.512776,0.079265,-0.837782
11249550,0.167306,-0.508520,0.081567,-0.840692
11257883,0.164695,-0.504232,0.083498,-0.843596
11266216,0.161811,-0.499986,0.085799,-0.846445
11274549,0.159033,-0.495939,0.088049,-0.849118
11282882,0.156261,-0.492060,0.089979,-0.851683
11291215,0.153841,-0.488501,0.091560,-0.854000
11299548,0.150674,-0.484828,0.093780,-0.856414
11307881,0.147517,-0.481289,0.095847,-0.858728
11316214,0.144634,-0.478156,0.097334,-0.860798
11324547,0.142016,-0.474938,0.098567,-0.862873
11332880,0.139123,-0.472102,0.100222,-0.864708
11341213,0.136375,-0.469353,0.101168,-0.866530
11349546,0.133649,-0.466924,0.102143,-0.868152
11357879,0.130915,-0.464596,0.103419,-0.869665
11366212,0.128082,-0.462577,0.104347,-0.871051
11374545,0.125788,-0.460770,0.105118,-0.872249
11382878,0.123160,-0.459321,0.106116,-0.873267
11391211,0.120950,-0.457999,0.106694,-0.874200
11399544,0.118736,-0.456949,0.107534,-0.874949
11407877,0.116675,-0.456147,0.108535,-0.875521
11416210,0.114459,-0.455622,0.108926,-0.876038
11424543,0.112598,-0.455374,0.109197,-0.876375
11432876,0.110433,-0.455388,0.110254,-0.876511
11441209,0.108239,-0.455775,0.111367,-0.876442
11449542,0.106300,-0.456622,0.111444,-0.876229
11457875,0.104576,-0.457777,0.111305,-0.875851
11466208,0.102631,-0.459281,0.111690,-0.875245
11474541,0.100860,-0.461522,0.112131,-0.874215
11482874,0.099160,-0.463939,0.112079,-0.873136
11491207,0.097463,-0.466697,0.112480,-0.871805
11499540,0.095226,-0.469750,0.113221,-0.870315
11507873,0.092793,-0.472993,0.114508,-0.868652
11516206,0.089791,-0.476376,0.116489,-0.866853
11524539,0.086215,-0.479885,0.118996,-0.864938
11532872,0.082059,-0.483388,0.122517,-0.862898
11541205,0.077451,-0.487049,0.126499,-0.860687
11549538,0.072503,-0.490715,0.130525,-0.858432
11557871,0.066851,-0.494265,0.135876,-0.856020
11566204,0.060985,-0.497902,0.140598,-0.853584
11574537,0.054759,-0.501612,0.146398,-0.850855
11582870,0.048253,-0.505215,0.151662,-0.848191
11591203,0.041797,-0.509021,0.156428,-0.845388
11599536,0.034784,-0.512725,0.161930,-0.842426
11607869,0.027594,-0.516535,0.167494,-0.839271
11616202,0.019608,-0.520066,0.173748,-0.836037
11624535,0.011828,-0.523708,0.179740,-0.832637
11632868,0.003769,-0.527171,0.186142,-0.829113
11641201,-0.004580,-0.530555,0.192655,-0.825454
11649534,-0.013165,-0.533876,0.199398,-0.821611
11657867,-0.021631,-0.537013,0.206119,-0.817719
11666200,-0.030330,-0.540056,0.212707,-0.813742
11674533,-0.039450,-0.542880,0.220045,-0.809509
11682866,-0.048565,-0.545293,0.227342,-0.805365
11691199,-0.057868,-0.547551,0.235015,-0.801004
11699532,-0.067527,-0.549362,0.243160,-0.796564
11707865,-0.077018,-0.550868,0.251138,-0.792176
11716198,-0.087050,-0.551877,0.259862,-0.787608
11724531,-0.097170,-0.552437,0.268668,-0.783064
11732864,-0.106807,-0.552553,0.277609,-0.778595
11741197,-0.115741,-0.552323,0.285643,-0.774565
11749530,-0.123433,-0.552008,0.292809,-0.770917
11757863,-0.130353,-0.551386,0.299806,-0.767527
11766196,-0.136877,-0.550307,0.306511,-0.764511
11774529,-0.143483,-0.548691,0.313407,-0.761660
11782862,-0.149783,-0.546849,0.319871,-0.759081
11791195,-0.156663,-0.544254,0.326831,-0.756588
11799528,-0.162748,-0.541877,0.332385,-0.754587
11807861,-0.169333,-0.538926,0.338966,-0.752321
11816194,-0.176065,-0.535622,0.345322,-0.750242
11824527,-0.182974,-0.531861,0.351915,-0.748198
11832860,-0.189605,-0.527930,0.357972,-0.746456
11841193,-0.196288,-0.523753,0.364069,-0.744720
11849526,-0.202989,-0.519310,0.370287,-0.742967
11857859,-0.209232,-0.514908,0.375901,-0.741478
11866192,-0.215616,-0.510365,0.381515,-0.739921
11874525,-0.221945,-0.505639,0.387373,-0.738249
11882858,-0.228690,-0.500847,0.393192,-0.736378
11891191,-0.235060,-0.496130,0.398470,-0.734727
11899524,-0.241510,-0.491349,0.403517,-0.733091
11907857,-0.247983,-0.486660,0.408697,-0.731187
11916190,-0.254537,-0.482091,0.414028,-0.728958
11924523,-0.261464,-0.477451,0.419443,-0.726460
11932856,-0.268242,-0.472818,0.424899,-0.723844
11941189,-0.275584,-0.467944,0.430266,-0.721078
11949522,-0.283213,-0.462980,0.435860,-0.717960
11957855,-0.290901,-0.458084,0.441271,-0.714714
11966188,-0.298186,-0.453575,0.446327,-0.711440
11974521,-0.306129,-0.448417,0.452263,-0.707577
11982854,-0.314106,-0.443360,0.457820,-0.703683
11991187,-0.321697,-0.438390,0.463471,-0.699657
11999520,-0.329120,-0.433848,0.468695,-0.695544
12007853,-0.336628,-0.429099,0.474115,-0.691209
12016186,-0.343982,-0.424445,0.479514,-0.686723
12024519,-0.350990,-0.419999,0.484728,-0.682236
12032852,-0.357950,-0.415537,0.490204,-0.677423
12041185,-0.365010,-0.411165,0.495626,-0.672359
12049518,-0.372471,-0.406849,0.501082,-0.666825
12057851,-0.379694,-0.402009,0.507236,-0.661009
12066184,-0.386474,-0.397349,0.513031,-0.655401
12074517,-0.393401,-0.392760,0.519200,-0.649159
12082850,-0.400628,-0.388026,0.525121,-0.642792
12091183,-0.407403,-0.383221,0.530983,-0.636570
12099516,-0.414121,-0.378264,0.537335,-0.629834
12107849,-0.420787,-0.373284,0.543703,-0.622883
12116182,-0.427241,-0.368461,0.549994,-0.615799
12124515,-0.434154,-0.363423,0.556264,-0.608280
12132848,-0.440832,-0.358560,0.562243,-0.600820
12141181,0.447544,0.353735,-0.567927,0.593325
12149514,0.454580,0.348593,-0.573467,0.585641
12157847,0.461758,0.343318,-0.578592,0.578051
12166180,0.468940,0.337864,-0.583501,0.570500
12174513,0.476278,0.332122,-0.588238,0.562877
12182846,0.483422,0.327183,-0.592108,0.555574
12191179,0.490400,0.321747,-0.595897,0.548537
12199512,0.497322,0.316485,-0.599425,0.541478
12207845,0.504040,0.311612,-0.602577,0.534549
12216178,0.510362,0.307313,-0.605119,0.528130
12224511,-0.516402,-0.303703,0.607255,-0.521857
12232844,-0.522285,-0.300588,0.609201,-0.515499
12241177,-0.527468,-0.297841,0.610958,-0.509705
12249510,-0.532426,-0.295691,0.612335,-0.504119
12257843,-0.537083,-0.294108,0.613473,-0.498691
12266176,-0.541129,-0.293447,0.614287,-0.493681
12274509,-0.545224,-0.292911,0.614940,-0.488654
12282842,-0.549015,-0.293033,0.615291,-0.483871
12291175,-0.552687,-0.293110,0.615589,-0.479243
12299508,-0.556031,-0.293411,0.615812,-0.474884
12307841,-0.559392,-0.293389,0.616034,-0.470643
12316174,-0.563259,-0.293174,0.616315,-0.465773
12324507,-0.566654,-0.293501,0.616301,-0.461448
12332840,-0.570073,-0.293494,0.616324,-0.457191
12341173,-0.573917,-0.293119,0.616449,-0.452427
12349506,-0.577638,-0.292664,0.616571,-0.447797
12357839,-0.581164,-0.292433,0.616513,-0.443444
12366172,-0.584584,-0.292241,0.616604,-0.438926
12374505,-0.588033,-0.291989,0.616654,-0.434393
12382838,-0.591250,-0.291928,0.616579,-0.430152
12391171,-0.594459,-0.291598,0.616522,-0.426016
12399504,-0.597382,-0.291562,0.616387,-0.422130
12407837,-0.600294,-0.291508,0.616311,-0.418128
12416170,-0.603101,-0.291755,0.616142,-0.414146
12424503,-0.605770,-0.292094,0.615877,-0.410390
12432836,-0.608092,-0.292146,0.615775,-0.407058
12441169,-0.610553,-0.292285,0.615506,-0.403667
12449502,-0.612821,-0.292219,0.615457,-0.400339
12457835,-0.614980,-0.292035,0.615334,-0.397340
12466168,-0.616863,-0.292099,0.615312,-0.394398
12474501,-0.618777,-0.291900,0.615357,-0.391466
12482834,-0.620680,-0.291264,0.615550,-0.388613
12491167,-0.622627,-0.290609,0.615872,-0.385465
12499500,-0.624471,-0.289731,0.616249,-0.382530
12507833,-0.626131,-0.288904,0.616729,-0.379657
12516166,-0.627548,-0.287878,0.617414,-0.376975
12524499,-0.629114,-0.286611,0.618175,-0.374072
12532832,-0.630022,-0.285815,0.619007,-0.371769
12541165,-0.631288,-0.284382,0.620058,-0.368959
12549498,-0.632387,-0.283365,0.621003,-0.366259
12557831,-0.633440,-0.281908,0.622269,-0.363405
12566164,-0.634354,-0.280543,0.623595,-0.360582
12574497,-0.635232,-0.278854,0.625012,-0.357883
12582830,-0.636166,-0.276781,0.626708,-0.354855
12591163,-0.636977,-0.275250,0.628228,-0.351890
12599496,-0.637915,-0.273219,0.630080,-0.348446
12607829,-0.638859,-0.271101,0.631961,-0.344947
12616162,-0.639645,-0.269005,0.633859,-0.341633
12624495,-0.640765,-0.266339,0.635850,-0.337903
12632828,-0.641699,-0.263722,0.637902,-0.334297
12641161,-0.642541,-0.260602,0.640266,-0.330587
12649494,-0.643111,-0.257586,0.642894,-0.326718
12657827,-0.644208,-0.253997,0.645500,-0.322197
12666160,-0.645215,-0.249836,0.648421,-0.317535
12674493,-0.646323,-0.245142,0.651496,-0.312612
12682826,-0.647713,-0.239765,0.654770,-0.307013
12691159,-0.649429,-0.233997,0.657911,-0.301065
12699492,-0.651164,-0.228363,0.660944,-0.294940
12707825,-0.653067,-0.221995,0.664217,-0.288162
12716158,-0.655088,-0.215083,0.667534,-0.281065
12724491,-0.657500,-0.207251,0.670973,-0.273013
12732824,0.659719,0.199621,-0.674275,0.265095
12741157,0.661763,0.191691,-0.677524,0.257461
12749490,0.663803,0.183808,-0.680601,0.249727
12757823,0.665731,0.175774,-0.683674,0.241857
12766156,0.667885,0.167282,-0.686473,0.233882
12774489,0.669995,0.158517,-0.689246,0.225651
12782822,0.672110,0.149575,-0.691772,0.217592
12791155,0.674101,0.141125,-0.694039,0.209717
12799488,0.675999,0.131957,-0.696484,0.201302
12807821,0.678045,0.122598,-0.698591,0.192861
12816154,0.679998,0.113090,-0.700457,0.184860
12824487,0.681889,0.104325,-0.702005,0.177014
12832820,0.683807,0.095621,-0.703300,0.169218
12841153,0.685482,0.086676,-0.704497,0.162127
12849486,0.686678,0.078767,-0.705551,0.156420
12857819,0.687682,0.071867,-0.706220,0.152256
12866152,0.688410,0.066095,-0.706613,0.149733
12874485,0.688747,0.060216,-0.707513,0.146380
12882818,0.688889,0.054914,-0.708223,0.144351
12891151,0.689181,0.051803,-0.708061,0.144900
12899484,0.689516,0.047959,-0.707852,0.145649
12907817,0.689968,0.044444,-0.707527,0.146202
12916150,0.690510,0.041477,-0.706828,0.147883
12924483,0.691580,0.039094,-0.705574,0.149514
12932816,0.692651,0.035901,-0.704285,0.151421
12941149,0.694094,0.032475,-0.702697,0.152958
12949482,0.695961,0.029146,-0.700683,0.154378
12957815,0.698125,0.025839,-0.698289,0.156032
12966148,0.700111,0.022555,-0.696085,0.157484
12974481,0.702245,0.018940,-0.693854,0.158306
12982814,0.704521,0.016638,-0.691230,0.159919
12991147,0.706930,0.013996,-0.688728,0.160335
12999480,0.709630,0.012853,-0.685723,0.161381
13007813,0.712613,0.012797,-0.682277,0.162839
13016146,0.715611,0.011184,-0.679317,0.162184
13024479,0.719026,0.010059,-0.675774,0.161955
13032812,0.722897,0.010052,-0.671727,0.161561
13041145,0.727231,0.010010,-0.667148,0.161085
13049478,0.731620,0.009669,-0.662613,0.159945
13057811,0.736250,0.008641,-0.657797,0.158632
13066144,0.741400,0.008591,-0.652415,0.156866
13074477,0.746585,0.008499,-0.646763,0.155680
13082810,0.751768,0.008176,-0.641003,0.154576
13091143,0.756981,0.009761,-0.634734,0.154912
13099476,0.762109,0.012065,-0.628332,0.155701
13107809,0.767475,0.014360,-0.621524,0.156474
13116142,0.773016,0.017255,-0.614099,0.158214
13124475,0.779076,0.020751,-0.605801,0.160048
13132808,0.785217,0.023395,-0.597161,0.162132
13141141,0.791378,0.025191,-0.588771,0.162589
13149474,0.797046,0.027525,-0.580638,0.163767
13157807,0.802240,0.030910,-0.572967,0.164816
13166140,0.806287,0.035340,-0.566506,0.166503
13174473,0.809253,0.041235,-0.561521,0.167640
13182806,0.811015,0.047737,-0.557883,0.169534
13191139,0.811878,0.055612,-0.555480,0.170887
13199472,0.811836,0.063923,-0.554023,0.172900
13207805,0.811008,0.073067,-0.553421,0.175080
13216138,0.809970,0.081535,-0.552912,0.177730
13224471,0.808505,0.089298,-0.552977,0.180451
13232804,0.806850,0.096008,-0.553149,0.183855
13241137,0.804785,0.102905,-0.553613,0.187737
13249470,0.802572,0.109491,-0.553989,0.192320
13257803,0.799777,0.116040,-0.554520,0.198494
13266136,0.796891,0.121890,-0.555097,0.204877
13274469,0.793884,0.127775,-0.555646,0.211376
13282802,0.791216,0.132267,-0.555935,0.217761
13291135,0.788914,0.136747,-0.555702,0.223851
13299468,0.786790,0.140623,-0.555356,0.229709
13307801,0.785095,0.143724,-0.554776,0.234931
13316134,0.783886,0.145724,-0.554352,0.238707
13324467,0.783170,0.147376,-0.553458,0.242093
13332800,0.783420,0.147902,-0.552209,0.243809
13341133,0.784219,0.146942,-0.550981,0.244601
13349466,0.785354,0.146262,-0.549404,0.244912
13357799,0.786558,0.145538,-0.548001,0.244622
13366132,0.787927,0.143626,-0.546845,0.243931
13374465,0.789245,0.142469,-0.545752,0.242795
13382798,0.790477,0.141133,-0.544883,0.241517
13391131,0.791670,0.140336,-0.543958,0.240154
13399464,0.792908,0.140181,-0.542913,0.238521
13407797,0.794187,0.139742,-0.541946,0.236713
13416130,0.795480,0.140025,-0.540834,0.234741
13424463,0.796810,0.139732,-0.539776,0.232831
13432796,0.798216,0.139924,-0.538580,0.230662
13441129,0.799301,0.140989,-0.537217,0.229431
13449462,0.800455,0.141098,-0.536225,0.227653
13457795,0.801479,0.141279,-0.535505,0.225624
13466128,0.802422,0.141636,-0.534778,0.223767
13474461,0.803196,0.141662,-0.534261,0.222201
13482794,0.803864,0.141941,-0.533844,0.220604
13491127,0.804448,0.142092,-0.533489,0.219230
13499460,0.804871,0.142082,-0.533382,0.217943
13507793,0.805179,0.141491,-0.533530,0.216826
13516126,0.805361,0.140968,-0.533870,0.215650
13524459,0.805452,0.140330,-0.534256,0.214769
13532792,0.805520,0.139232,-0.534897,0.213629
13541125,0.805449,0.138230,-0.535642,0.212680
13549458,0.805337,0.137321,-0.536421,0.211725
13557791,0.805114,0.136572,-0.537183,0.211125
13566124,0.804776,0.135674,-0.538109,0.210634
13574457,0.804465,0.134678,-0.539194,0.209684
13582790,0.804039,0.134022,-0.540093,0.209427
13591123,0.803445,0.133619,-0.541009,0.209599
13599456,0.802682,0.133359,-0.542048,0.210002
13607789,0.801740,0.133465,-0.543123,0.210756
13616122,0.800783,0.132984,-0.544410,0.211375
13624455,0.799872,0.132882,-0.545611,0.211791
13632788,0.798855,0.133394,-0.546596,0.212768
13641121,0.797831,0.133528,-0.547658,0.213790
13649454,0.796828,0.133516,-0.548717,0.214821
13657787,0.795817,0.133295,-0.549784,0.215978
13666120,0.794791,0.133268,-0.550745,0.217316
13674453,0.793840,0.132997,-0.551696,0.218543
13682786,0.792854,0.132192,-0.552894,0.219582
13691119,0.791984,0.131261,-0.554153,0.220103
13699452,0.791195,0.129805,-0.555461,0.220508
13707785,0.790577,0.128272,-0.556652,0.220619
13716118,0.790011,0.126913,-0.557569,0.221114
13724451,0.789454,0.125349,-0.558600,0.221395
13732784,0.788922,0.123876,-0.559324,0.222291
13741117,0.788878,0.122205,-0.560369,0.220735
13749450,0.788875,0.119429,-0.561739,0.218773
13757783,0.788726,0.117692,-0.562795,0.217535
13766116,0.788107,0.115837,-0.563793,0.218189
13774449,0.787562,0.114484,-0.564857,0.218118
13782782,0.786973,0.113439,-0.565991,0.217850
13791115,0.786194,0.112906,-0.567318,0.217488
13799448,0.785415,0.112453,-0.568627,0.217120
13807781,0.784750,0.112488,-0.569785,0.216468
13816114,0.784022,0.112173,-0.570969,0.216151
13824447,0.783242,0.112010,-0.572295,0.215555
13832780,0.782375,0.112043,-0.573411,0.215721
13841113,0.781721,0.112559,-0.574392,0.215213
13849446,0.781081,0.113452,-0.575278,0.214701
13857779,0.780376,0.114104,-0.576188,0.214476
13866112,0.779551,0.114607,-0.577242,0.214375
13874445,0.778704,0.115036,-0.578472,0.213908
13882778,0.777675,0.115056,-0.579751,0.214179
13891111,0.776687,0.115175,-0.581017,0.214270
13899444,0.775669,0.115460,-0.582255,0.214442
13907777,0.774670,0.114858,-0.583621,0.214663
13916110,0.773716,0.114333,-0.584877,0.214969
13924443,0.772890,0.113243,-0.586044,0.215335
13932776,0.771967,0.112442,-0.587217,0.215868
13941109,0.771019,0.111638,-0.588473,0.216257
13949442,0.770225,0.110205,-0.589671,0.216558
13957775,0.769423,0.109228,-0.590784,0.216871
13966108,0.768581,0.107763,-0.591998,0.217276
13974441,0.767779,0.106633,-0.593133,0.217572
13982774,0.766926,0.105968,-0.594230,0.217912
13991107,0.765960,0.105633,-0.595365,0.218375
13999440,0.765276,0.105892,-0.596104,0.218634
14007773,0.764513,0.105265,-0.597068,0.218973
14016106,0.763833,0.104941,-0.597912,0.219195
14024439,0.763207,0.105552,-0.598614,0.219169
14032772,0.762842,0.106070,-0.599134,0.218768
14041105,0.762493,0.106546,-0.599592,0.218499
14049438,0.762147,0.106993,-0.600043,0.218249
14057771,0.761653,0.107201,-0.600519,0.218562
14066104,0.761229,0.107540,-0.601052,0.218406
14074437,0.761069,0.107992,-0.601352,0.217917
14082770,0.760836,0.108347,-0.601588,0.217902
14091103,0.760671,0.108600,-0.601812,0.217734
14099436,0.760652,0.109008,-0.601824,0.217562
14107769,0.760672,0.109550,-0.601785,0.217331
14116102,0.760520,0.109725,-0.601796,0.217741
14124435,0.760475,0.109908,-0.601717,0.218025
14132768,0.760492,0.110479,-0.601525,0.218207
14141101,0.760561,0.111183,-0.601257,0.218346
14149434,0.760542,0.111901,-0.600986,0.218790
14157767,0.760296,0.112252,-0.600870,0.219784
14166100,0.760103,0.112749,-0.600677,0.220721
14174433,0.759930,0.112647,-0.600549,0.221716
14182766,0.759869,0.113024,-0.600217,0.222630
14191099,0.759694,0.113305,-0.599869,0.224018
14199432,0.759616,0.113534,-0.599700,0.224619
14207765,0.759546,0.114011,-0.599329,0.225599
14216098,0.759479,0.114254,-0.598992,0.226596
14224431,0.759510,0.114349,-0.598601,0.227476
14232764,0.759586,0.114795,-0.598225,0.227989
14241097,0.759540,0.114986,-0.597869,0.228976
14249430,0.759500,0.115062,-0.597478,0.230088
14257763,0.759479,0.114111,-0.597555,0.230429
14266096,0.759613,0.113759,-0.597304,0.230814
14274429,0.759798,0.113532,-0.596926,0.231293
14282762,0.759993,0.113219,-0.596561,0.231750
14291095,0.760264,0.112704,-0.596157,0.232149
14299428,0.760397,0.111932,-0.595950,0.232619
14307761,0.760651,0.111841,-0.595377,0.233299
14316094,0.760960,0.111689,-0.594910,0.233554
14324427,0.761246,0.110910,-0.594698,0.233533
14332760,0.761603,0.110736,-0.594213,0.233686
14341093,0.762065,0.110975,-0.593445,0.234017
14349426,0.762461,0.109856,-0.593288,0.233654
14357759,0.762918,0.109451,-0.592776,0.233652
14366092,0.763309,0.109579,-0.592053,0.234149
14374425,0.763674,0.109208,-0.591753,0.233889
14382758,0.764034,0.109089,-0.591402,0.233657
14391091,0.764388,0.108539,-0.591188,0.233297
14399424,0.764761,0.108177,-0.590807,0.233206
14407757,0.765134,0.108200,-0.590206,0.233494
14416090,0.765543,0.108220,-0.589552,0.233799
14424423,0.765862,0.107259,-0.589375,0.233640
14432756,0.766108,0.106592,-0.589215,0.233544
14441089,0.766372,0.106993,-0.588713,0.233758
14449422,0.766543,0.107204,-0.588224,0.234331
14457755,0.766660,0.106358,-0.588308,0.234122
14466088,0.766794,0.105835,-0.588314,0.233906
14474421,0.766990,0.105362,-0.588189,0.233795
14482754,0.767129,0.105576,-0.587908,0.233949
14491087,0.767126,0.105637,-0.587838,0.234104
14499420,0.767200,0.105713,-0.587668,0.234255
14507753,0.767210,0.105320,-0.587714,0.234284
14516086,0.767232,0.105086,-0.587672,0.234421
14524419,0.767247,0.105056,-0.587589,0.234596
14532752,0.767258,0.104348,-0.587677,0.234655
14541085,0.767320,0.103861,-0.587648,0.234740
14549418,0.767363,0.104627,-0.587131,0.235551
14557751,0.767380,0.104575,-0.586961,0.235943
14566084,0.767466,0.104417,-0.586891,0.235907
14574417,0.767540,0.103600,-0.587169,0.235333
14582750,0.767635,0.102847,-0.587356,0.234887
14591083,0.767688,0.102896,-0.587292,0.234853
14599416,0.767752,0.102753,-0.587264,0.234776
14607749,0.767735,0.102668,-0.587300,0.234778
14616082,0.767771,0.102679,-0.587302,0.234650
14624415,0.767791,0.102984,-0.587134,0.234871
14632748,0.767848,0.102917,-0.587096,0.234813
14641081,0.767896,0.102905,-0.587119,0.234602
14649414,0.768016,0.103199,-0.586961,0.234475
14657747,0.768119,0.104017,-0.586693,0.234448
14666080,0.768166,0.104554,-0.586650,0.234159
14674413,0.768211,0.104634,-0.586700,0.233853
14682746,0.768204,0.105085,-0.586682,0.233719
14691079,0.768177,0.105972,-0.586580,0.233664
14699412,0.768166,0.106551,-0.586538,0.233540
14707745,0.768071,0.107458,-0.586463,0.233628
14716078,0.767968,0.108216,-0.586536,0.233431
14724411,0.767854,0.108958,-0.586510,0.233524
14732744,0.767668,0.109639,-0.586573,0.233660
14741077,0.767538,0.110004,-0.586631,0.233769
14749410,0.767431,0.110744,-0.586564,0.233940
14757743,0.767335,0.111495,-0.586565,0.233895
14766076,0.767203,0.112123,-0.586589,0.233969
14774409,0.767106,0.113590,-0.586194,0.234569
14782742,0.767048,0.114569,-0.586033,0.234684
14791075,0.766953,0.114737,-0.586230,0.234421
14799408,0.766868,0.115193,-0.586252,0.234419
14807741,0.766800,0.116226,-0.585943,0.234903
14816074,0.766745,0.116917,-0.585827,0.235030
14824407,0.766612,0.117439,-0.585870,0.235097
14832740,0.766505,0.117565,-0.585970,0.235134
14841073,0.766254,0.118415,-0.585936,0.235611
14849406,0.766130,0.118802,-0.585909,0.235884
14857739,0.766058,0.119009,-0.585898,0.236043
14866072,0.765834,0.119305,-0.585978,0.236419
14874405,0.765699,0.118733,-0.586299,0.236350
14882738,0.765683,0.118185,-0.586412,0.236397
14891071,0.765682,0.118054,-0.586390,0.236518
14899404,0.765581,0.118703,-0.586010,0.237461
14907737,0.765455,0.119138,-0.585835,0.238080
14916070,0.765212,0.119112,-0.585894,0.238727
14924403,0.764981,0.118833,-0.586111,0.239074
14932736,0.764775,0.118338,-0.586272,0.239583
14941069,0.764608,0.118809,-0.585985,0.240586
14949402,0.764426,0.118585,-0.586105,0.240979
14957735,0.764216,0.118733,-0.585972,0.241896
14966068,0.763996,0.118409,-0.586037,0.242588
14974401,0.763763,0.118353,-0.586067,0.243278
14982734,0.763522,0.118213,-0.586139,0.243927
14991067,0.763259,0.118063,-0.586233,0.244598
14999400,0.762978,0.118295,-0.586125,0.245618
15007733,0.762724,0.118565,-0.586007,0.246556
15016066,0.762455,0.118899,-0.585867,0.247559
15024399,0.762178,0.119520,-0.585660,0.248602
15032732,0.761806,0.119689,-0.585681,0.249609
15041065,0.761564,0.118930,-0.585793,0.250444
15049398,0.761278,0.118816,-0.585762,0.251439
15057731,0.761040,0.117858,-0.586149,0.251707
15066064,0.760853,0.117591,-0.586155,0.252383
15074397,0.760724,0.118675,-0.585650,0.253434
15082730,0.760661,0.118612,-0.585387,0.254259
15091063,0.760596,0.119029,-0.584872,0.255443
15099396,0.760560,0.119299,-0.584452,0.256381
15107729,0.760564,0.119198,-0.584192,0.257009
15116062,0.760614,0.118256,-0.584316,0.257016
15124395,0.760577,0.116992,-0.584522,0.257235
15132728,0.760588,0.116792,-0.584324,0.257742
15141061,0.760593,0.117418,-0.583827,0.258567
15149394,0.760601,0.117092,-0.583866,0.258604
15157727,0.760595,0.116995,-0.583595,0.259275
15166060,0.760688,0.116992,-0.583198,0.259897
15174393,0.760844,0.116697,-0.583065,0.259872
15182726,0.760990,0.116269,-0.582925,0.259951
15191059,0.761136,0.115756,-0.582807,0.260016
15199392,0.761238,0.114990,-0.582802,0.260070
15207725,0.761329,0.114344,-0.582772,0.260155
15216058,0.761422,0.115555,-0.581863,0.261378
15224391,0.761531,0.115650,-0.581501,0.261824
15232724,0.761641,0.115006,-0.581372,0.262075
15241057,0.761845,0.114154,-0.581252,0.262121
15249390,0.762091,0.113269,-0.581152,0.262011
15257723,0.762362,0.112896,-0.580833,0.262091
15266056,0.762685,0.112382,-0.580630,0.261822
15274389,0.763025,0.111744,-0.580439,0.261528
15282722,0.763347,0.111186,-0.580251,0.261242
15291055,0.763624,0.110793,-0.579976,0.261211
15299388,0.763933,0.110412,-0.579771,0.260925
15307721,0.764285,0.110100,-0.579529,0.260562
15316054,0.764725,0.110231,-0.579078,0.260218
15324387,0.765012,0.109255,-0.578986,0.259989
15332720,0.765435,0.108700,-0.578747,0.259509
15341053,0.765897,0.108236,-0.578411,0.259089
15349386,0.766436,0.107875,-0.577949,0.258678
15357719,0.767009,0.107709,-0.577425,0.258218
15366052,0.767599,0.107324,-0.576869,0.257865
15374385,0.768115,0.106943,-0.576432,0.257467
15382718,0.768687,0.107519,-0.575734,0.257080
15391051,0.769182,0.107618,-0.575167,0.256827
15399384,0.769669,0.107405,-0.574750,0.256391
15407717,0.770081,0.107579,-0.574255,0.256191
15416050,0.770566,0.107543,-0.573834,0.255689
15424383,0.770825,0.107349,-0.573558,0.255610
15432716,0.771204,0.107549,-0.573085,0.255444
15441049,0.771502,0.105612,-0.573536,0.254339
15449382,0.771884,0.105580,-0.573216,0.253910
15457715,0.772291,0.105575,-0.572869,0.253458
15466048,0.772742,0.107597,-0.571597,0.254105
15474381,0.773111,0.108442,-0.570949,0.254081
15482714,0.773429,0.108559,-0.570634,0.253770
15491047,0.773714,0.108786,-0.570359,0.253421
15499380,0.773913,0.109597,-0.570046,0.253167
15507713,0.774185,0.109951,-0.569713,0.252935
15516046,0.774453,0.110428,-0.569367,0.252683
15524379,0.774674,0.110747,-0.569112,0.252442
15532712,0.774920,0.110910,-0.568853,0.252197
15541045,0.775180,0.110623,-0.568699,0.251873
15549378,0.775451,0.110957,-0.568398,0.251573
15557711,0.775771,0.110711,-0.568226,0.251082
15566044,0.776072,0.110835,-0.568042,0.250513
15574377,0.776215,0.111257,-0.567866,0.250280
15582710,0.776373,0.111321,-0.567805,0.249900
15591043,0.776543,0.110814,-0.567840,0.249518
15599376,0.776711,0.111168,-0.567664,0.249235
15607709,0.776882,0.111161,-0.567632,0.248780
15616042,0.777046,0.111395,-0.567454,0.248569
15624375,0.777163,0.111307,-0.567411,0.248342
15632708,0.777229,0.111620,-0.567269,0.248317
15641041,0.777390,0.111802,-0.567119,0.248075
15649374,0.777459,0.112216,-0.567010,0.247922
15657707,0.777573,0.112468,-0.566926,0.247641
15666040,0.777699,0.112731,-0.566761,0.247504
15674373,0.777859,0.113243,-0.566575,0.247193
15682706,0.777934,0.113577,-0.566483,0.247015
15691039,0.777945,0.114222,-0.566338,0.247016
15699372,0.777866,0.114756,-0.566292,0.247119
15707705,0.777927,0.115375,-0.566071,0.247146
15716038,0.777663,0.116237,-0.566107,0.247491
15724371,0.777649,0.116959,-0.565914,0.247637
15732704,0.777393,0.117886,-0.565879,0.248081
15741037,0.777257,0.118840,-0.565699,0.248461
15749370,0.777084,0.119669,-0.565570,0.248898
15757703,0.776805,0.121045,-0.565360,0.249581
15766036,0.776462,0.121816,-0.565402,0.250175
15774369,0.776181,0.122969,-0.565208,0.250922
15782702,0.775963,0.123992,-0.565110,0.251312
15791035,0.775725,0.124977,-0.564985,0.251840
15799368,0.775458,0.124879,-0.565228,0.252166
15807701,0.775346,0.125486,-0.565174,0.252330
15816034,0.775163,0.126210,-0.565109,0.252676
15824367,0.774981,0.126819,-0.565050,0.253063
15832700,0.774853,0.127134,-0.565021,0.253361
15841033,0.774740,0.127099,-0.565135,0.253467
15849366,0.774596,0.127416,-0.565186,0.253637
15857699,0.774553,0.127562,-0.565192,0.253680
15866032,0.774538,0.127747,-0.565150,0.253728
15874365,0.774523,0.128038,-0.565138,0.253653
15882698,0.774458,0.128248,-0.565190,0.253630
15891031,0.774447,0.128271,-0.565303,0.253400
15899364,0.774417,0.128534,-0.565400,0.253141
15907697,0.774392,0.128655,-0.565503,0.252925
15916030,0.774353,0.128991,-0.565578,0.252706
15924363,0.774325,0.129171,-0.565683,0.252467
15932696,0.774278,0.129521,-0.565659,0.252482
15941029,0.774235,0.129871,-0.565759,0.252210
15949362,0.774133,0.130096,-0.565908,0.252073
15957695,0.774048,0.130013,-0.566099,0.251949
15966028,0.774008,0.130141,-0.566218,0.251739
15974361,0.773894,0.130562,-0.566382,0.251503
15982694,0.773842,0.130702,-0.566526,0.251266
15991027,0.773875,0.130662,-0.566625,0.250962
15999360,0.773847,0.130564,-0.566778,0.250753
16007693,0.773803,0.130612,-0.566888,0.250615
16016026,0.773750,0.130660,-0.567011,0.250476
16024359,0.773742,0.130622,-0.567134,0.250239
16032692,0.773754,0.130841,-0.567136,0.250082
16041025,0.773729,0.130924,-0.567204,0.249964
16049358,0.773690,0.130760,-0.567319,0.249909
16057691,0.773659,0.131088,-0.567334,0.249801
16066023,0.773665,0.131051,-0.567367,0.249726
16074357,0.773706,0.131045,-0.567349,0.249643
16082690,0.773765,0.131408,-0.567163,0.249691
16091023,0.773822,0.131682,-0.566994,0.249755
16099356,0.773829,0.131828,-0.566905,0.249857
16107689,0.773852,0.132314,-0.566729,0.249928
16116022,0.773873,0.132523,-0.566627,0.249984
16124355,0.773872,0.132743,-0.566484,0.250193
16132688,0.773956,0.133191,-0.566226,0.250279
16141020,0.774032,0.133384,-0.566074,0.250287
16149353,0.774152,0.133493,-0.565912,0.250225
16157687,0.774259,0.133759,-0.565611,0.250432
16166020,0.774457,0.133799,-0.565339,0.250411
16174353,0.774636,0.133483,-0.565293,0.250129
16182686,0.774719,0.133993,-0.565010,0.250241
16191019,0.774836,0.133933,-0.564891,0.250178
16199352,0.774933,0.133427,-0.564839,0.250265
16207685,0.775115,0.133520,-0.564609,0.250173
16216018,0.775395,0.133565,-0.564302,0.249971
16224350,0.775627,0.133035,-0.564253,0.249646
16232683,0.775823,0.132334,-0.564168,0.249601
16241017,0.775999,0.132091,-0.563976,0.249619
16249350,0.776224,0.131632,-0.563806,0.249545
16257683,0.776562,0.129704,-0.564012,0.249037
16266016,0.776810,0.128862,-0.563936,0.248872
16274349,0.777063,0.127723,-0.564018,0.248484
16282682,0.777296,0.127071,-0.563957,0.248228
16291015,0.777501,0.126011,-0.564084,0.247837
16299348,0.777654,0.125001,-0.564249,0.247491
16307680,0.777776,0.123687,-0.564500,0.247195
16316014,0.777965,0.122539,-0.564699,0.246718
16324347,0.778168,0.121015,-0.564940,0.246278
16332680,0.778450,0.119556,-0.565116,0.245695
16341013,0.778661,0.117843,-0.565393,0.245216
16349346,0.778847,0.116485,-0.565669,0.244637
16357679,0.779086,0.114781,-0.565925,0.244091
16366012,0.779309,0.113402,-0.566231,0.243312
16374345,0.779450,0.111662,-0.566577,0.242856
16382677,0.779585,0.110344,-0.566918,0.242230
16391010,0.779793,0.109083,-0.567156,0.241576
16399344,0.780014,0.107314,-0.567531,0.240772
16407677,0.780230,0.105404,-0.567991,0.239827
16416010,0.780558,0.104282,-0.567963,0.239318
16424343,0.780814,0.103490,-0.568195,0.238272
16432676,0.780942,0.102290,-0.568453,0.237757
16441009,0.781088,0.101124,-0.568728,0.237116
16449342,-0.781272,-0.100157,0.569014,-0.236232
16457675,-0.781497,-0.099636,0.569198,-0.235265
16466007,-0.781641,-0.099112,0.569348,-0.234643
16474340,-0.781780,-0.098884,0.569464,-0.233992
16482674,-0.781994,-0.098559,0.569528,-0.233257
16491007,-0.782190,-0.098386,0.569536,-0.232654
16499340,-0.782494,-0.098377,0.569475,-0.231781
16507673,-0.782636,-0.098549,0.569402,-0.231408
16516006,-0.782782,-0.098918,0.569249,-0.231134
16524339,-0.782929,-0.099193,0.569109,-0.230865
16532672,-0.783037,-0.099541,0.569016,-0.230574
16541005,-0.783110,-0.100583,0.568749,-0.230534
16549337,-0.783161,-0.101495,0.568574,-0.230394
16557671,-0.783228,-0.102542,0.568275,-0.230441
16566004,-0.783264,-0.103538,0.568063,-0.230397
16574337,-0.783254,-0.104757,0.567710,-0.230748
16582670,-0.783212,-0.105801,0.567404,-0.231166
16591003,-0.783223,-0.106958,0.567010,-0.231563
16599336,0.783059,0.108102,-0.566620,0.232540
16607669,0.782991,0.110102,-0.566106,0.233079
16616002,0.782833,0.112756,-0.565232,0.234459
16624334,0.782548,0.114921,-0.564618,0.235834
16632667,0.782310,0.116968,-0.564126,0.236793
16641001,0.782057,0.119411,-0.563472,0.237963
16649334,0.781774,0.121932,-0.562851,0.239083
16657667,0.781414,0.123884,-0.562405,0.240301
16666000,0.781008,0.125745,-0.561856,0.241936
16674333,0.780732,0.128130,-0.561182,0.243137
16682666,0.780430,0.130376,-0.560495,0.244491
16690999,0.780261,0.133072,-0.559520,0.245808
16699332,0.780001,0.135401,-0.558777,0.247049
16707664,0.779690,0.137653,-0.558077,0.248364
16715997,0.779273,0.139910,-0.557516,0.249669
16724331,0.778892,0.141684,-0.557041,0.250914
16732664,0.778650,0.143727,-0.556338,0.252061
16740997,0.778326,0.145929,-0.555575,0.253474
16749330,0.778061,0.147860,-0.554960,0.254517
16757663,0.777691,0.149786,-0.554439,0.255655
16765996,0.777425,0.151319,-0.553900,0.256725
16774329,0.777197,0.153297,-0.553176,0.257801
16782662,0.777034,0.154663,-0.552698,0.258499
16790995,0.776783,0.156515,-0.552014,0.259598
16799328,0.776595,0.157787,-0.551620,0.260229
16807661,0.776453,0.158574,-0.551376,0.260690
16815994,0.776243,0.159782,-0.550911,0.261560
16824327,0.776080,0.160666,-0.550670,0.262010
16832660,0.775898,0.161419,-0.550476,0.262494
16840993,0.775587,0.162947,-0.550000,0.263464
16849326,0.775432,0.163036,-0.550067,0.263726
16857659,0.775129,0.164154,-0.549705,0.264674
16865992,0.775020,0.164601,-0.549504,0.265135
16874325,0.774927,0.164608,-0.549488,0.265432
16882658,0.774694,0.164728,-0.549619,0.265768
16890991,0.774589,0.164462,-0.549754,0.265960
16899324,0.774563,0.164128,-0.549895,0.265950
16907657,0.774514,0.163733,-0.550095,0.265925
16915990,0.774442,0.163120,-0.550354,0.265975
16924323,0.774489,0.162162,-0.550637,0.265837
16932656,0.774443,0.161358,-0.551002,0.265704
16940989,0.774511,0.159738,-0.551694,0.265048
16949322,0.774407,0.159375,-0.551856,0.265234
16957655,0.774374,0.158173,-0.552445,0.264820
16965988,0.774366,0.156881,-0.552977,0.264505
16974321,0.774370,0.155602,-0.553450,0.264256
16982654,0.774365,0.154535,-0.553879,0.263999
16990987,0.774326,0.153797,-0.554204,0.263863
16999320,0.774289,0.152774,-0.554534,0.263871
17007653,0.774238,0.151671,-0.554972,0.263736
17015986,0.774184,0.150510,-0.555448,0.263559
17024319,0.774067,0.149576,-0.555712,0.263879
17032652,0.773967,0.148847,-0.556042,0.263887
17040985,0.773920,0.148769,-0.556156,0.263829
17049318,0.773794,0.146232,-0.557137,0.263547
17057651,0.773673,0.144489,-0.557757,0.263554
17065984,0.773610,0.143814,-0.558032,0.263526
17074317,0.773468,0.142857,-0.558420,0.263641
17082650,0.773381,0.141879,-0.558785,0.263652
17090983,0.773269,0.140986,-0.559152,0.263680
17099316,0.773153,0.139961,-0.559537,0.263750
17107649,0.773008,0.139077,-0.559904,0.263863
17115982,0.772925,0.138068,-0.560144,0.264126
17124315,0.772838,0.137187,-0.560419,0.264257
17132648,0.772716,0.136304,-0.560767,0.264334
17140981,0.772564,0.135528,-0.561138,0.264388
17149314,0.772435,0.134822,-0.561471,0.264419
17157647,0.772309,0.134371,-0.561711,0.264508
17165980,0.772250,0.133888,-0.561882,0.264563
17174313,0.772082,0.133389,-0.562146,0.264743
17182646,0.771976,0.132431,-0.562503,0.264773
17190979,0.771929,0.131631,-0.562744,0.264797
17199312,0.771765,0.130901,-0.563044,0.265000
17207645,0.771668,0.130084,-0.563328,0.265081
17215978,0.771550,0.129262,-0.563652,0.265138
17224311,0.771401,0.128437,-0.563976,0.265283
17232644,-0.771259,-0.127880,0.564237,-0.265409
17240977,-0.771068,-0.126686,0.564678,-0.265600
17249310,-0.770849,-0.125563,0.565161,-0.265742
17257643,-0.770711,-0.124972,0.565351,-0.266014
17265976,-0.770570,-0.123999,0.565717,-0.266102
17274309,-0.770405,-0.122841,0.566163,-0.266169
17282642,-0.770219,-0.122210,0.566341,-0.266618
17290975,-0.770004,-0.121608,0.566613,-0.266934
17299308,-0.769759,-0.120930,0.567006,-0.267117
17307641,-0.769467,-0.120014,0.567591,-0.267129
17315974,-0.769227,-0.119195,0.568030,-0.267253
17324307,-0.769008,-0.118403,0.568376,-0.267499
17332640,-0.768869,-0.118271,0.568455,-0.267788
17340973,-0.768724,-0.117248,0.568883,-0.267748
17349306,-0.768596,-0.117026,0.569050,-0.267859
17357639,-0.768464,-0.116406,0.569429,-0.267701
17365972,-0.768305,-0.115581,0.569775,-0.267778
17374305,-0.768268,-0.115022,0.569999,-0.267649
17382638,-0.768172,-0.114277,0.570318,-0.267563
17390971,-0.768015,-0.113217,0.570790,-0.267458
17399304,-0.767848,-0.112652,0.571151,-0.267406
17407637,-0.767778,-0.112131,0.571467,-0.267149
17415970,-0.767794,-0.111548,0.571711,-0.266825
17424303,-0.767798,-0.110400,0.572085,-0.266489
17432636,-0.767845,-0.109364,0.572428,-0.266044
17440969,-0.767839,-0.107808,0.572899,-0.265685
17449302,-0.767846,-0.107022,0.573304,-0.265106
17457635,-0.767839,-0.106404,0.573611,-0.264711
17465968,-0.767815,-0.105638,0.574049,-0.264136
17474301,-0.767782,-0.104244,0.574604,-0.263580
17482634,-0.767747,-0.103380,0.574928,-0.263314
17490967,-0.767678,-0.102388,0.575403,-0.262866
17499300,-0.767619,-0.101782,0.575810,-0.262383
17507633,-0.767610,-0.100778,0.576275,-0.261775
17515966,-0.767565,-0.099864,0.576743,-0.261225
17524299,-0.767458,-0.099757,0.577104,-0.260782
17532632,-0.767402,-0.099739,0.577345,-0.260420
17540965,-0.767369,-0.099017,0.577733,-0.259931
17549298,-0.767319,-0.098330,0.578166,-0.259378
17557631,-0.767303,-0.097335,0.578608,-0.258814
17565964,-0.767323,-0.096887,0.578916,-0.258233
17574297,-0.767304,-0.095929,0.579406,-0.257547
17582630,-0.767305,-0.094731,0.579950,-0.256764
17590963,-0.767338,-0.094042,0.580287,-0.256156
17599296,-0.767378,-0.093524,0.580570,-0.255585
17607629,-0.767490,-0.092862,0.580890,-0.254760
17615962,-0.767471,-0.092094,0.581345,-0.254058
17624295,-0.767432,-0.091310,0.581764,-0.253500
17632628,-0.767456,-0.090589,0.582126,-0.252853
17640961,-0.767444,-0.089326,0.582589,-0.252271
17649294,-0.767437,-0.088768,0.582820,-0.251957
17657627,-0.767565,-0.088334,0.583030,-0.251231
17665960,-0.767543,-0.087591,0.583345,-0.250827
17674293,-0.767584,-0.087290,0.583503,-0.250440
17682626,-0.767579,-0.086935,0.583677,-0.250172
17690959,-0.767597,-0.086722,0.583887,-0.249698
17699292,-0.767640,-0.087023,0.583918,-0.249390
17707625,-0.767601,-0.086375,0.584261,-0.248933
17715958,-0.767599,-0.086348,0.584359,-0.248720
17724291,-0.767532,-0.086506,0.584333,-0.248932
17732624,-0.767459,-0.086251,0.584587,-0.248649
17740957,-0.767397,-0.086263,0.584693,-0.248586
17749290,-0.767327,-0.086357,0.584691,-0.248773
17757623,-0.767220,-0.086217,0.584843,-0.248796
17765956,-0.767113,-0.086352,0.584886,-0.248975
17774289,-0.767030,-0.086577,0.584882,-0.249164
17782622,-0.766912,-0.086821,0.584925,-0.249341
17790955,-0.766776,-0.087134,0.584865,-0.249790
17799288,-0.766675,-0.087544,0.584798,-0.250114
17807621,-0.766607,-0.088323,0.584581,-0.250555
17815954,-0.766482,-0.089159,0.584414,-0.251029
17824287,-0.766340,-0.090272,0.583918,-0.252218
17832620,-0.766219,-0.091088,0.583685,-0.252829
17840953,-0.766071,-0.091774,0.583536,-0.253376
17849286,-0.765956,-0.091689,0.583621,-0.253556
17857619,-0.765773,-0.092317,0.583470,-0.254228
17865952,-0.765707,-0.093263,0.583125,-0.254874
17874285,-0.765607,-0.092239,0.583824,-0.253943
17882618,-0.765687,-0.093906,0.583024,-0.254929
17890951,-0.765645,-0.095393,0.582420,-0.255880
17899284,-0.765489,-0.096195,0.582231,-0.256477
17907617,-0.765553,-0.096893,0.581944,-0.256674
17915950,-0.765446,-0.097303,0.581813,-0.257134
17924283,-0.765591,-0.097882,0.581523,-0.257139
17932616,-0.765469,-0.098291,0.581426,-0.257563
17940949,-0.765464,-0.098752,0.581291,-0.257708
17949282,-0.765463,-0.098863,0.581238,-0.257787
17957615,-0.765460,-0.098926,0.581190,-0.257880
17965948,-0.765483,-0.099104,0.581107,-0.257932
17974281,-0.765574,-0.099742,0.580952,-0.257765
17982614,-0.765667,-0.099966,0.580844,-0.257645
17990947,-0.765641,-0.099920,0.580877,-0.257666
17999280,-0.765719,-0.100114,0.580864,-0.257387
18007613,-0.765731,-0.100390,0.580880,-0.257208
18015946,-0.765771,-0.100270,0.580910,-0.257069
18024279,-0.765830,-0.100180,0.580956,-0.256822
18032612,-0.766131,-0.099860,0.580792,-0.256420
18040945,-0.766277,-0.099938,0.580662,-0.256248
18049278,-0.766212,-0.100279,0.580725,-0.256168
18057611,-0.766194,-0.100456,0.580765,-0.256063
18065944,-0.766254,-0.100844,0.580641,-0.256009
18074277,-0.766320,-0.100665,0.580629,-0.255909
18082610,-0.766450,-0.100853,0.580478,-0.255790
18090943,-0.766635,-0.100585,0.580394,-0.255532
18099276,-0.766614,-0.100994,0.580329,-0.255582
18107609,-0.766677,-0.101049,0.580256,-0.255535
18115942,-0.766683,-0.100925,0.580237,-0.255607
18124275,-0.766881,-0.101071,0.579968,-0.255569
18132608,-0.766858,-0.101481,0.579826,-0.255797
18140941,-0.767009,-0.101305,0.579663,-0.255783
18149274,-0.766996,-0.101529,0.579587,-0.255908
18157607,-0.767167,-0.102027,0.579232,-0.255999
18165940,-0.767201,-0.102640,0.578983,-0.256216
18174273,-0.767234,-0.102939,0.578822,-0.256360
18182606,-0.767298,-0.102950,0.578694,-0.256455
18190939,-0.767492,-0.103381,0.578346,-0.256485
18199272,-0.767683,-0.103509,0.578065,-0.256497
18207605,-0.767711,-0.104071,0.577712,-0.256978
18215938,-0.767971,-0.104361,0.577373,-0.256844
18224271,-0.768174,-0.104386,0.577039,-0.256981
18232604,-0.768379,-0.104215,0.576758,-0.257065
18240937,-0.768624,-0.104408,0.576434,-0.256985
18249270,-0.768796,-0.104623,0.576191,-0.256926
18257603,-0.768944,-0.104738,0.575797,-0.257319
18265936,-0.769136,-0.104625,0.575494,-0.257466
18274269,-0.769330,-0.104861,0.575126,-0.257613
18282602,-0.769567,-0.105431,0.574675,-0.257682
18290935,-0.769778,-0.105761,0.574345,-0.257651
18299268,-0.769942,-0.105352,0.574198,-0.257657
18307601,-0.770130,-0.105215,0.573919,-0.257773
18315934,-0.770410,-0.105644,0.573576,-0.257526
18324267,-0.770513,-0.105249,0.573392,-0.257785
18332600,-0.770768,-0.105626,0.573065,-0.257598
18340933,-0.770900,-0.105090,0.572919,-0.257745
18349266,-0.771081,-0.104591,0.572791,-0.257694
18357599,-0.771365,-0.104617,0.572333,-0.257848
18365932,-0.771588,-0.104693,0.572001,-0.257887
18374265,-0.771912,-0.104785,0.571619,-0.257728
18382598,-0.772096,-0.104611,0.571387,-0.257762
18390931,-0.772377,-0.104796,0.570945,-0.257822
18399264,-0.772617,-0.104776,0.570687,-0.257683
18407597,-0.772790,-0.104824,0.570402,-0.257776
18415930,-0.773029,-0.105071,0.570032,-0.257777
18424263,-0.773351,-0.105321,0.569523,-0.257835
18432596,-0.773651,-0.105615,0.569103,-0.257743
18440929,-0.773938,-0.105697,0.568673,-0.257796
18449262,-0.774298,-0.106199,0.568095,-0.257783
18457595,-0.774569,-0.106298,0.567713,-0.257772
18465928,-0.774885,-0.106587,0.567204,-0.257822
18474261,-0.775382,-0.105818,0.566766,-0.257609
18482594,-0.775846,-0.106088,0.566150,-0.257455
18490927,-0.776189,-0.106148,0.565673,-0.257444
18499260,-0.776392,-0.106082,0.565426,-0.257403
18507593,-0.776815,-0.106421,0.564802,-0.257355
18515926,-0.777227,-0.106654,0.564212,-0.257309
18524259,-0.777651,-0.107194,0.563499,-0.257365
18532592,-0.778064,-0.107431,0.562867,-0.257402
18540925,-0.778568,-0.107361,0.562362,-0.257011
18549258,-0.778920,-0.107037,0.562024,-0.256820
18557591,-0.779299,-0.107096,0.561534,-0.256715
18565924,-0.779657,-0.107264,0.560985,-0.256758
18574257,-0.779983,-0.107220,0.560501,-0.256844
18582590,-0.780337,-0.106853,0.560152,-0.256684
18590923,-0.780730,-0.106680,0.559753,-0.256429
18599256,-0.781129,-0.106970,0.559108,-0.256502
18607589,-0.781422,-0.107014,0.558646,-0.256600
18615922,-0.781776,-0.106621,0.558313,-0.256407
18624255,-0.782238,-0.106492,0.557775,-0.256222
18632588,-0.782484,-0.106611,0.557229,-0.256610
18640921,-0.782698,-0.106746,0.556785,-0.256866
18649254,-0.783025,-0.106655,0.556432,-0.256673
18657587,-0.783356,-0.105922,0.556331,-0.256183
18665920,-0.783612,-0.106156,0.555900,-0.256239
18674253,-0.783949,-0.106106,0.555399,-0.256314
18682586,-0.784270,-0.105592,0.555067,-0.256263
18690919,-0.784617,-0.105533,0.554628,-0.256177
18699252,-0.784917,-0.105322,0.554206,-0.256259
18707585,-0.785174,-0.105207,0.553885,-0.256212
18715918,-0.785393,-0.105280,0.553524,-0.256290
18724251,-0.785496,-0.104894,0.553355,-0.256500
18732584,-0.785786,-0.104653,0.553010,-0.256454
18740917,-0.786155,-0.104622,0.552546,-0.256334
18749250,-0.786461,-0.104193,0.552166,-0.256388
18757583,-0.786805,-0.103338,0.551866,-0.256326
18765916,-0.787080,-0.102931,0.551536,-0.256355
18774249,-0.787280,-0.102682,0.551282,-0.256387
18782582,-0.787498,-0.102284,0.550985,-0.256515
18790915,-0.787739,-0.101657,0.550718,-0.256600
18799248,-0.788114,-0.100434,0.550467,-0.256467
18807581,-0.788571,-0.099736,0.550052,-0.256225
18815914,-0.789102,-0.099014,0.549499,-0.256059
18824247,-0.789629,-0.097865,0.549123,-0.255680
18832580,-0.790141,-0.096584,0.548859,-0.255154
18840913,-0.790609,-0.094912,0.548570,-0.254950
18849246,-0.791160,-0.093616,0.548042,-0.254856
18857579,-0.791703,-0.091619,0.547599,-0.254847
18865912,-0.792304,-0.089431,0.547208,-0.254597
18874245,-0.792774,-0.087149,0.546813,-0.254773
18882578,-0.792994,-0.085225,0.546393,-0.255640
18890911,-0.793053,-0.083080,0.546098,-0.256790
18899244,-0.793164,-0.080544,0.545898,-0.257680
18907577,-0.793238,-0.077711,0.545570,-0.259013
18915910,-0.793286,-0.075032,0.545111,-0.260618
18924243,-0.793230,-0.070880,0.544930,-0.262323
18932576,-0.793268,-0.066407,0.544575,-0.264108
18940909,-0.793492,-0.061946,0.543502,-0.266720
18949242,-0.793906,-0.056721,0.542868,-0.267935
18957575,-0.794315,-0.050334,0.542142,-0.269466
18965908,-0.794549,-0.044609,0.541149,-0.271772
18974241,-0.794678,-0.037882,0.540276,-0.274142
18982574,-0.794378,-0.031006,0.539593,-0.277203
18990907,-0.793903,-0.024438,0.538803,-0.280735
18999240,-0.793214,-0.017356,0.538150,-0.284438
19007573,-0.792389,-0.011161,0.537296,-0.288632
19015906,-0.791362,-0.005424,0.536499,-0.293063
19024239,-0.789965,0.001022,0.535681,-0.298329
19032572,-0.788498,0.007588,0.534927,-0.303424
19040905,-0.786818,0.014012,0.534226,-0.308745
19049238,-0.784778,0.020229,0.533615,-0.314594
19057571,-0.782600,0.026434,0.533065,-0.320438
19065904,-0.780200,0.032672,0.532458,-0.326663
19074237,-0.777521,0.039095,0.531965,-0.333086
19082570,-0.774703,0.045988,0.531740,-0.339076
19090903,-0.771661,0.052405,0.531348,-0.345634
19099236,-0.768611,0.057632,0.530501,-0.352822
19107569,-0.765280,0.063232,0.529729,-0.360189
19115902,-0.761658,0.069065,0.529163,-0.367551
19124235,-0.757835,0.074714,0.528642,-0.375023
19132568,-0.753680,0.080466,0.528278,-0.382641
19140901,-0.749359,0.086302,0.528107,-0.390021
19149234,-0.745041,0.091541,0.527550,-0.397776
19157567,-0.740720,0.096238,0.526747,-0.405720
19165900,-0.736258,0.100737,0.525898,-0.413773
19174233,-0.731702,0.105462,0.525163,-0.421537
19182566,-0.727263,0.109895,0.524372,-0.429005
19190899,-0.722953,0.114164,0.523588,-0.436074
19199232,-0.718593,0.118046,0.522856,-0.443071
19207565,-0.714381,0.122241,0.522034,-0.449663
19215898,-0.710073,0.127289,0.521581,-0.455574
19224231,-0.705810,0.131477,0.521073,-0.461551
19232564,-0.701791,0.135567,0.520347,-0.467279
19240897,-0.698053,0.139420,0.519558,-0.472593
19249230,-0.693922,0.144080,0.518931,-0.477937
19257563,-0.690179,0.148179,0.518066,-0.483014
19265896,-0.686487,0.153113,0.517311,-0.487525
19274229,-0.683365,0.157670,0.515955,-0.491877
19282562,-0.680069,0.162594,0.514970,-0.495858
19290895,-0.676918,0.167712,0.514312,-0.499138
19299228,-0.674090,0.173287,0.513842,-0.501539
19307561,-0.671522,0.178941,0.513478,-0.503368
19315894,-0.669097,0.184777,0.513550,-0.504413
19324227,-0.667103,0.190621,0.513905,-0.504519
19332560,-0.665443,0.197122,0.514513,-0.503592
19340893,-0.664039,0.203394,0.515569,-0.501869
19349226,-0.662900,0.209255,0.516562,-0.499940
19357559,-0.662351,0.215052,0.517710,-0.497010
19365892,-0.662202,0.220102,0.519109,-0.493528
19374225,-0.662602,0.224502,0.520412,-0.489621
19382558,-0.663477,0.228133,0.521885,-0.485171
19390891,-0.664715,0.231541,0.523647,-0.479935
19399224,-0.666281,0.235021,0.525621,-0.473874
19407557,-0.668374,0.237305,0.527475,-0.467689
19415890,-0.670646,0.239434,0.529294,-0.461252
19424223,-0.672780,0.241367,0.531378,-0.454694
19432556,-0.674733,0.243153,0.533512,-0.448305
19440889,-0.676327,0.245026,0.535634,-0.442313
19449222,-0.677759,0.246918,0.537485,-0.436789
19457555,-0.678810,0.248807,0.538725,-0.432536
19465888,-0.679745,0.249915,0.539281,-0.429726
19474221,-0.680296,0.251541,0.539639,-0.427451
19482554,-0.680639,0.253255,0.539870,-0.425598
19490887,-0.680739,0.255792,0.540159,-0.423548
19499220,-0.680901,0.258648,0.540314,-0.421350
19507553,-0.681346,0.261168,0.540354,-0.419018
19515886,-0.681761,0.264037,0.540508,-0.416338
19524219,-0.682075,0.267120,0.540823,-0.413438
19532552,-0.682635,0.269920,0.540910,-0.410571
19540885,-0.683284,0.272195,0.540915,-0.407976
19549218,-0.684210,0.273924,0.540764,-0.405457
19557551,-0.685026,0.275809,0.540593,-0.403024
19565884,-0.685855,0.277292,0.540354,-0.400912
19574217,-0.686384,0.278808,0.540391,-0.398900
19582550,-0.686880,0.280107,0.540497,-0.396988
19590883,-0.687332,0.281170,0.540623,-0.395280
19599216,-0.687735,0.282032,0.540773,-0.393756
19607549,-0.688216,0.282526,0.540865,-0.392432
19615882,-0.688437,0.283212,0.541240,-0.391029
19624215,-0.688705,0.284114,0.541530,-0.389498
19632548,-0.688999,0.284792,0.541822,-0.388076
19640881,-0.689429,0.284992,0.541891,-0.387068
19649214,-0.689763,0.285482,0.541984,-0.385980
19657547,-0.689874,0.286315,0.542343,-0.384657
19665880,-0.689954,0.286811,0.542682,-0.383665
19674213,-0.690102,0.287216,0.542924,-0.382754
19682546,-0.690307,0.287704,0.543100,-0.381766
19690879,-0.690552,0.288105,0.543328,-0.380694
19699212,-0.690647,0.288728,0.543685,-0.379538
19707545,-0.690955,0.289017,0.543862,-0.378504
19715878,-0.691236,0.289528,0.543948,-0.377475
19724211,-0.691322,0.290131,0.544137,-0.376579
19732544,-0.691482,0.290849,0.544280,-0.375525
19740877,-0.691747,0.291488,0.544396,-0.374372
19749210,-0.692009,0.292282,0.544451,-0.373187
19757543,-0.692184,0.293228,0.544552,-0.371970
19765876,-0.692433,0.294143,0.544544,-0.370793
19774209,-0.692650,0.295481,0.544503,-0.369383
19782542,-0.692749,0.296898,0.544557,-0.367978
19790875,-0.693087,0.298215,0.544380,-0.366535
19799208,-0.693387,0.299553,0.544173,-0.365183
19807541,-0.693537,0.301107,0.544098,-0.363728
19815874,-0.693733,0.302694,0.543920,-0.362301
19824207,-0.693920,0.304293,0.543731,-0.360885
19832540,-0.694164,0.306016,0.543442,-0.359390
19840873,-0.694328,0.307578,0.543183,-0.358129
19849206,-0.694481,0.309074,0.543006,-0.356811
19857539,-0.694568,0.310685,0.542846,-0.355485
19865872,-0.694694,0.312121,0.542693,-0.354211
19874205,-0.694875,0.313420,0.542454,-0.353074
19882538,-0.694863,0.314943,0.542384,-0.351847
19890871,-0.694820,0.316344,0.542340,-0.350741
19899204,-0.694847,0.317693,0.542237,-0.349626
19907537,-0.694952,0.318822,0.542110,-0.348585
19915870,-0.694947,0.320106,0.542026,-0.347548
19924203,-0.694924,0.321206,0.541915,-0.346749
19932536,-0.694635,0.322996,0.542152,-0.345294
19940869,-0.694749,0.323689,0.541822,-0.344932
19949202,-0.694815,0.324406,0.541547,-0.344558
19957535,-0.694823,0.325271,0.541346,-0.344042
19965868,-0.694780,0.325698,0.541216,-0.343927
19974201,-0.694628,0.326315,0.541095,-0.343840
19982534,-0.694570,0.326843,0.540975,-0.343646
19990867,-0.694590,0.327449,0.540778,-0.343338
19999200,-0.694570,0.328088,0.540557,-0.343117
20007533,-0.694603,0.328577,0.540384,-0.342853
20015866,-0.694603,0.328950,0.540211,-0.342769
20024199,-0.694643,0.329247,0.540015,-0.342711
20032532,-0.694670,0.329530,0.539804,-0.342717
20040865,-0.694544,0.329958,0.539657,-0.342793
20049198,-0.694512,0.330439,0.539610,-0.342468
20057531,-0.694420,0.330950,0.539616,-0.342150
20065864,-0.694506,0.331076,0.539367,-0.342247
20074197,-0.694525,0.331351,0.539215,-0.342184
20082530,-0.694596,0.331436,0.539070,-0.342184
20090863,-0.694574,0.331708,0.538928,-0.342189
20099196,-0.694602,0.331851,0.538783,-0.342222
20107529,-0.694466,0.332292,0.538802,-0.342041
20115862,-0.694519,0.332395,0.538692,-0.342006
20124195,-0.694543,0.332594,0.538528,-0.342021
20132528,-0.694634,0.332514,0.538256,-0.342344
20140861,-0.694674,0.332545,0.538090,-0.342492
20149194,-0.694737,0.332595,0.537945,-0.342545
20157527,-0.694767,0.332696,0.537856,-0.342524
20165860,-0.694733,0.332828,0.537769,-0.342602
20174193,-0.694746,0.332976,0.537657,-0.342608
20182526,-0.694783,0.333071,0.537541,-0.342622
20190859,-0.694820,0.333088,0.537425,-0.342714
20199192,-0.694920,0.332876,0.537252,-0.342987
20207525,-0.694896,0.332921,0.537137,-0.343171
20215858,-0.694837,0.332981,0.537068,-0.343342
20224191,-0.694874,0.333009,0.536909,-0.343488
20232524,-0.694934,0.332996,0.536766,-0.343602
20240857,-0.695088,0.332760,0.536608,-0.343766
20249190,-0.695172,0.332675,0.536433,-0.343951
20257523,-0.695131,0.332694,0.536357,-0.344135
20265856,-0.695197,0.332487,0.536299,-0.344291
20274189,-0.695254,0.332332,0.536274,-0.344365
20282522,-0.695245,0.332231,0.536242,-0.344532
20290855,-0.695417,0.331756,0.536024,-0.344979
20299188,-0.695347,0.331673,0.536034,-0.345185
20307521,-0.695361,0.331545,0.535985,-0.345356
20315854,-0.695449,0.331248,0.535853,-0.345668
20324187,-0.695483,0.331023,0.535801,-0.345898
20332520,-0.695610,0.330812,0.535647,-0.346081
20340853,-0.695879,0.330399,0.535366,-0.346370
20349186,-0.695844,0.330452,0.535343,-0.346426
20357519,-0.695810,0.330569,0.535361,-0.346354
20365852,-0.695869,0.330585,0.535312,-0.346296
20374185,-0.695902,0.330420,0.535369,-0.346299
20382518,-0.695997,0.330233,0.535190,-0.346562
20390851,-0.696032,0.330358,0.535109,-0.346499
20399184,-0.696033,0.330548,0.535070,-0.346376
20407517,-0.696079,0.330796,0.535000,-0.346153
20415850,-0.696115,0.331015,0.534931,-0.345979
20424183,-0.696174,0.331205,0.534831,-0.345834
20432516,-0.696208,0.331409,0.534739,-0.345711
20440849,-0.696192,0.331671,0.534667,-0.345606
20449182,-0.696243,0.331803,0.534529,-0.345588
20457515,-0.696281,0.332011,0.534450,-0.345434
20465848,-0.696218,0.332385,0.534411,-0.345261
20474181,-0.696205,0.332731,0.534366,-0.345024
20482514,-0.696160,0.333068,0.534281,-0.344920
20490847,-0.696168,0.333209,0.534203,-0.344889
20499180,-0.696112,0.333532,0.534225,-0.344657
20507513,-0.696104,0.333715,0.534162,-0.344593
20515846,-0.696112,0.333798,0.534068,-0.344643
20524179,-0.695978,0.334134,0.534150,-0.344460
20532512,-0.695920,0.334250,0.534144,-0.344473
20540845,-0.695860,0.334395,0.534110,-0.344508
20549178,-0.695782,0.334469,0.534159,-0.344516
20557511,-0.695682,0.334594,0.534199,-0.344535
20565844,-0.695711,0.334536,0.534105,-0.344680
20574177,-0.695645,0.334571,0.533976,-0.344978
20582510,-0.695535,0.334736,0.534078,-0.344882
20590843,-0.695566,0.334594,0.534014,-0.345057
20599176,-0.695630,0.334489,0.533935,-0.345151
20607509,-0.695500,0.334719,0.534006,-0.345081
20615842,-0.695408,0.334893,0.534053,-0.345024
20624175,-0.695302,0.335106,0.534086,-0.344980
20632508,-0.695367,0.334971,0.534027,-0.345070
20640841,-0.695323,0.335097,0.534064,-0.344981
20649174,-0.695251,0.335205,0.534098,-0.344968
20657507,-0.695252,0.335366,0.533992,-0.344973
20665840,-0.695106,0.335584,0.534135,-0.344834
20674173,-0.695123,0.335532,0.534098,-0.344908
20682506,-0.694914,0.335726,0.534264,-0.344884
20690839,-0.694755,0.336048,0.534390,-0.344694
20699172,-0.694695,0.336169,0.534510,-0.344512
20707505,-0.694633,0.336272,0.534534,-0.344499
20715838,-0.694681,0.336180,0.534459,-0.344608
20724171,-0.694705,0.336144,0.534429,-0.344641
20732504,-0.694571,0.336365,0.534597,-0.344434
20740837,-0.694497,0.336439,0.534670,-0.344398
20749170,-0.694561,0.336360,0.534642,-0.344389
20757503,-0.694564,0.336371,0.534655,-0.344353
20765836,-0.694468,0.336508,0.534773,-0.344229
20774169,-0.694408,0.336565,0.534880,-0.344130
20782502,-0.694383,0.336608,0.534907,-0.344096
20790835,-0.694355,0.336630,0.534982,-0.344015
20799168,-0.694421,0.336439,0.534910,-0.344179
20807501,-0.694381,0.336521,0.534957,-0.344107
20815834,-0.694448,0.336373,0.534954,-0.344122
20824167,-0.694453,0.336233,0.535007,-0.344166
20832500,-0.694402,0.336199,0.535067,-0.344209
20840833,-0.694398,0.336006,0.535099,-0.344356
20849166,-0.694399,0.335859,0.535153,-0.344412
20857499,-0.694496,0.335379,0.535160,-0.344674
20865832,-0.694419,0.335247,0.535228,-0.344851
20874165,-0.694234,0.335402,0.535454,-0.344723
20882498,-0.694313,0.335024,0.535458,-0.344925
20890831,-0.694334,0.334787,0.535482,-0.345074
20899164,-0.694300,0.334498,0.535473,-0.345439
20907497,-0.694212,0.334440,0.535562,-0.345533
20915830,-0.694089,0.334391,0.535737,-0.345557
20924163,-0.694009,0.334269,0.535914,-0.345559
20932496,-0.694094,0.333967,0.535941,-0.345640
20940829,-0.694170,0.333622,0.535917,-0.345858
20949162,-0.694152,0.333487,0.535928,-0.346005
20957495,-0.694124,0.333346,0.535964,-0.346142
20965828,-0.694088,0.333198,0.536042,-0.346236
20974161,-0.694064,0.332980,0.536136,-0.346349
20982494,-0.694004,0.332800,0.536219,-0.346515
20990827,-0.693983,0.332519,0.536282,-0.346728
20999160,-0.693931,0.332437,0.536404,-0.346721
21007493,-0.693837,0.332355,0.536542,-0.346775
21015826,-0.693738,0.332398,0.536661,-0.346748
21024159,-0.693640,0.332378,0.536788,-0.346765
21032492,-0.693625,0.332419,0.536864,-0.346641
21040825,-0.693538,0.332369,0.536975,-0.346691
21049158,-0.693426,0.332364,0.537056,-0.346792
21057491,-0.693202,0.332392,0.537274,-0.346877
21065824,-0.693107,0.332489,0.537371,-0.346823
21074157,-0.692958,0.332602,0.537540,-0.346749
21082490,-0.692786,0.332708,0.537751,-0.346665
21090823,-0.692715,0.332748,0.537883,-0.346564
21099156,-0.692621,0.332776,0.538009,-0.346529
21107489,-0.692460,0.332984,0.538141,-0.346445
21115822,-0.692314,0.333147,0.538285,-0.346357
21124155,-0.692206,0.333228,0.538399,-0.346318
21132488,-0.692082,0.333338,0.538529,-0.346258
21140821,-0.691968,0.333476,0.538654,-0.346158
21149154,-0.691867,0.333621,0.538747,-0.346076
21157487,-0.691755,0.333699,0.538866,-0.346039
21165820,-0.691632,0.333671,0.538985,-0.346127
21174153,-0.691537,0.333728,0.539094,-0.346093
21182486,-0.691396,0.333890,0.539236,-0.345997
21190819,-0.691296,0.333965,0.539328,-0.345980
21199152,-0.691210,0.334037,0.539431,-0.345923
21207485,-0.691075,0.334156,0.539590,-0.345829
21215818,-0.690930,0.334325,0.539744,-0.345715
21224151,-0.690844,0.334351,0.539838,-0.345714
21232484,-0.690717,0.334458,0.539927,-0.345726
21240817,-0.690585,0.334634,0.540066,-0.345602
21249150,-0.690521,0.334735,0.540157,-0.345491
21257483,-0.690409,0.335034,0.540258,-0.345265
21265816,-0.690337,0.335121,0.540332,-0.345211
21274149,-0.690180,0.335375,0.540440,-0.345107
21282482,-0.690101,0.335465,0.540502,-0.345082
21290815,-0.689974,0.335657,0.540615,-0.344971
21299148,-0.689885,0.335765,0.540679,-0.344944
21307481,-0.689746,0.336011,0.540779,-0.344826
21315814,-0.689640,0.336109,0.540847,-0.344837
21324147,-0.689591,0.336149,0.540868,-0.344863
21332480,-0.689477,0.336322,0.540948,-0.344796
21340813,-0.689336,0.336549,0.541010,-0.344758
21349146,-0.689293,0.336559,0.541030,-0.344804
21357479,-0.689188,0.336755,0.541078,-0.344747
21365812,-0.689145,0.336790,0.541094,-0.344774
21374145,-0.689045,0.336930,0.541156,-0.344740
21382478,-0.688878,0.337217,0.541265,-0.344623
21390811,-0.688774,0.337396,0.541298,-0.344602
21399144,-0.688843,0.337281,0.541198,-0.344734
21407477,-0.688833,0.337312,0.541173,-0.344764
21415810,-0.688838,0.337343,0.541135,-0.344782
21424143,-0.688769,0.337459,0.541163,-0.344764
21432476,-0.688794,0.337414,0.541132,-0.344804
21440809,-0.688811,0.337398,0.541096,-0.344844
21449142,-0.688782,0.337543,0.541081,-0.344782
21457475,-0.688883,0.337409,0.541006,-0.344830
21465808,-0.688894,0.337443,0.540986,-0.344805
21474141,-0.688923,0.337436,0.540967,-0.344785
21482474,-0.689087,0.337206,0.540824,-0.344907
21490807,-0.689143,0.337214,0.540724,-0.344943
21499140,-0.689277,0.337054,0.540611,-0.345010
21507473,-0.689342,0.337041,0.540554,-0.344981
21515806,-0.689549,0.336791,0.540370,-0.345100
21524139,-0.689751,0.336609,0.540173,-0.345184
21532472,-0.689870,0.336575,0.540051,-0.345168
21540805,-0.689991,0.336441,0.539957,-0.345205
21549138,-0.690152,0.336323,0.539822,-0.345208
21557471,-0.690223,0.336215,0.539725,-0.345323
21565804,-0.690361,0.336136,0.539557,-0.345388
21574137,-0.690508,0.336072,0.539388,-0.345421
21582470,-0.690594,0.335995,0.539293,-0.345470
21590803,-0.690770,0.335794,0.539132,-0.345564
21599136,-0.690945,0.335655,0.538976,-0.345596
21607469,-0.691024,0.335628,0.538881,-0.345611
21615802,-0.691164,0.335616,0.538751,-0.345546
21624135,-0.691306,0.335576,0.538576,-0.345575
21632468,-0.691404,0.335434,0.538489,-0.345652
21640801,-0.691557,0.335291,0.538351,-0.345697
21649134,-0.691669,0.335282,0.538264,-0.345619
21657467,-0.691791,0.335169,0.538158,-0.345649
21665800,-0.691972,0.334951,0.537984,-0.345767
21674133,-0.692051,0.334861,0.537926,-0.345788
21682466,-0.692110,0.334765,0.537873,-0.345845
21690799,-0.692218,0.334631,0.537775,-0.345911
21699132,-0.692348,0.334466,0.537668,-0.345977
21707465,-0.692374,0.334345,0.537600,-0.346148
21715798,-0.692510,0.334051,0.537467,-0.346364
21724131,-0.692596,0.333959,0.537413,-0.346365
21732464,-0.692713,0.333821,0.537326,-0.346400
21740797,-0.692793,0.333854,0.537231,-0.346355
21749130,-0.692900,0.333684,0.537168,-0.346404
21757463,-0.693013,0.333534,0.537102,-0.346425
21765796,-0.693112,0.333554,0.536960,-0.346426
21774129,-0.693153,0.333591,0.536889,-0.346420
21782462,-0.693212,0.333546,0.536828,-0.346439
21790795,-0.693295,0.333509,0.536787,-0.346373
21799128,-0.693386,0.333410,0.536718,-0.346393
21807461,-0.693494,0.333296,0.536626,-0.346428
21815794,-0.693537,0.333241,0.536559,-0.346498
21824127,-0.693584,0.333205,0.536493,-0.346540
21832460,-0.693609,0.333093,0.536493,-0.346598
21840793,-0.693646,0.332958,0.536504,-0.346638
21849126,-0.693647,0.332884,0.536494,-0.346723
21857459,-0.693652,0.332799,0.536501,-0.346782
21865792,-0.693629,0.332779,0.536546,-0.346777
21874125,-0.693615,0.332705,0.536557,-0.346860
21882458,-0.693594,0.332637,0.536607,-0.346889
21890791,-0.693589,0.332542,0.536606,-0.346993
21899124,-0.693440,0.332508,0.536719,-0.347147
21907457,-0.693385,0.332471,0.536794,-0.347179
21915790,-0.693386,0.332359,0.536823,-0.347238
21924123,-0.693277,0.332338,0.536905,-0.347349
21932456,-0.693238,0.332321,0.536966,-0.347348
21940789,-0.693160,0.332256,0.537006,-0.347504
21949122,-0.693050,0.332410,0.537107,-0.347422
21957455,-0.692992,0.332488,0.537180,-0.347350
21965788,-0.692919,0.332581,0.537272,-0.347263
21974121,-0.692789,0.332737,0.537313,-0.347309
21982454,-0.692780,0.332825,0.537282,-0.347291
21990787,-0.692669,0.333027,0.537380,-0.347169
21999120,-0.692558,0.333229,0.537456,-0.347078
22007453,-0.692468,0.333412,0.537522,-0.346979
22015786,-0.692348,0.333674,0.537609,-0.346832
22024119,-0.692317,0.333809,0.537625,-0.346740
22032452,-0.692223,0.334055,0.537689,-0.346592
22040785,-0.692143,0.334234,0.537722,-0.346526
22049118,-0.692089,0.334397,0.537742,-0.346445
22057451,-0.692029,0.334545,0.537787,-0.346354
22065784,-0.691932,0.334787,0.537847,-0.346222
22074117,-0.691871,0.334908,0.537874,-0.346183
22082450,-0.691888,0.334969,0.537801,-0.346205
22090783,-0.691794,0.335174,0.537843,-0.346128
22099116,-0.691696,0.335376,0.537893,-0.346050
22107449,-0.691681,0.335389,0.537856,-0.346125
22115782,-0.691594,0.335512,0.537898,-0.346116
22124115,-0.691558,0.335551,0.537852,-0.346219
22132448,-0.691498,0.335560,0.537865,-0.346311
22140781,-0.691369,0.335795,0.537943,-0.346220
22149114,-0.691338,0.335802,0.537883,-0.346368
22157447,-0.691201,0.335943,0.537979,-0.346356
22165780,-0.691096,0.335985,0.537981,-0.346521
22174113,-0.691058,0.335835,0.537993,-0.346723
22182446,-0.691049,0.335715,0.537952,-0.346923
22190779,-0.691002,0.335607,0.537981,-0.347075
22199112,-0.690930,0.335730,0.537983,-0.347096
22207445,-0.690840,0.335731,0.538033,-0.347196
22215778,-0.690816,0.335607,0.538016,-0.347390
22224111,-0.690810,0.335480,0.537971,-0.347595
22232444,-0.690759,0.335444,0.538000,-0.347685
22240777,-0.690767,0.335324,0.537960,-0.347848
22249110,-0.690764,0.335158,0.537906,-0.348095
22257443,-0.690710,0.335106,0.537948,-0.348189
22265776,-0.690753,0.334840,0.537883,-0.348459
22274109,-0.690790,0.334641,0.537867,-0.348604
22282442,-0.690744,0.334559,0.537873,-0.348762
22290775,-0.690753,0.334446,0.537864,-0.348866
22299108,-0.690830,0.334130,0.537789,-0.349132
22307441,-0.690864,0.333896,0.537801,-0.349271
22315774,-0.690861,0.333839,0.537805,-0.349326
22324107,-0.690889,0.333713,0.537790,-0.349414
22332440,-0.690929,0.333560,0.537793,-0.349475
22340773,-0.690998,0.333418,0.537785,-0.349488
22349106,-0.691081,0.333251,0.537723,-0.349579
22357439,-0.691108,0.333144,0.537706,-0.349653
22365772,-0.691131,0.333110,0.537682,-0.349676
22374105,-0.691186,0.333057,0.537638,-0.349685
22382438,-0.691210,0.333075,0.537606,-0.349671
22390771,-0.691279,0.332997,0.537531,-0.349722
22399104,-0.691285,0.333052,0.537522,-0.349673
22407437,-0.691291,0.333164,0.537541,-0.349526
22415770,-0.691278,0.333278,0.537539,-0.349446
22424103,-0.691296,0.333272,0.537493,-0.349487
22432436,-0.691264,0.333419,0.537519,-0.349370
22440769,-0.691283,0.333454,0.537453,-0.349400
22449102,-0.691256,0.333562,0.537454,-0.349349
22457435,-0.691211,0.333729,0.537488,-0.349228
22465768,-0.691198,0.333815,0.537481,-0.349181
22474101,-0.691200,0.333860,0.537476,-0.349141
22482434,-0.691161,0.333967,0.537485,-0.349102
22490767,-0.691173,0.333970,0.537426,-0.349166
22499100,-0.691168,0.334048,0.537386,-0.349164
22507433,-0.691106,0.334146,0.537461,-0.349077
22515766,-0.691047,0.334188,0.537502,-0.349089
22524099,-0.691030,0.334163,0.537508,-0.349140
22532432,-0.691039,0.334112,0.537430,-0.349289
22540765,-0.691032,0.334056,0.537390,-0.349419
22549098,-0.690939,0.334138,0.537481,-0.349384
22557431,-0.690954,0.334046,0.537452,-0.349487
22565764,-0.690911,0.334073,0.537466,-0.349524
22574097,-0.690922,0.333973,0.537462,-0.349603
22582430,-0.690910,0.333870,0.537482,-0.349696
22590763,-0.690874,0.333881,0.537507,-0.349719
22599096,-0.690900,0.333836,0.537434,-0.349822
22607429,-0.690940,0.333727,0.537384,-0.349925
22615762,-0.690928,0.333656,0.537412,-0.349972
22624095,-0.690969,0.333486,0.537369,-0.350119
22632428,-0.690891,0.333586,0.537482,-0.350005
22640761,-0.690890,0.333482,0.537469,-0.350124
22649094,-0.690930,0.333355,0.537399,-0.350274
22657427,-0.690996,0.333200,0.537384,-0.350314
22665760,-0.690998,0.333045,0.537407,-0.350425
22674093,-0.690929,0.333166,0.537453,-0.350373
22682426,-0.690923,0.333142,0.537513,-0.350315
22690759,-0.690977,0.332991,0.537453,-0.350445
22699092,-0.690932,0.333051,0.537526,-0.350367
22707425,-0.690945,0.332932,0.537511,-0.350477
22715758,-0.690886,0.333028,0.537574,-0.350404
22724091,-0.690884,0.333046,0.537569,-0.350400
22732424,-0.690922,0.332856,0.537553,-0.350529
22740757,-0.690889,0.332854,0.537547,-0.350605
22749090,-0.690896,0.332914,0.537511,-0.350589
22757423,-0.690867,0.333010,0.537522,-0.350539
22765756,-0.690842,0.333158,0.537502,-0.350477
22774089,-0.690843,0.333107,0.537489,-0.350545
22782422,-0.690818,0.333289,0.537463,-0.350460
22790755,-0.690823,0.333239,0.537493,-0.350451
22799088,-0.690808,0.333375,0.537418,-0.350467
22807421,-0.690689,0.333583,0.537552,-0.350298
22815754,-0.690657,0.333667,0.537538,-0.350304
22824087,-0.690720,0.333575,0.537406,-0.350470
22832420,-0.690694,0.333656,0.537393,-0.350462
22840753,-0.690733,0.333485,0.537373,-0.350579
22849086,-0.690724,0.333518,0.537387,-0.350545
22857419,-0.690711,0.333495,0.537338,-0.350667
22865752,-0.690715,0.333465,0.537324,-0.350710
22874085,-0.690718,0.333542,0.537295,-0.350673
22882418,-0.690830,0.333422,0.537183,-0.350740
22890751,-0.690931,0.333355,0.537042,-0.350821
22899084,-0.691016,0.333201,0.536967,-0.350913
22907417,-0.691126,0.333048,0.536881,-0.350972
22915750,-0.691148,0.332976,0.536828,-0.351080
22924083,-0.691174,0.332832,0.536859,-0.351118
22932416,-0.691211,0.332452,0.536959,-0.351251
22940749,-0.691258,0.332192,0.537040,-0.351282
22949082,-0.691342,0.331883,0.536894,-0.351631
22957415,-0.691235,0.332012,0.537112,-0.351387
22965748,-0.691317,0.331611,0.537013,-0.351755
22974081,-0.691422,0.331313,0.536914,-0.351981
22982414,-0.691419,0.331292,0.536854,-0.352098
22990747,-0.691329,0.331451,0.536885,-0.352077
22999080,-0.691243,0.331574,0.536972,-0.351998
23007413,-0.691317,0.331429,0.536863,-0.352155
23015746,-0.691410,0.331230,0.536763,-0.352312
23024079,-0.691257,0.331579,0.536819,-0.352200
23032412,-0.691213,0.331713,0.536825,-0.352150
23040745,-0.691268,0.331758,0.536713,-0.352172
23049078,-0.691212,0.331986,0.536725,-0.352047
23057411,-0.691125,0.332339,0.536690,-0.351939
23065744,-0.691098,0.332502,0.536668,-0.351871
23074077,-0.691149,0.332595,0.536530,-0.351894
23082410,-0.691091,0.332755,0.536461,-0.351962
23090743,-0.690981,0.333066,0.536487,-0.351845
23099076,-0.690865,0.333394,0.536536,-0.351687
23107409,-0.690917,0.333422,0.536451,-0.351687
23115742,-0.691037,0.333399,0.536301,-0.351701
23124075,-0.690927,0.333703,0.536369,-0.351526
23132408,-0.690754,0.334260,0.536650,-0.350906
23140741,-0.690663,0.334382,0.536789,-0.350756
23149074,-0.690565,0.334453,0.536910,-0.350696
23157407,-0.690544,0.334316,0.536936,-0.350828
23165740,-0.690470,0.334198,0.537025,-0.350951
23174073,-0.690464,0.333940,0.537099,-0.351095
23182406,-0.690419,0.333696,0.537117,-0.351389
23190739,-0.690529,0.333067,0.536951,-0.352021
23199072,-0.690383,0.333167,0.537180,-0.351864
23207405,-0.690528,0.332566,0.537049,-0.352348
23215738,-0.690594,0.332114,0.537074,-0.352606
23224071,-0.690580,0.331834,0.537127,-0.352819
23232404,-0.690565,0.331503,0.537164,-0.353102
23240737,-0.690267,0.331803,0.537570,-0.352784
23249070,-0.690155,0.331711,0.537727,-0.352850
23257403,-0.690127,0.331489,0.537761,-0.353061
23265736,-0.690104,0.331320,0.537804,-0.353199
23274069,-0.690039,0.331206,0.537889,-0.353304
23282402,-0.690006,0.331137,0.537953,-0.353336
23290735,-0.689989,0.331093,0.538038,-0.353281
23299068,-0.689989,0.331033,0.538088,-0.353261
23307401,-0.690096,0.330841,0.538016,-0.353343
23315734,-0.690042,0.330882,0.538063,-0.353336
23324067,-0.689986,0.331010,0.538097,-0.353276
23332400,-0.690018,0.330998,0.538077,-0.353255
23340733,-0.689989,0.331160,0.538033,-0.353226
23349066,-0.689950,0.331339,0.538037,-0.353128
23357399,-0.689881,0.331528,0.538086,-0.353011
23365732,-0.689897,0.331594,0.538045,-0.352982
23374065,-0.689876,0.331730,0.538089,-0.352827
23382398,-0.689911,0.331748,0.538046,-0.352806
23390731,-0.689898,0.331853,0.538022,-0.352770
23399064,-0.689802,0.332114,0.538081,-0.352622
23407397,-0.689930,0.331923,0.537915,-0.352805
23415730,-0.689883,0.332000,0.537925,-0.352810
23424063,-0.689760,0.332220,0.538019,-0.352699
23432396,-0.689932,0.331817,0.537768,-0.353126
23440729,-0.689771,0.332174,0.537944,-0.352834
23449062,-0.689741,0.332245,0.537945,-0.352826
23457395,-0.689741,0.332172,0.537926,-0.352923
23465728,-0.689726,0.332131,0.537970,-0.352925
23474061,-0.689664,0.332154,0.537972,-0.353021
23482394,-0.689628,0.332129,0.537961,-0.353129
23490727,-0.689589,0.332098,0.538001,-0.353176
23499060,-0.689491,0.332196,0.538060,-0.353183
23507393,-0.689564,0.331948,0.537981,-0.353395
23515726,-0.689571,0.331846,0.537988,-0.353467
23524059,-0.689610,0.331750,0.537970,-0.353507
23532392,-0.689636,0.331639,0.537979,-0.353548
23540725,-0.689572,0.331712,0.538054,-0.353490
23549058,-0.689633,0.331578,0.538024,-0.353543
23557391,-0.689670,0.331475,0.537978,-0.353638
23565724,-0.689624,0.331568,0.538012,-0.353587
23574057,-0.689660,0.331520,0.537977,-0.353615
23582390,-0.689699,0.331546,0.537954,-0.353551
23590723,-0.689699,0.331585,0.537938,-0.353540
23599056,-0.689707,0.331682,0.537917,-0.353464
23607389,-0.689754,0.331646,0.537881,-0.353460
23615722,-0.689783,0.331629,0.537846,-0.353472
23624055,-0.689790,0.331648,0.537863,-0.353416
23632388,-0.689793,0.331625,0.537881,-0.353403
23640721,-0.689814,0.331564,0.537891,-0.353406
23649054,-0.689821,0.331563,0.537889,-0.353396
23657387,-0.689862,0.331466,0.537880,-0.353421
23665720,-0.689809,0.331597,0.537927,-0.353330
23674053,-0.689777,0.331699,0.537933,-0.353286
23682386,-0.689790,0.331713,0.537916,-0.353275
23690719,-0.689813,0.331689,0.537892,-0.353289
23699052,-0.689811,0.331736,0.537886,-0.353258
23707385,-0.689835,0.331665,0.537890,-0.353271
23715718,-0.689827,0.331739,0.537917,-0.353176
23724051,-0.689767,0.331851,0.537959,-0.353124
23732384,-0.689769,0.331836,0.537917,-0.353197
23740717,-0.689763,0.331878,0.537929,-0.353152
23749050,-0.689733,0.331899,0.537966,-0.353134
23757383,-0.689758,0.331831,0.537902,-0.353247
23765716,-0.689725,0.331843,0.537970,-0.353196
23774049,-0.689752,0.331802,0.537941,-0.353226
23782382,-0.689776,0.331695,0.537924,-0.353305
23790715,-0.689808,0.331590,0.537870,-0.353425
23799048,-0.689822,0.331521,0.537899,-0.353417
23807381,-0.689795,0.331512,0.537963,-0.353380
23815714,-0.689774,0.331476,0.537983,-0.353427
23824047,-0.689861,0.331295,0.537900,-0.353552
23832380,-0.689857,0.331226,0.537926,-0.353584
23840713,-0.689800,0.331302,0.537996,-0.353519
23849046,-0.689809,0.331312,0.537935,-0.353584
23857379,-0.689838,0.331330,0.537913,-0.353543
23865712,-0.689831,0.331357,0.538009,-0.353386
23874045,-0.689818,0.331398,0.537953,-0.353457
23882378,-0.689775,0.331523,0.537986,-0.353375
23890711,-0.689817,0.331455,0.537981,-0.353365
23899044,-0.689693,0.331767,0.538088,-0.353150
23907377,-0.689768,0.331635,0.537990,-0.353277
23915710,-0.689816,0.331665,0.537953,-0.353212
23924043,-0.689813,0.331723,0.537979,-0.353126
23932376,-0.689846,0.331691,0.537952,-0.353131
23940709,-0.689825,0.331730,0.537914,-0.353193
23949042,-0.689883,0.331630,0.537898,-0.353198
23957375,-0.689906,0.331540,0.537905,-0.353227
23965708,-0.689853,0.331604,0.537919,-0.353249
23974041,-0.689829,0.331637,0.537932,-0.353246
23982374,-0.689826,0.331650,0.537969,-0.353182
23990707,-0.689841,0.331597,0.537960,-0.353217
23999040,-0.689867,0.331497,0.537925,-0.353314
24007373,-0.689925,0.331409,0.537894,-0.353330
24015706,-0.689891,0.331465,0.537916,-0.353310
24024039,-0.689902,0.331416,0.537919,-0.353330
24032372,-0.689893,0.331360,0.537877,-0.353463
24040705,-0.689882,0.331368,0.537910,-0.353428
24049038,-0.689870,0.331359,0.537960,-0.353384
24057371,-0.689876,0.331297,0.537959,-0.353430
24065704,-0.689884,0.331225,0.537964,-0.353475
24074037,-0.689867,0.331244,0.537976,-0.353473
24082370,-0.689890,0.331166,0.537956,-0.353532
24090703,-0.689876,0.331132,0.537996,-0.353529
24099036,-0.689895,0.331106,0.537950,-0.353586
24107369,-0.689859,0.331159,0.537969,-0.353578
24115702,-0.689795,0.331251,0.538026,-0.353529
24124035,-0.689866,0.331134,0.537971,-0.353584
24132368,-0.689856,0.331149,0.538002,-0.353544
24140701,-0.689815,0.331162,0.538045,-0.353545
24149034,-0.689787,0.331167,0.538115,-0.353489
24157367,-0.689796,0.331184,0.538110,-0.353463
24165700,-0.689793,0.331177,0.538135,-0.353436
24174033,-0.689790,0.331195,0.538118,-0.353452
24182366,-0.689765,0.331262,0.538185,-0.353337
24190699,-0.689841,0.331136,0.538165,-0.353336
24199032,-0.689900,0.331073,0.538053,-0.353450
24207365,-0.689829,0.331200,0.538106,-0.353390
24215698,-0.689797,0.331296,0.538128,-0.353329
24224031,-0.689911,0.331132,0.538087,-0.353321
24232364,-0.689939,0.331087,0.538073,-0.353331
24240697,-0.689836,0.331293,0.538101,-0.353296
24249030,-0.689827,0.331356,0.538135,-0.353202
24257363,-0.689744,0.331527,0.538207,-0.353095
24265696,-0.689754,0.331485,0.538187,-0.353145
24274029,-0.689750,0.331449,0.538190,-0.353183
24282362,-0.689686,0.331625,0.538239,-0.353069
24290695,-0.689627,0.331746,0.538251,-0.353050
24299028,-0.689647,0.331739,0.538229,-0.353051
24307361,-0.689610,0.331817,0.538265,-0.352995
24315694,-0.689584,0.331885,0.538287,-0.352949
24324027,-0.689624,0.331810,0.538249,-0.352999
24332360,-0.689615,0.331836,0.538240,-0.353007
24340693,-0.689564,0.331945,0.538291,-0.352926
24349026,-0.689509,0.332040,0.538350,-0.352855
24357359,-0.689607,0.331863,0.538289,-0.352922
24365692,-0.689530,0.331964,0.538307,-0.352950
24374025,-0.689562,0.331918,0.538271,-0.352985
24382358,-0.689538,0.331959,0.538271,-0.352994
24390691,-0.689500,0.332019,0.538303,-0.352962
24399024,-0.689496,0.332003,0.538296,-0.352997
24407357,-0.689448,0.332091,0.538360,-0.352910
24415690,-0.689515,0.331973,0.538284,-0.353006
24424023,-0.689482,0.332033,0.538284,-0.353013
24432356,-0.689427,0.332086,0.538337,-0.352992
24440689,-0.689431,0.332063,0.538323,-0.353027
24449022,-0.689426,0.332138,0.538309,-0.352987
24457355,-0.689429,0.332070,0.538285,-0.353082
24465688,-0.689400,0.332064,0.538314,-0.353100
24474021,-0.689419,0.332099,0.538301,-0.353049
24482354,-0.689351,0.332165,0.538370,-0.353015
24490687,-0.689340,0.332141,0.538382,-0.353040
24499020,-0.689458,0.331921,0.538279,-0.353173
24507353,-0.689388,0.331956,0.538321,-0.353213
24515686,-0.689367,0.331999,0.538385,-0.353117
24524019,-0.689352,0.332043,0.538414,-0.353059
24532352,-0.689370,0.331980,0.538365,-0.353160
24540685,-0.689453,0.331881,0.538306,-0.353180
24549018,-0.689397,0.332074,0.538301,-0.353114
24557351,-0.689378,0.332081,0.538312,-0.353130
24565684,-0.689417,0.332056,0.538277,-0.353129
24574017,-0.689409,0.332136,0.538274,-0.353075
24582350,-0.689431,0.332158,0.538234,-0.353073
24590683,-0.689450,0.332187,0.538217,-0.353034
24599016,-0.689497,0.332122,0.538192,-0.353041
24607349,-0.689511,0.332124,0.538191,-0.353013
24615682,-0.689459,0.332213,0.538206,-0.353009
24624015,-0.689447,0.332258,0.538209,-0.352986
24632348,-0.689429,0.332288,0.538238,-0.352948
24640681,-0.689440,0.332217,0.538231,-0.353003
24649014,-0.689482,0.332140,0.538206,-0.353033
24657347,-0.689419,0.332253,0.538232,-0.353009
24665680,-0.689469,0.332127,0.538215,-0.353057
24674013,-0.689404,0.332272,0.538242,-0.353005
24682346,-0.689477,0.332155,0.538173,-0.353078
24690679,-0.689534,0.331948,0.538033,-0.353375
24699012,-0.689416,0.332164,0.538114,-0.353280
24707345,-0.689393,0.332246,0.538161,-0.353176
24715678,-0.689415,0.332169,0.538148,-0.353223
24724011,-0.689426,0.332154,0.538112,-0.353272
24732344,-0.689404,0.332175,0.538118,-0.353284
24740677,-0.689468,0.332057,0.538134,-0.353248
24749010,-0.689585,0.331802,0.538057,-0.353376
24757343,-0.689494,0.331955,0.538169,-0.353239
24765676,-0.689577,0.331696,0.538105,-0.353418
24774009,-0.689422,0.332070,0.538359,-0.352982
24782342,-0.689401,0.332171,0.538422,-0.352832
24790675,-0.689444,0.332116,0.538412,-0.352817
24799008,-0.689454,0.332111,0.538426,-0.352778
24807341,-0.689516,0.332036,0.538422,-0.352734
24815674,-0.689500,0.332076,0.538418,-0.352734
24824007,-0.689587,0.331933,0.538322,-0.352847
24832340,-0.689523,0.332096,0.538342,-0.352785
24840673,-0.689477,0.332172,0.538366,-0.352767
24849006,-0.689517,0.332153,0.538270,-0.352854
24857339,-0.689553,0.332126,0.538181,-0.352945
24865672,-0.689649,0.331949,0.538019,-0.353170
24874005,-0.689632,0.332006,0.537952,-0.353253
24882338,-0.689606,0.332077,0.537867,-0.353367
24890671,-0.689644,0.332033,0.537796,-0.353442
24899004,-0.689697,0.331891,0.537754,-0.353535
24907337,-0.689605,0.332029,0.537865,-0.353416
24915670,-0.689642,0.331878,0.537839,-0.353524
24924003,-0.689693,0.331594,0.537755,-0.353819
24932336,-0.689676,0.331707,0.537798,-0.353682
24940669,-0.689656,0.331767,0.537831,-0.353614
24949002,-0.689596,0.331860,0.537895,-0.353547
24957335,-0.689582,0.331870,0.537939,-0.353498
24965668,-0.689700,0.331621,0.537856,-0.353626
24974001,-0.689702,0.331600,0.537808,-0.353718
24982334,-0.689633,0.331647,0.537856,-0.353733
24990667,-0.689660,0.331618,0.537847,-0.353723
24999000,-0.689661,0.331650,0.537863,-0.353665
25007333,-0.689585,0.331731,0.537890,-0.353697
25015666,-0.689574,0.331730,0.537884,-0.353727
25023999,-0.689617,0.331678,0.537882,-0.353695
25032332,-0.689655,0.331605,0.537883,-0.353688
25040665,-0.689570,0.331751,0.537905,-0.353684
25048998,-0.689568,0.331680,0.537904,-0.353756
25057331,-0.689620,0.331592,0.537911,-0.353729
25065664,-0.689578,0.331650,0.537936,-0.353716
25073997,-0.689542,0.331617,0.537965,-0.353774
25082330,-0.689589,0.331519,0.537942,-0.353810
25090663,-0.689570,0.331596,0.537959,-0.353747
25098996,-0.689570,0.331514,0.537948,-0.353842
25107329,-0.689569,0.331503,0.537954,-0.353844
25115662,-0.689638,0.331457,0.537940,-0.353773
25123995,-0.689599,0.331508,0.537944,-0.353797
25132328,-0.689579,0.331593,0.537946,-0.353752
25140661,-0.689637,0.331463,0.537897,-0.353836
25148994,-0.689633,0.331556,0.537880,-0.353783
25157327,-0.689627,0.331641,0.537859,-0.353746
25165660,-0.689658,0.331631,0.537862,-0.353689
25173993,-0.689629,0.331748,0.537876,-0.353616
25182326,-0.689639,0.331791,0.537853,-0.353592
25190659,-0.689672,0.331804,0.537807,-0.353586
25198992,-0.689725,0.331751,0.537806,-0.353532
25207325,-0.689732,0.331742,0.537768,-0.353586
25215658,-0.689663,0.331849,0.537800,-0.353570
25223991,-0.689648,0.331808,0.537792,-0.353649
25232324,-0.689614,0.331855,0.537864,-0.353565
25240657,-0.689556,0.331901,0.537895,-0.353586
25248990,-0.689611,0.331780,0.537861,-0.353643
25257323,-0.689813,0.331273,0.537626,-0.354084
25265656,-0.689586,0.331817,0.537794,-0.353761
25273989,-0.689572,0.331862,0.537825,-0.353699
25282322,-0.689516,0.331987,0.537857,-0.353642
25290655,-0.689717,0.331498,0.537597,-0.354103
25298988,-0.689497,0.331983,0.537842,-0.353705
25307321,-0.689738,0.331423,0.537590,-0.354143
25315654,-0.689575,0.331789,0.537781,-0.353827
25323987,-0.689495,0.331935,0.537845,-0.353749
25332320,-0.689704,0.331433,0.537636,-0.354131
25340653,-0.689616,0.331673,0.537782,-0.353855
25348986,-0.689543,0.331778,0.537809,-0.353858
25357319,-0.689564,0.331765,0.537836,-0.353788
25365652,-0.689722,0.331462,0.537725,-0.353933
25373985,-0.689705,0.331502,0.537731,-0.353919
25382318,-0.689694,0.331518,0.537712,-0.353954
25390651,-0.689609,0.331649,0.537765,-0.353917
25398984,-0.689613,0.331654,0.537768,-0.353901
25407317,-0.689608,0.331645,0.537779,-0.353902
25415650,-0.689607,0.331689,0.537797,-0.353834
25423983,-0.689663,0.331534,0.537738,-0.353959
25432316,-0.689544,0.331799,0.537842,-0.353785
25440649,-0.689537,0.331815,0.537830,-0.353802
25448982,-0.689583,0.331727,0.537797,-0.353845
25457315,-0.689539,0.331774,0.537818,-0.353856
25465648,-0.689718,0.331363,0.537604,-0.354218
25473981,-0.689777,0.331303,0.537566,-0.354216
25482314,-0.689616,0.331777,0.537711,-0.353864
25490647,-0.689473,0.332018,0.537785,-0.353805
25498980,-0.689409,0.332157,0.537890,-0.353642
25507313,-0.689516,0.331949,0.537833,-0.353714
25515646,-0.689642,0.331731,0.537706,-0.353866
25523979,-0.689496,0.331973,0.537797,-0.353784
25532312,-0.689751,0.331393,0.537498,-0.354285
25540645,-0.689769,0.331365,0.537479,-0.354305
25548978,-0.689718,0.331400,0.537519,-0.354310
25557311,-0.689754,0.331331,0.537510,-0.354318
25565644,-0.689493,0.332017,0.537811,-0.353728
25573977,-0.689416,0.332165,0.537877,-0.353639
25582310,-0.689463,0.332046,0.537883,-0.353649
25590643,-0.689526,0.331917,0.537810,-0.353758
25598976,-0.689390,0.332111,0.537884,-0.353730
25607309,-0.689445,0.331987,0.537835,-0.353812
25615642,-0.689617,0.331489,0.537624,-0.354266
25623975,-0.689512,0.331751,0.537725,-0.354071
25632308,-0.689578,0.331478,0.537592,-0.354401
25640641,-0.689381,0.331884,0.537832,-0.354039
25648974,-0.689304,0.332019,0.537865,-0.354012
25657307,-0.689307,0.332034,0.537918,-0.353913
25665640,-0.689328,0.331913,0.537881,-0.354040
25673973,-0.689326,0.331860,0.537904,-0.354058
25682306,-0.689315,0.331787,0.537907,-0.354143
25690639,-0.689306,0.331784,0.537903,-0.354170
25698972,-0.689330,0.331717,0.537920,-0.354162
25707305,-0.689359,0.331635,0.537920,-0.354180
25715638,-0.689365,0.331587,0.537907,-0.354235
25723971,-0.689363,0.331638,0.537885,-0.354226
25732304,-0.689381,0.331608,0.537847,-0.354274
25740637,-0.689568,0.331136,0.537615,-0.354703
25748970,-0.689715,0.330901,0.537497,-0.354816
25757303,-0.689696,0.330949,0.537486,-0.354825
25765636,-0.689700,0.330965,0.537473,-0.354821
25773969,-0.689661,0.331067,0.537501,-0.354761
25782302,-0.689452,0.331648,0.537760,-0.354232
25790635,-0.689653,0.331224,0.537540,-0.354571
25798968,-0.689520,0.331593,0.537691,-0.354256
25807301,-0.689641,0.331313,0.537531,-0.354523
25815634,-0.689502,0.331709,0.537685,-0.354190
25823967,-0.689428,0.331828,0.537748,-0.354128
25832300,-0.689688,0.331217,0.537472,-0.354611
25840633,-0.689505,0.331633,0.537694,-0.354242
25848966,-0.689447,0.331738,0.537734,-0.354197
25857299,-0.689493,0.331665,0.537711,-0.354211
25865632,-0.689440,0.331736,0.537736,-0.354209
25873965,-0.689394,0.331765,0.537762,-0.354231
25882298,-0.689382,0.331749,0.537775,-0.354251
25890631,-0.689437,0.331711,0.537704,-0.354287
25898964,-0.689463,0.331630,0.537716,-0.354294
25907297,-0.689710,0.330974,0.537420,-0.354875
25915630,-0.689787,0.330851,0.537356,-0.354937
25923963,-0.689548,0.331394,0.537631,-0.354477
25932296,-0.689459,0.331478,0.537705,-0.354461
25940629,-0.689422,0.331588,0.537784,-0.354310
25948962,-0.689516,0.331414,0.537692,-0.354428
25957295,-0.689671,0.331028,0.537499,-0.354782
25965628,-0.689626,0.331240,0.537604,-0.354511
25973961,-0.689608,0.331251,0.537630,-0.354497
25982294,-0.689566,0.331401,0.537667,-0.354381
25990627,-0.689601,0.331331,0.537635,-0.354427
25998960,-0.689786,0.330900,0.537388,-0.354845
26007293,-0.689671,0.331193,0.537570,-0.354520
26015626,-0.689774,0.330900,0.537411,-0.354832
26023959,-0.689568,0.331385,0.537641,-0.354432
26032292,-0.689530,0.331461,0.537693,-0.354357
26040625,-0.689530,0.331505,0.537678,-0.354337
26048958,-0.689582,0.331421,0.537641,-0.354371
26057291,-0.689608,0.331362,0.537631,-0.354392
26065624,-0.689725,0.331006,0.537468,-0.354744
26073957,-0.689648,0.331253,0.537573,-0.354503
26082290,-0.689712,0.331037,0.537428,-0.354799
26090623,-0.689567,0.331416,0.537609,-0.354454
26098956,-0.689694,0.331072,0.537450,-0.354769
26107289,-0.689483,0.331492,0.537691,-0.354422
26115622,-0.689553,0.331354,0.537668,-0.354450
26123955,-0.689682,0.331007,0.537451,-0.354851
26132288,-0.689740,0.330862,0.537381,-0.354981
26140621,-0.689758,0.330741,0.537352,-0.355101
26148954,-0.689784,0.330638,0.537339,-0.355165
26157287,-0.689720,0.330770,0.537386,-0.355098
26165620,-0.689727,0.330736,0.537351,-0.355168
26173953,-0.689718,0.330733,0.537338,-0.355208
26182286,-0.689730,0.330683,0.537316,-0.355266
26190619,-0.689772,0.330614,0.537275,-0.355309
26198952,-0.689763,0.330572,0.537276,-0.355364
26207285,-0.689499,0.331202,0.537656,-0.354714
26215618,-0.689601,0.330977,0.537556,-0.354878
26223951,-0.689681,0.330799,0.537424,-0.355088
26232284,-0.689639,0.330848,0.537384,-0.355185
26240617,-0.689637,0.330796,0.537349,-0.355290
26248950,-0.689407,0.331339,0.537661,-0.354757
26257283,-0.689563,0.330901,0.537472,-0.355149
26265616,-0.689690,0.330702,0.537383,-0.355223
26273949,-0.689444,0.331246,0.537633,-0.354816
26282282,-0.689625,0.330712,0.537433,-0.355263
26290615,-0.689620,0.330702,0.537394,-0.355341
26298948,-0.689660,0.330586,0.537340,-0.355455
26307281,-0.689622,0.330659,0.537327,-0.355481
26315614,-0.689703,0.330526,0.537239,-0.355579
26323947,-0.689678,0.330637,0.537159,-0.355646
26332280,-0.689711,0.330653,0.537065,-0.355709
26340613,-0.689635,0.330870,0.537047,-0.355681
26348946,-0.689660,0.330971,0.536852,-0.355833
26357279,-0.689626,0.331261,0.536699,-0.355860
26365612,-0.689231,0.332447,0.536960,-0.355125
26373945,-0.689190,0.332899,0.536776,-0.355059
26382278,-0.689202,0.333354,0.536483,-0.355053
26390611,-0.689199,0.333830,0.536238,-0.354980
26398944,-0.689076,0.334678,0.536068,-0.354677
26407277,-0.689061,0.335219,0.535774,-0.354641
26415610,-0.689111,0.335812,0.535380,-0.354576
26423943,-0.689081,0.336603,0.535054,-0.354376
26432276,-0.689197,0.336991,0.534608,-0.354455
26440609,-0.689067,0.338004,0.534412,-0.354038
26448942,-0.689210,0.338478,0.533978,-0.353963
26457275,-0.689378,0.338828,0.533549,-0.353949
26465608,-0.689380,0.339494,0.533341,-0.353620
26473941,-0.689404,0.340173,0.533103,-0.353278
26482274,-0.689540,0.340549,0.532820,-0.353078
26490607,-0.689638,0.340831,0.532590,-0.352961
26498940,-0.689785,0.340984,0.532376,-0.352850
26507273,-0.690209,0.340529,0.531800,-0.353327
26515606,-0.690351,0.340892,0.531696,-0.352857
26523939,-0.690341,0.341366,0.531683,-0.352436
26532272,-0.690627,0.341385,0.531402,-0.352281
26540605,-0.690838,0.341612,0.531133,-0.352052
26548938,-0.691129,0.341658,0.530852,-0.351863
26557271,-0.691379,0.341628,0.530633,-0.351731
26565604,-0.691689,0.341461,0.530392,-0.351646
26573937,-0.691977,0.341425,0.530174,-0.351442
26582270,-0.692256,0.341458,0.529929,-0.351230
26590603,-0.692549,0.341380,0.529722,-0.351041
26598936,-0.692689,0.341531,0.529693,-0.350662
26607269,-0.692988,0.341377,0.529509,-0.350499
26615602,-0.693176,0.341424,0.529438,-0.350189
26623935,-0.693381,0.341381,0.529338,-0.349976
26632268,-0.693848,0.340768,0.528935,-0.350257
26640601,-0.694159,0.340579,0.528606,-0.350322
26648934,-0.694315,0.340566,0.528579,-0.350065
26657267,-0.694503,0.340366,0.528517,-0.349980
26665600,-0.694850,0.340113,0.528266,-0.349918
26673933,-0.695112,0.340037,0.528093,-0.349731
26682266,-0.695287,0.340039,0.528093,-0.349381
26690599,-0.695500,0.340035,0.527937,-0.349197
26698932,-0.695703,0.339972,0.527827,-0.349020
26707265,-0.695761,0.340076,0.527834,-0.348792
26715598,-0.695823,0.340066,0.527900,-0.348578
26723931,-0.695835,0.340045,0.527924,-0.348538
26732264,-0.695931,0.339978,0.527909,-0.348435
26740597,-0.695922,0.340060,0.528007,-0.348224
26748930,-0.695900,0.340027,0.528128,-0.348117
26757263,-0.695926,0.339917,0.528167,-0.348113
26765596,-0.695925,0.339923,0.528133,-0.348161
26773929,-0.695901,0.339885,0.528199,-0.348147
26782262,-0.695934,0.339805,0.528222,-0.348124
26790595,-0.695862,0.339896,0.528309,-0.348048
26798928,-0.695861,0.339864,0.528415,-0.347921
26807261,-0.695847,0.339846,0.528500,-0.347836
26815594,-0.695861,0.339850,0.528518,-0.347776
26823927,-0.695852,0.339831,0.528574,-0.347728
26832260,-0.695823,0.339846,0.528611,-0.347715
26840593,-0.695760,0.339777,0.528679,-0.347805
26848926,-0.695745,0.339571,0.528719,-0.347976
26857259,-0.695800,0.339264,0.528680,-0.348224
26865592,-0.695725,0.339017,0.528726,-0.348545
26873925,-0.695650,0.338861,0.528784,-0.348757
26882258,-0.695609,0.338814,0.528838,-0.348802
26890591,-0.695691,0.338661,0.528864,-0.348748
26898924,-0.695698,0.338449,0.528864,-0.348941
26907257,-0.695708,0.338136,0.528920,-0.349138
26915590,-0.695734,0.337946,0.528936,-0.349247
26923923,-0.695644,0.338055,0.529043,-0.349158
26932256,-0.695567,0.338194,0.529137,-0.349036
26940589,-0.695642,0.337921,0.529051,-0.349280
26948922,-0.695559,0.338024,0.529166,-0.349171
26957255,-0.695566,0.338002,0.529152,-0.349201
26965588,-0.695646,0.337876,0.529012,-0.349375
26973921,-0.695610,0.337811,0.529053,-0.349448
26982254,-0.695483,0.337834,0.529077,-0.349641
26990587,-0.695377,0.337972,0.529134,-0.349633
26998920,-0.695342,0.338028,0.529181,-0.349578
27007253,-0.695251,0.338137,0.529252,-0.349545
27015586,-0.695208,0.338056,0.529334,-0.349584
27023919,-0.695057,0.338182,0.529424,-0.349627
27032252,-0.694997,0.338196,0.529446,-0.349700
27040585,-0.694842,0.338328,0.529606,-0.349637
27048918,-0.694568,0.338631,0.529879,-0.349475
27057251,-0.694344,0.338808,0.530109,-0.349399
27065584,-0.694307,0.338562,0.530221,-0.349543
27073917,-0.694120,0.338486,0.530377,-0.349751
27082250,-0.694006,0.338528,0.530480,-0.349780
27090583,-0.693876,0.338579,0.530660,-0.349715
27098916,-0.693725,0.338725,0.530794,-0.349670
27107249,-0.693614,0.338826,0.530907,-0.349620
27115582,-0.693543,0.338781,0.531056,-0.349578
27123915,-0.693438,0.338784,0.531222,-0.349532
27132248,-0.693293,0.338873,0.531406,-0.349455
27140581,-0.693191,0.338870,0.531578,-0.349397
27148914,-0.693081,0.338886,0.531668,-0.349463
27157247,-0.692990,0.338824,0.531843,-0.349437
27165580,-0.692879,0.338787,0.532019,-0.349425
27173913,-0.692721,0.338754,0.532148,-0.349574
27182246,-0.692576,0.338765,0.532278,-0.349652
27190579,-0.692478,0.338792,0.532392,-0.349647
27198912,-0.692387,0.338798,0.532530,-0.349611
27207245,-0.692442,0.338582,0.532490,-0.349773
27215578,-0.692354,0.338680,0.532607,-0.349674
27223911,-0.692187,0.338885,0.532791,-0.349526
27232244,-0.692109,0.338897,0.532884,-0.349526
27240577,-0.692081,0.338928,0.532976,-0.349412
27248910,-0.692004,0.338911,0.533092,-0.349402
27257243,-0.691887,0.338883,0.533253,-0.349415
27265576,-0.691798,0.338935,0.533342,-0.349406
27273909,-0.691756,0.338974,0.533404,-0.349358
27282242,-0.691705,0.338951,0.533453,-0.349406
27290575,-0.691649,0.338711,0.533550,-0.349600
27298908,-0.691642,0.338646,0.533590,-0.349618
27307241,-0.691556,0.338719,0.533636,-0.349646
27315574,-0.691496,0.338598,0.533676,-0.349821
27323907,-0.691460,0.338547,0.533674,-0.349943
27332240,-0.691326,0.338423,0.533820,-0.350106
27340573,-0.691319,0.338306,0.533805,-0.350256
27348906,-0.691296,0.338193,0.533791,-0.350432
27357239,-0.691202,0.338120,0.533824,-0.350637
27365572,-0.691155,0.337911,0.533867,-0.350866
27373905,-0.691100,0.337696,0.533874,-0.351172
27382238,-0.691007,0.337590,0.533931,-0.351368
27390571,-0.690926,0.337354,0.533925,-0.351764
27398904,-0.690821,0.337192,0.533950,-0.352086
27407237,-0.690746,0.336854,0.533998,-0.352486
27415570,-0.690654,0.336733,0.534013,-0.352757
27423903,-0.690602,0.336537,0.534014,-0.353044
27432236,-0.690513,0.336323,0.534039,-0.353385
27440569,-0.690435,0.336106,0.534071,-0.353696
27448902,-0.690328,0.335933,0.534122,-0.353992
27457235,-0.690227,0.335675,0.534189,-0.354332
27465568,-0.690162,0.335525,0.534252,-0.354506
27473901,-0.690081,0.335333,0.534285,-0.354795
27482234,-0.689977,0.335156,0.534363,-0.355047
27490567,-0.689908,0.334847,0.534428,-0.355375
27498900,-0.689804,0.334648,0.534528,-0.355614
27507233,-0.689726,0.334662,0.534567,-0.355693
27515566,-0.689651,0.334565,0.534629,-0.355837
27523899,-0.689599,0.334474,0.534659,-0.355978
27532232,-0.689497,0.334349,0.534755,-0.356149
27540565,-0.689376,0.334422,0.534861,-0.356155
27548898,-0.689294,0.334428,0.534947,-0.356179
27557231,-0.689153,0.334437,0.535090,-0.356228
27565564,-0.689157,0.334673,0.535056,-0.356048
27573897,-0.689083,0.334722,0.535101,-0.356080
27582230,-0.688950,0.334958,0.535220,-0.355936
27590563,-0.688748,0.335135,0.535414,-0.355869
27598896,-0.688826,0.335249,0.535294,-0.355790
27607229,-0.688690,0.335590,0.535371,-0.355617
27615562,-0.688521,0.335621,0.535537,-0.355663
27623895,-0.688341,0.335790,0.535639,-0.355699
27632228,-0.688213,0.336058,0.535713,-0.355584
27640561,-0.688092,0.336318,0.535813,-0.355420
27648894,-0.688064,0.336499,0.535807,-0.355313
27657227,-0.687979,0.336772,0.535823,-0.355195
27665560,-0.687789,0.337163,0.535976,-0.354961
27673893,-0.687759,0.337481,0.536010,-0.354664
27682226,-0.687794,0.337646,0.535953,-0.354526
27690559,-0.687696,0.337949,0.536046,-0.354288
27698892,-0.687523,0.338212,0.536235,-0.354086
27707225,-0.687456,0.338420,0.536318,-0.353892
27715558,-0.687337,0.338580,0.536377,-0.353879
27723891,-0.687252,0.338827,0.536441,-0.353712
27732224,-0.686994,0.339296,0.536558,-0.353586
27740557,-0.686944,0.339285,0.536567,-0.353679
27748890,-0.686788,0.339544,0.536759,-0.353442
27757223,-0.686624,0.339410,0.536941,-0.353615
27765556,-0.686480,0.339508,0.537006,-0.353700
27773889,-0.686335,0.339566,0.537101,-0.353782
27782222,-0.686241,0.339577,0.537178,-0.353837
27790555,-0.686197,0.339423,0.537189,-0.354052
27798888,-0.686087,0.339435,0.537297,-0.354092
27807221,-0.685917,0.339583,0.537490,-0.353987
27815554,-0.685734,0.339768,0.537477,-0.354182
27823887,-0.685642,0.339697,0.537553,-0.354312
27832220,-0.685574,0.339654,0.537577,-0.354449
27840553,-0.685573,0.339515,0.537554,-0.354620
27848886,-0.685461,0.339606,0.537649,-0.354603
27857219,-0.685355,0.339695,0.537746,-0.354577
27865552,-0.685278,0.339714,0.537810,-0.354611
27873885,-0.685203,0.339749,0.537868,-0.354635
27882218,-0.685215,0.339606,0.537824,-0.354813
27890551,-0.685065,0.339696,0.537961,-0.354809
27898884,-0.685009,0.339744,0.538007,-0.354803
27907217,-0.684879,0.339891,0.538169,-0.354666
27915550,-0.684802,0.339865,0.538167,-0.354843
27923883,-0.684695,0.339932,0.538270,-0.354831
27932216,-0.684630,0.339875,0.538370,-0.354859
27940549,-0.684548,0.339899,0.538389,-0.354965
27948882,-0.684443,0.339910,0.538455,-0.355056
27957215,-0.684287,0.340008,0.538646,-0.354973
27965548,-0.684277,0.339980,0.538589,-0.355106
27973881,-0.684164,0.340077,0.538692,-0.355075
27982214,-0.684116,0.340013,0.538676,-0.355253
27990547,-0.684028,0.339994,0.538756,-0.355318
27998880,-0.683917,0.340045,0.538853,-0.355337
28007213,-0.683857,0.340124,0.538918,-0.355280
28015546,-0.683770,0.339821,0.539046,-0.355541
28023879,-0.683644,0.339877,0.539139,-0.355590
28032212,-0.683568,0.339922,0.539226,-0.355561
28040545,-0.683531,0.339959,0.539260,-0.355544
28048878,-0.683469,0.340119,0.539302,-0.355448
28057211,-0.683416,0.340402,0.539324,-0.355244
28065544,-0.683354,0.340269,0.539367,-0.355426
28073877,-0.683296,0.340366,0.539368,-0.355443
28082210,-0.683264,0.340400,0.539429,-0.355379
28090543,-0.683221,0.340661,0.539473,-0.355146
28098876,-0.683153,0.340880,0.539513,-0.355005
28107209,-0.683124,0.340933,0.539527,-0.354988
28115542,-0.683112,0.340968,0.539523,-0.354983
28123875,-0.683108,0.340956,0.539505,-0.355029
28132208,-0.683064,0.340958,0.539551,-0.355043
28140541,-0.683139,0.340905,0.539475,-0.355065
28148874,-0.683017,0.341210,0.539556,-0.354885
28157207,-0.682956,0.341229,0.539560,-0.354978
28165540,-0.682948,0.341362,0.539561,-0.354863
28173873,-0.682855,0.341488,0.539668,-0.354759
28182206,-0.682851,0.341349,0.539635,-0.354950
28190539,-0.682839,0.341347,0.539655,-0.354945
28198872,-0.682794,0.341305,0.539708,-0.354991
28207205,-0.682889,0.341034,0.539631,-0.355185
28215538,-0.682771,0.341231,0.539722,-0.355084
28223871,-0.682744,0.341232,0.539756,-0.355085
28232204,-0.682839,0.341122,0.539648,-0.355172
28240537,-0.682723,0.341297,0.539711,-0.355131
28248870,-0.682679,0.341191,0.539727,-0.355294
28257203,-0.682644,0.341195,0.539750,-0.355321
28265536,-0.682676,0.341079,0.539759,-0.355358
28273869,-0.682672,0.340975,0.539772,-0.355444
28282202,-0.682721,0.340751,0.539732,-0.355625
28290535,-0.682622,0.340842,0.539833,-0.355576
28298868,-0.682579,0.340703,0.539880,-0.355720
28307201,-0.682556,0.340577,0.539913,-0.355834
28315534,-0.682591,0.340471,0.539861,-0.355949
28323867,-0.682522,0.340328,0.539944,-0.356091
28332200,-0.682512,0.340383,0.539938,-0.356067
28340533,-0.682461,0.340230,0.539990,-0.356232
28348866,-0.682533,0.340082,0.539967,-0.356271
28357199,-0.682525,0.340091,0.539971,-0.356271
28365532,-0.682663,0.339811,0.539863,-0.356437
28373865,-0.682586,0.339945,0.539904,-0.356396
28382198,-0.682540,0.340049,0.539917,-0.356364
28390531,-0.682559,0.340082,0.539910,-0.356308
28398864,-0.682510,0.340181,0.539967,-0.356221
28407197,-0.682552,0.340136,0.539909,-0.356271
28415530,-0.682573,0.340089,0.539893,-0.356299
28423863,-0.682541,0.340241,0.539936,-0.356150
28432196,-0.682592,0.340139,0.539838,-0.356299
28440529,-0.682632,0.340072,0.539804,-0.356337
28448862,-0.682636,0.340074,0.539843,-0.356269
28457195,-0.682666,0.340043,0.539795,-0.356313
28465528,-0.682625,0.340088,0.539867,-0.356240
28473861,-0.682693,0.339856,0.539768,-0.356481
28482194,-0.682684,0.339885,0.539793,-0.356433
28490527,-0.682731,0.339750,0.539764,-0.356515
28498860,-0.682733,0.339740,0.539757,-0.356532
28507193,-0.682775,0.339669,0.539684,-0.356630
28515526,-0.682718,0.339763,0.539743,-0.356560
28523859,-0.682612,0.339909,0.539824,-0.356500
28532192,-0.682673,0.339815,0.539760,-0.356571
28540525,-0.682876,0.339947,0.539630,-0.356251
28548858,-0.682766,0.339691,0.539730,-0.356555
28557191,-0.682818,0.339485,0.539653,-0.356770
28565524,-0.682783,0.339490,0.539721,-0.356727
28573857,-0.682773,0.339472,0.539694,-0.356806
28582190,-0.682791,0.339408,0.539670,-0.356868
28590523,-0.682883,0.339135,0.539595,-0.357065
28598856,-0.682882,0.339073,0.539634,-0.357068
28607189,-0.682769,0.339115,0.539812,-0.356976
28615522,-0.682881,0.338798,0.539699,-0.357231
28623855,-0.682843,0.338789,0.539742,-0.357248
28632188,-0.683018,0.338943,0.539556,-0.357049
28640521,-0.683141,0.338688,0.539430,-0.357246
28648854,-0.682863,0.338719,0.539702,-0.357336
28657187,-0.682910,0.338584,0.539625,-0.357490
28665520,-0.682889,0.338700,0.539665,-0.357360
28673853,-0.682979,0.338598,0.539522,-0.357500
28682186,-0.682943,0.338706,0.539573,-0.357392
28690519,-0.682958,0.338730,0.539531,-0.357404
28698852,-0.683031,0.338631,0.539455,-0.357473
28707185,-0.683077,0.338688,0.539425,-0.357376
28715518,-0.683158,0.338534,0.539343,-0.357489
28723851,-0.683030,0.338907,0.539509,-0.357130
28732184,-0.683054,0.338994,0.539455,-0.357084
28740517,-0.683102,0.338929,0.539376,-0.357173
28748850,-0.683082,0.339046,0.539414,-0.357043
28757183,-0.683236,0.339235,0.539222,-0.356859
28765516,-0.683107,0.339181,0.539369,-0.356935
28773849,-0.683256,0.339184,0.539176,-0.356939
28782182,-0.683117,0.339081,0.539319,-0.357086
28790515,-0.683215,0.339238,0.539206,-0.356920
28798848,-0.683065,0.339351,0.539395,-0.356813
28807181,-0.683166,0.339012,0.539234,-0.357186
28815514,-0.683218,0.338877,0.539143,-0.357353
28823847,-0.683253,0.339190,0.539117,-0.357027
28832180,-0.683094,0.339157,0.539328,-0.357046
28840513,-0.683152,0.338825,0.539249,-0.357367
28848846,-0.683146,0.338792,0.539275,-0.357371
28857179,-0.683060,0.338979,0.539343,-0.357255
28865512,-0.683140,0.338753,0.539249,-0.357458
28873845,-0.683174,0.338596,0.539205,-0.357608
28882178,-0.683193,0.338573,0.539205,-0.357594
28890511,-0.683120,0.338604,0.539304,-0.357556
28898844,-0.683168,0.338529,0.539254,-0.357612
28907177,-0.683146,0.338588,0.539297,-0.357531
28915510,-0.683210,0.338526,0.539252,-0.357536
28923843,-0.683227,0.338501,0.539195,-0.357612
28932176,-0.683200,0.338524,0.539258,-0.357547
28940509,-0.683102,0.338743,0.539357,-0.357378
28948842,-0.683252,0.338549,0.539190,-0.357526
28957175,-0.683269,0.338517,0.539180,-0.357539
28965508,-0.683254,0.338610,0.539213,-0.357432
28973841,-0.683211,0.338690,0.539237,-0.357400
28982174,-0.683297,0.338545,0.539118,-0.357554
28990507,-0.683260,0.338489,0.539106,-0.357695
28998840,-0.683295,0.338539,0.539089,-0.357605
29007173,-0.683200,0.338792,0.539190,-0.357396
29015506,-0.683290,0.338689,0.539068,-0.357504
29023839,-0.683308,0.338642,0.539068,-0.357516
29032172,-0.683329,0.338615,0.539026,-0.357565
29040505,-0.683245,0.338685,0.539128,-0.357506
29048838,-0.683308,0.338574,0.539045,-0.357614
29057171,-0.683328,0.338443,0.539013,-0.357749
29065504,-0.683335,0.338404,0.538983,-0.357817
29073837,-0.683311,0.338374,0.539029,-0.357821
29082170,-0.683271,0.338437,0.539082,-0.357758
29090503,-0.683305,0.338335,0.539033,-0.357865
29098836,-0.683246,0.338346,0.539092,-0.357878
29107169,-0.683313,0.338203,0.538993,-0.358035
29115502,-0.683361,0.338101,0.538971,-0.358073
29123835,-0.683254,0.338304,0.539108,-0.357879
29132168,-0.683352,0.338154,0.538995,-0.358002
29140501,-0.683420,0.338088,0.538901,-0.358077
29148834,-0.683395,0.338035,0.538938,-0.358118
29157167,-0.683405,0.337998,0.538910,-0.358177
29165500,-0.683369,0.338080,0.538977,-0.358067
29173833,-0.683415,0.337979,0.538915,-0.358169
29182166,-0.683381,0.338043,0.538929,-0.358151
29190499,-0.683401,0.337910,0.538925,-0.358245
29198832,-0.683421,0.337867,0.538912,-0.358267
29207165,-0.683454,0.337849,0.538892,-0.358252
29215498,-0.683398,0.337896,0.538949,-0.358228
29223831,-0.683406,0.337867,0.538936,-0.358262
29232164,-0.683431,0.337803,0.538932,-0.358279
29240497,-0.683438,0.337874,0.538909,-0.358234
29248830,-0.683431,0.337813,0.538921,-0.358287
29257163,-0.683434,0.337813,0.538908,-0.358299
29265496,-0.683404,0.337834,0.538919,-0.358319
29273829,-0.683450,0.337842,0.538895,-0.358260
29282162,-0.683388,0.338019,0.539000,-0.358055
29290495,-0.683435,0.338016,0.538942,-0.358056
29298828,-0.683385,0.338133,0.538996,-0.357958
29307161,-0.683404,0.338115,0.538986,-0.357956
29315494,-0.683452,0.337989,0.538888,-0.358129
29323827,-0.683500,0.337982,0.538811,-0.358159
29332160,-0.683491,0.337923,0.538809,-0.358234
29340493,-0.683463,0.337950,0.538818,-0.358249
29348826,-0.683435,0.337938,0.538860,-0.358252
29357159,-0.683356,0.338100,0.538933,-0.358139
29365492,-0.683319,0.338139,0.538988,-0.358090
29373825,-0.683370,0.338015,0.538895,-0.358249
29382158,-0.683226,0.338240,0.539021,-0.358122
29390491,-0.683326,0.338069,0.538916,-0.358253
29398824,-0.683323,0.337981,0.538895,-0.358373
29407157,-0.683347,0.337930,0.538868,-0.358416
29415490,-0.683343,0.337904,0.538864,-0.358454
29423823,-0.683302,0.337961,0.538898,-0.358425
29432156,-0.683214,0.338116,0.538968,-0.358343
29440489,-0.683269,0.338041,0.538920,-0.358380
29448822,-0.683286,0.337962,0.538885,-0.358476
29457155,-0.683293,0.337941,0.538881,-0.358487
29465488,-0.683313,0.337954,0.538875,-0.358445
29473821,-0.683312,0.337894,0.538873,-0.358508
29482154,-0.683302,0.337957,0.538876,-0.358464
29490487,-0.683304,0.337989,0.538886,-0.358414
29498820,-0.683305,0.338010,0.538866,-0.358423
29507153,-0.683300,0.338071,0.538834,-0.358423
29515486,-0.683307,0.338042,0.538832,-0.358439
29523819,-0.683306,0.338071,0.538848,-0.358391
29532152,-0.683293,0.338158,0.538846,-0.358337
29540485,-0.683304,0.338135,0.538812,-0.358388
29548818,-0.683277,0.338210,0.538832,-0.358339
29557151,-0.683276,0.338160,0.538849,-0.358363
29565484,-0.683086,0.338530,0.539008,-0.358137
29573817,-0.683086,0.338498,0.538989,-0.358194
29582150,-0.683162,0.338362,0.538912,-0.358294
29590483,-0.683196,0.338385,0.538847,-0.358305
29598816,-0.683197,0.338398,0.538850,-0.358288
29607149,-0.683121,0.338601,0.538946,-0.358097
29615482,-0.683163,0.338579,0.538865,-0.358158
29623815,-0.683159,0.338634,0.538793,-0.358222
29632148,-0.683171,0.338620,0.538761,-0.358260
29640481,-0.683161,0.338716,0.538754,-0.358200
29648814,-0.683092,0.338866,0.538801,-0.358118
29657147,-0.683046,0.339020,0.538811,-0.358045
29665480,-0.683153,0.338919,0.538687,-0.358122
29673813,-0.683115,0.339123,0.538803,-0.357829
29682146,-0.683227,0.339005,0.538646,-0.357963
29690479,-0.683164,0.339181,0.538633,-0.357935
29698812,-0.683198,0.339242,0.538551,-0.357936
29707145,-0.683224,0.339405,0.538496,-0.357815
29715478,-0.683270,0.339387,0.538403,-0.357883
29723811,-0.683442,0.339231,0.538217,-0.357984
29732144,-0.683357,0.339261,0.538139,-0.358234
29740477,-0.683423,0.339356,0.538020,-0.358196
29748810,-0.683433,0.339568,0.537932,-0.358109
29757143,-0.683534,0.339660,0.537841,-0.357966
29765476,-0.683488,0.339931,0.537865,-0.357759
29773809,-0.683558,0.339992,0.537798,-0.357669
29782142,-0.683492,0.340308,0.537853,-0.357412
29790475,-0.683464,0.340527,0.537911,-0.357170
29798808,-0.683451,0.340704,0.537936,-0.356989
29807141,-0.683409,0.340885,0.537966,-0.356849
29815474,-0.683311,0.341139,0.538016,-0.356720
29823807,-0.683174,0.341545,0.538110,-0.356452
29832140,-0.682982,0.341984,0.538222,-0.356230
29840473,-0.682881,0.342239,0.538214,-0.356192
29848806,-0.682762,0.342452,0.538264,-0.356137
29857139,-0.682654,0.342763,0.538343,-0.355926
29865472,-0.682622,0.342974,0.538310,-0.355835
29873805,-0.682647,0.343055,0.538204,-0.355870
29882138,-0.682795,0.343099,0.537986,-0.355872
29890471,-0.682809,0.343352,0.537924,-0.355695
29898804,-0.682811,0.343396,0.537927,-0.355645
29907137,-0.682846,0.343422,0.537862,-0.355649
29915470,-0.683062,0.343160,0.537643,-0.355820
29923803,-0.683212,0.342984,0.537505,-0.355911
29932136,-0.683509,0.342590,0.537255,-0.356097
29940469,-0.683824,0.342145,0.536945,-0.356387
29948802,-0.684144,0.341722,0.536646,-0.356630
29957135,-0.684376,0.341458,0.536408,-0.356793
29965468,-0.684538,0.341272,0.536113,-0.357105
29973801,-0.684714,0.341106,0.535934,-0.357193
29982134,-0.684934,0.340991,0.535742,-0.357170
29990467,-0.685204,0.340770,0.535545,-0.357159
29998800,-0.685431,0.340566,0.535386,-0.357157
30007133,-0.685700,0.340333,0.535219,-0.357115
30015466,-0.685983,0.340083,0.534999,-0.357138
30023799,-0.686268,0.339812,0.534780,-0.357176
30032132,-0.686490,0.339786,0.534578,-0.357076
30040465,-0.686711,0.339664,0.534308,-0.357172
30048798,-0.686867,0.339696,0.534208,-0.356991
30057131,-0.687092,0.339636,0.533994,-0.356936
30065464,-0.687171,0.339796,0.533862,-0.356827
30073797,-0.687297,0.340006,0.533740,-0.356567
30082130,-0.687370,0.340248,0.533789,-0.356122
30090463,-0.687407,0.340459,0.533772,-0.355876
30098796,-0.687390,0.340566,0.533873,-0.355653
30107129,-0.687398,0.340668,0.533953,-0.355421
30115462,-0.687417,0.340885,0.533953,-0.355177
30123795,-0.687472,0.340922,0.533863,-0.355168
30132128,-0.687460,0.341005,0.533738,-0.355299
30140461,-0.687306,0.341159,0.533806,-0.355348
30148794,-0.687175,0.341301,0.533718,-0.355597
30157127,-0.687227,0.341259,0.533559,-0.355776
30165460,-0.687160,0.341360,0.533496,-0.355902
30173793,-0.687162,0.341313,0.533422,-0.356055
30182126,-0.687213,0.341205,0.533236,-0.356338
30190459,-0.687172,0.341217,0.533187,-0.356480
30198792,-0.687174,0.341199,0.533210,-0.356460
30207125,-0.687242,0.341019,0.533088,-0.356680
30215458,-0.687214,0.340988,0.532976,-0.356933
30223791,-0.687232,0.340751,0.532796,-0.357392
30232124,-0.687157,0.340697,0.532712,-0.357713
30240457,-0.687120,0.340699,0.532574,-0.357989
30248790,-0.687160,0.340470,0.532364,-0.358442
30257123,-0.687122,0.340360,0.532302,-0.358710
30265456,-0.687154,0.340193,0.532119,-0.359079
30273789,-0.687109,0.340193,0.531851,-0.359561
30282122,-0.687152,0.340215,0.531645,-0.359762
30290455,-0.687231,0.340274,0.531300,-0.360067
30298788,-0.687326,0.340309,0.530933,-0.360393
30307121,-0.687261,0.340748,0.530654,-0.360512
30315454,-0.687413,0.341106,0.530155,-0.360618
30323787,-0.687710,0.341607,0.529465,-0.360592
30332120,-0.688193,0.341864,0.528467,-0.360891
30340453,-0.688525,0.342620,0.527340,-0.361190
30348786,-0.688912,0.343582,0.525954,-0.361558
30357119,-0.689187,0.344431,0.524447,-0.362415
30365452,-0.689581,0.345237,0.522906,-0.363124
30373785,-0.690031,0.345652,0.521279,-0.364210
30382118,-0.690543,0.345461,0.519676,-0.365709
30390451,-0.691434,0.344485,0.517511,-0.368011
30398784,-0.692451,0.343292,0.515486,-0.370050
30407117,-0.693542,0.341848,0.513475,-0.372134
30415450,-0.694951,0.339586,0.511016,-0.374949
30423783,-0.697099,0.336187,0.508056,-0.378034
30432116,-0.699696,0.332006,0.504695,-0.381419
30440449,-0.702579,0.327214,0.501354,-0.384652
30448782,-0.705880,0.321645,0.497677,-0.388067
30457115,-0.709580,0.315600,0.493820,-0.391197
30465448,-0.713535,0.309198,0.489717,-0.394260
30473781,-0.717876,0.301683,0.485290,-0.397662
30482114,-0.722073,0.294782,0.481364,-0.400003
30490447,-0.726407,0.287513,0.477393,-0.402201
30498780,-0.730977,0.279400,0.473542,-0.404187
30507113,-0.735167,0.272174,0.470242,-0.405367
30515446,-0.739466,0.264774,0.466909,-0.406301
30523779,-0.743745,0.256784,0.463710,-0.407282
30532112,-0.748202,0.248754,0.460428,-0.407824
30540445,-0.752675,0.240230,0.457241,-0.408289
30548778,-0.756855,0.231864,0.454430,-0.408538
30557111,-0.760952,0.223745,0.452020,-0.408128
30565444,-0.765102,0.214902,0.449671,-0.407716
30573777,-0.769487,0.205187,0.447094,-0.407301
30582110,-0.773747,0.195343,0.444715,-0.406676
30590443,-0.777867,0.185160,0.442431,-0.406071
30598776,-0.781758,0.174984,0.440465,-0.405248
30607109,-0.785523,0.164283,0.438648,-0.404417
30615442,-0.789183,0.153506,0.437113,-0.403186
30623775,-0.792927,0.142294,0.435741,-0.401433
30632108,-0.795970,0.132408,0.435150,-0.399430
30640441,-0.799246,0.120458,0.434105,-0.397804
30648774,-0.802323,0.108700,0.433480,-0.395672
30657107,-0.805019,0.097347,0.433376,-0.393260
30665440,-0.807599,0.086235,0.433288,-0.390650
30673773,-0.809754,0.074947,0.433774,-0.387972
30682106,-0.811791,0.064425,0.434749,-0.384497
30690439,-0.813461,0.054447,0.436322,-0.380711
30698772,-0.814921,0.044260,0.437870,-0.377114
30707105,-0.816267,0.034937,0.439575,-0.373177
30715438,-0.817365,0.026190,0.441879,-0.368744
30723771,-0.818342,0.017833,0.444129,-0.364347
30732104,-0.819056,0.009891,0.446785,-0.359767
30740437,-0.819702,0.002170,0.449601,-0.354883
30748770,-0.820069,-0.005169,0.452610,-0.350150
30757103,-0.820106,-0.012589,0.455845,-0.345648
30765436,-0.819965,-0.019980,0.459362,-0.340948
30773769,-0.819437,-0.027425,0.463192,-0.336488
30782102,-0.818590,-0.035161,0.467155,-0.332325
30790435,-0.817429,-0.042284,0.471637,-0.327994
30798768,-0.816080,-0.048914,0.476066,-0.324008
30807101,-0.814707,-0.055297,0.480563,-0.319772
30815434,-0.813265,-0.060491,0.485111,-0.315609
30823767,-0.811694,-0.065127,0.489702,-0.311615
30832100,-0.810165,-0.068841,0.494309,-0.307494
30840433,-0.808501,-0.072405,0.499065,-0.303344
30848766,-0.806862,-0.075745,0.503563,-0.299434
30857099,-0.804823,-0.078086,0.508611,-0.295766
30865432,-0.802738,-0.079298,0.513785,-0.292145
30873765,-0.800774,-0.079926,0.518820,-0.288441
30882098,-0.798583,-0.080475,0.523922,-0.285122
30890431,-0.796263,-0.079278,0.529635,-0.281367
30898764,-0.794220,-0.079530,0.534303,-0.278228
30907097,-0.792129,-0.077123,0.539525,-0.274765
30915430,-0.790344,-0.075452,0.543976,-0.271575
30923763,-0.788847,-0.071911,0.548382,-0.268003
30932096,-0.787516,-0.067995,0.552399,-0.264671
30940429,-0.786553,-0.064139,0.555793,-0.261371
30948762,-0.785713,-0.060617,0.558728,-0.258464
30957095,-0.785034,-0.057391,0.561110,-0.256094
30965428,-0.784410,-0.054977,0.562693,-0.255058
30973761,-0.784088,-0.052744,0.563943,-0.253756
30982094,-0.784421,-0.049049,0.564964,-0.251184
30990427,-0.784709,-0.045521,0.565809,-0.249038
30998760,-0.785261,-0.041465,0.566391,-0.246671
31007093,-0.785720,-0.036781,0.567128,-0.244248
31015426,-0.786019,-0.032551,0.567993,-0.241863
31023759,-0.786223,-0.027638,0.568940,-0.239578
31032092,-0.786209,-0.023656,0.569858,-0.237859
31040425,-0.786004,-0.020523,0.570888,-0.236354
31048758,-0.785427,-0.017436,0.572198,-0.235350
31057091,-0.784638,-0.015303,0.573597,-0.234724
31065424,-0.783661,-0.013332,0.574764,-0.235252
31073757,-0.782731,-0.012197,0.576097,-0.235152
31082090,-0.781715,-0.011436,0.577308,-0.235597
31090423,-0.780891,-0.010794,0.578225,-0.236112
31098756,-0.780127,-0.010300,0.579172,-0.236336
31107089,-0.779356,-0.010648,0.579938,-0.236988
31115422,-0.778845,-0.011513,0.580705,-0.236746
31123755,-0.778191,-0.012515,0.581248,-0.237513
31132088,-0.777610,-0.014245,0.581674,-0.238273
31140421,-0.776847,-0.016485,0.582174,-0.239396
31148754,-0.776234,-0.019910,0.582173,-0.241120
31157087,-0.775257,-0.023550,0.582697,-0.242666
31165420,-0.774235,-0.027893,0.583272,-0.244080
31173753,-0.773064,-0.032206,0.583828,-0.245926
31182086,-0.771930,-0.036541,0.584434,-0.247437
31190419,-0.770849,-0.040787,0.584866,-0.249119
31198752,-0.769774,-0.046238,0.584934,-0.251322
31207085,-0.768773,-0.051226,0.584839,-0.253629
31215418,-0.767914,-0.056258,0.584834,-0.255172
31223751,-0.767156,-0.060641,0.584719,-0.256707
31232084,-0.766487,-0.064516,0.584752,-0.257684
31240417,-0.765882,-0.069178,0.584044,-0.259868
31248750,-0.765387,-0.072811,0.583474,-0.261609
31257083,-0.764802,-0.075964,0.583026,-0.263418
31265416,-0.764255,-0.079888,0.582615,-0.264748
31273749,-0.763888,-0.083204,0.582266,-0.265555
31282082,-0.763393,-0.085805,0.582103,-0.266504
31290415,-0.762889,-0.088165,0.582253,-0.266850
31298748,-0.762187,-0.091272,0.581962,-0.268442
31307081,-0.761516,-0.092666,0.582671,-0.268331
31315414,-0.760894,-0.094363,0.582806,-0.269209
31323747,-0.760446,-0.095966,0.582656,-0.270230
31332080,-0.760503,-0.097613,0.582509,-0.269797
31340413,-0.760312,-0.099532,0.581945,-0.270850
31348746,-0.759983,-0.099455,0.582444,-0.270729
31357079,-0.759671,-0.100518,0.582474,-0.271144
31365412,-0.759599,-0.099939,0.583051,-0.270319
31373745,-0.759369,-0.099825,0.583617,-0.269787
31382078,-0.758928,-0.100747,0.583946,-0.269973
31390411,-0.758274,-0.101545,0.584331,-0.270678
31398744,-0.757644,-0.102098,0.584917,-0.270967
31407077,-0.756932,-0.102047,0.585752,-0.271173
31415410,-0.756140,-0.102423,0.586457,-0.271717
31423743,-0.755330,-0.102367,0.587345,-0.272075
31432076,-0.754595,-0.101809,0.588441,-0.271951
31440409,-0.754047,-0.101642,0.589380,-0.271501
31448742,-0.753390,-0.100917,0.590528,-0.271101
31457075,-0.752689,-0.100716,0.591490,-0.271028
31465408,-0.751880,-0.100023,0.592548,-0.271217
31473741,-0.750999,-0.098937,0.593729,-0.271474
31482074,-0.750250,-0.098369,0.594660,-0.271712
31490407,-0.749558,-0.096653,0.595884,-0.271557
31498740,-0.749119,-0.096190,0.596813,-0.270892
31507073,-0.748736,-0.094486,0.598116,-0.269673
31515406,-0.748269,-0.092663,0.599244,-0.269096
31523739,-0.747667,-0.092064,0.600075,-0.269124
31532072,-0.747051,-0.091322,0.600898,-0.269254
31540405,-0.746462,-0.091162,0.601573,-0.269431
31548738,-0.745831,-0.090679,0.602085,-0.270196
31557071,-0.745235,-0.089551,0.602782,-0.270665
31565404,-0.744823,-0.089548,0.603231,-0.270798
31573737,-0.744101,-0.090175,0.602744,-0.273647
31582070,-0.744005,-0.086573,0.604793,-0.270530
31590403,-0.742599,-0.085823,0.604574,-0.275083
31598736,-0.741893,-0.085015,0.604759,-0.276828
31607069,-0.741273,-0.085055,0.605007,-0.277932
31615402,-0.740569,-0.086430,0.604711,-0.280023
31623735,-0.740034,-0.083657,0.606375,-0.278675
31632068,-0.739356,-0.083879,0.606791,-0.279503
31640401,-0.738528,-0.083797,0.607271,-0.280672
31648734,-0.737547,-0.084038,0.607517,-0.282639
31657067,-0.736690,-0.084121,0.607825,-0.284183
31665400,-0.735869,-0.083761,0.608113,-0.285795
31673733,-0.735044,-0.083888,0.608346,-0.287380
31682066,-0.734381,-0.083952,0.608624,-0.288467
31690399,-0.733500,-0.083397,0.608989,-0.290096
31698732,-0.732692,-0.082646,0.609346,-0.291598
31707065,-0.731920,-0.081923,0.609877,-0.292630
31715398,-0.730780,-0.081435,0.610211,-0.294911
31723731,-0.729593,-0.081103,0.610735,-0.296848
31732064,-0.728473,-0.080494,0.611328,-0.298538
31740397,-0.727229,-0.080084,0.612150,-0.299996
31748730,-0.726049,-0.080658,0.612595,-0.301785
31757063,-0.724861,-0.080196,0.612887,-0.304163
31765396,-0.723717,-0.080886,0.612945,-0.306578
31773729,-0.723392,-0.080296,0.612768,-0.307851
31782062,-0.722682,-0.079639,0.612964,-0.309294
31790395,-0.721582,-0.080035,0.613141,-0.311403
31798728,-0.720606,-0.080129,0.613241,-0.313434
31807061,-0.719641,-0.078137,0.614289,-0.314104
31815394,-0.718654,-0.076924,0.614994,-0.315281
31823727,-0.717835,-0.077191,0.615141,-0.316792
31832060,-0.717030,-0.077838,0.615118,-0.318494
31840393,-0.716184,-0.078891,0.614672,-0.320992
31848726,-0.715213,-0.078984,0.614726,-0.323024
31857059,-0.714499,-0.079139,0.614604,-0.324793
31865392,-0.713717,-0.078745,0.614834,-0.326170
31873725,-0.712994,-0.078744,0.615072,-0.327300
31882058,-0.712361,-0.078758,0.615350,-0.328151
31890391,-0.711887,-0.078526,0.615599,-0.328767
31898724,-0.711542,-0.078540,0.615689,-0.329342
31907057,-0.711067,-0.078563,0.616014,-0.329754
31915390,-0.710562,-0.078331,0.616426,-0.330129
31923723,-0.710114,-0.078192,0.616777,-0.330470
31932056,-0.709754,-0.078105,0.617109,-0.330644
31940389,-0.709436,-0.077893,0.617455,-0.330730
31948722,-0.709219,-0.077994,0.617737,-0.330645
31957055,-0.709067,-0.077777,0.618021,-0.330492
31965388,-0.708964,-0.077505,0.618279,-0.330293
31973721,-0.708919,-0.077472,0.618427,-0.330122
31982054,-0.708857,-0.077094,0.618649,-0.329927
31990387,-0.708757,-0.076766,0.618784,-0.329966
31998720,-0.708722,-0.076993,0.618873,-0.329820
32007053,-0.708819,-0.077458,0.618880,-0.329491
32015386,-0.708791,-0.077484,0.619089,-0.329152
32023719,-0.708791,-0.076846,0.619373,-0.328766
32032052,-0.709020,-0.076805,0.619436,-0.328163
32040385,-0.709265,-0.077063,0.619511,-0.327429
32048718,-0.709554,-0.076474,0.619602,-0.326768
32057051,-0.710026,-0.076383,0.619716,-0.325546
32065384,-0.710621,-0.076606,0.619771,-0.324087
32073717,-0.711067,-0.076255,0.619849,-0.323042
32082050,-0.711401,-0.076101,0.620090,-0.321878
32090383,-0.711626,-0.075940,0.620714,-0.320213
32098716,-0.711400,-0.076848,0.621154,-0.319644
32107049,-0.711545,-0.076228,0.621388,-0.319014
32115382,-0.711867,-0.075643,0.621938,-0.317360
32123714,-0.712103,-0.074390,0.622660,-0.315704
32132047,-0.711933,-0.073609,0.622617,-0.316357
32140380,-0.711939,-0.074257,0.623964,-0.313524
32148714,-0.712038,-0.074619,0.624801,-0.311542
32157047,-0.712110,-0.074394,0.625543,-0.309937
32165380,-0.711524,-0.073232,0.625443,-0.311757
32173713,-0.711096,-0.073734,0.625600,-0.312299
32182046,-0.710961,-0.074709,0.626110,-0.311350
32190379,-0.710689,-0.075477,0.626974,-0.310045
32198712,-0.710534,-0.076239,0.627764,-0.308612
32207045,-0.710337,-0.076957,0.628246,-0.307907
32215378,-0.710227,-0.077356,0.628617,-0.307301
32223711,-0.709981,-0.077687,0.629001,-0.307000
32232044,-0.709812,-0.077420,0.629592,-0.306246
32240377,-0.709639,-0.077773,0.630075,-0.305563
32248710,-0.709313,-0.086866,0.628342,-0.307433
32257043,-0.709190,-0.087162,0.628547,-0.307215
32265376,-0.709010,-0.087182,0.628699,-0.307314
32273709,-0.708711,-0.086444,0.628882,-0.307837
32282041,-0.708650,-0.087329,0.628728,-0.308043
32290374,-0.708485,-0.087974,0.628719,-0.308255
32298707,-0.708381,-0.088685,0.628639,-0.308454
32307040,-0.708210,-0.089625,0.628197,-0.309476
32315374,-0.708101,-0.090773,0.627848,-0.310097
32323707,-0.708212,-0.091876,0.627813,-0.309590
32332040,-0.708186,-0.092298,0.627943,-0.309259
32340373,-0.708100,-0.092272,0.628159,-0.309026
32348706,-0.708168,-0.093949,0.627678,-0.309342
32357039,-0.707940,-0.092815,0.628182,-0.309183
32365372,-0.708116,-0.093446,0.628361,-0.308224
32373705,-0.708240,-0.092435,0.629302,-0.306318
32382038,-0.708223,-0.091450,0.629790,-0.305649
32390371,-0.708333,-0.090396,0.630451,-0.304343
32398704,-0.708345,-0.090272,0.630274,-0.304719
32407037,-0.708404,-0.091332,0.629909,-0.305020
32415370,-0.708315,-0.090976,0.630029,-0.305086
32423703,-0.708438,-0.090658,0.630021,-0.304911
32432036,-0.708559,-0.089840,0.630098,-0.304711
32440369,-0.708648,-0.089212,0.630174,-0.304533
32448701,-0.708035,-0.088565,0.628987,-0.308574
32457034,-0.708121,-0.088291,0.628619,-0.309203
32465367,-0.708205,-0.087668,0.628588,-0.309252
32473701,-0.708322,-0.085407,0.629321,-0.308125
32482034,-0.708619,-0.084855,0.629391,-0.307449
32490367,-0.708982,-0.084277,0.629596,-0.306350
32498700,-0.708922,-0.083783,0.628820,-0.308213
32507033,-0.709105,-0.083559,0.628670,-0.308158
32515366,-0.709251,-0.082474,0.628871,-0.307705
32523699,-0.709372,-0.082491,0.628845,-0.307475
32532032,-0.709539,-0.082899,0.628567,-0.307548
32540365,-0.709691,-0.082686,0.628487,-0.307418
32548698,-0.709869,-0.082329,0.628466,-0.307145
32557031,-0.709988,-0.082684,0.628005,-0.307719
32565364,-0.710229,-0.082410,0.627960,-0.307328
32573697,-0.710431,-0.082306,0.627853,-0.307105
32582030,-0.710600,-0.082133,0.627909,-0.306648
32590363,-0.710736,-0.081982,0.627841,-0.306512
32598696,-0.710867,-0.082218,0.627643,-0.306550
32607028,-0.710778,-0.080984,0.627800,-0.306763
32615361,-0.710817,-0.081942,0.627389,-0.307258
32623694,-0.710879,-0.082158,0.627271,-0.307299
32632028,-0.710924,-0.081905,0.627211,-0.307383
32640361,-0.711036,-0.081888,0.627183,-0.307188
32648694,-0.711070,-0.081973,0.627247,-0.306954
32657027,-0.711225,-0.081840,0.627309,-0.306503
32665360,-0.711225,-0.081800,0.627065,-0.307013
32673693,-0.711410,-0.081816,0.626913,-0.306890
32682026,-0.711517,-0.081836,0.626763,-0.306944
32690359,-0.711640,-0.082434,0.626320,-0.307405
32698692,-0.711851,-0.083633,0.625961,-0.307321
32707025,-0.712014,-0.084034,0.625877,-0.307005
32715358,-0.711781,-0.083739,0.625781,-0.307820
32723691,-0.711828,-0.084056,0.625700,-0.307790
32732024,-0.711934,-0.084649,0.625714,-0.307353
32740357,-0.711889,-0.085259,0.625654,-0.307412
32748690,-0.711715,-0.085934,0.625482,-0.307975
32757023,-0.711661,-0.085039,0.625886,-0.307527
32765355,-0.711647,-0.084919,0.626002,-0.307357
32773688,-0.711478,-0.086606,0.625454,-0.308392
32782021,-0.711405,-0.087685,0.625204,-0.308762
32790355,-0.711413,-0.087624,0.625577,-0.308004
32798688,-0.711225,-0.087427,0.625832,-0.307978
32807021,-0.711160,-0.087974,0.625794,-0.308047
32815354,-0.711136,-0.088347,0.625737,-0.308114
32823687,-0.710923,-0.088522,0.625797,-0.308432
32832020,-0.710822,-0.088504,0.625940,-0.308379
32840353,-0.710821,-0.089046,0.625831,-0.308449
32848686,-0.710841,-0.089515,0.625700,-0.308531
32857019,-0.710955,-0.090027,0.625448,-0.308630
32865352,-0.711096,-0.090342,0.625196,-0.308725
32873685,-0.711228,-0.090668,0.624927,-0.308867
32882018,-0.711297,-0.090818,0.624787,-0.308950
32890351,-0.711514,-0.091226,0.624424,-0.309062
32898684,-0.711710,-0.091471,0.624101,-0.309192
32907017,-0.711926,-0.091512,0.623711,-0.309471
32915350,-0.712116,-0.091326,0.623423,-0.309666
32923683,-0.712316,-0.091065,0.623172,-0.309791
32932015,-0.712640,-0.090716,0.622921,-0.309652
32940348,-0.713070,-0.090442,0.622602,-0.309384
32948681,-0.713539,-0.089751,0.622384,-0.308940
32957015,-0.714046,-0.089233,0.622114,-0.308464
32965348,-0.714535,-0.088970,0.621798,-0.308045
32973681,-0.715048,-0.088862,0.621507,-0.307471
32982014,-0.715500,-0.088638,0.621321,-0.306860
32990347,-0.715905,-0.088504,0.621175,-0.306248
32998680,-0.716211,-0.088262,0.621082,-0.305793
33007013,-0.716461,-0.088153,0.621002,-0.305400
33015346,-0.716645,-0.087901,0.621008,-0.305028
33023679,-0.716722,-0.087631,0.621096,-0.304746
33032012,-0.716759,-0.087233,0.621208,-0.304544
33040345,-0.716828,-0.086927,0.621313,-0.304256
33048678,-0.716809,-0.086856,0.621480,-0.303981
33057011,-0.716789,-0.086417,0.621684,-0.303734
33065344,-0.716868,-0.086121,0.621812,-0.303369
33073677,-0.716873,-0.086396,0.621839,-0.303225
33082010,-0.716777,-0.086884,0.621870,-0.303250
33090342,-0.716663,-0.087030,0.622052,-0.303102
33098675,-0.716543,-0.086543,0.622408,-0.302796
33107008,-0.716515,-0.086694,0.622560,-0.302506
33115342,-0.716448,-0.086908,0.622720,-0.302273
33123675,-0.716237,-0.087197,0.622982,-0.302149
33132008,-0.716122,-0.087378,0.623150,-0.302022
33140341,-0.715970,-0.087329,0.623378,-0.301930
33148674,-0.715937,-0.087032,0.623565,-0.301705
33157007,-0.715817,-0.087096,0.623783,-0.301521
33165340,-0.715624,-0.086677,0.624134,-0.301374
33173673,-0.715479,-0.086972,0.624361,-0.301163
33182006,-0.715316,-0.087066,0.624597,-0.301034
33190339,-0.715109,-0.086910,0.624988,-0.300759
33198672,-0.714938,-0.087338,0.625050,-0.300913
33207005,-0.714761,-0.087614,0.625233,-0.300872
33215338,-0.714563,-0.087554,0.625487,-0.300832
33223671,-0.714456,-0.087740,0.625553,-0.300895
33232004,-0.714256,-0.087936,0.625746,-0.300911
33240337,-0.714024,-0.088086,0.625967,-0.300958
33248669,-0.713860,-0.087830,0.626192,-0.300954
33257002,-0.713686,-0.087734,0.626397,-0.300967
33265335,-0.713514,-0.087816,0.626484,-0.301171
33273669,-0.713328,-0.087754,0.626661,-0.301262
33282002,-0.713033,-0.087649,0.626743,-0.301819
33290335,-0.712947,-0.087532,0.626931,-0.301666
33298668,-0.712823,-0.088113,0.626912,-0.301828
33307001,-0.712580,-0.088817,0.626636,-0.302767
33315334,-0.712337,-0.088837,0.626644,-0.303318
33323667,-0.712230,-0.088583,0.626658,-0.303613
33332000,-0.712096,-0.088357,0.626676,-0.303956
33340333,-0.712027,-0.088515,0.626603,-0.304221
33348666,-0.712031,-0.088340,0.626880,-0.303691
33356999,-0.711958,-0.088387,0.627061,-0.303477
33365332,-0.711892,-0.088263,0.627128,-0.303530
33373665,-0.711792,-0.088196,0.627171,-0.303695
33381998,-0.711739,-0.088309,0.627142,-0.303844
33390331,-0.711676,-0.088151,0.627168,-0.303985
33398664,-0.711492,-0.088196,0.626888,-0.304977
33406997,-0.711564,-0.088153,0.627003,-0.304587
33415329,-0.711638,-0.088270,0.627001,-0.304384
33423662,-0.711613,-0.088734,0.626801,-0.304721
33431995,-0.711569,-0.088821,0.626798,-0.304803
33440329,-0.711556,-0.088966,0.626680,-0.305032
33448662,-0.711576,-0.089072,0.626598,-0.305125
33456995,-0.711662,-0.089253,0.626429,-0.305217
33465328,-0.711665,-0.089434,0.626301,-0.305418
33473661,-0.711764,-0.089762,0.626058,-0.305590
33481994,-0.711649,-0.090104,0.625541,-0.306816
33490327,-0.711780,-0.090417,0.625581,-0.306336
33498660,-0.711941,-0.090569,0.625504,-0.306075
33506993,-0.711863,-0.091166,0.625040,-0.307026
33515326,-0.712090,-0.091393,0.624891,-0.306736
33523659,-0.712266,-0.091267,0.624773,-0.306606
33531992,-0.712454,-0.091258,0.624562,-0.306601
33540325,-0.712540,-0.090883,0.624490,-0.306659
33548658,-0.712569,-0.091155,0.624077,-0.307351
33556991,-0.712883,-0.091489,0.623856,-0.306973
33565324,-0.713167,-0.091103,0.623804,-0.306531
33573657,-0.713325,-0.090950,0.623684,-0.306455
33581990,-0.713543,-0.091020,0.623417,-0.306469
33590323,-0.713826,-0.091066,0.623103,-0.306435
33598656,-0.714096,-0.091004,0.622811,-0.306418
33606989,-0.714438,-0.090960,0.622447,-0.306373
33615322,-0.714626,-0.091143,0.622158,-0.306468
33623655,-0.714795,-0.091383,0.621885,-0.306556
33631988,-0.715108,-0.091262,0.621585,-0.306471
33640321,-0.716050,-0.090338,0.620936,-0.305858
33648654,-0.716303,-0.090503,0.620657,-0.305783
33656987,-0.716459,-0.090802,0.620432,-0.305787
33665320,-0.716707,-0.090894,0.620179,-0.305691
33673653,-0.716957,-0.091082,0.619905,-0.305605
33681986,-0.717123,-0.091182,0.619594,-0.305816
33690319,-0.717470,-0.091280,0.619261,-0.305649
33698652,-0.717779,-0.091418,0.618988,-0.305434
33706985,-0.717986,-0.091503,0.618681,-0.305545
33715318,-0.718281,-0.091762,0.618340,-0.305463
33723651,-0.718396,-0.091510,0.618238,-0.305475
33731984,-0.718539,-0.091870,0.618017,-0.305479
33740317,-0.718827,-0.091893,0.617759,-0.305316
33748650,-0.719019,-0.091917,0.617591,-0.305195
33756983,-0.719223,-0.091833,0.617404,-0.305119
33765316,-0.719383,-0.091720,0.617256,-0.305074
33773649,-0.719651,-0.091876,0.616967,-0.304981
33781982,-0.719791,-0.092117,0.616794,-0.304926
33790315,-0.719955,-0.091748,0.616709,-0.304822
33798648,-0.720117,-0.092001,0.616524,-0.304738
33806981,-0.720200,-0.092171,0.616484,-0.304572
33815314,-0.720320,-0.091783,0.616494,-0.304383
33823647,-0.720453,-0.091825,0.616373,-0.304301
33831980,-0.720608,-0.091756,0.616198,-0.304311
33840313,-0.720667,-0.091950,0.616098,-0.304316
33848646,-0.720741,-0.092038,0.616050,-0.304211
33856979,-0.720787,-0.092079,0.615946,-0.304299
33865312,-0.720894,-0.092370,0.615843,-0.304168
33873645,-0.720931,-0.092219,0.615810,-0.304191
33881978,-0.720948,-0.091995,0.615748,-0.304345
33890311,-0.721074,-0.092208,0.615631,-0.304218
33898644,-0.721140,-0.092270,0.615559,-0.304190
33906977,-0.721182,-0.092191,0.615522,-0.304186
33915310,-0.721216,-0.092338,0.615445,-0.304218
33923643,-0.721282,-0.092448,0.615424,-0.304069
33931976,-0.721240,-0.092314,0.615452,-0.304155
33940309,-0.721267,-0.092492,0.615380,-0.304183
33948642,-0.721253,-0.092517,0.615328,-0.304313
33956975,-0.721301,-0.092417,0.615331,-0.304223
33965308,-0.721013,-0.092869,0.615508,-0.304411
33973641,-0.721034,-0.092905,0.615553,-0.304258
33981974,-0.721276,-0.092584,0.615426,-0.304040
33990307,-0.721152,-0.092551,0.615550,-0.304093
33998640,-0.721261,-0.092479,0.615470,-0.304018
34006973,-0.721082,-0.092903,0.615548,-0.304157
34015306,-0.721244,-0.092649,0.615486,-0.303976
34023639,-0.721277,-0.092329,0.615600,-0.303762
34031972,-0.721213,-0.092380,0.615639,-0.303820
34040305,-0.720975,-0.092801,0.615750,-0.304033
34048638,-0.721160,-0.092579,0.615686,-0.303788
34056971,-0.721185,-0.092429,0.615731,-0.303684
34065304,-0.721145,-0.092252,0.615819,-0.303655
34073637,-0.721058,-0.092322,0.615887,-0.303701
34081970,-0.721071,-0.092293,0.615901,-0.303650
34090303,-0.721025,-0.092268,0.615948,-0.303674
34098636,-0.720791,-0.092387,0.616126,-0.303833
34106969,-0.720959,-0.092236,0.616027,-0.303679
34115302,-0.721141,-0.092095,0.615914,-0.303521
34123635,-0.721136,-0.092242,0.615891,-0.303532
34131968,-0.721046,-0.092104,0.616016,-0.303535
34140301,-0.721131,-0.092417,0.615891,-0.303491
34148634,-0.721113,-0.092255,0.615918,-0.303529
34156967,-0.721066,-0.092338,0.615954,-0.303543
34165300,-0.721071,-0.092922,0.615781,-0.303703
34173633,-0.721186,-0.092401,0.615803,-0.303544
34181966,-0.721177,-0.092485,0.615818,-0.303512
34190299,-0.721127,-0.092332,0.615889,-0.303533
34198632,-0.721124,-0.092600,0.615848,-0.303540
34206965,-0.721226,-0.092426,0.615762,-0.303526
34215298,-0.721244,-0.092619,0.615641,-0.303669
34223631,-0.721189,-0.092518,0.615713,-0.303685
34231964,-0.721284,-0.092472,0.615651,-0.303597
34240297,-0.721318,-0.092449,0.615598,-0.303632
34248630,-0.721310,-0.092568,0.615552,-0.303710
34256963,-0.721456,-0.092479,0.615443,-0.303610
34265296,-0.721461,-0.092544,0.615415,-0.303637
34273629,-0.721540,-0.092584,0.615328,-0.303610
34281962,-0.721521,-0.092733,0.615326,-0.303614
34290295,-0.721623,-0.092636,0.615265,-0.303526
34298628,-0.721687,-0.092556,0.615191,-0.303549
34306961,-0.721779,-0.092703,0.615067,-0.303536
34315294,-0.721684,-0.092946,0.615093,-0.303635
34323627,-0.722051,-0.092613,0.614816,-0.303425
34331960,-0.722256,-0.092551,0.614653,-0.303287
34340293,-0.722301,-0.092562,0.614590,-0.303301
34348626,-0.722506,-0.092578,0.614392,-0.303211
34356959,-0.722686,-0.092572,0.614227,-0.303118
34365292,-0.722831,-0.092649,0.614075,-0.303056
34373625,-0.722976,-0.092689,0.613952,-0.302948
34381958,-0.723102,-0.092761,0.613817,-0.302898
34390291,-0.723263,-0.092920,0.613654,-0.302796
34398624,-0.723425,-0.093024,0.613499,-0.302691
34406957,-0.723514,-0.093324,0.613330,-0.302728
34415290,-0.723663,-0.093264,0.613255,-0.302542
34423623,-0.723830,-0.093180,0.613128,-0.302427
34431956,-0.724001,-0.093266,0.612964,-0.302323
34440289,-0.724158,-0.093338,0.612810,-0.302239
34448622,-0.724315,-0.093912,0.612524,-0.302263
34456955,-0.724444,-0.093665,0.612504,-0.302070
34465288,-0.724621,-0.093539,0.612383,-0.301930
34473621,-0.724463,-0.094195,0.612337,-0.302198
34481954,-0.724529,-0.094452,0.612206,-0.302227
34490287,-0.724560,-0.094357,0.612193,-0.302207
34498620,-0.724632,-0.094474,0.612140,-0.302104
34506953,-0.724656,-0.094369,0.612143,-0.302074
34515286,-0.724782,-0.094845,0.611947,-0.302021
34523619,-0.724859,-0.094845,0.611855,-0.302023
34531952,-0.724895,-0.095091,0.611768,-0.302033
34540285,-0.724807,-0.095222,0.611814,-0.302110
34548618,-0.724856,-0.095138,0.611824,-0.302001
34556951,-0.724943,-0.095486,0.611678,-0.301977
34565284,-0.725022,-0.095472,0.611631,-0.301886
34573617,-0.725082,-0.095638,0.611528,-0.301898
34581950,-0.725130,-0.095686,0.611479,-0.301866
34590283,-0.725148,-0.095779,0.611445,-0.301865
34598616,-0.725251,-0.095822,0.611331,-0.301834
34606949,-0.725313,-0.095903,0.611257,-0.301809
34615282,-0.725382,-0.096142,0.611134,-0.301816
34623615,-0.725437,-0.096122,0.611084,-0.301793
34631948,-0.725508,-0.096076,0.611044,-0.301718
34640281,-0.725578,-0.096661,0.610877,-0.301699
34648614,-0.725582,-0.096586,0.610882,-0.301702
34656947,-0.725564,-0.096456,0.610898,-0.301755
34665280,-0.725627,-0.096793,0.610786,-0.301723
34673613,-0.725722,-0.096915,0.610707,-0.301615
34681946,-0.725748,-0.096834,0.610707,-0.301581
34690279,-0.725779,-0.096679,0.610687,-0.301595
34698612,-0.725798,-0.096812,0.610640,-0.301602
34706945,-0.725875,-0.096928,0.610555,-0.301553
34715278,-0.725929,-0.097251,0.610453,-0.301523
34723611,-0.725966,-0.097065,0.610446,-0.301508
34731944,-0.725970,-0.097059,0.610403,-0.301588
34740277,-0.726062,-0.097232,0.610280,-0.301561
34748610,-0.726129,-0.097499,0.610178,-0.301520
34756943,-0.726165,-0.097360,0.610172,-0.301489
34765276,-0.726198,-0.097229,0.610172,-0.301452
34773609,-0.726240,-0.097179,0.610125,-0.301463
34781942,-0.726255,-0.097149,0.610067,-0.301552
34790275,-0.726382,-0.097495,0.609966,-0.301338
34798608,-0.726403,-0.097420,0.609921,-0.301404
34806941,-0.726457,-0.097692,0.609840,-0.301349
34815274,-0.726493,-0.097579,0.609805,-0.301369
34823607,-0.726544,-0.097593,0.609736,-0.301381
34831940,-0.726577,-0.097359,0.609764,-0.301323
34840273,-0.726655,-0.097345,0.609653,-0.301363
34848606,-0.726660,-0.097195,0.609609,-0.301489
34856939,-0.726704,-0.097177,0.609536,-0.301537
34865272,-0.726762,-0.096542,0.609603,-0.301465
34873605,-0.726814,-0.096441,0.609498,-0.301583
34881938,-0.726960,-0.097052,0.609248,-0.301540
34890271,-0.727115,-0.097021,0.609141,-0.301392
34898604,-0.727158,-0.096810,0.609147,-0.301346
34906937,-0.727247,-0.096770,0.609109,-0.301220
34915270,-0.727248,-0.096277,0.609099,-0.301395
34923603,-0.727401,-0.096367,0.608947,-0.301304
34931936,-0.727526,-0.096642,0.608764,-0.301284
34940269,-0.727660,-0.096699,0.608617,-0.301240
34948602,-0.727777,-0.096431,0.608593,-0.301093
34956935,-0.727855,-0.096229,0.608604,-0.300944
34965268,-0.728007,-0.096233,0.608454,-0.300879
34973601,-0.728134,-0.096397,0.608300,-0.300832
34981934,-0.728271,-0.096470,0.608158,-0.300765
34990267,-0.728385,-0.096458,0.608047,-0.300716
34998600,-0.728395,-0.096832,0.607894,-0.300880
35006933,-0.728491,-0.096998,0.607822,-0.300740
35015266,-0.728587,-0.096813,0.607744,-0.300725
35023599,-0.728773,-0.096900,0.607549,-0.300639
35031932,-0.728963,-0.096946,0.607379,-0.300507
35040265,-0.729079,-0.096828,0.607269,-0.300486
35048598,-0.729222,-0.097347,0.606986,-0.300544
35056931,-0.729276,-0.097471,0.606868,-0.300611
35065264,-0.729419,-0.097108,0.606830,-0.300459
35073597,-0.729617,-0.097499,0.606529,-0.300458
35081930,-0.729784,-0.097187,0.606403,-0.300407
35090263,-0.729980,-0.097146,0.606225,-0.300306
35098596,-0.730208,-0.096666,0.606115,-0.300126
35106929,-0.730469,-0.096818,0.605789,-0.300102
35115262,-0.730695,-0.096799,0.605550,-0.300040
35123595,-0.730938,-0.096870,0.605257,-0.300016
35131928,-0.731140,-0.096488,0.605129,-0.299905
35140261,-0.731421,-0.096314,0.604909,-0.299720
35148594,-0.731679,-0.096211,0.604655,-0.299635
35156927,-0.731977,-0.096102,0.604368,-0.299522
35165260,-0.732263,-0.096020,0.604100,-0.299388
35173593,-0.732580,-0.095902,0.603809,-0.299239
35181926,-0.732986,-0.095814,0.603434,-0.299030
35190259,-0.733385,-0.095701,0.603070,-0.298821
35198592,-0.733797,-0.095830,0.602662,-0.298591
35206925,-0.734266,-0.095559,0.602286,-0.298285
35215258,-0.734739,-0.095454,0.601790,-0.298154
35223591,-0.735221,-0.095393,0.601296,-0.297981
35231924,-0.735788,-0.095279,0.600780,-0.297659
35240257,-0.736274,-0.095267,0.600284,-0.297463
35248590,-0.736804,-0.095556,0.599682,-0.297271
35256923,-0.737405,-0.095067,0.599265,-0.296778
35265256,-0.737996,-0.094666,0.598830,-0.296316
35273589,-0.738469,-0.095720,0.597520,-0.297442
35281922,-0.739216,-0.093364,0.597780,-0.295809
35290255,-0.739974,-0.092457,0.597349,-0.295067
35298588,-0.740669,-0.091660,0.596835,-0.294612
35306921,-0.741435,-0.091049,0.596349,-0.293858
35315254,-0.742239,-0.090075,0.595891,-0.293056
35323587,-0.743075,-0.089133,0.595417,-0.292187
35331920,-0.743894,-0.088454,0.594814,-0.291535
35340253,-0.744626,-0.087047,0.594581,-0.290566
35348586,-0.745435,-0.087293,0.593876,-0.289859
35356919,-0.746322,-0.087276,0.593237,-0.288889
35365252,-0.747202,-0.086541,0.592713,-0.287906
35373585,-0.748206,-0.086155,0.592161,-0.286549
35381918,-0.749288,-0.086382,0.591521,-0.284970
35390251,-0.750303,-0.086324,0.590811,-0.283788
35398584,-0.751307,-0.086441,0.590089,-0.282594
35406917,-0.752224,-0.086137,0.589522,-0.281429
35415250,-0.753033,-0.086096,0.588884,-0.280615
35423583,-0.753784,-0.086104,0.588281,-0.279859
35431916,-0.754564,-0.086178,0.587663,-0.279033
35440249,-0.755365,-0.086547,0.587073,-0.277991
35448582,-0.756078,-0.086872,0.586527,-0.277101
35456915,-0.756754,-0.087060,0.586004,-0.276302
35465248,-0.757341,-0.087418,0.585535,-0.275574
35473581,-0.757886,-0.087647,0.585110,-0.274907
35481914,-0.758428,-0.087784,0.584630,-0.274388
35490247,-0.758825,-0.087921,0.584197,-0.274169
35498580,-0.759174,-0.087969,0.583792,-0.274048
35506913,-0.759494,-0.088531,0.583326,-0.273973
35515246,-0.759846,-0.089001,0.582791,-0.273986
35523579,-0.760095,-0.088819,0.582469,-0.274036
35531912,-0.760394,-0.088946,0.582039,-0.274082
35540245,-0.760575,-0.089090,0.581657,-0.274344
35548578,-0.760740,-0.089282,0.581280,-0.274622
35556911,-0.760830,-0.089110,0.581044,-0.274926
35565244,-0.760935,-0.089320,0.580659,-0.275384
35573577,-0.761170,-0.089804,0.580186,-0.275572
35581910,-0.761325,-0.089881,0.579823,-0.275882
35590243,-0.761562,-0.090057,0.579399,-0.276062
35598576,-0.762103,-0.090439,0.579085,-0.275100
35606909,-0.762509,-0.090416,0.578712,-0.274768
35615242,-0.762709,-0.090088,0.578430,-0.274915
35623575,-0.762971,-0.090325,0.578015,-0.274983
35631908,-0.763185,-0.090106,0.577778,-0.274959
35640241,-0.763508,-0.090392,0.577280,-0.275013
35648574,-0.763737,-0.090159,0.577125,-0.274779
35656907,-0.764054,-0.090131,0.576865,-0.274453
35665240,-0.764259,-0.090365,0.576536,-0.274499
35673573,-0.764581,-0.090877,0.576168,-0.274204
35681906,-0.764832,-0.090539,0.576044,-0.273874
35690239,-0.765076,-0.090881,0.575673,-0.273862
35698572,-0.765289,-0.090919,0.575450,-0.273721
35706905,-0.765492,-0.091059,0.575247,-0.273534
35715238,-0.765683,-0.090907,0.575110,-0.273340
35723571,-0.765833,-0.090799,0.574914,-0.273367
35731904,-0.766006,-0.090927,0.574747,-0.273189
35740237,-0.766256,-0.091062,0.574481,-0.273004
35748570,-0.766455,-0.090991,0.574308,-0.272832
35756903,-0.766661,-0.090820,0.574182,-0.272577
35765236,-0.766870,-0.090710,0.574008,-0.272391
35773569,-0.767054,-0.090653,0.573878,-0.272165
35781902,-0.766953,-0.090976,0.573494,-0.273151
35790235,-0.767135,-0.091217,0.573152,-0.273276
35798568,-0.767336,-0.091329,0.572963,-0.273070
35806901,-0.767469,-0.091427,0.572782,-0.273044
35815234,-0.767630,-0.091546,0.572609,-0.272914
35823567,-0.767785,-0.091636,0.572431,-0.272821
35831900,-0.767920,-0.091794,0.572301,-0.272661
35840233,-0.767959,-0.091897,0.572177,-0.272778
35848566,-0.767987,-0.092003,0.572093,-0.272840
35856899,-0.768073,-0.092212,0.571996,-0.272732
35865232,-0.768293,-0.092122,0.571923,-0.272291
35873565,-0.768482,-0.092051,0.571769,-0.272107
35881898,-0.768735,-0.092026,0.571762,-0.271414
35890231,-0.768937,-0.091793,0.571674,-0.271108
35898564,-0.769190,-0.091632,0.571563,-0.270678
35906897,-0.769471,-0.091443,0.571340,-0.270415
35915230,-0.769810,-0.091189,0.571168,-0.269896
35923563,-0.770218,-0.090997,0.570939,-0.269280
35931896,-0.770618,-0.090854,0.570565,-0.268977
35940229,-0.771025,-0.090446,0.570439,-0.268216
35948562,-0.771483,-0.090481,0.570073,-0.267663
35956895,-0.772051,-0.090628,0.569642,-0.266893
35965228,-0.772510,-0.090605,0.569327,-0.266245
35973561,-0.773043,-0.090340,0.568846,-0.265815
35981894,-0.773525,-0.090085,0.568465,-0.265314
35990227,-0.773939,-0.090357,0.568044,-0.264914
35998560,-0.774330,-0.090427,0.567706,-0.264472
36006893,-0.774764,-0.090505,0.567462,-0.263699
36015226,-0.775228,-0.090603,0.567125,-0.263022
36023559,-0.775661,-0.090659,0.566748,-0.262542
36031892,-0.776005,-0.090977,0.566306,-0.262367
36040225,-0.776374,-0.091003,0.565956,-0.262024
36048558,-0.776781,-0.090496,0.565604,-0.261754
36056891,-0.777183,-0.090242,0.565073,-0.261792
36065224,-0.777668,-0.090056,0.564614,-0.261407
36073557,-0.778089,-0.089529,0.564258,-0.261103
36081890,-0.778624,-0.089211,0.563715,-0.260791
36090223,-0.779161,-0.089031,0.563164,-0.260440
36098556,-0.779611,-0.089108,0.562616,-0.260250
36106889,-0.780002,-0.089017,0.562173,-0.260065
36115222,-0.780372,-0.089257,0.561682,-0.259935
36123555,-0.780182,-0.096064,0.561107,-0.259318
36131888,-0.780447,-0.095393,0.560982,-0.259041
36140221,-0.780823,-0.094921,0.560619,-0.258868
36148554,-0.781186,-0.094184,0.560215,-0.258916
36156887,-0.781643,-0.092864,0.559792,-0.258928
36165220,-0.782244,-0.091306,0.559335,-0.258654
36173553,-0.782761,-0.089634,0.558940,-0.258527
36181886,-0.783336,-0.087851,0.558122,-0.259164
36190219,-0.784104,-0.086031,0.557468,-0.258860
36198552,-0.785064,-0.083216,0.557005,-0.257867
36206885,-0.785989,-0.079965,0.556341,-0.257511
36215218,-0.786981,-0.076678,0.555189,-0.257968
36223551,-0.788198,-0.072435,0.554784,-0.256344
36231884,-0.789556,-0.069347,0.553451,-0.255899
36240217,-0.790836,-0.066479,0.551429,-0.257071
36248550,-0.792351,-0.060756,0.550539,-0.255725
36256883,-0.793808,-0.055936,0.549231,-0.255117
36265216,-0.794640,-0.050974,0.547109,-0.258109
36273549,-0.795443,-0.046221,0.544914,-0.261157
36281882,-0.796303,-0.041646,0.542603,-0.264099
36290215,-0.797050,-0.036991,0.540376,-0.267089
36298548,-0.797550,-0.033075,0.537871,-0.271137
36306881,-0.797673,-0.028654,0.535612,-0.275711
36315214,-0.797702,-0.024301,0.533127,-0.280813
36323547,-0.797629,-0.020564,0.530400,-0.286427
36331880,-0.797434,-0.017179,0.527796,-0.291949
36340213,-0.796570,-0.013828,0.524978,-0.299470
36348546,-0.795634,-0.010800,0.522341,-0.306609
36356879,-0.794430,-0.008091,0.519530,-0.314489
36365212,-0.793005,-0.005592,0.516703,-0.322693
36373545,-0.791415,-0.003174,0.513731,-0.331259
36381878,-0.789715,-0.000515,0.510695,-0.339913
36390211,-0.787803,0.001680,0.507824,-0.348539
36398544,-0.785760,0.004048,0.504720,-0.357521
36406877,-0.783610,0.006449,0.501355,-0.366819
36415210,-0.781249,0.009142,0.498226,-0.375948
36423543,-0.778740,0.011932,0.495353,-0.384767
36431876,-0.776072,0.014903,0.492682,-0.393389
36440209,-0.773273,0.017526,0.489689,-0.402425
36448542,-0.770229,0.020138,0.486714,-0.411644
36456875,-0.767030,0.023054,0.484053,-0.420507
36465208,-0.763596,0.025255,0.481015,-0.430010
36473541,-0.759993,0.027215,0.478150,-0.439366
36481874,-0.756339,0.028738,0.475101,-0.448782
36490207,-0.752611,0.030448,0.472094,-0.458014
36498540,-0.748629,0.032099,0.469081,-0.467427
36506873,-0.744569,0.033989,0.466397,-0.476378
36515206,-0.740409,0.035832,0.463774,-0.485206
36523539,-0.736348,0.037192,0.461146,-0.493714
36531872,-0.732081,0.038786,0.458597,-0.502237
36540205,-0.727830,0.040216,0.456374,-0.510263
36548538,-0.723516,0.041964,0.454295,-0.518054
36556871,-0.719272,0.043628,0.452308,-0.525510
36565204,-0.715048,0.045181,0.450387,-0.532744
36573537,-0.710826,0.046386,0.448537,-0.539805
36581870,-0.706799,0.047767,0.446715,-0.546443
36590203,-0.702743,0.048881,0.445135,-0.552827
36598536,-0.698636,0.049850,0.443765,-0.559013
36606869,-0.694586,0.051631,0.442950,-0.564517
36615202,-0.690673,0.052695,0.441933,-0.569991
36623535,-0.687007,0.053773,0.441384,-0.574727
36631868,-0.683305,0.055653,0.441393,-0.578938
36640201,-0.679743,0.057303,0.441584,-0.582812
36648534,-0.676355,0.058321,0.441562,-0.586656
36656867,-0.673008,0.059826,0.442203,-0.589862
36665200,-0.669745,0.061364,0.442843,-0.592931
36673533,-0.666408,0.063054,0.443770,-0.595812
36681866,-0.663278,0.064318,0.444603,-0.598543
36690199,-0.660209,0.065968,0.445666,-0.600960
36698532,-0.657291,0.068045,0.446899,-0.603009
36706865,-0.654521,0.069417,0.448217,-0.604885
36715198,-0.651896,0.070924,0.449387,-0.606673
36723531,-0.649404,0.071671,0.450689,-0.608291
36731864,-0.647109,0.073308,0.451992,-0.609573
36740197,-0.645077,0.074180,0.453274,-0.610668
36748530,-0.643181,0.075046,0.454711,-0.611493
36756863,-0.641249,0.076386,0.456445,-0.612064
36765196,-0.639374,0.077583,0.458434,-0.612389
36773529,-0.637690,0.078627,0.460332,-0.612588
36781862,-0.636290,0.080231,0.462015,-0.612568
36790195,-0.634810,0.081769,0.464014,-0.612390
36798528,-0.633506,0.082371,0.465690,-0.612388
36806861,-0.632375,0.083439,0.467414,-0.612098
36815194,-0.631314,0.084945,0.469302,-0.611541
36823527,-0.630298,0.086620,0.471315,-0.610805
36831860,-0.629404,0.088146,0.473019,-0.610192
36840193,-0.628654,0.089215,0.474283,-0.609828
36848526,-0.627849,0.090670,0.475549,-0.609457
36856859,-0.627183,0.092123,0.476887,-0.608879
36865192,-0.626584,0.093147,0.477679,-0.608719
36873525,-0.626042,0.093991,0.478235,-0.608711
36881858,-0.625568,0.094778,0.478534,-0.608841
36890191,-0.625164,0.095652,0.479001,-0.608751
36898524,-0.624793,0.096268,0.479014,-0.609025
36906857,-0.624510,0.097150,0.479197,-0.609032
36915190,-0.624245,0.097901,0.479484,-0.608957
36923523,-0.623910,0.098539,0.479777,-0.608967
36931856,-0.623583,0.099129,0.480014,-0.609019
36940189,-0.623096,0.099796,0.480094,-0.609346
36948522,-0.622836,0.100647,0.480607,-0.609068
36956855,-0.622580,0.101403,0.481078,-0.608831
36965188,-0.622353,0.102130,0.481695,-0.608454
36973521,-0.622089,0.103312,0.482542,-0.607853
36981854,-0.621810,0.104742,0.483666,-0.607001
36990187,-0.621611,0.106197,0.484741,-0.606092
36998520,-0.621554,0.107339,0.485774,-0.605122
37006853,-0.621458,0.109074,0.487406,-0.603596
37015186,-0.621394,0.110674,0.489095,-0.602002
37023519,-0.621478,0.112482,0.491096,-0.599948
37031852,-0.621586,0.114647,0.492983,-0.597874
37040185,-0.621979,0.117351,0.495476,-0.594873
37048518,-0.622404,0.120308,0.498449,-0.591344
37056851,-0.622969,0.123226,0.501087,-0.587908
37065184,-0.623724,0.126693,0.504215,-0.583682
37073517,-0.624522,0.130726,0.507704,-0.578895
37081850,-0.625426,0.134705,0.511183,-0.573924
37090183,-0.626477,0.139053,0.515298,-0.568030
37098516,-0.627840,0.143007,0.518855,-0.562277
37106849,-0.629429,0.147718,0.522918,-0.555478
37115182,-0.631066,0.152850,0.527649,-0.547703
37123515,-0.633011,0.158252,0.532910,-0.538757
37131848,-0.635163,0.163643,0.538034,-0.529442
37140181,-0.637620,0.168750,0.542010,-0.520758
37148514,-0.639578,0.174098,0.545450,-0.512947
37156847,-0.641371,0.178268,0.547319,-0.507254
37165180,-0.642950,0.180871,0.547401,-0.504236
37173513,-0.644447,0.181623,0.545866,-0.503717
37181846,-0.645631,0.182459,0.544211,-0.503691
37190179,-0.646758,0.183086,0.542581,-0.503775
37198512,-0.647999,0.183640,0.540889,-0.503798
37206845,-0.649375,0.185232,0.540029,-0.502364
37215178,-0.650812,0.187710,0.539860,-0.499761
37223511,-0.652406,0.191307,0.540176,-0.495961
37231844,-0.653978,0.195795,0.540565,-0.491698
37240177,-0.655489,0.200772,0.540815,-0.487385
37248510,-0.656862,0.205874,0.541031,-0.483150
37256843,-0.658120,0.210502,0.540997,-0.479467
37265176,-0.659355,0.215072,0.540878,-0.475863
37273509,-0.660452,0.219430,0.540739,-0.472498
37281842,-0.661323,0.223771,0.540773,-0.469194
37290175,-0.662151,0.227945,0.540711,-0.466078
37298508,-0.662856,0.232338,0.540785,-0.462810
37306841,-0.663492,0.236828,0.540953,-0.459414
37315174,-0.664209,0.240245,0.540746,-0.456840
37323507,-0.664614,0.243992,0.540946,-0.454020
37331840,-0.664865,0.247840,0.541163,-0.451300
37340173,-0.665120,0.251232,0.541288,-0.448894
37348506,-0.665137,0.254400,0.541562,-0.446749
37356839,-0.665212,0.257272,0.541838,-0.444652
37365172,-0.665172,0.260221,0.542200,-0.442549
37373505,-0.664909,0.262947,0.542660,-0.440766
37381838,-0.664730,0.264873,0.542934,-0.439544
37390171,-0.664505,0.266612,0.543357,-0.438308
37398504,-0.664250,0.268144,0.543779,-0.437236
37406837,-0.664034,0.269345,0.544244,-0.436245
37415170,-0.663959,0.270005,0.544570,-0.435545
37423503,-0.663775,0.270179,0.544997,-0.435184
37431836,-0.663531,0.270595,0.545599,-0.434542
37440169,-0.663499,0.270636,0.545896,-0.434193
37448502,-0.663263,0.270745,0.546448,-0.433790
37456835,-0.663264,0.270094,0.546786,-0.433768
37465168,-0.663277,0.269438,0.546994,-0.433894
37473501,-0.663189,0.268826,0.547325,-0.433991
37481834,-0.663246,0.267833,0.547460,-0.434347
37490167,-0.663349,0.266723,0.547562,-0.434744
37498500,-0.663357,0.265694,0.547749,-0.435126
37506833,-0.663341,0.264765,0.547978,-0.435429
37515166,-0.663426,0.263759,0.548064,-0.435803
37523499,-0.663583,0.262471,0.547963,-0.436467
37531832,-0.663675,0.261318,0.547982,-0.436996
37540165,-0.663607,0.260224,0.548155,-0.437534
37548498,-0.663648,0.258924,0.548151,-0.438247
37556831,-0.663562,0.257894,0.548345,-0.438742
37565164,-0.663610,0.256784,0.548400,-0.439251
37573497,-0.663597,0.255830,0.548350,-0.439888
37581830,-0.663648,0.254789,0.548294,-0.440486
37590163,-0.663520,0.254240,0.548558,-0.440666
37598496,-0.663533,0.253719,0.548543,-0.440966
37606829,-0.663558,0.253206,0.548429,-0.441365
37615162,-0.663641,0.252691,0.548375,-0.441602
37623495,-0.663744,0.252586,0.548242,-0.441673
37631828,-0.663936,0.252316,0.547931,-0.441924
37640161,-0.663996,0.252437,0.547771,-0.441964
37648494,-0.664292,0.252237,0.547279,-0.442241
37656827,-0.664405,0.252479,0.547085,-0.442175
37665160,-0.664443,0.252978,0.546963,-0.441984
37673493,-0.664564,0.253199,0.546700,-0.442000
37681826,-0.664715,0.253543,0.546325,-0.442041
37690159,-0.664855,0.254017,0.546057,-0.441887
37698492,-0.664972,0.254487,0.545692,-0.441893
37706825,-0.665063,0.254844,0.545532,-0.441748
37715158,-0.665209,0.255397,0.545364,-0.441414
37723491,-0.665290,0.256011,0.545389,-0.440906
37731824,-0.665450,0.256425,0.545255,-0.440590
37740157,-0.665636,0.256791,0.545023,-0.440382
37748490,-0.665600,0.257580,0.545101,-0.439880
37756823,-0.665725,0.258117,0.544994,-0.439508
37765156,-0.665717,0.258890,0.544977,-0.439086
37773489,-0.665853,0.259189,0.544821,-0.438896
37781822,-0.665911,0.259738,0.544795,-0.438517
37790155,-0.665964,0.260214,0.544685,-0.438291
37798488,-0.666033,0.260737,0.544581,-0.438004
37806821,-0.665997,0.261503,0.544713,-0.437437
37815154,-0.666077,0.261936,0.544626,-0.437165
37823487,-0.666078,0.262695,0.544694,-0.436623
37831820,-0.666145,0.263253,0.544679,-0.436203
37840153,-0.666274,0.263763,0.544546,-0.435865
37848486,-0.666236,0.264412,0.544601,-0.435460
37856819,-0.666350,0.264710,0.544591,-0.435118
37865152,-0.666352,0.265253,0.544625,-0.434741
37873485,-0.666367,0.265732,0.544705,-0.434324
37881818,-0.666385,0.266031,0.544739,-0.434072
37890151,-0.666426,0.266393,0.544754,-0.433766
37898484,-0.666416,0.266773,0.544854,-0.433424
37906817,-0.666448,0.267021,0.544829,-0.433255
37915150,-0.666585,0.267245,0.544794,-0.432948
37923483,-0.666596,0.267571,0.544887,-0.432613
37931816,-0.666731,0.267640,0.544769,-0.432511
37940149,-0.666786,0.267727,0.544824,-0.432303
37948482,-0.666764,0.268072,0.544982,-0.431923
37956815,-0.666827,0.268347,0.545016,-0.431613
37965148,-0.666962,0.268432,0.544969,-0.431410
37973481,-0.667012,0.268696,0.545020,-0.431103
37981814,-0.667096,0.268854,0.545018,-0.430878
37990147,-0.667147,0.269082,0.545063,-0.430600
37998480,-0.667179,0.269310,0.545067,-0.430403
38006813,-0.667156,0.269552,0.545153,-0.430177
38015146,-0.667258,0.269561,0.545175,-0.429986
38023479,-0.667335,0.269584,0.545279,-0.429720
38031812,-0.667407,0.269572,0.545235,-0.429671
38040145,-0.667507,0.269871,0.545239,-0.429324
38048478,-0.667516,0.270312,0.545329,-0.428916
38056811,-0.667585,0.270462,0.545310,-0.428739
38065144,-0.667655,0.270623,0.545307,-0.428532
38073477,-0.667772,0.270767,0.545287,-0.428284
38081810,-0.667707,0.271224,0.545373,-0.427987
38090143,-0.667863,0.271517,0.545421,-0.427497
38098476,-0.667907,0.271821,0.545374,-0.427295
38106809,-0.667992,0.272396,0.545315,-0.426872
38115142,-0.668038,0.272925,0.545275,-0.426511
38123475,-0.668014,0.273750,0.545312,-0.425974
38131808,-0.668180,0.274457,0.545187,-0.425417
38140141,-0.668227,0.275381,0.545123,-0.424828
38148474,-0.668283,0.276404,0.544983,-0.424255
38156807,-0.668310,0.277612,0.544864,-0.423576
38165140,-0.668316,0.279015,0.544711,-0.422840
38173473,-0.668246,0.280975,0.544623,-0.421764
38181806,-0.668258,0.282636,0.544338,-0.421003
38190139,-0.668045,0.284566,0.544430,-0.419923
38198472,-0.667754,0.287048,0.544605,-0.418466
38206805,-0.667467,0.289778,0.544736,-0.416868
38215138,-0.667234,0.292519,0.544787,-0.415258
38223471,-0.666929,0.295206,0.544784,-0.413849
38231804,-0.666407,0.298188,0.545016,-0.412243
38240137,-0.666044,0.301124,0.545112,-0.410565
38248470,-0.665537,0.304008,0.545231,-0.409100
38256803,-0.665013,0.306867,0.545242,-0.407801
38265136,-0.664453,0.309749,0.545344,-0.406396
38273469,-0.663880,0.312698,0.545560,-0.404781
38281802,-0.663115,0.315734,0.545895,-0.403223
38290135,-0.662263,0.319229,0.546236,-0.401407
38298468,-0.661264,0.322506,0.546796,-0.399666
38306801,-0.660380,0.325870,0.547345,-0.397643
38315134,-0.659472,0.329369,0.547837,-0.395585
38323467,-0.658371,0.333270,0.548573,-0.393125
38331800,-0.657268,0.336808,0.549432,-0.390749
38340133,-0.656039,0.340602,0.550320,-0.388267
38348466,-0.654710,0.344463,0.551283,-0.385729
38356799,-0.653552,0.348007,0.552115,-0.383315
38365132,-0.652222,0.351669,0.553079,-0.380841
38373465,-0.650735,0.355321,0.554031,-0.378604
38381798,-0.649512,0.358706,0.555039,-0.376027
38390131,-0.648168,0.362184,0.556249,-0.373214
38398464,-0.646657,0.365752,0.557546,-0.370409
38406797,-0.645159,0.369489,0.558909,-0.367244
38415130,-0.643728,0.372681,0.560276,-0.364437
38423463,-0.642565,0.375412,0.561676,-0.361521
38431796,-0.641085,0.378256,0.563208,-0.358788
38440129,-0.639539,0.381209,0.564754,-0.355981
38448462,-0.638223,0.383920,0.566099,-0.353282
38456795,-0.636853,0.386730,0.567529,-0.350384
38465128,-0.635178,0.389689,0.569137,-0.347528
38473461,-0.633771,0.392396,0.570566,-0.344696
38481794,-0.632398,0.394840,0.572188,-0.341723
38490127,-0.630790,0.397530,0.573945,-0.338617
38498460,-0.629505,0.399900,0.575543,-0.335491
38506793,-0.627800,0.402872,0.577485,-0.331772
38515126,-0.626448,0.405184,0.579233,-0.328450
38523459,-0.625192,0.407445,0.581199,-0.324547
38531792,-0.624074,0.409099,0.583346,-0.320745
38540125,-0.622956,0.410933,0.585576,-0.316481
38548458,-0.621973,0.412636,0.587618,-0.312388
38556791,-0.621385,0.413408,0.589622,-0.308741
38565124,-0.621041,0.414013,0.591683,-0.304652
38573457,-0.620896,0.413552,0.594192,-0.300665
38581790,-0.621089,0.412776,0.596420,-0.296896
38590123,-0.621349,0.411486,0.598650,-0.293638
38598456,-0.621875,0.409561,0.601141,-0.290105
38606789,-0.622260,0.407541,0.603662,-0.286871
38615122,-0.623185,0.404605,0.605960,-0.284161
38623455,-0.623852,0.402017,0.608604,-0.280700
38631788,-0.625022,0.399073,0.610523,-0.278118
38640121,-0.626485,0.395679,0.612747,-0.274765
38648454,-0.627959,0.391934,0.614960,-0.271809
38656787,-0.629292,0.388230,0.617206,-0.268933
38665120,-0.630992,0.384247,0.619214,-0.266041
38673453,-0.632970,0.379439,0.621258,-0.263465
38681786,-0.635011,0.374161,0.623437,-0.260941
38690119,-0.636970,0.369216,0.625577,-0.258074
38698452,-0.638660,0.364333,0.628060,-0.254784
38706785,-0.640866,0.358787,0.629812,-0.252781
38715118,-0.642878,0.352808,0.632383,-0.249652
38723451,-0.644777,0.347354,0.634908,-0.245969
38731784,-0.646660,0.341743,0.637573,-0.241956
38740117,-0.648830,0.335613,0.640152,-0.237886
38748450,-0.651103,0.329295,0.642460,-0.234254
38756783,-0.653108,0.323440,0.644981,-0.229863
38765116,-0.655172,0.317327,0.647605,-0.225079
38773449,-0.657375,0.310567,0.650078,-0.220919
38781782,-0.659975,0.302638,0.652478,-0.217060
38790115,-0.662306,0.295687,0.654761,-0.212622
38798448,-0.664688,0.288713,0.657028,-0.207721
38806781,-0.665980,0.284246,0.659928,-0.200426
38815114,-0.669251,0.275809,0.661396,-0.196441
38823447,-0.671704,0.269497,0.663217,-0.190600
38831780,-0.674135,0.263879,0.664805,-0.184237
38840113,-0.676572,0.258029,0.666360,-0.177864
38848446,-0.678601,0.252852,0.668000,-0.171295
38856779,-0.680591,0.248417,0.669438,-0.164125
38865112,-0.682346,0.244515,0.671016,-0.156055
38873445,-0.684002,0.241909,0.672357,-0.146825
38881778,-0.685514,0.240416,0.673481,-0.136728
38890111,-0.687120,0.239673,0.674208,-0.125959
38898444,-0.688765,0.238995,0.674708,-0.115123
38906777,-0.690452,0.237921,0.674929,-0.105550
38915110,-0.692472,0.235846,0.674793,-0.097542
38923443,-0.694690,0.233187,0.674395,-0.090671
38931776,-0.697189,0.229466,0.673747,-0.085657
38940109,-0.699914,0.225142,0.672829,-0.082055
38948442,-0.702961,0.220029,0.671576,-0.080116
38956775,-0.706060,0.214520,0.670208,-0.079253
38965108,-0.709167,0.209141,0.668636,-0.079170
38973441,-0.712782,0.202248,0.666728,-0.080694
38981774,-0.716056,0.195182,0.665096,-0.082559
38990107,-0.719353,0.188721,0.663232,-0.083896
38998440,-0.722595,0.182308,0.661297,-0.085478
39006773,-0.725985,0.175542,0.659103,-0.087835
39015106,-0.729339,0.169206,0.656772,-0.089910
39023439,-0.732775,0.162841,0.654250,-0.092092
39031772,-0.736084,0.157073,0.651667,-0.094015
39040105,-0.739394,0.151495,0.648919,-0.096180
39048438,-0.742722,0.144974,0.646091,-0.099567
39056771,-0.745859,0.138570,0.643290,-0.103300
39065104,-0.748894,0.132321,0.640403,-0.107393
39073437,-0.752096,0.124659,0.637291,-0.112570
39081770,-0.754939,0.117280,0.634341,-0.117995
39090103,-0.757718,0.109816,0.631205,-0.124035
39098436,-0.760429,0.101652,0.628001,-0.130498
39106769,-0.762915,0.093718,0.624836,-0.136958
39115102,-0.765279,0.086057,0.621582,-0.143452
39123435,-0.767576,0.078171,0.618242,-0.149974
39131768,-0.769714,0.071533,0.614912,-0.155906
39140101,-0.771848,0.065516,0.611426,-0.161602
39148434,-0.774012,0.059884,0.607785,-0.167084
39156767,-0.776138,0.054256,0.604090,-0.172457
39165100,-0.778194,0.049487,0.600349,-0.177614
39173433,-0.780189,0.045395,0.596699,-0.182195
39181766,-0.782276,0.040898,0.592821,-0.186907
39190099,-0.784243,0.037104,0.588977,-0.191551
39198432,-0.786421,0.032344,0.584490,-0.197148
39206765,-0.788460,0.028032,0.580446,-0.201563
39215098,-0.790240,0.024857,0.576649,-0.205860
39223431,-0.792084,0.021153,0.572646,-0.210314
39231764,-0.793837,0.017384,0.568763,-0.214544
39240097,-0.795476,0.013617,0.564934,-0.218820
39248430,-0.797088,0.010259,0.561206,-0.222695
39256763,-0.798499,0.006077,0.557612,-0.226784
39265096,-0.799792,0.002063,0.553995,-0.231123
39273429,-0.801283,-0.002536,0.549992,-0.235472
39281762,-0.802568,-0.006118,0.546405,-0.239352
39290095,-0.803722,-0.009616,0.543253,-0.242518
39298428,-0.804801,-0.012904,0.540232,-0.245517
39306761,-0.805859,-0.016262,0.537258,-0.248355
39315094,-0.806858,-0.019517,0.534434,-0.250958
39323427,-0.807695,-0.023135,0.531727,-0.253694
39331760,-0.808447,-0.026436,0.529270,-0.256103
39340093,-0.809140,-0.029184,0.527194,-0.257888
39348426,-0.809706,-0.032228,0.525256,-0.259699
39356759,-0.810158,-0.035141,0.523378,-0.261694
39365092,-0.810642,-0.038019,0.521616,-0.263309
39373425,-0.810896,-0.040888,0.520239,-0.264817
39381758,-0.810955,-0.043718,0.519039,-0.266531
39390091,-0.810930,-0.046868,0.517917,-0.268250
39398424,-0.810702,-0.050139,0.517067,-0.269981
39406757,-0.810505,-0.053147,0.516376,-0.271317
39415090,-0.810147,-0.056001,0.515943,-0.272634
39423423,-0.809627,-0.059070,0.515596,-0.274181
39431756,-0.809052,-0.061881,0.515432,-0.275566
39440089,-0.808287,-0.064604,0.515616,-0.276836
39448422,-0.807358,-0.067444,0.516016,-0.278122
39456755,-0.806339,-0.070035,0.516590,-0.279370
39465088,-0.805053,-0.073179,0.517380,-0.280808
39473421,-0.803760,-0.075701,0.518391,-0.281975
39481754,-0.802336,-0.078279,0.519583,-0.283130
39490087,-0.800648,-0.081224,0.521045,-0.284390
39498420,-0.798795,-0.083834,0.522710,-0.285784
39506753,-0.796836,-0.086414,0.524560,-0.287090
39515086,-0.794771,-0.089351,0.526434,-0.288485
39523419,-0.792689,-0.091680,0.528539,-0.289629
39531752,-0.790334,-0.094253,0.530898,-0.290921
39540085,-0.787902,-0.096592,0.533295,-0.292366
39548418,-0.785346,-0.098745,0.535922,-0.293714
39556751,-0.782642,-0.101100,0.538688,-0.295070
39565084,-0.779765,-0.103038,0.541763,-0.296384
39573417,-0.776997,-0.104902,0.544690,-0.297630
39581750,-0.774077,-0.106831,0.547735,-0.298962
39590083,-0.771121,-0.108412,0.550928,-0.300161
39598416,-0.768066,-0.110406,0.553911,-0.301776
39606749,-0.764712,-0.112195,0.557206,-0.303560
39615082,-0.761340,-0.114062,0.560394,-0.305466
39623415,-0.758035,-0.115539,0.563605,-0.307218
39631748,-0.754604,-0.117035,0.566784,-0.309242
39640081,-0.750948,-0.119045,0.569865,-0.311704
39648414,-0.747152,-0.120915,0.573014,-0.314322
39656747,-0.743464,-0.122195,0.576063,-0.316986
39665080,-0.739215,-0.124542,0.579144,-0.320381
39673413,-0.734974,-0.126353,0.582143,-0.323970
39681746,-0.730589,-0.128441,0.584914,-0.328052
39690079,-0.726128,-0.130425,0.587654,-0.332252
39698412,-0.721277,-0.133443,0.590180,-0.337104
39706745,-0.716291,-0.135979,0.592551,-0.342520
39715078,-0.711065,-0.138559,0.595016,-0.348058
39723411,-0.705785,-0.141265,0.597161,-0.353993
39731744,-0.700463,-0.143780,0.599050,-0.360302
39740077,-0.695092,-0.146211,0.600784,-0.366781
39748410,-0.689758,-0.148309,0.602407,-0.373288
39756743,-0.684617,-0.150158,0.603887,-0.379570
39765076,-0.679537,-0.151451,0.605512,-0.385548
39773409,-0.674585,-0.152504,0.606850,-0.391677
39781742,-0.669665,-0.153347,0.608049,-0.397882
39790075,-0.664880,-0.154395,0.608839,-0.404242
39798408,-0.660365,-0.154618,0.609669,-0.410262
39806741,-0.656009,-0.154821,0.610391,-0.416059
39815074,-0.651894,-0.154170,0.611373,-0.421295
39823407,-0.648089,-0.152974,0.612453,-0.426006
39831740,-0.644402,-0.151945,0.613252,-0.430790
39840073,-0.640899,-0.150860,0.614005,-0.435303
39848406,-0.637788,-0.149389,0.614728,-0.439339
39856739,-0.635011,-0.146734,0.615975,-0.442500
39865072,-0.632437,-0.144527,0.616838,-0.445698
39873405,-0.630261,-0.141519,0.617996,-0.448135
39881738,-0.628225,-0.139077,0.618896,-0.450509
39890071,-0.626645,-0.135815,0.620062,-0.452099
39898404,-0.625350,-0.132788,0.621111,-0.453349
39906737,-0.624195,-0.130458,0.621900,-0.454535
39915070,-0.623188,-0.128410,0.622588,-0.455556
39923403,-0.622497,-0.126119,0.623286,-0.456186
39931736,-0.622108,-0.123706,0.624074,-0.456300
39940069,-0.621957,-0.121173,0.624857,-0.456115
39948402,-0.622033,-0.119173,0.625379,-0.455821
39956735,-0.622310,-0.117492,0.625738,-0.455387
39965068,-0.622782,-0.115766,0.626075,-0.454721
39973401,-0.623461,-0.114399,0.626206,-0.453955
39981734,-0.624242,-0.113585,0.626069,-0.453275
39990067,-0.625243,-0.113241,0.625637,-0.452578
39998400,-0.626434,-0.112918,0.625103,-0.451749
40006733,-0.627752,-0.112598,0.624588,-0.450710
40015066,-0.629246,-0.112846,0.623549,-0.450002
40023399,-0.630888,-0.113302,0.622472,-0.449080
40031732,-0.632584,-0.113847,0.621335,-0.448128
40040065,-0.634470,-0.114210,0.620269,-0.446845
40048398,-0.636445,-0.114676,0.619173,-0.445434
40056731,-0.638563,-0.115495,0.617827,-0.444059
40065064,-0.640812,-0.116379,0.616307,-0.442698
40073397,-0.643114,-0.117641,0.614644,-0.441336
40081730,-0.645457,-0.118721,0.612958,-0.439970
40090063,-0.647952,-0.119991,0.611167,-0.438447
40098396,-0.650534,-0.120813,0.609571,-0.436615
40106729,-0.653118,-0.122328,0.607590,-0.435095
40115062,-0.655719,-0.123723,0.605620,-0.433531
40123395,-0.658328,-0.125100,0.603622,-0.431966
40131728,-0.661045,-0.126539,0.601528,-0.430316
40140061,-0.663715,-0.127860,0.599445,-0.428719
40148394,-0.666433,-0.129264,0.597289,-0.427087
40156727,-0.669179,-0.130721,0.595088,-0.425419
40165060,-0.671946,-0.132175,0.592842,-0.423741
40173393,-0.674665,-0.133390,0.590660,-0.422084
40181726,-0.677229,-0.134772,0.588391,-0.420705
40190059,-0.679847,-0.136112,0.586141,-0.419190
40198392,-0.682354,-0.137748,0.583817,-0.417824
40206725,-0.684896,-0.139122,0.581570,-0.416340
40215058,-0.687340,-0.140908,0.579180,-0.415041
40223391,-0.689714,-0.142587,0.576844,-0.413781
40231724,-0.692020,-0.143808,0.574653,-0.412555
40240057,-0.694271,-0.145290,0.572500,-0.411244
40248390,-0.696526,-0.146936,0.570197,-0.410045
40256723,-0.698684,-0.148637,0.567955,-0.408871
40265056,-0.700606,-0.150288,0.565696,-0.408108
40273389,-0.702574,-0.152157,0.563425,-0.407174
40281722,-0.704466,-0.153525,0.561393,-0.406196
40290055,-0.706229,-0.154497,0.559689,-0.405116
40298388,-0.707936,-0.155803,0.557769,-0.404285
40306721,-0.709502,-0.157310,0.555784,-0.403689
40315054,-0.710877,-0.159046,0.553860,-0.403232
40323387,-0.712187,-0.160511,0.552136,-0.402706
40331720,-0.713521,-0.161769,0.550515,-0.402061
40340053,-0.714669,-0.163008,0.548946,-0.401666
40348386,-0.715652,-0.164260,0.547528,-0.401340
40356719,-0.716533,-0.165597,0.546162,-0.401080
40365052,-0.717124,-0.167270,0.544910,-0.401033
40373385,-0.717659,-0.168799,0.543753,-0.401005
40381718,-0.718087,-0.170033,0.542820,-0.400982
40390051,-0.718408,-0.171494,0.541910,-0.401015
40398384,-0.718625,-0.172735,0.541172,-0.401092
40406717,-0.718852,-0.173740,0.540595,-0.401028
40415050,-0.718986,-0.174612,0.540194,-0.400950
40423383,-0.718895,-0.175618,0.539852,-0.401133
40431716,-0.718884,-0.176618,0.539509,-0.401175
40440049,-0.718437,-0.177599,0.539376,-0.401721
40448382,-0.717972,-0.178353,0.539515,-0.402032
40456715,-0.717476,-0.179133,0.539661,-0.402374
40465048,-0.717015,-0.179490,0.540064,-0.402497
40473381,-0.716287,-0.180038,0.540412,-0.403080
40481714,-0.715430,-0.180467,0.541042,-0.403565
40490047,-0.714659,-0.180816,0.541626,-0.403991
40498380,-0.713726,-0.180967,0.542399,-0.404536
40506713,-0.712706,-0.180974,0.543301,-0.405121
40515046,-0.711765,-0.180664,0.544319,-0.405547
40523379,-0.710511,-0.180707,0.545388,-0.406289
40531712,-0.709268,-0.180471,0.546615,-0.406917
40540045,-0.707987,-0.180230,0.547842,-0.407603
40548378,-0.706548,-0.179891,0.549154,-0.408484
40556711,-0.705067,-0.179734,0.550480,-0.409327
40565044,-0.703486,-0.179599,0.551830,-0.410286
40573377,-0.701767,-0.179246,0.553372,-0.411306
40581710,-0.699806,-0.179651,0.554711,-0.412666
40590043,-0.697866,-0.179572,0.556132,-0.414070
40598376,-0.695552,-0.180205,0.557507,-0.415836
40606709,-0.693312,-0.180257,0.559093,-0.417423
40615042,-0.690889,-0.180635,0.560475,-0.419417
40623375,-0.688434,-0.181093,0.561878,-0.421376
40631708,-0.685871,-0.181642,0.563285,-0.423435
40640041,-0.683239,-0.182269,0.564645,-0.425604
40648374,-0.680317,-0.183571,0.565688,-0.428331
40656707,-0.677394,-0.184622,0.566907,-0.430894
40665040,-0.674393,-0.185690,0.567995,-0.433699
40673373,-0.671286,-0.187487,0.568812,-0.436666
40681706,-0.667701,-0.189405,0.569427,-0.440515
40690039,-0.664256,-0.190920,0.570330,-0.443888
40698372,-0.660658,-0.192674,0.571070,-0.447534
40706705,-0.656967,-0.194782,0.571503,-0.451484
40715038,-0.653186,-0.197187,0.571711,-0.455645
40723371,-0.649335,-0.199286,0.572005,-0.459847
40731704,-0.645747,-0.201329,0.572184,-0.463771
40740037,-0.642060,-0.203457,0.572174,-0.467954
40748370,-0.638252,-0.205766,0.572052,-0.472284
40756703,-0.634599,-0.207748,0.571907,-0.476495
40765036,-0.630817,-0.209712,0.571553,-0.481059
40773369,-0.627324,-0.211857,0.570980,-0.485348
40781702,-0.623538,-0.214120,0.570272,-0.490043
40790035,-0.619794,-0.215940,0.569699,-0.494640
40798368,-0.616154,-0.217620,0.569076,-0.499148
40806701,-0.612559,-0.218958,0.568551,-0.503566
40815034,-0.609124,-0.220219,0.567933,-0.507862
40823367,-0.605691,-0.221633,0.567112,-0.512250
40831700,-0.602516,-0.222950,0.566217,-0.516398
40840033,-0.599389,-0.223982,0.565448,-0.520417
40848366,-0.596421,-0.225288,0.564227,-0.524571
40856699,-0.593471,-0.225679,0.563676,-0.528329
40865032,-0.590914,-0.225863,0.563090,-0.531729
40873365,-0.588229,-0.226402,0.562171,-0.535437
40881698,-0.585589,-0.227114,0.561139,-0.539100
40890031,-0.583117,-0.227626,0.560229,-0.542499
40898364,-0.580682,-0.228303,0.559049,-0.546032
40906697,-0.578122,-0.229093,0.557751,-0.549731
40915030,-0.575598,-0.230011,0.556445,-0.553309
40923363,-0.573209,-0.230837,0.555088,-0.556797
40931696,-0.571042,-0.231547,0.553960,-0.559844
40940029,-0.568885,-0.232581,0.552539,-0.563006
40948362,-0.566755,-0.233872,0.550868,-0.566249
40956695,-0.564963,-0.234474,0.549752,-0.568869
40965028,-0.563074,-0.235905,0.548182,-0.571658
40973361,-0.561064,-0.237920,0.546108,-0.574776
40981694,-0.559407,-0.239625,0.544325,-0.577368
40990027,-0.557820,-0.241431,0.542531,-0.579834
40998360,-0.556465,-0.243290,0.540777,-0.581995
41006693,-0.555212,-0.245062,0.539110,-0.583991
41015026,-0.554004,-0.246900,0.537423,-0.585915
41023359,-0.553128,-0.248568,0.535917,-0.587415
41031692,-0.552116,-0.250443,0.534335,-0.589009
41040025,-0.551074,-0.252477,0.532645,-0.590645
41048358,-0.550455,-0.254302,0.531177,-0.591760
41056691,-0.550118,-0.255996,0.529910,-0.592480
41065024,-0.549839,-0.257585,0.528711,-0.593120
41073357,-0.549741,-0.258887,0.527779,-0.593474
41081690,-0.549728,-0.260609,0.526634,-0.593749
41090023,-0.549799,-0.262013,0.525793,-0.593811
41098356,-0.549907,-0.263380,0.524985,-0.593822
41106689,-0.549901,-0.265265,0.523901,-0.593946
41115022,-0.550108,-0.266521,0.523143,-0.593859
41123355,-0.550429,-0.267868,0.522447,-0.593568
41131688,-0.550869,-0.269171,0.521845,-0.593101
41140021,-0.551526,-0.269837,0.521708,-0.592307
41148354,-0.552273,-0.270652,0.521468,-0.591450
41156687,-0.553143,-0.271099,0.521547,-0.590362
41165020,-0.554235,-0.271649,0.521466,-0.589154
41173353,-0.555474,-0.271802,0.521852,-0.587574
41181686,-0.556699,-0.271959,0.522139,-0.586085
41190019,-0.557958,-0.272173,0.522361,-0.584589
41198352,-0.559412,-0.272087,0.522697,-0.582937
41206685,-0.560706,-0.272469,0.522710,-0.581501
41215018,-0.562167,-0.272634,0.522982,-0.579766
41223351,-0.563533,-0.272817,0.523043,-0.578297
41231684,-0.564999,-0.272823,0.523175,-0.576743
41240017,-0.566471,-0.272688,0.523309,-0.575239
41248350,-0.567911,-0.272961,0.523385,-0.573618
41256683,-0.569595,-0.272847,0.523565,-0.571835
41265016,-0.571083,-0.272542,0.523758,-0.570318
41273349,-0.572641,-0.272173,0.524055,-0.568656
41281682,-0.574192,-0.271926,0.524218,-0.567058
41290015,-0.575580,-0.272161,0.524160,-0.565590
41298348,-0.576874,-0.271877,0.524396,-0.564187
41306681,-0.578266,-0.271337,0.524715,-0.562723
41315014,-0.579512,-0.271304,0.524878,-0.561305
41323347,-0.580921,-0.270703,0.525201,-0.559835
41331680,-0.582209,-0.270412,0.525338,-0.558507
41340013,-0.583441,-0.270127,0.525576,-0.557133
41348346,-0.584600,-0.269530,0.525829,-0.555968
41356679,-0.585619,-0.269122,0.526131,-0.554806
41365012,-0.586611,-0.268624,0.526294,-0.553844
41373345,-0.587509,-0.268017,0.526539,-0.552952
41381678,-0.588302,-0.267400,0.526798,-0.552160
41390011,-0.588973,-0.267062,0.526959,-0.551455
41398344,-0.589610,-0.266539,0.527106,-0.550887
41406677,-0.590339,-0.265806,0.527323,-0.550252
41415010,-0.591129,-0.264944,0.527583,-0.549570
41423343,-0.591834,-0.264306,0.527856,-0.548855
41431676,-0.592293,-0.263677,0.528078,-0.548449
41440009,-0.592772,-0.262859,0.528429,-0.547986
41448342,-0.593145,-0.262327,0.528618,-0.547656
41456675,-0.593458,-0.261804,0.528801,-0.547390
41465008,-0.593658,-0.261021,0.529074,-0.547283
41473341,-0.593892,-0.260319,0.529337,-0.547110
41481674,-0.594033,-0.259569,0.529661,-0.546998
41490007,-0.594391,-0.258890,0.530080,-0.546526
41498340,-0.594651,-0.258208,0.530480,-0.546177
41506673,-0.594692,-0.257405,0.530864,-0.546140
41515006,-0.594652,-0.256763,0.531232,-0.546127
41523339,-0.594525,-0.256259,0.531523,-0.546218
41531672,-0.594310,-0.255708,0.531900,-0.546344
41540005,-0.594213,-0.255041,0.532361,-0.546312
41548338,-0.593960,-0.254500,0.532734,-0.546475
41556671,-0.593643,-0.254107,0.533049,-0.546697
41565004,-0.593264,-0.253693,0.533376,-0.546981
41573337,-0.592945,-0.253244,0.533768,-0.547152
41581670,-0.592603,-0.252799,0.534128,-0.547377
41590003,-0.592207,-0.252475,0.534408,-0.547682
41598336,-0.591720,-0.252166,0.534765,-0.548002
41606669,-0.591229,-0.251811,0.535206,-0.548264
41615002,-0.590699,-0.251477,0.535649,-0.548556
41623335,-0.590227,-0.251048,0.536144,-0.548777
41631668,-0.589753,-0.250632,0.536647,-0.548986
41640001,-0.589348,-0.250312,0.537053,-0.549169
41648334,-0.588983,-0.249833,0.537656,-0.549189
41656667,-0.588458,-0.249489,0.538118,-0.549456
41665000,-0.587942,-0.249376,0.538542,-0.549645
41673333,-0.587373,-0.249152,0.539022,-0.549882
41681666,-0.586852,-0.248822,0.539511,-0.550109
41689999,-0.586270,-0.248636,0.539975,-0.550359
41698332,-0.585684,-0.248471,0.540310,-0.550728
41706665,-0.585098,-0.248376,0.540621,-0.551089
41714998,-0.584607,-0.248399,0.540932,-0.551294
41723331,-0.584048,-0.248347,0.541268,-0.551579
41731664,-0.583438,-0.248571,0.541429,-0.551966
41739997,-0.582895,-0.248322,0.541852,-0.552238
41748330,-0.582282,-0.248201,0.542258,-0.552539
41756663,-0.581600,-0.248302,0.542465,-0.553009
41764996,-0.581032,-0.248338,0.542670,-0.553389
41773329,-0.580465,-0.248113,0.543059,-0.553704
41781662,-0.579863,-0.248150,0.543215,-0.554164
41789995,-0.579249,-0.247962,0.543476,-0.554634
41798328,-0.578729,-0.247847,0.543614,-0.555093
41806661,-0.578204,-0.247730,0.543726,-0.555583
41814994,-0.577614,-0.247645,0.543816,-0.556146
41823327,-0.577086,-0.247432,0.543973,-0.556635
41831660,-0.576649,-0.247068,0.544270,-0.556959
41839993,-0.576354,-0.246574,0.544756,-0.557009
41848326,-0.575827,-0.246755,0.544779,-0.557450
41856659,-0.575304,-0.246712,0.544693,-0.558094
41864992,-0.575017,-0.246326,0.544783,-0.558472
41873325,-0.574834,-0.246009,0.544908,-0.558678
41881658,-0.574522,-0.245849,0.544984,-0.558995
41889991,-0.574253,-0.245797,0.544986,-0.559292
41898324,-0.573949,-0.246026,0.544782,-0.559702
41906657,-0.573682,-0.246302,0.544550,-0.560079
41914990,-0.573502,-0.246512,0.544383,-0.560334
41923323,-0.573316,-0.246922,0.543935,-0.560778
41931656,-0.573159,-0.247183,0.543584,-0.561165
41939989,-0.573161,-0.247457,0.543296,-0.561320
41948322,-0.573248,-0.247706,0.543203,-0.561212
41956655,-0.573326,-0.248066,0.542920,-0.561248
41964988,-0.573400,-0.248564,0.542472,-0.561385
41973321,-0.573448,-0.249162,0.542011,-0.561515
41981654,-0.573488,-0.249960,0.541344,-0.561764
41989987,-0.573562,-0.250549,0.540918,-0.561836
41998320,-0.573633,-0.251216,0.540408,-0.561957
42006653,-0.573609,-0.251958,0.539858,-0.562177
42014986,-0.573727,-0.252650,0.539375,-0.562210
42023319,-0.573949,-0.253330,0.538877,-0.562155
42031652,-0.573994,-0.254072,0.538426,-0.562206
42039985,-0.574171,-0.254987,0.537893,-0.562122
42048318,-0.574395,-0.255651,0.537474,-0.561991
42056651,-0.574650,-0.256060,0.537228,-0.561780
42064984,-0.574840,-0.256465,0.536918,-0.561697
42073317,-0.575081,-0.257207,0.536500,-0.561510
42081650,-0.575342,-0.257821,0.536120,-0.561324
42089983,-0.575618,-0.258453,0.535865,-0.560995
42098316,-0.575949,-0.258876,0.535716,-0.560601
42106649,-0.576246,-0.259528,0.535393,-0.560304
42114982,-0.576588,-0.259966,0.535215,-0.559919
42123315,-0.576885,-0.260531,0.535035,-0.559522
42131648,-0.577120,-0.260906,0.534967,-0.559170
42139981,-0.577382,-0.261331,0.534873,-0.558790
42148314,-0.577779,-0.261756,0.534817,-0.558235
42156647,-0.577914,-0.262186,0.534834,-0.557877
42164980,-0.578092,-0.262825,0.534731,-0.557491
42173313,-0.578270,-0.263439,0.534604,-0.557137
42181646,-0.578328,-0.263909,0.534562,-0.556895
42189979,-0.578433,-0.264448,0.534593,-0.556501
42198312,-0.578401,-0.264993,0.534656,-0.556213
42206645,-0.578368,-0.265563,0.534691,-0.555942
42214978,-0.578283,-0.266158,0.534797,-0.555645
42223311,-0.578229,-0.266861,0.534879,-0.555284
42231644,-0.578168,-0.267419,0.535014,-0.554949
42239977,-0.578226,-0.267760,0.535250,-0.554496
42248310,-0.578283,-0.268086,0.535567,-0.553973
42256643,-0.578364,-0.268204,0.536067,-0.553349
42264976,-0.578395,-0.268466,0.536452,-0.552815
42273309,-0.578384,-0.268667,0.536752,-0.552438
42281642,-0.578335,-0.268924,0.536963,-0.552159
42289975,-0.578320,-0.269178,0.537278,-0.551744
42298308,-0.578204,-0.269696,0.537481,-0.551414
42306641,-0.578264,-0.269856,0.537979,-0.550787
42314974,-0.578250,-0.269862,0.538484,-0.550305
42323307,-0.578189,-0.269923,0.538894,-0.549938
42331640,-0.578090,-0.270227,0.539194,-0.549599
42339973,-0.577808,-0.270925,0.539178,-0.549567
42348306,-0.577573,-0.271116,0.539469,-0.549435
42356639,-0.577257,-0.271375,0.539833,-0.549281
42364972,-0.576988,-0.271398,0.540255,-0.549139
42373305,-0.576781,-0.271253,0.540882,-0.548810
42381638,-0.576613,-0.271372,0.541354,-0.548463
42389971,-0.576424,-0.271434,0.541772,-0.548217
42398304,-0.575965,-0.271545,0.541972,-0.548447
42406637,-0.575597,-0.271581,0.542433,-0.548359
42414970,-0.575342,-0.271674,0.542738,-0.548279
42423303,-0.575054,-0.271717,0.543123,-0.548178
42431636,-0.574775,-0.271636,0.543465,-0.548173
42439969,-0.574484,-0.271421,0.544074,-0.547981
42448302,-0.574155,-0.271380,0.544451,-0.547971
42456635,-0.574017,-0.271357,0.544812,-0.547768
42464968,-0.573763,-0.271343,0.545148,-0.547707
42473301,-0.573579,-0.271257,0.545533,-0.547559
42481634,-0.573327,-0.271375,0.545759,-0.547538
42489967,-0.573439,-0.270902,0.546315,-0.547101
42498300,-0.573342,-0.270768,0.546676,-0.546909
42506633,-0.573063,-0.271147,0.546787,-0.546903
42514966,-0.572712,-0.271580,0.546756,-0.547086
42523299,-0.572799,-0.271273,0.547135,-0.546768
42531632,-0.573019,-0.270840,0.547652,-0.546234
42539965,-0.572895,-0.270904,0.547901,-0.546083
42548298,-0.572660,-0.271319,0.547945,-0.546079
42556631,-0.572523,-0.271625,0.547936,-0.546080
42564964,-0.572538,-0.272068,0.547931,-0.545849
42573297,-0.572566,-0.272401,0.547857,-0.545728
42581630,-0.572603,-0.272544,0.548008,-0.545466
42589963,-0.572398,-0.273219,0.547780,-0.545572
42598296,-0.572459,-0.273355,0.547806,-0.545414
42606629,-0.572183,-0.274089,0.547490,-0.545652
42614962,-0.572126,-0.274499,0.547409,-0.545587
42623295,-0.571848,-0.275579,0.546886,-0.545859
42631628,-0.571590,-0.276373,0.546606,-0.546008
42639961,-0.571638,-0.276788,0.546553,-0.545801
42648294,-0.571741,-0.277186,0.546478,-0.545565
42656627,-0.571453,-0.277950,0.546160,-0.545797
42664960,-0.571557,-0.278150,0.546142,-0.545604
42673293,-0.571566,-0.278812,0.545929,-0.545470
42681626,-0.571435,-0.279436,0.545697,-0.545520
42689959,-0.571571,-0.280153,0.545385,-0.545322
42698292,-0.571585,-0.280857,0.545127,-0.545203
42706625,-0.571875,-0.280825,0.545219,-0.544823
42714958,-0.572089,-0.281363,0.545012,-0.544528
42723291,-0.572320,-0.281885,0.544800,-0.544228
42731624,-0.572475,-0.282735,0.544399,-0.544024
42739957,-0.572963,-0.282614,0.544546,-0.543428
42748290,-0.572870,-0.283697,0.543928,-0.543578
42756623,-0.573217,-0.283715,0.543929,-0.543202
42764956,-0.573528,-0.283838,0.543908,-0.542831
42773289,-0.573606,-0.284667,0.543491,-0.542733
42781622,-0.573981,-0.284368,0.543689,-0.542294
42789955,-0.574349,-0.284362,0.543715,-0.541881
42798288,-0.574387,-0.285009,0.543318,-0.541899
42806621,-0.574706,-0.285026,0.543370,-0.541500
42814954,-0.574821,-0.285557,0.543028,-0.541442
42823287,-0.575203,-0.285648,0.542971,-0.541045
42831620,-0.575744,-0.285522,0.542998,-0.540508
42839953,-0.575910,-0.286053,0.542607,-0.540443
42848286,-0.576664,-0.285565,0.542759,-0.539745
42856619,-0.577006,-0.286082,0.542332,-0.539534
42864952,-0.577651,-0.285702,0.542437,-0.538939
42873285,-0.578129,-0.286090,0.542092,-0.538568
42881618,-0.578666,-0.286743,0.541584,-0.538154
42889951,-0.579326,-0.286786,0.541259,-0.537750
42898284,-0.579911,-0.286726,0.540984,-0.537427
42906617,-0.580749,-0.286458,0.540826,-0.536823
42914950,-0.581555,-0.286305,0.540573,-0.536287
42923283,-0.582071,-0.286455,0.540066,-0.536158
42931616,-0.582810,-0.286663,0.539514,-0.535800
42939949,-0.583349,-0.287130,0.538757,-0.535725
42948282,-0.584137,-0.287011,0.538312,-0.535376
42956615,-0.584915,-0.286931,0.537668,-0.535218
42964948,-0.585521,-0.286822,0.537187,-0.535096
42973281,-0.586154,-0.286772,0.536488,-0.535131
42981614,-0.586600,-0.287198,0.535543,-0.535362
42989947,-0.587135,-0.287023,0.534937,-0.535474
42998280,-0.587669,-0.286867,0.534249,-0.535659
43006613,-0.588279,-0.286447,0.533658,-0.535803
43014946,-0.588741,-0.286541,0.532659,-0.536239
43023279,-0.589145,-0.286306,0.531710,-0.536862
43031612,-0.589673,-0.285829,0.530933,-0.537305
43039945,-0.590112,-0.285652,0.529965,-0.537873
43048278,-0.590656,-0.284931,0.529164,-0.538448
43056611,-0.590952,-0.284826,0.528017,-0.539303
43064944,-0.591348,-0.284692,0.526888,-0.540044
43073277,-0.591569,-0.284596,0.525522,-0.541181
43081610,-0.591904,-0.284296,0.524291,-0.542166
43089943,-0.592047,-0.284047,0.523068,-0.543321
43098276,-0.591923,-0.284860,0.521041,-0.544975
43106609,-0.591483,-0.285990,0.519010,-0.546797
43114942,-0.591488,-0.286057,0.517442,-0.548240
43123275,-0.591147,-0.286786,0.515368,-0.550178
43131608,-0.590672,-0.287522,0.513607,-0.551947
43139941,-0.590250,-0.288400,0.511682,-0.553725
43148274,-0.589389,-0.289621,0.509425,-0.556082
43156607,-0.587845,-0.291766,0.506828,-0.558960
43164940,-0.586198,-0.293899,0.504265,-0.561882
43173273,-0.584770,-0.295802,0.501957,-0.564433
43181606,-0.583021,-0.297816,0.499637,-0.567235
43189939,-0.581405,-0.299499,0.497621,-0.569774
43198272,-0.579520,-0.301439,0.495459,-0.572548
43206605,-0.577429,-0.303344,0.493421,-0.575407
43214938,-0.575221,-0.305616,0.491224,-0.578289
43223271,-0.573151,-0.307593,0.489305,-0.580918
43231604,-0.571232,-0.309469,0.487535,-0.583295
43239937,-0.569236,-0.311038,0.485957,-0.585723
43248270,-0.567224,-0.312975,0.484327,-0.587989
43256603,-0.565396,-0.314432,0.483003,-0.590058
43264936,-0.563529,-0.315868,0.481659,-0.592172
43273269,-0.561781,-0.317229,0.480611,-0.593954
43281602,-0.559795,-0.318987,0.479231,-0.595999
43289935,-0.557908,-0.320800,0.477890,-0.597869
43298268,-0.555850,-0.322798,0.476411,-0.599888
43306601,-0.553909,-0.324489,0.475358,-0.601603
43314934,-0.551800,-0.326172,0.474532,-0.603281
43323267,-0.549635,-0.327973,0.473469,-0.605114
43331600,-0.547259,-0.329970,0.472215,-0.607158
43339933,-0.544826,-0.331901,0.471288,-0.609011
43348266,-0.542363,-0.333878,0.470346,-0.610853
43356599,-0.540109,-0.335483,0.469735,-0.612439
43364932,-0.537511,-0.337295,0.469248,-0.614101
43373265,-0.534865,-0.339079,0.468633,-0.615896
43381598,-0.532015,-0.341249,0.467807,-0.617792
43389931,-0.528900,-0.343443,0.466910,-0.619924
43398264,-0.525966,-0.345174,0.466517,-0.621753
43406597,-0.522627,-0.347340,0.465834,-0.623871
43414930,-0.519052,-0.350128,0.464741,-0.626107
43423263,-0.515445,-0.352352,0.463934,-0.628434
43431596,-0.511811,-0.354158,0.463598,-0.630634
43439929,-0.507768,-0.356873,0.462644,-0.633068
43448262,-0.503660,-0.359628,0.461710,-0.635467
43456595,-0.499412,-0.362115,0.460827,-0.638042
43464928,-0.494783,-0.365156,0.459703,-0.640722
43473261,-0.490254,-0.367661,0.458870,-0.643362
43481594,-0.485353,-0.370496,0.457762,-0.646235
43489927,-0.480585,-0.373102,0.456860,-0.648932
43498260,-0.475444,-0.375918,0.455929,-0.651742
43506593,-0.470493,-0.378345,0.455352,-0.654329
43514926,-0.465178,-0.381190,0.454292,-0.657208
43523259,-0.459832,-0.384134,0.453087,-0.660082
43531592,-0.454606,-0.386885,0.452284,-0.662641
43539925,-0.448724,-0.389795,0.450988,-0.665820
43548258,-0.442959,-0.392762,0.449817,-0.668723
43556591,-0.437554,-0.395542,0.448696,-0.671390
43564924,-0.431727,-0.398099,0.447598,-0.674377
43573257,-0.426230,-0.400765,0.446542,-0.676990
43581590,-0.420494,-0.403309,0.445273,-0.679896
43589923,-0.414894,-0.405808,0.444051,-0.682643
43598256,-0.408933,-0.408497,0.442359,-0.685728
43606589,-0.403217,-0.410966,0.440950,-0.688539
43614922,-0.397293,-0.413413,0.439391,-0.691509
43623255,-0.391295,-0.415891,0.437876,-0.694398
43631588,-0.385123,-0.418722,0.435584,-0.697581
43639921,-0.378761,-0.421329,0.433424,-0.700832
43648254,-0.372215,-0.424063,0.431380,-0.703945
43656587,-0.365605,-0.426978,0.428737,-0.707253
43664920,-0.359221,-0.429736,0.426141,-0.710416
43673253,-0.352634,-0.432674,0.423552,-0.713475
43681586,-0.345743,-0.436003,0.420711,-0.716495
43689919,-0.338697,-0.439278,0.417810,-0.719551
43698252,-0.331785,-0.442479,0.414984,-0.722440
43706585,-0.325072,-0.445746,0.412125,-0.725115
43714918,-0.318163,-0.448926,0.409175,-0.727883
43723251,-0.311598,-0.452040,0.406482,-0.730301
43731584,-0.305044,-0.454657,0.404193,-0.732709
43739917,-0.299227,-0.457360,0.401888,-0.734691
43748250,-0.293312,-0.460037,0.399582,-0.736660
43756583,-0.287703,-0.462505,0.397644,-0.738373
43764916,-0.282048,-0.465114,0.395537,-0.740046
43773249,-0.276783,-0.467377,0.393768,-0.741550
43781582,-0.271714,-0.469554,0.392030,-0.742969
43789915,-0.266934,-0.471615,0.390368,-0.744270
43798248,-0.262304,-0.473641,0.388651,-0.745527
43806581,-0.257642,-0.475329,0.387214,-0.746826
43814914,-0.252945,-0.477114,0.385561,-0.748147
43823247,-0.248035,-0.478946,0.383755,-0.749547
43831580,-0.243356,-0.480715,0.381743,-0.750975
43839913,-0.238638,-0.482335,0.379762,-0.752453
43848246,-0.234013,-0.483872,0.377914,-0.753848
43856579,-0.229399,-0.485490,0.375845,-0.755259
43864912,-0.225053,-0.487014,0.373692,-0.756652
43873245,-0.220692,-0.488564,0.371344,-0.758092
43881578,-0.216030,-0.490264,0.368540,-0.759704
43889911,-0.211524,-0.492065,0.365542,-0.761254
43898244,-0.207265,-0.493727,0.362467,-0.762819
43906577,-0.202949,-0.495459,0.359508,-0.764255
43914910,-0.198585,-0.497490,0.355703,-0.765861
43923243,-0.194148,-0.499597,0.351724,-0.767463
43931576,-0.189682,-0.501419,0.347939,-0.769115
43939909,-0.185283,-0.503214,0.344030,-0.770772
43948242,-0.180932,-0.505322,0.339438,-0.772461
43956575,-0.176583,-0.507254,0.335177,-0.774059
43964908,-0.172017,-0.509273,0.330614,-0.775723
43973241,-0.167553,-0.511353,0.325616,-0.777443
43981574,-0.162965,-0.513463,0.320947,-0.778968
43989907,-0.158740,-0.515415,0.316448,-0.780391
43998240,-0.154251,-0.517386,0.311609,-0.781932
44006573,-0.149579,-0.519315,0.307211,-0.783301
44014906,-0.144893,-0.521166,0.302838,-0.784653
44023239,-0.140333,-0.522978,0.298469,-0.785950
44031572,-0.136029,-0.524758,0.294277,-0.787100
44039905,-0.131516,-0.526466,0.290307,-0.788199
44048238,-0.127365,-0.528099,0.286422,-0.789210
44056571,-0.123363,-0.529592,0.282769,-0.790162
44064904,-0.119558,-0.530952,0.279407,-0.791029
44073237,-0.115824,-0.532376,0.275885,-0.791863
44081570,-0.112069,-0.533893,0.272219,-0.792651
44089903,-0.108440,-0.535320,0.268751,-0.793377
44098236,-0.104862,-0.536748,0.265421,-0.794013
44106569,-0.101258,-0.538145,0.261652,-0.794786
44114902,-0.097619,-0.539519,0.258181,-0.795445
44123235,-0.094210,-0.540748,0.254847,-0.796096
44131568,-0.090937,-0.541929,0.251935,-0.796600
44139901,-0.087381,-0.543235,0.248666,-0.797136
44148234,-0.084136,-0.544481,0.245532,-0.797606
44156567,-0.080815,-0.545801,0.242282,-0.798041
44164900,-0.077946,-0.546823,0.239530,-0.798458
44173233,-0.074695,-0.548037,0.236680,-0.798786
44181566,-0.071459,-0.549240,0.233636,-0.799152
44189899,-0.068616,-0.550363,0.230954,-0.799408
44198232,-0.065622,-0.551443,0.228488,-0.799623
44206565,-0.062523,-0.552577,0.225910,-0.799821
44214898,-0.059795,-0.553508,0.223800,-0.799979
44223231,-0.057073,-0.554570,0.221407,-0.800109
44231564,-0.054099,-0.555606,0.218939,-0.800276
44239897,-0.051262,-0.556567,0.216598,-0.800431
44248230,-0.048562,-0.557421,0.214499,-0.800571
44256563,-0.045739,-0.558442,0.212382,-0.800590
44264896,-0.043107,-0.559446,0.210392,-0.800560
44273229,-0.040158,-0.560445,0.208246,-0.800576
44281562,-0.036915,-0.561526,0.205720,-0.800628
44289895,-0.033784,-0.562462,0.203492,-0.800678
44298228,-0.030303,-0.563347,0.201144,-0.800789
44306561,-0.026896,-0.564437,0.198644,-0.800767
44314894,-0.023481,-0.565393,0.195926,-0.800869
44323227,-0.019818,-0.566465,0.193457,-0.800812
44331560,-0.016059,-0.567498,0.190773,-0.800808
44339893,-0.011989,-0.568448,0.187736,-0.800923
44348226,-0.008229,-0.569540,0.184964,-0.800840
44356559,-0.004478,-0.570559,0.182538,-0.800701
44364892,-0.000832,-0.571483,0.180100,-0.800607
44373225,0.003424,-0.572554,0.176973,-0.800531
44381558,0.007158,-0.573582,0.174404,-0.800335
44389891,0.011204,-0.574609,0.171599,-0.800158
44398224,0.015322,-0.575683,0.168802,-0.799913
44406557,0.018757,-0.576668,0.166624,-0.799587
44414890,0.022801,-0.577626,0.163985,-0.799336
44423223,0.026715,-0.578592,0.161682,-0.798985
44431556,0.030353,-0.579619,0.159177,-0.798614
44439889,0.033475,-0.580489,0.157282,-0.798232
44448222,0.037257,-0.581375,0.155252,-0.797817
44456555,0.040725,-0.582139,0.153509,-0.797428
44464888,0.043949,-0.582955,0.151854,-0.796977
44473221,0.046934,-0.583838,0.150363,-0.796443
44481554,0.050018,-0.584824,0.148660,-0.795852
44489887,0.052954,-0.585700,0.147326,-0.795265
44498220,0.055235,-0.586637,0.146579,-0.794557
44506553,0.058156,-0.587486,0.145532,-0.793914
44514886,0.060856,-0.588313,0.144753,-0.793241
44523219,0.063159,-0.589159,0.144405,-0.792496
44531552,0.065528,-0.589937,0.144148,-0.791771
44539885,0.067999,-0.590703,0.143946,-0.791028
44548218,0.069976,-0.591394,0.144360,-0.790263
44556551,0.071368,-0.592066,0.145077,-0.789504
44564884,0.072612,-0.592694,0.146172,-0.788717
44573217,0.073290,-0.593346,0.147477,-0.787921
44581550,0.073841,-0.593913,0.148872,-0.787180
44589883,0.074018,-0.594366,0.151068,-0.786403
44598216,0.074416,-0.594781,0.152308,-0.785811
44606549,0.074727,-0.595196,0.153411,-0.785254
44614882,0.074299,-0.595558,0.155126,-0.784683
44623215,0.073932,-0.595903,0.156448,-0.784193
44631548,0.072998,-0.596302,0.158191,-0.783627
44639881,0.071763,-0.596770,0.160122,-0.782992
44648214,0.070981,-0.597166,0.161518,-0.782474
44656547,0.069883,-0.597459,0.162863,-0.782071
44664880,0.068617,-0.597713,0.164253,-0.781698
44673213,0.066761,-0.597801,0.166153,-0.781390
44681546,0.065370,-0.597816,0.167500,-0.781209
44689879,0.063962,-0.597858,0.168846,-0.781003
44698212,0.062274,-0.597917,0.170149,-0.780811
44706545,0.060132,-0.597812,0.171834,-0.780691
44714878,0.058232,-0.597694,0.173267,-0.780608
44723211,0.056821,-0.597326,0.174623,-0.780692
44731544,0.054757,-0.596933,0.176193,-0.780787
44739877,0.052824,-0.596554,0.177482,-0.780918
44748210,0.051395,-0.596147,0.178187,-0.781164
44756543,0.049727,-0.595649,0.179020,-0.781461
44764876,0.047961,-0.595137,0.180032,-0.781729
44773209,0.046570,-0.594502,0.180413,-0.782208
44781542,0.044695,-0.593815,0.180870,-0.782734
44789875,0.043151,-0.593199,0.181453,-0.783152
44798208,0.041801,-0.592618,0.181365,-0.783686
44806541,0.040242,-0.591945,0.181443,-0.784257
44814874,0.038918,-0.591266,0.180988,-0.784942
44823207,0.037672,-0.590568,0.180492,-0.785642
44831540,0.036310,-0.589743,0.180630,-0.786294
44839873,0.035231,-0.588927,0.179906,-0.787120
44848206,0.034288,-0.588070,0.179103,-0.787985
44856539,0.033249,-0.587212,0.178530,-0.788799
44864872,0.032027,-0.586362,0.177956,-0.789611
44873205,0.031089,-0.585469,0.176968,-0.790533
44881538,0.029996,-0.584548,0.176238,-0.791419
44889871,0.028987,-0.583614,0.175581,-0.792291
44898204,0.028384,-0.582730,0.174485,-0.793206
44906537,0.027328,-0.581936,0.173611,-0.794017
44914870,0.026352,-0.581084,0.172585,-0.794897
44923203,0.025341,-0.580109,0.171896,-0.795791
44931536,0.024471,-0.579183,0.171065,-0.796671
44939869,0.023080,-0.578260,0.170541,-0.797495
44948202,0.021659,-0.577385,0.170118,-0.798259
44956535,0.020720,-0.576502,0.169217,-0.799113
44964868,0.019691,-0.575601,0.168424,-0.799956
44973201,0.018307,-0.574737,0.168126,-0.800672
44981534,0.016993,-0.573929,0.167713,-0.801367
44989867,0.015910,-0.573224,0.167074,-0.802027
44998200,0.014582,-0.572509,0.166280,-0.802728
45006533,0.013309,-0.571844,0.165672,-0.803349
45014866,0.012152,-0.571307,0.165054,-0.803877
45023199,0.011002,-0.570851,0.164482,-0.804334
45031532,0.010047,-0.570285,0.163662,-0.804915
45039865,0.008989,-0.569807,0.163159,-0.805369
45048198,0.008081,-0.569420,0.162496,-0.805786
45056531,0.007035,-0.569148,0.162351,-0.806017
45064864,0.006358,-0.568848,0.161677,-0.806370
45073197,0.005500,-0.568560,0.161671,-0.806580
45081530,0.004661,-0.568296,0.161668,-0.806772
45089863,0.003796,-0.568059,0.161516,-0.806974
45098196,0.002979,-0.567929,0.161293,-0.807113
45106529,0.002060,-0.567888,0.161502,-0.807104
45114862,0.001347,-0.567869,0.161470,-0.807125
45123195,0.000800,-0.567870,0.161709,-0.807077
45131528,0.000183,-0.567844,0.161723,-0.807093
45139861,-0.000374,-0.567889,0.161978,-0.807010
45148194,-0.001080,-0.568017,0.162215,-0.806871
45156527,-0.001684,-0.568177,0.162685,-0.806663
45164860,-0.002362,-0.568304,0.163200,-0.806468
45173193,-0.002958,-0.568478,0.163806,-0.806221
45181526,-0.003924,-0.568794,0.164860,-0.805779
45189859,-0.004678,-0.569051,0.165457,-0.805470
45198192,-0.005294,-0.569382,0.166017,-0.805118
45206525,-0.005938,-0.569710,0.166830,-0.804713
45214858,-0.006415,-0.570114,0.167439,-0.804297
45223191,-0.006819,-0.570556,0.168140,-0.803833
45231524,-0.007317,-0.571022,0.169009,-0.803316
45239857,-0.007672,-0.571503,0.169711,-0.802822
45248190,-0.007858,-0.571993,0.170283,-0.802350
45256523,-0.008194,-0.572522,0.171121,-0.801791
45264856,-0.008409,-0.573060,0.171915,-0.801234
45273189,-0.008520,-0.573649,0.172518,-0.800682
45281522,-0.008700,-0.574200,0.173178,-0.800142
45289855,-0.008577,-0.574775,0.173717,-0.799614
45298188,-0.008392,-0.575357,0.174434,-0.799041
45306521,-0.008101,-0.575892,0.175090,-0.798515
45314854,-0.007980,-0.576574,0.175486,-0.797937
45323187,-0.007802,-0.577224,0.176114,-0.797330
45331520,-0.007451,-0.577820,0.176589,-0.796797
45339853,-0.007023,-0.578434,0.177024,-0.796258
45348186,-0.006671,-0.579005,0.177629,-0.795712
45356519,-0.006426,-0.579584,0.178194,-0.795166
45364852,-0.006188,-0.580146,0.178957,-0.794586
45373185,-0.005918,-0.580661,0.179565,-0.794074
45381518,-0.005815,-0.581121,0.180048,-0.793629
45389851,-0.005515,-0.581562,0.180622,-0.793177
45398184,-0.005350,-0.581976,0.181354,-0.792708
45406517,-0.005267,-0.582366,0.182002,-0.792274
45414850,-0.005255,-0.582710,0.182558,-0.791893
45423183,-0.005165,-0.583032,0.183256,-0.791495
45431516,-0.004965,-0.583296,0.183573,-0.791228
45439849,-0.004910,-0.583522,0.184075,-0.790945
45448182,-0.004552,-0.583753,0.184635,-0.790646
45456515,-0.004388,-0.583920,0.185110,-0.790413
45464848,-0.003916,-0.584061,0.185238,-0.790281
45473181,-0.003488,-0.584185,0.185402,-0.790153
45481514,-0.002988,-0.584364,0.185447,-0.790012
45489847,-0.002454,-0.584447,0.185608,-0.789915
45498180,-0.001662,-0.584499,0.185518,-0.789899
45506513,-0.001286,-0.584501,0.185578,-0.789885
45514846,-0.000805,-0.584585,0.185683,-0.789799
45523179,-0.000289,-0.584586,0.185669,-0.789801
45531512,0.000114,-0.584537,0.185692,-0.789832
45539845,0.000641,-0.584576,0.185463,-0.789857
45548178,0.001221,-0.584566,0.185402,-0.789878
45556511,0.001831,-0.584537,0.185267,-0.789930
45564844,0.002379,-0.584521,0.185129,-0.789973
45573177,0.002990,-0.584460,0.185002,-0.790046
45581510,0.003374,-0.584417,0.184849,-0.790111
45589843,0.003858,-0.584374,0.184693,-0.790178
45598176,0.004411,-0.584309,0.184548,-0.790256
45606509,0.004700,-0.584247,0.184546,-0.790301
45614842,0.005034,-0.584158,0.184390,-0.790401
45623175,0.005236,-0.584056,0.184344,-0.790486
45631508,0.005645,-0.583914,0.184171,-0.790629
45639841,0.005761,-0.583750,0.184355,-0.790706
45648174,0.006006,-0.583577,0.184187,-0.790871
45656507,0.006231,-0.583402,0.184078,-0.791024
45664840,0.005761,-0.583369,0.184374,-0.790983
45673173,0.005619,-0.583271,0.184591,-0.791006
45681506,0.005659,-0.583156,0.184571,-0.791094
45689839,0.005586,-0.583070,0.184531,-0.791168
45698172,0.005438,-0.582931,0.184455,-0.791289
45706505,0.005201,-0.582774,0.184379,-0.791424
45714838,0.005016,-0.582692,0.184276,-0.791509
45723171,0.004806,-0.582604,0.184293,-0.791571
45731504,0.004452,-0.582569,0.184220,-0.791616
45739837,0.004288,-0.582566,0.184061,-0.791657
45748170,0.004046,-0.582493,0.183960,-0.791735
45756503,0.003812,-0.582439,0.183743,-0.791826
45764836,0.003450,-0.582355,0.183611,-0.791920
45773169,0.003095,-0.582318,0.183518,-0.791970
45781502,0.002817,-0.582341,0.183543,-0.791949
45789835,0.002451,-0.582325,0.183562,-0.791958
45798168,0.002177,-0.582300,0.183631,-0.791961
45806501,0.001826,-0.582258,0.183782,-0.791958
45814834,0.001414,-0.582205,0.183834,-0.791985
45823167,0.000985,-0.582173,0.184104,-0.791946
45831500,0.000414,-0.582091,0.184186,-0.791988
45839833,-0.000033,-0.582045,0.184494,-0.791951
45848166,-0.000599,-0.582005,0.184732,-0.791924
45856499,-0.001082,-0.581973,0.185071,-0.791868
45864832,-0.001270,-0.581955,0.184961,-0.791906
45873165,-0.001772,-0.581961,0.185467,-0.791783
45881498,-0.002098,-0.581918,0.185660,-0.791769
45889831,-0.002442,-0.581928,0.185757,-0.791737
45898164,-0.002965,-0.581942,0.186094,-0.791646
45906497,-0.003566,-0.581910,0.186355,-0.791606
45914830,-0.004044,-0.581916,0.186698,-0.791518
45923163,-0.004556,-0.581920,0.186933,-0.791457
45931496,-0.005119,-0.581918,0.187366,-0.791353
45939829,-0.005563,-0.581919,0.187689,-0.791272
45948162,-0.005978,-0.581953,0.187785,-0.791222
45956495,-0.006259,-0.581995,0.187875,-0.791167
45964828,-0.006619,-0.582042,0.187999,-0.791100
45973161,-0.007034,-0.582070,0.188290,-0.791007
45981494,-0.007352,-0.582136,0.188504,-0.790905
45989827,-0.007741,-0.582213,0.188586,-0.790824
45998160,-0.007917,-0.582283,0.188518,-0.790788
46006493,-0.008249,-0.582331,0.188687,-0.790709
46014826,-0.008562,-0.582364,0.188811,-0.790651
46023159,-0.008848,-0.582435,0.188991,-0.790552
46031492,-0.008983,-0.582444,0.188961,-0.790552
46039825,-0.009201,-0.582456,0.189154,-0.790494
46048158,-0.009496,-0.582487,0.189370,-0.790416
46056491,-0.009726,-0.582545,0.189585,-0.790319
46064824,-0.010034,-0.582594,0.189756,-0.790238
46073157,-0.010277,-0.582643,0.189958,-0.790150
46081490,-0.010364,-0.582727,0.190049,-0.790065
46089823,-0.010400,-0.582798,0.190125,-0.789994
46098156,-0.010631,-0.582873,0.190300,-0.789894
46106489,-0.010641,-0.582936,0.190335,-0.789839
46114822,-0.010767,-0.582945,0.190617,-0.789762
46123155,-0.010832,-0.583006,0.190804,-0.789671
46131488,-0.010927,-0.583038,0.191018,-0.789594
46139821,-0.011006,-0.583085,0.191171,-0.789522
46148154,-0.011053,-0.583112,0.191369,-0.789453
46156487,-0.011204,-0.583104,0.191627,-0.789394
46164820,-0.011246,-0.583125,0.191818,-0.789332
46173153,-0.011250,-0.583152,0.192127,-0.789236
46181486,-0.011360,-0.583173,0.192743,-0.789069
46189819,-0.011400,-0.583226,0.193068,-0.788950
46198152,-0.011489,-0.583286,0.193215,-0.788869
46206485,-0.011577,-0.583336,0.193576,-0.788742
46214818,-0.011695,-0.583401,0.193929,-0.788605
46223151,-0.011908,-0.583450,0.194367,-0.788458
46231484,-0.012134,-0.583454,0.194796,-0.788346
46239817,-0.012371,-0.583440,0.195369,-0.788210
46248150,-0.012774,-0.583463,0.195930,-0.788048
46256483,-0.013193,-0.583402,0.196471,-0.787951
46264816,-0.013980,-0.583529,0.196887,-0.787740
46273149,-0.013588,-0.583272,0.197330,-0.787826
46281482,-0.013939,-0.583241,0.197856,-0.787711
46289815,-0.014331,-0.583197,0.198465,-0.787583
46298148,-0.014766,-0.583155,0.198927,-0.787490
46306481,-0.015048,-0.583048,0.199492,-0.787421
46314814,-0.015463,-0.582962,0.199929,-0.787365
46323147,-0.015876,-0.582893,0.200401,-0.787288
46331480,-0.016240,-0.582849,0.200706,-0.787236
46339813,-0.016610,-0.582747,0.201009,-0.787227
46348146,-0.017074,-0.582646,0.201298,-0.787218
46356479,-0.017389,-0.582550,0.201491,-0.787232
46364812,-0.017639,-0.582434,0.201662,-0.787268
46373145,-0.018057,-0.582338,0.201960,-0.787254
46381478,-0.018303,-0.582227,0.202127,-0.787287
46389811,-0.018723,-0.582131,0.202225,-0.787323
46398144,-0.019113,-0.582010,0.202381,-0.787363
46406477,-0.019600,-0.581918,0.202498,-0.787389
46414810,-0.020003,-0.581783,0.202708,-0.787425
46423143,-0.020371,-0.581625,0.202904,-0.787481
46431476,-0.020663,-0.581478,0.202950,-0.787570
46439809,-0.021230,-0.581355,0.203338,-0.787547
46448142,-0.021400,-0.581202,0.203324,-0.787658
46456475,-0.021969,-0.580986,0.203609,-0.787729
46464808,-0.022305,-0.580861,0.203704,-0.787787
46473141,-0.022842,-0.580778,0.203966,-0.787765
46481474,-0.023135,-0.580655,0.204141,-0.787801
46489807,-0.023260,-0.580493,0.203896,-0.787980
46498140,-0.023476,-0.580363,0.203809,-0.788092
46506473,-0.023886,-0.580245,0.204010,-0.788115
46514806,-0.024247,-0.580120,0.204158,-0.788157
46523139,-0.024177,-0.579906,0.204039,-0.788348
46531472,-0.024724,-0.579787,0.204253,-0.788364
46539805,-0.024975,-0.579611,0.204125,-0.788518
46548138,-0.025230,-0.579455,0.204253,-0.788591
46556471,-0.025408,-0.579343,0.204216,-0.788678
46564804,-0.025583,-0.579244,0.204179,-0.788754
46573137,-0.025935,-0.579172,0.204168,-0.788798
46581470,-0.026206,-0.579125,0.204095,-0.788843
46589803,-0.026236,-0.579062,0.203726,-0.788983
46598136,-0.026503,-0.579029,0.203981,-0.788933
46606469,-0.026728,-0.579023,0.203703,-0.789001
46614802,-0.026727,-0.579001,0.203499,-0.789070
46623135,-0.026893,-0.579018,0.203293,-0.789105
46631468,-0.026789,-0.579022,0.202953,-0.789193
46639801,-0.026779,-0.579079,0.202653,-0.789229
46648134,-0.026783,-0.579140,0.202468,-0.789231
46656467,-0.026974,-0.579210,0.202443,-0.789180
46664800,-0.026988,-0.579290,0.202249,-0.789170
46673133,-0.026988,-0.579376,0.202087,-0.789148
46681466,-0.027038,-0.579456,0.202037,-0.789101
46689799,-0.027057,-0.579559,0.201914,-0.789056
46698132,-0.027053,-0.579645,0.201804,-0.789021
46706465,-0.027088,-0.579754,0.201785,-0.788945
46714798,-0.027114,-0.579901,0.201847,-0.788821
46723131,-0.027103,-0.579998,0.201766,-0.788770
46731464,-0.026999,-0.580172,0.201694,-0.788664
46739797,-0.027101,-0.580302,0.201736,-0.788554
46748130,-0.026993,-0.580466,0.201657,-0.788457
46756463,-0.027110,-0.580614,0.201806,-0.788306
46764796,-0.027143,-0.580752,0.201848,-0.788193
46773129,-0.027078,-0.580908,0.201961,-0.788051
46781462,-0.026988,-0.581059,0.202062,-0.787917
46789795,-0.026861,-0.581198,0.202074,-0.787816
46798128,-0.026881,-0.581398,0.202303,-0.787608
46806461,-0.026838,-0.581618,0.202401,-0.787423
46814794,-0.026765,-0.581829,0.202597,-0.787219
46823127,-0.026586,-0.582001,0.202812,-0.787042
46831460,-0.026562,-0.582198,0.203093,-0.786825
46839793,-0.026588,-0.582407,0.203411,-0.786587
46848126,-0.026676,-0.582537,0.203863,-0.786371
46856459,-0.026658,-0.582678,0.204146,-0.786193
46864792,-0.026771,-0.582785,0.204709,-0.785964
46873125,-0.027027,-0.582926,0.205201,-0.785723
46881458,-0.027242,-0.583030,0.205623,-0.785527
46889791,-0.027542,-0.583112,0.206210,-0.785302
46898124,-0.027780,-0.583141,0.206809,-0.785115
46906457,-0.028256,-0.583183,0.207574,-0.784864
46914790,-0.028439,-0.583130,0.208265,-0.784714
46923123,-0.028746,-0.583123,0.208850,-0.784553
46931456,-0.029065,-0.583097,0.209501,-0.784386
46939789,-0.029364,-0.583065,0.210082,-0.784244
46948122,-0.029718,-0.583012,0.210537,-0.784148
46956455,-0.030302,-0.583005,0.211014,-0.784003
46964788,-0.031313,-0.582970,0.211738,-0.783794
46973121,-0.031727,-0.582807,0.212262,-0.783756
46981454,-0.031934,-0.582646,0.212640,-0.783766
46989787,-0.032486,-0.582509,0.213113,-0.783716
46998120,-0.033028,-0.582353,0.213531,-0.783695
47006453,-0.033459,-0.582175,0.213978,-0.783688
47014786,-0.033990,-0.582005,0.214410,-0.783673
47023119,-0.034577,-0.581816,0.214888,-0.783657
47031452,-0.035331,-0.581613,0.215402,-0.783632
47039785,-0.036007,-0.581365,0.215906,-0.783647
47048118,-0.036764,-0.581132,0.216444,-0.783637
47056451,-0.037442,-0.580899,0.216960,-0.783634
47064784,-0.038240,-0.580622,0.217514,-0.783647
47073117,-0.039071,-0.580357,0.218050,-0.783654
47081450,-0.040035,-0.580145,0.218662,-0.783592
47089783,-0.040966,-0.579917,0.219358,-0.783518
47098116,-0.042030,-0.579600,0.220084,-0.783492
47106449,-0.042986,-0.579313,0.220987,-0.783399
47114782,-0.043911,-0.579001,0.221835,-0.783338
47123115,-0.045041,-0.578640,0.222857,-0.783251
47131448,-0.046415,-0.578218,0.223908,-0.783182
47139781,-0.047928,-0.577787,0.225201,-0.783039
47148114,-0.049594,-0.577305,0.226595,-0.782888
47156447,-0.051039,-0.576881,0.227744,-0.782775
47164780,-0.052394,-0.576429,0.228996,-0.782653
47173113,-0.053795,-0.576073,0.230179,-0.782473
47181446,-0.055402,-0.575739,0.231393,-0.782248
47189779,-0.056862,-0.575394,0.232665,-0.782020
47198112,-0.059059,-0.574832,0.234372,-0.781761
47206445,-0.061382,-0.574258,0.236248,-0.781439
47214778,-0.063430,-0.573750,0.238156,-0.781070
47223111,-0.065608,-0.573203,0.240063,-0.780707
47231444,-0.067923,-0.572637,0.241952,-0.780342
47239777,-0.070029,-0.572133,0.243588,-0.780016
47248110,-0.072721,-0.571530,0.245936,-0.779474
47256443,-0.075310,-0.570851,0.248214,-0.779004
47264776,-0.078338,-0.570182,0.250884,-0.778340
47273109,-0.081478,-0.569370,0.253809,-0.777663
47281442,-0.084420,-0.568633,0.256182,-0.777110
47289775,-0.087540,-0.567745,0.258866,-0.776525
47298108,-0.090726,-0.566872,0.261379,-0.775955
47306441,-0.094018,-0.565914,0.263982,-0.775381
47314774,-0.097363,-0.564978,0.266650,-0.774738
47323107,-0.100621,-0.564024,0.269176,-0.774142
47331440,-0.103655,-0.563055,0.271308,-0.773703
47339773,-0.107069,-0.562063,0.273935,-0.773034
47348106,-0.111048,-0.560717,0.277297,-0.772250
47356439,-0.114636,-0.559458,0.280232,-0.771579
47364772,-0.118028,-0.558228,0.282565,-0.771108
47373105,-0.121918,-0.556958,0.285471,-0.770351
47381438,-0.125924,-0.555712,0.288327,-0.769542
47389771,-0.129803,-0.554174,0.291279,-0.768895
47398104,-0.133616,-0.552684,0.294200,-0.768202
47406437,-0.137845,-0.551093,0.297092,-0.767484
47414770,-0.141753,-0.549476,0.299787,-0.766883
47423103,-0.145611,-0.547836,0.302592,-0.766232
47431436,-0.149517,-0.546285,0.304854,-0.765690
47439769,-0.153801,-0.544449,0.307834,-0.764957
47448102,-0.157900,-0.542607,0.310724,-0.764261
47456435,-0.161960,-0.540733,0.313286,-0.763694
47464768,-0.166115,-0.538921,0.315765,-0.763061
47473101,-0.170285,-0.537247,0.318018,-0.762387
47481434,-0.174462,-0.535502,0.320301,-0.761713
47489767,-0.178373,-0.533727,0.322303,-0.761209
47498100,-0.182413,-0.531890,0.324666,-0.760533
47506433,-0.186427,-0.530026,0.326790,-0.759951
47514766,-0.190399,-0.528154,0.329008,-0.759313
47523099,-0.194563,-0.526273,0.331208,-0.758606
47531432,-0.198719,-0.524418,0.333355,-0.757873
47539765,-0.202936,-0.522252,0.335928,-0.757115
47548098,-0.206871,-0.520445,0.337627,-0.756538
47556431,-0.211121,-0.518464,0.339615,-0.755834
47564764,-0.214715,-0.516858,0.341046,-0.755276
47573097,-0.219284,-0.514926,0.343083,-0.754360
47581430,-0.223613,-0.512909,0.345159,-0.753516
47589763,-0.228082,-0.510818,0.347324,-0.752602
47598096,-0.232300,-0.508980,0.349001,-0.751781
47606429,-0.237042,-0.506824,0.351223,-0.750722
47614762,-0.241588,-0.504913,0.352842,-0.749801
47623095,-0.246362,-0.502752,0.354988,-0.748685
47631428,-0.250825,-0.500929,0.356710,-0.747605
47639761,-0.255598,-0.498879,0.358750,-0.746383
47648094,-0.259928,-0.497292,0.360030,-0.745330
47656427,-0.264264,-0.495686,0.361349,-0.744236
47664760,-0.268592,-0.494021,0.362890,-0.743043
47673093,-0.272586,-0.492521,0.364167,-0.741958
47681426,-0.276840,-0.490916,0.365645,-0.740719
47689759,-0.280961,-0.489406,0.367111,-0.739441
47698092,-0.285183,-0.487753,0.368858,-0.738045
47706425,-0.289305,-0.486114,0.370542,-0.736678
47714758,-0.293398,-0.484506,0.372209,-0.735277
47723091,-0.297836,-0.482609,0.374128,-0.733764
47731424,-0.302497,-0.480576,0.376507,-0.731973
47739757,-0.306876,-0.478656,0.378536,-0.730360
47748090,-0.311350,-0.476457,0.380775,-0.728738
47756423,-0.315986,-0.474187,0.383064,-0.727022
47764756,-0.320386,-0.472010,0.385264,-0.725349
47773089,-0.325055,-0.469531,0.387835,-0.723508
47781422,-0.329407,-0.467399,0.390154,-0.721671
47789755,-0.333820,-0.465077,0.392593,-0.719818
47798088,-0.338181,-0.462915,0.394873,-0.717927
47806421,-0.342339,-0.460878,0.397103,-0.716034
47814754,-0.346771,-0.458635,0.399764,-0.713858
47823087,-0.351280,-0.456325,0.402655,-0.711505
47831420,-0.355670,-0.454017,0.405679,-0.709078
47839753,-0.359737,-0.452026,0.408409,-0.706728
47848086,-0.363993,-0.449700,0.411724,-0.704104
47856419,-0.368134,-0.447599,0.414997,-0.701362
47864752,-0.372246,-0.445426,0.418214,-0.698660
47873085,-0.376180,-0.443064,0.421771,-0.695911
47881418,-0.380423,-0.440210,0.426034,-0.692812
47889751,-0.384932,-0.437010,0.430560,-0.689541
47898084,-0.389315,-0.433936,0.434864,-0.686313
47906417,-0.393982,-0.430324,0.439676,-0.682851
47914750,-0.398617,-0.426482,0.444767,-0.679264
47923083,-0.403399,-0.422295,0.450006,-0.675596
47931416,-0.408375,-0.418055,0.455016,-0.671878
47939749,-0.413475,-0.413608,0.460046,-0.668076
47948082,-0.418696,-0.409049,0.465180,-0.664063
47956415,-0.424097,-0.404142,0.470395,-0.659955
47964748,-0.429555,-0.399230,0.475418,-0.655802
47973081,-0.434782,-0.394471,0.480134,-0.651788
47981414,-0.440173,-0.389761,0.484697,-0.647613
47989747,-0.445305,-0.385197,0.489030,-0.643566
47998080,-0.450226,-0.381071,0.492901,-0.639633
48006413,-0.454918,-0.376984,0.496668,-0.635809
48014746,-0.459122,-0.373563,0.499768,-0.632369
48023079,-0.463300,-0.370126,0.503056,-0.628724
48031412,-0.467026,-0.367168,0.505921,-0.625394
48039745,-0.470630,-0.364496,0.508308,-0.622312
48048078,-0.473840,-0.362157,0.510472,-0.619465
48056411,-0.476589,-0.360124,0.512273,-0.617049
48064744,-0.479613,-0.357739,0.514520,-0.614218
48073077,-0.482423,-0.355520,0.516421,-0.611705
48081410,-0.484988,-0.353458,0.518300,-0.609278
48089743,-0.487291,-0.351427,0.520069,-0.607104
48098076,-0.489604,-0.349309,0.521905,-0.604885
48106409,-0.492049,-0.346921,0.523735,-0.602690
48114742,-0.494583,-0.344323,0.525702,-0.600389
48123075,-0.497114,-0.341778,0.527871,-0.597845
48131408,-0.499266,-0.339385,0.529662,-0.595827
48139741,-0.501514,-0.336933,0.531405,-0.593774
48148074,-0.503773,-0.334280,0.533440,-0.591533
48156407,-0.505815,-0.331851,0.534997,-0.589750
48164740,-0.508115,-0.329111,0.537044,-0.587442
48173073,-0.510321,-0.326398,0.538803,-0.585429
48181406,-0.512578,-0.323650,0.540578,-0.583344
48189739,-0.514535,-0.320940,0.542164,-0.581644
48198072,-0.516502,-0.318416,0.543527,-0.580014
48206405,-0.518624,-0.315422,0.545280,-0.578107
48214738,-0.520825,-0.312284,0.546982,-0.576221
48223071,-0.522915,-0.309615,0.548247,-0.574564
48231404,-0.524841,-0.306842,0.549489,-0.573107
48239737,-0.527068,-0.304013,0.550676,-0.571429
48248070,-0.529102,-0.301352,0.551504,-0.570159
48256403,-0.531238,-0.298873,0.552260,-0.568744
48264736,-0.533209,-0.296558,0.552761,-0.567623
48273069,-0.535147,-0.294305,0.553083,-0.566659
48281402,-0.537007,-0.292378,0.553059,-0.565919
48289735,-0.538732,-0.290226,0.553030,-0.565416
48298068,-0.540364,-0.288150,0.552683,-0.565259
48306401,-0.541867,-0.286051,0.552204,-0.565354
48314734,-0.543313,-0.284079,0.551405,-0.565741
48323067,-0.544545,-0.282480,0.550128,-0.566599
48331400,-0.545784,-0.280822,0.548796,-0.567522
48339733,-0.547116,-0.278896,0.547400,-0.568537
48348066,-0.548291,-0.277069,0.545784,-0.569851
48356399,-0.549254,-0.275296,0.543843,-0.571635
48364732,-0.550016,-0.274104,0.541414,-0.573777
48373065,-0.550730,-0.272434,0.539210,-0.575960
48381398,-0.551273,-0.270762,0.536838,-0.578439
48389731,-0.551756,-0.268662,0.534488,-0.581127
48398064,-0.552143,-0.266428,0.531985,-0.584077
48406397,-0.552969,-0.263373,0.529848,-0.586618
48414730,-0.553604,-0.259821,0.527681,-0.589549
48423063,-0.554452,-0.256517,0.525177,-0.592428
48431396,-0.555397,-0.252124,0.523046,-0.595307
48439729,-0.556552,-0.247498,0.520813,-0.598120
48448062,-0.558023,-0.242620,0.518507,-0.600747
48456395,-0.559452,-0.237737,0.515931,-0.603580
48464728,-0.560872,-0.232814,0.513188,-0.606513
48473061,0.562638,0.227421,-0.510447,0.609231
48481394,0.564493,0.221983,-0.507495,0.611980
48489727,0.566295,0.216692,-0.504218,0.614913
48498060,0.568222,0.211209,-0.500846,0.617792
48506393,0.570177,0.205924,-0.497028,0.620852
48514726,0.572230,0.200813,-0.492884,0.623933
48523059,0.574207,0.195461,-0.488678,0.627117
48531392,0.576365,0.190156,-0.484260,0.630188
48539725,0.578544,0.185326,-0.479225,0.633470
48548058,0.580658,0.180702,-0.474031,0.636771
48556391,0.582786,0.176290,-0.468777,0.639946
48564724,0.584878,0.171845,-0.463431,0.643131
48573057,0.587045,0.167186,-0.458031,0.646246
48581390,0.589027,0.163037,-0.452142,0.649641
48589723,0.590898,0.159223,-0.445989,0.653132
48598056,0.592743,0.155598,-0.439655,0.656619
48606389,0.594583,0.152174,-0.433275,0.659990
48614722,0.596450,0.149009,-0.426693,0.663308
48623055,0.598173,0.145642,-0.419989,0.666773
48631388,0.599980,0.142156,-0.413508,0.669945
48639721,0.601598,0.138863,-0.406879,0.673236
48648054,0.603133,0.135641,-0.400291,0.676461
48656387,0.604645,0.132002,-0.393962,0.679540
48664720,0.606148,0.128305,-0.387555,0.682586
48673053,0.607654,0.124595,-0.381128,0.685546
48681386,0.609191,0.120749,-0.374881,0.688310
48689719,0.610758,0.116904,-0.368558,0.690994
48698052,0.612363,0.112460,-0.362431,0.693547
48706385,0.613710,0.108355,-0.356080,0.696295
48714718,0.615207,0.104214,-0.349637,0.698866
48723051,0.616487,0.100394,-0.343127,0.701519
48731384,0.617645,0.096492,-0.336686,0.704163
48739717,0.618761,0.092874,-0.330153,0.706759
48748050,0.619852,0.089408,-0.323446,0.709347
48756383,0.620889,0.085942,-0.316796,0.711865
48764716,0.621723,0.083024,-0.309866,0.714528
48773049,0.622639,0.079998,-0.302987,0.717022
48781382,0.623338,0.077264,-0.296069,0.719600
48789715,0.623957,0.074313,-0.289394,0.722084
48798048,0.624477,0.072110,-0.282483,0.724591
48806381,0.624846,0.070244,-0.275327,0.727206
48814714,0.625369,0.068239,-0.268470,0.729507
48823047,0.625862,0.066515,-0.261672,0.731710
48831380,0.626294,0.064840,-0.254748,0.733931
48839713,0.626503,0.063264,-0.248015,0.736193
48848046,0.627054,0.061288,-0.242036,0.737880
48856379,0.627399,0.059937,-0.235415,0.739837
48864712,0.627853,0.058374,-0.229149,0.741542
48873045,0.628426,0.056512,-0.223517,0.742918
48881378,0.629062,0.054583,-0.218033,0.744152
48889711,0.629620,0.052780,-0.212480,0.745416
48898044,0.630087,0.050883,-0.207122,0.746661
48906377,0.630627,0.048864,-0.201979,0.747747
48914710,0.631159,0.047053,-0.196792,0.748797
48923043,0.631837,0.044899,-0.192054,0.749588
48931376,0.632367,0.042875,-0.187342,0.750451
48939709,0.632776,0.040480,-0.183084,0.751290
48948042,0.633198,0.038322,-0.178632,0.752119
48956375,0.633545,0.036351,-0.174247,0.752952
48964708,0.633714,0.034425,-0.169890,0.753896
48973041,0.633930,0.032675,-0.165597,0.754747
48981374,0.633994,0.031164,-0.161209,0.755707
48989707,0.634049,0.029821,-0.156899,0.756621
48998040,0.633997,0.028937,-0.152392,0.757619
49006373,0.633739,0.028190,-0.148016,0.758730
49014706,0.633407,0.027814,-0.143593,0.759871
49023039,0.633102,0.027413,-0.139562,0.760889
49031372,0.632804,0.027121,-0.135450,0.761890
49039705,0.632357,0.026228,-0.132124,0.762876
49048038,0.631912,0.025592,-0.128637,0.763861
49056371,0.631600,0.024980,-0.125204,0.764710
49064704,0.631249,0.024381,-0.121755,0.765576
49073037,0.630913,0.023401,-0.118801,0.766347
49081370,0.630742,0.022325,-0.116064,0.766939
49089703,0.630524,0.021844,-0.112822,0.767616
49098036,0.630074,0.021152,-0.110001,0.768413
49106369,0.629790,0.020397,-0.107411,0.769033
49114702,0.629460,0.019870,-0.104750,0.769684
49123035,0.629050,0.019504,-0.102248,0.770364
49131368,0.628627,0.018701,-0.100218,0.770996
49139701,0.628177,0.018037,-0.098086,0.771653
49148034,0.627644,0.017324,-0.096134,0.772348
49156367,0.627112,0.016685,-0.094219,0.773030
49164700,0.626603,0.016228,-0.092339,0.773679
49173033,0.626052,0.015638,-0.090938,0.774303
49181366,0.625564,0.015428,-0.089366,0.774884
49189699,0.625043,0.015461,-0.087716,0.775492
49198032,0.624575,0.015538,-0.086260,0.776031
49206365,0.624238,0.015652,-0.085010,0.776437
49214698,0.623968,0.015859,-0.083801,0.776782
49223031,0.623694,0.016413,-0.082317,0.777149
49231364,0.623442,0.017064,-0.080779,0.777498
49239697,0.623078,0.017416,-0.079694,0.777894
49248030,0.622771,0.017927,-0.078478,0.778252
49256363,0.622587,0.018328,-0.077382,0.778500
49264696,0.622365,0.018584,-0.076522,0.778756
49273029,0.622225,0.018768,-0.075681,0.778945
49281362,0.622139,0.019156,-0.074524,0.779116
49289695,0.621990,0.019389,-0.073686,0.779310
49298028,0.621785,0.019764,-0.072689,0.779557
49306361,0.621560,0.020131,-0.071760,0.779813
49314694,0.621326,0.020450,-0.070842,0.780075
49323027,0.621143,0.020905,-0.069869,0.780297
49331360,0.620942,0.021363,-0.069015,0.780520
49339693,0.620892,0.021871,-0.068011,0.780634
49348026,0.620847,0.022305,-0.067188,0.780729
49356359,0.620710,0.022621,-0.066582,0.780881
49364692,0.620567,0.022736,-0.066326,0.781013
49373025,0.620509,0.022817,-0.066123,0.781074
49381358,0.620511,0.023015,-0.065801,0.781094
49389691,0.620541,0.023037,-0.065643,0.781082
49398024,0.620558,0.022833,-0.065798,0.781061
49406357,0.620590,0.022846,-0.065677,0.781046
49414690,0.620639,0.022963,-0.065378,0.781029
49423023,0.620731,0.022919,-0.065215,0.780971
49431356,0.620845,0.022960,-0.064966,0.780899
49439689,0.620979,0.023102,-0.064619,0.780818
49448022,0.621082,0.022965,-0.064630,0.780739
49456355,0.621222,0.023107,-0.064484,0.780635
49464688,0.621420,0.023097,-0.064417,0.780483
49473021,0.621574,0.023126,-0.064329,0.780367
49481354,0.621781,0.023196,-0.064143,0.780215
49489687,0.621945,0.023104,-0.064222,0.780081
49498020,0.622226,0.023086,-0.064108,0.779866
49506353,0.622377,0.022945,-0.064171,0.779745
49514686,0.622607,0.022747,-0.064317,0.779555
49523019,0.622796,0.022615,-0.064459,0.779396
49531352,0.622935,0.022616,-0.064571,0.779276
49539685,0.623097,0.022694,-0.064568,0.779145
49548018,0.623169,0.022715,-0.064641,0.779080
49556351,0.623313,0.022737,-0.064703,0.778959
49564684,0.623432,0.022645,-0.064830,0.778856
49573017,0.623613,0.022530,-0.065063,0.778695
49581350,0.623741,0.022387,-0.065262,0.778580
49589683,0.623865,0.022170,-0.065441,0.778472
49598016,0.624006,0.022025,-0.065517,0.778357
49606349,0.624067,0.021941,-0.065502,0.778311
49614682,0.624173,0.021725,-0.065611,0.778223
49623015,0.624260,0.021607,-0.065631,0.778155
49631348,0.624286,0.021601,-0.065560,0.778140
49639681,0.624375,0.021713,-0.065351,0.778083
49648014,0.624418,0.021746,-0.065355,0.778048
49656347,0.624434,0.021809,-0.065368,0.778032
49664680,0.624428,0.021880,-0.065414,0.778031
49673013,0.624413,0.021877,-0.065479,0.778037
49681346,0.624400,0.021851,-0.065575,0.778040
49689679,0.624375,0.021798,-0.065679,0.778053
49698012,0.624319,0.021725,-0.065796,0.778090
49706345,0.624291,0.021619,-0.066002,0.778099
49714678,0.624299,0.021323,-0.066316,0.778074
49723011,0.624351,0.021064,-0.066682,0.778007
49731344,0.624328,0.020946,-0.066847,0.778015
49739677,0.624336,0.020899,-0.066975,0.777999
49748010,0.624332,0.021015,-0.066936,0.778002
49756343,0.624318,0.021140,-0.066913,0.778012
49764676,0.624277,0.021268,-0.066940,0.778039
49773009,0.624324,0.021372,-0.066985,0.777994
49781342,0.624344,0.021564,-0.066913,0.777980
49789675,0.624332,0.021630,-0.066990,0.777980
49798008,0.624289,0.021611,-0.067164,0.778001
49806341,0.624193,0.021513,-0.067432,0.778057
49814674,0.624148,0.021298,-0.067838,0.778064
49823007,0.624139,0.021343,-0.067972,0.778058
49831340,0.624082,0.021354,-0.068203,0.778084
49839673,0.624090,0.021339,-0.068443,0.778057
49848006,0.624145,0.021555,-0.068485,0.778003
49856339,0.624185,0.021777,-0.068542,0.777960
49864672,0.624143,0.021930,-0.068647,0.777979
49873005,0.624147,0.022199,-0.068584,0.777974
49881338,0.624102,0.022447,-0.068610,0.778001
49889671,0.624067,0.022561,-0.068809,0.778008
49898004,0.623992,0.022670,-0.069009,0.778047
49906337,0.623909,0.022644,-0.069276,0.778091
49914670,0.623927,0.022593,-0.069535,0.778055
49923003,0.623927,0.022552,-0.069800,0.778032
49931336,0.623915,0.022471,-0.070074,0.778020
49939669,0.623909,0.022436,-0.070252,0.778009
49948002,0.623891,0.022487,-0.070348,0.778014
49956335,0.623892,0.022528,-0.070392,0.778008
49964668,0.623879,0.022625,-0.070356,0.778018
49973001,0.623904,0.022729,-0.070320,0.777999
49981334,0.623901,0.022767,-0.070362,0.777997
49989667,0.623918,0.022867,-0.070367,0.777979
49998000,0.623976,0.022987,-0.070287,0.777937
50006333,0.624002,0.022991,-0.070336,0.777911
50014666,0.624045,0.022983,-0.070387,0.777872
50022999,0.624069,0.022909,-0.070517,0.777843
