Timestamp (us),W,X,Y,Z
0,0.589152,0.544282,-0.095105,0.589586
8333,0.589199,0.544435,-0.095218,0.589380
16666,0.589580,0.543755,-0.093933,0.589833
24999,0.589787,0.542942,-0.093237,0.590484
33332,0.589849,0.541979,-0.092614,0.591405
41665,0.590244,0.540612,-0.091292,0.592467
49998,0.590131,0.540530,-0.091546,0.592614
58331,0.589875,0.541174,-0.092262,0.592170
66664,0.589733,0.541320,-0.092576,0.592130
74997,0.590154,0.540779,-0.092145,0.592271
83330,0.589871,0.541123,-0.092157,0.592238
91663,0.589503,0.542444,-0.093366,0.591206
99996,0.589411,0.542231,-0.093232,0.591514
108329,0.589874,0.541359,-0.092469,0.591970
116662,0.589836,0.541359,-0.092083,0.592068
124995,0.588878,0.543183,-0.093144,0.591185
133328,0.588668,0.544032,-0.094042,0.590470
141661,0.589449,0.542525,-0.093079,0.591229
149994,0.588947,0.542913,-0.092841,0.591411
158327,0.588773,0.543356,-0.093325,0.591101
166660,0.588723,0.543717,-0.093629,0.590772
174993,0.588817,0.543776,-0.093612,0.590626
183326,0.588690,0.543767,-0.093497,0.590779
191659,0.589361,0.542193,-0.092581,0.591700
199992,0.589712,0.541176,-0.091891,0.592389
208325,0.589199,0.542101,-0.092542,0.591953
216658,0.588703,0.542932,-0.093412,0.591547
224991,0.589369,0.541710,-0.092758,0.592106
233324,0.589717,0.540730,-0.091761,0.592812
241657,0.589792,0.540239,-0.091206,0.593269
249990,0.588853,0.542170,-0.092496,0.592239
258323,0.588403,0.543066,-0.093067,0.591776
266656,0.588568,0.543007,-0.093040,0.591672
274989,0.588527,0.542925,-0.092745,0.591833
283322,0.588456,0.542989,-0.092630,0.591863
291655,0.588629,0.542717,-0.092326,0.591988
299988,0.588745,0.542226,-0.091638,0.592429
308321,0.589463,0.541077,-0.090222,0.592983
316654,0.589225,0.541325,-0.090871,0.592894
324987,0.589449,0.540965,-0.091058,0.592971
333320,0.589210,0.541861,-0.091859,0.592266
341653,0.588954,0.542656,-0.092676,0.591666
349986,0.589514,0.542008,-0.091773,0.591843
358319,0.589487,0.542618,-0.092511,0.591196
366652,0.589344,0.543391,-0.092960,0.590558
374985,0.589411,0.543640,-0.093107,0.590238
383318,0.589564,0.543465,-0.093312,0.590214
391651,0.589546,0.543635,-0.093407,0.590060
399984,0.589650,0.543400,-0.093462,0.590164
408317,0.589302,0.543803,-0.093326,0.590162
416650,0.589274,0.543782,-0.093207,0.590228
424983,0.589327,0.543667,-0.093335,0.590261
433316,0.589217,0.543976,-0.093606,0.590044
441649,0.589125,0.544277,-0.093728,0.589838
449982,0.589018,0.544754,-0.093779,0.589497
458315,0.588981,0.544562,-0.093606,0.589739
466648,0.589157,0.544432,-0.093605,0.589683
474981,0.589183,0.544421,-0.093511,0.589682
483314,0.589129,0.544408,-0.093303,0.589781
491647,0.589200,0.544205,-0.093020,0.589941
499980,0.589141,0.544411,-0.093061,0.589805
508313,0.588883,0.544882,-0.093381,0.589577
516646,0.588906,0.544771,-0.093252,0.589676
524979,0.588715,0.544741,-0.092780,0.589969
533312,0.588806,0.544519,-0.092581,0.590115
541645,0.589030,0.544270,-0.092673,0.590106
549978,0.589620,0.543273,-0.091230,0.590661
558311,0.589835,0.542671,-0.090641,0.591089
566644,0.589852,0.542342,-0.090519,0.591393
574977,0.589357,0.543079,-0.091613,0.591042
583310,0.589684,0.542907,-0.091337,0.590916
591643,0.589391,0.543391,-0.092122,0.590642
599976,0.589414,0.543369,-0.092195,0.590629
608309,0.589525,0.543181,-0.092281,0.590676
616642,0.589477,0.543096,-0.092249,0.590807
624975,0.589380,0.543266,-0.092423,0.590721
633308,0.589488,0.543127,-0.092286,0.590763
641641,0.589455,0.543341,-0.092368,0.590586
649974,0.589262,0.543707,-0.092469,0.590425
658307,0.589306,0.543983,-0.092619,0.590105
666640,0.589489,0.544127,-0.093055,0.589720
674973,0.589614,0.544502,-0.093334,0.589204
683306,0.589687,0.544751,-0.093428,0.588885
691639,0.589547,0.546214,-0.094589,0.587484
699972,0.590286,0.546561,-0.094725,0.586396
708305,0.591673,0.546123,-0.093524,0.585599
716638,0.593148,0.545712,-0.093436,0.584502
724971,0.594644,0.546203,-0.094356,0.582372
733304,0.595510,0.548122,-0.097059,0.579232
741637,0.596597,0.550518,-0.099783,0.575365
749970,0.597714,0.553920,-0.103952,0.570180
758303,0.598943,0.559758,-0.111432,0.561713
766636,0.600054,0.567931,-0.120993,0.550228
774969,0.601428,0.576534,-0.132538,0.536961
783302,0.603275,0.585204,-0.146260,0.521732
791635,0.605985,0.593266,-0.159842,0.505241
799968,0.610385,0.600072,-0.171333,0.487842
808301,0.614968,0.606851,-0.182500,0.469298
816634,0.615990,0.620631,-0.199240,0.442354
824967,0.616330,0.633385,-0.211477,0.417417
833300,0.613258,0.648559,-0.227075,0.389517
841633,0.613138,0.657753,-0.235467,0.368753
849966,0.613727,0.665050,-0.241628,0.350234
858299,0.613891,0.672448,-0.248041,0.330800
866632,0.614629,0.677808,-0.253381,0.314015
874965,0.615104,0.682625,-0.258971,0.297666
883298,0.617307,0.684433,-0.260509,0.287434
891631,0.618851,0.686633,-0.262021,0.277316
899964,0.620675,0.687948,-0.265283,0.266674
908297,0.622369,0.689099,-0.267826,0.257039
916630,0.624161,0.689723,-0.270801,0.247736
924963,0.626632,0.689876,-0.273046,0.238432
933296,0.628305,0.690679,-0.276002,0.228075
941629,0.630131,0.691651,-0.278794,0.216397
949962,0.633368,0.692316,-0.276805,0.207176
958295,0.633964,0.694524,-0.278049,0.195998
966628,0.634359,0.697067,-0.279785,0.182777
974961,0.633201,0.699798,-0.282897,0.171198
983294,0.629392,0.703270,-0.292452,0.154105
991627,0.625655,0.707020,-0.298913,0.139033
999960,0.621511,0.711450,-0.303298,0.124794
1008293,0.614591,0.716179,-0.314249,0.103021
1016626,0.608516,0.719286,-0.323384,0.088082
1024959,0.602412,0.723498,-0.330264,0.067647
1033292,0.597287,0.726891,-0.335476,0.048313
1041625,0.593262,0.729938,-0.337964,0.031795
1049958,0.592227,0.731407,-0.337632,0.017767
1058291,0.588611,0.735040,-0.336523,0.002346
1066624,0.588671,0.738024,-0.329744,-0.007517
1074957,0.583593,0.741823,-0.329560,-0.022537
1083290,0.579080,0.745555,-0.328283,-0.032323
1091623,0.573166,0.750410,-0.326194,-0.044307
1099956,0.564572,0.754644,-0.329927,-0.054018
1108289,0.556799,0.758943,-0.332572,-0.058106
1116622,0.547429,0.764587,-0.334606,-0.061372
1124955,0.537584,0.769893,-0.337577,-0.065656
1133288,0.528804,0.776409,-0.337341,-0.061297
1141621,0.521066,0.781926,-0.336870,-0.060011
1149954,0.508091,0.788611,-0.340286,-0.064356
1158287,0.499672,0.796392,-0.334541,-0.064584
1166620,0.489449,0.803088,-0.332725,-0.069158
1174953,0.477190,0.811079,-0.330346,-0.072883
1183286,0.466847,0.821249,-0.321183,-0.066672
1191619,0.454626,0.829904,-0.316599,-0.065873
1199952,0.441025,0.839872,-0.310482,-0.060931
1208285,0.428559,0.849850,-0.302483,-0.050957
1216618,0.414071,0.860444,-0.293727,-0.043658
1224951,0.389264,0.869248,-0.299648,-0.055616
1233284,0.371769,0.879491,-0.293683,-0.045092
1241617,0.354233,0.888908,-0.288467,-0.033885
1249950,0.339132,0.895730,-0.287348,-0.009399
1258283,0.321821,0.902122,-0.287207,0.010866
1266616,0.302920,0.905630,-0.295651,0.025756
1274949,0.282997,0.906936,-0.309100,0.042863
1283282,0.263134,0.904865,-0.328891,0.061728
1291615,0.245745,0.899707,-0.350692,0.084569
1299948,0.235779,0.887331,-0.377206,0.121520
1308281,0.222809,0.873827,-0.408312,0.141646
1316614,0.212430,0.856983,-0.440421,0.162735
1324947,0.201557,0.837825,-0.476118,0.175315
1333280,0.193179,0.817036,-0.511634,0.182661
1341613,0.192977,0.793022,-0.544627,0.193020
1349946,0.196996,0.767413,-0.575731,0.201999
1358279,0.199609,0.740392,-0.609343,0.201685
1366612,0.202307,0.714765,-0.640532,0.194682
1374945,0.204637,0.686847,-0.672393,0.185075
1383278,0.209308,0.658683,-0.701619,0.173370
1391611,0.210282,0.630937,-0.730404,0.155596
1399944,0.212321,0.603957,-0.755589,0.138714
1408277,0.212092,0.580773,-0.776799,0.119595
1416610,0.218357,0.560505,-0.791849,0.105495
1424943,0.221143,0.542963,-0.805257,0.088591
1433276,0.224342,0.526923,-0.816438,0.073834
1441609,0.225294,0.512138,-0.826862,0.057054
1449942,0.218919,0.497346,-0.838650,0.037246
1458275,0.222557,0.485889,-0.844913,0.022415
1466608,0.221178,0.471584,-0.853617,0.005087
1474941,0.216099,0.456467,-0.862961,-0.015394
1483274,0.210187,0.444225,-0.870138,-0.036675
1491607,0.201286,0.429615,-0.878440,-0.057080
1499940,0.205915,0.416148,-0.882723,-0.072248
1508273,0.208960,0.404927,-0.885608,-0.089823
1516606,0.211307,0.394650,-0.887752,-0.107220
1524939,0.218374,0.386471,-0.887651,-0.122590
1533272,0.223355,0.378480,-0.887479,-0.138728
1541605,0.226881,0.373079,-0.885966,-0.156210
1549938,0.229645,0.366912,-0.884212,-0.175520
1558271,0.230634,0.363311,-0.881781,-0.193068
1566604,0.229400,0.356226,-0.881168,-0.209815
1574937,0.224330,0.349757,-0.880877,-0.226720
1583270,0.222315,0.342182,-0.880637,-0.240759
1591603,0.216132,0.332664,-0.881458,-0.256229
1599936,0.210295,0.324576,-0.882547,-0.267464
1608269,0.206477,0.317702,-0.881836,-0.280710
1616602,0.206716,0.316248,-0.879822,-0.288390
1624935,0.205373,0.312587,-0.878848,-0.296205
1633268,0.203561,0.307807,-0.878329,-0.303901
1641601,0.199807,0.303060,-0.878413,-0.310840
1649934,0.197308,0.300214,-0.877840,-0.316762
1658267,0.195922,0.298261,-0.877160,-0.321318
1666600,0.192763,0.296309,-0.877094,-0.325192
1674933,0.191373,0.296399,-0.876609,-0.327231
1683266,0.187419,0.294649,-0.877089,-0.329805
1691599,0.184492,0.295257,-0.877236,-0.330519
1699932,0.182065,0.296789,-0.877339,-0.330220
1708265,0.180167,0.299657,-0.877435,-0.328411
1716598,0.179747,0.302525,-0.877740,-0.325180
1724931,0.179404,0.305701,-0.878359,-0.320698
1733264,0.177928,0.307831,-0.879622,-0.315985
1741597,0.178210,0.311229,-0.880715,-0.309386
1749930,0.177409,0.313974,-0.882089,-0.303094
1758263,0.178046,0.317335,-0.883176,-0.295969
1766596,0.179047,0.320024,-0.884701,-0.287805
1774929,0.177995,0.322737,-0.886356,-0.280236
1783262,0.179016,0.324744,-0.888303,-0.270946
1791595,0.180373,0.328976,-0.889183,-0.261906
1799928,0.182534,0.333110,-0.889923,-0.252501
1808261,0.187053,0.338048,-0.889910,-0.242477
1816594,0.192677,0.344544,-0.889149,-0.231473
1824927,0.195130,0.350550,-0.888883,-0.221190
1833260,0.201051,0.360597,-0.886270,-0.209936
1841593,0.205817,0.370388,-0.883764,-0.198529
1849926,0.210932,0.380911,-0.880761,-0.186213
1858259,0.213240,0.391411,-0.878001,-0.174471
1866592,0.217902,0.403455,-0.873774,-0.162055
1874925,0.221046,0.416669,-0.869004,-0.149521
1883258,0.220834,0.430251,-0.864505,-0.136920
1891591,0.226448,0.446021,-0.857421,-0.120898
1899924,0.228630,0.461437,-0.850641,-0.105896
1908257,0.231655,0.476721,-0.843201,-0.089915
1916590,0.234348,0.492268,-0.835110,-0.073108
1924923,0.235196,0.506402,-0.827575,-0.057958
1933256,0.239024,0.522050,-0.817685,-0.041506
1941589,0.241635,0.535955,-0.808538,-0.025107
1949922,0.238651,0.547777,-0.801773,-0.012059
1958255,0.243738,0.561386,-0.790826,0.005599
1966588,0.246254,0.572901,-0.781456,0.021683
1974921,0.245421,0.583269,-0.773513,0.035259
1983254,0.245176,0.592630,-0.765713,0.048596
1991587,0.242397,0.599378,-0.760520,0.059986
1999920,0.241896,0.606704,-0.753773,0.072266
2008252,0.241158,0.614133,-0.746807,0.083441
2016586,0.241147,0.620607,-0.740082,0.094733
2024919,0.241024,0.626471,-0.733732,0.105260
2033252,0.240499,0.631278,-0.728440,0.114120
2041585,0.240524,0.635598,-0.723367,0.122080
2049918,0.239711,0.639809,-0.718895,0.127958
2058250,0.238954,0.642201,-0.715232,0.137554
2066584,0.236920,0.643898,-0.713212,0.143504
2074917,0.239611,0.646830,-0.708470,0.149225
2083250,0.241026,0.648923,-0.704982,0.154293
2091583,0.239613,0.650629,-0.703468,0.156203
2099916,0.238239,0.652691,-0.701672,0.157774
2108249,0.236997,0.655164,-0.699524,0.158930
2116582,0.231287,0.656963,-0.700035,0.157660
2124915,0.234371,0.659173,-0.695758,0.162734
2133248,0.232718,0.662308,-0.693204,0.163276
2141581,0.229683,0.664721,-0.691779,0.163809
2149914,0.227768,0.666818,-0.690100,0.165035
2158247,0.227856,0.669315,-0.687082,0.167385
2166580,0.224579,0.671189,-0.686139,0.168177
2174913,0.223530,0.673013,-0.683855,0.171554
2183246,0.221647,0.674497,-0.682597,0.173169
2191579,0.218670,0.675039,-0.682674,0.174533
2199912,0.214469,0.675918,-0.683197,0.174299
2208245,0.210028,0.677448,-0.683193,0.173777
2216578,0.207381,0.677471,-0.683474,0.175754
2224911,0.205834,0.676713,-0.684226,0.177558
2233244,0.204573,0.676585,-0.684162,0.179738
2241577,0.202778,0.677772,-0.682729,0.182724
2249910,0.200639,0.677097,-0.683875,0.183296
2258243,0.197557,0.676701,-0.684990,0.183946
2266576,0.194550,0.676089,-0.686005,0.185612
2274909,0.195721,0.676094,-0.684490,0.189904
2283242,0.191445,0.676801,-0.684985,0.189958
2291575,0.190951,0.676041,-0.685335,0.191892
2299908,0.192416,0.673620,-0.686172,0.195909
2308241,0.193134,0.671890,-0.687009,0.198195
2316574,0.191957,0.670479,-0.688509,0.198910
2324907,0.190116,0.668577,-0.691008,0.198414
2333240,0.187478,0.665603,-0.695169,0.196377
2341573,0.186881,0.663364,-0.697709,0.195515
2349906,0.187039,0.659339,-0.701670,0.194804
2358239,0.184315,0.654735,-0.707537,0.191681
2366572,0.182333,0.649441,-0.713609,0.189059
2374905,0.179285,0.643364,-0.721104,0.184253
2383238,0.179960,0.636375,-0.727419,0.183037
2391571,0.180711,0.629202,-0.734175,0.180098
2399904,0.180219,0.621549,-0.741865,0.175595
2408237,0.178700,0.612781,-0.750763,0.170061
2416570,0.180788,0.604922,-0.757638,0.165439
2424903,0.180968,0.596660,-0.765440,0.159214
2433236,0.182813,0.588275,-0.772754,0.152852
2441569,0.183813,0.580629,-0.779525,0.146367
2449902,0.185749,0.572716,-0.786217,0.139126
2458235,0.187614,0.564433,-0.793038,0.131555
2466568,0.190265,0.556453,-0.799235,0.124025
2474901,0.194373,0.549329,-0.804223,0.116971
2483234,0.198339,0.542071,-0.809130,0.110138
2491567,0.200790,0.534512,-0.814562,0.102322
2499900,0.204023,0.527563,-0.819187,0.094790
2508233,0.205337,0.520706,-0.824155,0.086429
2516566,0.207175,0.512721,-0.829462,0.078672
2524899,0.212087,0.508396,-0.831359,0.073453
2533232,0.216340,0.503760,-0.833622,0.067055
2541565,0.219736,0.498578,-0.836357,0.060362
2549898,0.222822,0.494279,-0.838565,0.053354
2558231,0.229490,0.490273,-0.839394,0.048834
2566564,0.229611,0.485651,-0.842504,0.040122
2574897,0.236491,0.483796,-0.841904,0.034789
2583230,0.241437,0.481777,-0.841915,0.027909
2591563,0.242208,0.479614,-0.843188,0.018430
2599896,0.246835,0.478321,-0.842708,0.011136
2608229,0.249387,0.477357,-0.842572,0.003022
2616562,0.251831,0.476547,-0.842286,-0.006253
2624895,0.254416,0.476311,-0.841507,-0.016337
2633228,0.256212,0.475850,-0.840979,-0.026009
2641561,0.257783,0.474930,-0.840639,-0.036275
2649894,0.257859,0.473472,-0.840856,-0.047902
2658227,0.256155,0.471168,-0.841960,-0.059062
2666560,0.258496,0.470875,-0.840773,-0.067516
2674893,0.260599,0.470193,-0.839655,-0.077372
2683226,0.260170,0.467698,-0.840219,-0.087194
2691559,0.264893,0.464618,-0.839754,-0.093681
2699892,0.266530,0.461724,-0.840021,-0.100687
2708225,0.268165,0.459171,-0.840001,-0.107925
2716558,0.269558,0.456925,-0.839962,-0.114113
2724891,0.269081,0.453788,-0.840869,-0.120881
2733224,0.270473,0.451230,-0.840991,-0.126371
2741557,0.270546,0.449072,-0.841276,-0.131889
2749890,0.272996,0.446326,-0.841310,-0.135882
2758223,0.274323,0.444560,-0.841296,-0.139048
2766556,0.275290,0.442918,-0.841340,-0.142075
2774889,0.277814,0.441250,-0.841016,-0.144261
2783222,0.277039,0.439168,-0.841834,-0.147300
2791555,0.275937,0.438066,-0.842299,-0.149963
2799888,0.278448,0.438604,-0.841007,-0.151001
2808221,0.280754,0.439738,-0.839691,-0.150755
2816554,0.282070,0.441211,-0.838876,-0.148513
2824887,0.283048,0.442501,-0.838233,-0.146430
2833220,0.283173,0.444225,-0.837451,-0.145438
2841553,0.285973,0.448430,-0.834823,-0.142132
2849886,0.286669,0.452234,-0.833000,-0.139342
2858219,0.286258,0.455978,-0.831614,-0.136228
2866552,0.285075,0.461303,-0.829717,-0.132298
2874885,0.285068,0.466092,-0.827990,-0.126203
2883218,0.283400,0.472725,-0.825291,-0.122925
2891551,0.281133,0.477789,-0.823607,-0.119806
2899884,0.276485,0.480770,-0.824045,-0.115611
2908217,0.273594,0.485528,-0.823071,-0.109373
2916550,0.274285,0.489332,-0.821752,-0.100222
2924883,0.273594,0.492917,-0.820735,-0.092598
2933216,0.274366,0.496303,-0.819474,-0.082881
2941549,0.273534,0.499880,-0.818368,-0.074653
2949882,0.267301,0.502460,-0.819464,-0.067550
2958215,0.264784,0.505509,-0.819183,-0.057359
2966548,0.263117,0.506708,-0.819666,-0.046512
2974881,0.260454,0.509244,-0.819457,-0.036399
2983214,0.259844,0.512196,-0.818247,-0.024676
2991547,0.258933,0.514998,-0.817075,-0.010909
2999880,0.255001,0.516665,-0.817332,0.000859
3008213,0.253633,0.520330,-0.815337,0.012351
3016546,0.249835,0.521058,-0.815791,0.023798
3024879,0.246661,0.522557,-0.815348,0.036063
3033212,0.241195,0.522263,-0.816712,0.045264
3041545,0.232996,0.522157,-0.818715,0.052641
3049878,0.226243,0.520395,-0.821195,0.060341
3058211,0.224037,0.518887,-0.821991,0.069962
3066544,0.217847,0.516056,-0.824871,0.076267
3074877,0.213770,0.513266,-0.826973,0.083519
3083210,0.210367,0.511372,-0.828411,0.089329
3091543,0.209218,0.509196,-0.829351,0.095522
3099876,0.207588,0.507637,-0.830283,0.099209
3108209,0.204968,0.505928,-0.831414,0.103807
3116542,0.202612,0.505149,-0.832125,0.106494
3124875,0.199643,0.506813,-0.831897,0.105976
3133208,0.198024,0.510163,-0.830000,0.107798
3141541,0.201734,0.514131,-0.825969,0.112907
3149874,0.204182,0.518196,-0.822289,0.116722
3158207,0.203911,0.525337,-0.817618,0.118074
3166540,0.204915,0.532645,-0.812175,0.121126
3174873,0.205844,0.540547,-0.806303,0.123744
3183206,0.203926,0.551453,-0.799396,0.123612
3191539,0.200246,0.559795,-0.794665,0.122630
3199872,0.198431,0.568617,-0.788752,0.123169
3208205,0.196956,0.578522,-0.781918,0.122983
3216538,0.194865,0.587738,-0.775714,0.121902
3224871,0.194561,0.596166,-0.769179,0.122861
3233204,0.193252,0.604809,-0.762848,0.122160
3241537,0.192829,0.612562,-0.756760,0.122058
3249870,0.191818,0.619927,-0.751082,0.121540
3258203,0.191420,0.626993,-0.745292,0.121571
3266536,0.191191,0.633606,-0.739640,0.122157
3274869,0.190911,0.639944,-0.734112,0.122897
3283202,0.190561,0.645789,-0.728888,0.123953
3291535,0.190363,0.651616,-0.723635,0.124540
3299868,0.190503,0.657044,-0.718399,0.126117
3308201,0.192014,0.661436,-0.713512,0.128586
3316534,0.191200,0.666767,-0.708858,0.128003
3324867,0.190566,0.671971,-0.704024,0.128413
3333200,0.189774,0.676479,-0.699590,0.130137
3341533,0.187289,0.681127,-0.696162,0.127856
3349866,0.186162,0.685052,-0.692348,0.129236
3358199,0.187201,0.687842,-0.688550,0.133146
3366532,0.185471,0.691060,-0.685819,0.133001
3374865,0.182461,0.693266,-0.684386,0.133063
3383198,0.188531,0.694962,-0.679772,0.139262
3391531,0.182457,0.696323,-0.680145,0.138733
3399864,0.174521,0.697588,-0.681399,0.136417
3408197,0.171552,0.697613,-0.681843,0.137826
3416530,0.170196,0.697621,-0.681637,0.140461
3424863,0.170794,0.696322,-0.681939,0.144654
3433196,0.177343,0.693737,-0.681192,0.152498
3441529,0.176834,0.692017,-0.682766,0.153858
3449862,0.174768,0.690185,-0.684802,0.155395
3458195,0.171588,0.687840,-0.687982,0.155289
3466528,0.172548,0.684611,-0.690119,0.158965
3474861,0.168246,0.681890,-0.694385,0.156681
3483194,0.166037,0.678414,-0.698545,0.155628
3491527,0.163033,0.675637,-0.702303,0.153965
3499860,0.165277,0.672327,-0.704414,0.156400
3508193,0.169726,0.668789,-0.706222,0.158631
3516526,0.167640,0.666350,-0.710105,0.153702
3524859,0.169710,0.663973,-0.712077,0.152594
3533192,0.172272,0.661578,-0.713662,0.152719
3541525,0.172888,0.660848,-0.715424,0.146828
3549858,0.175745,0.659161,-0.716664,0.144956
3558191,0.176663,0.658744,-0.717371,0.142215
3566524,0.175794,0.658453,-0.719194,0.135264
3574857,0.176344,0.658485,-0.719827,0.130957
3583190,0.178300,0.657863,-0.720351,0.128532
3591523,0.179360,0.657277,-0.721236,0.125046
3599856,0.178682,0.656610,-0.722778,0.120531
3608189,0.177959,0.656241,-0.724145,0.115292
3616522,0.177388,0.654526,-0.726379,0.111813
3624855,0.178445,0.652179,-0.728469,0.110239
3633188,0.179206,0.648843,-0.731295,0.109977
3641521,0.180725,0.645051,-0.734220,0.110311
3649854,0.184171,0.640004,-0.737471,0.112308
3658187,0.184682,0.633889,-0.742858,0.110630
3666520,0.185656,0.628594,-0.747496,0.107943
3674853,0.190636,0.623999,-0.749879,0.109383
3683186,0.194113,0.618801,-0.753481,0.108034
3691519,0.200133,0.613069,-0.756704,0.107203
3699852,0.204598,0.607619,-0.760351,0.103943
3708185,0.209353,0.602283,-0.763859,0.099728
3716518,0.214170,0.596741,-0.767448,0.095161
3724851,0.218990,0.592269,-0.770084,0.090731
3733184,0.221055,0.588981,-0.772793,0.083830
3741517,0.227039,0.586133,-0.773793,0.078397
3749850,0.232518,0.584237,-0.774070,0.073609
3758183,0.239795,0.582188,-0.773767,0.069565
3766516,0.244004,0.581685,-0.773402,0.062883
3774849,0.250270,0.582210,-0.771370,0.058183
3783182,0.253775,0.584132,-0.769304,0.050595
3791515,0.258699,0.586410,-0.766296,0.044592
3799848,0.262458,0.589634,-0.762985,0.036075
3808181,0.266475,0.593939,-0.758548,0.028844
3816514,0.270056,0.597440,-0.754841,0.018729
3824847,0.270343,0.602025,-0.751296,0.005935
3833180,0.272147,0.605937,-0.747485,-0.006460
3841513,0.272879,0.611237,-0.742681,-0.018710
3849846,0.275059,0.614264,-0.738985,-0.030381
3858179,0.277181,0.616994,-0.735364,-0.041582
3866512,0.279969,0.619526,-0.731453,-0.052743
3874845,0.281322,0.620664,-0.728873,-0.066172
3883178,0.282664,0.620313,-0.727414,-0.078629
3891511,0.285296,0.619643,-0.725832,-0.088419
3899844,0.286325,0.619302,-0.724282,-0.099493
3908177,0.286787,0.616992,-0.724463,-0.110575
3916510,0.287858,0.615175,-0.723965,-0.120716
3924843,0.291875,0.613079,-0.722903,-0.127881
3933176,0.291583,0.609507,-0.724218,-0.137801
3941509,0.294012,0.607152,-0.724119,-0.143441
3949842,0.292454,0.605023,-0.724912,-0.151393
3958175,0.290391,0.602834,-0.725954,-0.158917
3966508,0.283036,0.599856,-0.728625,-0.170787
3974841,0.271932,0.598340,-0.731415,-0.181861
3983174,0.259775,0.596394,-0.734009,-0.195094
3991507,-0.239751,-0.592321,0.738611,0.214775
3999840,-0.214995,-0.589428,0.742718,0.233928
4008173,-0.193696,-0.586807,0.745907,0.248521
4016505,-0.178158,-0.585010,0.748190,0.257361
4024839,-0.169189,-0.585710,0.748599,0.260611
4033172,-0.165122,-0.588977,0.747780,0.258197
4041505,-0.159183,-0.591386,0.747364,0.257627
4049838,-0.155463,-0.595538,0.745305,0.256295
4058170,-0.152737,-0.600767,0.742963,0.252500
4066504,-0.149187,-0.608101,0.739352,0.247620
4074837,-0.145176,-0.613822,0.736989,0.242885
4083170,-0.142820,-0.619864,0.734081,0.237689
4091503,-0.141893,-0.624828,0.732299,0.230638
4099836,0.143413,0.630660,-0.729884,-0.221292
4108169,0.142088,0.636803,-0.727053,-0.213745
4116501,0.141475,0.642187,-0.725031,-0.204721
4124835,0.142250,0.648337,-0.722333,-0.194060
4133168,0.144233,0.655643,-0.718422,-0.182206
4141501,0.147717,0.661732,-0.715594,-0.167973
4149834,0.149893,0.669832,-0.710677,-0.154258
4158166,0.154899,0.676860,-0.706376,-0.137478
4166500,0.161692,0.684319,-0.701176,-0.117960
4174833,0.170604,0.692958,-0.693950,-0.095590
4183166,0.176422,0.699093,-0.688827,-0.075245
4191499,0.184745,0.705137,-0.682658,-0.051275
4199832,0.194398,0.711314,-0.674929,-0.026711
4208165,0.200747,0.717756,-0.666719,-0.003606
4216498,0.204371,0.724396,-0.658138,0.018352
4224831,0.206122,0.730460,-0.649957,0.038707
4233164,0.205989,0.735512,-0.642949,0.056640
4241497,0.201750,0.741870,-0.635252,0.073352
4249830,0.200193,0.748316,-0.625789,0.091297
4258163,0.196437,0.754064,-0.617689,0.106114
4266496,0.192039,0.760867,-0.608297,0.119065
4274829,0.191119,0.767585,-0.596586,0.135545
4283162,0.186805,0.773615,-0.587594,0.146143
4291495,0.181815,0.779238,-0.579635,0.154124
4299828,-0.175572,-0.784697,0.572971,-0.158520
4308161,-0.170697,-0.789963,0.565760,-0.163512
4316494,-0.163965,-0.794719,0.560818,-0.164376
4324827,-0.160002,-0.800268,0.553553,-0.165980
4333160,-0.158531,-0.804994,0.545946,-0.169695
4341493,-0.155643,-0.810859,0.537975,-0.169900
4349826,-0.152203,-0.816179,0.530639,-0.170611
4358159,-0.149881,-0.822002,0.522131,-0.170958
4366492,-0.148782,-0.828107,0.512320,-0.172135
4374825,-0.149943,-0.833393,0.501141,-0.178413
4383158,-0.147204,-0.839787,0.491286,-0.178120
4391491,-0.146405,-0.846017,0.479842,-0.180479
4399824,-0.145899,-0.851845,0.468918,-0.182177
4408157,-0.142761,-0.858864,0.457639,-0.180385
4416490,-0.142053,-0.865830,0.443775,-0.182272
4424823,-0.142655,-0.871509,0.430963,-0.185450
4433156,-0.142218,-0.878435,0.415661,-0.188021
4441489,-0.142500,-0.884128,0.401160,-0.192569
4449822,-0.141939,-0.890441,0.388279,-0.190285
4458155,-0.142003,-0.896283,0.373455,-0.192468
4466488,-0.142353,-0.902164,0.357947,-0.194189
4474821,-0.142887,-0.907484,0.343602,-0.194920
4483154,-0.142662,-0.912296,0.330865,-0.194656
4491487,-0.142255,-0.918287,0.315277,-0.192648
4499820,-0.142632,-0.922556,0.300606,-0.195405
4508153,-0.142804,-0.927743,0.283235,-0.196667
4516486,-0.141323,-0.933497,0.267673,-0.192255
4524819,-0.140838,-0.937885,0.253818,-0.190032
4533152,-0.140325,-0.940955,0.239013,-0.194387
4541485,-0.137733,-0.945202,0.224510,-0.192919
4549818,-0.137224,-0.947155,0.210066,-0.199848
4558151,-0.136251,-0.949578,0.196352,-0.202936
4566484,-0.134393,-0.952144,0.184532,-0.203247
4574817,-0.129903,-0.955722,0.172009,-0.200332
4583150,-0.128384,-0.955640,0.158990,-0.212112
4591483,-0.121576,-0.958379,0.150417,-0.210008
4599816,-0.118466,-0.959780,0.139339,-0.213009
4608149,-0.115891,-0.959402,0.131207,-0.221137
4616482,-0.115768,-0.958935,0.122158,-0.228296
4624815,-0.105310,-0.962302,0.117199,-0.221697
4633148,-0.095486,-0.965443,0.113435,-0.214325
4641481,-0.090361,-0.964837,0.107997,-0.221947
4649814,-0.084621,-0.964721,0.105470,-0.225896
4658147,-0.077263,-0.964992,0.105728,-0.227249
4666480,-0.070505,-0.964879,0.105572,-0.229984
4674813,-0.066001,-0.963159,0.105792,-0.238277
4683146,-0.056702,-0.964197,0.107013,-0.235919
4691479,-0.050757,-0.964712,0.112002,-0.232828
4699812,-0.044293,-0.964237,0.118489,-0.232906
4708145,-0.039258,-0.962725,0.119649,-0.239381
4716478,-0.034339,-0.963122,0.125231,-0.235658
4724811,-0.033287,-0.960896,0.128949,-0.242783
4733144,-0.032152,-0.959405,0.135790,-0.245089
4741477,-0.030647,-0.960671,0.142763,-0.236202
4749810,-0.031832,-0.960382,0.147913,-0.234040
4758143,-0.034458,-0.960366,0.150385,-0.232151
4766476,-0.036756,-0.961108,0.160664,-0.221600
4774809,-0.041465,-0.960533,0.164582,-0.220387
4783142,-0.046297,-0.960901,0.165667,-0.216978
4791475,-0.051028,-0.961264,0.168163,-0.212342
4799808,-0.058421,-0.961264,0.170352,-0.208661
4808141,-0.061945,-0.963084,0.175238,-0.194740
4816474,-0.066554,-0.964061,0.176189,-0.187391
4824807,-0.073107,-0.964602,0.173431,-0.184716
4833140,-0.077888,-0.965618,0.168706,-0.181809
4841473,-0.082508,-0.966755,0.166567,-0.175590
4849806,-0.087290,-0.967163,0.163966,-0.173468
4858139,-0.089541,-0.969827,0.164093,-0.156500
4866472,-0.096376,-0.969289,0.157088,-0.162829
4874805,-0.100917,-0.970052,0.150169,-0.162065
4883138,-0.103755,-0.972012,0.149398,-0.148688
4891471,-0.110831,-0.971427,0.138267,-0.157889
4899804,-0.112383,-0.975796,0.135170,-0.130083
4908137,-0.121641,-0.973909,0.124480,-0.145632
4916470,-0.124575,-0.975427,0.120661,-0.135887
4924803,-0.130766,-0.975336,0.115407,-0.135279
4933136,-0.138202,-0.974863,0.106231,-0.138774
4941469,-0.140549,-0.976563,0.104419,-0.125172
4949802,-0.145083,-0.977507,0.098495,-0.117173
4958135,-0.148474,-0.978535,0.095537,-0.106294
4966468,-0.151766,-0.979428,0.094266,-0.093817
4974801,-0.156508,-0.978635,0.088995,-0.099291
4983134,-0.160626,-0.978706,0.084303,-0.096058
4991467,-0.166292,-0.977498,0.078579,-0.103294
4999800,-0.169622,-0.977298,0.078433,-0.099823
5008133,-0.173700,-0.977104,0.068509,-0.101995
5016466,-0.174350,-0.977400,0.068316,-0.098104
5024799,-0.178137,-0.977034,0.061442,-0.099481
5033132,-0.177314,-0.977287,0.064002,-0.096812
5041465,-0.180592,-0.977158,0.057011,-0.096433
5049798,-0.182840,-0.977023,0.052134,-0.096322
5058131,-0.183684,-0.977122,0.041132,-0.099001
5066464,-0.183531,-0.977546,0.037108,-0.096658
5074797,-0.181441,-0.978326,0.032681,-0.094283
5083130,-0.181788,-0.978352,0.026526,-0.095271
5091463,-0.179767,-0.978649,0.013727,-0.098696
5099796,-0.176788,-0.979222,0.005002,-0.099226
5108129,-0.173708,-0.979508,-0.004007,-0.101853
5116462,-0.168163,-0.980070,-0.019302,-0.103974
5124795,-0.164158,-0.980385,-0.030119,-0.104830
5133128,-0.159105,-0.980662,-0.039650,-0.106848
5141461,-0.156882,-0.979612,-0.053844,-0.113350
5149794,-0.151615,-0.979483,-0.062249,-0.117261
5158127,-0.145366,-0.977431,-0.071987,-0.135335
5166460,-0.136655,-0.975212,-0.094926,-0.145863
5174793,-0.131900,-0.974888,-0.102310,-0.147406
5183126,-0.125717,-0.974543,-0.109564,-0.149860
5191459,-0.117619,-0.973979,-0.119827,-0.152227
5199792,-0.109914,-0.971998,-0.133373,-0.159218
5208125,-0.102996,-0.969927,-0.143928,-0.167085
5216458,-0.094973,-0.966841,-0.156537,-0.178029
5224791,-0.086553,-0.964307,-0.168024,-0.185443
5233124,-0.079041,-0.962724,-0.177738,-0.187945
5241457,-0.070264,-0.960799,-0.187023,-0.192224
5249790,-0.062252,-0.956726,-0.200703,-0.201291
5258123,-0.052636,-0.952449,-0.214547,-0.209855
5266456,-0.042773,-0.949217,-0.226972,-0.213637
5274789,-0.032071,-0.943840,-0.242039,-0.222607
5283122,-0.018488,-0.939798,-0.256741,-0.224773
5291455,-0.007282,-0.933487,-0.274216,-0.230988
5299788,0.004070,-0.925745,-0.294974,-0.236582
5308121,0.013812,-0.916472,-0.315962,-0.245063
5316454,0.019534,-0.904744,-0.337924,-0.258582
5324787,0.028864,-0.895632,-0.359799,-0.259913
5333120,0.033714,-0.885789,-0.381372,-0.262292
5341453,0.039704,-0.875642,-0.403726,-0.262068
5349786,0.046414,-0.860458,-0.427071,-0.273987
5358119,0.049589,-0.850609,-0.448168,-0.270466
5366452,0.051021,-0.839571,-0.469961,-0.267683
5374785,0.052119,-0.829429,-0.489928,-0.263253
5383118,0.050717,-0.821414,-0.506357,-0.257507
5391451,0.042577,-0.814966,-0.524458,-0.242820
5399784,0.037377,-0.808026,-0.540246,-0.232013
5408117,0.040042,-0.801395,-0.550639,-0.230129
5416450,0.035295,-0.796985,-0.561040,-0.220915
5424783,0.032270,-0.794035,-0.567680,-0.214955
5433116,0.028121,-0.790295,-0.574844,-0.210229
5441449,0.029469,-0.788844,-0.578412,-0.205661
5449782,0.030391,-0.787318,-0.580554,-0.205339
5458115,0.027241,-0.787240,-0.582524,-0.200443
5466448,0.025832,-0.787423,-0.583487,-0.197080
5474781,0.025674,-0.787839,-0.583851,-0.194341
5483114,0.025456,-0.787738,-0.583720,-0.195172
5491447,0.027267,-0.788276,-0.583271,-0.194095
5499780,0.027818,-0.789119,-0.582760,-0.192115
5508113,0.032894,-0.789156,-0.580923,-0.196669
5516446,0.033226,-0.788319,-0.583370,-0.192685
5524779,0.034273,-0.787379,-0.585488,-0.189904
5533112,0.035581,-0.786172,-0.587689,-0.187854
5541445,0.041378,-0.783492,-0.590073,-0.190373
5549778,0.047380,-0.779986,-0.594165,-0.190641
5558111,0.052430,-0.776421,-0.598115,-0.191519
5566444,0.056024,-0.773862,-0.600677,-0.192838
5574777,0.059813,-0.769418,-0.607594,-0.187745
5583110,0.067661,-0.764063,-0.612453,-0.191131
5591443,0.072468,-0.758276,-0.620315,-0.187018
5599776,0.077032,-0.752887,-0.627721,-0.182191
5608109,0.083379,-0.747364,-0.633798,-0.181096
5616442,0.089076,-0.742239,-0.639944,-0.177818
5624775,0.095698,-0.737530,-0.644782,-0.176486
5633108,0.102066,-0.731513,-0.651030,-0.175018
5641441,0.109533,-0.726441,-0.656169,-0.172418
5649774,0.115079,-0.720810,-0.662504,-0.168160
5658107,0.122035,-0.715840,-0.667450,-0.164897
5666440,0.127487,-0.710463,-0.672711,-0.162635
5674773,0.133517,-0.705361,-0.678077,-0.157642
5683106,0.140032,-0.700208,-0.683036,-0.153498
5691439,0.145574,-0.694968,-0.688004,-0.149928
5699772,0.147979,-0.690335,-0.693642,-0.142830
5708105,0.155757,-0.685808,-0.697202,-0.138985
5716438,0.160673,-0.681562,-0.701253,-0.133795
5724771,0.162947,-0.676619,-0.706569,-0.128041
5733104,0.164958,-0.672563,-0.711213,-0.120930
5741437,0.169066,-0.670149,-0.713251,-0.116576
5749770,0.171219,-0.667002,-0.716214,-0.113267
5758103,0.172182,-0.664221,-0.718978,-0.110610
5766436,0.170252,-0.663777,-0.720416,-0.106840
5774769,0.172171,-0.660914,-0.722732,-0.105869
5783102,0.172504,-0.656949,-0.726978,-0.100819
5791435,0.171007,-0.651996,-0.732581,-0.094784
5799768,0.169675,-0.649731,-0.735668,-0.088619
5808101,0.167880,-0.645164,-0.740550,-0.084646
5816434,0.166411,-0.642194,-0.744204,-0.077807
5824767,0.158695,-0.643206,-0.746153,-0.066012
5833100,0.158417,-0.640157,-0.749121,-0.062610
5841433,0.153036,-0.638910,-0.751723,-0.057328
5849766,0.150251,-0.637027,-0.754272,-0.051911
5858099,0.146424,-0.636324,-0.756003,-0.045945
5866432,0.143260,-0.635201,-0.757805,-0.041559
5874765,0.132788,-0.635074,-0.760264,-0.032360
5883098,0.132874,-0.635159,-0.760236,-0.030977
5891431,0.122458,-0.635087,-0.762373,-0.021359
5899764,0.114743,-0.636647,-0.762336,-0.018935
5908097,0.119409,-0.640232,-0.758458,-0.024216
5916430,0.106918,-0.639459,-0.761238,-0.013339
5924763,0.105440,-0.641579,-0.759646,-0.014008
5933096,0.102114,-0.642723,-0.759154,-0.012842
5941429,0.095992,-0.642571,-0.760148,-0.007903
5949762,0.097644,-0.645183,-0.757678,-0.011316
5958095,0.093727,-0.646465,-0.757110,-0.009058
5966428,0.090647,-0.646644,-0.757361,-0.006166
5974761,0.091044,-0.649792,-0.754563,-0.010728
5983094,0.093345,-0.653406,-0.751059,-0.016034
5991427,0.089080,-0.652671,-0.752265,-0.013547
5999760,0.087003,-0.656543,-0.749111,-0.014674
6008093,0.084887,-0.659725,-0.746561,-0.014309
6016426,0.088600,-0.663950,-0.742218,-0.020807
6024759,0.089995,-0.665738,-0.740345,-0.024155
6033092,0.092478,-0.671831,-0.734297,-0.029986
6041425,0.097635,-0.679174,-0.726328,-0.040469
6049758,0.099539,-0.685450,-0.719674,-0.048163
6058091,0.096297,-0.692760,-0.712702,-0.053533
6066424,0.099530,-0.699464,-0.705086,-0.060806
6074757,0.103983,-0.702465,-0.700511,-0.070814
6083090,0.105323,-0.707748,-0.693865,-0.080936
6091423,0.104847,-0.715244,-0.684874,-0.091549
6099756,0.105288,-0.722769,-0.675444,-0.101469
6108089,0.106580,-0.730410,-0.665120,-0.112952
6116422,0.103354,-0.737590,-0.656079,-0.121818
6124755,0.102393,-0.744799,-0.645984,-0.132265
6133088,0.099749,-0.753521,-0.634192,-0.141622
6141421,0.098781,-0.760181,-0.623479,-0.153756
6149754,0.097008,-0.767452,-0.611739,-0.165473
6158087,0.097357,-0.773942,-0.599836,-0.178135
6166420,0.093702,-0.781339,-0.588914,-0.184147
6174753,0.094565,-0.787396,-0.576163,-0.197740
6183086,0.094016,-0.790660,-0.566493,-0.212375
6191419,0.089765,-0.794164,-0.557233,-0.225250
6199752,0.089395,-0.796979,-0.547375,-0.239195
6208085,0.087194,-0.800057,-0.538261,-0.250162
6216418,0.084999,-0.802226,-0.530349,-0.260650
6224751,0.082302,-0.803447,-0.524101,-0.270219
6233084,0.083602,-0.803855,-0.517192,-0.281674
6241417,0.081387,-0.802110,-0.514893,-0.291344
6249750,0.078679,-0.799956,-0.513628,-0.300111
6258083,0.079005,-0.795875,-0.510690,-0.315495
6266416,0.077379,-0.791051,-0.511637,-0.326312
6274749,0.070643,-0.787437,-0.515076,-0.331132
6283082,0.067615,-0.780729,-0.520047,-0.339767
6291415,0.064258,-0.774321,-0.524420,-0.348255
6299748,0.054890,-0.770643,-0.530930,-0.348151
6308081,0.045754,-0.765931,-0.537654,-0.349548
6316414,0.040204,-0.757966,-0.544057,-0.357593
6324747,0.031185,-0.751566,-0.551054,-0.361269
6333080,0.019259,-0.745671,-0.558750,-0.362494
6341413,0.007585,-0.739590,-0.566805,-0.362879
6349746,-0.001797,-0.733456,-0.573082,-0.365534
6358079,-0.011636,-0.727832,-0.578930,-0.367376
6366412,-0.026717,-0.724036,-0.585643,-0.363429
6374745,-0.039402,-0.719152,-0.591354,-0.362724
6383078,-0.054982,-0.718009,-0.595995,-0.355288
6391411,-0.070194,-0.718345,-0.598743,-0.347217
6399744,-0.084342,-0.718268,-0.601199,-0.339908
6408077,-0.097395,-0.717303,-0.603080,-0.335091
6416410,-0.110059,-0.717808,-0.603448,-0.329377
6424743,-0.120910,-0.717479,-0.603841,-0.325546
6433076,-0.128353,-0.716698,-0.602983,-0.326007
6441409,-0.140902,-0.717008,-0.601817,-0.322278
6449742,-0.152638,-0.721536,-0.598354,-0.313146
6458075,-0.163445,-0.726767,-0.593858,-0.304019
6466408,-0.173709,-0.731474,-0.589240,-0.295918
6474741,-0.180712,-0.737316,-0.584101,-0.287286
6483074,-0.186479,-0.741519,-0.579696,-0.281653
6491407,-0.192898,-0.747492,-0.573933,-0.273216
6499740,-0.197447,-0.754233,-0.567260,-0.265259
6508073,-0.200254,-0.759634,-0.561997,-0.258871
6516406,-0.204544,-0.766226,-0.555898,-0.249071
6524739,-0.206235,-0.771700,-0.550632,-0.242383
6533072,-0.208214,-0.776431,-0.545167,-0.237897
6541405,-0.204110,-0.782978,-0.538953,-0.234124
6549738,-0.200019,-0.787162,-0.534026,-0.234915
6558071,-0.199630,-0.795701,-0.527438,-0.220945
6566404,-0.194649,-0.799165,-0.524689,-0.219426
6574737,-0.187455,-0.804068,-0.520671,-0.217341
6583070,-0.184100,-0.810802,-0.514207,-0.210475
6591403,-0.177193,-0.819451,-0.506209,-0.202125
6599736,-0.172957,-0.825036,-0.501493,-0.194697
6608069,-0.168327,-0.829451,-0.497146,-0.191108
6616402,-0.161673,-0.832864,-0.498315,-0.178553
6624735,-0.156884,-0.839197,-0.492762,-0.168288
6633068,-0.149382,-0.843358,-0.488692,-0.166171
6641401,-0.143010,-0.849038,-0.482884,-0.159704
6649734,-0.133294,-0.853479,-0.479424,-0.154785
6658067,-0.125048,-0.855903,-0.477703,-0.153600
6666400,-0.118081,-0.857328,-0.477575,-0.151553
6674733,-0.108398,-0.857891,-0.478372,-0.153079
6683066,-0.096892,-0.858331,-0.479639,-0.154357
6691399,-0.087280,-0.858030,-0.481508,-0.155940
6699732,-0.078476,-0.857770,-0.482794,-0.158058
6708065,-0.068533,-0.859991,-0.481275,-0.155218
6716398,-0.057778,-0.859509,-0.482954,-0.157041
6724731,-0.047040,-0.858162,-0.486862,-0.155918
6733064,-0.035681,-0.856682,-0.489668,-0.158264
6741397,-0.021743,-0.855606,-0.492109,-0.159041
6749730,-0.009721,-0.853629,-0.495373,-0.160715
6758063,-0.000663,-0.853866,-0.496693,-0.155590
6766396,0.011814,-0.852047,-0.498995,-0.157737
6774729,0.021183,-0.851213,-0.501067,-0.154659
6783062,0.030377,-0.849634,-0.501295,-0.160942
6791395,0.037304,-0.848305,-0.504572,-0.156188
6799728,0.042337,-0.847205,-0.508023,-0.149543
6808061,0.047912,-0.844590,-0.510931,-0.152716
6816394,0.055253,-0.842462,-0.513134,-0.154591
6824727,0.061451,-0.840313,-0.514486,-0.159378
6833060,0.066077,-0.836219,-0.520336,-0.160068
6841393,0.068412,-0.832321,-0.526557,-0.159059
6849726,0.077533,-0.828126,-0.528076,-0.171264
6858059,0.084187,-0.820902,-0.536372,-0.177025
6866392,0.090242,-0.813681,-0.544449,-0.182633
6874725,0.094021,-0.809541,-0.549450,-0.184140
6883058,0.091954,-0.801469,-0.563395,-0.178267
6891391,0.092730,-0.794509,-0.573727,-0.176052
6899724,0.098256,-0.788829,-0.580252,-0.177206
6908057,0.102895,-0.781407,-0.588424,-0.180480
6916390,0.109333,-0.773846,-0.595742,-0.185203
6924723,0.113806,-0.766913,-0.602804,-0.188467
6933056,0.117964,-0.759275,-0.610229,-0.192889
6941389,0.123179,-0.750946,-0.618234,-0.196708
6949722,0.123206,-0.744753,-0.626439,-0.194259
6958055,0.128504,-0.738180,-0.631697,-0.198837
6966388,0.134182,-0.732147,-0.636104,-0.203291
6974721,0.136530,-0.726484,-0.641545,-0.204941
6983054,0.136842,-0.720637,-0.647302,-0.207257
6991387,0.137913,-0.715628,-0.652634,-0.207185
6999720,0.144125,-0.710475,-0.655333,-0.212115
7008053,0.143334,-0.706536,-0.660167,-0.210812
7016386,0.144106,-0.702269,-0.663794,-0.213140
7024719,0.143763,-0.698968,-0.667041,-0.214084
7033052,0.145766,-0.694546,-0.670336,-0.216814
7041385,0.144089,-0.690710,-0.674859,-0.216156
7049718,0.144638,-0.686971,-0.678031,-0.217771
7058051,0.141163,-0.684201,-0.682618,-0.214415
7066384,0.140840,-0.680218,-0.686248,-0.215713
7074717,0.137180,-0.677145,-0.689871,-0.216183
7083050,0.136175,-0.675977,-0.691848,-0.214146
7091383,0.132504,-0.673568,-0.695953,-0.210708
7099716,0.130967,-0.671309,-0.698588,-0.210160
7108049,0.130083,-0.669460,-0.700438,-0.210449
7116382,0.124094,-0.668838,-0.704014,-0.204010
7124715,0.122700,-0.666494,-0.706550,-0.203759
7133048,0.120797,-0.665243,-0.708793,-0.201175
7141381,0.118278,-0.665081,-0.710051,-0.198759
7149714,0.116410,-0.663503,-0.712579,-0.196072
7158047,0.117190,-0.663180,-0.712655,-0.196420
7166380,0.115300,-0.662940,-0.713956,-0.193609
7174713,0.109515,-0.663304,-0.716090,-0.187750
7183046,0.106204,-0.664363,-0.716388,-0.184746
7191379,0.104040,-0.665425,-0.716494,-0.181719
7199712,0.102604,-0.666393,-0.715949,-0.181135
7208045,0.099057,-0.669783,-0.714084,-0.177937
7216378,0.097490,-0.671103,-0.713591,-0.175796
7224711,0.095194,-0.673031,-0.712749,-0.173077
7233044,0.091617,-0.676955,-0.709697,-0.172248
7241377,0.086265,-0.681001,-0.707326,-0.168778
7249710,0.081014,-0.684532,-0.705140,-0.166223
7258043,0.072153,-0.686519,-0.705757,-0.159349
7266376,0.066968,-0.690414,-0.702967,-0.157106
7274709,0.058419,-0.694144,-0.701287,-0.151488
7283042,0.051990,-0.696586,-0.700369,-0.146793
7291375,0.043336,-0.697864,-0.700021,-0.145183
7299708,0.037449,-0.700804,-0.697533,-0.144634
7308041,0.027137,-0.701588,-0.698109,-0.140292
7316374,0.020937,-0.701149,-0.698748,-0.140368
7324707,0.016098,-0.701208,-0.698690,-0.140999
7333040,0.014771,-0.700664,-0.698839,-0.143097
7341373,0.007643,-0.696686,-0.703348,-0.140964
7349706,0.006987,-0.696232,-0.704175,-0.139101
7358039,-0.000158,-0.692514,-0.708232,-0.137229
7366372,-0.007390,-0.692672,-0.709119,-0.131533
7374705,-0.012353,-0.693883,-0.708068,-0.130433
7383038,-0.016172,-0.697133,-0.705143,-0.128520
7391371,-0.017499,-0.702760,-0.699620,-0.127885
7399704,-0.017463,-0.708738,-0.693405,-0.128742
7408037,-0.013204,-0.715532,-0.686254,-0.129980
7416370,-0.012325,-0.721533,-0.679452,-0.132600
7424703,-0.006420,-0.729534,-0.669677,-0.138825
7433036,-0.000746,-0.737157,-0.660152,-0.144217
7441369,0.008969,-0.746665,-0.648469,-0.147980
7449702,0.013439,-0.756241,-0.635499,-0.155110
7458035,0.017568,-0.765977,-0.621464,-0.163564
7466368,0.024689,-0.773659,-0.609179,-0.172464
7474701,0.032772,-0.782154,-0.594717,-0.182954
7483034,0.038813,-0.790492,-0.581271,-0.189052
7491367,0.047048,-0.795821,-0.570120,-0.198538
7499700,0.060410,-0.799087,-0.558015,-0.215475
7508033,0.070517,-0.801261,-0.549081,-0.226977
7516366,0.077257,-0.802459,-0.542618,-0.235918
7524699,0.089546,-0.799010,-0.536602,-0.256170
7533032,0.095045,-0.796194,-0.535589,-0.264926
7541365,0.103077,-0.791076,-0.535394,-0.277357
7549698,0.105665,-0.784705,-0.539492,-0.286393
7558031,0.104228,-0.778221,-0.546333,-0.291598
7566364,0.108916,-0.764825,-0.556446,-0.305856
7574697,0.104846,-0.755733,-0.566785,-0.310853
7583030,0.100663,-0.745174,-0.578912,-0.315347
7591363,0.094349,-0.735068,-0.592215,-0.316314
7599696,0.086006,-0.725309,-0.604751,-0.317500
7608029,0.075456,-0.714557,-0.619472,-0.316178
7616362,0.062642,-0.705853,-0.634232,-0.309188
7624695,0.050549,-0.696458,-0.648121,-0.303860
7633028,0.036458,-0.688588,-0.659985,-0.298223
7641361,0.026413,-0.680333,-0.670201,-0.295433
7649694,0.014125,-0.674674,-0.679409,-0.288130
7658027,0.004332,-0.669625,-0.686561,-0.283227
7666360,-0.004672,-0.667267,-0.691379,-0.276998
7674693,-0.010292,-0.664489,-0.695017,-0.274408
7683026,-0.015594,-0.664463,-0.696350,-0.270819
7691359,-0.019644,-0.664949,-0.696029,-0.270188
7699692,-0.023523,-0.666965,-0.693842,-0.270532
7708025,-0.025854,-0.670467,-0.690833,-0.269361
7716358,-0.026610,-0.674686,-0.686051,-0.270968
7724691,-0.026304,-0.679713,-0.680490,-0.272455
7733024,-0.025870,-0.685569,-0.674277,-0.273268
7741357,-0.023905,-0.692105,-0.666653,-0.275668
7749690,-0.022857,-0.698038,-0.659535,-0.277910
7758023,-0.021915,-0.704713,-0.652607,-0.277497
7766356,-0.023841,-0.711472,-0.645620,-0.276430
7774689,-0.023488,-0.720039,-0.636914,-0.274468
7783022,-0.024206,-0.728841,-0.628390,-0.270796
7791355,-0.025197,-0.735695,-0.621916,-0.267094
7799688,-0.025857,-0.743897,-0.614081,-0.262401
7808021,-0.027283,-0.752317,-0.606520,-0.255753
7816354,-0.028584,-0.759744,-0.600485,-0.247770
7824687,-0.034324,-0.768872,-0.593773,-0.234714
7833020,-0.036995,-0.776814,-0.587757,-0.223007
7841353,-0.036921,-0.781654,-0.583404,-0.217469
7849686,-0.038718,-0.787393,-0.578667,-0.208946
7858019,-0.042254,-0.794618,-0.573402,-0.194953
7866352,-0.042468,-0.799356,-0.571078,-0.181925
7874685,-0.042859,-0.802227,-0.569900,-0.172651
7883018,-0.046065,-0.803995,-0.569438,-0.164954
7891351,-0.046284,-0.805446,-0.569042,-0.159080
7899684,-0.047507,-0.807817,-0.567889,-0.150589
7908017,-0.050130,-0.809168,-0.568028,-0.141699
7916350,-0.055733,-0.810343,-0.568799,-0.129251
7924683,-0.055877,-0.812689,-0.567997,-0.117444
7933016,-0.067110,-0.809709,-0.571861,-0.113329
7941349,-0.069918,-0.808289,-0.574127,-0.110264
7949682,-0.076803,-0.807971,-0.575787,-0.098758
7958015,-0.084026,-0.807180,-0.578274,-0.083661
7966348,-0.091366,-0.805825,-0.580699,-0.071314
7974681,-0.092426,-0.804713,-0.582599,-0.066876
7983014,-0.094283,-0.803194,-0.585350,-0.057924
7991347,-0.093521,-0.803183,-0.586277,-0.049307
7999680,-0.094915,-0.802540,-0.587677,-0.039459
8008013,-0.098093,-0.801997,-0.588513,-0.028840
8016346,-0.099722,-0.799608,-0.591877,-0.019076
8024679,-0.100239,-0.798145,-0.594011,-0.008184
8033011,-0.099254,-0.798178,-0.594186,-0.001831
8041345,-0.100355,-0.796709,-0.595928,0.007356
8049678,-0.102256,-0.795429,-0.597157,0.015477
8058011,-0.105150,-0.794442,-0.597705,0.023536
8066344,-0.109310,-0.791896,-0.599914,0.032484
8074676,-0.113318,-0.791132,-0.599567,0.042296
8083010,-0.111073,-0.791530,-0.599087,0.047302
8091343,-0.114358,-0.787130,-0.603830,0.052319
8099676,-0.123509,-0.780931,-0.609616,0.057111
8108009,-0.126485,-0.776529,-0.614381,0.059499
8116341,-0.130393,-0.772624,-0.618297,0.061311
8124675,-0.132474,-0.766743,-0.624936,0.063328
8133008,-0.133404,-0.759174,-0.634206,0.060336
8141341,-0.134717,-0.752183,-0.642676,0.055134
8149674,-0.132744,-0.744777,-0.652048,0.050206
8158007,-0.128564,-0.738668,-0.659863,0.049208
8166340,-0.129131,-0.730012,-0.669435,0.047578
8174673,-0.127153,-0.723797,-0.676891,0.042057
8183006,-0.122454,-0.717360,-0.684913,0.035971
8191338,-0.116976,-0.712295,-0.691439,0.029407
8199672,-0.110704,-0.706453,-0.698588,0.025343
8208005,-0.103161,-0.701007,-0.705404,0.018746
8216338,-0.092770,-0.697057,-0.710922,0.009757
8224671,-0.083360,-0.692869,-0.716224,0.002529
8233003,-0.073926,-0.688040,-0.721881,-0.004870
8241337,-0.062540,-0.682614,-0.727968,-0.013764
8249670,-0.051800,-0.678112,-0.732850,-0.020296
8258003,-0.039901,-0.673576,-0.737442,-0.029726
8266336,-0.025586,-0.669723,-0.741015,-0.041390
8274668,-0.017076,-0.664558,-0.745571,-0.046854
8283002,-0.006848,-0.661481,-0.748031,-0.053337
8291335,0.008194,-0.657831,-0.750338,-0.064682
8299668,0.021577,-0.654624,-0.752241,-0.071668
8308001,0.035444,-0.651964,-0.753192,-0.079922
8316333,0.049945,-0.648685,-0.754210,-0.088774
8324667,0.064750,-0.645353,-0.755147,-0.095289
8333000,0.080938,-0.643882,-0.753855,-0.102796
8341333,0.095497,-0.642829,-0.752421,-0.107307
8349666,0.111055,-0.641799,-0.749967,-0.115369
8357998,0.123357,-0.641727,-0.747388,-0.119919
8366332,0.137729,-0.641843,-0.743828,-0.125651
8374665,0.151384,-0.643979,-0.738338,-0.131268
8382998,0.168230,-0.644792,-0.732587,-0.138772
8391331,0.182488,-0.647150,-0.726326,-0.142636
8399664,0.195357,-0.648810,-0.720591,-0.147075
8407997,0.204434,-0.649801,-0.717026,-0.147782
8416330,0.214145,-0.651951,-0.711664,-0.150450
8424663,0.220720,-0.655062,-0.706783,-0.150447
8432996,0.230810,-0.656838,-0.701092,-0.154146
8441329,0.233534,-0.658361,-0.698907,-0.153466
8449662,0.237998,-0.660916,-0.695120,-0.152820
8457995,0.239525,-0.663199,-0.692488,-0.152495
8466328,0.239365,-0.665789,-0.690362,-0.151094
8474661,0.239660,-0.667555,-0.688603,-0.150859
8482994,0.237684,-0.670957,-0.686067,-0.150450
8491327,0.233450,-0.674089,-0.685161,-0.147175
8499660,0.226860,-0.677662,-0.684924,-0.142084
8507993,0.218916,-0.680075,-0.686142,-0.137053
8516326,0.206260,-0.684064,-0.687422,-0.130245
8524659,0.192039,-0.688066,-0.689442,-0.119814
8532992,0.174298,-0.690323,-0.693955,-0.107245
8541325,0.156766,-0.691991,-0.698408,-0.093807
8549658,0.140457,-0.693340,-0.702239,-0.080071
8557991,0.124009,-0.695140,-0.704841,-0.067830
8566324,0.108644,-0.695459,-0.708025,-0.056878
8574657,0.098114,-0.697955,-0.707573,-0.050721
8582990,0.089235,-0.701486,-0.705684,-0.044317
8591323,0.080840,-0.704736,-0.703876,-0.037022
8599656,0.074176,-0.706634,-0.702964,-0.031756
8607989,0.066022,-0.711283,-0.699351,-0.025012
8616322,0.058833,-0.717287,-0.694041,-0.018572
8624655,0.054853,-0.724068,-0.687398,-0.014158
8632988,0.050969,-0.729081,-0.682414,-0.012429
8641321,0.049127,-0.734346,-0.676846,-0.014196
8649654,0.047298,-0.741150,-0.669414,-0.018561
8657987,0.040614,-0.746511,-0.663827,-0.020121
8666320,0.036670,-0.750476,-0.659377,-0.025738
8674653,0.032937,-0.755285,-0.653860,-0.030424
8682986,0.024368,-0.759907,-0.648773,-0.032248
8691319,0.017634,-0.763778,-0.644229,-0.036065
8699652,0.008425,-0.767048,-0.640283,-0.040043
8707985,0.001924,-0.770315,-0.636055,-0.045213
8716318,-0.007445,-0.772312,-0.633297,-0.049137
8724651,-0.018096,-0.775746,-0.628773,-0.050358
8732984,-0.026926,-0.779163,-0.623530,-0.058224
8741317,-0.038584,-0.781104,-0.620275,-0.060385
8749650,-0.048745,-0.784033,-0.615343,-0.065330
8757983,-0.058605,-0.786265,-0.610903,-0.071773
8766316,-0.070020,-0.790133,-0.604249,-0.075298
8774649,-0.077749,-0.789759,-0.602559,-0.084606
8782982,-0.088995,-0.789878,-0.600127,-0.089560
8791315,-0.099121,-0.791655,-0.595536,-0.093776
8799648,-0.105696,-0.791531,-0.592762,-0.104598
8807981,-0.114801,-0.792260,-0.589472,-0.108016
8816314,-0.119291,-0.792682,-0.585692,-0.119956
8824647,-0.122007,-0.791947,-0.583102,-0.133887
8832980,-0.127473,-0.791967,-0.580308,-0.140647
8841313,-0.132169,-0.791739,-0.577633,-0.148391
8849646,-0.135383,-0.789654,-0.576939,-0.158933
8857979,-0.136809,-0.788028,-0.576435,-0.167388
8866312,-0.140488,-0.785611,-0.576297,-0.175958
8874645,-0.143316,-0.782235,-0.577459,-0.184689
8882978,-0.143743,-0.778656,-0.578745,-0.195160
8891311,-0.144692,-0.775323,-0.579657,-0.204785
8899644,-0.145813,-0.771415,-0.581450,-0.213479
8907977,-0.149475,-0.767195,-0.583250,-0.221107
8916310,-0.154787,-0.764693,-0.584786,-0.222059
8924643,-0.156819,-0.761447,-0.585775,-0.229073
8932976,-0.158805,-0.758494,-0.586564,-0.235396
8941309,-0.164768,-0.756580,-0.586470,-0.237678
8949642,-0.169642,-0.753607,-0.587179,-0.241905
8957975,-0.172908,-0.753455,-0.585917,-0.243124
8966308,-0.173070,-0.753355,-0.584539,-0.246613
8974641,-0.178296,-0.752096,-0.583735,-0.248627
8982974,-0.182320,-0.753053,-0.581352,-0.248395
8991307,-0.186187,-0.754314,-0.578434,-0.248512
8999640,-0.187963,-0.754262,-0.577154,-0.250303
9007973,-0.190044,-0.755232,-0.574970,-0.250834
9016306,-0.190609,-0.756024,-0.573066,-0.252370
9024639,-0.194481,-0.758654,-0.569795,-0.248907
9032972,-0.196358,-0.761235,-0.566168,-0.247829
9041305,-0.194545,-0.761837,-0.564343,-0.251542
9049638,-0.192482,-0.763141,-0.562701,-0.252851
9057971,-0.192777,-0.764394,-0.561136,-0.252321
9066304,-0.191262,-0.765808,-0.558917,-0.254104
9074637,-0.188752,-0.767351,-0.557816,-0.253743
9082970,-0.188561,-0.769305,-0.556798,-0.250180
9091303,-0.184659,-0.770764,-0.555203,-0.252139
9099636,-0.181904,-0.772635,-0.554700,-0.249507
9107969,-0.178361,-0.774009,-0.554163,-0.249001
9116302,-0.174882,-0.777454,-0.551753,-0.246070
9124635,-0.170681,-0.778258,-0.553134,-0.243362
9132968,-0.162396,-0.777729,-0.555320,-0.245731
9141301,-0.155635,-0.778873,-0.556595,-0.243589
9149634,-0.148696,-0.780328,-0.557788,-0.240519
9157967,-0.138004,-0.779762,-0.561786,-0.239422
9166300,-0.127954,-0.776873,-0.567093,-0.241871
9174633,-0.121292,-0.775948,-0.571118,-0.238782
9182966,-0.111118,-0.774547,-0.576030,-0.236473
9191299,-0.102866,-0.773203,-0.581326,-0.231593
9199632,-0.093038,-0.770087,-0.587674,-0.230107
9207965,-0.083894,-0.767749,-0.592749,-0.228410
9216298,-0.076256,-0.766791,-0.597793,-0.221042
9224631,-0.065751,-0.765247,-0.602654,-0.216523
9232964,-0.059068,-0.763987,-0.607374,-0.209597
9241297,-0.054889,-0.764287,-0.611109,-0.198490
9249630,-0.052291,-0.764951,-0.614925,-0.184343
9257963,-0.052504,-0.765767,-0.619450,-0.164699
9266296,-0.048764,-0.766134,-0.623350,-0.148649
9274629,-0.046419,-0.767364,-0.626944,-0.126250
9282962,-0.043198,-0.767124,-0.630762,-0.108599
9291295,-0.040342,-0.768378,-0.632980,-0.085469
9299628,-0.029226,-0.769676,-0.633521,-0.073457
9307961,-0.017870,-0.770180,-0.634328,-0.064274
9316294,-0.008088,-0.771789,-0.633284,-0.056816
9324627,0.000732,-0.774173,-0.631227,-0.046996
9332960,0.009036,-0.776114,-0.629592,-0.034331
9341293,0.019077,-0.778204,-0.627167,-0.026406
9349626,0.025956,-0.781619,-0.623035,-0.015008
9357959,0.033204,-0.784136,-0.619650,-0.007847
9366292,0.040649,-0.785572,-0.617432,0.000830
9374625,0.049803,-0.786033,-0.616158,0.004600
9382958,0.054009,-0.786515,-0.615163,0.007182
9391291,0.061795,-0.786864,-0.613954,0.009343
9399624,0.065644,-0.785429,-0.615355,0.011421
9407957,0.073403,-0.783836,-0.616452,0.014139
9416290,0.074989,-0.778448,-0.623022,0.015471
9424623,0.080384,-0.775531,-0.626012,0.014109
9432956,0.083624,-0.771574,-0.630447,0.014755
9441289,0.085962,-0.767098,-0.635472,0.018597
9449622,0.089922,-0.761652,-0.641523,0.015757
9457955,0.093348,-0.756974,-0.646534,0.016424
9466288,0.093658,-0.750686,-0.653805,0.015422
9474621,0.096541,-0.745020,-0.659850,0.014920
9482954,0.101456,-0.739258,-0.665667,0.009601
9491287,0.106240,-0.733048,-0.671811,0.004884
9499620,0.110269,-0.726815,-0.677924,0.000787
9507953,0.112958,-0.721652,-0.682963,-0.004632
9516286,0.115689,-0.715439,-0.688936,-0.011404
9524619,0.118881,-0.708992,-0.694903,-0.017560
9532952,0.121315,-0.703300,-0.700019,-0.025012
9541285,0.124767,-0.696193,-0.706248,-0.031008
9549618,0.126806,-0.689611,-0.712057,-0.036495
9557951,0.127884,-0.683205,-0.717751,-0.041352
9566284,0.130271,-0.676566,-0.723273,-0.046522
9574617,0.131684,-0.671154,-0.727675,-0.051963
9582950,0.133909,-0.663217,-0.733777,-0.061505
9591283,0.137106,-0.658153,-0.737447,-0.064867
9599616,0.139483,-0.653029,-0.741269,-0.067959
9607949,0.140405,-0.649188,-0.744250,-0.070244
9616282,0.142660,-0.645370,-0.746670,-0.075034
9624615,0.145041,-0.642991,-0.748032,-0.077286
9632948,0.148504,-0.641935,-0.747879,-0.080891
9641281,0.150930,-0.640308,-0.748300,-0.085282
9649614,0.153930,-0.639537,-0.748154,-0.086970
9657947,0.157931,-0.639332,-0.747250,-0.089050
9666280,0.164053,-0.639786,-0.745167,-0.092129
9674613,0.167582,-0.641657,-0.742476,-0.094457
9682946,0.166539,-0.642409,-0.741790,-0.096553
9691279,0.168410,-0.644946,-0.739166,-0.096520
9699612,0.171480,-0.648281,-0.735506,-0.096734
9707945,0.171999,-0.651900,-0.732111,-0.097242
9716278,0.171703,-0.655903,-0.728648,-0.096857
9724611,0.170224,-0.659392,-0.725630,-0.098419
9732944,0.168015,-0.663871,-0.722059,-0.098370
9741277,0.163314,-0.668524,-0.718888,-0.097997
9749610,0.159291,-0.673938,-0.714884,-0.096823
9757943,0.155750,-0.677763,-0.711753,-0.098927
9766276,0.148673,-0.681503,-0.709612,-0.099504
9774609,0.140232,-0.685260,-0.707836,-0.098598
9782942,0.128606,-0.689115,-0.706440,-0.097588
9791275,0.111292,-0.693268,-0.705845,-0.093685
9799608,0.093570,-0.697483,-0.705068,-0.087413
9807941,0.073402,-0.698887,-0.706783,-0.081407
9816274,0.052357,-0.700933,-0.707519,-0.073268
9824607,0.030903,-0.703855,-0.707247,-0.058608
9832940,0.015867,-0.703198,-0.708465,-0.057779
9841273,0.001928,-0.705676,-0.706889,-0.048222
9849606,-0.008644,-0.707932,-0.705038,-0.040968
9857939,-0.019116,-0.711096,-0.702199,-0.029905
9866272,-0.024738,-0.714378,-0.698828,-0.026289
9874605,-0.032357,-0.716861,-0.696192,-0.019514
9882938,-0.038193,-0.723145,-0.689607,-0.006655
9891271,-0.043106,-0.725124,-0.687125,-0.014028
9899604,-0.049938,-0.728335,-0.683207,-0.016175
9907937,-0.063182,-0.730258,-0.680111,-0.013409
9916270,-0.073098,-0.734364,-0.674790,-0.004894
9924603,-0.079938,-0.737103,-0.671035,-0.000482
9932936,-0.090155,-0.740307,-0.666168,0.006184
9941269,-0.095928,-0.743071,-0.662270,0.006468
9949602,-0.103490,-0.746943,-0.656691,0.011084
9957935,-0.112306,-0.749751,-0.651914,0.016395
9966268,-0.128024,-0.752935,-0.644343,0.039013
9974601,-0.132499,-0.755419,-0.640886,0.032422
9982934,-0.143681,-0.758814,-0.633640,0.045354
9991267,-0.145710,-0.763211,-0.627655,0.048247
9999600,-0.155608,-0.764879,-0.623256,0.047944
10007933,-0.172987,-0.764911,-0.617645,0.059172
10016266,-0.183086,-0.767256,-0.611180,0.065243
10024599,-0.178963,-0.769768,-0.611208,0.043054
10032932,-0.194066,-0.770485,-0.604123,0.061049
10041265,-0.200888,-0.774534,-0.595719,0.069717
10049598,-0.211925,-0.774890,-0.591074,0.072562
10057931,-0.220959,-0.774964,-0.587982,0.069900
10066264,-0.226412,-0.776405,-0.584122,0.068802
10074597,-0.232304,-0.777735,-0.580368,0.065855
10082930,-0.230624,-0.780029,-0.579639,0.048846
10091263,-0.234232,-0.781118,-0.577305,0.041343
10099596,-0.241881,-0.781977,-0.573014,0.040752
10107929,-0.248010,-0.783288,-0.568620,0.040265
10116262,-0.251685,-0.785162,-0.564358,0.040919
10124595,-0.261203,-0.784851,-0.560679,0.037685
10132928,-0.266726,-0.785413,-0.557499,0.034345
10141261,-0.271813,-0.788167,-0.550687,0.040680
10149594,-0.279918,-0.788210,-0.546641,0.039437
10157927,-0.283178,-0.788809,-0.544644,0.030891
10166260,-0.287587,-0.789744,-0.540988,0.030506
10174593,-0.288255,-0.792356,-0.536882,0.028974
10182926,-0.286919,-0.792842,-0.537416,0.016235
10191259,-0.289774,-0.794514,-0.533498,0.012598
10199592,-0.293453,-0.794666,-0.531323,0.009313
10207925,-0.292606,-0.796268,-0.529471,0.000179
10216258,-0.292727,-0.797454,-0.527568,-0.006995
10224591,-0.292351,-0.796501,-0.529030,-0.015630
10232924,-0.289840,-0.796520,-0.529976,-0.025965
10241257,-0.284759,-0.796099,-0.532676,-0.037344
10249590,-0.282126,-0.794935,-0.535140,-0.045920
10257923,-0.278837,-0.793426,-0.537946,-0.057785
10266256,-0.274026,-0.791090,-0.542238,-0.071169
10274589,-0.268196,-0.790030,-0.545181,-0.081859
10282922,-0.261029,-0.788698,-0.548798,-0.092951
10291255,-0.251928,-0.785559,-0.555435,-0.104509
10299588,-0.245720,-0.781641,-0.561770,-0.114340
10307921,-0.237107,-0.779207,-0.567080,-0.122625
10316254,-0.228209,-0.775948,-0.572844,-0.132944
10324587,-0.217979,-0.772574,-0.578945,-0.142960
10332920,-0.210873,-0.769909,-0.583636,-0.148803
10341253,-0.200494,-0.766407,-0.589755,-0.156882
10349586,-0.190937,-0.763817,-0.594564,-0.163155
10357919,-0.177440,-0.760855,-0.600772,-0.169376
10366252,-0.169975,-0.756123,-0.607168,-0.175308
10374585,-0.161141,-0.753215,-0.612146,-0.178824
10382918,-0.151766,-0.752761,-0.615594,-0.177093
10391251,-0.138120,-0.748933,-0.621212,-0.184714
10399584,-0.130116,-0.748144,-0.624561,-0.182412
10407917,-0.118555,-0.747526,-0.627272,-0.183519
10416250,-0.106492,-0.746957,-0.630280,-0.182923
10424583,-0.095052,-0.747665,-0.631757,-0.181232
10432916,-0.083416,-0.746528,-0.634820,-0.180945
10441249,-0.073526,-0.747146,-0.636234,-0.177684
10449582,-0.064723,-0.750928,-0.633833,-0.173704
10457915,-0.053354,-0.752370,-0.633444,-0.172747
10466248,-0.047154,-0.756735,-0.631449,-0.162480
10474581,-0.038325,-0.759740,-0.629163,-0.159622
10482914,-0.030861,-0.763211,-0.626144,-0.156527
10491247,-0.020883,-0.764779,-0.624536,-0.156946
10499580,-0.011212,-0.767706,-0.621306,-0.156461
10507913,-0.002914,-0.769352,-0.619286,-0.156757
10516246,0.006913,-0.769374,-0.619016,-0.157593
10524579,0.015612,-0.770148,-0.618431,-0.155471
10532912,0.024877,-0.769719,-0.619214,-0.153259
10541245,0.033502,-0.768761,-0.620907,-0.149530
10549578,0.042744,-0.768401,-0.621282,-0.147452
10557911,0.053861,-0.766181,-0.623208,-0.147234
10566244,0.062221,-0.764548,-0.625272,-0.143628
10574577,0.071114,-0.761772,-0.628235,-0.141306
10582910,0.079676,-0.761517,-0.628731,-0.135798
10591243,0.087033,-0.759312,-0.631737,-0.129530
10599576,0.094796,-0.756993,-0.634125,-0.125939
10607909,0.102741,-0.754371,-0.636488,-0.123503
10616242,0.111091,-0.752179,-0.638767,-0.117737
10624575,0.117691,-0.750231,-0.640597,-0.113741
10632908,0.122740,-0.748941,-0.641880,-0.109600
10641241,0.128259,-0.747445,-0.643235,-0.105475
10649574,0.132866,-0.746183,-0.644204,-0.102756
10657907,0.137154,-0.744969,-0.645150,-0.099958
10666240,0.141074,-0.744439,-0.645248,-0.097790
10674573,0.145725,-0.743353,-0.645580,-0.097042
10682906,0.150024,-0.742474,-0.645764,-0.095986
10691239,0.152277,-0.742865,-0.645002,-0.094531
10699572,0.155229,-0.742179,-0.645032,-0.094910
10707905,0.156184,-0.741615,-0.645463,-0.094825
10716238,0.159130,-0.741738,-0.644600,-0.094834
10724571,0.160360,-0.741215,-0.644899,-0.094815
10732904,0.162693,-0.742118,-0.643333,-0.094421
10741237,0.165396,-0.741235,-0.643352,-0.096506
10749570,0.165944,-0.741272,-0.642952,-0.097938
10757903,0.166009,-0.741935,-0.642310,-0.097015
10766236,0.165394,-0.742223,-0.641765,-0.099431
10774569,0.165343,-0.743420,-0.640282,-0.100140
10782902,0.166706,-0.744312,-0.638976,-0.099596
10791235,0.166518,-0.744706,-0.638334,-0.101073
10799568,0.166225,-0.745782,-0.636962,-0.102269
10807901,0.169027,-0.745158,-0.636010,-0.107985
10816234,0.168356,-0.745794,-0.634797,-0.111713
10824567,0.164268,-0.746763,-0.635147,-0.109314
10832900,0.162091,-0.747749,-0.634424,-0.110018
10841233,0.159811,-0.747745,-0.634609,-0.112292
10849566,0.157431,-0.748491,-0.633920,-0.114555
10857899,0.155556,-0.749244,-0.633124,-0.116575
10866232,0.155063,-0.748600,-0.633277,-0.120478
10874565,0.151383,-0.750443,-0.631860,-0.121127
10882898,0.149674,-0.751927,-0.629710,-0.125174
10891231,0.146962,-0.753881,-0.627584,-0.127298
10899564,0.144430,-0.754730,-0.626651,-0.129734
10907897,0.142802,-0.755492,-0.625352,-0.133321
10916230,0.140635,-0.756800,-0.623622,-0.136275
10924563,0.137862,-0.758907,-0.621303,-0.137974
10932896,0.135801,-0.760453,-0.619127,-0.141247
10941229,0.132066,-0.763464,-0.616970,-0.137948
10949562,0.130223,-0.765197,-0.614304,-0.141941
10957895,0.129553,-0.768160,-0.609828,-0.145795
10966228,0.130658,-0.772868,-0.603105,-0.147879
10974561,0.130243,-0.776667,-0.597635,-0.150525
10982894,0.129255,-0.780885,-0.591278,-0.154604
10991227,0.127050,-0.786347,-0.585124,-0.152139
10999560,0.126957,-0.792637,-0.576315,-0.153201
11007893,0.128341,-0.797205,-0.567461,-0.161182
11016226,0.127813,-0.802527,-0.558208,-0.167389
11024559,0.125812,-0.808580,-0.548808,-0.170817
11032892,0.123635,-0.814780,-0.539430,-0.172811
11041225,0.123840,-0.819599,-0.528029,-0.184680
11049558,0.122262,-0.825127,-0.518281,-0.188685
11057891,0.119776,-0.829447,-0.508757,-0.197072
11066224,0.116075,-0.833782,-0.499813,-0.203767
11074557,0.111306,-0.837416,-0.492177,-0.210015
11082890,0.104093,-0.840876,-0.484499,-0.217606
11091223,0.097969,-0.843019,-0.478251,-0.225825
11099556,0.092592,-0.845346,-0.472145,-0.232155
11107889,0.084100,-0.847966,-0.467387,-0.235436
11116222,0.074967,-0.849834,-0.464334,-0.237815
11124555,0.066677,-0.850781,-0.460778,-0.243742
11132888,0.057932,-0.851163,-0.458425,-0.249022
11141221,0.048318,-0.852106,-0.455765,-0.252704
11149554,0.038647,-0.853368,-0.452994,-0.255081
11157887,0.029416,-0.853081,-0.451581,-0.259735
11166220,0.022342,-0.852983,-0.448069,-0.266749
11174553,0.015151,-0.852358,-0.445969,-0.272705
11182886,0.008121,-0.851272,-0.444405,-0.278879
11191219,0.000613,-0.851530,-0.441088,-0.283439
11199552,-0.008000,-0.852620,-0.437623,-0.285415
11207885,-0.013934,-0.850363,-0.436429,-0.293629
11216218,-0.022849,-0.850578,-0.433845,-0.296265
11224551,-0.031342,-0.852207,-0.429532,-0.297090
11232884,-0.036131,-0.851531,-0.425783,-0.303807
11241217,-0.043866,-0.853109,-0.422074,-0.303535
11249550,-0.048607,-0.852272,-0.419663,-0.308467
11257883,-0.055021,-0.852540,-0.414984,-0.312947
11266216,-0.060125,-0.853058,-0.410452,-0.316554
11274549,-0.064694,-0.853167,-0.405589,-0.321587
11282882,-0.064720,-0.851025,-0.401475,-0.332244
11291215,-0.068985,-0.851423,-0.397026,-0.335693
11299548,-0.074360,-0.853427,-0.393051,-0.334132
11307881,-0.076692,-0.854095,-0.388355,-0.337373
11316214,-0.081068,-0.855888,-0.383938,-0.336862
11324547,-0.081889,-0.855051,-0.381266,-0.341786
11332880,-0.082119,-0.855000,-0.377116,-0.346432
11341213,-0.083924,-0.855720,-0.374748,-0.346792
11349546,-0.085553,-0.856066,-0.372260,-0.348216
11357879,-0.087815,-0.857339,-0.368732,-0.348274
11366212,-0.088473,-0.857263,-0.366513,-0.350628
11374545,-0.089735,-0.856754,-0.365599,-0.352501
11382878,-0.089719,-0.857369,-0.362012,-0.354706
11391211,-0.089264,-0.856499,-0.361534,-0.357399
11399544,-0.089405,-0.855937,-0.360421,-0.359827
11407877,-0.089673,-0.856183,-0.359633,-0.359962
11416210,-0.089089,-0.857110,-0.357504,-0.360023
11424543,-0.086409,-0.856140,-0.356791,-0.363674
11432876,-0.087402,-0.857489,-0.355193,-0.361816
11441209,-0.088067,-0.858793,-0.353681,-0.360039
11449542,-0.086958,-0.857558,-0.354665,-0.362276
11457875,-0.085129,-0.857415,-0.355147,-0.362579
11466208,-0.083198,-0.857672,-0.353558,-0.363968
11474541,-0.083501,-0.859067,-0.352651,-0.361483
11482874,-0.084114,-0.861985,-0.351682,-0.355285
11491207,-0.081063,-0.861291,-0.352567,-0.356795
11499540,-0.080145,-0.863640,-0.350601,-0.353244
11507873,-0.079055,-0.864621,-0.350213,-0.351471
11516206,-0.079665,-0.867485,-0.348873,-0.345559
11524539,-0.078976,-0.870737,-0.345851,-0.340539
11532872,-0.077713,-0.873846,-0.342896,-0.335820
11541205,-0.076553,-0.878339,-0.336551,-0.330747
11549538,-0.074873,-0.882835,-0.330282,-0.325438
11557871,-0.073300,-0.888302,-0.322277,-0.318880
11566204,-0.070828,-0.894657,-0.312668,-0.311144
11574537,-0.065938,-0.900153,-0.300546,-0.308299
11582870,-0.062965,-0.905884,-0.287759,-0.304308
11591203,-0.061102,-0.912701,-0.273707,-0.297201
11599536,-0.059037,-0.919762,-0.258218,-0.289613
11607869,-0.053188,-0.925615,-0.244316,-0.284108
11616202,-0.048805,-0.929775,-0.231104,-0.282360
11624535,-0.047847,-0.935324,-0.215607,-0.276395
11632868,-0.046904,-0.940270,-0.200839,-0.270843
11641201,-0.041949,-0.945009,-0.185881,-0.265794
11649534,-0.039254,-0.949164,-0.173035,-0.260011
11657867,-0.038782,-0.953366,-0.158675,-0.253793
11666200,-0.039629,-0.957050,-0.145501,-0.247619
11674533,-0.040173,-0.960240,-0.133343,-0.241961
11682866,-0.039524,-0.964231,-0.118032,-0.234021
11691199,-0.041295,-0.966679,-0.105171,-0.229708
11699532,-0.044498,-0.969079,-0.092332,-0.224457
11707865,-0.045838,-0.971143,-0.079667,-0.220077
11716198,-0.048662,-0.972647,-0.066039,-0.217320
11724531,-0.052321,-0.974227,-0.050085,-0.213625
11732864,-0.057218,-0.976380,-0.032541,-0.205788
11741197,-0.061071,-0.975206,-0.016565,-0.212062
11749530,-0.063406,-0.968654,0.001541,-0.240181
11757863,-0.066249,-0.959756,0.022476,-0.271983
11766196,-0.070898,-0.952946,0.044895,-0.291294
11774529,-0.081276,-0.947192,0.068660,-0.302501
11782862,-0.092156,-0.944105,0.096003,-0.301589
11791195,-0.104191,-0.937960,0.117415,-0.309175
11799528,-0.118195,-0.932459,0.139360,-0.311656
11807861,-0.136395,-0.928226,0.157547,-0.308175
11816194,-0.152072,-0.928009,0.174549,-0.291900
11824527,-0.167691,-0.926705,0.185032,-0.280822
11832860,-0.179915,-0.926091,0.191919,-0.270469
11841193,-0.186725,-0.928010,0.199039,-0.253603
11849526,-0.192322,-0.930125,0.203240,-0.237853
11857859,-0.195876,-0.932546,0.205564,-0.223011
11866192,-0.196221,-0.936423,0.209530,-0.201759
11874525,-0.197045,-0.939405,0.212125,-0.183561
11882858,-0.198103,-0.941848,0.212540,-0.168829
11891191,-0.196901,-0.944128,0.217410,-0.150282
11899524,-0.195877,-0.945471,0.222775,-0.134491
11907857,-0.195167,-0.945784,0.228596,-0.123066
11916190,-0.195229,-0.944211,0.238880,-0.115274
11924523,-0.196916,-0.941430,0.249980,-0.111548
11932856,-0.199703,-0.938176,0.258897,-0.113647
11941189,-0.200619,-0.934466,0.271836,-0.112386
11949522,-0.202833,-0.930063,0.285200,-0.111818
11957855,-0.206698,-0.925148,0.296586,-0.115820
11966188,-0.210034,-0.919863,0.308712,-0.120148
11974521,-0.212855,-0.914850,0.321234,-0.120625
11982854,-0.214558,-0.910319,0.332251,-0.122043
11991187,-0.217540,-0.905513,0.343176,-0.122281
11999520,-0.218558,-0.901328,0.352976,-0.123483
12007853,-0.219454,-0.896994,0.363362,-0.123326
12016186,-0.221547,-0.892877,0.371453,-0.125340
12024519,-0.219389,-0.890314,0.380606,-0.119789
12032852,-0.218930,-0.886390,0.390681,-0.117267
12041185,-0.221701,-0.882173,0.397162,-0.121987
12049518,-0.217305,-0.879779,0.407983,-0.110982
12057851,-0.217102,-0.875715,0.417653,-0.107498
12066184,-0.220839,-0.871619,0.422770,-0.113032
12074517,-0.219328,-0.867204,0.433652,-0.108621
12082850,-0.216838,-0.862597,0.445037,-0.104162
12091183,-0.213443,-0.857412,0.458096,-0.097131
12099516,-0.217075,-0.851169,0.467150,-0.100804
12107849,-0.218334,-0.845729,0.476420,-0.100480
12116182,-0.214415,-0.840958,0.488634,-0.089741
12124515,-0.211612,-0.835084,0.501454,-0.079987
12132848,-0.211172,-0.828479,0.512168,-0.081929
12141181,0.211531,0.822594,-0.521818,0.079378
12149514,0.210171,0.815760,-0.533691,0.074414
12157847,0.206793,0.809230,-0.545378,0.070329
12166180,0.206376,0.802642,-0.555149,0.070597
12174513,0.207053,0.794800,-0.566145,0.070009
12182846,0.204599,0.787872,-0.577208,0.065018
12191179,0.204138,0.781236,-0.586504,0.063337
12199512,0.202003,0.773987,-0.597444,0.056566
12207845,0.201389,0.767113,-0.606750,0.053246
12216178,0.201360,0.759187,-0.616849,0.050849
12224511,-0.200982,-0.751661,0.626587,-0.044729
12232844,-0.200425,-0.744279,0.635832,-0.039943
12241177,-0.204446,-0.737437,0.642295,-0.042955
12249510,-0.206733,-0.731599,0.648225,-0.042754
12257843,-0.206159,-0.726960,0.653822,-0.039302
12266176,-0.212406,-0.720678,0.658124,-0.048791
12274509,-0.215856,-0.717297,0.660650,-0.049310
12282842,-0.219498,-0.714453,0.662650,-0.047674
12291175,-0.223005,-0.709986,0.666135,-0.049533
12299508,-0.225372,-0.706681,0.668377,-0.055511
12307841,-0.224174,-0.705723,0.669988,-0.053082
12316174,-0.223614,-0.704269,0.671822,-0.051543
12324507,-0.227028,-0.703130,0.671622,-0.054679
12332840,-0.227477,-0.702381,0.672479,-0.051843
12341173,-0.227558,-0.700950,0.674239,-0.047846
12349506,-0.230372,-0.699958,0.674289,-0.048176
12357839,-0.231783,-0.699398,0.674606,-0.045005
12366172,-0.230602,-0.698579,0.676293,-0.037915
12374505,-0.229440,-0.697847,0.677825,-0.030340
12382838,-0.229808,-0.696461,0.679257,-0.027196
12391171,-0.232771,-0.694570,0.680201,-0.026782
12399504,-0.236649,-0.692020,0.681468,-0.026572
12407837,-0.238976,-0.689005,0.683814,-0.023683
12416170,-0.240129,-0.687369,0.685158,-0.020517
12424503,-0.239165,-0.685687,0.687316,-0.015185
12432836,-0.240400,-0.683874,0.688731,-0.013216
12441169,-0.240839,-0.681650,0.690851,-0.008637
12449502,-0.241618,-0.679271,0.692963,-0.003807
12457835,-0.243147,-0.676964,0.694693,0.000738
12466168,-0.242169,-0.676141,0.695796,0.007525
12474501,-0.242135,-0.674953,0.696893,0.012228
12482834,-0.241362,-0.673323,0.698576,0.019288
12491167,-0.244705,-0.672545,0.698130,0.020423
12499500,-0.246363,-0.671931,0.698016,0.024242
12507833,-0.245250,-0.670959,0.699000,0.032632
12516166,-0.241991,-0.670182,0.700385,0.041912
12524499,-0.241885,-0.669561,0.700854,0.044530
12532832,-0.246561,-0.668276,0.700646,0.041351
12541165,-0.247988,-0.668211,0.699942,0.045581
12549498,-0.247193,-0.666713,0.701132,0.052942
12557831,-0.247923,-0.665502,0.701766,0.056255
12566164,-0.250164,-0.664412,0.701683,0.060125
12574497,-0.249700,-0.662203,0.704073,0.058460
12582830,-0.248078,-0.660778,0.705505,0.063975
12591163,-0.249961,-0.657584,0.707980,0.062189
12599496,-0.244257,-0.658014,0.709016,0.068203
12607829,-0.246891,-0.655514,0.710772,0.064420
12616162,-0.243133,-0.651532,0.715453,0.067225
12624495,-0.241931,-0.650271,0.717025,0.067024
12632828,-0.240701,-0.645508,0.721678,0.067557
12641161,-0.239515,-0.642305,0.724649,0.070430
12649494,-0.220376,-0.636826,0.734406,0.080842
12657827,-0.220215,-0.632143,0.738290,0.082632
12666160,-0.219290,-0.627854,0.741967,0.084827
12674493,-0.210066,-0.621468,0.749020,0.092837
12682826,-0.205022,-0.617184,0.753177,0.098865
12691159,-0.196274,-0.611086,0.759573,0.105350
12699492,-0.196778,-0.605234,0.763978,0.106334
12707825,-0.188416,-0.594271,0.773415,0.114762
12716158,-0.184334,-0.585229,0.780991,0.116539
12724491,-0.179574,-0.577275,0.786720,0.124813
12732824,0.174729,0.562619,-0.797687,-0.128942
12741157,0.179932,0.550571,-0.805356,-0.126089
12749490,0.173813,0.538219,-0.813674,-0.134328
12757823,0.167259,0.525631,-0.822517,-0.138574
12766156,0.166707,0.512910,-0.830099,-0.141658
12774489,0.161743,0.498466,-0.839280,-0.144844
12782822,0.162398,0.485294,-0.846334,-0.147770
12791155,0.157880,0.471024,-0.854618,-0.151121
12799488,0.157104,0.458732,-0.860808,-0.154575
12807821,0.160760,0.445076,-0.866776,-0.157362
12816154,0.153578,0.431470,-0.873449,-0.165333
12824487,0.151886,0.417276,-0.880512,-0.165860
12832820,0.152733,0.402665,-0.886770,-0.167847
12841153,0.149385,0.388315,-0.893112,-0.171017
12849486,0.150870,0.374778,-0.898285,-0.172814
12857819,0.156452,0.361777,-0.903128,-0.170293
12866152,0.153005,0.347773,-0.909479,-0.168796
12874485,0.145751,0.337905,-0.915310,-0.163661
12882818,0.140187,0.331674,-0.920257,-0.153187
12891151,0.127513,0.311124,-0.930145,-0.147558
12899484,0.121082,0.300371,-0.936520,-0.134339
12907817,0.114618,0.292945,-0.941615,-0.120028
12916150,0.099993,0.280613,-0.948133,-0.110914
12924483,0.092178,0.266381,-0.954383,-0.098474
12932816,0.077886,0.257652,-0.958365,-0.095317
12941149,0.064650,0.243720,-0.963191,-0.093190
12949482,0.055162,0.232781,-0.966620,-0.091741
12957815,0.049240,0.226304,-0.968267,-0.093915
12966148,0.043806,0.219257,-0.969003,-0.105078
12974481,0.039114,0.213499,-0.969107,-0.117128
12982814,0.045655,0.214545,-0.967558,-0.125369
12991147,0.080392,0.243403,-0.958008,-0.128501
12999480,0.075207,0.237449,-0.957373,-0.146282
13007813,0.069696,0.226038,-0.957695,-0.163921
13016146,0.073663,0.241855,-0.951771,-0.173815
13024479,0.084174,0.255289,-0.945376,-0.184406
13032812,0.091692,0.262375,-0.941395,-0.191124
13041145,0.097978,0.264156,-0.938341,-0.200345
13049478,0.097317,0.265240,-0.935872,-0.210524
13057811,0.100521,0.271154,-0.932297,-0.217240
13066144,0.115138,0.268775,-0.930260,-0.221629
13074477,0.115756,0.267222,-0.928037,-0.232252
13082810,0.138524,0.275885,-0.924332,-0.224299
13091143,0.146196,0.267286,-0.923746,-0.232118
13099476,0.159956,0.258916,-0.923327,-0.234188
13107809,0.190515,0.257307,-0.918901,-0.230473
13116142,0.231874,0.252083,-0.913491,-0.219596
13124475,0.238664,0.231263,-0.917516,-0.218451
13132808,0.256472,0.217172,-0.915943,-0.219333
13141141,0.286618,0.209850,-0.911319,-0.208110
13149474,0.321996,0.204763,-0.901725,-0.203181
13157807,0.334734,0.194595,-0.900163,-0.199479
13166140,0.352739,0.190905,-0.894680,-0.196665
13174473,0.370089,0.190907,-0.887888,-0.195559
13182806,0.377067,0.194671,-0.883289,-0.199309
13191139,0.385780,0.206429,-0.876670,-0.200025
13199472,0.400140,0.225882,-0.865485,-0.199499
13207805,0.407302,0.246373,-0.856521,-0.199440
13216138,0.413872,0.268565,-0.847077,-0.197593
13224471,0.402238,0.290077,-0.845715,-0.197042
13232804,0.400415,0.312658,-0.840439,-0.188615
13241137,0.398444,0.333734,-0.835186,-0.179799
13249470,0.400231,0.353957,-0.827569,-0.172219
13257803,0.397055,0.366419,-0.824920,-0.166108
13266136,0.393323,0.377798,-0.822631,-0.160761
13274469,0.395077,0.388061,-0.818168,-0.154674
13282802,0.394129,0.390941,-0.817158,-0.155177
13291135,0.397821,0.391721,-0.814543,-0.157521
13299468,0.403160,0.393354,-0.810719,-0.159589
13307801,0.413786,0.391892,-0.804660,-0.166505
13316134,0.427853,0.393804,-0.793947,-0.177504
13324467,0.439142,0.392674,-0.784977,-0.191761
13332800,0.451981,0.395909,-0.772833,-0.204202
13341133,0.452676,0.400843,-0.764758,-0.222608
13349466,0.446634,0.400740,-0.762356,-0.242362
13357799,0.437609,0.400663,-0.760052,-0.265120
13366132,0.416476,0.403084,-0.762477,-0.287576
13374465,0.397886,0.404439,-0.764505,-0.306020
13382798,0.389816,0.405557,-0.762508,-0.319606
13391131,0.357284,0.394416,-0.776863,-0.336553
13399464,0.343099,0.391338,-0.780823,-0.345620
13407797,0.320924,0.384177,-0.789387,-0.355364
13416130,0.308131,0.371928,-0.796733,-0.363237
13424463,0.296835,0.366636,-0.802706,-0.364871
13432796,0.283008,0.349214,-0.813369,-0.369307
13441129,0.280023,0.335131,-0.821466,-0.366699
13449462,0.284302,0.328059,-0.825364,-0.361005
13457795,0.278540,0.314144,-0.834869,-0.355981
13466128,0.282352,0.302277,-0.841024,-0.348691
13474461,0.299004,0.301177,-0.839752,-0.338683
13482794,0.295534,0.287256,-0.847912,-0.333451
13491127,0.297541,0.278295,-0.853045,-0.326090
13499460,0.300473,0.270752,-0.856691,-0.320140
13507793,0.308893,0.269561,-0.857366,-0.311200
13516126,0.310728,0.266445,-0.858796,-0.308097
13524459,0.306067,0.260143,-0.863349,-0.305413
13532792,0.298762,0.253784,-0.867871,-0.305181
13541125,0.297734,0.253182,-0.868559,-0.304728
13549458,0.298310,0.250720,-0.868480,-0.306421
13557791,0.296028,0.248523,-0.869695,-0.306978
13566124,0.295562,0.248595,-0.869503,-0.307909
13574457,0.299350,0.246853,-0.867659,-0.310840
13582790,0.303958,0.248565,-0.865305,-0.311564
13591123,0.298435,0.249060,-0.867570,-0.310207
13599456,0.300914,0.255693,-0.864800,-0.310149
13607789,0.298964,0.260889,-0.863442,-0.311490
13616122,0.300055,0.265168,-0.861559,-0.312040
13624455,0.298529,0.268654,-0.860796,-0.312627
13632788,0.291756,0.271778,-0.861357,-0.314767
13641121,0.286453,0.275316,-0.861075,-0.317326
13649454,0.287381,0.280805,-0.857960,-0.320101
13657787,0.283958,0.281352,-0.857153,-0.324805
13666120,0.275393,0.281786,-0.857827,-0.329981
13674453,0.271345,0.283399,-0.857400,-0.333049
13682786,0.265375,0.286227,-0.857743,-0.334555
13691119,0.259330,0.288405,-0.858145,-0.336389
13699452,0.261210,0.291088,-0.855776,-0.338650
13707785,0.262254,0.297457,-0.852940,-0.339464
13716118,0.251806,0.290974,-0.858246,-0.339620
13724451,0.248160,0.289152,-0.858598,-0.342954
13732784,0.246590,0.282924,-0.859512,-0.346967
13741117,0.244049,0.276252,-0.864244,-0.342356
13749450,0.244308,0.275168,-0.865548,-0.339740
13757783,0.253362,0.273762,-0.864332,-0.337331
13766116,0.267524,0.279314,-0.858910,-0.335691
13774449,0.270535,0.275475,-0.859992,-0.333674
13782782,0.264202,0.269144,-0.864889,-0.331248
13791115,0.257804,0.265124,-0.868543,-0.329969
13799448,0.250173,0.262401,-0.871780,-0.329483
13807781,0.241588,0.252614,-0.877691,-0.327840
13816114,0.234878,0.246469,-0.882179,-0.325338
13824447,0.232720,0.245820,-0.884346,-0.321476
13832780,0.233404,0.247143,-0.886289,-0.314540
13841113,0.227797,0.241128,-0.892032,-0.306993
13849446,0.227249,0.233715,-0.897097,-0.298247
13857779,0.230258,0.230597,-0.898783,-0.293248
13866112,0.231330,0.229400,-0.900764,-0.287205
13874445,0.238523,0.226935,-0.900956,-0.282640
13882778,0.245051,0.228355,-0.900040,-0.278804
13891111,0.250851,0.229482,-0.898781,-0.276774
13899444,0.251246,0.223898,-0.899879,-0.277422
13907777,0.260945,0.223077,-0.897573,-0.276598
13916110,0.262004,0.219244,-0.898528,-0.275560
13924443,0.266276,0.217176,-0.897463,-0.276571
13932776,0.266982,0.210471,-0.897974,-0.279403
13941109,0.269483,0.206532,-0.897710,-0.280785
13949442,0.273282,0.205189,-0.896431,-0.282181
13957775,0.270587,0.202398,-0.897318,-0.283970
13966108,0.270220,0.201128,-0.896431,-0.287992
13974441,0.279823,0.208019,-0.891424,-0.289465
13982774,0.275855,0.210457,-0.890895,-0.293117
13991107,0.270994,0.211492,-0.890341,-0.298540
13999440,0.256755,0.206644,-0.893163,-0.305999
14007773,0.255999,0.209728,-0.890945,-0.310958
14016106,0.245872,0.209233,-0.891865,-0.316774
14024439,0.242167,0.205841,-0.891214,-0.323607
14032772,0.240852,0.206173,-0.889951,-0.327826
14041105,0.230562,0.202723,-0.891866,-0.332145
14049438,0.229621,0.203834,-0.889597,-0.338148
14057771,0.217001,0.207253,-0.890219,-0.342734
14066104,0.213144,0.212331,-0.888848,-0.345594
14074437,0.219581,0.211333,-0.886446,-0.348334
14082770,0.220884,0.214951,-0.884948,-0.349105
14091103,0.223304,0.217205,-0.883681,-0.349379
14099436,0.221177,0.219906,-0.883733,-0.348909
14107769,0.230393,0.222152,-0.881150,-0.348055
14116102,0.234650,0.226667,-0.879783,-0.345750
14124435,0.240644,0.231574,-0.877925,-0.343092
14132768,0.246502,0.231746,-0.877011,-0.341148
14141101,0.256993,0.234097,-0.874470,-0.338313
14149434,0.261896,0.235541,-0.873162,-0.336927
14157767,0.259025,0.239918,-0.873383,-0.335482
14166100,0.259754,0.244523,-0.872204,-0.334659
14174433,0.265579,0.250549,-0.869356,-0.333035
14182766,0.266309,0.256401,-0.868492,-0.330242
14191099,0.252439,0.255842,-0.872970,-0.329762
14199432,0.255031,0.257950,-0.871125,-0.331003
14207765,0.255938,0.257524,-0.871499,-0.329645
14216098,0.253043,0.257507,-0.873427,-0.326778
14224431,0.253999,0.259529,-0.872763,-0.326211
14232764,0.265373,0.263064,-0.869317,-0.323515
14241097,0.262684,0.264195,-0.870131,-0.322598
14249430,0.259862,0.262093,-0.871845,-0.321971
14257763,0.257257,0.264281,-0.872054,-0.321707
14266096,0.263760,0.267730,-0.870178,-0.318655
14274429,0.260274,0.265885,-0.872030,-0.318003
14282762,0.261349,0.265324,-0.872442,-0.316458
14291095,0.264650,0.267022,-0.871788,-0.314079
14299428,0.265307,0.267816,-0.871821,-0.312754
14307761,0.268967,0.262676,-0.872850,-0.311113
14316094,0.275617,0.265888,-0.870977,-0.307794
14324427,0.278811,0.271328,-0.869116,-0.305421
14332760,0.273126,0.269294,-0.872015,-0.304094
14341093,0.268073,0.265707,-0.875294,-0.302320
14349426,0.273799,0.269656,-0.872701,-0.301187
14357759,0.273091,0.271272,-0.873067,-0.299311
14366092,0.272261,0.268700,-0.874997,-0.296741
14374425,0.271225,0.270624,-0.875236,-0.295230
14382758,0.262230,0.272160,-0.877942,-0.293909
14391091,0.262751,0.275983,-0.877111,-0.292355
14399424,0.261169,0.271797,-0.878383,-0.293870
14407757,0.261499,0.269806,-0.879264,-0.292777
14416090,0.260898,0.268476,-0.880236,-0.291613
14424423,0.262625,0.274135,-0.878450,-0.290178
14432756,0.262647,0.277848,-0.877538,-0.289385
14441089,0.263441,0.277374,-0.878229,-0.287014
14449422,0.264561,0.273781,-0.879640,-0.285106
14457755,0.264288,0.275342,-0.879206,-0.285194
14466088,0.264750,0.278886,-0.878105,-0.284712
14474421,0.268908,0.282393,-0.876389,-0.282639
14482754,0.262885,0.278808,-0.879178,-0.283202
14491087,0.261172,0.279429,-0.879860,-0.282055
14499420,0.257090,0.277522,-0.881301,-0.283188
14507753,0.260688,0.279592,-0.879964,-0.282018
14516086,0.261983,0.280628,-0.879461,-0.281357
14524419,0.254790,0.276116,-0.882347,-0.283381
14532752,0.256641,0.280839,-0.880712,-0.282155
14541085,0.256152,0.282733,-0.880368,-0.281781
14549418,0.257617,0.276939,-0.881943,-0.281273
14557751,0.257102,0.274612,-0.883718,-0.278440
14566084,0.258324,0.274151,-0.882835,-0.280557
14574417,0.254820,0.276440,-0.882663,-0.282052
14582750,0.252982,0.280050,-0.882378,-0.281035
14591083,0.241741,0.274383,-0.886191,-0.284500
14599416,0.241321,0.273926,-0.886266,-0.285064
14607749,0.243017,0.274311,-0.885547,-0.285488
14616082,0.251061,0.278960,-0.882088,-0.284728
14624415,0.250578,0.273995,-0.883572,-0.285373
14632748,0.257433,0.277663,-0.880704,-0.284592
14641081,0.260397,0.279057,-0.879276,-0.284946
14649414,0.260407,0.279594,-0.879126,-0.284873
14657747,0.250660,0.272335,-0.883222,-0.287962
14666080,0.248589,0.273762,-0.883700,-0.286936
14674413,0.254108,0.278165,-0.880837,-0.286668
14682746,0.249843,0.276762,-0.881476,-0.289795
14691079,0.250373,0.276086,-0.881324,-0.290444
14699412,0.250901,0.276403,-0.880838,-0.291160
14707745,0.251804,0.273609,-0.881102,-0.292220
14716078,0.252376,0.273781,-0.880249,-0.294129
14724411,0.255812,0.275270,-0.878446,-0.295160
14732744,0.258624,0.277578,-0.876730,-0.295649
14741077,0.259950,0.282013,-0.875351,-0.294374
14749410,0.257844,0.282092,-0.875781,-0.294870
14757743,0.257094,0.282089,-0.875445,-0.296520
14766076,0.264001,0.287190,-0.871787,-0.296334
14774409,0.264317,0.284399,-0.872283,-0.297282
14782742,0.261682,0.279611,-0.873552,-0.300410
14791075,0.258310,0.283584,-0.872977,-0.301274
14799408,0.249411,0.281409,-0.875179,-0.304410
14807741,0.250128,0.280646,-0.874913,-0.305289
14816074,0.259481,0.287150,-0.870730,-0.303388
14824407,0.260894,0.289937,-0.869418,-0.303288
14832740,0.260488,0.290598,-0.868879,-0.304546
14841073,0.258315,0.287847,-0.869544,-0.307100
14849406,0.256948,0.286656,-0.869673,-0.308991
14857739,0.257003,0.286542,-0.869687,-0.309012
14866072,0.255702,0.286922,-0.869466,-0.310357
14874405,0.259264,0.295016,-0.866848,-0.307119
14882738,0.256309,0.296470,-0.867830,-0.305421
14891071,0.258306,0.298338,-0.866723,-0.305064
14899404,0.261767,0.295649,-0.866802,-0.304505
14907737,0.259749,0.293355,-0.868156,-0.304595
14916070,0.257016,0.293711,-0.869388,-0.303052
14924403,0.249424,0.291686,-0.871760,-0.304533
14932736,0.252757,0.296575,-0.869925,-0.302303
14941069,0.250145,0.293070,-0.872068,-0.301720
14949402,0.240470,0.290777,-0.874621,-0.304402
14957735,0.237875,0.287783,-0.876626,-0.303519
14966068,0.246833,0.291952,-0.873251,-0.302110
14974401,0.245844,0.291090,-0.874242,-0.300881
14982734,0.241671,0.292578,-0.875354,-0.299581
14991067,0.241940,0.293014,-0.875302,-0.299089
14999400,0.253868,0.301267,-0.871229,-0.292829
15007733,0.254500,0.298693,-0.871656,-0.293647
15016066,0.252067,0.295801,-0.872923,-0.294906
15024399,0.241178,0.289326,-0.877794,-0.295974
15032732,0.248686,0.295267,-0.875143,-0.291714
15041065,0.270236,0.315378,-0.864427,-0.283329
15049398,0.275166,0.319896,-0.862184,-0.280336
15057731,0.266754,0.316707,-0.864637,-0.284502
15066064,0.265797,0.316304,-0.864740,-0.285531
15074397,0.253362,0.303767,-0.871720,-0.289200
15082730,0.255269,0.305581,-0.871541,-0.286136
15091063,0.262392,0.306317,-0.870356,-0.282490
15099396,0.258763,0.300282,-0.872874,-0.284542
15107729,0.255762,0.298328,-0.874191,-0.285265
15116062,0.255856,0.304138,-0.873550,-0.280977
15124395,0.259707,0.313644,-0.869272,-0.280259
15132728,0.261109,0.315888,-0.868350,-0.279294
15141061,0.262256,0.313278,-0.869550,-0.277420
15149394,0.257093,0.312726,-0.871136,-0.277898
15157727,0.269438,0.318143,-0.866651,-0.274050
15166060,0.275323,0.320072,-0.865270,-0.270296
15174393,0.260502,0.310119,-0.871948,-0.275085
15182726,0.254895,0.306505,-0.874227,-0.277148
15191059,0.259464,0.307810,-0.872706,-0.276254
15199392,0.266259,0.314604,-0.869017,-0.273753
15207725,0.267294,0.319186,-0.868799,-0.268071
15216058,0.278035,0.313360,-0.869101,-0.262994
15224391,0.282256,0.309610,-0.868844,-0.263788
15232724,0.280989,0.309290,-0.869846,-0.262209
15241057,0.282204,0.311026,-0.869460,-0.260120
15249390,0.284486,0.310032,-0.869247,-0.259534
15257723,0.284630,0.307692,-0.870117,-0.259245
15266056,0.274609,0.303754,-0.873847,-0.262136
15274389,0.276290,0.306804,-0.872770,-0.260399
15282722,0.275707,0.307234,-0.873160,-0.259199
15291055,0.275636,0.305665,-0.873590,-0.259681
15299388,0.274573,0.307410,-0.873707,-0.258351
15307721,0.269122,0.301977,-0.876928,-0.259579
15316054,0.257930,0.292226,-0.882773,-0.262275
15324387,0.271326,0.304535,-0.876967,-0.254105
15332720,0.271818,0.305162,-0.876612,-0.254054
15341053,0.276531,0.307177,-0.875059,-0.251880
15349386,0.277644,0.306022,-0.875414,-0.250829
15357719,0.278145,0.305411,-0.875725,-0.249931
15366052,0.277276,0.305377,-0.876253,-0.249086
15374385,0.280383,0.306594,-0.875285,-0.247512
15382718,0.265017,0.291682,-0.883439,-0.253424
15391051,0.255500,0.286700,-0.887724,-0.253906
15399384,0.258067,0.288978,-0.886464,-0.253130
15407717,0.255632,0.287368,-0.887056,-0.255351
15416050,0.261141,0.290699,-0.885364,-0.251852
15424383,0.270211,0.300184,-0.880741,-0.247329
15432716,0.271084,0.302788,-0.880014,-0.245782
15441049,0.270589,0.316371,-0.875201,-0.246403
15449382,0.271784,0.319086,-0.874144,-0.245334
15457715,0.271242,0.319600,-0.874065,-0.245549
15466048,0.273628,0.309086,-0.877069,-0.245649
15474381,0.276352,0.306100,-0.877428,-0.245057
15482714,0.276227,0.307023,-0.877427,-0.244044
15491047,0.280784,0.309169,-0.875400,-0.243412
15499380,0.278712,0.305343,-0.877177,-0.244224
15507713,0.275026,0.303458,-0.879405,-0.242735
15516046,0.274413,0.303295,-0.879931,-0.241726
15524379,0.272765,0.302556,-0.880491,-0.242474
15532712,0.275790,0.303888,-0.879230,-0.241964
15541045,0.281851,0.309785,-0.875908,-0.239539
15549378,0.277562,0.305580,-0.878487,-0.240503
15557711,0.279155,0.308706,-0.877297,-0.239005
15566044,0.284952,0.311816,-0.874426,-0.238646
15574377,0.280784,0.311128,-0.876140,-0.238199
15582710,0.280613,0.310393,-0.876192,-0.239165
15591043,0.289310,0.317948,-0.871458,-0.236156
15599376,0.280024,0.313246,-0.875884,-0.237255
15607709,0.276049,0.310247,-0.877869,-0.238518
15616042,0.275864,0.310081,-0.878149,-0.237913
15624375,0.282367,0.313979,-0.875407,-0.235263
15632708,0.283578,0.313115,-0.875581,-0.234308
15641041,0.287774,0.314010,-0.874065,-0.233655
15649374,0.285922,0.312451,-0.875150,-0.233955
15657707,0.289380,0.312288,-0.874385,-0.232777
15666040,0.291783,0.312728,-0.873749,-0.231575
15674373,0.289232,0.310102,-0.875809,-0.230521
15682706,0.291368,0.312241,-0.874473,-0.230016
15691039,0.292268,0.313328,-0.873759,-0.230110
15699372,0.283100,0.308571,-0.877768,-0.232728
15707705,0.283673,0.310930,-0.877140,-0.231254
15716038,0.282845,0.311596,-0.876747,-0.232856
15724371,0.284030,0.312954,-0.875611,-0.233862
15732704,0.284888,0.310450,-0.875813,-0.235397
15741037,0.283344,0.308288,-0.876884,-0.236113
15749370,0.279642,0.307504,-0.877676,-0.238591
15757703,0.279962,0.309444,-0.876389,-0.240434
15766036,0.285330,0.315986,-0.872342,-0.240331
15774369,0.281354,0.309932,-0.874791,-0.243973
15782702,0.276806,0.304655,-0.877263,-0.246928
15791035,0.261444,0.297273,-0.882498,-0.253916
15799368,0.282527,0.316271,-0.871001,-0.248010
15807701,0.282055,0.318099,-0.869833,-0.250296
15816034,0.279697,0.317772,-0.869741,-0.253654
15824367,0.278821,0.317502,-0.869467,-0.255888
15832700,0.278026,0.318273,-0.868691,-0.258419
15841033,0.282461,0.323461,-0.865344,-0.258396
15849366,0.283498,0.325694,-0.863953,-0.259111
15857699,0.281573,0.325484,-0.864763,-0.258770
15866032,0.283167,0.326700,-0.863058,-0.261180
15874365,0.287285,0.329343,-0.860124,-0.263035
15882698,0.286793,0.329491,-0.859713,-0.264724
15891031,0.285901,0.330278,-0.859493,-0.265422
15899364,0.287096,0.333683,-0.857702,-0.265668
15907697,0.286072,0.333547,-0.858000,-0.265980
15916030,0.285635,0.333849,-0.858093,-0.265771
15924363,0.284824,0.332601,-0.858851,-0.265758
15932696,0.286468,0.330428,-0.859424,-0.264846
15941029,0.278367,0.324927,-0.863749,-0.266219
15949362,0.281132,0.326338,-0.862986,-0.264053
15957695,0.283399,0.326199,-0.862495,-0.263405
15966028,0.282930,0.325144,-0.863102,-0.263226
15974361,0.281374,0.322732,-0.864368,-0.263707
15982694,0.278416,0.321075,-0.866186,-0.262900
15991027,0.278771,0.320663,-0.866402,-0.262316
15999360,0.282890,0.322375,-0.864797,-0.261101
16007693,0.283652,0.322679,-0.864638,-0.260425
16016026,0.283433,0.321856,-0.864910,-0.260776
16024359,0.282216,0.321468,-0.865124,-0.261865
16032692,0.278154,0.318201,-0.866922,-0.264243
16041025,0.271657,0.315774,-0.868835,-0.267609
16049358,0.267792,0.316239,-0.868973,-0.270494
16057691,0.263531,0.313450,-0.869504,-0.276156
16066023,0.249950,0.308887,-0.873204,-0.282185
16074357,0.236081,0.304779,-0.876652,-0.287849
16082690,0.225602,0.300471,-0.878800,-0.294163
16091023,0.208343,0.294457,-0.883400,-0.299154
16099356,0.201652,0.293075,-0.884268,-0.302511
16107689,0.184847,0.284903,-0.889184,-0.306618
16116022,0.179657,0.282782,-0.889719,-0.310094
16124355,0.181965,0.287534,-0.887476,-0.310805
16132688,0.170046,0.281344,-0.890568,-0.314353
16141020,0.164303,0.277480,-0.891945,-0.316928
16149353,0.155134,0.274485,-0.893568,-0.319575
16157687,0.151830,0.272734,-0.893794,-0.322020
16166020,0.145449,0.270320,-0.894664,-0.324574
16174353,0.130491,0.265561,-0.896558,-0.329597
16182686,0.129346,0.264782,-0.897181,-0.328977
16191019,0.124425,0.263882,-0.897932,-0.329549
16199352,0.111816,0.262295,-0.899992,-0.329716
16207685,0.106231,0.257959,-0.901350,-0.331269
16216018,0.098779,0.255591,-0.902271,-0.332901
16224350,0.095320,0.254856,-0.904561,-0.328226
16232683,0.089582,0.253657,-0.904056,-0.332138
16241017,0.084215,0.250869,-0.905192,-0.332566
16249350,0.073271,0.245257,-0.907890,-0.331988
16257683,0.079354,0.254305,-0.905630,-0.329950
16266016,0.082304,0.255320,-0.905746,-0.328120
16274349,0.079520,0.254569,-0.906422,-0.327521
16282682,0.074743,0.248242,-0.908808,-0.326892
16291015,0.073647,0.246806,-0.910009,-0.324880
16299348,0.074599,0.247099,-0.910537,-0.322955
16307680,0.074971,0.245564,-0.911328,-0.321807
16316014,0.067037,0.237796,-0.914276,-0.321027
16324347,0.065275,0.233481,-0.916290,-0.318808
16332680,0.064545,0.230481,-0.917650,-0.317225
16341013,0.067952,0.231680,-0.920113,-0.308380
16349346,0.066665,0.230133,-0.921840,-0.304640
16357679,0.062269,0.225556,-0.923632,-0.303564
16366012,0.062119,0.222225,-0.925731,-0.299633
16374345,0.065688,0.223375,-0.926119,-0.296802
16382677,0.061259,0.219312,-0.926998,-0.298034
16391010,0.068459,0.219685,-0.926497,-0.297749
16399344,0.077433,0.223484,-0.925514,-0.295775
16407677,0.064475,0.218336,-0.927746,-0.295737
16416010,0.054686,0.207145,-0.932320,-0.291341
16424343,0.035946,0.193287,-0.936329,-0.290923
16432676,0.020706,0.185304,-0.937754,-0.293004
16441009,0.015958,0.181974,-0.938791,-0.292064
16449342,-0.019195,-0.181937,0.939468,0.289708
16457675,-0.023437,-0.182663,0.939917,0.287473
16466007,-0.025258,-0.184020,0.939844,0.286690
16474340,-0.021240,-0.181641,0.940203,0.287356
16482674,-0.016287,-0.178035,0.940208,0.289908
16491007,-0.016964,-0.178812,0.939730,0.290939
16499340,-0.042836,-0.184158,0.939425,0.285887
16507673,-0.056513,-0.188832,0.937971,0.285235
16516006,-0.080218,-0.196812,0.936881,0.277639
16524339,-0.091104,-0.199217,0.936480,0.273894
16532672,-0.098723,-0.202346,0.934880,0.274424
16541005,-0.109122,-0.207897,0.932687,0.273802
16549337,-0.121521,-0.213805,0.929317,0.275481
16557671,-0.134053,-0.218750,0.926199,0.276284
16566004,-0.155754,-0.228215,0.919133,0.280810
16574337,-0.164194,-0.230972,0.917062,0.280516
16582670,-0.176730,-0.238107,0.913883,0.277288
16591003,-0.190618,-0.242035,0.911452,0.272654
16599336,0.204497,0.254004,-0.904304,-0.275494
16607669,0.208035,0.255003,-0.903754,-0.273722
16616002,0.219111,0.257446,-0.901109,-0.271506
16624334,0.225401,0.259952,-0.897449,-0.276052
16632667,0.230411,0.263841,-0.895561,-0.274351
16641001,0.238310,0.270417,-0.891517,-0.274374
16649334,0.238158,0.269953,-0.890432,-0.278456
16657667,0.242432,0.274900,-0.887456,-0.279428
16666000,0.246019,0.281610,-0.884462,-0.279102
16674333,0.256546,0.289457,-0.879015,-0.278803
16682666,0.264951,0.297060,-0.874114,-0.278353
16690999,0.251553,0.289680,-0.879261,-0.282322
16699332,0.247335,0.289210,-0.879495,-0.285784
16707664,0.253261,0.294124,-0.875313,-0.288406
16715997,0.253729,0.297029,-0.873180,-0.291463
16724331,0.260995,0.309243,-0.866792,-0.291416
16732664,0.266170,0.317129,-0.862261,-0.291699
16740997,0.269510,0.318787,-0.859752,-0.294221
16749330,0.272151,0.320958,-0.857152,-0.297002
16757663,0.269977,0.322884,-0.856231,-0.299545
16765996,0.273491,0.328171,-0.852250,-0.301956
16774329,0.272152,0.328911,-0.851029,-0.305778
16782662,0.275201,0.336051,-0.847361,-0.305473
16790995,0.279935,0.340499,-0.844260,-0.304832
16799328,0.284518,0.345628,-0.840342,-0.305639
16807661,0.286798,0.349990,-0.837176,-0.307230
16815994,0.292233,0.353225,-0.833775,-0.307655
16824327,0.290230,0.355139,-0.833511,-0.308063
16832660,0.290310,0.357463,-0.832478,-0.308090
16840993,0.289335,0.355810,-0.833013,-0.309474
16849326,0.291553,0.360161,-0.830591,-0.308869
16857659,0.294477,0.359172,-0.830318,-0.307980
16865992,0.294402,0.358397,-0.830947,-0.307257
16874325,0.293627,0.358279,-0.831513,-0.306603
16882658,0.292291,0.357801,-0.832556,-0.305606
16890991,0.296228,0.358532,-0.831116,-0.304877
16899324,0.294317,0.357630,-0.832405,-0.304272
16907657,0.292405,0.356407,-0.833863,-0.303555
16915990,0.288372,0.354921,-0.836086,-0.303040
16924323,0.287067,0.352868,-0.837643,-0.302376
16932656,0.285095,0.350641,-0.839563,-0.301507
16940989,0.288489,0.354524,-0.837933,-0.298255
16949322,0.284980,0.348426,-0.841750,-0.298065
16957655,0.280247,0.345012,-0.844671,-0.298259
16965988,0.282763,0.345185,-0.844083,-0.297348
16974321,0.283573,0.343717,-0.844908,-0.295932
16982654,0.285655,0.343634,-0.845638,-0.291913
16990987,0.282466,0.339397,-0.849478,-0.288807
16999320,0.271398,0.331120,-0.856453,-0.288427
17007653,0.268047,0.325855,-0.859394,-0.288808
17015986,0.266832,0.323786,-0.860589,-0.288706
17024319,0.269648,0.323697,-0.860906,-0.285221
17032652,0.266100,0.319656,-0.864092,-0.283471
17040985,0.249779,0.301713,-0.874136,-0.287169
17049318,0.274630,0.325645,-0.861962,-0.274874
17057651,0.288680,0.333978,-0.855910,-0.269333
17065984,0.285148,0.327039,-0.859886,-0.268947
17074317,0.280328,0.322561,-0.863944,-0.266403
17082650,0.281882,0.322371,-0.863956,-0.264950
17090983,0.280260,0.321659,-0.865342,-0.263008
17099316,0.279579,0.320792,-0.866075,-0.262377
17107649,0.279166,0.320259,-0.866527,-0.261977
17115982,0.281955,0.321362,-0.865672,-0.260462
17124315,0.282230,0.321692,-0.865678,-0.259735
17132648,0.282141,0.320617,-0.866134,-0.259639
17140981,0.282955,0.321466,-0.865621,-0.259415
17149314,0.280586,0.318879,-0.867121,-0.260169
17157647,0.275937,0.312974,-0.870056,-0.262505
17165980,0.266011,0.304582,-0.874556,-0.267618
17174313,0.262362,0.306185,-0.875207,-0.267262
17182646,0.274304,0.315960,-0.869305,-0.263128
17190979,0.278629,0.320199,-0.866975,-0.261137
17199312,0.276523,0.320721,-0.867555,-0.260808
17207645,0.276099,0.321037,-0.867711,-0.260349
17215978,0.277248,0.321806,-0.867329,-0.259451
17224311,0.275364,0.321925,-0.868518,-0.257323
17232644,-0.272231,-0.318312,0.870174,0.259549
17240977,-0.274163,-0.316804,0.869741,0.260807
17249310,-0.276910,-0.319643,0.868072,0.259999
17257643,-0.278666,-0.320694,0.867465,0.258852
17265976,-0.278245,-0.321533,0.867154,0.259307
17274309,-0.275272,-0.324345,0.867027,0.259402
17282642,-0.275838,-0.322586,0.867759,0.258545
17290975,-0.278179,-0.319887,0.867980,0.258648
17299308,-0.282599,-0.322648,0.866020,0.256993
17307641,-0.276349,-0.321938,0.867765,0.258790
17315974,-0.272390,-0.320143,0.869401,0.259720
17324307,-0.272677,-0.319768,0.869245,0.260402
17332640,-0.272858,-0.317256,0.870340,0.259624
17340973,-0.269209,-0.316415,0.871576,0.260314
17349306,-0.260942,-0.308680,0.875714,0.264105
17357639,-0.253094,-0.303128,0.878830,0.267795
17365972,-0.260308,-0.308707,0.876110,0.263383
17374305,-0.261149,-0.308785,0.876200,0.262157
17382638,-0.261809,-0.308068,0.876031,0.262906
17390971,-0.267701,-0.312878,0.873359,0.260170
17399304,-0.262520,-0.309422,0.875635,0.261925
17407637,-0.260328,-0.307564,0.876812,0.262364
17415970,-0.262668,-0.308363,0.876211,0.261096
17424303,-0.265515,-0.310725,0.874865,0.259929
17432636,-0.269604,-0.300733,0.876513,0.261912
17440969,-0.273912,-0.314296,0.872148,0.256026
17449302,-0.275777,-0.316771,0.871181,0.254258
17457635,-0.270469,-0.313160,0.873668,0.255893
17465968,-0.268615,-0.309604,0.875344,0.256445
17474301,-0.272025,-0.310782,0.874479,0.254369
17482634,-0.267462,-0.306364,0.877130,0.255439
17490967,-0.267694,-0.304722,0.877648,0.255379
17499300,-0.268999,-0.304309,0.877441,0.255212
17507633,-0.279655,-0.305690,0.874842,0.250995
17515966,-0.282598,-0.308530,0.873604,0.248521
17524299,-0.276016,-0.300164,0.877837,0.251235
17532632,-0.260569,-0.288412,0.885426,0.254839
17540965,-0.254817,-0.285610,0.887774,0.255641
17549298,-0.264447,-0.287621,0.884663,0.254387
17557631,-0.264616,-0.289303,0.884690,0.252202
17565964,-0.257797,-0.283771,0.888138,0.253429
17574297,-0.264190,-0.286256,0.886182,0.250885
17582630,-0.267091,-0.286925,0.885396,0.249822
17590963,-0.263073,-0.283157,0.887318,0.251558
17599296,-0.256728,-0.278579,0.890819,0.250852
17607629,-0.256139,-0.277553,0.891040,0.251803
17615962,-0.254917,-0.277633,0.891161,0.252525
17624295,-0.253354,-0.276275,0.891820,0.253261
17632628,-0.255481,-0.278847,0.890705,0.252229
17640961,-0.274109,-0.291878,0.883019,0.244843
17649294,-0.264149,-0.288136,0.885605,0.250811
17657627,-0.273855,-0.288057,0.883244,0.248812
17665960,-0.275682,-0.292039,0.881502,0.248327
17674293,-0.267824,-0.289321,0.884520,0.249375
17682626,-0.263355,-0.287722,0.885925,0.250992
17690959,-0.276268,-0.290583,0.881904,0.247958
17699292,-0.275499,-0.289520,0.882107,0.249331
17707625,-0.271771,-0.289806,0.882779,0.250710
17715958,-0.270478,-0.289861,0.883273,0.250302
17724291,-0.262400,-0.286286,0.886210,0.252624
17732624,-0.263076,-0.285580,0.886165,0.252878
17740957,-0.265342,-0.285978,0.885498,0.252394
17749290,-0.265746,-0.284808,0.885800,0.252234
17757623,-0.259516,-0.286523,0.887131,0.252100
17765956,-0.261604,-0.286562,0.886679,0.251488
17774289,-0.270070,-0.289995,0.883443,0.249986
17782622,-0.264918,-0.287180,0.885302,0.252163
17790955,-0.258902,-0.285498,0.887171,0.253749
17799288,-0.258823,-0.286463,0.886519,0.255018
17807621,-0.241591,-0.281361,0.892066,0.258242
17815954,-0.237344,-0.280235,0.893318,0.259074
17824287,-0.238505,-0.276577,0.893933,0.259816
17832620,-0.240612,-0.276918,0.893315,0.259638
17840953,-0.245462,-0.282554,0.890941,0.257169
17849286,-0.266598,-0.294992,0.882739,0.250353
17857619,-0.267410,-0.299007,0.881491,0.249118
17865952,-0.251067,-0.291952,0.886858,0.255366
17874285,-0.255837,-0.301450,0.881915,0.256714
17882618,-0.262589,-0.297609,0.881810,0.254730
17890951,-0.265158,-0.298615,0.880949,0.253868
17899284,-0.256057,-0.294501,0.883963,0.257514
17907617,-0.252617,-0.290997,0.885669,0.259028
17915950,-0.248398,-0.291138,0.887081,0.258116
17924283,-0.249426,-0.290328,0.887153,0.257789
17932616,-0.240223,-0.285889,0.889878,0.262065
17940949,-0.236318,-0.284887,0.890814,0.263523
17949282,-0.244030,-0.290152,0.887921,0.260495
17957615,-0.245783,-0.292568,0.886984,0.259333
17965948,-0.245671,-0.295316,0.885934,0.259912
17974281,-0.248301,-0.292505,0.886556,0.258469
17982614,-0.245753,-0.291254,0.887667,0.258502
17990947,-0.245297,-0.292238,0.887533,0.258285
17999280,-0.249356,-0.291882,0.886327,0.258942
18007613,-0.250788,-0.290977,0.886616,0.257582
18015946,-0.251037,-0.291797,0.886063,0.258317
18024279,-0.252961,-0.292437,0.885423,0.257911
18032612,-0.253752,-0.292196,0.885313,0.257782
18040945,-0.253262,-0.292280,0.885306,0.258194
18049278,-0.252988,-0.292585,0.885293,0.258162
18057611,-0.252939,-0.292583,0.885221,0.258458
18065944,-0.242797,-0.286958,0.888887,0.261886
18074277,-0.247273,-0.288473,0.887649,0.260229
18082610,-0.251274,-0.290773,0.885924,0.259714
18090943,-0.252909,-0.291514,0.885135,0.259984
18099276,-0.251706,-0.291536,0.885487,0.259931
18107609,-0.249429,-0.290593,0.886063,0.261216
18115942,-0.251528,-0.294309,0.884453,0.260498
18124275,-0.242740,-0.290321,0.887421,0.263202
18132608,-0.237827,-0.288785,0.888782,0.264781
18140941,-0.241046,-0.293550,0.886773,0.263362
18149274,-0.242028,-0.295247,0.885877,0.263578
18157607,-0.234783,-0.290543,0.888675,0.265929
18165940,-0.233584,-0.289691,0.889004,0.266813
18174273,-0.233529,-0.290827,0.888573,0.267060
18182606,-0.234178,-0.292127,0.887877,0.267389
18190939,-0.235938,-0.293974,0.887010,0.266694
18199272,-0.234787,-0.295094,0.887139,0.266043
18207605,-0.234191,-0.296820,0.886779,0.265847
18215938,-0.233071,-0.294974,0.887518,0.266421
18224271,-0.231581,-0.295090,0.887684,0.267039
18232604,-0.228175,-0.295912,0.888608,0.265984
18240937,-0.228801,-0.295430,0.888834,0.265227
18249270,-0.235715,-0.296738,0.886659,0.264991
18257603,-0.233185,-0.297809,0.886925,0.265139
18265936,-0.234084,-0.300764,0.886024,0.264021
18274269,-0.227040,-0.300705,0.887555,0.265094
18282602,-0.214992,-0.292025,0.892425,0.268474
18290935,-0.214168,-0.287277,0.893875,0.269427
18299268,-0.220763,-0.294538,0.890417,0.267709
18307601,-0.223859,-0.299492,0.888827,0.264910
18315934,-0.231634,-0.296465,0.888395,0.263074
18324267,-0.225290,-0.298113,0.889312,0.263624
18332600,-0.231029,-0.296143,0.888956,0.262072
18340933,-0.226345,-0.298908,0.889167,0.262306
18349266,-0.223131,-0.299479,0.890008,0.261556
18357599,-0.224506,-0.298854,0.889981,0.261185
18365932,-0.224364,-0.298696,0.890127,0.260988
18374265,-0.223855,-0.300687,0.889806,0.260233
18382598,-0.231003,-0.305875,0.886989,0.257545
18390931,-0.229032,-0.304119,0.887904,0.258231
18399264,-0.236287,-0.310193,0.884790,0.255139
18407597,-0.236978,-0.311322,0.884427,0.254381
18415930,-0.243464,-0.312434,0.882170,0.254728
18424263,-0.246053,-0.314650,0.880701,0.254596
18432596,-0.244223,-0.314564,0.881144,0.254929
18440929,-0.244064,-0.314484,0.881163,0.255117
18449262,-0.227450,-0.305621,0.887935,0.257748
18457595,-0.234422,-0.309040,0.885667,0.255216
18465928,-0.233663,-0.314120,0.885182,0.251363
18474261,-0.238266,-0.319758,0.882277,0.250142
18482594,-0.247924,-0.326872,0.877662,0.247785
18490927,-0.250958,-0.327763,0.876661,0.247095
18499260,-0.253744,-0.328712,0.875715,0.246345
18507593,-0.254559,-0.328055,0.876300,0.244292
18515926,-0.257405,-0.328036,0.875730,0.243375
18524259,-0.252301,-0.322885,0.879501,0.242008
18532592,-0.253009,-0.324891,0.878567,0.241977
18540925,-0.255110,-0.327053,0.877255,0.241616
18549258,-0.259702,-0.331656,0.874859,0.239127
18557591,-0.261885,-0.335378,0.873139,0.237838
18565924,-0.261766,-0.334628,0.873728,0.236857
18574257,-0.258917,-0.337189,0.873883,0.235785
18582590,-0.260582,-0.337782,0.873372,0.234994
18590923,-0.264384,-0.341128,0.871438,0.233085
18599256,-0.268221,-0.341012,0.870579,0.232079
18607589,-0.264603,-0.340001,0.871949,0.232571
18615922,-0.272899,-0.344915,0.867803,0.231253
18624255,-0.273003,-0.345508,0.867566,0.231134
18632588,-0.267597,-0.344001,0.870119,0.230105
18640921,-0.267853,-0.343973,0.870565,0.228153
18649254,-0.266584,-0.343609,0.871079,0.228225
18657587,-0.268393,-0.343522,0.870459,0.228603
18665920,-0.270959,-0.346604,0.869095,0.226097
18674253,-0.271872,-0.349075,0.868347,0.224067
18682586,-0.279031,-0.351191,0.865549,0.222780
18690919,-0.278431,-0.349879,0.866323,0.222588
18699252,-0.275474,-0.348404,0.867940,0.222281
18707585,-0.275662,-0.348634,0.868402,0.219869
18715918,-0.278380,-0.348886,0.867878,0.218108
18724251,-0.278706,-0.348982,0.867775,0.217948
18732584,-0.273689,-0.345186,0.871133,0.216952
18740917,-0.268661,-0.344030,0.873309,0.216326
18749250,-0.273944,-0.344579,0.872228,0.213161
18757583,-0.274188,-0.345792,0.872107,0.211374
18765916,-0.276375,-0.345550,0.871696,0.210614
18774249,-0.275187,-0.342912,0.872528,0.213023
18782582,-0.276783,-0.343132,0.871978,0.212852
18790915,-0.278367,-0.342587,0.871682,0.212874
18799248,-0.283182,-0.345171,0.869115,0.212847
18807581,-0.289180,-0.346372,0.866716,0.212613
18815914,-0.292943,-0.347413,0.865182,0.212012
18824247,-0.296432,-0.347915,0.863983,0.211226
18832580,-0.297082,-0.346384,0.864216,0.211875
18840913,-0.293784,-0.348309,0.864924,0.210425
18849246,-0.289412,-0.342048,0.868658,0.211372
18857579,-0.291962,-0.340971,0.868203,0.211473
18865912,-0.288857,-0.336930,0.871208,0.209847
18874245,-0.283836,-0.331439,0.874511,0.211696
18882578,-0.278049,-0.325628,0.878406,0.212269
18890911,-0.274922,-0.319389,0.882355,0.209425
18899244,-0.273358,-0.311387,0.885633,0.209684
18907577,-0.273457,-0.302745,0.888885,0.208447
18915910,-0.270629,-0.293908,0.893502,0.205020
18924243,-0.274689,-0.288506,0.894696,0.202064
18932576,-0.270957,-0.280657,0.898906,0.199455
18940909,-0.268454,-0.265135,0.904381,0.199326
18949242,-0.262103,-0.258026,0.908778,0.197098
18957575,-0.270581,-0.252257,0.908135,0.196068
18965908,-0.261972,-0.235026,0.915016,0.197175
18974241,-0.264728,-0.226940,0.916380,0.196631
18982574,-0.263540,-0.220334,0.918327,0.196659
18990907,-0.258916,-0.210411,0.921878,0.197054
18999240,-0.252586,-0.204160,0.924477,0.199653
19007573,-0.248036,-0.193192,0.928094,0.199492
19015906,-0.252344,-0.181986,0.929048,0.200181
19024239,-0.251358,-0.179283,0.929496,0.201778
19032572,-0.253822,-0.175940,0.929194,0.203021
19040905,-0.250179,-0.173852,0.930639,0.202726
19049238,-0.246508,-0.167287,0.932071,0.206140
19057571,-0.237972,-0.164048,0.934309,0.208623
19065904,-0.241799,-0.158953,0.933742,0.210699
19074237,-0.248264,-0.157419,0.932328,0.210591
19082570,-0.249799,-0.153937,0.932385,0.211099
19090903,-0.255077,-0.149257,0.931667,0.211314
19099236,-0.260065,-0.144841,0.931581,0.208671
19107569,-0.269514,-0.141026,0.930386,0.204585
19115902,-0.279082,-0.135773,0.929216,0.200593
19124235,-0.287663,-0.126484,0.928986,0.195541
19132568,-0.297005,-0.119129,0.927909,0.191261
19140901,-0.302088,-0.112484,0.927698,0.188327
19149234,-0.310213,-0.106827,0.926491,0.184311
19157567,-0.314926,-0.097839,0.926630,0.180570
19165900,-0.324986,-0.093791,0.924010,0.178308
19174233,-0.345165,-0.090570,0.915759,0.184511
19182566,-0.367118,-0.083775,0.906132,0.192696
19190899,-0.388335,-0.081451,0.894801,0.204677
19199232,-0.415468,-0.083426,0.880144,0.213946
19207565,-0.442916,-0.088082,0.864866,0.219257
19215898,-0.472459,-0.097276,0.847271,0.222379
19224231,-0.496359,-0.107418,0.831307,0.225869
19232564,-0.519056,-0.118092,0.815470,0.227252
19240897,-0.539270,-0.128899,0.800563,0.227313
19249230,-0.558217,-0.138959,0.785083,0.229627
19257563,-0.574465,-0.142559,0.771165,0.234461
19265896,-0.586566,-0.141932,0.760193,0.240628
19274229,-0.595248,-0.137377,0.752169,0.247082
19282562,-0.606287,-0.134018,0.741055,0.255526
19290895,-0.619593,-0.130214,0.727369,0.264734
19299228,-0.632843,-0.129339,0.713307,0.271982
19307561,-0.647829,-0.127681,0.696413,0.281114
19315894,-0.659377,-0.126806,0.682594,0.288457
19324227,-0.673210,-0.126683,0.665623,0.296118
19332560,-0.685769,-0.126237,0.648959,0.304364
19340893,-0.695677,-0.128593,0.633274,0.313787
19349226,-0.702145,-0.128843,0.623378,0.319048
19357559,-0.710832,-0.133277,0.608271,0.327049
19365892,-0.715856,-0.134614,0.597625,0.335072
19374225,-0.717356,-0.134898,0.592164,0.341387
19382558,-0.722575,-0.138407,0.581475,0.347298
19390891,-0.726697,-0.139553,0.572592,0.352951
19399224,-0.730554,-0.138559,0.565711,0.356459
19407557,-0.733249,-0.140088,0.561296,0.357306
19415890,-0.729580,-0.133403,0.566074,0.359830
19424223,-0.728174,-0.132041,0.567984,0.360170
19432556,-0.727485,-0.133591,0.568918,0.359515
19440889,-0.730524,-0.136273,0.564217,0.359756
19449222,-0.729854,-0.138259,0.564502,0.359911
19457555,-0.728638,-0.140784,0.565218,0.360271
19465888,-0.724948,-0.142354,0.568856,0.361371
19474221,-0.720568,-0.143366,0.573252,0.362781
19482554,-0.716938,-0.145469,0.576123,0.364585
19490887,-0.716777,-0.146481,0.574347,0.367287
19499220,-0.719794,-0.147574,0.568391,0.370202
19507553,-0.719336,-0.147444,0.567150,0.373037
19515886,-0.715681,-0.146434,0.570324,0.375617
19524219,-0.718745,-0.148211,0.565073,0.377004
19532552,-0.720136,-0.148259,0.562277,0.378508
19540885,-0.723016,-0.147906,0.557790,0.379792
19549218,-0.724961,-0.147663,0.554515,0.380973
19557551,-0.722852,-0.147211,0.557206,0.381229
19565884,-0.722869,-0.147183,0.557211,0.381200
19574217,-0.722204,-0.147183,0.558686,0.380300
19582550,-0.722458,-0.147540,0.558579,0.379837
19590883,-0.718127,-0.147235,0.564902,0.378815
19599216,-0.717013,-0.147975,0.566579,0.378134
19607549,-0.714654,-0.146466,0.569915,0.378172
19615882,-0.715972,-0.145889,0.568493,0.378043
19624215,-0.715852,-0.145992,0.568874,0.377656
19632548,-0.717702,-0.146321,0.566972,0.376878
19640881,-0.720005,-0.145428,0.564505,0.376534
19649214,-0.721247,-0.145496,0.563432,0.375736
19657547,-0.723140,-0.146358,0.561316,0.374931
19665880,-0.726311,-0.147276,0.557817,0.373659
19674213,-0.726146,-0.147381,0.558456,0.372985
19682546,-0.727758,-0.147849,0.557009,0.371820
19690879,-0.731832,-0.148775,0.551931,0.371025
19699212,-0.730857,-0.148554,0.553630,0.370504
19707545,-0.731648,-0.148727,0.553120,0.369634
19715878,-0.733987,-0.148722,0.550307,0.369199
19724211,-0.731972,-0.147933,0.553586,0.368614
19732544,-0.731502,-0.147827,0.554948,0.367538
19740877,-0.733703,-0.147503,0.552346,0.367202
19749210,-0.734838,-0.147052,0.551262,0.366741
19757543,-0.734532,-0.146593,0.552353,0.365895
19765876,-0.735785,-0.147169,0.551032,0.365137
19774209,-0.734205,-0.146906,0.553985,0.363954
19782542,-0.734019,-0.147354,0.555456,0.361901
19790875,-0.734728,-0.147104,0.554636,0.361822
19799208,-0.734025,-0.146088,0.555982,0.361594
19807541,-0.733098,-0.145799,0.557646,0.361028
19815874,-0.733302,-0.145200,0.557854,0.360534
19824207,-0.734212,-0.144866,0.557175,0.359864
19832540,-0.734489,-0.144373,0.557236,0.359403
19840873,-0.733945,-0.143380,0.558209,0.359403
19849206,-0.735757,-0.143171,0.556208,0.358881
19857539,-0.737139,-0.142857,0.554759,0.358414
19865872,-0.737679,-0.142104,0.554463,0.358061
19874205,-0.736309,-0.140594,0.556911,0.357677
19882538,-0.737970,-0.140721,0.555109,0.357003
19890871,-0.738983,-0.140471,0.554150,0.356497
19899204,-0.739314,-0.140242,0.554220,0.355791
19907537,-0.739392,-0.139569,0.554711,0.355128
19915870,-0.740606,-0.139131,0.553660,0.354409
19924203,-0.740939,-0.138668,0.553760,0.353738
19932536,-0.746234,-0.136638,0.547419,0.353267
19940869,-0.743323,-0.136388,0.551929,0.352482
19949202,-0.742216,-0.136013,0.553984,0.351734
19957535,-0.743600,-0.136113,0.552626,0.350909
19965868,-0.743261,-0.135219,0.553718,0.350249
19974201,-0.744603,-0.135027,0.552490,0.349412
19982534,-0.745851,-0.134715,0.551346,0.348677
19990867,-0.746761,-0.134132,0.550546,0.348218
19999200,-0.745041,-0.133329,0.553478,0.347561
20007533,-0.745919,-0.132777,0.552637,0.347229
20015866,-0.747265,-0.132576,0.551419,0.346346
20024199,-0.747400,-0.132797,0.551496,0.345848
20032532,-0.746020,-0.131912,0.553948,0.345246
20040865,-0.746784,-0.131813,0.553278,0.344708
20049198,-0.748654,-0.130683,0.551240,0.344346
20057531,-0.749435,-0.129891,0.550684,0.343834
20065864,-0.749936,-0.130149,0.550312,0.343240
20074197,-0.749981,-0.129907,0.550632,0.342719
20082530,-0.749674,-0.129624,0.551333,0.342372
20090863,-0.748918,-0.128890,0.552858,0.341845
20099196,-0.749932,-0.129192,0.551925,0.341015
20107529,-0.750998,-0.129558,0.550781,0.340379
20115862,-0.750067,-0.129701,0.552731,0.339213
20124195,-0.748838,-0.129387,0.554929,0.338459
20132528,-0.747899,-0.127946,0.556762,0.338071
20140861,-0.748148,-0.127190,0.556744,0.337837
20149194,-0.748168,-0.126873,0.557069,0.337374
20157527,-0.747772,-0.127049,0.557902,0.336810
20165860,-0.747868,-0.127112,0.557944,0.336503
20174193,-0.748333,-0.126805,0.557520,0.336288
20182526,-0.747673,-0.126109,0.558782,0.335924
20190859,-0.748529,-0.125621,0.557772,0.335879
20199192,-0.749068,-0.125125,0.557579,0.335182
20207525,-0.749174,-0.125222,0.557676,0.334747
20215858,-0.750692,-0.125690,0.555609,0.334606
20224191,-0.749635,-0.125462,0.557322,0.334214
20232524,-0.749354,-0.124728,0.558079,0.333855
20240857,-0.748217,-0.123898,0.560282,0.333024
20249190,-0.748112,-0.123547,0.560758,0.332590
20257523,-0.748537,-0.123716,0.560304,0.332334
20265856,-0.748816,-0.123082,0.560254,0.332025
20274189,-0.750337,-0.122900,0.558400,0.331782
20282522,-0.751149,-0.122956,0.557538,0.331375
20290855,-0.753502,-0.122335,0.554532,0.331306
20299188,-0.752637,-0.122288,0.556050,0.330744
20307521,-0.752364,-0.121647,0.556663,0.330569
20315854,-0.753855,-0.121464,0.554802,0.330369
20324187,-0.754661,-0.121322,0.553951,0.330008
20332520,-0.755235,-0.120748,0.553503,0.329659
20340853,-0.748498,-0.117671,0.562693,0.330576
20349186,-0.752607,-0.118986,0.557576,0.329446
20357519,-0.755803,-0.119173,0.553566,0.328822
20365852,-0.756857,-0.118817,0.552355,0.328563
20374185,-0.757604,-0.118677,0.551573,0.328205
20382518,-0.756967,-0.118445,0.552548,0.328119
20390851,-0.757145,-0.118234,0.552476,0.327906
20399184,-0.757536,-0.118546,0.552080,0.327557
20407517,-0.757342,-0.118842,0.552394,0.327369
20415850,-0.757832,-0.118388,0.551823,0.327362
20424183,-0.758112,-0.118386,0.551517,0.327230
20432516,-0.758916,-0.118512,0.550454,0.327111
20440849,-0.760357,-0.118773,0.548423,0.327082
20449182,-0.758919,-0.118531,0.550448,0.327107
20457515,-0.756292,-0.117856,0.554026,0.327395
20465848,-0.757377,-0.118696,0.552546,0.327085
20474181,-0.759100,-0.119132,0.550211,0.326867
20482514,-0.758124,-0.118537,0.551640,0.326941
20490847,-0.757065,-0.118099,0.553010,0.327239
20499180,-0.759332,-0.119003,0.549972,0.326778
20507513,-0.759906,-0.119139,0.549189,0.326711
20515846,-0.760253,-0.119656,0.548457,0.326943
20524179,-0.761234,-0.120591,0.547085,0.326616
20532512,-0.762894,-0.120618,0.543962,0.327947
20540845,-0.763603,-0.120613,0.542802,0.328221
20549178,-0.763570,-0.120915,0.542815,0.328165
20557511,-0.762570,-0.120842,0.544299,0.328059
20565844,-0.759690,-0.118714,0.548332,0.328802
20574177,-0.759414,-0.118137,0.548616,0.329172
20582510,-0.761656,-0.119143,0.545411,0.328957
20590843,-0.761132,-0.118058,0.546192,0.329264
20599176,-0.758671,-0.117531,0.549661,0.329359
20607509,-0.757792,-0.117926,0.550946,0.329096
20615842,-0.760696,-0.118660,0.546421,0.329675
20624175,-0.761517,-0.119645,0.545470,0.328998
20632508,-0.757778,-0.118092,0.550531,0.329761
20640841,-0.758598,-0.118263,0.548896,0.330540
20649174,-0.757931,-0.118056,0.549995,0.330318
20657507,-0.757916,-0.118626,0.549735,0.330579
20665840,-0.759740,-0.119622,0.547407,0.329897
20674173,-0.758862,-0.119543,0.548893,0.329477
20682506,-0.758155,-0.119037,0.549595,0.330117
20690839,-0.756434,-0.119120,0.551838,0.330292
20699172,-0.758052,-0.119827,0.549400,0.330391
20707505,-0.757234,-0.120160,0.550509,0.330299
20715838,-0.756911,-0.120692,0.550910,0.330178
20724171,-0.754826,-0.120238,0.554018,0.329915
20732504,-0.755152,-0.120964,0.553297,0.330115
20740837,-0.754943,-0.121028,0.553525,0.330187
20749170,-0.754536,-0.120392,0.554269,0.330103
20757503,-0.754044,-0.120278,0.554892,0.330219
20765836,-0.755775,-0.121603,0.552206,0.330282
20774169,-0.754432,-0.121439,0.553958,0.330479
20782502,-0.753963,-0.121949,0.554535,0.330393
20790835,-0.753717,-0.121993,0.554749,0.330579
20799168,-0.752595,-0.120835,0.556430,0.330735
20807501,-0.752634,-0.121786,0.556070,0.330903
20815834,-0.754768,-0.122568,0.552815,0.331206
20824167,-0.753648,-0.121947,0.554468,0.331223
20832500,-0.752742,-0.121932,0.555752,0.331136
20840833,-0.752209,-0.121909,0.556415,0.331243
20849166,-0.752031,-0.121635,0.556578,0.331476
20857499,-0.753568,-0.122685,0.554331,0.331362
20865832,-0.752426,-0.122603,0.555883,0.331386
20874165,-0.752010,-0.122983,0.556076,0.331866
20882498,-0.752632,-0.122951,0.555105,0.332095
20890831,-0.753177,-0.123203,0.554238,0.332212
20899164,-0.752630,-0.123412,0.554846,0.332361
20907497,-0.752142,-0.123307,0.555557,0.332316
20915830,-0.753028,-0.124342,0.553961,0.332588
20924163,-0.752281,-0.124459,0.554862,0.332734
20932496,-0.753333,-0.124710,0.553406,0.332683
20940829,-0.751282,-0.123693,0.556162,0.333105
20949162,-0.751324,-0.123844,0.555986,0.333249
20957495,-0.751839,-0.124295,0.555167,0.333286
20965828,-0.750548,-0.124112,0.556792,0.333551
20974161,-0.750774,-0.124318,0.556383,0.333650
20982494,-0.750031,-0.124078,0.557280,0.333911
20990827,-0.750018,-0.124394,0.557229,0.333909
20999160,-0.750614,-0.124460,0.556366,0.333984
21007493,-0.750164,-0.123986,0.556891,0.334296
21015826,-0.749927,-0.124406,0.557018,0.334461
21024159,-0.749851,-0.124557,0.556975,0.334644
21032492,-0.748483,-0.123838,0.558748,0.335020
21040825,-0.748351,-0.123944,0.558861,0.335087
21049158,-0.748879,-0.124721,0.557974,0.335096
21057491,-0.749167,-0.124938,0.557359,0.335395
21065824,-0.748994,-0.125222,0.557577,0.335313
21074157,-0.749604,-0.125539,0.556672,0.335335
21082490,-0.749350,-0.125614,0.556809,0.335648
21090823,-0.748553,-0.125793,0.557841,0.335646
21099156,-0.748746,-0.125691,0.557457,0.335891
21107489,-0.748675,-0.126001,0.557446,0.335951
21115822,-0.748448,-0.126117,0.557603,0.336154
21124155,-0.748425,-0.126515,0.557569,0.336112
21132488,-0.748121,-0.126323,0.557924,0.336270
21140821,-0.748194,-0.126378,0.557690,0.336475
21149154,-0.748120,-0.126287,0.557584,0.336851
21157487,-0.748490,-0.126503,0.556979,0.336948
21165820,-0.748977,-0.126215,0.555988,0.337611
21174153,-0.748366,-0.126421,0.556825,0.337508
21182486,-0.748576,-0.126623,0.556360,0.337734
21190819,-0.748246,-0.126513,0.556717,0.337917
21199152,-0.748270,-0.126531,0.556561,0.338115
21207485,-0.748797,-0.127418,0.555713,0.338011
21215818,-0.748502,-0.127383,0.556117,0.338011
21224151,-0.747902,-0.127209,0.556875,0.338157
21232484,-0.747359,-0.127159,0.557465,0.338406
21240817,-0.747486,-0.126962,0.557199,0.338636
21249150,-0.748112,-0.127503,0.556286,0.338551
21257483,-0.747353,-0.127123,0.557162,0.338931
21265816,-0.748717,-0.127857,0.555025,0.339149
21274149,-0.748528,-0.127849,0.555398,0.338960
21282482,-0.749035,-0.127993,0.554446,0.339344
21290815,-0.750025,-0.128636,0.552943,0.339364
21299148,-0.749761,-0.128629,0.553205,0.339525
21307481,-0.750030,-0.128133,0.552741,0.339874
21315814,-0.749878,-0.128618,0.552969,0.339655
21324147,-0.749541,-0.128265,0.553430,0.339781
21332480,-0.748237,-0.127783,0.555231,0.339899
21340813,-0.749880,-0.128803,0.552696,0.340026
21349146,-0.750056,-0.128788,0.552524,0.339921
21357479,-0.750638,-0.129702,0.551804,0.339459
21365812,-0.750575,-0.129859,0.551831,0.339495
21374145,-0.751394,-0.130076,0.550572,0.339643
21382478,-0.750879,-0.129432,0.551281,0.339879
21390811,-0.752817,-0.130803,0.548331,0.339838
21399144,-0.751921,-0.129811,0.549608,0.340141
21407477,-0.750325,-0.129579,0.551982,0.339908
21415810,-0.749866,-0.129655,0.552897,0.339405
21424143,-0.751178,-0.130126,0.550839,0.339670
21432476,-0.750728,-0.129388,0.551674,0.339591
21440809,-0.751928,-0.129731,0.549829,0.339799
21449142,-0.752836,-0.130522,0.548561,0.339534
21457475,-0.752064,-0.129876,0.549869,0.339376
21465808,-0.752758,-0.130335,0.548895,0.339239
21474141,-0.751941,-0.130103,0.550212,0.339006
21482474,-0.752043,-0.129460,0.550021,0.339335
21490807,-0.752468,-0.130229,0.549557,0.338849
21499140,-0.752424,-0.129484,0.549745,0.338927
21507473,-0.753041,-0.130161,0.548922,0.338634
21515806,-0.750156,-0.128114,0.553158,0.338924
21524139,-0.749064,-0.127977,0.554679,0.338906
21532472,-0.750570,-0.128818,0.552628,0.338604
21540805,-0.751094,-0.128932,0.551995,0.338432
21549138,-0.751254,-0.128301,0.551894,0.338481
21557471,-0.750033,-0.128137,0.553594,0.338474
21565804,-0.751538,-0.128047,0.551676,0.338302
21574137,-0.751158,-0.128081,0.552184,0.338304
21582470,-0.752283,-0.128475,0.550684,0.338100
21590803,-0.751648,-0.127901,0.551708,0.338059
21599136,-0.750377,-0.127397,0.553579,0.338014
21607469,-0.749185,-0.127220,0.555283,0.337932
21615802,-0.749844,-0.127022,0.554486,0.337852
21624135,-0.750535,-0.127131,0.553705,0.337560
21632468,-0.750795,-0.127062,0.553452,0.337420
21640801,-0.750483,-0.126851,0.553885,0.337482
21649134,-0.750697,-0.126898,0.553613,0.337436
21657467,-0.750488,-0.126707,0.554007,0.337326
21665800,-0.749853,-0.126660,0.555252,0.336709
21674133,-0.750158,-0.126766,0.554878,0.336605
21682466,-0.748924,-0.126219,0.556800,0.336386
21690799,-0.749568,-0.126600,0.555961,0.336197
21699132,-0.749561,-0.126457,0.555978,0.336237
21707465,-0.748370,-0.126342,0.557832,0.335862
21715798,-0.747713,-0.126128,0.558756,0.335869
21724131,-0.747496,-0.125974,0.559229,0.335624
21732464,-0.748267,-0.125919,0.558076,0.335844
21740797,-0.749125,-0.126081,0.556930,0.335775
21749130,-0.748927,-0.125731,0.557291,0.335747
21757463,-0.748614,-0.125636,0.557756,0.335709
21765796,-0.748351,-0.125576,0.558192,0.335594
21774129,-0.747717,-0.125671,0.559165,0.335350
21782462,-0.747870,-0.125635,0.558975,0.335341
21790795,-0.748337,-0.125320,0.558302,0.335538
21799128,-0.748134,-0.125223,0.558589,0.335549
21807461,-0.749012,-0.125300,0.557353,0.335617
21815794,-0.749313,-0.125631,0.556948,0.335494
21824127,-0.749032,-0.125432,0.557246,0.335700
21832460,-0.751523,-0.125554,0.553028,0.337061
21840793,-0.751636,-0.125195,0.552955,0.337060
21849126,-0.750572,-0.125348,0.554561,0.336735
21857459,-0.750314,-0.125116,0.554981,0.336706
21865792,-0.751721,-0.125440,0.552509,0.337512
21874125,-0.750566,-0.124934,0.554346,0.337257
21882458,-0.751602,-0.125294,0.552557,0.337751
21890791,-0.751618,-0.125451,0.552866,0.337151
21899124,-0.752731,-0.126029,0.550936,0.337612
21907457,-0.752468,-0.125600,0.551182,0.337958
21915790,-0.750990,-0.125449,0.553552,0.337426
21924123,-0.750839,-0.125487,0.553881,0.337210
21932456,-0.750909,-0.125747,0.553796,0.337096
21940789,-0.750680,-0.126022,0.554087,0.337025
21949122,-0.750460,-0.125762,0.554284,0.337287
21957455,-0.750156,-0.125737,0.554707,0.337277
21965788,-0.750017,-0.125376,0.554979,0.337275
21974121,-0.750845,-0.126304,0.553813,0.337000
21982454,-0.750740,-0.126568,0.554006,0.336819
21990787,-0.750434,-0.125880,0.554393,0.337122
21999120,-0.749642,-0.126116,0.555466,0.337030
22007453,-0.749162,-0.125764,0.556188,0.337038
22015786,-0.749419,-0.126254,0.555735,0.337029
22024119,-0.749001,-0.125838,0.556344,0.337111
22032452,-0.749222,-0.125885,0.555986,0.337193
22040785,-0.749476,-0.125946,0.555595,0.337248
22049118,-0.749122,-0.125792,0.556072,0.337307
22057451,-0.748635,-0.125789,0.556745,0.337281
22065784,-0.749093,-0.125841,0.556098,0.337310
22074117,-0.750150,-0.126286,0.554498,0.337431
22082450,-0.749065,-0.125813,0.556015,0.337520
22090783,-0.749495,-0.125941,0.555208,0.337845
22099116,-0.749878,-0.126014,0.554761,0.337702
22107449,-0.748778,-0.125654,0.556351,0.337663
22115782,-0.750386,-0.126062,0.553911,0.337951
22124115,-0.749597,-0.126132,0.554959,0.337958
22132448,-0.749130,-0.125921,0.555648,0.337942
22140781,-0.750048,-0.125989,0.554335,0.338035
22149114,-0.749189,-0.125451,0.555492,0.338240
22157447,-0.750815,-0.126048,0.553292,0.338019
22165780,-0.751024,-0.126409,0.552932,0.338009
22174113,-0.750849,-0.126468,0.553171,0.337985
22182446,-0.749862,-0.126237,0.554673,0.337801
22190779,-0.749461,-0.126010,0.554978,0.338274
22199112,-0.750143,-0.126861,0.553987,0.338068
22207445,-0.750103,-0.127081,0.554268,0.337614
22215778,-0.749596,-0.126958,0.554892,0.337760
22224111,-0.749500,-0.127104,0.555125,0.337535
22232444,-0.749678,-0.126747,0.554792,0.337823
22240777,-0.749130,-0.126821,0.555358,0.338081
22249110,-0.749238,-0.127331,0.555252,0.337822
22257443,-0.749554,-0.127455,0.554662,0.338044
22265776,-0.750106,-0.127572,0.553936,0.337965
22274109,-0.749816,-0.127171,0.554366,0.338055
22282442,-0.749686,-0.127250,0.554385,0.338284
22290775,-0.749906,-0.127590,0.554069,0.338185
22299108,-0.749568,-0.127755,0.554627,0.337956
22307441,-0.750154,-0.127660,0.553838,0.337988
22315774,-0.749812,-0.127631,0.554214,0.338142
22324107,-0.750053,-0.127970,0.553879,0.338028
22332440,-0.750054,-0.127625,0.553883,0.338149
22340773,-0.749823,-0.127324,0.554180,0.338289
22349106,-0.750221,-0.127537,0.553765,0.338004
22357439,-0.750302,-0.127550,0.553567,0.338142
22365772,-0.750490,-0.127687,0.553419,0.337918
22374105,-0.749862,-0.127555,0.554266,0.337973
22382438,-0.749884,-0.127546,0.554188,0.338054
22390771,-0.749333,-0.127627,0.554994,0.337924
22399104,-0.750147,-0.127433,0.553910,0.337970
22407437,-0.750213,-0.127503,0.553760,0.338041
22415770,-0.750083,-0.127515,0.553833,0.338209
22424103,-0.750020,-0.127585,0.553999,0.338049
22432436,-0.750331,-0.127636,0.553500,0.338157
22440769,-0.748312,-0.127396,0.556336,0.338068
22449102,-0.748438,-0.127535,0.556072,0.338170
22457435,-0.749968,-0.128080,0.553883,0.338168
22465768,-0.749807,-0.127905,0.554130,0.338185
22474101,-0.749713,-0.127568,0.554129,0.338521
22482434,-0.749212,-0.127419,0.554814,0.338567
22490767,-0.749676,-0.127877,0.554225,0.338330
22499100,-0.749267,-0.127856,0.554802,0.338300
22507433,-0.749936,-0.127690,0.553791,0.338536
22515766,-0.749945,-0.127465,0.553759,0.338655
22524099,-0.750318,-0.127580,0.553203,0.338693
22532432,-0.750111,-0.127983,0.553549,0.338435
22540765,-0.750041,-0.128247,0.553573,0.338450
22549098,-0.750245,-0.127806,0.553249,0.338693
22557431,-0.749614,-0.128028,0.554118,0.338586
22565764,-0.748525,-0.127368,0.555645,0.338743
22574097,-0.749165,-0.127791,0.554710,0.338699
22582430,-0.750378,-0.127998,0.552907,0.338884
22590763,-0.750399,-0.127777,0.552827,0.339053
22599096,-0.749512,-0.128092,0.554063,0.338878
22607429,-0.749393,-0.128387,0.554196,0.338811
22615762,-0.749700,-0.128141,0.553753,0.338950
22624095,-0.749665,-0.127998,0.553860,0.338908
22632428,-0.750954,-0.127833,0.552150,0.338905
22640761,-0.750003,-0.128023,0.553340,0.339000
22649094,-0.748506,-0.128173,0.555507,0.338707
22657427,-0.749660,-0.128482,0.553816,0.338807
22665760,-0.750185,-0.128455,0.553021,0.338953
22674093,-0.748734,-0.128327,0.555114,0.338791
22682426,-0.749285,-0.128172,0.554277,0.339001
22690759,-0.750326,-0.128475,0.552919,0.338802
22699092,-0.748846,-0.128422,0.554927,0.338812
22707425,-0.749435,-0.128480,0.554066,0.338897
22715758,-0.750426,-0.128692,0.552591,0.339030
22724091,-0.749739,-0.128492,0.553696,0.338825
22732424,-0.749205,-0.128217,0.554271,0.339170
22740757,-0.749720,-0.128622,0.553341,0.339397
22749090,-0.749632,-0.128917,0.553522,0.339185
22757423,-0.749536,-0.129021,0.553698,0.339069
22765756,-0.748986,-0.128537,0.554447,0.339245
22774089,-0.748908,-0.128553,0.554492,0.339337
22782422,-0.749854,-0.128946,0.553111,0.339352
22790755,-0.750018,-0.128573,0.552953,0.339390
22799088,-0.750264,-0.128918,0.552638,0.339229
22807421,-0.750994,-0.129538,0.551281,0.339584
22815754,-0.749653,-0.129383,0.553119,0.339617
22824087,-0.749281,-0.129394,0.553729,0.339439
22832420,-0.749109,-0.129207,0.553875,0.339652
22840753,-0.748864,-0.129287,0.554200,0.339632
22849086,-0.751760,-0.129473,0.550128,0.339782
22857419,-0.750248,-0.129501,0.552158,0.339822
22865752,-0.749819,-0.129293,0.552746,0.339892
22874085,-0.748993,-0.128936,0.553990,0.339822
22882418,-0.749898,-0.129160,0.552686,0.339867
22890751,-0.748694,-0.129293,0.554383,0.339707
22899084,-0.748604,-0.128745,0.554601,0.339757
22907417,-0.749195,-0.129098,0.553698,0.339794
22915750,-0.749821,-0.129570,0.552862,0.339593
22924083,-0.748965,-0.129226,0.554211,0.339414
22932416,-0.748561,-0.129094,0.554832,0.339341
22940749,-0.749315,-0.129040,0.553780,0.339416
22949082,-0.749635,-0.129133,0.553194,0.339631
22957415,-0.750201,-0.129064,0.552592,0.339386
22965748,-0.748128,-0.129310,0.555286,0.339471
22974081,-0.748020,-0.129537,0.555319,0.339568
22982414,-0.746623,-0.129623,0.557254,0.339442
22990747,-0.749058,-0.131153,0.553576,0.339506
22999080,-0.749050,-0.130874,0.553571,0.339639
23007413,-0.748428,-0.130161,0.554543,0.339699
23015746,-0.748485,-0.130368,0.554354,0.339802
23024079,-0.747599,-0.130848,0.555481,0.339728
23032412,-0.747833,-0.130857,0.555177,0.339706
23040745,-0.746559,-0.130503,0.556834,0.339933
23049078,-0.747387,-0.131007,0.555524,0.340062
23057411,-0.747640,-0.131530,0.555065,0.340055
23065744,-0.747681,-0.131139,0.554894,0.340395
23074077,-0.746174,-0.130763,0.556925,0.340530
23082410,-0.743411,-0.129921,0.560350,0.341276
23090743,-0.745643,-0.131033,0.557166,0.341194
23099076,-0.746932,-0.132054,0.555256,0.341094
23107409,-0.745642,-0.131708,0.556974,0.341248
23115742,-0.744942,-0.131060,0.558021,0.341316
23124075,-0.746240,-0.132129,0.555925,0.341489
23132408,-0.749123,-0.129170,0.552500,0.341867
23140741,-0.750949,-0.129123,0.549943,0.342004
23149074,-0.752444,-0.130441,0.547538,0.342076
23157407,-0.751705,-0.130673,0.548349,0.342311
23165740,-0.752091,-0.130974,0.547611,0.342531
23174073,-0.753936,-0.131087,0.544650,0.343152
23182406,-0.750693,-0.130132,0.549134,0.343478
23190739,-0.748291,-0.132454,0.552146,0.343004
23199072,-0.750855,-0.131702,0.548852,0.342978
23207405,-0.748669,-0.132963,0.551675,0.342738
23215738,-0.749171,-0.133669,0.550642,0.343029
23224071,-0.748141,-0.133250,0.552142,0.343028
23232404,-0.747592,-0.133012,0.552946,0.343023
23240737,-0.750478,-0.131910,0.549286,0.343027
23249070,-0.751546,-0.131925,0.547772,0.343104
23257403,-0.751185,-0.131834,0.548201,0.343246
23265736,-0.751301,-0.132245,0.548371,0.342560
23274069,-0.751287,-0.132462,0.548320,0.342588
23282402,-0.750807,-0.132400,0.548964,0.342632
23290735,-0.751397,-0.132263,0.547978,0.342972
23299068,-0.751035,-0.132408,0.548553,0.342789
23307401,-0.751610,-0.132582,0.547639,0.342922
23315734,-0.751361,-0.132680,0.548065,0.342751
23324067,-0.751199,-0.132635,0.548252,0.342822
23332400,-0.752005,-0.132502,0.547172,0.342832
23340733,-0.751537,-0.132537,0.547986,0.342546
23349066,-0.751355,-0.132671,0.548239,0.342488
23357399,-0.751511,-0.132525,0.547946,0.342672
23365732,-0.751003,-0.132644,0.548742,0.342464
23374065,-0.753415,-0.132903,0.544991,0.343057
23382398,-0.752053,-0.132551,0.547059,0.342889
23390731,-0.751520,-0.132350,0.547847,0.342876
23399064,-0.752293,-0.133249,0.546460,0.343048
23407397,-0.750716,-0.132469,0.548930,0.342859
23415730,-0.750938,-0.132458,0.548651,0.342824
23424063,-0.751001,-0.133014,0.548349,0.342954
23432396,-0.748083,-0.133929,0.552149,0.342880
23440729,-0.750387,-0.133070,0.549287,0.342777
23449062,-0.750329,-0.132605,0.549520,0.342711
23457395,-0.750096,-0.132465,0.549823,0.342788
23465728,-0.751428,-0.133259,0.547535,0.343224
23474061,-0.751178,-0.133218,0.547990,0.343062
23482394,-0.750744,-0.133247,0.548720,0.342835
23490727,-0.750941,-0.133503,0.548396,0.342822
23499060,-0.751150,-0.133716,0.547729,0.343346
23507393,-0.749917,-0.133047,0.549675,0.343191
23515726,-0.749812,-0.132856,0.550071,0.342860
23524059,-0.751180,-0.133192,0.548025,0.343012
23532392,-0.751417,-0.133407,0.547676,0.342967
23540725,-0.750837,-0.133331,0.548612,0.342770
23549058,-0.750404,-0.132805,0.549279,0.342854
23557391,-0.748832,-0.132297,0.551390,0.343100
23565724,-0.749642,-0.132873,0.550412,0.342678
23574057,-0.749957,-0.132909,0.549892,0.342808
23582390,-0.749845,-0.132736,0.550066,0.342843
23590723,-0.750263,-0.132864,0.549686,0.342486
23599056,-0.750504,-0.133022,0.549357,0.342428
23607389,-0.750783,-0.132804,0.548923,0.342596
23615722,-0.750887,-0.132885,0.548770,0.342580
23624055,-0.750514,-0.132652,0.549276,0.342677
23632388,-0.750533,-0.132770,0.549398,0.342394
23640721,-0.750599,-0.132589,0.549273,0.342522
23649054,-0.750232,-0.132389,0.549921,0.342363
23657387,-0.751775,-0.132821,0.547709,0.342356
23665720,-0.751041,-0.132717,0.548802,0.342257
23674053,-0.751071,-0.132774,0.548806,0.342164
23682386,-0.750893,-0.132669,0.549125,0.342082
23690719,-0.751529,-0.132312,0.548320,0.342115
23699052,-0.751320,-0.132467,0.548587,0.342087
23707385,-0.751937,-0.132812,0.547632,0.342128
23715718,-0.752651,-0.132642,0.546437,0.342534
23724051,-0.752144,-0.132515,0.547172,0.342522
23732384,-0.751709,-0.132750,0.547864,0.342280
23740717,-0.751846,-0.132527,0.547703,0.342325
23749050,-0.751886,-0.132620,0.547809,0.342030
23757383,-0.751859,-0.132632,0.547732,0.342209
23765716,-0.751890,-0.132459,0.547601,0.342415
23774049,-0.751432,-0.132490,0.548301,0.342289
23782382,-0.751395,-0.132693,0.548391,0.342148
23790715,-0.751234,-0.132606,0.548604,0.342194
23799048,-0.750641,-0.132554,0.549576,0.341955
23807381,-0.750242,-0.132582,0.550058,0.342046
23815714,-0.751366,-0.132865,0.548343,0.342223
23824047,-0.752427,-0.133023,0.546808,0.342286
23832380,-0.750823,-0.132600,0.549151,0.342222
23840713,-0.751485,-0.132819,0.548100,0.342368
23849046,-0.751329,-0.132679,0.548382,0.342312
23857379,-0.750432,-0.132400,0.549661,0.342337
23865712,-0.752549,-0.133046,0.546479,0.342534
23874045,-0.751128,-0.132681,0.548583,0.342431
23882378,-0.752333,-0.133567,0.546554,0.342686
23890711,-0.752515,-0.133319,0.546580,0.342340
23899044,-0.752463,-0.133359,0.546654,0.342321
23907377,-0.751319,-0.132826,0.548339,0.342347
23915710,-0.750957,-0.132598,0.548940,0.342266
23924043,-0.750885,-0.132644,0.549067,0.342204
23932376,-0.751190,-0.132618,0.548752,0.342048
23940709,-0.751698,-0.132762,0.547951,0.342162
23949042,-0.752356,-0.132696,0.546939,0.342360
23957375,-0.755142,-0.133333,0.542708,0.342711
23965708,-0.752694,-0.132701,0.546515,0.342292
23974041,-0.751631,-0.132638,0.548120,0.342085
23982374,-0.751748,-0.132718,0.547937,0.342091
23990707,-0.751744,-0.132887,0.547938,0.342032
23999040,-0.751476,-0.132711,0.548181,0.342302
24007373,-0.752820,-0.133003,0.546319,0.342210
24015706,-0.751678,-0.132720,0.547901,0.342300
24024039,-0.751986,-0.132781,0.547340,0.342498
24032372,-0.751113,-0.132698,0.549054,0.341702
24040705,-0.750949,-0.132733,0.549334,0.341599
24049038,-0.752932,-0.133052,0.546024,0.342416
24057371,-0.752738,-0.132372,0.546473,0.342390
24065704,-0.751762,-0.132740,0.547832,0.342219
24074037,-0.751925,-0.132952,0.547723,0.341953
24082370,-0.752977,-0.133361,0.546027,0.342193
24090703,-0.753545,-0.132998,0.545134,0.342507
24099036,-0.753411,-0.133525,0.545771,0.341581
24107369,-0.752404,-0.133389,0.547231,0.341517
24115702,-0.751334,-0.133042,0.548509,0.341957
24124035,-0.751678,-0.132903,0.547843,0.342324
24132368,-0.750745,-0.132734,0.549259,0.342168
24140701,-0.750823,-0.133035,0.549415,0.341628
24149034,-0.753934,-0.133232,0.544635,0.342352
24157367,-0.752705,-0.133276,0.546488,0.342086
24165700,-0.752060,-0.133090,0.547672,0.341683
24174033,-0.751861,-0.133067,0.547743,0.342016
24182366,-0.751929,-0.132880,0.547583,0.342198
24190699,-0.753307,-0.133176,0.545441,0.342473
24199032,-0.750233,-0.132226,0.550206,0.341966
24207365,-0.750420,-0.132510,0.549796,0.342104
24215698,-0.750605,-0.132688,0.549540,0.342039
24224031,-0.752185,-0.132724,0.547290,0.342164
24232364,-0.754837,-0.133356,0.543179,0.342629
24240697,-0.751942,-0.132780,0.547497,0.342346
24249030,-0.752430,-0.132727,0.546740,0.342503
24257363,-0.751547,-0.132355,0.548098,0.342415
24265696,-0.751871,-0.132777,0.547738,0.342116
24274029,-0.752135,-0.132723,0.547355,0.342169
24282362,-0.752384,-0.132753,0.546915,0.342315
24290695,-0.751409,-0.132587,0.548287,0.342326
24299028,-0.751173,-0.133018,0.548978,0.341569
24307361,-0.751388,-0.132805,0.548394,0.342114
24315694,-0.751602,-0.132737,0.548146,0.342069
24324027,-0.751484,-0.132836,0.548385,0.341905
24332360,-0.751118,-0.133117,0.549098,0.341457
24340693,-0.751764,-0.133358,0.547955,0.341776
24349026,-0.751735,-0.132947,0.547844,0.342178
24357359,-0.752988,-0.132939,0.546118,0.342185
24365692,-0.751528,-0.132884,0.548238,0.342028
24374025,-0.752582,-0.133351,0.546705,0.341981
24382358,-0.751660,-0.132752,0.548105,0.342001
24390691,-0.752014,-0.133140,0.547526,0.342000
24399024,-0.751457,-0.132870,0.548337,0.342032
24407357,-0.751314,-0.132639,0.548438,0.342271
24415690,-0.752120,-0.133088,0.547297,0.342154
24424023,-0.751155,-0.132787,0.548636,0.342246
24432356,-0.751583,-0.132824,0.547959,0.342378
24440689,-0.750995,-0.132753,0.548842,0.342280
24449022,-0.750949,-0.132846,0.548843,0.342344
24457355,-0.750979,-0.132851,0.548839,0.342283
24465688,-0.750853,-0.132740,0.549065,0.342238
24474021,-0.751481,-0.132882,0.548175,0.342232
24482354,-0.751038,-0.132527,0.548732,0.342449
24490687,-0.753262,-0.132947,0.545319,0.342855
24499020,-0.752841,-0.132952,0.546253,0.342289
24507353,-0.751631,-0.132859,0.548081,0.342061
24515686,-0.752748,-0.132885,0.546484,0.342152
24524019,-0.752679,-0.132639,0.546576,0.342253
24532352,-0.752114,-0.132714,0.547352,0.342225
24540685,-0.752775,-0.132971,0.546420,0.342160
24549018,-0.752066,-0.132858,0.547422,0.342162
24557351,-0.752143,-0.132867,0.547357,0.342091
24565684,-0.752154,-0.132650,0.547460,0.341987
24574017,-0.751844,-0.132726,0.547788,0.342115
24582350,-0.751751,-0.132706,0.547879,0.342182
24590683,-0.751616,-0.132720,0.548110,0.342102
24599016,-0.751019,-0.132721,0.549015,0.341963
24607349,-0.752109,-0.133080,0.547372,0.342061
24615682,-0.751657,-0.132865,0.548109,0.341958
24624015,-0.751944,-0.132972,0.547635,0.342045
24632348,-0.751788,-0.133047,0.547849,0.342016
24640681,-0.751584,-0.132809,0.548287,0.341856
24649014,-0.752262,-0.132758,0.547198,0.342127
24657347,-0.751264,-0.132572,0.548716,0.341963
24665680,-0.752929,-0.132694,0.546394,0.341970
24674013,-0.752304,-0.132623,0.547301,0.341924
24682346,-0.752518,-0.132530,0.546938,0.342070
24690679,-0.749973,-0.133376,0.550293,0.341949
24699012,-0.750906,-0.132844,0.549135,0.341970
24707345,-0.751762,-0.132573,0.547942,0.342108
24715678,-0.752727,-0.133028,0.546915,0.341453
24724011,-0.753463,-0.133456,0.545971,0.341173
24732344,-0.754951,-0.134032,0.543446,0.341688
24740677,-0.756601,-0.134338,0.540783,0.342142
24749010,-0.755974,-0.133140,0.541855,0.342301
24757343,-0.757091,-0.133555,0.540190,0.342302
24765676,-0.755846,-0.135040,0.541478,0.342437
24774009,-0.758321,-0.134353,0.537934,0.342820
24782342,-0.759282,-0.134200,0.536550,0.342921
24790675,-0.759327,-0.133993,0.536516,0.342958
24799008,-0.758905,-0.134116,0.537152,0.342847
24807341,-0.760203,-0.134497,0.535416,0.342536
24815674,-0.759115,-0.133962,0.536909,0.342822
24824007,-0.757971,-0.134654,0.538308,0.342890
24832340,-0.758494,-0.134208,0.537651,0.342939
24840673,-0.759137,-0.133982,0.536887,0.342801
24849006,-0.758700,-0.134424,0.537733,0.342267
24857339,-0.759457,-0.134542,0.536573,0.342363
24865672,-0.757123,-0.134316,0.540423,0.341565
24874005,-0.755313,-0.133917,0.542981,0.341672
24882338,-0.751781,-0.133631,0.548048,0.341484
24890671,-0.749942,-0.133703,0.550729,0.341186
24899004,-0.750934,-0.133575,0.549270,0.341405
24907337,-0.751168,-0.133440,0.548976,0.341417
24915670,-0.751437,-0.133748,0.548940,0.340762
24924003,-0.749699,-0.134368,0.550984,0.341046
24932336,-0.750157,-0.133680,0.550734,0.340714
24940669,-0.750824,-0.133495,0.549713,0.340966
24949002,-0.750643,-0.133356,0.549973,0.340999
24957335,-0.750343,-0.133038,0.550412,0.341078
24965668,-0.751905,-0.133445,0.548142,0.341134
24974001,-0.750906,-0.133213,0.549844,0.340685
24982334,-0.751002,-0.133566,0.549466,0.340943
24990667,-0.750521,-0.133014,0.550178,0.341072
24999000,-0.752029,-0.133527,0.547921,0.341182
25007333,-0.751329,-0.133391,0.548878,0.341238
25015666,-0.751327,-0.133659,0.548787,0.341286
25023999,-0.747909,-0.132198,0.553416,0.341886
25032332,-0.751051,-0.133289,0.548940,0.341792
25040665,-0.751382,-0.133447,0.548426,0.341827
25048998,-0.752173,-0.133650,0.547111,0.342116
25057331,-0.750978,-0.133400,0.549309,0.341316
25065664,-0.752727,-0.133817,0.546419,0.341939
25073997,-0.753077,-0.133781,0.545857,0.342078
25082330,-0.751108,-0.133433,0.549193,0.341202
25090663,-0.750937,-0.133922,0.549414,0.341033
25098996,-0.750734,-0.133743,0.549610,0.341233
25107329,-0.750608,-0.133187,0.549767,0.341474
25115662,-0.752025,-0.133697,0.547825,0.341279
25123995,-0.750990,-0.133656,0.549416,0.341016
25132328,-0.751134,-0.133967,0.549255,0.340836
25140661,-0.750998,-0.133192,0.549393,0.341218
25148994,-0.751116,-0.133171,0.548948,0.341682
25157327,-0.753271,-0.134035,0.545944,0.341413
25165660,-0.752483,-0.133427,0.547253,0.341293
25173993,-0.753246,-0.133582,0.546151,0.341316
25182326,-0.751329,-0.133536,0.548930,0.341100
25190659,-0.750664,-0.133513,0.549982,0.340878
25198992,-0.752234,-0.133693,0.547656,0.341091
25207325,-0.752208,-0.133866,0.547769,0.340900
25215658,-0.751412,-0.133514,0.548865,0.341030
25223991,-0.750769,-0.133286,0.549669,0.341239
25232324,-0.752673,-0.133533,0.546545,0.341965
25240657,-0.752136,-0.133127,0.547409,0.341924
25248990,-0.752570,-0.133257,0.546819,0.341864
25257323,-0.748902,-0.134794,0.551736,0.341413
25265656,-0.752196,-0.134183,0.547410,0.341376
25273989,-0.753039,-0.133575,0.546219,0.341665
25282322,-0.751359,-0.133237,0.548808,0.341346
25290655,-0.748081,-0.134651,0.553055,0.341137
25298988,-0.750684,-0.134232,0.549463,0.341387
25307321,-0.749287,-0.135446,0.551137,0.341279
25315654,-0.751320,-0.134062,0.548499,0.341604
25323987,-0.751315,-0.133307,0.548622,0.341713
25332320,-0.747162,-0.134323,0.553998,0.341750
25340653,-0.749676,-0.133640,0.551081,0.341227
25348986,-0.750576,-0.133416,0.549962,0.341142
25357319,-0.751374,-0.133379,0.548873,0.341155
25365652,-0.749301,-0.131998,0.551608,0.341837
25373985,-0.751353,-0.133571,0.548768,0.341293
25382318,-0.749088,-0.132152,0.551904,0.341769
25390651,-0.749645,-0.132954,0.551281,0.341241
25398984,-0.750258,-0.133230,0.550378,0.341242
25407317,-0.750590,-0.133261,0.550079,0.340983
25415650,-0.750581,-0.133047,0.549680,0.341729
25423983,-0.750780,-0.133051,0.549580,0.341452
25432316,-0.751986,-0.134160,0.547747,0.341308
25440649,-0.750757,-0.133372,0.549636,0.341286
25448982,-0.751162,-0.133548,0.549149,0.341110
25457315,-0.751212,-0.133203,0.548899,0.341537
25465648,-0.748508,-0.134518,0.552092,0.341812
25473981,-0.747856,-0.134440,0.553211,0.341460
25482314,-0.751410,-0.133531,0.548510,0.341598
25490647,-0.751177,-0.133099,0.548857,0.341722
25498980,-0.751106,-0.132822,0.548846,0.342004
25507313,-0.751829,-0.132891,0.548201,0.341420
25515646,-0.749047,-0.131637,0.552004,0.341894
25523979,-0.750465,-0.132796,0.549843,0.341819
25532312,-0.747293,-0.134261,0.553864,0.341704
25540645,-0.745913,-0.134375,0.555578,0.341891
25548978,-0.748312,-0.135250,0.552294,0.341626
25557311,-0.748011,-0.135054,0.552725,0.341664
25565644,-0.750698,-0.133345,0.549485,0.341669
25573977,-0.751597,-0.133047,0.548352,0.341629
25582310,-0.752440,-0.133039,0.546840,0.342198
25590643,-0.750291,-0.132079,0.549521,0.342994
25598976,-0.752238,-0.133548,0.547007,0.342177
25607309,-0.751701,-0.133790,0.548145,0.341442
25615642,-0.748397,-0.134950,0.552226,0.341667
25623975,-0.751167,-0.133802,0.548385,0.342227
25632308,-0.747650,-0.134904,0.553238,0.341683
25640641,-0.749639,-0.133397,0.550669,0.342066
25648974,-0.750585,-0.133119,0.549396,0.342148
25657307,-0.750868,-0.133126,0.549185,0.341863
25665640,-0.750379,-0.133412,0.549963,0.341574
25673973,-0.750315,-0.133474,0.550040,0.341567
25682306,-0.750192,-0.133571,0.550309,0.341365
25690639,-0.750225,-0.133608,0.550305,0.341285
25698972,-0.749840,-0.133269,0.550790,0.341481
25707305,-0.750282,-0.133438,0.550040,0.341654
25715638,-0.750262,-0.133209,0.550009,0.341836
25723971,-0.750076,-0.133436,0.550464,0.341424
25732304,-0.750332,-0.133354,0.550238,0.341257
25740637,-0.747038,-0.134459,0.554366,0.341371
25748970,-0.746626,-0.135173,0.554765,0.341341
25757303,-0.746326,-0.135078,0.554966,0.341708
25765636,-0.746360,-0.134713,0.555041,0.341656
25773969,-0.746006,-0.134859,0.555662,0.341361
25782302,-0.749859,-0.133737,0.550728,0.341358
25790635,-0.747767,-0.134677,0.553522,0.341057
25798968,-0.749837,-0.133336,0.550890,0.341300
25807301,-0.747207,-0.134499,0.554154,0.341328
25815634,-0.749733,-0.133716,0.550881,0.341396
25823967,-0.750463,-0.133549,0.550032,0.341226
25832300,-0.748340,-0.134926,0.552464,0.341416
25840633,-0.749694,-0.133699,0.550889,0.341475
25848966,-0.750734,-0.133193,0.549665,0.341359
25857299,-0.751144,-0.133226,0.549011,0.341496
25865632,-0.750019,-0.133161,0.550582,0.341465
25873965,-0.750222,-0.133403,0.550353,0.341294
25882298,-0.750370,-0.133159,0.550017,0.341606
25890631,-0.750148,-0.133080,0.550238,0.341768
25898964,-0.750382,-0.133028,0.549963,0.341717
25907297,-0.746937,-0.134066,0.554273,0.341898
25915630,-0.746773,-0.135110,0.554418,0.341608
25923963,-0.750895,-0.133676,0.549038,0.341826
25932296,-0.751180,-0.133177,0.548677,0.341973
25940629,-0.750318,-0.132808,0.549783,0.342232
25948962,-0.751245,-0.133448,0.548766,0.341582
25957295,-0.748013,-0.134820,0.552898,0.341474
25965628,-0.750780,-0.133836,0.549417,0.341406
25973961,-0.752433,-0.133155,0.546803,0.342229
25982294,-0.752208,-0.133239,0.547311,0.341879
25990627,-0.751675,-0.133574,0.548224,0.341458
25998960,-0.750425,-0.135122,0.549468,0.341599
26007293,-0.752452,-0.133925,0.546901,0.341732
26015626,-0.748830,-0.134739,0.551872,0.341374
26023959,-0.751117,-0.133689,0.548837,0.341655
26032292,-0.752267,-0.133503,0.547214,0.341802
26040625,-0.752498,-0.133592,0.546962,0.341662
26048958,-0.753027,-0.133891,0.546048,0.341842
26057291,-0.751946,-0.133542,0.547834,0.341499
26065624,-0.750147,-0.134936,0.549652,0.341986
26073957,-0.752350,-0.133733,0.546878,0.342066
26082290,-0.748601,-0.134297,0.552155,0.341593
26090623,-0.750983,-0.133391,0.548924,0.341926
26098956,-0.748654,-0.134451,0.551841,0.341923
26107289,-0.750953,-0.133749,0.549016,0.341704
26115622,-0.752906,-0.133627,0.546273,0.341851
26123955,-0.749058,-0.134732,0.551478,0.341514
26132288,-0.747129,-0.134947,0.553897,0.341740
26140621,-0.747400,-0.135070,0.553344,0.341993
26148954,-0.747378,-0.135246,0.553510,0.341705
26157287,-0.746192,-0.134829,0.555209,0.341704
26165620,-0.746368,-0.135153,0.554726,0.341975
26173953,-0.745948,-0.135241,0.555462,0.341663
26182286,-0.745183,-0.135290,0.556521,0.341589
26190619,-0.745405,-0.135358,0.556131,0.341713
26198952,-0.744901,-0.135253,0.556726,0.341884
26207285,-0.750471,-0.133561,0.549369,0.342269
26215618,-0.748409,-0.133700,0.552295,0.342022
26223951,-0.748005,-0.134692,0.552605,0.342014
26232284,-0.746766,-0.134691,0.554343,0.341911
26240617,-0.746556,-0.135320,0.554433,0.341973
26248950,-0.749895,-0.133501,0.550252,0.342137
26257283,-0.747512,-0.134667,0.553512,0.341637
26265616,-0.747853,-0.135336,0.552546,0.342188
26273949,-0.749701,-0.133913,0.550752,0.341595
26282282,-0.747910,-0.134423,0.553014,0.341666
26290615,-0.746470,-0.134790,0.554565,0.342158
26298948,-0.746244,-0.135046,0.554851,0.342086
26307281,-0.746164,-0.135435,0.555283,0.341405
26315614,-0.747386,-0.135807,0.553525,0.341440
26323947,-0.745661,-0.135293,0.555942,0.341488
26332280,-0.745718,-0.135119,0.555533,0.342098
26340613,-0.746064,-0.135468,0.555211,0.341728
26348946,-0.745604,-0.135449,0.556165,0.341186
26357279,-0.744928,-0.135437,0.557012,0.341287
26365612,-0.749802,-0.134072,0.550610,0.341540
26373945,-0.750453,-0.133424,0.550099,0.341189
26382278,-0.750235,-0.133236,0.550402,0.341252
26390611,-0.749855,-0.133092,0.551086,0.341041
26398944,-0.751196,-0.133060,0.548719,0.341917
26407277,-0.750902,-0.133176,0.549187,0.341765
26415610,-0.751582,-0.133154,0.547959,0.342249
26423943,-0.750454,-0.132963,0.549564,0.342226
26432276,-0.748593,-0.133520,0.551981,0.342195
26440609,-0.749910,-0.133676,0.549876,0.342640
26448942,-0.748908,-0.134137,0.551016,0.342820
26457275,-0.747043,-0.133708,0.553422,0.343182
26465608,-0.748197,-0.133332,0.551978,0.343139
26473941,-0.748943,-0.134176,0.550538,0.343495
26482274,-0.748943,-0.134364,0.550222,0.343928
26490607,-0.748600,-0.134279,0.550565,0.344157
26498940,-0.749323,-0.134725,0.549441,0.344208
26507273,-0.742703,-0.135434,0.557749,0.344915
26515606,-0.746536,-0.134933,0.552491,0.345299
26523939,-0.749776,-0.134574,0.547242,0.346774
26532272,-0.749178,-0.134233,0.547646,0.347559
26540605,-0.748989,-0.134650,0.547768,0.347613
26548938,-0.750026,-0.135056,0.546385,0.347397
26557271,-0.749302,-0.134840,0.547314,0.347579
26565604,-0.748713,-0.134254,0.547915,0.348129
26573937,-0.748527,-0.134873,0.548043,0.348087
26582270,-0.748991,-0.135065,0.547290,0.348201
26590603,-0.748689,-0.135004,0.547545,0.348472
26598936,-0.749739,-0.136043,0.545855,0.348462
26607269,-0.749386,-0.135656,0.546185,0.348855
26615602,-0.749948,-0.136367,0.545314,0.348733
26623935,-0.750322,-0.136796,0.544634,0.348824
26632268,-0.744619,-0.136780,0.551935,0.349573
26640601,-0.742212,-0.136373,0.554951,0.350075
26648934,-0.744554,-0.137495,0.551675,0.349841
26657267,-0.743745,-0.136581,0.552596,0.350466
26665600,-0.743263,-0.136417,0.553265,0.350498
26673933,-0.742533,-0.137043,0.554242,0.350257
26682266,-0.745198,-0.137955,0.550468,0.350192
26690599,-0.744146,-0.137286,0.551407,0.351212
26698932,-0.742819,-0.137448,0.553072,0.351340
26707265,-0.744506,-0.138588,0.550753,0.350963
26715598,-0.745033,-0.139091,0.549878,0.351017
26723931,-0.744510,-0.139551,0.550617,0.350787
26732264,-0.743652,-0.139914,0.551672,0.350804
26740597,-0.743791,-0.140441,0.551230,0.350994
26748930,-0.744354,-0.140722,0.550079,0.351494
26757263,-0.743703,-0.140609,0.550837,0.351729
26765596,-0.743471,-0.140914,0.551015,0.351819
26773929,-0.743321,-0.141374,0.551074,0.351858
26782262,-0.743999,-0.141747,0.549742,0.352359
26790595,-0.743041,-0.141758,0.550902,0.352564
26798928,-0.744193,-0.142303,0.549006,0.352873
26807261,-0.743529,-0.142573,0.549539,0.353332
26815594,-0.743115,-0.143233,0.549791,0.353544
26823927,-0.742906,-0.143328,0.549789,0.353949
26832260,-0.742465,-0.143414,0.550072,0.354400
26840593,-0.742797,-0.143737,0.549268,0.354820
26848926,-0.742606,-0.144082,0.549221,0.355152
26857259,-0.741454,-0.144046,0.550534,0.355541
26865592,-0.740700,-0.144101,0.551373,0.355788
26873925,-0.739609,-0.144148,0.552577,0.356173
26882258,-0.740112,-0.144513,0.551680,0.356370
26890591,-0.739917,-0.144519,0.551838,0.356527
26898924,-0.740440,-0.145291,0.550909,0.356564
26907257,-0.740120,-0.145224,0.551200,0.356807
26915590,-0.738877,-0.145215,0.552660,0.357128
26923923,-0.738292,-0.144889,0.553225,0.357596
26932256,-0.740935,-0.144984,0.549452,0.357906
26940589,-0.740252,-0.145998,0.550047,0.357994
26948922,-0.737983,-0.145028,0.553168,0.358264
26957255,-0.739117,-0.145564,0.551292,0.358599
26965588,-0.737972,-0.146362,0.552289,0.359100
26973921,-0.737500,-0.146998,0.552618,0.359303
26982254,-0.736999,-0.147337,0.553020,0.359572
26990587,-0.737549,-0.147861,0.551854,0.360022
26998920,-0.737332,-0.148278,0.552027,0.360030
27007253,-0.734317,-0.147847,0.555893,0.360421
27015586,-0.735002,-0.148008,0.554457,0.361168
27023919,-0.735268,-0.148573,0.553704,0.361551
27032252,-0.736267,-0.149152,0.551974,0.361925
27040585,-0.735103,-0.149011,0.553421,0.362139
27048918,-0.733743,-0.149966,0.554555,0.362767
27057251,-0.734947,-0.150766,0.552539,0.363075
27065584,-0.735287,-0.151218,0.551957,0.363084
27073917,-0.736433,-0.151912,0.550140,0.363229
27082250,-0.736152,-0.152322,0.550151,0.363610
27090583,-0.735555,-0.152751,0.550561,0.364017
27098916,-0.736240,-0.153275,0.549426,0.364127
27107249,-0.736452,-0.153827,0.548992,0.364120
27115582,-0.735446,-0.153375,0.550333,0.364319
27123915,-0.735180,-0.153656,0.550428,0.364595
27132248,-0.735662,-0.154082,0.549288,0.365161
27140581,-0.735001,-0.154065,0.549942,0.365514
27148914,-0.734527,-0.154280,0.550326,0.365799
27157247,-0.734122,-0.154449,0.550703,0.365975
27165580,-0.733947,-0.154553,0.550675,0.366322
27173913,-0.735371,-0.155097,0.548517,0.366474
27182246,-0.735261,-0.155331,0.548513,0.366602
27190579,-0.734984,-0.155444,0.548799,0.366681
27198912,-0.734186,-0.155531,0.549668,0.366941
27207245,-0.731382,-0.154075,0.553197,0.367852
27215578,-0.731046,-0.154135,0.553493,0.368048
27223911,-0.734482,-0.155707,0.548879,0.367456
27232244,-0.732655,-0.155524,0.551156,0.367772
27240577,-0.733751,-0.156105,0.549621,0.367638
27248910,-0.734095,-0.156314,0.549123,0.367606
27257243,-0.733719,-0.156509,0.549451,0.367785
27265576,-0.734268,-0.156941,0.548722,0.367591
27273909,-0.733478,-0.156787,0.549698,0.367777
27282242,-0.733759,-0.157019,0.549216,0.367839
27290575,-0.734134,-0.157407,0.548708,0.367682
27298908,-0.733711,-0.157079,0.549195,0.367939
27307241,-0.733768,-0.157643,0.549054,0.367794
27315574,-0.733754,-0.157687,0.548961,0.367943
27323907,-0.733867,-0.157876,0.548834,0.367825
27332240,-0.733617,-0.157637,0.549186,0.367902
27340573,-0.733456,-0.157596,0.549331,0.368023
27348906,-0.732977,-0.157508,0.549906,0.368157
27357239,-0.732305,-0.157691,0.550769,0.368126
27365572,-0.732084,-0.157555,0.550916,0.368403
27373905,-0.732334,-0.157440,0.550567,0.368478
27382238,-0.732453,-0.157620,0.550366,0.368463
27390571,-0.732315,-0.157726,0.550545,0.368426
27398904,-0.732822,-0.158168,0.549804,0.368334
27407237,-0.732230,-0.157848,0.550649,0.368386
27415570,-0.732106,-0.157875,0.550892,0.368258
27423903,-0.732064,-0.157878,0.550842,0.368416
27432236,-0.732409,-0.158219,0.550279,0.368425
27440569,-0.731342,-0.157888,0.551746,0.368493
27448902,-0.731279,-0.157895,0.551884,0.368408
27457235,-0.731648,-0.158205,0.551427,0.368226
27465568,-0.731959,-0.158128,0.550948,0.368359
27473901,-0.731713,-0.158217,0.551283,0.368308
27482234,-0.731776,-0.158422,0.551194,0.368228
27490567,-0.733069,-0.158972,0.549474,0.367990
27498900,-0.733881,-0.159361,0.548362,0.367861
27507233,-0.733834,-0.159116,0.548234,0.368252
27515566,-0.729737,-0.157479,0.553743,0.368854
27523899,-0.730270,-0.158855,0.552968,0.368371
27532232,-0.731444,-0.158940,0.551661,0.367964
27540565,-0.732120,-0.159052,0.550605,0.368152
27548898,-0.731190,-0.158830,0.551837,0.368254
27557231,-0.731685,-0.159149,0.551199,0.368087
27565564,-0.732150,-0.159493,0.550611,0.367894
27573897,-0.730758,-0.159229,0.552341,0.368182
27582230,-0.730366,-0.158962,0.552791,0.368402
27590563,-0.730901,-0.159302,0.551920,0.368499
27598896,-0.730437,-0.159018,0.552456,0.368738
27607229,-0.730571,-0.159205,0.552278,0.368659
27615562,-0.731346,-0.159230,0.551170,0.368769
27623895,-0.731365,-0.159354,0.551091,0.368795
27632228,-0.731301,-0.159606,0.551021,0.368918
27640561,-0.731945,-0.159962,0.550232,0.368665
27648894,-0.730192,-0.159006,0.552515,0.369139
27657227,-0.729280,-0.158776,0.553695,0.369273
27665560,-0.731036,-0.159554,0.551324,0.369013
27673893,-0.730432,-0.159209,0.552045,0.369281
27682226,-0.728517,-0.157861,0.554206,0.370403
27690559,-0.730071,-0.158778,0.552323,0.369765
27698892,-0.728835,-0.157963,0.553774,0.370379
27707225,-0.727874,-0.157709,0.554871,0.370735
27715558,-0.728456,-0.157903,0.554090,0.370679
27723891,-0.728742,-0.158103,0.553705,0.370606
27732224,-0.729669,-0.158388,0.552396,0.370614
27740557,-0.728676,-0.158231,0.553554,0.370908
27748890,-0.730218,-0.157564,0.551693,0.370933
27757223,-0.729725,-0.157945,0.552264,0.370890
27765556,-0.729150,-0.158470,0.552909,0.370836
27773889,-0.729133,-0.158682,0.552797,0.370946
27782222,-0.729106,-0.158849,0.552758,0.370986
27790555,-0.728361,-0.158492,0.553720,0.371167
27798888,-0.728476,-0.158512,0.553496,0.371267
27807221,-0.728931,-0.158269,0.552907,0.371355
27815554,-0.728333,-0.158692,0.553647,0.371245
27823887,-0.729148,-0.159128,0.552378,0.371349
27832220,-0.729529,-0.159170,0.551819,0.371413
27840553,-0.728920,-0.158724,0.552724,0.371453
27848886,-0.729115,-0.159095,0.552478,0.371279
27857219,-0.729127,-0.158999,0.552542,0.371201
27865552,-0.728603,-0.159031,0.553192,0.371248
27873885,-0.728536,-0.159134,0.553278,0.371209
27882218,-0.727491,-0.158626,0.554727,0.371312
27890551,-0.728599,-0.158978,0.553206,0.371257
27898884,-0.729112,-0.159340,0.552414,0.371276
27907217,-0.730016,-0.159025,0.551336,0.371236
27915550,-0.728639,-0.159415,0.553046,0.371231
27923883,-0.729499,-0.159331,0.552000,0.371134
27932216,-0.729240,-0.159278,0.552330,0.371176
27940549,-0.728738,-0.159659,0.552884,0.371172
27948882,-0.728550,-0.159577,0.553070,0.371300
27957215,-0.729416,-0.159576,0.551985,0.371215
27965548,-0.728117,-0.159426,0.553603,0.371419
27973881,-0.728578,-0.159469,0.553009,0.371382
27982214,-0.728363,-0.159546,0.553275,0.371374
27990547,-0.729041,-0.159885,0.552309,0.371337
27998880,-0.728539,-0.160005,0.552924,0.371355
28007213,-0.728793,-0.159940,0.552612,0.371348
28015546,-0.730303,-0.160332,0.550479,0.371380
28023879,-0.729646,-0.160173,0.551361,0.371434
28032212,-0.729496,-0.160059,0.551679,0.371306
28040545,-0.729450,-0.160089,0.551773,0.371242
28048878,-0.729346,-0.160409,0.551692,0.371429
28057211,-0.729047,-0.160481,0.552032,0.371479
28065544,-0.730338,-0.160603,0.550244,0.371543
28073877,-0.729343,-0.160374,0.551640,0.371528
28082210,-0.730657,-0.160911,0.549841,0.371379
28090543,-0.729502,-0.160346,0.551437,0.371528
28098876,-0.730371,-0.161220,0.549942,0.371659
28107209,-0.729366,-0.160561,0.551430,0.371712
28115542,-0.729908,-0.160906,0.550615,0.371708
28123875,-0.730475,-0.161055,0.549814,0.371715
28132208,-0.731403,-0.161360,0.548445,0.371782
28140541,-0.728786,-0.160065,0.551987,0.372237
28148874,-0.729084,-0.160654,0.551736,0.371771
28157207,-0.729424,-0.160715,0.551118,0.371995
28165540,-0.729656,-0.160811,0.550730,0.372074
28173873,-0.730239,-0.161030,0.549914,0.372041
28182206,-0.729576,-0.160746,0.550909,0.371992
28190539,-0.729931,-0.160840,0.550312,0.372139
28198872,-0.729126,-0.160506,0.551517,0.372078
28207205,-0.729185,-0.160405,0.551546,0.371962
28215538,-0.730135,-0.160690,0.550322,0.371789
28223871,-0.730837,-0.161081,0.549398,0.371607
28232204,-0.730037,-0.160738,0.550521,0.371667
28240537,-0.729282,-0.160877,0.551311,0.371918
28248870,-0.729391,-0.160776,0.551165,0.371963
28257203,-0.729097,-0.160608,0.551753,0.371741
28265536,-0.729216,-0.160612,0.551472,0.371921
28273869,-0.730353,-0.161245,0.549948,0.371675
28282202,-0.728653,-0.160276,0.552187,0.372110
28290535,-0.729429,-0.160793,0.551364,0.371588
28298868,-0.729928,-0.160874,0.550490,0.371867
28307201,-0.729286,-0.160755,0.551347,0.371908
28315534,-0.730662,-0.161432,0.549450,0.371723
28323867,-0.729272,-0.160878,0.551279,0.371984
28332200,-0.728315,-0.160972,0.552634,0.371808
28340533,-0.728229,-0.160931,0.552724,0.371859
28348866,-0.729179,-0.160896,0.551365,0.372031
28357199,-0.729143,-0.161041,0.551510,0.371824
28365532,-0.728538,-0.160582,0.552311,0.372020
28373865,-0.729107,-0.160923,0.551576,0.371849
28382198,-0.729816,-0.161351,0.550452,0.371937
28390531,-0.728080,-0.160732,0.552663,0.372328
28398864,-0.728931,-0.161227,0.551614,0.372005
28407197,-0.728961,-0.161039,0.551705,0.371894
28415530,-0.728748,-0.161048,0.552023,0.371834
28423863,-0.728630,-0.160999,0.552095,0.371980
28432196,-0.728250,-0.161086,0.552776,0.371675
28440529,-0.727875,-0.160843,0.553271,0.371779
28448862,-0.729288,-0.161044,0.551437,0.371647
28457195,-0.728573,-0.160855,0.552064,0.372199
28465528,-0.729857,-0.161000,0.550602,0.371786
28473861,-0.727985,-0.160329,0.553220,0.371861
28482194,-0.727891,-0.160760,0.553319,0.371710
28490527,-0.729158,-0.160753,0.551543,0.371870
28498860,-0.730286,-0.161133,0.550077,0.371664
28507193,-0.728656,-0.160305,0.552162,0.372129
28515526,-0.728233,-0.160642,0.552815,0.371843
28523859,-0.728179,-0.161100,0.552753,0.371842
28532192,-0.728434,-0.160991,0.552561,0.371676
28540525,-0.729453,-0.160705,0.551314,0.371652
28548858,-0.728618,-0.160690,0.552328,0.371791
28557191,-0.728015,-0.160345,0.553202,0.371822
28565524,-0.729792,-0.160856,0.550644,0.371914
28573857,-0.728840,-0.160664,0.551976,0.371890
28582190,-0.728665,-0.160945,0.552196,0.371785
28590523,-0.729297,-0.161107,0.551377,0.371692
28598856,-0.729626,-0.161376,0.550970,0.371532
28607189,-0.730221,-0.160751,0.550330,0.371582
28615522,-0.728572,-0.160060,0.552613,0.371729
28623855,-0.729472,-0.160447,0.551377,0.371631
28632188,-0.729282,-0.160759,0.551594,0.371549
28640521,-0.728194,-0.160125,0.553097,0.371722
28648854,-0.728096,-0.160464,0.553162,0.371671
28657187,-0.727477,-0.160168,0.553972,0.371803
28665520,-0.728209,-0.160440,0.553065,0.371604
28673853,-0.727204,-0.160219,0.554409,0.371665
28682186,-0.728175,-0.160735,0.553227,0.371301
28690519,-0.727475,-0.160441,0.554221,0.371320
28698852,-0.727534,-0.159781,0.554216,0.371495
28707185,-0.729470,-0.161077,0.551431,0.371283
28715518,-0.728276,-0.160221,0.553115,0.371492
28723851,-0.729518,-0.160460,0.551583,0.371230
28732184,-0.729281,-0.160748,0.551959,0.371014
28740517,-0.728541,-0.160822,0.552832,0.371135
28748850,-0.728892,-0.160651,0.552441,0.371102
28757183,-0.729121,-0.160818,0.552185,0.370960
28765516,-0.729653,-0.160735,0.551473,0.371009
28773849,-0.728627,-0.160579,0.552848,0.371049
28782182,-0.728615,-0.160713,0.552778,0.371119
28790515,-0.729290,-0.160811,0.551777,0.371237
28798848,-0.729963,-0.160332,0.551124,0.371093
28807181,-0.728883,-0.160184,0.552473,0.371274
28815514,-0.727412,-0.159842,0.554376,0.371470
28823847,-0.729254,-0.160306,0.552062,0.371103
28832180,-0.730367,-0.160282,0.550648,0.371026
28840513,-0.728225,-0.159931,0.553357,0.371357
28848846,-0.728401,-0.159893,0.553136,0.371360
28857179,-0.729506,-0.160420,0.551727,0.371058
28865512,-0.728492,-0.160262,0.553037,0.371167
28873845,-0.727864,-0.160195,0.553807,0.371281
28882178,-0.727352,-0.160136,0.554581,0.371153
28890511,-0.730129,-0.160428,0.550928,0.371015
28898844,-0.728338,-0.160055,0.553319,0.371139
28907177,-0.728679,-0.160004,0.552873,0.371157
28915510,-0.729128,-0.160122,0.552288,0.371096
28923843,-0.728354,-0.159983,0.553374,0.371058
28932176,-0.729320,-0.159834,0.552151,0.371046
28940509,-0.729852,-0.160156,0.551513,0.370809
28948842,-0.728051,-0.159755,0.553773,0.371155
28957175,-0.727901,-0.159832,0.553949,0.371153
28965508,-0.728573,-0.159762,0.553171,0.371024
28973841,-0.729243,-0.160233,0.552364,0.370708
28982174,-0.728299,-0.159891,0.553555,0.370935
28990507,-0.728552,-0.160015,0.553195,0.370921
28998840,-0.728299,-0.159976,0.553510,0.370964
29007173,-0.730374,-0.160630,0.550660,0.370844
29015506,-0.728426,-0.159976,0.553175,0.371214
29023839,-0.728333,-0.159714,0.553458,0.371089
29032172,-0.727516,-0.159852,0.554503,0.371073
29040505,-0.728589,-0.159757,0.553165,0.371004
29048838,-0.728633,-0.159828,0.553010,0.371119
29057171,-0.728599,-0.160189,0.552982,0.371072
29065504,-0.727756,-0.160074,0.554066,0.371159
29073837,-0.727823,-0.159970,0.553965,0.371221
29082170,-0.728148,-0.159978,0.553646,0.371058
29090503,-0.728335,-0.160123,0.553410,0.370979
29098836,-0.729332,-0.160455,0.552159,0.370742
29107169,-0.728119,-0.160248,0.553680,0.370948
29115502,-0.728574,-0.160163,0.553073,0.370996
29123835,-0.729535,-0.160736,0.551840,0.370695
29132168,-0.727288,-0.159978,0.554838,0.370963
29140501,-0.727078,-0.159852,0.555125,0.371000
29148834,-0.727321,-0.159942,0.554679,0.371152
29157167,-0.727935,-0.160169,0.553896,0.371019
29165500,-0.729378,-0.160150,0.551957,0.371085
29173833,-0.728444,-0.160260,0.553190,0.371034
29182166,-0.728320,-0.160585,0.553385,0.370846
29190499,-0.728039,-0.160031,0.553774,0.371057
29198832,-0.727325,-0.160210,0.554671,0.371042
29207165,-0.727183,-0.160129,0.554897,0.371016
29215498,-0.728687,-0.160284,0.552931,0.370934
29223831,-0.728101,-0.160187,0.553712,0.370961
29232164,-0.727656,-0.160136,0.554347,0.370908
29240497,-0.727946,-0.160535,0.553894,0.370843
29248830,-0.727371,-0.160285,0.554668,0.370923
29257163,-0.727120,-0.160307,0.555011,0.370892
29265496,-0.727102,-0.160481,0.555048,0.370797
29273829,-0.727206,-0.160160,0.554882,0.370981
29282162,-0.729029,-0.160041,0.552715,0.370688
29290495,-0.727604,-0.159987,0.554542,0.370783
29298828,-0.728667,-0.159810,0.553175,0.370813
29307161,-0.728562,-0.160061,0.553215,0.370852
29315494,-0.727180,-0.160140,0.554968,0.370910
29323827,-0.727284,-0.160040,0.554837,0.370946
29332160,-0.727794,-0.160299,0.553996,0.371090
29340493,-0.727734,-0.160307,0.554189,0.370918
29348826,-0.727435,-0.160210,0.554646,0.370863
29357159,-0.728440,-0.160120,0.553391,0.370803
29365492,-0.728579,-0.160067,0.553200,0.370838
29373825,-0.728199,-0.160231,0.553598,0.370920
29382158,-0.729440,-0.160564,0.552131,0.370524
29390491,-0.728040,-0.160477,0.553828,0.370783
29398824,-0.727228,-0.160033,0.554895,0.370973
29407157,-0.727442,-0.160255,0.554553,0.370967
29415490,-0.727583,-0.160339,0.554361,0.370942
29423823,-0.727707,-0.160675,0.554184,0.370818
29432156,-0.728378,-0.160337,0.553422,0.370785
29440489,-0.727291,-0.160190,0.554755,0.370991
29448822,-0.727679,-0.160514,0.554211,0.370902
29457155,-0.727427,-0.160459,0.554611,0.370822
29465488,-0.727671,-0.160517,0.554267,0.370833
29473821,-0.727603,-0.160237,0.554362,0.370946
29482154,-0.727649,-0.160324,0.554304,0.370905
29490487,-0.728074,-0.160648,0.553775,0.370719
29498820,-0.727774,-0.160483,0.554217,0.370720
29507153,-0.727182,-0.160531,0.554937,0.370784
29515486,-0.727873,-0.160503,0.554065,0.370744
29523819,-0.728022,-0.160456,0.553876,0.370754
29532152,-0.728835,-0.160894,0.552723,0.370689
29540485,-0.728311,-0.160698,0.553460,0.370703
29548818,-0.728238,-0.160735,0.553461,0.370829
29557151,-0.728362,-0.160613,0.553384,0.370755
29565484,-0.728480,-0.160831,0.553078,0.370883
29573817,-0.728448,-0.160908,0.553221,0.370701
29582150,-0.727838,-0.160568,0.554084,0.370758
29590483,-0.727881,-0.160486,0.554082,0.370710
29598816,-0.727674,-0.160302,0.554303,0.370865
29607149,-0.729196,-0.160370,0.552515,0.370516
29615482,-0.728359,-0.160303,0.553513,0.370701
29623815,-0.727472,-0.160344,0.554690,0.370666
29632148,-0.727960,-0.160279,0.554140,0.370559
29640481,-0.728341,-0.160064,0.553751,0.370485
29648814,-0.728238,-0.160049,0.554001,0.370319
29657147,-0.729860,-0.160881,0.551692,0.370212
29665480,-0.729008,-0.160373,0.553031,0.370115
29673813,-0.730428,-0.160382,0.550883,0.370514
29682146,-0.729851,-0.160003,0.551744,0.370533
29690479,-0.729201,-0.160195,0.552852,0.370079
29698812,-0.729611,-0.160274,0.552401,0.369909
29707145,-0.729172,-0.160093,0.552997,0.369964
29715478,-0.729471,-0.159642,0.552654,0.370081
29723811,-0.731219,-0.159691,0.550565,0.369725
29732144,-0.733545,-0.160255,0.547464,0.369477
29740477,-0.734843,-0.160689,0.545802,0.369167
29748810,-0.735967,-0.160719,0.544353,0.369056
29757143,-0.737786,-0.161179,0.542068,0.368586
29765476,-0.738684,-0.161957,0.541358,0.367489
29773809,-0.743140,-0.163669,0.536425,0.364971
29782142,-0.748982,-0.166182,0.529191,0.362446
29790475,-0.752253,-0.167920,0.525290,0.360539
29798808,-0.756770,-0.169843,0.519745,0.358215
29807141,-0.762462,-0.173501,0.513384,0.353532
29815474,-0.770411,-0.177829,0.503457,0.348389
29823807,-0.777169,-0.181861,0.494930,0.343481
29832140,-0.784887,-0.187497,0.485442,0.336368
29840473,-0.795185,-0.194341,0.472124,0.327125
29848806,-0.802262,-0.199195,0.462778,0.320208
29857139,-0.803881,-0.201195,0.460537,0.318122
29865472,-0.805335,-0.201985,0.458506,0.316874
29873805,-0.807497,-0.203157,0.455167,0.315435
29882138,-0.810238,-0.204385,0.451140,0.313391
29890471,-0.811297,-0.205056,0.449617,0.312400
29898804,-0.811163,-0.205196,0.449991,0.312117
29907137,-0.808995,-0.204366,0.454038,0.312427
29915470,-0.806673,-0.202826,0.458381,0.313093
29923803,-0.804193,-0.201217,0.462343,0.314682
29932136,-0.802217,-0.199294,0.465160,0.316790
29940469,-0.798803,-0.196978,0.470293,0.319276
29948802,-0.795254,-0.194335,0.475764,0.321640
29957135,-0.792047,-0.192450,0.480613,0.323475
29965468,-0.789741,-0.191142,0.484340,0.324329
29973801,-0.789212,-0.190775,0.485032,0.324796
29982134,-0.787661,-0.189435,0.487848,0.325130
29990467,-0.790266,-0.189496,0.483455,0.325334
29998800,-0.789262,-0.188700,0.485280,0.325517
30007133,-0.788625,-0.188844,0.486356,0.325371
30015466,-0.786627,-0.188006,0.490205,0.324917
30023799,-0.785956,-0.186902,0.491878,0.324650
30032132,-0.785421,-0.185384,0.493467,0.324402
30040465,-0.786145,-0.184589,0.493128,0.323616
30048798,-0.783116,-0.182564,0.498484,0.323904
30057131,-0.782580,-0.181919,0.499751,0.323610
30065464,-0.782750,-0.182423,0.499501,0.323301
30073797,-0.783494,-0.182716,0.498370,0.323079
30082130,-0.783356,-0.182579,0.498385,0.323467
30090463,-0.783208,-0.181659,0.498732,0.323810
30098796,-0.782807,-0.181166,0.499317,0.324153
30107129,-0.784343,-0.181312,0.496631,0.324482
30115462,-0.783975,-0.181656,0.497212,0.324292
30123795,-0.783825,-0.181522,0.497668,0.324029
30132128,-0.783969,-0.181030,0.497521,0.324181
30140461,-0.784247,-0.180980,0.497049,0.324262
30148794,-0.785708,-0.181128,0.494596,0.324394
30157127,-0.785934,-0.181013,0.494347,0.324289
30165460,-0.786068,-0.180774,0.494313,0.324148
30173793,-0.786677,-0.180699,0.493495,0.323960
30182126,-0.786952,-0.180573,0.493379,0.323539
30190459,-0.786831,-0.180718,0.493520,0.323537
30198792,-0.786726,-0.180871,0.493686,0.323454
30207125,-0.786769,-0.180602,0.493793,0.323336
30215458,-0.787257,-0.181033,0.492975,0.323156
30223791,-0.786938,-0.180864,0.493709,0.322906
30232124,-0.787248,-0.181370,0.493203,0.322639
30240457,-0.787480,-0.181505,0.492760,0.322674
30248790,-0.785951,-0.181001,0.495711,0.322165
30257123,-0.785684,-0.181033,0.496223,0.322009
30265456,-0.786153,-0.180826,0.495762,0.321692
30273789,-0.787706,-0.181272,0.493216,0.321554
30282122,-0.787146,-0.181076,0.494465,0.321119
30290455,-0.786151,-0.181116,0.496313,0.320682
30298788,-0.786718,-0.180883,0.495924,0.320024
30307121,-0.786520,-0.181297,0.496975,0.318643
30315454,-0.783857,-0.180196,0.501655,0.318496
30323787,-0.783152,-0.179597,0.503180,0.318163
30332120,-0.781429,-0.177878,0.506058,0.318800
30340453,-0.779953,-0.176823,0.508818,0.318608
30348786,-0.774081,-0.175226,0.518523,0.318163
30357119,-0.772050,-0.174491,0.522548,0.316917
30365452,-0.768632,-0.173903,0.528873,0.315049
30373785,-0.761201,-0.171400,0.540720,0.314351
30382118,-0.753339,-0.169083,0.553431,0.312418
30390451,-0.746681,-0.165635,0.565049,0.309438
30398784,-0.740324,-0.163955,0.576057,0.305282
30407117,-0.745419,-0.167337,0.570754,0.300979
30415450,-0.743510,-0.167519,0.576254,0.295062
30423783,-0.731394,-0.163046,0.595269,0.290058
30432116,-0.719609,-0.158124,0.612894,0.285519
30440449,-0.707402,-0.153999,0.629964,0.281092
30448782,-0.690777,-0.146679,0.650976,0.278464
30457115,-0.673313,-0.140679,0.671643,0.275236
30465448,-0.653831,-0.131165,0.693210,0.273425
30473781,-0.632778,-0.124029,0.714977,0.270216
30482114,-0.607641,-0.116768,0.738965,0.266586
30490447,-0.581870,-0.106538,0.762325,0.262560
30498780,-0.553852,-0.095798,0.785650,0.258505
30507113,-0.538708,-0.090733,0.798250,0.253689
30515446,-0.527839,-0.087932,0.807318,0.248781
30523779,-0.525894,-0.088320,0.809785,0.244711
30532112,-0.527877,-0.089215,0.809664,0.240481
30540445,-0.530514,-0.091536,0.808864,0.236461
30548778,-0.535840,-0.094155,0.805439,0.235112
30557111,-0.542255,-0.095816,0.800955,0.235054
30565444,-0.547226,-0.094315,0.796554,0.239063
30573777,-0.548547,-0.093778,0.794431,0.243272
30582110,-0.550485,-0.093212,0.791643,0.248150
30590443,-0.547640,-0.089248,0.792529,0.253029
30598776,-0.545140,-0.086785,0.793340,0.256713
30607109,-0.546993,-0.086155,0.791213,0.259534
30615442,-0.551512,-0.088712,0.786905,0.262194
30623775,-0.552648,-0.092363,0.785057,0.264072
30632108,-0.554962,-0.093697,0.782127,0.267424
30640441,-0.554695,-0.100054,0.780901,0.269252
30648774,-0.556582,-0.104362,0.778725,0.270022
30657107,-0.562477,-0.113637,0.773181,0.269995
30665440,-0.565225,-0.120120,0.770364,0.269501
30673773,-0.570585,-0.129469,0.764759,0.269841
30682106,-0.571310,-0.137544,0.762958,0.269410
30690439,-0.573305,-0.148370,0.759066,0.270420
30698772,-0.571219,-0.158707,0.758356,0.270958
30707105,-0.568616,-0.164766,0.759299,0.270171
30715438,-0.567205,-0.174321,0.757041,0.273459
30723771,-0.566657,-0.184956,0.753600,0.277088
30732104,-0.568610,-0.194037,0.748612,0.280379
30740437,-0.564058,-0.199469,0.749744,0.282727
30748770,-0.561115,-0.205223,0.748916,0.286632
30757103,-0.558532,-0.208610,0.748843,0.289409
30765436,-0.552348,-0.212793,0.751211,0.292083
30773769,-0.549459,-0.218881,0.750898,0.293833
30782102,-0.544849,-0.220059,0.753671,0.294438
30790435,-0.543468,-0.225152,0.753417,0.293790
30798768,-0.539622,-0.232705,0.754107,0.293222
30807101,-0.537270,-0.239220,0.754407,0.291521
30815434,-0.539469,-0.245877,0.751863,0.288478
30823767,-0.533695,-0.253090,0.755192,0.284254
30832100,-0.528737,-0.258460,0.758331,0.280304
30840433,-0.523607,-0.266272,0.760882,0.275669
30848766,-0.517482,-0.269756,0.765714,0.270419
30857099,-0.519175,-0.276395,0.764298,0.264410
30865432,-0.510588,-0.280722,0.770660,0.258028
30873765,-0.505180,-0.282872,0.775723,0.251059
30882098,-0.494114,-0.284563,0.783435,0.247194
30890431,-0.504820,-0.302804,0.773061,0.236312
30898764,-0.488973,-0.308489,0.781707,0.233824
30907097,-0.480628,-0.317539,0.784904,0.228236
30915430,-0.462991,-0.319770,0.795743,0.224010
30923763,-0.458420,-0.329925,0.796482,0.215909
30932096,-0.445386,-0.331767,0.805208,0.207850
30940429,-0.431214,-0.330443,0.816053,0.197280
30948762,-0.414540,-0.322728,0.830775,0.183891
30957095,-0.397662,-0.309171,0.847241,0.168705
30965428,-0.375389,-0.290368,0.866942,0.152258
30973761,-0.349098,-0.264896,0.888881,0.133607
30982094,-0.324877,-0.237953,0.908236,0.113761
30990427,-0.290098,-0.202680,0.930216,0.097272
30998760,-0.255721,-0.169975,0.948332,0.079891
31007093,-0.216693,-0.138447,0.964219,0.064488
31015426,-0.190239,-0.113486,0.973872,0.050033
31023759,-0.175803,-0.091862,0.979403,0.037743
31032092,-0.177150,-0.077273,0.980724,0.028761
31040425,-0.169271,-0.064051,0.983112,0.027137
31048758,-0.172221,-0.056734,0.982916,0.031577
31057091,-0.186101,-0.058867,0.979988,0.039047
31065424,-0.183142,-0.064491,0.979645,0.050938
31073757,-0.186691,-0.069874,0.977809,0.064451
31082090,-0.195884,-0.085412,0.973580,0.080474
31090423,-0.194684,-0.097846,0.971266,0.095746
31098756,-0.200998,-0.111810,0.966627,0.112835
31107089,-0.208653,-0.129795,0.961019,0.126729
31115422,-0.213215,-0.139271,0.956232,0.144095
31123755,-0.211120,-0.156851,0.952014,0.156510
31132088,-0.219080,-0.176821,0.944430,0.169677
31140421,-0.216021,-0.188967,0.939586,0.186558
31148754,-0.231741,-0.202724,0.930408,0.198848
31157087,-0.237189,-0.220441,0.922376,0.210641
31165420,-0.244836,-0.236067,0.914170,0.220501
31173753,-0.253967,-0.259238,0.902418,0.232246
31182086,-0.258847,-0.277937,0.892382,0.243728
31190419,-0.269228,-0.296894,0.881379,0.250082
31198752,-0.278418,-0.315314,0.870017,0.257160
31207085,-0.282519,-0.327669,0.861530,0.265671
31215418,-0.285624,-0.345791,0.852485,0.268546
31223751,-0.298236,-0.366202,0.837790,0.273971
31232084,-0.309375,-0.389447,0.822297,0.276490
31240417,-0.315180,-0.401764,0.815373,0.272790
31248750,-0.319810,-0.417333,0.805297,0.273955
31257083,-0.324402,-0.431669,0.795100,0.276117
31265416,-0.316772,-0.438185,0.794009,0.277849
31273749,-0.324840,-0.456312,0.778700,0.282640
31282082,-0.324824,-0.470510,0.770045,0.283091
31290415,-0.331035,-0.494266,0.756467,0.271798
31298748,-0.334237,-0.506281,0.748387,0.268111
31307081,-0.324986,-0.522109,0.742343,0.265918
31315414,-0.324809,-0.536693,0.735428,0.256137
31323747,-0.321026,-0.549462,0.730788,0.246947
31332080,-0.306513,-0.575390,0.722393,0.230489
31340413,-0.295889,-0.583647,0.721527,0.226283
31348746,-0.285127,-0.605952,0.711220,0.213755
31357079,-0.275340,-0.616267,0.707601,0.209055
31365412,-0.259021,-0.637861,0.698266,0.196127
31373745,-0.252168,-0.655917,0.683970,0.195881
31382078,-0.225411,-0.658541,0.692164,0.190847
31390411,-0.206391,-0.662621,0.695082,0.187609
31398744,-0.188402,-0.665646,0.695291,0.194909
31407077,-0.180048,-0.669864,0.695455,0.187636
31415410,-0.171697,-0.669666,0.698029,0.186612
31423743,-0.156770,-0.669991,0.696484,0.203580
31432076,-0.142836,-0.665742,0.699587,0.216711
31440409,-0.135820,-0.666978,0.696096,0.228348
31448742,-0.138524,-0.676183,0.687476,0.225753
31457075,-0.137636,-0.676911,0.686717,0.226422
31465408,-0.134450,-0.670847,0.690987,0.233291
31473741,-0.139065,-0.671889,0.690163,0.230001
31482074,-0.141572,-0.668583,0.692614,0.230739
31490407,-0.144248,-0.668770,0.690682,0.234305
31498740,-0.148931,-0.669772,0.686615,0.240385
31507073,-0.152540,-0.678767,0.678727,0.235236
31515406,-0.153345,-0.681973,0.676112,0.232961
31523739,-0.154300,-0.682920,0.675509,0.231301
31532072,-0.157447,-0.685769,0.673334,0.227052
31540405,-0.134560,-0.674900,0.682115,0.247231
31548738,-0.107408,-0.661247,0.692627,0.267366
31557071,-0.110134,-0.662481,0.691642,0.265748
31565404,-0.105212,-0.664279,0.689036,0.269988
31573737,-0.105505,-0.656238,0.693375,0.278301
31582070,-0.093497,-0.663951,0.686543,0.281222
31590403,-0.100904,-0.628336,0.733041,0.240132
31598736,-0.108205,-0.643073,0.721774,0.231927
31607069,-0.098827,-0.627669,0.735395,0.235499
31615402,-0.097491,-0.627423,0.736245,0.234051
31623735,-0.084657,-0.632893,0.727995,0.249604
31632068,-0.077744,-0.637716,0.723553,0.252476
31640401,-0.076704,-0.641295,0.721792,0.248745
31648734,-0.074670,-0.641814,0.724529,0.239909
31657067,-0.071590,-0.646137,0.722723,0.234633
31665400,-0.066159,-0.646207,0.722901,0.235484
31673733,-0.058014,-0.643395,0.724951,0.239003
31682066,-0.051506,-0.638991,0.728041,0.242886
31690399,-0.045982,-0.636352,0.728567,0.249263
31698732,-0.044017,-0.632861,0.730893,0.251683
31707065,-0.049132,-0.636482,0.726529,0.254229
31715398,-0.042568,-0.634975,0.726001,0.260608
31723731,-0.037678,-0.632784,0.726144,0.266232
31732064,-0.036215,-0.630777,0.726383,0.270512
31740397,-0.032912,-0.634256,0.723432,0.270709
31748730,-0.039311,-0.639719,0.719827,0.266577
31757063,-0.037798,-0.637566,0.720767,0.269399
31765396,-0.041485,-0.636946,0.720443,0.271184
31773729,-0.048624,-0.642420,0.715691,0.269663
31782062,-0.057094,-0.647434,0.712583,0.264188
31790395,-0.059253,-0.647579,0.712040,0.264818
31798728,-0.059760,-0.646801,0.711951,0.266837
31807061,-0.061432,-0.662314,0.701979,0.254542
31815394,-0.064027,-0.668798,0.697480,0.249263
31823727,-0.067547,-0.667625,0.698001,0.250018
31832060,-0.066185,-0.663369,0.699729,0.256791
31840393,-0.062064,-0.650603,0.706243,0.272186
31848726,-0.064509,-0.647802,0.708025,0.273662
31857059,-0.064901,-0.648278,0.707972,0.272580
31865392,-0.065939,-0.648326,0.707961,0.272244
31873725,-0.066536,-0.648273,0.708098,0.271870
31882058,-0.067531,-0.649561,0.707514,0.270064
31890391,-0.067673,-0.651812,0.706295,0.267786
31898724,-0.067346,-0.653543,0.705531,0.265653
31907057,-0.068489,-0.654956,0.704861,0.263653
31915390,-0.068470,-0.655345,0.704681,0.263171
31923723,-0.067839,-0.655193,0.704843,0.263280
31932056,-0.067805,-0.655806,0.704693,0.262163
31940389,-0.067342,-0.654786,0.705449,0.262795
31948722,-0.067419,-0.655045,0.705398,0.262266
31957055,-0.066634,-0.653348,0.706408,0.263976
31965388,-0.066286,-0.651928,0.707425,0.264851
31973721,-0.066499,-0.651293,0.707971,0.264901
31982054,-0.066616,-0.650785,0.708388,0.265005
31990387,-0.064368,-0.648218,0.709879,0.267847
31998720,-0.063367,-0.648404,0.709615,0.268335
32007053,-0.064040,-0.647056,0.710343,0.269499
32015386,-0.062280,-0.645256,0.711390,0.271459
32023719,-0.058493,-0.644414,0.711907,0.272941
32032052,-0.058187,-0.646088,0.711096,0.271159
32040385,-0.055214,-0.646174,0.711437,0.270679
32048718,-0.051731,-0.643669,0.713403,0.272158
32057051,-0.052132,-0.644452,0.714170,0.268189
32065384,-0.052203,-0.646504,0.714499,0.262296
32073717,-0.049455,-0.643963,0.717745,0.260209
32082050,-0.049833,-0.645038,0.718688,0.254812
32090383,-0.055415,-0.651964,0.716381,0.242222
32098716,-0.052051,-0.654054,0.715816,0.238979
32107049,-0.064421,-0.653427,0.721578,0.219561
32115382,-0.083627,-0.662247,0.717206,0.200129
32123714,-0.086050,-0.668361,0.712952,0.193879
32132047,-0.084547,-0.661733,0.721619,0.185003
32140380,-0.101774,-0.674565,0.706993,0.186453
32148714,-0.113530,-0.682895,0.697910,0.183542
32157047,-0.116748,-0.686069,0.692630,0.189588
32165380,-0.102807,-0.671481,0.712466,0.175887
32173713,-0.095788,-0.662522,0.722433,0.173144
32182046,-0.085447,-0.661019,0.720582,0.191086
32190379,-0.085075,-0.663831,0.717467,0.193214
32198712,-0.092522,-0.671226,0.711867,0.184772
32207045,-0.094539,-0.673350,0.709574,0.184841
32215378,-0.097256,-0.675927,0.706674,0.185137
32223711,-0.101496,-0.676022,0.705321,0.187655
32232044,-0.106122,-0.680451,0.700581,0.186843
32240377,-0.110039,-0.684811,0.695875,0.186234
32248710,-0.117692,-0.675832,0.702931,0.187849
32257043,-0.123060,-0.676926,0.701932,0.184170
32265376,-0.122486,-0.678094,0.701148,0.183241
32273709,-0.128097,-0.673846,0.708687,0.165184
32282041,-0.130096,-0.673331,0.709547,0.161995
32290374,-0.132887,-0.671880,0.711635,0.156505
32298707,-0.133061,-0.669860,0.713546,0.156317
32307040,-0.129580,-0.661278,0.722172,0.156168
32315374,-0.131416,-0.656691,0.726296,0.154856
32323707,-0.128548,-0.661859,0.718235,0.171920
32332040,-0.131894,-0.664490,0.714562,0.174525
32340373,-0.136457,-0.667403,0.710711,0.175622
32348706,-0.143395,-0.654741,0.720169,0.179188
32357039,-0.139600,-0.658849,0.719227,0.170710
32365372,-0.136077,-0.651331,0.723193,0.185051
32373705,-0.131372,-0.670581,0.707885,0.178779
32382038,-0.132349,-0.676530,0.701932,0.179118
32390371,-0.129277,-0.683636,0.695744,0.178524
32398704,-0.130648,-0.681869,0.696330,0.181962
32407037,-0.132695,-0.680630,0.697030,0.182443
32415370,-0.134010,-0.682566,0.695835,0.178769
32423703,-0.134397,-0.683838,0.694545,0.178637
32432036,-0.135129,-0.684749,0.693785,0.177542
32440369,-0.133766,-0.686131,0.692962,0.176449
32448701,-0.117963,-0.669499,0.721341,0.132376
32457034,-0.114984,-0.669067,0.723142,0.127257
32465367,-0.102290,-0.665718,0.725635,0.140748
32473701,-0.101670,-0.671522,0.721274,0.135962
32482034,-0.103558,-0.675951,0.716980,0.135296
32490367,-0.102472,-0.681377,0.710454,0.143111
32498700,-0.108749,-0.675024,0.716239,0.139707
32507033,-0.106629,-0.676005,0.713939,0.148113
32515366,-0.102522,-0.677047,0.711839,0.156150
32523699,-0.104598,-0.677581,0.710544,0.158337
32532032,-0.105426,-0.677126,0.710464,0.160081
32540365,-0.106106,-0.677446,0.710014,0.160277
32548698,-0.107266,-0.678750,0.708842,0.159168
32557031,-0.109779,-0.674951,0.715166,0.144660
32565364,-0.105921,-0.674889,0.713692,0.154760
32573697,-0.104469,-0.676118,0.710827,0.163328
32582030,-0.103199,-0.678359,0.706849,0.171881
32590363,-0.103404,-0.679337,0.705535,0.173290
32598696,-0.106665,-0.681310,0.703259,0.172819
32607028,-0.105696,-0.680536,0.706620,0.162438
32615361,-0.105099,-0.677308,0.710051,0.161357
32623694,-0.100688,-0.675459,0.710374,0.170249
32632028,-0.099928,-0.674983,0.711721,0.166930
32640361,-0.104117,-0.676297,0.710223,0.165427
32648694,-0.099595,-0.676462,0.708104,0.176264
32657027,-0.098956,-0.679157,0.704341,0.181268
32665360,-0.099827,-0.673742,0.712332,0.169377
32673693,-0.100979,-0.673243,0.712704,0.169115
32682026,-0.101244,-0.673316,0.712397,0.169957
32690359,-0.100529,-0.671975,0.713122,0.172627
32698692,-0.104134,-0.676195,0.706904,0.179456
32707025,-0.104790,-0.677866,0.704110,0.183703
32715358,-0.096735,-0.667216,0.715761,0.182078
32723691,-0.097622,-0.669885,0.713526,0.180567
32732024,-0.100170,-0.672642,0.710216,0.181964
32740357,-0.099858,-0.673333,0.708712,0.185413
32748690,-0.097673,-0.667377,0.712822,0.192233
32757023,-0.101571,-0.668387,0.715913,0.174385
32765355,-0.103160,-0.669878,0.715368,0.169910
32773688,-0.097680,-0.662774,0.719747,0.182084
32782021,-0.094860,-0.661478,0.718947,0.191215
32790355,-0.101444,-0.671658,0.711267,0.180784
32798688,-0.102486,-0.674873,0.709246,0.176103
32807021,-0.101400,-0.674599,0.709354,0.177347
32815354,-0.100606,-0.674336,0.709327,0.178899
32823687,-0.101891,-0.674455,0.709031,0.178894
32832020,-0.104395,-0.676676,0.707114,0.176637
32840353,-0.104924,-0.676698,0.706974,0.176803
32848686,-0.105972,-0.677285,0.706259,0.176788
32857019,-0.105938,-0.677961,0.705520,0.177166
32865352,-0.106522,-0.678638,0.704796,0.177105
32873685,-0.107366,-0.679224,0.704204,0.176703
32882018,-0.107209,-0.679428,0.703908,0.177192
32890351,-0.107180,-0.679876,0.703363,0.177656
32898684,-0.107504,-0.680157,0.702941,0.178054
32907017,-0.104931,-0.678020,0.704323,0.182232
32915350,-0.103580,-0.676677,0.705231,0.184468
32923683,-0.104266,-0.676522,0.705302,0.184382
32932015,-0.106968,-0.675342,0.706082,0.184170
32940348,-0.106368,-0.674321,0.706449,0.186834
32948681,-0.106554,-0.675440,0.705599,0.185897
32957015,-0.106065,-0.675610,0.705433,0.186186
32965348,-0.108590,-0.673972,0.706541,0.186467
32973681,-0.109785,-0.674016,0.706110,0.187240
32982014,-0.110441,-0.673942,0.706448,0.185840
32990347,-0.109979,-0.674547,0.706274,0.184575
32998680,-0.109818,-0.675342,0.705779,0.183655
33007013,-0.110194,-0.675643,0.705516,0.183334
33015346,-0.109534,-0.676891,0.704612,0.182602
33023679,-0.109915,-0.677252,0.704059,0.183164
33032012,-0.109220,-0.675951,0.704943,0.184978
33040345,-0.108664,-0.675118,0.705404,0.186580
33048678,-0.107944,-0.674308,0.705740,0.188649
33057011,-0.108606,-0.674160,0.705721,0.188867
33065344,-0.107766,-0.675431,0.704605,0.188974
33073677,-0.108420,-0.674459,0.705112,0.190174
33082010,-0.108924,-0.674385,0.705084,0.190255
33090342,-0.108861,-0.676363,0.703603,0.188749
33098675,-0.104588,-0.675971,0.704418,0.189525
33107008,-0.103457,-0.674921,0.705124,0.191255
33115342,-0.101585,-0.676269,0.703816,0.192313
33123675,-0.101023,-0.676417,0.703233,0.194211
33132008,-0.101221,-0.676518,0.702667,0.195797
33140341,-0.102242,-0.676601,0.702223,0.196572
33148674,-0.102837,-0.676833,0.701675,0.197418
33157007,-0.102450,-0.677673,0.700768,0.197958
33165340,-0.101749,-0.678766,0.699861,0.197786
33173673,-0.103899,-0.679446,0.699084,0.197079
33182006,-0.104349,-0.680576,0.697726,0.197752
33190339,-0.104617,-0.681729,0.696560,0.197751
33198672,-0.106039,-0.680802,0.697144,0.198125
33207005,-0.106530,-0.682743,0.695513,0.196912
33215338,-0.107384,-0.683490,0.694930,0.195914
33223671,-0.108117,-0.684519,0.694081,0.194926
33232004,-0.109092,-0.685783,0.692936,0.194010
33240337,-0.108999,-0.686331,0.692401,0.194035
33248669,-0.108730,-0.685276,0.693235,0.194935
33257002,-0.108697,-0.685137,0.693290,0.195249
33265335,-0.106974,-0.685507,0.692938,0.196145
33273669,-0.110207,-0.686854,0.691812,0.193603
33282002,-0.105931,-0.680591,0.696961,0.199551
33290335,-0.111596,-0.685483,0.692786,0.194182
33298668,-0.116977,-0.688963,0.689544,0.190200
33307001,-0.115364,-0.683282,0.693597,0.196823
33315334,-0.114387,-0.681055,0.695590,0.198076
33323667,-0.117970,-0.679593,0.697016,0.195974
33332000,-0.118457,-0.679258,0.697695,0.194416
33340333,-0.119276,-0.679537,0.697472,0.193739
33348666,-0.123219,-0.686117,0.692221,0.186791
33356999,-0.123120,-0.688084,0.690502,0.185981
33365332,-0.121725,-0.688396,0.690406,0.186100
33373665,-0.121094,-0.688512,0.690434,0.185979
33381998,-0.120944,-0.688558,0.690387,0.186081
33390331,-0.119573,-0.689611,0.689488,0.186402
33398664,-0.111815,-0.682255,0.695164,0.196909
33406997,-0.117553,-0.687684,0.690895,0.189569
33415329,-0.119173,-0.690093,0.688825,0.187320
33423662,-0.119788,-0.689218,0.689565,0.187430
33431995,-0.118813,-0.690392,0.688082,0.189173
33440329,-0.119929,-0.689797,0.688400,0.189477
33448662,-0.118156,-0.690365,0.688045,0.189815
33456995,-0.118686,-0.691177,0.687255,0.189390
33465328,-0.118517,-0.691587,0.686786,0.189701
33473661,-0.117581,-0.691281,0.686941,0.190835
33481994,-0.108037,-0.682352,0.693906,0.203025
33490327,-0.117905,-0.688839,0.688731,0.193001
33498660,-0.120565,-0.691478,0.686504,0.189826
33506993,-0.117559,-0.684770,0.691634,0.197265
33515326,-0.121749,-0.688356,0.688832,0.191973
33523659,-0.122335,-0.689963,0.687510,0.190567
33531992,-0.122164,-0.690192,0.687331,0.190490
33540325,-0.118811,-0.690535,0.686873,0.193004
33548658,-0.116025,-0.684790,0.691415,0.198864
33556991,-0.121912,-0.688884,0.688236,0.192113
33565324,-0.122129,-0.691598,0.685921,0.190499
33573657,-0.121676,-0.692068,0.685502,0.190588
33581990,-0.121038,-0.691538,0.685977,0.191206
33590323,-0.120885,-0.691333,0.686132,0.191491
33598656,-0.122432,-0.691648,0.685630,0.191168
33606989,-0.122568,-0.691821,0.685323,0.191557
33615322,-0.123095,-0.689760,0.687018,0.192574
33623655,-0.124621,-0.689357,0.687157,0.192539
33631988,-0.124730,-0.690315,0.686260,0.192236
33640321,-0.125387,-0.690324,0.686147,0.192180
33648654,-0.126461,-0.689598,0.686674,0.192200
33656987,-0.126073,-0.689198,0.686882,0.193146
33665320,-0.126138,-0.689077,0.686850,0.193650
33673653,-0.126551,-0.689508,0.686395,0.193459
33681986,-0.122654,-0.688319,0.687274,0.197047
33690319,-0.124401,-0.688735,0.686838,0.196015
33698652,-0.124986,-0.688185,0.687363,0.195734
33706985,-0.124375,-0.687477,0.687666,0.197539
33715318,-0.124538,-0.687672,0.687348,0.197866
33723651,-0.124092,-0.686312,0.688501,0.198856
33731984,-0.124908,-0.686849,0.687982,0.198287
33740317,-0.125835,-0.687046,0.687710,0.197960
33748650,-0.126367,-0.686856,0.687789,0.198004
33756983,-0.126325,-0.686946,0.687665,0.198153
33765316,-0.125787,-0.685916,0.688669,0.198574
33773649,-0.127054,-0.686057,0.688441,0.198072
33781982,-0.127819,-0.686491,0.687970,0.197713
33790315,-0.127203,-0.686210,0.688674,0.196629
33798648,-0.126785,-0.685820,0.688819,0.197748
33806981,-0.129173,-0.686756,0.688003,0.195787
33815314,-0.130758,-0.687987,0.687036,0.193800
33823647,-0.130495,-0.687746,0.687233,0.194131
33831980,-0.129263,-0.686870,0.687952,0.195506
33840313,-0.127641,-0.686261,0.688241,0.197679
33848646,-0.130437,-0.686919,0.687713,0.195396
33856979,-0.128813,-0.686318,0.688270,0.196620
33865312,-0.130254,-0.686697,0.687761,0.196126
33873645,-0.131120,-0.687288,0.687329,0.194991
33881978,-0.128421,-0.686490,0.688040,0.197079
33890311,-0.130278,-0.686929,0.687640,0.195725
33898644,-0.131253,-0.687112,0.687459,0.195064
33906977,-0.131085,-0.686883,0.687869,0.194537
33915310,-0.131211,-0.686579,0.687929,0.195314
33923643,-0.131486,-0.688915,0.685979,0.193754
33931976,-0.130603,-0.687866,0.687063,0.194237
33940309,-0.130960,-0.687537,0.687143,0.194878
33948642,-0.128421,-0.686422,0.687929,0.197706
33956975,-0.130371,-0.687486,0.686838,0.196521
33965308,-0.131135,-0.687889,0.686610,0.195392
33973641,-0.129770,-0.689651,0.685315,0.194639
33981974,-0.130825,-0.688575,0.686013,0.195283
33990307,-0.130968,-0.689340,0.685319,0.194926
33998640,-0.132055,-0.688678,0.685825,0.194752
34006973,-0.132263,-0.688668,0.685812,0.194690
34015306,-0.132251,-0.688697,0.685897,0.194297
34023639,-0.132914,-0.690057,0.684874,0.192623
34031972,-0.132728,-0.689503,0.685348,0.193049
34040305,-0.132383,-0.689492,0.685379,0.193213
34048638,-0.133381,-0.690044,0.684652,0.193133
34056971,-0.133588,-0.691134,0.683695,0.192481
34065304,-0.133250,-0.690890,0.684043,0.192355
34073637,-0.133387,-0.691012,0.683808,0.192657
34081970,-0.133798,-0.691089,0.683628,0.192734
34090303,-0.133790,-0.690786,0.683796,0.193232
34098636,-0.133040,-0.691771,0.683014,0.192988
34106969,-0.132167,-0.691678,0.683116,0.193563
34115302,-0.132899,-0.691252,0.683571,0.192973
34123635,-0.132904,-0.691058,0.683594,0.193583
34131968,-0.131691,-0.691935,0.682974,0.193469
34140301,-0.132939,-0.691325,0.683359,0.193437
34148634,-0.134276,-0.691392,0.683167,0.192952
34156967,-0.133965,-0.691402,0.683051,0.193542
34165300,-0.132987,-0.690797,0.683540,0.194645
34173633,-0.134558,-0.691003,0.683307,0.193653
34181966,-0.134637,-0.691599,0.682780,0.193324
34190299,-0.134943,-0.692004,0.682412,0.192964
34198632,-0.134707,-0.691907,0.682497,0.193175
34206965,-0.135130,-0.691712,0.682546,0.193407
34215298,-0.134087,-0.691151,0.683172,0.193927
34223631,-0.134621,-0.691930,0.682357,0.193644
34231964,-0.135279,-0.691697,0.682486,0.193565
34240297,-0.132682,-0.691789,0.682492,0.195008
34248630,-0.134818,-0.691424,0.682619,0.194394
34256963,-0.135586,-0.691585,0.682406,0.194032
34265296,-0.135633,-0.691727,0.682214,0.194167
34273629,-0.135533,-0.691647,0.682210,0.194536
34281962,-0.136126,-0.692194,0.681691,0.193998
34290295,-0.135518,-0.692153,0.681832,0.194072
34298628,-0.134960,-0.691322,0.682546,0.194911
34306961,-0.135671,-0.691616,0.682129,0.194833
34315294,-0.135684,-0.691395,0.682302,0.195004
34323627,-0.136788,-0.691383,0.682133,0.194866
34331960,-0.136178,-0.691215,0.682298,0.195310
34340293,-0.136122,-0.691043,0.682447,0.195441
34348626,-0.136436,-0.691105,0.682368,0.195277
34356959,-0.136797,-0.691063,0.682349,0.195241
34365292,-0.136900,-0.691030,0.682303,0.195446
34373625,-0.137177,-0.690842,0.682405,0.195558
34381958,-0.136966,-0.690883,0.682341,0.195787
34390291,-0.137265,-0.690947,0.682259,0.195635
34398624,-0.137382,-0.690906,0.682230,0.195797
34406957,-0.137257,-0.690653,0.682489,0.195878
34415290,-0.137771,-0.690768,0.682331,0.195661
34423623,-0.137874,-0.690400,0.682606,0.195925
34431956,-0.138120,-0.690535,0.682410,0.195961
34440289,-0.138585,-0.690634,0.682310,0.195631
34448622,-0.137630,-0.689982,0.682853,0.196710
34456955,-0.138939,-0.690568,0.682274,0.195739
34465288,-0.139368,-0.690517,0.682281,0.195589
34473621,-0.138965,-0.690726,0.682057,0.195922
34481954,-0.139091,-0.690488,0.682227,0.196079
34490287,-0.137640,-0.691310,0.681505,0.196716
34498620,-0.139165,-0.690951,0.681763,0.196008
34506953,-0.138872,-0.691515,0.681499,0.195145
34515286,-0.140534,-0.691322,0.681455,0.194791
34523619,-0.140787,-0.691006,0.681504,0.195558
34531952,-0.140573,-0.691112,0.681343,0.195896
34540285,-0.140590,-0.690740,0.681849,0.195435
34548618,-0.139620,-0.692206,0.680513,0.195600
34556951,-0.142377,-0.691628,0.680852,0.194473
34565284,-0.140951,-0.692592,0.679952,0.195231
34573617,-0.141821,-0.691811,0.680560,0.195252
34581950,-0.142509,-0.691737,0.680544,0.195068
34590283,-0.142803,-0.691871,0.680362,0.195009
34598616,-0.142390,-0.691482,0.680891,0.194844
34606949,-0.142313,-0.691728,0.680487,0.195440
34615282,-0.142112,-0.691145,0.680782,0.196619
34623615,-0.141793,-0.690777,0.681237,0.196564
34631948,-0.142499,-0.691536,0.680459,0.196081
34640281,-0.143214,-0.690487,0.680869,0.197825
34648614,-0.144181,-0.691046,0.680474,0.196527
34656947,-0.144169,-0.691115,0.680476,0.196287
34665280,-0.144838,-0.691223,0.680174,0.196459
34673613,-0.144997,-0.691223,0.680022,0.196866
34681946,-0.144884,-0.691386,0.679840,0.197007
34690279,-0.146201,-0.691488,0.679813,0.195765
34698612,-0.145448,-0.691305,0.679963,0.196451
34706945,-0.146493,-0.691630,0.679767,0.195204
34715278,-0.146286,-0.691383,0.679799,0.196121
34723611,-0.146895,-0.691666,0.679962,0.194091
34731944,-0.147025,-0.691639,0.680209,0.193221
34740277,-0.146103,-0.691314,0.680102,0.195450
34748610,-0.146089,-0.690848,0.680118,0.197046
34756943,-0.145811,-0.691060,0.679837,0.197476
34765276,-0.146168,-0.691663,0.679497,0.196270
34773609,-0.146486,-0.691593,0.679821,0.195151
34781942,-0.146545,-0.691173,0.680046,0.195812
34790275,-0.146818,-0.692413,0.678718,0.195833
34798608,-0.147030,-0.691994,0.678938,0.196390
34806941,-0.147100,-0.691175,0.679398,0.197630
34815274,-0.148124,-0.691719,0.679048,0.196156
34823607,-0.147711,-0.691895,0.678922,0.196282
34831940,-0.147932,-0.693225,0.677892,0.194981
34840273,-0.147738,-0.692166,0.678694,0.196098
34848606,-0.147747,-0.691541,0.679316,0.196142
34856939,-0.147890,-0.691753,0.679369,0.195101
34865272,-0.148410,-0.692654,0.679187,0.192123
34873605,-0.147137,-0.691534,0.680428,0.192741
34881938,-0.147853,-0.691187,0.679911,0.195249
34890271,-0.148365,-0.691950,0.678980,0.195395
34898604,-0.148186,-0.692312,0.678925,0.194436
34906937,-0.149038,-0.693268,0.677779,0.194379
34915270,-0.149152,-0.691807,0.679787,0.192475
34923603,-0.149019,-0.692521,0.679254,0.191892
34931936,-0.148460,-0.692046,0.679210,0.194181
34940269,-0.149024,-0.691984,0.678918,0.194986
34948602,-0.149581,-0.692413,0.678446,0.194682
34956935,-0.149247,-0.693668,0.677415,0.194059
34965268,-0.149428,-0.692706,0.678452,0.193734
34973601,-0.149522,-0.692279,0.678636,0.194539
34981934,-0.149882,-0.692462,0.678265,0.194904
34990267,-0.150110,-0.692447,0.678138,0.195226
34998600,-0.150775,-0.692277,0.678110,0.195413
35006933,-0.150601,-0.692120,0.678068,0.196250
35015266,-0.150507,-0.692361,0.677900,0.196050
35023599,-0.149942,-0.691375,0.678786,0.196897
35031932,-0.150345,-0.691251,0.678790,0.197009
35040265,-0.151195,-0.691798,0.678054,0.196973
35048598,-0.150384,-0.690810,0.678739,0.198695
35056931,-0.150509,-0.690656,0.678837,0.198801
35065264,-0.152355,-0.691623,0.677873,0.197317
35073597,-0.151730,-0.691256,0.678098,0.198307
35081930,-0.152538,-0.691482,0.677744,0.198108
35090263,-0.153049,-0.691232,0.677869,0.198161
35098596,-0.153751,-0.693232,0.676172,0.196424
35106929,-0.153498,-0.692046,0.677128,0.197508
35115262,-0.154755,-0.691710,0.677077,0.197873
35123595,-0.153726,-0.691294,0.677444,0.198872
35131928,-0.153641,-0.690979,0.677690,0.199193
35140261,-0.153631,-0.690631,0.677857,0.199839
35148594,-0.153571,-0.690894,0.677658,0.199654
35156927,-0.154335,-0.690952,0.677581,0.199123
35165260,-0.154421,-0.690792,0.677643,0.199398
35173593,-0.154271,-0.690094,0.678171,0.200135
35181926,-0.154785,-0.690003,0.678170,0.200058
35190259,-0.155208,-0.690071,0.678068,0.199841
35198592,-0.155929,-0.689865,0.678089,0.199918
35206925,-0.154961,-0.690505,0.677450,0.200627
35215258,-0.155441,-0.689535,0.678289,0.200758
35223591,-0.156109,-0.689094,0.678596,0.200715
35231924,-0.157120,-0.689266,0.678343,0.200190
35240257,-0.155541,-0.690479,0.677350,0.200605
35248590,-0.156624,-0.688641,0.678793,0.201204
35256923,-0.154888,-0.687787,0.680410,0.200004
35265256,-0.154110,-0.688836,0.679828,0.198973
35273589,-0.166536,-0.674392,0.690799,0.200644
35281922,-0.160352,-0.687593,0.679367,0.199912
35290255,-0.157793,-0.691257,0.675984,0.200775
35298588,-0.155580,-0.689551,0.677009,0.204873
35306921,-0.159957,-0.689956,0.676137,0.203011
35315254,-0.162757,-0.689682,0.675654,0.203322
35323587,-0.164588,-0.689945,0.674817,0.203739
35331920,-0.161876,-0.686591,0.676811,0.210513
35340253,-0.164687,-0.688068,0.675227,0.208589
35348586,-0.165402,-0.686373,0.676790,0.208542
35356919,-0.164915,-0.686171,0.677274,0.208020
35365252,-0.168325,-0.682845,0.679401,0.209293
35373585,-0.171294,-0.685393,0.676827,0.206882
35381918,-0.154084,-0.678174,0.683039,0.223151
35390251,-0.142574,-0.671661,0.688550,0.233330
35398584,-0.136508,-0.667725,0.691418,0.239688
35406917,-0.137144,-0.666357,0.692749,0.239286
35415250,-0.137486,-0.664828,0.695401,0.235625
35423583,-0.137438,-0.663613,0.696859,0.234768
35431916,-0.138011,-0.662376,0.698151,0.234085
35440249,-0.142702,-0.664809,0.693828,0.237206
35448582,-0.145061,-0.665540,0.693018,0.236093
35456915,-0.146710,-0.665735,0.692307,0.236608
35465248,-0.147743,-0.665641,0.691743,0.237880
35473581,-0.148482,-0.665829,0.690943,0.239213
35481914,-0.150081,-0.666466,0.689919,0.239396
35490247,-0.151089,-0.666176,0.689771,0.239994
35498580,-0.151233,-0.665916,0.690093,0.239700
35506913,-0.152470,-0.666507,0.689696,0.238411
35515246,-0.152821,-0.666546,0.690083,0.236954
35523579,-0.154405,-0.667571,0.688755,0.236907
35531912,-0.155907,-0.668298,0.688165,0.235582
35540245,-0.157757,-0.668330,0.687949,0.234892
35548578,-0.158576,-0.667382,0.688464,0.235526
35556911,-0.159891,-0.667597,0.687876,0.235743
35565244,-0.158905,-0.667028,0.688149,0.237221
35573577,-0.159711,-0.665561,0.689208,0.237726
35581910,-0.160868,-0.666241,0.689001,0.235633
35590243,-0.162570,-0.666341,0.688803,0.234758
35598576,-0.145448,-0.663971,0.675775,0.285159
35606909,-0.138472,-0.665021,0.670442,0.298463
35615242,-0.134552,-0.663347,0.671992,0.300489
35623575,-0.137767,-0.662786,0.672733,0.298604
35631908,-0.136567,-0.663059,0.672833,0.298327
35640241,-0.138550,-0.660986,0.673614,0.300242
35648574,-0.137585,-0.664247,0.671327,0.298608
35656907,-0.140687,-0.667927,0.668681,0.294866
35665240,-0.137146,-0.664804,0.670644,0.299106
35673573,-0.140885,-0.662809,0.672020,0.298704
35681906,-0.145421,-0.669274,0.667744,0.291623
35690239,-0.141073,-0.663643,0.671494,0.297946
35698572,-0.139563,-0.663009,0.671658,0.299694
35706905,-0.138880,-0.662329,0.672258,0.300169
35715238,-0.138571,-0.661428,0.672823,0.301032
35723571,-0.138393,-0.663207,0.671945,0.299154
35731904,-0.137896,-0.662874,0.672085,0.299807
35740237,-0.136711,-0.661638,0.673593,0.299697
35748570,-0.137417,-0.661945,0.673070,0.299869
35756903,-0.137292,-0.661520,0.673175,0.300629
35765236,-0.138479,-0.662625,0.672514,0.299125
35773569,-0.137409,-0.663061,0.671789,0.300280
35781902,-0.158146,-0.661277,0.688494,0.252347
35790235,-0.165707,-0.661323,0.691842,0.237800
35798568,-0.165588,-0.661240,0.691346,0.239547
35806901,-0.163827,-0.659352,0.691959,0.244148
35815234,-0.161372,-0.658535,0.692747,0.245747
35823567,-0.162249,-0.658257,0.692981,0.245255
35831900,-0.161475,-0.658395,0.692988,0.245376
35840233,-0.161943,-0.658548,0.692353,0.246448
35848566,-0.162587,-0.658958,0.691646,0.246913
35856899,-0.163491,-0.659357,0.691246,0.246370
35865232,-0.165404,-0.661142,0.689950,0.243929
35873565,-0.165943,-0.660121,0.690725,0.244135
35881898,-0.166805,-0.660498,0.691532,0.240213
35890231,-0.160815,-0.658820,0.692796,0.245211
35898564,-0.162425,-0.659625,0.691868,0.244605
35906897,-0.161870,-0.658467,0.692475,0.246368
35915230,-0.162807,-0.657832,0.692716,0.246770
35923563,-0.164138,-0.658941,0.691380,0.246677
35931896,-0.166236,-0.658410,0.691443,0.246512
35940229,-0.167090,-0.658517,0.690700,0.247729
35948562,-0.166850,-0.655979,0.692075,0.250767
35956895,-0.167446,-0.656017,0.691106,0.252938
35965228,-0.168552,-0.656185,0.689736,0.255491
35973561,-0.168380,-0.655097,0.691169,0.254522
35981894,-0.169177,-0.654332,0.691073,0.256217
35990227,-0.169260,-0.653700,0.691782,0.255860
35998560,-0.169818,-0.653679,0.691473,0.256381
36006893,-0.168775,-0.654768,0.690674,0.256445
36015226,-0.169154,-0.655321,0.688965,0.259362
36023559,-0.169232,-0.656375,0.687795,0.259751
36031892,-0.169749,-0.654143,0.689434,0.260696
36040225,-0.170716,-0.652408,0.690318,0.262071
36048558,-0.171372,-0.653081,0.690289,0.260035
36056891,-0.173211,-0.651253,0.691037,0.261411
36065224,-0.174943,-0.648658,0.692264,0.263454
36073557,-0.176806,-0.649313,0.691313,0.263095
36081890,-0.178330,-0.649088,0.691161,0.263020
36090223,-0.180102,-0.649031,0.690619,0.263378
36098556,-0.181520,-0.647300,0.691271,0.264948
36106889,-0.183557,-0.647228,0.690813,0.264914
36115222,-0.184457,-0.644831,0.692175,0.266575
36123555,-0.165778,-0.643170,0.698549,0.266231
36131888,-0.165746,-0.639295,0.700466,0.270515
36140221,-0.166212,-0.639812,0.699823,0.270668
36148554,-0.167974,-0.638260,0.700253,0.272130
36156887,-0.168356,-0.635785,0.701349,0.274850
36165220,-0.169991,-0.635514,0.700748,0.276001
36173553,-0.174860,-0.634637,0.700278,0.276172
36181886,-0.181443,-0.630676,0.701841,0.277029
36190219,-0.184777,-0.630653,0.701486,0.275773
36198552,-0.188657,-0.636443,0.697555,0.269750
36206885,-0.192830,-0.635275,0.697618,0.269390
36215218,-0.204656,-0.630358,0.699555,0.267185
36223551,-0.209695,-0.631513,0.697703,0.265386
36231884,-0.201396,-0.622749,0.701124,0.282929
36240217,-0.204241,-0.611919,0.707326,0.289017
36248550,-0.196583,-0.608456,0.708144,0.299448
36256883,-0.183364,-0.600610,0.710229,0.318151
36265216,-0.182540,-0.583708,0.730363,0.304193
36273549,-0.186870,-0.568257,0.744615,0.296162
36281882,-0.189472,-0.552402,0.758035,0.290406
36290215,-0.225402,-0.553069,0.754304,0.272642
36298548,-0.252712,-0.552174,0.750352,0.261175
36306881,-0.271823,-0.546792,0.749731,0.255016
36315214,-0.282357,-0.537192,0.753259,0.253576
36323547,-0.291506,-0.527503,0.756789,0.253053
36331880,-0.293067,-0.516777,0.757358,0.271039
36340213,-0.302028,-0.507479,0.762916,0.263064
36348546,-0.318429,-0.504703,0.757251,0.265422
36356879,-0.321112,-0.490691,0.762445,0.273470
36365212,-0.335712,-0.486686,0.758475,0.274134
36373545,-0.344609,-0.479077,0.759147,0.274638
36381878,-0.362193,-0.474541,0.754298,0.273242
36390211,-0.380687,-0.475534,0.742580,0.278425
36398544,-0.394622,-0.471984,0.738946,0.274706
36406877,-0.404140,-0.467716,0.736168,0.275625
36415210,-0.419074,-0.468259,0.727762,0.274722
36423543,-0.434230,-0.468055,0.718327,0.276359
36431876,-0.446867,-0.471126,0.707852,0.278020
36440209,-0.462332,-0.471096,0.697372,0.279267
36448542,-0.475785,-0.471694,0.688022,0.278852
36456875,-0.491024,-0.474394,0.675420,0.278664
36465208,-0.499637,-0.471949,0.670389,0.279650
36473541,-0.510266,-0.467543,0.665197,0.280259
36481874,-0.522884,-0.465298,0.657192,0.279623
36490207,-0.531144,-0.460101,0.654326,0.279376
36498540,-0.537051,-0.455956,0.653239,0.277416
36506873,-0.543242,-0.451050,0.650794,0.279123
36515206,-0.552854,-0.446791,0.645501,0.279391
36523539,-0.562273,-0.441510,0.640717,0.280000
36531872,-0.574547,-0.438003,0.633355,0.277329
36540205,-0.585911,-0.434232,0.627074,0.273729
36548538,-0.594852,-0.428307,0.622578,0.274046
36556871,-0.600988,-0.423993,0.619325,0.274735
36565204,-0.608598,-0.419399,0.614483,0.275905
36573537,-0.614700,-0.413333,0.612123,0.276775
36581870,-0.621062,-0.408837,0.609493,0.275052
36590203,-0.625668,-0.404950,0.606996,0.275884
36598536,-0.629451,-0.403263,0.604695,0.274799
36606869,-0.636052,-0.401973,0.599128,0.273680
36615202,-0.642959,-0.399882,0.594643,0.270365
36623535,-0.647757,-0.399185,0.590155,0.269776
36631868,-0.648387,-0.398576,0.589915,0.269688
36640201,-0.648252,-0.397973,0.590088,0.270523
36648534,-0.651585,-0.396027,0.589199,0.267289
36656867,-0.653321,-0.394254,0.588099,0.268097
36665200,-0.654970,-0.392977,0.587407,0.267464
36673533,-0.656281,-0.391754,0.587032,0.266866
36681866,-0.659193,-0.391273,0.585517,0.263704
36690199,-0.661380,-0.390317,0.584240,0.262475
36698532,-0.663547,-0.388705,0.582985,0.262189
36706865,-0.665309,-0.385629,0.582904,0.262445
36715198,-0.667750,-0.383780,0.582289,0.260311
36723531,-0.669310,-0.379599,0.582333,0.262329
36731864,-0.670055,-0.376256,0.583185,0.263351
36740197,-0.674125,-0.373578,0.580530,0.262641
36748530,-0.674839,-0.368872,0.581982,0.264242
36756863,-0.676275,-0.367282,0.581525,0.263790
36765196,-0.678780,-0.363807,0.580528,0.264367
36773529,-0.678757,-0.360781,0.581767,0.265843
36781862,-0.676579,-0.358718,0.585463,0.266073
36790195,-0.679864,-0.359576,0.581471,0.265295
36798528,-0.682098,-0.355765,0.580652,0.266489
36806861,-0.680671,-0.355499,0.584047,0.263050
36815194,-0.683354,-0.355282,0.580478,0.264288
36823527,-0.686439,-0.353625,0.577081,0.265949
36831860,-0.688266,-0.351346,0.576379,0.265769
36840193,-0.688047,-0.344680,0.579914,0.267369
36848526,-0.688376,-0.341043,0.580847,0.269156
36856859,-0.694733,-0.335655,0.576021,0.269966
36865192,-0.699106,-0.330713,0.573505,0.270133
36873525,-0.701512,-0.322321,0.574728,0.271436
36881858,-0.705801,-0.314655,0.572911,0.273148
36890191,-0.709618,-0.307440,0.571889,0.273616
36898524,-0.713664,-0.302859,0.568589,0.275076
36906857,-0.719325,-0.297157,0.564110,0.275769
36915190,-0.723745,-0.292326,0.560401,0.276930
36923523,-0.726013,-0.288727,0.558602,0.278399
36931856,-0.727533,-0.286045,0.557187,0.280029
36940189,-0.729972,-0.281466,0.555488,0.281693
36948522,-0.730231,-0.281862,0.554318,0.282927
36956855,-0.731418,-0.282001,0.552184,0.283895
36965188,-0.731230,-0.284757,0.550636,0.284633
36973521,-0.730760,-0.286306,0.549243,0.286968
36981854,-0.730396,-0.288286,0.547799,0.288668
36990187,-0.729650,-0.289219,0.547494,0.290198
36998520,-0.729012,-0.288278,0.548864,0.290147
37006853,-0.729508,-0.287230,0.547050,0.293348
37015186,-0.728624,-0.287610,0.547336,0.294637
37023519,-0.725073,-0.285376,0.551045,0.298628
37031852,-0.723912,-0.280964,0.553638,0.300825
37040185,-0.723197,-0.279406,0.553911,0.303482
37048518,-0.721192,-0.276752,0.557148,0.304757
37056851,-0.718130,-0.269754,0.561818,0.309650
37065184,-0.717703,-0.262446,0.564005,0.312928
37073517,-0.713614,-0.257197,0.570359,0.315111
37081850,-0.711828,-0.249726,0.575243,0.316280
37090183,-0.714893,-0.239827,0.575093,0.317298
37098516,-0.713302,-0.227446,0.581783,0.317800
37106849,-0.707015,-0.217974,0.592907,0.317928
37115182,-0.709314,-0.212215,0.594470,0.313759
37123515,-0.735766,-0.215921,0.560223,0.313333
37131848,-0.766094,-0.221099,0.512494,0.318692
37140181,-0.768862,-0.219884,0.505182,0.324489
37148514,-0.766617,-0.224831,0.502502,0.330516
37156847,-0.762744,-0.235278,0.499265,0.337047
37165180,-0.760496,-0.243589,0.496548,0.340220
37173513,-0.753244,-0.245780,0.504907,0.342468
37181846,-0.755647,-0.250613,0.499582,0.341479
37190179,-0.754338,-0.251708,0.501904,0.340161
37198512,-0.747679,-0.247427,0.514923,0.338541
37206845,-0.744737,-0.243623,0.521760,0.337315
37215178,-0.743650,-0.237769,0.526944,0.335829
37223511,-0.744289,-0.234478,0.528723,0.333925
37231844,-0.742363,-0.231568,0.532601,0.334080
37240177,-0.744509,-0.231588,0.529687,0.333925
37248510,-0.746375,-0.232247,0.525955,0.335196
37256843,-0.743356,-0.230987,0.528682,0.338470
37265176,-0.742781,-0.231753,0.527822,0.340545
37273509,-0.742691,-0.232789,0.526532,0.342028
37281842,-0.742877,-0.233651,0.525527,0.342582
37290175,-0.740235,-0.235935,0.528305,0.342463
37298508,-0.735851,-0.236628,0.533196,0.343851
37306841,-0.737640,-0.240269,0.529473,0.343245
37315174,-0.734880,-0.240179,0.532234,0.344953
37323507,-0.734581,-0.240349,0.532223,0.345488
37331840,-0.735167,-0.242141,0.530725,0.345295
37340173,-0.733986,-0.242059,0.531704,0.346355
37348506,-0.731388,-0.241643,0.534559,0.347747
37356839,-0.729348,-0.241514,0.536482,0.349156
37365172,-0.724456,-0.239412,0.542383,0.351662
37373505,-0.724215,-0.240146,0.541955,0.352316
37381838,-0.724138,-0.240918,0.541231,0.353059
37390171,-0.724369,-0.241711,0.540396,0.353324
37398504,-0.724749,-0.241982,0.539635,0.353523
37406837,-0.725660,-0.243439,0.538065,0.353046
37415170,-0.725186,-0.243399,0.538561,0.353290
37423503,-0.724262,-0.244245,0.539402,0.353319
37431836,-0.726477,-0.245419,0.536337,0.352623
37440169,-0.725344,-0.245442,0.537372,0.353365
37448502,-0.728937,-0.248618,0.531937,0.351970
37456835,-0.725637,-0.247939,0.536217,0.352773
37465168,-0.723796,-0.247734,0.538587,0.353088
37473501,-0.728904,-0.251230,0.531288,0.351163
37481834,-0.731310,-0.252379,0.528006,0.350285
37490167,-0.728750,-0.251081,0.531452,0.351341
37498500,-0.727691,-0.250939,0.532834,0.351544
37506833,-0.729639,-0.253083,0.529499,0.351008
37515166,-0.730892,-0.254318,0.527610,0.350353
37523499,-0.728582,-0.253171,0.530725,0.351289
37531832,-0.727549,-0.252696,0.532067,0.351742
37540165,-0.729054,-0.254615,0.529563,0.351019
37548498,-0.727037,-0.253815,0.532168,0.351841
37556831,-0.728060,-0.255156,0.530317,0.351551
37565164,-0.727962,-0.255591,0.530288,0.351482
37573497,-0.726813,-0.256044,0.531568,0.351597
37581830,-0.724254,-0.254941,0.534882,0.352651
37590163,-0.727656,-0.257034,0.530002,0.351494
37598496,-0.727210,-0.257247,0.530535,0.351457
37606829,-0.726521,-0.257380,0.531394,0.351487
37615162,-0.726486,-0.257907,0.531016,0.351743
37623495,-0.727111,-0.258501,0.529824,0.351814
37631828,-0.724991,-0.256327,0.533223,0.352645
37640161,-0.728655,-0.258319,0.528074,0.351384
37648494,-0.725457,-0.256355,0.532464,0.352813
37656827,-0.725383,-0.256597,0.532409,0.352870
37665160,-0.727770,-0.258644,0.528924,0.351701
37673493,-0.728183,-0.259075,0.528173,0.351657
37681826,-0.725470,-0.258336,0.531905,0.352184
37690159,-0.724516,-0.258505,0.532891,0.352531
37698492,-0.723941,-0.259185,0.533285,0.352619
37706825,-0.725009,-0.259323,0.532296,0.351816
37715158,-0.724517,-0.259477,0.532887,0.351820
37723491,-0.728364,-0.262832,0.526763,0.350608
37731824,-0.725259,-0.260684,0.531240,0.351891
37740157,-0.721450,-0.258484,0.536490,0.353375
37748490,-0.725502,-0.261612,0.530581,0.351696
37756823,-0.724831,-0.260564,0.531371,0.352663
37765156,-0.727051,-0.262348,0.528026,0.351794
37773489,-0.724674,-0.260603,0.531389,0.352930
37781822,-0.725975,-0.261323,0.529524,0.352526
37790155,-0.726429,-0.262097,0.528652,0.352324
37798488,-0.725704,-0.262761,0.529232,0.352453
37806821,-0.725561,-0.262458,0.529550,0.352496
37815154,-0.725418,-0.262133,0.529835,0.352604
37823487,-0.726219,-0.262404,0.528752,0.352379
37831820,-0.725935,-0.261670,0.529241,0.352777
37840153,-0.724913,-0.262126,0.530287,0.352969
37848486,-0.726574,-0.262474,0.528387,0.352143
37856819,-0.726317,-0.262228,0.528656,0.352453
37865152,-0.726191,-0.262358,0.528706,0.352542
37873485,-0.726905,-0.262237,0.527978,0.352249
37881818,-0.726338,-0.262671,0.528525,0.352276
37890151,-0.726612,-0.262443,0.528384,0.352091
37898484,-0.727442,-0.262216,0.527468,0.351922
37906817,-0.726934,-0.261851,0.528501,0.351693
37915150,-0.724815,-0.261153,0.531417,0.352192
37923483,-0.727085,-0.262014,0.528611,0.351093
37931816,-0.726227,-0.260865,0.530339,0.351117
37940149,-0.726045,-0.262268,0.530189,0.350676
37948482,-0.726667,-0.263029,0.529184,0.350336
37956815,-0.727839,-0.262467,0.528095,0.349967
37965148,-0.726412,-0.261365,0.530265,0.350475
37973481,-0.726768,-0.262611,0.529257,0.350329
37981814,-0.725977,-0.261674,0.530562,0.350696
37990147,-0.727710,-0.262113,0.528317,0.350166
37998480,-0.729091,-0.262941,0.526471,0.349451
38006813,-0.728161,-0.262509,0.527503,0.350158
38015146,-0.731054,-0.263547,0.523628,0.349167
38023479,-0.732534,-0.264180,0.521361,0.348977
38031812,-0.728361,-0.262730,0.526598,0.350938
38040145,-0.730170,-0.263726,0.524373,0.349762
38048478,-0.726306,-0.261694,0.529374,0.351794
38056811,-0.725576,-0.261704,0.530035,0.352296
38065144,-0.727023,-0.261789,0.528021,0.352275
38073477,-0.726517,-0.261866,0.528585,0.352417
38081810,-0.726502,-0.262265,0.528400,0.352427
38090143,-0.726415,-0.261758,0.528097,0.353438
38098476,-0.723489,-0.260241,0.532028,0.354661
38106809,-0.724978,-0.261075,0.529814,0.354322
38115142,-0.725187,-0.261006,0.529662,0.354171
38123475,-0.728053,-0.261526,0.526293,0.352929
38131808,-0.729283,-0.261541,0.524585,0.352920
38140141,-0.731470,-0.261433,0.521813,0.352584
38148474,-0.733350,-0.261323,0.519392,0.352335
38156807,-0.734564,-0.261064,0.517814,0.352321
38165140,-0.735995,-0.261218,0.515463,0.352668
38173473,-0.741357,-0.260955,0.508076,0.352352
38181806,-0.742572,-0.259294,0.505700,0.354431
38190139,-0.745968,-0.258357,0.499722,0.356457
38198472,-0.747997,-0.257138,0.495091,0.359533
38206805,-0.753736,-0.257941,0.485232,0.360415
38215138,-0.757024,-0.257551,0.478710,0.362517
38223471,-0.761648,-0.256262,0.470022,0.365106
38231804,-0.760686,-0.253856,0.469334,0.369648
38240137,-0.761783,-0.253472,0.466078,0.371766
38248470,-0.760784,-0.251814,0.466358,0.374576
38256803,-0.754583,-0.248313,0.474892,0.378711
38265136,-0.749597,-0.246092,0.481124,0.382182
38273469,-0.747603,-0.244155,0.483236,0.384658
38281802,-0.744157,-0.242035,0.487681,0.387062
38290135,-0.739268,-0.238808,0.494665,0.389564
38298468,-0.740353,-0.239902,0.492885,0.389087
38306801,-0.734919,-0.238152,0.499564,0.391935
38315134,-0.729691,-0.235867,0.506440,0.394254
38323467,-0.723055,-0.233730,0.514708,0.397036
38331800,-0.719594,-0.232633,0.518691,0.398780
38340133,-0.716289,-0.232428,0.522573,0.399782
38348466,-0.702344,-0.226825,0.539472,0.405256
38356799,-0.701740,-0.229841,0.539440,0.404646
38365132,-0.700352,-0.231439,0.540575,0.404624
38373465,-0.695194,-0.230525,0.546888,0.405558
38381798,-0.696816,-0.233386,0.544024,0.404991
38390131,-0.696856,-0.236055,0.542928,0.404846
38398464,-0.693473,-0.236951,0.546082,0.405886
38406797,-0.691363,-0.238778,0.547895,0.405972
38415130,-0.687886,-0.239457,0.550922,0.407380
38423463,-0.687998,-0.241506,0.549390,0.408049
38431796,-0.683972,-0.241577,0.553134,0.409715
38440129,-0.678856,-0.241335,0.558598,0.410950
38448462,-0.676223,-0.241163,0.560999,0.412120
38456795,-0.674155,-0.242811,0.562359,0.412686
38465128,-0.669045,-0.243752,0.567350,0.413616
38473461,-0.663478,-0.244078,0.573149,0.414396
38481794,-0.660438,-0.244846,0.575524,0.415504
38490127,-0.656803,-0.246774,0.578773,0.415612
38498460,-0.653940,-0.246867,0.581209,0.416673
38506793,-0.654676,-0.249760,0.579050,0.416797
38515126,-0.652372,-0.250089,0.580740,0.417860
38523459,-0.649680,-0.250966,0.582825,0.418624
38531792,-0.650256,-0.252189,0.581439,0.418923
38540125,-0.642945,-0.250024,0.588842,0.421159
38548458,-0.643844,-0.253900,0.587677,0.419089
38556791,-0.638025,-0.252595,0.593883,0.420026
38565124,-0.635582,-0.254112,0.596298,0.419395
38573457,-0.633300,-0.255712,0.598938,0.418110
38581790,-0.632435,-0.256935,0.600313,0.416694
38590123,-0.628806,-0.257413,0.604944,0.415192
38598456,-0.634836,-0.262202,0.599147,0.411408
38606789,-0.630311,-0.262537,0.605053,0.409504
38615122,-0.634477,-0.263989,0.602118,0.406452
38623455,-0.627199,-0.260591,0.611221,0.406352
38631788,-0.619224,-0.259291,0.621976,0.403082
38640121,-0.628080,-0.263119,0.614171,0.398846
38648454,-0.624961,-0.262437,0.619327,0.396212
38656787,-0.627917,-0.264395,0.618325,0.391777
38665120,-0.628653,-0.265676,0.620459,0.386319
38673453,-0.626929,-0.267272,0.625408,0.379989
38681786,-0.628878,-0.267726,0.625766,0.375836
38690119,-0.629190,-0.267376,0.628326,0.371262
38698452,-0.628658,-0.266682,0.631533,0.367200
38706785,-0.629022,-0.262626,0.635384,0.362831
38715118,-0.631807,-0.262832,0.635888,0.356911
38723451,-0.638199,-0.264206,0.632259,0.350922
38731784,-0.645295,-0.264027,0.627705,0.346222
38740117,-0.651898,-0.262665,0.624057,0.341450
38748450,-0.654859,-0.260178,0.624662,0.336547
38756783,-0.656227,-0.257306,0.626617,0.332433
38765116,-0.659688,-0.254701,0.626578,0.327627
38773449,-0.663076,-0.252229,0.626661,0.322500
38781782,-0.660166,-0.248848,0.633091,0.318515
38790115,-0.656461,-0.245059,0.640270,0.314737
38798448,-0.652317,-0.239199,0.648635,0.310709
38806781,-0.660201,-0.225360,0.647407,0.306939
38815114,-0.640772,-0.220318,0.669884,0.303524
38823447,-0.642103,-0.216989,0.672089,0.298186
38831780,-0.639629,-0.212359,0.677218,0.295220
38840113,-0.632160,-0.201757,0.687800,0.294277
38848446,-0.631760,-0.194313,0.691990,0.290296
38856779,-0.625867,-0.185151,0.701120,0.287123
38865112,-0.619378,-0.175790,0.710251,0.284624
38873445,-0.614489,-0.165244,0.718273,0.281392
38881778,-0.603822,-0.151988,0.731694,0.277349
38890111,-0.592459,-0.138445,0.744772,0.274118
38898444,-0.582437,-0.122379,0.756670,0.270629
38906777,-0.570464,-0.108441,0.769605,0.265556
38915110,-0.559228,-0.094185,0.781201,0.260994
38923443,-0.544211,-0.078709,0.795744,0.253832
38931776,-0.524318,-0.064349,0.813265,0.244029
38940109,-0.516087,-0.055754,0.822195,0.233540
38948442,-0.489763,-0.042487,0.843413,0.216752
38956775,-0.474287,-0.032801,0.857021,0.198725
38965108,-0.471884,-0.030287,0.863018,0.177786
38973441,-0.455425,-0.019766,0.876665,0.153807
38981774,-0.437006,-0.010293,0.889981,0.129824
38990107,-0.426271,-0.002783,0.898506,0.104746
38998440,-0.412516,0.004206,0.906995,0.084690
39006773,-0.403384,0.011952,0.912819,0.062456
39015106,-0.385858,0.023841,0.920825,0.051245
39023439,-0.359527,0.034277,0.931474,0.043841
39031772,-0.355298,0.040825,0.932708,0.046393
39040105,-0.347150,0.043223,0.935379,0.051821
39048438,-0.349397,0.040564,0.934119,0.060813
39056771,-0.352351,0.036678,0.932458,0.070891
39065104,-0.359075,0.029307,0.929313,0.081135
39073437,-0.352939,0.018848,0.931001,0.091197
39081770,-0.360061,0.002030,0.927631,0.099266
39090103,-0.358748,-0.017023,0.927577,0.103007
39098436,-0.355282,-0.036866,0.927892,0.106922
39106769,-0.352146,-0.056592,0.927733,0.110009
39115102,-0.351357,-0.075983,0.926292,0.112953
39123435,-0.348776,-0.095871,0.925167,0.115019
39131768,-0.347447,-0.116575,0.923121,0.116357
39140101,-0.349874,-0.135222,0.919145,0.120319
39148434,-0.355209,-0.152979,0.913517,0.126139
39156767,-0.349938,-0.163810,0.912662,0.133260
39165100,-0.355489,-0.176162,0.907098,0.140598
39173433,-0.360787,-0.189611,0.901005,0.148561
39181766,-0.366335,-0.200043,0.895188,0.156269
39190099,-0.372180,-0.207387,0.889365,0.165838
39198432,-0.381612,-0.222684,0.880525,0.171641
39206765,-0.386913,-0.231844,0.874517,0.178235
39215098,-0.390108,-0.236940,0.870022,0.186380
39223431,-0.390865,-0.245726,0.866152,0.191374
39231764,-0.390932,-0.251726,0.862563,0.199478
39240097,-0.393332,-0.262837,0.856756,0.205366
39248430,-0.391345,-0.267261,0.854367,0.213255
39256763,-0.389986,-0.274494,0.851186,0.219195
39265096,-0.388024,-0.279711,0.848604,0.225988
39273429,-0.390028,-0.284807,0.844784,0.230442
39281762,-0.386725,-0.289856,0.843225,0.235370
39290095,-0.387415,-0.297601,0.838751,0.240499
39298428,-0.386232,-0.304171,0.835447,0.245626
39306761,-0.387528,-0.310758,0.831157,0.249858
39315094,-0.385269,-0.317039,0.828683,0.253649
39323427,-0.387034,-0.322056,0.824481,0.258294
39331760,-0.392297,-0.331446,0.817491,0.260683
39340093,-0.385902,-0.338385,0.816778,0.263533
39348426,-0.384295,-0.343049,0.814810,0.265930
39356759,-0.385568,-0.348809,0.811049,0.268084
39365092,-0.388903,-0.355175,0.806379,0.268994
39373425,-0.386539,-0.359329,0.805534,0.269418
39381758,-0.382424,-0.359611,0.807463,0.269136
39390091,-0.386913,-0.366899,0.802219,0.268566
39398424,-0.388694,-0.373684,0.798565,0.267528
39406757,-0.388579,-0.377728,0.797321,0.265723
39415090,-0.394027,-0.383438,0.792938,0.262615
39423423,-0.392687,-0.387442,0.792226,0.260889
39431756,-0.394815,-0.390909,0.790244,0.258507
39440089,-0.396504,-0.394881,0.788392,0.255523
39448422,-0.393936,-0.394941,0.790688,0.252285
39456755,-0.393408,-0.400789,0.789738,0.246804
39465088,-0.394101,-0.405494,0.788322,0.242502
39473421,-0.394199,-0.411855,0.786574,0.237243
39481754,-0.393560,-0.416474,0.786075,0.231834
39490087,-0.392678,-0.422256,0.784906,0.226773
39498420,-0.393303,-0.427384,0.783192,0.221959
39506753,-0.391510,-0.434474,0.782115,0.215054
39515086,-0.388934,-0.440382,0.781974,0.208114
39523419,-0.388559,-0.448122,0.779744,0.200518
39531752,-0.385479,-0.453032,0.780406,0.192700
39540085,-0.383852,-0.458407,0.779955,0.184910
39548418,-0.378261,-0.464086,0.781381,0.176028
39556751,-0.374881,-0.472041,0.780387,0.166244
39565084,-0.372525,-0.481133,0.777564,0.158527
39573417,-0.368240,-0.486907,0.777947,0.148727
39581750,-0.362772,-0.493725,0.778307,0.137369
39590083,-0.358588,-0.502114,0.776931,0.125199
39598416,-0.354590,-0.508155,0.776730,0.112851
39606749,-0.350330,-0.514807,0.775817,0.101739
39615082,-0.348476,-0.520963,0.774138,0.088727
39623415,-0.344165,-0.527509,0.773237,0.073417
39631748,-0.338556,-0.534105,0.772289,0.060676
39640081,-0.333182,-0.539786,0.771443,0.049971
39648414,-0.329255,-0.546177,0.769468,0.034653
39656747,-0.325618,-0.549653,0.769070,0.019626
39665080,-0.321412,-0.554437,0.767635,0.005610
39673413,-0.317135,-0.559182,0.765949,-0.007957
39681746,-0.310667,-0.563759,0.764997,-0.021028
39690079,-0.299238,-0.570812,0.764021,-0.030044
39698412,-0.296625,-0.574578,0.761349,-0.047138
39706745,-0.290662,-0.579387,0.759248,-0.058037
39715078,-0.286764,-0.587068,0.753758,-0.070478
39723411,-0.282917,-0.594258,0.748552,-0.080534
39731744,-0.279314,-0.601682,0.742320,-0.094464
39740077,-0.275684,-0.608006,0.736870,-0.106538
39748410,-0.271753,-0.614732,0.730950,-0.118182
39756743,-0.268239,-0.624048,0.722531,-0.128688
39765076,-0.264101,-0.633937,0.713351,-0.139659
39773409,-0.258968,-0.641937,0.705607,-0.151558
39781742,-0.254732,-0.647649,0.699366,-0.162943
39790075,-0.255075,-0.653418,0.690202,-0.177772
39798408,-0.251857,-0.659308,0.683012,-0.188084
39806741,-0.246671,-0.665846,0.676282,-0.196077
39815074,-0.241436,-0.670659,0.671389,-0.202881
39823407,-0.240896,-0.673591,0.665446,-0.213134
39831740,-0.235294,-0.677987,0.661575,-0.217460
39840073,-0.232638,-0.679566,0.658355,-0.225031
39848406,-0.228965,-0.681694,0.655907,-0.229464
39856739,-0.227234,-0.683453,0.652509,-0.235560
39865072,-0.221435,-0.684787,0.652540,-0.237119
39873405,-0.218627,-0.684617,0.652731,-0.239676
39881738,-0.216103,-0.683669,0.653123,-0.243571
39890071,-0.214389,-0.683524,0.652485,-0.247176
39898404,-0.213548,-0.681451,0.653441,-0.251072
39906737,-0.212448,-0.678733,0.655428,-0.254168
39915070,-0.209889,-0.675715,0.658619,-0.256079
39923403,-0.210041,-0.672645,0.659645,-0.261342
39931736,-0.209751,-0.669736,0.661886,-0.263373
39940069,-0.210066,-0.665971,0.664500,-0.266073
39948402,-0.208590,-0.662580,0.667843,-0.267326
39956735,-0.205925,-0.660902,0.671710,-0.263834
39965068,-0.206766,-0.656645,0.673943,-0.268080
39973401,-0.205695,-0.654411,0.676678,-0.267476
39981734,-0.206084,-0.651764,0.678743,-0.268407
39990067,-0.207601,-0.649305,0.679902,-0.270253
39998400,-0.208023,-0.646901,0.682162,-0.270002
40006733,-0.211938,-0.643562,0.683292,-0.272071
40015066,-0.212216,-0.642740,0.684368,-0.271091
40023399,-0.212008,-0.641694,0.686490,-0.268351
40031732,-0.215724,-0.640039,0.686539,-0.269216
40040065,-0.217046,-0.640431,0.687654,-0.264329
40048398,-0.219621,-0.640258,0.688166,-0.261274
40056731,-0.221217,-0.640557,0.688910,-0.257204
40065064,-0.222611,-0.640657,0.690447,-0.251566
40073397,-0.226504,-0.641271,0.689913,-0.247965
40081730,-0.230053,-0.641805,0.689949,-0.243171
40090063,-0.231128,-0.642445,0.691689,-0.235394
40098396,-0.234908,-0.643210,0.691892,-0.228877
40106729,-0.239303,-0.643997,0.691461,-0.223347
40115062,-0.242004,-0.644618,0.692405,-0.215585
40123395,-0.245361,-0.646083,0.692089,-0.208297
40131728,-0.249308,-0.647114,0.691613,-0.201892
40140061,-0.253158,-0.648570,0.690856,-0.194898
40148394,-0.253908,-0.651948,0.691011,-0.181656
40156727,-0.255709,-0.653802,0.690925,-0.172566
40165060,-0.258820,-0.655446,0.690486,-0.163192
40173393,-0.260704,-0.656540,0.690933,-0.153622
40181726,-0.263960,-0.657685,0.690235,-0.146120
40190059,-0.268406,-0.658405,0.689641,-0.137322
40198392,-0.272142,-0.660643,0.687605,-0.129182
40206725,-0.275402,-0.661396,0.687088,-0.120911
40215058,-0.277921,-0.661689,0.687486,-0.110868
40223391,-0.282195,-0.661067,0.687509,-0.103382
40231724,-0.284364,-0.662316,0.686769,-0.093928
40240057,-0.286787,-0.664663,0.684675,-0.084835
40248390,-0.288699,-0.663576,0.686084,-0.074886
40256723,-0.290081,-0.665451,0.684870,-0.063096
40265056,-0.292939,-0.664475,0.685277,-0.055269
40273389,-0.293974,-0.663976,0.686017,-0.045776
40281722,-0.296266,-0.663799,0.685687,-0.037836
40290055,-0.300537,-0.665964,0.682019,-0.031929
40298388,-0.304576,-0.665718,0.680648,-0.027771
40306721,-0.306693,-0.663868,0.681820,-0.018416
40315054,-0.308311,-0.662973,0.682115,-0.011439
40323387,-0.309401,-0.663679,0.681020,-0.003520
40331720,-0.308831,-0.662727,0.682192,0.005557
40340053,-0.312411,-0.661095,0.682112,0.008733
40348386,-0.316028,-0.660382,0.681097,0.011352
40356719,-0.318896,-0.661161,0.678776,0.020846
40365052,-0.318893,-0.660261,0.679299,0.030249
40373385,-0.317971,-0.659361,0.680337,0.035763
40381718,-0.319053,-0.659405,0.679651,0.038271
40390051,-0.320866,-0.659148,0.678851,0.041601
40398384,-0.322419,-0.658792,0.678202,0.045624
40406717,-0.320925,-0.659346,0.677872,0.052529
40415050,-0.323244,-0.660635,0.675263,0.055637
40423383,-0.322491,-0.661477,0.674563,0.058424
40431716,-0.324939,-0.661949,0.673003,0.057491
40440049,-0.324499,-0.661676,0.673275,0.059889
40448382,-0.323450,-0.661709,0.673298,0.064741
40456715,-0.321692,-0.662489,0.673111,0.067418
40465048,-0.321145,-0.663668,0.672348,0.066016
40473381,-0.321475,-0.663201,0.672824,0.064229
40481714,-0.320573,-0.663840,0.672446,0.066072
40490047,-0.319357,-0.663948,0.672505,0.070146
40498380,-0.317347,-0.663424,0.674186,0.068055
40506713,-0.316890,-0.663844,0.674281,0.065082
40515046,-0.315527,-0.663968,0.674953,0.063460
40523379,-0.310743,-0.665084,0.675723,0.067087
40531712,-0.306084,-0.665312,0.677560,0.067711
40540045,-0.299540,-0.666050,0.679498,0.070258
40548378,-0.297506,-0.666088,0.680649,0.067329
40556711,-0.296537,-0.666344,0.681145,0.063971
40565044,-0.287596,-0.667976,0.683151,0.066341
40573377,-0.282815,-0.667920,0.685236,0.065962
40581710,-0.278375,-0.668492,0.686642,0.064409
40590043,-0.272772,-0.670390,0.687193,0.062751
40598376,-0.266095,-0.671140,0.689080,0.062723
40606709,-0.259639,-0.673948,0.688781,0.062950
40615042,-0.256016,-0.675238,0.689168,0.059638
40623375,-0.247468,-0.678560,0.688886,0.061244
40631708,-0.240661,-0.680181,0.689783,0.060291
40640041,-0.237370,-0.683279,0.688369,0.054167
40648374,-0.229001,-0.686751,0.687785,0.053703
40656707,-0.224589,-0.690647,0.685571,0.050592
40665040,-0.222392,-0.694199,0.683359,0.040617
40673373,-0.216818,-0.701608,0.676963,0.049565
40681706,-0.211897,-0.706099,0.674196,0.044534
40690039,-0.205994,-0.710156,0.672064,0.039698
40698372,-0.204750,-0.716592,0.665907,0.033788
40706705,-0.200654,-0.721599,0.661994,0.028212
40715038,-0.197005,-0.726923,0.657508,0.021357
40723371,-0.194492,-0.733432,0.651221,0.012678
40731704,-0.189781,-0.740246,0.644971,0.005606
40740037,-0.186145,-0.746537,0.638769,-0.002571
40748370,-0.182608,-0.753907,0.631015,-0.009958
40756703,-0.182801,-0.758970,0.624584,-0.021068
40765036,-0.180635,-0.762534,0.620336,-0.033116
40773369,-0.180554,-0.768860,0.612047,-0.040671
40781702,-0.170264,-0.774536,0.607664,-0.043003
40790035,-0.169914,-0.779118,0.601030,-0.053544
40798368,-0.174253,-0.781685,0.594176,-0.074558
40806701,-0.174328,-0.784187,0.589368,-0.085473
40815034,-0.171437,-0.788333,0.583557,-0.092750
40823367,-0.170250,-0.791379,0.578033,-0.103021
40831700,-0.168218,-0.794636,0.572388,-0.112377
40840033,-0.167280,-0.797038,0.567254,-0.122356
40848366,-0.168162,-0.797196,0.564057,-0.134310
40856699,-0.166375,-0.799330,0.559704,-0.141853
40865032,-0.164217,-0.801840,0.554916,-0.148841
40873365,-0.168907,-0.800626,0.550798,-0.164588
40881698,-0.166740,-0.801550,0.548488,-0.169928
40890031,-0.169300,-0.800884,0.544902,-0.181671
40898364,-0.172677,-0.799698,0.541608,-0.193200
40906697,-0.176188,-0.798109,0.538915,-0.203840
40915030,-0.175261,-0.798154,0.537315,-0.208631
40923363,-0.177169,-0.797626,0.534523,-0.216075
40931696,-0.177540,-0.799263,0.531087,-0.218184
40940029,-0.181122,-0.798337,0.527215,-0.227808
40948362,-0.178318,-0.800518,0.525237,-0.226934
40956695,-0.182730,-0.800884,0.520058,-0.233952
40965028,-0.183641,-0.801919,0.517162,-0.236103
40973361,-0.183849,-0.803373,0.514436,-0.236955
40981694,-0.182341,-0.806551,0.510861,-0.235049
40990027,-0.183988,-0.809532,0.505357,-0.235416
40998360,-0.184139,-0.812532,0.501646,-0.232887
41006693,-0.181934,-0.817296,0.498356,-0.224875
41015026,-0.181815,-0.820310,0.495000,-0.221381
41023359,-0.177747,-0.826021,0.492099,-0.209602
41031692,-0.174941,-0.830394,0.490619,-0.197825
41040025,-0.171130,-0.835060,0.489089,-0.184882
41048358,-0.163527,-0.841198,0.487599,-0.167009
41056691,-0.153015,-0.848597,0.485809,-0.143035
41065024,-0.141526,-0.854585,0.485145,-0.119534
41073357,-0.131620,-0.858696,0.484501,-0.102839
41081690,-0.119896,-0.863182,0.483762,-0.080723
41090023,-0.109412,-0.866846,0.482805,-0.059219
41098356,-0.100716,-0.868860,0.482850,-0.042348
41106689,-0.089090,-0.870861,0.482886,-0.022019
41115022,-0.080693,-0.871466,0.483728,-0.006616
41123355,-0.070435,-0.871376,0.485370,0.012613
41131688,-0.064308,-0.870989,0.486311,0.027282
41140021,-0.058394,-0.870164,0.487468,0.042184
41148354,-0.053169,-0.868611,0.489686,0.053804
41156687,-0.049292,-0.866091,0.493115,0.065530
41165020,-0.045951,-0.863439,0.496631,0.075626
41173353,-0.044891,-0.862416,0.497418,0.082454
41181686,-0.041653,-0.859821,0.500334,0.092941
41190019,-0.037671,-0.856094,0.506068,0.097877
41198352,-0.038661,-0.854698,0.506975,0.104751
41206685,-0.038155,-0.852674,0.507780,0.116840
41215018,-0.040247,-0.849836,0.511401,0.120947
41223351,-0.034853,-0.845711,0.515766,0.132453
41231684,-0.031246,-0.842540,0.518890,0.141077
41240017,-0.027390,-0.839070,0.524052,0.143461
41248350,-0.036402,-0.837676,0.528397,0.133310
41256683,-0.040392,-0.835801,0.531417,0.131914
41265016,-0.054797,-0.833365,0.541739,0.094970
41273349,-0.055630,-0.830950,0.544198,0.101368
41281682,-0.052852,-0.828978,0.546161,0.108214
41290015,-0.050883,-0.825696,0.549917,0.115013
41298348,-0.051674,-0.823144,0.553115,0.117591
41306681,-0.056836,-0.820845,0.556272,0.116384
41315014,-0.057130,-0.818087,0.559486,0.120189
41323347,-0.064582,-0.817592,0.560106,0.116851
41331680,-0.070847,-0.815902,0.562189,0.115011
41340013,-0.072466,-0.813853,0.564036,0.119396
41348346,-0.082075,-0.812374,0.566790,0.109822
41356679,-0.075715,-0.810293,0.564446,0.138176
41365012,-0.091217,-0.809461,0.569116,0.112071
41373345,-0.099241,-0.807039,0.573437,0.100041
41381678,-0.097102,-0.803945,0.577153,0.105535
41390011,-0.094102,-0.801678,0.579345,0.113214
41398344,-0.092085,-0.798921,0.582407,0.118520
41406677,-0.092969,-0.797575,0.583972,0.119198
41415010,-0.096359,-0.796095,0.586131,0.115752
41423343,-0.110717,-0.796662,0.585052,0.103852
41431676,-0.111657,-0.794970,0.586807,0.105890
41440009,-0.108708,-0.792778,0.589305,0.111377
41448342,-0.107253,-0.792139,0.590050,0.113375
41456675,-0.107035,-0.791666,0.590927,0.112311
41465008,-0.106728,-0.790649,0.592262,0.112732
41473341,-0.106662,-0.789795,0.593486,0.112348
41481674,-0.107657,-0.789520,0.593780,0.111773
41490007,-0.116634,-0.791492,0.589523,0.111355
41498340,-0.122527,-0.792486,0.587110,0.110705
41506673,-0.126637,-0.792873,0.585958,0.109403
41515006,-0.130602,-0.793385,0.585086,0.105631
41523339,-0.135907,-0.794181,0.583456,0.101908
41531672,-0.142848,-0.794858,0.582482,0.092249
41540005,-0.148183,-0.795889,0.581040,0.083633
41548338,-0.152365,-0.796474,0.580360,0.074800
41556671,-0.160807,-0.797131,0.578841,0.060551
41565004,-0.164226,-0.797374,0.578280,0.053081
41573337,-0.172880,-0.798252,0.575731,0.037941
41581670,-0.172581,-0.798561,0.575603,0.034608
41590003,-0.176038,-0.799682,0.573415,0.026742
41598336,-0.179042,-0.800829,0.571188,0.018994
41606669,-0.182346,-0.801172,0.569897,0.009543
41615002,-0.183395,-0.801444,0.569254,0.001950
41623335,-0.186747,-0.801781,0.567633,-0.008152
41631668,-0.188292,-0.801851,0.566878,-0.015186
41640001,-0.189933,-0.802242,0.565455,-0.024357
41648334,-0.196139,-0.802172,0.562711,-0.037478
41656667,-0.194040,-0.802516,0.562726,-0.040692
41665000,-0.195474,-0.802240,0.561767,-0.051180
41673333,-0.195271,-0.802384,0.561012,-0.057571
41681666,-0.202530,-0.801402,0.557985,-0.073409
41689999,-0.199131,-0.801907,0.558215,-0.075410
41698332,-0.198390,-0.802131,0.557218,-0.082071
41706665,-0.206149,-0.798630,0.555908,-0.103242
41714998,-0.204345,-0.798627,0.555576,-0.108509
41723331,-0.203012,-0.798613,0.555462,-0.111651
41731664,-0.202392,-0.798049,0.555093,-0.118431
41739997,-0.202493,-0.797976,0.553870,-0.124334
41748330,-0.201880,-0.798512,0.553039,-0.125580
41756663,-0.201739,-0.797465,0.552683,-0.133764
41764996,-0.201631,-0.797298,0.551431,-0.139947
41773329,-0.201801,-0.797060,0.549940,-0.146760
41781662,-0.198908,-0.797351,0.550540,-0.146876
41789995,-0.201386,-0.796611,0.548566,-0.154697
41798328,-0.199113,-0.797243,0.548690,-0.153938
41806661,-0.194004,-0.795810,0.552937,-0.152677
41814994,-0.193913,-0.794420,0.553618,-0.157486
41823327,-0.193024,-0.794498,0.553112,-0.159943
41831660,-0.191224,-0.794982,0.553001,-0.160085
41839993,-0.195054,-0.795647,0.548907,-0.166135
41848326,-0.197605,-0.796055,0.546542,-0.168938
41856659,-0.197865,-0.796076,0.545486,-0.171922
41864992,-0.198247,-0.795460,0.545495,-0.174287
41873325,-0.197888,-0.795529,0.545443,-0.174545
41881658,-0.197596,-0.796115,0.545031,-0.173490
41889991,-0.200863,-0.795748,0.542862,-0.178158
41898324,-0.201897,-0.795166,0.542767,-0.179866
41906657,-0.200579,-0.795630,0.543615,-0.176701
41914990,-0.201700,-0.796269,0.542099,-0.177206
41923323,-0.196263,-0.796554,0.546092,-0.169606
41931656,-0.195236,-0.796907,0.546534,-0.167698
41939989,-0.195871,-0.797786,0.545453,-0.166294
41948322,-0.200016,-0.799361,0.541371,-0.167132
41956655,-0.202676,-0.798868,0.540552,-0.168925
41964988,-0.203177,-0.798358,0.541228,-0.168571
41973321,-0.205358,-0.799497,0.538373,-0.169671
41981654,-0.201565,-0.799972,0.541594,-0.161530
41989987,-0.205430,-0.800999,0.537743,-0.164410
41998320,-0.207356,-0.801407,0.536705,-0.163394
42006653,-0.209533,-0.801519,0.536033,-0.162270
42014986,-0.210383,-0.802259,0.535126,-0.160497
42023319,-0.211830,-0.803039,0.533342,-0.160634
42031652,-0.212587,-0.804026,0.532473,-0.157550
42039985,-0.214818,-0.804400,0.531407,-0.156208
42048318,-0.215129,-0.804633,0.531778,-0.153290
42056651,-0.216344,-0.805845,0.530824,-0.148443
42064984,-0.216791,-0.806122,0.531028,-0.145525
42073317,-0.217099,-0.806803,0.531099,-0.140967
42081650,-0.219156,-0.807184,0.529566,-0.141365
42089983,-0.220160,-0.807645,0.528758,-0.140192
42098316,-0.219501,-0.809204,0.528328,-0.133704
42106649,-0.219619,-0.809487,0.528474,-0.131202
42114982,-0.219733,-0.810185,0.528249,-0.127559
42123315,-0.221164,-0.810062,0.528060,-0.126647
42131648,-0.222442,-0.810093,0.527706,-0.125679
42139981,-0.224247,-0.809942,0.527133,-0.125850
42148314,-0.222069,-0.811487,0.527605,-0.117508
42156647,-0.222201,-0.812164,0.527000,-0.115276
42164980,-0.222722,-0.812476,0.526488,-0.114402
42173313,-0.222699,-0.812072,0.527537,-0.112467
42181646,-0.222827,-0.811458,0.528862,-0.110407
42189979,-0.222828,-0.812137,0.528733,-0.105933
42198312,-0.222596,-0.812462,0.528842,-0.103358
42206645,-0.222856,-0.812179,0.529549,-0.101385
42214978,-0.224343,-0.811562,0.529723,-0.102136
42223311,-0.223725,-0.812498,0.529112,-0.099167
42231644,-0.225635,-0.812207,0.528577,-0.100075
42239977,-0.225383,-0.812289,0.528731,-0.099162
42248310,-0.224956,-0.812619,0.528960,-0.096156
42256643,-0.226130,-0.813625,0.526679,-0.097415
42264976,-0.226258,-0.814104,0.526348,-0.094866
42273309,-0.226039,-0.813243,0.527821,-0.094588
42281642,-0.224599,-0.812048,0.530661,-0.092365
42289975,-0.223698,-0.811493,0.532132,-0.090958
42298308,-0.223902,-0.811653,0.531734,-0.091352
42306641,-0.223373,-0.812658,0.530324,-0.091912
42314974,-0.222731,-0.812903,0.530280,-0.091557
42323307,-0.222781,-0.812767,0.530630,-0.090605
42331640,-0.220944,-0.813680,0.530128,-0.089855
42339973,-0.219544,-0.813571,0.531013,-0.089034
42348306,-0.218266,-0.813440,0.531868,-0.088270
42356639,-0.217634,-0.813003,0.533130,-0.086214
42364972,-0.216747,-0.812536,0.534051,-0.087153
42373305,-0.217278,-0.813245,0.532284,-0.089981
42381638,-0.217012,-0.813591,0.531877,-0.089905
42389971,-0.218847,-0.813277,0.530628,-0.095498
42398304,-0.215843,-0.813503,0.532297,-0.091018
42406637,-0.215407,-0.813035,0.532797,-0.093277
42414970,-0.215139,-0.813297,0.532100,-0.095565
42423303,-0.215855,-0.813227,0.531570,-0.097479
42431636,-0.213210,-0.813456,0.532508,-0.096258
42439969,-0.212133,-0.814322,0.531104,-0.099033
42448302,-0.212294,-0.813900,0.531218,-0.101514
42456635,-0.210050,-0.813524,0.533137,-0.099111
42464968,-0.209145,-0.813928,0.532433,-0.101465
42473301,-0.208846,-0.814843,0.530503,-0.104787
42481634,-0.209092,-0.814303,0.530476,-0.108567
42489967,-0.208174,-0.813702,0.531109,-0.111691
42498300,-0.207217,-0.813538,0.531905,-0.110878
42506633,-0.206140,-0.814570,0.530617,-0.111479
42514966,-0.207124,-0.813025,0.531406,-0.117043
42523299,-0.206340,-0.812813,0.531404,-0.119866
42531632,-0.205782,-0.812629,0.531512,-0.121583
42539965,-0.205833,-0.812551,0.530643,-0.125748
42548298,-0.204277,-0.813023,0.530890,-0.124177
42556631,-0.203105,-0.812439,0.531573,-0.126972
42564964,-0.202218,-0.812471,0.531177,-0.129809
42573297,-0.201147,-0.812666,0.530929,-0.131256
42581630,-0.198202,-0.813339,0.531797,-0.128016
42589963,-0.198768,-0.812945,0.531248,-0.131864
42598296,-0.200101,-0.813132,0.529704,-0.134870
42606629,-0.199419,-0.812529,0.530349,-0.136965
42614962,-0.199038,-0.812752,0.529787,-0.138362
42623295,-0.196722,-0.814415,0.528616,-0.136358
42631628,-0.196204,-0.814528,0.528190,-0.138069
42639961,-0.197514,-0.814698,0.526414,-0.141928
42648294,-0.195969,-0.815449,0.526493,-0.139441
42656627,-0.195763,-0.815186,0.527010,-0.139318
42664960,-0.198310,-0.814805,0.525186,-0.144725
42673293,-0.195155,-0.816736,0.525468,-0.136894
42681626,-0.195481,-0.816212,0.525367,-0.139910
42689959,-0.196779,-0.815984,0.524302,-0.143371
42698292,-0.194364,-0.817080,0.524836,-0.138389
42706625,-0.195788,-0.816949,0.523713,-0.141372
42714958,-0.194620,-0.817022,0.524544,-0.139467
42723291,-0.192489,-0.817479,0.525700,-0.135337
42731624,-0.193266,-0.817699,0.524475,-0.137634
42739957,-0.192101,-0.819348,0.523931,-0.131385
42748290,-0.191934,-0.818636,0.524963,-0.131946
42756623,-0.195074,-0.817583,0.524429,-0.135937
42764956,-0.193552,-0.818829,0.524221,-0.131332
42773289,-0.193875,-0.818435,0.524836,-0.130856
42781622,-0.194643,-0.818669,0.525036,-0.127407
42789955,-0.195659,-0.818682,0.524636,-0.127414
42798288,-0.195275,-0.818603,0.525218,-0.126103
42806621,-0.196648,-0.819111,0.524067,-0.125459
42814954,-0.198145,-0.818500,0.524292,-0.126149
42823287,-0.198312,-0.818300,0.525056,-0.123987
42831620,-0.198363,-0.818167,0.526172,-0.119990
42839953,-0.197957,-0.818034,0.526841,-0.118625
42848286,-0.198116,-0.817857,0.527418,-0.117004
42856619,-0.198966,-0.818068,0.527141,-0.115323
42864952,-0.200043,-0.817625,0.527249,-0.116111
42873285,-0.200008,-0.817643,0.528052,-0.112329
42881618,-0.200620,-0.817155,0.528539,-0.112500
42889951,-0.201904,-0.816871,0.528300,-0.113385
42898284,-0.201983,-0.816495,0.529334,-0.111106
42906617,-0.199162,-0.815856,0.532329,-0.106486
42914950,-0.202919,-0.816334,0.529872,-0.107972
42923283,-0.204062,-0.815503,0.530208,-0.110420
42931616,-0.203228,-0.815461,0.531264,-0.107144
42939949,-0.205237,-0.814608,0.531034,-0.110878
42948282,-0.207547,-0.814466,0.530520,-0.110082
42956615,-0.208353,-0.814530,0.530363,-0.108837
42964948,-0.209397,-0.814958,0.529611,-0.107281
42973281,-0.206600,-0.815131,0.531978,-0.099388
42981614,-0.206561,-0.815243,0.531852,-0.099221
42989947,-0.208231,-0.815363,0.530721,-0.100785
42998280,-0.210269,-0.815810,0.528936,-0.102316
43006613,-0.208037,-0.816327,0.530146,-0.096310
43014946,-0.208676,-0.816786,0.529629,-0.093855
43023279,-0.211770,-0.817074,0.527738,-0.095059
43031612,-0.212432,-0.816614,0.527944,-0.096381
43039945,-0.212722,-0.817113,0.527038,-0.096471
43048278,-0.214976,-0.817064,0.526003,-0.097534
43056611,-0.215031,-0.817424,0.525715,-0.095933
43064944,-0.216216,-0.817553,0.525395,-0.093910
43073277,-0.217264,-0.817523,0.524659,-0.095845
43081610,-0.220416,-0.817658,0.522442,-0.099534
43089943,-0.222500,-0.817841,0.521060,-0.100628
43098276,-0.224108,-0.818416,0.519875,-0.098493
43106609,-0.227816,-0.818486,0.516812,-0.105293
43114942,-0.230298,-0.818849,0.514332,-0.109140
43123275,-0.230189,-0.819304,0.514230,-0.106404
43131608,-0.232509,-0.821178,0.509313,-0.110482
43139941,-0.237099,-0.822138,0.503891,-0.118177
43148274,-0.233070,-0.824555,0.504070,-0.108169
43156607,-0.236872,-0.825493,0.499290,-0.114726
43164940,-0.237755,-0.827911,0.494610,-0.115744
43173273,-0.240051,-0.830024,0.488896,-0.120071
43181606,-0.239222,-0.832389,0.485260,-0.120101
43189939,-0.238078,-0.836110,0.479999,-0.117638
43198272,-0.233673,-0.840363,0.476548,-0.109950
43206605,-0.239487,-0.841776,0.468184,-0.121908
43214938,-0.233521,-0.846605,0.464578,-0.113560
43223271,-0.233377,-0.849828,0.458228,-0.115563
43231604,-0.232914,-0.853608,0.451235,-0.116153
43239937,-0.231928,-0.855996,0.447163,-0.116300
43248270,-0.230097,-0.858597,0.443156,-0.116098
43256603,-0.229320,-0.861039,0.438073,-0.118810
43264936,-0.226810,-0.863279,0.435676,-0.116158
43273269,-0.233616,-0.864080,0.425998,-0.131584
43281602,-0.231571,-0.866655,0.421951,-0.131307
43289935,-0.235017,-0.867507,0.414654,-0.142340
43298268,-0.232113,-0.869439,0.412683,-0.141038
43306601,-0.226751,-0.872375,0.411027,-0.136393
43314934,-0.227351,-0.873744,0.405859,-0.141989
43323267,-0.225288,-0.875219,0.403794,-0.142086
43331600,-0.220817,-0.877506,0.402741,-0.137922
43339933,-0.218911,-0.879523,0.399395,-0.137843
43348266,-0.216066,-0.881940,0.396132,-0.136298
43356599,-0.209543,-0.885672,0.394366,-0.127091
43364932,-0.206617,-0.888061,0.391784,-0.123139
43373265,-0.196620,-0.893167,0.390070,-0.106955
43381598,-0.180097,-0.900161,0.389570,-0.074233
43389931,-0.167429,-0.903803,0.389735,-0.056691
43398264,-0.160350,-0.906704,0.387191,-0.047529
43406597,-0.159355,-0.907995,0.383339,-0.056586
43414930,-0.147247,-0.911407,0.382680,-0.034819
43423263,-0.125300,-0.915665,0.381717,0.012232
43431596,-0.121101,-0.917018,0.379982,0.005144
43439929,-0.123882,-0.918539,0.375245,-0.011452
43448262,-0.114917,-0.921480,0.370871,0.011125
43456595,-0.117582,-0.922822,0.366748,0.008398
43464928,-0.116375,-0.925032,0.361378,0.013332
43473261,-0.095594,-0.927381,0.358796,0.045726
43481594,-0.089418,-0.929501,0.352286,0.062665
43489927,-0.083662,-0.931274,0.345752,0.078647
43498260,-0.078669,-0.932465,0.339923,0.093657
43506593,-0.077184,-0.934450,0.336112,0.088746
43514926,-0.077041,-0.936624,0.333737,0.073617
43523259,-0.069375,-0.937551,0.325663,0.100645
43531592,-0.067533,-0.939920,0.315402,0.111855
43539925,-0.052088,-0.939076,0.316597,0.123247
43548258,-0.046976,-0.939666,0.311317,0.133804
43556591,-0.056152,-0.943691,0.301549,0.123948
43564924,-0.046512,-0.944747,0.300019,0.123604
43573257,-0.045296,-0.946498,0.291503,0.130826
43581590,-0.041310,-0.947891,0.286579,0.132921
43589923,-0.041578,-0.949494,0.278410,0.138636
43598256,-0.047014,-0.954479,0.272288,0.112333
43606589,-0.055941,-0.958058,0.267201,0.087171
43614922,-0.060349,-0.960250,0.258072,0.087624
43623255,-0.065577,-0.963194,0.248670,0.078229
43631588,-0.064574,-0.964873,0.242545,0.077602
43639921,-0.060583,-0.966624,0.237962,0.073092
43648254,-0.057211,-0.968929,0.232161,0.063285
43656587,-0.054441,-0.970394,0.227001,0.061979
43664920,-0.052644,-0.972094,0.220467,0.060469
43673253,-0.051878,-0.974116,0.212452,0.057181
43681586,-0.050904,-0.976293,0.203276,0.054215
43689919,-0.050932,-0.978682,0.193108,0.047928
43698252,-0.050238,-0.980649,0.184301,0.042859
43706585,-0.062898,-0.982927,0.172047,0.017300
43714918,-0.059457,-0.984329,0.165294,0.015472
43723251,-0.068641,-0.985641,0.153982,-0.009451
43731584,-0.064960,-0.987215,0.144783,-0.014994
43739917,-0.072353,-0.987418,0.135483,-0.037632
43748250,-0.074121,-0.987289,0.127243,-0.059796
43756583,-0.074027,-0.986626,0.119352,-0.082726
43764916,-0.075422,-0.985191,0.111261,-0.106450
43773249,-0.072160,-0.984202,0.107971,-0.120340
43781582,-0.072255,-0.982423,0.101896,-0.138711
43789915,-0.072110,-0.979611,0.096194,-0.160965
43798248,-0.071599,-0.975725,0.092586,-0.185100
43806581,-0.070127,-0.974967,0.088473,-0.191558
43814914,-0.067875,-0.974537,0.085097,-0.196031
43823247,-0.063731,-0.974640,0.081620,-0.198379
43831580,-0.063288,-0.973784,0.078232,-0.204008
43839913,-0.058313,-0.974989,0.076853,-0.200226
43848246,-0.056711,-0.975001,0.073588,-0.201847
43856579,-0.056527,-0.974468,0.069500,-0.205879
43864912,-0.056394,-0.974215,0.064706,-0.208658
43873245,-0.056665,-0.974173,0.060860,-0.209934
43881578,-0.057390,-0.974343,0.057140,-0.209992
43889911,-0.057460,-0.974207,0.051323,-0.212096
43898244,-0.056886,-0.974395,0.046456,-0.212510
43906577,-0.058307,-0.974032,0.039971,-0.215093
43914910,-0.058978,-0.974583,0.035955,-0.213114
43923243,-0.058128,-0.975593,0.031919,-0.209334
43931576,-0.060663,-0.975057,0.024024,-0.212148
43939909,-0.061165,-0.975341,0.017571,-0.211328
43948242,-0.063367,-0.975106,0.010426,-0.212237
43956575,-0.065308,-0.974763,0.003413,-0.213448
43964908,-0.066852,-0.974854,-0.002409,-0.212568
43973241,-0.068710,-0.974624,-0.009381,-0.212838
43981574,-0.070652,-0.974449,-0.016837,-0.212541
43989907,-0.072784,-0.973695,-0.024601,-0.214510
43998240,-0.074715,-0.974128,-0.031505,-0.210948
44006573,-0.077344,-0.974346,-0.036792,-0.208120
44014906,-0.080273,-0.973880,-0.043181,-0.207965
44023239,-0.082774,-0.973368,-0.049509,-0.207972
44031572,-0.085836,-0.972808,-0.056444,-0.207584
44039905,-0.087963,-0.972544,-0.062723,-0.206121
44048238,-0.091389,-0.972270,-0.067839,-0.204298
44056571,-0.093083,-0.972886,-0.073094,-0.198708
44064904,-0.095784,-0.971958,-0.079289,-0.199589
44073237,-0.097240,-0.971303,-0.086067,-0.199267
44081570,-0.099780,-0.970787,-0.090353,-0.198629
44089903,-0.101028,-0.970897,-0.094119,-0.195690
44098236,-0.103895,-0.970239,-0.097632,-0.195727
44106569,-0.104523,-0.969776,-0.102350,-0.195280
44114902,-0.106070,-0.969375,-0.106832,-0.194032
44123235,-0.106645,-0.968946,-0.109873,-0.194160
44131568,-0.107037,-0.968799,-0.113621,-0.192516
44139901,-0.108438,-0.967594,-0.117207,-0.195615
44148234,-0.109756,-0.966966,-0.121530,-0.195348
44156567,-0.110327,-0.966664,-0.125483,-0.194018
44164900,-0.111134,-0.965998,-0.129151,-0.194468
44173233,-0.111446,-0.965590,-0.133519,-0.193361
44181566,-0.111100,-0.965449,-0.136793,-0.191971
44189899,-0.112607,-0.964556,-0.141332,-0.192295
44198232,-0.113124,-0.963678,-0.145152,-0.193540
44206565,-0.113652,-0.962913,-0.149700,-0.193575
44214898,-0.113369,-0.962369,-0.153043,-0.193831
44223231,-0.113218,-0.961991,-0.156539,-0.193006
44231564,-0.112561,-0.961246,-0.160454,-0.193881
44239897,-0.111422,-0.960784,-0.164165,-0.193726
44248230,-0.109758,-0.959800,-0.167672,-0.196526
44256563,-0.110050,-0.959590,-0.169724,-0.195629
44264896,-0.108600,-0.959899,-0.171825,-0.193072
44273229,-0.108214,-0.958735,-0.175961,-0.195334
44281562,-0.107370,-0.957980,-0.179180,-0.196571
44289895,-0.106908,-0.956987,-0.183030,-0.198107
44298228,-0.105160,-0.956696,-0.186386,-0.197317
44306561,-0.103960,-0.955617,-0.190571,-0.199175
44314894,-0.102597,-0.954667,-0.194711,-0.200429
44323227,-0.102143,-0.953848,-0.199244,-0.200106
44331560,-0.100615,-0.953242,-0.204121,-0.198850
44339893,-0.099556,-0.952662,-0.208980,-0.197107
44348226,-0.100814,-0.953235,-0.214315,-0.187746
44356559,-0.101308,-0.954594,-0.219269,-0.174381
44364892,-0.102696,-0.954827,-0.223207,-0.167146
44373225,-0.102141,-0.955207,-0.228004,-0.158623
44381558,-0.103399,-0.955597,-0.232617,-0.148433
44389891,-0.103331,-0.955443,-0.237085,-0.142274
44398224,-0.100504,-0.955015,-0.241471,-0.139772
44406557,-0.100141,-0.954665,-0.246423,-0.133649
44414890,-0.094451,-0.953689,-0.250695,-0.136776
44423223,-0.090331,-0.952670,-0.253967,-0.140577
44431556,-0.094346,-0.952162,-0.259892,-0.130165
44439889,-0.099947,-0.953506,-0.264378,-0.104602
44448222,-0.091583,-0.953406,-0.265657,-0.109801
44456555,-0.084669,-0.952081,-0.269747,-0.116658
44464888,-0.079800,-0.950786,-0.273219,-0.122435
44473221,-0.076310,-0.949422,-0.276746,-0.127221
44481554,-0.073519,-0.948470,-0.280022,-0.128790
44489887,-0.070549,-0.947526,-0.283376,-0.130059
44498220,-0.079458,-0.947282,-0.290876,-0.108324
44506553,-0.078931,-0.947478,-0.293145,-0.100607
44514886,-0.073561,-0.947170,-0.295386,-0.101016
44523219,-0.068395,-0.946905,-0.296444,-0.103990
44531552,-0.063693,-0.946392,-0.298536,-0.105647
44539885,-0.060911,-0.946103,-0.300415,-0.104543
44548218,-0.058003,-0.945895,-0.301667,-0.104472
44556551,-0.056007,-0.945582,-0.302688,-0.105436
44564884,-0.053769,-0.945174,-0.304116,-0.106152
44573217,-0.057817,-0.944214,-0.306136,-0.106760
44581550,-0.060266,-0.943349,-0.309175,-0.104269
44589883,-0.060291,-0.942200,-0.311156,-0.108661
44598216,-0.057707,-0.941676,-0.311382,-0.113827
44606549,-0.046725,-0.937846,-0.311386,-0.145944
44614882,-0.038796,-0.936512,-0.309074,-0.160976
44623215,-0.031247,-0.935681,-0.307684,-0.169865
44631548,-0.026628,-0.935680,-0.304084,-0.176996
44639881,-0.021990,-0.934865,-0.300591,-0.187589
44648214,-0.017686,-0.934126,-0.298802,-0.194454
44656547,-0.012193,-0.933567,-0.296229,-0.201379
44664880,-0.006929,-0.932532,-0.293646,-0.210017
44673213,-0.000763,-0.930039,-0.291568,-0.223639
44681546,0.002807,-0.931597,-0.288971,-0.220485
44689879,0.007021,-0.931896,-0.286172,-0.222768
44698212,0.010552,-0.932682,-0.283090,-0.223278
44706545,0.013613,-0.933344,-0.279834,-0.224446
44714878,0.016286,-0.933280,-0.276437,-0.228705
44723211,0.019567,-0.933182,-0.274889,-0.230703
44731544,0.021464,-0.933802,-0.271438,-0.232109
44739877,0.023524,-0.934015,-0.267581,-0.235505
44748210,0.025918,-0.934861,-0.265088,-0.234716
44756543,0.026992,-0.935327,-0.262450,-0.235702
44764876,0.027763,-0.935830,-0.260147,-0.236166
44773209,0.028064,-0.936830,-0.257659,-0.234892
44781542,0.026322,-0.936705,-0.257403,-0.235871
44789875,0.026477,-0.936791,-0.256279,-0.236735
44798208,0.024814,-0.937330,-0.254566,-0.236628
44806541,0.022640,-0.937948,-0.254151,-0.234836
44814874,0.020873,-0.938408,-0.251558,-0.235954
44823207,0.018310,-0.937497,-0.252750,-0.238501
44831540,0.015092,-0.937150,-0.254158,-0.238591
44839873,0.011875,-0.938104,-0.253346,-0.235873
44848206,0.008503,-0.937853,-0.253551,-0.236795
44856539,0.004272,-0.937519,-0.254687,-0.237012
44864872,0.001838,-0.937781,-0.254520,-0.236185
44873205,0.000408,-0.937638,-0.254068,-0.237243
44881538,-0.005104,-0.937607,-0.254875,-0.236446
44889871,-0.009955,-0.937165,-0.256527,-0.236254
44898204,-0.014254,-0.936997,-0.257393,-0.235758
44906537,-0.019697,-0.937456,-0.257266,-0.233672
44914870,-0.025208,-0.937570,-0.258144,-0.231709
44923203,-0.027481,-0.937788,-0.258575,-0.230081
44931536,-0.032145,-0.937500,-0.258764,-0.230440
44939869,-0.038253,-0.937620,-0.258524,-0.229281
44948202,-0.043819,-0.937427,-0.258497,-0.229107
44956535,-0.048060,-0.937833,-0.257693,-0.227496
44964868,-0.052261,-0.937978,-0.257267,-0.226448
44973201,-0.056755,-0.937978,-0.256669,-0.226046
44981534,-0.060817,-0.937753,-0.256417,-0.226209
44989867,-0.065257,-0.937733,-0.256424,-0.225044
44998200,-0.069012,-0.937549,-0.255273,-0.225997
45006533,-0.072931,-0.937777,-0.254347,-0.224862
45014866,-0.075576,-0.937785,-0.253468,-0.224948
45023199,-0.080295,-0.938212,-0.251893,-0.223297
45031532,-0.083005,-0.938282,-0.252013,-0.221869
45039865,-0.086933,-0.938366,-0.251965,-0.220058
45048198,-0.089428,-0.938973,-0.250213,-0.218465
45056531,-0.091822,-0.938257,-0.251454,-0.219122
45064864,-0.095110,-0.938460,-0.249837,-0.218696
45073197,-0.097213,-0.939169,-0.247961,-0.216856
45081530,-0.099493,-0.938757,-0.247882,-0.217696
45089863,-0.101743,-0.938220,-0.249040,-0.217645
45098196,-0.104260,-0.939246,-0.246835,-0.214520
45106529,-0.105320,-0.939824,-0.245392,-0.213121
45114862,-0.107498,-0.939702,-0.245512,-0.212434
45123195,-0.110248,-0.940801,-0.245069,-0.206592
45131528,-0.110139,-0.939876,-0.245754,-0.210016
45139861,-0.110172,-0.939821,-0.244961,-0.211169
45148194,-0.110481,-0.940160,-0.243511,-0.211176
45156527,-0.111713,-0.940443,-0.241769,-0.211267
45164860,-0.111514,-0.941193,-0.239873,-0.210192
45173193,-0.109987,-0.942128,-0.237473,-0.209533
45181526,-0.110358,-0.942757,-0.235415,-0.208829
45189859,-0.110747,-0.942813,-0.234997,-0.208841
45198192,-0.110664,-0.943084,-0.233874,-0.208923
45206525,-0.109731,-0.942949,-0.233394,-0.210554
45214858,-0.107509,-0.942774,-0.232020,-0.213978
45223191,-0.105432,-0.943891,-0.230703,-0.211495
45231524,-0.103198,-0.944334,-0.229824,-0.211576
45239857,-0.102024,-0.944765,-0.227733,-0.212479
45248190,-0.098362,-0.946203,-0.225785,-0.209872
45256523,-0.096359,-0.946188,-0.225907,-0.210734
45264856,-0.095516,-0.946067,-0.225466,-0.212131
45273189,-0.092807,-0.946769,-0.223977,-0.211779
45281522,-0.089155,-0.946962,-0.223981,-0.212477
45289855,-0.086916,-0.946955,-0.223496,-0.213944
45298188,-0.084490,-0.947145,-0.222524,-0.215082
45306521,-0.082386,-0.948273,-0.220581,-0.212918
45314854,-0.080135,-0.948249,-0.221047,-0.213403
45323187,-0.076542,-0.947749,-0.221888,-0.216051
45331520,-0.073496,-0.947782,-0.221994,-0.216856
45339853,-0.071251,-0.948377,-0.221189,-0.215822
45348186,-0.068309,-0.948434,-0.221395,-0.216311
45356519,-0.065412,-0.948276,-0.221549,-0.217740
45364852,-0.062670,-0.948250,-0.222023,-0.218174
45373185,-0.060219,-0.948562,-0.220304,-0.219249
45381518,-0.057998,-0.949392,-0.218715,-0.217843
45389851,-0.053217,-0.949964,-0.219179,-0.216093
45398184,-0.050586,-0.949282,-0.219335,-0.219540
45406517,-0.048737,-0.949088,-0.219391,-0.220736
45414850,-0.045666,-0.949261,-0.218681,-0.221351
45423183,-0.042851,-0.949414,-0.217342,-0.222573
45431516,-0.039988,-0.948908,-0.217060,-0.225519
45439849,-0.037645,-0.948809,-0.216206,-0.227154
45448182,-0.034469,-0.949422,-0.214909,-0.226329
45456515,-0.032350,-0.949743,-0.214914,-0.225286
45464848,-0.030859,-0.949033,-0.214711,-0.228655
45473181,-0.029290,-0.948290,-0.214433,-0.232176
45481514,-0.027763,-0.948722,-0.213980,-0.231014
45489847,-0.025642,-0.948685,-0.213746,-0.231627
45498180,-0.021903,-0.949185,-0.213618,-0.230079
45506513,-0.020315,-0.949158,-0.213764,-0.230199
45514846,-0.021164,-0.948888,-0.213809,-0.231192
45523179,-0.020355,-0.948441,-0.214521,-0.232434
45531512,-0.019653,-0.948060,-0.215161,-0.233454
45539845,-0.019246,-0.948112,-0.216036,-0.232468
45548178,-0.019279,-0.947839,-0.215840,-0.233756
45556511,-0.019494,-0.947585,-0.216061,-0.234563
45564844,-0.019754,-0.947466,-0.216467,-0.234650
45573177,-0.019702,-0.947534,-0.217314,-0.233592
45581510,-0.020456,-0.947587,-0.217735,-0.232920
45589843,-0.021063,-0.947418,-0.218674,-0.232674
45598176,-0.020475,-0.948014,-0.218266,-0.230672
45606509,-0.022314,-0.947386,-0.219634,-0.231783
45614842,-0.023114,-0.946881,-0.220539,-0.232906
45623175,-0.023415,-0.946323,-0.221566,-0.234166
45631508,-0.023885,-0.946639,-0.221783,-0.232628
45639841,-0.024262,-0.946073,-0.223304,-0.233436
45648174,-0.024457,-0.946450,-0.222600,-0.232559
45656507,-0.025024,-0.946663,-0.221892,-0.232307
45664840,-0.025965,-0.947849,-0.220100,-0.229051
45673173,-0.028164,-0.947538,-0.220679,-0.229520
45681506,-0.029390,-0.946903,-0.222113,-0.230602
45689839,-0.030713,-0.947263,-0.221320,-0.229713
45698172,-0.031694,-0.947186,-0.221145,-0.230063
45706505,-0.032365,-0.947734,-0.221105,-0.227739
45714838,-0.033001,-0.948146,-0.220498,-0.226520
45723171,-0.033194,-0.949134,-0.220372,-0.222438
45731504,-0.034995,-0.948519,-0.220970,-0.224188
45739837,-0.036360,-0.947852,-0.221047,-0.226702
45748170,-0.037190,-0.948233,-0.220695,-0.225309
45756503,-0.037988,-0.948345,-0.220836,-0.224568
45764836,-0.038237,-0.948602,-0.220050,-0.224212
45773169,-0.038851,-0.948414,-0.220044,-0.224905
45781502,-0.039724,-0.948186,-0.221142,-0.224637
45789835,-0.041193,-0.948258,-0.221438,-0.223774
45798168,-0.042329,-0.948720,-0.220259,-0.222763
45806501,-0.043090,-0.948444,-0.220154,-0.223895
45814834,-0.043768,-0.948633,-0.219442,-0.223661
45823167,-0.044614,-0.948783,-0.219330,-0.222966
45831500,-0.045074,-0.948852,-0.219112,-0.222795
45839833,-0.046043,-0.949217,-0.218900,-0.221244
45848166,-0.047922,-0.948858,-0.218382,-0.222891
45856499,-0.048943,-0.948983,-0.217482,-0.223020
45864832,-0.049295,-0.949412,-0.216714,-0.221859
45873165,-0.050188,-0.949685,-0.216510,-0.220686
45881498,-0.051308,-0.950258,-0.215969,-0.218485
45889831,-0.051760,-0.950378,-0.215799,-0.218022
45898164,-0.052068,-0.950223,-0.215518,-0.218898
45906497,-0.051959,-0.950155,-0.216343,-0.218405
45914830,-0.052521,-0.949871,-0.216751,-0.219102
45923163,-0.053457,-0.950121,-0.215898,-0.218633
45931496,-0.053944,-0.950219,-0.214579,-0.219382
45939829,-0.053740,-0.950314,-0.213841,-0.219743
45948162,-0.053754,-0.950724,-0.213406,-0.218387
45956495,-0.053644,-0.951178,-0.212858,-0.216967
45964828,-0.053600,-0.951446,-0.211709,-0.216928
45973161,-0.053746,-0.951438,-0.211951,-0.216691
45981494,-0.054393,-0.951554,-0.211809,-0.216158
45989827,-0.054790,-0.951486,-0.211745,-0.216420
45998160,-0.054735,-0.951901,-0.211690,-0.214651
46006493,-0.054800,-0.951863,-0.211897,-0.214599
46014826,-0.055437,-0.952069,-0.212039,-0.213381
46023159,-0.055834,-0.952594,-0.211427,-0.211532
46031492,-0.056099,-0.953284,-0.211872,-0.207877
46039825,-0.056780,-0.954195,-0.210843,-0.204534
46048158,-0.057764,-0.955059,-0.210666,-0.200365
46056491,-0.060944,-0.955992,-0.210875,-0.194669
46064824,-0.062961,-0.956673,-0.211284,-0.190186
46073157,-0.063750,-0.957837,-0.211585,-0.183620
46081490,-0.064776,-0.958926,-0.211060,-0.178099
46089823,-0.065683,-0.959904,-0.211000,-0.172477
46098156,-0.066024,-0.960500,-0.211108,-0.168860
46106489,-0.065895,-0.961009,-0.211127,-0.165969
46114822,-0.066027,-0.961553,-0.211078,-0.162792
46123155,-0.066261,-0.961620,-0.211666,-0.161536
46131488,-0.066429,-0.961923,-0.211804,-0.159471
46139821,-0.066598,-0.962339,-0.211880,-0.156766
46148154,-0.066856,-0.962423,-0.212026,-0.155937
46156487,-0.066873,-0.962627,-0.211853,-0.154903
46164820,-0.066826,-0.962841,-0.212219,-0.153083
46173153,-0.066792,-0.963256,-0.212313,-0.150331
46181486,-0.067381,-0.963432,-0.211619,-0.149917
46189819,-0.067949,-0.963980,-0.211372,-0.146450
46198152,-0.067688,-0.964313,-0.211644,-0.143967
46206485,-0.072248,-0.965642,-0.213061,-0.130081
46214818,-0.073086,-0.966089,-0.213274,-0.125874
46223151,-0.073121,-0.966369,-0.212710,-0.124653
46231484,-0.069825,-0.966133,-0.211419,-0.130433
46239817,-0.066943,-0.965618,-0.210112,-0.137675
46248150,-0.073008,-0.966887,-0.211581,-0.122606
46256483,-0.074621,-0.967216,-0.211935,-0.118355
46264816,-0.087541,-0.956261,-0.217624,-0.174759
46273149,-0.067815,-0.962599,-0.210167,-0.156955
46281482,-0.061235,-0.965463,-0.206287,-0.146890
46289815,-0.061691,-0.966132,-0.205393,-0.143515
46298148,-0.060960,-0.965800,-0.204769,-0.146912
46306481,-0.061850,-0.966865,-0.204212,-0.140161
46314814,-0.060922,-0.966815,-0.203557,-0.141854
46323147,-0.059848,-0.965666,-0.203136,-0.150479
46331480,-0.059234,-0.965685,-0.202111,-0.151973
46339813,-0.059207,-0.965989,-0.201599,-0.150725
46348146,-0.059549,-0.965592,-0.201480,-0.153268
46356479,-0.059415,-0.965963,-0.200966,-0.151649
46364812,-0.059146,-0.966936,-0.201026,-0.145344
46373145,-0.063810,-0.968581,-0.202135,-0.130081
46381478,-0.059093,-0.967358,-0.200388,-0.143429
46389811,-0.056939,-0.966657,-0.199892,-0.149586
46398144,-0.061866,-0.968007,-0.201732,-0.135792
46406477,-0.066864,-0.968366,-0.203188,-0.128496
46414810,-0.064948,-0.968367,-0.201596,-0.131931
46423143,-0.063800,-0.967942,-0.201659,-0.135471
46431476,-0.059069,-0.967383,-0.199281,-0.144805
46439809,-0.058436,-0.967456,-0.197279,-0.147290
46448142,-0.057546,-0.967231,-0.197152,-0.149277
46456475,-0.061491,-0.967671,-0.198594,-0.142798
46464808,-0.057179,-0.966917,-0.196582,-0.152178
46473141,-0.056804,-0.966446,-0.195379,-0.156789
46481474,-0.058818,-0.966472,-0.195023,-0.156329
46489807,-0.059306,-0.966373,-0.195510,-0.156146
46498140,-0.060011,-0.966219,-0.195594,-0.156728
46506473,-0.061352,-0.966543,-0.195159,-0.154735
46514806,-0.061653,-0.967010,-0.194673,-0.152290
46523139,-0.061102,-0.966705,-0.195390,-0.153526
46531472,-0.061463,-0.965904,-0.194544,-0.159384
46539805,-0.060928,-0.964999,-0.195307,-0.164074
46548138,-0.061434,-0.965175,-0.195319,-0.162827
46556471,-0.062372,-0.965512,-0.194192,-0.161823
46564804,-0.063420,-0.966060,-0.193607,-0.158818
46573137,-0.063805,-0.965800,-0.192544,-0.161513
46581470,-0.064934,-0.965744,-0.192789,-0.161103
46589803,-0.065405,-0.964926,-0.193734,-0.164642
46598136,-0.065368,-0.963806,-0.195480,-0.169093
46606469,-0.065460,-0.964516,-0.194523,-0.166087
46614802,-0.066661,-0.964810,-0.194436,-0.163989
46623135,-0.066874,-0.964750,-0.194730,-0.163910
46631468,-0.066970,-0.964688,-0.195301,-0.163551
46639801,-0.067376,-0.965033,-0.195028,-0.161663
46648134,-0.067562,-0.965007,-0.195044,-0.161724
46656467,-0.068510,-0.965500,-0.194642,-0.158844
46664800,-0.068347,-0.965405,-0.194492,-0.159673
46673133,-0.068502,-0.965231,-0.194468,-0.160681
46681466,-0.069663,-0.965622,-0.194631,-0.157608
46689799,-0.070282,-0.966076,-0.194707,-0.154426
46698132,-0.069832,-0.965623,-0.194579,-0.157588
46706465,-0.070858,-0.966036,-0.194563,-0.154594
46714798,-0.071516,-0.966119,-0.194277,-0.154131
46723131,-0.070943,-0.965631,-0.194886,-0.156662
46731464,-0.070342,-0.965101,-0.195137,-0.159852
46739797,-0.070610,-0.965261,-0.194850,-0.159116
46748130,-0.070290,-0.965024,-0.194783,-0.160772
46756463,-0.070421,-0.964146,-0.195675,-0.164849
46764796,-0.069640,-0.964901,-0.194700,-0.161888
46773129,-0.069221,-0.965436,-0.194440,-0.159171
46781462,-0.067983,-0.965576,-0.193686,-0.159771
46789795,-0.067469,-0.966112,-0.193851,-0.156520
46798128,-0.067379,-0.966401,-0.192730,-0.156158
46806461,-0.067548,-0.966488,-0.193277,-0.154864
46814794,-0.068215,-0.966972,-0.193198,-0.151613
46823127,-0.067290,-0.966783,-0.193058,-0.153401
46831460,-0.066920,-0.966633,-0.193701,-0.153695
46839793,-0.066564,-0.966455,-0.193336,-0.155418
46848126,-0.065715,-0.966384,-0.193256,-0.156321
46856459,-0.063045,-0.966673,-0.193392,-0.155459
46864792,-0.062346,-0.966944,-0.192745,-0.154860
46873125,-0.061012,-0.967287,-0.191330,-0.155007
46881458,-0.061068,-0.967888,-0.190995,-0.151607
46889791,-0.061260,-0.968554,-0.189867,-0.148665
46898124,-0.062030,-0.969098,-0.190016,-0.144551
46906457,-0.067748,-0.971105,-0.190944,-0.126114
46914790,-0.058726,-0.970164,-0.186300,-0.143617
46923123,-0.056556,-0.970174,-0.185062,-0.146003
46931456,-0.057391,-0.972450,-0.184616,-0.130247
46939789,-0.055967,-0.972774,-0.184533,-0.128555
46948122,-0.053952,-0.973073,-0.183719,-0.128321
46956455,-0.056896,-0.974329,-0.184276,-0.116137
46964788,-0.069181,-0.975785,-0.188820,-0.086054
46973121,-0.065848,-0.976552,-0.186480,-0.085057
46981454,-0.059667,-0.976907,-0.183071,-0.092611
46989787,-0.056540,-0.977019,-0.180632,-0.098025
46998120,-0.055103,-0.976938,-0.180079,-0.100639
47006453,-0.054724,-0.977037,-0.178826,-0.102101
47014786,-0.054295,-0.977143,-0.178052,-0.102673
47023119,-0.053479,-0.977276,-0.177305,-0.103127
47031452,-0.052515,-0.977270,-0.177093,-0.104032
47039785,-0.052321,-0.977403,-0.176222,-0.104362
47048118,-0.052245,-0.977550,-0.175264,-0.104636
47056451,-0.052486,-0.977479,-0.174959,-0.105686
47064784,-0.052526,-0.977665,-0.173942,-0.105623
47073117,-0.052107,-0.977894,-0.172721,-0.105715
47081450,-0.051661,-0.978195,-0.171247,-0.105549
47089783,-0.051236,-0.978195,-0.170950,-0.106237
47098116,-0.050473,-0.978502,-0.169372,-0.106295
47106449,-0.050029,-0.978999,-0.166962,-0.105744
47114782,-0.049975,-0.979451,-0.164693,-0.105144
47123115,-0.050122,-0.979595,-0.163432,-0.105692
47131448,-0.049926,-0.979862,-0.161835,-0.105769
47139781,-0.050157,-0.980052,-0.160453,-0.106006
47148114,-0.049736,-0.980266,-0.159176,-0.106155
47156447,-0.049784,-0.980659,-0.156875,-0.105924
47164780,-0.049305,-0.981252,-0.153564,-0.105504
47173113,-0.048924,-0.981768,-0.150953,-0.104652
47181446,-0.048749,-0.982139,-0.148853,-0.104256
47189779,-0.049029,-0.982484,-0.146737,-0.103872
47198112,-0.049697,-0.982657,-0.145328,-0.103904
47206445,-0.049403,-0.983026,-0.142649,-0.104260
47214778,-0.049193,-0.983695,-0.138786,-0.103262
47223111,-0.049200,-0.984143,-0.135784,-0.102975
47231444,-0.048604,-0.984334,-0.134211,-0.103498
47239777,-0.047162,-0.984960,-0.130820,-0.102548
47248110,-0.046783,-0.985654,-0.126312,-0.101701
47256443,-0.046845,-0.986036,-0.123159,-0.101831
47264776,-0.047747,-0.986836,-0.118232,-0.099477
47273109,-0.048118,-0.987060,-0.115702,-0.100055
47281442,-0.048307,-0.987790,-0.110612,-0.098495
47289775,-0.048112,-0.988464,-0.105582,-0.097351
47298108,-0.047725,-0.988891,-0.101334,-0.097715
47306441,-0.048090,-0.989475,-0.096431,-0.096580
47314774,-0.047842,-0.990053,-0.092160,-0.094937
47323107,-0.047487,-0.990455,-0.088232,-0.094649
47331440,-0.046970,-0.990820,-0.084011,-0.094931
47339773,-0.046572,-0.991316,-0.079003,-0.094247
47348106,-0.046655,-0.991595,-0.074821,-0.094678
47356439,-0.046389,-0.991917,-0.070912,-0.094452
47364772,-0.045657,-0.992315,-0.066840,-0.093589
47373105,-0.046140,-0.992553,-0.062658,-0.093723
47381438,-0.046809,-0.992960,-0.057205,-0.092557
47389771,-0.046987,-0.993306,-0.051996,-0.091828
47398104,-0.047467,-0.993504,-0.048334,-0.091441
47406437,-0.048182,-0.993822,-0.042427,-0.090533
47414770,-0.047868,-0.994040,-0.038178,-0.090202
47423103,-0.049346,-0.994199,-0.033141,-0.089638
47431436,-0.048563,-0.994503,-0.026942,-0.088767
47439769,-0.049599,-0.994555,-0.021133,-0.089183
47448102,-0.050677,-0.994511,-0.016313,-0.090080
47456435,-0.051167,-0.994539,-0.011314,-0.090256
47464768,-0.052052,-0.994558,-0.006502,-0.090013
47473101,-0.055734,-0.995546,-0.004157,-0.075926
47481434,-0.058210,-0.995824,0.000003,-0.070331
47489767,-0.059364,-0.995874,0.004126,-0.068516
47498100,-0.062403,-0.994960,0.010121,-0.077835
47506433,-0.063567,-0.994279,0.015024,-0.084515
47514766,-0.066286,-0.992636,0.019197,-0.099559
47523099,-0.070262,-0.990298,0.021404,-0.117961
47531432,-0.072912,-0.988582,0.025126,-0.129451
47539765,-0.075874,-0.986934,0.030434,-0.138846
47548098,-0.078420,-0.985150,0.034159,-0.148869
47556431,-0.080026,-0.983477,0.037595,-0.157971
47564764,-0.080755,-0.983089,0.044765,-0.158150
47573097,-0.082947,-0.981598,0.049544,-0.164716
47581430,-0.086165,-0.980204,0.053934,-0.169902
47589763,-0.088239,-0.979164,0.058100,-0.173423
47598096,-0.091519,-0.977251,0.062799,-0.180726
47606429,-0.093827,-0.975813,0.067521,-0.185541
47614762,-0.097569,-0.973154,0.069798,-0.196416
47623095,-0.100144,-0.971067,0.075724,-0.203139
47631428,-0.104693,-0.967477,0.077925,-0.216690
47639761,-0.107504,-0.964816,0.081461,-0.225691
47648094,-0.110777,-0.962615,0.086869,-0.231417
47656427,-0.112710,-0.961632,0.092285,-0.232475
47664760,-0.117259,-0.958543,0.095145,-0.241647
47673093,-0.121246,-0.955673,0.097399,-0.250002
47681426,-0.122822,-0.954489,0.100414,-0.252552
47689759,-0.127096,-0.951851,0.103566,-0.259038
47698092,-0.130940,-0.949833,0.107898,-0.262736
47706425,-0.132571,-0.948998,0.112104,-0.263174
47714758,-0.134902,-0.947886,0.116078,-0.264272
47723091,-0.137199,-0.947501,0.120035,-0.262696
47731424,-0.141444,-0.945045,0.122643,-0.268033
47739757,-0.144508,-0.943769,0.128349,-0.268226
47748090,-0.148443,-0.940783,0.131553,-0.274928
47756423,-0.153320,-0.937215,0.135313,-0.282509
47764756,-0.157765,-0.934236,0.139600,-0.287795
47773089,-0.161574,-0.932480,0.146437,-0.287977
47781422,-0.164483,-0.931642,0.152897,-0.285677
47789755,-0.169223,-0.928505,0.157134,-0.290777
47798088,-0.172561,-0.926840,0.163121,-0.290830
47806421,-0.177412,-0.924256,0.168914,-0.292820
47814754,-0.181236,-0.922208,0.173374,-0.294327
47823087,-0.185404,-0.919794,0.177154,-0.297019
47831420,-0.188790,-0.918927,0.182211,-0.294500
47839753,-0.192580,-0.916730,0.186251,-0.296362
47848086,-0.194710,-0.916152,0.191625,-0.293314
47856419,-0.196491,-0.915649,0.196722,-0.290309
47864752,-0.196084,-0.916105,0.204308,-0.283834
47873085,-0.197168,-0.915839,0.210848,-0.279118
47881418,-0.198269,-0.915199,0.216977,-0.275720
47889751,-0.197075,-0.916297,0.226332,-0.265209
47898084,-0.195190,-0.917692,0.232772,-0.256047
47906417,-0.196767,-0.915990,0.239483,-0.254741
47914750,-0.196269,-0.915472,0.248409,-0.248359
47923083,-0.194419,-0.915584,0.257769,-0.239712
47931416,-0.191818,-0.915972,0.267123,-0.229885
47939749,-0.187942,-0.916571,0.278748,-0.216507
47948082,-0.184357,-0.916035,0.290080,-0.206750
47956415,-0.184654,-0.913468,0.297878,-0.206754
47964748,-0.182159,-0.911666,0.308380,-0.201457
47973081,-0.178972,-0.909610,0.319688,-0.195901
47981414,-0.178874,-0.906279,0.328183,-0.197377
47989747,-0.177547,-0.903123,0.337617,-0.197131
47998080,-0.174345,-0.899906,0.350105,-0.192874
48006413,-0.172663,-0.897127,0.357795,-0.193219
48014746,-0.173104,-0.892987,0.364685,-0.199033
48023079,-0.172560,-0.889229,0.372835,-0.201219
48031412,-0.171503,-0.886036,0.379495,-0.203739
48039745,-0.169601,-0.883153,0.386758,-0.204195
48048078,-0.166070,-0.881005,0.395056,-0.200455
48056411,-0.166069,-0.878235,0.398248,-0.206211
48064744,-0.166640,-0.875665,0.401181,-0.210939
48073077,-0.164529,-0.873365,0.406523,-0.211904
48081410,-0.164728,-0.871706,0.408068,-0.215579
48089743,-0.165346,-0.870340,0.408440,-0.219874
48098076,-0.165417,-0.868621,0.410668,-0.222458
48106409,-0.163668,-0.867926,0.413311,-0.221566
48114742,-0.163252,-0.866692,0.415363,-0.222863
48123075,-0.162673,-0.865476,0.418205,-0.222698
48131408,-0.162096,-0.864324,0.421491,-0.221392
48139741,-0.156486,-0.864953,0.427832,-0.210542
48148074,-0.155546,-0.864681,0.430111,-0.207692
48156407,-0.150045,-0.865528,0.435606,-0.196457
48164740,-0.144356,-0.866502,0.440452,-0.185301
48173073,-0.137298,-0.867914,0.445801,-0.170692
48181406,-0.135564,-0.867282,0.449425,-0.165716
48189739,-0.128635,-0.867732,0.455209,-0.152573
48198072,-0.123501,-0.868144,0.459302,-0.141827
48206405,-0.118908,-0.867602,0.464650,-0.131254
48214738,-0.113933,-0.867493,0.468941,-0.120703
48223071,-0.109356,-0.866523,0.473984,-0.111881
48231404,-0.104788,-0.865624,0.478449,-0.103924
48239737,-0.102639,-0.864090,0.482696,-0.099088
48248070,-0.098295,-0.862524,0.487945,-0.091100
48256403,-0.095925,-0.861206,0.491678,-0.085883
48264736,-0.093933,-0.859814,0.495445,-0.080193
48273069,-0.093955,-0.856696,0.501037,-0.078781
48281402,-0.089870,-0.855891,0.504335,-0.070848
48289735,-0.088760,-0.854053,0.508145,-0.067107
48298068,-0.086742,-0.852418,0.511986,-0.061075
48306401,-0.087938,-0.849793,0.516210,-0.060377
48314734,-0.089085,-0.847396,0.520232,-0.057810
48323067,-0.090121,-0.844266,0.525220,-0.056904
48331400,-0.091722,-0.841727,0.529206,-0.054988
48339733,-0.095503,-0.838368,0.533545,-0.057854
48348066,-0.097491,-0.834817,0.539081,-0.054474
48356399,-0.103731,-0.831052,0.543167,-0.059685
48364732,-0.108502,-0.827067,0.548036,-0.061990
48373065,-0.113135,-0.823971,0.551960,-0.060102
48381398,-0.123644,-0.819944,0.555057,-0.065695
48389731,-0.133964,-0.815288,0.558515,-0.073622
48398064,-0.142259,-0.810384,0.562572,-0.080942
48406397,-0.150581,-0.806662,0.565393,-0.083380
48414730,-0.160562,-0.801238,0.569266,-0.090411
48423063,-0.168109,-0.797466,0.572178,-0.091647
48431396,-0.184497,-0.790182,0.573903,-0.110496
48439729,-0.197593,-0.783684,0.576078,-0.122187
48448062,-0.209731,-0.777627,0.577906,-0.131658
48456395,-0.219136,-0.772800,0.579944,-0.135734
48464728,-0.227286,-0.768354,0.581672,-0.140111
48473061,0.236952,0.763325,-0.582776,0.146834
48481394,0.244189,0.759537,-0.584212,0.148901
48489727,0.251056,0.755378,-0.585345,0.154101
48498060,0.261831,0.749399,-0.584933,0.166431
48506393,0.272077,0.743688,-0.584053,0.178282
48514726,0.281373,0.738041,-0.582945,0.190526
48523059,0.292525,0.731735,-0.580576,0.204755
48531392,0.297858,0.727721,-0.580884,0.210422
48539725,0.301680,0.724169,-0.581230,0.216195
48548058,0.309692,0.719832,-0.578583,0.226219
48556391,0.317571,0.715471,-0.576089,0.235312
48564724,0.325045,0.711463,-0.573385,0.243712
48573057,0.332493,0.707467,-0.570157,0.252703
48581390,0.340938,0.703056,-0.565791,0.263351
48589723,0.348368,0.699625,-0.561200,0.272433
48598056,0.357397,0.694980,-0.555842,0.283389
48606389,0.365618,0.691455,-0.549524,0.293660
48614722,0.373086,0.687416,-0.545347,0.301433
48623055,0.382986,0.682514,-0.538262,0.312682
48631388,0.390476,0.678089,-0.533345,0.321351
48639721,0.398008,0.673385,-0.527912,0.330833
48648054,0.405990,0.668120,-0.521742,0.341428
48656387,0.414093,0.662815,-0.515730,0.351036
48664720,0.421431,0.657478,-0.510390,0.360028
48673053,0.429287,0.652048,-0.504348,0.369025
48681386,0.437295,0.646353,-0.498701,0.377225
48689719,0.444001,0.641624,-0.493812,0.383837
48698052,0.451781,0.636387,-0.487816,0.391077
48706385,0.457491,0.632676,-0.483603,0.395666
48714718,0.464887,0.627588,-0.476421,0.403778
48723051,0.471548,0.623523,-0.470354,0.409424
48731384,0.481047,0.616388,-0.460726,0.419989
48739717,0.492226,0.607517,-0.448973,0.432504
48748050,0.498954,0.601791,-0.441937,0.439982
48756383,0.502611,0.599286,-0.437368,0.443787
48764716,0.509859,0.594010,-0.428038,0.451641
48773049,0.517746,0.586329,-0.418047,0.461946
48781382,0.524801,0.580736,-0.408586,0.469454
48789715,0.530740,0.577224,-0.399655,0.474766
48798048,0.537611,0.572340,-0.389768,0.481125
48806381,0.544758,0.566735,-0.378878,0.488365
48814714,0.550099,0.563605,-0.369084,0.493476
48823047,0.555991,0.559783,-0.357998,0.499354
48831380,0.561673,0.555014,-0.348370,0.505095
48839713,0.569215,0.548462,-0.334032,0.513427
48848046,0.573788,0.546123,-0.323576,0.517508
48856379,0.579208,0.541448,-0.310909,0.524107
48864712,0.581276,0.540690,-0.304110,0.526583
48873045,0.585433,0.537182,-0.294483,0.531021
48881378,0.590301,0.531866,-0.283699,0.536822
48889711,0.595440,0.526299,-0.272664,0.542324
48898044,0.598075,0.522760,-0.265244,0.546511
48906377,0.601727,0.517284,-0.255942,0.552120
48914710,0.604476,0.512539,-0.249030,0.556683
48923043,0.607448,0.507898,-0.240614,0.561384
48931376,0.610360,0.502967,-0.233979,0.565454
48939709,0.612426,0.499244,-0.230293,0.568027
48948042,0.615120,0.493717,-0.222410,0.573066
48956375,0.617738,0.488611,-0.215797,0.577141
48964708,0.620376,0.482933,-0.208932,0.581599
48973041,0.623553,0.478667,-0.201109,0.584479
48981374,0.625443,0.475616,-0.197073,0.586322
48989707,0.628388,0.471390,-0.189896,0.588948
48998040,0.629758,0.469599,-0.185575,0.590291
49006373,0.631502,0.467393,-0.180405,0.591779
49014706,0.633918,0.463651,-0.173331,0.594249
49023039,0.636481,0.460130,-0.165328,0.596522
49031372,0.637851,0.458710,-0.161588,0.597177
49039705,0.639631,0.456407,-0.156167,0.598479
49048038,0.641057,0.454578,-0.151055,0.599657
49056371,0.642021,0.453522,-0.148111,0.600158
49064704,0.642792,0.452075,-0.145556,0.601049
49073037,0.643809,0.449550,-0.141297,0.602868
49081370,0.644759,0.448658,-0.138389,0.603192
49089703,0.644420,0.448841,-0.137785,0.603556
49098036,0.645377,0.445997,-0.133835,0.605528
49106369,0.645665,0.445540,-0.131105,0.606154
49114702,0.646098,0.443281,-0.125980,0.608431
49123035,0.646543,0.443132,-0.125288,0.608209
49131368,0.647072,0.442603,-0.122764,0.608547
49139701,0.647273,0.442118,-0.122436,0.608753
49148034,0.647108,0.442981,-0.120483,0.608690
49156367,0.647150,0.441933,-0.118120,0.609869
49164700,0.646310,0.443856,-0.119834,0.609028
49173033,0.646295,0.443129,-0.117636,0.610001
49181366,0.646850,0.441966,-0.115526,0.610659
49189699,0.647512,0.441222,-0.115676,0.610468
49198032,0.646969,0.441069,-0.113400,0.611580
49206365,0.646774,0.441996,-0.112163,0.611344
49214698,0.646631,0.443203,-0.111100,0.610816
49223031,0.646692,0.444116,-0.110758,0.610150
49231364,0.645276,0.447176,-0.110192,0.609516
49239697,0.644368,0.447853,-0.108755,0.610237
49248030,0.643366,0.448542,-0.107869,0.610945
49256363,0.642546,0.449491,-0.106980,0.611267
49264696,0.642072,0.449297,-0.104497,0.612336
49273029,0.641062,0.450330,-0.104028,0.612716
49281362,0.640017,0.451580,-0.104608,0.612790
49289695,0.639562,0.451726,-0.104012,0.613258
49298028,0.638832,0.452127,-0.103146,0.613869
49306361,0.637957,0.453640,-0.102787,0.613723
49314694,0.637462,0.454313,-0.102182,0.613841
49323027,0.637394,0.454457,-0.100846,0.614026
49331360,0.637147,0.455302,-0.100217,0.613759
49339693,0.636666,0.456868,-0.099641,0.613188
49348026,0.636677,0.457841,-0.098787,0.612589
49356359,0.636904,0.458683,-0.097761,0.611887
49364692,0.636778,0.459319,-0.095430,0.611910
49373025,0.636711,0.460347,-0.094974,0.611277
49381358,0.636878,0.459834,-0.094856,0.611507
49389691,0.636635,0.460689,-0.096213,0.610905
49398024,0.636812,0.460713,-0.097228,0.610541
49406357,0.636335,0.461108,-0.098046,0.610610
49414690,0.635899,0.461563,-0.098653,0.610622
49423023,0.635835,0.461554,-0.099424,0.610571
49431356,0.635915,0.461071,-0.099818,0.610787
49439689,0.636015,0.461029,-0.099967,0.610692
49448022,0.635665,0.462289,-0.099499,0.610179
49456355,0.635263,0.463274,-0.099701,0.609818
49464688,0.634834,0.463788,-0.099385,0.609926
49473021,0.635378,0.462183,-0.097803,0.610833
49481354,0.636439,0.459854,-0.096167,0.611745
49489687,0.635970,0.460917,-0.095899,0.611474
49498020,0.636562,0.459186,-0.095786,0.612178
49506353,0.637287,0.457230,-0.095230,0.612974
49514686,0.637378,0.456572,-0.094722,0.613448
49523019,0.637445,0.456499,-0.094081,0.613532
49531352,0.637789,0.456223,-0.093968,0.613397
49539685,0.638179,0.455596,-0.093163,0.613580
49548018,0.637540,0.457878,-0.093267,0.612529
49556351,0.637299,0.459069,-0.093670,0.611826
49564684,0.637579,0.459359,-0.093293,0.611375
49573017,0.637680,0.460413,-0.093951,0.610375
49581350,0.637767,0.460287,-0.093779,0.610405
49589683,0.637765,0.459080,-0.092520,0.611508
49598016,0.637439,0.458357,-0.092262,0.612428
49606349,0.637419,0.457707,-0.092614,0.612882
49614682,0.636708,0.457673,-0.093273,0.613545
49623015,0.636347,0.457571,-0.093404,0.613976
49631348,0.636138,0.457206,-0.093478,0.614454
49639681,0.636704,0.456411,-0.094042,0.614372
49648014,0.637041,0.456601,-0.094236,0.613852
49656347,0.637268,0.456566,-0.093799,0.613709
49664680,0.637295,0.456214,-0.093013,0.614062
49673013,0.637379,0.456618,-0.092896,0.613692
49681346,0.637332,0.457403,-0.092869,0.613160
49689679,0.637054,0.458602,-0.093475,0.612461
49698012,0.637005,0.459060,-0.093976,0.612092
49706345,0.637128,0.458946,-0.094043,0.612040
49714678,0.637040,0.458896,-0.094370,0.612118
49723011,0.637130,0.458424,-0.094791,0.612313
49731344,0.636880,0.458173,-0.095216,0.612695
49739677,0.636807,0.458234,-0.095942,0.612612
49748010,0.636413,0.458910,-0.096779,0.612384
49756343,0.636149,0.459310,-0.096905,0.612339
49764676,0.636352,0.459147,-0.096349,0.612337
49773009,0.636623,0.458389,-0.095055,0.612825
49781342,0.636470,0.458756,-0.094423,0.612807
49789675,0.636345,0.458998,-0.094184,0.612793
49798008,0.635811,0.460063,-0.094891,0.612439
49806341,0.635676,0.459786,-0.093739,0.612965
49814674,0.636008,0.458632,-0.092497,0.613673
49823007,0.636234,0.458098,-0.093352,0.613708
49831340,0.635774,0.458371,-0.093615,0.613941
49839673,0.635660,0.458429,-0.094437,0.613890
49848006,0.635440,0.459175,-0.095446,0.613403
49856339,0.635399,0.459277,-0.095623,0.613343
49864672,0.635298,0.458843,-0.094940,0.613878
49873005,0.634756,0.458733,-0.095384,0.614451
49881338,0.634672,0.458786,-0.095994,0.614404
49889671,0.634854,0.458208,-0.095687,0.614695
49898004,0.634968,0.458158,-0.095377,0.614662
49906337,0.634411,0.459799,-0.096017,0.613913
49914670,0.633963,0.460527,-0.097080,0.613662
49923003,0.633615,0.461165,-0.097530,0.613471
49931336,0.633638,0.461017,-0.097802,0.613515
49939669,0.633455,0.461349,-0.098589,0.613328
49948002,0.633386,0.461551,-0.098863,0.613204
49956335,0.633072,0.462234,-0.099362,0.612933
49964668,0.632905,0.462977,-0.100125,0.612420
49973001,0.633124,0.463197,-0.100364,0.611988
49981334,0.633189,0.463465,-0.100149,0.611754
49989667,0.633149,0.464219,-0.100861,0.611106
49998000,0.633949,0.463329,-0.101345,0.610872
50006333,0.634394,0.463024,-0.101416,0.610629
50014666,0.634193,0.463600,-0.101361,0.610410
50022999,0.634350,0.463650,-0.100653,0.610326
