Timestamp (us),W,X,Y,Z
0,0.634717,0.449710,-0.189919,0.599021
8333,0.634796,0.449597,-0.189802,0.599059
16666,0.635089,0.449447,-0.188678,0.599217
24999,0.635177,0.449184,-0.188377,0.599415
33332,0.635330,0.448539,-0.187958,0.599867
41665,0.635650,0.447817,-0.186924,0.600390
49998,0.635629,0.447619,-0.187116,0.600501
58331,0.635328,0.448209,-0.187921,0.600127
66664,0.635277,0.448043,-0.187976,0.600287
74997,0.635510,0.447669,-0.187694,0.600408
83330,0.635247,0.448103,-0.187788,0.600334
91663,0.634862,0.448925,-0.188814,0.599805
99996,0.634885,0.448737,-0.188744,0.599943
108329,0.635201,0.448057,-0.188043,0.600337
116662,0.635191,0.448146,-0.187657,0.600401
124995,0.634581,0.449299,-0.188334,0.599973
133328,0.634320,0.449738,-0.189069,0.599688
141661,0.634856,0.448724,-0.188376,0.600099
149994,0.634589,0.449145,-0.188093,0.600156
158327,0.634447,0.449244,-0.188347,0.600152
166660,0.634257,0.449665,-0.188825,0.599888
174993,0.634286,0.449743,-0.188846,0.599792
183326,0.634198,0.449771,-0.188780,0.599884
191659,0.634630,0.448858,-0.188231,0.600284
199992,0.634914,0.448336,-0.187871,0.600486
208325,0.634563,0.448940,-0.188308,0.600269
216658,0.634215,0.449381,-0.188953,0.600104
224991,0.634633,0.448604,-0.188547,0.600371
233324,0.634911,0.448095,-0.187832,0.600681
241657,0.634984,0.447869,-0.187395,0.600909
249990,0.634328,0.448968,-0.188156,0.600544
258323,0.634074,0.449312,-0.188292,0.600512
266656,0.634226,0.449097,-0.188096,0.600574
274989,0.634197,0.449197,-0.187894,0.600593
283322,0.634121,0.449383,-0.187873,0.600541
291655,0.634342,0.449085,-0.187492,0.600649
299988,0.634456,0.448985,-0.187055,0.600740
308321,0.634960,0.448596,-0.185945,0.600843
316654,0.634881,0.448513,-0.186508,0.600814
324987,0.634933,0.447964,-0.186393,0.601205
333320,0.634809,0.448608,-0.187207,0.600602
341653,0.634686,0.448929,-0.187717,0.600333
349986,0.635094,0.448605,-0.186843,0.600416
358319,0.634981,0.448917,-0.187468,0.600107
366652,0.634858,0.449266,-0.187599,0.599936
374985,0.634904,0.449404,-0.187656,0.599765
383318,0.635049,0.449149,-0.187876,0.599734
391651,0.635022,0.449349,-0.188076,0.599550
399984,0.635131,0.449101,-0.188118,0.599607
408317,0.634890,0.449417,-0.187774,0.599733
416650,0.634894,0.449454,-0.187675,0.599732
424983,0.634994,0.449236,-0.187782,0.599756
433316,0.634950,0.449442,-0.188031,0.599570
441649,0.634852,0.449870,-0.188237,0.599289
449982,0.634798,0.450312,-0.188285,0.598998
458315,0.634839,0.450249,-0.188261,0.599010
466648,0.635030,0.450106,-0.188305,0.598901
474981,0.635059,0.450099,-0.188212,0.598905
483314,0.635057,0.450211,-0.188152,0.598842
491647,0.635151,0.450109,-0.187926,0.598890
499980,0.635160,0.450199,-0.187853,0.598836
508313,0.634957,0.450603,-0.188193,0.598640
516646,0.634968,0.450679,-0.188239,0.598557
524979,0.634854,0.450905,-0.187964,0.598593
533312,0.634950,0.450770,-0.187780,0.598652
541645,0.635136,0.450533,-0.187866,0.598606
549978,0.635589,0.450205,-0.186787,0.598709
558311,0.635725,0.450036,-0.186494,0.598783
566644,0.635827,0.449678,-0.186277,0.599012
574977,0.635475,0.450087,-0.187362,0.598739
583310,0.635646,0.450024,-0.187030,0.598709
591643,0.635477,0.450071,-0.187594,0.598676
599976,0.635445,0.450076,-0.187655,0.598688
608309,0.635577,0.449772,-0.187641,0.598781
616642,0.635551,0.449736,-0.187671,0.598826
624975,0.635532,0.449614,-0.187538,0.598979
633308,0.635671,0.449410,-0.187359,0.599041
641641,0.635671,0.449539,-0.187406,0.598929
649974,0.635560,0.449945,-0.187578,0.598688
658307,0.635518,0.450454,-0.187953,0.598232
666640,0.635657,0.450547,-0.188389,0.597877
674973,0.635704,0.450940,-0.188744,0.597419
683306,0.635804,0.451425,-0.189064,0.596845
691639,0.635863,0.452391,-0.190197,0.595689
699972,0.636432,0.452631,-0.190233,0.594887
708305,0.637754,0.452297,-0.188972,0.594127
716638,0.639066,0.451799,-0.188964,0.593098
724971,0.640203,0.451830,-0.189660,0.591623
733304,0.641055,0.452310,-0.191689,0.589677
741637,0.642146,0.453157,-0.193604,0.587209
749970,0.642752,0.455041,-0.197064,0.583929
758303,0.643843,0.457368,-0.202472,0.579038
766636,0.644954,0.461028,-0.209139,0.572493
774969,0.646599,0.463959,-0.216627,0.565441
783302,0.648204,0.468185,-0.227120,0.555924
791635,0.650336,0.472618,-0.237877,0.545078
799968,0.653909,0.477424,-0.247496,0.532180
808301,0.658122,0.481568,-0.256126,0.519006
816634,0.659953,0.490665,-0.268065,0.501847
824967,0.662070,0.499434,-0.274940,0.486453
833300,0.662510,0.509772,-0.283813,0.469748
841633,0.664633,0.516874,-0.287798,0.456373
849966,0.666762,0.523020,-0.290209,0.444587
858299,0.668998,0.529346,-0.292451,0.432095
866632,0.671588,0.534048,-0.293937,0.421146
874965,0.673404,0.538723,-0.296327,0.410481
883298,0.675765,0.541540,-0.296960,0.402356
891631,0.678035,0.544357,-0.296884,0.394721
899964,0.680161,0.546293,-0.298699,0.386941
908297,0.682115,0.547989,-0.299683,0.380286
916630,0.684271,0.549454,-0.301651,0.372667
924963,0.686151,0.551295,-0.303904,0.364572
933296,0.688489,0.553013,-0.305481,0.356147
941629,0.690683,0.555348,-0.307240,0.346625
949962,0.693569,0.558318,-0.305437,0.337566
958295,0.695061,0.561961,-0.305686,0.328094
966628,0.695967,0.566402,-0.306285,0.317818
974961,0.696247,0.570354,-0.307911,0.308427
983294,0.694306,0.574863,-0.314748,0.297330
991627,0.692803,0.579971,-0.319252,0.285894
999960,0.690701,0.586030,-0.322233,0.275078
1008293,0.687190,0.592483,-0.329792,0.260712
1016626,0.684301,0.596808,-0.336867,0.249143
1024959,0.681097,0.603626,-0.341550,0.234705
1033292,0.678775,0.610039,-0.344307,0.220386
1041625,0.676760,0.616324,-0.345812,0.206286
1049958,0.676602,0.620836,-0.344774,0.194688
1058291,0.674866,0.627644,-0.343221,0.181159
1066624,0.674917,0.633463,-0.337641,0.170912
1074957,0.671869,0.640359,-0.336556,0.158942
1083290,0.668810,0.646212,-0.335873,0.149304
1091623,0.664093,0.653800,-0.335071,0.138753
1099956,0.658141,0.659587,-0.338792,0.130446
1108289,0.652345,0.664401,-0.342260,0.125994
1116622,0.644641,0.670586,-0.346472,0.121281
1124955,0.636236,0.676729,-0.351418,0.117246
1133288,0.628554,0.682360,-0.354195,0.117690
1141621,0.621421,0.687702,-0.356227,0.118335
1149954,0.610900,0.695197,-0.361349,0.113709
1158287,0.602552,0.703778,-0.358937,0.113101
1166620,0.593828,0.711648,-0.358681,0.110787
1174953,0.583222,0.720986,-0.358517,0.107222
1183286,0.572361,0.731604,-0.354501,0.107179
1191619,0.561311,0.740990,-0.352686,0.107132
1199952,0.548313,0.751491,-0.350767,0.107592
1208285,0.535404,0.761452,-0.347953,0.111630
1216618,0.520536,0.772943,-0.344289,0.114306
1224951,0.500400,0.783874,-0.351410,0.107948
1233284,0.483125,0.794418,-0.350572,0.112205
1241617,0.465544,0.804076,-0.350395,0.118127
1249950,0.450163,0.809145,-0.354341,0.130692
1258283,0.432631,0.814535,-0.359182,0.142657
1266616,0.415068,0.817047,-0.371025,0.149975
1274949,0.396823,0.816457,-0.388011,0.159299
1283282,0.379417,0.811859,-0.410240,0.169204
1291615,0.362494,0.804666,-0.434673,0.179359
1299948,0.350203,0.790617,-0.463013,0.194684
1308281,0.337217,0.775485,-0.494807,0.200185
1316614,0.326540,0.757179,-0.526454,0.207120
1324947,0.316551,0.736780,-0.560209,0.207646
1333280,0.308751,0.714297,-0.593650,0.205017
1341613,0.306356,0.689601,-0.624151,0.202562
1349946,0.307878,0.664006,-0.651734,0.198871
1358279,0.309764,0.635684,-0.681068,0.189999
1366612,0.311363,0.608274,-0.708473,0.176413
1374945,0.315424,0.578215,-0.734777,0.162105
1383278,0.318765,0.549380,-0.758912,0.143608
1391611,0.320522,0.520278,-0.782184,0.121512
1399944,0.323484,0.492442,-0.801716,0.100549
1408277,0.325755,0.468516,-0.817336,0.079613
1416610,0.329066,0.449034,-0.828537,0.060080
1424943,0.331872,0.431290,-0.837972,0.040660
1433276,0.332060,0.416046,-0.846271,0.021603
1441609,0.331571,0.401478,-0.853740,0.001928
1449942,0.329370,0.386059,-0.861497,-0.017200
1458275,0.330405,0.374843,-0.865533,-0.034314
1466608,0.327361,0.360474,-0.871818,-0.053171
1474941,0.324537,0.345257,-0.877544,-0.073415
1483274,0.321449,0.333756,-0.881078,-0.094760
1491607,0.317026,0.320030,-0.885365,-0.114909
1499940,0.320950,0.308130,-0.885659,-0.132873
1508273,0.323004,0.297663,-0.885485,-0.151595
1516606,0.325426,0.288530,-0.884334,-0.169712
1524939,0.330521,0.281105,-0.881463,-0.186436
1533272,0.334745,0.274770,-0.877941,-0.204123
1541605,0.338942,0.270179,-0.873620,-0.221155
1549938,0.341853,0.264811,-0.869310,-0.239402
1558271,0.343647,0.261975,-0.864859,-0.255529
1566604,0.342779,0.255949,-0.861887,-0.272292
1574937,0.339644,0.250350,-0.859642,-0.288066
1583270,0.339079,0.244122,-0.856924,-0.301847
1591603,0.335370,0.235695,-0.855431,-0.316563
1599936,0.330810,0.229512,-0.854237,-0.328890
1608269,0.328680,0.223470,-0.851980,-0.340823
1616602,0.327005,0.222974,-0.849250,-0.349464
1624935,0.324962,0.220256,-0.847195,-0.357977
1633268,0.322379,0.216420,-0.845514,-0.366526
1641601,0.319740,0.212908,-0.844226,-0.373788
1649934,0.315523,0.210125,-0.843580,-0.380349
1658267,0.314407,0.209207,-0.841901,-0.385465
1666600,0.311891,0.207934,-0.841364,-0.389351
1674933,0.309323,0.208270,-0.840993,-0.392014
1683266,0.305875,0.206699,-0.841544,-0.394359
1691599,0.303053,0.207485,-0.841967,-0.395223
1699932,0.300926,0.209004,-0.842563,-0.394777
1708265,0.300259,0.212267,-0.842894,-0.392832
1716598,0.299704,0.215002,-0.843876,-0.389648
1724931,0.298914,0.217860,-0.845344,-0.385463
1733264,0.298641,0.220124,-0.846986,-0.380753
1741597,0.297893,0.222692,-0.849410,-0.374394
1749930,0.297066,0.224852,-0.851884,-0.368086
1758263,0.296737,0.227230,-0.854371,-0.361060
1766596,0.296953,0.229306,-0.856996,-0.353264
1774929,0.296767,0.231189,-0.859885,-0.345077
1783262,0.297132,0.232708,-0.862771,-0.336432
1791595,0.297286,0.235510,-0.865427,-0.327402
1799928,0.298911,0.238359,-0.867748,-0.317569
1808261,0.301986,0.241848,-0.869292,-0.307644
1816594,0.304355,0.246451,-0.870976,-0.296700
1824927,0.308210,0.252060,-0.871755,-0.285508
1833260,0.313785,0.261238,-0.870833,-0.273757
1841593,0.318400,0.269665,-0.870554,-0.260841
1849926,0.321792,0.278993,-0.870163,-0.247848
1858259,0.324900,0.288337,-0.869781,-0.234057
1866592,0.329360,0.299288,-0.868036,-0.220143
1874925,0.333873,0.311202,-0.865826,-0.205008
1883258,0.334972,0.323596,-0.864351,-0.189675
1891591,0.338444,0.338334,-0.860912,-0.172672
1899924,0.341986,0.352658,-0.857118,-0.155006
1908257,0.345221,0.367435,-0.852660,-0.137057
1916590,0.347657,0.382636,-0.847731,-0.118643
1924923,0.350226,0.395929,-0.842899,-0.100514
1933256,0.353061,0.410215,-0.836891,-0.081763
1941589,0.354347,0.422938,-0.831621,-0.062996
1949922,0.353961,0.434036,-0.827145,-0.046422
1958255,0.356010,0.447909,-0.819629,-0.029026
1966588,0.357298,0.459152,-0.813252,-0.011794
1974921,0.356434,0.469308,-0.807894,0.003433
1983254,0.355747,0.478385,-0.802659,0.018181
1991587,0.353823,0.484445,-0.799435,0.032037
1999920,0.352530,0.491666,-0.794950,0.045180
2008252,0.350597,0.499242,-0.790333,0.056687
2016586,0.349898,0.505535,-0.785656,0.068920
2024919,0.348895,0.511660,-0.781106,0.079689
2033252,0.347796,0.516312,-0.777483,0.089330
2041585,0.347329,0.520353,-0.773921,0.098194
2049918,0.346439,0.523881,-0.770953,0.105641
2058250,0.343590,0.528066,-0.768425,0.112316
2066584,0.341613,0.530278,-0.766937,0.117955
2074917,0.342181,0.533615,-0.763565,0.123025
2083250,0.341937,0.536420,-0.761066,0.126931
2091583,0.341103,0.538015,-0.759864,0.129593
2099916,0.339915,0.540244,-0.758477,0.131555
2108249,0.339115,0.542714,-0.756741,0.133441
2116582,0.334635,0.544900,-0.757280,0.132783
2124915,0.335687,0.548133,-0.753892,0.136055
2133248,0.334240,0.551571,-0.751818,0.137193
2141581,0.331270,0.554612,-0.750836,0.137520
2149914,0.330077,0.556343,-0.749623,0.139990
2158247,0.329474,0.559064,-0.747442,0.142215
2166580,0.326937,0.561189,-0.746708,0.143546
2174913,0.325339,0.563851,-0.744923,0.146000
2183246,0.323547,0.565417,-0.744142,0.147897
2191579,0.321007,0.566071,-0.744454,0.149354
2199912,0.317142,0.567122,-0.745339,0.149208
2208245,0.313204,0.568792,-0.745765,0.149042
2216578,0.310494,0.569250,-0.746246,0.150548
2224911,0.308170,0.568691,-0.747403,0.151691
2233244,0.306043,0.569058,-0.747734,0.152983
2241577,0.305476,0.570118,-0.746413,0.156580
2249910,0.303173,0.569285,-0.747823,0.157360
2258243,0.300737,0.568565,-0.749131,0.158410
2266576,0.297614,0.568110,-0.750456,0.159663
2274909,0.296786,0.568743,-0.749753,0.162233
2283242,0.294965,0.568633,-0.750110,0.164275
2291575,0.294927,0.567587,-0.750473,0.166293
2299908,0.294967,0.565597,-0.751447,0.168591
2308241,0.294516,0.564528,-0.752322,0.169057
2316574,0.293139,0.563364,-0.753719,0.169113
2324907,0.291612,0.561055,-0.756123,0.168695
2333240,0.290002,0.557522,-0.759751,0.166872
2341573,0.287864,0.555836,-0.762391,0.164133
2349906,0.287406,0.551926,-0.765838,0.162074
2358239,0.286200,0.546664,-0.770682,0.159053
2366572,0.284563,0.541276,-0.775792,0.155535
2374905,0.282138,0.534688,-0.782285,0.150125
2383238,0.282246,0.527842,-0.787514,0.146771
2391571,0.282995,0.520582,-0.792890,0.142246
2399904,0.283354,0.512510,-0.799010,0.136480
2408237,0.282833,0.503276,-0.806066,0.130291
2416570,0.284618,0.495415,-0.811290,0.123957
2424903,0.286119,0.486155,-0.817334,0.117275
2433236,0.287201,0.478121,-0.822832,0.108920
2441569,0.288443,0.470222,-0.827916,0.101226
2449902,0.289949,0.462199,-0.832891,0.092704
2458235,0.291630,0.453583,-0.837948,0.084009
2466568,0.294248,0.445436,-0.842219,0.075314
2474901,0.296588,0.439001,-0.845551,0.066002
2483234,0.299378,0.431679,-0.848923,0.057926
2491567,0.302008,0.423680,-0.852542,0.049589
2499900,0.304938,0.416638,-0.855405,0.041334
2508233,0.307622,0.409130,-0.858411,0.033333
2516566,0.310644,0.400220,-0.861775,0.025849
2524899,0.314632,0.396086,-0.862401,0.019687
2533232,0.318881,0.391213,-0.863190,0.013085
2541565,0.321823,0.385933,-0.864553,0.005832
2549898,0.324640,0.381417,-0.865522,-0.001472
2558231,0.330489,0.377555,-0.864976,-0.006766
2566564,0.333606,0.372111,-0.866058,-0.013606
2574897,0.338906,0.370608,-0.864519,-0.019973
2583230,0.343332,0.368739,-0.863378,-0.027069
2591563,0.345526,0.366247,-0.863250,-0.035705
2599896,0.350045,0.365152,-0.861554,-0.043099
2608229,0.354073,0.363868,-0.860055,-0.050379
2616562,0.357697,0.363540,-0.858139,-0.059069
2624895,0.359633,0.363623,-0.856544,-0.069102
2633228,0.362431,0.364006,-0.854354,-0.078883
2641561,0.365645,0.363752,-0.852127,-0.088696
2649894,0.366834,0.362462,-0.850987,-0.099375
2658227,0.366008,0.359912,-0.851236,-0.109080
2666560,0.367820,0.360080,-0.849224,-0.117767
2674893,0.371122,0.359488,-0.846800,-0.126360
2683226,0.372262,0.357193,-0.845950,-0.134915
2691559,0.375683,0.354511,-0.844313,-0.142549
2699892,0.376973,0.351627,-0.843670,-0.149903
2708225,0.378293,0.349282,-0.842740,-0.157120
2716558,0.380351,0.347328,-0.841520,-0.162912
2724891,0.380524,0.344314,-0.841421,-0.169292
2733224,0.382388,0.341981,-0.840441,-0.174606
2741557,0.382907,0.339948,-0.839961,-0.179675
2749890,0.384690,0.337248,-0.839287,-0.184051
2758223,0.385631,0.335619,-0.838763,-0.187416
2766556,0.386621,0.333862,-0.838413,-0.190064
2774889,0.388337,0.332189,-0.837715,-0.192559
2783222,0.388856,0.330166,-0.837697,-0.195052
2791555,0.387715,0.328700,-0.838325,-0.197090
2799888,0.388856,0.328679,-0.837653,-0.197735
2808221,0.391516,0.329850,-0.836129,-0.196984
2816554,0.393050,0.331447,-0.835248,-0.194975
2824887,0.392924,0.332365,-0.835413,-0.192948
2833220,0.394003,0.334115,-0.834562,-0.191405
2841553,0.396101,0.338184,-0.832727,-0.187886
2849886,0.396592,0.341743,-0.831790,-0.184530
2858219,0.397856,0.345818,-0.830305,-0.180870
2866552,0.396823,0.351105,-0.829573,-0.176254
2874885,0.396574,0.356289,-0.828619,-0.170816
2883218,0.394865,0.362143,-0.827924,-0.165760
2891551,0.393124,0.366776,-0.827650,-0.161012
2899884,0.390212,0.369681,-0.828778,-0.155553
2908217,0.388419,0.374236,-0.828841,-0.148666
2916550,0.389031,0.378575,-0.827969,-0.140727
2924883,0.386907,0.381702,-0.828736,-0.133430
2933216,0.386424,0.384784,-0.828934,-0.124440
2941549,0.385245,0.387723,-0.829395,-0.115587
2949882,0.381141,0.389330,-0.831732,-0.106655
2958215,0.378049,0.391951,-0.833131,-0.096677
2966548,0.375075,0.392560,-0.835314,-0.086403
2974881,0.371839,0.394694,-0.836741,-0.076272
2983214,0.370620,0.397498,-0.836906,-0.064997
2991547,0.369090,0.400028,-0.837275,-0.052155
2999880,0.365255,0.401429,-0.838924,-0.040623
3008213,0.362041,0.404930,-0.839095,-0.029627
3016546,0.357024,0.405825,-0.841102,-0.019702
3024879,0.352801,0.407743,-0.842137,-0.009032
3033212,0.347302,0.407528,-0.844572,-0.000639
3041545,0.339925,0.407555,-0.847530,0.006595
3049878,0.333108,0.405929,-0.850933,0.013146
3058211,0.328858,0.404925,-0.852915,0.020602
3066544,0.322384,0.401926,-0.856643,0.026207
3074877,0.318072,0.399593,-0.859152,0.031851
3083210,0.314499,0.397790,-0.861098,0.036933
3091543,0.311830,0.396349,-0.862545,0.041046
3099876,0.308988,0.394856,-0.864108,0.043959
3108209,0.306704,0.393229,-0.865440,0.048143
3116542,0.305316,0.392105,-0.866271,0.051098
3124875,0.303261,0.393508,-0.866336,0.051444
3133208,0.301534,0.397192,-0.865129,0.053552
3141541,0.303829,0.401914,-0.861861,0.057855
3149874,0.305171,0.406536,-0.858979,0.061280
3158207,0.305243,0.413785,-0.855297,0.063831
3166540,0.306237,0.421618,-0.850834,0.067368
3174873,0.307126,0.430221,-0.845941,0.070478
3183206,0.307529,0.440878,-0.840041,0.073373
3191539,0.305785,0.449240,-0.836127,0.074641
3199872,0.304766,0.458824,-0.831134,0.076260
3208205,0.304146,0.469338,-0.825350,0.077556
3216538,0.303254,0.478972,-0.820047,0.078400
3224871,0.302135,0.488469,-0.814743,0.079414
3233204,0.301628,0.497569,-0.809334,0.080156
3241537,0.302804,0.505392,-0.803845,0.081989
3249870,0.302346,0.513132,-0.799009,0.082866
3258203,0.301865,0.520661,-0.794206,0.083820
3266536,0.301910,0.527605,-0.789425,0.085389
3274869,0.301726,0.534546,-0.784640,0.086968
3283202,0.301185,0.541140,-0.780162,0.088330
3291535,0.301739,0.547041,-0.775567,0.090531
3299868,0.302560,0.552796,-0.770849,0.093086
3308201,0.303464,0.557660,-0.766663,0.095672
3316534,0.303341,0.562815,-0.762771,0.096977
3324867,0.303151,0.567487,-0.759034,0.099624
3333200,0.301892,0.572869,-0.755275,0.101204
3341533,0.300445,0.577660,-0.752284,0.100549
3349866,0.299638,0.581703,-0.749168,0.102891
3358199,0.299312,0.584980,-0.746287,0.106142
3366532,0.297947,0.588043,-0.744243,0.107404
3374865,0.295587,0.590158,-0.743338,0.108590
3383198,0.299995,0.591395,-0.739644,0.114811
3391531,0.295173,0.593145,-0.740183,0.114809
3399864,0.289317,0.594702,-0.741459,0.113418
3408197,0.287092,0.594464,-0.742186,0.115547
3416530,0.284838,0.594672,-0.742570,0.117568
3424863,0.284294,0.593727,-0.743128,0.120104
3433196,0.287851,0.591036,-0.742977,0.125716
3441529,0.287688,0.588385,-0.744722,0.128173
3449862,0.285029,0.586828,-0.746904,0.128553
3458195,0.282818,0.584303,-0.749736,0.128452
3466528,0.282805,0.581097,-0.751862,0.130581
3474861,0.280194,0.578112,-0.755496,0.128465
3483194,0.277498,0.575041,-0.759265,0.125851
3491527,0.275849,0.571898,-0.762450,0.124538
3499860,0.277694,0.568765,-0.763955,0.125561
3508193,0.280424,0.565446,-0.765391,0.125736
3516526,0.278845,0.562963,-0.768620,0.120586
3524859,0.280865,0.560714,-0.769808,0.118792
3533192,0.283249,0.558932,-0.770447,0.117371
3541525,0.283948,0.557653,-0.771907,0.112056
3549858,0.285728,0.556460,-0.772557,0.108941
3558191,0.287334,0.556262,-0.772517,0.105970
3566524,0.287872,0.555779,-0.773469,0.099928
3574857,0.288432,0.555781,-0.773779,0.095818
3583190,0.290313,0.555162,-0.773866,0.092978
3591523,0.290917,0.555025,-0.774221,0.088858
3599856,0.291052,0.554256,-0.775183,0.084733
3608189,0.291440,0.553172,-0.776198,0.081123
3616522,0.291058,0.551207,-0.778083,0.077737
3624855,0.292087,0.548668,-0.779676,0.075861
3633188,0.293085,0.545001,-0.781930,0.075240
3641521,0.294385,0.541080,-0.784216,0.074667
3649854,0.296999,0.536274,-0.786526,0.074693
3658187,0.297836,0.529473,-0.790975,0.072874
3666520,0.298195,0.522990,-0.795349,0.070578
3674853,0.301604,0.518190,-0.797198,0.070640
3683186,0.305448,0.512381,-0.799647,0.068792
3691519,0.310483,0.506234,-0.801802,0.066634
3699852,0.314078,0.500131,-0.804528,0.062918
3708185,0.318771,0.493756,-0.806903,0.059139
3716518,0.323571,0.487539,-0.809107,0.054349
3724851,0.328623,0.482297,-0.810483,0.050129
3733184,0.332558,0.477703,-0.811888,0.045195
3741517,0.338842,0.473935,-0.811725,0.040911
3749850,0.343526,0.472055,-0.811106,0.035521
3758183,0.349003,0.470180,-0.810069,0.030264
3766516,0.354599,0.469166,-0.808395,0.025318
3774849,0.360781,0.469726,-0.805458,0.020775
3783182,0.365709,0.471476,-0.802339,0.014813
3791515,0.370844,0.474270,-0.798414,0.008781
3799848,0.375025,0.477455,-0.794600,0.001778
3808181,0.379507,0.482206,-0.789576,-0.004671
3816514,0.383527,0.486191,-0.785075,-0.013542
3824847,0.387029,0.490945,-0.780150,-0.023381
3833180,0.389348,0.495363,-0.775791,-0.034222
3841513,0.392276,0.501164,-0.770068,-0.044151
3849846,0.394559,0.504699,-0.765950,-0.054061
3858179,0.397828,0.508108,-0.761213,-0.064142
3866512,0.400482,0.511433,-0.756578,-0.075105
3874845,0.402826,0.512910,-0.753108,-0.086509
3883178,0.406224,0.512714,-0.750182,-0.096611
3891511,0.408291,0.512946,-0.747429,-0.107403
3899844,0.411334,0.512791,-0.744559,-0.116109
3908177,0.413701,0.510784,-0.743197,-0.124939
3916510,0.415517,0.509057,-0.741913,-0.133311
3924843,0.418646,0.506989,-0.740197,-0.140733
3933176,0.421144,0.503581,-0.739684,-0.148025
3941509,0.423699,0.501575,-0.738448,-0.153610
3949842,0.423714,0.499722,-0.738326,-0.160060
3958175,0.423691,0.497617,-0.738653,-0.165091
3966508,0.421354,0.495206,-0.740087,-0.171765
3974841,0.415090,0.494850,-0.742131,-0.179065
3983174,0.407496,0.494136,-0.744676,-0.187710
3991507,-0.396434,-0.492114,0.749014,0.199105
3999840,-0.380195,-0.492315,0.753986,0.211147
4008173,-0.366386,-0.492829,0.757723,0.220765
4016505,-0.356582,-0.493542,0.760260,0.226429
4024839,-0.350116,-0.495721,0.761125,0.228840
4033172,-0.346088,-0.499579,0.760889,0.227358
4041505,-0.342461,-0.502777,0.761015,0.225371
4049838,-0.339597,-0.507099,0.760223,0.222675
4058170,-0.336277,-0.512674,0.758971,0.219193
4066504,-0.332882,-0.519929,0.757289,0.213018
4074837,-0.329712,-0.525627,0.756416,0.206981
4083170,-0.328097,-0.531491,0.754762,0.200511
4091503,-0.327032,-0.536084,0.753892,0.193159
4099836,0.326788,0.540983,-0.752689,-0.184406
4108169,0.324740,0.546018,-0.752124,-0.175264
4116501,0.323560,0.550497,-0.751527,-0.165741
4124835,0.322488,0.555560,-0.750444,-0.155527
4133168,0.323219,0.561782,-0.747836,-0.143777
4141501,0.323145,0.566493,-0.746572,-0.131504
4149834,0.323380,0.573054,-0.743790,-0.117522
4158166,0.324047,0.578154,-0.741713,-0.102929
4166500,0.327082,0.583628,-0.738362,-0.084958
4174833,0.330066,0.590554,-0.733437,-0.066122
4183166,0.331711,0.595158,-0.730371,-0.048104
4191499,0.334152,0.600100,-0.726211,-0.028986
4199832,0.337960,0.604909,-0.720976,-0.007903
4208165,0.339286,0.610706,-0.715389,0.011917
4216498,0.338814,0.617367,-0.709319,0.030487
4224831,0.338504,0.623081,-0.703351,0.049812
4233164,0.335598,0.628488,-0.698633,0.065490
4241497,0.330232,0.635274,-0.693376,0.081257
4249830,0.326607,0.642469,-0.686304,0.097716
4258163,0.321683,0.648912,-0.680421,0.111627
4266496,0.315718,0.656917,-0.673436,0.123554
4274829,0.312452,0.665248,-0.663961,0.137745
4283162,0.307351,0.672388,-0.656849,0.148253
4291495,0.302162,0.679176,-0.650446,0.156009
4299828,-0.294191,-0.686032,0.646052,-0.159466
4308161,-0.289364,-0.692725,0.639797,-0.164501
4316494,-0.282642,-0.698300,0.636282,-0.166238
4324827,-0.278647,-0.704955,0.630114,-0.168379
4333160,-0.276245,-0.711120,0.623434,-0.171252
4341493,-0.273896,-0.718248,0.615952,-0.172346
4349826,-0.270433,-0.724949,0.609375,-0.173140
4358159,-0.269032,-0.731880,0.601208,-0.174710
4366492,-0.266570,-0.738864,0.593023,-0.177045
4374825,-0.266717,-0.745958,0.582446,-0.182115
4383158,-0.264951,-0.753330,0.573029,-0.184209
4391491,-0.263291,-0.760654,0.562905,-0.187672
4399824,-0.262884,-0.767373,0.552707,-0.191169
4408157,-0.261051,-0.774813,0.542298,-0.193471
4416490,-0.259729,-0.783143,0.529602,-0.196850
4424823,-0.259560,-0.789887,0.517841,-0.201367
4433156,-0.258926,-0.798151,0.503416,-0.206117
4441489,-0.258936,-0.805292,0.489550,-0.211652
4449822,-0.257851,-0.812113,0.478161,-0.212949
4458155,-0.257679,-0.819236,0.464031,-0.217094
4466488,-0.256694,-0.826333,0.449997,-0.220873
4474821,-0.255923,-0.832934,0.436961,-0.223137
4483154,-0.255286,-0.838857,0.425002,-0.224770
4491487,-0.254176,-0.845896,0.410717,-0.226197
4499820,-0.254321,-0.851336,0.396510,-0.230929
4508153,-0.253765,-0.857829,0.380107,-0.235055
4516486,-0.251301,-0.864856,0.365970,-0.234388
4524819,-0.249711,-0.870404,0.353314,-0.234969
4533152,-0.248562,-0.875285,0.338835,-0.239340
4541485,-0.246278,-0.880774,0.324603,-0.241281
4549818,-0.244167,-0.885119,0.310707,-0.245779
4558151,-0.241665,-0.889319,0.297738,-0.249124
4566484,-0.240065,-0.892913,0.285842,-0.251735
4574817,-0.234411,-0.897947,0.275110,-0.251112
4583150,-0.230711,-0.900327,0.263222,-0.258645
4591483,-0.224673,-0.904006,0.254884,-0.259481
4599816,-0.221194,-0.906758,0.244109,-0.263200
4608149,-0.216853,-0.907632,0.237519,-0.269745
4616482,-0.214869,-0.908129,0.229686,-0.276365
4624815,-0.205620,-0.912402,0.225237,-0.272967
4633148,-0.196199,-0.915476,0.223264,-0.271226
4641481,-0.191128,-0.916308,0.217771,-0.276452
4649814,-0.185301,-0.917512,0.215483,-0.278212
4658147,-0.177581,-0.918794,0.216663,-0.278099
4666480,-0.171001,-0.919453,0.217167,-0.279647
4674813,-0.166322,-0.918506,0.217550,-0.285229
4683146,-0.158509,-0.920478,0.218470,-0.282608
4691479,-0.152911,-0.920755,0.224463,-0.280080
4699812,-0.147984,-0.920415,0.230392,-0.279028
4708145,-0.144039,-0.920394,0.230360,-0.281178
4716478,-0.139568,-0.920528,0.236597,-0.277796
4724811,-0.138709,-0.919379,0.239258,-0.279746
4733144,-0.138743,-0.918469,0.244589,-0.278104
4741477,-0.139710,-0.918599,0.250264,-0.272076
4749810,-0.141214,-0.918498,0.254597,-0.267581
4758143,-0.145158,-0.918716,0.255389,-0.263945
4766476,-0.148457,-0.917641,0.265343,-0.255907
4774809,-0.153075,-0.917155,0.268221,-0.251897
4783142,-0.159187,-0.917154,0.267785,-0.248553
4791475,-0.164914,-0.917047,0.268884,-0.243985
4799808,-0.172136,-0.916034,0.270657,-0.240825
4808141,-0.176646,-0.916217,0.275171,-0.231567
4816474,-0.181836,-0.916497,0.275373,-0.226140
4824807,-0.188321,-0.917081,0.271863,-0.222682
4833140,-0.192991,-0.918527,0.266420,-0.219276
4841473,-0.197525,-0.919354,0.263896,-0.214782
4849806,-0.202528,-0.919931,0.260271,-0.212058
4858139,-0.206267,-0.921182,0.260212,-0.202896
4866472,-0.213009,-0.921294,0.251552,-0.206317
4874805,-0.217257,-0.922333,0.244137,-0.206149
4883138,-0.221639,-0.923516,0.242199,-0.198330
4891471,-0.226735,-0.923709,0.231516,-0.204337
4899804,-0.229459,-0.927313,0.228902,-0.187199
4908137,-0.235085,-0.926664,0.219203,-0.194882
4916470,-0.240182,-0.928198,0.213158,-0.187948
4924803,-0.244753,-0.928132,0.208568,-0.187526
4933136,-0.251413,-0.928002,0.198967,-0.189779
4941469,-0.256473,-0.929298,0.194227,-0.181394
4949802,-0.260009,-0.930376,0.189314,-0.175941
4958135,-0.263107,-0.931166,0.186812,-0.169722
4966468,-0.267528,-0.931961,0.183848,-0.161483
4974801,-0.271603,-0.931297,0.178464,-0.164524
4983134,-0.276471,-0.931243,0.172415,-0.163164
4991467,-0.282154,-0.930378,0.166055,-0.164962
4999800,-0.286386,-0.929616,0.164202,-0.163812
5008133,-0.289697,-0.929782,0.154134,-0.166807
5016466,-0.289786,-0.930904,0.153303,-0.161059
5024799,-0.293227,-0.930008,0.146846,-0.165950
5033132,-0.293941,-0.930484,0.147109,-0.161734
5041465,-0.295153,-0.930471,0.142239,-0.163941
5049798,-0.296265,-0.930708,0.138456,-0.163829
5058131,-0.295894,-0.931887,0.128271,-0.166075
5066464,-0.297065,-0.931867,0.122358,-0.168537
5074797,-0.293298,-0.934090,0.120107,-0.164397
5083130,-0.294008,-0.933673,0.112930,-0.170472
5091463,-0.290617,-0.935374,0.100976,-0.174414
5099796,-0.286551,-0.937089,0.093303,-0.176201
5108129,-0.283556,-0.938073,0.084035,-0.180428
5116462,-0.276457,-0.940303,0.070444,-0.185578
5124795,-0.271336,-0.941868,0.060608,-0.188647
5133128,-0.266028,-0.943075,0.051307,-0.192892
5141461,-0.261604,-0.943783,0.038602,-0.198359
5149794,-0.256334,-0.944341,0.029987,-0.203995
5158127,-0.250365,-0.943876,0.020188,-0.214495
5166460,-0.235771,-0.944964,0.000876,-0.226834
5174793,-0.231883,-0.945309,-0.006260,-0.229306
5183126,-0.225813,-0.946007,-0.012832,-0.232193
5191459,-0.216944,-0.946957,-0.022125,-0.236048
5199792,-0.207529,-0.946881,-0.034177,-0.243270
5208125,-0.198737,-0.946465,-0.042969,-0.250720
5216458,-0.190223,-0.945115,-0.055268,-0.259844
5224791,-0.179899,-0.944375,-0.064760,-0.267577
5233124,-0.170081,-0.945476,-0.071708,-0.268338
5241457,-0.160101,-0.944957,-0.079546,-0.274036
5249790,-0.149448,-0.942765,-0.091549,-0.283688
5258123,-0.137980,-0.940990,-0.104074,-0.290979
5266456,-0.126793,-0.939332,-0.115399,-0.297089
5274789,-0.113747,-0.936353,-0.128958,-0.306063
5283122,-0.099158,-0.934851,-0.142356,-0.309767
5291455,-0.086138,-0.931419,-0.158693,-0.316001
5299788,-0.071600,-0.927221,-0.177788,-0.321754
5308121,-0.058863,-0.920792,-0.197767,-0.331005
5316454,-0.048147,-0.911694,-0.218413,-0.344660
5324787,-0.034780,-0.905707,-0.238914,-0.348433
5333120,-0.025258,-0.898147,-0.259060,-0.354376
5341453,-0.014649,-0.890741,-0.280365,-0.357438
5349786,-0.005478,-0.879037,-0.304352,-0.366924
5358119,0.003254,-0.871322,-0.324355,-0.368214
5366452,0.009318,-0.863106,-0.345850,-0.367898
5374785,0.013471,-0.855741,-0.366212,-0.365260
5383118,0.015714,-0.850056,-0.382416,-0.361822
5391451,0.018611,-0.844394,-0.398820,-0.357205
5399784,0.020552,-0.839351,-0.413877,-0.351813
5408117,0.021063,-0.834876,-0.426172,-0.347729
5416450,0.021188,-0.831909,-0.436568,-0.341888
5424783,0.020649,-0.829817,-0.443469,-0.338103
5433116,0.019482,-0.826735,-0.450977,-0.335782
5441449,0.020709,-0.826064,-0.455133,-0.331728
5449782,0.019666,-0.825090,-0.457929,-0.330365
5458115,0.018903,-0.825262,-0.459834,-0.327318
5466448,0.019031,-0.825258,-0.460789,-0.325976
5474781,0.019046,-0.825860,-0.461192,-0.323874
5483114,0.016907,-0.825095,-0.462204,-0.324499
5491447,0.019213,-0.825635,-0.461425,-0.324106
5499780,0.020002,-0.826093,-0.460760,-0.323836
5508113,0.019212,-0.825717,-0.460338,-0.325440
5516446,0.022023,-0.825736,-0.462308,-0.322407
5524779,0.024572,-0.825584,-0.464046,-0.320106
5533112,0.026609,-0.824936,-0.466217,-0.318454
5541445,0.028545,-0.823088,-0.469869,-0.317701
5549778,0.033980,-0.820898,-0.474484,-0.315970
5558111,0.038638,-0.818259,-0.478678,-0.315952
5566444,0.039441,-0.816494,-0.482420,-0.314728
5574777,0.046370,-0.813297,-0.489021,-0.311858
5583110,0.050795,-0.809096,-0.495021,-0.312631
5591443,0.059612,-0.804737,-0.502384,-0.310573
5599776,0.066425,-0.801240,-0.509791,-0.306129
5608109,0.071249,-0.797443,-0.516961,-0.302918
5616442,0.078089,-0.793679,-0.523353,-0.300129
5624775,0.084885,-0.789976,-0.528443,-0.299134
5633108,0.091243,-0.786120,-0.535138,-0.295495
5641441,0.097896,-0.782673,-0.541171,-0.291502
5649774,0.103745,-0.778677,-0.548282,-0.286856
5658107,0.110382,-0.775042,-0.553864,-0.283480
5666440,0.115135,-0.771477,-0.560203,-0.278818
5674773,0.122040,-0.767682,-0.565863,-0.274900
5683106,0.128001,-0.764108,-0.571779,-0.269859
5691439,0.132043,-0.760788,-0.578032,-0.263905
5699772,0.138740,-0.757689,-0.582569,-0.259370
5708105,0.144711,-0.754104,-0.587595,-0.255182
5716438,0.148939,-0.751052,-0.592891,-0.249436
5724771,0.153381,-0.747804,-0.597766,-0.244824
5733104,0.155996,-0.745210,-0.602972,-0.238228
5741437,0.160427,-0.743215,-0.605393,-0.235357
5749770,0.161906,-0.740759,-0.609568,-0.231275
5758103,0.164034,-0.738546,-0.612172,-0.229974
5766436,0.162138,-0.738811,-0.613965,-0.225645
5774769,0.162585,-0.736672,-0.617379,-0.222990
5783102,0.164920,-0.733547,-0.621699,-0.219547
5791435,0.162364,-0.730013,-0.629224,-0.211652
5799768,0.161826,-0.728628,-0.632802,-0.206093
5808101,0.159590,-0.725269,-0.638966,-0.200593
5816434,0.159794,-0.723287,-0.642879,-0.195009
5824767,0.158889,-0.724684,-0.642816,-0.190721
5833100,0.156667,-0.722203,-0.647585,-0.185775
5841433,0.154684,-0.721708,-0.649535,-0.182525
5849766,0.150651,-0.720198,-0.653803,-0.176527
5858099,0.146890,-0.720049,-0.656320,-0.170873
5866432,0.145075,-0.719553,-0.658121,-0.167554
5874765,0.139802,-0.720539,-0.659539,-0.162134
5883098,0.134708,-0.720136,-0.662224,-0.157217
5891431,0.129986,-0.721483,-0.662981,-0.151731
5899764,0.124033,-0.723166,-0.662669,-0.150056
5908097,0.119728,-0.724326,-0.661764,-0.151939
5916430,0.116256,-0.725530,-0.662209,-0.146866
5924763,0.111278,-0.726468,-0.662207,-0.146093
5933096,0.108060,-0.727077,-0.662105,-0.145944
5941429,0.106917,-0.727581,-0.661890,-0.145243
5949762,0.102689,-0.728711,-0.661019,-0.146592
5958095,0.101808,-0.730060,-0.659715,-0.146368
5966428,0.101383,-0.730760,-0.659166,-0.145639
5974761,0.098098,-0.732521,-0.657011,-0.148747
5983094,0.097358,-0.734632,-0.653770,-0.153044
5991427,0.099795,-0.735380,-0.652489,-0.153350
5999760,0.097953,-0.738662,-0.648621,-0.155158
6008093,0.096167,-0.741168,-0.645846,-0.155896
6016426,0.096933,-0.743772,-0.641374,-0.161387
6024759,0.098099,-0.745044,-0.638893,-0.164623
6033092,0.097064,-0.749239,-0.633054,-0.168705
6041425,0.094787,-0.754261,-0.625496,-0.175672
6049758,0.096621,-0.758404,-0.617431,-0.185111
6058091,0.091273,-0.764104,-0.610058,-0.188795
6066424,0.093208,-0.768715,-0.601214,-0.197310
6074757,0.095018,-0.770399,-0.596204,-0.204933
6083090,0.094209,-0.773882,-0.588579,-0.214022
6091423,0.088601,-0.779164,-0.579673,-0.221434
6099756,0.086723,-0.784053,-0.569986,-0.229904
6108089,0.083717,-0.789268,-0.559395,-0.239005
6116422,0.080174,-0.794733,-0.548617,-0.246964
6124755,0.078065,-0.799908,-0.537001,-0.256285
6133088,0.074453,-0.806143,-0.523676,-0.265242
6141421,0.070107,-0.810394,-0.512883,-0.274404
6149754,0.065438,-0.815211,-0.500674,-0.283678
6158087,0.063816,-0.819216,-0.487802,-0.294723
6166420,0.062557,-0.823803,-0.474969,-0.303050
6174753,0.059834,-0.827172,-0.461741,-0.314646
6183086,0.057279,-0.829170,-0.451107,-0.325113
6191419,0.055142,-0.830769,-0.439576,-0.336978
6199752,0.052753,-0.831745,-0.428969,-0.348428
6208085,0.049389,-0.833531,-0.418825,-0.356892
6216418,0.046817,-0.834026,-0.409926,-0.366291
6224751,0.043674,-0.834249,-0.402816,-0.373980
6233084,0.042365,-0.832800,-0.396241,-0.384244
6241417,0.040785,-0.830345,-0.393143,-0.392813
6249750,0.040436,-0.827297,-0.390400,-0.401910
6258083,0.038713,-0.822361,-0.387783,-0.414545
6266416,0.037073,-0.817331,-0.388691,-0.423692
6274749,0.034650,-0.812729,-0.391189,-0.430396
6283082,0.031698,-0.806968,-0.396350,-0.436697
6291415,0.028123,-0.800474,-0.400895,-0.444673
6299748,0.023723,-0.795704,-0.407107,-0.447836
6308081,0.018423,-0.789874,-0.413459,-0.452561
6316414,0.012831,-0.780996,-0.420595,-0.461498
6324747,0.005690,-0.774088,-0.428132,-0.466324
6333080,-0.002772,-0.767013,-0.436375,-0.470383
6341413,-0.012021,-0.761038,-0.445099,-0.471767
6349746,-0.020168,-0.754904,-0.452201,-0.474581
6358079,-0.029254,-0.749402,-0.458804,-0.476487
6366412,-0.039236,-0.744768,-0.465943,-0.476107
6374745,-0.050224,-0.739822,-0.472469,-0.476355
6383078,-0.061127,-0.737314,-0.477866,-0.473578
6391411,-0.072123,-0.735809,-0.481514,-0.470666
6399744,-0.083445,-0.734428,-0.485135,-0.467222
6408077,-0.095121,-0.732942,-0.488255,-0.464064
6416410,-0.105269,-0.732322,-0.489594,-0.461434
6424743,-0.113903,-0.731181,-0.490951,-0.459747
6433076,-0.123348,-0.730662,-0.490592,-0.458516
6441409,-0.131862,-0.730183,-0.490138,-0.457394
6449742,-0.140740,-0.733340,-0.487558,-0.452429
6458075,-0.149025,-0.737031,-0.483928,-0.447650
6466408,-0.157268,-0.740558,-0.480191,-0.443010
6474741,-0.163490,-0.745249,-0.476071,-0.437301
6483074,-0.169357,-0.748812,-0.472254,-0.433101
6491407,-0.174861,-0.753565,-0.467225,-0.428093
6499740,-0.178428,-0.758860,-0.460959,-0.424041
6508073,-0.181428,-0.763664,-0.456042,-0.419436
6516406,-0.185519,-0.769861,-0.450609,-0.412127
6524739,-0.187846,-0.775114,-0.445432,-0.406820
6533072,-0.190533,-0.780609,-0.439533,-0.401445
6541405,-0.188869,-0.785929,-0.433236,-0.398686
6549738,-0.188383,-0.790077,-0.427770,-0.396615
6558071,-0.187630,-0.797963,-0.421627,-0.387661
6566404,-0.184154,-0.802351,-0.418289,-0.383868
6574737,-0.181727,-0.807804,-0.413534,-0.378706
6583070,-0.180043,-0.814303,-0.406738,-0.372906
6591403,-0.177895,-0.822608,-0.398623,-0.364374
6599736,-0.174491,-0.828536,-0.393388,-0.358227
6608069,-0.173226,-0.833370,-0.388912,-0.352471
6616402,-0.166592,-0.838524,-0.389694,-0.342437
6624735,-0.163484,-0.845861,-0.383790,-0.332413
6633068,-0.159948,-0.850090,-0.379654,-0.328065
6641401,-0.157473,-0.855892,-0.374106,-0.320462
6649734,-0.151709,-0.861623,-0.370098,-0.312439
6658067,-0.147221,-0.864377,-0.368454,-0.308902
6666400,-0.142721,-0.867273,-0.368000,-0.303389
6674733,-0.135388,-0.868515,-0.368765,-0.302266
6683066,-0.127045,-0.870444,-0.369678,-0.299206
6691399,-0.119829,-0.872335,-0.370731,-0.295350
6699732,-0.111563,-0.873045,-0.371422,-0.295621
6708065,-0.105067,-0.875712,-0.370553,-0.291169
6716398,-0.096086,-0.876265,-0.372198,-0.290510
6724731,-0.086541,-0.876548,-0.375997,-0.287749
6733064,-0.078205,-0.876797,-0.378882,-0.285585
6741397,-0.068595,-0.877865,-0.382042,-0.280521
6749730,-0.057876,-0.877417,-0.385511,-0.279589
6758063,-0.047854,-0.878442,-0.386436,-0.276978
6766396,-0.037313,-0.877508,-0.389387,-0.277425
6774729,-0.028347,-0.878198,-0.391378,-0.273473
6783062,-0.024511,-0.878496,-0.392379,-0.271447
6791395,-0.015561,-0.878613,-0.394962,-0.267959
6799728,-0.008459,-0.878629,-0.397841,-0.263937
6808061,-0.002453,-0.877216,-0.400252,-0.265113
6816394,0.004338,-0.875697,-0.402530,-0.266658
6824727,0.009044,-0.873314,-0.404304,-0.271621
6833060,0.015484,-0.870605,-0.409945,-0.271573
6841393,0.021172,-0.867359,-0.415246,-0.273517
6849726,0.024520,-0.863200,-0.419353,-0.280051
6858059,0.030738,-0.857636,-0.427922,-0.283545
6866392,0.036252,-0.852458,-0.436228,-0.285842
6874725,0.041876,-0.848973,-0.440433,-0.288980
6883058,0.048854,-0.842546,-0.452367,-0.288259
6891391,0.053971,-0.837331,-0.461874,-0.287466
6899724,0.060544,-0.832465,-0.468432,-0.289667
6908057,0.065492,-0.826459,-0.477067,-0.291690
6916390,0.071021,-0.820015,-0.485202,-0.295146
6924723,0.076728,-0.814104,-0.492057,-0.298709
6933056,0.081977,-0.807954,-0.499600,-0.301480
6941389,0.087039,-0.801535,-0.508509,-0.302298
6949722,0.091875,-0.796053,-0.515636,-0.303279
6958055,0.096791,-0.789980,-0.521589,-0.307423
6966388,0.101870,-0.784830,-0.526664,-0.310306
6974721,0.105428,-0.780065,-0.532036,-0.311963
6983054,0.107284,-0.775157,-0.537804,-0.313668
6991387,0.110562,-0.770834,-0.542658,-0.314824
6999720,0.113325,-0.766077,-0.547130,-0.317699
7008053,0.115899,-0.762367,-0.551206,-0.318646
7016386,0.117773,-0.758425,-0.554839,-0.321052
7024719,0.118839,-0.755185,-0.557899,-0.322988
7033052,0.120047,-0.751397,-0.562127,-0.324044
7041385,0.120181,-0.748143,-0.566421,-0.324046
7049718,0.120586,-0.744620,-0.570228,-0.325331
7058051,0.120352,-0.742116,-0.574294,-0.323984
7066384,0.118960,-0.738672,-0.578868,-0.324227
7074717,0.115420,-0.736144,-0.583080,-0.323710
7083050,0.116715,-0.734277,-0.584440,-0.325031
7091383,0.115401,-0.732071,-0.588635,-0.322898
7099716,0.113335,-0.729955,-0.591923,-0.322411
7108049,0.110109,-0.728605,-0.595188,-0.320564
7116382,0.108417,-0.727785,-0.598062,-0.317643
7124715,0.104811,-0.725898,-0.601826,-0.316056
7133048,0.101927,-0.725167,-0.604997,-0.312606
7141381,0.100593,-0.724352,-0.606314,-0.312375
7149714,0.097941,-0.723451,-0.609809,-0.308480
7158047,0.095364,-0.722670,-0.611182,-0.308401
7166380,0.093538,-0.722729,-0.612891,-0.305416
7174713,0.090508,-0.722920,-0.614681,-0.302262
7183046,0.086623,-0.724042,-0.615433,-0.299169
7191379,0.084431,-0.724748,-0.615935,-0.297046
7199712,0.081035,-0.725837,-0.616103,-0.294977
7208045,0.078464,-0.728407,-0.613979,-0.293761
7216378,0.076740,-0.729715,-0.613619,-0.291717
7224711,0.076113,-0.730756,-0.612574,-0.291473
7233044,0.070747,-0.734755,-0.609559,-0.289082
7241377,0.065783,-0.738698,-0.606707,-0.286189
7249710,0.061076,-0.741993,-0.604210,-0.283984
7258043,0.055120,-0.744567,-0.604237,-0.278353
7266376,0.050351,-0.747729,-0.601106,-0.277558
7274709,0.044537,-0.751407,-0.598598,-0.274017
7283042,0.037600,-0.754424,-0.597917,-0.268192
7291375,0.029750,-0.755892,-0.597199,-0.266638
7299708,0.022493,-0.758081,-0.594816,-0.266459
7308041,0.016733,-0.759058,-0.594471,-0.264869
7316374,0.014805,-0.758061,-0.594396,-0.267988
7324707,0.012838,-0.757292,-0.593970,-0.271190
7333040,0.011364,-0.755779,-0.594629,-0.274018
7341373,0.008740,-0.752656,-0.599033,-0.273115
7349706,0.006858,-0.751991,-0.600886,-0.270921
7358039,0.001981,-0.749951,-0.604840,-0.267840
7366372,-0.002179,-0.751279,-0.605146,-0.263388
7374705,-0.006075,-0.753251,-0.603422,-0.261645
7383038,-0.009069,-0.756789,-0.599756,-0.259770
7391371,-0.012525,-0.762069,-0.593702,-0.258095
7399704,-0.015915,-0.767229,-0.587353,-0.257144
7408037,-0.014193,-0.772146,-0.580170,-0.258827
7416370,-0.013893,-0.776919,-0.572386,-0.261875
7424703,-0.013722,-0.782470,-0.562824,-0.266048
7433036,-0.011733,-0.788625,-0.552703,-0.269167
7441369,-0.006408,-0.795934,-0.540752,-0.272094
7449702,-0.004837,-0.803434,-0.526481,-0.278008
7458035,-0.004021,-0.811294,-0.510996,-0.284022
7466368,-0.000975,-0.817573,-0.497920,-0.289222
7474701,0.002265,-0.824222,-0.482780,-0.295933
7483034,0.007767,-0.830896,-0.467570,-0.301546
7491367,0.014645,-0.835076,-0.455189,-0.308604
7499700,0.022398,-0.836972,-0.442955,-0.320573
7508033,0.031130,-0.838256,-0.432981,-0.329978
7516366,0.037314,-0.839340,-0.425136,-0.336712
7524699,0.044285,-0.835609,-0.420083,-0.351179
7533032,0.051012,-0.832938,-0.417704,-0.359353
7541365,0.057549,-0.827208,-0.417820,-0.371270
7549698,0.061354,-0.821195,-0.421413,-0.379851
7558031,0.063552,-0.814431,-0.427363,-0.387329
7566364,0.065101,-0.803300,-0.439857,-0.396229
7574697,0.063277,-0.794497,-0.450431,-0.402346
7583030,0.060728,-0.784422,-0.463331,-0.407821
7591363,0.057897,-0.774391,-0.476827,-0.411827
7599696,0.051187,-0.764573,-0.490403,-0.415106
7608029,0.042994,-0.753755,-0.506764,-0.416168
7616362,0.034252,-0.744983,-0.522800,-0.412926
7624695,0.024950,-0.736115,-0.538203,-0.409695
7633028,0.014402,-0.728710,-0.551258,-0.406066
7641361,0.004785,-0.721037,-0.562861,-0.404066
7649694,-0.003927,-0.715595,-0.573136,-0.399279
7658027,-0.010684,-0.710512,-0.581157,-0.396630
7666360,-0.017902,-0.708269,-0.586829,-0.392002
7674693,-0.024113,-0.706121,-0.591313,-0.388792
7683026,-0.027959,-0.705552,-0.592918,-0.387121
7691359,-0.032916,-0.705453,-0.593039,-0.386727
7699692,-0.037346,-0.707666,-0.590577,-0.386047
7708025,-0.039917,-0.710575,-0.587572,-0.385032
7716358,-0.042300,-0.714111,-0.582566,-0.385840
7724691,-0.041345,-0.717279,-0.576397,-0.389318
7733024,-0.042222,-0.722345,-0.569797,-0.389572
7741357,-0.042388,-0.727938,-0.561711,-0.390884
7749690,-0.043297,-0.733290,-0.554071,-0.391684
7758023,-0.044656,-0.739757,-0.546820,-0.389555
7766356,-0.047075,-0.745994,-0.539230,-0.387955
7774689,-0.046699,-0.752829,-0.529699,-0.387927
7783022,-0.046724,-0.760173,-0.520100,-0.386588
7791355,-0.047827,-0.767168,-0.512865,-0.382277
7799688,-0.048523,-0.774512,-0.504408,-0.378616
7808021,-0.049606,-0.781818,-0.496319,-0.374122
7816354,-0.051237,-0.789057,-0.489858,-0.367156
7824687,-0.053788,-0.797627,-0.481756,-0.358901
7833020,-0.054668,-0.804686,-0.475365,-0.351454
7841353,-0.056971,-0.810148,-0.471117,-0.344186
7849686,-0.057579,-0.815549,-0.465620,-0.338765
7858019,-0.055473,-0.822128,-0.459183,-0.331932
7866352,-0.054374,-0.827366,-0.456722,-0.322357
7874685,-0.054256,-0.830877,-0.455694,-0.314710
7883018,-0.054887,-0.833339,-0.454489,-0.309795
7891351,-0.057085,-0.835945,-0.454695,-0.301975
7899684,-0.058723,-0.838270,-0.454330,-0.295703
7908017,-0.059830,-0.840070,-0.454651,-0.289818
7916350,-0.062322,-0.842085,-0.455458,-0.282076
7924683,-0.061908,-0.844999,-0.455130,-0.273862
7933016,-0.069491,-0.843724,-0.458763,-0.269885
7941349,-0.071098,-0.843544,-0.460989,-0.266210
7949682,-0.074347,-0.844012,-0.463118,-0.260071
7958015,-0.078489,-0.845131,-0.466512,-0.248916
7966348,-0.081471,-0.845658,-0.469262,-0.240870
7974681,-0.082492,-0.845465,-0.471725,-0.236345
7983014,-0.082688,-0.845580,-0.474915,-0.229375
7991347,-0.081103,-0.846389,-0.476299,-0.224025
7999680,-0.081167,-0.846773,-0.478591,-0.217574
8008013,-0.080966,-0.847861,-0.479480,-0.211362
8016346,-0.079837,-0.847636,-0.482986,-0.204608
8024679,-0.078913,-0.848171,-0.485755,-0.196013
8033011,-0.078116,-0.849226,-0.486205,-0.190575
8041345,-0.076851,-0.849689,-0.487985,-0.184371
8049678,-0.076633,-0.850308,-0.489181,-0.178342
8058011,-0.078272,-0.850629,-0.490567,-0.172186
8066344,-0.080286,-0.850430,-0.493372,-0.164035
8074676,-0.081131,-0.851011,-0.493589,-0.159901
8083010,-0.079160,-0.851708,-0.493621,-0.157052
8091343,-0.080284,-0.849487,-0.498975,-0.151497
8099676,-0.086153,-0.845565,-0.506198,-0.146157
8108009,-0.086538,-0.842845,-0.511185,-0.144270
8116341,-0.090294,-0.839225,-0.516919,-0.142632
8124675,-0.090333,-0.834632,-0.524685,-0.141189
8133008,-0.087591,-0.828350,-0.534333,-0.143707
8141341,-0.087199,-0.820919,-0.544292,-0.149112
8149674,-0.085437,-0.813339,-0.555039,-0.152026
8158007,-0.080517,-0.807454,-0.564002,-0.153090
8166340,-0.078479,-0.800850,-0.573881,-0.152121
8174673,-0.075777,-0.795521,-0.580824,-0.155074
8183006,-0.073024,-0.789222,-0.589323,-0.156508
8191338,-0.069410,-0.784257,-0.595843,-0.158413
8199672,-0.064019,-0.779164,-0.602917,-0.159047
8208005,-0.059383,-0.773708,-0.609822,-0.161142
8216338,-0.054533,-0.768814,-0.615713,-0.163855
8224671,-0.047691,-0.764324,-0.620744,-0.167961
8233003,-0.040295,-0.759680,-0.625968,-0.171543
8241337,-0.031911,-0.754277,-0.631813,-0.175669
8249670,-0.022974,-0.749877,-0.636338,-0.179531
8258003,-0.014813,-0.745091,-0.640845,-0.184223
8266336,-0.004759,-0.740700,-0.644023,-0.191247
8274668,0.003506,-0.736792,-0.647650,-0.194099
8283002,0.011152,-0.733483,-0.650140,-0.197981
8291335,0.021805,-0.729522,-0.652295,-0.204531
8299668,0.031859,-0.726711,-0.653947,-0.207916
8308001,0.041760,-0.724112,-0.654859,-0.212314
8316333,0.053411,-0.721190,-0.655561,-0.217423
8324667,0.065271,-0.718500,-0.656369,-0.220629
8333000,0.077007,-0.717161,-0.655224,-0.224568
8341333,0.088944,-0.716390,-0.653739,-0.226934
8349666,0.101501,-0.715541,-0.650998,-0.232163
8357998,0.110831,-0.715675,-0.648504,-0.234452
8366332,0.121103,-0.716100,-0.645465,-0.236452
8374665,0.130865,-0.717949,-0.640332,-0.239580
8382998,0.141985,-0.718757,-0.635791,-0.242895
8391331,0.151159,-0.720855,-0.630831,-0.244072
8399664,0.158812,-0.722309,-0.626506,-0.246045
8407997,0.165481,-0.723853,-0.623755,-0.244095
8416330,0.171147,-0.726004,-0.619771,-0.243950
8424663,0.175335,-0.729151,-0.615464,-0.242489
8432996,0.179505,-0.730797,-0.612119,-0.242947
8441329,0.180631,-0.732885,-0.610550,-0.239749
8449662,0.184632,-0.735383,-0.606399,-0.239589
8457995,0.184522,-0.737652,-0.604325,-0.237934
8466328,0.183794,-0.739996,-0.602141,-0.236751
8474661,0.182210,-0.741802,-0.601203,-0.234698
8482994,0.181004,-0.744397,-0.598069,-0.235423
8491327,0.177807,-0.747168,-0.596044,-0.234214
8499660,0.172466,-0.750412,-0.595006,-0.230445
8507993,0.167162,-0.753052,-0.594635,-0.226667
8516326,0.158650,-0.756669,-0.593559,-0.223538
8524659,0.149169,-0.760411,-0.593081,-0.218582
8532992,0.138444,-0.763134,-0.594849,-0.211221
8541325,0.128140,-0.765604,-0.596846,-0.202991
8549658,0.118194,-0.767698,-0.598977,-0.194669
8557991,0.107261,-0.769959,-0.600292,-0.187904
8566324,0.097988,-0.771225,-0.602213,-0.181523
8574657,0.090915,-0.773693,-0.600866,-0.179146
8582990,0.085610,-0.777047,-0.597847,-0.177335
8591323,0.081083,-0.780594,-0.594799,-0.174103
8599656,0.077013,-0.783213,-0.593100,-0.169935
8607989,0.072183,-0.787754,-0.588435,-0.167264
8616322,0.067339,-0.793187,-0.582302,-0.165054
8624655,0.064353,-0.799190,-0.574623,-0.164201
8632988,0.061243,-0.803344,-0.569054,-0.164513
8641321,0.057802,-0.807078,-0.563617,-0.166189
8649654,0.054503,-0.811477,-0.555853,-0.171935
8657987,0.048822,-0.815416,-0.549493,-0.175417
8666320,0.043036,-0.817296,-0.545725,-0.179889
8674653,0.037426,-0.819809,-0.540828,-0.184436
8682986,0.030975,-0.822846,-0.534742,-0.189778
8691319,0.024336,-0.824514,-0.530408,-0.195579
8699652,0.015798,-0.825690,-0.526676,-0.201492
8707985,0.006996,-0.826309,-0.523902,-0.206618
8716318,-0.002854,-0.826655,-0.522018,-0.210074
8724651,-0.011797,-0.827941,-0.517713,-0.215285
8732984,-0.022329,-0.828197,-0.513487,-0.223431
8741317,-0.032382,-0.828491,-0.510736,-0.227383
8749650,-0.042921,-0.829088,-0.506327,-0.233245
8757983,-0.053932,-0.828705,-0.502863,-0.239727
8766316,-0.064163,-0.829485,-0.496965,-0.246705
8774649,-0.074950,-0.827243,-0.496678,-0.251718
8782982,-0.084121,-0.825570,-0.494588,-0.258343
8791315,-0.092815,-0.824953,-0.490493,-0.265056
8799648,-0.100998,-0.822731,-0.488117,-0.273231
8807981,-0.108319,-0.821793,-0.484947,-0.278836
8816314,-0.117307,-0.819667,-0.481856,-0.286705
8824647,-0.123175,-0.816687,-0.479424,-0.296651
8832980,-0.128423,-0.814993,-0.476686,-0.303421
8841313,-0.133360,-0.812967,-0.474075,-0.310730
8849646,-0.137415,-0.809668,-0.473156,-0.318872
8857979,-0.140014,-0.807143,-0.472537,-0.324999
8866312,-0.143329,-0.803203,-0.472558,-0.333182
8874645,-0.146878,-0.799105,-0.473823,-0.339632
8882978,-0.150252,-0.794947,-0.475237,-0.345880
8891311,-0.152481,-0.790370,-0.476311,-0.353827
8899644,-0.154813,-0.785711,-0.478247,-0.360515
8907977,-0.158666,-0.781088,-0.480120,-0.366348
8916310,-0.162579,-0.778124,-0.482209,-0.368192
8924643,-0.166221,-0.774535,-0.483332,-0.372635
8932976,-0.170018,-0.771123,-0.484436,-0.376543
8941309,-0.176156,-0.768777,-0.484712,-0.378161
8949642,-0.181740,-0.766144,-0.485414,-0.379958
8957975,-0.185407,-0.765225,-0.484382,-0.381352
8966308,-0.189215,-0.764507,-0.483488,-0.382055
8974641,-0.194767,-0.763497,-0.482593,-0.382417
8982974,-0.198662,-0.763848,-0.480312,-0.382583
8991307,-0.203956,-0.765788,-0.477005,-0.380049
8999640,-0.207326,-0.766495,-0.475287,-0.378950
9007973,-0.211135,-0.767929,-0.472734,-0.377133
9016306,-0.215043,-0.770578,-0.469868,-0.373083
9024639,-0.220461,-0.774903,-0.465756,-0.366051
9032972,-0.226160,-0.779407,-0.461020,-0.358938
9041305,-0.231204,-0.782683,-0.457580,-0.352948
9049638,-0.235803,-0.787273,-0.453997,-0.344216
9057971,-0.239734,-0.791602,-0.450333,-0.336295
9066304,-0.244069,-0.795511,-0.446251,-0.329321
9074637,-0.248254,-0.800238,-0.443057,-0.318888
9082970,-0.251685,-0.805024,-0.440133,-0.308015
9091303,-0.252445,-0.808730,-0.437072,-0.301986
9099636,-0.252913,-0.811905,-0.435758,-0.294889
9107969,-0.253625,-0.815890,-0.433856,-0.285949
9116302,-0.251874,-0.821366,-0.429958,-0.277585
9124635,-0.249095,-0.823377,-0.430986,-0.272493
9132968,-0.245340,-0.824552,-0.433066,-0.269027
9141301,-0.241789,-0.826972,-0.434230,-0.262869
9149634,-0.234970,-0.829198,-0.435704,-0.259581
9157967,-0.227520,-0.829853,-0.440583,-0.255860
9166300,-0.218894,-0.828162,-0.446990,-0.257745
9174633,-0.212901,-0.828795,-0.451432,-0.252945
9182966,-0.204955,-0.828691,-0.457460,-0.248987
9191299,-0.196991,-0.828588,-0.463904,-0.243782
9199632,-0.186921,-0.826701,-0.471339,-0.243857
9207965,-0.178357,-0.825890,-0.477405,-0.241204
9216298,-0.168590,-0.825449,-0.483716,-0.237130
9224631,-0.157836,-0.824819,-0.489730,-0.234362
9232964,-0.144918,-0.823730,-0.495444,-0.234527
9241297,-0.132120,-0.823988,-0.499585,-0.232385
9249630,-0.120175,-0.823616,-0.504276,-0.230044
9257963,-0.107852,-0.824100,-0.508635,-0.224762
9266296,-0.096050,-0.824872,-0.512574,-0.218240
9274629,-0.085889,-0.826997,-0.515995,-0.206028
9282962,-0.072501,-0.827224,-0.519507,-0.201386
9291295,-0.059095,-0.829218,-0.521246,-0.192890
9299628,-0.045543,-0.830477,-0.522135,-0.188705
9307961,-0.030749,-0.830905,-0.522994,-0.187426
9316294,-0.017793,-0.832453,-0.521258,-0.187072
9324627,-0.005022,-0.835241,-0.517753,-0.185146
9332960,0.007446,-0.838102,-0.514619,-0.180824
9341293,0.016264,-0.840488,-0.512510,-0.175071
9349626,0.024490,-0.844577,-0.507444,-0.169087
9357959,0.032012,-0.847694,-0.503131,-0.165072
9366292,0.039311,-0.850373,-0.500270,-0.158275
9374625,0.046210,-0.851511,-0.499271,-0.153371
9382958,0.051417,-0.852723,-0.497073,-0.152112
9391291,0.056697,-0.853385,-0.496342,-0.148875
9399624,0.060017,-0.853002,-0.497738,-0.145063
9407957,0.065898,-0.851907,-0.499877,-0.141546
9416290,0.069830,-0.848341,-0.505926,-0.139572
9424623,0.074363,-0.845829,-0.509364,-0.139970
9432956,0.077528,-0.842710,-0.514466,-0.138395
9441289,0.082433,-0.839642,-0.519076,-0.136989
9449622,0.084887,-0.834761,-0.526615,-0.136550
9457955,0.087948,-0.830719,-0.532798,-0.135265
9466288,0.089671,-0.825714,-0.540334,-0.134884
9474621,0.092759,-0.820889,-0.547319,-0.134085
9482954,0.094796,-0.815015,-0.555320,-0.135585
9491287,0.098421,-0.808990,-0.562870,-0.137934
9499620,0.101826,-0.802918,-0.570228,-0.140695
9507953,0.103258,-0.797251,-0.576879,-0.144705
9516286,0.106501,-0.791147,-0.583275,-0.150118
9524619,0.108774,-0.784695,-0.590484,-0.154113
9532952,0.109763,-0.778389,-0.597216,-0.159361
9541285,0.113075,-0.771322,-0.604514,-0.163829
9549618,0.115445,-0.764743,-0.611086,-0.168567
9557951,0.117185,-0.758429,-0.617441,-0.172686
9566284,0.119893,-0.751851,-0.623739,-0.176904
9574617,0.120605,-0.746458,-0.628975,-0.180678
9582950,0.123054,-0.739047,-0.635372,-0.187000
9591283,0.126061,-0.734367,-0.639531,-0.189245
9599616,0.128867,-0.729722,-0.643541,-0.191716
9607949,0.131447,-0.726327,-0.646190,-0.193934
9616282,0.134113,-0.722833,-0.648469,-0.197522
9624615,0.137711,-0.720306,-0.649585,-0.200586
9632948,0.139714,-0.719174,-0.649632,-0.203093
9641281,0.141483,-0.717720,-0.650022,-0.205748
9649614,0.144997,-0.716744,-0.649576,-0.208102
9657947,0.147894,-0.716848,-0.648550,-0.208900
9666280,0.151878,-0.716798,-0.646988,-0.211043
9674613,0.153711,-0.717860,-0.644647,-0.213261
9682946,0.152728,-0.719262,-0.643198,-0.213617
9691279,0.153396,-0.721297,-0.640718,-0.213730
9699612,0.154362,-0.724000,-0.637483,-0.213570
9707945,0.152927,-0.726922,-0.634480,-0.213618
9716278,0.151228,-0.729872,-0.631407,-0.213874
9724611,0.147761,-0.733109,-0.628534,-0.213688
9732944,0.143881,-0.736639,-0.625287,-0.213726
9741277,0.138512,-0.740744,-0.621777,-0.213322
9749610,0.134580,-0.744732,-0.617559,-0.214205
9757943,0.129543,-0.747587,-0.614643,-0.215746
9766276,0.123047,-0.750492,-0.611991,-0.216996
9774609,0.115487,-0.753604,-0.609606,-0.217081
9782942,0.106502,-0.756314,-0.607228,-0.218908
9791275,0.093182,-0.760083,-0.604959,-0.218208
9799608,0.080804,-0.764022,-0.602186,-0.217055
9807941,0.067597,-0.766068,-0.601945,-0.215015
9816274,0.054162,-0.768709,-0.600944,-0.212179
9824607,0.041130,-0.772361,-0.599737,-0.205141
9832940,0.030498,-0.772791,-0.599940,-0.204782
9841273,0.021934,-0.775941,-0.597826,-0.200097
9849606,0.016305,-0.778351,-0.595600,-0.197901
9857939,0.010678,-0.782255,-0.592516,-0.192062
9866272,0.007936,-0.785064,-0.588733,-0.192365
9874605,0.003896,-0.787906,-0.585866,-0.189602
9882938,0.000436,-0.793719,-0.579828,-0.183875
9891271,-0.004232,-0.794759,-0.576528,-0.189620
9899604,-0.009690,-0.797205,-0.572122,-0.192477
9907937,-0.017829,-0.799217,-0.568788,-0.193427
9916270,-0.023881,-0.802930,-0.564037,-0.191300
9924603,-0.029014,-0.805575,-0.560541,-0.189738
9932936,-0.034732,-0.808446,-0.556117,-0.189584
9941269,-0.039151,-0.810276,-0.552403,-0.191756
9949602,-0.045451,-0.813489,-0.547625,-0.190465
9957935,-0.051437,-0.815780,-0.543808,-0.190081
9966268,-0.061368,-0.820365,-0.539527,-0.179290
9974601,-0.066417,-0.820847,-0.536211,-0.185139
9982934,-0.074667,-0.824494,-0.531387,-0.179620
9991267,-0.077441,-0.827363,-0.526158,-0.180643
9999600,-0.086115,-0.828358,-0.522816,-0.181854
10007933,-0.098460,-0.829847,-0.520092,-0.176535
10016266,-0.105029,-0.832378,-0.514826,-0.176266
10024599,-0.106908,-0.830170,-0.513043,-0.190200
10032932,-0.118009,-0.832371,-0.510305,-0.181165
10041265,-0.123478,-0.835802,-0.504000,-0.179368
10049598,-0.131791,-0.835978,-0.501129,-0.180669
10057931,-0.140960,-0.834884,-0.499745,-0.182631
10066264,-0.147077,-0.834707,-0.497427,-0.184931
10074597,-0.153756,-0.834256,-0.494948,-0.188156
10082930,-0.155055,-0.832472,-0.492356,-0.201330
10091263,-0.161129,-0.831145,-0.490580,-0.206319
10099596,-0.168597,-0.830496,-0.488042,-0.208968
10107929,-0.174925,-0.830341,-0.485053,-0.211326
10116262,-0.179763,-0.830708,-0.482189,-0.212375
10124595,-0.189587,-0.829195,-0.480113,-0.214440
10132928,-0.196685,-0.828149,-0.478324,-0.216082
10141261,-0.199881,-0.830130,-0.473218,-0.216785
10149594,-0.207585,-0.829487,-0.470257,-0.218444
10157927,-0.212822,-0.827823,-0.468165,-0.224136
10166260,-0.218187,-0.827619,-0.465768,-0.224725
10174593,-0.220240,-0.828594,-0.461961,-0.226976
10182926,-0.222863,-0.826125,-0.461675,-0.233894
10191259,-0.224934,-0.826237,-0.457585,-0.239484
10199592,-0.228984,-0.825752,-0.455717,-0.240877
10207925,-0.231611,-0.824529,-0.453462,-0.246740
10216258,-0.233463,-0.823671,-0.450872,-0.252537
10224591,-0.233747,-0.821224,-0.451436,-0.259151
10232924,-0.234147,-0.819599,-0.451136,-0.264402
10241257,-0.232117,-0.817114,-0.452510,-0.271442
10249590,-0.231562,-0.814996,-0.453909,-0.275912
10257923,-0.229078,-0.812408,-0.454698,-0.284192
10266256,-0.227277,-0.809190,-0.457218,-0.290702
10274589,-0.224289,-0.806985,-0.458779,-0.296634
10282922,-0.218529,-0.804758,-0.460201,-0.304672
10291255,-0.212159,-0.801246,-0.465142,-0.310865
10299588,-0.206922,-0.797859,-0.469687,-0.316225
10307921,-0.201272,-0.795472,-0.473704,-0.319873
10316254,-0.194062,-0.792707,-0.477513,-0.325479
10324587,-0.186537,-0.789630,-0.482137,-0.330503
10332920,-0.179768,-0.787395,-0.485739,-0.334291
10341253,-0.172682,-0.784845,-0.490603,-0.336910
10349586,-0.164165,-0.782899,-0.494054,-0.340631
10357919,-0.156064,-0.781440,-0.499419,-0.339964
10366252,-0.148128,-0.778353,-0.504412,-0.343210
10374585,-0.140028,-0.776637,-0.508499,-0.344466
10382918,-0.131723,-0.777046,-0.511596,-0.342226
10391251,-0.122717,-0.774768,-0.516458,-0.343433
10399584,-0.115826,-0.775416,-0.519479,-0.339786
10407917,-0.107271,-0.776144,-0.521592,-0.337692
10416250,-0.097627,-0.776668,-0.524287,-0.335231
10424583,-0.090123,-0.778639,-0.525746,-0.330439
10432916,-0.082717,-0.779545,-0.528814,-0.325305
10441249,-0.075089,-0.781771,-0.529845,-0.320092
10449582,-0.067829,-0.785650,-0.527226,-0.316523
10457915,-0.060914,-0.788189,-0.526994,-0.311970
10466248,-0.054361,-0.793399,-0.524773,-0.303606
10474581,-0.048628,-0.797038,-0.522461,-0.298998
10482914,-0.042816,-0.801012,-0.519038,-0.295207
10491247,-0.035417,-0.803449,-0.517021,-0.293094
10499580,-0.028989,-0.807037,-0.513684,-0.289793
10507913,-0.021571,-0.809771,-0.510727,-0.288036
10516246,-0.013753,-0.810624,-0.510498,-0.286517
10524579,-0.006375,-0.812102,-0.509938,-0.283572
10532912,0.001859,-0.813005,-0.510522,-0.279974
10541245,0.011521,-0.813519,-0.511417,-0.276598
10549578,0.019418,-0.813993,-0.511999,-0.273671
10557911,0.027706,-0.813217,-0.514632,-0.270306
10566244,0.035282,-0.813299,-0.516703,-0.265176
10574577,0.043682,-0.812148,-0.519767,-0.261438
10582910,0.052956,-0.812091,-0.520124,-0.259182
10591243,0.061366,-0.811571,-0.522888,-0.253326
10599576,0.066824,-0.811118,-0.526099,-0.246662
10607909,0.073165,-0.809680,-0.529417,-0.242453
10616242,0.080926,-0.808971,-0.532135,-0.236322
10624575,0.086336,-0.808274,-0.534682,-0.230986
10632908,0.090986,-0.807843,-0.536424,-0.226627
10641241,0.096792,-0.807111,-0.537852,-0.223425
10649574,0.101058,-0.806605,-0.539151,-0.220208
10657907,0.104778,-0.806240,-0.540445,-0.216605
10666240,0.108042,-0.806259,-0.540868,-0.213858
10674573,0.110645,-0.806063,-0.542049,-0.210246
10682906,0.114275,-0.805763,-0.542548,-0.208155
10691239,0.116286,-0.806531,-0.541539,-0.206689
10699572,0.119530,-0.805966,-0.541446,-0.207289
10707905,0.122567,-0.805549,-0.540939,-0.208452
10716238,0.124774,-0.805508,-0.540381,-0.208748
10724571,0.124983,-0.805846,-0.540765,-0.206310
10732904,0.126812,-0.806495,-0.539328,-0.206421
10741237,0.129298,-0.805451,-0.539500,-0.208497
10749570,0.130294,-0.805697,-0.538495,-0.209521
10757903,0.130688,-0.806213,-0.537693,-0.209349
10766236,0.129589,-0.806454,-0.537117,-0.210581
10774569,0.129618,-0.807137,-0.535450,-0.212185
10782902,0.130661,-0.807867,-0.534196,-0.211928
10791235,0.129666,-0.808060,-0.533906,-0.212532
10799568,0.128886,-0.808814,-0.532514,-0.213628
10807901,0.129949,-0.808132,-0.531874,-0.217131
10816234,0.128500,-0.808310,-0.530910,-0.219673
10824567,0.126411,-0.809072,-0.530310,-0.219531
10832900,0.125676,-0.809067,-0.529189,-0.222655
10841233,0.124578,-0.809014,-0.528714,-0.224586
10849566,0.121739,-0.809863,-0.527685,-0.225501
10857899,0.120020,-0.810113,-0.526631,-0.227973
10866232,0.119706,-0.809275,-0.526620,-0.231120
10874565,0.116736,-0.810260,-0.524802,-0.233311
10882898,0.115218,-0.811151,-0.521885,-0.237477
10891231,0.113700,-0.811949,-0.518982,-0.241805
10899564,0.111728,-0.812357,-0.517614,-0.244271
10907897,0.108438,-0.812858,-0.516788,-0.245831
10916230,0.107071,-0.813698,-0.514249,-0.248957
10924563,0.103996,-0.815223,-0.511786,-0.250342
10932896,0.102956,-0.816074,-0.508716,-0.254228
10941229,0.101353,-0.818342,-0.505401,-0.254193
10949562,0.099247,-0.819782,-0.502262,-0.256593
10957895,0.097192,-0.822099,-0.497644,-0.258956
10966228,0.095633,-0.825791,-0.491261,-0.259972
10974561,0.092399,-0.829010,-0.486364,-0.260105
10982894,0.091571,-0.832237,-0.478845,-0.264015
10991227,0.089798,-0.836552,-0.472003,-0.263308
10999560,0.087769,-0.841743,-0.462815,-0.263756
11007893,0.087493,-0.844985,-0.453359,-0.269835
11016226,0.085059,-0.849117,-0.443660,-0.273736
11024559,0.082394,-0.854010,-0.432936,-0.276487
11032892,0.081019,-0.858363,-0.421931,-0.280400
11041225,0.077786,-0.860893,-0.410991,-0.289654
11049558,0.074390,-0.864589,-0.401053,-0.293444
11057891,0.070795,-0.867195,-0.390801,-0.300392
11066224,0.066453,-0.869847,-0.380941,-0.306324
11074557,0.060875,-0.871732,-0.372948,-0.311910
11082890,0.054206,-0.873075,-0.364005,-0.319846
11091223,0.047600,-0.873568,-0.357465,-0.326852
11099556,0.041968,-0.873827,-0.351134,-0.333721
11107889,0.033685,-0.874804,-0.346077,-0.337362
11116222,0.025584,-0.874923,-0.342610,-0.341282
11124555,0.018089,-0.874144,-0.338763,-0.347541
11132888,0.010232,-0.873822,-0.335694,-0.351626
11141221,0.000872,-0.872999,-0.333228,-0.356134
11149554,-0.006718,-0.872273,-0.329570,-0.361217
11157887,-0.014127,-0.870640,-0.327851,-0.366471
11166220,-0.021754,-0.869192,-0.324509,-0.372459
11174553,-0.029249,-0.867637,-0.322567,-0.377227
11182886,-0.036146,-0.866087,-0.320974,-0.381525
11191219,-0.042950,-0.864223,-0.317739,-0.387705
11199552,-0.050459,-0.863348,-0.313976,-0.391796
11207885,-0.057138,-0.860959,-0.313075,-0.396823
11216218,-0.063795,-0.859678,-0.309916,-0.401044
11224551,-0.071669,-0.859184,-0.305853,-0.403882
11232884,-0.076916,-0.857341,-0.302285,-0.409481
11241217,-0.083618,-0.857238,-0.298389,-0.411235
11249550,-0.089058,-0.855955,-0.296385,-0.414205
11257883,-0.094909,-0.854946,-0.291495,-0.418437
11266216,-0.099461,-0.854062,-0.286679,-0.422494
11274549,-0.103966,-0.852841,-0.281750,-0.427166
11282882,-0.105305,-0.850010,-0.277344,-0.435287
11291215,-0.110089,-0.849671,-0.273017,-0.437493
11299548,-0.114741,-0.850399,-0.269151,-0.437279
11307881,-0.117241,-0.850344,-0.264072,-0.439813
11316214,-0.120596,-0.850800,-0.259370,-0.440821
11324547,-0.122316,-0.849896,-0.256536,-0.443740
11332880,-0.123294,-0.848845,-0.252348,-0.447862
11341213,-0.124795,-0.848873,-0.249988,-0.448718
11349546,-0.125841,-0.849010,-0.247160,-0.449731
11357879,-0.127214,-0.848527,-0.243365,-0.452318
11366212,-0.128509,-0.848021,-0.241078,-0.454122
11374545,-0.129281,-0.848000,-0.239931,-0.454550
11382878,-0.129914,-0.847916,-0.236313,-0.456417
11391211,-0.129511,-0.847024,-0.235763,-0.458467
11399544,-0.129402,-0.846229,-0.234419,-0.460651
11407877,-0.128366,-0.846451,-0.233175,-0.461164
11416210,-0.128370,-0.847163,-0.230911,-0.460994
11424543,-0.127224,-0.846415,-0.230396,-0.462941
11432876,-0.127142,-0.847074,-0.228565,-0.462664
11441209,-0.127210,-0.848438,-0.226697,-0.461063
11449542,-0.126419,-0.847912,-0.227688,-0.461759
11457875,-0.124911,-0.847937,-0.228264,-0.461839
11466208,-0.124233,-0.848910,-0.226622,-0.461044
11474541,-0.124421,-0.849783,-0.225829,-0.459771
11482874,-0.124868,-0.853090,-0.224745,-0.454021
11491207,-0.122433,-0.853383,-0.225649,-0.453685
11499540,-0.122462,-0.855176,-0.223830,-0.451196
11507873,-0.122198,-0.856898,-0.223500,-0.448153
11516206,-0.122183,-0.858825,-0.222540,-0.444934
11524539,-0.121921,-0.861422,-0.219576,-0.441446
11532872,-0.122459,-0.865440,-0.216993,-0.434663
11541205,-0.122910,-0.869065,-0.210990,-0.430235
11549538,-0.123350,-0.873513,-0.205204,-0.423854
11557871,-0.123163,-0.878590,-0.197325,-0.417101
11566204,-0.122637,-0.884572,-0.187734,-0.408960
11574537,-0.121372,-0.888746,-0.176619,-0.405222
11582870,-0.121741,-0.893712,-0.164488,-0.399252
11591203,-0.121853,-0.899757,-0.150329,-0.391139
11599536,-0.121581,-0.904795,-0.134898,-0.385184
11607869,-0.119780,-0.910625,-0.121847,-0.376255
11616202,-0.119100,-0.915064,-0.109486,-0.369440
11624535,-0.120205,-0.919215,-0.094382,-0.362886
11632868,-0.122068,-0.923235,-0.080427,-0.355342
11641201,-0.120563,-0.927275,-0.066425,-0.348157
11649534,-0.120441,-0.930606,-0.054408,-0.341330
11657867,-0.121789,-0.934171,-0.040423,-0.332954
11666200,-0.124450,-0.936830,-0.027768,-0.325715
11674533,-0.126356,-0.939370,-0.016185,-0.318366
11682866,-0.128139,-0.942110,-0.001809,-0.309847
11691199,-0.131550,-0.943699,0.010516,-0.303342
11699532,-0.135868,-0.944403,0.022707,-0.298541
11707865,-0.138783,-0.945450,0.034657,-0.292683
11716198,-0.143038,-0.945812,0.047624,-0.287597
11724531,-0.148551,-0.945318,0.062432,-0.283564
11732864,-0.154955,-0.945050,0.079268,-0.276743
11741197,-0.159937,-0.942810,0.094317,-0.276828
11749530,-0.164457,-0.936120,0.110000,-0.290747
11757863,-0.169549,-0.928286,0.128535,-0.304987
11766196,-0.174993,-0.922093,0.149835,-0.310919
11774529,-0.184617,-0.914450,0.173409,-0.315637
11782862,-0.194816,-0.906872,0.201069,-0.314961
11791195,-0.206327,-0.897581,0.222137,-0.320050
11799528,-0.218977,-0.889005,0.244023,-0.319643
11807861,-0.236071,-0.879860,0.262079,-0.318483
11816194,-0.252573,-0.872474,0.278369,-0.312261
11824527,-0.268067,-0.867454,0.287930,-0.304566
11832860,-0.280506,-0.865020,0.293251,-0.295060
11841193,-0.289606,-0.864459,0.297728,-0.283190
11849526,-0.296893,-0.865508,0.299773,-0.269975
11857859,-0.301479,-0.868569,0.300256,-0.254058
11866192,-0.303667,-0.872130,0.302380,-0.236098
11874525,-0.306734,-0.874761,0.302874,-0.221303
11882858,-0.308584,-0.877809,0.302101,-0.207275
11891191,-0.309061,-0.879838,0.305616,-0.192263
11899524,-0.309037,-0.881150,0.310202,-0.178452
11907857,-0.309644,-0.880933,0.315258,-0.169380
11916190,-0.311932,-0.877846,0.323953,-0.164737
11924523,-0.314157,-0.874176,0.334236,-0.159399
11932856,-0.316315,-0.870737,0.342595,-0.156177
11941189,-0.317796,-0.865951,0.354690,-0.152739
11949522,-0.321037,-0.859539,0.367169,-0.152694
11957855,-0.324667,-0.853367,0.377888,-0.153480
11966188,-0.327550,-0.846899,0.389455,-0.154265
11974521,-0.331021,-0.839782,0.401137,-0.155818
11982854,-0.332289,-0.834491,0.411767,-0.153804
11991187,-0.336146,-0.827656,0.421914,-0.154851
11999520,-0.336122,-0.823488,0.431241,-0.151398
12007853,-0.337375,-0.818174,0.440895,-0.149604
12016186,-0.339025,-0.813827,0.448204,-0.147854
12024519,-0.337985,-0.810299,0.456834,-0.143127
12032852,-0.336817,-0.806166,0.466728,-0.137171
12041185,-0.339220,-0.801609,0.472424,-0.138446
12049518,-0.335922,-0.798361,0.482774,-0.129250
12057851,-0.336503,-0.793415,0.491515,-0.125184
12066184,-0.338253,-0.790272,0.495994,-0.122658
12074517,-0.338070,-0.784364,0.506108,-0.119740
12082850,-0.336225,-0.778491,0.517095,-0.116266
12091183,-0.334859,-0.771987,0.528781,-0.110889
12099516,-0.336359,-0.765939,0.537151,-0.108021
12107849,-0.339103,-0.760232,0.543964,-0.105644
12116182,-0.336847,-0.754449,0.555075,-0.096084
12124515,-0.336468,-0.747051,0.566485,-0.088315
12132848,-0.335549,-0.740210,0.576210,-0.086470
12141181,0.335768,0.734303,-0.584418,0.080708
12149514,0.334598,0.726924,-0.595128,0.073809
12157847,0.330700,0.719743,-0.606651,0.067692
12166180,0.331415,0.713109,-0.614287,0.065509
12174513,0.330331,0.705458,-0.624248,0.059370
12182846,0.327388,0.698004,-0.634715,0.052383
12191179,0.325973,0.691327,-0.643076,0.047560
12199512,0.325504,0.683086,-0.652479,0.041370
12207845,0.326018,0.676064,-0.659777,0.036665
12216178,0.324331,0.667534,-0.669494,0.031406
12224511,-0.324909,-0.659030,0.677841,-0.025408
12232844,-0.324899,-0.650678,0.686030,-0.020542
12241177,-0.327284,-0.643700,0.691477,-0.019873
12249510,-0.331161,-0.637444,0.695423,-0.019618
12257843,-0.330722,-0.631700,0.700922,-0.016938
12266176,-0.333168,-0.625767,0.704977,-0.020542
12274509,-0.336692,-0.621963,0.706656,-0.020938
12282842,-0.338098,-0.618371,0.709200,-0.018515
12291175,-0.340927,-0.613526,0.712046,-0.018585
12299508,-0.342000,-0.610677,0.713900,-0.021358
12307841,-0.341437,-0.609138,0.715527,-0.019805
12316174,-0.341483,-0.607135,0.717233,-0.018782
12324507,-0.343364,-0.606229,0.717065,-0.020143
12332840,-0.345155,-0.605159,0.717164,-0.018060
12341173,-0.346700,-0.603213,0.718118,-0.015466
12349506,-0.348099,-0.602662,0.717933,-0.014095
12357839,-0.349950,-0.602156,0.717511,-0.011015
12366172,-0.350410,-0.600183,0.718989,-0.006953
12374505,-0.350991,-0.598813,0.719879,-0.001621
12382838,-0.351417,-0.597162,0.721042,0.001293
12391171,-0.354390,-0.595722,0.720773,0.003032
12399504,-0.359796,-0.594074,0.719442,0.004959
12407837,-0.358789,-0.590469,0.722844,0.010663
12416170,-0.360312,-0.588728,0.723467,0.013068
12424503,-0.360005,-0.586746,0.725134,0.017493
12432836,-0.361657,-0.585200,0.725511,0.019440
12441169,-0.362373,-0.582740,0.727011,0.023556
12449502,-0.362906,-0.579921,0.728817,0.028568
12457835,-0.364708,-0.577846,0.729325,0.034152
12466168,-0.363635,-0.577163,0.730057,0.040873
12474501,-0.364022,-0.575810,0.730716,0.044551
12482834,-0.362740,-0.573658,0.732608,0.051197
12491167,-0.366179,-0.573818,0.730585,0.053763
12499500,-0.368614,-0.573933,0.728960,0.057801
12507833,-0.369384,-0.572683,0.729024,0.064132
12516166,-0.367823,-0.572096,0.729537,0.072021
12524499,-0.367470,-0.571327,0.730034,0.074842
12532832,-0.370690,-0.571930,0.727845,0.075671
12541165,-0.372808,-0.572181,0.726159,0.079477
12549498,-0.374995,-0.570726,0.725649,0.084171
12557831,-0.376022,-0.569438,0.725813,0.086850
12566164,-0.376957,-0.568168,0.725806,0.091071
12574497,-0.375664,-0.566733,0.727476,0.092028
12582830,-0.374192,-0.564923,0.729043,0.096636
12591163,-0.374910,-0.561875,0.730901,0.097581
12599496,-0.370476,-0.561867,0.732821,0.100136
12607829,-0.371742,-0.560203,0.733538,0.099512
12616162,-0.368983,-0.556137,0.737696,0.101818
12624495,-0.367768,-0.555034,0.739119,0.101912
12632828,-0.365922,-0.550459,0.743032,0.104883
12641161,-0.365317,-0.546895,0.745603,0.107360
12649494,-0.351979,-0.543077,0.753568,0.115379
12657827,-0.350813,-0.537889,0.757258,0.119022
12666160,-0.349366,-0.533605,0.760487,0.121933
12674493,-0.342916,-0.527104,0.766898,0.128210
12682826,-0.338709,-0.522403,0.771099,0.133333
12691159,-0.330170,-0.516207,0.777728,0.140208
12699492,-0.330295,-0.510620,0.781106,0.141585
12707825,-0.324580,-0.499399,0.789166,0.149885
12716158,-0.318806,-0.491195,0.795592,0.155321
12724491,-0.315669,-0.481498,0.801398,0.162095
12732824,0.312412,0.467970,-0.809352,-0.168381
12741157,0.314231,0.455050,-0.815759,-0.169487
12749490,0.310649,0.442071,-0.822808,-0.176233
12757823,0.304475,0.430476,-0.829774,-0.182921
12766156,0.302631,0.417532,-0.835786,-0.188532
12774489,0.294878,0.403713,-0.843563,-0.196121
12782822,0.291027,0.389371,-0.850290,-0.201744
12791155,0.285715,0.376720,-0.856133,-0.208531
12799488,0.283929,0.364546,-0.860706,-0.213718
12807821,0.284523,0.351006,-0.864555,-0.219970
12816154,0.280013,0.335309,-0.870436,-0.226942
12824487,0.270256,0.321832,-0.877065,-0.232686
12832820,0.262258,0.306066,-0.883466,-0.238813
12841153,0.258041,0.292615,-0.887856,-0.243931
12849486,0.259152,0.279342,-0.891025,-0.246744
12857819,0.261216,0.267546,-0.893772,-0.247706
12866152,0.256719,0.254965,-0.898366,-0.249052
12874485,0.246780,0.245284,-0.904435,-0.246846
12882818,0.239108,0.241069,-0.909266,-0.240726
12891151,0.234091,0.219587,-0.917594,-0.234531
12899484,0.229107,0.210165,-0.923639,-0.224123
12907817,0.217930,0.203626,-0.930029,-0.214681
12916150,0.205354,0.191582,-0.936998,-0.207754
12924483,0.188125,0.177614,-0.944883,-0.200643
12932816,0.178914,0.168896,-0.948826,-0.197971
12941149,0.167536,0.156168,-0.953172,-0.197502
12949482,0.161543,0.148653,-0.955243,-0.198286
12957815,0.158639,0.143239,-0.955934,-0.201263
12966148,0.152823,0.135787,-0.955434,-0.212962
12974481,0.148291,0.129045,-0.954608,-0.223785
12982814,0.149274,0.130482,-0.952193,-0.232421
12991147,0.168581,0.159219,-0.943716,-0.235862
12999480,0.167621,0.153242,-0.940678,-0.252081
13007813,0.172337,0.143549,-0.937294,-0.266785
13016146,0.176569,0.158522,-0.931559,-0.275485
13024479,0.186749,0.171226,-0.924934,-0.283378
13032812,0.189465,0.179885,-0.920358,-0.291009
13041145,0.201208,0.182909,-0.915046,-0.297911
13049478,0.204039,0.183625,-0.911623,-0.305930
13057811,0.210915,0.189527,-0.907420,-0.310133
13066144,0.227875,0.188951,-0.902243,-0.313572
13074477,0.236435,0.185830,-0.898446,-0.319938
13082810,0.250819,0.195147,-0.894356,-0.314858
13091143,0.261617,0.183979,-0.891851,-0.319859
13099476,0.274160,0.172437,-0.890509,-0.319525
13107809,0.297093,0.167708,-0.885042,-0.316717
13116142,0.323269,0.160972,-0.879547,-0.309809
13124475,0.330498,0.137306,-0.881601,-0.307730
13132808,0.349616,0.118954,-0.877612,-0.305639
13141141,0.365648,0.109811,-0.874605,-0.298845
13149474,0.388624,0.102312,-0.866910,-0.294909
13157807,0.396276,0.090076,-0.865894,-0.291683
13166140,0.408576,0.085250,-0.861394,-0.289481
13174473,0.421798,0.085160,-0.855571,-0.287804
13182806,0.432173,0.088112,-0.849312,-0.290056
13191139,0.437342,0.098302,-0.845978,-0.288773
13199472,0.447927,0.117114,-0.839092,-0.285605
13207805,0.455637,0.137029,-0.832728,-0.283165
13216138,0.464673,0.159587,-0.825379,-0.278138
13224471,0.462362,0.179898,-0.824404,-0.272425
13232804,0.466920,0.202649,-0.819545,-0.263182
13241137,0.469064,0.222000,-0.816485,-0.253076
13249470,0.478306,0.242188,-0.808450,-0.242853
13257803,0.486930,0.255038,-0.802465,-0.232173
13266136,0.492260,0.266299,-0.798248,-0.222632
13274469,0.499724,0.276006,-0.792945,-0.212922
13282802,0.503379,0.278201,-0.790562,-0.210300
13291135,0.510327,0.278080,-0.786161,-0.210210
13299468,0.515283,0.279718,-0.781576,-0.213027
13307801,0.521590,0.277723,-0.775771,-0.221344
13316134,0.531269,0.279097,-0.766033,-0.230331
13324467,0.535712,0.277454,-0.758902,-0.245152
13332800,0.540860,0.281317,-0.748425,-0.261136
13341133,0.537211,0.286450,-0.742544,-0.279248
13349466,0.532731,0.287692,-0.737747,-0.298596
13357799,0.526577,0.289037,-0.733203,-0.318729
13366132,0.512621,0.294914,-0.732422,-0.337348
13374465,0.496725,0.298520,-0.733096,-0.355978
13382798,0.489725,0.301221,-0.729800,-0.369903
13391131,0.466923,0.294011,-0.739545,-0.385503
13399464,0.456316,0.294056,-0.741176,-0.394924
13407797,0.440819,0.289666,-0.747997,-0.402830
13416130,0.433020,0.279020,-0.752992,-0.409445
13424463,0.422767,0.275054,-0.758838,-0.412041
13432796,0.414786,0.258540,-0.767003,-0.415711
13441129,0.410540,0.243980,-0.774335,-0.415133
13449462,0.406152,0.233395,-0.781136,-0.412788
13457795,0.404849,0.221001,-0.787098,-0.409551
13466128,0.403295,0.206976,-0.793549,-0.405948
13474461,0.404470,0.201203,-0.796884,-0.401121
13482794,0.399649,0.185950,-0.804689,-0.397717
13491127,0.400466,0.176710,-0.809035,-0.392255
13499460,0.398361,0.167386,-0.814037,-0.388115
13507793,0.397240,0.163705,-0.817826,-0.382833
13516126,0.397707,0.160167,-0.819744,-0.379730
13524459,0.392237,0.153232,-0.824462,-0.378064
13532792,0.384070,0.145599,-0.829544,-0.378348
13541125,0.386246,0.146560,-0.828348,-0.378383
13549458,0.387282,0.144158,-0.827753,-0.379547
13557791,0.385015,0.142045,-0.828770,-0.380431
13566124,0.383412,0.141612,-0.829034,-0.381634
13574457,0.391023,0.139562,-0.826460,-0.380247
13582790,0.394574,0.140903,-0.824567,-0.380193
13591123,0.389332,0.141500,-0.827116,-0.379840
13599456,0.388360,0.147815,-0.825585,-0.381754
13607789,0.386554,0.153680,-0.824571,-0.383458
13616122,0.387054,0.157843,-0.823507,-0.383550
13624455,0.383972,0.160721,-0.823732,-0.384968
13632788,0.381032,0.164924,-0.823716,-0.386143
13641121,0.378632,0.169708,-0.822864,-0.388243
13649454,0.381623,0.176712,-0.818939,-0.390482
13657787,0.380162,0.177730,-0.817931,-0.393545
13666120,0.379217,0.181232,-0.815853,-0.397157
13674453,0.376448,0.183367,-0.815465,-0.399600
13682786,0.372429,0.187519,-0.815453,-0.401459
13691119,0.369679,0.191017,-0.815243,-0.402776
13699452,0.373141,0.193721,-0.812945,-0.402938
13707785,0.377584,0.200924,-0.809827,-0.401548
13716118,0.370821,0.194704,-0.814762,-0.400931
13724451,0.369208,0.192887,-0.815060,-0.402688
13732784,0.371307,0.188657,-0.812649,-0.407604
13741117,0.371537,0.181102,-0.817043,-0.401999
13749450,0.372817,0.176952,-0.819662,-0.397304
13757783,0.377023,0.172086,-0.819863,-0.395051
13766116,0.381097,0.177851,-0.814990,-0.398655
13774449,0.380675,0.174017,-0.816156,-0.398364
13782782,0.377792,0.169551,-0.819226,-0.396729
13791115,0.374566,0.167079,-0.821656,-0.395811
13799448,0.372417,0.166550,-0.823076,-0.395111
13807781,0.371768,0.157663,-0.826944,-0.391274
13816114,0.374536,0.153748,-0.828562,-0.386742
13824447,0.375145,0.153332,-0.830346,-0.382466
13832780,0.370199,0.155775,-0.832745,-0.381080
13841113,0.368311,0.151111,-0.837014,-0.375393
13849446,0.367141,0.143794,-0.841889,-0.368448
13857779,0.368609,0.140057,-0.843626,-0.364427
13866112,0.366601,0.138404,-0.846389,-0.360657
13874445,0.370125,0.134409,-0.847145,-0.356774
13882778,0.374010,0.135983,-0.845960,-0.354932
13891111,0.377774,0.136775,-0.844692,-0.353660
13899444,0.379135,0.130790,-0.844834,-0.354127
13907777,0.383966,0.129420,-0.842605,-0.354735
13916110,0.382578,0.125474,-0.843911,-0.354548
13924443,0.386266,0.123469,-0.842198,-0.355325
13932776,0.387377,0.116934,-0.841294,-0.358455
13941109,0.388886,0.112873,-0.840389,-0.360243
13949442,0.390973,0.111426,-0.838971,-0.361735
13957775,0.387488,0.108992,-0.839771,-0.364359
13966108,0.387864,0.108159,-0.838172,-0.367874
13974441,0.390799,0.114699,-0.834930,-0.370151
13982774,0.386677,0.117645,-0.834745,-0.373954
13991107,0.383264,0.119392,-0.833870,-0.378834
13999440,0.373030,0.115377,-0.835898,-0.385760
14007773,0.371323,0.119077,-0.833814,-0.390760
14016106,0.363804,0.119729,-0.834542,-0.396044
14024439,0.358991,0.114631,-0.835124,-0.400691
14032772,0.354602,0.113283,-0.835508,-0.404166
14041105,0.345041,0.109769,-0.838026,-0.408179
14049438,0.342778,0.109991,-0.836643,-0.412837
14057771,0.332801,0.116242,-0.836660,-0.419204
14066104,0.329923,0.122417,-0.835243,-0.422532
14074437,0.335532,0.119305,-0.833544,-0.422361
14082770,0.334611,0.122358,-0.833007,-0.423278
14091103,0.336400,0.124083,-0.832258,-0.422829
14099436,0.334616,0.127374,-0.832134,-0.423511
14107769,0.342064,0.128420,-0.829872,-0.421679
14116102,0.344908,0.132583,-0.828983,-0.419818
14124435,0.348523,0.137072,-0.827437,-0.418440
14132768,0.354548,0.136914,-0.826027,-0.416209
14141101,0.361888,0.137880,-0.824331,-0.412923
14149434,0.367226,0.139579,-0.822410,-0.411465
14157767,0.363305,0.144181,-0.823306,-0.411568
14166100,0.366050,0.150491,-0.821321,-0.410843
14174433,0.367770,0.155279,-0.820042,-0.410079
14182766,0.371691,0.162899,-0.818359,-0.406938
14191099,0.361977,0.163418,-0.822603,-0.406929
14199432,0.367652,0.166099,-0.820021,-0.405967
14207765,0.364148,0.164120,-0.822148,-0.405628
14216098,0.366608,0.166478,-0.821993,-0.402754
14224431,0.371616,0.169981,-0.819902,-0.400960
14232764,0.377332,0.170989,-0.818486,-0.398077
14241097,0.379319,0.174146,-0.817556,-0.396728
14249430,0.378072,0.172403,-0.819167,-0.395352
14257763,0.376220,0.173661,-0.820383,-0.394045
14266096,0.378204,0.175564,-0.820195,-0.391688
14274429,0.379081,0.174921,-0.820539,-0.390405
14282762,0.381048,0.174707,-0.820171,-0.389358
14291095,0.383518,0.176151,-0.819647,-0.387381
14299428,0.385563,0.177216,-0.819394,-0.385394
14307761,0.387892,0.170930,-0.820605,-0.383315
14316094,0.390475,0.173511,-0.819902,-0.381030
14324427,0.394336,0.179499,-0.818071,-0.378204
14332760,0.391866,0.177988,-0.820315,-0.376623
14341093,0.390044,0.175296,-0.822696,-0.374577
14349426,0.392715,0.177725,-0.821402,-0.373481
14357759,0.390475,0.178958,-0.822789,-0.372185
14366092,0.390375,0.177389,-0.824091,-0.370154
14374425,0.387281,0.178233,-0.825962,-0.368827
14382758,0.384781,0.181911,-0.827172,-0.366931
14391091,0.385710,0.186279,-0.826322,-0.365676
14399424,0.381870,0.180369,-0.828671,-0.367351
14407757,0.377503,0.177056,-0.831271,-0.367602
14416090,0.376284,0.175725,-0.832579,-0.366528
14424423,0.379490,0.182304,-0.830480,-0.364768
14432756,0.383836,0.187791,-0.828113,-0.362813
14441089,0.379847,0.185966,-0.830813,-0.361777
14449422,0.380015,0.182217,-0.832360,-0.359947
14457755,0.379479,0.182828,-0.832624,-0.359591
14466088,0.381680,0.186841,-0.831023,-0.358902
14474421,0.383663,0.190039,-0.830022,-0.357425
14482754,0.378187,0.186016,-0.833128,-0.358149
14491087,0.379952,0.188244,-0.832427,-0.356744
14499420,0.376551,0.186333,-0.833866,-0.357990
14507753,0.378657,0.187987,-0.833130,-0.356615
14516086,0.379510,0.189074,-0.832817,-0.355865
14524419,0.374176,0.184641,-0.835220,-0.358201
14532752,0.375257,0.189614,-0.834175,-0.356904
14541085,0.375622,0.191996,-0.833757,-0.356224
14549418,0.373065,0.185591,-0.836166,-0.356658
14557751,0.371642,0.183847,-0.837913,-0.354942
14566084,0.373440,0.183125,-0.836714,-0.356255
14574417,0.373613,0.185770,-0.835783,-0.356889
14582750,0.374579,0.190684,-0.834643,-0.355952
14591083,0.370466,0.185786,-0.837005,-0.357297
14599416,0.369466,0.184958,-0.837542,-0.357504
14607749,0.369464,0.184982,-0.837228,-0.358227
14616082,0.373744,0.189290,-0.834263,-0.358456
14624415,0.369817,0.182574,-0.837108,-0.359378
14632748,0.374055,0.186252,-0.834451,-0.359284
14641081,0.375040,0.186885,-0.833613,-0.359871
14649414,0.375635,0.188018,-0.833060,-0.359944
14657747,0.372711,0.181928,-0.834829,-0.362008
14666080,0.371053,0.184170,-0.835168,-0.361795
14674413,0.373947,0.188261,-0.832892,-0.361955
14682746,0.374791,0.187802,-0.831941,-0.363505
14691079,0.375043,0.187130,-0.831619,-0.364328
14699412,0.376259,0.187557,-0.830816,-0.364686
14707745,0.374474,0.183470,-0.831851,-0.366241
14716078,0.375634,0.183340,-0.830726,-0.367668
14724411,0.376543,0.184172,-0.829618,-0.368822
14732744,0.377938,0.186206,-0.828355,-0.369212
14741077,0.379058,0.190988,-0.827436,-0.367679
14749410,0.377689,0.191285,-0.827837,-0.368031
14757743,0.378628,0.191537,-0.826779,-0.369311
14766076,0.382349,0.196210,-0.824012,-0.369210
14774409,0.381332,0.193189,-0.824642,-0.370445
14782742,0.379262,0.187676,-0.825646,-0.373157
14791075,0.381262,0.193678,-0.823366,-0.373091
14799408,0.379539,0.193195,-0.823614,-0.374547
14807741,0.379938,0.192577,-0.823364,-0.375012
14816074,0.381748,0.197758,-0.821375,-0.374839
14824407,0.383374,0.200990,-0.819874,-0.374744
14832740,0.382544,0.201281,-0.819622,-0.375986
14841073,0.381089,0.198025,-0.820288,-0.377736
14849406,0.377975,0.195975,-0.821162,-0.380029
14857739,0.376633,0.194935,-0.821895,-0.380312
14866072,0.374813,0.194879,-0.822304,-0.381252
14874405,0.380124,0.204353,-0.819346,-0.377382
14882738,0.380699,0.207252,-0.819208,-0.375518
14891071,0.379517,0.207934,-0.819514,-0.375669
14899404,0.381974,0.205326,-0.819119,-0.375476
14907737,0.382011,0.203892,-0.819373,-0.375665
14916070,0.380501,0.204924,-0.820395,-0.374403
14924403,0.375150,0.202775,-0.822772,-0.375755
14932736,0.378295,0.207844,-0.821311,-0.373016
14941069,0.376782,0.204428,-0.823482,-0.371647
14949402,0.372755,0.202727,-0.825136,-0.372968
14957735,0.371799,0.200114,-0.826618,-0.372052
14966068,0.375084,0.202773,-0.824681,-0.371613
14974401,0.370023,0.199714,-0.827965,-0.371040
14982734,0.369478,0.202854,-0.827998,-0.369805
14991067,0.371425,0.203445,-0.827302,-0.369087
14999400,0.379079,0.212223,-0.823731,-0.364319
15007733,0.382973,0.209929,-0.822674,-0.363963
15016066,0.381743,0.206926,-0.823594,-0.364893
15024399,0.374856,0.200620,-0.828149,-0.365245
15032732,0.377641,0.205913,-0.827067,-0.361865
15041065,0.388032,0.225145,-0.820251,-0.354865
15049398,0.392934,0.230229,-0.817866,-0.351700
15057731,0.385187,0.225210,-0.820798,-0.356654
15066064,0.384244,0.224017,-0.821161,-0.357586
15074397,0.378024,0.211614,-0.826216,-0.360117
15082730,0.378406,0.213557,-0.826573,-0.357741
15091063,0.380662,0.214144,-0.826310,-0.355599
15099396,0.378392,0.208123,-0.828013,-0.357629
15107729,0.377097,0.206289,-0.828841,-0.358141
15116062,0.377514,0.212478,-0.828936,-0.353837
15124395,0.384190,0.223755,-0.823659,-0.352020
15132728,0.385183,0.226297,-0.822850,-0.351202
15141061,0.384149,0.223450,-0.824444,-0.350416
15149394,0.381913,0.222852,-0.825766,-0.350128
15157727,0.388259,0.227366,-0.822862,-0.347070
15166060,0.390417,0.229185,-0.822296,-0.344788
15174393,0.381323,0.218841,-0.827585,-0.349006
15182726,0.378235,0.215072,-0.829433,-0.350318
15191059,0.381221,0.215867,-0.828276,-0.349329
15199392,0.383949,0.222050,-0.826234,-0.347296
15207725,0.385072,0.227656,-0.826003,-0.342946
15216058,0.388770,0.221269,-0.827104,-0.340290
15224391,0.391753,0.217047,-0.826681,-0.340615
15232724,0.392595,0.217353,-0.827119,-0.338380
15241057,0.397491,0.220333,-0.825209,-0.335388
15249390,0.392098,0.216093,-0.828605,-0.336120
15257723,0.390808,0.213403,-0.829874,-0.336209
15266056,0.386987,0.209802,-0.832052,-0.337512
15274389,0.387365,0.212837,-0.831669,-0.336118
15282722,0.386785,0.213550,-0.832157,-0.335125
15291055,0.384401,0.211202,-0.833484,-0.336057
15299388,0.385108,0.213937,-0.833020,-0.334665
15307721,0.382513,0.208137,-0.835506,-0.335101
15316054,0.375503,0.198181,-0.840073,-0.337639
15324387,0.381275,0.210601,-0.837132,-0.330887
15332720,0.381053,0.210631,-0.837461,-0.330292
15341053,0.383544,0.212330,-0.836539,-0.328653
15349386,0.384141,0.211234,-0.836642,-0.328400
15357719,0.386833,0.211786,-0.835618,-0.327490
15366052,0.389194,0.213042,-0.834715,-0.326179
15374385,0.391043,0.214253,-0.833974,-0.325067
15382718,0.379877,0.197508,-0.841298,-0.330003
15391051,0.375851,0.193260,-0.844086,-0.330008
15399384,0.375836,0.194830,-0.843926,-0.329512
15407717,0.372180,0.192072,-0.845217,-0.331960
15416050,0.375056,0.194940,-0.844628,-0.328534
15424383,0.382216,0.205245,-0.840642,-0.324200
15432716,0.385133,0.209003,-0.839062,-0.322436
15441049,0.386254,0.222169,-0.835878,-0.320555
15449382,0.388511,0.225405,-0.834393,-0.319436
15457715,0.386825,0.225125,-0.835101,-0.319831
15466048,0.385863,0.213606,-0.838171,-0.320860
15474381,0.386765,0.210222,-0.838738,-0.320528
15482714,0.386826,0.211239,-0.838753,-0.319746
15491047,0.389743,0.213003,-0.837232,-0.319017
15499380,0.389258,0.209058,-0.838088,-0.319972
15507713,0.386599,0.207501,-0.839977,-0.319254
15516046,0.385083,0.207175,-0.841011,-0.318576
15524379,0.384660,0.206482,-0.841321,-0.318719
15532712,0.385651,0.207535,-0.840644,-0.318623
15541045,0.389076,0.213518,-0.838411,-0.316380
15549378,0.387225,0.209558,-0.839959,-0.317193
15557711,0.388000,0.212738,-0.839342,-0.315760
15566044,0.391889,0.215646,-0.837003,-0.315191
15574377,0.389287,0.215280,-0.838440,-0.314848
15582710,0.389795,0.214533,-0.838179,-0.315421
15591043,0.397999,0.223210,-0.833362,-0.311900
15599376,0.392726,0.218837,-0.836788,-0.312510
15607709,0.389920,0.215632,-0.838537,-0.313563
15616042,0.391366,0.215810,-0.838205,-0.312523
15624375,0.395546,0.219814,-0.836070,-0.310182
15632708,0.395809,0.218844,-0.836385,-0.309681
15641041,0.397077,0.219038,-0.835844,-0.309383
15649374,0.396076,0.217282,-0.836759,-0.309430
15657707,0.397623,0.216610,-0.836576,-0.308409
15666040,0.398285,0.217006,-0.836290,-0.308053
15674373,0.395498,0.214179,-0.838376,-0.307951
15682706,0.401620,0.217887,-0.834989,-0.306627
15691039,0.400933,0.218591,-0.834954,-0.307121
15699372,0.396468,0.214097,-0.837623,-0.308810
15707705,0.396524,0.216794,-0.837273,-0.307804
15716038,0.396236,0.217485,-0.836730,-0.309160
15724371,0.395569,0.218469,-0.836305,-0.310467
15732704,0.392562,0.213802,-0.838390,-0.311906
15741037,0.389067,0.210740,-0.840262,-0.313329
15749370,0.388084,0.210083,-0.840496,-0.314359
15757703,0.391321,0.212889,-0.838081,-0.314907
15766036,0.402515,0.222204,-0.831046,-0.313001
15774369,0.398297,0.215162,-0.833544,-0.316653
15782702,0.392893,0.209078,-0.835932,-0.321153
15791035,0.387171,0.202625,-0.838727,-0.324928
15799368,0.401838,0.223385,-0.828354,-0.320086
15807701,0.402510,0.225812,-0.826668,-0.321893
15816034,0.401656,0.225323,-0.826240,-0.324391
15824367,0.398456,0.224062,-0.827110,-0.326984
15832700,0.398672,0.224791,-0.826075,-0.328831
15841033,0.401161,0.230086,-0.823308,-0.329082
15849366,0.401382,0.232247,-0.822279,-0.329865
15857699,0.399140,0.232439,-0.823005,-0.330638
15866032,0.399851,0.233229,-0.821681,-0.332511
15874365,0.402357,0.235275,-0.819309,-0.333898
15882698,0.402575,0.235745,-0.818584,-0.335079
15891031,0.402230,0.237041,-0.818114,-0.335726
15899364,0.403257,0.240308,-0.816915,-0.335091
15907697,0.402920,0.240705,-0.816783,-0.335533
15916030,0.402263,0.241286,-0.816720,-0.336056
15924363,0.401022,0.239948,-0.817562,-0.336450
15932696,0.400985,0.237522,-0.818467,-0.336015
15941029,0.395400,0.231838,-0.822246,-0.337374
15949362,0.396587,0.232823,-0.822168,-0.335487
15957695,0.399337,0.232901,-0.821239,-0.334446
15966028,0.398846,0.231853,-0.821793,-0.334399
15974361,0.397679,0.229436,-0.822678,-0.335279
15982694,0.396151,0.228014,-0.824011,-0.334784
15991027,0.396552,0.227605,-0.824155,-0.334233
15999360,0.398427,0.229139,-0.823165,-0.333393
16007693,0.398818,0.229492,-0.823047,-0.332974
16016026,0.398452,0.228694,-0.823248,-0.333464
16024359,0.398337,0.228326,-0.823196,-0.333981
16032692,0.396309,0.224907,-0.824477,-0.335550
16041025,0.392123,0.223063,-0.825793,-0.338450
16049358,0.390175,0.224067,-0.825707,-0.340244
16057691,0.387560,0.221497,-0.825818,-0.344618
16066023,0.379992,0.218009,-0.828440,-0.348950
16074357,0.372409,0.214984,-0.831082,-0.352697
16082690,0.367587,0.211287,-0.832708,-0.356139
16091023,0.357862,0.207030,-0.836580,-0.359454
16099356,0.354692,0.206511,-0.837168,-0.361519
16107689,0.344857,0.200458,-0.841028,-0.365460
16116022,0.342374,0.198667,-0.841456,-0.367781
16124355,0.343933,0.203183,-0.839982,-0.367229
16132688,0.337634,0.198321,-0.842538,-0.369867
16141020,0.335624,0.194333,-0.843833,-0.370859
16149353,0.330284,0.193350,-0.845028,-0.373439
16157687,0.330877,0.192451,-0.844506,-0.374556
16166020,0.327244,0.190534,-0.845605,-0.376246
16174353,0.318463,0.188018,-0.847821,-0.380040
16182686,0.318142,0.186833,-0.848651,-0.379040
16191019,0.316272,0.186460,-0.849491,-0.378906
16199352,0.312397,0.186638,-0.851652,-0.377178
16207685,0.311132,0.183017,-0.852605,-0.377844
16216018,0.303630,0.181728,-0.854568,-0.380129
16224350,0.297245,0.184011,-0.856341,-0.380087
16232683,0.299051,0.182362,-0.856085,-0.380042
16241017,0.298400,0.179404,-0.857517,-0.378729
16249350,0.294798,0.174055,-0.860701,-0.376818
16257683,0.296276,0.182574,-0.859283,-0.374859
16266016,0.297330,0.183206,-0.859376,-0.373501
16274349,0.295917,0.183285,-0.859961,-0.373238
16282682,0.285189,0.173393,-0.865459,-0.373607
16291015,0.285009,0.171584,-0.866777,-0.371518
16299348,0.284479,0.171683,-0.867410,-0.370401
16307680,0.282346,0.169086,-0.868843,-0.369868
16316014,0.279141,0.162971,-0.870971,-0.370041
16324347,0.279446,0.159419,-0.872037,-0.368844
16332680,0.275457,0.154255,-0.874681,-0.367779
16341013,0.276628,0.159426,-0.874710,-0.364613
16349346,0.274596,0.158420,-0.876388,-0.362554
16357679,0.273527,0.153973,-0.878097,-0.361140
16366012,0.267062,0.147176,-0.882134,-0.358966
16374345,0.271239,0.148631,-0.881488,-0.356814
16382677,0.270207,0.146531,-0.881660,-0.358040
16391010,0.271139,0.145002,-0.881516,-0.358312
16399344,0.276640,0.148505,-0.879745,-0.357024
16407677,0.271104,0.144462,-0.882372,-0.356446
16416010,0.262364,0.134045,-0.887144,-0.355207
16424343,0.247032,0.119347,-0.893460,-0.355613
16432676,0.244588,0.111195,-0.895387,-0.355099
16441009,0.245315,0.108521,-0.895776,-0.354441
16449342,-0.245973,-0.108120,0.896027,0.353472
16457675,-0.241674,-0.107286,0.897393,0.353228
16466007,-0.243499,-0.109409,0.896727,0.353014
16474340,-0.241846,-0.107338,0.897212,0.353554
16482674,-0.237484,-0.104263,0.897785,0.355968
16491007,-0.235841,-0.105451,0.897535,0.357338
16499340,-0.243716,-0.107909,0.895811,0.355640
16507673,-0.252465,-0.112583,0.892672,0.355981
16516006,-0.266737,-0.121069,0.888901,0.352206
16524339,-0.272577,-0.123133,0.887458,0.350655
16532672,-0.277879,-0.125345,0.885426,0.350847
16541005,-0.281550,-0.129443,0.883734,0.350698
16549337,-0.288575,-0.133826,0.880385,0.351763
16557671,-0.292024,-0.136759,0.878150,0.353371
16566004,-0.308913,-0.143726,0.870788,0.354462
16574337,-0.320237,-0.147657,0.866394,0.353563
16582670,-0.326949,-0.154526,0.863352,0.351923
16591003,-0.330712,-0.156628,0.862301,0.350048
16599336,0.347561,0.167787,-0.854073,-0.348723
16607669,0.349208,0.169185,-0.853210,-0.348514
16616002,0.356422,0.171652,-0.850454,-0.346738
16624334,0.366320,0.173927,-0.845100,-0.348376
16632667,0.365891,0.176621,-0.844829,-0.348127
16641001,0.370731,0.182478,-0.841510,-0.348023
16649334,0.372454,0.181210,-0.840306,-0.349752
16657667,0.378395,0.186803,-0.836371,-0.349864
16666000,0.383819,0.194506,-0.832664,-0.348599
16674333,0.382918,0.198805,-0.831774,-0.349288
16682666,0.388804,0.206324,-0.827430,-0.348744
16690999,0.384274,0.200077,-0.829951,-0.351403
16699332,0.383283,0.200059,-0.829383,-0.353827
16707664,0.386330,0.204082,-0.826090,-0.355915
16715997,0.389054,0.207289,-0.823364,-0.357407
16724331,0.395967,0.220132,-0.817216,-0.356244
16732664,0.399007,0.227926,-0.813533,-0.356381
16740997,0.400597,0.228339,-0.812096,-0.357607
16749330,0.403246,0.230073,-0.809390,-0.359649
16757663,0.406949,0.233690,-0.806146,-0.360431
16765996,0.410879,0.238770,-0.802548,-0.360672
16774329,0.411202,0.239078,-0.801424,-0.362594
16782662,0.413746,0.246365,-0.798037,-0.362292
16790995,0.420093,0.251835,-0.793766,-0.360605
16799328,0.425371,0.256899,-0.789706,-0.359761
16807661,0.429388,0.261310,-0.786093,-0.359722
16815994,0.433135,0.263938,-0.783251,-0.359512
16824327,0.431949,0.266191,-0.782834,-0.360184
16832660,0.431057,0.268283,-0.782413,-0.360617
16840993,0.429209,0.265891,-0.783689,-0.361819
16849326,0.430941,0.269792,-0.781897,-0.360747
16857659,0.431769,0.268118,-0.782139,-0.360481
16865992,0.432395,0.267461,-0.782403,-0.359646
16874325,0.431373,0.267411,-0.783079,-0.359439
16882658,0.430497,0.267210,-0.783922,-0.358800
16890991,0.433786,0.267717,-0.782355,-0.357881
16899324,0.432495,0.266770,-0.783648,-0.357320
16907657,0.430548,0.265525,-0.785221,-0.357147
16915990,0.429733,0.265260,-0.786428,-0.355665
16924323,0.427873,0.262914,-0.788357,-0.355380
16932656,0.428351,0.261723,-0.788896,-0.354486
16940989,0.429234,0.265174,-0.788031,-0.352773
16949322,0.425728,0.258341,-0.792311,-0.352504
16957655,0.422289,0.254829,-0.795214,-0.352661
16965988,0.422743,0.254593,-0.795146,-0.352441
16974321,0.422204,0.252870,-0.796265,-0.351797
16982654,0.422723,0.253011,-0.796994,-0.349415
16990987,0.418430,0.248689,-0.801194,-0.348078
16999320,0.411442,0.240784,-0.807590,-0.347185
17007653,0.407738,0.234912,-0.810837,-0.348007
17015986,0.403674,0.231785,-0.813441,-0.348765
17024319,0.401866,0.231096,-0.815190,-0.347222
17032652,0.402357,0.228446,-0.816411,-0.345535
17040985,0.395008,0.211241,-0.823393,-0.348381
17049318,0.406913,0.234300,-0.815336,-0.338751
17057651,0.412850,0.241485,-0.811862,-0.334844
17065984,0.409803,0.234275,-0.815013,-0.336051
17074317,0.406545,0.230347,-0.818191,-0.335000
17082650,0.406268,0.229907,-0.818781,-0.334196
17090983,0.405804,0.229874,-0.819657,-0.332631
17099316,0.404210,0.228317,-0.821082,-0.332129
17107649,0.402825,0.227413,-0.822050,-0.332038
17115982,0.403119,0.227977,-0.822311,-0.330645
17124315,0.403216,0.228342,-0.822505,-0.329791
17132648,0.403410,0.227289,-0.822788,-0.329576
17140981,0.402676,0.227679,-0.823078,-0.329479
17149314,0.402163,0.224903,-0.824140,-0.329359
17157647,0.398711,0.217843,-0.827155,-0.330739
17165980,0.394485,0.209128,-0.830381,-0.333338
17174313,0.392874,0.212246,-0.830281,-0.333520
17182646,0.399178,0.222187,-0.825659,-0.331024
17190979,0.403629,0.227396,-0.822757,-0.329311
17199312,0.403434,0.228455,-0.822791,-0.328732
17207645,0.403462,0.228892,-0.822876,-0.328180
17215978,0.403513,0.229590,-0.822833,-0.327737
17224311,0.403257,0.230824,-0.823206,-0.326246
17232644,-0.402913,-0.227610,0.823574,0.327995
17240977,-0.398510,-0.223461,0.825950,0.330245
17249310,-0.399438,-0.225658,0.825458,0.328857
17257643,-0.399601,-0.226785,0.825357,0.328137
17265976,-0.399947,-0.227701,0.824868,0.328311
17274309,-0.404834,-0.233623,0.821293,0.327120
17282642,-0.407756,-0.233064,0.820434,0.326043
17290975,-0.402977,-0.227508,0.823847,0.327301
17299308,-0.401472,-0.229030,0.824252,0.327068
17307641,-0.401487,-0.229869,0.823837,0.327509
17315974,-0.402094,-0.229122,0.823700,0.327631
17324307,-0.401962,-0.228675,0.823622,0.328300
17332640,-0.400549,-0.226078,0.825042,0.328261
17340973,-0.399050,-0.225559,0.825762,0.328633
17349306,-0.394848,-0.217785,0.828970,0.330867
17357639,-0.393027,-0.213028,0.830080,0.333342
17365972,-0.395253,-0.218554,0.828720,0.330502
17374305,-0.393794,-0.218390,0.829462,0.330491
17382638,-0.394336,-0.217590,0.829108,0.331262
17390971,-0.397325,-0.222439,0.827186,0.329266
17399304,-0.396144,-0.219673,0.828064,0.330338
17407637,-0.394274,-0.217663,0.829226,0.330990
17415970,-0.391002,-0.216993,0.830870,0.331190
17424303,-0.389970,-0.218091,0.831272,0.330676
17432636,-0.375063,-0.198824,0.841749,0.333549
17440969,-0.389329,-0.218789,0.832663,0.327456
17449302,-0.389828,-0.221950,0.831936,0.326580
17457635,-0.395368,-0.221346,0.829736,0.325928
17465968,-0.393919,-0.217319,0.831339,0.326307
17474301,-0.395960,-0.218553,0.830684,0.324676
17482634,-0.393852,-0.214466,0.832400,0.325570
17490967,-0.389759,-0.211296,0.834728,0.326605
17499300,-0.385100,-0.208981,0.836983,0.327847
17507633,-0.380906,-0.207013,0.839607,0.327287
17515966,-0.379590,-0.209554,0.839912,0.326415
17524299,-0.380008,-0.202413,0.841007,0.327613
17532632,-0.374495,-0.192445,0.844950,0.329816
17540965,-0.371941,-0.190370,0.846372,0.330264
17549298,-0.370958,-0.189763,0.846927,0.330296
17557631,-0.370818,-0.192187,0.846878,0.329174
17565964,-0.367003,-0.187155,0.849183,0.330410
17574297,-0.368736,-0.189281,0.848410,0.329252
17582630,-0.371158,-0.189946,0.847595,0.328244
17590963,-0.370300,-0.186545,0.848311,0.329313
17599296,-0.364930,-0.183035,0.851146,0.329963
17607629,-0.364189,-0.182050,0.851263,0.331022
17615962,-0.364411,-0.182403,0.850885,0.331556
17624295,-0.365649,-0.181890,0.850342,0.331866
17632628,-0.367789,-0.185134,0.849127,0.330817
17640961,-0.377074,-0.198614,0.843914,0.325846
17649294,-0.371231,-0.193575,0.846443,0.329014
17657627,-0.372999,-0.191905,0.846226,0.328551
17665960,-0.380619,-0.198291,0.841805,0.327375
17674293,-0.377211,-0.196573,0.843411,0.328219
17682626,-0.373329,-0.194500,0.845131,0.329467
17690959,-0.377709,-0.196161,0.843320,0.328127
17699292,-0.377765,-0.195202,0.843301,0.328683
17707625,-0.378318,-0.196118,0.842714,0.329007
17715958,-0.376785,-0.196121,0.843453,0.328871
17724291,-0.375957,-0.193849,0.843923,0.329958
17732624,-0.374678,-0.192516,0.844532,0.330635
17740957,-0.374750,-0.192533,0.844475,0.330689
17749290,-0.375890,-0.191569,0.844288,0.330432
17757623,-0.375258,-0.194890,0.844009,0.329922
17765956,-0.374743,-0.194366,0.844369,0.329896
17774289,-0.375520,-0.195806,0.843937,0.329264
17782622,-0.372722,-0.192554,0.845439,0.330505
17790955,-0.373169,-0.192330,0.845123,0.330939
17799288,-0.374486,-0.193376,0.844108,0.331432
17807621,-0.365466,-0.189835,0.848089,0.333382
17815954,-0.364152,-0.189500,0.848457,0.334072
17824287,-0.366047,-0.186115,0.848396,0.334058
17832620,-0.367594,-0.186602,0.847496,0.334372
17840953,-0.368806,-0.192442,0.845797,0.334028
17849286,-0.378073,-0.203453,0.840834,0.329644
17857619,-0.376344,-0.207538,0.840578,0.329729
17865952,-0.370423,-0.201165,0.843304,0.333404
17874285,-0.376120,-0.209536,0.838992,0.332747
17882618,-0.378907,-0.204822,0.839616,0.330942
17890951,-0.377779,-0.205533,0.839916,0.331028
17899284,-0.373995,-0.201798,0.841490,0.333616
17907617,-0.373327,-0.198756,0.842203,0.334390
17915950,-0.369135,-0.199575,0.843692,0.334802
17924283,-0.369322,-0.198394,0.844071,0.334342
17932616,-0.369407,-0.194958,0.844405,0.335424
17940949,-0.368317,-0.194268,0.844826,0.335964
17949282,-0.371225,-0.199425,0.842786,0.334864
17957615,-0.371856,-0.202339,0.841862,0.334740
17965948,-0.371556,-0.205326,0.841010,0.335395
17974281,-0.371346,-0.201418,0.842531,0.334178
17982614,-0.372757,-0.201093,0.842335,0.333294
17990947,-0.373110,-0.202450,0.841916,0.333137
17999280,-0.374739,-0.201043,0.841385,0.333503
18007613,-0.374046,-0.199667,0.842299,0.332797
18015946,-0.376395,-0.201309,0.840784,0.332991
18024279,-0.379519,-0.202422,0.839416,0.332222
18032612,-0.379471,-0.201945,0.839531,0.332277
18040945,-0.377918,-0.201593,0.840118,0.332775
18049278,-0.377376,-0.201817,0.840307,0.332778
18057611,-0.376214,-0.201495,0.840729,0.333222
18065944,-0.371955,-0.196248,0.843238,0.334792
18074277,-0.373775,-0.197837,0.842263,0.334285
18082610,-0.374059,-0.199392,0.841729,0.334389
18090943,-0.376196,-0.200354,0.840582,0.334301
18099276,-0.374947,-0.200399,0.841115,0.334335
18107609,-0.374594,-0.199780,0.841136,0.335049
18115942,-0.378910,-0.204546,0.838666,0.333508
18124275,-0.375630,-0.201386,0.840252,0.335146
18132608,-0.372601,-0.200033,0.841429,0.336381
18140941,-0.374504,-0.204830,0.840025,0.334888
18149274,-0.375442,-0.206539,0.839224,0.334795
18157607,-0.371645,-0.202096,0.841295,0.336542
18165940,-0.370652,-0.201222,0.841645,0.337285
18174273,-0.370536,-0.202448,0.841346,0.337424
18182606,-0.371020,-0.203387,0.840943,0.337333
18190939,-0.366920,-0.203589,0.842597,0.337568
18199272,-0.372880,-0.206959,0.840027,0.335384
18207605,-0.374187,-0.210031,0.838653,0.335457
18215938,-0.370429,-0.206700,0.840933,0.335990
18224271,-0.366066,-0.205821,0.842560,0.337232
18232604,-0.361079,-0.206241,0.844911,0.336470
18240937,-0.358046,-0.204083,0.847036,0.335684
18249270,-0.362078,-0.204014,0.845604,0.335009
18257603,-0.361216,-0.205252,0.846047,0.334065
18265936,-0.364971,-0.209634,0.843924,0.332630
18274269,-0.366389,-0.211956,0.842911,0.332167
18282602,-0.361178,-0.203774,0.846364,0.334208
18290935,-0.358486,-0.197505,0.848590,0.335223
18299268,-0.361365,-0.204487,0.846146,0.334122
18307601,-0.365974,-0.210756,0.843665,0.331473
18315934,-0.366620,-0.205332,0.845034,0.330675
18324267,-0.367566,-0.209191,0.843868,0.330184
18332600,-0.367407,-0.205405,0.845046,0.329726
18340933,-0.369498,-0.210089,0.843334,0.328818
18349266,-0.369766,-0.211584,0.843299,0.327645
18357599,-0.371533,-0.211119,0.842796,0.327242
18365932,-0.371569,-0.211131,0.842872,0.326997
18374265,-0.370057,-0.213149,0.843150,0.326687
18382598,-0.373904,-0.218376,0.840904,0.324635
18390931,-0.372389,-0.216380,0.841738,0.325552
18399264,-0.375800,-0.222136,0.839672,0.323082
18407597,-0.376679,-0.223654,0.839105,0.322482
18415930,-0.381190,-0.223815,0.836934,0.322712
18424263,-0.379871,-0.225182,0.836934,0.323315
18432596,-0.379378,-0.225315,0.837006,0.323616
18440929,-0.375614,-0.223924,0.838677,0.324644
18449262,-0.364293,-0.216281,0.844424,0.327813
18457595,-0.367462,-0.218791,0.843165,0.325846
18465928,-0.366686,-0.224993,0.842891,0.323193
18474261,-0.374508,-0.231333,0.839164,0.319425
18482594,-0.379381,-0.237337,0.836226,0.316967
18490927,-0.380565,-0.237705,0.835705,0.316645
18499260,-0.383071,-0.238496,0.834716,0.315637
18507593,-0.382031,-0.237230,0.836114,0.314147
18515926,-0.383690,-0.236482,0.835827,0.313450
18524259,-0.379752,-0.231129,0.839294,0.312974
18532592,-0.378765,-0.232974,0.838884,0.313902
18540925,-0.380808,-0.234622,0.838001,0.312558
18549258,-0.382890,-0.238088,0.837187,0.309560
18557591,-0.383923,-0.241805,0.836234,0.307970
18565924,-0.384415,-0.241193,0.836493,0.307132
18574257,-0.387121,-0.245552,0.834932,0.304515
18582590,-0.389540,-0.246056,0.834213,0.302993
18590923,-0.390391,-0.248711,0.833442,0.301847
18599256,-0.388085,-0.246772,0.834903,0.302376
18607589,-0.387450,-0.245598,0.835767,0.301757
18615922,-0.392807,-0.249716,0.832738,0.299820
18624255,-0.394176,-0.250391,0.832162,0.299058
18632588,-0.395003,-0.250806,0.832314,0.297191
18640921,-0.395693,-0.251054,0.832504,0.295527
18649254,-0.394801,-0.250238,0.833171,0.295531
18657587,-0.394992,-0.249175,0.833235,0.295994
18665920,-0.392400,-0.251088,0.834501,0.294255
18674253,-0.394346,-0.254109,0.833491,0.291913
18682586,-0.396910,-0.255006,0.832337,0.290946
18690919,-0.395887,-0.253065,0.833483,0.290753
18699252,-0.395812,-0.251891,0.834206,0.289799
18707585,-0.395364,-0.251475,0.835478,0.287098
18715918,-0.397671,-0.251354,0.835210,0.284787
18724251,-0.400022,-0.252258,0.833921,0.284472
18732584,-0.395968,-0.248746,0.836990,0.284223
18740917,-0.392537,-0.247703,0.839169,0.283466
18749250,-0.394572,-0.247636,0.838884,0.281538
18757583,-0.393715,-0.249612,0.838867,0.281042
18765916,-0.393808,-0.248477,0.839396,0.280338
18774249,-0.392159,-0.244609,0.840714,0.282095
18782582,-0.393605,-0.244301,0.840367,0.281380
18790915,-0.395954,-0.243632,0.839648,0.280812
18799248,-0.398253,-0.245408,0.838351,0.279887
18807581,-0.402165,-0.246038,0.836413,0.279539
18815914,-0.404351,-0.246667,0.835373,0.278940
18824247,-0.407169,-0.246673,0.834407,0.277723
18832580,-0.405024,-0.243209,0.836403,0.277911
18840913,-0.403710,-0.245267,0.837154,0.275745
18849246,-0.400992,-0.237663,0.840702,0.275574
18857579,-0.398967,-0.234777,0.842449,0.275653
18865912,-0.396900,-0.230252,0.845418,0.273355
18874245,-0.392630,-0.222492,0.849604,0.272968
18882578,-0.385810,-0.215741,0.854222,0.273700
18890911,-0.380034,-0.208418,0.859359,0.271364
18899244,-0.376491,-0.198439,0.863492,0.270663
18907577,-0.375229,-0.188635,0.866752,0.268998
18915910,-0.369877,-0.178463,0.871780,0.267098
18924243,-0.372456,-0.172732,0.872500,0.264923
18932576,-0.368504,-0.164367,0.876478,0.262631
18940909,-0.367671,-0.150014,0.879131,0.263521
18949242,-0.355761,-0.140343,0.885947,0.262367
18957575,-0.358244,-0.132240,0.886878,0.260043
18965908,-0.345253,-0.112577,0.894508,0.260733
18974241,-0.348383,-0.104744,0.894198,0.260899
18982574,-0.346272,-0.097985,0.895414,0.262160
18990907,-0.342154,-0.087927,0.897718,0.263253
18999240,-0.339742,-0.082165,0.898703,0.264871
19007573,-0.334950,-0.070479,0.901495,0.264856
19015906,-0.332048,-0.056167,0.904025,0.263303
19024239,-0.333849,-0.054734,0.902584,0.266254
19032572,-0.335681,-0.051849,0.901366,0.268644
19040905,-0.332569,-0.050232,0.902467,0.269126
19049238,-0.329307,-0.043324,0.903189,0.271899
19057571,-0.324588,-0.040975,0.904475,0.273658
19065904,-0.328164,-0.034914,0.903135,0.274656
19074237,-0.332352,-0.032697,0.901797,0.274290
19082570,-0.331798,-0.028138,0.902317,0.273757
19090903,-0.336416,-0.022824,0.900922,0.273208
19099236,-0.339842,-0.017643,0.900599,0.270403
19107569,-0.346456,-0.013149,0.899221,0.266829
19115902,-0.352883,-0.006792,0.898176,0.262121
19124235,-0.358260,0.002978,0.897176,0.258293
19132568,-0.363575,0.011485,0.896222,0.253905
19140901,-0.369427,0.018811,0.894757,0.250160
19149234,-0.375468,0.025526,0.893328,0.245635
19157567,-0.380500,0.034653,0.891797,0.242316
19165900,-0.386282,0.040305,0.890096,0.238516
19174233,-0.403271,0.045228,0.881888,0.240002
19182566,-0.418643,0.053391,0.873021,0.244380
19190899,-0.434522,0.056592,0.863076,0.251175
19199232,-0.456805,0.054815,0.849202,0.259191
19207565,-0.477624,0.050543,0.836593,0.263499
19215898,-0.500817,0.041835,0.822414,0.266585
19224231,-0.521890,0.031809,0.808614,0.269747
19232564,-0.540643,0.021344,0.796091,0.271087
19240897,-0.556862,0.010669,0.784837,0.271701
19249230,-0.573372,0.000110,0.772412,0.273173
19257563,-0.587178,-0.003967,0.760572,0.277014
19265896,-0.601263,-0.005043,0.747691,0.281807
19274229,-0.611070,-0.001881,0.737552,0.287415
19282562,-0.623324,-0.000672,0.724317,0.294671
19290895,-0.635410,0.001231,0.710291,0.302886
19299228,-0.649441,-0.000443,0.694507,0.309654
19307561,-0.662735,-0.000836,0.678038,0.317878
19315894,-0.674117,-0.001553,0.663239,0.325082
19324227,-0.682937,-0.001726,0.650813,0.331718
19332560,-0.695441,-0.003432,0.633938,0.338338
19340893,-0.703343,-0.006606,0.621465,0.345031
19349226,-0.709628,-0.007414,0.611869,0.349270
19357559,-0.713724,-0.010340,0.603279,0.355732
19365892,-0.717955,-0.011455,0.594791,0.361431
19374225,-0.719772,-0.010998,0.589682,0.366172
19382558,-0.720512,-0.011891,0.585801,0.370887
19390891,-0.721600,-0.010879,0.581470,0.375589
19399224,-0.724244,-0.008882,0.576373,0.378398
19407557,-0.724787,-0.008170,0.574770,0.379810
19415890,-0.721392,0.001145,0.578531,0.380650
19424223,-0.718939,0.005117,0.581396,0.380893
19432556,-0.717089,0.005912,0.583760,0.380752
19440889,-0.717477,0.005593,0.582784,0.381522
19449222,-0.715613,0.005708,0.584925,0.381745
19457555,-0.714379,0.004220,0.586646,0.381433
19465888,-0.710764,0.003765,0.590994,0.381479
19474221,-0.707434,0.003231,0.594908,0.381590
19482554,-0.705847,0.000803,0.596945,0.381362
19490887,-0.707278,-0.001069,0.594413,0.382662
19499220,-0.709846,-0.002770,0.589865,0.384929
19507553,-0.709915,-0.002939,0.588672,0.386622
19515886,-0.709361,-0.003044,0.589101,0.386985
19524219,-0.711820,-0.004872,0.585109,0.388504
19532552,-0.714305,-0.005461,0.581377,0.389539
19540885,-0.716687,-0.005087,0.577674,0.390675
19549218,-0.717802,-0.003959,0.575223,0.392254
19557551,-0.715847,-0.002944,0.577541,0.392428
19565884,-0.714675,-0.002352,0.578981,0.392447
19574217,-0.713928,-0.002004,0.580325,0.391824
19582550,-0.713040,-0.001900,0.581748,0.391330
19590883,-0.710840,-0.001926,0.585395,0.389891
19599216,-0.708942,-0.001899,0.588139,0.389217
19607549,-0.706859,-0.000139,0.590949,0.388753
19615882,-0.708320,0.000207,0.589583,0.388168
19624215,-0.708440,-0.000310,0.589953,0.387386
19632548,-0.709926,-0.000712,0.588590,0.386738
19640881,-0.711270,0.000287,0.587095,0.386541
19649214,-0.711700,0.000414,0.586960,0.385955
19657547,-0.714652,-0.001831,0.584333,0.384479
19665880,-0.718216,-0.003694,0.580867,0.383075
19674213,-0.717905,-0.003637,0.581709,0.382379
19682546,-0.718398,-0.003519,0.581515,0.381750
19690879,-0.721083,-0.004304,0.578374,0.381452
19699212,-0.720626,-0.004100,0.579504,0.380601
19707545,-0.720685,-0.004036,0.579856,0.379952
19715878,-0.722185,-0.004026,0.578261,0.379535
19724211,-0.720927,-0.003260,0.580312,0.378803
19732544,-0.719837,-0.002692,0.582178,0.378016
19740877,-0.721470,-0.002584,0.580401,0.377635
19749210,-0.722219,-0.002321,0.579851,0.377050
19757543,-0.721881,-0.001771,0.580878,0.376120
19765876,-0.722390,-0.002269,0.580535,0.375668
19774209,-0.721206,-0.002093,0.582687,0.374611
19782542,-0.721168,-0.002507,0.583745,0.373032
19790875,-0.721092,-0.002195,0.583889,0.372954
19799208,-0.720749,-0.001502,0.584542,0.372597
19807541,-0.719963,-0.001262,0.585954,0.371901
19815874,-0.719825,-0.000638,0.586337,0.371565
19824207,-0.720552,-0.000497,0.585758,0.371069
19832540,-0.720569,-0.000011,0.585968,0.370706
19840873,-0.720257,0.000791,0.586453,0.370542
19849206,-0.721502,0.000892,0.585122,0.370225
19857539,-0.722502,0.001012,0.584066,0.369943
19865872,-0.723064,0.001556,0.583566,0.369630
19874205,-0.722933,0.002598,0.584086,0.369060
19882538,-0.723797,0.002380,0.583296,0.368616
19890871,-0.724321,0.002619,0.582823,0.368334
19899204,-0.725142,0.002424,0.582201,0.367703
19907537,-0.725312,0.002748,0.582458,0.366958
19915870,-0.725905,0.003323,0.581940,0.366603
19924203,-0.726196,0.003671,0.581810,0.366228
19932536,-0.729695,0.006298,0.577503,0.366055
19940869,-0.727087,0.006670,0.581138,0.365484
19949202,-0.726223,0.006876,0.582642,0.364802
19957535,-0.726774,0.006735,0.582403,0.364088
19965868,-0.726686,0.007435,0.582835,0.363559
19974201,-0.727584,0.007500,0.582163,0.362838
19982534,-0.729366,0.007223,0.580389,0.362106
19990867,-0.730281,0.007453,0.579550,0.361602
19999200,-0.728425,0.008638,0.582102,0.361221
20007533,-0.728743,0.009200,0.581936,0.360832
20015866,-0.730522,0.008763,0.580207,0.360029
20024199,-0.729845,0.008862,0.581265,0.359693
20032532,-0.728590,0.009893,0.583098,0.359242
20040865,-0.728978,0.010011,0.582874,0.358817
20049198,-0.730835,0.010706,0.580895,0.358228
20057531,-0.731733,0.011297,0.580063,0.357724
20065864,-0.731593,0.011069,0.580479,0.357342
20074197,-0.731476,0.011210,0.580953,0.356805
20082530,-0.731200,0.011502,0.581592,0.356321
20090863,-0.730695,0.012273,0.582450,0.355930
20099196,-0.730987,0.011991,0.582443,0.355351
20107529,-0.732501,0.011237,0.581108,0.354441
20115862,-0.731571,0.011107,0.582943,0.353353
20124195,-0.729696,0.011893,0.585748,0.352565
20132528,-0.728293,0.013702,0.587710,0.352135
20140861,-0.728818,0.014132,0.587272,0.351762
20149194,-0.728160,0.014559,0.588194,0.351567
20157527,-0.727940,0.014436,0.588751,0.351093
20165860,-0.728021,0.014387,0.588832,0.350792
20174193,-0.728610,0.014509,0.588254,0.350533
20182526,-0.728334,0.015174,0.588733,0.350276
20190859,-0.728473,0.015808,0.588626,0.350138
20199192,-0.729355,0.016270,0.587528,0.350125
20207525,-0.729532,0.015901,0.587616,0.349626
20215858,-0.730628,0.015309,0.586435,0.349346
20224191,-0.729789,0.015564,0.587673,0.349009
20232524,-0.729237,0.016302,0.588471,0.348783
20240857,-0.727686,0.017783,0.590623,0.348311
20249190,-0.728338,0.017854,0.590092,0.347845
20257523,-0.727722,0.017708,0.591224,0.347220
20265856,-0.727767,0.018665,0.591178,0.347153
20274189,-0.729654,0.018306,0.589047,0.346834
20282522,-0.730983,0.017909,0.587658,0.346412
20290855,-0.732104,0.018699,0.586057,0.346715
20299188,-0.731717,0.018692,0.586967,0.345992
20307521,-0.730697,0.019603,0.588447,0.345583
20315854,-0.732312,0.019369,0.586534,0.345430
20324187,-0.733172,0.019359,0.585630,0.345141
20332520,-0.734113,0.019451,0.584742,0.344638
20340853,-0.730412,0.022273,0.590012,0.343347
20349186,-0.732325,0.021134,0.587585,0.343508
20357519,-0.734719,0.020851,0.584546,0.343599
20365852,-0.735802,0.021037,0.583267,0.343443
20374185,-0.736168,0.021241,0.582961,0.343165
20382518,-0.735731,0.021380,0.583603,0.343002
20390851,-0.735958,0.021583,0.583423,0.342809
20399184,-0.736084,0.021236,0.583463,0.342490
20407517,-0.736357,0.020805,0.583260,0.342277
20415850,-0.736719,0.021230,0.582759,0.342325
20424183,-0.737758,0.020889,0.581541,0.342180
20432516,-0.738183,0.020735,0.580985,0.342217
20440849,-0.738510,0.020761,0.580472,0.342381
20449182,-0.737836,0.020724,0.581442,0.342190
20457515,-0.736341,0.021224,0.583624,0.341666
20465848,-0.736247,0.020771,0.583582,0.341966
20474181,-0.737599,0.020294,0.581870,0.342000
20482514,-0.737450,0.020558,0.582091,0.341929
20490847,-0.736158,0.021298,0.583764,0.341815
20499180,-0.737746,0.020387,0.581728,0.341918
20507513,-0.738403,0.020014,0.580883,0.341958
20515846,-0.737720,0.019995,0.581442,0.342483
20524179,-0.738179,0.018997,0.580983,0.342331
20532512,-0.739453,0.018693,0.579041,0.342887
20540845,-0.740101,0.018568,0.578096,0.343090
20549178,-0.740021,0.018283,0.578213,0.343082
20557511,-0.739349,0.018527,0.579034,0.343131
20565844,-0.737989,0.020475,0.580851,0.342876
20574177,-0.737636,0.021089,0.581198,0.343012
20582510,-0.738952,0.020384,0.579202,0.343598
20590843,-0.739033,0.021367,0.578965,0.343762
20599176,-0.737336,0.021916,0.581298,0.343436
20607509,-0.736556,0.021563,0.582398,0.343268
20615842,-0.738377,0.020921,0.579607,0.344118
20624175,-0.738802,0.020040,0.579158,0.344015
20632508,-0.736692,0.021310,0.581967,0.343722
20640841,-0.737537,0.021074,0.580698,0.344070
20649174,-0.736927,0.021399,0.581474,0.344048
20657507,-0.736512,0.020829,0.582023,0.344043
20665840,-0.737685,0.019975,0.580317,0.344462
20674173,-0.737158,0.020365,0.580721,0.344886
20682506,-0.736698,0.021073,0.580972,0.345403
20690839,-0.734711,0.021227,0.583653,0.345106
20699172,-0.736478,0.020118,0.581405,0.345201
20707505,-0.736178,0.019653,0.581756,0.345276
20715838,-0.735643,0.019155,0.582491,0.345205
20724171,-0.734137,0.019924,0.584419,0.345109
20732504,-0.734117,0.019309,0.584368,0.345274
20740837,-0.733240,0.019537,0.585394,0.345385
20749170,-0.734194,0.019754,0.584080,0.345573
20757503,-0.733649,0.020035,0.584715,0.345639
20765836,-0.733681,0.018957,0.584727,0.345612
20774169,-0.733170,0.018968,0.585346,0.345647
20782502,-0.732664,0.018625,0.585982,0.345662
20790835,-0.732484,0.018646,0.586125,0.345800
20799168,-0.732468,0.019614,0.585994,0.346002
20807501,-0.732633,0.018380,0.585927,0.345834
20815834,-0.734214,0.017350,0.583615,0.346441
20824167,-0.733320,0.018392,0.584602,0.346618
20832500,-0.732653,0.018561,0.585467,0.346558
20840833,-0.732483,0.018508,0.585670,0.346579
20849166,-0.733229,0.018320,0.584775,0.346523
20857499,-0.733739,0.017547,0.583860,0.347026
20865832,-0.732940,0.017688,0.584874,0.346998
20874165,-0.732471,0.017283,0.585539,0.346888
20882498,-0.732757,0.017514,0.584888,0.347372
20890831,-0.732863,0.017423,0.584589,0.347654
20899164,-0.732972,0.016916,0.584401,0.347768
20907497,-0.732715,0.017121,0.584647,0.347885
20915830,-0.732774,0.016141,0.584609,0.347870
20924163,-0.732438,0.015921,0.585152,0.347675
20932496,-0.733104,0.015861,0.584064,0.348104
20940829,-0.730300,0.017743,0.587350,0.348377
20949162,-0.730287,0.017609,0.587231,0.348611
20957495,-0.730774,0.017191,0.586509,0.348828
20965828,-0.729304,0.017738,0.588311,0.348843
20974161,-0.730016,0.017319,0.587331,0.349026
20982494,-0.728881,0.017864,0.588591,0.349247
20990827,-0.729361,0.017283,0.588034,0.349212
20999160,-0.730564,0.016771,0.586538,0.349239
21007493,-0.730198,0.017268,0.586917,0.349344
21015826,-0.729193,0.017413,0.587945,0.349706
21024159,-0.728655,0.017556,0.588416,0.350030
21032492,-0.728711,0.017780,0.588380,0.349963
21040825,-0.728128,0.017907,0.589084,0.349985
21049158,-0.727935,0.017295,0.589242,0.350151
21057491,-0.728062,0.017137,0.588869,0.350520
21065824,-0.727780,0.016957,0.589193,0.350570
21074157,-0.728262,0.016693,0.588426,0.350871
21082490,-0.728193,0.016557,0.588441,0.350995
21090823,-0.727607,0.016545,0.589191,0.350952
21099156,-0.728280,0.016368,0.588196,0.351234
21107489,-0.727677,0.016294,0.588923,0.351269
21115822,-0.727055,0.016437,0.589602,0.351412
21124155,-0.727986,0.015691,0.588421,0.351497
21132488,-0.727290,0.016021,0.589259,0.351520
21140821,-0.727294,0.016009,0.589157,0.351684
21149154,-0.727231,0.016050,0.589100,0.351906
21157487,-0.728430,0.015408,0.587556,0.352038
21165820,-0.729044,0.015496,0.586559,0.352423
21174153,-0.728631,0.015353,0.587095,0.352394
21182486,-0.728836,0.015090,0.586767,0.352526
21190819,-0.727124,0.015806,0.588819,0.352610
21199152,-0.727559,0.015507,0.588221,0.352724
21207485,-0.728525,0.014441,0.586984,0.352837
21215818,-0.727364,0.014911,0.588381,0.352885
21224151,-0.727754,0.014874,0.587886,0.352907
21232484,-0.727689,0.014782,0.587932,0.352968
21240817,-0.726805,0.015335,0.588851,0.353233
21249150,-0.728271,0.014169,0.587124,0.353138
21257483,-0.726944,0.014897,0.588665,0.353276
21265816,-0.728484,0.013984,0.586646,0.353498
21274149,-0.727586,0.014342,0.587658,0.353655
21282482,-0.727912,0.013986,0.587296,0.353599
21290815,-0.728734,0.013285,0.586164,0.353811
21299148,-0.729477,0.012997,0.585153,0.353964
21307481,-0.729187,0.013686,0.585326,0.354248
21315814,-0.728590,0.013506,0.586109,0.354190
21324147,-0.728953,0.013525,0.585574,0.354328
21332480,-0.728554,0.013810,0.586047,0.354354
21340813,-0.728572,0.013278,0.585911,0.354562
21349146,-0.729367,0.012895,0.584985,0.354470
21357479,-0.730176,0.011915,0.584043,0.354395
21365812,-0.729886,0.011972,0.584291,0.354581
21374145,-0.730360,0.011799,0.583548,0.354835
21382478,-0.730364,0.012278,0.583429,0.355004
21390811,-0.731490,0.010802,0.582046,0.355006
21399144,-0.730639,0.011907,0.583007,0.355144
21407477,-0.729928,0.012185,0.583944,0.355057
21415810,-0.729700,0.012058,0.584479,0.354650
21424143,-0.728752,0.012432,0.585449,0.354986
21432476,-0.729304,0.012743,0.584738,0.355014
21440809,-0.730974,0.012028,0.582603,0.355114
21449142,-0.731661,0.010951,0.581991,0.354738
21457475,-0.731057,0.011796,0.582760,0.354693
21465808,-0.731497,0.011223,0.582365,0.354454
21474141,-0.731178,0.011406,0.582812,0.354370
21482474,-0.731267,0.012188,0.582568,0.354563
21490807,-0.731259,0.011363,0.582877,0.354098
21499140,-0.731477,0.012189,0.582465,0.354297
21507473,-0.731978,0.011160,0.582128,0.353852
21515806,-0.730008,0.013259,0.584597,0.353778
21524139,-0.728462,0.013782,0.586774,0.353340
21532472,-0.729667,0.013020,0.585218,0.353465
21540805,-0.730339,0.012775,0.584415,0.353413
21549138,-0.730483,0.013179,0.584268,0.353344
21557471,-0.728849,0.013846,0.586405,0.353151
21565804,-0.730414,0.013585,0.584400,0.353252
21574137,-0.730333,0.013534,0.584577,0.353129
21582470,-0.731568,0.012999,0.583025,0.353160
21590803,-0.731323,0.013494,0.583436,0.352969
21599136,-0.729046,0.014724,0.586392,0.352731
21607469,-0.727906,0.015131,0.587855,0.352633
21615802,-0.729446,0.014882,0.585940,0.352649
21624135,-0.729873,0.014595,0.585467,0.352564
21632468,-0.730363,0.014563,0.584923,0.352452
21640801,-0.730248,0.014796,0.585099,0.352389
21649134,-0.730432,0.014778,0.584874,0.352382
21657467,-0.730360,0.014913,0.585066,0.352206
21665800,-0.729658,0.015072,0.586167,0.351825
21674133,-0.729787,0.015025,0.586029,0.351790
21682466,-0.728216,0.015910,0.588174,0.351426
21690799,-0.729021,0.015448,0.587162,0.351469
21699132,-0.729360,0.015412,0.586737,0.351477
21707465,-0.728611,0.015471,0.587975,0.350960
21715798,-0.727014,0.016191,0.589988,0.350860
21724131,-0.726895,0.016218,0.590349,0.350497
21732464,-0.727489,0.016247,0.589516,0.350665
21740797,-0.728019,0.016195,0.588742,0.350868
21749130,-0.727986,0.016555,0.588762,0.350887
21757463,-0.727528,0.016641,0.589482,0.350624
21765796,-0.727420,0.016680,0.589684,0.350506
21774129,-0.727008,0.016676,0.590271,0.350373
21782462,-0.727596,0.016460,0.589631,0.350241
21790795,-0.728042,0.016764,0.588937,0.350467
21799128,-0.727985,0.016836,0.588993,0.350487
21807461,-0.728343,0.016903,0.588433,0.350681
21815794,-0.728047,0.016809,0.588772,0.350733
21824127,-0.727884,0.016962,0.588910,0.350829
21832460,-0.729771,0.016625,0.586114,0.351607
21840793,-0.731207,0.016295,0.584493,0.351338
21849126,-0.729782,0.016577,0.586304,0.351270
21857459,-0.730294,0.016458,0.585781,0.351084
21865792,-0.730789,0.016405,0.584820,0.351658
21874125,-0.729702,0.017122,0.586183,0.351614
21882458,-0.730521,0.016668,0.585015,0.351880
21890791,-0.731289,0.016199,0.584125,0.351784
21899124,-0.731193,0.016089,0.584015,0.352172
21907457,-0.731699,0.016061,0.583401,0.352140
21915790,-0.730882,0.016212,0.584643,0.351769
21924123,-0.730804,0.016184,0.584780,0.351704
21932456,-0.730700,0.016031,0.584893,0.351740
21940789,-0.730320,0.015798,0.585418,0.351665
21949122,-0.730411,0.015954,0.585245,0.351757
21957455,-0.730162,0.015978,0.585542,0.351779
21965788,-0.730183,0.016407,0.585486,0.351808
21974121,-0.731348,0.015159,0.583948,0.352003
21982454,-0.731132,0.014895,0.584285,0.351903
21990787,-0.731106,0.015540,0.584199,0.352071
21999120,-0.729079,0.016177,0.586660,0.352154
22007453,-0.728958,0.016362,0.586900,0.351996
22015786,-0.728641,0.016184,0.587201,0.352158
22024119,-0.729190,0.016187,0.586600,0.352024
22032452,-0.728597,0.016467,0.587183,0.352266
22040785,-0.729320,0.016103,0.586211,0.352406
22049118,-0.728425,0.016554,0.587355,0.352331
22057451,-0.728052,0.016629,0.587892,0.352204
22065784,-0.728072,0.016670,0.587756,0.352386
22074117,-0.729539,0.015800,0.585810,0.352632
22082450,-0.728995,0.016122,0.586611,0.352411
22090783,-0.728171,0.016442,0.587557,0.352525
22099116,-0.729153,0.016108,0.586227,0.352726
22107449,-0.728634,0.016353,0.586977,0.352538
22115782,-0.730341,0.015533,0.584799,0.352662
22124115,-0.729518,0.015635,0.585907,0.352522
22132448,-0.729081,0.015928,0.586515,0.352401
22140781,-0.729893,0.015892,0.585340,0.352677
22149114,-0.729207,0.016314,0.586233,0.352593
22157447,-0.730242,0.015788,0.584811,0.352836
22165780,-0.730326,0.015516,0.584602,0.353020
22174113,-0.730530,0.015489,0.584409,0.352918
22182446,-0.729503,0.015772,0.585831,0.352672
22190779,-0.729637,0.015842,0.585591,0.352792
22199112,-0.729960,0.015027,0.585255,0.352717
22207445,-0.730068,0.014897,0.585179,0.352624
22215778,-0.729780,0.015085,0.585496,0.352687
22224111,-0.729312,0.015086,0.586160,0.352552
22232444,-0.729573,0.015401,0.585670,0.352811
22240777,-0.729384,0.015336,0.585897,0.352830
22249110,-0.729101,0.014978,0.586307,0.352749
22257443,-0.729579,0.014783,0.585628,0.352898
22265776,-0.731050,0.014035,0.583995,0.352589
22274109,-0.731412,0.014228,0.583542,0.352580
22282442,-0.730530,0.014596,0.584468,0.352859
22290775,-0.730324,0.014527,0.584660,0.352972
22299108,-0.729954,0.014349,0.585255,0.352758
22307441,-0.731314,0.013960,0.583620,0.352666
22315774,-0.730583,0.014304,0.584388,0.352894
22324107,-0.730439,0.014162,0.584542,0.352944
22332440,-0.730548,0.014480,0.584386,0.352963
22340773,-0.731278,0.014243,0.583589,0.352779
22349106,-0.731806,0.013967,0.583007,0.352659
22357439,-0.731673,0.013975,0.583165,0.352673
22365772,-0.731745,0.013862,0.583128,0.352589
22374105,-0.731303,0.014009,0.583676,0.352594
22382438,-0.730476,0.014476,0.584559,0.352826
22390771,-0.729778,0.014434,0.585540,0.352647
22399104,-0.730948,0.014196,0.584117,0.352591
22407437,-0.731471,0.014006,0.583384,0.352728
22415770,-0.730824,0.014328,0.584055,0.352946
22424103,-0.731061,0.014038,0.583937,0.352662
22432436,-0.731666,0.013793,0.583153,0.352714
22440769,-0.728214,0.015062,0.587513,0.352570
22449102,-0.728398,0.014909,0.587146,0.352808
22457435,-0.729833,0.014256,0.585207,0.353090
22465768,-0.730011,0.014290,0.584978,0.353101
22474101,-0.729761,0.014649,0.585199,0.353236
22482434,-0.729717,0.014664,0.585274,0.353202
22490767,-0.730713,0.013816,0.584181,0.352987
22499100,-0.729929,0.014094,0.585157,0.352982
22507433,-0.731225,0.013894,0.583463,0.353111
22515766,-0.731143,0.014090,0.583542,0.353144
22524099,-0.731988,0.013623,0.582532,0.353079
22532432,-0.730800,0.013871,0.583953,0.353182
22540765,-0.731215,0.013254,0.583556,0.353004
22549098,-0.730852,0.014044,0.583964,0.353051
22557431,-0.729949,0.014093,0.585007,0.353190
22565764,-0.730201,0.014173,0.584788,0.353028
22574097,-0.730107,0.014126,0.584854,0.353116
22582430,-0.731576,0.013648,0.582906,0.353315
22590763,-0.731951,0.013670,0.582407,0.353358
22599096,-0.730402,0.013798,0.584389,0.353287
22607429,-0.730268,0.013410,0.584610,0.353214
22615762,-0.730442,0.013873,0.584149,0.353598
22624095,-0.731364,0.013370,0.583214,0.353256
22632428,-0.732683,0.013516,0.581501,0.353340
22640761,-0.731220,0.013762,0.583209,0.353547
22649094,-0.729998,0.013553,0.585025,0.353079
22657427,-0.731357,0.012840,0.583289,0.353165
22665760,-0.732048,0.012683,0.582429,0.353159
22674093,-0.730452,0.013220,0.584499,0.353024
22682426,-0.730250,0.013811,0.584622,0.353216
22690759,-0.731646,0.013045,0.582921,0.353165
22699092,-0.730137,0.013470,0.584785,0.353193
22707425,-0.730920,0.013226,0.583744,0.353305
22715758,-0.731416,0.013098,0.582993,0.353524
22724091,-0.731799,0.012862,0.582726,0.353178
22732424,-0.730820,0.013464,0.583716,0.353548
22740757,-0.730493,0.013501,0.583911,0.353900
22749090,-0.730177,0.013226,0.584435,0.353697
22757423,-0.730109,0.013136,0.584571,0.353618
22765756,-0.730336,0.013309,0.584215,0.353731
22774089,-0.730104,0.013451,0.584410,0.353883
22782422,-0.730707,0.013015,0.583600,0.353990
22790755,-0.732060,0.012708,0.582026,0.353797
22799088,-0.732353,0.012174,0.581799,0.353583
22807421,-0.733065,0.011195,0.580919,0.353586
22815754,-0.731064,0.011794,0.583615,0.353270
22824087,-0.730904,0.012008,0.583596,0.353624
22832420,-0.730357,0.012558,0.584030,0.354019
22840753,-0.730453,0.012339,0.583981,0.353909
22849086,-0.733087,0.011767,0.580576,0.354086
22857419,-0.731175,0.012159,0.582981,0.354075
22865752,-0.731739,0.011987,0.582327,0.353990
22874085,-0.731531,0.012271,0.582659,0.353864
22882418,-0.732075,0.012058,0.581846,0.354084
22890751,-0.731043,0.012059,0.583261,0.353890
22899084,-0.729996,0.012937,0.584598,0.353814
22907417,-0.730979,0.012352,0.583347,0.353869
22915750,-0.731717,0.011783,0.582441,0.353857
22924083,-0.731364,0.012212,0.582989,0.353668
22932416,-0.731214,0.012301,0.583258,0.353532
22940749,-0.731786,0.012405,0.582511,0.353577
22949082,-0.731656,0.012326,0.582505,0.353858
22957415,-0.731764,0.012902,0.582477,0.353660
22965748,-0.729758,0.012771,0.584984,0.353673
22974081,-0.729381,0.012591,0.585357,0.353840
22982414,-0.728837,0.012463,0.586241,0.353501
22990747,-0.730569,0.010593,0.584163,0.353426
22999080,-0.732036,0.010165,0.582473,0.353193
23007413,-0.731829,0.010997,0.582589,0.353405
23015746,-0.730353,0.011512,0.584208,0.353769
23024079,-0.729599,0.010951,0.585415,0.353349
23032412,-0.730805,0.010332,0.584084,0.353075
23040745,-0.727465,0.012027,0.587871,0.353635
23049078,-0.729718,0.010571,0.585162,0.353533
23057411,-0.729763,0.010145,0.585059,0.353624
23065744,-0.730577,0.010162,0.584018,0.353662
23074077,-0.728714,0.011177,0.586082,0.354060
23082410,-0.727068,0.011700,0.588278,0.353786
23090743,-0.728489,0.010605,0.586280,0.354213
23099076,-0.729219,0.009570,0.585294,0.354370
23107409,-0.728466,0.010009,0.586220,0.354377
23115742,-0.727737,0.011024,0.586859,0.354787
23124075,-0.728590,0.009696,0.585812,0.354806
23132408,-0.732798,0.012128,0.580564,0.354689
23140741,-0.733460,0.012722,0.579342,0.355299
23149074,-0.734221,0.011411,0.578294,0.355480
23157407,-0.733782,0.011119,0.578851,0.355489
23165740,-0.734193,0.010853,0.578126,0.355826
23174073,-0.735391,0.010798,0.576162,0.356541
23182406,-0.733499,0.011618,0.578795,0.356146
23190739,-0.730705,0.009508,0.582446,0.355999
23199072,-0.733143,0.010313,0.579181,0.356293
23207405,-0.730909,0.009145,0.582122,0.356122
23215738,-0.730966,0.008501,0.581800,0.356547
23224071,-0.730209,0.009115,0.582672,0.356658
23232404,-0.729993,0.009300,0.582988,0.356580
23240737,-0.732670,0.010558,0.579466,0.356795
23249070,-0.733269,0.010605,0.578715,0.356781
23257403,-0.732993,0.010687,0.579085,0.356745
23265736,-0.733198,0.010272,0.579010,0.356459
23274069,-0.733510,0.009859,0.578634,0.356438
23282402,-0.732771,0.010107,0.579571,0.356429
23290735,-0.733370,0.010250,0.578571,0.356818
23299068,-0.733117,0.010079,0.579032,0.356594
23307401,-0.733280,0.009938,0.578650,0.356883
23315734,-0.733148,0.009877,0.578904,0.356745
23324067,-0.733142,0.009874,0.578915,0.356739
23332400,-0.733416,0.010027,0.578446,0.356933
23340733,-0.733168,0.010054,0.578849,0.356788
23349066,-0.732991,0.009891,0.579124,0.356708
23357399,-0.733279,0.009956,0.578660,0.356868
23365732,-0.732644,0.009928,0.579584,0.356675
23374065,-0.734549,0.009527,0.576938,0.357057
23382398,-0.733763,0.009833,0.578012,0.356927
23390731,-0.733429,0.010034,0.578455,0.356890
23399064,-0.733826,0.008874,0.578106,0.356672
23407397,-0.732474,0.010065,0.579767,0.356721
23415730,-0.732609,0.010065,0.579582,0.356746
23424063,-0.732811,0.009207,0.579465,0.356544
23432396,-0.730126,0.008435,0.582822,0.356601
23440729,-0.732433,0.009257,0.579784,0.356799
23449062,-0.732262,0.009861,0.580078,0.356657
23457395,-0.732264,0.009872,0.580124,0.356579
23465728,-0.732855,0.008981,0.579201,0.356888
23474061,-0.732665,0.009166,0.579455,0.356861
23482394,-0.732334,0.009253,0.579889,0.356833
23490727,-0.732580,0.008973,0.579569,0.356854
23499060,-0.732985,0.008402,0.579096,0.356807
23507393,-0.732220,0.009212,0.580055,0.356799
23515726,-0.732098,0.009548,0.580287,0.356664
23524059,-0.732659,0.009278,0.579427,0.356916
23532392,-0.732528,0.009201,0.579553,0.356981
23540725,-0.732607,0.009100,0.579640,0.356681
23549058,-0.732298,0.009718,0.580016,0.356688
23557391,-0.731494,0.010018,0.581205,0.356393
23565724,-0.732096,0.009405,0.580489,0.356343
23574057,-0.731828,0.009667,0.580641,0.356638
23582390,-0.731937,0.009783,0.580550,0.356559
23590723,-0.732242,0.009663,0.580258,0.356411
23599056,-0.732311,0.009567,0.580151,0.356447
23607389,-0.732621,0.009715,0.579707,0.356527
23615722,-0.732597,0.009585,0.579783,0.356456
23624055,-0.732388,0.009789,0.580029,0.356481
23632388,-0.732489,0.009636,0.580043,0.356255
23640721,-0.732742,0.009728,0.579679,0.356324
23649054,-0.732220,0.010097,0.580386,0.356236
23657387,-0.733076,0.009712,0.579146,0.356505
23665720,-0.732644,0.009783,0.579828,0.356283
23674053,-0.732910,0.009583,0.579578,0.356145
23682386,-0.732668,0.009768,0.579915,0.356091
23690719,-0.734183,0.009476,0.578101,0.355928
23699052,-0.733562,0.009594,0.578808,0.356056
23707385,-0.733464,0.009574,0.578791,0.356287
23715718,-0.734076,0.009716,0.577761,0.356695
23724051,-0.733863,0.009784,0.578124,0.356541
23732384,-0.733513,0.009460,0.578769,0.356224
23740717,-0.733676,0.009771,0.578450,0.356399
23749050,-0.733878,0.009718,0.578252,0.356305
23757383,-0.733718,0.009654,0.578439,0.356332
23765716,-0.733848,0.009838,0.578216,0.356422
23774049,-0.733235,0.009905,0.579119,0.356216
23782382,-0.733249,0.009657,0.579110,0.356208
23790715,-0.733294,0.009632,0.579082,0.356161
23799048,-0.732391,0.010040,0.580280,0.356058
23807381,-0.732312,0.009904,0.580462,0.355928
23815714,-0.733180,0.009660,0.579088,0.356385
23824047,-0.733646,0.009490,0.578430,0.356501
23832380,-0.732510,0.009898,0.580042,0.356206
23840713,-0.733145,0.009705,0.579099,0.356438
23849046,-0.732914,0.009780,0.579414,0.356401
23857379,-0.732276,0.010134,0.580301,0.356259
23865712,-0.733569,0.009653,0.578321,0.356831
23874045,-0.732673,0.009903,0.579664,0.356485
23882378,-0.733539,0.008640,0.578635,0.356408
23890711,-0.733534,0.009063,0.578619,0.356435
23899044,-0.733984,0.008779,0.578197,0.356200
23907377,-0.733182,0.009394,0.579199,0.356208
23915710,-0.732913,0.009618,0.579623,0.356067
23924043,-0.732669,0.009667,0.579955,0.356026
23932376,-0.732870,0.009702,0.579694,0.356039
23940709,-0.733271,0.009532,0.579073,0.356227
23949042,-0.733436,0.009713,0.578718,0.356459
23957375,-0.735225,0.009077,0.576264,0.356765
23965708,-0.733817,0.009592,0.578298,0.356359
23974041,-0.733424,0.009619,0.578959,0.356095
23982374,-0.733397,0.009594,0.578960,0.356150
23990707,-0.733411,0.009417,0.578973,0.356104
23999040,-0.733199,0.009649,0.579149,0.356247
24007373,-0.733890,0.009480,0.578139,0.356470
24015706,-0.733265,0.009669,0.578978,0.356389
24024039,-0.733321,0.009804,0.578675,0.356764
24032372,-0.732776,0.009838,0.579688,0.356236
24040705,-0.732809,0.009762,0.579756,0.356060
24049038,-0.734133,0.009327,0.577815,0.356501
24057371,-0.735294,0.009310,0.576448,0.356319
24065704,-0.733804,0.009409,0.578403,0.356219
24074037,-0.733547,0.009367,0.578724,0.356230
24082370,-0.734224,0.008964,0.577750,0.356426
24090703,-0.735672,0.008792,0.575854,0.356512
24099036,-0.734652,0.008795,0.577307,0.356268
24107369,-0.733759,0.009025,0.578541,0.356099
24115702,-0.733272,0.009233,0.579152,0.356104
24124035,-0.733322,0.009493,0.578849,0.356488
24132368,-0.732717,0.009715,0.579780,0.356212
24140701,-0.732630,0.009452,0.580035,0.355982
24149034,-0.735961,0.008565,0.575586,0.356354
24157367,-0.734412,0.008920,0.577626,0.356241
24165700,-0.733823,0.009296,0.578401,0.356188
24174033,-0.733583,0.009220,0.578705,0.356190
24182366,-0.733745,0.009448,0.578397,0.356351
24190699,-0.734398,0.009261,0.577305,0.356781
24199032,-0.732253,0.010389,0.580398,0.356141
24207365,-0.732627,0.009867,0.579976,0.356075
24215698,-0.732729,0.009707,0.579848,0.356077
24224031,-0.734311,0.009281,0.577711,0.356302
24232364,-0.736400,0.008458,0.574811,0.356701
24240697,-0.733935,0.009367,0.578147,0.356368
24249030,-0.733954,0.009654,0.577887,0.356743
24257363,-0.733649,0.009939,0.578416,0.356505
24265696,-0.734269,0.009186,0.577820,0.356214
24274029,-0.734787,0.009008,0.577232,0.356104
24282362,-0.734272,0.009471,0.577616,0.356531
24290695,-0.733496,0.009701,0.578650,0.356446
24299028,-0.733051,0.009378,0.579443,0.356082
24307361,-0.733507,0.009421,0.578687,0.356372
24315694,-0.733845,0.009474,0.578270,0.356351
24324027,-0.733378,0.009481,0.578915,0.356263
24332360,-0.732927,0.009265,0.579641,0.356017
24340693,-0.733503,0.009043,0.578758,0.356273
24349026,-0.733824,0.009278,0.578303,0.356344
24357359,-0.735244,0.008859,0.576392,0.356524
24365692,-0.733903,0.009086,0.578287,0.356215
24374025,-0.733814,0.009076,0.578266,0.356430
24382358,-0.734198,0.009105,0.577972,0.356117
24390691,-0.734119,0.008954,0.578010,0.356222
24399024,-0.733532,0.009339,0.578704,0.356294
24407357,-0.733504,0.009602,0.578639,0.356450
24415690,-0.733630,0.009303,0.578455,0.356497
24424023,-0.733143,0.009483,0.579124,0.356407
24432356,-0.733507,0.009536,0.578583,0.356537
24440689,-0.732883,0.009673,0.579484,0.356353
24449022,-0.732777,0.009546,0.579618,0.356356
24457355,-0.732788,0.009586,0.579588,0.356382
24465688,-0.732729,0.009656,0.579690,0.356334
24474021,-0.734043,0.009023,0.578131,0.356180
24482354,-0.733491,0.009588,0.578686,0.356401
24490687,-0.734666,0.009328,0.576961,0.356783
24499020,-0.733799,0.009472,0.578177,0.356595
24507353,-0.733474,0.009321,0.578863,0.356154
24515686,-0.735282,0.008787,0.576598,0.356115
24524019,-0.734653,0.009441,0.577226,0.356378
24532352,-0.734065,0.009452,0.578058,0.356242
24540685,-0.734222,0.009330,0.577717,0.356476
24549018,-0.733744,0.009418,0.578421,0.356314
24557351,-0.733977,0.009330,0.578159,0.356264
24565684,-0.734736,0.009126,0.577355,0.356006
24574017,-0.734170,0.009218,0.577991,0.356140
24582350,-0.733767,0.009439,0.578439,0.356237
24590683,-0.733642,0.009464,0.578654,0.356144
24599016,-0.733015,0.009546,0.579453,0.356134
24607349,-0.733479,0.009350,0.578720,0.356376
24615682,-0.733405,0.009442,0.578909,0.356220
24624015,-0.733673,0.009229,0.578582,0.356205
24632348,-0.733495,0.009255,0.578793,0.356228
24640681,-0.733415,0.009418,0.578985,0.356077
24649014,-0.733533,0.009660,0.578627,0.356408
24657347,-0.733111,0.009759,0.579295,0.356190
24665680,-0.735219,0.009121,0.576523,0.356357
24674013,-0.734389,0.009453,0.577575,0.356358
24682346,-0.734793,0.009319,0.577173,0.356179
24690679,-0.732421,0.008582,0.580315,0.355978
24699012,-0.733416,0.009065,0.579026,0.356016
24707345,-0.734440,0.009263,0.577552,0.356294
24715678,-0.736366,0.008292,0.575165,0.356205
24724011,-0.738323,0.007236,0.572583,0.356335
24732344,-0.741695,0.005654,0.567810,0.356999
24740677,-0.744891,0.004519,0.563251,0.357583
24749010,-0.749945,0.003289,0.556762,0.357193
24757343,-0.756204,0.000431,0.548284,0.357127
24765676,-0.760515,-0.003390,0.542232,0.357198
24774009,-0.766607,-0.004334,0.533252,0.357683
24782342,-0.770827,-0.005736,0.527069,0.357759
24790675,-0.773573,-0.006819,0.523194,0.357501
24799008,-0.775157,-0.007831,0.521050,0.357179
24807341,-0.776671,-0.008491,0.518588,0.357459
24815674,-0.776870,-0.008400,0.518376,0.357334
24824007,-0.775889,-0.009060,0.519871,0.357280
24832340,-0.774372,-0.007683,0.522052,0.357422
24840673,-0.771452,-0.005945,0.526492,0.357256
24849006,-0.766012,-0.004052,0.534469,0.357145
24857339,-0.759652,-0.001241,0.543443,0.357206
24865672,-0.750393,0.002232,0.556511,0.356653
24874005,-0.740085,0.006604,0.569992,0.356848
24882338,-0.728807,0.010790,0.584140,0.357078
24890671,-0.723886,0.012361,0.590176,0.357111
24899004,-0.725251,0.012058,0.588507,0.357105
24907337,-0.728045,0.011033,0.585313,0.356703
24915670,-0.729300,0.010108,0.584187,0.356014
24924003,-0.726614,0.010158,0.587308,0.356368
24932336,-0.727174,0.010786,0.586825,0.356003
24940669,-0.727373,0.011207,0.586294,0.356458
24949002,-0.727481,0.011417,0.586103,0.356547
24957335,-0.728108,0.011189,0.585542,0.356194
24965668,-0.728696,0.010855,0.584659,0.356453
24974001,-0.728500,0.010823,0.585086,0.356154
24982334,-0.728980,0.010261,0.584520,0.356116
24990667,-0.728423,0.011005,0.585213,0.356097
24999000,-0.729492,0.010525,0.583623,0.356531
25007333,-0.729333,0.010453,0.583868,0.356458
25015666,-0.728791,0.010563,0.584394,0.356701
25023999,-0.727177,0.011186,0.587057,0.355602
25032332,-0.729135,0.010404,0.584180,0.356353
25040665,-0.729289,0.010444,0.583872,0.356542
25048998,-0.729417,0.010388,0.583707,0.356551
25057331,-0.728852,0.010524,0.584704,0.356069
25065664,-0.730175,0.009983,0.582848,0.356417
25073997,-0.730588,0.009862,0.582285,0.356494
25082330,-0.729065,0.010414,0.584458,0.356039
25090663,-0.728095,0.010461,0.585562,0.356209
25098996,-0.727989,0.010591,0.585657,0.356266
25107329,-0.728901,0.010600,0.584691,0.355989
25115662,-0.728906,0.010702,0.584336,0.356558
25123995,-0.727886,0.010874,0.585796,0.356241
25132328,-0.728143,0.010456,0.585553,0.356127
25140661,-0.728479,0.010875,0.585110,0.356154
25148994,-0.728834,0.010695,0.584598,0.356274
25157327,-0.730039,0.010108,0.582995,0.356453
25165660,-0.729882,0.010379,0.583290,0.356284
25173993,-0.730742,0.010177,0.582218,0.356278
25182326,-0.728776,0.010546,0.584751,0.356148
25190659,-0.728243,0.010718,0.585454,0.356078
25198992,-0.729512,0.010386,0.583685,0.356392
25207325,-0.728903,0.010530,0.584416,0.356436
25215658,-0.729195,0.010335,0.584304,0.356029
25223991,-0.728254,0.010836,0.585367,0.356194
25232324,-0.729317,0.010841,0.583551,0.356998
25240657,-0.730184,0.010567,0.582674,0.356666
25248990,-0.730367,0.010387,0.582498,0.356584
25257323,-0.726417,0.009272,0.587556,0.356385
25265656,-0.729240,0.009843,0.584050,0.356368
25273989,-0.730465,0.010179,0.582440,0.356484
25282322,-0.729277,0.010672,0.584079,0.356219
25290655,-0.725745,0.009543,0.588597,0.356030
25298988,-0.728476,0.009520,0.585257,0.355959
25307321,-0.726794,0.008465,0.587268,0.356111
25315654,-0.728839,0.009838,0.584577,0.356324
25323987,-0.729012,0.010620,0.584391,0.356252
25332320,-0.725241,0.009772,0.589221,0.356019
25340653,-0.728167,0.010076,0.585714,0.355823
25348986,-0.728588,0.010603,0.585099,0.355959
25357319,-0.729624,0.010377,0.583857,0.355882
25365652,-0.728552,0.011376,0.585268,0.355730
25373985,-0.728920,0.010456,0.584586,0.356126
25382318,-0.728084,0.011302,0.585901,0.355648
25390651,-0.728203,0.010870,0.585705,0.355742
25398984,-0.728180,0.010850,0.585606,0.355952
25407317,-0.728587,0.010834,0.585159,0.355854
25415650,-0.728509,0.011001,0.585065,0.356164
25423983,-0.728375,0.011140,0.585237,0.356151
25432316,-0.729179,0.009756,0.584363,0.355982
25440649,-0.728522,0.010602,0.585199,0.355930
25448982,-0.728618,0.010540,0.585043,0.355990
25457315,-0.728728,0.010817,0.584806,0.356147
25465648,-0.726196,0.009592,0.587810,0.356409
25473981,-0.725845,0.009627,0.588319,0.356281
25482314,-0.728801,0.010557,0.584459,0.356574
25490647,-0.728938,0.010907,0.584438,0.356317
25498980,-0.729093,0.011088,0.584156,0.356458
25507313,-0.729883,0.010869,0.583261,0.356314
25515646,-0.728400,0.011672,0.585404,0.355808
25523979,-0.729454,0.010583,0.584032,0.355938
25532312,-0.725350,0.009690,0.588971,0.356212
25540645,-0.724774,0.009233,0.589825,0.355982
25548978,-0.726363,0.008614,0.587751,0.356190
25557311,-0.725828,0.008921,0.588289,0.356384
25565644,-0.728858,0.010496,0.584568,0.356281
25573977,-0.729632,0.010818,0.583610,0.356258
25582310,-0.729921,0.011006,0.582893,0.356833
25590643,-0.728712,0.011686,0.584425,0.356778
25598976,-0.729758,0.010568,0.583208,0.356666
25607309,-0.729001,0.010429,0.584287,0.356450
25615642,-0.726290,0.009115,0.587671,0.356458
25623975,-0.728574,0.010266,0.584564,0.356874
25632308,-0.725626,0.009224,0.588608,0.356261
25640641,-0.727967,0.010583,0.585638,0.356342
25648974,-0.728585,0.010910,0.584809,0.356430
25657307,-0.728906,0.010990,0.584303,0.356604
25665640,-0.728143,0.010864,0.585398,0.356368
25673973,-0.728447,0.010558,0.585132,0.356194
25682306,-0.728366,0.010459,0.585308,0.356073
25690639,-0.728151,0.010561,0.585578,0.356066
25698972,-0.728094,0.010785,0.585624,0.356100
25707305,-0.728205,0.010702,0.585408,0.356232
25715638,-0.728231,0.010889,0.585278,0.356386
25723971,-0.728288,0.010620,0.585371,0.356124
25732304,-0.728393,0.010767,0.585241,0.356120
25740637,-0.725383,0.009662,0.589046,0.356022
25748970,-0.724667,0.008952,0.589882,0.356113
25757303,-0.724471,0.008995,0.590105,0.356142
25765636,-0.724347,0.009461,0.590226,0.356180
25773969,-0.724515,0.009178,0.590081,0.356087
25782302,-0.728190,0.010194,0.585501,0.356124
25790635,-0.726593,0.008994,0.587771,0.355679
25798968,-0.728864,0.010162,0.584870,0.355781
25807301,-0.725951,0.009299,0.588484,0.355802
25815634,-0.728059,0.010136,0.585733,0.356012
25823967,-0.728831,0.010313,0.584802,0.355958
25832300,-0.726266,0.009064,0.587912,0.356112
25840633,-0.727982,0.010245,0.585790,0.356073
25848966,-0.729475,0.010419,0.584027,0.355907
25857299,-0.729252,0.010635,0.584117,0.356211
25865632,-0.728524,0.010754,0.585082,0.356113
25873965,-0.728487,0.010593,0.585208,0.355986
25882298,-0.728850,0.010837,0.584586,0.356258
25890631,-0.728581,0.010876,0.584935,0.356232
25898964,-0.729139,0.010639,0.584372,0.356022
25907297,-0.726371,0.009423,0.587835,0.356014
25915630,-0.725106,0.008899,0.589277,0.356223
25923963,-0.729383,0.009922,0.583906,0.356308
25932296,-0.729639,0.010529,0.583569,0.356320
25940629,-0.729202,0.010962,0.584039,0.356431
25948962,-0.729317,0.010581,0.583949,0.356353
25957295,-0.726602,0.009140,0.587488,0.356123
25965628,-0.729380,0.009810,0.584051,0.356080
25973961,-0.730768,0.010391,0.582047,0.356499
25982294,-0.730843,0.010230,0.582091,0.356277
25990627,-0.729667,0.010368,0.583560,0.356281
25998960,-0.727849,0.008901,0.585849,0.356284
26007293,-0.730617,0.009716,0.582255,0.356488
26015626,-0.727828,0.008806,0.586093,0.355925
26023959,-0.729426,0.010122,0.583909,0.356210
26032292,-0.730202,0.010391,0.582852,0.356343
26040625,-0.730519,0.010247,0.582585,0.356134
26048958,-0.730471,0.010088,0.582365,0.356596
26057291,-0.729549,0.010565,0.583660,0.356353
26065624,-0.727830,0.009049,0.585788,0.356419
26073957,-0.730591,0.009771,0.582297,0.356470
26082290,-0.727607,0.009129,0.586418,0.355835
26090623,-0.729275,0.010391,0.584046,0.356286
26098956,-0.727018,0.009445,0.586919,0.356205
26107289,-0.729457,0.010111,0.583800,0.356325
26115622,-0.731032,0.009997,0.581777,0.356410
26123955,-0.727968,0.008809,0.585896,0.355965
26132288,-0.725893,0.008797,0.588431,0.356020
26140621,-0.726347,0.008482,0.587788,0.356166
26148954,-0.725657,0.008761,0.588474,0.356431
26157287,-0.725708,0.008732,0.588652,0.356035
26165620,-0.725237,0.008630,0.589099,0.356259
26173953,-0.724695,0.008694,0.589899,0.356036
26182286,-0.724245,0.008628,0.590511,0.355938
26190619,-0.724165,0.008651,0.590512,0.356097
26198952,-0.723942,0.008628,0.590805,0.356066
26207285,-0.728717,0.010440,0.584474,0.356726
26215618,-0.727629,0.009990,0.586108,0.356278
26223951,-0.727106,0.008871,0.586778,0.356274
26232284,-0.725750,0.009140,0.588366,0.356411
26240617,-0.725402,0.008456,0.588874,0.356296
26248950,-0.728625,0.010285,0.584786,0.356405
26257283,-0.726348,0.009261,0.587812,0.356102
26265616,-0.726031,0.008709,0.587905,0.356610
26273949,-0.728037,0.010182,0.585629,0.356226
26282282,-0.726866,0.009202,0.587190,0.356075
26290615,-0.725571,0.008889,0.588710,0.356214
26298948,-0.725018,0.008883,0.589353,0.356275
26307281,-0.725041,0.008483,0.589579,0.355865
26315614,-0.725699,0.008131,0.588592,0.356166
26323947,-0.724650,0.008551,0.589981,0.355993
26332280,-0.724469,0.008839,0.589996,0.356331
26340613,-0.725646,0.007971,0.588754,0.356010
26348946,-0.725532,0.007833,0.589160,0.355574
26357279,-0.723986,0.008315,0.590979,0.355695
26365612,-0.728377,0.009448,0.585489,0.355781
26373945,-0.728661,0.010427,0.584992,0.355991
26382278,-0.728498,0.010620,0.585060,0.356205
26390611,-0.728043,0.010865,0.585718,0.356048
26398944,-0.729530,0.010590,0.583573,0.356536
26407277,-0.729071,0.010573,0.584201,0.356445
26415610,-0.729087,0.010692,0.583874,0.356943
26423943,-0.728234,0.010944,0.584966,0.356890
26432276,-0.727515,0.009858,0.586044,0.356618
26440609,-0.728397,0.009576,0.584845,0.356794
26448942,-0.727311,0.009389,0.585941,0.357217
26457275,-0.725865,0.009917,0.587760,0.357156
26465608,-0.726839,0.010431,0.586458,0.357300
26473941,-0.727322,0.009510,0.585786,0.357444
26482274,-0.727512,0.009164,0.585421,0.357666
26490607,-0.727172,0.009302,0.585729,0.357849
26498940,-0.728424,0.008522,0.584159,0.357889
26507273,-0.723331,0.007732,0.590650,0.357581
26515606,-0.726254,0.008509,0.586484,0.358496
26523939,-0.728433,0.008803,0.583244,0.359353
26532272,-0.727214,0.009684,0.584441,0.359854
26540605,-0.726921,0.009345,0.584706,0.360023
26548938,-0.728438,0.008454,0.582933,0.359857
26557271,-0.727358,0.009269,0.584060,0.360191
26565604,-0.727446,0.009461,0.583835,0.360374
26573937,-0.727723,0.008778,0.583522,0.360339
26582270,-0.727277,0.008931,0.583925,0.360582
26590603,-0.727801,0.008667,0.583195,0.360712
26598936,-0.728798,0.007485,0.581868,0.360870
26607269,-0.728313,0.008026,0.582263,0.361202
26615602,-0.728916,0.007166,0.581604,0.361064
26623935,-0.729361,0.006703,0.580977,0.361184
26632268,-0.724960,0.006528,0.586584,0.360984
26640601,-0.723010,0.006878,0.588899,0.361120
26648934,-0.724245,0.005993,0.587112,0.361570
26657267,-0.724209,0.006754,0.586987,0.361832
26665600,-0.723684,0.007120,0.587524,0.362003
26673933,-0.722069,0.007127,0.589346,0.362266
26682266,-0.725171,0.005591,0.585281,0.362688
26690599,-0.724287,0.006238,0.586009,0.363267
26698932,-0.723162,0.006146,0.587433,0.363209
26707265,-0.723988,0.005103,0.586293,0.363423
26715598,-0.724886,0.004469,0.585022,0.363688
26723931,-0.723771,0.004580,0.586386,0.363713
26732264,-0.722619,0.004479,0.587843,0.363651
26740597,-0.722681,0.004210,0.587516,0.364060
26748930,-0.723140,0.003965,0.586704,0.364459
26757263,-0.722981,0.003968,0.586790,0.364636
26765596,-0.722760,0.003697,0.586974,0.364781
26773929,-0.722622,0.003290,0.587076,0.364894
26782262,-0.723043,0.002914,0.586306,0.365301
26790595,-0.722617,0.002810,0.586795,0.365361
26798928,-0.723079,0.002433,0.585957,0.365794
26807261,-0.722367,0.002314,0.586622,0.366135
26815594,-0.722067,0.001782,0.586921,0.366252
26823927,-0.722034,0.001615,0.586767,0.366563
26832260,-0.722157,0.001244,0.586509,0.366735
26840593,-0.722393,0.000931,0.586026,0.367043
26848926,-0.722241,0.000635,0.585969,0.367434
26857259,-0.721384,0.000831,0.586854,0.367704
26865592,-0.720905,0.000741,0.587381,0.367804
26873925,-0.720085,0.000692,0.588313,0.367921
26882258,-0.720579,0.000199,0.587579,0.368127
26890591,-0.720884,0.000034,0.587054,0.368366
26898924,-0.720803,-0.000408,0.587031,0.368562
26907257,-0.720831,-0.000462,0.586935,0.368659
26915590,-0.720064,-0.000501,0.587797,0.368784
26923923,-0.720452,-0.000537,0.587176,0.369016
26932256,-0.722380,-0.000684,0.584515,0.369472
26940589,-0.721416,-0.001524,0.585594,0.369644
26948922,-0.720414,-0.000732,0.586915,0.369505
26957255,-0.720930,-0.001036,0.585910,0.370092
26965588,-0.719945,-0.001962,0.586921,0.370404
26973921,-0.719466,-0.002508,0.587388,0.370592
26982254,-0.719231,-0.002893,0.587544,0.370797
26990587,-0.719811,-0.003394,0.586434,0.371423
26998920,-0.719758,-0.003904,0.586442,0.371509
27007253,-0.717775,-0.003427,0.588821,0.371586
27015586,-0.718322,-0.003771,0.587840,0.372079
27023919,-0.718252,-0.003969,0.587522,0.372714
27032252,-0.718891,-0.004536,0.586430,0.373195
27040585,-0.718931,-0.004807,0.586400,0.373162
27048918,-0.717786,-0.005789,0.587797,0.373155
27057251,-0.719443,-0.007227,0.585775,0.373119
27065584,-0.719032,-0.007275,0.585972,0.373600
27073917,-0.719785,-0.007715,0.584749,0.374056
27082250,-0.719521,-0.007961,0.584842,0.374414
27090583,-0.718369,-0.007872,0.585934,0.374920
27098916,-0.719449,-0.008678,0.584493,0.375081
27107249,-0.719156,-0.008871,0.584651,0.375392
27115582,-0.719318,-0.008921,0.584464,0.375373
27123915,-0.718762,-0.008934,0.584916,0.375732
27132248,-0.718912,-0.009161,0.584353,0.376315
27140581,-0.718632,-0.009156,0.584530,0.376576
27148914,-0.718405,-0.009431,0.584637,0.376835
27157247,-0.718194,-0.009638,0.584800,0.376979
27165580,-0.718089,-0.009740,0.584798,0.377179
27173913,-0.719758,-0.010649,0.582608,0.377363
27182246,-0.719913,-0.011004,0.582311,0.377516
27190579,-0.719851,-0.011159,0.582276,0.377684
27198912,-0.718561,-0.010874,0.583727,0.377908
27207245,-0.716758,-0.009496,0.585896,0.378013
27215578,-0.716749,-0.009759,0.585883,0.378043
27223911,-0.719680,-0.011616,0.582199,0.378114
27232244,-0.718123,-0.011226,0.584060,0.378215
27240577,-0.719226,-0.011990,0.582598,0.378351
27248910,-0.719630,-0.012304,0.582055,0.378408
27257243,-0.718626,-0.012071,0.583078,0.378749
27265576,-0.719252,-0.012587,0.582334,0.378688
27273909,-0.718354,-0.012276,0.583338,0.378859
27282242,-0.718873,-0.012690,0.582685,0.378864
27290575,-0.719174,-0.013058,0.582295,0.378881
27298908,-0.718835,-0.012735,0.582628,0.379023
27307241,-0.718853,-0.013269,0.582675,0.378899
27315574,-0.718835,-0.013323,0.582605,0.379038
27323907,-0.718891,-0.013567,0.582571,0.378974
27332240,-0.719072,-0.013517,0.582350,0.378974
27340573,-0.718808,-0.013380,0.582662,0.378999
27348906,-0.718299,-0.013199,0.583290,0.379006
27357239,-0.717338,-0.013018,0.584367,0.379173
27365572,-0.717804,-0.013311,0.583853,0.379073
27373905,-0.718126,-0.013243,0.583432,0.379113
27382238,-0.718262,-0.013450,0.583282,0.379079
27390571,-0.718117,-0.013500,0.583474,0.379057
27398904,-0.718528,-0.013945,0.582881,0.379174
27407237,-0.718153,-0.013617,0.583338,0.379193
27415570,-0.718067,-0.013586,0.583457,0.379175
27423903,-0.718075,-0.013564,0.583389,0.379264
27432236,-0.718219,-0.013839,0.583191,0.379287
27440569,-0.717695,-0.013616,0.583914,0.379175
27448902,-0.717761,-0.013678,0.583917,0.379042
27457235,-0.717882,-0.013896,0.583727,0.379097
27465568,-0.718212,-0.013812,0.583267,0.379184
27473901,-0.717953,-0.013955,0.583716,0.378978
27482234,-0.718013,-0.014104,0.583629,0.378994
27490567,-0.719409,-0.014947,0.581955,0.378888
27498900,-0.720221,-0.015530,0.581011,0.378770
27507233,-0.719720,-0.014997,0.581496,0.379000
27515566,-0.716598,-0.013252,0.585515,0.378794
27523899,-0.716163,-0.014114,0.586019,0.378804
27532232,-0.717728,-0.014628,0.584217,0.378608
27540565,-0.718578,-0.014984,0.583075,0.378741
27548898,-0.717318,-0.014467,0.584676,0.378682
27557231,-0.718650,-0.015381,0.583115,0.378527
27565564,-0.718511,-0.015393,0.583152,0.378733
27573897,-0.716792,-0.014736,0.585206,0.378848
27582230,-0.716593,-0.014501,0.585409,0.378920
27590563,-0.716762,-0.014682,0.585029,0.379181
27598896,-0.716283,-0.014239,0.585463,0.379432
27607229,-0.716378,-0.014517,0.585347,0.379420
27615562,-0.717662,-0.015043,0.583807,0.379347
27623895,-0.717107,-0.014829,0.584346,0.379576
27632228,-0.716765,-0.014978,0.584675,0.379710
27640561,-0.717651,-0.015611,0.583707,0.379500
27648894,-0.716379,-0.014583,0.585102,0.379795
27657227,-0.715646,-0.014334,0.585958,0.379867
27665560,-0.717399,-0.015466,0.583840,0.379776
27673893,-0.716509,-0.014842,0.584788,0.380024
27682226,-0.715738,-0.013954,0.585487,0.380434
27690559,-0.716809,-0.014791,0.584283,0.380235
27698892,-0.716127,-0.014091,0.584968,0.380495
27707225,-0.714877,-0.013553,0.586330,0.380770
27715558,-0.715673,-0.014023,0.585367,0.380737
27723891,-0.715987,-0.014307,0.584998,0.380704
27732224,-0.716086,-0.014244,0.584779,0.380856
27740557,-0.715033,-0.013902,0.585891,0.381138
27748890,-0.716934,-0.013494,0.583603,0.381092
27757223,-0.716773,-0.014116,0.583845,0.381001
27765556,-0.716219,-0.014746,0.584487,0.381036
27773889,-0.716586,-0.015216,0.583998,0.381077
27782222,-0.716301,-0.015227,0.584312,0.381130
27790555,-0.715617,-0.014698,0.585041,0.381318
27798888,-0.715883,-0.014751,0.584668,0.381389
27807221,-0.715622,-0.014039,0.584918,0.381522
27815554,-0.715096,-0.014551,0.585602,0.381439
27823887,-0.716182,-0.015379,0.584320,0.381336
27832220,-0.716215,-0.015351,0.584193,0.381470
27840553,-0.716040,-0.014916,0.584397,0.381502
27848886,-0.716117,-0.015299,0.584364,0.381393
27857219,-0.716264,-0.015309,0.584294,0.381224
27865552,-0.715855,-0.015333,0.584800,0.381215
27873885,-0.715088,-0.014959,0.585634,0.381389
27882218,-0.714791,-0.014652,0.586047,0.381324
27890551,-0.715773,-0.015202,0.584857,0.381287
27898884,-0.716145,-0.015635,0.584386,0.381295
27907217,-0.717017,-0.015307,0.583338,0.381273
27915550,-0.715268,-0.015278,0.585376,0.381437
27923883,-0.716580,-0.015578,0.583853,0.381295
27932216,-0.716519,-0.015618,0.583945,0.381268
27940549,-0.715286,-0.015511,0.585347,0.381437
27948882,-0.715064,-0.015393,0.585567,0.381521
27957215,-0.715932,-0.015398,0.584491,0.381542
27965548,-0.715026,-0.015370,0.585597,0.381547
27973881,-0.715162,-0.015217,0.585445,0.381531
27982214,-0.715578,-0.015717,0.585012,0.381396
27990547,-0.716249,-0.016176,0.584179,0.381394
27998880,-0.715220,-0.015844,0.585374,0.381505
28007213,-0.715961,-0.016130,0.584483,0.381470
28015546,-0.716889,-0.016506,0.583182,0.381703
28023879,-0.715999,-0.016107,0.584175,0.381872
28032212,-0.716471,-0.016296,0.583767,0.381601
28040545,-0.716434,-0.016258,0.583789,0.381639
28048878,-0.715529,-0.016114,0.584721,0.381915
28057211,-0.716089,-0.016944,0.584375,0.381358
28065544,-0.717414,-0.017185,0.582579,0.381605
28073877,-0.715853,-0.016446,0.584339,0.381880
28082210,-0.716330,-0.016639,0.583642,0.382043
28090543,-0.715752,-0.016235,0.584425,0.381945
28098876,-0.716301,-0.017332,0.583738,0.381920
28107209,-0.715668,-0.016584,0.584480,0.382005
28115542,-0.715812,-0.016786,0.584148,0.382233
28123875,-0.716170,-0.016991,0.583639,0.382332
28132208,-0.716623,-0.017169,0.582965,0.382502
28140541,-0.715060,-0.016014,0.584911,0.382507
28148874,-0.715283,-0.016519,0.584722,0.382358
28157207,-0.715556,-0.016685,0.584282,0.382513
28165540,-0.715434,-0.016594,0.584311,0.382700
28173873,-0.717099,-0.017742,0.582560,0.382203
28182206,-0.716041,-0.016985,0.583776,0.382364
28190539,-0.716031,-0.016955,0.583655,0.382570
28198872,-0.715412,-0.016566,0.584499,0.382455
28207205,-0.715336,-0.016266,0.584567,0.382506
28215538,-0.716903,-0.017153,0.582799,0.382233
28223871,-0.716764,-0.017091,0.582889,0.382359
28232204,-0.716588,-0.016953,0.583114,0.382351
28240537,-0.715619,-0.016860,0.584201,0.382511
28248870,-0.715573,-0.016741,0.584256,0.382517
28257203,-0.715610,-0.016634,0.584318,0.382360
28265536,-0.715575,-0.016523,0.584240,0.382548
28273869,-0.716127,-0.017056,0.583543,0.382556
28282202,-0.715045,-0.016082,0.584829,0.382658
28290535,-0.716280,-0.016903,0.583555,0.382257
28298868,-0.717122,-0.017567,0.582692,0.381966
28307201,-0.716761,-0.017444,0.583159,0.381935
28315534,-0.717155,-0.017696,0.582428,0.382301
28323867,-0.715787,-0.016913,0.584098,0.382352
28332200,-0.714867,-0.016795,0.585292,0.382252
28340533,-0.714813,-0.016713,0.585379,0.382223
28348866,-0.716041,-0.017070,0.583860,0.382233
28357199,-0.716231,-0.017301,0.583698,0.382114
28365532,-0.714984,-0.016276,0.585033,0.382453
28373865,-0.715945,-0.016962,0.583945,0.382287
28382198,-0.716221,-0.017256,0.583511,0.382419
28390531,-0.715010,-0.016852,0.585118,0.382248
28398864,-0.716368,-0.017844,0.583688,0.381846
28407197,-0.715774,-0.017109,0.584251,0.382133
28415530,-0.715423,-0.016991,0.584641,0.382199
28423863,-0.715573,-0.017264,0.584631,0.381921
28432196,-0.714999,-0.017022,0.585269,0.382031
28440529,-0.714622,-0.016708,0.585664,0.382144
28448862,-0.716492,-0.017418,0.583476,0.381958
28457195,-0.715053,-0.016744,0.584957,0.382419
28465528,-0.716619,-0.017169,0.583216,0.382126
28473861,-0.714969,-0.016246,0.585229,0.382181
28482194,-0.714729,-0.016649,0.585582,0.382073
28490527,-0.715305,-0.016351,0.584693,0.382370
28498860,-0.716662,-0.017199,0.583115,0.382200
28507193,-0.715936,-0.016577,0.584009,0.382222
28515526,-0.715039,-0.016522,0.585176,0.382119
28523859,-0.715163,-0.017313,0.585199,0.381817
28532192,-0.715271,-0.017000,0.585063,0.381838
28540525,-0.716538,-0.016884,0.583524,0.381822
28548858,-0.715373,-0.016580,0.584876,0.381952
28557191,-0.715565,-0.016556,0.584718,0.381834
28565524,-0.716822,-0.017115,0.583025,0.382041
28573857,-0.716283,-0.017093,0.583797,0.381874
28582190,-0.715363,-0.016847,0.584825,0.382037
28590523,-0.715292,-0.016576,0.584757,0.382284
28598856,-0.715545,-0.016928,0.584520,0.382160
28607189,-0.716347,-0.016300,0.583643,0.382023
28615522,-0.715924,-0.016061,0.584326,0.381782
28623855,-0.716799,-0.016612,0.583301,0.381684
28632188,-0.715850,-0.016469,0.584334,0.381892
28640521,-0.715424,-0.016030,0.584930,0.381797
28648854,-0.715839,-0.016937,0.584745,0.381262
28657187,-0.714797,-0.016057,0.585754,0.381706
28665520,-0.715073,-0.016176,0.585417,0.381703
28673853,-0.714331,-0.015961,0.586310,0.381729
28682186,-0.715008,-0.016479,0.585604,0.381523
28690519,-0.714508,-0.016254,0.586257,0.381467
28698852,-0.715246,-0.015913,0.585417,0.381387
28707185,-0.715517,-0.016612,0.584803,0.381791
28715518,-0.715446,-0.016287,0.585028,0.381594
28723851,-0.715953,-0.016140,0.584463,0.381514
28732184,-0.716239,-0.016723,0.584214,0.381334
28740517,-0.715237,-0.016534,0.585329,0.381512
28748850,-0.715549,-0.016341,0.585038,0.381384
28757183,-0.715493,-0.016361,0.585084,0.381417
28765516,-0.715893,-0.016321,0.584576,0.381447
28773849,-0.715632,-0.016526,0.584950,0.381354
28782182,-0.715210,-0.016390,0.585399,0.381464
28790515,-0.715610,-0.016481,0.584873,0.381516
28798848,-0.716357,-0.015988,0.584051,0.381395
28807181,-0.716176,-0.016271,0.584263,0.381399
28815514,-0.715187,-0.015960,0.585488,0.381388
28823847,-0.716490,-0.016365,0.583942,0.381294
28832180,-0.717408,-0.016441,0.582872,0.381202
28840513,-0.715190,-0.015670,0.585432,0.381480
28848846,-0.715130,-0.015472,0.585515,0.381474
28857179,-0.715920,-0.015998,0.584593,0.381382
28865512,-0.715679,-0.016163,0.584945,0.381290
28873845,-0.714818,-0.015898,0.585958,0.381360
28882178,-0.714221,-0.015646,0.586671,0.381393
28890511,-0.716973,-0.016314,0.583393,0.381230
28898844,-0.715338,-0.015733,0.585370,0.381294
28907177,-0.715332,-0.015505,0.585373,0.381311
28915510,-0.716194,-0.015999,0.584380,0.381196
28923843,-0.715307,-0.015719,0.585435,0.381255
28932176,-0.716419,-0.015721,0.584141,0.381151
28940509,-0.716342,-0.015761,0.584267,0.381101
28948842,-0.714910,-0.015306,0.585912,0.381283
28957175,-0.714954,-0.015466,0.585887,0.381232
28965508,-0.715379,-0.015329,0.585390,0.381203
28973841,-0.716457,-0.016267,0.584272,0.380855
28982174,-0.715883,-0.016015,0.584945,0.380912
28990507,-0.716093,-0.016122,0.584624,0.381006
28998840,-0.715872,-0.016061,0.584904,0.380993
29007173,-0.716731,-0.016333,0.583724,0.381177
29015506,-0.715105,-0.015566,0.585627,0.381345
29023839,-0.715261,-0.015354,0.585542,0.381191
29032172,-0.714465,-0.015395,0.586505,0.381202
29040505,-0.715339,-0.015268,0.585463,0.381169
29048838,-0.716161,-0.015926,0.584496,0.381083
29057171,-0.715959,-0.016177,0.584675,0.381177
29065504,-0.714681,-0.015683,0.586162,0.381313
29073837,-0.715201,-0.015805,0.585604,0.381189
29082170,-0.715028,-0.015419,0.585797,0.381233
29090503,-0.715603,-0.015868,0.585150,0.381130
29098836,-0.716628,-0.016485,0.583984,0.380966
29107169,-0.715218,-0.015995,0.585610,0.381139
29115502,-0.715987,-0.016160,0.584733,0.381036
29123835,-0.716079,-0.016313,0.584635,0.381007
29132168,-0.714516,-0.015563,0.586537,0.381051
29140501,-0.714945,-0.015785,0.586127,0.380867
29148834,-0.714622,-0.015597,0.586391,0.381075
29157167,-0.715445,-0.016102,0.585403,0.381028
29165500,-0.716633,-0.016027,0.583915,0.381083
29173833,-0.715847,-0.016126,0.584873,0.381086
29182166,-0.715742,-0.016534,0.585084,0.380942
29190499,-0.715803,-0.016082,0.585015,0.380952
29198832,-0.714630,-0.015836,0.586364,0.381090
29207165,-0.714870,-0.015950,0.586159,0.380951
29215498,-0.716172,-0.016175,0.584545,0.380977
29223831,-0.715723,-0.016129,0.585098,0.380974
29232164,-0.715518,-0.016188,0.585452,0.380812
29240497,-0.715568,-0.016454,0.585314,0.380919
29248830,-0.714613,-0.015848,0.586373,0.381109
29257163,-0.714294,-0.015770,0.586794,0.381063
29265496,-0.714284,-0.015953,0.586812,0.381045
29273829,-0.714942,-0.016004,0.586079,0.380938
29282162,-0.716635,-0.015919,0.584094,0.380809
29290495,-0.715082,-0.015620,0.585909,0.380951
29298828,-0.715548,-0.015189,0.585307,0.381019
29307161,-0.715345,-0.015377,0.585485,0.381121
29315494,-0.714414,-0.015622,0.586641,0.381077
29323827,-0.715055,-0.015893,0.585891,0.381019
29332160,-0.715580,-0.016301,0.585193,0.381089
29340493,-0.715511,-0.016258,0.585352,0.380976
29348826,-0.715312,-0.016157,0.585664,0.380874
29357159,-0.716127,-0.016011,0.584670,0.380875
29365492,-0.715782,-0.015607,0.584978,0.381069
29373825,-0.715536,-0.016009,0.585310,0.381004
29382158,-0.716960,-0.016596,0.583776,0.380656
29390491,-0.715679,-0.016314,0.585185,0.380914
29398824,-0.714751,-0.015629,0.586258,0.381035
29407157,-0.715064,-0.016042,0.585901,0.380981
29415490,-0.715404,-0.016279,0.585514,0.380928
29423823,-0.714903,-0.016219,0.586046,0.381052
29432156,-0.715236,-0.015684,0.585661,0.381042
29440489,-0.714419,-0.015591,0.586641,0.381070
29448822,-0.715474,-0.016442,0.585437,0.380908
29457155,-0.715506,-0.016539,0.585483,0.380771
29465488,-0.715512,-0.016500,0.585442,0.380827
29473821,-0.715420,-0.016162,0.585495,0.380932
29482154,-0.715397,-0.016233,0.585561,0.380870
29490487,-0.715675,-0.016511,0.585227,0.380849
29498820,-0.715517,-0.016416,0.585491,0.380744
29507153,-0.714524,-0.016155,0.586605,0.380904
29515486,-0.715198,-0.016261,0.585825,0.380836
29523819,-0.715707,-0.016396,0.585224,0.380797
29532152,-0.716315,-0.016821,0.584469,0.380797
29540485,-0.715984,-0.016664,0.584838,0.380859
29548818,-0.715131,-0.016243,0.585797,0.381006
29557151,-0.715800,-0.016492,0.585049,0.380889
29565484,-0.716499,-0.017406,0.584484,0.380400
29573817,-0.716384,-0.017363,0.584630,0.380395
29582150,-0.715786,-0.016826,0.585287,0.380536
29590483,-0.715812,-0.016720,0.585208,0.380611
29598816,-0.715836,-0.016666,0.585142,0.380672
29607149,-0.717002,-0.016612,0.583828,0.380495
29615482,-0.716162,-0.016527,0.584790,0.380605
29623815,-0.714809,-0.016178,0.586345,0.380770
29632148,-0.715640,-0.016406,0.585393,0.380665
29640481,-0.716363,-0.016450,0.584594,0.380530
29648814,-0.715604,-0.015979,0.585523,0.380552
29657147,-0.717152,-0.017224,0.583673,0.380423
29665480,-0.716782,-0.016885,0.584199,0.380329
29673813,-0.716905,-0.016508,0.583907,0.380562
29682146,-0.716177,-0.015983,0.584717,0.380712
29690479,-0.716046,-0.016402,0.585088,0.380370
29698812,-0.716424,-0.016715,0.584680,0.380271
29707145,-0.716775,-0.017200,0.584524,0.379828
29715478,-0.717886,-0.017330,0.583193,0.379769
29723811,-0.719788,-0.017648,0.580696,0.379981
29732144,-0.723456,-0.019396,0.575990,0.380092
29740477,-0.726600,-0.021011,0.572037,0.379980
29748810,-0.730481,-0.022916,0.567375,0.379419
29757143,-0.735541,-0.025272,0.561038,0.378916
29765476,-0.739983,-0.027683,0.555620,0.378079
29773809,-0.747610,-0.031385,0.546305,0.376357
29782142,-0.755927,-0.036013,0.535718,0.374545
29790475,-0.762754,-0.039885,0.526863,0.372868
29798808,-0.769268,-0.043321,0.518191,0.371252
29807141,-0.775694,-0.048269,0.510345,0.368126
29815474,-0.784358,-0.053969,0.498813,0.364767
29823807,-0.792008,-0.059419,0.488317,0.361578
29832140,-0.799828,-0.066156,0.477976,0.356984
29840473,-0.808676,-0.073673,0.465790,0.351646
29848806,-0.815698,-0.079576,0.455895,0.347079
29857139,-0.818209,-0.082244,0.452410,0.345103
29865472,-0.820675,-0.083888,0.448646,0.343761
29873805,-0.822486,-0.085413,0.445695,0.342895
29882138,-0.824756,-0.086759,0.441742,0.342221
29890471,-0.825704,-0.087634,0.440137,0.341778
29898804,-0.825862,-0.088025,0.439924,0.341571
29907137,-0.824959,-0.087444,0.441693,0.341619
29915470,-0.823600,-0.085985,0.444167,0.342060
29923803,-0.821723,-0.084533,0.447357,0.342778
29932136,-0.819825,-0.082716,0.450304,0.343906
29940469,-0.817161,-0.080607,0.454676,0.344994
29948802,-0.814483,-0.078139,0.459138,0.345983
29957135,-0.811171,-0.075808,0.464431,0.347215
29965468,-0.807630,-0.073615,0.470181,0.348202
29973801,-0.804332,-0.071833,0.475401,0.349118
29982134,-0.801008,-0.069495,0.480986,0.349584
29990467,-0.798860,-0.067982,0.484087,0.350515
29998800,-0.794984,-0.065712,0.490555,0.350768
30007133,-0.790273,-0.063898,0.498131,0.351071
30015466,-0.783899,-0.060604,0.508509,0.351067
30023799,-0.778739,-0.057356,0.516923,0.350809
30032132,-0.773402,-0.054052,0.525614,0.350225
30040465,-0.768388,-0.051096,0.533176,0.350274
30048798,-0.761527,-0.047195,0.543408,0.350082
30057131,-0.755691,-0.044200,0.551248,0.350862
30065464,-0.751509,-0.042879,0.556360,0.351936
30073797,-0.750964,-0.042779,0.556789,0.352435
30082130,-0.751970,-0.043033,0.555535,0.352237
30090463,-0.753287,-0.042656,0.554074,0.351769
30098796,-0.753746,-0.042579,0.553851,0.351145
30107129,-0.754910,-0.042970,0.552156,0.351267
30115462,-0.753805,-0.042889,0.553536,0.351478
30123795,-0.753126,-0.042180,0.554303,0.351811
30132128,-0.753193,-0.041651,0.554194,0.351900
30140461,-0.753803,-0.042029,0.553519,0.351613
30148794,-0.754698,-0.042259,0.552242,0.351674
30157127,-0.754664,-0.041890,0.552204,0.351849
30165460,-0.755101,-0.042104,0.551828,0.351477
30173793,-0.755406,-0.042107,0.551463,0.351392
30182126,-0.755271,-0.041614,0.551677,0.351407
30190459,-0.755146,-0.041817,0.551948,0.351226
30198792,-0.755203,-0.042028,0.551967,0.351048
30207125,-0.755243,-0.041724,0.551911,0.351085
30215458,-0.755587,-0.042303,0.551547,0.350848
30223791,-0.755086,-0.041773,0.552253,0.350879
30232124,-0.755137,-0.042237,0.552210,0.350782
30240457,-0.755477,-0.042719,0.551849,0.350560
30248790,-0.754271,-0.041962,0.553702,0.350326
30257123,-0.754050,-0.041945,0.554069,0.350224
30265456,-0.755163,-0.042348,0.552704,0.349933
30273789,-0.756191,-0.042922,0.551269,0.349907
30282122,-0.756319,-0.043124,0.551420,0.349367
30290455,-0.755179,-0.043094,0.553255,0.348937
30298788,-0.756029,-0.043248,0.552351,0.348507
30307121,-0.755834,-0.043747,0.553143,0.347612
30315454,-0.753932,-0.042679,0.556047,0.347242
30323787,-0.753022,-0.042135,0.557540,0.346889
30332120,-0.751682,-0.040505,0.559317,0.347129
30340453,-0.749890,-0.039500,0.561835,0.347054
30348786,-0.744183,-0.037305,0.569791,0.346611
30357119,-0.741797,-0.036470,0.573333,0.345973
30365452,-0.738019,-0.035960,0.579081,0.344529
30373785,-0.733433,-0.034381,0.585947,0.342871
30382118,-0.727059,-0.032007,0.595239,0.340663
30390451,-0.722286,-0.029187,0.602658,0.338014
30398784,-0.717527,-0.028110,0.610508,0.334133
30407117,-0.718384,-0.031578,0.610328,0.332304
30415450,-0.716561,-0.032550,0.613998,0.329375
30423783,-0.704014,-0.026647,0.630035,0.326666
30432116,-0.694583,-0.021684,0.642230,0.323459
30440449,-0.682996,-0.016754,0.655932,0.320919
30448782,-0.667151,-0.008111,0.672829,0.319600
30457115,-0.648734,-0.000316,0.691518,0.317721
30465448,-0.634202,0.008667,0.705377,0.316475
30473781,-0.615184,0.016076,0.723022,0.313895
30482114,-0.594058,0.023830,0.741658,0.310598
30490447,-0.573860,0.034126,0.758698,0.306427
30498780,-0.555894,0.043710,0.773618,0.300977
30507113,-0.548701,0.047664,0.780231,0.296470
30515446,-0.544011,0.049209,0.785190,0.291732
30523779,-0.545119,0.047851,0.785744,0.288379
30532112,-0.548738,0.046258,0.784237,0.285866
30540445,-0.551857,0.043363,0.783059,0.283536
30548778,-0.559401,0.039897,0.777998,0.283193
30557111,-0.564590,0.037941,0.773949,0.284257
30565444,-0.570841,0.038732,0.767837,0.288214
30573777,-0.573292,0.038462,0.764339,0.292647
30582110,-0.576452,0.038357,0.760033,0.297628
30590443,-0.575149,0.041858,0.759271,0.301594
30598776,-0.572990,0.044503,0.759499,0.304736
30607109,-0.577348,0.044137,0.755015,0.307690
30615442,-0.581909,0.041110,0.750613,0.310276
30623775,-0.580463,0.038639,0.751136,0.312031
30632108,-0.584811,0.037426,0.746834,0.314378
30640441,-0.589200,0.030001,0.743298,0.315360
30648774,-0.591325,0.026001,0.741339,0.316347
30657107,-0.597033,0.016583,0.737303,0.315691
30665440,-0.601359,0.009812,0.734053,0.315336
30673773,-0.608233,-0.000313,0.728539,0.315092
30682106,-0.610509,-0.007952,0.726748,0.314726
30690439,-0.614710,-0.018987,0.722832,0.315097
30698772,-0.615292,-0.029851,0.722221,0.314518
30707105,-0.620098,-0.037749,0.718101,0.313663
30715438,-0.623250,-0.047992,0.714134,0.315070
30723771,-0.623145,-0.058459,0.712434,0.317349
30732104,-0.623825,-0.066982,0.709991,0.319793
30740437,-0.623478,-0.072799,0.709095,0.321187
30748770,-0.621274,-0.078368,0.709212,0.323875
30757103,-0.619078,-0.081678,0.709740,0.326098
30765436,-0.616722,-0.086527,0.710961,0.326653
30773769,-0.611563,-0.091472,0.713654,0.329123
30782102,-0.608626,-0.092742,0.715622,0.329936
30790435,-0.607093,-0.097733,0.716457,0.329509
30798768,-0.603085,-0.105528,0.718919,0.329101
30807101,-0.601116,-0.111956,0.720450,0.327227
30815434,-0.601897,-0.118439,0.719553,0.325478
30823767,-0.597283,-0.125766,0.723858,0.321661
30832100,-0.594780,-0.131875,0.726784,0.317224
30840433,-0.591622,-0.140149,0.729733,0.312781
30848766,-0.588581,-0.144052,0.733662,0.307509
30857099,-0.587662,-0.150668,0.734647,0.303721
30865432,-0.580947,-0.155574,0.741495,0.297462
30873765,-0.576133,-0.158311,0.746806,0.292042
30882098,-0.570522,-0.161585,0.752002,0.287902
30890431,-0.568446,-0.178872,0.751314,0.283552
30898764,-0.551750,-0.184376,0.763012,0.281762
30907097,-0.551920,-0.196165,0.761974,0.276224
30915430,-0.533126,-0.197808,0.775210,0.275133
30923763,-0.528590,-0.209892,0.776826,0.270331
30932096,-0.518759,-0.213312,0.784597,0.264186
30940429,-0.508813,-0.213536,0.794296,0.254177
30948762,-0.501069,-0.208170,0.804595,0.241290
30957095,-0.491917,-0.195704,0.817268,0.227576
30965428,-0.479969,-0.179497,0.831693,0.213772
30973761,-0.457792,-0.154500,0.852226,0.200667
30982094,-0.434883,-0.127828,0.871315,0.188006
30990427,-0.404786,-0.093032,0.891858,0.179114
30998760,-0.371441,-0.061325,0.910780,0.169562
31007093,-0.331307,-0.030475,0.929077,0.161629
31015426,-0.297525,-0.006184,0.942130,0.154375
31023759,-0.277119,0.015695,0.949288,0.147684
31032092,-0.262076,0.028314,0.953798,0.144163
31040425,-0.241934,0.041099,0.958580,0.144577
31048758,-0.232554,0.045428,0.959860,0.150076
31057091,-0.232450,0.043754,0.958809,0.157286
31065424,-0.225992,0.039465,0.958712,0.168052
31073757,-0.229189,0.034567,0.956028,0.179687
31082090,-0.236476,0.018438,0.951990,0.193533
31090423,-0.243846,0.003765,0.947229,0.208045
31098756,-0.255238,-0.011136,0.940802,0.222756
31107089,-0.266970,-0.029833,0.934151,0.234944
31115422,-0.279027,-0.041466,0.926364,0.249547
31123755,-0.285471,-0.063340,0.919715,0.261951
31132088,-0.296510,-0.085521,0.911128,0.273157
31140421,-0.305575,-0.098534,0.902970,0.285588
31148754,-0.318449,-0.113766,0.893164,0.296490
31157087,-0.319020,-0.128688,0.888039,0.305044
31165420,-0.321677,-0.143373,0.881584,0.314289
31173753,-0.330601,-0.164907,0.871612,0.322183
31182086,-0.338690,-0.183223,0.861704,0.330431
31190419,-0.348273,-0.202185,0.851796,0.335069
31198752,-0.356134,-0.220390,0.841146,0.342156
31207085,-0.363065,-0.233634,0.831888,0.348656
31215418,-0.368595,-0.251893,0.823696,0.349589
31223751,-0.380891,-0.272064,0.810002,0.353270
31232084,-0.390439,-0.295225,0.796244,0.355521
31240417,-0.394809,-0.309069,0.790091,0.352645
31248750,-0.397604,-0.325122,0.781512,0.354183
31257083,-0.400620,-0.340343,0.772261,0.356767
31265416,-0.389346,-0.345668,0.773491,0.361435
31273749,-0.394831,-0.361720,0.762012,0.364149
31282082,-0.395301,-0.375685,0.755082,0.363935
31290415,-0.412135,-0.403839,0.738422,0.348987
31298748,-0.420755,-0.418715,0.728059,0.342890
31307081,-0.413139,-0.435011,0.723568,0.341367
31315414,-0.422857,-0.455633,0.710909,0.328936
31323747,-0.437178,-0.476526,0.696866,0.310122
31332080,-0.437944,-0.506020,0.685912,0.285787
31340413,-0.436327,-0.517268,0.682729,0.275561
31348746,-0.427827,-0.541712,0.674826,0.261001
31357079,-0.418747,-0.553328,0.672697,0.256822
31365412,-0.400605,-0.577918,0.666934,0.246425
31373745,-0.395200,-0.596658,0.655651,0.240704
31382078,-0.375620,-0.606153,0.660243,0.235728
31390411,-0.359036,-0.614394,0.662841,0.232926
31398744,-0.349495,-0.620100,0.662718,0.232669
31407077,-0.344059,-0.629063,0.659616,0.225410
31415410,-0.337857,-0.632760,0.659444,0.224947
31423743,-0.328810,-0.633724,0.659196,0.236088
31432076,-0.320962,-0.632854,0.660780,0.244639
31440409,-0.317414,-0.635323,0.657368,0.251955
31448742,-0.318511,-0.643656,0.650172,0.248061
31457075,-0.317256,-0.644802,0.649291,0.248998
31465408,-0.318553,-0.640296,0.651844,0.252280
31473741,-0.327308,-0.643734,0.646734,0.245379
31482074,-0.333582,-0.641810,0.646285,0.243144
31490407,-0.340922,-0.643576,0.641142,0.241908
31498740,-0.348327,-0.645336,0.634253,0.244811
31507073,-0.354430,-0.654267,0.624987,0.236021
31515406,-0.356319,-0.658156,0.620994,0.232883
31523739,-0.357644,-0.659060,0.619922,0.231143
31532072,-0.359275,-0.661407,0.617761,0.227669
31540405,-0.347978,-0.655488,0.625927,0.239713
31548738,-0.333742,-0.648179,0.636363,0.252037
31557071,-0.340107,-0.649538,0.633425,0.247387
31565404,-0.337711,-0.651483,0.632440,0.248074
31573737,-0.339254,-0.641403,0.638534,0.256483
31582070,-0.323667,-0.650357,0.636671,0.258700
31590403,-0.336700,-0.624014,0.665063,0.234372
31598736,-0.338535,-0.631262,0.659930,0.226703
31607069,-0.331307,-0.621222,0.671432,0.231297
31615402,-0.327392,-0.621336,0.673080,0.231775
31623735,-0.322861,-0.630111,0.665083,0.237456
31632068,-0.309189,-0.632808,0.666733,0.243770
31640401,-0.303724,-0.635057,0.667434,0.242869
31648734,-0.293310,-0.633485,0.673785,0.242241
31657067,-0.285420,-0.635724,0.675688,0.240490
31665400,-0.277033,-0.635059,0.678507,0.244094
31673733,-0.266513,-0.631526,0.683612,0.250640
31682066,-0.257512,-0.627552,0.688392,0.256871
31690399,-0.253668,-0.624421,0.690408,0.262844
31698732,-0.254730,-0.621951,0.692320,0.262648
31707065,-0.259426,-0.624678,0.687661,0.263815
31715398,-0.255046,-0.621792,0.689795,0.269274
31723731,-0.253114,-0.619670,0.691086,0.272658
31732064,-0.253130,-0.618298,0.690985,0.275993
31740397,-0.251465,-0.622100,0.689005,0.273915
31748730,-0.254846,-0.625778,0.685393,0.271461
31757063,-0.255642,-0.624066,0.686298,0.272369
31765396,-0.258817,-0.622434,0.685995,0.273861
31773729,-0.264089,-0.626140,0.681559,0.271446
31782062,-0.268562,-0.629345,0.678335,0.267696
31790395,-0.270035,-0.629164,0.677735,0.268159
31798728,-0.271707,-0.628479,0.677353,0.269040
31807061,-0.269961,-0.642582,0.669417,0.257080
31815394,-0.270868,-0.649032,0.664824,0.251787
31823727,-0.272830,-0.648554,0.663641,0.254013
31832060,-0.274283,-0.644829,0.664932,0.258513
31840393,-0.275647,-0.632691,0.671361,0.270178
31848726,-0.277626,-0.628926,0.673298,0.272114
31857059,-0.277024,-0.628195,0.674492,0.271458
31865392,-0.277831,-0.627741,0.674636,0.271324
31873725,-0.278539,-0.627517,0.674759,0.270812
31882058,-0.278192,-0.628400,0.674434,0.269928
31890391,-0.278338,-0.630241,0.673778,0.267110
31898724,-0.276924,-0.631245,0.673997,0.265652
31907057,-0.277603,-0.632501,0.673115,0.264189
31915390,-0.277885,-0.632855,0.672981,0.263384
31923723,-0.278073,-0.632719,0.673277,0.262755
31932056,-0.277305,-0.633009,0.673541,0.262191
31940389,-0.277594,-0.632067,0.674240,0.262362
31948722,-0.278390,-0.632205,0.674252,0.261150
31957055,-0.279248,-0.630710,0.675054,0.261779
31965388,-0.279812,-0.629262,0.676014,0.262182
31973721,-0.280340,-0.628452,0.676632,0.261966
31982054,-0.280193,-0.627733,0.677161,0.262480
31990387,-0.279181,-0.625138,0.679238,0.264380
31998720,-0.278693,-0.625209,0.679304,0.264557
32007053,-0.278959,-0.624221,0.679168,0.266947
32015386,-0.277198,-0.622544,0.680413,0.269515
32023719,-0.274773,-0.621706,0.682076,0.269729
32032052,-0.274040,-0.623691,0.681057,0.268465
32040385,-0.269964,-0.623655,0.682328,0.269448
32048718,-0.268171,-0.621177,0.685077,0.269987
32057051,-0.267759,-0.621423,0.686160,0.267062
32065384,-0.265459,-0.622230,0.687846,0.263117
32073717,-0.262717,-0.618530,0.693022,0.261000
32082050,-0.261903,-0.618577,0.694965,0.256500
32090383,-0.261664,-0.624086,0.692882,0.248923
32098716,-0.259637,-0.626136,0.693644,0.243721
32107049,-0.267007,-0.624651,0.697537,0.227948
32115382,-0.276210,-0.631655,0.691623,0.215354
32123714,-0.274676,-0.636568,0.689082,0.210953
32132047,-0.276404,-0.631448,0.695533,0.202753
32140380,-0.282634,-0.641422,0.681979,0.208807
32148714,-0.286834,-0.647055,0.674517,0.209936
32157047,-0.289033,-0.648266,0.671174,0.213861
32165380,-0.287562,-0.638244,0.686014,0.198337
32173713,-0.285834,-0.632500,0.692917,0.195216
32182046,-0.279224,-0.630971,0.692932,0.209176
32190379,-0.277659,-0.633327,0.691033,0.210418
32198712,-0.279534,-0.640388,0.685125,0.205836
32207045,-0.280698,-0.642357,0.682917,0.205450
32215378,-0.281900,-0.644020,0.680772,0.205716
32223711,-0.285457,-0.643383,0.679074,0.208401
32232044,-0.287532,-0.646438,0.675452,0.207866
32240377,-0.288924,-0.649325,0.672224,0.207401
32248710,-0.284575,-0.633244,0.686105,0.217438
32257043,-0.287901,-0.633591,0.685233,0.214783
32265376,-0.288456,-0.634784,0.684544,0.212699
32273709,-0.294135,-0.633451,0.687417,0.199207
32282041,-0.296584,-0.632392,0.688273,0.195958
32290374,-0.296516,-0.630382,0.690831,0.193520
32298707,-0.297445,-0.628931,0.691807,0.193328
32307040,-0.297519,-0.621339,0.698942,0.192093
32315374,-0.298672,-0.617392,0.701538,0.193562
32323707,-0.297013,-0.618058,0.698641,0.204178
32332040,-0.299426,-0.620202,0.695028,0.206470
32340373,-0.309522,-0.624439,0.688048,0.202146
32348706,-0.312308,-0.612030,0.694773,0.212540
32357039,-0.307586,-0.616197,0.695477,0.204947
32365372,-0.305842,-0.612190,0.695574,0.218772
32373705,-0.297464,-0.629277,0.685874,0.212376
32382038,-0.298689,-0.635081,0.680544,0.210514
32390371,-0.296615,-0.642816,0.675129,0.207384
32398704,-0.297351,-0.641026,0.675121,0.211847
32407037,-0.297448,-0.638784,0.676607,0.213732
32415370,-0.299568,-0.640905,0.674961,0.209590
32423703,-0.300649,-0.642354,0.673391,0.208653
32432036,-0.303115,-0.643288,0.672173,0.206120
32440369,-0.302831,-0.645652,0.670549,0.204427
32448701,-0.299987,-0.638057,0.690079,0.163348
32457034,-0.298945,-0.638399,0.691458,0.158003
32465367,-0.291519,-0.634056,0.696431,0.167252
32473701,-0.290845,-0.641233,0.691173,0.162818
32482034,-0.292609,-0.646062,0.686306,0.161148
32490367,-0.292295,-0.650607,0.681016,0.165804
32498700,-0.298446,-0.645488,0.683608,0.164182
32507033,-0.297136,-0.644694,0.683444,0.170243
32515366,-0.295239,-0.645267,0.682419,0.175408
32523699,-0.296583,-0.645571,0.680827,0.178188
32532032,-0.297682,-0.644927,0.680592,0.179582
32540365,-0.298386,-0.645053,0.680187,0.179495
32548698,-0.298635,-0.646176,0.679170,0.178890
32557031,-0.299202,-0.645084,0.682345,0.169559
32565364,-0.297766,-0.644392,0.681801,0.176755
32573697,-0.297184,-0.644305,0.680451,0.183137
32582030,-0.297681,-0.645742,0.677487,0.188189
32590363,-0.297279,-0.646278,0.676766,0.189572
32598696,-0.299430,-0.646964,0.675414,0.188667
32607028,-0.297626,-0.648499,0.676821,0.181058
32615361,-0.298331,-0.646383,0.678763,0.180190
32623694,-0.295209,-0.643950,0.680389,0.187750
32632028,-0.296474,-0.644616,0.680456,0.183174
32640361,-0.297863,-0.645226,0.679097,0.183817
32648694,-0.295888,-0.644902,0.678236,0.191176
32657027,-0.295774,-0.646681,0.675884,0.193656
32665360,-0.296974,-0.643852,0.680389,0.185290
32673693,-0.297530,-0.643656,0.680229,0.185665
32682026,-0.297736,-0.643221,0.680466,0.185972
32690359,-0.295689,-0.641522,0.682067,0.189215
32698692,-0.296717,-0.642249,0.679303,0.194993
32707025,-0.297953,-0.643173,0.677126,0.197617
32715358,-0.294505,-0.635527,0.686374,0.195611
32723691,-0.293400,-0.637058,0.685509,0.195323
32732024,-0.294288,-0.639063,0.682626,0.197519
32740357,-0.293877,-0.639041,0.682044,0.200194
32748690,-0.294489,-0.632836,0.686229,0.204658
32757023,-0.296913,-0.636890,0.685344,0.191092
32765355,-0.298089,-0.638935,0.683950,0.187397
32773688,-0.296574,-0.630732,0.689844,0.195797
32782021,-0.296501,-0.627529,0.691396,0.200665
32790355,-0.298474,-0.637008,0.684137,0.192591
32798688,-0.297568,-0.639708,0.683021,0.188969
32807021,-0.298576,-0.640043,0.682415,0.188433
32815354,-0.298448,-0.639927,0.682304,0.189427
32823687,-0.300642,-0.640021,0.681484,0.188591
32832020,-0.301676,-0.642281,0.679151,0.187673
32840353,-0.303184,-0.642323,0.678623,0.187010
32848686,-0.304398,-0.642928,0.677661,0.186440
32857019,-0.303808,-0.643377,0.677348,0.186994
32865352,-0.304152,-0.643968,0.676630,0.186999
32873685,-0.305044,-0.644566,0.675810,0.186448
32882018,-0.304439,-0.644633,0.675790,0.187277
32890351,-0.304995,-0.645082,0.675200,0.186954
32898684,-0.305451,-0.645337,0.674703,0.187123
32907017,-0.304715,-0.643028,0.676599,0.189411
32915350,-0.303026,-0.641379,0.678166,0.192094
32923683,-0.303134,-0.641083,0.678206,0.192767
32932015,-0.304408,-0.640231,0.677786,0.195053
32940348,-0.303293,-0.639503,0.677961,0.198540
32948681,-0.302480,-0.640178,0.677873,0.197905
32957015,-0.301108,-0.640167,0.678192,0.198936
32965348,-0.304834,-0.638922,0.677690,0.198977
32973681,-0.304141,-0.638638,0.677471,0.201675
32982014,-0.304910,-0.638582,0.677611,0.200216
32990347,-0.303152,-0.638870,0.678262,0.199760
32998680,-0.302555,-0.639544,0.678134,0.198944
33007013,-0.302868,-0.639915,0.677750,0.198583
33015346,-0.302732,-0.641103,0.677197,0.196835
33023679,-0.301605,-0.641180,0.677085,0.198689
33032012,-0.302566,-0.640123,0.677529,0.199123
33040345,-0.302801,-0.639351,0.677898,0.199990
33048678,-0.301803,-0.638524,0.678400,0.202426
33057011,-0.301310,-0.638166,0.678544,0.203801
33065344,-0.299761,-0.639281,0.678133,0.203957
33073677,-0.300536,-0.638470,0.678120,0.205395
33082010,-0.300184,-0.638161,0.678309,0.206243
33090342,-0.299576,-0.639803,0.677568,0.204468
33098675,-0.298537,-0.640494,0.677943,0.202572
33107008,-0.297899,-0.640132,0.677943,0.204647
33115342,-0.296647,-0.641339,0.677450,0.204316
33123675,-0.297910,-0.641520,0.676781,0.204130
33132008,-0.298921,-0.641635,0.676077,0.204623
33140341,-0.300093,-0.641653,0.675449,0.204926
33148674,-0.300947,-0.641927,0.674656,0.205426
33157007,-0.300914,-0.642873,0.673759,0.205458
33165340,-0.299463,-0.643724,0.673487,0.205807
33173673,-0.301811,-0.644675,0.671844,0.204770
33182006,-0.302754,-0.646034,0.670178,0.204552
33190339,-0.302920,-0.647070,0.669234,0.204121
33198672,-0.304193,-0.646279,0.669144,0.205029
33207005,-0.304180,-0.647891,0.668117,0.203301
33215338,-0.304615,-0.648345,0.667734,0.202461
33223671,-0.304036,-0.649072,0.667294,0.202452
33232004,-0.304967,-0.650230,0.666149,0.201101
33240337,-0.304399,-0.650446,0.666228,0.201004
33248669,-0.304689,-0.649377,0.666947,0.201634
33257002,-0.304966,-0.649165,0.667024,0.201642
33265335,-0.303520,-0.649160,0.667737,0.201483
33273669,-0.305714,-0.650405,0.666093,0.199581
33282002,-0.304751,-0.644152,0.671444,0.203366
33290335,-0.305760,-0.647608,0.668336,0.201101
33298668,-0.309116,-0.650632,0.664825,0.197821
33307001,-0.310488,-0.645014,0.668494,0.201667
33315334,-0.308626,-0.642179,0.671339,0.204110
33323667,-0.309636,-0.640389,0.672314,0.204990
33332000,-0.309270,-0.639766,0.673252,0.204408
33340333,-0.310282,-0.640091,0.672745,0.203524
33348666,-0.312258,-0.646674,0.667164,0.197989
33356999,-0.311588,-0.648810,0.665450,0.197828
33365332,-0.309576,-0.649101,0.665804,0.198837
33373665,-0.308913,-0.649249,0.665973,0.198819
33381998,-0.309044,-0.649303,0.665916,0.198628
33390331,-0.308101,-0.650188,0.665677,0.197998
33398664,-0.304980,-0.642602,0.672815,0.203397
33406997,-0.307348,-0.647840,0.667874,0.199463
33415329,-0.307657,-0.650254,0.665712,0.198357
33423662,-0.307611,-0.649613,0.665847,0.200063
33431995,-0.308829,-0.650966,0.664290,0.198966
33440329,-0.309177,-0.650504,0.664158,0.200373
33448662,-0.306807,-0.650527,0.665096,0.200824
33456995,-0.307539,-0.651405,0.664195,0.199839
33465328,-0.307637,-0.651906,0.663619,0.199971
33473661,-0.307572,-0.651645,0.663824,0.200239
33481994,-0.302482,-0.642094,0.673192,0.207443
33490327,-0.309664,-0.648691,0.665842,0.199906
33498660,-0.309894,-0.651156,0.663638,0.198859
33506993,-0.309932,-0.644657,0.668408,0.203935
33515326,-0.311083,-0.647875,0.665410,0.201780
33523659,-0.310743,-0.649257,0.664507,0.200835
33531992,-0.310853,-0.649506,0.664328,0.200451
33540325,-0.310111,-0.649765,0.664715,0.199475
33548658,-0.308246,-0.643831,0.669714,0.204815
33556991,-0.310736,-0.647677,0.665859,0.201466
33565324,-0.310511,-0.650236,0.664044,0.199551
33573657,-0.311137,-0.650974,0.663338,0.198519
33581990,-0.310330,-0.650363,0.664036,0.199447
33590323,-0.310281,-0.650130,0.664239,0.199608
33598656,-0.312900,-0.650715,0.662904,0.198045
33606989,-0.313074,-0.650848,0.662595,0.198367
33615322,-0.313268,-0.648877,0.663745,0.200662
33623655,-0.315204,-0.648727,0.663044,0.200429
33631988,-0.315422,-0.649555,0.662385,0.199584
33640321,-0.316191,-0.649541,0.662102,0.199351
33648654,-0.317173,-0.648845,0.662190,0.199766
33656987,-0.316946,-0.648359,0.662519,0.200609
33665320,-0.317084,-0.648139,0.662550,0.201000
33673653,-0.317215,-0.648379,0.662313,0.200802
33681986,-0.315073,-0.646885,0.664374,0.202177
33690319,-0.315843,-0.647190,0.663809,0.201853
33698652,-0.316731,-0.646554,0.664116,0.201492
33706985,-0.317295,-0.645900,0.664345,0.201946
33715318,-0.317236,-0.645869,0.664382,0.202020
33723651,-0.317197,-0.644479,0.665426,0.203077
33731984,-0.317871,-0.645033,0.664777,0.202393
33740317,-0.318522,-0.645134,0.664422,0.202211
33748650,-0.318973,-0.644914,0.664383,0.202330
33756983,-0.318695,-0.644903,0.664401,0.202741
33765316,-0.318352,-0.643723,0.665552,0.203259
33773649,-0.319728,-0.643900,0.664972,0.202435
33781982,-0.319974,-0.644167,0.664618,0.202357
33790315,-0.317293,-0.643356,0.666349,0.203462
33798648,-0.318159,-0.643212,0.666063,0.203503
33806981,-0.319559,-0.644278,0.664629,0.202622
33815314,-0.319352,-0.645248,0.663880,0.202319
33823647,-0.319404,-0.645027,0.664027,0.202459
33831980,-0.319945,-0.644104,0.664882,0.201736
33840313,-0.318655,-0.643427,0.665615,0.203513
33848646,-0.319738,-0.644007,0.664701,0.202966
33856979,-0.319227,-0.643335,0.665570,0.203055
33865312,-0.320093,-0.643793,0.664709,0.203058
33873645,-0.320244,-0.644327,0.664240,0.202661
33881978,-0.318790,-0.643425,0.665542,0.203546
33890311,-0.319946,-0.643833,0.664832,0.202761
33898644,-0.320757,-0.644040,0.664369,0.202340
33906977,-0.319609,-0.643533,0.665237,0.202916
33915310,-0.321359,-0.643485,0.664658,0.202202
33923643,-0.320360,-0.645406,0.663687,0.200848
33931976,-0.318383,-0.644326,0.664992,0.203132
33940309,-0.319910,-0.644197,0.664501,0.202745
33948642,-0.319331,-0.643001,0.665801,0.203190
33956975,-0.320463,-0.644141,0.664333,0.202603
33965308,-0.320400,-0.644376,0.664199,0.202391
33973641,-0.318122,-0.645824,0.664031,0.201923
33981974,-0.320206,-0.645175,0.663605,0.202103
33990307,-0.320477,-0.645912,0.663029,0.201209
33998640,-0.321617,-0.645335,0.662979,0.201406
34006973,-0.321416,-0.645155,0.663142,0.201766
34015306,-0.320337,-0.644940,0.663673,0.202423
34023639,-0.318851,-0.645956,0.663353,0.202577
34031972,-0.319170,-0.645597,0.663491,0.202769
34040305,-0.319113,-0.645624,0.663522,0.202671
34048638,-0.320730,-0.646240,0.662439,0.201694
34056971,-0.320612,-0.647192,0.661833,0.200814
34065304,-0.318814,-0.646689,0.662699,0.202439
34073637,-0.319374,-0.646976,0.662190,0.202304
34081970,-0.319886,-0.647062,0.661889,0.202207
34090303,-0.320238,-0.646764,0.661947,0.202409
34098636,-0.319400,-0.647591,0.661761,0.201700
34106969,-0.319270,-0.647540,0.661951,0.201443
34115302,-0.318358,-0.646864,0.662640,0.202787
34123635,-0.319468,-0.646871,0.662252,0.202288
34131968,-0.317502,-0.647389,0.662657,0.202401
34140301,-0.319248,-0.647014,0.662253,0.202177
34148634,-0.319984,-0.647082,0.661767,0.202384
34156967,-0.319889,-0.647000,0.661794,0.202709
34165300,-0.319519,-0.646336,0.662468,0.203209
34173633,-0.320242,-0.646445,0.662075,0.203005
34181966,-0.319903,-0.646862,0.661907,0.202756
34190299,-0.320247,-0.647363,0.661435,0.202153
34198632,-0.319917,-0.647118,0.661710,0.202562
34206965,-0.320423,-0.646983,0.661532,0.202774
34215298,-0.318417,-0.646149,0.662799,0.204451
34223631,-0.319579,-0.646979,0.661834,0.203132
34231964,-0.320262,-0.646779,0.661714,0.203086
34240297,-0.318234,-0.646515,0.662897,0.203255
34248630,-0.320016,-0.646431,0.662053,0.203474
34256963,-0.320377,-0.646531,0.661733,0.203632
34265296,-0.320276,-0.646586,0.661656,0.203865
34273629,-0.320323,-0.646456,0.661710,0.204030
34281962,-0.320546,-0.646866,0.661362,0.203506
34290295,-0.319193,-0.646575,0.662070,0.204255
34298628,-0.318992,-0.645837,0.662614,0.205138
34306961,-0.320083,-0.646198,0.661941,0.204475
34315294,-0.319836,-0.645837,0.662273,0.204924
34323627,-0.321347,-0.645949,0.661624,0.204303
34331960,-0.320286,-0.645549,0.662245,0.205217
34340293,-0.320018,-0.645282,0.662511,0.205619
34348626,-0.320126,-0.645258,0.662479,0.205628
34356959,-0.320647,-0.645261,0.662293,0.205407
34365292,-0.320908,-0.645184,0.662234,0.205431
34373625,-0.321118,-0.644963,0.662299,0.205587
34381958,-0.320742,-0.644948,0.662367,0.206002
34390291,-0.320979,-0.644913,0.662361,0.205760
34398624,-0.321035,-0.644777,0.662424,0.205896
34406957,-0.320719,-0.644474,0.662794,0.206148
34415290,-0.321194,-0.644492,0.662626,0.205891
34423623,-0.321490,-0.644132,0.662800,0.205997
34431956,-0.321659,-0.644130,0.662709,0.206028
34440289,-0.321830,-0.644166,0.662632,0.205900
34448622,-0.321724,-0.643534,0.663220,0.206146
34456955,-0.322187,-0.643989,0.662646,0.205848
34465288,-0.322339,-0.643861,0.662651,0.205996
34473621,-0.322445,-0.643962,0.662703,0.205346
34481954,-0.322122,-0.643761,0.662801,0.206165
34490287,-0.321588,-0.644362,0.662833,0.205015
34498620,-0.322525,-0.644036,0.662623,0.205245
34506953,-0.321305,-0.644301,0.663050,0.204948
34515286,-0.323437,-0.644407,0.661981,0.204718
34523619,-0.324040,-0.644127,0.661849,0.205073
34531952,-0.323172,-0.644158,0.661911,0.206142
34540285,-0.322189,-0.643474,0.662872,0.206727
34548618,-0.321809,-0.644963,0.661936,0.205673
34556951,-0.324697,-0.644534,0.661292,0.204551
34565284,-0.323570,-0.645140,0.661395,0.204094
34573617,-0.323780,-0.644505,0.661487,0.205462
34581950,-0.324191,-0.644401,0.661291,0.205772
34590283,-0.324457,-0.644528,0.661079,0.205637
34598616,-0.323167,-0.643802,0.662173,0.206420
34606949,-0.323610,-0.644195,0.661576,0.206413
34615282,-0.324475,-0.643764,0.661535,0.206531
34623615,-0.323452,-0.643112,0.662445,0.207249
34631948,-0.323810,-0.643913,0.661574,0.206984
34640281,-0.326981,-0.643197,0.660993,0.206083
34648614,-0.327002,-0.643508,0.660884,0.205426
34656947,-0.326300,-0.643525,0.661028,0.206022
34665280,-0.327001,-0.643629,0.660613,0.205918
34673613,-0.327516,-0.643602,0.660438,0.205744
34681946,-0.327315,-0.643717,0.660378,0.205898
34690279,-0.328225,-0.643726,0.660190,0.205024
34698612,-0.327508,-0.643548,0.660466,0.205837
34706945,-0.328600,-0.643750,0.660179,0.204380
34715278,-0.328542,-0.643533,0.660236,0.204973
34723611,-0.327581,-0.643327,0.661090,0.204404
34731944,-0.327215,-0.643114,0.661534,0.204223
34740277,-0.327836,-0.643251,0.660791,0.205201
34748610,-0.328622,-0.642952,0.660530,0.205720
34756943,-0.327948,-0.643058,0.660575,0.206318
34765276,-0.327501,-0.643389,0.660606,0.205898
34773609,-0.326934,-0.643062,0.661220,0.205848
34781942,-0.327802,-0.642939,0.660893,0.205903
34790275,-0.328477,-0.644056,0.659849,0.204682
34798608,-0.328382,-0.643715,0.659924,0.205660
34806941,-0.329788,-0.642953,0.659994,0.205569
34815274,-0.329230,-0.643203,0.660080,0.205405
34823607,-0.328408,-0.643274,0.660215,0.206065
34831940,-0.328242,-0.644386,0.659716,0.204447
34840273,-0.328254,-0.643557,0.660048,0.205961
34848606,-0.327951,-0.642910,0.660625,0.206615
34856939,-0.327237,-0.642756,0.661190,0.206415
34865272,-0.324350,-0.642966,0.662272,0.206849
34873605,-0.323070,-0.641863,0.663650,0.207861
34881938,-0.327290,-0.642340,0.661436,0.206842
34890271,-0.328093,-0.643005,0.660588,0.206213
34898604,-0.326308,-0.642832,0.661480,0.206723
34906937,-0.327889,-0.643982,0.660045,0.205223
34915270,-0.325499,-0.641861,0.662940,0.206338
34923603,-0.325399,-0.642649,0.662289,0.206136
34931936,-0.327314,-0.642746,0.661276,0.206049
34940269,-0.328323,-0.642746,0.660779,0.206040
34948602,-0.327986,-0.643003,0.660548,0.206515
34956935,-0.327223,-0.644094,0.660135,0.205647
34965268,-0.326576,-0.642962,0.661227,0.206705
34973601,-0.327455,-0.642733,0.660958,0.206886
34981934,-0.328274,-0.642942,0.660425,0.206640
34990267,-0.328518,-0.642878,0.660312,0.206814
34998600,-0.330095,-0.642832,0.659917,0.205706
35006933,-0.329662,-0.642564,0.660018,0.206907
35015266,-0.328820,-0.642628,0.660289,0.207186
35023599,-0.329079,-0.641822,0.660840,0.207514
35031932,-0.329777,-0.641745,0.660570,0.207505
35040265,-0.330223,-0.642163,0.659952,0.207467
35048598,-0.330829,-0.641283,0.660469,0.207579
35056931,-0.331046,-0.641118,0.660552,0.207479
35065264,-0.331357,-0.641878,0.659640,0.207530
35073597,-0.330973,-0.641530,0.659945,0.208252
35081930,-0.331416,-0.641689,0.659538,0.208346
35090263,-0.332351,-0.641501,0.659332,0.208090
35098596,-0.331690,-0.643171,0.658459,0.206745
35106929,-0.332093,-0.642142,0.658923,0.207820
35115262,-0.334537,-0.642110,0.657958,0.207053
35123595,-0.333070,-0.641487,0.658886,0.208393
35131928,-0.332776,-0.641053,0.659261,0.209013
35140261,-0.333821,-0.640820,0.659092,0.208595
35148594,-0.333161,-0.641013,0.659142,0.208898
35156927,-0.333362,-0.641000,0.659046,0.208921
35165260,-0.333298,-0.640757,0.659170,0.209376
35173593,-0.333695,-0.640101,0.659532,0.209609
35181926,-0.334155,-0.639948,0.659474,0.209528
35190259,-0.334344,-0.639955,0.659348,0.209598
35198592,-0.334860,-0.639700,0.659100,0.210332
35206925,-0.334359,-0.640275,0.658935,0.209897
35215258,-0.334747,-0.639325,0.659507,0.210377
35223591,-0.335264,-0.638856,0.659562,0.210806
35231924,-0.335921,-0.638949,0.659197,0.210620
35240257,-0.334191,-0.639902,0.659316,0.210105
35248590,-0.335331,-0.638137,0.659835,0.212022
35256923,-0.335121,-0.638270,0.660064,0.211236
35265256,-0.334308,-0.639504,0.659613,0.210195
35273589,-0.345800,-0.627021,0.663583,0.216619
35281922,-0.340176,-0.638489,0.657487,0.210530
35290255,-0.337240,-0.641552,0.656282,0.209698
35298588,-0.337420,-0.640231,0.656987,0.211235
35306921,-0.340433,-0.640846,0.654782,0.211380
35315254,-0.342354,-0.640628,0.653570,0.212685
35323587,-0.343811,-0.640947,0.652365,0.213076
35331920,-0.344167,-0.637838,0.654126,0.216406
35340253,-0.344953,-0.638990,0.652565,0.216468
35348586,-0.341335,-0.635516,0.656572,0.220277
35356919,-0.342987,-0.636177,0.655565,0.218799
35365252,-0.347269,-0.633480,0.655545,0.219928
35373585,-0.349308,-0.635841,0.652859,0.217867
35381918,-0.339557,-0.632295,0.657214,0.230159
35390251,-0.332072,-0.628308,0.661739,0.238870
35398584,-0.326891,-0.625796,0.664349,0.245278
35406917,-0.326858,-0.625273,0.664541,0.246138
35415250,-0.326936,-0.624612,0.665882,0.244079
35423583,-0.326851,-0.623837,0.666637,0.244113
35431916,-0.328819,-0.623323,0.666578,0.242943
35440249,-0.330062,-0.624786,0.663186,0.246749
35448582,-0.330303,-0.625402,0.662370,0.247060
35456915,-0.330245,-0.625670,0.661565,0.248610
35465248,-0.329735,-0.625738,0.660990,0.250635
35473581,-0.329429,-0.626283,0.659917,0.252500
35481914,-0.330106,-0.626816,0.658856,0.253063
35490247,-0.331057,-0.626581,0.658408,0.253569
35498580,-0.332052,-0.626525,0.658221,0.252888
35506913,-0.332616,-0.627033,0.657721,0.252189
35515246,-0.332377,-0.627107,0.658053,0.251454
35523579,-0.333032,-0.627732,0.656969,0.251860
35531912,-0.333699,-0.628337,0.656269,0.251295
35540245,-0.334506,-0.627968,0.656213,0.251291
35548578,-0.335947,-0.627004,0.656318,0.251501
35556911,-0.335879,-0.627172,0.655607,0.253022
35565244,-0.334762,-0.626396,0.656503,0.254098
35573577,-0.337306,-0.625032,0.656852,0.253189
35581910,-0.337492,-0.625848,0.656332,0.252273
35590243,-0.338125,-0.625798,0.656119,0.252104
35598576,-0.328073,-0.622347,0.650171,0.286932
35606909,-0.325392,-0.623346,0.647419,0.293953
35615242,-0.322405,-0.621413,0.649735,0.296217
35623575,-0.324187,-0.620001,0.650602,0.295329
35631908,-0.322942,-0.620290,0.650890,0.295451
35640241,-0.327024,-0.619805,0.648942,0.296262
35648574,-0.323700,-0.621699,0.649195,0.295389
35656907,-0.324652,-0.625062,0.646622,0.292880
35665240,-0.323277,-0.622157,0.648810,0.295734
35673573,-0.325441,-0.620104,0.648673,0.297964
35681906,-0.327048,-0.625753,0.644863,0.292617
35690239,-0.325583,-0.620799,0.648419,0.296914
35698572,-0.324831,-0.620093,0.649167,0.297577
35706905,-0.324874,-0.619791,0.649448,0.297546
35715238,-0.325505,-0.619171,0.649609,0.297796
35723571,-0.325022,-0.620755,0.649356,0.295567
35731904,-0.324053,-0.619990,0.650175,0.296438
35740237,-0.324270,-0.619501,0.650698,0.296075
35748570,-0.324339,-0.619562,0.650491,0.296325
35756903,-0.324547,-0.619123,0.650562,0.296859
35765236,-0.323793,-0.619724,0.650339,0.296917
35773569,-0.322916,-0.619782,0.650495,0.297408
35781902,-0.336748,-0.619640,0.657354,0.265580
35790235,-0.342197,-0.620100,0.658209,0.255221
35798568,-0.342165,-0.620240,0.657597,0.256499
35806901,-0.341253,-0.618501,0.658593,0.259342
35815234,-0.340271,-0.617966,0.659279,0.260164
35823567,-0.340514,-0.617653,0.659470,0.260105
35831900,-0.340966,-0.618122,0.659050,0.259462
35840233,-0.341309,-0.617555,0.659207,0.259961
35848566,-0.341891,-0.617064,0.659373,0.259941
35856899,-0.343564,-0.617349,0.658742,0.258655
35865232,-0.344579,-0.618958,0.657233,0.257295
35873565,-0.345563,-0.617982,0.657780,0.256924
35881898,-0.344019,-0.619578,0.657324,0.256319
35890231,-0.339558,-0.618324,0.659088,0.260729
35898564,-0.339673,-0.618961,0.658121,0.261509
35906897,-0.339615,-0.617679,0.659014,0.262362
35915230,-0.341339,-0.617268,0.658471,0.262455
35923563,-0.342935,-0.618504,0.656653,0.262022
35931896,-0.343643,-0.617416,0.656897,0.263047
35940229,-0.344124,-0.617332,0.656275,0.264165
35948562,-0.344292,-0.615235,0.656985,0.267057
35956895,-0.344821,-0.615120,0.656091,0.268833
35965228,-0.344673,-0.614993,0.655106,0.271700
35973561,-0.344875,-0.613883,0.656309,0.271050
35981894,-0.345220,-0.613063,0.656072,0.273031
35990227,-0.347059,-0.612685,0.656099,0.271480
35998560,-0.347239,-0.612480,0.655871,0.272262
36006893,-0.346389,-0.613550,0.655384,0.272109
36015226,-0.345468,-0.613499,0.654602,0.275259
36023559,-0.346569,-0.614401,0.653655,0.274110
36031892,-0.347788,-0.612354,0.654524,0.275073
36040225,-0.349553,-0.610795,0.654678,0.275931
36048558,-0.350686,-0.611199,0.654652,0.273653
36056891,-0.351765,-0.608821,0.655464,0.275618
36065224,-0.354789,-0.606746,0.655190,0.276966
36073557,-0.354515,-0.606483,0.655215,0.277832
36081890,-0.355310,-0.605883,0.655131,0.278324
36090223,-0.357410,-0.605762,0.654138,0.278232
36098556,-0.358159,-0.604065,0.654317,0.280530
36106889,-0.358962,-0.603599,0.653893,0.281494
36115222,-0.360858,-0.601367,0.654466,0.282513
36123555,-0.340745,-0.596651,0.668336,0.285004
36131888,-0.341934,-0.593379,0.668913,0.289028
36140221,-0.341589,-0.593735,0.668337,0.290039
36148554,-0.343855,-0.592326,0.667913,0.291216
36156887,-0.346922,-0.590391,0.668069,0.291147
36165220,-0.347324,-0.589801,0.667454,0.293267
36173553,-0.351779,-0.589243,0.665557,0.293390
36181886,-0.358754,-0.585022,0.665262,0.294061
36190219,-0.363595,-0.584501,0.664214,0.291507
36198552,-0.365091,-0.589422,0.661012,0.286972
36206885,-0.369633,-0.588007,0.660250,0.285814
36215218,-0.380802,-0.582437,0.659479,0.284332
36223551,-0.384430,-0.584039,0.656531,0.282982
36231884,-0.382412,-0.577466,0.658249,0.294962
36240217,-0.390918,-0.566923,0.661557,0.296857
36248550,-0.385695,-0.564733,0.663047,0.304441
36256883,-0.376105,-0.557932,0.667312,0.319299
36265216,-0.374069,-0.540678,0.684767,0.314379
36273549,-0.382912,-0.524383,0.695539,0.307613
36281882,-0.387460,-0.508625,0.705744,0.305123
36290215,-0.417929,-0.503927,0.697913,0.290362
36298548,-0.430674,-0.497059,0.696236,0.287588
36306881,-0.446273,-0.487551,0.695240,0.282446
36315214,-0.468917,-0.479387,0.689293,0.274191
36323547,-0.486006,-0.470390,0.685561,0.269329
36331880,-0.494660,-0.461063,0.681561,0.279656
36340213,-0.508532,-0.450333,0.681930,0.271232
36348546,-0.522458,-0.445414,0.674153,0.272327
36356879,-0.528708,-0.432753,0.674578,0.279531
36365212,-0.539857,-0.427432,0.668571,0.280836
36373545,-0.549419,-0.419441,0.665632,0.281321
36381878,-0.563852,-0.415089,0.656220,0.281332
36390211,-0.576360,-0.412574,0.645306,0.284908
36398544,-0.584283,-0.407150,0.641830,0.284425
36406877,-0.588941,-0.400166,0.640927,0.286755
36415210,-0.599073,-0.397786,0.633404,0.285793
36423543,-0.609951,-0.394380,0.624977,0.286055
36431876,-0.617218,-0.394176,0.617619,0.286730
36440209,-0.626430,-0.391069,0.609781,0.287780
36448542,-0.634929,-0.388933,0.602755,0.286852
36456875,-0.643358,-0.388848,0.593863,0.286729
36465208,-0.647759,-0.383777,0.591851,0.287812
36473541,-0.653098,-0.376335,0.590006,0.289359
36481874,-0.661571,-0.372159,0.583562,0.288577
36490207,-0.666669,-0.364834,0.582165,0.289020
36498540,-0.669970,-0.358656,0.582705,0.288029
36506873,-0.673628,-0.351579,0.582329,0.288982
36515206,-0.679426,-0.345451,0.579491,0.288503
36523539,-0.686772,-0.338628,0.575024,0.288137
36531872,-0.693680,-0.332761,0.570778,0.286864
36540205,-0.701211,-0.326880,0.566309,0.284160
36548538,-0.706644,-0.318983,0.563720,0.284822
36556871,-0.710503,-0.313049,0.562262,0.284688
36565204,-0.715388,-0.307253,0.559321,0.284563
36573537,-0.717710,-0.299048,0.559809,0.286490
36581870,-0.721708,-0.292860,0.558435,0.285518
36590203,-0.724276,-0.287603,0.557544,0.286100
36598536,-0.725721,-0.284773,0.557382,0.285586
36606869,-0.730176,-0.282761,0.553683,0.283417
36615202,-0.734156,-0.279495,0.551185,0.281235
36623535,-0.735445,-0.277313,0.549988,0.282367
36631868,-0.736128,-0.276193,0.550253,0.281166
36640201,-0.736596,-0.275688,0.550810,0.279340
36648534,-0.737977,-0.272599,0.551008,0.278333
36656867,-0.739088,-0.270742,0.550848,0.277514
36665200,-0.739415,-0.268782,0.551232,0.277785
36673533,-0.740416,-0.267327,0.551043,0.276898
36681866,-0.741344,-0.265931,0.550936,0.275968
36690199,-0.742294,-0.264813,0.550690,0.274981
36698532,-0.743448,-0.262864,0.550252,0.274610
36706865,-0.745437,-0.260112,0.549363,0.273616
36715198,-0.746273,-0.257810,0.549486,0.273269
36723531,-0.747242,-0.253489,0.549654,0.274322
36731864,-0.746504,-0.249571,0.551581,0.276051
36740197,-0.748029,-0.245968,0.550622,0.277070
36748530,-0.748055,-0.240790,0.552089,0.278626
36756863,-0.748630,-0.238904,0.552007,0.278867
36765196,-0.749325,-0.234831,0.552142,0.280189
36773529,-0.749298,-0.231831,0.552924,0.281214
36781862,-0.746349,-0.229591,0.557405,0.282047
36790195,-0.747604,-0.230487,0.555272,0.282200
36798528,-0.748657,-0.226060,0.554743,0.284026
36806861,-0.745906,-0.224456,0.559329,0.283540
36815194,-0.746627,-0.224351,0.557756,0.284821
36823527,-0.747644,-0.221925,0.556054,0.287371
36831860,-0.748140,-0.218689,0.556157,0.288358
36840193,-0.749562,-0.212045,0.556486,0.288992
36848526,-0.749663,-0.209373,0.557212,0.289279
36856859,-0.753901,-0.203754,0.553272,0.289840
36865192,-0.755180,-0.197643,0.552727,0.291777
36873525,-0.756716,-0.189048,0.553108,0.292768
36881858,-0.759555,-0.181057,0.551108,0.294234
36890191,-0.761721,-0.172906,0.550297,0.295056
36898524,-0.764651,-0.167932,0.546759,0.296922
36906857,-0.768401,-0.161430,0.542759,0.298182
36915190,-0.771891,-0.156264,0.538951,0.298826
36923523,-0.772895,-0.152230,0.538123,0.299806
36931856,-0.773872,-0.149429,0.536915,0.300856
36940189,-0.776101,-0.146206,0.533870,0.302116
36948522,-0.776151,-0.146343,0.533229,0.303052
36956855,-0.777703,-0.146841,0.530601,0.303443
36965188,-0.777251,-0.148805,0.530042,0.304620
36973521,-0.777054,-0.150961,0.529012,0.305850
36981854,-0.777006,-0.153239,0.527661,0.307171
36990187,-0.776718,-0.154607,0.527122,0.308135
36998520,-0.776018,-0.153328,0.527805,0.309367
37006853,-0.776940,-0.153336,0.525464,0.311032
37015186,-0.776283,-0.153922,0.525560,0.312216
37023519,-0.773549,-0.151963,0.528583,0.314847
37031852,-0.771903,-0.147424,0.530446,0.317897
37040185,-0.771700,-0.146553,0.530106,0.319357
37048518,-0.770231,-0.143949,0.532424,0.320229
37056851,-0.767586,-0.137865,0.535667,0.323830
37065184,-0.766519,-0.130913,0.537351,0.326441
37073517,-0.762202,-0.125692,0.543087,0.329099
37081850,-0.759907,-0.118969,0.546643,0.331013
37090183,-0.759700,-0.109118,0.547746,0.333050
37098516,-0.757470,-0.097614,0.552747,0.333438
37106849,-0.750559,-0.088949,0.563111,0.334149
37115182,-0.751016,-0.083427,0.563927,0.333168
37123515,-0.766206,-0.086402,0.542698,0.333080
37131848,-0.779009,-0.091263,0.521656,0.335694
37140181,-0.772410,-0.087862,0.531135,0.336985
37148514,-0.765059,-0.086609,0.539224,0.341205
37156847,-0.762523,-0.093533,0.537811,0.347232
37165180,-0.763303,-0.100260,0.532181,0.352278
37173513,-0.764690,-0.104269,0.527465,0.355188
37181846,-0.771296,-0.111818,0.515567,0.356077
37190179,-0.773811,-0.115447,0.511954,0.354671
37198512,-0.770198,-0.113302,0.520316,0.351039
37206845,-0.766452,-0.110352,0.528797,0.347487
37215178,-0.767024,-0.106534,0.531183,0.343757
37223511,-0.765635,-0.103061,0.535561,0.341111
37231844,-0.760801,-0.098525,0.542744,0.341912
37240177,-0.758960,-0.097567,0.543939,0.344371
37248510,-0.754559,-0.095960,0.547759,0.348415
37256843,-0.748443,-0.092994,0.553840,0.352769
37265176,-0.746158,-0.092828,0.554712,0.356265
37273509,-0.746839,-0.094144,0.552539,0.357868
37281842,-0.749114,-0.096062,0.549392,0.357448
37290175,-0.749093,-0.099048,0.549399,0.356664
37298508,-0.747432,-0.100727,0.551502,0.356435
37306841,-0.747195,-0.103673,0.550764,0.357226
37315174,-0.744018,-0.103026,0.554116,0.358857
37323507,-0.743802,-0.103147,0.553910,0.359588
37331840,-0.743246,-0.104588,0.553815,0.360465
37340173,-0.742659,-0.104493,0.553884,0.361595
37348506,-0.741731,-0.104748,0.554818,0.361994
37356839,-0.741143,-0.104931,0.555083,0.362739
37365172,-0.739443,-0.104144,0.557548,0.362655
37373505,-0.739920,-0.105656,0.556753,0.362465
37381838,-0.738838,-0.105801,0.557604,0.363321
37390171,-0.738867,-0.106362,0.557309,0.363550
37398504,-0.739141,-0.106622,0.556882,0.363572
37406837,-0.739638,-0.108167,0.556186,0.363170
37415170,-0.739366,-0.107982,0.556520,0.363268
37423503,-0.738580,-0.108770,0.557518,0.363100
37431836,-0.740436,-0.110152,0.555105,0.362600
37440169,-0.739664,-0.109984,0.555870,0.363055
37448502,-0.740983,-0.112477,0.553594,0.363080
37456835,-0.739444,-0.112184,0.556026,0.362592
37465168,-0.738534,-0.112043,0.557401,0.362379
37473501,-0.741032,-0.115044,0.553650,0.362089
37481834,-0.742152,-0.115195,0.551906,0.362408
37490167,-0.741148,-0.114244,0.553635,0.362128
37498500,-0.740606,-0.114162,0.554571,0.361830
37506833,-0.741456,-0.116259,0.553076,0.361710
37515166,-0.741829,-0.116939,0.552394,0.361767
37523499,-0.740843,-0.116099,0.553899,0.361758
37531832,-0.740099,-0.115558,0.554960,0.361827
37540165,-0.739763,-0.116549,0.554984,0.362160
37548498,-0.738618,-0.115766,0.556632,0.362219
37556831,-0.739274,-0.117526,0.555686,0.361766
37565164,-0.738578,-0.117299,0.556567,0.361907
37573497,-0.736621,-0.117042,0.558993,0.362239
37581830,-0.736417,-0.116643,0.559634,0.361793
37590163,-0.738358,-0.118338,0.556911,0.361487
37598496,-0.738252,-0.118963,0.557316,0.360873
37606829,-0.737858,-0.119174,0.557959,0.360619
37615162,-0.737569,-0.119624,0.557911,0.361134
37623495,-0.737762,-0.119896,0.557444,0.361370
37631828,-0.737967,-0.118808,0.557729,0.360872
37640161,-0.739532,-0.119995,0.555175,0.361212
37648494,-0.737639,-0.118042,0.557682,0.361865
37656827,-0.737478,-0.118306,0.557851,0.361845
37665160,-0.738478,-0.119864,0.556219,0.361806
37673493,-0.738524,-0.120310,0.555952,0.361974
37681826,-0.737031,-0.119933,0.558270,0.361573
37690159,-0.735471,-0.119651,0.559993,0.362179
37698492,-0.734467,-0.120179,0.560991,0.362497
37706825,-0.736414,-0.120996,0.558997,0.361354
37715158,-0.735582,-0.120847,0.560027,0.361503
37723491,-0.737056,-0.123248,0.557231,0.362011
37731824,-0.735561,-0.121906,0.559402,0.362157
37740157,-0.733985,-0.120523,0.561792,0.362119
37748490,-0.735655,-0.122504,0.559108,0.362219
37756823,-0.735458,-0.121623,0.559325,0.362579
37765156,-0.736244,-0.122791,0.557828,0.362899
37773489,-0.735101,-0.121599,0.559521,0.363009
37781822,-0.735489,-0.121569,0.558671,0.363544
37790155,-0.735304,-0.122165,0.558645,0.363757
37798488,-0.734100,-0.122437,0.559977,0.364050
37806821,-0.734461,-0.122653,0.559682,0.363701
37815154,-0.734493,-0.122310,0.559551,0.363954
37823487,-0.735348,-0.122878,0.558531,0.363603
37831820,-0.735167,-0.121810,0.558767,0.363965
37840153,-0.734407,-0.122428,0.559394,0.364331
37848486,-0.735367,-0.122756,0.558187,0.364134
37856819,-0.734619,-0.122429,0.558914,0.364638
37865152,-0.734363,-0.122608,0.559095,0.364816
37873485,-0.735897,-0.122783,0.557321,0.364380
37881818,-0.735495,-0.123287,0.557755,0.364358
37890151,-0.735707,-0.123216,0.557592,0.364204
37898484,-0.737272,-0.123661,0.555613,0.363911
37906817,-0.736614,-0.123254,0.556660,0.363783
37915150,-0.736016,-0.123646,0.557772,0.363156
37923483,-0.737121,-0.123958,0.556325,0.363029
37931816,-0.737815,-0.123677,0.555995,0.362219
37940149,-0.736183,-0.124272,0.557660,0.362776
37948482,-0.736022,-0.124988,0.557760,0.362703
37956815,-0.737740,-0.124767,0.555872,0.362188
37965148,-0.737411,-0.124118,0.556564,0.362017
37973481,-0.737309,-0.124946,0.556340,0.362285
37981814,-0.736928,-0.124122,0.557010,0.362312
37990147,-0.738521,-0.124762,0.554906,0.362078
37998480,-0.739486,-0.125409,0.553562,0.361944
38006813,-0.738258,-0.124475,0.554978,0.362602
38015146,-0.739447,-0.125226,0.553259,0.362548
38023479,-0.740343,-0.125513,0.551809,0.362828
38031812,-0.737168,-0.123678,0.555813,0.363811
38040145,-0.738370,-0.124763,0.554300,0.363311
38048478,-0.735990,-0.122896,0.557314,0.364165
38056811,-0.735281,-0.122815,0.557991,0.364588
38065144,-0.736176,-0.122684,0.556664,0.364855
38073477,-0.735796,-0.123056,0.557101,0.364829
38081810,-0.735939,-0.123348,0.556707,0.365043
38090143,-0.736083,-0.122713,0.556170,0.365784
38098476,-0.734859,-0.122658,0.558023,0.365443
38106809,-0.736311,-0.123159,0.555771,0.365783
38115142,-0.735875,-0.122846,0.556348,0.365887
38123475,-0.739304,-0.123923,0.551959,0.365259
38131808,-0.740275,-0.123815,0.550302,0.365829
38140141,-0.742201,-0.124194,0.547524,0.365965
38148474,-0.743206,-0.123990,0.545767,0.366619
38156807,-0.743630,-0.123359,0.544730,0.367514
38165140,-0.743350,-0.122626,0.543871,0.369593
38173473,-0.747651,-0.122257,0.536769,0.371416
38181806,-0.748340,-0.120108,0.533734,0.375086
38190139,-0.752629,-0.119839,0.525283,0.378504
38198472,-0.754564,-0.118155,0.519430,0.383229
38206805,-0.759600,-0.118930,0.509152,0.386817
38215138,-0.762841,-0.119040,0.501220,0.390744
38223471,-0.768272,-0.119662,0.489790,0.394393
38231804,-0.768397,-0.118326,0.486937,0.398067
38240137,-0.768831,-0.117778,0.483836,0.401161
38248470,-0.766582,-0.115322,0.485279,0.404423
38256803,-0.759751,-0.110803,0.494421,0.407492
38265136,-0.753471,-0.107149,0.502168,0.410643
38273469,-0.749774,-0.104448,0.506390,0.412915
38281802,-0.744875,-0.101954,0.512684,0.414635
38290135,-0.738944,-0.097875,0.520640,0.416313
38298468,-0.736520,-0.097916,0.523531,0.416972
38306801,-0.728237,-0.094610,0.534120,0.418850
38315134,-0.724922,-0.093021,0.538543,0.419293
38323467,-0.722419,-0.093276,0.541698,0.419493
38331800,-0.723355,-0.095027,0.540342,0.419236
38340133,-0.721786,-0.095663,0.542217,0.419374
38348466,-0.712646,-0.091030,0.553216,0.421665
38356799,-0.710404,-0.093230,0.555330,0.422188
38365132,-0.708956,-0.094884,0.556578,0.422611
38373465,-0.705877,-0.094356,0.560320,0.422937
38381798,-0.706023,-0.096588,0.559287,0.423556
38390131,-0.705200,-0.098937,0.559332,0.424324
38398464,-0.702526,-0.099979,0.561949,0.425058
38406797,-0.701819,-0.102050,0.562309,0.425257
38415130,-0.696624,-0.101323,0.567285,0.427360
38423463,-0.695584,-0.103264,0.567067,0.428876
38431796,-0.692636,-0.103823,0.569767,0.429933
38440129,-0.687955,-0.103382,0.575055,0.430513
38448462,-0.686584,-0.103888,0.575952,0.431381
38456795,-0.683230,-0.105214,0.578694,0.432713
38465128,-0.679220,-0.106963,0.582713,0.433204
38473461,-0.675618,-0.107822,0.586639,0.433324
38481794,-0.672713,-0.108431,0.588783,0.434781
38490127,-0.670108,-0.110241,0.590974,0.435376
38498460,-0.666751,-0.109968,0.593782,0.436776
38506793,-0.664519,-0.111864,0.594737,0.438394
38515126,-0.662494,-0.112219,0.595929,0.439746
38523459,-0.659667,-0.113006,0.598058,0.440903
38531792,-0.660789,-0.114923,0.595836,0.441736
38540125,-0.656469,-0.113901,0.599746,0.443147
38548458,-0.653333,-0.115968,0.602584,0.443396
38556791,-0.648085,-0.114946,0.608018,0.443945
38565124,-0.643361,-0.115657,0.612378,0.444638
38573457,-0.641762,-0.117713,0.614232,0.443851
38581790,-0.641108,-0.119606,0.615036,0.443176
38590123,-0.634478,-0.119045,0.622205,0.442862
38598456,-0.634449,-0.122238,0.622276,0.441933
38606789,-0.628898,-0.122058,0.628662,0.440879
38615122,-0.626166,-0.120788,0.631705,0.440766
38623455,-0.619908,-0.118047,0.639237,0.439493
38631788,-0.616226,-0.118080,0.644933,0.436331
38640121,-0.617242,-0.119442,0.644208,0.435593
38648454,-0.612182,-0.117239,0.650275,0.434316
38656787,-0.612632,-0.119088,0.651219,0.431757
38665120,-0.611100,-0.119264,0.654267,0.429264
38673453,-0.609024,-0.121101,0.658828,0.424701
38681786,-0.609141,-0.121596,0.659992,0.422578
38690119,-0.606331,-0.119881,0.663936,0.420928
38698452,-0.605747,-0.120296,0.666807,0.417095
38706785,-0.601725,-0.115128,0.672777,0.414782
38715118,-0.600217,-0.114556,0.676252,0.411461
38723451,-0.604485,-0.117245,0.674637,0.407082
38731784,-0.610827,-0.118691,0.671094,0.403033
38740117,-0.614704,-0.117776,0.669557,0.399953
38748450,-0.615410,-0.115454,0.670956,0.397188
38756783,-0.615611,-0.113500,0.672928,0.394092
38765116,-0.616753,-0.111595,0.674644,0.389895
38773449,-0.619728,-0.111185,0.674277,0.385909
38781782,-0.617332,-0.109192,0.678341,0.383187
38790115,-0.612775,-0.106418,0.684860,0.379670
38798448,-0.609078,-0.101872,0.691348,0.375079
38806781,-0.615358,-0.088531,0.690162,0.370370
38815114,-0.600527,-0.085404,0.706008,0.365551
38823447,-0.600294,-0.084132,0.708381,0.361615
38831780,-0.597737,-0.081667,0.712445,0.358418
38840113,-0.593909,-0.073229,0.717538,0.356440
38848446,-0.593435,-0.067885,0.719799,0.353718
38856779,-0.587555,-0.059840,0.726573,0.351126
38865112,-0.582902,-0.052363,0.732294,0.348179
38873445,-0.580192,-0.043905,0.736760,0.344434
38881778,-0.573163,-0.032187,0.744530,0.340768
38890111,-0.565878,-0.020662,0.751571,0.338372
38898444,-0.561392,-0.007504,0.756226,0.336013
38906777,-0.554055,0.003938,0.763207,0.332451
38915110,-0.546416,0.015934,0.770017,0.329013
38923443,-0.534231,0.029796,0.780093,0.324291
38931776,-0.522325,0.041214,0.790467,0.317238
38940109,-0.518174,0.046608,0.796186,0.308888
38948442,-0.501274,0.058194,0.810932,0.296188
38956775,-0.491568,0.065784,0.821425,0.281592
38965108,-0.487276,0.066963,0.829622,0.264205
38973441,-0.475138,0.076668,0.841538,0.245315
38981774,-0.462917,0.085949,0.852781,0.226020
38990107,-0.454096,0.092495,0.861888,0.205892
38998440,-0.440083,0.100248,0.872309,0.188029
39006773,-0.428605,0.108461,0.880741,0.169791
39015106,-0.414192,0.122251,0.887589,0.160269
39023439,-0.389412,0.134937,0.898218,0.152822
39031772,-0.377030,0.141911,0.902310,0.153445
39040105,-0.365956,0.145554,0.905557,0.157662
39048438,-0.360029,0.143865,0.907047,0.164155
39056771,-0.359405,0.141187,0.906230,0.172165
39065104,-0.361289,0.135013,0.904955,0.179716
39073437,-0.359772,0.126388,0.905347,0.186917
39081770,-0.366396,0.109481,0.903455,0.193744
39090103,-0.368931,0.091075,0.903745,0.197080
39098436,-0.370523,0.071820,0.904290,0.199535
39106769,-0.373880,0.052756,0.903773,0.201557
39115102,-0.381176,0.033443,0.901084,0.204043
39123435,-0.384812,0.013252,0.899701,0.205629
39131768,-0.392335,-0.008123,0.896401,0.206090
39140101,-0.402461,-0.026394,0.891031,0.208310
39148434,-0.413739,-0.043648,0.884514,0.211068
39156767,-0.418606,-0.053850,0.880631,0.215311
39165100,-0.425802,-0.065528,0.875064,0.220595
39173433,-0.437124,-0.078388,0.867447,0.224307
39181766,-0.444804,-0.088476,0.861205,0.229449
39190099,-0.451815,-0.094955,0.854991,0.236298
39198432,-0.462061,-0.110726,0.846559,0.239951
39206765,-0.466208,-0.119885,0.841388,0.245651
39215098,-0.470780,-0.124388,0.836473,0.251408
39223431,-0.471796,-0.133147,0.833224,0.255768
39231764,-0.474918,-0.139352,0.828540,0.261829
39240097,-0.477444,-0.150987,0.823434,0.266846
39248430,-0.479854,-0.155553,0.819229,0.272778
39256763,-0.478503,-0.162876,0.816851,0.277958
39265096,-0.478015,-0.168234,0.814424,0.282687
39273429,-0.480655,-0.174298,0.810246,0.286518
39281762,-0.480171,-0.179657,0.808152,0.289911
39290095,-0.479998,-0.187500,0.804884,0.294291
39298428,-0.480195,-0.194629,0.801678,0.298068
39306761,-0.481803,-0.200941,0.797918,0.301357
39315094,-0.480784,-0.207784,0.795566,0.304544
39323427,-0.484017,-0.212557,0.791437,0.306879
39331760,-0.488214,-0.221901,0.785772,0.308172
39340093,-0.484297,-0.229366,0.785331,0.310006
39348426,-0.485029,-0.234515,0.782673,0.311726
39356759,-0.485443,-0.239994,0.780284,0.312898
39365092,-0.486636,-0.245851,0.777407,0.313658
39373425,-0.487367,-0.250927,0.775614,0.312941
39381758,-0.484605,-0.251742,0.776856,0.313495
39390091,-0.487731,-0.258214,0.773440,0.311823
39398424,-0.490888,-0.265368,0.769960,0.309469
39406757,-0.490966,-0.269779,0.769094,0.307680
39415090,-0.495049,-0.275279,0.765781,0.304512
39423423,-0.494868,-0.279261,0.765402,0.302123
39431756,-0.497089,-0.282216,0.764027,0.299199
39440089,-0.499095,-0.286034,0.762624,0.295794
39448422,-0.496371,-0.285782,0.765491,0.293203
39456755,-0.496582,-0.292024,0.765043,0.287814
39465088,-0.495815,-0.296330,0.765319,0.283975
39473421,-0.494468,-0.302616,0.765612,0.278859
39481754,-0.492718,-0.306922,0.766619,0.274451
39490087,-0.493057,-0.312509,0.766353,0.268208
39498420,-0.493671,-0.316913,0.766008,0.262844
39506753,-0.491897,-0.324072,0.766648,0.255470
39515086,-0.489804,-0.330243,0.767647,0.248493
39523419,-0.488622,-0.338042,0.767356,0.241125
39531752,-0.485893,-0.343086,0.768868,0.234611
39540085,-0.484458,-0.348725,0.769511,0.227033
39548418,-0.479626,-0.354719,0.772264,0.218498
39556751,-0.474975,-0.362510,0.774097,0.209188
39565084,-0.472919,-0.371471,0.773500,0.200137
39573417,-0.468329,-0.377658,0.775458,0.191590
39581750,-0.465153,-0.384843,0.776686,0.179685
39590083,-0.460191,-0.393525,0.777807,0.168456
39598416,-0.456491,-0.400202,0.778969,0.157041
39606749,-0.451008,-0.406758,0.780872,0.146214
39615082,-0.449006,-0.413050,0.780850,0.134376
39623415,-0.443693,-0.420616,0.782019,0.121098
39631748,-0.437149,-0.427132,0.784044,0.108329
39640081,-0.432988,-0.432220,0.785186,0.095865
39648414,-0.428257,-0.439228,0.785546,0.081195
39656747,-0.424173,-0.443192,0.786796,0.067897
39665080,-0.419924,-0.447773,0.787591,0.053518
39673413,-0.414757,-0.451899,0.788759,0.040283
39681746,-0.407930,-0.457161,0.789823,0.027890
39690079,-0.397973,-0.464002,0.791229,0.016634
39698412,-0.393374,-0.469692,0.790338,0.003524
39706745,-0.389683,-0.474168,0.789448,-0.009195
39715078,-0.385941,-0.482383,0.786045,-0.022123
39723411,-0.380768,-0.489290,0.783927,-0.032715
39731744,-0.375360,-0.497559,0.780633,-0.046391
39740077,-0.372181,-0.504165,0.777078,-0.058735
39748410,-0.368501,-0.511101,0.773270,-0.070970
39756743,-0.364140,-0.520344,0.767875,-0.083745
39765076,-0.358218,-0.531015,0.761968,-0.095436
39773409,-0.353981,-0.539560,0.756142,-0.108723
39781742,-0.349749,-0.545808,0.751918,-0.119954
39790075,-0.348514,-0.553306,0.744740,-0.133239
39798408,-0.345616,-0.559589,0.739292,-0.144420
39806741,-0.339524,-0.565756,0.735284,-0.154924
39815074,-0.334171,-0.571205,0.731998,-0.161967
39823407,-0.332409,-0.575717,0.727381,-0.170212
39831740,-0.327257,-0.579846,0.724869,-0.176767
39840073,-0.324190,-0.581797,0.722886,-0.183982
39848406,-0.321978,-0.584219,0.720518,-0.189400
39856739,-0.320098,-0.586875,0.717689,-0.195035
39865072,-0.314280,-0.587405,0.718961,-0.198190
39873405,-0.310713,-0.587276,0.720023,-0.200328
39881738,-0.308867,-0.586366,0.720555,-0.203904
39890071,-0.306905,-0.586579,0.720086,-0.207873
39898404,-0.305103,-0.584783,0.721312,-0.211308
39906737,-0.303162,-0.581353,0.724116,-0.213957
39915070,-0.300771,-0.578197,0.727228,-0.215325
39923403,-0.300534,-0.575839,0.728019,-0.219265
39931736,-0.299096,-0.572971,0.730592,-0.220183
39940069,-0.298993,-0.569968,0.732764,-0.220899
39948402,-0.296412,-0.566420,0.736397,-0.221425
39956735,-0.294988,-0.562846,0.740186,-0.219799
39965068,-0.295999,-0.559182,0.741652,-0.222826
39973401,-0.295035,-0.556283,0.744221,-0.222797
39981734,-0.294344,-0.553707,0.746427,-0.222751
39990067,-0.295309,-0.551665,0.747410,-0.223242
39998400,-0.295346,-0.549226,0.749352,-0.222694
40006733,-0.298884,-0.546741,0.749629,-0.223159
40015066,-0.299106,-0.545996,0.750433,-0.221975
40023399,-0.299892,-0.544319,0.751960,-0.219860
40031732,-0.302385,-0.543540,0.751801,-0.218915
40040065,-0.304245,-0.543161,0.752529,-0.214736
40048398,-0.306928,-0.542975,0.752427,-0.211725
40056731,-0.308196,-0.543344,0.752858,-0.207356
40065064,-0.310914,-0.542463,0.753587,-0.202912
40073397,-0.314161,-0.543305,0.752675,-0.199005
40081730,-0.318839,-0.543939,0.751527,-0.194110
40090063,-0.321439,-0.543351,0.752382,-0.188062
40098396,-0.324932,-0.544079,0.752081,-0.181030
40106729,-0.328783,-0.545350,0.750996,-0.174645
40115062,-0.332659,-0.544853,0.751085,-0.168359
40123395,-0.337058,-0.545977,0.749808,-0.161517
40131728,-0.341509,-0.547048,0.748280,-0.155521
40140061,-0.345567,-0.548879,0.746599,-0.148000
40148394,-0.348597,-0.550648,0.745789,-0.138081
40156727,-0.351554,-0.552092,0.744674,-0.130631
40165060,-0.353991,-0.553094,0.744301,-0.121624
40173393,-0.358345,-0.553962,0.742846,-0.113555
40181726,-0.362239,-0.555562,0.740913,-0.105743
40190059,-0.367291,-0.556291,0.739057,-0.097125
40198392,-0.372472,-0.559552,0.734959,-0.089455
40206725,-0.377773,-0.560231,0.732597,-0.082037
40215058,-0.380143,-0.560201,0.732472,-0.071763
40223391,-0.384042,-0.559333,0.731862,-0.063526
40231724,-0.386875,-0.560791,0.729962,-0.054735
40240057,-0.391930,-0.563433,0.725680,-0.048198
40248390,-0.393919,-0.560966,0.727087,-0.038598
40256723,-0.396207,-0.562561,0.725049,-0.029136
40265056,-0.400375,-0.561763,0.723631,-0.021892
40273389,-0.403079,-0.561153,0.722814,-0.013210
40281722,-0.405412,-0.560820,0.721866,-0.005706
40290055,-0.410204,-0.563925,0.716744,-0.000064
40298388,-0.414121,-0.564298,0.714175,0.005050
40306721,-0.416932,-0.562181,0.714088,0.014087
40315054,-0.419779,-0.561588,0.712717,0.020964
40323387,-0.420640,-0.562054,0.711612,0.027655
40331720,-0.420120,-0.560583,0.712707,0.035988
40340053,-0.422787,-0.559537,0.711664,0.041288
40348386,-0.426450,-0.559686,0.709140,0.044869
40356719,-0.428805,-0.559695,0.707230,0.051898
40365052,-0.430301,-0.558277,0.706817,0.059805
40373385,-0.429916,-0.557419,0.707254,0.065183
40381718,-0.431793,-0.558017,0.705383,0.067880
40390051,-0.433232,-0.558046,0.704090,0.071774
40398384,-0.436210,-0.558094,0.701857,0.075162
40406717,-0.435398,-0.558091,0.701851,0.079799
40415050,-0.438164,-0.559972,0.698276,0.082788
40423383,-0.437950,-0.561164,0.696989,0.086612
40431716,-0.436863,-0.562108,0.696664,0.088571
40440049,-0.436032,-0.561734,0.697127,0.091349
40448382,-0.437643,-0.561743,0.695791,0.093744
40456715,-0.436789,-0.562443,0.695599,0.094948
40465048,-0.436833,-0.564436,0.694143,0.093566
40473381,-0.435279,-0.564004,0.695454,0.093681
40481714,-0.433829,-0.564179,0.696002,0.095272
40490047,-0.433919,-0.563841,0.695869,0.097791
40498380,-0.432491,-0.563702,0.697065,0.096394
40506713,-0.431093,-0.564584,0.697450,0.094693
40515046,-0.431439,-0.565329,0.696912,0.092608
40523379,-0.427696,-0.565631,0.698855,0.093486
40531712,-0.424594,-0.565656,0.700886,0.092263
40540045,-0.419193,-0.566132,0.703650,0.092995
40548378,-0.417229,-0.566254,0.704986,0.090948
40556711,-0.417195,-0.567136,0.704524,0.089164
40565044,-0.409612,-0.568296,0.708122,0.088435
40573377,-0.406455,-0.567996,0.710378,0.086825
40581710,-0.402460,-0.568423,0.712495,0.085280
40590043,-0.398529,-0.570342,0.713589,0.081707
40598376,-0.392925,-0.570422,0.716823,0.079957
40606709,-0.390108,-0.573830,0.716013,0.076546
40615042,-0.385638,-0.574644,0.718074,0.073735
40623375,-0.381184,-0.578182,0.717871,0.071170
40631708,-0.375887,-0.579530,0.719838,0.068468
40640041,-0.373177,-0.583264,0.718789,0.062319
40648374,-0.366129,-0.586172,0.720320,0.059074
40656707,-0.361722,-0.589673,0.720054,0.054468
40665040,-0.358875,-0.593478,0.718981,0.045372
40673373,-0.353059,-0.599342,0.716822,0.048004
40681706,-0.348922,-0.603306,0.715969,0.040792
40690039,-0.345267,-0.607358,0.714687,0.033612
40698372,-0.345951,-0.614266,0.708783,0.024931
40706705,-0.340452,-0.618921,0.707570,0.019346
40715038,-0.335316,-0.623750,0.705954,0.011335
40723371,-0.334058,-0.630724,0.700423,0.000713
40731704,-0.330025,-0.637350,0.696263,-0.009280
40740037,-0.323122,-0.643805,0.693427,-0.016286
40748370,-0.319990,-0.651243,0.687596,-0.026459
40756703,-0.316833,-0.656847,0.683309,-0.035473
40765036,-0.314457,-0.660338,0.680320,-0.047286
40773369,-0.311017,-0.667128,0.674742,-0.054155
40781702,-0.303095,-0.672491,0.672425,-0.061108
40790035,-0.300653,-0.677318,0.667654,-0.071316
40798368,-0.303651,-0.680697,0.660667,-0.089261
40806701,-0.305067,-0.682991,0.655945,-0.100967
40815034,-0.301050,-0.687328,0.651942,-0.109184
40823367,-0.296987,-0.690699,0.648693,-0.118030
40831700,-0.293065,-0.694472,0.644830,-0.126554
40840033,-0.290432,-0.697111,0.641218,-0.136105
40848366,-0.288914,-0.697125,0.639587,-0.146536
40856699,-0.288357,-0.699524,0.635271,-0.154749
40865032,-0.284580,-0.702431,0.632088,-0.161459
40873365,-0.286040,-0.702621,0.628307,-0.172440
40881698,-0.284543,-0.703018,0.626527,-0.179624
40890031,-0.284614,-0.703257,0.623622,-0.188468
40898364,-0.285738,-0.703140,0.620739,-0.196548
40906697,-0.289402,-0.701925,0.617380,-0.205886
40915030,-0.286750,-0.702298,0.616843,-0.209897
40923363,-0.286513,-0.702284,0.614996,-0.215609
40931696,-0.286731,-0.704050,0.611942,-0.218232
40940029,-0.287763,-0.704724,0.608467,-0.224331
40948362,-0.285168,-0.706447,0.607364,-0.225213
40956695,-0.289199,-0.708054,0.601706,-0.230159
40965028,-0.289611,-0.709477,0.599092,-0.232070
40973361,-0.290565,-0.710355,0.596619,-0.234549
40981694,-0.290178,-0.712990,0.593281,-0.235497
40990027,-0.291050,-0.717342,0.587923,-0.234642
40998360,-0.290367,-0.720733,0.584908,-0.232625
41006693,-0.289408,-0.725015,0.581822,-0.228210
41015026,-0.289877,-0.728049,0.578500,-0.226392
41023359,-0.287269,-0.732859,0.576497,-0.219194
41031692,-0.286769,-0.736102,0.575254,-0.212130
41040025,-0.285655,-0.739555,0.574070,-0.204704
41048358,-0.280717,-0.744881,0.573685,-0.192966
41056691,-0.273018,-0.751462,0.573651,-0.178021
41065024,-0.267006,-0.756532,0.573740,-0.164893
41073357,-0.261425,-0.760954,0.573323,-0.154618
41081690,-0.254034,-0.766076,0.573437,-0.140587
41090023,-0.248679,-0.770306,0.573062,-0.128014
41098356,-0.244132,-0.773294,0.573265,-0.117401
41106689,-0.238875,-0.775870,0.574058,-0.106872
41115022,-0.234775,-0.777486,0.575180,-0.097794
41123355,-0.229966,-0.778231,0.577798,-0.087305
41131688,-0.227284,-0.779000,0.579131,-0.078157
41140021,-0.224703,-0.779850,0.580311,-0.067683
41148354,-0.222469,-0.779382,0.582697,-0.059450
41156687,-0.222277,-0.778029,0.585344,-0.051350
41165020,-0.221371,-0.776331,0.588542,-0.043856
41173353,-0.221476,-0.776578,0.588631,-0.037255
41181686,-0.221389,-0.774935,0.591222,-0.030316
41190019,-0.221557,-0.771029,0.596367,-0.027823
41198352,-0.223148,-0.770574,0.596649,-0.020763
41206685,-0.223919,-0.769482,0.597999,-0.012401
41215018,-0.227400,-0.766589,0.600464,-0.008552
41223351,-0.225105,-0.764373,0.604202,0.001603
41231684,-0.223528,-0.762293,0.607351,0.008274
41240017,-0.222618,-0.759282,0.611403,0.010873
41248350,-0.229309,-0.755805,0.613287,0.007489
41256683,-0.232406,-0.753093,0.615444,0.008225
41265016,-0.240865,-0.748448,0.617893,-0.004195
41273349,-0.242825,-0.746118,0.619955,0.000402
41281682,-0.241574,-0.745439,0.621222,0.006723
41290015,-0.242087,-0.742299,0.624698,0.011780
41298348,-0.243839,-0.739771,0.626942,0.015002
41306681,-0.246717,-0.737692,0.628156,0.018980
41315014,-0.248440,-0.735331,0.630108,0.022991
41323347,-0.252896,-0.734199,0.629638,0.023497
41331680,-0.258348,-0.731491,0.630589,0.023116
41340013,-0.260647,-0.729561,0.631725,0.026978
41348346,-0.266705,-0.726931,0.632321,0.024702
41356679,-0.265121,-0.727000,0.632080,0.040713
41365012,-0.274248,-0.723524,0.632829,0.028798
41373345,-0.279863,-0.719708,0.634918,0.024011
41381678,-0.280166,-0.717089,0.637556,0.028517
41390011,-0.279804,-0.715265,0.639529,0.033300
41398344,-0.279409,-0.712393,0.642714,0.036683
41406677,-0.279738,-0.711262,0.643700,0.038771
41415010,-0.281261,-0.709233,0.645260,0.038997
41423343,-0.289363,-0.708084,0.643227,0.033850
41431676,-0.291397,-0.706233,0.644276,0.035091
41440009,-0.291182,-0.704410,0.646185,0.038272
41448342,-0.291003,-0.703740,0.646959,0.038875
41456675,-0.290463,-0.703014,0.648015,0.038459
41465008,-0.290484,-0.702197,0.648830,0.039478
41473341,-0.291111,-0.701087,0.649784,0.038886
41481674,-0.290943,-0.701110,0.649748,0.040310
41490007,-0.295299,-0.702594,0.646106,0.041318
41498340,-0.298334,-0.702896,0.644391,0.041171
41506673,-0.300414,-0.702770,0.643591,0.040696
41515006,-0.302474,-0.702629,0.642930,0.038251
41523339,-0.305970,-0.702763,0.641289,0.035427
41531672,-0.309153,-0.702858,0.639896,0.030784
41540005,-0.309768,-0.702915,0.639725,0.026595
41548338,-0.310188,-0.702777,0.639859,0.021654
41556671,-0.314877,-0.702891,0.637682,0.012610
41565004,-0.316488,-0.702913,0.636935,0.007929
41573337,-0.320277,-0.703912,0.633979,-0.000496
41581670,-0.319504,-0.703621,0.634683,-0.003568
41590003,-0.321118,-0.704131,0.633229,-0.010226
41598336,-0.322004,-0.705441,0.631218,-0.015204
41606669,-0.322626,-0.705882,0.630235,-0.021159
41615002,-0.322577,-0.705964,0.629942,-0.027047
41623335,-0.324067,-0.706023,0.628736,-0.034687
41631668,-0.324860,-0.705628,0.628375,-0.041238
41640001,-0.324702,-0.706080,0.627442,-0.048331
41648334,-0.326861,-0.706626,0.625008,-0.056628
41656667,-0.325182,-0.706628,0.625520,-0.060495
41665000,-0.324531,-0.706417,0.625324,-0.067999
41673333,-0.323098,-0.706711,0.625186,-0.072868
41681666,-0.328810,-0.706617,0.620804,-0.084727
41689999,-0.325659,-0.706827,0.621852,-0.087418
41698332,-0.323927,-0.707091,0.621622,-0.093166
41706665,-0.327680,-0.704463,0.620598,-0.105900
41714998,-0.325027,-0.704598,0.620901,-0.111269
41723331,-0.322893,-0.703828,0.622170,-0.115203
41731664,-0.320475,-0.703037,0.623166,-0.121242
41739997,-0.319711,-0.703350,0.622369,-0.125464
41748330,-0.319226,-0.703473,0.622116,-0.127248
41756663,-0.318524,-0.702774,0.621831,-0.134077
41764996,-0.316914,-0.703419,0.620988,-0.138354
41773329,-0.315756,-0.703697,0.620087,-0.143530
41781662,-0.313632,-0.703607,0.620915,-0.145041
41789995,-0.315343,-0.703152,0.619104,-0.151149
41798328,-0.313975,-0.703163,0.619475,-0.152424
41806661,-0.310892,-0.701178,0.623206,-0.152673
41814994,-0.310621,-0.699851,0.623849,-0.156640
41823327,-0.308886,-0.700181,0.623927,-0.158275
41831660,-0.307709,-0.700345,0.623997,-0.159562
41839993,-0.309584,-0.701634,0.620468,-0.163973
41848326,-0.313053,-0.702386,0.616988,-0.167266
41856659,-0.311380,-0.703112,0.616791,-0.168062
41864992,-0.310775,-0.702732,0.617193,-0.169290
41873325,-0.310480,-0.702720,0.617215,-0.169799
41881658,-0.310106,-0.703336,0.616929,-0.168972
41889991,-0.311507,-0.704116,0.614974,-0.170270
41898324,-0.311623,-0.704135,0.614901,-0.170242
41906657,-0.311999,-0.703231,0.615641,-0.170612
41914990,-0.312498,-0.704005,0.614437,-0.170849
41923323,-0.310188,-0.703207,0.617707,-0.166497
41931656,-0.309784,-0.703618,0.617856,-0.164956
41939989,-0.310451,-0.704533,0.616753,-0.163921
41948322,-0.312590,-0.706463,0.613470,-0.163867
41956655,-0.314894,-0.706661,0.611986,-0.164152
41964988,-0.315163,-0.706394,0.612458,-0.163020
41973321,-0.315857,-0.708294,0.610037,-0.162509
41981654,-0.314878,-0.707506,0.612688,-0.157797
41989987,-0.318110,-0.709303,0.608517,-0.159380
41998320,-0.318918,-0.709858,0.607895,-0.157661
42006653,-0.320919,-0.710090,0.606996,-0.156009
42014986,-0.322652,-0.711108,0.605190,-0.154811
42023319,-0.321886,-0.712661,0.604320,-0.152647
42031652,-0.324284,-0.713039,0.602738,-0.152063
42039985,-0.327236,-0.713682,0.600729,-0.150662
42048318,-0.327537,-0.713790,0.601057,-0.148169
42056651,-0.328782,-0.714825,0.600138,-0.144093
42064984,-0.330506,-0.715054,0.599367,-0.142208
42073317,-0.331157,-0.715443,0.599420,-0.138464
42081650,-0.332687,-0.716571,0.597529,-0.137127
42089983,-0.333160,-0.717366,0.596747,-0.135213
42098316,-0.333143,-0.718601,0.596314,-0.130531
42106649,-0.333093,-0.718963,0.596455,-0.127998
42114982,-0.333424,-0.719790,0.595959,-0.124754
42123315,-0.334944,-0.719889,0.595274,-0.123373
42131648,-0.336486,-0.720217,0.594368,-0.121620
42139981,-0.337456,-0.720461,0.593767,-0.120418
42148314,-0.337479,-0.720902,0.594002,-0.116488
42156647,-0.337248,-0.721833,0.593521,-0.113810
42164980,-0.337088,-0.722364,0.593252,-0.112313
42173313,-0.338676,-0.721807,0.593280,-0.110959
42181646,-0.340715,-0.720877,0.593539,-0.109369
42189979,-0.340625,-0.721412,0.593477,-0.106412
42198312,-0.340067,-0.721818,0.593731,-0.104006
42206645,-0.340875,-0.721317,0.594169,-0.102319
42214978,-0.342350,-0.721035,0.593813,-0.101447
42223311,-0.341725,-0.722281,0.593061,-0.099064
42231644,-0.343036,-0.722343,0.592287,-0.098710
42239977,-0.343646,-0.722513,0.591869,-0.097845
42248310,-0.343065,-0.722744,0.592377,-0.095064
42256643,-0.343638,-0.724423,0.590062,-0.094608
42264976,-0.343727,-0.724812,0.589852,-0.092598
42273309,-0.344162,-0.723655,0.590970,-0.092898
42281642,-0.343237,-0.722188,0.593550,-0.091279
42289975,-0.343148,-0.721619,0.594437,-0.090332
42298308,-0.342666,-0.722127,0.594201,-0.089648
42306641,-0.342024,-0.723211,0.593171,-0.090187
42314974,-0.341567,-0.723397,0.593202,-0.090220
42323307,-0.341075,-0.723724,0.593427,-0.087955
42331640,-0.338927,-0.724566,0.593616,-0.088049
42339973,-0.337100,-0.725008,0.594350,-0.086459
42348306,-0.336263,-0.724804,0.595074,-0.086444
42356639,-0.336465,-0.723660,0.596459,-0.085705
42364972,-0.335748,-0.723117,0.597403,-0.086514
42373305,-0.336099,-0.724220,0.595648,-0.088017
42381638,-0.335591,-0.724567,0.595548,-0.087770
42389971,-0.335648,-0.725318,0.594267,-0.090009
42398304,-0.333839,-0.724658,0.596253,-0.088908
42406637,-0.333704,-0.724283,0.596571,-0.090322
42414970,-0.332951,-0.724909,0.596018,-0.091718
42423303,-0.333011,-0.725189,0.595504,-0.092628
42431636,-0.331105,-0.724696,0.596972,-0.093861
42439969,-0.329975,-0.726003,0.595728,-0.095625
42448302,-0.330245,-0.725721,0.595587,-0.097692
42456635,-0.329502,-0.724380,0.597530,-0.098283
42464968,-0.327974,-0.724920,0.597336,-0.100569
42473301,-0.327777,-0.726585,0.594967,-0.103204
42481634,-0.326513,-0.726522,0.595619,-0.103891
42489967,-0.326485,-0.725849,0.595873,-0.107172
42498300,-0.323972,-0.725892,0.597535,-0.105234
42506633,-0.322508,-0.726915,0.596858,-0.106508
42514966,-0.323304,-0.725569,0.597407,-0.110134
42523299,-0.321855,-0.725487,0.597813,-0.112680
42531632,-0.321167,-0.725093,0.598309,-0.114531
42539965,-0.320051,-0.725543,0.597935,-0.116741
42548298,-0.319673,-0.725414,0.598100,-0.117725
42556631,-0.318457,-0.724767,0.599011,-0.120350
42564964,-0.316919,-0.725029,0.599269,-0.121543
42573297,-0.315759,-0.725387,0.599077,-0.123359
42581630,-0.314579,-0.724977,0.600047,-0.124062
42589963,-0.314209,-0.725044,0.599750,-0.126029
42598296,-0.314541,-0.725768,0.598526,-0.126852
42606629,-0.314025,-0.724894,0.599165,-0.130069
42614962,-0.313081,-0.725064,0.599173,-0.131359
42623295,-0.310154,-0.727025,0.598626,-0.129946
42631628,-0.309586,-0.727325,0.598278,-0.131222
42639961,-0.310665,-0.728030,0.596399,-0.133296
42648294,-0.309933,-0.728472,0.596405,-0.132553
42656627,-0.309958,-0.727880,0.596928,-0.133396
42664960,-0.311001,-0.728561,0.595141,-0.135223
42673293,-0.309327,-0.729387,0.595889,-0.131252
42681626,-0.310183,-0.728923,0.595389,-0.134051
42689959,-0.310019,-0.729510,0.594478,-0.135272
42698292,-0.309504,-0.729728,0.594917,-0.133333
42706625,-0.309873,-0.730417,0.593645,-0.134367
42714958,-0.308813,-0.730097,0.594835,-0.133282
42723291,-0.308097,-0.729746,0.595906,-0.132068
42731624,-0.308529,-0.730552,0.594560,-0.132673
42739957,-0.307658,-0.731892,0.594381,-0.128029
42748290,-0.308163,-0.730247,0.595612,-0.130462
42756623,-0.309857,-0.730420,0.594472,-0.130682
42764956,-0.308350,-0.731734,0.594377,-0.127286
42773289,-0.309731,-0.731163,0.594416,-0.127029
42781622,-0.311100,-0.730814,0.594599,-0.124818
42789955,-0.311615,-0.731187,0.594086,-0.123788
42798288,-0.311947,-0.731026,0.594266,-0.123036
42806621,-0.312623,-0.732230,0.592859,-0.120933
42814954,-0.313734,-0.731963,0.592711,-0.120395
42823287,-0.314249,-0.731441,0.593446,-0.118591
42831620,-0.315315,-0.730823,0.594146,-0.116042
42839953,-0.314690,-0.730952,0.594657,-0.114288
42848286,-0.315088,-0.730728,0.595006,-0.112801
42856619,-0.314603,-0.731096,0.595341,-0.109966
42864952,-0.315967,-0.731005,0.594750,-0.109857
42873285,-0.317098,-0.730852,0.594791,-0.107367
42881618,-0.317026,-0.729953,0.595916,-0.107462
42889951,-0.317496,-0.730169,0.595494,-0.106942
42898284,-0.318416,-0.729310,0.596246,-0.105871
42906617,-0.317299,-0.728220,0.598657,-0.103088
42914950,-0.321214,-0.729800,0.594719,-0.102582
42923283,-0.322719,-0.729190,0.594316,-0.104512
42931616,-0.321956,-0.728573,0.595910,-0.102061
42939949,-0.323154,-0.727858,0.595698,-0.104585
42948282,-0.324798,-0.727570,0.595319,-0.103649
42956615,-0.325469,-0.727514,0.595219,-0.102508
42964948,-0.326422,-0.727940,0.594399,-0.101204
42973281,-0.325524,-0.726908,0.596729,-0.097741
42981614,-0.325487,-0.726891,0.596869,-0.097138
42989947,-0.327015,-0.727214,0.595473,-0.098150
42998280,-0.328376,-0.727871,0.593833,-0.098668
43006613,-0.327898,-0.727401,0.595022,-0.096535
43014946,-0.327782,-0.728301,0.594493,-0.093358
43023279,-0.330176,-0.728728,0.592565,-0.093843
43031612,-0.331380,-0.728039,0.592481,-0.095461
43039945,-0.332282,-0.728348,0.591455,-0.096325
43048278,-0.333839,-0.728275,0.590556,-0.097011
43056611,-0.333385,-0.728559,0.590645,-0.095888
43064944,-0.335426,-0.728067,0.590162,-0.095480
43073277,-0.336317,-0.728021,0.589377,-0.097527
43081610,-0.338193,-0.728532,0.587359,-0.099380
43089943,-0.340065,-0.728713,0.585909,-0.100219
43098276,-0.341053,-0.729121,0.585086,-0.098688
43106609,-0.343213,-0.729681,0.582350,-0.103146
43114942,-0.345852,-0.729951,0.579791,-0.106778
43123275,-0.346043,-0.729514,0.580275,-0.106509
43131608,-0.347278,-0.732184,0.575726,-0.108833
43139941,-0.349830,-0.734135,0.570815,-0.113290
43148274,-0.348578,-0.735079,0.570978,-0.110167
43156607,-0.350679,-0.736981,0.566660,-0.113048
43164940,-0.350814,-0.739656,0.562747,-0.114697
43173273,-0.352212,-0.742301,0.557719,-0.117835
43181606,-0.352592,-0.744375,0.553960,-0.121297
43189939,-0.352132,-0.748086,0.549136,-0.121742
43198272,-0.349757,-0.751760,0.546043,-0.119847
43206605,-0.353610,-0.754544,0.537975,-0.127307
43214938,-0.349889,-0.758833,0.534946,-0.124833
43223271,-0.349172,-0.762690,0.529403,-0.126948
43231604,-0.348357,-0.767355,0.522947,-0.127831
43239937,-0.348587,-0.769349,0.518958,-0.131419
43248270,-0.346785,-0.772140,0.515654,-0.132819
43256603,-0.345455,-0.775195,0.511298,-0.135305
43264936,-0.344012,-0.777035,0.509234,-0.136212
43273269,-0.349475,-0.779919,0.498338,-0.145784
43281602,-0.347454,-0.782579,0.495254,-0.146866
43289935,-0.347988,-0.785218,0.489066,-0.152156
43298268,-0.345695,-0.786462,0.488023,-0.154291
43306601,-0.342261,-0.788745,0.486617,-0.154734
43314934,-0.342173,-0.790837,0.481894,-0.158975
43323267,-0.339702,-0.792459,0.480558,-0.160235
43331600,-0.336229,-0.794286,0.480160,-0.159706
43339933,-0.334756,-0.796333,0.477226,-0.161392
43348266,-0.331499,-0.799064,0.475080,-0.160949
43356599,-0.327201,-0.802175,0.473990,-0.157443
43364932,-0.324452,-0.804794,0.472234,-0.155024
43373265,-0.318137,-0.809253,0.471272,-0.147650
43381598,-0.306020,-0.816831,0.472151,-0.127330
43389931,-0.296853,-0.821052,0.473081,-0.118090
43398264,-0.291558,-0.824752,0.471331,-0.112359
43406597,-0.289753,-0.826698,0.467693,-0.117801
43414930,-0.280976,-0.830656,0.468487,-0.107620
43423263,-0.268421,-0.836040,0.470633,-0.086558
43431596,-0.264868,-0.837950,0.468418,-0.090935
43439929,-0.265306,-0.839729,0.463144,-0.099827
43448262,-0.258738,-0.844661,0.460508,-0.086797
43456595,-0.261620,-0.844372,0.457914,-0.094369
43464928,-0.260801,-0.846794,0.453908,-0.094284
43473261,-0.246089,-0.853787,0.452668,-0.074691
43481594,-0.241608,-0.858316,0.447777,-0.066438
43489927,-0.236709,-0.862554,0.443349,-0.058400
43498260,-0.232440,-0.866497,0.438912,-0.050103
43506593,-0.230917,-0.868638,0.434942,-0.054510
43514926,-0.229892,-0.869628,0.432112,-0.064629
43523259,-0.223421,-0.874667,0.427239,-0.050080
43531592,-0.219841,-0.880244,0.418479,-0.041421
43539925,-0.210956,-0.881145,0.421097,-0.041927
43548258,-0.206754,-0.883958,0.417568,-0.038826
43556591,-0.210068,-0.887403,0.408094,-0.042969
43564924,-0.203931,-0.889137,0.406963,-0.047210
43573257,-0.201509,-0.893037,0.399922,-0.044055
43581590,-0.197614,-0.895693,0.395828,-0.044761
43589923,-0.195276,-0.899156,0.389357,-0.042267
43598256,-0.196266,-0.901536,0.381758,-0.054533
43606589,-0.201454,-0.901602,0.376007,-0.071751
43614922,-0.202133,-0.904502,0.368541,-0.072078
43623255,-0.204041,-0.907059,0.359870,-0.078131
43631588,-0.201621,-0.909382,0.354789,-0.080607
43639921,-0.197680,-0.911400,0.350616,-0.085681
43648254,-0.193821,-0.913855,0.344770,-0.091847
43656587,-0.191004,-0.915571,0.340529,-0.096368
43664920,-0.188112,-0.917842,0.335054,-0.099593
43673253,-0.185846,-0.920402,0.327867,-0.104041
43681586,-0.183275,-0.923347,0.319643,-0.108025
43689919,-0.181283,-0.926385,0.310099,-0.113075
43698252,-0.178722,-0.929026,0.301858,-0.117687
43706585,-0.184460,-0.929794,0.289966,-0.131821
43714918,-0.180844,-0.931368,0.284183,-0.138161
43723251,-0.184569,-0.931681,0.273007,-0.152878
43731584,-0.179678,-0.934423,0.264682,-0.156563
43739917,-0.182570,-0.933896,0.255623,-0.170769
43748250,-0.182060,-0.933847,0.246730,-0.184144
43756583,-0.179841,-0.934290,0.238361,-0.194792
43764916,-0.179057,-0.933666,0.229814,-0.208306
43773249,-0.175974,-0.933147,0.225646,-0.217609
43781582,-0.174596,-0.932341,0.219066,-0.228617
43789915,-0.173076,-0.931230,0.212422,-0.240276
43798248,-0.171644,-0.929125,0.207346,-0.253522
43806581,-0.170195,-0.928611,0.203160,-0.259695
43814914,-0.167781,-0.928681,0.199676,-0.263685
43823247,-0.164138,-0.929376,0.196447,-0.265949
43831580,-0.163101,-0.929070,0.193109,-0.270065
43839913,-0.158323,-0.931548,0.192038,-0.265092
43848246,-0.157171,-0.931846,0.188172,-0.267490
43856579,-0.156588,-0.932265,0.183869,-0.269359
43864912,-0.156420,-0.932586,0.178836,-0.271722
43873245,-0.156663,-0.932630,0.175001,-0.273922
43881578,-0.157029,-0.933122,0.171467,-0.274271
43889911,-0.156782,-0.933565,0.165609,-0.276495
43898244,-0.155413,-0.935217,0.161047,-0.274373
43906577,-0.156824,-0.935076,0.153927,-0.278111
43914910,-0.157297,-0.935828,0.150208,-0.277348
43923243,-0.156982,-0.936565,0.145760,-0.277409
43931576,-0.157949,-0.937494,0.138395,-0.277497
43939909,-0.158435,-0.938388,0.131457,-0.277571
43948242,-0.160041,-0.938449,0.124327,-0.279720
43956575,-0.161589,-0.938402,0.116999,-0.282139
43964908,-0.162534,-0.939416,0.111426,-0.280473
43973241,-0.163736,-0.939806,0.104504,-0.281129
43981574,-0.165382,-0.940067,0.096369,-0.282200
43989907,-0.167506,-0.939912,0.087789,-0.284255
43998240,-0.168362,-0.941801,0.081681,-0.279273
44006573,-0.170748,-0.941917,0.076268,-0.278965
44014906,-0.173630,-0.940853,0.069082,-0.282622
44023239,-0.175792,-0.940732,0.062279,-0.283271
44031572,-0.178319,-0.940858,0.055106,-0.282757
44039905,-0.180242,-0.941401,0.048379,-0.280955
44048238,-0.183114,-0.941309,0.043303,-0.280235
44056571,-0.184583,-0.942426,0.038131,-0.276239
44064904,-0.186508,-0.942193,0.031848,-0.276538
44073237,-0.187239,-0.942594,0.024999,-0.275379
44081570,-0.189611,-0.941574,0.020157,-0.277632
44089903,-0.191109,-0.941932,0.015847,-0.275663
44098236,-0.193031,-0.940599,0.012498,-0.279026
44106569,-0.193996,-0.940831,0.007097,-0.277761
44114902,-0.195181,-0.941137,0.002655,-0.275970
44123235,-0.195875,-0.940478,-0.000821,-0.277729
44131568,-0.196225,-0.940280,-0.005004,-0.278109
44139901,-0.197129,-0.940087,-0.008317,-0.278043
44148234,-0.198186,-0.939892,-0.012873,-0.277776
44156567,-0.198458,-0.939788,-0.016726,-0.277727
44164900,-0.198922,-0.939148,-0.020452,-0.279307
44173233,-0.199044,-0.939242,-0.024751,-0.278557
44181566,-0.198723,-0.939457,-0.028301,-0.277721
44189899,-0.199285,-0.939158,-0.032420,-0.277880
44198232,-0.199604,-0.938381,-0.036632,-0.279746
44206565,-0.199765,-0.938237,-0.041079,-0.279496
44214898,-0.199323,-0.937855,-0.044623,-0.280550
44223231,-0.198750,-0.937749,-0.047993,-0.280753
44231564,-0.197776,-0.937525,-0.051746,-0.281519
44239897,-0.196381,-0.937532,-0.055444,-0.281769
44248230,-0.194914,-0.936908,-0.059238,-0.284082
44256563,-0.194668,-0.936730,-0.061154,-0.284432
44264896,-0.193327,-0.937259,-0.063438,-0.283098
44273229,-0.192242,-0.936679,-0.067180,-0.284891
44281562,-0.191084,-0.936084,-0.070345,-0.286852
44289895,-0.190144,-0.935286,-0.074191,-0.289103
44298228,-0.187820,-0.935879,-0.077366,-0.287871
44306561,-0.186352,-0.935213,-0.081378,-0.289873
44314894,-0.184692,-0.934997,-0.085296,-0.290506
44323227,-0.183733,-0.934462,-0.089906,-0.291445
44331560,-0.181452,-0.934832,-0.094408,-0.290262
44339893,-0.179576,-0.934795,-0.098757,-0.290100
44348226,-0.179040,-0.935284,-0.103566,-0.287162
44356559,-0.177284,-0.937482,-0.107770,-0.279434
44364892,-0.177254,-0.938605,-0.111321,-0.274244
44373225,-0.175577,-0.939730,-0.115923,-0.269521
44381558,-0.174976,-0.940857,-0.119734,-0.264262
44389891,-0.174109,-0.941157,-0.124528,-0.261540
44398224,-0.170481,-0.940937,-0.128783,-0.262656
44406557,-0.168765,-0.941776,-0.133191,-0.258526
44414890,-0.163677,-0.941277,-0.137539,-0.261326
44423223,-0.159502,-0.940233,-0.140681,-0.265953
44431556,-0.160960,-0.940876,-0.146206,-0.259746
44439889,-0.162008,-0.944128,-0.149275,-0.245138
44448222,-0.154858,-0.943655,-0.150778,-0.250600
44456555,-0.148743,-0.942482,-0.154755,-0.256232
44464888,-0.144528,-0.941605,-0.158191,-0.259743
44473221,-0.140891,-0.940980,-0.161172,-0.262163
44481554,-0.137556,-0.940667,-0.163909,-0.263358
44489887,-0.134151,-0.940422,-0.166813,-0.264166
44498220,-0.137767,-0.942333,-0.173391,-0.250925
44506553,-0.136379,-0.943297,-0.175707,-0.246411
44514886,-0.131129,-0.943386,-0.177731,-0.247467
44523219,-0.126736,-0.943046,-0.178687,-0.250346
44531552,-0.123035,-0.943016,-0.181198,-0.250502
44539885,-0.119962,-0.943291,-0.182776,-0.249807
44548218,-0.116491,-0.943223,-0.183381,-0.251261
44556551,-0.114617,-0.943103,-0.184251,-0.251937
44564884,-0.111930,-0.943016,-0.185370,-0.252647
44573217,-0.114862,-0.942507,-0.187111,-0.251945
44581550,-0.115467,-0.942615,-0.189509,-0.249460
44589883,-0.114093,-0.941708,-0.190374,-0.252837
44598216,-0.111689,-0.941505,-0.189887,-0.255024
44606549,-0.104919,-0.936939,-0.190555,-0.273543
44614882,-0.099276,-0.935435,-0.188484,-0.282099
44623215,-0.094074,-0.935281,-0.187322,-0.285148
44631548,-0.090526,-0.934692,-0.183837,-0.290449
44639881,-0.087064,-0.933845,-0.180274,-0.296402
44648214,-0.083559,-0.933576,-0.178213,-0.299488
44656547,-0.079618,-0.933372,-0.175924,-0.302536
44664880,-0.075559,-0.932531,-0.173385,-0.307594
44673213,-0.070777,-0.930668,-0.171846,-0.315146
44681546,-0.066926,-0.932271,-0.168620,-0.312984
44689879,-0.063353,-0.932629,-0.165687,-0.314225
44698212,-0.060572,-0.933466,-0.162695,-0.313850
44706545,-0.058241,-0.933830,-0.159263,-0.314967
44714878,-0.056385,-0.933973,-0.156176,-0.316425
44723211,-0.053102,-0.933961,-0.154530,-0.317834
44731544,-0.051918,-0.934507,-0.151104,-0.318069
44739877,-0.051177,-0.934423,-0.147336,-0.320197
44748210,-0.049009,-0.934850,-0.144747,-0.320472
44756543,-0.048754,-0.935600,-0.142391,-0.319376
44764876,-0.048315,-0.935852,-0.140295,-0.319632
44773209,-0.048640,-0.936193,-0.138026,-0.319571
44781542,-0.050215,-0.936104,-0.137615,-0.319766
44789875,-0.050585,-0.936035,-0.136879,-0.320223
44798208,-0.052466,-0.936482,-0.135199,-0.319328
44806541,-0.054673,-0.936596,-0.134991,-0.318711
44814874,-0.057048,-0.935879,-0.132647,-0.321372
44823207,-0.059324,-0.935154,-0.133935,-0.322535
44831540,-0.061306,-0.934623,-0.135233,-0.323161
44839873,-0.064809,-0.934901,-0.134612,-0.321931
44848206,-0.068452,-0.934633,-0.135124,-0.321740
44856539,-0.072534,-0.934579,-0.136271,-0.320517
44864872,-0.075207,-0.934131,-0.136793,-0.320986
44873205,-0.077481,-0.933569,-0.137281,-0.321869
44881538,-0.082723,-0.933430,-0.138161,-0.320588
44889871,-0.087027,-0.932692,-0.139910,-0.320837
44898204,-0.091549,-0.932195,-0.141287,-0.320421
44906537,-0.096593,-0.932052,-0.141170,-0.319406
44914870,-0.101415,-0.931785,-0.142076,-0.318286
44923203,-0.104414,-0.931704,-0.143527,-0.316900
44931536,-0.109191,-0.930865,-0.144195,-0.317452
44939869,-0.114525,-0.930346,-0.143784,-0.317280
44948202,-0.119834,-0.930133,-0.143740,-0.315959
44956535,-0.124892,-0.929949,-0.143558,-0.314624
44964868,-0.129124,-0.929178,-0.143859,-0.315054
44973201,-0.132802,-0.928815,-0.142812,-0.315072
44981534,-0.136887,-0.928079,-0.143079,-0.315372
44989867,-0.140652,-0.927418,-0.143346,-0.315539
44998200,-0.145108,-0.926746,-0.142595,-0.315837
45006533,-0.149283,-0.926706,-0.141841,-0.314343
45014866,-0.151912,-0.925755,-0.141686,-0.315952
45023199,-0.156502,-0.925263,-0.140239,-0.315799
45031532,-0.159711,-0.925287,-0.140782,-0.313875
45039865,-0.163091,-0.925336,-0.140627,-0.312056
45048198,-0.166235,-0.925437,-0.139241,-0.310715
45056531,-0.167489,-0.924820,-0.140158,-0.311468
45064864,-0.171030,-0.924274,-0.138905,-0.311725
45073197,-0.173648,-0.924249,-0.137644,-0.310909
45081530,-0.176365,-0.923647,-0.138000,-0.311010
45089863,-0.178139,-0.923847,-0.138812,-0.309038
45098196,-0.180933,-0.924196,-0.136811,-0.307259
45106529,-0.182284,-0.924234,-0.135877,-0.306758
45114862,-0.184074,-0.924078,-0.135868,-0.306164
45123195,-0.185522,-0.925058,-0.134433,-0.302946
45131528,-0.185864,-0.924629,-0.135301,-0.303662
45139861,-0.186464,-0.924625,-0.134951,-0.303459
45148194,-0.187239,-0.924631,-0.133749,-0.303497
45156527,-0.188528,-0.924421,-0.132030,-0.304091
45164860,-0.188936,-0.925102,-0.130484,-0.302429
45173193,-0.188376,-0.925643,-0.128695,-0.301889
45181526,-0.188495,-0.925594,-0.126900,-0.302725
45189859,-0.188988,-0.926497,-0.125856,-0.300080
45198192,-0.188700,-0.926460,-0.124505,-0.300935
45206525,-0.187638,-0.926351,-0.123788,-0.302228
45214858,-0.186187,-0.926255,-0.122709,-0.303855
45223191,-0.184465,-0.927955,-0.121071,-0.300358
45231524,-0.182610,-0.928427,-0.120400,-0.300301
45239857,-0.181783,-0.928275,-0.118480,-0.302032
45248190,-0.178751,-0.929705,-0.116766,-0.300104
45256523,-0.176732,-0.929938,-0.116710,-0.300599
45264856,-0.175506,-0.929945,-0.115848,-0.301628
45273189,-0.173239,-0.930843,-0.114376,-0.300729
45281522,-0.169990,-0.931378,-0.114346,-0.300938
45289855,-0.167667,-0.931639,-0.113415,-0.301784
45298188,-0.165729,-0.931891,-0.112453,-0.302436
45306521,-0.163438,-0.933429,-0.109848,-0.299887
45314854,-0.161000,-0.933577,-0.109968,-0.300699
45323187,-0.157846,-0.933148,-0.111134,-0.303264
45331520,-0.154909,-0.933798,-0.111053,-0.302805
45339853,-0.152865,-0.934481,-0.110146,-0.302069
45348186,-0.150020,-0.935024,-0.110256,-0.301774
45356519,-0.147249,-0.934804,-0.110313,-0.303794
45364852,-0.144249,-0.935029,-0.110636,-0.304423
45373185,-0.142139,-0.935304,-0.108756,-0.305246
45381518,-0.139732,-0.936328,-0.106584,-0.303983
45389851,-0.135152,-0.937932,-0.106897,-0.300983
45398184,-0.132736,-0.936945,-0.107166,-0.305010
45406517,-0.130072,-0.937415,-0.106264,-0.305030
45414850,-0.127310,-0.937791,-0.105613,-0.305265
45423183,-0.124700,-0.937891,-0.104192,-0.306520
45431516,-0.122251,-0.937530,-0.103990,-0.308672
45439849,-0.120114,-0.937557,-0.103025,-0.309751
45448182,-0.116859,-0.938237,-0.101451,-0.309457
45456515,-0.114713,-0.938692,-0.101211,-0.308958
45464848,-0.113467,-0.938210,-0.101039,-0.310931
45473181,-0.111863,-0.937945,-0.100401,-0.312514
45481514,-0.110119,-0.938541,-0.099528,-0.311622
45489847,-0.108156,-0.938711,-0.099430,-0.311830
45498180,-0.105276,-0.938880,-0.100050,-0.312106
45506513,-0.103931,-0.939130,-0.100171,-0.311766
45514846,-0.104270,-0.938338,-0.099719,-0.314175
45523179,-0.103431,-0.938012,-0.100335,-0.315228
45531512,-0.102309,-0.937856,-0.100722,-0.315933
45539845,-0.101840,-0.938270,-0.101528,-0.314595
45548178,-0.102073,-0.937709,-0.101539,-0.316184
45556511,-0.102471,-0.937523,-0.101835,-0.316513
45564844,-0.102636,-0.937108,-0.102246,-0.317554
45573177,-0.102382,-0.937534,-0.102935,-0.316153
45581510,-0.102935,-0.937725,-0.103279,-0.315294
45589843,-0.103193,-0.937825,-0.104175,-0.314615
45598176,-0.103093,-0.938046,-0.104098,-0.314015
45606509,-0.104283,-0.937463,-0.105124,-0.315018
45614842,-0.104957,-0.937000,-0.106024,-0.315870
45623175,-0.105240,-0.936699,-0.107115,-0.316299
45631508,-0.105780,-0.937041,-0.107445,-0.314991
45639841,-0.105664,-0.936852,-0.109020,-0.315053
45648174,-0.106360,-0.937066,-0.108559,-0.314341
45656507,-0.107363,-0.936890,-0.108153,-0.314664
45664840,-0.108504,-0.937849,-0.106489,-0.311972
45673173,-0.109992,-0.937702,-0.106734,-0.311808
45681506,-0.110858,-0.937549,-0.107989,-0.311530
45689839,-0.112297,-0.937372,-0.107288,-0.311788
45698172,-0.113378,-0.937175,-0.107310,-0.311984
45706505,-0.114072,-0.937344,-0.107456,-0.311170
45714838,-0.114956,-0.937696,-0.107013,-0.309934
45723171,-0.115393,-0.938411,-0.107001,-0.307602
45731504,-0.116646,-0.938023,-0.107132,-0.308267
45739837,-0.117969,-0.937129,-0.107512,-0.310344
45748170,-0.118829,-0.937182,-0.107300,-0.309931
45756503,-0.119426,-0.937396,-0.107306,-0.309049
45764836,-0.120231,-0.937831,-0.106573,-0.307668
45773169,-0.120959,-0.937018,-0.106877,-0.309749
45781502,-0.121590,-0.937048,-0.107902,-0.309053
45789835,-0.122641,-0.937320,-0.107870,-0.307823
45798168,-0.124095,-0.937481,-0.106777,-0.307128
45806501,-0.125220,-0.937007,-0.107196,-0.307971
45814834,-0.126334,-0.937148,-0.106801,-0.307225
45823167,-0.127168,-0.937124,-0.106694,-0.306990
45831500,-0.127432,-0.937130,-0.106469,-0.306941
45839833,-0.127772,-0.937193,-0.106104,-0.306734
45848166,-0.129470,-0.936851,-0.105458,-0.307289
45856499,-0.131062,-0.936922,-0.104865,-0.306600
45864832,-0.131765,-0.937409,-0.104275,-0.305008
45873165,-0.132684,-0.937123,-0.104390,-0.305447
45881498,-0.134024,-0.937825,-0.103833,-0.302887
45889831,-0.134479,-0.937626,-0.103682,-0.303352
45898164,-0.134968,-0.937441,-0.103614,-0.303730
45906497,-0.134723,-0.937920,-0.104269,-0.302133
45914830,-0.134977,-0.937634,-0.104645,-0.302776
45923163,-0.135951,-0.937818,-0.103600,-0.302128
45931496,-0.136858,-0.937449,-0.102641,-0.303191
45939829,-0.137085,-0.937645,-0.102063,-0.302676
45948162,-0.137287,-0.937768,-0.101847,-0.302277
45956495,-0.137172,-0.937982,-0.101454,-0.301795
45964828,-0.137088,-0.937996,-0.100251,-0.302191
45973161,-0.137601,-0.938339,-0.100681,-0.300747
45981494,-0.137874,-0.938292,-0.100364,-0.300876
45989827,-0.137740,-0.938131,-0.099956,-0.301573
45998160,-0.137387,-0.938561,-0.099606,-0.300511
46006493,-0.137566,-0.938464,-0.100087,-0.300571
46014826,-0.138046,-0.938774,-0.100072,-0.299386
46023159,-0.138185,-0.938873,-0.099380,-0.299242
46031492,-0.138005,-0.940084,-0.099425,-0.295484
46039825,-0.138761,-0.940649,-0.098449,-0.293654
46048158,-0.139228,-0.941403,-0.097863,-0.291202
46056491,-0.141253,-0.942072,-0.097453,-0.288187
46064824,-0.142319,-0.942691,-0.097330,-0.285667
46073157,-0.142439,-0.944009,-0.097289,-0.281236
46081490,-0.143169,-0.945039,-0.096553,-0.277636
46089823,-0.143817,-0.946177,-0.096369,-0.273458
46098156,-0.143901,-0.946740,-0.096430,-0.271434
46106489,-0.143592,-0.947418,-0.096311,-0.269266
46114822,-0.143545,-0.947796,-0.096182,-0.268004
46123155,-0.143486,-0.947995,-0.096613,-0.267176
46131488,-0.143435,-0.948265,-0.096577,-0.266256
46139821,-0.143335,-0.948680,-0.096484,-0.264864
46148154,-0.143427,-0.949000,-0.096326,-0.263723
46156487,-0.143269,-0.949252,-0.096078,-0.262990
46164820,-0.143118,-0.949786,-0.096420,-0.261010
46173153,-0.142945,-0.950309,-0.096444,-0.259186
46181486,-0.143597,-0.950207,-0.095828,-0.259431
46189819,-0.143710,-0.950609,-0.095192,-0.258124
46198152,-0.143124,-0.951286,-0.095258,-0.255921
46206485,-0.145557,-0.953124,-0.095516,-0.247478
46214818,-0.145777,-0.953640,-0.095479,-0.245363
46223151,-0.145565,-0.953768,-0.094780,-0.245262
46231484,-0.143482,-0.953268,-0.093898,-0.248748
46239817,-0.141734,-0.952398,-0.093052,-0.253358
46248150,-0.145293,-0.954287,-0.093368,-0.243944
46256483,-0.146263,-0.954904,-0.093552,-0.240858
46264816,-0.154587,-0.943306,-0.096703,-0.277353
46273149,-0.142226,-0.949170,-0.092276,-0.265203
46281482,-0.138247,-0.951990,-0.090254,-0.257792
46289815,-0.138299,-0.952566,-0.088977,-0.256076
46298148,-0.137873,-0.952402,-0.088252,-0.257163
46306481,-0.137634,-0.953140,-0.086862,-0.255021
46314814,-0.137130,-0.953101,-0.086335,-0.255617
46323147,-0.137063,-0.951461,-0.086913,-0.261500
46331480,-0.136868,-0.951737,-0.085850,-0.260949
46339813,-0.136855,-0.952276,-0.085147,-0.259211
46348146,-0.136980,-0.951840,-0.084846,-0.260840
46356479,-0.136912,-0.952190,-0.084208,-0.259804
46364812,-0.136221,-0.953434,-0.084031,-0.255628
46373145,-0.138667,-0.955313,-0.083812,-0.247231
46381478,-0.135959,-0.953739,-0.083189,-0.254905
46389811,-0.134572,-0.953046,-0.083079,-0.258249
46398144,-0.136981,-0.954774,-0.083386,-0.250378
46406477,-0.140172,-0.955529,-0.083998,-0.245480
46414810,-0.138993,-0.955023,-0.082696,-0.248544
46423143,-0.138152,-0.954514,-0.082793,-0.250924
46431476,-0.135546,-0.953537,-0.081264,-0.256496
46439809,-0.135856,-0.953063,-0.079912,-0.258511
46448142,-0.135291,-0.952627,-0.080134,-0.260340
46456475,-0.137784,-0.953144,-0.081001,-0.256848
46464808,-0.135113,-0.951937,-0.079864,-0.263027
46473141,-0.135266,-0.951455,-0.079027,-0.264937
46481474,-0.136998,-0.951753,-0.078267,-0.263197
46489807,-0.137401,-0.951614,-0.078581,-0.263393
46498140,-0.137843,-0.951240,-0.078548,-0.264520
46506473,-0.138674,-0.951623,-0.077950,-0.262882
46514806,-0.139076,-0.952439,-0.077451,-0.259845
46523139,-0.139180,-0.952140,-0.078731,-0.260501
46531472,-0.140270,-0.950703,-0.078627,-0.265154
46539805,-0.140334,-0.949935,-0.080075,-0.267428
46548138,-0.140515,-0.949958,-0.080042,-0.267263
46556471,-0.141583,-0.950122,-0.078826,-0.266476
46564804,-0.142350,-0.950646,-0.077756,-0.264506
46573137,-0.143141,-0.950336,-0.076973,-0.265419
46581470,-0.143878,-0.950297,-0.076998,-0.265152
46589803,-0.144436,-0.949627,-0.078054,-0.266935
46598136,-0.144163,-0.948734,-0.079975,-0.269677
46606469,-0.144729,-0.949414,-0.079286,-0.267171
46614802,-0.145568,-0.949385,-0.078932,-0.266924
46623135,-0.145824,-0.949324,-0.079546,-0.266816
46631468,-0.145983,-0.949316,-0.080273,-0.266541
46639801,-0.146442,-0.949700,-0.080018,-0.264993
46648134,-0.146799,-0.949542,-0.080255,-0.265292
46656467,-0.147490,-0.950069,-0.079696,-0.263180
46664800,-0.147643,-0.950039,-0.079760,-0.263184
46673133,-0.147894,-0.949799,-0.079822,-0.263890
46681466,-0.148512,-0.949984,-0.079756,-0.262893
46689799,-0.149096,-0.950449,-0.079772,-0.260871
46698132,-0.149071,-0.950065,-0.079919,-0.262235
46706465,-0.149555,-0.950286,-0.079607,-0.261252
46714798,-0.150225,-0.950293,-0.079357,-0.260919
46723131,-0.149847,-0.950040,-0.079968,-0.261870
46731464,-0.149474,-0.949374,-0.080543,-0.264309
46739797,-0.149687,-0.949388,-0.080219,-0.264236
46748130,-0.149593,-0.949416,-0.080061,-0.264238
46756463,-0.149633,-0.948564,-0.080867,-0.267014
46764796,-0.149381,-0.949085,-0.080241,-0.265488
46773129,-0.149287,-0.949786,-0.080097,-0.263067
46781462,-0.148728,-0.950373,-0.079540,-0.261428
46789795,-0.147933,-0.950825,-0.079374,-0.260284
46798128,-0.147704,-0.950935,-0.078123,-0.260388
46806461,-0.147465,-0.951337,-0.078324,-0.258993
46814794,-0.147709,-0.952138,-0.077843,-0.256039
46823127,-0.147113,-0.951674,-0.077899,-0.258083
46831460,-0.146408,-0.951622,-0.078416,-0.258519
46839793,-0.146207,-0.951360,-0.078175,-0.259665
46848126,-0.145504,-0.951237,-0.078190,-0.260505
46856459,-0.143346,-0.952081,-0.078657,-0.258470
46864792,-0.142619,-0.952315,-0.077891,-0.258242
46873125,-0.141685,-0.952734,-0.076414,-0.257652
46881458,-0.141565,-0.953167,-0.076120,-0.256199
46889791,-0.141539,-0.953631,-0.074719,-0.254896
46898124,-0.141884,-0.954238,-0.074475,-0.252490
46906457,-0.144776,-0.956626,-0.073681,-0.241821
46914790,-0.138588,-0.954685,-0.069839,-0.253952
46923123,-0.137076,-0.954407,-0.068731,-0.256114
46931456,-0.137105,-0.956952,-0.067864,-0.246656
46939789,-0.135848,-0.957400,-0.068000,-0.245572
46948122,-0.134303,-0.957737,-0.067224,-0.245324
46956455,-0.135825,-0.959621,-0.067109,-0.237013
46964788,-0.142817,-0.962817,-0.069271,-0.218607
46973121,-0.140226,-0.963240,-0.066930,-0.219147
46981454,-0.136035,-0.962790,-0.063852,-0.224616
46989787,-0.133902,-0.962275,-0.061553,-0.228710
46998120,-0.132823,-0.962253,-0.060861,-0.229617
47006453,-0.132872,-0.962210,-0.059731,-0.230065
47014786,-0.132557,-0.962248,-0.058934,-0.230292
47023119,-0.131907,-0.962496,-0.058055,-0.229853
47031452,-0.130865,-0.962409,-0.057713,-0.230896
47039785,-0.130894,-0.962527,-0.056806,-0.230611
47048118,-0.131023,-0.962586,-0.055885,-0.230516
47056451,-0.131189,-0.962104,-0.055637,-0.232485
47064784,-0.131373,-0.962276,-0.054430,-0.231956
47073117,-0.131100,-0.962466,-0.053045,-0.231643
47081450,-0.130754,-0.962510,-0.051485,-0.232005
47089783,-0.130322,-0.962652,-0.051080,-0.231749
47098116,-0.129763,-0.962801,-0.049466,-0.231796
47106449,-0.129695,-0.963157,-0.046946,-0.230876
47114782,-0.130078,-0.963598,-0.044813,-0.229238
47123115,-0.130503,-0.963461,-0.043746,-0.229779
47131448,-0.130727,-0.963546,-0.042295,-0.229564
47139781,-0.131182,-0.963606,-0.040953,-0.229296
47148114,-0.130833,-0.963930,-0.039451,-0.228398
47156447,-0.131223,-0.963937,-0.037407,-0.228489
47164780,-0.131150,-0.964073,-0.034231,-0.228453
47173113,-0.131219,-0.964380,-0.031555,-0.227500
47181446,-0.131353,-0.964588,-0.029510,-0.226816
47189779,-0.131844,-0.964849,-0.027464,-0.225675
47198112,-0.132712,-0.964847,-0.026143,-0.225330
47206445,-0.132614,-0.964707,-0.023319,-0.226298
47214778,-0.132953,-0.964918,-0.019385,-0.225568
47223111,-0.133580,-0.965061,-0.016460,-0.224816
47231444,-0.133116,-0.965365,-0.014565,-0.223917
47239777,-0.132073,-0.966128,-0.011000,-0.221432
47248110,-0.132375,-0.966131,-0.006484,-0.221417
47256443,-0.133121,-0.966066,-0.003883,-0.221315
47264776,-0.134248,-0.966593,0.001097,-0.218343
47273109,-0.134604,-0.966483,0.003707,-0.218583
47281442,-0.135564,-0.966652,0.008699,-0.217097
47289775,-0.136118,-0.966815,0.013759,-0.215758
47298108,-0.136035,-0.966759,0.018095,-0.215739
47306441,-0.137191,-0.966590,0.022636,-0.215337
47314774,-0.137420,-0.966537,0.027018,-0.214923
47323107,-0.137517,-0.966864,0.030827,-0.212869
47331440,-0.137795,-0.966562,0.034890,-0.213434
47339773,-0.137991,-0.966470,0.039957,-0.212833
47348106,-0.138429,-0.966459,0.044099,-0.211778
47356439,-0.138856,-0.966145,0.047876,-0.212112
47364772,-0.138820,-0.966332,0.051999,-0.210303
47373105,-0.139687,-0.965864,0.056010,-0.210848
47381438,-0.140958,-0.965712,0.061324,-0.209212
47389771,-0.141680,-0.965408,0.066523,-0.208542
47398104,-0.142714,-0.965170,0.070006,-0.207797
47406437,-0.144041,-0.964796,0.075729,-0.206608
47414770,-0.144299,-0.964747,0.079968,-0.205051
47423103,-0.146649,-0.963952,0.084215,-0.205425
47431436,-0.146474,-0.963725,0.090775,-0.203810
47439769,-0.148276,-0.962636,0.096431,-0.205052
47448102,-0.149863,-0.961921,0.101042,-0.205034
47456435,-0.150984,-0.961337,0.105794,-0.204553
47464768,-0.152342,-0.960792,0.110382,-0.203680
47473101,-0.155362,-0.962246,0.113128,-0.192738
47481434,-0.158209,-0.962306,0.116622,-0.187979
47489767,-0.159559,-0.961908,0.120805,-0.186224
47498100,-0.163173,-0.959662,0.125904,-0.191236
47506433,-0.164884,-0.958098,0.130453,-0.194535
47514766,-0.167793,-0.955225,0.133866,-0.203642
47523099,-0.171152,-0.952398,0.134969,-0.213139
47531432,-0.173779,-0.949908,0.138052,-0.220040
47539765,-0.177287,-0.947159,0.142470,-0.226188
47548098,-0.179125,-0.945602,0.146043,-0.228958
47556431,-0.181224,-0.943466,0.148033,-0.234769
47564764,-0.183309,-0.942058,0.154309,-0.234761
47573097,-0.185811,-0.940273,0.158463,-0.237173
47581430,-0.189225,-0.937934,0.162440,-0.241014
47589763,-0.191324,-0.936953,0.166255,-0.240568
47598096,-0.194624,-0.934348,0.170216,-0.245237
47606429,-0.197077,-0.932350,0.174775,-0.247662
47614762,-0.200096,-0.930005,0.176725,-0.252627
47623095,-0.203050,-0.927336,0.181759,-0.256481
47631428,-0.206758,-0.924002,0.183435,-0.264240
47639761,-0.209291,-0.921772,0.186381,-0.267948
47648094,-0.212326,-0.919319,0.191456,-0.270396
47656427,-0.214998,-0.917449,0.196285,-0.271174
47664760,-0.218721,-0.914740,0.198981,-0.275352
47673093,-0.222082,-0.912224,0.200740,-0.279698
47681426,-0.223970,-0.910844,0.203267,-0.280862
47689759,-0.227788,-0.908386,0.206021,-0.283729
47698092,-0.231531,-0.905757,0.209831,-0.286302
47706425,-0.233595,-0.904544,0.213444,-0.285788
47714758,-0.235894,-0.903501,0.216954,-0.284554
47723091,-0.238269,-0.902445,0.220588,-0.283128
47731424,-0.242322,-0.900113,0.222806,-0.285365
47739757,-0.245589,-0.897972,0.228197,-0.285060
47748090,-0.249162,-0.895515,0.230881,-0.287517
47756423,-0.253064,-0.892698,0.234193,-0.290175
47764756,-0.257066,-0.889903,0.237955,-0.292176
47773089,-0.261169,-0.886810,0.244115,-0.292860
47781422,-0.264253,-0.885133,0.250203,-0.290014
47789755,-0.268637,-0.882440,0.253917,-0.290965
47798088,-0.271881,-0.880336,0.259414,-0.289473
47806421,-0.276469,-0.877225,0.264823,-0.289673
47814754,-0.279593,-0.875227,0.269305,-0.288582
47823087,-0.283661,-0.872711,0.272642,-0.289101
47831420,-0.287388,-0.870393,0.277125,-0.288143
47839753,-0.290777,-0.868199,0.280873,-0.287732
47848086,-0.292902,-0.866638,0.285835,-0.285387
47856419,-0.295203,-0.865242,0.290360,-0.282669
47864752,-0.295037,-0.865157,0.297592,-0.275492
47873085,-0.296081,-0.864201,0.303735,-0.270626
47881418,-0.297889,-0.862399,0.309046,-0.268367
47889751,-0.297973,-0.861084,0.317836,-0.262157
47898084,-0.295994,-0.862883,0.324053,-0.250620
47906417,-0.297247,-0.860846,0.330287,-0.247991
47914750,-0.297285,-0.859258,0.338463,-0.242363
47923083,-0.296189,-0.858218,0.347343,-0.234706
47931416,-0.294921,-0.857218,0.355991,-0.226871
47939749,-0.292577,-0.855600,0.367221,-0.217937
47948082,-0.289754,-0.853739,0.378358,-0.209805
47956415,-0.289858,-0.850897,0.385740,-0.207752
47964748,-0.287984,-0.848077,0.395803,-0.202903
47973081,-0.286060,-0.844519,0.406439,-0.199410
47981414,-0.285884,-0.840850,0.414472,-0.198631
47989747,-0.284870,-0.837264,0.423170,-0.196890
47998080,-0.283270,-0.831876,0.435051,-0.196140
48006413,-0.281018,-0.828886,0.442867,-0.194539
48014746,-0.280875,-0.824820,0.449344,-0.197156
48023079,-0.279961,-0.820226,0.457464,-0.198943
48031412,-0.279714,-0.816771,0.462978,-0.200740
48039745,-0.277052,-0.812992,0.471052,-0.200990
48048078,-0.275458,-0.808549,0.479452,-0.201238
48056411,-0.274259,-0.806143,0.482941,-0.204164
48064744,-0.274664,-0.803286,0.485813,-0.208034
48073077,-0.273272,-0.800370,0.490759,-0.209488
48081410,-0.271655,-0.799427,0.493114,-0.209663
48089743,-0.270789,-0.799361,0.493447,-0.210250
48098076,-0.272363,-0.796660,0.494920,-0.214954
48106409,-0.270267,-0.795691,0.497870,-0.214376
48114742,-0.268863,-0.794480,0.500533,-0.214431
48123075,-0.268280,-0.792652,0.503685,-0.214548
48131408,-0.267324,-0.791306,0.507023,-0.212840
48139741,-0.264692,-0.789490,0.513242,-0.207909
48148074,-0.263627,-0.789215,0.515695,-0.204202
48156407,-0.259568,-0.788280,0.521823,-0.197332
48164740,-0.255595,-0.788042,0.526970,-0.189640
48173073,-0.251112,-0.787533,0.532898,-0.180983
48181406,-0.250265,-0.786516,0.536310,-0.176442
48189739,-0.245623,-0.785474,0.542663,-0.167979
48198072,-0.241999,-0.785126,0.547104,-0.160284
48206405,-0.239925,-0.783498,0.552329,-0.153296
48214738,-0.237040,-0.782206,0.557195,-0.146631
48223071,-0.233798,-0.780681,0.562523,-0.139435
48231404,-0.231312,-0.779395,0.566750,-0.133543
48239737,-0.230415,-0.777255,0.570804,-0.130256
48248070,-0.228272,-0.774597,0.576234,-0.125880
48256403,-0.227441,-0.772887,0.579698,-0.121926
48264736,-0.227245,-0.770994,0.583069,-0.118144
48273069,-0.228307,-0.767258,0.587885,-0.116539
48281402,-0.226102,-0.765550,0.591717,-0.112616
48289735,-0.226812,-0.763318,0.594796,-0.110088
48298068,-0.226584,-0.761081,0.598494,-0.105924
48306401,-0.228594,-0.757906,0.602019,-0.104388
48314734,-0.230321,-0.755254,0.605213,-0.101299
48323067,-0.232508,-0.751039,0.609547,-0.101650
48331400,-0.234499,-0.748425,0.612428,-0.099005
48339733,-0.237612,-0.744920,0.615497,-0.098983
48348066,-0.240778,-0.740332,0.620113,-0.096922
48356399,-0.246175,-0.736631,0.622201,-0.098176
48364732,-0.250335,-0.731515,0.626414,-0.099107
48373065,-0.255565,-0.727401,0.629267,-0.097971
48381398,-0.264008,-0.722480,0.631043,-0.100538
48389731,-0.272393,-0.717392,0.632618,-0.104623
48398064,-0.279204,-0.711585,0.635471,-0.108948
48406397,-0.285663,-0.707085,0.637546,-0.109370
48414730,-0.294229,-0.700720,0.639904,-0.113771
48423063,-0.300807,-0.695433,0.642351,-0.115206
48431396,-0.312879,-0.688488,0.642010,-0.126152
48439729,-0.322951,-0.681582,0.642961,-0.133225
48448062,-0.331365,-0.675251,0.644275,-0.138363
48456395,-0.338873,-0.669639,0.645668,-0.140932
48464728,-0.345403,-0.664508,0.646923,-0.143581
48473061,0.353066,0.658872,-0.647427,0.148564
48481394,0.359341,0.653619,-0.648532,0.151863
48489727,0.364943,0.648411,-0.649482,0.156692
48498060,0.372008,0.642595,-0.649259,0.164754
48506393,0.378573,0.637279,-0.648720,0.172397
48514726,0.384721,0.632022,-0.647866,0.181128
48523059,0.392489,0.626113,-0.645918,0.191634
48531392,0.396959,0.620734,-0.646414,0.198147
48539725,0.399822,0.616174,-0.647057,0.204424
48548058,0.405743,0.611372,-0.644910,0.213747
48556391,0.411278,0.606421,-0.643198,0.222261
48564724,0.417625,0.601522,-0.640606,0.231052
48573057,0.423237,0.596989,-0.637878,0.239970
48581390,0.429029,0.592537,-0.634441,0.249636
48589723,0.435189,0.588609,-0.630205,0.258826
48598056,0.442300,0.583863,-0.625457,0.268846
48606389,0.447897,0.580536,-0.620271,0.278622
48614722,0.453327,0.575913,-0.616910,0.286778
48623055,0.460301,0.571428,-0.611015,0.297076
48631388,0.465986,0.566710,-0.606773,0.305816
48639721,0.472006,0.561532,-0.601808,0.315784
48648054,0.477482,0.556605,-0.596810,0.325607
48656387,0.483778,0.551280,-0.591532,0.334871
48664720,0.489479,0.545853,-0.586821,0.343651
48673053,0.495128,0.540702,-0.581707,0.352288
48681386,0.501675,0.534763,-0.576409,0.360698
48689719,0.507985,0.528826,-0.571277,0.368697
48698052,0.513885,0.523653,-0.565961,0.376030
48706385,0.518657,0.518869,-0.561730,0.382400
48714718,0.524341,0.514252,-0.555258,0.390255
48723051,0.530412,0.509105,-0.548900,0.397724
48731384,0.537932,0.502433,-0.540069,0.408064
48739717,0.546036,0.495942,-0.530245,0.418003
48748050,0.551417,0.489996,-0.523553,0.426305
48756383,0.555700,0.485521,-0.517819,0.432818
48764716,0.562052,0.480279,-0.508664,0.441238
48773049,0.568545,0.473499,-0.499304,0.450834
48781382,0.574393,0.467808,-0.490041,0.459443
48789715,0.580079,0.463258,-0.480591,0.466832
48798048,0.586580,0.457493,-0.470059,0.475046
48806381,0.592824,0.451935,-0.459275,0.483095
48814714,0.597887,0.448098,-0.449048,0.489995
48823047,0.603076,0.444366,-0.438221,0.496790
48831380,0.608160,0.439284,-0.428363,0.503663
48839713,0.615054,0.433438,-0.413845,0.512418
48848046,0.619340,0.430647,-0.403153,0.518101
48856379,0.623941,0.427035,-0.391094,0.524771
48864712,0.626934,0.423727,-0.382607,0.530115
48873045,0.630808,0.419500,-0.372278,0.536200
48881378,0.634657,0.414522,-0.361732,0.542708
48889711,0.638497,0.410466,-0.351512,0.547977
48898044,0.640734,0.406684,-0.343882,0.553003
48906377,0.643798,0.401758,-0.334699,0.558651
48914710,0.645965,0.397176,-0.327836,0.563475
48923043,0.648335,0.393103,-0.319636,0.568299
48931376,0.650615,0.388257,-0.312796,0.572813
48939709,0.652577,0.383185,-0.308124,0.576517
48948042,0.654783,0.378782,-0.300771,0.580793
48956375,0.656659,0.374635,-0.294826,0.584402
48964708,0.658828,0.369242,-0.287914,0.588822
48973041,0.661099,0.366432,-0.281005,0.591364
48981374,0.662677,0.362745,-0.276438,0.594018
48989707,0.664785,0.359275,-0.269233,0.597073
48998040,0.666343,0.356288,-0.264031,0.599445
49006373,0.667869,0.353660,-0.258721,0.601614
49014706,0.669608,0.351176,-0.252527,0.603764
49023039,0.671440,0.349102,-0.245046,0.606010
49031372,0.672610,0.347185,-0.241309,0.607312
49039705,0.673931,0.345100,-0.235649,0.609256
49048038,0.674896,0.343511,-0.230399,0.611091
49056371,0.675652,0.341577,-0.226897,0.612648
49064704,0.676182,0.339051,-0.223474,0.614721
49073037,0.676941,0.336522,-0.219096,0.616847
49081370,0.677614,0.334284,-0.215279,0.618667
49089703,0.677022,0.333198,-0.213901,0.620377
49098036,0.677529,0.330848,-0.210380,0.622281
49106369,0.677506,0.329990,-0.207455,0.623742
49114702,0.677742,0.328416,-0.202840,0.625831
49123035,0.677874,0.327026,-0.201165,0.626956
49131368,0.677933,0.326758,-0.198915,0.627749
49139701,0.677909,0.325238,-0.197983,0.628858
49148034,0.677569,0.325820,-0.195809,0.629603
49156367,0.677360,0.324909,-0.193433,0.631032
49164700,0.676575,0.325434,-0.194205,0.631366
49173033,0.676292,0.325362,-0.192443,0.632246
49181366,0.676408,0.324232,-0.190302,0.633349
49189699,0.676858,0.322046,-0.189599,0.634194
49198032,0.676231,0.322097,-0.187114,0.635573
49206365,0.675849,0.322589,-0.185674,0.636153
49214698,0.675491,0.323153,-0.184159,0.636687
49223031,0.675513,0.322663,-0.182877,0.637281
49231364,0.674281,0.324617,-0.181748,0.637916
49239697,0.673241,0.325803,-0.180588,0.638738
49248030,0.672136,0.326466,-0.179490,0.639872
49256363,0.671350,0.326932,-0.178287,0.640796
49264696,0.670923,0.326972,-0.175848,0.641894
49273029,0.670005,0.327279,-0.174893,0.642957
49281362,0.669017,0.327608,-0.175201,0.643734
49289695,0.668404,0.327017,-0.174283,0.644920
49298028,0.667546,0.327359,-0.173248,0.645913
49306361,0.666704,0.328569,-0.172732,0.646306
49314694,0.666168,0.328659,-0.171654,0.647100
49323027,0.666001,0.328592,-0.170008,0.647740
49331360,0.665811,0.328949,-0.169007,0.648015
49339693,0.665315,0.330131,-0.168061,0.648171
49348026,0.665283,0.330683,-0.166851,0.648234
49356359,0.665449,0.331461,-0.165705,0.647960
49364692,0.665292,0.332651,-0.163415,0.648093
49373025,0.665285,0.332853,-0.162458,0.648238
49381358,0.665542,0.332217,-0.162163,0.648374
49389691,0.665368,0.332376,-0.163065,0.648245
49398024,0.665475,0.331858,-0.163619,0.648260
49406357,0.665156,0.331944,-0.164176,0.648403
49414690,0.664808,0.332521,-0.164823,0.648300
49423023,0.664821,0.332772,-0.165861,0.647893
49431356,0.664959,0.332579,-0.166531,0.647679
49439689,0.665013,0.333186,-0.167097,0.647166
49448022,0.664809,0.334696,-0.166476,0.646756
49456355,0.664688,0.335377,-0.166477,0.646527
49464688,0.664436,0.335992,-0.166061,0.646574
49473021,0.664899,0.335386,-0.165035,0.646676
49481354,0.665756,0.334139,-0.164126,0.646670
49489687,0.665315,0.335279,-0.163631,0.646660
49498020,0.665861,0.334076,-0.164207,0.646575
49506353,0.666459,0.332690,-0.164242,0.646664
49514686,0.666711,0.331922,-0.163670,0.646943
49523019,0.666946,0.332004,-0.163030,0.646822
49531352,0.667331,0.331559,-0.162750,0.646723
49539685,0.667708,0.331222,-0.162186,0.646648
49548018,0.667360,0.333271,-0.161953,0.646013
49556351,0.667310,0.334209,-0.162031,0.645560
49564684,0.667636,0.334748,-0.161506,0.645074
49573017,0.667874,0.335485,-0.161783,0.644376
49581350,0.668014,0.335395,-0.161462,0.644358
49589683,0.668018,0.335152,-0.160740,0.644661
49598016,0.667773,0.334770,-0.160709,0.645121
49606349,0.667597,0.334050,-0.161063,0.645588
49614682,0.667120,0.333694,-0.161543,0.646144
49623015,0.666962,0.333556,-0.161599,0.646365
49631348,0.666789,0.333206,-0.161793,0.646675
49639681,0.667233,0.332209,-0.162456,0.646565
49648014,0.667443,0.332370,-0.162756,0.646189
49656347,0.667638,0.332477,-0.162341,0.646037
49664680,0.667761,0.332349,-0.161723,0.646131
49673013,0.667929,0.332818,-0.161609,0.645745
49681346,0.667915,0.333609,-0.161571,0.645359
49689679,0.667730,0.334426,-0.161903,0.645046
49698012,0.667722,0.334687,-0.162205,0.644842
49706345,0.667851,0.334541,-0.162237,0.644777
49714678,0.667753,0.334730,-0.162792,0.644639
49723011,0.667755,0.334578,-0.163546,0.644526
49731344,0.667529,0.334695,-0.164438,0.644472
49739677,0.667414,0.334930,-0.165392,0.644226
49748010,0.667118,0.335542,-0.166401,0.643953
49756343,0.666963,0.336057,-0.166700,0.643767
49764676,0.667080,0.335997,-0.166106,0.643831
49773009,0.667264,0.335892,-0.165227,0.643922
49781342,0.667093,0.336553,-0.164734,0.643880
49789675,0.666999,0.336859,-0.164534,0.643869
49798008,0.666607,0.337511,-0.165028,0.643806
49806341,0.666445,0.337794,-0.163883,0.644118
49814674,0.666728,0.337344,-0.162971,0.644293
49823007,0.666991,0.336776,-0.163960,0.644066
49831340,0.666673,0.337052,-0.164105,0.644215
49839673,0.666676,0.336364,-0.164249,0.644535
49848006,0.666494,0.336564,-0.164872,0.644459
49856339,0.666399,0.336892,-0.165148,0.644315
49864672,0.666360,0.337025,-0.164926,0.644343
49873005,0.666020,0.337117,-0.165751,0.644434
49881338,0.665914,0.337045,-0.166318,0.644435
49889671,0.665967,0.336839,-0.166199,0.644520
49898004,0.666061,0.337144,-0.166142,0.644278
49906337,0.665573,0.338575,-0.166549,0.643926
49914670,0.665136,0.338763,-0.167239,0.644100
49923003,0.664880,0.339474,-0.167802,0.643843
49931336,0.664830,0.339618,-0.168322,0.643683
49939669,0.664745,0.339590,-0.168912,0.643631
49948002,0.664697,0.339702,-0.169123,0.643567
49956335,0.664429,0.340315,-0.169579,0.643399
49964668,0.664309,0.340783,-0.170205,0.643110
49973001,0.664436,0.340827,-0.170261,0.642941
49981334,0.664496,0.341313,-0.170249,0.642624
49989667,0.664479,0.341906,-0.170960,0.642138
49998000,0.665108,0.340879,-0.171576,0.641868
50006333,0.665476,0.340423,-0.171620,0.641717
50014666,0.665074,0.340832,-0.171268,0.642011
50022999,0.665229,0.340997,-0.170470,0.641974
