Timestamp (us),W,X,Y,Z
0,0.721819,0.120167,0.349092,0.585382
8333,0.721559,0.120041,0.349040,0.585759
16666,0.721227,0.119885,0.349616,0.585856
24999,0.721212,0.120357,0.349526,0.585831
33332,0.721321,0.120423,0.348989,0.586004
41665,0.721060,0.120137,0.348987,0.586385
49998,0.721199,0.120104,0.348947,0.586245
58331,0.721211,0.120020,0.349082,0.586168
66664,0.721028,0.119219,0.349525,0.586291
74997,0.720727,0.118758,0.350004,0.586469
83330,0.720660,0.119003,0.350121,0.586432
91663,0.720875,0.119265,0.349741,0.586342
99996,0.720820,0.119502,0.349810,0.586319
108329,0.720586,0.118856,0.350429,0.586369
116662,0.720343,0.118393,0.350609,0.586654
124995,0.720348,0.118447,0.350635,0.586621
133328,0.720163,0.118096,0.351403,0.586459
141661,0.720240,0.118250,0.350944,0.586609
149994,0.720247,0.118254,0.350749,0.586716
158327,0.720282,0.118455,0.350802,0.586601
166660,0.720295,0.118531,0.350611,0.586684
174993,0.720515,0.117918,0.350528,0.586586
183326,0.720377,0.117988,0.350960,0.586484
191659,0.720176,0.117538,0.351295,0.586621
199992,0.720098,0.117793,0.351351,0.586632
208325,0.720133,0.117648,0.351311,0.586641
216658,0.719994,0.116723,0.351515,0.586875
224991,0.720039,0.116048,0.351682,0.586853
233324,0.720238,0.116094,0.351407,0.586765
241657,0.720409,0.116030,0.351141,0.586726
249990,0.720306,0.116006,0.351346,0.586735
258323,0.720268,0.115940,0.351345,0.586796
266656,0.720102,0.116227,0.351339,0.586946
274989,0.720039,0.116060,0.351347,0.587051
283322,0.719852,0.116387,0.351408,0.587179
291655,0.719906,0.115823,0.351265,0.587311
299988,0.719840,0.116008,0.351486,0.587223
308321,0.719757,0.116193,0.351518,0.587269
316654,0.719507,0.114859,0.352155,0.587455
324987,0.719250,0.114484,0.352569,0.587594
333320,0.719134,0.114903,0.352153,0.587904
341653,0.719174,0.115086,0.351903,0.587970
349986,0.719052,0.115051,0.351795,0.588189
358319,0.718710,0.115674,0.352587,0.588011
366652,0.719090,0.115597,0.352147,0.587826
374985,0.719198,0.116332,0.351795,0.587760
383318,0.719078,0.116537,0.352169,0.587641
391651,0.719177,0.117202,0.351542,0.587764
399984,0.719279,0.116943,0.351252,0.587864
408317,0.719235,0.116962,0.351786,0.587595
416650,0.719343,0.117156,0.351348,0.587686
424983,0.719583,0.117465,0.350934,0.587577
433316,0.719698,0.116956,0.350892,0.587564
441649,0.719502,0.116282,0.351932,0.587315
449982,0.719662,0.116501,0.351485,0.587344
458315,0.719741,0.116969,0.351132,0.587365
466648,0.719610,0.117505,0.351353,0.587286
474981,0.719380,0.117248,0.352224,0.587097
483314,0.719364,0.117060,0.351949,0.587320
491647,0.719327,0.117387,0.352379,0.587042
499980,0.719146,0.117299,0.352560,0.587172
508313,0.719191,0.117319,0.352123,0.587376
516646,0.719134,0.117603,0.351709,0.587637
524979,0.719132,0.117681,0.351720,0.587616
533312,0.719254,0.117384,0.351624,0.587584
541645,0.719185,0.117760,0.351696,0.587551
549978,0.718764,0.117009,0.352515,0.587726
558311,0.718797,0.117065,0.352260,0.587826
566644,0.719034,0.117361,0.351788,0.587760
574977,0.719324,0.117617,0.351435,0.587565
583310,0.719422,0.117298,0.351320,0.587578
591643,0.719323,0.116951,0.351643,0.587574
599976,0.719235,0.116468,0.351710,0.587738
608309,0.719167,0.116466,0.351810,0.587761
616642,0.719208,0.116399,0.351882,0.587682
624975,0.719580,0.117264,0.351174,0.587478
633308,0.720069,0.118181,0.350797,0.586920
641641,0.720385,0.118729,0.350348,0.586690
649974,0.720345,0.119081,0.350286,0.586705
658307,0.720402,0.119264,0.350186,0.586657
666640,0.720234,0.118610,0.350837,0.586607
674973,0.719852,0.117875,0.351484,0.586837
683306,0.719559,0.116893,0.352260,0.586928
691639,0.718995,0.116727,0.352650,0.587417
699972,0.718728,0.115781,0.352766,0.587861
708305,0.718500,0.114907,0.352477,0.588485
716638,0.716172,0.111708,0.354574,0.590674
724971,0.714013,0.109177,0.356356,0.592686
733304,0.711110,0.105764,0.358985,0.595203
741637,0.707768,0.103097,0.361683,0.598014
749970,0.704152,0.097663,0.365644,0.600780
758303,0.697391,0.087638,0.373409,0.605418
766636,0.688777,0.075778,0.383539,0.610526
774969,0.678213,0.060889,0.396629,0.615634
783302,0.666112,0.043267,0.410039,0.621523
791635,0.653629,0.026091,0.424516,0.625999
799968,0.638133,0.006148,0.440300,0.631573
808301,0.622915,-0.014091,0.456908,0.634834
816634,0.606398,-0.034078,0.471979,0.639027
824967,0.591642,-0.052698,0.485199,0.641689
833300,0.577724,-0.067561,0.496231,0.644535
841633,0.564704,-0.080894,0.506249,0.646744
849966,0.553038,-0.092528,0.515493,0.647962
858299,0.541470,-0.104367,0.523266,0.649700
866632,0.532823,-0.113193,0.528912,0.650799
874965,0.523742,-0.123356,0.534786,0.651523
883298,0.516922,-0.130105,0.537320,0.653569
891631,0.507379,-0.137205,0.540802,0.656715
899964,0.501958,-0.142271,0.542104,0.658727
908297,0.494783,-0.148893,0.544355,0.660831
916630,0.488512,-0.153248,0.546306,0.662888
924963,0.480375,-0.158321,0.549293,0.665170
933296,0.473956,-0.160582,0.549700,0.668887
941629,0.465928,-0.164635,0.552614,0.671136
949962,0.459195,-0.166422,0.554020,0.674171
958295,0.450012,-0.168557,0.556351,0.677902
966628,0.441874,-0.166953,0.557122,0.683000
974961,0.432320,-0.165583,0.557432,0.689167
983294,0.422317,-0.165403,0.559547,0.693684
991627,0.410705,-0.162873,0.564490,0.697241
999960,0.400183,-0.160612,0.568247,0.700823
1008293,0.385476,-0.160059,0.574813,0.703832
1016626,0.375557,-0.152760,0.577807,0.708351
1024959,0.364741,-0.148963,0.582899,0.710635
1033292,0.353509,-0.145714,0.589479,0.711557
1041625,0.344209,-0.142463,0.595509,0.711754
1049958,0.333344,-0.143581,0.601911,0.711315
1058291,0.324161,-0.143604,0.607454,0.710843
1066624,0.316909,-0.145601,0.613287,0.708695
1074957,0.309456,-0.150842,0.619143,0.705794
1083290,0.302347,-0.157054,0.625576,0.701837
1091623,0.299370,-0.162690,0.629426,0.698378
1099956,0.295160,-0.170013,0.634433,0.693881
1108289,0.292752,-0.178212,0.637974,0.689584
1116622,0.289996,-0.187096,0.641966,0.684673
1124955,0.288446,-0.196346,0.644650,0.680202
1133288,0.286235,-0.206722,0.650568,0.672382
1141621,0.284993,-0.217281,0.654447,0.665783
1149954,0.283603,-0.228285,0.658368,0.658792
1158287,0.282903,-0.239300,0.662708,0.650784
1166620,0.281024,-0.250364,0.667447,0.642540
1174953,0.280081,-0.262297,0.672760,0.632573
1183286,0.279551,-0.272699,0.678250,0.622466
1191619,0.279578,-0.282904,0.684081,0.611421
1199952,0.279102,-0.292654,0.689477,0.600897
1208285,0.277902,-0.302734,0.696947,0.587697
1216618,0.277167,-0.313837,0.702552,0.575418
1224951,0.278508,-0.324790,0.707076,0.563017
1233284,0.278738,-0.337188,0.711240,0.550224
1241617,0.279800,-0.351265,0.713622,0.537651
1249950,0.284489,-0.367035,0.714031,0.523939
1258283,0.288626,-0.380675,0.715136,0.510256
1266616,0.292244,-0.392204,0.715386,0.498991
1274949,0.299903,-0.402286,0.714818,0.487093
1283282,0.309780,-0.413356,0.712560,0.474796
1291615,0.321179,-0.424130,0.710416,0.460724
1299948,0.330549,-0.439476,0.707230,0.444325
1308281,0.343600,-0.451209,0.701803,0.431070
1316614,0.353235,-0.467434,0.696323,0.414566
1324947,0.360232,-0.484418,0.690750,0.398041
1333280,0.372362,-0.497694,0.680731,0.387625
1341613,0.384268,-0.511122,0.670090,0.376924
1349946,0.393718,-0.523468,0.659324,0.369134
1358279,0.401783,-0.534488,0.648137,0.364435
1366612,0.411830,-0.545903,0.633919,0.361293
1374945,0.419215,-0.557198,0.620897,0.358157
1383278,0.422726,-0.571609,0.608187,0.353094
1391611,0.426882,-0.584399,0.595359,0.348994
1399944,0.429159,-0.596231,0.584242,0.344953
1408277,0.430847,-0.605821,0.574880,0.341855
1416610,0.435830,-0.610752,0.564909,0.343384
1424943,0.438898,-0.614000,0.558770,0.343727
1433276,0.439212,-0.616622,0.556521,0.342279
1441609,0.436467,-0.619356,0.557354,0.339486
1449942,0.435559,-0.618645,0.559923,0.337718
1458275,0.433146,-0.617269,0.565054,0.334779
1466608,0.431081,-0.615056,0.571224,0.331027
1474941,0.429600,-0.612182,0.576237,0.329587
1483274,0.419263,-0.614821,0.586186,0.320312
1491607,0.415430,-0.612381,0.594384,0.314826
1499940,0.411851,-0.610764,0.600836,0.310390
1508273,0.405186,-0.610691,0.608540,0.304237
1516606,0.399142,-0.610617,0.615132,0.299075
1524939,0.387533,-0.613183,0.624220,0.290129
1533272,0.382388,-0.613936,0.627642,0.287970
1541605,0.375360,-0.615878,0.632353,0.282718
1549938,0.367244,-0.619558,0.635877,0.277383
1558271,0.361307,-0.621760,0.638359,0.274536
1566604,0.351516,-0.627864,0.640074,0.269312
1574937,0.344664,-0.631085,0.641645,0.266891
1583270,0.338131,-0.634558,0.643332,0.262921
1591603,0.335040,-0.635696,0.644714,0.260735
1599936,0.335637,-0.635464,0.645062,0.259671
1608269,0.333607,-0.635714,0.647511,0.255546
1616602,0.328704,-0.635883,0.651258,0.251930
1624935,0.328961,-0.634851,0.652413,0.251210
1633268,0.330014,-0.633381,0.654014,0.249368
1641601,0.330028,-0.632354,0.656398,0.245667
1649934,0.328054,-0.630999,0.659955,0.242239
1658267,0.329592,-0.628753,0.661831,0.240871
1666600,0.329142,-0.627392,0.664249,0.238364
1674933,0.328106,-0.626322,0.666336,0.236778
1683266,0.331322,-0.624600,0.666166,0.237328
1691599,0.332143,-0.622722,0.667590,0.237109
1699932,0.332635,-0.623514,0.667328,0.235069
1708265,0.333399,-0.622027,0.668587,0.234346
1716598,0.335951,-0.620014,0.668869,0.235230
1724931,0.337658,-0.620355,0.667916,0.234593
1733264,0.338578,-0.619173,0.668932,0.233494
1741597,0.341460,-0.617568,0.667866,0.236581
1749930,0.343203,-0.617153,0.666697,0.238431
1758263,0.343056,-0.617040,0.666932,0.238278
1766596,0.345320,-0.616448,0.665523,0.240467
1774929,0.345559,-0.615660,0.665281,0.242802
1783262,0.344920,-0.616336,0.664297,0.244680
1791595,0.345850,-0.614302,0.664117,0.248936
1799928,0.345849,-0.611814,0.664669,0.253549
1808261,0.343091,-0.611802,0.664987,0.256476
1816594,0.340569,-0.609246,0.667140,0.260302
1824927,0.340616,-0.605188,0.667818,0.267856
1833260,0.341836,-0.601666,0.667305,0.275409
1841593,0.339548,-0.597966,0.670050,0.279602
1849926,0.336186,-0.594468,0.672206,0.285877
1858259,0.332811,-0.591397,0.674679,0.290336
1866592,0.332226,-0.586016,0.677245,0.295890
1874925,0.329778,-0.580368,0.680510,0.302203
1883258,0.328534,-0.573367,0.683712,0.309603
1891591,0.326130,-0.568197,0.687755,0.312705
1899924,0.324285,-0.561878,0.691339,0.318092
1908257,0.323069,-0.554546,0.694671,0.324866
1916590,0.319867,-0.548314,0.699456,0.328326
1924923,0.315247,-0.543270,0.704380,0.330644
1933256,0.312282,-0.536218,0.709029,0.335006
1941589,0.307453,-0.530742,0.713716,0.338223
1949922,0.301047,-0.524997,0.719266,0.341183
1958255,0.297442,-0.517891,0.724287,0.344566
1966588,0.295035,-0.512182,0.727857,0.347633
1974921,0.289208,-0.508921,0.732067,0.348477
1983254,0.284203,-0.504763,0.735394,0.351622
1991587,0.276925,-0.504096,0.738596,0.351675
1999920,0.273340,-0.501275,0.740009,0.355522
2008252,0.269275,-0.500725,0.741353,0.356597
2016586,0.264932,-0.501763,0.741474,0.358136
2024919,0.260955,-0.502618,0.741162,0.360494
2033252,0.259353,-0.503425,0.739826,0.363259
2041585,0.259017,-0.503768,0.737528,0.367668
2049918,0.257987,-0.506305,0.735073,0.369818
2058250,0.258439,-0.506967,0.732655,0.373377
2066584,0.257029,-0.510861,0.729397,0.375415
2074917,0.257105,-0.511077,0.727320,0.379083
2083250,0.254608,-0.513885,0.725568,0.380325
2091583,0.254734,-0.514268,0.724033,0.382643
2099916,0.255800,-0.515329,0.721378,0.385508
2108249,0.255885,-0.516591,0.719623,0.387039
2116582,0.255871,-0.516909,0.718575,0.388568
2124915,0.256632,-0.515021,0.718005,0.391614
2133248,0.257480,-0.514968,0.716849,0.393242
2141581,0.257535,-0.516847,0.715918,0.392437
2149914,0.257788,-0.516401,0.715793,0.393084
2158247,0.258867,-0.514815,0.716438,0.393280
2166580,0.258801,-0.514680,0.716550,0.393297
2174913,0.258273,-0.516463,0.717101,0.390291
2183246,0.261731,-0.513457,0.716495,0.393056
2191579,0.261024,-0.515113,0.717369,0.389751
2199912,0.262394,-0.514941,0.718036,0.387827
2208245,0.264214,-0.513030,0.718434,0.388387
2216578,0.265140,-0.511710,0.719244,0.387997
2224911,0.267247,-0.511769,0.718987,0.386948
2233244,0.269357,-0.510423,0.719363,0.386563
2241577,0.269013,-0.512729,0.720194,0.382180
2249910,0.270223,-0.511204,0.721172,0.381525
2258243,0.268881,-0.511624,0.723030,0.378380
2266576,0.269311,-0.514301,0.722948,0.374584
2274909,0.269652,-0.514012,0.724110,0.372483
2283242,0.275344,-0.512357,0.722620,0.373493
2291575,0.275090,-0.516812,0.722631,0.367470
2299908,0.274919,-0.519823,0.722884,0.362825
2308241,0.277086,-0.521387,0.721868,0.360952
2316574,0.279309,-0.524217,0.720062,0.358739
2324907,0.281264,-0.527156,0.718211,0.356610
2333240,0.283843,-0.531000,0.716188,0.352913
2341573,0.287167,-0.533193,0.713176,0.353015
2349906,0.289821,-0.537506,0.710930,0.348812
2358239,0.292823,-0.540101,0.708470,0.347298
2366572,0.296893,-0.540484,0.707063,0.346112
2374905,0.302812,-0.543277,0.702663,0.345571
2383238,0.304552,-0.546918,0.700887,0.341887
2391571,0.305820,-0.549818,0.699918,0.338068
2399904,0.307242,-0.553382,0.698056,0.334797
2408237,0.308302,-0.555509,0.697611,0.331207
2416570,0.311398,-0.556026,0.697116,0.328475
2424903,0.309829,-0.558934,0.697481,0.324220
2433236,0.309978,-0.561248,0.697855,0.319237
2441569,0.309620,-0.564280,0.697080,0.315915
2449902,0.309622,-0.566396,0.696815,0.312696
2458235,0.307115,-0.569668,0.697682,0.307243
2466568,0.305889,-0.572267,0.697426,0.304204
2474901,0.303561,-0.575562,0.697205,0.300806
2483234,0.303095,-0.577122,0.696403,0.300145
2491567,0.305123,-0.577704,0.695011,0.300197
2499900,0.305933,-0.578177,0.694713,0.299149
2508233,0.307588,-0.577610,0.694338,0.299417
2516566,0.310335,-0.576266,0.693746,0.300543
2524899,0.309458,-0.576729,0.694280,0.299324
2533232,0.309981,-0.577741,0.694068,0.297316
2541565,0.311069,-0.574747,0.695441,0.298770
2549898,0.310379,-0.571562,0.698893,0.297540
2558231,0.312359,-0.567996,0.701049,0.297224
2566564,0.311882,-0.564936,0.703930,0.296748
2574897,0.308645,-0.564031,0.707835,0.292537
2583230,0.308337,-0.561101,0.710749,0.291427
2591563,0.308228,-0.558383,0.713410,0.290259
2599896,0.306279,-0.556559,0.716979,0.287014
2608229,0.306198,-0.554743,0.718993,0.285572
2616562,0.304712,-0.553540,0.721098,0.284187
2624895,0.306267,-0.550088,0.722338,0.286063
2633228,0.308658,-0.546577,0.723942,0.286167
2641561,0.306630,-0.546020,0.725602,0.285205
2649894,0.305059,-0.544033,0.727785,0.285124
2658227,0.305200,-0.542498,0.728816,0.285267
2666560,0.305133,-0.540531,0.730124,0.285724
2674893,0.306241,-0.539104,0.730202,0.287033
2683226,0.307124,-0.537060,0.731309,0.287103
2691559,0.306009,-0.536360,0.732389,0.286850
2699892,0.305692,-0.535050,0.733629,0.286466
2708225,0.305938,-0.533368,0.734910,0.286055
2716558,0.305335,-0.533368,0.735384,0.285480
2724891,0.307141,-0.530541,0.736774,0.285228
2733224,0.313291,-0.524515,0.737511,0.287767
2741557,0.313271,-0.523125,0.739419,0.285413
2749890,0.313960,-0.522547,0.740020,0.284154
2758223,0.314956,-0.521423,0.740756,0.283197
2766556,0.315619,-0.521133,0.740705,0.283127
2774889,0.314357,-0.524440,0.740103,0.279981
2783222,0.318581,-0.522758,0.739049,0.281134
2791555,0.320303,-0.523047,0.738420,0.280291
2799888,0.320529,-0.525503,0.737599,0.277588
2808221,0.320168,-0.527935,0.736714,0.275735
2816554,0.321591,-0.530107,0.734934,0.274660
2824887,0.325385,-0.530865,0.732139,0.276187
2833220,0.325299,-0.533943,0.730400,0.274958
2841553,0.326422,-0.537501,0.728236,0.272421
2849886,0.328252,-0.539796,0.725552,0.272846
2858219,0.330336,-0.541680,0.724451,0.269502
2866552,0.332787,-0.544037,0.721539,0.269551
2874885,0.333248,-0.546653,0.719519,0.269089
2883218,0.334091,-0.550361,0.715977,0.269932
2891551,0.338481,-0.550815,0.712834,0.271846
2899884,0.341717,-0.550848,0.711153,0.272135
2908217,0.343115,-0.551451,0.710144,0.271789
2916550,0.345144,-0.551714,0.708710,0.272429
2924883,0.346325,-0.551105,0.707997,0.274010
2933216,0.348017,-0.551412,0.707170,0.273386
2941549,0.348111,-0.552304,0.706744,0.272564
2949882,0.346911,-0.553697,0.707025,0.270533
2958215,0.348671,-0.554638,0.705709,0.269778
2966548,0.349354,-0.556650,0.704002,0.269210
2974881,0.347949,-0.559649,0.702598,0.268478
2983214,0.349521,-0.562871,0.699340,0.268206
2991547,0.351528,-0.565377,0.695905,0.269246
2999880,0.347270,-0.572303,0.692998,0.267632
3008213,0.345089,-0.578179,0.689260,0.267475
3016546,0.344973,-0.581627,0.685892,0.268805
3024879,0.344539,-0.585129,0.681795,0.272163
3033212,0.344702,-0.587803,0.677656,0.276497
3041545,0.343150,-0.591472,0.674089,0.279307
3049878,0.341310,-0.594753,0.670719,0.282687
3058211,0.339234,-0.596837,0.668020,0.287151
3066544,0.334649,-0.598700,0.666708,0.291665
3074877,0.330699,-0.600264,0.665800,0.295012
3083210,0.328068,-0.600735,0.664332,0.300252
3091543,0.323440,-0.601808,0.663867,0.304129
3099876,0.317254,-0.603653,0.663851,0.307009
3108209,0.313934,-0.602957,0.662862,0.313851
3116542,0.309451,-0.603084,0.663412,0.316881
3124875,0.304354,-0.603519,0.664343,0.319034
3133208,0.301612,-0.603297,0.663286,0.324216
3141541,0.298332,-0.603048,0.661979,0.330327
3149874,0.293547,-0.603450,0.661450,0.334905
3158207,0.291107,-0.601857,0.660308,0.342080
3166540,0.287455,-0.601009,0.660892,0.345515
3174873,0.281508,-0.600228,0.662858,0.347992
3183206,0.277764,-0.599988,0.662253,0.352538
3191539,0.272371,-0.598526,0.663162,0.357487
3199872,0.267575,-0.596798,0.664351,0.361764
3208205,0.261262,-0.596563,0.664816,0.365888
3216538,0.255451,-0.595578,0.666025,0.369382
3224871,0.248323,-0.595047,0.666925,0.373450
3233204,0.240109,-0.595639,0.667545,0.376758
3241537,0.234019,-0.595428,0.667844,0.380375
3249870,0.227142,-0.595925,0.668091,0.383320
3258203,0.223484,-0.594533,0.668474,0.386947
3266536,0.217024,-0.595872,0.667850,0.389632
3274869,0.213633,-0.595043,0.666807,0.394529
3283202,0.208225,-0.596080,0.665657,0.397784
3291535,0.203349,-0.596546,0.665284,0.400225
3299868,0.198606,-0.596579,0.664894,0.403195
3308201,0.194899,-0.597274,0.663871,0.405652
3316534,0.190569,-0.598078,0.662571,0.408638
3324867,0.187699,-0.597301,0.662066,0.411910
3333200,0.185747,-0.596574,0.661441,0.414842
3341533,0.183733,-0.595152,0.661599,0.417521
3349866,0.179894,-0.595987,0.660605,0.419570
3358199,0.175532,-0.596430,0.660336,0.421208
3366532,0.174502,-0.595509,0.660535,0.422624
3374865,0.174229,-0.594574,0.660140,0.424665
3383198,0.172110,-0.593679,0.660466,0.426273
3391531,0.172999,-0.591242,0.661060,0.428373
3399864,0.170680,-0.592662,0.660549,0.428131
3408197,0.170455,-0.592782,0.660287,0.428458
3416530,0.173290,-0.591369,0.659575,0.430364
3424863,0.175112,-0.588700,0.660785,0.431429
3433196,0.176679,-0.586795,0.661920,0.431646
3441529,0.178666,-0.585493,0.662607,0.431541
3449862,0.180641,-0.583797,0.664098,0.430725
3458195,0.182727,-0.581880,0.665042,0.430982
3466528,0.185127,-0.579037,0.667613,0.429811
3474861,0.187529,-0.577471,0.668400,0.429653
3483194,0.189001,-0.574916,0.671102,0.428219
3491527,0.191513,-0.572670,0.672726,0.427565
3499860,0.194683,-0.570094,0.674706,0.426454
3508193,0.197648,-0.568433,0.676572,0.424346
3516526,0.199066,-0.568763,0.677372,0.421958
3524859,0.200212,-0.570216,0.677677,0.418955
3533192,0.206247,-0.567338,0.678809,0.418100
3541525,0.211326,-0.567700,0.677751,0.416787
3549858,0.212645,-0.571099,0.676981,0.412704
3558191,0.217290,-0.571380,0.675857,0.411737
3566524,0.221909,-0.574189,0.672888,0.410227
3574857,0.225342,-0.577370,0.669905,0.408769
3583190,0.228727,-0.579969,0.668627,0.405287
3591523,0.232125,-0.580378,0.667249,0.405040
3599856,0.235439,-0.581368,0.665955,0.403836
3608189,0.240058,-0.582703,0.663372,0.403443
3616522,0.243589,-0.581587,0.663716,0.402370
3624855,0.246430,-0.581847,0.663089,0.401297
3633188,0.249190,-0.581714,0.664328,0.397722
3641521,0.252072,-0.581094,0.665546,0.394764
3649854,0.255149,-0.579692,0.667472,0.391583
3658187,0.258923,-0.577632,0.670040,0.387746
3666520,0.262326,-0.574926,0.673159,0.384060
3674853,0.260743,-0.575977,0.676522,0.377600
3683186,0.262595,-0.574693,0.679201,0.373441
3691519,0.266094,-0.575203,0.679633,0.369371
3699852,0.265118,-0.577789,0.680980,0.363507
3708185,0.266063,-0.579130,0.681123,0.360402
3716518,0.267066,-0.581885,0.680784,0.355837
3724851,0.269627,-0.584020,0.679117,0.353584
3733184,0.274283,-0.584584,0.677707,0.351772
3741517,0.272289,-0.590600,0.674569,0.349296
3749850,0.273838,-0.595291,0.670817,0.347341
3758183,0.274908,-0.599338,0.668496,0.343996
3766516,0.281041,-0.599686,0.664339,0.346477
3774849,0.283707,-0.602161,0.661488,0.345464
3783182,0.288007,-0.603239,0.659064,0.344657
3791515,0.289986,-0.604929,0.657825,0.342397
3799848,0.293496,-0.605856,0.656177,0.340926
3808181,0.297272,-0.604939,0.655629,0.340335
3816514,0.300106,-0.604941,0.655530,0.338029
3824847,0.302059,-0.604590,0.655990,0.336018
3833180,0.305483,-0.602656,0.656656,0.335095
3841513,0.308542,-0.601176,0.657205,0.333872
3849846,0.310101,-0.600686,0.657502,0.332724
3858179,0.312372,-0.599217,0.658564,0.331144
3866512,0.314182,-0.599122,0.658797,0.329132
3874845,0.315186,-0.599774,0.658809,0.326955
3883178,0.318519,-0.598742,0.658508,0.326223
3891511,0.321078,-0.598408,0.657887,0.325579
3899844,0.324195,-0.598234,0.656487,0.325634
3908177,0.326693,-0.598869,0.654924,0.325118
3916510,0.330048,-0.599376,0.652455,0.325760
3924843,0.331866,-0.600731,0.650724,0.324878
3933176,0.335145,-0.602026,0.647602,0.325351
3941509,0.337856,-0.603078,0.645037,0.325694
3949842,0.340025,-0.604345,0.642379,0.326342
3958175,0.343445,-0.604778,0.639367,0.327871
3966508,0.344011,-0.606930,0.637162,0.327591
3974841,0.343665,-0.610170,0.634614,0.326882
3983174,0.345432,-0.612456,0.630844,0.328040
3991507,-0.347288,0.614238,-0.626959,-0.330190
3999840,-0.345326,0.617842,-0.625477,-0.328329
4008173,-0.344470,0.621219,-0.622495,-0.328525
4016505,-0.342560,0.624893,-0.619907,-0.328446
4024839,-0.341679,0.628101,-0.616478,-0.329697
4033172,-0.342502,0.629219,-0.612700,-0.333729
4041505,-0.342062,0.631368,-0.608794,-0.337250
4049838,-0.336351,0.637478,-0.606433,-0.335750
4058170,-0.334006,0.641214,-0.602834,-0.337455
4066504,-0.331945,0.644382,-0.599422,-0.339526
4074837,-0.332406,0.646588,-0.594606,-0.343327
4083170,-0.327762,0.650194,-0.591995,-0.345488
4091503,-0.325572,0.653236,-0.589119,-0.346734
4099836,0.321708,-0.655534,0.586477,0.350461
4108169,0.315699,-0.659841,0.585203,0.349974
4116501,0.312746,-0.661410,0.582942,0.353421
4124835,0.308616,-0.664673,0.580024,0.355722
4133168,0.305628,-0.666945,0.576336,0.360017
4141501,0.299686,-0.670654,0.575140,0.360036
4149834,0.298883,-0.672418,0.570392,0.364933
4158166,0.293807,-0.676278,0.567068,0.367096
4166500,0.289567,-0.679963,0.563443,0.369232
4174833,0.283076,-0.685449,0.558488,0.371643
4183166,0.278211,-0.690223,0.553571,0.373831
4191499,0.272173,-0.695031,0.548901,0.376246
4199832,0.269108,-0.700755,0.541508,0.378539
4208165,0.266716,-0.706259,0.533171,0.381824
4216498,0.260898,-0.712483,0.525656,0.384689
4224831,0.260490,-0.718025,0.515486,0.388407
4233164,0.258193,-0.725110,0.504181,0.391603
4241497,0.254785,-0.730580,0.494882,0.395512
4249830,0.244981,-0.737811,0.487253,0.397749
4258163,0.240328,-0.742550,0.477226,0.403877
4266496,0.237869,-0.748206,0.465192,0.408904
4274829,0.234919,-0.752920,0.455386,0.412975
4283162,0.230150,-0.758656,0.445281,0.416168
4291495,0.222863,-0.764122,0.435769,0.420185
4299828,-0.218785,0.767356,-0.424400,-0.427999
4308161,-0.208054,0.772916,-0.418369,-0.429280
4316494,-0.207588,0.773468,-0.406887,-0.439429
4324827,-0.198508,0.779122,-0.398205,-0.441583
4333160,-0.197922,0.780230,-0.388044,-0.448876
4341493,-0.188370,0.784805,-0.381546,-0.450579
4349826,-0.182036,0.788422,-0.373221,-0.453829
4358159,-0.180103,0.789974,-0.364751,-0.458759
4366492,-0.173116,0.790399,-0.358677,-0.465457
4374825,-0.172823,0.789039,-0.349756,-0.474574
4383158,-0.164021,0.790116,-0.345302,-0.479146
4391491,-0.154551,0.791682,-0.341007,-0.482771
4399824,-0.146767,0.792730,-0.339686,-0.484409
4408157,-0.147527,0.790955,-0.333688,-0.491201
4416490,-0.135435,0.791837,-0.334864,-0.492461
4424823,-0.121144,0.796718,-0.336326,-0.487288
4433156,-0.115164,0.795974,-0.337187,-0.489355
4441489,-0.108373,0.795182,-0.340393,-0.489973
4449822,-0.101511,0.793572,-0.339773,-0.494462
4458155,-0.092550,0.794895,-0.338660,-0.494859
4466488,-0.084978,0.793508,-0.340862,-0.496928
4474821,-0.077004,0.793646,-0.341937,-0.497268
4483154,-0.070837,0.793248,-0.340661,-0.499690
4491487,-0.063152,0.793826,-0.341456,-0.499260
4499820,-0.061030,0.788568,-0.343822,-0.506184
4508153,-0.055157,0.787746,-0.343804,-0.508147
4516486,-0.043572,0.792889,-0.344621,-0.500664
4524819,-0.040020,0.790392,-0.342529,-0.506312
4533152,-0.035936,0.789402,-0.340464,-0.509546
4541485,-0.030761,0.789074,-0.338081,-0.511974
4549818,-0.024532,0.790243,-0.335768,-0.512029
4558151,-0.020273,0.790558,-0.331282,-0.514645
4566484,-0.016715,0.789667,-0.328168,-0.518124
4574817,-0.012456,0.790250,-0.321898,-0.521278
4583150,-0.008688,0.791259,-0.317810,-0.522332
4591483,-0.004851,0.792125,-0.314524,-0.523058
4599816,0.001260,0.794560,-0.309702,-0.522261
4608149,0.006679,0.797089,-0.303242,-0.522157
4616482,0.009015,0.797593,-0.299251,-0.523653
4624815,0.013024,0.798901,-0.293673,-0.524732
4633148,0.015415,0.799743,-0.289316,-0.525803
4641481,0.021701,0.804516,-0.285167,-0.520541
4649814,0.025416,0.805790,-0.278659,-0.521925
4658147,0.030278,0.809269,-0.273351,-0.519082
4666480,0.037608,0.815039,-0.266933,-0.512878
4674813,0.040371,0.816900,-0.261003,-0.512759
4683146,0.044067,0.820117,-0.251773,-0.511935
4691479,0.049263,0.823932,-0.242325,-0.509891
4699812,0.046959,0.824455,-0.232463,-0.513838
4708145,0.054253,0.830829,-0.217814,-0.509251
4716478,0.058824,0.836084,-0.204088,-0.505817
4724811,0.061267,0.838946,-0.189549,-0.506446
4733144,0.064132,0.840824,-0.174429,-0.508406
4741477,0.068368,0.845001,-0.157975,-0.506303
4749810,0.071339,0.847189,-0.145255,-0.506047
4758143,0.076501,0.850336,-0.130527,-0.504023
4766476,0.080568,0.852815,-0.113224,-0.503383
4774809,0.087905,0.856049,-0.096687,-0.500104
4783142,0.093867,0.857976,-0.080840,-0.498530
4791475,0.098628,0.859492,-0.067814,-0.496937
4799808,0.103601,0.860772,-0.053613,-0.495443
4808141,0.109421,0.861547,-0.041582,-0.493999
4816474,0.116577,0.863855,-0.031451,-0.489055
4824807,0.120892,0.864037,-0.020868,-0.488251
4833140,0.125300,0.864848,-0.011361,-0.486013
4841473,0.130026,0.864231,-0.001706,-0.485999
4849806,0.130848,0.866507,0.005031,-0.481684
4858139,0.128471,0.870228,0.017173,-0.475293
4866472,0.129512,0.872862,0.025528,-0.469773
4874805,0.130960,0.874603,0.030288,-0.465834
4883138,0.131772,0.875427,0.035992,-0.463647
4891471,0.130991,0.875719,0.041989,-0.462811
4899804,0.130289,0.876236,0.046549,-0.461594
4908137,0.131179,0.877501,0.053506,-0.458172
4916470,0.132279,0.877968,0.059435,-0.456226
4924803,0.132634,0.878307,0.066128,-0.454545
4933136,0.131660,0.878369,0.073523,-0.453572
4941469,0.131647,0.878478,0.081356,-0.452024
4949802,0.132012,0.878639,0.089748,-0.450013
4958135,0.131966,0.877214,0.098273,-0.451025
4966468,0.132903,0.874948,0.106604,-0.453253
4974801,0.135230,0.873236,0.116683,-0.453383
4983134,0.137962,0.870349,0.125353,-0.455792
4991467,0.138946,0.867686,0.134831,-0.457859
4999800,0.139023,0.865877,0.145646,-0.457949
5008133,0.140827,0.862926,0.154216,-0.460156
5016466,0.142386,0.861580,0.164872,-0.458500
5024799,0.144189,0.859731,0.172375,-0.458649
5033132,0.145322,0.857795,0.181154,-0.458534
5041465,0.147647,0.855974,0.190142,-0.457553
5049798,0.149010,0.854464,0.201200,-0.455200
5058131,0.150355,0.852050,0.210867,-0.454906
5066464,0.152186,0.850166,0.220296,-0.453351
5074797,0.153511,0.848385,0.229822,-0.451508
5083130,0.155931,0.845433,0.239556,-0.451155
5091463,0.157151,0.843325,0.249927,-0.449047
5099796,0.159785,0.840279,0.258694,-0.448863
5108129,0.162182,0.838008,0.268464,-0.446505
5116462,0.165602,0.834801,0.278469,-0.445128
5124795,0.169350,0.832197,0.288908,-0.441928
5133128,0.171914,0.830326,0.299774,-0.437196
5141461,0.175056,0.829050,0.311976,-0.429770
5149794,0.176969,0.829542,0.323420,-0.419454
5158127,0.182661,0.826372,0.331997,-0.416559
5166460,0.189065,0.822850,0.338520,-0.415423
5174793,0.193325,0.821895,0.349987,-0.405738
5183126,0.196384,0.823186,0.360192,-0.392505
5191459,0.199602,0.823572,0.368166,-0.382545
5199792,0.202089,0.823674,0.376390,-0.372897
5208125,0.206097,0.821926,0.386466,-0.364151
5216458,0.211620,0.820326,0.392226,-0.358386
5224791,0.216048,0.818924,0.400356,-0.349859
5233124,0.218387,0.817028,0.408512,-0.343352
5241457,0.223309,0.814865,0.416305,-0.335885
5249790,0.228290,0.812340,0.421771,-0.331808
5258123,0.232440,0.809838,0.428044,-0.326975
5266456,0.237125,0.807540,0.432316,-0.323658
5274789,0.240991,0.804891,0.440326,-0.316524
5283122,0.244747,0.802981,0.447715,-0.308013
5291455,0.247525,0.800894,0.453916,-0.302093
5299788,0.253946,0.795915,0.459244,-0.301871
5308121,0.255346,0.794993,0.466705,-0.291498
5316454,0.258730,0.792741,0.471741,-0.286497
5324787,0.262187,0.788364,0.478974,-0.283415
5333120,0.266122,0.784219,0.486946,-0.277601
5341453,0.270337,0.779843,0.494415,-0.272610
5349786,0.272076,0.775981,0.503100,-0.265931
5358119,0.275748,0.771594,0.509542,-0.262626
5366452,0.280459,0.766452,0.515794,-0.260484
5374785,0.282557,0.763487,0.519975,-0.258602
5383118,0.289004,0.755700,0.527908,-0.258276
5391451,0.294503,0.749784,0.535462,-0.253718
5399784,0.298788,0.745002,0.539979,-0.253220
5408117,0.304084,0.740840,0.542314,-0.254135
5416450,0.306670,0.737177,0.546334,-0.253066
5424783,0.309055,0.734602,0.550199,-0.249249
5433116,0.314466,0.730274,0.553529,-0.247823
5441449,0.318326,0.727371,0.555332,-0.247399
5449782,0.320646,0.725707,0.558251,-0.242677
5458115,0.322251,0.723906,0.560759,-0.240132
5466448,0.322021,0.722335,0.567156,-0.229932
5474781,0.324804,0.719586,0.571944,-0.222663
5483114,0.327649,0.719148,0.570687,-0.223135
5491447,0.331217,0.719942,0.569236,-0.218974
5499780,0.334001,0.717568,0.573481,-0.211329
5508113,0.335587,0.717121,0.575199,-0.205584
5516446,0.338782,0.716341,0.575920,-0.200994
5524779,0.339615,0.716484,0.576747,-0.196659
5533112,0.342078,0.715190,0.578562,-0.191709
5541445,0.347409,0.714013,0.580003,-0.181901
5549778,0.349911,0.713249,0.582083,-0.173255
5558111,0.350849,0.712195,0.584885,-0.166109
5566444,0.345744,0.710929,0.591808,-0.157493
5574777,0.348177,0.709514,0.594633,-0.147557
5583110,0.350553,0.707116,0.598315,-0.138269
5591443,0.350293,0.705309,0.602255,-0.130857
5599776,0.348579,0.703897,0.606816,-0.121643
5608109,0.348461,0.701868,0.610379,-0.115733
5616442,0.348693,0.698236,0.615343,-0.110599
5624775,0.347834,0.695309,0.620647,-0.101762
5633108,0.348849,0.692734,0.624137,-0.094212
5641441,0.347463,0.690133,0.629036,-0.085433
5649774,0.345499,0.687460,0.634171,-0.076524
5658107,0.343595,0.685332,0.638271,-0.069807
5666440,0.341204,0.683171,0.642530,-0.063348
5674773,0.329407,0.682521,0.650276,-0.052887
5683106,0.324729,0.677449,0.658442,-0.045462
5691439,0.317468,0.677128,0.662874,-0.036189
5699772,0.310633,0.675980,0.667662,-0.028037
5708105,0.306145,0.673667,0.672274,-0.022277
5716438,0.301912,0.670862,0.677131,-0.016972
5724771,0.297338,0.667793,0.682268,-0.012385
5733104,0.293205,0.664729,0.687097,-0.008029
5741437,0.287830,0.661149,0.692837,-0.003537
5749770,0.282987,0.655198,0.700441,-0.003988
5758103,0.280202,0.649525,0.706803,-0.005865
5766436,0.280927,0.642482,0.712901,-0.008364
5774769,0.282118,0.638723,0.715772,-0.010617
5783102,0.281928,0.633448,0.720522,-0.010412
5791435,0.278652,0.629310,0.725417,-0.009625
5799768,0.274271,0.624006,0.731664,-0.007753
5808101,0.270793,0.619541,0.736743,-0.007051
5816434,0.267395,0.615257,0.741563,-0.006525
5824767,0.263219,0.610006,0.747389,-0.004373
5833100,0.258823,0.605598,0.752499,-0.002758
5841433,0.254413,0.600976,0.757693,-0.001682
5849766,0.249436,0.596420,0.762932,-0.000069
5858099,0.243711,0.591622,0.768496,0.001429
5866432,0.239523,0.588192,0.772436,0.001426
5874765,0.236099,0.584428,0.776336,0.001566
5883098,0.232044,0.580393,0.780574,0.001738
5891431,0.227245,0.575699,0.785447,0.001819
5899764,0.222620,0.572768,0.788908,0.001199
5908097,0.216684,0.568297,0.793774,0.003036
5916430,0.210367,0.563511,0.798863,0.004304
5924763,0.206360,0.560921,0.801730,0.003487
5933096,0.201259,0.558285,0.804860,0.003429
5941429,0.196896,0.554946,0.808237,0.004570
5949762,0.190806,0.551847,0.811803,0.005859
5958095,0.186947,0.551742,0.812778,0.004906
5966428,0.184236,0.552607,0.812820,0.002341
5974761,0.180442,0.552709,0.813605,0.000763
5983094,0.152412,0.559750,0.814314,0.018531
5991427,0.136081,0.563095,0.814744,0.024452
5999760,0.113410,0.568398,0.814120,0.035641
6008093,0.089883,0.572207,0.813956,0.044451
6016426,0.071306,0.578168,0.811039,0.053419
6024759,0.059058,0.580943,0.809888,0.055662
6033092,0.049852,0.581882,0.809725,0.057220
6041425,0.041654,0.585765,0.807336,0.057905
6049758,0.034564,0.590555,0.804272,0.056543
6058091,0.028678,0.593762,0.802141,0.056518
6066424,0.023771,0.597206,0.799647,0.057833
6074757,0.017673,0.600650,0.797251,0.057436
6083090,0.014594,0.603238,0.795753,0.051655
6091423,0.021752,0.605597,0.794222,0.044614
6099756,0.002661,0.616368,0.784436,0.068870
6108089,0.005959,0.619864,0.782036,0.064436
6116422,0.003006,0.624355,0.778439,0.064841
6124755,0.007357,0.629172,0.774714,0.062504
6133088,0.007246,0.633536,0.771239,0.061396
6141421,0.008118,0.638102,0.767713,0.058110
6149754,0.006999,0.641542,0.764705,0.060002
6158087,0.003802,0.646497,0.760572,0.059649
6166420,0.002937,0.650395,0.757217,0.060007
6174753,0.000971,0.654557,0.753627,0.060007
6183086,-0.013440,0.656306,0.751510,0.065686
6191419,-0.003695,0.661039,0.747798,0.061747
6199752,-0.012282,0.664266,0.744735,0.063015
6208085,-0.004637,0.667740,0.741901,0.060703
6216418,0.003359,0.671516,0.738720,0.057864
6224751,0.008369,0.674366,0.736587,0.050996
6233084,0.007743,0.676686,0.734298,0.053313
6241417,0.009889,0.674319,0.737233,0.041021
6249750,0.001647,0.679127,0.732092,0.053146
6258083,0.000235,0.682807,0.728535,0.054868
6266416,-0.001868,0.685218,0.726259,0.054961
6274749,-0.017140,0.685195,0.725551,0.061554
6283082,-0.032157,0.684460,0.725003,0.069648
6291415,-0.018676,0.687975,0.722816,0.062270
6299748,-0.030171,0.689530,0.720252,0.069826
6308081,-0.036401,0.689647,0.719750,0.070866
6316414,-0.032171,0.693240,0.716569,0.070085
6324747,-0.017716,0.695858,0.715277,0.062022
6333080,-0.009388,0.697120,0.714448,0.059156
6341413,-0.006828,0.697488,0.713985,0.060733
6349746,-0.020988,0.698824,0.711794,0.067474
6358079,-0.011177,0.700222,0.711087,0.062602
6366412,-0.023141,0.700091,0.710191,0.070464
6374745,-0.030135,0.699850,0.709954,0.072578
6383078,-0.027078,0.701085,0.709504,0.065955
6391411,-0.021817,0.703067,0.708019,0.062682
6399744,-0.017829,0.705079,0.706288,0.060853
6408077,-0.014304,0.708629,0.703147,0.056781
6416410,-0.011507,0.711492,0.700403,0.055516
6424743,-0.009806,0.714476,0.697532,0.053648
6433076,-0.008352,0.717079,0.694995,0.052049
6441409,-0.006495,0.719269,0.692743,0.052118
6449742,-0.004552,0.721858,0.690158,0.050815
6458075,-0.003223,0.723438,0.688538,0.050431
6466408,-0.002628,0.725727,0.686146,0.050170
6474741,-0.001785,0.729219,0.682448,0.050018
6483074,-0.000313,0.731108,0.680347,0.051075
6491407,0.000049,0.732742,0.678641,0.050351
6499740,0.002564,0.732579,0.678770,0.050915
6508073,0.002351,0.734753,0.676457,0.050377
6516406,0.002458,0.734842,0.676273,0.051530
6524739,0.003162,0.735604,0.675510,0.050631
6533072,0.004131,0.735252,0.675925,0.050118
6541405,0.005675,0.735001,0.676183,0.050179
6549738,0.006747,0.734035,0.677212,0.050313
6558071,0.007082,0.733675,0.677666,0.049388
6566404,0.007696,0.733162,0.678228,0.049201
6574737,0.008039,0.733162,0.678191,0.049648
6583070,0.009127,0.731567,0.679868,0.050068
6591403,0.009335,0.731790,0.679693,0.049125
6599736,0.008746,0.731605,0.679914,0.048937
6608069,0.010618,0.732107,0.679406,0.048100
6616402,0.010264,0.731745,0.679916,0.046449
6624735,0.009620,0.737109,0.673170,0.058490
6633068,0.008499,0.740156,0.669134,0.065998
6641401,0.009172,0.742017,0.666814,0.068448
6649734,0.008810,0.742712,0.665787,0.070919
6658067,0.007759,0.743088,0.665246,0.072157
6666400,0.009231,0.743172,0.665276,0.070837
6674733,0.010501,0.742211,0.666386,0.070303
6683066,0.010714,0.741845,0.666840,0.069825
6691399,-0.005022,0.731879,0.678547,0.062464
6699732,-0.007817,0.729331,0.681307,0.061931
6708065,-0.004338,0.730932,0.679068,0.067721
6716398,-0.002393,0.730195,0.680169,0.064648
6724731,-0.000300,0.729655,0.680543,0.066826
6733064,0.005584,0.730076,0.679880,0.068710
6741397,0.007845,0.727967,0.682262,0.067242
6749730,0.011110,0.725547,0.684957,0.065518
6758063,0.016412,0.724775,0.685684,0.065333
6766396,0.020904,0.721378,0.689341,0.063134
6774729,0.017142,0.714586,0.696830,0.059171
6783062,0.016383,0.711385,0.700027,0.060203
6791395,0.015946,0.709021,0.701959,0.065489
6799728,0.018409,0.705511,0.705422,0.065533
6808061,0.021306,0.701318,0.709698,0.063469
6816394,0.028527,0.694552,0.716571,0.057520
6824727,0.031746,0.684939,0.726090,0.051419
6833060,0.031286,0.678004,0.732774,0.048731
6841393,0.033086,0.670622,0.739550,0.047310
6849726,0.046566,0.667964,0.741303,0.046115
6858059,0.051586,0.660207,0.748120,0.042212
6866392,0.065261,0.656482,0.750553,0.037995
6874725,0.079927,0.649043,0.756069,0.026729
6883058,0.100480,0.643856,0.758333,0.016852
6891391,0.112899,0.637275,0.762260,0.009698
6899724,0.123126,0.632816,0.764432,0.005277
6908057,0.131652,0.630137,0.765230,0.004321
6916390,0.143932,0.625221,0.767060,-0.001329
6924723,0.155086,0.621674,0.767751,-0.005329
6933056,0.165516,0.619692,0.767174,-0.005513
6941389,0.176470,0.617047,0.766854,-0.006807
6949722,0.182762,0.614572,0.767349,-0.008642
6958055,0.193776,0.615084,0.764241,-0.007632
6966388,0.204755,0.615916,0.760709,-0.006667
6974721,0.214086,0.615412,0.758531,-0.008110
6983054,0.223363,0.614118,0.756911,-0.007320
6991387,0.230705,0.616889,0.752469,-0.003790
6999720,0.238160,0.617565,0.749588,-0.003352
7008053,0.248335,0.615265,0.748136,-0.008487
7016386,0.256962,0.614067,0.746187,-0.009846
7024719,0.272087,0.615092,0.739955,-0.009919
7033052,0.278542,0.614807,0.737805,-0.008385
7041385,0.280795,0.615319,0.736552,-0.005258
7049718,0.284892,0.615563,0.734787,-0.002690
7058051,0.288621,0.613108,0.735388,-0.001051
7066384,0.292324,0.612945,0.734059,-0.001003
7074717,0.297068,0.611998,0.732946,0.000425
7083050,0.298365,0.609655,0.734370,-0.000021
7091383,0.298668,0.606843,0.736570,-0.001705
7099716,0.301227,0.606393,0.735899,-0.001301
7108049,0.311165,0.607130,0.731142,-0.000505
7116382,0.314965,0.605860,0.730568,-0.001023
7124715,0.321010,0.603749,0.729671,-0.004420
7133048,0.325215,0.602931,0.728477,-0.005498
7141381,0.328801,0.603183,0.726644,-0.006976
7149714,0.329173,0.603910,0.725863,-0.007792
7158047,0.333321,0.604892,0.723105,-0.010994
7166380,0.336263,0.605726,0.720995,-0.013787
7174713,0.339458,0.606372,0.718895,-0.016471
7183046,0.342528,0.607505,0.716405,-0.019395
7191379,0.341823,0.609611,0.714902,-0.021118
7199712,0.342597,0.611242,0.713099,-0.022370
7208045,0.345356,0.612283,0.710787,-0.024911
7216378,0.348753,0.614684,0.706985,-0.026609
7224711,0.348836,0.616501,0.705296,-0.028242
7233044,0.348550,0.618957,0.703173,-0.030864
7241377,0.348890,0.620893,0.701256,-0.031741
7249710,0.346907,0.623390,0.699949,-0.033357
7258043,0.342132,0.624931,0.700910,-0.033648
7266376,0.340450,0.626112,0.700707,-0.032969
7274709,0.339299,0.627481,0.700019,-0.033419
7283042,0.339306,0.630539,0.697235,-0.034005
7291375,0.338432,0.633217,0.695176,-0.035084
7299708,0.337452,0.635134,0.693902,-0.035067
7308041,0.335710,0.637784,0.692422,-0.032899
7316374,0.333025,0.638808,0.692848,-0.031291
7324707,0.329201,0.639443,0.694213,-0.028414
7333040,0.325981,0.641695,0.693691,-0.027491
7341373,0.323780,0.642843,0.693801,-0.023668
7349706,0.324919,0.644688,0.691623,-0.021512
7358039,0.323003,0.646148,0.691203,-0.019997
7366372,0.320685,0.647884,0.690721,-0.017646
7374705,0.319918,0.648498,0.690547,-0.015714
7383038,0.313292,0.647390,0.694565,-0.017689
7391371,0.315437,0.649240,0.691909,-0.015777
7399704,0.318134,0.648917,0.690963,-0.016359
7408037,0.310076,0.646381,0.696938,-0.017939
7416370,0.302789,0.646991,0.699667,-0.013693
7424703,0.301663,0.646446,0.700664,-0.013323
7433036,0.301284,0.645518,0.701722,-0.010994
7441369,0.298149,0.642501,0.705631,-0.019614
7449702,0.297296,0.641350,0.707008,-0.020618
7458035,0.296667,0.640347,0.708109,-0.022940
7466368,0.293348,0.636533,0.712665,-0.029692
7474701,0.293818,0.635868,0.712969,-0.031915
7483034,0.293455,0.637175,0.711876,-0.033535
7491367,0.293717,0.636792,0.711891,-0.037911
7499700,0.301584,0.636526,0.708423,-0.044931
7508033,0.300331,0.635807,0.709246,-0.050205
7516366,0.299618,0.635735,0.709207,-0.055635
7524699,0.297257,0.637478,0.708410,-0.058437
7533032,0.298366,0.636923,0.707963,-0.063992
7541365,0.297728,0.636582,0.708031,-0.069377
7549698,0.296262,0.635633,0.708867,-0.075551
7558031,0.297316,0.634689,0.708620,-0.081430
7566364,0.298722,0.635014,0.707311,-0.085048
7574697,0.300379,0.635409,0.705555,-0.090663
7583030,0.302359,0.633827,0.705167,-0.097887
7591363,0.303506,0.633782,0.703981,-0.103029
7599696,0.304693,0.633279,0.703114,-0.108405
7608029,0.305865,0.633346,0.702072,-0.111425
7616362,0.305560,0.634993,0.699961,-0.116070
7624695,0.304260,0.636532,0.698366,-0.120576
7633028,0.304741,0.639223,0.695037,-0.124297
7641361,0.305346,0.641524,0.692060,-0.127534
7649694,0.306286,0.643892,0.688929,-0.130266
7658027,0.306796,0.645738,0.686356,-0.133471
7666360,0.306724,0.648301,0.683259,-0.137050
7674693,0.307547,0.649986,0.680653,-0.140163
7683026,0.307745,0.653544,0.677055,-0.140606
7691359,0.305669,0.655018,0.675812,-0.144212
7699692,0.308690,0.658679,0.670243,-0.147059
7708025,0.310494,0.662263,0.665166,-0.150180
7716358,0.308964,0.665762,0.661882,-0.152363
7724691,0.310184,0.668159,0.658396,-0.154480
7733024,0.312612,0.670452,0.653679,-0.159598
7741357,0.313392,0.673897,0.649176,-0.161921
7749690,0.311261,0.677419,0.646589,-0.161687
7758023,0.312377,0.678953,0.643705,-0.164582
7766356,0.312340,0.681617,0.640113,-0.167625
7774689,0.312263,0.683542,0.637602,-0.169487
7783022,0.311713,0.686111,0.634685,-0.171063
7791355,0.309495,0.687750,0.634169,-0.170418
7799688,0.309468,0.689013,0.632573,-0.171296
7808021,0.310332,0.689058,0.631660,-0.172910
7816354,0.310929,0.689693,0.630242,-0.174478
7824687,0.311605,0.689469,0.630074,-0.174762
7833020,0.311530,0.689380,0.630103,-0.175141
7841353,0.312543,0.689308,0.629466,-0.175910
7849686,0.313630,0.688885,0.629174,-0.176674
7858019,0.314036,0.688871,0.628996,-0.176642
7866352,0.310214,0.690279,0.629602,-0.175739
7874685,0.311863,0.688281,0.630630,-0.176963
7883018,0.315544,0.687240,0.629693,-0.177819
7891351,0.315626,0.686696,0.630506,-0.176894
7899684,0.315991,0.687283,0.629431,-0.177788
7908017,0.317016,0.685892,0.630127,-0.178867
7916350,0.317471,0.685998,0.629829,-0.178705
7924683,0.318906,0.685158,0.630210,-0.178026
7933016,0.319991,0.684929,0.629878,-0.178133
7941349,0.319794,0.684312,0.630433,-0.178896
7949682,0.319791,0.683161,0.631841,-0.178331
7958015,0.319793,0.682069,0.633061,-0.178178
7966348,0.318098,0.680792,0.635488,-0.177459
7974681,0.316564,0.679026,0.638190,-0.177269
7983014,0.314894,0.677741,0.640679,-0.176180
7991347,0.313008,0.676692,0.643213,-0.174331
7999680,0.310731,0.674740,0.647199,-0.171189
8008013,0.310047,0.673130,0.649638,-0.169520
8016346,0.308068,0.672660,0.651889,-0.166325
8024679,0.304112,0.673112,0.654305,-0.162239
8033011,0.298561,0.676223,0.655558,-0.154360
8041345,0.295145,0.677068,0.657538,-0.148702
8049678,0.289030,0.679599,0.659525,-0.140117
8058011,0.281114,0.682041,0.662391,-0.130509
8066344,0.272169,0.685029,0.665142,-0.119355
8074676,0.263796,0.688628,0.666918,-0.106879
8083010,0.257988,0.690756,0.668548,-0.096649
8091343,0.252017,0.693932,0.669527,-0.081731
8099676,0.245136,0.693241,0.673767,-0.073231
8108009,0.237320,0.695770,0.675121,-0.061603
8116341,0.231099,0.696494,0.677557,-0.049047
8124675,0.227563,0.694754,0.681354,-0.035903
8133008,0.219612,0.692858,0.686441,-0.022739
8141341,0.214132,0.690355,0.690956,-0.011714
8149674,0.209950,0.686378,0.696277,-0.002056
8158007,0.204749,0.684087,0.699960,0.012602
8166340,0.200663,0.681340,0.703501,0.024438
8174673,0.196959,0.678849,0.706544,0.034160
8183006,0.195664,0.675308,0.709865,0.042014
8191338,0.193960,0.672650,0.712339,0.049943
8199672,0.194380,0.669278,0.714802,0.057811
8208005,0.192487,0.666079,0.717614,0.065713
8216338,0.191408,0.663411,0.719750,0.072174
8224671,0.191745,0.659351,0.723155,0.074411
8233003,0.188391,0.658051,0.724159,0.084092
8241337,0.186824,0.657578,0.723753,0.094181
8249670,0.184849,0.654244,0.726403,0.100669
8258003,0.184411,0.650166,0.729445,0.105762
8266336,0.183013,0.643762,0.735686,0.104133
8274668,0.182823,0.638328,0.740780,0.101772
8283002,0.181118,0.636529,0.741606,0.109760
8291335,0.181918,0.634928,0.741628,0.117309
8299668,0.182906,0.631920,0.743068,0.122772
8308001,0.186043,0.628539,0.744619,0.125970
8316333,0.186764,0.622667,0.749983,0.122190
8324667,0.187750,0.617159,0.754845,0.118629
8333000,0.190491,0.615533,0.754489,0.124817
8341333,0.193269,0.612785,0.755408,0.128452
8349666,0.197159,0.609311,0.756994,0.129724
8357998,0.204022,0.608357,0.756718,0.125117
8366332,0.208548,0.607458,0.756614,0.122628
8374665,0.214215,0.608796,0.753853,0.123227
8382998,0.204984,0.610022,0.753495,0.134539
8391331,0.229549,0.609196,0.749998,0.117002
8399664,0.242530,0.607351,0.748888,0.107098
8407997,0.255167,0.607374,0.745653,0.099942
8416330,0.266660,0.606519,0.743299,0.092377
8424663,0.275713,0.606224,0.741052,0.085542
8432996,0.286854,0.606979,0.737238,0.075970
8441329,0.297560,0.606749,0.733968,0.067852
8449662,0.306940,0.607039,0.730613,0.059135
8457995,0.317603,0.607152,0.726570,0.050895
8466328,0.326023,0.606353,0.723986,0.043477
8474661,0.330480,0.606127,0.722389,0.039331
8482994,0.337855,0.605890,0.719432,0.034175
8491327,0.343652,0.605579,0.717169,0.029075
8499660,0.342231,0.604822,0.718613,0.025758
8507993,0.343340,0.605065,0.717917,0.024684
8516326,0.355000,0.603923,0.713389,0.018126
8524659,0.354978,0.602835,0.714372,0.015916
8532992,0.353770,0.602723,0.715111,0.013733
8541325,0.357606,0.600567,0.715075,0.010246
8549658,0.358480,0.600016,0.715142,0.006677
8557991,0.361550,0.599900,0.713716,0.003191
8566324,0.363356,0.601077,0.711811,-0.001597
8574657,0.364090,0.601755,0.710844,-0.005516
8582990,0.367371,0.602148,0.708773,-0.009807
8591323,0.367492,0.605433,0.705825,-0.014532
8599656,0.366320,0.607949,0.704159,-0.019171
8607989,0.366732,0.610734,0.701365,-0.024465
8616322,0.364186,0.613229,0.700356,-0.028651
8624655,0.359388,0.617408,0.698963,-0.033138
8632988,0.355418,0.620376,0.698075,-0.038765
8641321,0.358711,0.622605,0.693940,-0.046224
8649654,0.358804,0.624339,0.691746,-0.054292
8657987,0.353272,0.625986,0.692508,-0.061436
8666320,0.348692,0.627065,0.693280,-0.067577
8674653,0.346095,0.625881,0.694590,-0.077694
8682986,0.346154,0.623700,0.695255,-0.088298
8691319,0.346795,0.622939,0.694779,-0.094669
8699652,0.346020,0.619808,0.697275,-0.099583
8707985,0.348034,0.615058,0.699023,-0.109279
8716318,0.348567,0.611082,0.701056,-0.116621
8724651,0.352532,0.607449,0.700889,-0.124424
8732984,0.351520,0.604383,0.703025,-0.130042
8741317,0.350937,0.602459,0.703970,-0.135323
8749650,0.354054,0.601571,0.702091,-0.140809
8757983,0.352443,0.599834,0.703080,-0.147181
8766316,0.348755,0.597911,0.705052,-0.154189
8774649,0.348162,0.600360,0.702375,-0.158177
8782982,0.347816,0.601136,0.700787,-0.162966
8791315,0.345521,0.602083,0.699904,-0.168068
8799648,0.344691,0.604023,0.697046,-0.174563
8807981,0.341585,0.607648,0.694370,-0.178698
8816314,0.338606,0.610087,0.692530,-0.183143
8824647,0.332774,0.612274,0.692369,-0.187100
8832980,0.328048,0.615397,0.690561,-0.191825
8841313,0.326309,0.616767,0.688958,-0.196106
8849646,0.323464,0.618051,0.688302,-0.199060
8857979,0.322480,0.617901,0.688135,-0.201682
8866312,0.317350,0.618652,0.689079,-0.204279
8874645,0.316676,0.619218,0.687453,-0.209030
8882978,0.318478,0.619283,0.685170,-0.213549
8891311,0.315551,0.619793,0.685285,-0.216029
8899644,0.313515,0.619230,0.686431,-0.216967
8907977,0.310344,0.618755,0.687942,-0.218094
8916310,0.309848,0.619667,0.686715,-0.220067
8924643,0.309818,0.620492,0.685213,-0.222456
8932976,0.309272,0.620916,0.684769,-0.223396
8941309,0.308799,0.621784,0.684009,-0.223963
8949642,0.306830,0.624511,0.682878,-0.222531
8957975,0.305705,0.625964,0.681904,-0.222983
8966308,0.305324,0.627511,0.680756,-0.222663
8974641,0.305178,0.629018,0.679619,-0.222082
8982974,0.304573,0.630880,0.678563,-0.220857
8991307,0.306547,0.631999,0.676946,-0.219888
8999640,0.305713,0.633725,0.675975,-0.219068
9007973,0.304164,0.635246,0.675735,-0.217552
9016306,0.303281,0.636128,0.676445,-0.213972
9024639,0.301673,0.638490,0.675371,-0.212598
9032972,0.302924,0.637710,0.675791,-0.211825
9041305,0.305544,0.637214,0.675408,-0.210772
9049638,0.307099,0.637402,0.674757,-0.210028
9057971,0.306152,0.637920,0.675239,-0.208280
9066304,0.306682,0.636606,0.676821,-0.206379
9074637,0.306374,0.636126,0.678490,-0.202808
9082970,0.308207,0.634601,0.679271,-0.202189
9091303,0.309476,0.632609,0.680481,-0.202427
9099636,0.310328,0.632123,0.681303,-0.199859
9107969,0.314768,0.629996,0.681663,-0.198400
9116302,0.314183,0.628764,0.683554,-0.196720
9124635,0.315447,0.627294,0.684814,-0.195002
9132968,0.318170,0.625226,0.686002,-0.193030
9141301,0.315926,0.624329,0.688622,-0.190275
9149634,0.316021,0.623634,0.689895,-0.187767
9157967,0.318481,0.621856,0.690846,-0.186003
9166300,0.320987,0.618563,0.693862,-0.181389
9174633,0.321376,0.615680,0.697335,-0.177142
9182966,0.321828,0.615296,0.698006,-0.174997
9191299,0.326231,0.612804,0.698788,-0.172451
9199632,0.322808,0.610769,0.703752,-0.165800
9207965,0.328342,0.606518,0.705424,-0.163418
9216298,0.330080,0.602449,0.709171,-0.158675
9224631,0.331243,0.599601,0.711790,-0.155281
9232964,0.334815,0.595911,0.714025,-0.151514
9241297,0.338845,0.593486,0.714318,-0.150697
9249630,0.340805,0.591686,0.715801,-0.146246
9257963,0.344191,0.588027,0.718112,-0.141676
9266296,0.346528,0.585100,0.719911,-0.138938
9274629,0.351193,0.583103,0.720100,-0.134575
9282962,0.357789,0.581678,0.718690,-0.130855
9291295,0.362047,0.581470,0.716919,-0.129773
9299628,0.363987,0.581503,0.717013,-0.123528
9307961,0.366347,0.582193,0.715728,-0.120725
9316294,0.373120,0.583376,0.711724,-0.117907
9324627,0.374853,0.585655,0.709471,-0.114648
9332960,0.376417,0.588619,0.706942,-0.109867
9341293,0.379118,0.591270,0.703963,-0.105386
9349626,0.379802,0.595446,0.700930,-0.099460
9357959,0.378727,0.598938,0.699331,-0.093675
9366292,0.380134,0.602772,0.695767,-0.089848
9374625,0.381532,0.605989,0.692579,-0.086866
9382958,0.384144,0.607852,0.689921,-0.083418
9391291,0.383122,0.610100,0.689311,-0.076458
9399624,0.388405,0.612404,0.684350,-0.075948
9407957,0.387468,0.613386,0.684481,-0.071507
9416290,0.389226,0.614266,0.682930,-0.069191
9424623,0.386232,0.613920,0.685518,-0.063193
9432956,0.386955,0.613383,0.685833,-0.060507
9441289,0.388634,0.612675,0.685736,-0.057955
9449622,0.389546,0.610997,0.687046,-0.053894
9457955,0.391247,0.608849,0.688118,-0.052168
9466288,0.390139,0.604381,0.692639,-0.052596
9474621,0.389798,0.604291,0.693380,-0.045980
9482954,0.390609,0.602900,0.694563,-0.038953
9491287,0.389210,0.601129,0.697147,-0.033852
9499620,0.391329,0.599282,0.697654,-0.031639
9507953,0.393540,0.596209,0.699177,-0.028502
9516286,0.393310,0.593163,0.702063,-0.023929
9524619,0.393136,0.589040,0.705792,-0.018277
9532952,0.392922,0.585932,0.708582,-0.014403
9541285,0.391797,0.582722,0.711920,-0.010012
9549618,0.391297,0.578686,0.715516,-0.006783
9557951,0.392880,0.574772,0.717824,-0.003354
9566284,0.394203,0.570954,0.720149,-0.001082
9574617,0.393338,0.566688,0.723977,0.002590
9582950,0.395684,0.561412,0.726789,0.005258
9591283,0.396263,0.557883,0.729177,0.006555
9599616,0.395994,0.553883,0.732343,0.008743
9607949,0.397871,0.550513,0.733853,0.009687
9616282,0.396859,0.547545,0.736604,0.010608
9624615,0.398196,0.544933,0.737816,0.010774
9632948,0.398266,0.543350,0.738942,0.010954
9641281,0.398845,0.540835,0.740463,0.011602
9649614,0.397023,0.539598,0.742341,0.011658
9657947,0.395289,0.538818,0.743839,0.011171
9666280,0.398632,0.537663,0.742923,0.008744
9674613,0.392767,0.537042,0.746473,0.009858
9682946,0.392238,0.537263,0.746605,0.008866
9691279,0.390287,0.537345,0.747569,0.008744
9699612,0.384001,0.537274,0.750850,0.010214
9707945,0.381470,0.537864,0.751744,0.007970
9716278,0.379368,0.537741,0.752914,0.006031
9724611,0.379595,0.537457,0.753016,0.003862
9732944,0.378727,0.537572,0.753377,0.002247
9741277,0.373118,0.537945,0.755908,0.001549
9749610,0.372373,0.538247,0.756060,-0.001350
9757943,0.368639,0.539387,0.757075,-0.002240
9766276,0.364997,0.539672,0.758627,-0.004069
9774609,0.364145,0.541481,0.757724,-0.007101
9782942,0.359305,0.543584,0.758516,-0.008408
9791275,0.351321,0.547279,0.759593,-0.008870
9799608,0.354141,0.549999,0.756258,-0.012589
9807941,0.349074,0.553250,0.756242,-0.012622
9816274,0.343467,0.557734,0.755505,-0.013231
9824607,0.334091,0.561257,0.757085,-0.014016
9832940,0.327634,0.566596,0.755901,-0.015454
9841273,0.320246,0.570397,0.756222,-0.014725
9849606,0.313418,0.575362,0.755291,-0.016233
9857939,0.311502,0.579770,0.752606,-0.020431
9866272,0.305603,0.583585,0.751987,-0.023463
9874605,0.292978,0.587133,0.754271,-0.022652
9882938,0.286153,0.589390,0.755043,-0.025423
9891271,0.281012,0.591093,0.755497,-0.029435
9899604,0.276252,0.591840,0.756533,-0.032694
9907937,0.272215,0.591719,0.757971,-0.035314
9916270,0.267479,0.592848,0.758726,-0.036349
9924603,0.264664,0.593897,0.758827,-0.037689
9932936,0.259515,0.592869,0.761392,-0.037958
9941269,0.256218,0.591531,0.763532,-0.038247
9949602,0.252647,0.590964,0.765148,-0.038476
9957935,0.250052,0.591955,0.765268,-0.037797
9966268,0.244742,0.591194,0.767692,-0.035206
9974601,0.238262,0.592345,0.768966,-0.032417
9982934,0.232396,0.594543,0.769200,-0.029032
9991267,0.238715,0.596849,0.765407,-0.030631
9999600,0.225297,0.600357,0.766954,-0.024371
10007933,0.220041,0.603337,0.766225,-0.021599
10016266,0.213443,0.606920,0.765391,-0.016352
10024599,0.205733,0.610242,0.764932,-0.012592
10032932,0.198882,0.613588,0.764125,-0.008337
10041265,0.186104,0.615447,0.765885,-0.003240
10049598,0.176895,0.616928,0.766880,0.001674
10057931,0.168822,0.617609,0.768125,0.006471
10066264,0.165516,0.617817,0.768625,0.011090
10074597,0.155162,0.618701,0.770009,0.014798
10082930,0.157360,0.620109,0.768418,0.015376
10091263,0.155427,0.620083,0.768790,0.017370
10099596,0.147926,0.620630,0.769773,0.019620
10107929,0.149516,0.620015,0.769960,0.019686
10116262,0.141473,0.620151,0.771266,0.023397
10124595,0.135580,0.620773,0.771756,0.025544
10132928,0.132751,0.620543,0.772393,0.026694
10141261,0.108584,0.618356,0.777648,0.033299
10149594,0.094218,0.618117,0.779609,0.035560
10157927,0.100584,0.621182,0.776373,0.035498
10166260,0.099184,0.623212,0.774891,0.036247
10174593,0.094179,0.625629,0.773556,0.036474
10182926,0.089236,0.628329,0.771938,0.036744
10191259,0.087087,0.630386,0.770499,0.036903
10199592,0.087223,0.632724,0.768594,0.036278
10207925,0.085011,0.635026,0.766958,0.035930
10216258,0.081186,0.636386,0.766251,0.035788
10224591,0.079504,0.636632,0.766287,0.034410
10232924,0.080043,0.637967,0.765157,0.033564
10241257,0.078022,0.639016,0.764526,0.032732
10249590,0.078252,0.638433,0.765029,0.031785
10257923,0.077864,0.637098,0.766235,0.030443
10266256,0.077098,0.636104,0.767176,0.029469
10274589,0.077946,0.635104,0.767983,0.027737
10282922,0.079351,0.632831,0.769744,0.026884
10291255,0.079163,0.632523,0.770071,0.025263
10299588,0.079357,0.631540,0.770871,0.024853
10307921,0.073660,0.628704,0.773820,0.022533
10316254,0.088451,0.629505,0.771662,0.020904
10324587,0.086480,0.628551,0.772670,0.020644
10332920,0.080065,0.625652,0.775742,0.019334
10341253,0.078285,0.623063,0.778046,0.017583
10349586,0.083218,0.622723,0.777887,0.013520
10357919,0.092516,0.621655,0.777740,0.010305
10366252,0.098999,0.618926,0.779155,0.006840
10374585,0.101237,0.616120,0.781113,0.003157
10382918,0.122050,0.614240,0.779606,-0.005134
10391251,0.118715,0.611410,0.782332,-0.006426
10399584,0.128385,0.610080,0.781775,-0.012145
10407917,0.137247,0.607786,0.781997,-0.015461
10416250,0.138398,0.603516,0.785061,-0.017133
10424583,0.145692,0.602507,0.784443,-0.020219
10432916,0.156343,0.599961,0.784233,-0.024130
10441249,0.167285,0.597718,0.783538,-0.028595
10449582,0.178163,0.596394,0.781980,-0.032861
10457915,0.193039,0.595629,0.778821,-0.037421
10466248,0.203184,0.596006,0.775804,-0.040252
10474581,0.210368,0.595321,0.774367,-0.041161
10482914,0.221935,0.595860,0.770576,-0.043692
10491247,0.233202,0.597493,0.765839,-0.045930
10499580,0.236841,0.599414,0.763274,-0.044964
10507913,0.245712,0.601973,0.758414,-0.045420
10516246,0.253281,0.604423,0.754036,-0.044184
10524579,0.260870,0.606076,0.750181,-0.042986
10532912,0.268306,0.610175,0.744311,-0.041238
10541245,0.273461,0.612970,0.740068,-0.042258
10549578,0.280983,0.614876,0.735674,-0.041953
10557911,0.287830,0.617097,0.731185,-0.041390
10566244,0.293258,0.621006,0.725666,-0.041962
10574577,0.301342,0.624868,0.718955,-0.042852
10582910,0.304631,0.628968,0.714034,-0.041882
10591243,0.306258,0.631749,0.711028,-0.039205
10599576,0.307755,0.634466,0.708119,-0.036149
10607909,0.309450,0.637294,0.704950,-0.033798
10616242,0.309876,0.640243,0.702162,-0.032167
10624575,0.311361,0.641633,0.700360,-0.029272
10632908,0.310840,0.643189,0.699269,-0.026646
10641241,0.314068,0.645150,0.695940,-0.028459
10649574,0.312390,0.644669,0.697310,-0.023944
10657907,0.309258,0.644959,0.698573,-0.019594
10666240,0.315168,0.646031,0.694963,-0.018428
10674573,0.316404,0.646440,0.694133,-0.013539
10682906,0.316973,0.646753,0.693644,-0.009860
10691239,0.318491,0.644703,0.694866,-0.009174
10699572,0.319806,0.643435,0.695451,-0.007923
10707905,0.321826,0.641892,0.695940,-0.008360
10716238,0.324232,0.640003,0.696564,-0.008319
10724571,0.323508,0.638350,0.698416,-0.008209
10732904,0.323417,0.636868,0.699815,-0.007683
10741237,0.327902,0.635185,0.699237,-0.009372
10749570,0.328517,0.634505,0.699557,-0.010043
10757903,0.329285,0.633448,0.700141,-0.010831
10766236,0.329492,0.632997,0.700425,-0.012449
10774569,0.330885,0.632269,0.700387,-0.014478
10782902,0.331902,0.631400,0.700630,-0.017105
10791235,0.333025,0.631810,0.699599,-0.021717
10799568,0.336275,0.631126,0.698534,-0.025464
10807901,0.335915,0.631492,0.698257,-0.028558
10816234,0.338486,0.630416,0.697775,-0.033366
10824567,0.340182,0.631078,0.696163,-0.037073
10832900,0.339890,0.631371,0.695805,-0.041243
10841233,0.341369,0.632386,0.693888,-0.045561
10849566,0.342795,0.633195,0.692067,-0.050981
10857899,0.344047,0.635508,0.688709,-0.058657
10866232,0.344922,0.636213,0.687283,-0.062483
10874565,0.345833,0.638015,0.684674,-0.067514
10882898,0.347991,0.641531,0.679672,-0.073385
10891231,0.346997,0.644074,0.677193,-0.078561
10899564,0.347434,0.647498,0.672883,-0.085233
10907897,0.348172,0.650901,0.668313,-0.091994
10916230,0.349720,0.654312,0.663233,-0.098452
10924563,0.348819,0.658417,0.658859,-0.103525
10932896,0.345433,0.662843,0.655389,-0.108542
10941229,0.347924,0.667518,0.648043,-0.115798
10949562,0.351914,0.673035,0.638531,-0.124329
10957895,0.352145,0.678962,0.630757,-0.130957
10966228,0.348772,0.685786,0.624158,-0.135952
10974561,0.345998,0.692275,0.617150,-0.142006
10982894,0.347021,0.699014,0.606978,-0.150110
10991227,0.343675,0.706020,0.599037,-0.156770
10999560,0.341980,0.712162,0.590439,-0.165097
11007893,0.337172,0.717962,0.584731,-0.170103
11016226,0.334898,0.722441,0.578476,-0.176883
11024559,0.331206,0.726139,0.574074,-0.182928
11032892,0.326668,0.729503,0.571022,-0.187208
11041225,0.322588,0.731217,0.569827,-0.191195
11049558,0.319150,0.733226,0.567221,-0.196933
11057891,0.316999,0.734228,0.565193,-0.202432
11066224,0.312656,0.736285,0.563489,-0.206422
11074557,0.309867,0.735970,0.564295,-0.209527
11082890,0.307099,0.736415,0.564096,-0.212552
11091223,0.304165,0.737068,0.563935,-0.214921
11099556,0.302044,0.737446,0.564102,-0.216175
11107889,0.298028,0.739004,0.563770,-0.217292
11116222,0.294843,0.740022,0.564184,-0.217097
11124555,0.292596,0.741627,0.563344,-0.216840
11132888,0.291120,0.743810,0.561298,-0.216655
11141221,0.287080,0.746987,0.559374,-0.216094
11149554,0.284052,0.749123,0.558215,-0.215699
11157887,0.281331,0.751680,0.555879,-0.216402
11166220,0.277547,0.755073,0.552554,-0.217984
11174553,0.273541,0.757212,0.552967,-0.214552
11182886,0.270258,0.760436,0.549841,-0.215343
11191219,0.268296,0.764305,0.544839,-0.216809
11199552,0.262788,0.769125,0.540295,-0.217877
11207885,0.258372,0.772664,0.536374,-0.220313
11216218,0.255693,0.775721,0.532402,-0.222320
11224551,0.250147,0.779088,0.529392,-0.224036
11232884,0.246068,0.782510,0.524993,-0.226959
11241217,0.243621,0.785451,0.519850,-0.231239
11249550,0.239039,0.788352,0.515612,-0.235597
11257883,0.236021,0.791131,0.510657,-0.240073
11266216,0.232527,0.794034,0.505472,-0.244824
11274549,0.229771,0.797081,0.499442,-0.249850
11282882,0.225232,0.800027,0.494174,-0.254989
11291215,0.219476,0.803583,0.489094,-0.258595
11299548,0.216214,0.804943,0.485750,-0.263373
11307881,0.213779,0.808118,0.478410,-0.269011
11316214,0.208279,0.810777,0.474190,-0.272773
11324547,0.203919,0.813158,0.468843,-0.278168
11332880,0.199198,0.816935,0.461504,-0.282755
11341213,0.194350,0.818707,0.458167,-0.286409
11349546,0.188818,0.821207,0.455213,-0.287660
11357879,0.187411,0.823571,0.450244,-0.289635
11366212,0.180843,0.825707,0.447335,-0.292224
11374545,0.175050,0.827649,0.443065,-0.296728
11382878,0.171086,0.829088,0.441434,-0.297455
11391211,0.167931,0.829833,0.439425,-0.300137
11399544,0.164368,0.831635,0.436675,-0.301132
11407877,0.161511,0.831907,0.436467,-0.302229
11416210,0.159718,0.833659,0.434720,-0.300866
11424543,0.157491,0.834835,0.434213,-0.299510
11432876,0.155493,0.836228,0.431733,-0.300251
11441209,0.153297,0.837824,0.430859,-0.298181
11449542,0.150647,0.838800,0.429911,-0.298154
11457875,0.148524,0.840968,0.426076,-0.298618
11466208,0.148900,0.841783,0.424712,-0.298078
11474541,0.147027,0.843991,0.421968,-0.296658
11482874,0.147765,0.844265,0.421734,-0.295842
11491207,0.147902,0.844921,0.417992,-0.299193
11499540,0.147416,0.847489,0.415963,-0.294966
11507873,0.150206,0.849156,0.411937,-0.294414
11516206,0.151240,0.848725,0.410987,-0.296449
11524539,0.153582,0.849538,0.407436,-0.297814
11532872,0.153734,0.849024,0.405604,-0.301678
11541205,0.153943,0.850812,0.402054,-0.301285
11549538,0.154873,0.850477,0.400311,-0.304062
11557871,0.156263,0.850062,0.398236,-0.307222
11566204,0.158095,0.850903,0.395206,-0.307867
11574537,0.158191,0.850603,0.392446,-0.312146
11582870,0.159055,0.849878,0.390571,-0.316012
11591203,0.159089,0.850069,0.387698,-0.319004
11599536,0.160776,0.848513,0.386441,-0.323790
11607869,0.161054,0.849889,0.381689,-0.325673
11616202,0.163617,0.848883,0.377988,-0.331288
11624535,0.166365,0.849502,0.373463,-0.333457
11632868,0.166470,0.850037,0.368034,-0.338047
11641201,0.167755,0.851107,0.364020,-0.339065
11649534,0.171623,0.851320,0.357576,-0.343423
11657867,0.172866,0.852376,0.350631,-0.347320
11666200,0.174329,0.853508,0.344359,-0.350072
11674533,0.176614,0.855046,0.337865,-0.351498
11682866,0.180428,0.858454,0.327992,-0.350604
11691199,0.181147,0.862995,0.319900,-0.346539
11699532,0.181961,0.865919,0.311052,-0.346872
11707865,0.185652,0.870821,0.298698,-0.343488
11716198,0.188123,0.873223,0.286924,-0.346072
11724531,0.191062,0.878736,0.274515,-0.340530
11732864,0.195076,0.883354,0.262949,-0.335394
11741197,0.198166,0.888601,0.249913,-0.329640
11749530,0.201152,0.894200,0.240115,-0.319825
11757863,0.206410,0.899942,0.226114,-0.310439
11766196,0.208311,0.904532,0.215759,-0.303111
11774529,0.211518,0.908462,0.205160,-0.296423
11782862,0.218908,0.910830,0.191495,-0.292911
11791195,0.223948,0.913353,0.181117,-0.287803
11799528,0.224030,0.918450,0.175044,-0.274990
11807861,0.228472,0.919945,0.167985,-0.270709
11816194,0.232812,0.922247,0.160238,-0.263788
11824527,0.237075,0.923077,0.152741,-0.261522
11832860,0.239788,0.925045,0.148123,-0.254664
11841193,0.244461,0.924882,0.142228,-0.254172
11849526,0.246933,0.925997,0.137376,-0.250362
11857859,0.248771,0.927419,0.132767,-0.245725
11866192,0.251246,0.927875,0.127095,-0.244479
11874525,0.255094,0.927948,0.120898,-0.243358
11882858,0.254011,0.929733,0.117664,-0.239228
11891191,0.251745,0.931322,0.113969,-0.237224
11899524,0.253539,0.930603,0.106260,-0.241672
11907857,0.253363,0.931649,0.101112,-0.240027
11916190,0.252792,0.933048,0.095497,-0.237484
11924523,0.251335,0.934043,0.089682,-0.237383
11932856,0.249466,0.934964,0.083341,-0.238040
11941189,0.245784,0.936808,0.078408,-0.236290
11949522,0.243477,0.938295,0.071495,-0.234970
11957855,0.239021,0.939628,0.065948,-0.235837
11966188,0.236287,0.940444,0.059911,-0.236947
11974521,0.233126,0.940153,0.055522,-0.242243
11982854,0.227814,0.941737,0.049731,-0.242403
11991187,0.226513,0.942004,0.041997,-0.244041
11999520,0.223516,0.942620,0.034896,-0.245542
12007853,0.218065,0.942949,0.029686,-0.249827
12016186,0.214633,0.942389,0.021427,-0.255689
12024519,0.210534,0.942682,0.013960,-0.258519
12032852,0.205680,0.942900,0.005546,-0.261925
12041185,0.200527,0.943066,-0.003768,-0.265333
12049518,0.194564,0.943771,-0.011184,-0.267050
12057851,0.189180,0.944242,-0.020287,-0.268713
12066184,0.184367,0.944707,-0.029673,-0.269550
12074517,0.177261,0.944745,-0.038629,-0.273026
12082850,0.172813,0.944021,-0.049021,-0.276687
12091183,0.165152,0.944338,-0.057506,-0.278647
12099516,0.160873,0.942733,-0.067988,-0.284170
12107849,0.155682,0.942347,-0.077050,-0.286022
12116182,0.150935,0.940692,-0.088030,-0.290807
12124515,0.144085,0.939166,-0.097903,-0.296009
12132848,0.136214,0.937543,-0.109320,-0.300847
12141181,-0.125593,-0.935962,0.117989,0.307052
12149514,-0.116804,-0.934265,0.128177,0.311571
12157847,-0.107770,-0.930950,0.141263,0.319002
12166180,-0.098797,-0.927119,0.156695,0.325786
12174513,-0.091729,-0.924667,0.169505,0.328397
12182846,-0.080143,-0.920582,0.183940,0.335071
12191179,-0.069970,-0.916978,0.198011,0.339187
12199512,-0.061497,-0.914009,0.210647,0.341222
12207845,-0.053141,-0.910155,0.222421,0.345432
12216178,-0.042473,-0.907373,0.231162,0.348475
12224511,0.036517,0.906965,-0.239196,-0.344770
12232844,0.030117,0.905505,-0.245953,-0.344470
12241177,0.023799,0.904518,-0.250611,-0.344201
12249510,0.016163,0.902078,-0.254884,-0.347892
12257843,0.008839,0.899922,-0.257732,-0.351621
12266176,0.001661,0.899548,-0.257062,-0.353172
12274509,-0.005269,0.899268,-0.255288,-0.355131
12282842,-0.012520,0.898439,-0.252874,-0.358755
12291175,-0.020788,0.897204,-0.249570,-0.363741
12299508,-0.027207,0.897924,-0.243901,-0.365383
12307841,-0.034444,0.896929,-0.237941,-0.371100
12316174,-0.043482,0.896056,-0.229837,-0.377316
12324507,-0.048172,0.896061,-0.222681,-0.381007
12332840,-0.053267,0.895205,-0.215531,-0.386417
12341173,-0.056289,0.894800,-0.207947,-0.391052
12349506,-0.059223,0.894445,-0.201319,-0.394881
12357839,-0.062738,0.892486,-0.194008,-0.402360
12366172,-0.065893,0.890867,-0.189459,-0.407577
12374505,-0.068942,0.889657,-0.187004,-0.410838
12382838,-0.072855,0.887328,-0.184521,-0.416285
12391171,-0.074111,0.886979,-0.183553,-0.417234
12399504,-0.076052,0.885322,-0.184081,-0.420161
12407837,-0.078722,0.883771,-0.185978,-0.422094
12416170,-0.080142,0.883713,-0.188103,-0.421005
12424503,-0.079737,0.884252,-0.189385,-0.419374
12432836,-0.081916,0.884652,-0.193509,-0.416215
12441169,-0.083952,0.884372,-0.196645,-0.414933
12449502,-0.085046,0.883396,-0.200505,-0.414942
12457835,-0.086580,0.883345,-0.204345,-0.412853
12466168,-0.087112,0.883570,-0.207255,-0.410806
12474501,-0.088769,0.883192,-0.211330,-0.409183
12482834,-0.088618,0.883408,-0.215420,-0.406609
12491167,-0.088072,0.883008,-0.218987,-0.405692
12499500,-0.088705,0.881293,-0.221723,-0.407790
12507833,-0.086680,0.880538,-0.224994,-0.408065
12516166,-0.086055,0.878380,-0.226166,-0.412180
12524499,-0.083752,0.877527,-0.226712,-0.414165
12532832,-0.082894,0.876229,-0.228664,-0.416011
12541165,-0.079397,0.875596,-0.228367,-0.418183
12549498,-0.076180,0.874760,-0.230241,-0.419500
12557831,-0.072686,0.874549,-0.230148,-0.420610
12566164,-0.067433,0.874974,-0.230332,-0.420500
12574497,-0.061807,0.875757,-0.230512,-0.419635
12582830,-0.056308,0.874982,-0.231674,-0.421383
12591163,-0.053178,0.874210,-0.231744,-0.423348
12599496,-0.048887,0.874974,-0.230913,-0.422741
12607829,-0.042816,0.874091,-0.232711,-0.424237
12616162,-0.036701,0.873142,-0.233109,-0.426540
12624495,-0.031255,0.872118,-0.233909,-0.428626
12632828,-0.026903,0.871353,-0.232961,-0.430986
12641161,-0.021924,0.869883,-0.231103,-0.435218
12649494,-0.016879,0.868437,-0.230393,-0.438693
12657827,-0.012163,0.867684,-0.229245,-0.440935
12666160,-0.006096,0.867596,-0.229687,-0.441004
12674493,-0.001422,0.867383,-0.230172,-0.441209
12682826,0.001843,0.866254,-0.229766,-0.443631
12691159,0.003468,0.865668,-0.228970,-0.445175
12699492,0.006874,0.865587,-0.228495,-0.445535
12707825,0.012228,0.868525,-0.227881,-0.439983
12716158,0.014767,0.867766,-0.226498,-0.442112
12724491,0.017622,0.868448,-0.226470,-0.440680
12732824,-0.019753,-0.867881,0.226982,0.441442
12741157,-0.023930,-0.868335,0.227508,0.440070
12749490,-0.027130,-0.868715,0.228084,0.438835
12757823,-0.030100,-0.868762,0.229374,0.437875
12766156,-0.033409,-0.870303,0.228672,0.434931
12774489,-0.035041,-0.869853,0.232140,0.433865
12782822,-0.036303,-0.870103,0.236672,0.430801
12791155,-0.038770,-0.869550,0.242511,0.428449
12799488,-0.039452,-0.869161,0.246509,0.426891
12807821,-0.041301,-0.867795,0.250691,0.427060
12816154,-0.044430,-0.867064,0.256035,0.425056
12824487,-0.045938,-0.868273,0.259753,0.420143
12832820,-0.050743,-0.867096,0.263564,0.419647
12841153,-0.053766,-0.866917,0.265175,0.418623
12849486,-0.063848,-0.862828,0.268411,0.423563
12857819,-0.071455,-0.863412,0.265593,0.422934
12866152,-0.074152,-0.865665,0.262115,0.420025
12874485,-0.086127,-0.863374,0.252598,0.428208
12882818,-0.088946,-0.869832,0.233167,0.425574
12891151,-0.086517,-0.878915,0.211542,0.418656
12899484,-0.089232,-0.881184,0.185850,0.425456
12907817,-0.089687,-0.883847,0.162605,0.429338
12916150,-0.088755,-0.881960,0.143475,0.440095
12924483,-0.088538,-0.879912,0.128097,0.448897
12932816,-0.087455,-0.882323,0.122014,0.446060
12941149,-0.088305,-0.873850,0.117597,0.463422
12949482,-0.087118,-0.869517,0.114642,0.472449
12957815,-0.096150,-0.875036,0.121028,0.458714
12966148,-0.091098,-0.863828,0.121617,0.480324
12974481,-0.088244,-0.857352,0.120845,0.492501
12982814,-0.089094,-0.855515,0.118690,0.496053
12991147,-0.096451,-0.865492,0.119359,0.476838
12999480,-0.095508,-0.863268,0.113952,0.482350
13007813,-0.093589,-0.856729,0.107656,0.495648
13016146,-0.095430,-0.861527,0.103970,0.487704
13024479,-0.092765,-0.858038,0.098511,0.495440
13032812,-0.091301,-0.857546,0.091405,0.497920
13041145,-0.089208,-0.852852,0.088246,0.506851
13049478,-0.086257,-0.854183,0.083068,0.505996
13057811,-0.084057,-0.843571,0.076486,0.524855
13066144,-0.081771,-0.839941,0.073254,0.531456
13074477,-0.080903,-0.837373,0.067850,0.536337
13082810,-0.081030,-0.837064,0.059762,0.537760
13091143,-0.078610,-0.833764,0.053212,0.543899
13099476,-0.080424,-0.834639,0.045253,0.543012
13107809,-0.080356,-0.829226,0.036455,0.551904
13116142,-0.078044,-0.832164,0.028459,0.548272
13124475,-0.076250,-0.836759,0.019235,0.541895
13132808,-0.071657,-0.833300,0.009286,0.548078
13141141,-0.066097,-0.836744,0.002263,0.543585
13149474,-0.059791,-0.845310,-0.002047,0.530917
13157807,-0.054159,-0.845299,-0.006739,0.531499
13166140,-0.049330,-0.845941,-0.008879,0.530915
13174473,-0.045825,-0.850829,-0.005151,0.523415
13182806,-0.045854,-0.859002,0.001788,0.509912
13191139,-0.046503,-0.868809,0.012973,0.492788
13199472,-0.046506,-0.863687,0.021579,0.501415
13207805,-0.051382,-0.865338,0.035741,0.497264
13216138,-0.054147,-0.861468,0.047749,0.502655
13224471,-0.058491,-0.858450,0.061155,0.505867
13232804,-0.064732,-0.844073,0.069243,0.527785
13241137,-0.069796,-0.844438,0.078310,0.525282
13249470,-0.076964,-0.835023,0.086789,0.537848
13257803,-0.086857,-0.828158,0.091612,0.546093
13266136,-0.095777,-0.820184,0.094910,0.555983
13274469,-0.102887,-0.815880,0.098090,0.560475
13282802,-0.106763,-0.809337,0.099173,0.568982
13291135,-0.110312,-0.807123,0.097511,0.571730
13299468,-0.110232,-0.806061,0.098933,0.572998
13307801,-0.105604,-0.803923,0.099485,0.576765
13316134,-0.101189,-0.803053,0.098206,0.578984
13324467,-0.096352,-0.809628,0.094798,0.571168
13332800,-0.090299,-0.812069,0.094193,0.568786
13341133,-0.087304,-0.822554,0.095242,0.553816
13349466,-0.083841,-0.830711,0.095895,0.541936
13357799,-0.080394,-0.836004,0.095634,0.534311
13366132,-0.077262,-0.825806,0.096614,0.550219
13374465,-0.076316,-0.829488,0.098078,0.544524
13382798,-0.077799,-0.830743,0.099734,0.542094
13391131,-0.081115,-0.835752,0.102978,0.533231
13399464,-0.079524,-0.827903,0.107032,0.544791
13407797,-0.078495,-0.824008,0.110917,0.550042
13416130,-0.080106,-0.826000,0.113800,0.546221
13424463,-0.081510,-0.825607,0.117062,0.545917
13432796,-0.081368,-0.826412,0.121144,0.543826
13441129,-0.077448,-0.820845,0.125022,0.551892
13449462,-0.077787,-0.823781,0.128208,0.546715
13457795,-0.075188,-0.820997,0.133276,0.550044
13466128,-0.070984,-0.818264,0.138286,0.553427
13474461,-0.065524,-0.817572,0.141434,0.554327
13482794,-0.057382,-0.816788,0.145466,0.555342
13491127,-0.049121,-0.818548,0.150320,0.552241
13499460,-0.041103,-0.820241,0.152189,0.549866
13507793,-0.037581,-0.830815,0.153082,0.533760
13516126,-0.034785,-0.837438,0.154727,0.523018
13524459,-0.026630,-0.851028,0.142582,0.504690
13532792,-0.020708,-0.862137,0.115218,0.492966
13541125,-0.025930,-0.865434,0.105998,0.488996
13549458,-0.030090,-0.864092,0.105864,0.491154
13557791,-0.032295,-0.862301,0.101352,0.495097
13566124,-0.032810,-0.859831,0.097073,0.500190
13574457,-0.032226,-0.851526,0.096514,0.514345
13582790,-0.038343,-0.854571,0.099315,0.508306
13591123,-0.042920,-0.849944,0.104816,0.514554
13599456,-0.048753,-0.841833,0.114531,0.525189
13607789,-0.058868,-0.841954,0.123482,0.521919
13616122,-0.068606,-0.840605,0.133429,0.520454
13624455,-0.076189,-0.837364,0.144197,0.521751
13632788,-0.083565,-0.832664,0.155116,0.525001
13641121,-0.091767,-0.830834,0.164218,0.523762
13649454,-0.099100,-0.830071,0.171426,0.521319
13657787,-0.105819,-0.830044,0.177759,0.517910
13666120,-0.110978,-0.830706,0.181876,0.514327
13674453,-0.115268,-0.829802,0.184151,0.514033
13682786,-0.119512,-0.834630,0.185070,0.504835
13691119,-0.120451,-0.832321,0.186433,0.507913
13699452,-0.120996,-0.832255,0.184839,0.508475
13707785,-0.122736,-0.832440,0.182833,0.508480
13716118,-0.123097,-0.835082,0.181146,0.504650
13724451,-0.124162,-0.839002,0.174745,0.500123
13732784,-0.122721,-0.836652,0.173598,0.504793
13741117,-0.122403,-0.837954,0.178215,0.501088
13749450,-0.121110,-0.840101,0.179783,0.497234
13757783,-0.117173,-0.837330,0.181143,0.502331
13766116,-0.113338,-0.838369,0.179311,0.502136
13774449,-0.109179,-0.834556,0.178245,0.509730
13782782,-0.104357,-0.830236,0.178936,0.517493
13791115,-0.098410,-0.824110,0.176554,0.529138
13799448,-0.092989,-0.817818,0.174525,0.540433
13807781,-0.090996,-0.819655,0.170807,0.539175
13816114,-0.085627,-0.812436,0.172194,0.550422
13824447,-0.079559,-0.809215,0.172111,0.556075
13832780,-0.077546,-0.812318,0.172123,0.551815
13841113,-0.075558,-0.813034,0.173048,0.550746
13849446,-0.076421,-0.818523,0.168604,0.543832
13857779,-0.076909,-0.826557,0.169615,0.531148
13866112,-0.077967,-0.833178,0.169211,0.520677
13874445,-0.079102,-0.840061,0.168280,0.509630
13882778,-0.079656,-0.846689,0.162307,0.500428
13891111,-0.080716,-0.853359,0.157815,0.490263
13899444,-0.083578,-0.861680,0.157806,0.474994
13907777,-0.084594,-0.865720,0.155554,0.468162
13916110,-0.085685,-0.869966,0.154999,0.460209
13924443,-0.088424,-0.874968,0.153765,0.450520
13932776,-0.090082,-0.880588,0.151944,0.439731
13941109,-0.092433,-0.882009,0.151641,0.436487
13949442,-0.094769,-0.881658,0.153837,0.435927
13957775,-0.092954,-0.887282,0.152807,0.425136
13966108,-0.093195,-0.891879,0.149998,0.416374
13974441,-0.092225,-0.893908,0.147731,0.413037
13982774,-0.092892,-0.893116,0.150502,0.413599
13991107,-0.091127,-0.886223,0.152777,0.427742
13999440,-0.089833,-0.881482,0.150410,0.438516
14007773,-0.089402,-0.886167,0.148050,0.429880
14016106,-0.088095,-0.882293,0.147741,0.438145
14024439,-0.086627,-0.878291,0.147993,0.446318
14032772,-0.086450,-0.878576,0.149054,0.445435
14041105,-0.085673,-0.881204,0.150601,0.439840
14049438,-0.087895,-0.873565,0.155986,0.452577
14057771,-0.086880,-0.872027,0.162091,0.453594
14066104,-0.085501,-0.873412,0.165120,0.450085
14074437,-0.086095,-0.873296,0.169601,0.448528
14082770,-0.087135,-0.873575,0.172435,0.446700
14091103,-0.087668,-0.874968,0.175795,0.442540
14099436,-0.086616,-0.874018,0.182818,0.441778
14107769,-0.087353,-0.873921,0.186509,0.440280
14116102,-0.087575,-0.871978,0.188935,0.443046
14124435,-0.088061,-0.868982,0.192971,0.447076
14132768,-0.088872,-0.869200,0.195592,0.445349
14141101,-0.089792,-0.868052,0.196797,0.446872
14149434,-0.089830,-0.866498,0.198363,0.449181
14157767,-0.089668,-0.865073,0.200463,0.451025
14166100,-0.088310,-0.864143,0.201916,0.452425
14174433,-0.086845,-0.862819,0.201865,0.455249
14182766,-0.085377,-0.861047,0.204516,0.457691
14191099,-0.084753,-0.859719,0.206118,0.459581
14199432,-0.083106,-0.856776,0.209396,0.463876
14207765,-0.081628,-0.856254,0.211586,0.464109
14216098,-0.079273,-0.854565,0.211014,0.467876
14224431,-0.079138,-0.855501,0.209349,0.466934
14232764,-0.077895,-0.855802,0.209442,0.466551
14241097,-0.076594,-0.855586,0.211449,0.466256
14249430,-0.075752,-0.856150,0.210575,0.465754
14257763,-0.075324,-0.857372,0.208468,0.464521
14266096,-0.075401,-0.858621,0.205721,0.463426
14274429,-0.075263,-0.858812,0.203512,0.464069
14282762,-0.076537,-0.860985,0.202699,0.460174
14291095,-0.076206,-0.860766,0.202786,0.460601
14299428,-0.075400,-0.859667,0.201660,0.463271
14307761,-0.074823,-0.859310,0.200476,0.464540
14316094,-0.074989,-0.860286,0.198457,0.463573
14324427,-0.073769,-0.859172,0.197068,0.466417
14332760,-0.075318,-0.862692,0.194562,0.460690
14341093,-0.075096,-0.861464,0.193968,0.463267
14349426,-0.075246,-0.861466,0.193706,0.463348
14357759,-0.075422,-0.861873,0.192877,0.462910
14366092,-0.075044,-0.861328,0.192775,0.464027
14374425,-0.075390,-0.861014,0.193900,0.464085
14382758,-0.077409,-0.860972,0.194506,0.463575
14391091,-0.076582,-0.861249,0.194429,0.463231
14399424,-0.076152,-0.861230,0.192916,0.463969
14407757,-0.074898,-0.860212,0.192120,0.466386
14416090,-0.072519,-0.859559,0.190786,0.468508
14424423,-0.072187,-0.859653,0.189651,0.468848
14432756,-0.071412,-0.859581,0.189652,0.469098
14441089,-0.069637,-0.858668,0.190540,0.470675
14449422,-0.069211,-0.858976,0.189157,0.470734
14457755,-0.069129,-0.860360,0.188883,0.468321
14466088,-0.068088,-0.858860,0.189716,0.470884
14474421,-0.068373,-0.858323,0.190368,0.471559
14482754,-0.068723,-0.858416,0.189505,0.471686
14491087,-0.069052,-0.858636,0.189171,0.471370
14499420,-0.069799,-0.860173,0.188398,0.468761
14507753,-0.070868,-0.861033,0.187704,0.467297
14516086,-0.070509,-0.860623,0.188609,0.467742
14524419,-0.069419,-0.860332,0.188838,0.468347
14532752,-0.069901,-0.861015,0.187987,0.467363
14541085,-0.070401,-0.861820,0.188553,0.465573
14549418,-0.070553,-0.861950,0.189877,0.464771
14557751,-0.072690,-0.863981,0.187531,0.461611
14566084,-0.073447,-0.864974,0.187515,0.459635
14574417,-0.072799,-0.864574,0.190300,0.459346
14582750,-0.073443,-0.865203,0.189002,0.458594
14591083,-0.074409,-0.865946,0.188889,0.457079
14599416,-0.074915,-0.866128,0.189783,0.456281
14607749,-0.075122,-0.866068,0.189121,0.456635
14616082,-0.075104,-0.866079,0.189321,0.456535
14624415,-0.074465,-0.865686,0.190137,0.457046
14632748,-0.074900,-0.866565,0.189186,0.455702
14641081,-0.075579,-0.866003,0.190531,0.456098
14649414,-0.075945,-0.867083,0.190632,0.453937
14657747,-0.075887,-0.866098,0.190294,0.455965
14666080,-0.076395,-0.866436,0.191034,0.454927
14674413,-0.076470,-0.866376,0.191622,0.454781
14682746,-0.076383,-0.866401,0.192447,0.454400
14691079,-0.075758,-0.865371,0.193491,0.456022
14699412,-0.076225,-0.865767,0.192666,0.455540
14707745,-0.075789,-0.864725,0.193918,0.457058
14716078,-0.076555,-0.867749,0.194625,0.450857
14724411,-0.077132,-0.869302,0.193546,0.448225
14732744,-0.076430,-0.869601,0.193203,0.447913
14741077,-0.075493,-0.869311,0.193503,0.448504
14749410,-0.074168,-0.868518,0.193783,0.450138
14757743,-0.073981,-0.868827,0.193430,0.449724
14766076,-0.073199,-0.868361,0.193550,0.450699
14774409,-0.073336,-0.869222,0.191853,0.449741
14782742,-0.071939,-0.868172,0.190257,0.452663
14791075,-0.072598,-0.869660,0.191381,0.449215
14799408,-0.073112,-0.870332,0.191103,0.447946
14807741,-0.072491,-0.869490,0.190774,0.449820
14816074,-0.071656,-0.869236,0.190295,0.450647
14824407,-0.071200,-0.869289,0.190411,0.450568
14832740,-0.071178,-0.868902,0.190366,0.451336
14841073,-0.070960,-0.868433,0.191229,0.451908
14849406,-0.070905,-0.868882,0.189350,0.451843
14857739,-0.071223,-0.868560,0.188089,0.452939
14866072,-0.071350,-0.868033,0.187713,0.454083
14874405,-0.071854,-0.868438,0.187285,0.453405
14882738,-0.072287,-0.869935,0.186801,0.450659
14891071,-0.072026,-0.870789,0.188255,0.448440
14899404,-0.071009,-0.870167,0.189473,0.449297
14907737,-0.071322,-0.870558,0.189673,0.448404
14916070,-0.070273,-0.869526,0.188309,0.451139
14924403,-0.070738,-0.869607,0.186943,0.451477
14932736,-0.070626,-0.869518,0.186876,0.451695
14941069,-0.070738,-0.869030,0.187171,0.452494
14949402,-0.072511,-0.869477,0.185410,0.452078
14957735,-0.073806,-0.869357,0.184172,0.452606
14966068,-0.074192,-0.868680,0.184418,0.453741
14974401,-0.075200,-0.869067,0.184826,0.452666
14982734,-0.075398,-0.869326,0.184896,0.452107
14991067,-0.074802,-0.868895,0.186872,0.452222
14999400,-0.076042,-0.869609,0.186023,0.450991
15007733,-0.076323,-0.869953,0.186301,0.450164
15016066,-0.076803,-0.869510,0.187162,0.450583
15024399,-0.077101,-0.868568,0.188855,0.451641
15032732,-0.077840,-0.868636,0.189496,0.451113
15041065,-0.078318,-0.868486,0.189799,0.451193
15049398,-0.078652,-0.867877,0.189491,0.452434
15057731,-0.079396,-0.867226,0.188084,0.454136
15066064,-0.081315,-0.868174,0.186284,0.452726
15074397,-0.082911,-0.868912,0.184768,0.451641
15082730,-0.083485,-0.870117,0.182386,0.450181
15091063,-0.083720,-0.869961,0.183405,0.450023
15099396,-0.084203,-0.870381,0.183786,0.448964
15107729,-0.084716,-0.870235,0.184882,0.448701
15116062,-0.085432,-0.870421,0.184544,0.448344
15124395,-0.085275,-0.869553,0.185033,0.449854
15132728,-0.085945,-0.869307,0.185207,0.450129
15141061,-0.085433,-0.868453,0.186471,0.451354
15149394,-0.086316,-0.868482,0.185614,0.451482
15157727,-0.086984,-0.867992,0.187572,0.451486
15166060,-0.087336,-0.868398,0.187165,0.450807
15174393,-0.088770,-0.869455,0.185939,0.448993
15182726,-0.090369,-0.870712,0.184319,0.446900
15191059,-0.091221,-0.871189,0.184258,0.445822
15199392,-0.092610,-0.872638,0.187140,0.441480
15207725,-0.092269,-0.872070,0.186607,0.442898
15216058,-0.093394,-0.873034,0.186469,0.440816
15224391,-0.093256,-0.871482,0.187471,0.443483
15232724,-0.093130,-0.871169,0.187969,0.443914
15241057,-0.093862,-0.872292,0.189051,0.441085
15249390,-0.093160,-0.871920,0.191216,0.441037
15257723,-0.092515,-0.870994,0.192942,0.442249
15266056,-0.093365,-0.871238,0.191567,0.442186
15274389,-0.093011,-0.870641,0.192305,0.443117
15282722,-0.093749,-0.871415,0.191908,0.441609
15291055,-0.092730,-0.868799,0.192665,0.446620
15299388,-0.092883,-0.868613,0.192212,0.447145
15307721,-0.092027,-0.867754,0.192868,0.448706
15316054,-0.092074,-0.867611,0.193233,0.448814
15324387,-0.091748,-0.867622,0.193898,0.448572
15332720,-0.091718,-0.867117,0.194110,0.449463
15341053,-0.090931,-0.866430,0.194886,0.450610
15349386,-0.090246,-0.866356,0.193084,0.451664
15357719,-0.089445,-0.865747,0.194225,0.452503
15366052,-0.090025,-0.866267,0.194082,0.451452
15374385,-0.090148,-0.866414,0.194563,0.450938
15382718,-0.090717,-0.866844,0.193752,0.450347
15391051,-0.088992,-0.864643,0.195182,0.454288
15399384,-0.089042,-0.863922,0.194415,0.455975
15407717,-0.087882,-0.863448,0.196233,0.456320
15416050,-0.087120,-0.862597,0.197216,0.457648
15424383,-0.086777,-0.862038,0.197672,0.458570
15432716,-0.086111,-0.861571,0.199102,0.458953
15441049,-0.085688,-0.861174,0.200148,0.459323
15449382,-0.086747,-0.861952,0.198362,0.458439
15457715,-0.086748,-0.862317,0.199291,0.457348
15466048,-0.085643,-0.861569,0.201029,0.458205
15474381,-0.085547,-0.861731,0.200837,0.458003
15482714,-0.085277,-0.861770,0.200650,0.458060
15491047,-0.085640,-0.862254,0.198327,0.458093
15499380,-0.085611,-0.862177,0.199722,0.457638
15507713,-0.085685,-0.862904,0.197823,0.457079
15516046,-0.085268,-0.862760,0.198148,0.457287
15524379,-0.084571,-0.862850,0.195711,0.458296
15532712,-0.084355,-0.862938,0.196036,0.458030
15541045,-0.084579,-0.864162,0.195059,0.456094
15549378,-0.083542,-0.863909,0.194777,0.456886
15557711,-0.082991,-0.863486,0.197074,0.456799
15566044,-0.081821,-0.862532,0.197719,0.458531
15574377,-0.081199,-0.862367,0.197744,0.458941
15582710,-0.082814,-0.865074,0.199465,0.452771
15591043,-0.082255,-0.864596,0.198584,0.454173
15599376,-0.082026,-0.864313,0.198354,0.454852
15607709,-0.081438,-0.864198,0.198336,0.455183
15616042,-0.081437,-0.864155,0.198979,0.454985
15624375,-0.080056,-0.863420,0.199367,0.456453
15632708,-0.079820,-0.864189,0.196660,0.456213
15641041,-0.080929,-0.865776,0.193876,0.454198
15649374,-0.080126,-0.865474,0.195209,0.454343
15657707,-0.079002,-0.864312,0.198345,0.455393
15666040,-0.078940,-0.864760,0.197925,0.454735
15674373,-0.079377,-0.866462,0.196283,0.452124
15682706,-0.079253,-0.866330,0.197897,0.451695
15691039,-0.078802,-0.865459,0.199304,0.452823
15699372,-0.078860,-0.865488,0.198532,0.453097
15707705,-0.076931,-0.863816,0.201079,0.455490
15716038,-0.078065,-0.865590,0.197589,0.453452
15724371,-0.078647,-0.865050,0.198025,0.454191
15732704,-0.078257,-0.865597,0.197459,0.453462
15741037,-0.081345,-0.869826,0.200702,0.443287
15749370,-0.083403,-0.871235,0.199824,0.440528
15757703,-0.082440,-0.870498,0.199235,0.442428
15766036,-0.080821,-0.870651,0.201666,0.441323
15774369,-0.081284,-0.870765,0.201417,0.441126
15782702,-0.081671,-0.871441,0.200156,0.440293
15791035,-0.082474,-0.872940,0.198542,0.437899
15799368,-0.082051,-0.873500,0.198603,0.436832
15807701,-0.081931,-0.873470,0.199956,0.436298
15816034,-0.081987,-0.874570,0.199811,0.434143
15824367,-0.080954,-0.873430,0.201010,0.436076
15832700,-0.080198,-0.872805,0.201457,0.437259
15841033,-0.079949,-0.873571,0.200561,0.436185
15849366,-0.080229,-0.873841,0.199995,0.435853
15857699,-0.081938,-0.875237,0.200063,0.432692
15866032,-0.081585,-0.875373,0.199865,0.432574
15874365,-0.080717,-0.874567,0.199307,0.434620
15882698,-0.082358,-0.875354,0.201837,0.431548
15891031,-0.083616,-0.877498,0.200748,0.427442
15899364,-0.081810,-0.874829,0.201766,0.432748
15907697,-0.080727,-0.873493,0.203635,0.434771
15916030,-0.080633,-0.873611,0.204075,0.434345
15924363,-0.081447,-0.874004,0.203735,0.433561
15932696,-0.081631,-0.873892,0.203663,0.433787
15941029,-0.082373,-0.875286,0.204503,0.430427
15949362,-0.081592,-0.874238,0.204734,0.432591
15957695,-0.081420,-0.873515,0.205688,0.433629
15966028,-0.081036,-0.874268,0.208126,0.431013
15974361,-0.079873,-0.873619,0.207611,0.432790
15982694,-0.080698,-0.874826,0.206619,0.430670
15991027,-0.081168,-0.874378,0.206075,0.431749
15999360,-0.080974,-0.874100,0.206859,0.431975
16007693,-0.080925,-0.874594,0.209029,0.429934
16016026,-0.081740,-0.876010,0.208661,0.427065
16024359,-0.081095,-0.874092,0.208666,0.431098
16032692,-0.081672,-0.874050,0.207207,0.431776
16041025,-0.081655,-0.874261,0.207188,0.431361
16049358,-0.081554,-0.873626,0.207181,0.432669
16057691,-0.081337,-0.873474,0.207657,0.432789
16066023,-0.081380,-0.873488,0.207581,0.432788
16074357,-0.081584,-0.873306,0.207683,0.433068
16082690,-0.081703,-0.873115,0.207619,0.433461
16091023,-0.081971,-0.873186,0.207619,0.433268
16099356,-0.081899,-0.873197,0.207604,0.433266
16107689,-0.081744,-0.873049,0.207909,0.433448
16116022,-0.081325,-0.872420,0.208399,0.434557
16124355,-0.081372,-0.872718,0.208501,0.433900
16132688,-0.082023,-0.874001,0.207563,0.431639
16141020,-0.082137,-0.874352,0.207564,0.430905
16149353,-0.081705,-0.873151,0.209033,0.432710
16157687,-0.081865,-0.872764,0.209626,0.433173
16166020,-0.082746,-0.873769,0.209415,0.431075
16174353,-0.083129,-0.873991,0.210813,0.429870
16182686,-0.082905,-0.873826,0.212093,0.429618
16191019,-0.082104,-0.873417,0.214676,0.429320
16199352,-0.081986,-0.873186,0.215896,0.429201
16207685,-0.083666,-0.874751,0.217139,0.425042
16216018,-0.084731,-0.875253,0.216412,0.424169
16224350,-0.085055,-0.875270,0.217141,0.423696
16232683,-0.085628,-0.875034,0.217126,0.424074
16241017,-0.086251,-0.874743,0.217789,0.424209
16249350,-0.086782,-0.874408,0.218181,0.424590
16257683,-0.086876,-0.874156,0.218943,0.424698
16266016,-0.087218,-0.874017,0.219476,0.424639
16274349,-0.087815,-0.873526,0.220248,0.425125
16282682,-0.088112,-0.872618,0.218872,0.427632
16291015,-0.088058,-0.871980,0.218768,0.428995
16299348,-0.087795,-0.870564,0.219937,0.431321
16307680,-0.087676,-0.869447,0.223285,0.431877
16316014,-0.088263,-0.869367,0.222735,0.432204
16324347,-0.086074,-0.866893,0.223923,0.436973
16332680,-0.085040,-0.865677,0.225187,0.438934
16341013,-0.085961,-0.866128,0.224844,0.438038
16349346,-0.085728,-0.865250,0.225430,0.439516
16357679,-0.087234,-0.866121,0.224010,0.438227
16366012,-0.085369,-0.862901,0.226388,0.443693
16374345,-0.086276,-0.861901,0.227828,0.444723
16382677,-0.087847,-0.862715,0.228918,0.442270
16391010,-0.086449,-0.860004,0.231909,0.446248
16399344,-0.086688,-0.859883,0.231545,0.446625
16407677,-0.086886,-0.859899,0.231870,0.446386
16416010,-0.086219,-0.858531,0.234520,0.447762
16424343,-0.087252,-0.859127,0.235166,0.446077
16432676,-0.089335,-0.862543,0.235412,0.438886
16441009,-0.088191,-0.861385,0.236727,0.440679
16449342,0.087258,0.860451,-0.237557,-0.442242
16457675,0.085881,0.859707,-0.239782,-0.442756
16466007,0.086274,0.860994,-0.241062,-0.439472
16474340,0.086288,0.859897,-0.238818,-0.442829
16482674,0.084745,0.859357,-0.236503,-0.445410
16491007,0.083129,0.859084,-0.235835,-0.446594
16499340,0.081591,0.859640,-0.235628,-0.445916
16507673,0.081499,0.861503,-0.232568,-0.443940
16516006,0.080902,0.862318,-0.231574,-0.442986
16524339,0.080128,0.862734,-0.230500,-0.442876
16532672,0.077954,0.861926,-0.231688,-0.444216
16541005,0.077648,0.862660,-0.229934,-0.443755
16549337,0.076797,0.864463,-0.228762,-0.440993
16557671,0.077251,0.866064,-0.226191,-0.439094
16566004,0.076839,0.866461,-0.226251,-0.438351
16574337,0.074484,0.865819,-0.226922,-0.439677
16582670,0.075295,0.869190,-0.226632,-0.432987
16591003,0.072590,0.868321,-0.228690,-0.434108
16599336,-0.072623,-0.869180,0.226610,0.433475
16607669,-0.071555,-0.869141,0.225361,0.434380
16616002,-0.070745,-0.869463,0.224672,0.434226
16624334,-0.067874,-0.868583,0.224444,0.436556
16632667,-0.067476,-0.868930,0.221395,0.437483
16641001,-0.065311,-0.867947,0.221517,0.439696
16649334,-0.065108,-0.869325,0.222186,0.436657
16657667,-0.066246,-0.871197,0.218693,0.434512
16666000,-0.065623,-0.871215,0.218910,0.434460
16674333,-0.064090,-0.870150,0.217104,0.437718
16682666,-0.064333,-0.870787,0.215325,0.437294
16690999,-0.064538,-0.871396,0.214864,0.436277
16699332,-0.064226,-0.871587,0.214840,0.435954
16707664,-0.063429,-0.870582,0.215216,0.437887
16715997,-0.064329,-0.870972,0.214380,0.437391
16724331,-0.065270,-0.871989,0.216254,0.434291
16732664,-0.063938,-0.870311,0.216876,0.437533
16740997,-0.062750,-0.868638,0.215876,0.441506
16749330,-0.064386,-0.871015,0.214091,0.437438
16757663,-0.063201,-0.870251,0.214011,0.439168
16765996,-0.063691,-0.870371,0.214162,0.438785
16774329,-0.064080,-0.870282,0.214592,0.438695
16782662,-0.064949,-0.870307,0.216217,0.437719
16790995,-0.066212,-0.871168,0.214544,0.436638
16799328,-0.065771,-0.871526,0.215682,0.435428
16807661,-0.066002,-0.871168,0.216176,0.435864
16815994,-0.065790,-0.871115,0.216314,0.435933
16824327,-0.065289,-0.870995,0.215783,0.436513
16832660,-0.066067,-0.870932,0.215446,0.436688
16840993,-0.067153,-0.871019,0.216357,0.435897
16849326,-0.066506,-0.870490,0.217152,0.436657
16857659,-0.066716,-0.871000,0.216533,0.435914
16865992,-0.067076,-0.871695,0.216486,0.434491
16874325,-0.067653,-0.871515,0.216069,0.434970
16882658,-0.068046,-0.871911,0.216092,0.434102
16890991,-0.068167,-0.871505,0.216236,0.434827
16899324,-0.068833,-0.871697,0.216363,0.434274
16907657,-0.069407,-0.871266,0.216950,0.434754
16915990,-0.070133,-0.871461,0.216628,0.434406
16924323,-0.070707,-0.871514,0.215842,0.434599
16932656,-0.071728,-0.871478,0.215870,0.434489
16940989,-0.073153,-0.871911,0.214800,0.433913
16949322,-0.074741,-0.871138,0.214693,0.435247
16957655,-0.076849,-0.870818,0.215284,0.435228
16965988,-0.078147,-0.870819,0.215601,0.434837
16974321,-0.080125,-0.870513,0.216222,0.434781
16982654,-0.082866,-0.870401,0.217495,0.433855
16990987,-0.085427,-0.869571,0.219831,0.433846
16999320,-0.089035,-0.869572,0.222693,0.431655
17007653,-0.093256,-0.870865,0.224229,0.427338
17015986,-0.096301,-0.870844,0.225296,0.426144
17024319,-0.100363,-0.872574,0.227285,0.420576
17032652,-0.102033,-0.872873,0.229142,0.418540
17040985,-0.102255,-0.872506,0.232795,0.417234
17049318,-0.103068,-0.872003,0.234052,0.417382
17057651,-0.104007,-0.871585,0.235920,0.416969
17065984,-0.104824,-0.871323,0.237395,0.416476
17074317,-0.105883,-0.871325,0.237389,0.416206
17082650,-0.107662,-0.871544,0.235058,0.416614
17090983,-0.107589,-0.871144,0.236017,0.416927
17099316,-0.107860,-0.870389,0.236614,0.418094
17107649,-0.108070,-0.871080,0.237298,0.416208
17115982,-0.108479,-0.871475,0.235385,0.416363
17124315,-0.108804,-0.870472,0.233522,0.419413
17132648,-0.106921,-0.869590,0.233432,0.421771
17140981,-0.105658,-0.868891,0.233399,0.423544
17149314,-0.105424,-0.868754,0.232493,0.424382
17157647,-0.104994,-0.868898,0.232081,0.424419
17165980,-0.104053,-0.868173,0.232415,0.425948
17174313,-0.102498,-0.866438,0.233698,0.429144
17182646,-0.101855,-0.865884,0.233278,0.430642
17190979,-0.102121,-0.866558,0.231540,0.430160
17199312,-0.100954,-0.865361,0.231860,0.432666
17207645,-0.100885,-0.864289,0.232383,0.434540
17215978,-0.101572,-0.864395,0.232034,0.434356
17224311,-0.098984,-0.860780,0.235354,0.440305
17232644,0.098802,0.859643,-0.235688,-0.442385
17240977,0.099756,0.859988,-0.235486,-0.441606
17249310,0.099485,0.860085,-0.235491,-0.441477
17257643,0.099939,0.859561,-0.235123,-0.442589
17265976,0.101350,0.861565,-0.232345,-0.439829
17274309,0.100002,0.859330,-0.235569,-0.442786
17282642,0.098978,0.858123,-0.237127,-0.444521
17290975,0.100844,0.861456,-0.233518,-0.439537
17299308,0.100240,0.860452,-0.232759,-0.442037
17307641,0.100527,0.861005,-0.234163,-0.440151
17315974,0.101109,0.862453,-0.233147,-0.437714
17324307,0.099453,0.861360,-0.233415,-0.440097
17332640,0.100026,0.862008,-0.232751,-0.439050
17340973,0.098778,0.860851,-0.232755,-0.441593
17349306,0.099453,0.861178,-0.232563,-0.440904
17357639,0.100660,0.860592,-0.232270,-0.441928
17365972,0.100761,0.861343,-0.235329,-0.438812
17374305,0.099710,0.860542,-0.233201,-0.441751
17382638,0.099083,0.860982,-0.233149,-0.441060
17390971,0.098082,0.859791,-0.235405,-0.442406
17399304,0.098611,0.861310,-0.235312,-0.439373
17407637,0.098546,0.862554,-0.232695,-0.438341
17415970,0.097101,0.861698,-0.232563,-0.440411
17424303,0.096192,0.861645,-0.231752,-0.441142
17432636,0.095978,0.861204,-0.234013,-0.440855
17440969,0.094799,0.859713,-0.234742,-0.443626
17449302,0.094453,0.859234,-0.235062,-0.444456
17457635,0.094486,0.859787,-0.234558,-0.443646
17465968,0.094064,0.858469,-0.233795,-0.446681
17474301,0.093596,0.856646,-0.236590,-0.448802
17482634,0.093954,0.856401,-0.236986,-0.448986
17490967,0.094281,0.856094,-0.237613,-0.449171
17499300,0.094625,0.856217,-0.238483,-0.448401
17507633,0.094117,0.854930,-0.240743,-0.449754
17515966,0.093500,0.853658,-0.241099,-0.452102
17524299,0.093623,0.853565,-0.240532,-0.452556
17532632,0.093624,0.853208,-0.240812,-0.453080
17540965,0.093458,0.852269,-0.242563,-0.453945
17549298,0.093201,0.851242,-0.244288,-0.454999
17557631,0.093177,0.850926,-0.245076,-0.455171
17565964,0.093132,0.850689,-0.245103,-0.455609
17574297,0.093581,0.851594,-0.244759,-0.454009
17582630,0.094242,0.852142,-0.244510,-0.452976
17590963,0.094254,0.852277,-0.243369,-0.453334
17599296,0.093990,0.852230,-0.244163,-0.453050
17607629,0.093770,0.852637,-0.244113,-0.452356
17615962,0.093744,0.852061,-0.245676,-0.452601
17624295,0.096288,0.855616,-0.244996,-0.445675
17632628,0.095594,0.854813,-0.245064,-0.447325
17640961,0.096596,0.856627,-0.244736,-0.443805
17649294,0.097065,0.857398,-0.244232,-0.442490
17657627,0.096492,0.857455,-0.244973,-0.442095
17665960,0.095776,0.856456,-0.247097,-0.443004
17674293,0.096136,0.856875,-0.245981,-0.442737
17682626,0.094935,0.855367,-0.248391,-0.444563
17690959,0.095162,0.855620,-0.248271,-0.444095
17699292,0.095564,0.856006,-0.247708,-0.443579
17707625,0.095961,0.855682,-0.248096,-0.443901
17715958,0.096470,0.856666,-0.247106,-0.442442
17724291,0.095264,0.854847,-0.249461,-0.444895
17732624,0.094813,0.855026,-0.248647,-0.445103
17740957,0.095112,0.855182,-0.248755,-0.444677
17749290,0.094863,0.855266,-0.248432,-0.444751
17757623,0.094571,0.854241,-0.249606,-0.446123
17765956,0.094431,0.853974,-0.249604,-0.446664
17774289,0.094949,0.855038,-0.249157,-0.444765
17782622,0.094229,0.854055,-0.249265,-0.446742
17790955,0.096258,0.856049,-0.248854,-0.442703
17799288,0.095173,0.854953,-0.248653,-0.445161
17807621,0.094899,0.854525,-0.249504,-0.445566
17815954,0.095661,0.856026,-0.250636,-0.441870
17824287,0.094834,0.854303,-0.251705,-0.444766
17832620,0.094283,0.853525,-0.250631,-0.446978
17840953,0.094075,0.853551,-0.250849,-0.446851
17849286,0.094173,0.853813,-0.251384,-0.446028
17857619,0.093612,0.853485,-0.251537,-0.446686
17865952,0.092998,0.852241,-0.252056,-0.448893
17874285,0.093252,0.852689,-0.251160,-0.448491
17882618,0.093270,0.852823,-0.250719,-0.448479
17890951,0.092328,0.852310,-0.252034,-0.448912
17899284,0.092041,0.852264,-0.252069,-0.449039
17907617,0.091888,0.852711,-0.249766,-0.449508
17915950,0.091316,0.852653,-0.249812,-0.449709
17924283,0.089797,0.850896,-0.250203,-0.453112
17932616,0.088814,0.849552,-0.251377,-0.455174
17940949,0.089724,0.852014,-0.247508,-0.452505
17949282,0.089301,0.851042,-0.249343,-0.453411
17957615,0.089692,0.852352,-0.247941,-0.451637
17965948,0.089806,0.853088,-0.247451,-0.450493
17974281,0.090969,0.854018,-0.248039,-0.448167
17982614,0.090203,0.853289,-0.249320,-0.449000
17990947,0.090274,0.853758,-0.248709,-0.448433
17999280,0.090392,0.854280,-0.247935,-0.447844
18007613,0.090240,0.854078,-0.247872,-0.448294
18015946,0.090276,0.855543,-0.245535,-0.446776
18024279,0.092221,0.857036,-0.246208,-0.443132
18032612,0.090779,0.855128,-0.247056,-0.446630
18040945,0.089226,0.853609,-0.247578,-0.449551
18049278,0.089496,0.854407,-0.247497,-0.448023
18057611,0.089381,0.854473,-0.247681,-0.447819
18065944,0.089344,0.854526,-0.247234,-0.447971
18074277,0.089362,0.854209,-0.247480,-0.448437
18082610,0.089598,0.856215,-0.245676,-0.445545
18090943,0.089352,0.855005,-0.246540,-0.447438
18099276,0.088856,0.854183,-0.247901,-0.448354
18107609,0.088537,0.854056,-0.248609,-0.448267
18115942,0.088193,0.853935,-0.248930,-0.448387
18124275,0.086972,0.852384,-0.249859,-0.451052
18132608,0.087796,0.853085,-0.249033,-0.450023
18140941,0.088613,0.853303,-0.248475,-0.449757
18149274,0.086357,0.851219,-0.250991,-0.452739
18157607,0.085882,0.850286,-0.252140,-0.453943
18165940,0.085686,0.850202,-0.251972,-0.454230
18174273,0.085487,0.850322,-0.251594,-0.454252
18182606,0.085597,0.851878,-0.250309,-0.452021
18190939,0.085452,0.850283,-0.252261,-0.453962
18199272,0.084246,0.849955,-0.252593,-0.454616
18207605,0.084864,0.849860,-0.253628,-0.454102
18215938,0.084915,0.849717,-0.253925,-0.454194
18224271,0.084993,0.849936,-0.254025,-0.453714
18232604,0.084072,0.848741,-0.254356,-0.455931
18240937,0.084996,0.849687,-0.254351,-0.453997
18249270,0.085780,0.850661,-0.253283,-0.452621
18257603,0.085725,0.850231,-0.254514,-0.452748
18265936,0.085706,0.849925,-0.255076,-0.453010
18274269,0.086117,0.849922,-0.255172,-0.452884
18282602,0.085220,0.848841,-0.256194,-0.454501
18290935,0.085729,0.849764,-0.255841,-0.452877
18299268,0.087142,0.851007,-0.253260,-0.451722
18307601,0.087290,0.851154,-0.252762,-0.451694
18315934,0.087239,0.851018,-0.253125,-0.451759
18324267,0.087051,0.850313,-0.254195,-0.452520
18332600,0.086206,0.849082,-0.255890,-0.454036
18340933,0.085454,0.849348,-0.254783,-0.454304
18349266,0.086534,0.850372,-0.252815,-0.453282
18357599,0.086935,0.850991,-0.252877,-0.452007
18365932,0.087240,0.850677,-0.252419,-0.452795
18374265,0.087217,0.850622,-0.252553,-0.452826
18382598,0.086645,0.850031,-0.252648,-0.453993
18390931,0.087002,0.850043,-0.252357,-0.454064
18399264,0.087518,0.851172,-0.251697,-0.452211
18407597,0.086509,0.849805,-0.253145,-0.454165
18415930,0.086683,0.849908,-0.253669,-0.453646
18424263,0.088443,0.851952,-0.251418,-0.450715
18432596,0.087310,0.848869,-0.255068,-0.454685
18440929,0.086532,0.847901,-0.256405,-0.455886
18449262,0.086914,0.847333,-0.257384,-0.456319
18457595,0.088944,0.850310,-0.254956,-0.451729
18465928,0.088620,0.849213,-0.255747,-0.453407
18474261,0.087515,0.847764,-0.257147,-0.455535
18482594,0.087741,0.847951,-0.257204,-0.455112
18490927,0.088073,0.848386,-0.256696,-0.454523
18499260,0.088237,0.848075,-0.256827,-0.454998
18507593,0.088044,0.847642,-0.257329,-0.455558
18515926,0.089209,0.848097,-0.257116,-0.454603
18524259,0.088594,0.847725,-0.256396,-0.455824
18532592,0.089908,0.848129,-0.255804,-0.455147
18540925,0.089872,0.847190,-0.257195,-0.456117
18549258,0.090323,0.846823,-0.256904,-0.456874
18557591,0.090914,0.846949,-0.256977,-0.456481
18565924,0.093133,0.849112,-0.254284,-0.453513
18574257,0.094760,0.850596,-0.255646,-0.449614
18582590,0.094354,0.849243,-0.256559,-0.451731
18590923,0.094116,0.848547,-0.257346,-0.452640
18599256,0.095800,0.850229,-0.256079,-0.449840
18607589,0.095513,0.848854,-0.255926,-0.452577
18615922,0.095543,0.847758,-0.257170,-0.453919
18624255,0.096134,0.847257,-0.256946,-0.454855
18632588,0.096496,0.847101,-0.257278,-0.454880
18640921,0.096652,0.847128,-0.258453,-0.454130
18649254,0.097276,0.847324,-0.257792,-0.454008
18657587,0.097971,0.846662,-0.257732,-0.455125
18665920,0.097353,0.845721,-0.258952,-0.456313
18674253,0.097539,0.845241,-0.259112,-0.457071
18682586,0.098255,0.845251,-0.258310,-0.457354
18690919,0.099868,0.845285,-0.257000,-0.457679
18699252,0.099891,0.844823,-0.256896,-0.458585
18707585,0.100279,0.844691,-0.256972,-0.458701
18715918,0.101204,0.844604,-0.256780,-0.458765
18724251,0.103168,0.844960,-0.256581,-0.457782
18732584,0.102824,0.843210,-0.258281,-0.460125
18740917,0.103232,0.842826,-0.258505,-0.460611
18749250,0.105782,0.845126,-0.256599,-0.456870
18757583,0.105096,0.844071,-0.258926,-0.457663
18765916,0.105430,0.843579,-0.259220,-0.458328
18774249,0.107467,0.844289,-0.258022,-0.457221
18782582,0.110735,0.848036,-0.255400,-0.450936
18790915,0.110407,0.846317,-0.257080,-0.453286
18799248,0.112393,0.847407,-0.255869,-0.451442
18807581,0.112785,0.845663,-0.257146,-0.453882
18815914,0.116035,0.846870,-0.257102,-0.450828
18824247,0.117590,0.846711,-0.255833,-0.451446
18832580,0.118232,0.845556,-0.256043,-0.453320
18840913,0.121373,0.846058,-0.255726,-0.451729
18849246,0.122379,0.846883,-0.255344,-0.450125
18857579,0.122913,0.846826,-0.255415,-0.450045
18865912,0.122310,0.844796,-0.256787,-0.453234
18874245,0.124551,0.845466,-0.255808,-0.451926
18882578,0.125709,0.846240,-0.257325,-0.449286
18890911,0.125412,0.842602,-0.257353,-0.456139
18899244,0.124902,0.839525,-0.259990,-0.460437
18907577,0.127208,0.841819,-0.259097,-0.456100
18915910,0.129005,0.842195,-0.259100,-0.454898
18924243,0.130216,0.842943,-0.258252,-0.453649
18932576,0.133059,0.845451,-0.258433,-0.448017
18940909,0.137021,0.847272,-0.256044,-0.444743
18949242,0.140120,0.846634,-0.256669,-0.444633
18957575,0.140909,0.846934,-0.257241,-0.443480
18965908,0.142114,0.846986,-0.257858,-0.442637
18974241,0.142788,0.846645,-0.259329,-0.442213
18982574,0.143948,0.844676,-0.260560,-0.444870
18990907,0.146109,0.844182,-0.260941,-0.444880
18999240,0.148122,0.844062,-0.262079,-0.443773
19007573,0.150747,0.845175,-0.262200,-0.440688
19015906,0.152591,0.846213,-0.261676,-0.438367
19024239,0.152978,0.846098,-0.263249,-0.437512
19032572,0.154019,0.846934,-0.263161,-0.435576
19040905,0.156920,0.848318,-0.262054,-0.432505
19049238,0.157388,0.849879,-0.261268,-0.429737
19057571,0.157420,0.847155,-0.262907,-0.434082
19065904,0.159295,0.846821,-0.263061,-0.433956
19074237,0.161831,0.848456,-0.262184,-0.430340
19082570,0.162789,0.848755,-0.262301,-0.429317
19090903,0.163437,0.848456,-0.261701,-0.430027
19099236,0.165158,0.848419,-0.261218,-0.429737
19107569,0.167666,0.847389,-0.261728,-0.430486
19115902,0.167093,0.846166,-0.261063,-0.433507
19124235,0.166259,0.845535,-0.261896,-0.434557
19132568,0.167220,0.844596,-0.262855,-0.435434
19140901,0.166910,0.844312,-0.263703,-0.435590
19149234,0.167000,0.843425,-0.264334,-0.436890
19157567,0.167571,0.842835,-0.264774,-0.437542
19165900,0.167208,0.842136,-0.265814,-0.438397
19174233,0.167952,0.841818,-0.266173,-0.438504
19182566,0.167593,0.840176,-0.266250,-0.441732
19190899,0.168119,0.840250,-0.267962,-0.440354
19199232,0.168350,0.840229,-0.268511,-0.439973
19207565,0.167173,0.839248,-0.269540,-0.441661
19215898,0.168020,0.838948,-0.269355,-0.442023
19224231,0.168591,0.838706,-0.269409,-0.442232
19232564,0.170274,0.840747,-0.267065,-0.439121
19240897,0.170576,0.841049,-0.267288,-0.438289
19249230,0.170779,0.840685,-0.267633,-0.438699
19257563,0.171017,0.840093,-0.267816,-0.439626
19265896,0.172772,0.839157,-0.268156,-0.440519
19274229,0.172686,0.837343,-0.268366,-0.443864
19282562,0.172975,0.836590,-0.269455,-0.444512
19290895,0.172882,0.836708,-0.269513,-0.444291
19299228,0.172768,0.836651,-0.269531,-0.444431
19307561,0.172688,0.835893,-0.269632,-0.445825
19315894,0.172956,0.835352,-0.270006,-0.446509
19324227,0.173418,0.835115,-0.270368,-0.446553
19332560,0.173494,0.833741,-0.271134,-0.448623
19340893,0.174752,0.832681,-0.270296,-0.450604
19349226,0.175443,0.832430,-0.270022,-0.450965
19357559,0.176589,0.832473,-0.269422,-0.450795
19365892,0.177815,0.831663,-0.270150,-0.451373
19374225,0.179694,0.831783,-0.270500,-0.450197
19382558,0.181365,0.831859,-0.271168,-0.448983
19390891,0.184978,0.833538,-0.269864,-0.445164
19399224,0.185286,0.833461,-0.271553,-0.444152
19407557,0.186401,0.832168,-0.271926,-0.445878
19415890,0.188671,0.830860,-0.272307,-0.447128
19424223,0.190861,0.829727,-0.274056,-0.447235
19432556,0.193518,0.828220,-0.275524,-0.447984
19440889,0.197183,0.824373,-0.276444,-0.452888
19449222,0.200959,0.822117,-0.275708,-0.455768
19457555,0.204689,0.820695,-0.275555,-0.456762
19465888,0.211399,0.816733,-0.276664,-0.460126
19474221,0.215745,0.815779,-0.276934,-0.459636
19482554,0.221927,0.815067,-0.275934,-0.458558
19490887,0.228312,0.810096,-0.278194,-0.462846
19499220,0.233143,0.805757,-0.280756,-0.466450
19507553,0.239059,0.804737,-0.282588,-0.464106
19515886,0.247608,0.805311,-0.284257,-0.457561
19524219,0.253733,0.804970,-0.285752,-0.453859
19532552,0.258020,0.802822,-0.290475,-0.452246
19540885,0.265096,0.798906,-0.291027,-0.454727
19549218,0.272802,0.797684,-0.291552,-0.451969
19557551,0.279043,0.796479,-0.295212,-0.447890
19565884,0.284898,0.800994,-0.293173,-0.437369
19574217,0.289649,0.801579,-0.293609,-0.432860
19582550,0.295269,0.796207,-0.297625,-0.436223
19590883,0.297976,0.797946,-0.297731,-0.431102
19599216,0.300201,0.800346,-0.296781,-0.425731
19607549,0.301935,0.801646,-0.295586,-0.422880
19615882,0.302302,0.801234,-0.295955,-0.423142
19624215,0.301922,0.800345,-0.296092,-0.424994
19632548,0.301664,0.800709,-0.294062,-0.425900
19640881,0.301686,0.804645,-0.289181,-0.421789
19649214,0.298107,0.802637,-0.286963,-0.429603
19657547,0.292867,0.803073,-0.284480,-0.434021
19665880,0.287016,0.807032,-0.280390,-0.433248
19674213,0.282245,0.810500,-0.276145,-0.432632
19682546,0.278990,0.815740,-0.269468,-0.429093
19690879,0.273020,0.819952,-0.261240,-0.429990
19699212,0.266703,0.824463,-0.255090,-0.429021
19707545,0.261947,0.835512,-0.246722,-0.415248
19715878,0.258091,0.844637,-0.235736,-0.405470
19724211,0.255907,0.850303,-0.225801,-0.400638
19732544,0.254213,0.860212,-0.214766,-0.386377
19740877,0.248098,0.875568,-0.200021,-0.363070
19749210,0.243782,0.881733,-0.191046,-0.355835
19757543,0.243826,0.888487,-0.179118,-0.345047
19765876,0.234659,0.900021,-0.167358,-0.326937
19774209,0.233547,0.905713,-0.154514,-0.318221
19782542,0.225016,0.915502,-0.142069,-0.301728
19790875,0.225706,0.920155,-0.137233,-0.289031
19799208,0.221085,0.925420,-0.123230,-0.282018
19807541,0.216702,0.928587,-0.112359,-0.279540
19815874,0.213702,0.933517,-0.103660,-0.268572
19824207,0.211592,0.937347,-0.098244,-0.258761
19832540,0.211066,0.940002,-0.092216,-0.251681
19840873,0.211618,0.942010,-0.089005,-0.244771
19849206,0.213592,0.941919,-0.084806,-0.244897
19857539,0.213898,0.943112,-0.083011,-0.240615
19865872,0.213023,0.945095,-0.077427,-0.235416
19874205,0.213111,0.945152,-0.074271,-0.236126
19882538,0.214084,0.943687,-0.075487,-0.240674
19890871,0.216533,0.943476,-0.076277,-0.239057
19899204,0.219138,0.942287,-0.076782,-0.241201
19907537,0.221310,0.941013,-0.078365,-0.243672
19915870,0.223842,0.939839,-0.079984,-0.245356
19924203,0.226217,0.938907,-0.083364,-0.245621
19932536,0.231168,0.935400,-0.089334,-0.252206
19940869,0.231951,0.934564,-0.092091,-0.253592
19949202,0.232841,0.933772,-0.096036,-0.254227
19957535,0.234549,0.932735,-0.100310,-0.254813
19965868,0.239264,0.931484,-0.101269,-0.254628
19974201,0.241303,0.928947,-0.104624,-0.260547
19982534,0.243084,0.927417,-0.109517,-0.262325
19990867,0.245287,0.925323,-0.115137,-0.265247
19999200,0.247658,0.923408,-0.119509,-0.267771
20007533,0.250619,0.920894,-0.123385,-0.271883
20015866,0.253551,0.918224,-0.127976,-0.276039
20024199,0.254592,0.916091,-0.132716,-0.279906
20032532,0.254923,0.913254,-0.138155,-0.286173
20040865,0.256201,0.909771,-0.142097,-0.294086
20049198,0.257945,0.906622,-0.146571,-0.300030
20057531,0.260279,0.903227,-0.150905,-0.306045
20065864,0.261487,0.901342,-0.154410,-0.308813
20074197,0.261749,0.901238,-0.154932,-0.308632
20082530,0.263596,0.897462,-0.158545,-0.316139
20090863,0.263128,0.896033,-0.160930,-0.319358
20099196,0.262901,0.894332,-0.163200,-0.323141
20107529,0.264789,0.891375,-0.167840,-0.327364
20115862,0.264235,0.891649,-0.168258,-0.326851
20124195,0.264645,0.889093,-0.169939,-0.332562
20132528,0.264667,0.890306,-0.170008,-0.329246
20140861,0.267131,0.888245,-0.170973,-0.332310
20149194,0.268447,0.886312,-0.172215,-0.335752
20157527,0.268931,0.885680,-0.173882,-0.336174
20165860,0.266376,0.886393,-0.173252,-0.336653
20174193,0.267164,0.882902,-0.175540,-0.343936
20182526,0.267455,0.881377,-0.176471,-0.347132
20190859,0.267435,0.879721,-0.177927,-0.350586
20199192,0.267278,0.883061,-0.177167,-0.342604
20207525,0.267009,0.883392,-0.177990,-0.341533
20215858,0.265497,0.876594,-0.181577,-0.357944
20224191,0.265339,0.878082,-0.180939,-0.354723
20232524,0.265263,0.878067,-0.180987,-0.354792
20240857,0.265013,0.877961,-0.181181,-0.355141
20249190,0.264028,0.878314,-0.182072,-0.354548
20257523,0.264684,0.874974,-0.184050,-0.361232
20265856,0.265089,0.872547,-0.184707,-0.366433
20274189,0.263943,0.873162,-0.183856,-0.366223
20282522,0.263449,0.873164,-0.184083,-0.366460
20290855,0.264393,0.870128,-0.186500,-0.371741
20299188,0.263231,0.868228,-0.187909,-0.376270
20307521,0.263431,0.867736,-0.188370,-0.377036
20315854,0.263263,0.866958,-0.189662,-0.378290
20324187,0.263346,0.865551,-0.190471,-0.381040
20332520,0.264100,0.865230,-0.191016,-0.380974
20340853,0.263296,0.863833,-0.192998,-0.383692
20349186,0.264964,0.865022,-0.193173,-0.379758
20357519,0.264752,0.864777,-0.194785,-0.379638
20365852,0.264735,0.864093,-0.195502,-0.380837
20374185,0.264696,0.863481,-0.196181,-0.381902
20382518,0.264989,0.861642,-0.198792,-0.384494
20390851,0.263656,0.861374,-0.199790,-0.385493
20399184,0.262987,0.861652,-0.200353,-0.385036
20407517,0.264273,0.862520,-0.200335,-0.382209
20415850,0.263187,0.863735,-0.200487,-0.380131
20424183,0.263488,0.860346,-0.203449,-0.385988
20432516,0.263702,0.858335,-0.204934,-0.389519
20440849,0.262031,0.855589,-0.206502,-0.395808
20449182,0.262626,0.856580,-0.205659,-0.393705
20457515,0.261823,0.855205,-0.205374,-0.397361
20465848,0.261103,0.854976,-0.203807,-0.399130
20474181,0.260178,0.854154,-0.205190,-0.400781
20482514,0.261068,0.853270,-0.206161,-0.401586
20490847,0.261520,0.852968,-0.205449,-0.402297
20499180,0.261753,0.851884,-0.206836,-0.403730
20507513,0.260145,0.853273,-0.207022,-0.401736
20515846,0.260404,0.851801,-0.208776,-0.403780
20524179,0.260411,0.851038,-0.208796,-0.405369
20532512,0.259524,0.852217,-0.208183,-0.403773
20540845,0.259399,0.852682,-0.207219,-0.403367
20549178,0.259765,0.853471,-0.207224,-0.401456
20557511,0.260321,0.853821,-0.206653,-0.400647
20565844,0.258779,0.852688,-0.207787,-0.403462
20574177,0.258443,0.852153,-0.207291,-0.405060
20582510,0.259319,0.853471,-0.206538,-0.402098
20590843,0.259069,0.853358,-0.205946,-0.402802
20599176,0.258764,0.853221,-0.205541,-0.403496
20607509,0.257152,0.852878,-0.207192,-0.404404
20615842,0.258266,0.853361,-0.204251,-0.404171
20624175,0.256887,0.853258,-0.205241,-0.404766
20632508,0.256691,0.853109,-0.205767,-0.404938
20640841,0.256702,0.853003,-0.205935,-0.405069
20649174,0.257190,0.854079,-0.204967,-0.402978
20657507,0.255547,0.852694,-0.207353,-0.405727
20665840,0.255673,0.852356,-0.206780,-0.406649
20674173,0.254843,0.852105,-0.207594,-0.407281
20682506,0.254828,0.852219,-0.206589,-0.407561
20690839,0.254471,0.851909,-0.207665,-0.407886
20699172,0.254558,0.851688,-0.207617,-0.408318
20707505,0.255348,0.853087,-0.206944,-0.405233
20715838,0.254508,0.853022,-0.207906,-0.405406
20724171,0.254487,0.852657,-0.207295,-0.406498
20732504,0.254208,0.852932,-0.208238,-0.405614
20740837,0.253773,0.852761,-0.208532,-0.406094
20749170,0.253820,0.852568,-0.208180,-0.406651
20757503,0.254049,0.852520,-0.208381,-0.406504
20765836,0.254080,0.852362,-0.208158,-0.406930
20774169,0.253849,0.852420,-0.208856,-0.406596
20782502,0.253617,0.852076,-0.208673,-0.407553
20790835,0.254614,0.853911,-0.208720,-0.403042
20799168,0.254534,0.852762,-0.209494,-0.405119
20807501,0.254362,0.853155,-0.209214,-0.404543
20815834,0.255236,0.854694,-0.208697,-0.400997
20824167,0.255008,0.854151,-0.208934,-0.402174
20832500,0.254357,0.853923,-0.209467,-0.402792
20840833,0.254173,0.853967,-0.209886,-0.402597
20849166,0.254111,0.854379,-0.209739,-0.401837
20857499,0.254222,0.854581,-0.209990,-0.401206
20865832,0.254238,0.854311,-0.210606,-0.401448
20874165,0.253830,0.854120,-0.210268,-0.402291
20882498,0.253629,0.854568,-0.209700,-0.401761
20890831,0.253566,0.854498,-0.210181,-0.401698
20899164,0.252877,0.853968,-0.210866,-0.402898
20907497,0.252739,0.854202,-0.210709,-0.402570
20915830,0.252937,0.853486,-0.210302,-0.404176
20924163,0.252871,0.853613,-0.209605,-0.404310
20932496,0.252258,0.853424,-0.210205,-0.404781
20940829,0.251921,0.854009,-0.210911,-0.403387
20949162,0.253343,0.853949,-0.209911,-0.403146
20957495,0.252514,0.854335,-0.210618,-0.402478
20965828,0.252200,0.854763,-0.210488,-0.401833
20974161,0.253232,0.856167,-0.210378,-0.398238
20982494,0.252373,0.853663,-0.210401,-0.404102
20990827,0.252443,0.853948,-0.210754,-0.403271
20999160,0.251735,0.854412,-0.210620,-0.402802
21007493,0.251266,0.854556,-0.211079,-0.402549
21015826,0.251500,0.853348,-0.211354,-0.404814
21024159,0.251522,0.854257,-0.211193,-0.402963
21032492,0.252663,0.854804,-0.211365,-0.400994
21040825,0.252494,0.854439,-0.211606,-0.401751
21049158,0.252872,0.854611,-0.211722,-0.401086
21057491,0.253422,0.854564,-0.211069,-0.401184
21065824,0.252287,0.855957,-0.211215,-0.398846
21074157,0.252361,0.855193,-0.211786,-0.400131
21082490,0.252413,0.856201,-0.211978,-0.397835
21090823,0.251785,0.855559,-0.212523,-0.399320
21099156,0.253365,0.855700,-0.212784,-0.397878
21107489,0.253368,0.855088,-0.213055,-0.399046
21115822,0.251709,0.855952,-0.213278,-0.398123
21124155,0.248589,0.851396,-0.216211,-0.408142
21132488,0.250282,0.854131,-0.214907,-0.402037
21140821,0.252544,0.853811,-0.214649,-0.401439
21149154,0.253328,0.853947,-0.214752,-0.400602
21157487,0.253507,0.854232,-0.214418,-0.400059
21165820,0.253416,0.856136,-0.212139,-0.397251
21174153,0.252665,0.853930,-0.214919,-0.400967
21182486,0.249959,0.853306,-0.216040,-0.403380
21190819,0.251169,0.852741,-0.217046,-0.403283
21199152,0.251046,0.851147,-0.216675,-0.406911
21207485,0.251349,0.850838,-0.217041,-0.407176
21215818,0.248619,0.850738,-0.217718,-0.408695
21224151,0.248785,0.850869,-0.216963,-0.408723
21232484,0.250793,0.853531,-0.214878,-0.403008
21240817,0.251396,0.854500,-0.214553,-0.400745
21249150,0.249010,0.850318,-0.218287,-0.409029
21257483,0.247940,0.850362,-0.218448,-0.409500
21265816,0.248326,0.850081,-0.217905,-0.410139
21274149,0.248053,0.848860,-0.218944,-0.412275
21282482,0.251498,0.855151,-0.214305,-0.399423
21290815,0.252604,0.856310,-0.213202,-0.396825
21299148,0.251091,0.854460,-0.215084,-0.400739
21307481,0.250487,0.855295,-0.215036,-0.399358
21315814,0.249516,0.853122,-0.216269,-0.403920
21324147,0.250219,0.854601,-0.215150,-0.400947
21332480,0.250036,0.854200,-0.215479,-0.401738
21340813,0.250081,0.854066,-0.215706,-0.401873
21349146,0.250689,0.854445,-0.215610,-0.400739
21357479,0.250362,0.854145,-0.215821,-0.401468
21365812,0.250563,0.855187,-0.215438,-0.399324
21374145,0.252900,0.853315,-0.216360,-0.401353
21382478,0.252450,0.854302,-0.215860,-0.399802
21390811,0.252498,0.855658,-0.215373,-0.397125
21399144,0.252274,0.854870,-0.215960,-0.398642
21407477,0.252507,0.853881,-0.215572,-0.400820
21415810,0.253121,0.854903,-0.214115,-0.399031
21424143,0.253044,0.856131,-0.214471,-0.396245
21432476,0.254946,0.853760,-0.215460,-0.399591
21440809,0.254763,0.854985,-0.215004,-0.397329
21449142,0.254607,0.855577,-0.214629,-0.396355
21457475,0.253824,0.855976,-0.216117,-0.395187
21465808,0.254171,0.855702,-0.215506,-0.395890
21474141,0.254896,0.856914,-0.213651,-0.393802
21482474,0.254622,0.855769,-0.214049,-0.396246
21490807,0.254054,0.855242,-0.214254,-0.397633
21499140,0.253583,0.855555,-0.214516,-0.397121
21507473,0.253510,0.855079,-0.214818,-0.398027
21515806,0.253736,0.855225,-0.214944,-0.397502
21524139,0.253333,0.854467,-0.214860,-0.399429
21532472,0.253482,0.854915,-0.214365,-0.398642
21540805,0.252503,0.853189,-0.215501,-0.402330
21549138,0.252890,0.854442,-0.215192,-0.399584
21557471,0.255651,0.854379,-0.214766,-0.398190
21565804,0.256882,0.854485,-0.214991,-0.397047
21574137,0.255091,0.854986,-0.214517,-0.397380
21582470,0.253881,0.855410,-0.215666,-0.396618
21590803,0.255701,0.854667,-0.215472,-0.397156
21599136,0.255729,0.854155,-0.215133,-0.398422
21607469,0.254019,0.854450,-0.215638,-0.398609
21615802,0.252837,0.854381,-0.216619,-0.398977
21624135,0.254831,0.853950,-0.216525,-0.398683
21632468,0.255565,0.854397,-0.215835,-0.397629
21640801,0.255432,0.853693,-0.215708,-0.399289
21649134,0.254186,0.853979,-0.215928,-0.399355
21657467,0.254105,0.853539,-0.215166,-0.400756
21665800,0.254035,0.853320,-0.214623,-0.401557
21674133,0.254057,0.853486,-0.214953,-0.401014
21682466,0.253845,0.853288,-0.215013,-0.401536
21690799,0.253501,0.853441,-0.215133,-0.401366
21699132,0.253568,0.852382,-0.216045,-0.403078
21707465,0.251445,0.852181,-0.217956,-0.403805
21715798,0.249582,0.848764,-0.220203,-0.410876
21724131,0.250737,0.851166,-0.218692,-0.405982
21732464,0.251023,0.849847,-0.219702,-0.408017
21740797,0.250118,0.849497,-0.219937,-0.409174
21749130,0.250595,0.851006,-0.219209,-0.406127
21757463,0.250633,0.851900,-0.219279,-0.404187
21765796,0.250568,0.851480,-0.220111,-0.404658
21774129,0.250910,0.850421,-0.219397,-0.407055
21782462,0.249963,0.850182,-0.220477,-0.407552
21790795,0.250976,0.852208,-0.219559,-0.403171
21799128,0.250960,0.851684,-0.219069,-0.404551
21807461,0.250479,0.849871,-0.220527,-0.407858
21815794,0.250105,0.850001,-0.221398,-0.407344
21824127,0.250015,0.849443,-0.221614,-0.408444
21832460,0.250724,0.849260,-0.220644,-0.408914
21840793,0.251071,0.850192,-0.220608,-0.406778
21849126,0.249801,0.849253,-0.221983,-0.408769
21857459,0.249611,0.848975,-0.222122,-0.409387
21865792,0.250347,0.850063,-0.222078,-0.406695
21874125,0.250003,0.850410,-0.221984,-0.406232
21882458,0.250542,0.850403,-0.222130,-0.405834
21890791,0.249611,0.849047,-0.222586,-0.408985
21899124,0.250179,0.849780,-0.222399,-0.407214
21907457,0.248565,0.847236,-0.223479,-0.412873
21915790,0.249040,0.848207,-0.223283,-0.410694
21924123,0.249177,0.848958,-0.223570,-0.408898
21932456,0.249860,0.850619,-0.222744,-0.405465
21940789,0.249653,0.849274,-0.223327,-0.408083
21949122,0.249367,0.848658,-0.223775,-0.409292
21957455,0.249367,0.847590,-0.224034,-0.411358
21965788,0.248506,0.844656,-0.225841,-0.416889
21974121,0.250033,0.846947,-0.223154,-0.412756
21982454,0.251177,0.849318,-0.222085,-0.407735
21990787,0.250265,0.850579,-0.222196,-0.405601
21999120,0.251072,0.849742,-0.222894,-0.406472
22007453,0.250383,0.850057,-0.223353,-0.405987
22015786,0.249770,0.848668,-0.224348,-0.408711
22024119,0.250997,0.849654,-0.223533,-0.406352
22032452,0.249990,0.848295,-0.224646,-0.409188
22040785,0.249302,0.848131,-0.225968,-0.409220
22049118,0.250689,0.849315,-0.224794,-0.406555
22057451,0.248634,0.846967,-0.227727,-0.411057
22065784,0.250253,0.848657,-0.226001,-0.407527
22074117,0.250486,0.849436,-0.225540,-0.406013
22082450,0.250702,0.849370,-0.226319,-0.405584
22090783,0.248139,0.846506,-0.229338,-0.411412
22099116,0.247171,0.845617,-0.229451,-0.413752
22107449,0.249969,0.848668,-0.226090,-0.407629
22115782,0.249831,0.847841,-0.227350,-0.408731
22124115,0.250444,0.848771,-0.226215,-0.407054
22132448,0.250524,0.849267,-0.225839,-0.406178
22140781,0.251248,0.848665,-0.226388,-0.406683
22149114,0.248905,0.845942,-0.229047,-0.412269
22157447,0.250694,0.848201,-0.226875,-0.407720
22165780,0.251940,0.848770,-0.225943,-0.406283
22174113,0.251491,0.849108,-0.226142,-0.405743
22182446,0.251179,0.847988,-0.225812,-0.408453
22190779,0.252463,0.848228,-0.225621,-0.407267
22199112,0.250372,0.845770,-0.227308,-0.412696
22207445,0.252294,0.848279,-0.224920,-0.407652
22215778,0.252303,0.847469,-0.225852,-0.408815
22224111,0.251703,0.848875,-0.225799,-0.406290
22232444,0.251001,0.846929,-0.227262,-0.409953
22240777,0.250996,0.846828,-0.226233,-0.410734
22249110,0.252538,0.848452,-0.224118,-0.407585
22257443,0.252767,0.848942,-0.224136,-0.406410
22265776,0.252608,0.849436,-0.224168,-0.405459
22274109,0.250812,0.847502,-0.225330,-0.409951
22282442,0.251431,0.848534,-0.225258,-0.407471
22290775,0.252079,0.849217,-0.224166,-0.406247
22299108,0.252308,0.849595,-0.223970,-0.405421
22307441,0.251117,0.848220,-0.225855,-0.407986
22315774,0.250713,0.848138,-0.225978,-0.408337
22324107,0.252548,0.849813,-0.223054,-0.405321
22332440,0.250338,0.847604,-0.225950,-0.409688
22340773,0.248761,0.846555,-0.227631,-0.411882
22349106,0.249199,0.847348,-0.227045,-0.410308
22357439,0.250861,0.849649,-0.224688,-0.405809
22365772,0.249492,0.847437,-0.226263,-0.410377
22374105,0.251662,0.848818,-0.225109,-0.406816
22382438,0.249466,0.846887,-0.226803,-0.411230
22390771,0.250941,0.848801,-0.225700,-0.406970
22399104,0.250834,0.847315,-0.227019,-0.409393
22407437,0.251141,0.848889,-0.226442,-0.406251
22415770,0.251491,0.848526,-0.226384,-0.406824
22424103,0.250782,0.847023,-0.227901,-0.409538
22432436,0.251144,0.847958,-0.227222,-0.407755
22440769,0.248941,0.846513,-0.228807,-0.411207
22449102,0.250435,0.846842,-0.227895,-0.410128
22457435,0.250618,0.846562,-0.227973,-0.410551
22465768,0.250775,0.848525,-0.226657,-0.407116
22474101,0.251283,0.848518,-0.226658,-0.406816
22482434,0.250364,0.847190,-0.228240,-0.409261
22490767,0.250686,0.848683,-0.226983,-0.406661
22499100,0.250065,0.847100,-0.227200,-0.410207
22507433,0.250559,0.848482,-0.226462,-0.407449
22515766,0.248626,0.845530,-0.229965,-0.412772
22524099,0.250157,0.848007,-0.227383,-0.408169
22532432,0.250854,0.848759,-0.226088,-0.406898
22540765,0.248621,0.846087,-0.228739,-0.412314
22549098,0.247761,0.845667,-0.229597,-0.413215
22557431,0.250176,0.848408,-0.227133,-0.407464
22565764,0.250274,0.849029,-0.226599,-0.406407
22574097,0.251380,0.848749,-0.225210,-0.407079
22582430,0.250942,0.848583,-0.225513,-0.407528
22590763,0.249696,0.846773,-0.227641,-0.410861
22599096,0.249697,0.848459,-0.226497,-0.408004
22607429,0.249934,0.848784,-0.226045,-0.407434
22615762,0.250251,0.848941,-0.225691,-0.407109
22624095,0.249924,0.847787,-0.226980,-0.408994
22632428,0.250216,0.848983,-0.226357,-0.406672
22640761,0.251329,0.848875,-0.226228,-0.406282
22649094,0.250780,0.849273,-0.226765,-0.405491
22657427,0.250596,0.848955,-0.226687,-0.406313
22665760,0.250799,0.848904,-0.226999,-0.406120
22674093,0.250522,0.848492,-0.227029,-0.407134
22682426,0.249553,0.847635,-0.228526,-0.408673
22690759,0.250158,0.848747,-0.227065,-0.406805
22699092,0.248028,0.846137,-0.229748,-0.412006
22707425,0.248574,0.846839,-0.229007,-0.410646
22715758,0.248853,0.847018,-0.228309,-0.410497
22724091,0.249322,0.846920,-0.227761,-0.410718
22732424,0.249399,0.847194,-0.227755,-0.410110
22740757,0.249753,0.847805,-0.227235,-0.408919
22749090,0.247792,0.845608,-0.228499,-0.413926
22757423,0.249017,0.848217,-0.227177,-0.408546
22765756,0.248882,0.845563,-0.228934,-0.413124
22774089,0.247374,0.844821,-0.230097,-0.414895
22782422,0.247750,0.844598,-0.230104,-0.415122
22790755,0.249551,0.848207,-0.227537,-0.408040
22799088,0.249062,0.845343,-0.229466,-0.413168
22807421,0.250187,0.847673,-0.227770,-0.408631
22815754,0.248164,0.845814,-0.230031,-0.412431
22824087,0.249324,0.846439,-0.228984,-0.411028
22832420,0.249424,0.846293,-0.229345,-0.411069
22840753,0.249402,0.846099,-0.229410,-0.411444
22849086,0.248656,0.844810,-0.229834,-0.414297
22857419,0.249454,0.845109,-0.229407,-0.413444
22865752,0.250397,0.845906,-0.228517,-0.411732
22874085,0.249400,0.844418,-0.230188,-0.414454
22882418,0.250326,0.845367,-0.228889,-0.412676
22890751,0.251466,0.846026,-0.228550,-0.410817
22899084,0.251626,0.846508,-0.228269,-0.409880
22907417,0.251714,0.846371,-0.228176,-0.410160
22915750,0.252020,0.848014,-0.227452,-0.406970
22924083,0.249884,0.844989,-0.230013,-0.413092
22932416,0.250863,0.845682,-0.228498,-0.411919
22940749,0.250339,0.846411,-0.228339,-0.410828
22949082,0.250100,0.845645,-0.228689,-0.412355
22957415,0.249754,0.846221,-0.227976,-0.411775
22965748,0.250335,0.847959,-0.226553,-0.408621
22974081,0.250214,0.846786,-0.226510,-0.411144
22982414,0.250158,0.846258,-0.226430,-0.412309
22990747,0.247061,0.843310,-0.229429,-0.418511
22999080,0.249046,0.845774,-0.226928,-0.413697
23007413,0.248684,0.845137,-0.227634,-0.414828
23015746,0.250777,0.849315,-0.225036,-0.406367
23024079,0.250575,0.847191,-0.226019,-0.410359
23032412,0.249619,0.845063,-0.227820,-0.414315
23040745,0.250622,0.846021,-0.227068,-0.412162
23049078,0.251951,0.846559,-0.226797,-0.410392
23057411,0.252780,0.848179,-0.226146,-0.406882
23065744,0.253161,0.846755,-0.225548,-0.409931
23074077,0.253524,0.847054,-0.224856,-0.409469
23082410,0.251637,0.846084,-0.227565,-0.411138
23090743,0.252051,0.846685,-0.226797,-0.410070
23099076,0.251669,0.845267,-0.227196,-0.413000
23107409,0.251394,0.845002,-0.227165,-0.413725
23115742,0.250976,0.846808,-0.227487,-0.410095
23124075,0.251929,0.849290,-0.226585,-0.404842
23132408,0.250810,0.846614,-0.227638,-0.410512
23140741,0.251767,0.848703,-0.226299,-0.406332
23149074,0.250964,0.846961,-0.226860,-0.410133
23157407,0.251184,0.847044,-0.227052,-0.409720
23165740,0.251123,0.849209,-0.225389,-0.406179
23174073,0.250842,0.851046,-0.224619,-0.402920
23182406,0.250668,0.849433,-0.225359,-0.406009
23190739,0.250870,0.847699,-0.225816,-0.409240
23199072,0.251040,0.849420,-0.225276,-0.405852
23207405,0.250921,0.848201,-0.225808,-0.408171
23215738,0.251478,0.849813,-0.225198,-0.404799
23224071,0.251408,0.850963,-0.225162,-0.402441
23232404,0.250884,0.850206,-0.225730,-0.404045
23240737,0.250372,0.849471,-0.226106,-0.405695
23249070,0.250622,0.849211,-0.226211,-0.406026
23257403,0.250439,0.849531,-0.225941,-0.405622
23265736,0.250938,0.849110,-0.226386,-0.405946
23274069,0.250374,0.849057,-0.226421,-0.406385
23282402,0.250656,0.847957,-0.226614,-0.408395
23290735,0.250265,0.848292,-0.226868,-0.407798
23299068,0.250836,0.848830,-0.226687,-0.406426
23307401,0.250768,0.849347,-0.226058,-0.405738
23315734,0.250549,0.848528,-0.227089,-0.407008
23324067,0.250956,0.847846,-0.226338,-0.408594
23332400,0.249040,0.847260,-0.229242,-0.409363
23340733,0.250164,0.849168,-0.226931,-0.405998
23349066,0.249618,0.848822,-0.226918,-0.407063
23357399,0.250170,0.848898,-0.226949,-0.406549
23365732,0.250388,0.849399,-0.226468,-0.405635
23374065,0.250956,0.849858,-0.227355,-0.403822
23382398,0.249512,0.848416,-0.227926,-0.407411
23390731,0.249944,0.848837,-0.226907,-0.406838
23399064,0.250252,0.849185,-0.226008,-0.406423
23407397,0.250939,0.849872,-0.225735,-0.404711
23415730,0.250171,0.849914,-0.227388,-0.404173
23424063,0.250495,0.849511,-0.228068,-0.404437
23432396,0.249475,0.848347,-0.228246,-0.407398
23440729,0.250167,0.848471,-0.227651,-0.407049
23449062,0.249625,0.848549,-0.228759,-0.406596
23457395,0.251128,0.850026,-0.227198,-0.403450
23465728,0.250494,0.850451,-0.227860,-0.402574
23474061,0.250003,0.849930,-0.227205,-0.404347
23482394,0.249936,0.849348,-0.226604,-0.405943
23490727,0.250521,0.850220,-0.226640,-0.403731
23499060,0.250579,0.850304,-0.226593,-0.403546
23507393,0.250259,0.850144,-0.228503,-0.403004
23515726,0.249405,0.850068,-0.229078,-0.403367
23524059,0.250017,0.849263,-0.228288,-0.405127
23532392,0.249531,0.850119,-0.228760,-0.403362
23540725,0.250892,0.850168,-0.227174,-0.403311
23549058,0.250190,0.848303,-0.228045,-0.407163
23557391,0.250100,0.848871,-0.227460,-0.406362
23565724,0.249375,0.846954,-0.227911,-0.410534
23574057,0.250190,0.849015,-0.227106,-0.406203
23582390,0.249979,0.848992,-0.227579,-0.406116
23590723,0.250590,0.850063,-0.226932,-0.403856
23599056,0.251079,0.850258,-0.227314,-0.402926
23607389,0.250426,0.848261,-0.227526,-0.407396
23615722,0.248344,0.845271,-0.230026,-0.413438
23624055,0.246942,0.843353,-0.230856,-0.417710
23632388,0.248486,0.845173,-0.229123,-0.414053
23640721,0.250476,0.848978,-0.227444,-0.405915
23649054,0.249841,0.847944,-0.227543,-0.408405
23657387,0.249881,0.849312,-0.227478,-0.405565
23665720,0.249632,0.850178,-0.227214,-0.404048
23674053,0.249729,0.848860,-0.227444,-0.406622
23682386,0.249556,0.849232,-0.228707,-0.405241
23690719,0.250333,0.849637,-0.226117,-0.405367
23699052,0.249989,0.848174,-0.226625,-0.408348
23707385,0.250416,0.847195,-0.227581,-0.409584
23715718,0.250322,0.847021,-0.228245,-0.409633
23724051,0.250761,0.848923,-0.227937,-0.405578
23732384,0.251557,0.849042,-0.226983,-0.405371
23740717,0.251628,0.847145,-0.227166,-0.409175
23749050,0.250803,0.846987,-0.227941,-0.409578
23757383,0.249333,0.847603,-0.228818,-0.408710
23765716,0.250053,0.848447,-0.227109,-0.407471
23774049,0.250281,0.848712,-0.227625,-0.406490
23782382,0.250083,0.849068,-0.228081,-0.405612
23790715,0.248628,0.847102,-0.228756,-0.410210
23799048,0.248415,0.847288,-0.227453,-0.410681
23807381,0.249421,0.849428,-0.226941,-0.405904
23815714,0.249092,0.848393,-0.228075,-0.407632
23824047,0.249428,0.849490,-0.226217,-0.406176
23832380,0.249494,0.850357,-0.226386,-0.404221
23840713,0.249188,0.850220,-0.226637,-0.404557
23849046,0.249692,0.850108,-0.226950,-0.404308
23857379,0.249626,0.849672,-0.227048,-0.405208
23865712,0.252100,0.851485,-0.226745,-0.400008
23874045,0.251134,0.850921,-0.226290,-0.402066
23882378,0.250681,0.849280,-0.227292,-0.405242
23890711,0.250779,0.850195,-0.227191,-0.403313
23899044,0.250705,0.850399,-0.227643,-0.402675
23907377,0.250971,0.846778,-0.227595,-0.410098
23915710,0.250949,0.847441,-0.227402,-0.408849
23924043,0.250064,0.847527,-0.227637,-0.409081
23932376,0.251102,0.848847,-0.226870,-0.406123
23940709,0.251313,0.849902,-0.227154,-0.403620
23949042,0.251191,0.849111,-0.226037,-0.405980
23957375,0.250165,0.848214,-0.226578,-0.408183
23965708,0.248896,0.847191,-0.227448,-0.410590
23974041,0.250153,0.847875,-0.227396,-0.408438
23982374,0.249376,0.845999,-0.227340,-0.412812
23990707,0.250103,0.849106,-0.226537,-0.406384
23999040,0.250908,0.850784,-0.225659,-0.402853
24007373,0.251021,0.849998,-0.226476,-0.403980
24015706,0.250498,0.849849,-0.227111,-0.404262
24024039,0.249941,0.849377,-0.227186,-0.405554
24032372,0.250049,0.848947,-0.227972,-0.405949
24040705,0.250229,0.848299,-0.226749,-0.407871
24049038,0.250257,0.849735,-0.226605,-0.404935
24057371,0.249933,0.848577,-0.227834,-0.406869
24065704,0.249795,0.847711,-0.228377,-0.408452
24074037,0.249741,0.847915,-0.228504,-0.407989
24082370,0.250357,0.849612,-0.226936,-0.404946
24090703,0.250640,0.848687,-0.226984,-0.406680
24099036,0.249923,0.846273,-0.229214,-0.410879
24107369,0.249828,0.847577,-0.227838,-0.409011
24115702,0.249276,0.848196,-0.227332,-0.408345
24124035,0.250239,0.849948,-0.227122,-0.404209
24132368,0.250034,0.848307,-0.226711,-0.407996
24140701,0.250169,0.849568,-0.226953,-0.405144
24149034,0.249917,0.849042,-0.227017,-0.406364
24157367,0.248252,0.847844,-0.228037,-0.409305
24165700,0.247921,0.847275,-0.227828,-0.410798
24174033,0.248802,0.848980,-0.226766,-0.407317
24182366,0.249379,0.849617,-0.227154,-0.405416
24190699,0.248911,0.849900,-0.227569,-0.404877
24199032,0.247620,0.846904,-0.229093,-0.411039
24207365,0.248829,0.848629,-0.228058,-0.407311
24215698,0.249784,0.847488,-0.227338,-0.409500
24224031,0.249746,0.849338,-0.227028,-0.405846
24232364,0.250912,0.849890,-0.226096,-0.404488
24240697,0.249557,0.846567,-0.227868,-0.411244
24249030,0.248998,0.846060,-0.228347,-0.412359
24257363,0.249192,0.846509,-0.228470,-0.411252
24265696,0.250186,0.849128,-0.227715,-0.405628
24274029,0.249971,0.848202,-0.226823,-0.408191
24282362,0.249912,0.848064,-0.227031,-0.408396
24290695,0.249578,0.846143,-0.228576,-0.411710
24299028,0.249698,0.847346,-0.227798,-0.409591
24307361,0.250180,0.846994,-0.227575,-0.410148
24315694,0.248713,0.847218,-0.227374,-0.410689
24324027,0.247041,0.845248,-0.229558,-0.414524
24332360,0.246195,0.844734,-0.230537,-0.415531
24340693,0.247256,0.845943,-0.229303,-0.413115
24349026,0.246791,0.843189,-0.230805,-0.418158
24357359,0.246940,0.844772,-0.230353,-0.415113
24365692,0.247383,0.846084,-0.229801,-0.412475
24374025,0.247164,0.845575,-0.230116,-0.413472
24382358,0.247334,0.844954,-0.230445,-0.414455
24390691,0.248223,0.846089,-0.229560,-0.412093
24399024,0.247034,0.845519,-0.229911,-0.413778
24407357,0.246511,0.844981,-0.230415,-0.414908
24415690,0.246664,0.845113,-0.230348,-0.414585
24424023,0.247414,0.845012,-0.230665,-0.414166
24432356,0.247769,0.845024,-0.230465,-0.414043
24440689,0.247273,0.843059,-0.231064,-0.417991
24449022,0.246905,0.843929,-0.230850,-0.416569
24457355,0.247028,0.844851,-0.230561,-0.414784
24465688,0.247415,0.845128,-0.230108,-0.414240
24474021,0.247102,0.845219,-0.230016,-0.414292
24482354,0.247027,0.845074,-0.230255,-0.414500
24490687,0.247176,0.845384,-0.230428,-0.413681
24499020,0.246970,0.845315,-0.230320,-0.414007
24507353,0.247801,0.845867,-0.229518,-0.412826
24515686,0.247336,0.845246,-0.230189,-0.414001
24524019,0.246455,0.844816,-0.231473,-0.414688
24532352,0.246854,0.845238,-0.230843,-0.413942
24540685,0.246607,0.845898,-0.230193,-0.413102
24549018,0.246546,0.845746,-0.230346,-0.413364
24557351,0.246811,0.845841,-0.229959,-0.413227
24565684,0.247703,0.846914,-0.229278,-0.410866
24574017,0.246620,0.845949,-0.229470,-0.413391
24582350,0.247051,0.845434,-0.230213,-0.413774
24590683,0.246624,0.844968,-0.230188,-0.414993
24599016,0.246491,0.845289,-0.230028,-0.414507
24607349,0.247003,0.845153,-0.230450,-0.414245
24615682,0.247173,0.845327,-0.230143,-0.413959
24624015,0.246853,0.842416,-0.231592,-0.419241
24632348,0.247316,0.844398,-0.231039,-0.415270
24640681,0.247072,0.845026,-0.230271,-0.414563
24649014,0.246822,0.843294,-0.231166,-0.417727
24657347,0.247011,0.844576,-0.230416,-0.415435
24665680,0.247236,0.845185,-0.230024,-0.414277
24674013,0.246848,0.843900,-0.231963,-0.416043
24682346,0.247124,0.844186,-0.231252,-0.415694
24690679,0.246903,0.845027,-0.230118,-0.414746
24699012,0.246785,0.845030,-0.230328,-0.414694
24707345,0.246191,0.844288,-0.231458,-0.415927
24715678,0.246386,0.844943,-0.230586,-0.414963
24724011,0.246527,0.845251,-0.230188,-0.414473
24732344,0.247204,0.844893,-0.230108,-0.414845
24740677,0.246269,0.844483,-0.230641,-0.415939
24749010,0.246677,0.844858,-0.230239,-0.415157
24757343,0.246887,0.845144,-0.229992,-0.414587
24765676,0.246707,0.845151,-0.229928,-0.414714
24774009,0.246976,0.845333,-0.229808,-0.414251
24782342,0.246615,0.845271,-0.229972,-0.414500
24790675,0.248435,0.846983,-0.227960,-0.411015
24799008,0.247871,0.845949,-0.229234,-0.412774
24807341,0.247041,0.845481,-0.229646,-0.413998
24815674,0.246618,0.845598,-0.229472,-0.414109
24824007,0.246989,0.845167,-0.229937,-0.414510
24832340,0.248639,0.847227,-0.227734,-0.410515
24840673,0.247172,0.846106,-0.229278,-0.412845
24849006,0.246829,0.845476,-0.229731,-0.414089
24857339,0.246572,0.845230,-0.229900,-0.414649
24865672,0.247209,0.846450,-0.229945,-0.411746
24874005,0.246467,0.845318,-0.231299,-0.413755
24882338,0.246858,0.845487,-0.230287,-0.413739
24890671,0.246318,0.846097,-0.229820,-0.413074
24899004,0.246308,0.846071,-0.229665,-0.413219
24907337,0.246904,0.844837,-0.231133,-0.414568
24915670,0.247093,0.845039,-0.230431,-0.414435
24924003,0.246526,0.844645,-0.230979,-0.415270
24932336,0.248183,0.847552,-0.227846,-0.410056
24940669,0.247315,0.846162,-0.228907,-0.412852
24949002,0.247167,0.846596,-0.229065,-0.411962
24957335,0.247262,0.845887,-0.230056,-0.412810
24965668,0.246529,0.845389,-0.230243,-0.414160
24974001,0.246330,0.845590,-0.229843,-0.414091
24982334,0.247716,0.846125,-0.229897,-0.412137
24990667,0.246889,0.845724,-0.229978,-0.413408
24999000,0.246234,0.845662,-0.230150,-0.413831
25007333,0.246485,0.845853,-0.229949,-0.413403
25015666,0.246614,0.845772,-0.229999,-0.413462
25023999,0.246542,0.845524,-0.229876,-0.414082
25032332,0.246857,0.846644,-0.228990,-0.412092
25040665,0.246714,0.846520,-0.229405,-0.412200
25048998,0.246338,0.845820,-0.229758,-0.413664
25057331,0.246017,0.845508,-0.229922,-0.414400
25065664,0.246453,0.845439,-0.230046,-0.414214
25073997,0.246428,0.845641,-0.229600,-0.414064
25082330,0.246255,0.845605,-0.229558,-0.414263
25090663,0.246692,0.846687,-0.228842,-0.412184
25098996,0.246401,0.846468,-0.229084,-0.412673
25107329,0.245715,0.845266,-0.230385,-0.414817
25115662,0.246014,0.845641,-0.229840,-0.414177
25123995,0.246267,0.845808,-0.229816,-0.413699
25132328,0.247678,0.847859,-0.228010,-0.409637
25140661,0.246643,0.846369,-0.229201,-0.412666
25148994,0.246218,0.845570,-0.229618,-0.414323
25157327,0.245006,0.844627,-0.230965,-0.416212
25165660,0.245993,0.845972,-0.229800,-0.413533
25173993,0.247699,0.846097,-0.230244,-0.412010
25182326,0.246491,0.845460,-0.229730,-0.414322
25190659,0.246049,0.845165,-0.230080,-0.414993
25198992,0.246350,0.845431,-0.229721,-0.414470
25207325,0.246372,0.845700,-0.229531,-0.414014
25215658,0.246452,0.845701,-0.229947,-0.413734
25223991,0.248133,0.846588,-0.229498,-0.411156
25232324,0.247562,0.846570,-0.229158,-0.411727
25240657,0.247012,0.846602,-0.229403,-0.411854
25248990,0.247107,0.846787,-0.229251,-0.411502
25257323,0.246837,0.845817,-0.229687,-0.413411
25265656,0.246723,0.845512,-0.229915,-0.413976
25273989,0.246428,0.845641,-0.229598,-0.414066
25282322,0.246622,0.845807,-0.229342,-0.413751
25290655,0.246356,0.845457,-0.229900,-0.414315
25298988,0.245994,0.845366,-0.229846,-0.414747
25307321,0.245693,0.845636,-0.230326,-0.414107
25315654,0.245717,0.844652,-0.231223,-0.415599
25323987,0.245732,0.845514,-0.229630,-0.414719
25332320,0.245475,0.845432,-0.230245,-0.414697
25340653,0.244359,0.843907,-0.231619,-0.417687
25348986,0.245289,0.845548,-0.229827,-0.414803
25357319,0.246130,0.845970,-0.228994,-0.413904
25365652,0.245755,0.845376,-0.230249,-0.414642
25373985,0.245858,0.845704,-0.229364,-0.414403
25382318,0.245818,0.845660,-0.229433,-0.414480
25390651,0.246380,0.846327,-0.229727,-0.412618
25398984,0.246268,0.846598,-0.229480,-0.412265
25407317,0.246098,0.846088,-0.229258,-0.413536
25415650,0.245858,0.844737,-0.230952,-0.415492
25423983,0.245689,0.844618,-0.230919,-0.415853
25432316,0.245733,0.845296,-0.229931,-0.414996
25440649,0.245980,0.846134,-0.229192,-0.413549
25448982,0.246267,0.846822,-0.228817,-0.412175
25457315,0.246224,0.846577,-0.228973,-0.412618
25465648,0.245837,0.845636,-0.229324,-0.414577
25473981,0.245942,0.846001,-0.229248,-0.413811
25482314,0.245898,0.845587,-0.229044,-0.414795
25490647,0.246348,0.846354,-0.229000,-0.412984
25498980,0.245856,0.845992,-0.229381,-0.413808
25507313,0.245545,0.845769,-0.229482,-0.414393
25515646,0.245833,0.845682,-0.229594,-0.414336
25523979,0.246152,0.845634,-0.229692,-0.414190
25532312,0.245958,0.845566,-0.229725,-0.414427
25540645,0.245354,0.845361,-0.229427,-0.415367
25548978,0.246508,0.845031,-0.229670,-0.415220
25557311,0.246081,0.845359,-0.229396,-0.414958
25565644,0.245987,0.845408,-0.229502,-0.414855
25573977,0.246260,0.845985,-0.229441,-0.413549
25582310,0.246081,0.845450,-0.229558,-0.414684
25590643,0.245797,0.845172,-0.229652,-0.415365
25598976,0.245779,0.845164,-0.229630,-0.415404
25607309,0.246367,0.844926,-0.229792,-0.415449
25615642,0.246193,0.845158,-0.229307,-0.415349
25623975,0.246317,0.845181,-0.229174,-0.415302
25632308,0.246091,0.845029,-0.229147,-0.415760
25640641,0.246005,0.844842,-0.229336,-0.416087
25648974,0.246384,0.845766,-0.229137,-0.414091
25657307,0.246488,0.846353,-0.228883,-0.412969
25665640,0.246394,0.845632,-0.229064,-0.414398
25673973,0.246332,0.845088,-0.228793,-0.415693
25682306,0.245946,0.844814,-0.230287,-0.415653
25690639,0.245856,0.845128,-0.229838,-0.415316
25698972,0.246626,0.845516,-0.229325,-0.414352
25707305,0.246541,0.846143,-0.229207,-0.413188
25715638,0.245835,0.845859,-0.229191,-0.414197
25723971,0.244765,0.844298,-0.230101,-0.417499
25732304,0.245165,0.845040,-0.229643,-0.416011
25740637,0.245465,0.845456,-0.229251,-0.415204
25748970,0.244976,0.845045,-0.229178,-0.416368
25757303,0.245393,0.845585,-0.229185,-0.415021
25765636,0.245423,0.845710,-0.229264,-0.414704
25773969,0.245358,0.845406,-0.229253,-0.415369
25782302,0.245362,0.844754,-0.229482,-0.416565
25790635,0.245412,0.845843,-0.229121,-0.414520
25798968,0.246734,0.845031,-0.229281,-0.415300
25807301,0.246402,0.845136,-0.229179,-0.415342
25815634,0.246782,0.845893,-0.229042,-0.413647
25823967,0.246224,0.845289,-0.229241,-0.415102
25832300,0.246504,0.845864,-0.229014,-0.413887
25840633,0.246260,0.845514,-0.228920,-0.414798
25848966,0.245746,0.845043,-0.229589,-0.415693
25857299,0.245860,0.845286,-0.229267,-0.415308
25865632,0.245468,0.844849,-0.230025,-0.416010
25873965,0.245614,0.846008,-0.229059,-0.414096
25882298,0.245392,0.844994,-0.229843,-0.415861
25890631,0.245378,0.844840,-0.229354,-0.416452
25898964,0.245168,0.844550,-0.230152,-0.416723
25907297,0.245326,0.844729,-0.229228,-0.416777
25915630,0.244425,0.842135,-0.230736,-0.421694
25923963,0.245126,0.843766,-0.229413,-0.418738
25932296,0.245938,0.844103,-0.229504,-0.417530
25940629,0.245216,0.843657,-0.230097,-0.418529
25948962,0.244788,0.842798,-0.231267,-0.419863
25957295,0.244062,0.840686,-0.232123,-0.424028
25965628,0.244339,0.842185,-0.231627,-0.421155
25973961,0.244429,0.843020,-0.231262,-0.419631
25982294,0.244603,0.842707,-0.231356,-0.420105
25990627,0.245202,0.843231,-0.230578,-0.419132
25998960,0.245149,0.843765,-0.230111,-0.418344
26007293,0.245487,0.843765,-0.229549,-0.418455
26015626,0.244812,0.843106,-0.231083,-0.419333
26023959,0.245047,0.843706,-0.230240,-0.418451
26032292,0.245146,0.843865,-0.230372,-0.417999
26040625,0.244427,0.840901,-0.231928,-0.423499
26048958,0.244847,0.843208,-0.230439,-0.419461
26057291,0.244514,0.843137,-0.231032,-0.419473
26065624,0.245301,0.843723,-0.229701,-0.418566
26073957,0.245069,0.843987,-0.229798,-0.418114
26082290,0.244993,0.844543,-0.229352,-0.417281
26090623,0.244195,0.842257,-0.230208,-0.421873
26098956,0.244623,0.843372,-0.229594,-0.419726
26107289,0.244712,0.841767,-0.230682,-0.422291
26115622,0.244351,0.842398,-0.231431,-0.420829
26123955,0.245042,0.843506,-0.230183,-0.418889
26132288,0.245110,0.843940,-0.229620,-0.418284
26140621,0.245109,0.843920,-0.229407,-0.418442
26148954,0.245049,0.843654,-0.229937,-0.418721
26157287,0.244829,0.843811,-0.229880,-0.418566
26165620,0.244439,0.842725,-0.231269,-0.420212
26173953,0.243923,0.840408,-0.232476,-0.424465
26182286,0.244605,0.842555,-0.230786,-0.420723
26190619,0.245135,0.843467,-0.229619,-0.419222
26198952,0.245082,0.843653,-0.230047,-0.418644
26207285,0.244417,0.843288,-0.231089,-0.419194
26215618,0.244538,0.843807,-0.230373,-0.418473
26223951,0.244912,0.843916,-0.230014,-0.418230
26232284,0.244635,0.841841,-0.230745,-0.422154
26240617,0.244996,0.843309,-0.230227,-0.419289
26248950,0.244643,0.841802,-0.230956,-0.422112
26257283,0.244805,0.841325,-0.231188,-0.422841
26265616,0.245145,0.843408,-0.230163,-0.419038
26273949,0.245400,0.843437,-0.230430,-0.418682
26282282,0.244445,0.842618,-0.231932,-0.420060
26290615,0.243937,0.840844,-0.232582,-0.423535
26298948,0.243893,0.841753,-0.231261,-0.422477
26307281,0.244099,0.842962,-0.231350,-0.419890
26315614,0.244612,0.843594,-0.230725,-0.418664
26323947,0.244449,0.842933,-0.231609,-0.419601
26332280,0.244372,0.842649,-0.231725,-0.420152
26340613,0.244428,0.841164,-0.232085,-0.422888
26348946,0.245163,0.843109,-0.230761,-0.419300
26357279,0.244759,0.841887,-0.231466,-0.421595
26365612,0.244424,0.839908,-0.233579,-0.424561
26373945,0.244437,0.839559,-0.234316,-0.424839
26382278,0.245642,0.840144,-0.233965,-0.423177
26390611,0.246832,0.842411,-0.232907,-0.418536
26398944,0.246806,0.842510,-0.234177,-0.417641
26407277,0.247149,0.842373,-0.234668,-0.417441
26415610,0.247657,0.844225,-0.234940,-0.413222
26423943,0.248086,0.844225,-0.235192,-0.412822
26432276,0.248178,0.844757,-0.235179,-0.411685
26440609,0.247759,0.844326,-0.236411,-0.412116
26448942,0.246909,0.843740,-0.237020,-0.413474
26457275,0.246407,0.843725,-0.238273,-0.413082
26465608,0.245727,0.843935,-0.239217,-0.412513
26473941,0.244015,0.841675,-0.242133,-0.416428
26482274,0.243520,0.840528,-0.243262,-0.418370
26490607,0.242922,0.840693,-0.243254,-0.418392
26498940,0.242561,0.840951,-0.243200,-0.418114
26507273,0.241765,0.840576,-0.244053,-0.418832
26515606,0.240327,0.840038,-0.243681,-0.420949
26523939,0.239356,0.840243,-0.241906,-0.422116
26532272,0.238952,0.839854,-0.242520,-0.422766
26540605,0.241232,0.843808,-0.238351,-0.415913
26548938,0.241401,0.846137,-0.237444,-0.411580
26557271,0.239177,0.844570,-0.239999,-0.414604
26565604,0.240154,0.845647,-0.238873,-0.412489
26573937,0.241173,0.847208,-0.237296,-0.409591
26582270,0.240668,0.846847,-0.237525,-0.410501
26590603,0.239482,0.846413,-0.239433,-0.410980
26598936,0.238458,0.844357,-0.241250,-0.414725
26607269,0.239326,0.843450,-0.241720,-0.415796
26615602,0.238688,0.843714,-0.241611,-0.415692
26623935,0.240543,0.846861,-0.239245,-0.409546
26632268,0.238352,0.845131,-0.241464,-0.413082
26640601,0.237358,0.843662,-0.242290,-0.416164
26648934,0.237035,0.843696,-0.242267,-0.416291
26657267,0.237975,0.845751,-0.240540,-0.412571
26665600,0.239189,0.846196,-0.239986,-0.411275
26673933,0.239700,0.847887,-0.240145,-0.407385
26682266,0.237792,0.846812,-0.240789,-0.410348
26690599,0.236716,0.846791,-0.240813,-0.410997
26698932,0.236491,0.846767,-0.240918,-0.411116
26707265,0.236155,0.846502,-0.240383,-0.412166
26715598,0.233344,0.842431,-0.242737,-0.420642
26723931,0.234062,0.844885,-0.241663,-0.415913
26732264,0.233240,0.843854,-0.242888,-0.417749
26740597,0.232278,0.843243,-0.243453,-0.419189
26748930,0.232888,0.844202,-0.242255,-0.417610
26757263,0.232986,0.844774,-0.241785,-0.416671
26765596,0.233348,0.844443,-0.241701,-0.417187
26773929,0.234239,0.847373,-0.240696,-0.411286
26782262,0.231023,0.843695,-0.243965,-0.418675
26790595,0.230079,0.842762,-0.244343,-0.420847
26798928,0.230537,0.843866,-0.243358,-0.418950
26807261,0.229937,0.843437,-0.243668,-0.419962
26815594,0.229240,0.844430,-0.243805,-0.418266
26823927,0.230359,0.843767,-0.242924,-0.419499
26832260,0.232378,0.844204,-0.241527,-0.418312
26840593,0.232272,0.848929,-0.239416,-0.409938
26848926,0.230830,0.848830,-0.239939,-0.410651
26857259,0.229256,0.847611,-0.240890,-0.413484
26865592,0.229226,0.846814,-0.240623,-0.415286
26873925,0.228793,0.847650,-0.239240,-0.414616
26882258,0.229696,0.849415,-0.237912,-0.411255
26890591,0.230695,0.850609,-0.238245,-0.408024
26898924,0.230799,0.849714,-0.238547,-0.409649
26907257,0.231269,0.851180,-0.236980,-0.407244
26915590,0.229780,0.849048,-0.238060,-0.411881
26923923,0.230422,0.851301,-0.237161,-0.407365
26932256,0.229100,0.852139,-0.237050,-0.406423
26940589,0.230108,0.852651,-0.237024,-0.404792
26948922,0.229595,0.852954,-0.237623,-0.404093
26957255,0.228187,0.853660,-0.237219,-0.403637
26965588,0.227569,0.851981,-0.237982,-0.407069
26973921,0.227714,0.853262,-0.237582,-0.404530
26982254,0.225412,0.853204,-0.238282,-0.405529
26990587,0.223349,0.850860,-0.240154,-0.410462
26998920,0.223322,0.850978,-0.240659,-0.409936
27007253,0.223688,0.852920,-0.239020,-0.406646
27015586,0.223740,0.853899,-0.237719,-0.405323
27023919,0.224555,0.854752,-0.237682,-0.403091
27032252,0.224506,0.855131,-0.237563,-0.402382
27040585,0.221919,0.850939,-0.239651,-0.411365
27048918,0.220668,0.851145,-0.239055,-0.411959
27057251,0.219908,0.849407,-0.238965,-0.415985
27065584,0.219427,0.851345,-0.238269,-0.412663
27073917,0.219690,0.851755,-0.238094,-0.411778
27082250,0.219930,0.852218,-0.238147,-0.410661
27090583,0.219688,0.852351,-0.238091,-0.410547
27098916,0.220711,0.853796,-0.235673,-0.408384
27107249,0.221752,0.855470,-0.234655,-0.404889
27115582,0.220942,0.855663,-0.234960,-0.404745
27123915,0.221046,0.855486,-0.234540,-0.405307
27132248,0.221018,0.855817,-0.233851,-0.405022
27140581,0.220055,0.855948,-0.234739,-0.404754
27148914,0.219911,0.855959,-0.234528,-0.404932
27157247,0.218295,0.854204,-0.235293,-0.409048
27165580,0.218342,0.853653,-0.235405,-0.410108
27173913,0.218840,0.854202,-0.235161,-0.408836
27182246,0.219598,0.855817,-0.234337,-0.405513
27190579,0.219455,0.854945,-0.234895,-0.407103
27198912,0.219162,0.855727,-0.234517,-0.405834
27207245,0.219852,0.855861,-0.234725,-0.405058
27215578,0.220421,0.856423,-0.234560,-0.403654
27223911,0.218547,0.853731,-0.236532,-0.409187
27232244,0.219986,0.855736,-0.235118,-0.405020
27240577,0.220556,0.856586,-0.234570,-0.403226
27248910,0.219945,0.856739,-0.235054,-0.402954
27257243,0.220575,0.856963,-0.234689,-0.402345
27265576,0.220563,0.856763,-0.234347,-0.402976
27273909,0.219710,0.855834,-0.234831,-0.405130
27282242,0.219719,0.856667,-0.234784,-0.403388
27290575,0.219690,0.857551,-0.234610,-0.401622
27298908,0.219821,0.856959,-0.234155,-0.403079
27307241,0.218995,0.855923,-0.234388,-0.405585
27315574,0.218798,0.856089,-0.234097,-0.405509
27323907,0.218854,0.857189,-0.233921,-0.403250
27332240,0.219229,0.856211,-0.234093,-0.405022
27340573,0.219468,0.856969,-0.234163,-0.403243
27348906,0.219391,0.857495,-0.233441,-0.402587
27357239,0.219516,0.857378,-0.233531,-0.402713
27365572,0.220143,0.857369,-0.233440,-0.402444
27373905,0.219731,0.857304,-0.233289,-0.402895
27382238,0.218632,0.855427,-0.234869,-0.406548
27390571,0.220269,0.857339,-0.233394,-0.402466
27398904,0.221074,0.857555,-0.232630,-0.402007
27407237,0.221581,0.858161,-0.232486,-0.400515
27415570,0.220365,0.856822,-0.233619,-0.403383
27423903,0.216838,0.852302,-0.237597,-0.412445
27432236,0.216321,0.851476,-0.237536,-0.414451
27440569,0.220645,0.856444,-0.232821,-0.404491
27448902,0.222015,0.855332,-0.233404,-0.405757
27457235,0.219721,0.852033,-0.236960,-0.411840
27465568,0.219297,0.854157,-0.234488,-0.409072
27473901,0.219272,0.852394,-0.235923,-0.411928
27482234,0.221081,0.854232,-0.233962,-0.408256
27490567,0.221675,0.854300,-0.233268,-0.408187
27498900,0.221436,0.854066,-0.233580,-0.408629
27507233,0.222541,0.855739,-0.232890,-0.404906
27515566,0.221954,0.854934,-0.232907,-0.406914
27523899,0.221889,0.854926,-0.233104,-0.406854
27532232,0.222753,0.855801,-0.232503,-0.404881
27540565,0.222549,0.853959,-0.232779,-0.408705
27548898,0.222586,0.854321,-0.232751,-0.407945
27557231,0.221445,0.852369,-0.234172,-0.411817
27565564,0.221905,0.853727,-0.233983,-0.408852
27573897,0.221914,0.852909,-0.234068,-0.410504
27582230,0.222518,0.854059,-0.233639,-0.408022
27590563,0.223102,0.854506,-0.233268,-0.406977
27598896,0.222490,0.854787,-0.232869,-0.406951
27607229,0.222197,0.854496,-0.233398,-0.407419
27615562,0.221741,0.852590,-0.233601,-0.411524
27623895,0.221576,0.851798,-0.233657,-0.413218
27632228,0.223153,0.854715,-0.233301,-0.406491
27640561,0.222178,0.852834,-0.233747,-0.410699
27648894,0.221867,0.851682,-0.234675,-0.412723
27657227,0.224069,0.854724,-0.232198,-0.406600
27665560,0.222991,0.854115,-0.234287,-0.407275
27673893,0.223890,0.855030,-0.233422,-0.405352
27682226,0.221499,0.851997,-0.236231,-0.411382
27690559,0.221051,0.850884,-0.236604,-0.413705
27698892,0.221528,0.850989,-0.235950,-0.413608
27707225,0.223844,0.854409,-0.234151,-0.406266
27715558,0.222626,0.852240,-0.236124,-0.410329
27723891,0.220379,0.851266,-0.238826,-0.411997
27732224,0.221994,0.852972,-0.236869,-0.408718
27740557,0.221048,0.851333,-0.237649,-0.412180
27748890,0.220792,0.851630,-0.236902,-0.412134
27757223,0.222283,0.852441,-0.236070,-0.410129
27765556,0.221417,0.851750,-0.238319,-0.410731
27773889,0.221340,0.851162,-0.238725,-0.411756
27782222,0.221217,0.851133,-0.237586,-0.412539
27790555,0.222893,0.851653,-0.237266,-0.410744
27798888,0.222698,0.851524,-0.236323,-0.411660
27807221,0.222708,0.852048,-0.235822,-0.410857
27815554,0.223169,0.851452,-0.236648,-0.411368
27823887,0.223078,0.851135,-0.236700,-0.412043
27832220,0.224774,0.853267,-0.234741,-0.407809
27840553,0.224063,0.853373,-0.235118,-0.407763
27848886,0.224072,0.852635,-0.235081,-0.409319
27857219,0.225694,0.854355,-0.234048,-0.405414
27865552,0.226360,0.854936,-0.233857,-0.403926
27873885,0.226478,0.854651,-0.234310,-0.404200
27882218,0.223640,0.851825,-0.236534,-0.410402
27890551,0.223475,0.850772,-0.236582,-0.412643
27898884,0.223712,0.851100,-0.236332,-0.411981
27907217,0.226386,0.854037,-0.234153,-0.405639
27915550,0.226969,0.854896,-0.234069,-0.403546
27923883,0.225352,0.852783,-0.235735,-0.407929
27932216,0.224910,0.852100,-0.235974,-0.409461
27940549,0.224354,0.851009,-0.236378,-0.411795
27948882,0.225492,0.853847,-0.234865,-0.406125
27957215,0.225063,0.853694,-0.235291,-0.406437
27965548,0.225089,0.853277,-0.235646,-0.407093
27973881,0.223800,0.851185,-0.237869,-0.410872
27982214,0.224835,0.852520,-0.236344,-0.408412
27990547,0.225171,0.852308,-0.235824,-0.408969
27998880,0.227377,0.855992,-0.233537,-0.401295
28007213,0.225653,0.854307,-0.235625,-0.404625
28015546,0.224659,0.851306,-0.238000,-0.410076
28023879,0.224566,0.850411,-0.238875,-0.411472
28032212,0.226059,0.851747,-0.236253,-0.409401
28040545,0.225092,0.850824,-0.237138,-0.411336
28048878,0.225624,0.852180,-0.236305,-0.408709
28057211,0.226802,0.852207,-0.236150,-0.408091
28065544,0.226169,0.851611,-0.236354,-0.409565
28073877,0.225452,0.850743,-0.238682,-0.410413
28082210,0.224867,0.849961,-0.239567,-0.411835
28090543,0.225001,0.850409,-0.238867,-0.411244
28098876,0.224990,0.850594,-0.237843,-0.411461
28107209,0.225110,0.850517,-0.237575,-0.411709
28115542,0.225295,0.850183,-0.238005,-0.412049
28123875,0.224969,0.850032,-0.237973,-0.412558
28132208,0.225297,0.850621,-0.237578,-0.411391
28140541,0.225428,0.851492,-0.237124,-0.409774
28148874,0.226643,0.851883,-0.235903,-0.408997
28157207,0.226557,0.851527,-0.236097,-0.409673
28165540,0.226778,0.851652,-0.235709,-0.409515
28173873,0.225732,0.851204,-0.237179,-0.410174
28182206,0.225438,0.850410,-0.237787,-0.411628
28190539,0.225395,0.850482,-0.237219,-0.411831
28198872,0.226393,0.850759,-0.236679,-0.411021
28207205,0.227126,0.851793,-0.236051,-0.408830
28215538,0.226900,0.853173,-0.236280,-0.405936
28223871,0.226597,0.852471,-0.237294,-0.406988
28232204,0.225351,0.851087,-0.238252,-0.410004
28240537,0.225612,0.852955,-0.236919,-0.406740
28248870,0.228191,0.854700,-0.234781,-0.402857
28257203,0.227633,0.853113,-0.235357,-0.406187
28265536,0.227484,0.852376,-0.235209,-0.407900
28273869,0.225524,0.853233,-0.236855,-0.406240
28282202,0.226963,0.853861,-0.235124,-0.405125
28290535,0.226224,0.852155,-0.236176,-0.408504
28298868,0.226307,0.852171,-0.236242,-0.408386
28307201,0.227750,0.852066,-0.236030,-0.407925
28315534,0.227093,0.852548,-0.236639,-0.406931
28323867,0.226925,0.852419,-0.236320,-0.407479
28332200,0.226913,0.850996,-0.236811,-0.410167
28340533,0.226188,0.850932,-0.236743,-0.410739
28348866,0.226421,0.852863,-0.237176,-0.406332
28357199,0.227031,0.852620,-0.236084,-0.407136
28365532,0.226777,0.852148,-0.236050,-0.408285
28373865,0.226989,0.853787,-0.235759,-0.404896
28382198,0.226146,0.851988,-0.236324,-0.408810
28390531,0.226753,0.852297,-0.235856,-0.408100
28398864,0.228223,0.854421,-0.234201,-0.403770
28407197,0.227669,0.852711,-0.234779,-0.407345
28415530,0.228285,0.854292,-0.234064,-0.404086
28423863,0.225887,0.852388,-0.236557,-0.407983
28432196,0.226024,0.852161,-0.237232,-0.407990
28440529,0.225786,0.851396,-0.237145,-0.409766
28448862,0.225768,0.853148,-0.236229,-0.406650
28457195,0.226616,0.852701,-0.236202,-0.407130
28465528,0.225267,0.851446,-0.238481,-0.409172
28473861,0.226197,0.852418,-0.237162,-0.407398
28482194,0.225259,0.852854,-0.237123,-0.407028
28490527,0.225877,0.852400,-0.236427,-0.408040
28498860,0.226506,0.853788,-0.235828,-0.405126
28507193,0.226035,0.852123,-0.237111,-0.408133
28515526,0.226151,0.853273,-0.236269,-0.406150
28523859,0.226468,0.851833,-0.237188,-0.408453
28532192,0.225783,0.851288,-0.237461,-0.409809
28540525,0.226388,0.851564,-0.236915,-0.409217
28548858,0.226445,0.851610,-0.236436,-0.409367
28557191,0.226187,0.852398,-0.236411,-0.407881
28565524,0.226548,0.851620,-0.237382,-0.408741
28573857,0.227064,0.851620,-0.236326,-0.409066
28582190,0.225964,0.850940,-0.236311,-0.411095
28590523,0.225096,0.850432,-0.238412,-0.411409
28598856,0.226630,0.851714,-0.236475,-0.409026
28607189,0.228351,0.853671,-0.235372,-0.404601
28615522,0.227182,0.851711,-0.236858,-0.408502
28623855,0.226300,0.850993,-0.237664,-0.410019
28632188,0.225825,0.850795,-0.237212,-0.410953
28640521,0.225973,0.851378,-0.237751,-0.409349
28648854,0.225090,0.851052,-0.237708,-0.410536
28657187,0.225527,0.851838,-0.237232,-0.408937
28665520,0.225694,0.850371,-0.237109,-0.411959
28673853,0.225727,0.850294,-0.237028,-0.412147
28682186,0.226213,0.851137,-0.236375,-0.410513
28690519,0.225706,0.850660,-0.237505,-0.411127
28698852,0.226433,0.851439,-0.236954,-0.409429
28707185,0.226236,0.851556,-0.236674,-0.409456
28715518,0.226567,0.851179,-0.236221,-0.410318
28723851,0.227370,0.853637,-0.235309,-0.405260
28732184,0.227108,0.852312,-0.236367,-0.407575
28740517,0.227037,0.852088,-0.235870,-0.408370
28748850,0.226877,0.853152,-0.236035,-0.406135
28757183,0.227183,0.852476,-0.236165,-0.407307
28765516,0.225940,0.852202,-0.237315,-0.407903
28773849,0.226375,0.853347,-0.236446,-0.405767
28782182,0.226648,0.853137,-0.235475,-0.406621
28790515,0.227053,0.853654,-0.234968,-0.405599
28798848,0.226602,0.853778,-0.236327,-0.404801
28807181,0.226477,0.852485,-0.236837,-0.407290
28815514,0.226176,0.852658,-0.236592,-0.407239
28823847,0.226661,0.853577,-0.235129,-0.405888
28832180,0.227326,0.851947,-0.235842,-0.408518
28840513,0.227273,0.851962,-0.235930,-0.408467
28848846,0.226517,0.851530,-0.237009,-0.409162
28857179,0.225486,0.851017,-0.237652,-0.410424
28865512,0.227340,0.852609,-0.237322,-0.406267
28873845,0.227078,0.853685,-0.236178,-0.404817
28882178,0.226255,0.853089,-0.236608,-0.406281
28890511,0.226990,0.853274,-0.235858,-0.405919
28898844,0.226217,0.851205,-0.237334,-0.409816
28907177,0.225667,0.852162,-0.237078,-0.408276
28915510,0.227515,0.852749,-0.236768,-0.406198
28923843,0.226307,0.852507,-0.237091,-0.407191
28932176,0.226248,0.853168,-0.237122,-0.405819
28940509,0.227169,0.853189,-0.235957,-0.405941
28948842,0.227080,0.853484,-0.235574,-0.405591
28957175,0.226206,0.851109,-0.237153,-0.410125
28965508,0.226417,0.852676,-0.237216,-0.406704
28973841,0.227074,0.851546,-0.237150,-0.408738
28982174,0.226597,0.853194,-0.236693,-0.405821
28990507,0.226104,0.853552,-0.236691,-0.405343
28998840,0.226476,0.852279,-0.236805,-0.407740
29007173,0.226560,0.852107,-0.235983,-0.408529
29015506,0.226796,0.853615,-0.235301,-0.405633
29023839,0.226694,0.853271,-0.235572,-0.406256
29032172,0.226554,0.853557,-0.235777,-0.405614
29040505,0.226647,0.853670,-0.235064,-0.405738
29048838,0.225380,0.853078,-0.236419,-0.406900
29057171,0.225000,0.850965,-0.237130,-0.411099
29065504,0.226340,0.851264,-0.236525,-0.410093
29073837,0.225938,0.851187,-0.236054,-0.410745
29082170,0.225630,0.850432,-0.238117,-0.411287
29090503,0.226351,0.851189,-0.236883,-0.410035
29098836,0.226829,0.853165,-0.236065,-0.406119
29107169,0.225940,0.852614,-0.237535,-0.406913
29115502,0.226255,0.852666,-0.236872,-0.407014
29123835,0.226328,0.852840,-0.237411,-0.406295
29132168,0.226526,0.852936,-0.236090,-0.406752
29140501,0.226795,0.853466,-0.235400,-0.405889
29148834,0.226576,0.851346,-0.236263,-0.409943
29157167,0.226266,0.852774,-0.237100,-0.406650
29165500,0.226176,0.853542,-0.236267,-0.405571
29173833,0.226284,0.852110,-0.236160,-0.408574
29182166,0.225862,0.852369,-0.236595,-0.408016
29190499,0.226819,0.851732,-0.235936,-0.409194
29198832,0.225809,0.852535,-0.236471,-0.407771
29207165,0.225844,0.851450,-0.236578,-0.409948
29215498,0.226794,0.851718,-0.237096,-0.408566
29223831,0.227137,0.851628,-0.235793,-0.409317
29232164,0.226800,0.853158,-0.236129,-0.406110
29240497,0.227004,0.851939,-0.236111,-0.408559
29248830,0.226466,0.851841,-0.236911,-0.408599
29257163,0.226762,0.851404,-0.236683,-0.409477
29265496,0.226039,0.851309,-0.237295,-0.409719
29273829,0.225526,0.850499,-0.238129,-0.411199
29282162,0.225640,0.851361,-0.237187,-0.409895
29290495,0.226224,0.850455,-0.237175,-0.411457
29298828,0.226306,0.852391,-0.236582,-0.407731
29307161,0.226901,0.853653,-0.235085,-0.405620
29315494,0.227460,0.852141,-0.235384,-0.408304
29323827,0.227517,0.851404,-0.236067,-0.409413
29332160,0.227756,0.851427,-0.235920,-0.409319
29340493,0.227746,0.851756,-0.235574,-0.408838
29348826,0.227498,0.851763,-0.235570,-0.408963
29357159,0.227624,0.851532,-0.235770,-0.409260
29365492,0.227228,0.851087,-0.236376,-0.410055
29373825,0.226677,0.851647,-0.236678,-0.409021
29382158,0.226148,0.850131,-0.237163,-0.412174
29390491,0.226162,0.850934,-0.236558,-0.410856
29398824,0.226221,0.851549,-0.236315,-0.409687
29407157,0.226455,0.850814,-0.236331,-0.411073
29415490,0.226602,0.850903,-0.236182,-0.410893
29423823,0.226540,0.850666,-0.235989,-0.411528
29432156,0.225996,0.850865,-0.237312,-0.410655
29440489,0.226414,0.850827,-0.235883,-0.411327
29448822,0.226547,0.853053,-0.236051,-0.406519
29457155,0.226946,0.852290,-0.235691,-0.408102
29465488,0.226611,0.850808,-0.236580,-0.410856
29473821,0.226831,0.853423,-0.235747,-0.405758
29482154,0.226911,0.851974,-0.236201,-0.408486
29490487,0.226380,0.850670,-0.236825,-0.411129
29498820,0.226135,0.850889,-0.236261,-0.411134
29507153,0.226106,0.850924,-0.236237,-0.411092
29515486,0.225821,0.850968,-0.236201,-0.411179
29523819,0.226453,0.851556,-0.235811,-0.409835
29532152,0.226786,0.851057,-0.236196,-0.410466
29540485,0.225818,0.851455,-0.237076,-0.409665
29548818,0.225267,0.851749,-0.236811,-0.409511
29557151,0.225930,0.851482,-0.237052,-0.409561
29565484,0.226747,0.851228,-0.235873,-0.410319
29573817,0.227018,0.851150,-0.235815,-0.410363
29582150,0.226933,0.851051,-0.235920,-0.410554
29590483,0.228440,0.852775,-0.235396,-0.406421
29598816,0.226817,0.852455,-0.236557,-0.407328
29607149,0.226152,0.851693,-0.236976,-0.409044
29615482,0.225989,0.850203,-0.238524,-0.411327
29623815,0.226792,0.851609,-0.236799,-0.408966
29632148,0.227167,0.853737,-0.235799,-0.404880
29640481,0.227057,0.853934,-0.235634,-0.404622
29648814,0.227219,0.852350,-0.236014,-0.407638
29657147,0.227269,0.852064,-0.235473,-0.408520
29665480,0.227023,0.852910,-0.235909,-0.406634
29673813,0.227204,0.853369,-0.235203,-0.405978
29682146,0.226923,0.852671,-0.236089,-0.407086
29690479,0.226425,0.853361,-0.236695,-0.405563
29698812,0.226357,0.853542,-0.236461,-0.405358
29707145,0.227043,0.853363,-0.235361,-0.405989
29715478,0.226731,0.853446,-0.236117,-0.405552
29723811,0.226932,0.852995,-0.236786,-0.405998
29732144,0.226895,0.853115,-0.236864,-0.405720
29740477,0.226147,0.852856,-0.237107,-0.406540
29748810,0.226090,0.852756,-0.237747,-0.406408
29757143,0.226757,0.853352,-0.237212,-0.405095
29765476,0.226245,0.853244,-0.237006,-0.405729
29773809,0.227208,0.853235,-0.236468,-0.405525
29782142,0.226983,0.852268,-0.236684,-0.407553
29790475,0.227492,0.853275,-0.235549,-0.405816
29798808,0.227906,0.853690,-0.235379,-0.404807
29807141,0.227477,0.852949,-0.236539,-0.405934
29815474,0.227136,0.852970,-0.236525,-0.406089
29823807,0.227864,0.853296,-0.235491,-0.405596
29832140,0.226936,0.852735,-0.236691,-0.406595
29840473,0.226234,0.852848,-0.236818,-0.406676
29848806,0.227324,0.853650,-0.235409,-0.405203
29857139,0.226912,0.853381,-0.236429,-0.405405
29865472,0.227686,0.853821,-0.235088,-0.404823
29873805,0.226492,0.852873,-0.236849,-0.406462
29882138,0.226798,0.852651,-0.236777,-0.406798
29890471,0.228825,0.855356,-0.234013,-0.401551
29898804,0.229232,0.856252,-0.233824,-0.399515
29907137,0.229078,0.856045,-0.234851,-0.399444
29915470,0.227255,0.853151,-0.236665,-0.405559
29923803,0.226162,0.851551,-0.238738,-0.408309
29932136,0.227528,0.852660,-0.237422,-0.405996
29940469,0.227261,0.852272,-0.238211,-0.406499
29948802,0.227262,0.852650,-0.237899,-0.405887
29957135,0.227208,0.852093,-0.238802,-0.406556
29965468,0.230039,0.854886,-0.235853,-0.400781
29973801,0.228520,0.853397,-0.237446,-0.403871
29982134,0.228248,0.852416,-0.237933,-0.405805
29990467,0.228078,0.852663,-0.238303,-0.405163
29998800,0.230433,0.855414,-0.235144,-0.399844
30007133,0.232106,0.857685,-0.234060,-0.394612
30015466,0.231694,0.856877,-0.234637,-0.396264
30023799,0.232194,0.858833,-0.234437,-0.391830
30032132,0.231163,0.855666,-0.236029,-0.398359
30040465,0.229446,0.854573,-0.237154,-0.401021
30048798,0.232089,0.856298,-0.235094,-0.397012
30057131,0.230787,0.854887,-0.237193,-0.399556
30065464,0.233928,0.858760,-0.233239,-0.391673
30073797,0.232365,0.856960,-0.234872,-0.395552
30082130,0.230516,0.855695,-0.237263,-0.397939
30090463,0.233485,0.858253,-0.234675,-0.392192
30098796,0.234143,0.858045,-0.235078,-0.392013
30107129,0.234219,0.858503,-0.236068,-0.390367
30115462,0.234178,0.857711,-0.236559,-0.391833
30123795,0.232387,0.856019,-0.238017,-0.395697
30132128,0.234607,0.857990,-0.236104,-0.391238
30140461,0.234405,0.858031,-0.237121,-0.390655
30148794,0.234926,0.858591,-0.236757,-0.389329
30157127,0.235508,0.858760,-0.236698,-0.388641
30165460,0.234960,0.857992,-0.237824,-0.389979
30173793,0.232372,0.854834,-0.240755,-0.396610
30182126,0.234660,0.857247,-0.238826,-0.391184
30190459,0.236908,0.858787,-0.237700,-0.387115
30198792,0.236303,0.857949,-0.239232,-0.388398
30207125,0.236371,0.857475,-0.239835,-0.389031
30215458,0.236253,0.857202,-0.241322,-0.388783
30223791,0.236389,0.857173,-0.242050,-0.388313
30232124,0.236859,0.857418,-0.241954,-0.387543
30240457,0.236916,0.857299,-0.242317,-0.387545
30248790,0.237902,0.857820,-0.242434,-0.385712
30257123,0.237526,0.857392,-0.243925,-0.385955
30265456,0.237588,0.857214,-0.244315,-0.386065
30273789,0.237283,0.857333,-0.244890,-0.385623
30282122,0.234848,0.854546,-0.248017,-0.391260
30290455,0.237671,0.856056,-0.246458,-0.387218
30298788,0.237722,0.857406,-0.245544,-0.384774
30307121,0.234644,0.855526,-0.248047,-0.389218
30315454,0.232733,0.854094,-0.250093,-0.392189
30323787,0.234930,0.857072,-0.246315,-0.386735
30332120,0.233472,0.855980,-0.246894,-0.389658
30340453,0.233301,0.856770,-0.246537,-0.388247
30348786,0.234534,0.853757,-0.248568,-0.392818
30357119,0.233714,0.855136,-0.248429,-0.390389
30365452,0.231459,0.856102,-0.248358,-0.389659
30373785,0.231355,0.856585,-0.247533,-0.389185
30382118,0.230378,0.856180,-0.247877,-0.390434
30390451,0.229222,0.856454,-0.248696,-0.389992
30398784,0.227984,0.854624,-0.249356,-0.394287
30407117,0.227059,0.855622,-0.250060,-0.392206
30415450,0.226613,0.855320,-0.250403,-0.392904
30423783,0.226401,0.857382,-0.248760,-0.389561
30432116,0.226639,0.860577,-0.247323,-0.383240
30440449,0.226139,0.861369,-0.247047,-0.381932
30448782,0.224644,0.860125,-0.248467,-0.384687
30457115,0.223665,0.860458,-0.248615,-0.384417
30465448,0.223713,0.862138,-0.248341,-0.380786
30473781,0.224932,0.864415,-0.246355,-0.376168
30482114,0.225491,0.866958,-0.243757,-0.371645
30490447,0.224376,0.867342,-0.244404,-0.370998
30498780,0.221707,0.866684,-0.246199,-0.372948
30507113,0.220569,0.866977,-0.245982,-0.373086
30515446,0.219094,0.866540,-0.247068,-0.374251
30523779,0.217064,0.865894,-0.248347,-0.376078
30532112,0.215886,0.865610,-0.250724,-0.375834
30540445,0.214914,0.866030,-0.251286,-0.375046
30548778,0.214929,0.866019,-0.252336,-0.374357
30557111,0.214360,0.865827,-0.252987,-0.374689
30565444,0.211948,0.865774,-0.253316,-0.375957
30573777,0.210273,0.864192,-0.253938,-0.380095
30582110,0.210901,0.865460,-0.253238,-0.377320
30590443,0.211073,0.864944,-0.252695,-0.378767
30598776,0.211347,0.863807,-0.254260,-0.380161
30607109,0.212534,0.862786,-0.254930,-0.381365
30615442,0.213044,0.862274,-0.255630,-0.381771
30623775,0.214456,0.861559,-0.256512,-0.382004
30632108,0.216637,0.860636,-0.257939,-0.381892
30640441,0.215642,0.860986,-0.261360,-0.379331
30648774,0.214736,0.859447,-0.265969,-0.380132
30657107,0.214964,0.858089,-0.270954,-0.379548
30665440,0.215116,0.856717,-0.275090,-0.379587
30673773,0.214744,0.855350,-0.281629,-0.378083
30682106,0.215780,0.852844,-0.287073,-0.379059
30690439,0.215922,0.850410,-0.293998,-0.379138
30698772,0.216133,0.848226,-0.299905,-0.379283
30707105,0.214319,0.845062,-0.309205,-0.379908
30715438,0.213512,0.843046,-0.316410,-0.378907
30723771,0.212266,0.840317,-0.322419,-0.380600
30732104,0.210971,0.838447,-0.326766,-0.381735
30740437,0.209427,0.835380,-0.332173,-0.384631
30748770,0.207396,0.832767,-0.337523,-0.386735
30757103,0.206030,0.829032,-0.343558,-0.390160
30765436,0.204962,0.827913,-0.345814,-0.391107
30773769,0.202117,0.826518,-0.348786,-0.392893
30782102,0.200299,0.825955,-0.352082,-0.392068
30790435,0.198637,0.823591,-0.355290,-0.394981
30798768,0.196806,0.821788,-0.357379,-0.397757
30807101,0.195254,0.820501,-0.357971,-0.400637
30815434,0.194085,0.815877,-0.369741,-0.399960
30823767,0.193844,0.812293,-0.374238,-0.403174
30832100,0.189264,0.815234,-0.374072,-0.399554
30840433,0.185906,0.816106,-0.374929,-0.398545
30848766,0.185397,0.814923,-0.376508,-0.399712
30857099,0.183956,0.814396,-0.377354,-0.400654
30865432,0.183058,0.810784,-0.380447,-0.405438
30873765,0.181856,0.809132,-0.382578,-0.407269
30882098,0.182249,0.811051,-0.378957,-0.406660
30890431,0.183913,0.815580,-0.369211,-0.405818
30898764,0.184200,0.816881,-0.364037,-0.407741
30907097,0.180653,0.815503,-0.362319,-0.413574
30915430,0.172392,0.812266,-0.366658,-0.419604
30923763,0.168020,0.812128,-0.362318,-0.425373
30932096,0.166028,0.811765,-0.359285,-0.429403
30940429,0.166639,0.813259,-0.357064,-0.428190
30948762,0.165641,0.813908,-0.354296,-0.429640
30957095,0.164026,0.816382,-0.354899,-0.425045
30965428,0.164517,0.815841,-0.358605,-0.422776
30973761,0.167635,0.821643,-0.358550,-0.410174
30982094,0.171284,0.824062,-0.360212,-0.402283
30990427,0.175811,0.827544,-0.360386,-0.392917
30998760,0.178585,0.831279,-0.359728,-0.384289
31007093,0.177515,0.833069,-0.359967,-0.380669
31015426,0.176431,0.832514,-0.360387,-0.381986
31023759,0.175614,0.833003,-0.359199,-0.382415
31032092,0.175201,0.833578,-0.357680,-0.382775
31040425,0.173686,0.834612,-0.355571,-0.383178
31048758,0.170783,0.833773,-0.355164,-0.386671
31057091,0.168572,0.834397,-0.351997,-0.389183
31065424,0.166455,0.834362,-0.349728,-0.392202
31073757,0.166489,0.835784,-0.346412,-0.392104
31082090,0.163842,0.836820,-0.343604,-0.393478
31090423,0.162845,0.836566,-0.342067,-0.395763
31098756,0.162970,0.834310,-0.342192,-0.400341
31107089,0.159887,0.831288,-0.344696,-0.405685
31115422,0.158749,0.829194,-0.349323,-0.406459
31123755,0.156230,0.826021,-0.355672,-0.408385
31132088,0.151265,0.821324,-0.364401,-0.412017
31140421,0.145824,0.815845,-0.376098,-0.414346
31148754,0.140477,0.811264,-0.388839,-0.413427
31157087,0.138416,0.806260,-0.401481,-0.411824
31165420,0.136162,0.801474,-0.412186,-0.411342
31173753,0.132322,0.795552,-0.424072,-0.412007
31182086,0.129365,0.789890,-0.435140,-0.412300
31190419,0.125259,0.784353,-0.444447,-0.414208
31198752,0.115976,0.772253,-0.455961,-0.426937
31207085,0.105612,0.761610,-0.465955,-0.437815
31215418,0.097162,0.751030,-0.475139,-0.448059
31223751,0.087590,0.736163,-0.485409,-0.463433
31232084,0.074191,0.719632,-0.496492,-0.479709
31240417,0.056822,0.702531,-0.507649,-0.495495
31248750,0.043271,0.691789,-0.517012,-0.502249
31257083,0.029812,0.681828,-0.528547,-0.504837
31265416,0.026534,0.686289,-0.537025,-0.489803
31273749,0.015150,0.676056,-0.547400,-0.493024
31282082,0.003921,0.670912,-0.557580,-0.488843
31290415,-0.007998,0.656380,-0.571009,-0.493001
31298748,-0.006539,0.662801,-0.580340,-0.473136
31307081,-0.010402,0.653316,-0.594071,-0.469202
31315414,-0.015817,0.650401,-0.605327,-0.458594
31323747,-0.016732,0.638599,-0.619065,-0.456803
31332080,-0.024852,0.625105,-0.631332,-0.458308
31340413,-0.023045,0.632503,-0.637001,-0.440044
31348746,-0.026426,0.616061,-0.648916,-0.445733
31357079,-0.026311,0.608439,-0.660215,-0.439576
31365412,-0.031166,0.600889,-0.671013,-0.433247
31373745,-0.032787,0.597955,-0.677786,-0.426592
31382078,-0.034069,0.594320,-0.685728,-0.418808
31390411,-0.032840,0.597932,-0.687843,-0.410208
31398744,-0.026105,0.595081,-0.695685,-0.401523
31407077,-0.017348,0.599640,-0.696352,-0.393986
31415410,-0.023165,0.594098,-0.702414,-0.391311
31423743,-0.012590,0.610758,-0.695024,-0.379154
31432076,-0.003531,0.630739,-0.688888,-0.357197
31440409,0.015987,0.636133,-0.692757,-0.339364
31448742,0.035617,0.633702,-0.698963,-0.329551
31457075,0.029907,0.641907,-0.691808,-0.329336
31465408,0.035112,0.639646,-0.695453,-0.325523
31473741,0.048889,0.641774,-0.692675,-0.325480
31482074,0.048952,0.633764,-0.700429,-0.324571
31490407,0.014953,0.618579,-0.705297,-0.345967
31498740,-0.019826,0.597817,-0.715716,-0.360518
31507073,-0.011291,0.606292,-0.716592,-0.344642
31515406,-0.021725,0.618998,-0.711113,-0.332697
31523739,-0.005331,0.618869,-0.717233,-0.320234
31532072,-0.025277,0.611295,-0.722920,-0.321038
31540405,0.008742,0.639489,-0.701110,-0.315312
31548738,0.040400,0.646414,-0.702879,-0.294071
31557071,0.053059,0.644136,-0.708500,-0.283377
31565404,0.085300,0.657134,-0.699080,-0.268674
31573737,0.105451,0.666421,-0.691547,-0.257925
31582070,0.114777,0.672385,-0.687118,-0.250189
31590403,0.169333,0.634132,-0.713083,-0.246406
31598736,0.183668,0.648088,-0.700358,-0.236106
31607069,0.190534,0.658728,-0.692702,-0.223467
31615402,0.155828,0.666766,-0.692562,-0.226933
31623735,0.142318,0.681772,-0.678242,-0.234354
31632068,0.180531,0.685569,-0.672891,-0.211238
31640401,0.177519,0.691271,-0.668930,-0.207760
31648734,0.170857,0.696045,-0.665954,-0.206964
31657067,0.145483,0.704009,-0.662070,-0.211826
31665400,0.149237,0.708087,-0.658276,-0.207397
31673733,0.134823,0.709208,-0.657259,-0.216467
31682066,0.175854,0.699953,-0.663183,-0.198316
31690399,0.184837,0.699535,-0.662811,-0.192790
31698732,0.195157,0.698314,-0.662643,-0.187549
31707065,0.203766,0.697836,-0.661816,-0.183038
31715398,0.209884,0.698712,-0.660057,-0.179096
31723731,0.213386,0.700322,-0.657790,-0.176997
31732064,0.216771,0.700008,-0.657491,-0.175227
31740397,0.220508,0.699054,-0.657725,-0.173485
31748730,0.223951,0.697228,-0.658866,-0.172089
31757063,0.227345,0.695056,-0.660746,-0.169192
31765396,0.231504,0.692516,-0.663086,-0.164759
31773729,0.235963,0.691098,-0.663302,-0.163511
31782062,0.242593,0.687720,-0.665410,-0.159437
31790395,0.236557,0.687982,-0.665811,-0.165583
31798728,0.209427,0.686871,-0.669679,-0.189416
31807061,0.182608,0.677247,-0.677747,-0.220568
31815394,0.168885,0.670216,-0.682517,-0.237610
31823727,0.158100,0.664103,-0.685994,-0.251761
31832060,0.156139,0.660044,-0.688714,-0.256194
31840393,0.154397,0.656753,-0.690344,-0.261269
31848726,0.153943,0.653331,-0.692618,-0.264085
31857059,0.150992,0.650446,-0.694380,-0.268251
31865392,0.139540,0.645493,-0.697882,-0.277178
31873725,0.131324,0.641418,-0.700879,-0.283031
31882058,0.117691,0.638961,-0.703250,-0.288645
31890391,0.117536,0.636862,-0.705400,-0.288101
31898724,0.118502,0.636268,-0.707175,-0.284647
31907057,0.120190,0.636300,-0.708328,-0.280978
31915390,0.121412,0.636353,-0.709381,-0.277656
31923723,0.122217,0.637348,-0.709460,-0.274803
31932056,0.121669,0.637266,-0.710416,-0.272760
31940389,0.121020,0.638665,-0.710905,-0.268470
31948722,0.120812,0.638871,-0.711709,-0.265928
31957055,0.119801,0.639345,-0.712293,-0.263676
31965388,0.119365,0.640304,-0.712210,-0.261763
31973721,0.118621,0.639677,-0.713376,-0.260455
31982054,0.116248,0.640115,-0.713264,-0.260756
31990387,0.113525,0.641446,-0.712596,-0.260512
31998720,0.111971,0.641187,-0.712418,-0.262301
32007053,0.109903,0.641658,-0.712866,-0.260805
32015386,0.105736,0.638936,-0.714583,-0.264482
32023719,0.101599,0.635842,-0.716682,-0.267861
32032052,0.095986,0.633180,-0.718912,-0.270251
32040385,0.089827,0.632401,-0.719580,-0.272405
32048718,0.084626,0.633584,-0.719671,-0.271078
32057051,0.082554,0.634157,-0.720775,-0.267419
32065384,0.079428,0.635340,-0.721635,-0.263205
32073717,0.079576,0.633617,-0.724114,-0.260493
32082050,0.077690,0.628850,-0.729698,-0.257008
32090383,0.072160,0.626844,-0.732705,-0.254957
32098716,0.069141,0.626687,-0.734357,-0.251401
32107049,0.069433,0.626309,-0.736264,-0.246642
32115382,0.069772,0.627472,-0.735576,-0.245639
32123714,0.069304,0.628010,-0.735116,-0.245776
32132047,0.069205,0.627681,-0.735551,-0.245339
32140380,0.068759,0.627132,-0.736196,-0.244935
32148714,0.068636,0.626868,-0.736555,-0.244566
32157047,0.075702,0.632393,-0.730347,-0.246864
32165380,0.077252,0.633155,-0.729067,-0.248211
32173713,0.071917,0.627707,-0.734373,-0.248007
32182046,0.072982,0.628003,-0.733820,-0.248585
32190379,0.071529,0.625486,-0.736054,-0.248747
32198712,0.070581,0.624172,-0.737022,-0.249452
32207045,0.069543,0.622876,-0.737694,-0.250990
32215378,0.068425,0.620353,-0.740080,-0.250523
32223711,0.069017,0.620745,-0.739005,-0.252555
32232044,0.072887,0.623257,-0.735796,-0.254643
32240377,0.067690,0.618841,-0.739374,-0.256477
32248710,0.100383,0.605942,-0.748093,-0.251226
32257043,0.102638,0.608322,-0.745121,-0.253387
32265376,0.102903,0.608277,-0.744663,-0.254728
32273709,0.102152,0.607127,-0.745319,-0.255855
32282041,0.099063,0.603552,-0.748607,-0.255925
32290374,0.098062,0.602197,-0.749575,-0.256670
32298707,0.096932,0.601396,-0.749769,-0.258406
32307040,0.095257,0.599895,-0.750872,-0.259316
32315374,0.095987,0.601224,-0.749035,-0.261272
32323707,0.093671,0.598847,-0.751005,-0.261917
32332040,0.092807,0.597592,-0.751974,-0.262310
32340373,0.092378,0.597076,-0.752219,-0.262933
32348706,0.092910,0.598204,-0.750574,-0.264873
32357039,0.090730,0.596175,-0.752110,-0.265846
32365372,0.090219,0.596371,-0.751387,-0.267618
32373705,0.089614,0.596538,-0.750828,-0.269013
32382038,0.089282,0.595955,-0.751186,-0.269417
32390371,0.088592,0.595187,-0.751639,-0.270079
32398704,0.087333,0.594131,-0.752229,-0.271171
32407037,0.086424,0.593536,-0.752540,-0.271899
32415370,0.085864,0.593245,-0.752511,-0.272791
32423703,0.083336,0.590979,-0.754455,-0.273124
32432036,0.082664,0.590184,-0.755002,-0.273537
32440369,0.081360,0.589721,-0.755004,-0.274915
32448701,0.081580,0.591127,-0.753179,-0.276831
32457034,0.078631,0.588958,-0.754955,-0.277468
32465367,0.076609,0.587685,-0.755962,-0.277990
32473701,0.076361,0.587746,-0.755764,-0.278469
32482034,0.077739,0.589465,-0.753763,-0.279875
32490367,0.075841,0.587655,-0.755143,-0.280480
32498700,0.074602,0.586634,-0.755789,-0.281208
32507033,0.074549,0.586268,-0.755792,-0.281976
32515366,0.074594,0.586087,-0.755496,-0.283131
32523699,0.073959,0.585277,-0.755644,-0.284576
32532032,0.072447,0.583976,-0.756250,-0.286022
32540365,0.073345,0.585726,-0.753897,-0.288419
32548698,0.070842,0.583356,-0.755500,-0.289650
32557031,0.069316,0.582052,-0.756224,-0.290750
32565364,0.069699,0.583558,-0.754191,-0.292914
32573697,0.066897,0.580953,-0.756065,-0.293913
32582030,0.067479,0.582264,-0.754328,-0.295643
32590363,0.067131,0.582412,-0.753616,-0.297244
32598696,0.065821,0.581506,-0.753996,-0.298344
32607028,0.063535,0.579170,-0.756031,-0.298232
32615361,0.064618,0.580469,-0.754517,-0.299306
32623694,0.064295,0.580577,-0.753911,-0.300692
32632028,0.063660,0.580090,-0.754058,-0.301396
32640361,0.062629,0.579322,-0.754432,-0.302151
32648694,0.061855,0.578742,-0.754368,-0.303579
32657027,0.060910,0.578318,-0.754407,-0.304482
32665360,0.060084,0.577911,-0.754559,-0.305041
32673693,0.059636,0.577232,-0.754679,-0.306116
32682026,0.059048,0.577033,-0.754493,-0.307060
32690359,0.057689,0.576429,-0.754561,-0.308285
32698692,0.057236,0.576259,-0.754310,-0.309299
32707025,0.056404,0.576234,-0.754067,-0.310089
32715358,0.055377,0.575227,-0.754626,-0.310785
32723691,0.054150,0.574047,-0.755238,-0.311695
32732024,0.053979,0.574499,-0.754835,-0.311867
32740357,0.053932,0.574529,-0.754241,-0.313255
32748690,0.053622,0.574193,-0.754088,-0.314290
32757023,0.052228,0.573472,-0.754507,-0.314836
32765355,0.051997,0.573192,-0.754277,-0.315932
32773688,0.051378,0.572623,-0.754463,-0.316620
32782021,0.051138,0.571946,-0.754858,-0.316942
32790355,0.049814,0.571719,-0.754702,-0.317933
32798688,0.055979,0.573694,-0.752032,-0.319670
32807021,0.057816,0.573247,-0.751628,-0.321094
32815354,0.053339,0.569116,-0.754248,-0.323066
32823687,0.049485,0.567531,-0.756131,-0.322064
32832020,0.045659,0.568128,-0.756440,-0.320850
32840353,0.050295,0.568481,-0.756117,-0.320291
32848686,0.053130,0.568446,-0.755501,-0.321349
32857019,0.052728,0.568525,-0.754670,-0.323222
32865352,0.051819,0.567224,-0.755708,-0.323229
32873685,0.050921,0.567391,-0.755243,-0.324164
32882018,0.050394,0.566262,-0.756100,-0.324223
32890351,0.050348,0.565663,-0.756454,-0.324451
32898684,0.049841,0.566276,-0.755319,-0.326100
32907017,0.048972,0.565909,-0.755089,-0.327399
32915350,0.048787,0.565132,-0.755732,-0.327284
32923683,0.048168,0.564892,-0.755877,-0.327456
32932015,0.047898,0.565353,-0.755336,-0.327947
32940348,0.047365,0.565365,-0.755089,-0.328570
32948681,0.047776,0.565779,-0.754204,-0.329830
32957015,0.041755,0.565518,-0.754428,-0.330582
32965348,0.038851,0.565743,-0.754402,-0.330611
32973681,0.041188,0.565419,-0.754354,-0.330989
32982014,0.039109,0.566190,-0.753512,-0.331844
32990347,0.040593,0.566304,-0.752584,-0.333571
32998680,0.043893,0.567066,-0.752022,-0.333124
33007013,0.042712,0.565972,-0.752259,-0.334601
33015346,0.038344,0.563652,-0.753173,-0.336981
33023679,0.036550,0.562826,-0.753349,-0.338166
33032012,0.036226,0.561849,-0.754157,-0.338025
33040345,0.036279,0.561865,-0.753838,-0.338701
33048678,0.036397,0.561563,-0.753604,-0.339711
33057011,0.036390,0.561068,-0.753545,-0.340658
33065344,0.036163,0.560418,-0.753620,-0.341587
33073677,0.035555,0.558528,-0.755087,-0.341506
33082010,0.035363,0.557507,-0.755873,-0.341455
33090342,0.034295,0.556794,-0.756034,-0.342370
33098675,0.034262,0.556403,-0.756139,-0.342776
33107008,0.034106,0.555973,-0.756090,-0.343597
33115342,0.033763,0.555450,-0.756237,-0.344152
33123675,0.033921,0.555220,-0.756201,-0.344586
33132008,0.034752,0.555506,-0.755953,-0.344587
33140341,0.034307,0.554767,-0.756271,-0.345123
33148674,0.034535,0.554537,-0.756357,-0.345282
33157007,0.034993,0.554644,-0.755999,-0.345849
33165340,0.033900,0.554656,-0.755216,-0.347644
33173673,0.033085,0.554575,-0.754312,-0.349807
33182006,0.033432,0.554260,-0.754155,-0.350613
33190339,0.033173,0.553742,-0.754272,-0.351204
33198672,0.032481,0.553053,-0.754654,-0.351532
33207005,0.030891,0.551927,-0.755237,-0.352192
33215338,0.030989,0.551482,-0.755722,-0.351842
33223671,0.030758,0.551454,-0.755814,-0.351706
33232004,0.031430,0.551973,-0.755411,-0.351699
33240337,0.030821,0.551617,-0.755638,-0.351825
33248669,0.030503,0.551446,-0.755746,-0.351887
33257002,0.030396,0.551374,-0.755807,-0.351880
33265335,0.029750,0.551262,-0.755798,-0.352129
33273669,0.028921,0.550999,-0.756083,-0.351999
33282002,0.028437,0.551011,-0.756075,-0.352036
33290335,0.028617,0.551466,-0.755763,-0.351978
33298668,0.028858,0.551973,-0.755524,-0.351676
33307001,0.029010,0.552297,-0.755413,-0.351395
33315334,0.028541,0.552148,-0.755529,-0.351417
33323667,0.028588,0.552558,-0.755213,-0.351447
33332000,0.034070,0.555826,-0.753303,-0.349901
33340333,0.034144,0.555869,-0.752977,-0.350526
33348666,0.032472,0.555075,-0.752996,-0.351901
33356999,0.027338,0.552264,-0.754368,-0.353818
33365332,0.025869,0.551849,-0.754542,-0.354203
33373665,0.026202,0.552278,-0.754331,-0.353958
33381998,0.025548,0.551956,-0.754779,-0.353554
33390331,0.025071,0.551942,-0.754571,-0.354054
33398664,0.024210,0.551457,-0.754801,-0.354379
33406997,0.023495,0.550212,-0.756109,-0.353573
33415329,0.023562,0.551234,-0.755157,-0.354012
33423662,0.024279,0.550950,-0.755573,-0.353516
33431995,0.024659,0.551241,-0.755457,-0.353285
33440329,0.024730,0.551145,-0.755479,-0.353381
33448662,0.024905,0.551029,-0.755576,-0.353343
33456995,0.025195,0.551155,-0.755310,-0.353696
33465328,0.025094,0.550941,-0.755454,-0.353728
33473661,0.024901,0.550798,-0.755491,-0.353885
33481994,0.025249,0.550749,-0.755460,-0.354003
33490327,0.024896,0.551209,-0.754655,-0.355028
33498660,0.024287,0.551027,-0.754417,-0.355856
33506993,0.023930,0.550539,-0.754477,-0.356510
33515326,0.024742,0.549892,-0.755108,-0.356117
33523659,0.024534,0.549737,-0.755162,-0.356255
33531992,0.024901,0.549677,-0.755114,-0.356424
33540325,0.024537,0.549300,-0.755071,-0.357121
33548658,0.024549,0.549025,-0.755049,-0.357589
33556991,0.024658,0.548806,-0.755075,-0.357864
33565324,0.025334,0.548837,-0.755076,-0.357767
33573657,0.025055,0.548957,-0.754657,-0.358484
33581990,0.024712,0.548622,-0.754594,-0.359153
33590323,0.025003,0.548357,-0.754690,-0.359335
33598656,0.025012,0.548272,-0.754621,-0.359612
33606989,0.025186,0.548021,-0.754834,-0.359534
33615322,0.023327,0.548162,-0.753845,-0.361514
33623655,0.022794,0.547176,-0.754333,-0.362023
33631988,0.022304,0.547158,-0.753916,-0.362947
33640321,0.022528,0.546335,-0.754458,-0.363047
33648654,0.022535,0.546178,-0.754540,-0.363113
33656987,0.022471,0.545849,-0.754664,-0.363353
33665320,0.022508,0.546416,-0.753765,-0.364364
33673653,0.022543,0.546186,-0.753545,-0.365160
33681986,0.021881,0.545346,-0.753838,-0.365852
33690319,0.022134,0.544354,-0.754764,-0.365405
33698652,0.022263,0.544327,-0.754883,-0.365190
33706985,0.021880,0.544952,-0.753922,-0.366266
33715318,0.021675,0.544756,-0.753599,-0.367232
33723651,0.021167,0.544100,-0.753857,-0.367705
33731984,0.021925,0.543941,-0.754187,-0.367220
33740317,0.021948,0.543521,-0.754487,-0.367223
33748650,0.021243,0.544336,-0.753477,-0.368129
33756983,0.020752,0.544281,-0.753193,-0.368819
33765316,0.021697,0.544368,-0.753023,-0.368984
33773649,0.019249,0.542384,-0.753914,-0.370220
33781982,0.020862,0.541820,-0.754948,-0.368849
33790315,0.019950,0.542513,-0.753835,-0.370154
33798648,0.020770,0.542127,-0.754398,-0.369527
33806981,0.020681,0.542042,-0.754418,-0.369617
33815314,0.019728,0.542021,-0.754275,-0.369991
33823647,0.019951,0.541784,-0.754458,-0.369952
33831980,0.018950,0.542185,-0.753524,-0.371318
33840313,0.017135,0.541043,-0.753702,-0.372708
33848646,0.019311,0.540905,-0.754468,-0.371251
33856979,0.018033,0.541358,-0.753763,-0.372086
33865312,0.017576,0.541302,-0.753470,-0.372783
33873645,0.018406,0.540587,-0.754305,-0.372090
33881978,0.019018,0.540536,-0.754308,-0.372127
33890311,0.016564,0.540501,-0.753811,-0.373301
33898644,0.016507,0.540575,-0.753438,-0.373948
33906977,0.016809,0.540550,-0.753153,-0.374545
33915310,0.017186,0.539826,-0.753994,-0.373878
33923643,0.015376,0.539451,-0.753757,-0.374975
33931976,0.015176,0.539617,-0.753528,-0.375205
33940309,0.016655,0.539414,-0.753920,-0.374646
33948642,0.015547,0.538711,-0.754392,-0.374755
33956975,0.015815,0.538867,-0.754295,-0.374714
33965308,0.015264,0.538844,-0.754277,-0.374806
33973641,0.015118,0.538734,-0.754317,-0.374890
33981974,0.014907,0.538641,-0.754338,-0.374989
33990307,0.015192,0.538831,-0.754230,-0.374923
33998640,0.015585,0.538993,-0.754222,-0.374690
34006973,0.014795,0.539181,-0.753854,-0.375192
34015306,0.014560,0.538741,-0.754067,-0.375406
34023639,0.014531,0.538910,-0.753923,-0.375453
34031972,0.014212,0.538662,-0.754098,-0.375470
34040305,0.014363,0.538430,-0.754285,-0.375421
34048638,0.014313,0.538757,-0.754041,-0.375445
34056971,0.014122,0.538584,-0.754103,-0.375575
34065304,0.013777,0.538300,-0.754193,-0.375814
34073637,0.014181,0.538224,-0.754178,-0.375938
34081970,0.013703,0.538270,-0.754051,-0.376144
34090303,0.013521,0.539334,-0.752757,-0.377216
34098636,0.012584,0.537822,-0.753507,-0.377911
34106969,0.012121,0.537344,-0.753762,-0.378096
34115302,0.011899,0.537348,-0.753750,-0.378122
34123635,0.012319,0.538552,-0.752676,-0.378535
34131968,0.011526,0.537231,-0.753471,-0.378854
34140301,0.011924,0.537095,-0.753636,-0.378708
34148634,0.011874,0.537257,-0.753425,-0.378899
34156967,0.011612,0.536928,-0.753557,-0.379110
34165300,0.011469,0.536702,-0.753708,-0.379135
34173633,0.011493,0.536716,-0.753642,-0.379245
34181966,0.011194,0.536622,-0.753625,-0.379421
34190299,0.010864,0.536372,-0.753558,-0.379917
34198632,0.010972,0.536082,-0.753734,-0.379975
34206965,0.010790,0.536136,-0.753606,-0.380158
34215298,0.010730,0.535951,-0.753711,-0.380212
34223631,0.009821,0.535254,-0.754071,-0.380505
34231964,0.010872,0.535615,-0.753950,-0.380209
34240297,0.010926,0.535730,-0.753757,-0.380428
34248630,0.010933,0.535702,-0.753708,-0.380563
34256963,0.010796,0.535479,-0.753693,-0.380909
34265296,0.009495,0.534711,-0.753960,-0.381495
34273629,0.008010,0.535164,-0.752945,-0.382896
34281962,0.007928,0.534164,-0.753561,-0.383081
34290295,0.008182,0.533996,-0.753962,-0.382522
34298628,0.008251,0.534120,-0.753766,-0.382733
34306961,0.006225,0.533886,-0.753248,-0.384116
34315294,0.005920,0.533685,-0.753091,-0.384706
34323627,0.007083,0.532962,-0.753921,-0.384062
34331960,0.005939,0.533267,-0.753270,-0.384936
34340293,0.005783,0.533449,-0.752899,-0.385411
34348626,0.007038,0.532655,-0.754036,-0.384263
34356959,0.007171,0.532712,-0.753864,-0.384520
34365292,0.007745,0.532849,-0.754072,-0.383911
34373625,0.007889,0.532683,-0.753987,-0.384305
34381958,0.006379,0.532147,-0.753604,-0.385825
34390291,0.006428,0.533254,-0.752419,-0.386606
34398624,0.006097,0.532302,-0.753077,-0.386642
34406957,0.005699,0.531740,-0.753448,-0.386699
34415290,0.005891,0.531954,-0.753457,-0.386384
34423623,0.005748,0.531775,-0.753429,-0.386687
34431956,0.005613,0.531720,-0.753313,-0.386991
34440289,0.006950,0.532137,-0.753412,-0.386203
34448622,0.006839,0.531923,-0.753085,-0.387135
34456955,0.006594,0.531899,-0.752851,-0.387629
34465288,0.004080,0.531601,-0.752280,-0.389177
34473621,0.003448,0.531379,-0.751983,-0.390060
34481954,0.005403,0.531154,-0.752485,-0.389374
34490287,0.004101,0.531144,-0.752148,-0.390055
34498620,0.004727,0.530346,-0.753031,-0.389428
34506953,0.004232,0.530290,-0.752636,-0.390273
34515286,0.005354,0.530939,-0.752252,-0.390117
34523619,0.005715,0.531084,-0.752313,-0.389798
34531952,0.005785,0.530710,-0.752703,-0.389553
34540285,0.004551,0.529921,-0.752718,-0.390613
34548618,0.002172,0.529882,-0.752000,-0.392068
34556951,0.004734,0.530299,-0.752149,-0.391193
34565284,0.003952,0.529619,-0.752746,-0.390975
34573617,0.003528,0.529475,-0.752676,-0.391309
34581950,0.004095,0.529842,-0.752410,-0.391319
34590283,0.004657,0.530012,-0.752358,-0.391182
34598616,0.004465,0.529879,-0.752403,-0.391277
34606949,0.004092,0.529663,-0.752528,-0.391335
34615282,0.004660,0.529910,-0.752305,-0.391421
34623615,0.004330,0.529671,-0.752346,-0.391669
34631948,0.004021,0.529423,-0.752439,-0.391829
34640281,0.004076,0.529470,-0.752213,-0.392198
34648614,0.002244,0.530037,-0.751877,-0.392093
34656947,0.002737,0.530054,-0.752225,-0.391399
34665280,0.002321,0.530484,-0.751967,-0.391315
34673613,0.001790,0.531069,-0.751479,-0.391460
34681946,0.003647,0.530638,-0.751834,-0.391350
34690279,0.004299,0.530135,-0.752094,-0.391526
34698612,0.002308,0.530309,-0.751807,-0.391858
34706945,0.003446,0.530291,-0.751874,-0.391746
34715278,0.002746,0.530206,-0.750984,-0.393571
34723611,0.003730,0.529318,-0.751659,-0.393469
34731944,0.003736,0.528938,-0.751872,-0.393572
34740277,0.003442,0.528935,-0.751841,-0.393639
34748610,0.003048,0.528777,-0.751880,-0.393778
34756943,0.002640,0.528540,-0.751954,-0.393959
34765276,0.002824,0.528591,-0.751863,-0.394062
34773609,0.002013,0.528914,-0.751075,-0.395135
34781942,0.002515,0.528023,-0.751748,-0.395045
34790275,0.003137,0.527960,-0.751895,-0.394844
34798608,0.002932,0.527896,-0.751830,-0.395056
34806941,0.002400,0.527698,-0.751878,-0.395233
34815274,0.002641,0.527647,-0.751846,-0.395359
34823607,0.002845,0.527588,-0.751743,-0.395633
34831940,0.002622,0.527357,-0.751848,-0.395743
34840273,0.000835,0.527497,-0.751013,-0.397147
34848606,0.001605,0.526757,-0.751603,-0.397010
34856939,-0.000067,0.526600,-0.751220,-0.397946
34865272,-0.000044,0.526898,-0.750738,-0.398462
34873605,-0.000209,0.526650,-0.750659,-0.398937
34881938,0.000766,0.526178,-0.751363,-0.398234
34890271,0.001010,0.526052,-0.751463,-0.398211
34898604,0.000935,0.526184,-0.751378,-0.398196
34906937,-0.001217,0.526292,-0.750630,-0.399463
34915270,-0.000452,0.526196,-0.750816,-0.399241
34923603,-0.000411,0.525854,-0.751207,-0.398955
34931936,-0.000809,0.525608,-0.751315,-0.399075
34940269,-0.002104,0.525728,-0.750720,-0.400033
34948602,-0.001051,0.524987,-0.751338,-0.399848
34956935,-0.001021,0.524776,-0.751178,-0.400426
34965268,-0.001447,0.524802,-0.751135,-0.400471
34973601,-0.003139,0.525029,-0.750465,-0.401419
34981934,-0.002117,0.524567,-0.751011,-0.401009
34990267,-0.001723,0.524240,-0.751511,-0.400500
34998600,-0.001687,0.523850,-0.751628,-0.400791
35006933,-0.001802,0.523747,-0.751521,-0.401125
35015266,-0.001558,0.524183,-0.751242,-0.401081
35023599,-0.003550,0.524018,-0.750540,-0.402595
35031932,-0.003079,0.522924,-0.751466,-0.402294
35040265,-0.002961,0.522700,-0.751844,-0.401879
35048598,-0.002174,0.523156,-0.751515,-0.401905
35056931,-0.003807,0.523314,-0.750703,-0.403203
35065264,-0.004500,0.522741,-0.750705,-0.403935
35073597,-0.002947,0.522349,-0.751265,-0.403414
35081930,-0.002831,0.522173,-0.751485,-0.403235
35090263,-0.003560,0.521728,-0.751581,-0.403625
35098596,-0.003275,0.522061,-0.751210,-0.403887
35106929,-0.003054,0.522162,-0.750914,-0.404308
35115262,-0.002939,0.522250,-0.750792,-0.404422
35123595,-0.002897,0.522642,-0.749986,-0.405412
35131928,-0.003231,0.522294,-0.750312,-0.405254
35140261,-0.003387,0.522034,-0.750288,-0.405631
35148594,-0.003107,0.522066,-0.749958,-0.406203
35156927,-0.005297,0.522194,-0.749316,-0.407199
35165260,-0.005883,0.521780,-0.749027,-0.408251
35173593,-0.005011,0.520878,-0.749603,-0.408358
35181926,-0.004504,0.521063,-0.749444,-0.408420
35190259,-0.005033,0.520639,-0.749582,-0.408701
35198592,-0.006438,0.520608,-0.748924,-0.409925
35206925,-0.006402,0.520649,-0.748446,-0.410745
35215258,-0.005194,0.520122,-0.748886,-0.410628
35223591,-0.005413,0.519869,-0.748928,-0.410870
35231924,-0.005897,0.519512,-0.748889,-0.411385
35240257,-0.006315,0.519027,-0.748943,-0.411893
35248590,-0.006200,0.518917,-0.748763,-0.412360
35256923,-0.006572,0.518548,-0.748663,-0.413000
35265256,-0.006406,0.518644,-0.748389,-0.413378
35273589,-0.008396,0.518442,-0.747516,-0.415171
35281922,-0.007979,0.517975,-0.747567,-0.415671
35290255,-0.008430,0.517649,-0.747270,-0.416601
35298588,-0.008982,0.518098,-0.746442,-0.417514
35306921,-0.009409,0.517224,-0.746694,-0.418138
35315254,-0.009904,0.516848,-0.746596,-0.418765
35323587,-0.009974,0.516946,-0.746098,-0.419530
35331920,-0.010866,0.516416,-0.745810,-0.420670
35340253,-0.012186,0.515696,-0.745599,-0.421892
35348586,-0.013078,0.515686,-0.745190,-0.422598
35356919,-0.012823,0.516347,-0.744162,-0.423609
35365252,-0.012904,0.517835,-0.742494,-0.424715
35373585,-0.014775,0.517255,-0.741580,-0.426953
35381918,-0.015907,0.516885,-0.741102,-0.428189
35390251,-0.017070,0.515924,-0.741215,-0.429105
35398584,-0.017589,0.515848,-0.740788,-0.429913
35406917,-0.018556,0.515621,-0.740376,-0.430853
35415250,-0.019038,0.515992,-0.739301,-0.432232
35423583,-0.019327,0.516099,-0.738740,-0.433048
35431916,-0.019400,0.516535,-0.738127,-0.433571
35440249,-0.019417,0.516515,-0.737884,-0.434008
35448582,-0.020253,0.515681,-0.737947,-0.434852
35456915,-0.020614,0.515441,-0.737827,-0.435324
35465248,-0.020771,0.515393,-0.737620,-0.435723
35473581,-0.020949,0.515477,-0.737046,-0.436585
35481914,-0.021243,0.514723,-0.737147,-0.437291
35490247,-0.021640,0.513527,-0.737633,-0.437857
35498580,-0.021287,0.513207,-0.737702,-0.438134
35506913,-0.020920,0.511703,-0.739026,-0.437678
35515246,-0.020203,0.511498,-0.739174,-0.437702
35523579,-0.019236,0.511141,-0.739263,-0.438012
35531912,-0.017481,0.510826,-0.739491,-0.438069
35540245,-0.016345,0.510189,-0.739688,-0.438522
35548578,-0.016628,0.510160,-0.738884,-0.439898
35556911,-0.014614,0.509600,-0.739199,-0.440091
35565244,-0.013554,0.510091,-0.738944,-0.439983
35573577,-0.012665,0.509818,-0.738410,-0.441221
35581910,-0.010449,0.510412,-0.737818,-0.441582
35590243,-0.010093,0.509863,-0.737516,-0.442728
35598576,-0.010136,0.508946,-0.737771,-0.443356
35606909,-0.009804,0.508482,-0.737613,-0.444159
35615242,-0.009120,0.508144,-0.737411,-0.444895
35623575,-0.008538,0.507958,-0.737323,-0.445264
35631908,-0.008588,0.507557,-0.737134,-0.446032
35640241,-0.007960,0.507648,-0.736792,-0.446507
35648574,-0.008169,0.507309,-0.736525,-0.447328
35656907,-0.008657,0.506852,-0.736571,-0.447759
35665240,-0.008717,0.506592,-0.736349,-0.448419
35673573,-0.009376,0.505957,-0.736491,-0.448889
35681906,-0.008575,0.507082,-0.735575,-0.449137
35690239,-0.009046,0.506589,-0.735577,-0.449681
35698572,-0.009191,0.506510,-0.735209,-0.450367
35706905,-0.009328,0.505759,-0.735817,-0.450215
35715238,-0.010040,0.504905,-0.736428,-0.450160
35723571,-0.009785,0.506220,-0.735343,-0.450462
35731904,-0.010367,0.505747,-0.735597,-0.450566
35740237,-0.010739,0.505334,-0.735432,-0.451288
35748570,-0.011032,0.505244,-0.735299,-0.451599
35756903,-0.011608,0.504867,-0.735339,-0.451942
35765236,-0.011731,0.505126,-0.735202,-0.451872
35773569,-0.012086,0.504909,-0.735131,-0.452220
35781902,-0.012383,0.504638,-0.735153,-0.452479
35790235,-0.010388,0.505834,-0.734535,-0.452198
35798568,-0.012577,0.504410,-0.734922,-0.453103
35806901,-0.013202,0.504043,-0.735080,-0.453237
35815234,-0.013334,0.503915,-0.735224,-0.453141
35823567,-0.013718,0.503669,-0.735305,-0.453273
35831900,-0.013986,0.503600,-0.735340,-0.453285
35840233,-0.013565,0.504374,-0.734859,-0.453216
35848566,-0.014059,0.504314,-0.734770,-0.453413
35856899,-0.014127,0.504127,-0.734982,-0.453275
35865232,-0.014521,0.503734,-0.735330,-0.453135
35873565,-0.014755,0.503899,-0.735046,-0.453404
35881898,-0.015425,0.503603,-0.734953,-0.453861
35890231,-0.015567,0.503536,-0.734895,-0.454024
35898564,-0.015869,0.503180,-0.735080,-0.454109
35906897,-0.016009,0.503576,-0.734584,-0.454468
35915230,-0.015959,0.503292,-0.734686,-0.454619
35923563,-0.016257,0.503415,-0.734264,-0.455155
35931896,-0.016897,0.502634,-0.734516,-0.455587
35940229,-0.016214,0.503256,-0.733769,-0.456130
35948562,-0.016771,0.502495,-0.733748,-0.456980
35956895,-0.016351,0.502921,-0.732806,-0.458038
35965228,-0.016298,0.502913,-0.732086,-0.459198
35973561,-0.016186,0.502808,-0.731573,-0.460133
35981894,-0.016907,0.501592,-0.732055,-0.460669
35990227,-0.017565,0.501031,-0.731696,-0.461822
35998560,-0.016915,0.501093,-0.731145,-0.462651
36006893,-0.016500,0.501733,-0.729741,-0.464186
36015226,-0.017461,0.500547,-0.729858,-0.465247
36023559,-0.016409,0.500398,-0.729621,-0.465817
36031892,-0.016442,0.500552,-0.728935,-0.466724
36040225,-0.016983,0.500772,-0.727988,-0.467945
36048558,-0.016367,0.500756,-0.727528,-0.468699
36056891,-0.015612,0.500070,-0.727859,-0.468943
36065224,-0.014294,0.500310,-0.727509,-0.469272
36073557,-0.012481,0.501438,-0.726636,-0.469472
36081890,-0.010784,0.502059,-0.725842,-0.470078
36090223,-0.009170,0.502093,-0.725069,-0.471268
36098556,-0.008423,0.501919,-0.724274,-0.472687
36106889,-0.006813,0.501469,-0.723443,-0.474460
36115222,-0.004013,0.502094,-0.722607,-0.475105
36123555,-0.003118,0.501666,-0.721551,-0.477164
36131888,-0.002064,0.501224,-0.719599,-0.480570
36140221,0.000037,0.501447,-0.718289,-0.482299
36148554,0.000117,0.500801,-0.718116,-0.483225
36156887,0.001220,0.500503,-0.717833,-0.483954
36165220,0.001680,0.499817,-0.717812,-0.484692
36173553,0.002420,0.499051,-0.717015,-0.486654
36181886,0.005328,0.501120,-0.714231,-0.488595
36190219,0.009581,0.503390,-0.711055,-0.490822
36198552,0.011572,0.503848,-0.708614,-0.493831
36206885,0.013129,0.503450,-0.706879,-0.496676
36215218,0.012701,0.502368,-0.703944,-0.501924
36223551,0.018083,0.503289,-0.701747,-0.503909
36231884,0.022064,0.503720,-0.697668,-0.508958
36240217,0.027983,0.505741,-0.691571,-0.514950
36248550,0.030981,0.501557,-0.690613,-0.520129
36256883,0.032981,0.497479,-0.684816,-0.531463
36265216,0.039006,0.504996,-0.674435,-0.537211
36273549,0.048014,0.528391,-0.674650,-0.513171
36281882,0.075367,0.564975,-0.667200,-0.479549
36290215,0.108351,0.588375,-0.658189,-0.457014
36298548,0.124756,0.583394,-0.653842,-0.465379
36306881,0.146386,0.602492,-0.646584,-0.444414
36315214,0.172449,0.630464,-0.623524,-0.428945
36323547,0.191639,0.642345,-0.608826,-0.424262
36331880,0.199791,0.642789,-0.599017,-0.433688
36340213,0.201673,0.638054,-0.594207,-0.446243
36348546,0.200762,0.629816,-0.591765,-0.461347
36356879,0.202260,0.623213,-0.584968,-0.478026
36365212,0.202458,0.614597,-0.580318,-0.494482
36373545,0.205030,0.607192,-0.574470,-0.509180
36381878,0.199453,0.595692,-0.572132,-0.527290
36390211,0.192382,0.582485,-0.572892,-0.543595
36398544,0.185010,0.573770,-0.570184,-0.558077
36406877,0.171318,0.557822,-0.575831,-0.572629
36415210,0.179324,0.552204,-0.570901,-0.580505
36423543,0.185635,0.544946,-0.567410,-0.588744
36431876,0.188376,0.534273,-0.567033,-0.597947
36440209,0.188696,0.523164,-0.566096,-0.608464
36448542,0.190345,0.513435,-0.565651,-0.616597
36456875,0.194664,0.506642,-0.562691,-0.623537
36465208,0.198167,0.500447,-0.558585,-0.631083
36473541,0.201510,0.492313,-0.555661,-0.638954
36481874,0.203536,0.485524,-0.552365,-0.646322
36490207,0.209543,0.482321,-0.548262,-0.650282
36498540,0.214529,0.475950,-0.543250,-0.657517
36506873,0.220079,0.471547,-0.538818,-0.662483
36515206,0.224177,0.467904,-0.533063,-0.668322
36523539,0.231423,0.470757,-0.524543,-0.670586
36531872,0.238514,0.473373,-0.514921,-0.673710
36540205,0.238068,0.463925,-0.511292,-0.683138
36548538,0.239474,0.464087,-0.503726,-0.688140
36556871,0.242194,0.465211,-0.495650,-0.692280
36565204,0.242322,0.462246,-0.487567,-0.699919
36573537,0.244284,0.463843,-0.478925,-0.704135
36581870,0.247359,0.465061,-0.469265,-0.708747
36590203,0.247476,0.462270,-0.460305,-0.716367
36598536,0.245774,0.455526,-0.453508,-0.725549
36606869,0.244324,0.450998,-0.447952,-0.732288
36615202,0.246927,0.457948,-0.436953,-0.733746
36623535,0.245912,0.454458,-0.431205,-0.739634
36631868,0.244648,0.450593,-0.426911,-0.744889
36640201,0.247803,0.452720,-0.421848,-0.745441
36648534,0.243509,0.446447,-0.419280,-0.752059
36656867,0.244166,0.451696,-0.414715,-0.751243
36665200,0.245323,0.451557,-0.411769,-0.752569
36673533,0.244149,0.451366,-0.408254,-0.754976
36681866,0.245320,0.458475,-0.403892,-0.752655
36690199,0.244530,0.456972,-0.404355,-0.753577
36698532,0.244114,0.456819,-0.404699,-0.753620
36706865,0.245964,0.459209,-0.403335,-0.752296
36715198,0.245571,0.457725,-0.403543,-0.753216
36723531,0.245879,0.458303,-0.402355,-0.753401
36731864,0.245808,0.458035,-0.403321,-0.753071
36740197,0.246300,0.458128,-0.403639,-0.752682
36748530,0.246771,0.455410,-0.404030,-0.753967
36756863,0.248438,0.456019,-0.402927,-0.753641
36765196,0.249055,0.456958,-0.402350,-0.753177
36773529,0.250038,0.455212,-0.401759,-0.754223
36781862,0.251347,0.450585,-0.400994,-0.756969
36790195,0.253459,0.453665,-0.398805,-0.755580
36798528,0.256274,0.451676,-0.396013,-0.757289
36806861,0.259935,0.453541,-0.391369,-0.757341
36815194,0.262957,0.452627,-0.387516,-0.758824
36823527,0.266873,0.454288,-0.381115,-0.759706
36831860,0.270447,0.453028,-0.374533,-0.762462
36840193,0.273386,0.452070,-0.369091,-0.764633
36848526,0.278851,0.454784,-0.359326,-0.765702
36856859,0.280789,0.448872,-0.353554,-0.771149
36865192,0.284925,0.445285,-0.345788,-0.775222
36873525,0.288868,0.441352,-0.338280,-0.779314
36881858,0.293420,0.438737,-0.329414,-0.782880
36890191,0.297891,0.439790,-0.321167,-0.784026
36898524,0.304218,0.442614,-0.312579,-0.783479
36906857,0.308925,0.439260,-0.306215,-0.786033
36915190,0.314459,0.437396,-0.301402,-0.786738
36923523,0.319147,0.434059,-0.297523,-0.788174
36931856,0.323550,0.431135,-0.295590,-0.788711
36940189,0.328166,0.428693,-0.293643,-0.788862
36948522,0.331757,0.429329,-0.290888,-0.788034
36956855,0.334793,0.430816,-0.288313,-0.786884
36965188,0.337278,0.432788,-0.286435,-0.785425
36973521,0.339409,0.432126,-0.285107,-0.785355
36981854,0.342002,0.434073,-0.280980,-0.784643
36990187,0.344943,0.434968,-0.279442,-0.783409
36998520,0.346726,0.439259,-0.275686,-0.781556
37006853,0.348543,0.443642,-0.271215,-0.779835
37015186,0.348737,0.443102,-0.270894,-0.780166
37023519,0.348219,0.441090,-0.270079,-0.781818
37031852,0.348966,0.444329,-0.266090,-0.781019
37040185,0.349429,0.453515,-0.260613,-0.777370
37048518,0.348499,0.461537,-0.255215,-0.774853
37056851,0.346452,0.468225,-0.248810,-0.773841
37065184,0.340642,0.473534,-0.244335,-0.774615
37073517,0.334887,0.477625,-0.240201,-0.775905
37081850,0.326416,0.491278,-0.234531,-0.772718
37090183,0.314379,0.498812,-0.233202,-0.773285
37098516,0.310350,0.455426,-0.236297,-0.800271
37106849,0.314564,0.399071,-0.234011,-0.828873
37115182,0.318234,0.356439,-0.232936,-0.847006
37123515,0.317967,0.329726,-0.243497,-0.854919
37131848,0.319499,0.316165,-0.257839,-0.855265
37140181,0.322323,0.316474,-0.267445,-0.851132
37148514,0.324847,0.315759,-0.272431,-0.848853
37156847,0.328427,0.319512,-0.273068,-0.845862
37165180,0.330598,0.321216,-0.273487,-0.844234
37173513,0.330294,0.320409,-0.276309,-0.843740
37181846,0.331025,0.318068,-0.277346,-0.843999
37190179,0.332908,0.319605,-0.278210,-0.842392
37198512,0.334047,0.324364,-0.279466,-0.839702
37206845,0.336194,0.329186,-0.279686,-0.836890
37215178,0.338419,0.330078,-0.279549,-0.835688
37223511,0.339212,0.331121,-0.280505,-0.834632
37231844,0.341336,0.333458,-0.280376,-0.832877
37240177,0.344240,0.333490,-0.280067,-0.831772
37248510,0.345125,0.333297,-0.280643,-0.831289
37256843,0.346197,0.333469,-0.280432,-0.830845
37265176,0.347756,0.334209,-0.280439,-0.829894
37273509,0.348585,0.334057,-0.281253,-0.829332
37281842,0.348524,0.334987,-0.282242,-0.828646
37290175,0.348583,0.334190,-0.282819,-0.828746
37298508,0.348255,0.333029,-0.283810,-0.829013
37306841,0.348031,0.332929,-0.284626,-0.828867
37315174,0.348662,0.330115,-0.285278,-0.829503
37323507,0.348196,0.326674,-0.286223,-0.830735
37331840,0.347036,0.329494,-0.286796,-0.829908
37340173,0.346340,0.327517,-0.288109,-0.830527
37348506,0.345445,0.325011,-0.289115,-0.831534
37356839,0.344897,0.321416,-0.289750,-0.832936
37365172,0.344638,0.319392,-0.289912,-0.833765
37373505,0.344482,0.319262,-0.290456,-0.833690
37381838,0.344370,0.318906,-0.290265,-0.833939
37390171,0.345143,0.319928,-0.289740,-0.833410
37398504,0.345190,0.319840,-0.290371,-0.833205
37406837,0.343785,0.315204,-0.292553,-0.834788
37415170,0.343594,0.314392,-0.292145,-0.835316
37423503,0.344115,0.315623,-0.291452,-0.834879
37431836,0.344914,0.316809,-0.291577,-0.834056
37440169,0.345971,0.318908,-0.291033,-0.833008
37448502,0.346325,0.318722,-0.291082,-0.832915
37456835,0.345225,0.315923,-0.292200,-0.834046
37465168,0.344970,0.314616,-0.292849,-0.834417
37473501,0.345519,0.316035,-0.292733,-0.833694
37481834,0.346177,0.316808,-0.292224,-0.833306
37490167,0.346479,0.316536,-0.292271,-0.833268
37498500,0.346522,0.317445,-0.292649,-0.832771
37506833,0.346429,0.317478,-0.292910,-0.832706
37515166,0.346340,0.317236,-0.293160,-0.832746
37523499,0.346932,0.314529,-0.293388,-0.833447
37531832,0.345970,0.313977,-0.294672,-0.833602
37540165,0.345744,0.314067,-0.295139,-0.833496
37548498,0.345109,0.312334,-0.295819,-0.834169
37556831,0.345406,0.311771,-0.295934,-0.834216
37565164,0.346218,0.310627,-0.296089,-0.834251
37573497,0.346787,0.310758,-0.295922,-0.834026
37581830,0.345049,0.306142,-0.298236,-0.835628
37590163,0.344226,0.303765,-0.299316,-0.836448
37598496,0.344170,0.303667,-0.299541,-0.836426
37606829,0.344067,0.303536,-0.299911,-0.836383
37615162,0.343873,0.302029,-0.300241,-0.836890
37623495,0.343590,0.300755,-0.300613,-0.837332
37631828,0.343582,0.300886,-0.301031,-0.837138
37640161,0.343124,0.302950,-0.301555,-0.836392
37648494,0.342644,0.302606,-0.302167,-0.836493
37656827,0.343139,0.301204,-0.302289,-0.836752
37665160,0.343144,0.300285,-0.302739,-0.836917
37673493,0.342819,0.300049,-0.303513,-0.836854
37681826,0.342448,0.300976,-0.304028,-0.836487
37690159,0.342604,0.302076,-0.304067,-0.836012
37698492,0.343030,0.301033,-0.304318,-0.836122
37706825,0.343454,0.301237,-0.304216,-0.835912
37715158,0.343840,0.301238,-0.304402,-0.835685
37723491,0.343525,0.302544,-0.304768,-0.835209
37731824,0.343421,0.302029,-0.305222,-0.835273
37740157,0.343526,0.300380,-0.305485,-0.835727
37748490,0.343536,0.300667,-0.305310,-0.835685
37756823,0.343178,0.299941,-0.305981,-0.835847
37765156,0.343500,0.298829,-0.306076,-0.836078
37773489,0.343477,0.298979,-0.306375,-0.835924
37781822,0.346807,0.308096,-0.303050,-0.832443
37790155,0.348082,0.313918,-0.301811,-0.830183
37798488,0.348420,0.315299,-0.301455,-0.829647
37806821,0.348232,0.315091,-0.301923,-0.829635
37815154,0.345575,0.307958,-0.305002,-0.832294
37823487,0.344707,0.303358,-0.305927,-0.834002
37831820,0.346813,0.310106,-0.303378,-0.831575
37840153,0.345984,0.308527,-0.304572,-0.832071
37848486,0.345005,0.305984,-0.305581,-0.833046
37856819,0.346602,0.310378,-0.303487,-0.831521
37865152,0.347506,0.312392,-0.302162,-0.830872
37873485,0.347905,0.312570,-0.301946,-0.830717
37881818,0.345289,0.306221,-0.305132,-0.833006
37890151,0.343962,0.303648,-0.306391,-0.834034
37898484,0.343713,0.301218,-0.306484,-0.834983
37906817,0.343636,0.302634,-0.306358,-0.834549
37915150,0.346409,0.310363,-0.303045,-0.831768
37923483,0.344818,0.306223,-0.305093,-0.833214
37931816,0.345778,0.308710,-0.303312,-0.832548
37940149,0.346881,0.312413,-0.302288,-0.831080
37948482,0.344612,0.306177,-0.304840,-0.833409
37956815,0.345558,0.307448,-0.303301,-0.833111
37965148,0.346446,0.309878,-0.302389,-0.832173
37973481,0.344784,0.304923,-0.304647,-0.833868
37981814,0.343395,0.303433,-0.305694,-0.834601
37990147,0.345405,0.310012,-0.302797,-0.832408
37998480,0.345050,0.307481,-0.304001,-0.833054
38006813,0.344348,0.304943,-0.304692,-0.834024
38015146,0.346283,0.309586,-0.302295,-0.832384
38023479,0.347398,0.310780,-0.300899,-0.831979
38031812,0.345071,0.305679,-0.303607,-0.833852
38040145,0.343374,0.302455,-0.305017,-0.835212
38048478,0.343206,0.301673,-0.305182,-0.835504
38056811,0.342974,0.302271,-0.304951,-0.835468
38065144,0.342927,0.301030,-0.304938,-0.835939
38073477,0.342410,0.300792,-0.305297,-0.836106
38081810,0.341977,0.301047,-0.305467,-0.836129
38090143,0.342305,0.299836,-0.305159,-0.836543
38098476,0.342293,0.299303,-0.305335,-0.836674
38106809,0.342263,0.298568,-0.305329,-0.836951
38115142,0.342464,0.297783,-0.305272,-0.837169
38123475,0.342841,0.296934,-0.305115,-0.837374
38131808,0.343326,0.297613,-0.304829,-0.837038
38140141,0.344364,0.298922,-0.304160,-0.836389
38148474,0.344597,0.301179,-0.303742,-0.835634
38156807,0.345440,0.301904,-0.303057,-0.835273
38165140,0.346265,0.301573,-0.302461,-0.835268
38173473,0.346964,0.301390,-0.302081,-0.835181
38181806,0.346930,0.299269,-0.302446,-0.835825
38190139,0.346592,0.294942,-0.302305,-0.837553
38198472,0.347822,0.291151,-0.301074,-0.838812
38206805,0.349303,0.287906,-0.298785,-0.840134
38215138,0.352506,0.295254,-0.294606,-0.837718
38223471,0.355482,0.299475,-0.291609,-0.836009
38231804,0.358167,0.294596,-0.288731,-0.837594
38240137,0.359717,0.286039,-0.286337,-0.840712
38248470,0.361252,0.283229,-0.283688,-0.841902
38256803,0.363296,0.284883,-0.280251,-0.841616
38265136,0.365231,0.283972,-0.279159,-0.841449
38273469,0.368025,0.281672,-0.276706,-0.841815
38281802,0.367572,0.283339,-0.276700,-0.841456
38290135,0.368291,0.278440,-0.277180,-0.842617
38298468,0.369688,0.282855,-0.275067,-0.841227
38306801,0.367042,0.272514,-0.278179,-0.844768
38315134,0.365271,0.268920,-0.281452,-0.845602
38323467,0.366711,0.272173,-0.282362,-0.843633
38331800,0.366578,0.265262,-0.284411,-0.845202
38340133,0.364138,0.267303,-0.287068,-0.844716
38348466,0.363323,0.270951,-0.289497,-0.843074
38356799,0.362045,0.263710,-0.292583,-0.844853
38365132,0.362564,0.273207,-0.293326,-0.841347
38373465,0.362679,0.279894,-0.293733,-0.838954
38381798,0.361917,0.280773,-0.297008,-0.837836
38390131,0.356806,0.279663,-0.301364,-0.838843
38398464,0.355178,0.279232,-0.304127,-0.838681
38406797,0.353367,0.280370,-0.307042,-0.838003
38415130,0.352238,0.280428,-0.308961,-0.837754
38423463,0.351652,0.285601,-0.309873,-0.835914
38431796,0.351247,0.292046,-0.311042,-0.833419
38440129,0.350005,0.293603,-0.313981,-0.832292
38448462,0.347960,0.292349,-0.316584,-0.832604
38456795,0.347928,0.291465,-0.318096,-0.832351
38465128,0.343976,0.283745,-0.323393,-0.834617
38473461,0.345369,0.284856,-0.324869,-0.833089
38481794,0.346038,0.287062,-0.326795,-0.831299
38490127,0.346551,0.286002,-0.329547,-0.830364
38498460,0.346772,0.286783,-0.332334,-0.828890
38506793,0.347791,0.289701,-0.332394,-0.827423
38515126,0.344038,0.292425,-0.334802,-0.827063
38523459,0.341324,0.293493,-0.336242,-0.827225
38531792,0.345446,0.306197,-0.333638,-0.821946
38540125,0.343971,0.307304,-0.334942,-0.821622
38548458,0.341488,0.303342,-0.336435,-0.823518
38556791,0.341652,0.307133,-0.335967,-0.822235
38565124,0.338863,0.309860,-0.336688,-0.822071
38573457,0.340673,0.324302,-0.332673,-0.817373
38581790,0.340016,0.332123,-0.331188,-0.815106
38590123,0.337515,0.327800,-0.332771,-0.817248
38598456,0.338502,0.333959,-0.330291,-0.815350
38606789,0.336071,0.334996,-0.330015,-0.816042
38615122,0.332697,0.338965,-0.330359,-0.815646
38623455,0.329747,0.342869,-0.330196,-0.815278
38631788,0.330165,0.352302,-0.326084,-0.812739
38640121,0.328651,0.362326,-0.323931,-0.809800
38648454,0.321415,0.360452,-0.324876,-0.813155
38656787,0.320217,0.369443,-0.322621,-0.810487
38665120,0.315650,0.371246,-0.323498,-0.811105
38673453,0.317241,0.388894,-0.318098,-0.804322
38681786,0.315424,0.394502,-0.313362,-0.804164
38690119,0.312766,0.388665,-0.309411,-0.809557
38698452,0.309986,0.399488,-0.307142,-0.806215
38706785,0.308957,0.414598,-0.302161,-0.800845
38715118,0.307074,0.416703,-0.296421,-0.802620
38723451,0.302438,0.421324,-0.292461,-0.803421
38731784,0.300540,0.428616,-0.286538,-0.802409
38740117,0.300004,0.442227,-0.280456,-0.797357
38748450,0.297538,0.448468,-0.274654,-0.796814
38756783,0.295779,0.450372,-0.268437,-0.798512
38765116,0.294980,0.459743,-0.261708,-0.795696
38773449,0.295766,0.473020,-0.254326,-0.789995
38781782,0.295991,0.484597,-0.247408,-0.785076
38790115,0.293800,0.489380,-0.241350,-0.784818
38798448,0.290919,0.493961,-0.235948,-0.784664
38806781,0.288090,0.492761,-0.230446,-0.788090
38815114,0.288179,0.503186,-0.222899,-0.783628
38823447,0.289805,0.515993,-0.212989,-0.777432
38831780,0.288425,0.526585,-0.205550,-0.772831
38840113,0.288981,0.532621,-0.196936,-0.770728
38848446,0.289634,0.552546,-0.184745,-0.759391
38856779,0.288417,0.569187,-0.176409,-0.749481
38865112,0.290702,0.591758,-0.161395,-0.734348
38873445,0.285402,0.590158,-0.158543,-0.738325
38881778,0.281452,0.598669,-0.150133,-0.734738
38890111,0.285078,0.626758,-0.133858,-0.712732
38898444,0.282310,0.637729,-0.124780,-0.705715
38906777,0.276613,0.644024,-0.116531,-0.703661
38915110,0.271898,0.652641,-0.104440,-0.699446
38923443,0.268161,0.658352,-0.085572,-0.698097
38931776,0.264196,0.667215,-0.072236,-0.692680
38940109,0.258990,0.659692,-0.063157,-0.702668
38948442,0.257097,0.673370,-0.048983,-0.691429
38956775,0.253965,0.682864,-0.033207,-0.684175
38965108,0.251945,0.707035,-0.018276,-0.660523
38973441,0.244051,0.722246,-0.004160,-0.647134
38981774,0.231944,0.737454,0.004574,-0.634304
38990107,0.217972,0.750373,0.016907,-0.623813
38998440,0.205801,0.759860,0.025292,-0.616132
39006773,0.196299,0.769092,0.032234,-0.607392
39015106,0.190955,0.777386,0.039491,-0.598036
39023439,0.188808,0.784486,0.043388,-0.589109
39031772,0.190985,0.786499,0.045155,-0.585581
39040105,0.196194,0.791747,0.042957,-0.576888
39048438,0.200442,0.789055,0.035999,-0.579585
39056771,0.207906,0.786782,0.030711,-0.580350
39065104,0.210032,0.782778,0.022773,-0.585343
39073437,0.210466,0.783463,0.013458,-0.584558
39081770,0.208104,0.788772,0.001365,-0.578385
39090103,0.206154,0.796905,-0.011848,-0.567717
39098436,0.204178,0.806436,-0.020876,-0.554560
39106769,0.201552,0.813476,-0.030880,-0.544683
39115102,0.200299,0.825660,-0.034806,-0.526265
39123435,0.199752,0.830928,-0.041893,-0.517592
39131768,0.201305,0.834258,-0.049238,-0.510945
39140101,0.205063,0.839693,-0.053525,-0.499999
39148434,0.213802,0.845763,-0.054103,-0.485846
39156767,0.221889,0.844678,-0.054111,-0.484104
39165100,0.229260,0.844560,-0.055948,-0.480654
39173433,0.239157,0.845443,-0.056792,-0.474135
39181766,0.248301,0.846156,-0.057167,-0.468079
39190099,0.254167,0.845776,-0.059493,-0.465319
39198432,0.260129,0.844928,-0.060751,-0.463399
39206765,0.266055,0.847226,-0.064178,-0.455307
39215098,0.271104,0.850234,-0.064124,-0.446646
39223431,0.275495,0.852499,-0.069320,-0.438797
39231764,0.279052,0.853176,-0.074520,-0.434358
39240097,0.281918,0.853861,-0.079386,-0.430282
39248430,0.284563,0.851226,-0.086445,-0.432396
39256763,0.287226,0.851766,-0.091226,-0.428572
39265096,0.290494,0.852716,-0.095020,-0.423626
39273429,0.292972,0.853168,-0.098972,-0.420091
39281762,0.295151,0.851759,-0.101736,-0.420765
39290095,0.295136,0.852373,-0.102459,-0.419354
39298428,0.298059,0.851097,-0.104846,-0.419287
39306761,0.298536,0.851684,-0.107251,-0.417143
39315094,0.297744,0.850242,-0.111506,-0.419529
39323427,0.297128,0.849207,-0.117273,-0.420487
39331760,0.295539,0.850303,-0.119629,-0.418724
39340093,0.294961,0.851392,-0.122569,-0.416061
39348426,0.292711,0.850862,-0.127779,-0.417164
39356759,0.290029,0.850494,-0.136621,-0.416987
39365092,0.287864,0.850395,-0.144187,-0.416140
39373425,0.285394,0.850593,-0.152688,-0.414402
39381758,0.282435,0.852244,-0.160395,-0.410102
39390091,0.278341,0.852676,-0.170006,-0.408126
39398424,0.275495,0.853436,-0.178108,-0.405003
39406757,0.272144,0.853082,-0.186110,-0.404415
39415090,0.268768,0.854338,-0.191304,-0.401589
39423423,0.264515,0.853378,-0.199142,-0.402642
39431756,0.262279,0.850406,-0.207387,-0.406214
39440089,0.258543,0.852253,-0.212113,-0.402279
39448422,0.253300,0.852980,-0.221240,-0.399146
39456755,0.247944,0.853579,-0.227671,-0.397608
39465088,0.244743,0.851741,-0.237735,-0.397643
39473421,0.238105,0.852167,-0.246087,-0.395675
39481754,0.230910,0.853543,-0.255303,-0.391107
39490087,0.224254,0.852324,-0.264898,-0.391259
39498420,0.219740,0.851402,-0.276130,-0.388048
39506753,0.212874,0.851497,-0.285830,-0.384628
39515086,0.204801,0.851368,-0.297697,-0.380271
39523419,0.198374,0.849327,-0.310386,-0.378091
39531752,0.191665,0.849191,-0.321538,-0.372496
39540085,0.184429,0.848820,-0.332163,-0.367640
39548418,0.180751,0.845424,-0.347029,-0.363535
39556751,0.170930,0.844345,-0.360632,-0.357505
39565084,0.158730,0.843800,-0.372505,-0.352201
39573417,0.151160,0.841671,-0.383790,-0.348490
39581750,0.137868,0.838231,-0.394923,-0.349853
39590083,0.131352,0.836756,-0.406036,-0.343106
39598416,0.120136,0.834706,-0.416913,-0.339141
39606749,0.107076,0.832571,-0.427022,-0.336173
39615082,0.096104,0.830201,-0.435284,-0.334752
39623415,0.086561,0.829078,-0.443050,-0.329914
39631748,0.074248,0.827823,-0.450697,-0.325681
39640081,0.064844,0.826101,-0.460197,-0.318702
39648414,0.053133,0.824329,-0.466029,-0.316978
39656747,0.042003,0.824106,-0.472915,-0.308928
39665080,0.033291,0.821052,-0.477995,-0.310300
39673413,0.022828,0.818918,-0.484687,-0.306481
39681746,0.010876,0.819510,-0.486495,-0.302668
39690079,0.003243,0.817128,-0.488741,-0.305653
39698412,-0.007370,0.815273,-0.491022,-0.306875
39706745,-0.020953,0.816092,-0.488822,-0.307585
39715078,-0.025641,0.817503,-0.491844,-0.298530
39723411,-0.036958,0.818040,-0.492024,-0.295562
39731744,-0.041045,0.822332,-0.494482,-0.278519
39740077,-0.049247,0.822372,-0.494186,-0.277596
39748410,-0.063324,0.818616,-0.493256,-0.287326
39756743,-0.071320,0.821954,-0.491533,-0.278747
39765076,-0.076050,0.821540,-0.492661,-0.276719
39773409,-0.081617,0.821406,-0.494131,-0.272884
39781742,-0.088062,0.818540,-0.496490,-0.275199
39790075,-0.091636,0.818626,-0.498205,-0.270640
39798408,-0.096603,0.817918,-0.500391,-0.266997
39806741,-0.099818,0.817066,-0.503973,-0.261631
39815074,-0.104915,0.816009,-0.504739,-0.261459
39823407,-0.106905,0.814718,-0.506903,-0.260489
39831740,-0.107143,0.814302,-0.510071,-0.255461
39840073,-0.110954,0.812481,-0.512619,-0.254530
39848406,-0.113416,0.811493,-0.514079,-0.253649
39856739,-0.112305,0.809106,-0.519890,-0.249900
39865072,-0.117731,0.810136,-0.516931,-0.250201
39873405,-0.119039,0.809633,-0.518330,-0.248311
39881738,-0.118948,0.807851,-0.521646,-0.247212
39890071,-0.119809,0.806097,-0.523750,-0.248070
39898404,-0.121975,0.805614,-0.523550,-0.249004
39906737,-0.123020,0.805207,-0.524022,-0.248813
39915070,-0.124515,0.803992,-0.526466,-0.246834
39923403,-0.125567,0.802615,-0.528091,-0.247310
39931736,-0.124985,0.802939,-0.528722,-0.245194
39940069,-0.125158,0.802997,-0.528885,-0.244566
39948402,-0.125574,0.802717,-0.528995,-0.245033
39956735,-0.128172,0.800788,-0.528365,-0.251276
39965068,-0.129084,0.800052,-0.528649,-0.252557
39973401,-0.128690,0.799709,-0.528535,-0.254077
39981734,-0.129241,0.799069,-0.528116,-0.256669
39990067,-0.131098,0.797404,-0.528057,-0.260989
39998400,-0.130571,0.797141,-0.528507,-0.261145
40006733,-0.131467,0.795341,-0.528980,-0.265196
40015066,-0.131157,0.792909,-0.530797,-0.268975
40023399,-0.130440,0.791553,-0.531566,-0.271784
40031732,-0.130855,0.790425,-0.531742,-0.274511
40040065,-0.129173,0.789583,-0.533202,-0.274897
40048398,-0.128846,0.786040,-0.535198,-0.281252
40056731,-0.128820,0.785296,-0.534492,-0.284663
40065064,-0.128656,0.784969,-0.534233,-0.286123
40073397,-0.129086,0.783451,-0.534710,-0.289183
40081730,-0.125429,0.782195,-0.536073,-0.291658
40090063,-0.124036,0.779228,-0.537417,-0.297662
40098396,-0.122233,0.777664,-0.538070,-0.301294
40106729,-0.119056,0.779198,-0.535799,-0.302647
40115062,-0.118682,0.777288,-0.534190,-0.310451
40123395,-0.119518,0.774252,-0.533446,-0.318880
40131728,-0.118443,0.772946,-0.532587,-0.323848
40140061,-0.116532,0.772242,-0.530545,-0.329522
40148394,-0.117450,0.769991,-0.529446,-0.336164
40156727,-0.112791,0.771306,-0.527890,-0.337190
40165060,-0.112096,0.769721,-0.525416,-0.344822
40173393,-0.107383,0.770844,-0.524522,-0.345174
40181726,-0.105244,0.770170,-0.522834,-0.349866
40190059,-0.100193,0.771697,-0.521221,-0.350390
40198392,-0.095376,0.770976,-0.520298,-0.354668
40206725,-0.092175,0.769493,-0.519153,-0.360368
40215058,-0.089419,0.768542,-0.518941,-0.363383
40223391,-0.084873,0.769180,-0.515839,-0.367516
40231724,-0.080728,0.769483,-0.513669,-0.370841
40240057,-0.075427,0.769568,-0.512334,-0.373618
40248390,-0.073063,0.768710,-0.511775,-0.376606
40256723,-0.073903,0.765399,-0.510606,-0.384686
40265056,-0.071877,0.763045,-0.510275,-0.390147
40273389,-0.068281,0.764318,-0.507144,-0.392377
40281722,-0.066590,0.762236,-0.507486,-0.396258
40290055,-0.064066,0.760347,-0.508108,-0.399492
40298388,-0.058544,0.761628,-0.506067,-0.400490
40306721,-0.056191,0.761401,-0.504172,-0.403636
40315054,-0.054230,0.760210,-0.503731,-0.406687
40323387,-0.051395,0.759405,-0.504327,-0.407819
40331720,-0.049132,0.758691,-0.503918,-0.409928
40340053,-0.045781,0.758685,-0.502939,-0.411525
40348386,-0.043474,0.759527,-0.500191,-0.413568
40356719,-0.040656,0.759555,-0.497686,-0.416811
40365052,-0.037999,0.759055,-0.496460,-0.419428
40373385,-0.034876,0.760145,-0.494495,-0.420045
40381718,-0.033342,0.759923,-0.493704,-0.421499
40390051,-0.030617,0.759568,-0.493454,-0.422637
40398384,-0.028920,0.760053,-0.491500,-0.424160
40406717,-0.026060,0.760034,-0.491252,-0.424665
40415050,-0.025376,0.760533,-0.489342,-0.426016
40423383,-0.023556,0.760228,-0.488970,-0.427090
40431716,-0.022630,0.760687,-0.487735,-0.427736
40440049,-0.019817,0.761333,-0.486885,-0.427695
40448382,-0.018648,0.762784,-0.484691,-0.427654
40456715,-0.017402,0.762851,-0.483360,-0.429090
40465048,-0.017058,0.762928,-0.482124,-0.430356
40473381,-0.017157,0.764484,-0.479956,-0.430013
40481714,-0.014220,0.766263,-0.477244,-0.429973
40490047,-0.013204,0.767835,-0.474298,-0.430461
40498380,-0.012068,0.770924,-0.471926,-0.427571
40506713,-0.011344,0.771321,-0.470119,-0.428863
40515046,-0.011021,0.771279,-0.469475,-0.429652
40523379,-0.011247,0.772505,-0.467713,-0.429366
40531712,-0.012649,0.773515,-0.465773,-0.429617
40540045,-0.013012,0.775491,-0.463212,-0.428811
40548378,-0.013136,0.777371,-0.460923,-0.427868
40556711,-0.013972,0.778560,-0.458781,-0.427982
40565044,-0.011973,0.781755,-0.456684,-0.424448
40573377,-0.013128,0.783063,-0.454645,-0.424191
40581710,-0.014809,0.783915,-0.453107,-0.424208
40590043,-0.016170,0.785862,-0.450357,-0.423482
40598376,-0.017562,0.787599,-0.448585,-0.422080
40606709,-0.017744,0.789818,-0.446282,-0.420362
40615042,-0.018495,0.792448,-0.443064,-0.418781
40623375,-0.019206,0.795129,-0.439788,-0.417118
40631708,-0.020438,0.796915,-0.437457,-0.416101
40640041,-0.021194,0.799207,-0.435377,-0.413842
40648374,-0.024530,0.800628,-0.432471,-0.413959
40656707,-0.025995,0.802236,-0.428937,-0.414434
40665040,-0.026683,0.805700,-0.424980,-0.411736
40673373,-0.028663,0.808201,-0.421314,-0.410467
40681706,-0.030187,0.810218,-0.417999,-0.409771
40690039,-0.032280,0.812431,-0.413976,-0.409315
40698372,-0.033896,0.814895,-0.410986,-0.407294
40706705,-0.036229,0.817417,-0.407589,-0.405448
40715038,-0.039712,0.818449,-0.403898,-0.406731
40723371,-0.040069,0.820935,-0.401369,-0.404182
40731704,-0.042843,0.822579,-0.397024,-0.404846
40740037,-0.046333,0.824111,-0.392499,-0.405756
40748370,-0.048111,0.826163,-0.388082,-0.405625
40756703,-0.047833,0.829617,-0.384328,-0.402168
40765036,-0.049077,0.831282,-0.380728,-0.402006
40773369,-0.050669,0.832445,-0.378401,-0.401597
40781702,-0.052163,0.834506,-0.373627,-0.401599
40790035,-0.053300,0.837085,-0.368193,-0.401100
40798368,-0.055964,0.837024,-0.365142,-0.403646
40806701,-0.057498,0.839673,-0.360474,-0.402121
40815034,-0.059641,0.841627,-0.356732,-0.401059
40823367,-0.062187,0.843215,-0.351514,-0.401945
40831700,-0.062527,0.845775,-0.347427,-0.400062
40840033,-0.062684,0.847822,-0.344514,-0.398219
40848366,-0.063452,0.847983,-0.341303,-0.400513
40856699,-0.064688,0.848794,-0.338785,-0.400736
40865032,-0.067377,0.849683,-0.334832,-0.401729
40873365,-0.068703,0.850910,-0.331592,-0.401595
40881698,-0.068810,0.851914,-0.328565,-0.401937
40890031,-0.068201,0.853290,-0.325206,-0.401852
40898364,-0.068341,0.853683,-0.322676,-0.403034
40906697,-0.068254,0.854517,-0.320588,-0.402945
40915030,-0.067912,0.855077,-0.319571,-0.402623
40923363,-0.067295,0.855761,-0.316512,-0.403689
40931696,-0.067111,0.856520,-0.314982,-0.403306
40940029,-0.065438,0.856431,-0.314782,-0.403927
40948362,-0.063289,0.857754,-0.312846,-0.402963
40956695,-0.063744,0.857239,-0.310694,-0.405645
40965028,-0.061662,0.857953,-0.308672,-0.405999
40973361,-0.061089,0.858090,-0.307535,-0.406658
40981694,-0.060435,0.857729,-0.306105,-0.408593
40990027,-0.057188,0.857397,-0.305313,-0.410347
40998360,-0.056110,0.857419,-0.304321,-0.411186
41006693,-0.054381,0.858070,-0.302592,-0.411335
41015026,-0.053201,0.857955,-0.301275,-0.412694
41023359,-0.051661,0.857215,-0.300576,-0.414931
41031692,-0.049344,0.858338,-0.299100,-0.413957
41040025,-0.049137,0.856902,-0.299496,-0.416662
41048358,-0.048039,0.855620,-0.299104,-0.419695
41056691,-0.046115,0.856093,-0.298458,-0.419406
41065024,-0.044846,0.856095,-0.297525,-0.420201
41073357,-0.043002,0.855918,-0.296789,-0.421274
41081690,-0.041610,0.854815,-0.297807,-0.422930
41090023,-0.039614,0.854911,-0.297766,-0.422958
41098356,-0.037160,0.854993,-0.297978,-0.422866
41106689,-0.035599,0.853819,-0.297838,-0.425462
41115022,-0.033361,0.853107,-0.298199,-0.426817
41123355,-0.031655,0.852898,-0.300016,-0.426091
41131688,-0.030821,0.852106,-0.300128,-0.427655
41140021,-0.029629,0.850762,-0.301327,-0.429568
41148354,-0.026641,0.850891,-0.302273,-0.428842
41156687,-0.025599,0.848704,-0.305257,-0.431119
41165020,-0.023996,0.847751,-0.306692,-0.432068
41173353,-0.021488,0.847086,-0.307827,-0.432697
41181686,-0.018701,0.847021,-0.309105,-0.432041
41190019,-0.015785,0.846201,-0.311571,-0.431994
41198352,-0.014049,0.845069,-0.313106,-0.433158
41206685,-0.011689,0.844079,-0.315076,-0.433729
41215018,-0.009633,0.843677,-0.316383,-0.433611
41223351,-0.005835,0.843718,-0.317492,-0.432786
41231684,-0.003861,0.844107,-0.320572,-0.429770
41240017,-0.001366,0.842762,-0.324264,-0.429654
41248350,-0.000469,0.841586,-0.326894,-0.429970
41256683,0.002712,0.841573,-0.327825,-0.429276
41265016,0.005175,0.840732,-0.329469,-0.429644
41273349,0.006098,0.838538,-0.331464,-0.432375
41281682,0.009248,0.839686,-0.331437,-0.430106
41290015,0.011709,0.840370,-0.332725,-0.427710
41298348,0.013849,0.840369,-0.334304,-0.426414
41306681,0.015262,0.839838,-0.335155,-0.426745
41315014,0.016276,0.838372,-0.334518,-0.430076
41323347,0.019159,0.839423,-0.335861,-0.426848
41331680,0.022454,0.842076,-0.335047,-0.422075
41340013,0.023748,0.842343,-0.335248,-0.421311
41348346,0.024908,0.842319,-0.333906,-0.422357
41356679,0.025288,0.840916,-0.333992,-0.425053
41365012,0.026382,0.841612,-0.333924,-0.423660
41373345,0.027205,0.842827,-0.333126,-0.421817
41381678,0.027612,0.843080,-0.333106,-0.421300
41390011,0.028813,0.844349,-0.331913,-0.419617
41398344,0.028701,0.844550,-0.332273,-0.418935
41406677,0.028965,0.844998,-0.332247,-0.418032
41415010,0.028921,0.844666,-0.331947,-0.418944
41423343,0.027862,0.844595,-0.332656,-0.418596
41431676,0.025873,0.843932,-0.333156,-0.419662
41440009,0.025627,0.844398,-0.333496,-0.418468
41448342,0.026140,0.844673,-0.334977,-0.416694
41456675,0.024483,0.845193,-0.335307,-0.415475
41465008,0.023291,0.845680,-0.334735,-0.415013
41473341,0.022253,0.846490,-0.334749,-0.413403
41481674,0.022141,0.848237,-0.334154,-0.410299
41490007,0.018647,0.847835,-0.335775,-0.409979
41498340,0.016913,0.848385,-0.335389,-0.409231
41506673,0.016086,0.849318,-0.335834,-0.406959
41515006,0.013442,0.849283,-0.336290,-0.406752
41523339,0.009947,0.848428,-0.336440,-0.408508
41531672,0.008528,0.848140,-0.336817,-0.408828
41540005,0.006429,0.849429,-0.336127,-0.406752
41548338,0.004650,0.850519,-0.335719,-0.404833
41556671,0.004013,0.850586,-0.336056,-0.404419
41565004,0.000879,0.850588,-0.336049,-0.404438
41573337,-0.001788,0.849354,-0.335486,-0.407485
41581670,-0.003869,0.848908,-0.335897,-0.408062
41590003,-0.006860,0.850198,-0.334506,-0.406475
41598336,-0.008968,0.850308,-0.335103,-0.405712
41606669,-0.011514,0.850506,-0.335540,-0.404871
41615002,-0.013098,0.851858,-0.333896,-0.403335
41623335,-0.015135,0.852563,-0.332950,-0.402557
41631668,-0.016939,0.852663,-0.333624,-0.401715
41640001,-0.019363,0.853434,-0.332216,-0.401133
41648334,-0.022410,0.853061,-0.331418,-0.402425
41656667,-0.025790,0.853198,-0.331509,-0.401857
41665000,-0.028854,0.852511,-0.331735,-0.402920
41673333,-0.030686,0.853284,-0.330036,-0.402543
41681666,-0.032476,0.853886,-0.328826,-0.402117
41689999,-0.034473,0.854786,-0.327705,-0.400952
41698332,-0.035508,0.855896,-0.327385,-0.398748
41706665,-0.036566,0.856209,-0.327713,-0.397709
41714998,-0.039052,0.855831,-0.327511,-0.398453
41723331,-0.041972,0.855926,-0.326446,-0.398826
41731664,-0.044041,0.855410,-0.325206,-0.400717
41739997,-0.045444,0.855805,-0.324517,-0.400276
41748330,-0.047910,0.856104,-0.323302,-0.400333
41756663,-0.049814,0.856166,-0.323393,-0.399894
41764996,-0.050198,0.855977,-0.323529,-0.400140
41773329,-0.053387,0.856123,-0.322620,-0.400148
41781662,-0.055301,0.855798,-0.321458,-0.401518
41789995,-0.055314,0.855825,-0.321500,-0.401425
41798328,-0.056632,0.855204,-0.322142,-0.402049
41806661,-0.058717,0.854761,-0.322324,-0.402546
41814994,-0.061646,0.853556,-0.322722,-0.404341
41823327,-0.062036,0.853518,-0.322973,-0.404162
41831660,-0.062328,0.854043,-0.322759,-0.403178
41839993,-0.062517,0.853654,-0.323432,-0.403434
41848326,-0.062671,0.853300,-0.323282,-0.404278
41856659,-0.064675,0.852955,-0.323663,-0.404386
41864992,-0.067442,0.850970,-0.323321,-0.408369
41873325,-0.068314,0.850879,-0.323713,-0.408104
41881658,-0.068022,0.850647,-0.324953,-0.407650
41889991,-0.067908,0.850226,-0.325720,-0.407935
41898324,-0.068452,0.849346,-0.327080,-0.408589
41906657,-0.067666,0.850406,-0.328367,-0.405469
41914990,-0.066595,0.850826,-0.328599,-0.404578
41923323,-0.065304,0.850581,-0.328023,-0.405769
41931656,-0.065655,0.850661,-0.327328,-0.406106
41939989,-0.065874,0.849871,-0.327917,-0.407247
41948322,-0.066325,0.849340,-0.327911,-0.408284
41956655,-0.066159,0.849179,-0.327992,-0.408582
41964988,-0.065744,0.849204,-0.326855,-0.409506
41973321,-0.065287,0.849446,-0.326064,-0.409709
41981654,-0.064416,0.849259,-0.326275,-0.410067
41989987,-0.063663,0.848816,-0.326544,-0.410886
41998320,-0.063824,0.848312,-0.326334,-0.412069
42006653,-0.063352,0.848206,-0.326074,-0.412565
42014986,-0.063055,0.847948,-0.327089,-0.412336
42023319,-0.062290,0.847556,-0.328083,-0.412469
42031652,-0.060065,0.847628,-0.329116,-0.411827
42039985,-0.058949,0.847544,-0.329421,-0.411918
42048318,-0.058348,0.847408,-0.330023,-0.411800
42056651,-0.058711,0.847321,-0.330049,-0.411907
42064984,-0.056171,0.847492,-0.329716,-0.412176
42073317,-0.053344,0.847704,-0.330765,-0.411274
42081650,-0.053054,0.847715,-0.331272,-0.410882
42089983,-0.052969,0.847887,-0.330719,-0.410982
42098316,-0.050291,0.848486,-0.330693,-0.410103
42106649,-0.048877,0.847819,-0.332020,-0.410580
42114982,-0.047487,0.848118,-0.332432,-0.409793
42123315,-0.047310,0.847887,-0.332004,-0.410637
42131648,-0.045421,0.847649,-0.331948,-0.411386
42139981,-0.043869,0.847373,-0.331726,-0.412302
42148314,-0.042745,0.847271,-0.332033,-0.412381
42156647,-0.042516,0.847680,-0.330654,-0.412673
42164980,-0.041356,0.847521,-0.331199,-0.412680
42173313,-0.040691,0.846895,-0.331823,-0.413529
42181646,-0.039117,0.847062,-0.331133,-0.413893
42189979,-0.036887,0.847949,-0.330796,-0.412547
42198312,-0.036090,0.847972,-0.331067,-0.412353
42206645,-0.035874,0.848195,-0.331402,-0.411644
42214978,-0.033574,0.849417,-0.330872,-0.409742
42223311,-0.032607,0.848568,-0.332142,-0.410549
42231644,-0.032365,0.848193,-0.332273,-0.411237
42239977,-0.028816,0.849898,-0.331559,-0.408548
42248310,-0.028703,0.849470,-0.332398,-0.408764
42256643,-0.028875,0.849342,-0.332952,-0.408567
42264976,-0.029378,0.848273,-0.333919,-0.409961
42273309,-0.029680,0.847603,-0.333555,-0.411617
42281642,-0.030338,0.846963,-0.333759,-0.412720
42289975,-0.030207,0.846949,-0.334122,-0.412466
42298308,-0.029237,0.847631,-0.334371,-0.410929
42306641,-0.028377,0.847834,-0.333933,-0.410928
42314974,-0.029382,0.847107,-0.335090,-0.411414
42323307,-0.029998,0.847510,-0.334853,-0.410732
42331640,-0.030440,0.847475,-0.333906,-0.411542
42339973,-0.030769,0.847544,-0.333027,-0.412086
42348306,-0.029913,0.848724,-0.333004,-0.409732
42356639,-0.029862,0.848988,-0.333353,-0.408905
42364972,-0.030523,0.849112,-0.333511,-0.408470
42373305,-0.031260,0.849194,-0.333850,-0.407966
42381638,-0.032376,0.848640,-0.334256,-0.408698
42389971,-0.033872,0.847716,-0.335310,-0.409632
42398304,-0.034051,0.848211,-0.335069,-0.408788
42406637,-0.034952,0.847643,-0.334143,-0.410643
42414970,-0.033800,0.848144,-0.334659,-0.409283
42423303,-0.033095,0.848758,-0.333899,-0.408688
42431636,-0.033103,0.849358,-0.333689,-0.407610
42439969,-0.033828,0.849117,-0.334689,-0.407235
42448302,-0.035868,0.847549,-0.335071,-0.410002
42456635,-0.036975,0.847037,-0.334973,-0.411041
42464968,-0.038245,0.846141,-0.336282,-0.411701
42473301,-0.039067,0.846303,-0.336443,-0.411158
42481634,-0.040949,0.846148,-0.336054,-0.411611
42489967,-0.042580,0.845556,-0.336230,-0.412519
42498300,-0.043439,0.845615,-0.335484,-0.412915
42506633,-0.044605,0.845620,-0.335345,-0.412894
42514966,-0.045759,0.845541,-0.335778,-0.412578
42523299,-0.046530,0.846216,-0.335681,-0.411184
42531632,-0.046735,0.847144,-0.336732,-0.408381
42539965,-0.048418,0.846892,-0.337262,-0.408270
42548298,-0.051350,0.845733,-0.336803,-0.410685
42556631,-0.053380,0.845092,-0.337190,-0.411428
42564964,-0.054858,0.844599,-0.338788,-0.410932
42573297,-0.057223,0.843690,-0.338675,-0.412568
42581630,-0.059523,0.842814,-0.339692,-0.413196
42589963,-0.062243,0.841438,-0.339904,-0.415418
42598296,-0.062350,0.841382,-0.339598,-0.415767
42606629,-0.063973,0.841064,-0.339817,-0.415984
42614962,-0.065905,0.840151,-0.341005,-0.416555
42623295,-0.066213,0.839835,-0.341240,-0.416951
42631628,-0.066619,0.839585,-0.341559,-0.417128
42639961,-0.066426,0.841520,-0.339861,-0.414639
42648294,-0.068474,0.841206,-0.340097,-0.414750
42656627,-0.070644,0.839906,-0.340164,-0.416961
42664960,-0.071635,0.839364,-0.339404,-0.418499
42673293,-0.072882,0.839034,-0.339346,-0.418993
42681626,-0.075383,0.838357,-0.338413,-0.420656
42689959,-0.077039,0.836992,-0.339306,-0.422351
42698292,-0.078061,0.837234,-0.339083,-0.421863
42706625,-0.077924,0.837541,-0.340091,-0.420466
42714958,-0.080649,0.836026,-0.341630,-0.421718
42723291,-0.080174,0.836656,-0.341148,-0.420948
42731624,-0.080323,0.837167,-0.340201,-0.420669
42739957,-0.080611,0.836209,-0.340948,-0.421913
42748290,-0.080738,0.836172,-0.341343,-0.421642
42756623,-0.081950,0.835782,-0.341146,-0.422342
42764956,-0.084471,0.833678,-0.341881,-0.425398
42773289,-0.082539,0.833773,-0.342150,-0.425374
42781622,-0.083532,0.833088,-0.342692,-0.426086
42789955,-0.084540,0.831889,-0.342555,-0.428333
42798288,-0.082411,0.833152,-0.344018,-0.425110
42806621,-0.082341,0.832187,-0.346071,-0.425346
42814954,-0.082343,0.831298,-0.346441,-0.426781
42823287,-0.082576,0.831049,-0.347138,-0.426654
42831620,-0.081203,0.830871,-0.346988,-0.427385
42839953,-0.082258,0.829132,-0.348114,-0.429640
42848286,-0.082276,0.827612,-0.350916,-0.430288
42856619,-0.082160,0.826750,-0.352293,-0.430841
42864952,-0.083379,0.824967,-0.353563,-0.432980
42873285,-0.082038,0.824627,-0.355983,-0.431898
42881618,-0.081431,0.824526,-0.356168,-0.432053
42889951,-0.080103,0.823516,-0.358156,-0.432585
42898284,-0.078885,0.824080,-0.357920,-0.431929
42906617,-0.076479,0.824324,-0.358582,-0.431347
42914950,-0.076884,0.822632,-0.361137,-0.432371
42923283,-0.076922,0.821737,-0.361948,-0.433388
42931616,-0.076184,0.820306,-0.363188,-0.435188
42939949,-0.074509,0.819848,-0.364197,-0.435497
42948282,-0.072330,0.820581,-0.363526,-0.435044
42956615,-0.070486,0.820035,-0.364797,-0.435314
42964948,-0.069426,0.819581,-0.365756,-0.435535
42973281,-0.068257,0.817940,-0.367552,-0.437288
42981614,-0.066978,0.817109,-0.368700,-0.438072
42989947,-0.064846,0.817279,-0.369529,-0.437377
42998280,-0.063018,0.817494,-0.369222,-0.437502
43006613,-0.062112,0.815671,-0.370906,-0.439604
43014946,-0.060142,0.816335,-0.371008,-0.438557
43023279,-0.058133,0.815722,-0.372581,-0.438636
43031612,-0.055876,0.814612,-0.373437,-0.440261
43039945,-0.054492,0.814590,-0.373051,-0.440802
43048278,-0.053117,0.814112,-0.372217,-0.442556
43056611,-0.052136,0.813108,-0.372737,-0.444077
43064944,-0.049541,0.813207,-0.372533,-0.444365
43073277,-0.047535,0.812968,-0.371648,-0.445759
43081610,-0.045441,0.812246,-0.370802,-0.447993
43089943,-0.043865,0.811461,-0.370514,-0.449807
43098276,-0.041678,0.812061,-0.370307,-0.449102
43106609,-0.040564,0.810965,-0.369431,-0.451898
43114942,-0.039458,0.810434,-0.368550,-0.453663
43123275,-0.035412,0.811654,-0.368791,-0.451615
43131608,-0.033121,0.813806,-0.366003,-0.450183
43139941,-0.031108,0.813850,-0.365439,-0.450705
43148274,-0.030029,0.812863,-0.364222,-0.453535
43156607,-0.028686,0.813586,-0.362666,-0.453573
43164940,-0.026258,0.814804,-0.359865,-0.453764
43173273,-0.025589,0.815402,-0.357934,-0.454255
43181606,-0.023108,0.816458,-0.356597,-0.453544
43189939,-0.021684,0.817048,-0.354258,-0.454382
43198272,-0.019954,0.817436,-0.352823,-0.454881
43206605,-0.020132,0.817289,-0.349715,-0.457529
43214938,-0.018564,0.818456,-0.347286,-0.457360
43223271,-0.016837,0.819622,-0.344948,-0.457107
43231604,-0.014730,0.821226,-0.341821,-0.456650
43239937,-0.012301,0.823213,-0.339446,-0.454913
43248270,-0.011334,0.823705,-0.337190,-0.455724
43256603,-0.010894,0.824537,-0.334569,-0.456161
43264936,-0.010359,0.825206,-0.332223,-0.456679
43273269,-0.010148,0.825235,-0.329889,-0.458319
43281602,-0.008967,0.826448,-0.326854,-0.458333
43289935,-0.008887,0.826162,-0.324369,-0.460611
43298268,-0.007729,0.827070,-0.321889,-0.460741
43306601,-0.006725,0.829468,-0.318154,-0.459038
43314934,-0.006003,0.830317,-0.316141,-0.458904
43323267,-0.006123,0.831418,-0.313954,-0.458410
43331600,-0.004895,0.832590,-0.309415,-0.459383
43339933,-0.005165,0.833739,-0.305604,-0.459847
43348266,-0.004141,0.834889,-0.302829,-0.459607
43356599,-0.003916,0.836329,-0.299401,-0.459236
43364932,-0.002324,0.837981,-0.295080,-0.459031
43373265,-0.001599,0.839578,-0.290496,-0.459040
43381598,0.000028,0.841550,-0.286749,-0.457786
43389931,0.000388,0.841656,-0.283272,-0.459752
43398264,0.000539,0.843172,-0.279157,-0.459491
43406597,0.002684,0.844329,-0.274013,-0.460454
43414930,0.004046,0.847015,-0.269258,-0.458311
43423263,0.005712,0.849838,-0.264461,-0.455854
43431596,0.006842,0.851300,-0.259390,-0.456025
43439929,0.007435,0.853578,-0.253388,-0.455130
43448262,0.008331,0.855120,-0.248069,-0.455151
43456595,0.009991,0.856911,-0.242456,-0.454774
43464928,0.011509,0.858049,-0.235367,-0.456314
43473261,0.014650,0.861953,-0.230536,-0.451304
43481594,0.015920,0.863834,-0.225519,-0.450198
43489927,0.017686,0.865916,-0.218555,-0.449566
43498260,0.019425,0.867729,-0.212749,-0.448784
43506593,0.020577,0.869330,-0.206483,-0.448560
43514926,0.021218,0.870518,-0.201417,-0.448529
43523259,0.023734,0.873462,-0.195824,-0.445144
43531592,0.023678,0.874264,-0.190515,-0.445877
43539925,0.025857,0.875659,-0.183270,-0.446054
43548258,0.028266,0.877503,-0.176505,-0.445012
43556591,0.030842,0.878722,-0.171037,-0.444570
43564924,0.032768,0.880655,-0.164310,-0.443142
43573257,0.034649,0.883735,-0.157177,-0.439440
43581590,0.038179,0.885497,-0.150721,-0.437859
43589923,0.040812,0.887541,-0.143038,-0.436057
43598256,0.042525,0.888836,-0.135977,-0.435515
43606589,0.044449,0.890093,-0.129094,-0.434849
43614922,0.047069,0.891886,-0.123131,-0.432623
43623255,0.051039,0.893728,-0.116372,-0.430236
43631588,0.052585,0.894339,-0.106190,-0.431412
43639921,0.055588,0.895315,-0.099791,-0.430538
43648254,0.058394,0.895603,-0.092644,-0.431164
43656587,0.061655,0.898663,-0.083797,-0.426124
43664920,0.064767,0.899608,-0.076273,-0.425079
43673253,0.070028,0.900311,-0.068586,-0.424065
43681586,0.072861,0.900473,-0.059752,-0.424580
43689919,0.076629,0.900968,-0.051538,-0.423943
43698252,0.078996,0.901464,-0.043181,-0.423389
43706585,0.082669,0.902575,-0.035240,-0.421048
43714918,0.086610,0.902541,-0.026312,-0.420982
43723251,0.091430,0.902970,-0.019671,-0.419402
43731584,0.095658,0.904304,-0.012083,-0.415859
43739917,0.098762,0.904861,-0.004406,-0.414070
43748250,0.103493,0.903930,0.003182,-0.414957
43756583,0.107646,0.904001,0.009005,-0.413659
43764916,0.112209,0.903870,0.015138,-0.412552
43773249,0.119500,0.903860,0.021582,-0.410232
43781582,0.124182,0.902462,0.027544,-0.411562
43789915,0.128520,0.901128,0.034603,-0.412618
43798248,0.132619,0.901787,0.040233,-0.409358
43806581,0.137307,0.901998,0.044947,-0.406849
43814914,0.140601,0.901458,0.048856,-0.406469
43823247,0.143947,0.900816,0.052780,-0.406232
43831580,0.149724,0.900465,0.054691,-0.404666
43839913,0.152373,0.899950,0.058708,-0.404259
43848246,0.155593,0.899684,0.062638,-0.403032
43856579,0.158582,0.899755,0.065046,-0.401326
43864912,0.161461,0.900479,0.066645,-0.398279
43873245,0.165045,0.900639,0.069898,-0.395883
43881578,0.167024,0.900383,0.071341,-0.395377
43889911,0.169051,0.900743,0.071847,-0.393602
43898244,0.172479,0.901103,0.074320,-0.390820
43906577,0.175237,0.900840,0.078073,-0.389467
43914910,0.178046,0.900080,0.080714,-0.389411
43923243,0.180459,0.900168,0.083155,-0.387578
43931576,0.183682,0.901357,0.085666,-0.382724
43939909,0.186623,0.899623,0.090635,-0.384235
43948242,0.188695,0.899586,0.094841,-0.382289
43956575,0.191121,0.898864,0.100602,-0.381308
43964908,0.196905,0.897955,0.103417,-0.379750
43973241,0.198959,0.898324,0.109285,-0.376147
43981574,0.200623,0.896700,0.116748,-0.376895
43989907,0.204339,0.895910,0.122992,-0.374785
43998240,0.205669,0.893911,0.128797,-0.376876
44006573,0.208299,0.891985,0.134403,-0.378034
44014906,0.212324,0.892429,0.140702,-0.372413
44023239,0.214275,0.890934,0.146381,-0.372686
44031572,0.216911,0.888358,0.152889,-0.374692
44039905,0.220900,0.887748,0.155403,-0.372768
44048238,0.221951,0.886899,0.161452,-0.371592
44056571,0.223348,0.885560,0.167466,-0.371286
44064904,0.225097,0.884306,0.172065,-0.371117
44073237,0.226772,0.885901,0.175373,-0.364689
44081570,0.229700,0.883588,0.179446,-0.366481
44089903,0.231368,0.883075,0.185043,-0.363876
44098236,0.233492,0.882252,0.189453,-0.362244
44106569,0.236344,0.879858,0.195044,-0.363247
44114902,0.238257,0.879563,0.199489,-0.360288
44123235,0.240484,0.878131,0.203598,-0.360001
44131568,0.243018,0.876213,0.207718,-0.360620
44139901,0.245389,0.875857,0.213083,-0.356728
44148234,0.247055,0.874929,0.218585,-0.354519
44156567,0.249902,0.872811,0.222477,-0.355321
44164900,0.252926,0.868821,0.227187,-0.359950
44173233,0.254885,0.866175,0.230221,-0.363006
44181566,0.254950,0.864851,0.236249,-0.362243
44189899,0.257489,0.863317,0.241050,-0.360940
44198232,0.261638,0.863775,0.243058,-0.355472
44206565,0.262503,0.863813,0.248921,-0.350653
44214898,0.263536,0.863309,0.251548,-0.349242
44223231,0.267248,0.862402,0.253214,-0.347453
44231564,0.269505,0.861798,0.255857,-0.345265
44239897,0.270393,0.861409,0.260265,-0.342234
44248230,0.272263,0.860914,0.262749,-0.340092
44256563,0.274432,0.859768,0.264451,-0.339930
44264896,0.274812,0.858671,0.267849,-0.339734
44273229,0.275038,0.858305,0.271983,-0.337183
44281562,0.277474,0.856687,0.274101,-0.337587
44289895,0.279643,0.854964,0.277003,-0.337796
44298228,0.279596,0.854090,0.281552,-0.336281
44306561,0.281574,0.853061,0.284183,-0.335027
44314894,0.283348,0.852419,0.287421,-0.332392
44323227,0.284191,0.852039,0.290497,-0.329965
44331560,0.284881,0.851729,0.294954,-0.326194
44339893,0.285673,0.849991,0.299062,-0.326294
44348226,0.286864,0.848504,0.302347,-0.326091
44356559,0.287361,0.847911,0.306012,-0.323770
44364892,0.287605,0.847293,0.310380,-0.321001
44373225,0.289066,0.846216,0.313442,-0.319551
44381558,0.290658,0.844208,0.317316,-0.319596
44389891,0.291351,0.843093,0.321513,-0.317708
44398224,0.291820,0.842920,0.325145,-0.314020
44406557,0.292434,0.841757,0.329794,-0.311710
44414890,0.294142,0.839853,0.333542,-0.311251
44423223,0.295811,0.838243,0.337026,-0.310254
44431556,0.296744,0.837137,0.340505,-0.308548
44439889,0.297256,0.834336,0.346101,-0.309414
44448222,0.299598,0.832942,0.348796,-0.307880
44456555,0.300908,0.831558,0.352615,-0.305988
44464888,0.301959,0.830614,0.355640,-0.304008
44473221,0.302999,0.829347,0.358397,-0.303194
44481554,0.304421,0.827752,0.361244,-0.302750
44489887,0.305649,0.826144,0.364322,-0.302216
44498220,0.307616,0.823531,0.367081,-0.304009
44506553,0.308320,0.822996,0.369247,-0.302114
44514886,0.309145,0.822444,0.370870,-0.300783
44523219,0.310327,0.821671,0.372127,-0.300125
44531552,0.313377,0.820689,0.371135,-0.300870
44539885,0.313474,0.820275,0.372880,-0.299739
44548218,0.313662,0.820053,0.373631,-0.299215
44556551,0.314582,0.820291,0.372670,-0.298794
44564884,0.315299,0.820655,0.371669,-0.298284
44573217,0.315262,0.821440,0.370643,-0.297439
44581550,0.315101,0.822848,0.368709,-0.296119
44589883,0.314933,0.823791,0.366852,-0.295983
44598216,0.314909,0.824840,0.364556,-0.295924
44606549,0.314698,0.826192,0.362260,-0.295195
44614882,0.313738,0.828133,0.359755,-0.293838
44623215,0.313653,0.829283,0.357463,-0.293481
44631548,0.313157,0.830363,0.356051,-0.292674
44639881,0.312424,0.831765,0.353716,-0.292307
44648214,0.310906,0.833606,0.352044,-0.290694
44656547,0.311848,0.834505,0.349278,-0.290442
44664880,0.309905,0.836028,0.348365,-0.289238
44673213,0.308716,0.836738,0.347289,-0.289748
44681546,0.307543,0.837371,0.347883,-0.288451
44689879,0.306500,0.838134,0.346795,-0.288656
44698212,0.305160,0.839124,0.345275,-0.289022
44706545,0.304487,0.839053,0.346333,-0.288670
44714878,0.303080,0.839662,0.346159,-0.288589
44723211,0.301603,0.839862,0.347721,-0.287674
44731544,0.300546,0.839449,0.348413,-0.289147
44739877,0.299060,0.839574,0.349001,-0.289616
44748210,0.298451,0.839532,0.350320,-0.288772
44756543,0.296297,0.839570,0.352010,-0.288823
44764876,0.295565,0.839020,0.353037,-0.289916
44773209,0.293961,0.839121,0.352963,-0.291342
44781542,0.292452,0.838593,0.355017,-0.291883
44789875,0.291829,0.838018,0.355958,-0.293011
44798208,0.289724,0.838137,0.357020,-0.293469
44806541,0.289373,0.837490,0.357210,-0.295423
44814874,0.287111,0.836940,0.359310,-0.296639
44823207,0.287166,0.837088,0.358742,-0.296856
44831540,0.285251,0.836595,0.360229,-0.298288
44839873,0.284880,0.836149,0.361613,-0.298218
44848206,0.282253,0.835718,0.363869,-0.299178
44856539,0.281224,0.835157,0.365214,-0.300074
44864872,0.279550,0.834674,0.366638,-0.301245
44873205,0.279364,0.833835,0.368632,-0.301305
44881538,0.278078,0.832899,0.369967,-0.303441
44889871,0.277296,0.832096,0.370808,-0.305327
44898204,0.276254,0.831152,0.372138,-0.307219
44906537,0.274231,0.831304,0.372374,-0.308332
44914870,0.273480,0.830843,0.373132,-0.309322
44923203,0.272672,0.830183,0.374139,-0.310592
44931536,0.271616,0.830008,0.374094,-0.312033
44939869,0.268895,0.829529,0.375441,-0.314039
44948202,0.267070,0.829390,0.375885,-0.315431
44956535,0.268063,0.828993,0.375653,-0.315908
44964868,0.267844,0.828888,0.375087,-0.317039
44973201,0.266393,0.828610,0.375378,-0.318639
44981534,0.266329,0.828319,0.374732,-0.320205
44989867,0.266044,0.828421,0.373935,-0.321110
44998200,0.265490,0.828525,0.373489,-0.321820
45006533,0.264897,0.828765,0.372527,-0.322804
45014866,0.264235,0.828827,0.372117,-0.323658
45023199,0.263743,0.829310,0.371035,-0.324064
45031532,0.262597,0.829172,0.371204,-0.325152
45039865,0.262161,0.829029,0.370967,-0.326140
45048198,0.261807,0.829276,0.370048,-0.326839
45056531,0.262412,0.828771,0.370439,-0.327189
45064864,0.262597,0.829274,0.369003,-0.327391
45073197,0.264111,0.829788,0.366487,-0.327696
45081530,0.265040,0.829940,0.364613,-0.328649
45089863,0.265361,0.830324,0.363318,-0.328855
45098196,0.265670,0.830628,0.362189,-0.329083
45106529,0.266400,0.830734,0.360783,-0.329771
45114862,0.266513,0.831284,0.359258,-0.329958
45123195,0.266760,0.831742,0.358322,-0.329621
45131528,0.267115,0.832237,0.357293,-0.329200
45139861,0.267309,0.832461,0.356914,-0.328888
45148194,0.267903,0.832725,0.355798,-0.328945
45156527,0.268000,0.833221,0.355173,-0.328285
45164860,0.268752,0.833361,0.354207,-0.328359
45173193,0.269338,0.834031,0.352718,-0.327779
45181526,0.269709,0.834953,0.350732,-0.327256
45189859,0.270098,0.835561,0.349540,-0.326659
45198192,0.271042,0.835604,0.349554,-0.325751
45206525,0.271746,0.835050,0.349570,-0.326568
45214858,0.272244,0.834687,0.348878,-0.327819
45223191,0.272976,0.835153,0.347513,-0.327472
45231524,0.273674,0.835506,0.346412,-0.327154
45239857,0.274084,0.836280,0.345935,-0.325335
45248190,0.276258,0.835797,0.345998,-0.324671
45256523,0.276819,0.836125,0.344275,-0.325179
45264856,0.276263,0.836366,0.344373,-0.324929
45273189,0.276330,0.836949,0.344162,-0.323590
45281522,0.276367,0.837800,0.343667,-0.321877
45289855,0.278441,0.837867,0.342018,-0.321673
45298188,0.279499,0.837989,0.340794,-0.321735
45306521,0.279224,0.837922,0.340788,-0.322154
45314854,0.280308,0.838080,0.340347,-0.321270
45323187,0.281259,0.838010,0.340163,-0.320815
45331520,0.281299,0.838266,0.339437,-0.320879
45339853,0.280550,0.839283,0.339628,-0.318665
45348186,0.282092,0.839362,0.338714,-0.318069
45356519,0.282372,0.838916,0.338546,-0.319175
45364852,0.282526,0.838085,0.339560,-0.320144
45373185,0.282301,0.838592,0.339770,-0.318789
45381518,0.282516,0.839213,0.339128,-0.317645
45389851,0.282729,0.839949,0.337702,-0.317029
45398184,0.282823,0.840815,0.336603,-0.315816
45406517,0.283039,0.840475,0.336696,-0.316429
45414850,0.283277,0.840595,0.336961,-0.315613
45423183,0.283041,0.840043,0.337499,-0.316718
45431516,0.282515,0.840077,0.338295,-0.316247
45439849,0.281544,0.840389,0.339299,-0.315207
45448182,0.281735,0.839994,0.339966,-0.315370
45456515,0.281098,0.840236,0.340309,-0.314924
45464848,0.281160,0.840022,0.340612,-0.315111
45473181,0.280549,0.840173,0.341168,-0.314652
45481514,0.280553,0.839933,0.341529,-0.314898
45489847,0.280292,0.839817,0.341875,-0.315063
45498180,0.279830,0.839628,0.342653,-0.315133
45506513,0.279467,0.839620,0.343343,-0.314726
45514846,0.280598,0.839825,0.342484,-0.314106
45523179,0.280492,0.839742,0.342457,-0.314452
45531512,0.279801,0.839547,0.342676,-0.315350
45539845,0.279202,0.839496,0.343097,-0.315558
45548178,0.278907,0.839038,0.343657,-0.316426
45556511,0.278202,0.839076,0.344126,-0.316436
45564844,0.274967,0.838756,0.345529,-0.318576
45573177,0.273794,0.838597,0.346494,-0.318959
45581510,0.274664,0.838945,0.346442,-0.317347
45589843,0.273945,0.838746,0.347089,-0.317788
45598176,0.273251,0.838044,0.347607,-0.319664
45606509,0.272817,0.837488,0.348552,-0.320463
45614842,0.273734,0.837003,0.348540,-0.320961
45623175,0.273404,0.836902,0.348293,-0.321772
45631508,0.272842,0.836201,0.349149,-0.323141
45639841,0.272477,0.835345,0.352007,-0.322564
45648174,0.273180,0.834276,0.352343,-0.324361
45656507,0.272861,0.834089,0.350451,-0.327150
45664840,0.272358,0.833959,0.350055,-0.328322
45673173,0.271308,0.834380,0.350226,-0.327938
45681506,0.271186,0.834077,0.350193,-0.328845
45689839,0.270967,0.834158,0.350078,-0.328940
45698172,0.270766,0.834210,0.350300,-0.328740
45706505,0.269916,0.834686,0.350096,-0.328447
45714838,0.269638,0.834755,0.349936,-0.328669
45723171,0.269362,0.834979,0.349685,-0.328594
45731504,0.269180,0.834874,0.349484,-0.329223
45739837,0.269169,0.834550,0.349416,-0.330126
45748170,0.268883,0.834775,0.349197,-0.330023
45756503,0.269322,0.834540,0.349110,-0.330349
45764836,0.269669,0.834178,0.350072,-0.329961
45773169,0.269501,0.834229,0.349527,-0.330548
45781502,0.269527,0.834307,0.349123,-0.330757
45789835,0.269379,0.834282,0.349071,-0.330995
45798168,0.269335,0.834262,0.348803,-0.331365
45806501,0.268180,0.835190,0.348946,-0.329809
45814834,0.267668,0.834978,0.349005,-0.330698
45823167,0.266875,0.835568,0.348827,-0.330036
45831500,0.266989,0.836262,0.348433,-0.328598
45839833,0.267129,0.836557,0.347840,-0.328361
45848166,0.266914,0.836856,0.347714,-0.327909
45856499,0.267433,0.836446,0.347835,-0.328404
45864832,0.267547,0.836573,0.347745,-0.328082
45873165,0.267943,0.836492,0.347653,-0.328064
45881498,0.267802,0.836952,0.347328,-0.327348
45889831,0.267617,0.837536,0.346916,-0.326441
45898164,0.267790,0.837746,0.346137,-0.326588
45906497,0.267748,0.838063,0.345694,-0.326278
45914830,0.267983,0.838257,0.345217,-0.326091
45923163,0.267637,0.837604,0.345339,-0.327918
45931496,0.268364,0.837195,0.344373,-0.329381
45939829,0.268836,0.836871,0.344162,-0.330040
45948162,0.269550,0.837266,0.343657,-0.328982
45956495,0.268709,0.836969,0.344082,-0.329979
45964828,0.268149,0.836898,0.344476,-0.330203
45973161,0.267667,0.836753,0.344841,-0.330580
45981494,0.267134,0.836942,0.344966,-0.330401
45989827,0.266857,0.838259,0.344149,-0.328133
45998160,0.267166,0.837825,0.343907,-0.329240
46006493,0.266997,0.837902,0.343870,-0.329222
46014826,0.267011,0.837969,0.343736,-0.329179
46023159,0.266865,0.837738,0.343876,-0.329740
46031492,0.266782,0.838074,0.343912,-0.328915
46039825,0.266873,0.838664,0.343835,-0.327414
46048158,0.266609,0.838901,0.343751,-0.327109
46056491,0.266101,0.839314,0.343399,-0.326832
46064824,0.266089,0.839435,0.343021,-0.326929
46073157,0.266321,0.839547,0.342708,-0.326781
46081490,0.266793,0.839327,0.342343,-0.327342
46089823,0.266936,0.839323,0.341871,-0.327729
46098156,0.265465,0.838256,0.342241,-0.331250
46106489,0.265179,0.837875,0.342471,-0.332204
46114822,0.266389,0.838278,0.342066,-0.330633
46123155,0.266738,0.838782,0.341927,-0.329215
46131488,0.265432,0.837910,0.342676,-0.331702
46139821,0.266009,0.838677,0.341941,-0.330055
46148154,0.266361,0.838863,0.341794,-0.329451
46156487,0.267985,0.839404,0.340680,-0.327906
46164820,0.266670,0.839698,0.341373,-0.327502
46173153,0.266147,0.839919,0.341356,-0.327379
46181486,0.265757,0.840716,0.341306,-0.325698
46189819,0.265536,0.841011,0.340979,-0.325460
46198152,0.265549,0.840983,0.341025,-0.325474
46206485,0.265736,0.841563,0.340296,-0.324584
46214818,0.266032,0.840641,0.340299,-0.326722
46223151,0.267267,0.838622,0.339726,-0.331464
46231484,0.267582,0.838504,0.338545,-0.332714
46239817,0.267228,0.838443,0.337987,-0.333718
46248150,0.266789,0.839429,0.337351,-0.332229
46256483,0.266966,0.839217,0.336111,-0.333877
46264816,0.266987,0.839469,0.335411,-0.333928
46273149,0.266853,0.839957,0.334449,-0.333775
46281482,0.266994,0.840186,0.333691,-0.333845
46289815,0.268736,0.840507,0.332060,-0.333265
46298148,0.268057,0.840832,0.331975,-0.333076
46306481,0.267420,0.841059,0.332005,-0.332986
46314814,0.267548,0.841144,0.331660,-0.333012
46323147,0.267634,0.841304,0.331389,-0.332809
46331480,0.267523,0.841637,0.331271,-0.332173
46339813,0.267417,0.841895,0.330942,-0.331933
46348146,0.267446,0.842029,0.330561,-0.331947
46356479,0.267640,0.842080,0.330237,-0.331985
46364812,0.268122,0.842509,0.329557,-0.331182
46373145,0.268116,0.842944,0.329299,-0.330336
46381478,0.267812,0.842451,0.329029,-0.332103
46389811,0.267345,0.842652,0.328527,-0.332467
46398144,0.266940,0.843062,0.327927,-0.332346
46406477,0.266817,0.843181,0.327422,-0.332641
46414810,0.266480,0.843196,0.327205,-0.333085
46423143,0.266220,0.843470,0.326937,-0.332864
46431476,0.267692,0.843792,0.325497,-0.332275
46439809,0.267652,0.844089,0.324883,-0.332156
46448142,0.266901,0.844638,0.324652,-0.331591
46456475,0.265501,0.844858,0.325355,-0.331463
46464808,0.264933,0.844629,0.325802,-0.332061
46473141,0.264959,0.844363,0.326003,-0.332521
46481474,0.264105,0.844771,0.326194,-0.331977
46489807,0.265526,0.844787,0.326072,-0.330921
46498140,0.265091,0.844877,0.324368,-0.332709
46506473,0.265348,0.844690,0.324807,-0.332550
46514806,0.264782,0.844770,0.323932,-0.333650
46523139,0.264506,0.845059,0.323524,-0.333534
46531472,0.263820,0.845495,0.323288,-0.333201
46539805,0.263230,0.845561,0.323201,-0.333582
46548138,0.263138,0.845259,0.323445,-0.334184
46556471,0.262532,0.845607,0.323776,-0.333460
46564804,0.262421,0.845612,0.323565,-0.333738
46573137,0.261929,0.845556,0.323916,-0.333926
46581470,0.261208,0.846285,0.323291,-0.333250
46589803,0.261162,0.845613,0.323282,-0.334994
46598136,0.261043,0.845376,0.323146,-0.335816
46606469,0.261014,0.845465,0.323543,-0.335232
46614802,0.260848,0.845046,0.323404,-0.336550
46623135,0.260352,0.845464,0.323353,-0.335932
46631468,0.260070,0.845324,0.323266,-0.336586
46639801,0.259411,0.845451,0.323747,-0.336312
46648134,0.259298,0.845220,0.324048,-0.336691
46656467,0.259129,0.845136,0.324160,-0.336924
46664800,0.258671,0.845340,0.324582,-0.336357
46673133,0.258668,0.845013,0.325010,-0.336768
46681466,0.258393,0.844935,0.325114,-0.337074
46689799,0.258142,0.844743,0.325475,-0.337399
46698132,0.258412,0.844353,0.325160,-0.338470
46706465,0.258138,0.844756,0.325296,-0.337542
46714798,0.257867,0.844839,0.325084,-0.337746
46723131,0.257861,0.844695,0.324980,-0.338210
46731464,0.257923,0.844580,0.325057,-0.338377
46739797,0.257796,0.844690,0.325245,-0.338017
46748130,0.258021,0.844440,0.324965,-0.338739
46756463,0.258162,0.844507,0.324942,-0.338487
46764796,0.258262,0.844423,0.324671,-0.338880
46773129,0.258490,0.844544,0.324314,-0.338747
46781462,0.258931,0.844302,0.324034,-0.339280
46789795,0.259223,0.844278,0.323741,-0.339397
46798128,0.259814,0.844078,0.323577,-0.339599
46806461,0.259469,0.843311,0.324231,-0.341140
46814794,0.259571,0.843083,0.324442,-0.341425
46823127,0.260442,0.843526,0.323933,-0.340148
46831460,0.260984,0.843422,0.323751,-0.340166
46839793,0.261240,0.843371,0.323906,-0.339948
46848126,0.261630,0.843216,0.323736,-0.340194
46856459,0.261867,0.843230,0.323582,-0.340122
46864792,0.261763,0.843923,0.322589,-0.339425
46873125,0.260764,0.844054,0.322721,-0.339743
46881458,0.260862,0.844289,0.321995,-0.339774
46889791,0.261778,0.844333,0.322256,-0.338711
46898124,0.262401,0.844440,0.321614,-0.338572
46906457,0.261628,0.845320,0.319719,-0.338769
46914790,0.261828,0.845567,0.318802,-0.338862
46923123,0.262036,0.845795,0.317816,-0.339060
46931456,0.262092,0.845950,0.317709,-0.338729
46939789,0.262433,0.846053,0.317473,-0.338429
46948122,0.262599,0.845806,0.317798,-0.338611
46956455,0.262477,0.846060,0.317289,-0.338549
46964788,0.262153,0.846877,0.315716,-0.338229
46973121,0.262102,0.846875,0.315474,-0.338499
46981454,0.262238,0.847464,0.314727,-0.337613
46989787,0.262217,0.848048,0.313797,-0.337028
46998120,0.262182,0.848553,0.312704,-0.336801
47006453,0.262064,0.849305,0.310896,-0.336672
47014786,0.261908,0.849575,0.310652,-0.336336
47023119,0.262035,0.849782,0.309951,-0.336360
47031452,0.262178,0.850196,0.308560,-0.336481
47039785,0.262263,0.850816,0.307937,-0.335418
47048118,0.262780,0.851180,0.307006,-0.334943
47056451,0.264354,0.851844,0.304408,-0.334387
47064784,0.263369,0.852153,0.303419,-0.335275
47073117,0.261840,0.850907,0.304047,-0.339046
47081450,0.260915,0.851152,0.303095,-0.339994
47089783,0.262072,0.851845,0.302317,-0.338057
47098116,0.262421,0.851826,0.301785,-0.338310
47106449,0.261440,0.852256,0.299822,-0.339729
47114782,0.260597,0.853018,0.297926,-0.340131
47123115,0.260075,0.853651,0.295962,-0.340656
47131448,0.259252,0.854250,0.294634,-0.340934
47139781,0.258612,0.855310,0.292764,-0.340374
47148114,0.259353,0.855993,0.290108,-0.340365
47156447,0.258180,0.855955,0.289039,-0.342257
47164780,0.256749,0.856500,0.288338,-0.342562
47173113,0.255735,0.857083,0.286584,-0.343335
47181446,0.256056,0.858005,0.283836,-0.343074
47189779,0.255120,0.858624,0.281249,-0.344352
47198112,0.254642,0.859211,0.280044,-0.344223
47206445,0.252648,0.861506,0.278270,-0.341384
47214778,0.251302,0.863228,0.274858,-0.340791
47223111,0.250804,0.863639,0.271492,-0.342808
47231444,0.251727,0.862262,0.268749,-0.347724
47239777,0.250501,0.864134,0.265259,-0.346639
47248110,0.250470,0.864781,0.262567,-0.347099
47256443,0.249985,0.864852,0.258339,-0.350427
47264776,0.250148,0.866243,0.254546,-0.349650
47273109,0.247891,0.867260,0.252723,-0.350059
47281442,0.247652,0.867709,0.250246,-0.350894
47289775,0.248487,0.868492,0.245929,-0.351417
47298108,0.249024,0.868754,0.242406,-0.352835
47306441,0.247134,0.868953,0.239106,-0.355912
47314774,0.245487,0.872298,0.234087,-0.352187
47323107,0.243334,0.873568,0.230662,-0.352792
47331440,0.243751,0.874464,0.225362,-0.353709
47339773,0.241256,0.876217,0.221633,-0.353438
47348106,0.240293,0.877381,0.218397,-0.353220
47356439,0.239755,0.879612,0.213838,-0.350819
47364772,0.239158,0.880991,0.208186,-0.351164
47373105,0.237500,0.882092,0.203109,-0.352497
47381438,0.236595,0.883084,0.199087,-0.352916
47389771,0.234854,0.884209,0.194312,-0.353922
47398104,0.234396,0.885003,0.190095,-0.354531
47406437,0.232923,0.885752,0.185041,-0.356301
47414770,0.231333,0.886383,0.180567,-0.358058
47423103,0.230870,0.887855,0.173944,-0.357987
47431436,0.228782,0.888727,0.169765,-0.359171
47439769,0.226643,0.889053,0.165849,-0.361542
47448102,0.224387,0.890077,0.160400,-0.362884
47456435,0.223006,0.888546,0.155866,-0.369406
47464768,0.221516,0.891189,0.150741,-0.366047
47473101,0.217715,0.892516,0.147065,-0.366588
47481434,0.215683,0.892812,0.142102,-0.369019
47489767,0.212905,0.893296,0.137090,-0.371349
47498100,0.210344,0.893440,0.132046,-0.374278
47506433,0.207517,0.893776,0.127392,-0.376661
47514766,0.205513,0.895459,0.121592,-0.375677
47523099,0.203814,0.895924,0.117454,-0.376807
47531432,0.201285,0.896213,0.112320,-0.379039
47539765,0.197678,0.895403,0.106793,-0.384411
47548098,0.194882,0.896536,0.101416,-0.384654
47556431,0.192582,0.896975,0.095674,-0.386257
47564764,0.189669,0.898403,0.090966,-0.385517
47573097,0.186438,0.897960,0.085476,-0.389362
47581430,0.183780,0.898250,0.081594,-0.390786
47589763,0.179974,0.898328,0.077372,-0.393231
47598096,0.176206,0.899056,0.071657,-0.394353
47606429,0.171735,0.898256,0.067687,-0.398826
47614762,0.167992,0.898227,0.062651,-0.401300
47623095,0.162530,0.896800,0.057331,-0.407489
47631428,0.158678,0.896938,0.051898,-0.409427
47639761,0.155173,0.896926,0.047820,-0.411290
47648094,0.150316,0.896254,0.041953,-0.415178
47656427,0.146466,0.895658,0.036620,-0.418333
47664760,0.142101,0.894897,0.031036,-0.421905
47673093,0.139059,0.895224,0.025373,-0.422603
47681426,0.135676,0.894591,0.018020,-0.425411
47689759,0.130899,0.894544,0.013464,-0.427170
47698092,0.125915,0.893328,0.007560,-0.431339
47706425,0.122933,0.894109,0.002911,-0.430636
47714758,0.120007,0.893826,-0.002825,-0.432048
47723091,0.117416,0.894557,-0.008416,-0.431174
47731424,0.113417,0.893621,-0.013230,-0.434054
47739757,0.109688,0.893049,-0.016872,-0.436058
47748090,0.107957,0.892865,-0.021706,-0.436654
47756423,0.105239,0.892930,-0.025547,-0.436977
47764756,0.102860,0.891850,-0.031118,-0.439380
47773089,0.100336,0.890391,-0.035095,-0.442612
47781422,0.097914,0.890029,-0.039773,-0.443486
47789755,0.095527,0.889504,-0.045197,-0.444539
47798088,0.094383,0.888153,-0.050539,-0.446902
47806421,0.091607,0.885873,-0.055526,-0.451391
47814754,0.087798,0.885822,-0.061088,-0.451529
47823087,0.084948,0.884906,-0.066092,-0.453164
47831420,0.082468,0.884694,-0.072403,-0.453072
47839753,0.079036,0.881022,-0.078455,-0.459780
47848086,0.077023,0.881418,-0.085236,-0.458154
47856419,0.073783,0.879616,-0.092481,-0.460738
47864752,0.071038,0.878535,-0.098850,-0.461907
47873085,0.069412,0.876693,-0.107527,-0.463712
47881418,0.066848,0.876791,-0.114760,-0.462168
47889751,0.064255,0.873605,-0.123523,-0.466291
47898084,0.059846,0.870955,-0.134569,-0.468771
47906417,0.056705,0.870076,-0.145910,-0.467399
47914750,0.054389,0.868721,-0.156188,-0.466873
47923083,0.051911,0.868035,-0.166741,-0.464776
47931416,0.049040,0.866342,-0.178677,-0.463812
47939749,0.046226,0.864096,-0.188597,-0.464363
47948082,0.044829,0.863952,-0.199145,-0.460347
47956415,0.042703,0.863212,-0.207390,-0.458291
47964748,0.040184,0.861838,-0.217142,-0.456585
47973081,0.039356,0.862514,-0.225012,-0.451543
47981414,0.036455,0.861006,-0.233153,-0.450533
47989747,0.033831,0.859723,-0.239618,-0.449794
47998080,0.031769,0.859019,-0.244431,-0.448699
48006413,0.028308,0.857365,-0.249918,-0.449071
48014746,0.024202,0.858047,-0.252284,-0.446679
48023079,0.020459,0.858790,-0.254282,-0.444299
48031412,0.016678,0.857463,-0.256388,-0.445807
48039745,0.011554,0.857624,-0.257621,-0.444948
48048078,0.005844,0.857489,-0.259386,-0.444294
48056411,0.000343,0.856770,-0.259172,-0.445842
48064744,-0.006088,0.855499,-0.260852,-0.447258
48073077,-0.011806,0.855013,-0.263122,-0.446744
48081410,-0.020124,0.851781,-0.268145,-0.449625
48089743,-0.027043,0.850987,-0.272108,-0.448384
48098076,-0.033934,0.848980,-0.277641,-0.448328
48106409,-0.042230,0.845743,-0.284042,-0.449728
48114742,-0.049434,0.845205,-0.289296,-0.446646
48123075,-0.057590,0.842213,-0.295800,-0.447061
48131408,-0.066312,0.838657,-0.302718,-0.447905
48139741,-0.075215,0.834820,-0.309537,-0.449005
48148074,-0.082137,0.832459,-0.316590,-0.447254
48156407,-0.089859,0.829830,-0.322764,-0.446241
48164740,-0.096581,0.827541,-0.328574,-0.444845
48173073,-0.103882,0.824398,-0.333625,-0.445275
48181406,-0.112111,0.819447,-0.341300,-0.446600
48189739,-0.119449,0.815023,-0.348696,-0.447080
48198072,-0.125015,0.812334,-0.356671,-0.444151
48206405,-0.131014,0.808443,-0.364397,-0.443250
48214738,-0.137042,0.805602,-0.370907,-0.441194
48223071,-0.142526,0.803318,-0.376654,-0.438747
48231404,-0.149186,0.798573,-0.383847,-0.438961
48239737,-0.154944,0.794750,-0.389904,-0.438564
48248070,-0.158763,0.792659,-0.397657,-0.433999
48256403,-0.163025,0.789847,-0.403512,-0.432136
48264736,-0.167243,0.786666,-0.408640,-0.431509
48273069,-0.172537,0.783005,-0.413485,-0.431467
48281402,-0.176238,0.780227,-0.418991,-0.429689
48289735,-0.180613,0.776775,-0.423758,-0.429451
48298068,-0.185605,0.772986,-0.428728,-0.429227
48306401,-0.190266,0.769360,-0.432949,-0.429464
48314734,-0.193877,0.766326,-0.437475,-0.428686
48323067,-0.197206,0.763041,-0.442965,-0.427388
48331400,-0.200431,0.759195,-0.448107,-0.427377
48339733,-0.202811,0.755393,-0.454215,-0.426543
48348066,-0.206997,0.750862,-0.460414,-0.425884
48356399,-0.211100,0.744389,-0.468098,-0.426856
48364732,-0.215367,0.739017,-0.472964,-0.428691
48373065,-0.217160,0.735040,-0.479575,-0.427276
48381398,-0.222074,0.728235,-0.485314,-0.429916
48389731,-0.228070,0.720540,-0.492304,-0.431791
48398064,-0.231571,0.714273,-0.499901,-0.431610
48406397,-0.236788,0.706580,-0.506655,-0.433563
48414730,-0.238838,0.699797,-0.514501,-0.434199
48423063,-0.241703,0.693688,-0.521337,-0.434263
48431396,-0.244412,0.688313,-0.527431,-0.433940
48439729,-0.249632,0.680672,-0.533691,-0.435365
48448062,-0.253729,0.673550,-0.539333,-0.437118
48456395,-0.261760,0.664743,-0.543348,-0.440876
48464728,-0.268216,0.656418,-0.547324,-0.444536
48473061,0.274047,-0.648863,0.550645,0.447957
48481394,0.279755,-0.640844,0.554044,0.451763
48489727,0.285274,-0.633597,0.557185,0.454663
48498060,0.290767,-0.625098,0.560408,0.458966
48506393,0.299210,-0.615563,0.562355,0.464017
48514726,0.305091,-0.607741,0.563906,0.468594
48523059,0.310946,-0.599424,0.567048,0.471657
48531392,0.317757,-0.589079,0.569210,0.477510
48539725,0.323917,-0.578540,0.573137,0.481543
48548058,0.327948,-0.570061,0.576581,0.484804
48556391,0.332550,-0.560841,0.579596,0.488812
48564724,0.339068,-0.550411,0.581528,0.493868
48573057,0.346370,-0.539757,0.580875,0.501273
48581390,0.348559,-0.533731,0.584223,0.502316
48589723,0.352571,-0.525907,0.585128,0.506696
48598056,0.360636,-0.513835,0.585300,0.513167
48606389,0.366377,-0.502838,0.585257,0.519996
48614722,0.373397,-0.492288,0.585201,0.525135
48623055,0.379127,-0.481327,0.585028,0.531347
48631388,0.384986,-0.471846,0.582528,0.538339
48639721,0.391178,-0.461665,0.581299,0.544000
48648054,0.396617,-0.452997,0.579653,0.549082
48656387,0.400435,-0.445729,0.579272,0.552649
48664720,0.409271,-0.433758,0.575374,0.559728
48673053,0.419761,-0.421070,0.568987,0.568116
48681386,0.427029,-0.413388,0.565528,0.571782
48689719,0.433992,-0.404776,0.561564,0.576587
48698052,0.442682,-0.395051,0.556010,0.582083
48706385,0.448278,-0.389419,0.551361,0.586004
48714718,0.455813,-0.380288,0.545722,0.591442
48723051,0.468243,-0.366378,0.537336,0.598152
48731384,0.478274,-0.354876,0.528858,0.604670
48739717,0.489400,-0.341974,0.520708,0.610250
48748050,0.497636,-0.330695,0.512886,0.616398
48756383,0.504754,-0.320040,0.507273,0.620864
48764716,0.513641,-0.308668,0.498157,0.626687
48773049,0.520761,-0.296377,0.491294,0.632138
48781382,0.529751,-0.284026,0.483502,0.636332
48789715,0.538890,-0.270393,0.475465,0.640639
48798048,0.547079,-0.255373,0.467699,0.645559
48806381,0.554369,-0.240037,0.460593,0.650317
48814714,0.558314,-0.229741,0.456786,0.653339
48823047,0.563717,-0.218033,0.451300,0.656516
48831380,0.566384,-0.208849,0.449206,0.658639
48839713,0.573837,-0.194546,0.441208,0.661966
48848046,0.578274,-0.183587,0.434813,0.665456
48856379,0.581952,-0.173527,0.430806,0.667553
48864712,0.586728,-0.163663,0.426211,0.668811
48873045,0.593126,-0.151633,0.419897,0.669996
48881378,0.599177,-0.143536,0.413165,0.670581
48889711,0.605166,-0.131671,0.405163,0.672518
48898044,0.609711,-0.122618,0.399196,0.673691
48906377,0.613085,-0.114475,0.394250,0.674973
48914710,0.619175,-0.103293,0.386125,0.675914
48923043,0.624182,-0.093397,0.379103,0.676724
48931376,0.627416,-0.085958,0.373468,0.677850
48939709,0.632821,-0.076471,0.365989,0.678042
48948042,0.638002,-0.066659,0.357547,0.678727
48956375,0.643273,-0.055467,0.349618,0.678889
48964708,0.647826,-0.046644,0.343320,0.678438
48973041,0.652149,-0.037717,0.335426,0.678799
48981374,0.657302,-0.026388,0.327309,0.678326
48989707,0.660212,-0.016980,0.321779,0.678447
48998040,0.662555,-0.007249,0.317500,0.678353
49006373,0.663634,-0.001752,0.315543,0.678247
49014706,0.664862,0.006230,0.312512,0.678422
49023039,0.666316,0.014945,0.308660,0.678623
49031372,0.667102,0.021423,0.306570,0.678624
49039705,0.667016,0.025320,0.305520,0.679048
49048038,0.667301,0.028024,0.303165,0.679717
49056371,0.668471,0.030350,0.302280,0.678861
49064704,0.669937,0.033607,0.300606,0.678005
49073037,0.671446,0.036185,0.297146,0.677905
49081370,0.672739,0.039864,0.292955,0.678241
49089703,0.673763,0.039777,0.291823,0.677717
49098036,0.675323,0.042353,0.288651,0.677366
49106369,0.677125,0.044336,0.284674,0.677123
49114702,0.680567,0.051129,0.278487,0.675765
49123035,0.681545,0.052488,0.275059,0.676079
49131368,0.682563,0.054258,0.273129,0.675695
49139701,0.683903,0.056187,0.272224,0.674547
49148034,0.685418,0.058562,0.270568,0.673473
49156367,0.686346,0.060811,0.269606,0.672713
49164700,0.686490,0.061460,0.270312,0.672225
49173033,0.687431,0.065556,0.267128,0.672149
49181366,0.688600,0.066203,0.268223,0.670451
49189699,0.690086,0.069641,0.267954,0.668680
49198032,0.690718,0.069422,0.269698,0.667347
49206365,0.691523,0.070498,0.268750,0.666783
49214698,0.692124,0.069473,0.269915,0.665796
49223031,0.693991,0.071204,0.267472,0.664654
49231364,0.695708,0.073508,0.264754,0.663696
49239697,0.698416,0.074517,0.262395,0.661673
49248030,0.699175,0.073328,0.261227,0.661466
49256363,0.701666,0.074837,0.259034,0.659520
49264696,0.703898,0.074461,0.257055,0.657956
49273029,0.704847,0.071779,0.258527,0.656659
49281362,0.705362,0.070405,0.257276,0.656747
49289695,0.707571,0.073357,0.255970,0.654554
49298028,0.709754,0.076558,0.254556,0.652372
49306361,0.709631,0.075769,0.257269,0.651533
49314694,0.709710,0.076689,0.259072,0.650625
49323027,0.710494,0.078282,0.259738,0.649312
49331360,0.710914,0.078693,0.262163,0.647826
49339693,0.711707,0.079961,0.264020,0.646043
49348026,0.712309,0.081640,0.263806,0.645257
49356359,0.712857,0.081596,0.264844,0.644232
49364692,0.714806,0.084439,0.262892,0.642503
49373025,0.715634,0.086710,0.262867,0.641288
49381358,0.714795,0.085140,0.265304,0.641430
49389691,0.714924,0.085594,0.266286,0.640819
49398024,0.714972,0.086261,0.267702,0.640086
49406357,0.715923,0.086940,0.269759,0.638064
49414690,0.716080,0.087189,0.272313,0.636768
49423023,0.715379,0.086871,0.275371,0.636283
49431356,0.713462,0.082211,0.280569,0.636784
49439689,0.713362,0.082093,0.282495,0.636060
49448022,0.712903,0.082285,0.285023,0.635421
49456355,0.713123,0.083118,0.286227,0.634525
49464688,0.713846,0.084743,0.286073,0.633566
49473021,0.714606,0.086384,0.285442,0.632771
49481354,0.714573,0.085342,0.286798,0.632337
49489687,0.714574,0.084370,0.288051,0.631896
49498020,0.714305,0.083182,0.289031,0.631910
49506353,0.714114,0.082599,0.289318,0.632071
49514686,0.714102,0.083151,0.289329,0.632006
49523019,0.713901,0.083238,0.289835,0.631990
49531352,0.713453,0.082745,0.290662,0.632182
49539685,0.712875,0.082525,0.291651,0.632407
49548018,0.712385,0.082738,0.292783,0.632408
49556351,0.711984,0.083685,0.293591,0.632361
49564684,0.711111,0.082798,0.295390,0.632622
49573017,0.710847,0.082669,0.296386,0.632469
49581350,0.711096,0.084291,0.296033,0.632140
49589683,0.711267,0.085326,0.295227,0.632186
49598016,0.711442,0.086230,0.295056,0.631947
49606349,0.711832,0.086944,0.294726,0.631563
49614682,0.712423,0.087331,0.293866,0.631244
49623015,0.712481,0.087072,0.293035,0.631601
49631348,0.713872,0.088024,0.292205,0.630281
49639681,0.715223,0.089012,0.291463,0.628953
49648014,0.716025,0.089487,0.291176,0.628106
49656347,0.716999,0.090682,0.290527,0.627123
49664680,0.717928,0.092527,0.290205,0.625939
49673013,0.718371,0.094159,0.289733,0.625406
49681346,0.719000,0.095067,0.290981,0.623965
49689679,0.719176,0.094290,0.292539,0.623151
49698012,0.719171,0.094004,0.292630,0.623156
49706345,0.718882,0.092573,0.294259,0.622937
49714678,0.718831,0.092145,0.294637,0.622880
49723011,0.718829,0.091757,0.295109,0.622717
49731344,0.719054,0.091244,0.295714,0.622245
49739677,0.719480,0.090420,0.295545,0.621954
49748010,0.719980,0.089556,0.295109,0.621707
49756343,0.720248,0.089064,0.295408,0.621325
49764676,0.721046,0.089548,0.294921,0.620561
49773009,0.721420,0.090161,0.295189,0.619909
49781342,0.721901,0.090172,0.295533,0.619183
49789675,0.722001,0.089821,0.296030,0.618880
49798008,0.722137,0.090271,0.295432,0.618942
49806341,0.722299,0.090981,0.294903,0.618901
49814674,0.722202,0.091274,0.295492,0.618690
49823007,0.721957,0.091095,0.296139,0.618694
49831340,0.721751,0.090184,0.297812,0.618264
49839673,0.721956,0.090138,0.297944,0.617968
49848006,0.722181,0.090694,0.297737,0.617723
49856339,0.722438,0.090842,0.297543,0.617494
49864672,0.722633,0.091072,0.297461,0.617272
49873005,0.722817,0.090650,0.297658,0.617024
49881338,0.722792,0.089593,0.298236,0.616928
49889671,0.723159,0.089180,0.297683,0.616825
49898004,0.723532,0.088289,0.297707,0.616503
49906337,0.723827,0.087604,0.298133,0.616049
49914670,0.724190,0.087468,0.298092,0.615662
49923003,0.724199,0.086994,0.298343,0.615596
49931336,0.723672,0.086114,0.299589,0.615735
49939669,0.723517,0.085583,0.300541,0.615528
49948002,0.723450,0.085698,0.301364,0.615187
49956335,0.723330,0.085894,0.301751,0.615111
49964668,0.723032,0.085802,0.302769,0.614974
49973001,0.723132,0.086503,0.303177,0.614558
49981334,0.723323,0.086352,0.302901,0.614490
49989667,0.722975,0.085731,0.303724,0.614580
49998000,0.723376,0.085932,0.303095,0.614391
50006333,0.723797,0.086714,0.302042,0.614304
50014666,0.724103,0.087090,0.301267,0.614271
50022999,0.724177,0.086255,0.301079,0.614393
