Timestamp (us),W,X,Y,Z
0,0.775883,0.192366,0.194318,0.568543
8333,0.775642,0.192365,0.194189,0.568916
16666,0.775487,0.192369,0.194520,0.569014
24999,0.775482,0.192841,0.194408,0.568899
33332,0.775456,0.192864,0.194008,0.569062
41665,0.775228,0.192725,0.193888,0.569462
49998,0.775345,0.192645,0.193870,0.569335
58331,0.775371,0.192540,0.194024,0.569282
66664,0.775339,0.191947,0.194106,0.569499
74997,0.775201,0.191691,0.194273,0.569716
83330,0.775179,0.191952,0.194348,0.569632
91663,0.775276,0.192090,0.194157,0.569519
99996,0.775216,0.192275,0.194341,0.569475
108329,0.775170,0.191825,0.194606,0.569599
116662,0.775037,0.191584,0.194463,0.569910
124995,0.775059,0.191647,0.194452,0.569863
133328,0.775044,0.191355,0.195077,0.569768
141661,0.775053,0.191546,0.194570,0.569864
149994,0.775054,0.191616,0.194266,0.569944
158327,0.775084,0.191757,0.194396,0.569810
166660,0.775062,0.191838,0.194220,0.569874
174993,0.775203,0.191147,0.194247,0.569905
183326,0.775185,0.191269,0.194549,0.569785
191659,0.775095,0.190970,0.194654,0.569971
199992,0.775056,0.191253,0.194659,0.569929
208325,0.775098,0.191146,0.194537,0.569950
216658,0.775013,0.190372,0.194549,0.570319
224991,0.775113,0.189790,0.194506,0.570391
233324,0.775247,0.189787,0.194262,0.570294
241657,0.775335,0.189658,0.194090,0.570276
249990,0.775256,0.189621,0.194353,0.570305
258323,0.775263,0.189645,0.194180,0.570348
266656,0.775129,0.189994,0.194123,0.570432
274989,0.775083,0.189885,0.194061,0.570553
283322,0.774941,0.190267,0.194081,0.570612
291655,0.774928,0.189704,0.193993,0.570847
299988,0.774927,0.189903,0.194157,0.570725
308321,0.774866,0.190108,0.194175,0.570734
316654,0.774750,0.188954,0.194576,0.571138
324987,0.774641,0.188764,0.194699,0.571307
333320,0.774514,0.189311,0.194130,0.571492
341653,0.774509,0.189489,0.193900,0.571518
349986,0.774363,0.189491,0.193827,0.571739
358319,0.774249,0.190179,0.194462,0.571449
366652,0.774457,0.189914,0.194287,0.571315
374985,0.774468,0.190517,0.194158,0.571143
383318,0.774445,0.190735,0.194477,0.570993
391651,0.774429,0.191359,0.193946,0.570988
399984,0.774439,0.191072,0.193745,0.571138
408317,0.774502,0.191062,0.194249,0.570885
416650,0.774528,0.191248,0.193832,0.570929
424983,0.774651,0.191435,0.193587,0.570783
433316,0.774737,0.190929,0.193521,0.570858
441649,0.774741,0.190294,0.194443,0.570751
449982,0.774809,0.190478,0.194041,0.570733
458315,0.774814,0.190890,0.193790,0.570675
466648,0.774737,0.191393,0.194069,0.570516
474981,0.774708,0.191206,0.194771,0.570378
483314,0.774657,0.191095,0.194417,0.570607
491647,0.774716,0.191378,0.194836,0.570288
499980,0.774585,0.191352,0.194972,0.570428
508313,0.774530,0.191371,0.194606,0.570621
516646,0.774411,0.191697,0.194205,0.570811
524979,0.774391,0.191730,0.194305,0.570792
533312,0.774444,0.191366,0.194333,0.570832
541645,0.774424,0.191767,0.194338,0.570723
549978,0.774227,0.191244,0.194831,0.570999
558311,0.774224,0.191328,0.194541,0.571073
566644,0.774329,0.191504,0.194250,0.570971
574977,0.774470,0.191557,0.194207,0.570777
583310,0.774521,0.191222,0.194120,0.570849
591643,0.774507,0.190950,0.194305,0.570895
599976,0.774445,0.190561,0.194261,0.571125
608309,0.774413,0.190595,0.194304,0.571142
616642,0.774477,0.190536,0.194320,0.571070
624975,0.774602,0.191085,0.194133,0.570780
633308,0.774909,0.191627,0.194245,0.570144
641641,0.775031,0.191894,0.194256,0.569885
649974,0.774974,0.192211,0.194276,0.569848
658307,0.774962,0.192282,0.194394,0.569801
666640,0.774972,0.191782,0.194735,0.569839
674973,0.774761,0.191247,0.195129,0.570171
683306,0.774614,0.190380,0.195779,0.570438
691639,0.774222,0.190493,0.195864,0.570903
699972,0.774003,0.189751,0.195782,0.571475
708305,0.773739,0.189091,0.195334,0.572204
716638,0.772204,0.187286,0.195806,0.574704
724971,0.770757,0.186022,0.196141,0.576938
733304,0.768886,0.184340,0.196740,0.579764
741637,0.766623,0.183461,0.197529,0.582764
749970,0.764368,0.180143,0.199076,0.586225
758303,0.760250,0.174017,0.202432,0.592250
766636,0.754981,0.166742,0.207713,0.599213
774969,0.748601,0.157117,0.215559,0.606996
783302,0.740700,0.145057,0.224432,0.616403
791635,0.732479,0.132709,0.235731,0.624734
799968,0.721934,0.118744,0.248043,0.634969
808301,0.711669,0.103539,0.262368,0.643405
816634,0.699803,0.088765,0.275993,0.652858
824967,0.689097,0.074480,0.288410,0.660619
833300,0.678968,0.063927,0.298571,0.667661
841633,0.669789,0.054999,0.307211,0.673780
849966,0.661520,0.046843,0.315841,0.678558
858299,0.653347,0.039218,0.322245,0.683928
866632,0.647134,0.033368,0.327181,0.687792
874965,0.640974,0.026936,0.331441,0.691790
883298,0.635629,0.022936,0.333450,0.695888
891631,0.628501,0.020049,0.335757,0.701322
899964,0.623932,0.017052,0.337067,0.704844
908297,0.618311,0.013472,0.338760,0.709050
916630,0.613526,0.011857,0.340165,0.712554
924963,0.607524,0.010275,0.342436,0.716622
933296,0.601978,0.010647,0.343089,0.720971
941629,0.596155,0.010084,0.345337,0.724734
949962,0.590998,0.011364,0.346380,0.728432
958295,0.584093,0.013257,0.348346,0.733017
966628,0.577632,0.018480,0.349212,0.737598
974961,0.569486,0.023591,0.350444,0.743181
983294,0.561489,0.027287,0.353486,0.747685
991627,0.553761,0.034309,0.358367,0.750830
999960,0.545984,0.039769,0.363298,0.753880
1008293,0.536276,0.045806,0.370010,0.757234
1016626,0.528587,0.055197,0.375306,0.759404
1024959,0.520805,0.061165,0.382472,0.760747
1033292,0.513493,0.066848,0.390624,0.761097
1041625,0.507207,0.071130,0.398802,0.760682
1049958,0.500150,0.072560,0.406493,0.761149
1058291,0.493702,0.073657,0.414135,0.761134
1066624,0.489340,0.072656,0.421097,0.760226
1074957,0.485085,0.069107,0.427475,0.759725
1083290,0.481505,0.064560,0.434095,0.758647
1091623,0.479958,0.058882,0.438418,0.757604
1099956,0.478236,0.052385,0.443302,0.756326
1108289,0.477011,0.044074,0.447114,0.755385
1116622,0.475762,0.035214,0.451242,0.754183
1124955,0.474756,0.025476,0.454292,0.753377
1133288,0.474556,0.014158,0.460289,0.750154
1141621,0.474503,0.002924,0.464035,0.748004
1149954,0.474031,-0.009217,0.468266,0.745612
1158287,0.473837,-0.022472,0.473434,0.742182
1166620,0.473323,-0.034885,0.478514,0.738764
1174953,0.473401,-0.049341,0.484509,0.733968
1183286,0.473824,-0.062733,0.490832,0.728450
1191619,0.474554,-0.076743,0.497812,0.721867
1199952,0.474783,-0.089981,0.504394,0.715591
1208285,0.475209,-0.104130,0.513113,0.707141
1216618,0.475083,-0.119275,0.520198,0.699617
1224951,0.476321,-0.134721,0.525850,0.691702
1233284,0.476399,-0.151411,0.531417,0.683896
1241617,0.476441,-0.169744,0.535123,0.676634
1249950,0.478496,-0.190992,0.536611,0.668290
1258283,0.480445,-0.210137,0.538939,0.659211
1266616,0.482441,-0.225691,0.539626,0.652011
1274949,0.486981,-0.241586,0.539697,0.642816
1283282,0.492155,-0.259581,0.538662,0.632649
1291615,0.498741,-0.278018,0.537630,0.620417
1299948,0.502715,-0.301350,0.536635,0.607033
1308281,0.509334,-0.320910,0.532909,0.594646
1316614,0.512980,-0.344837,0.529803,0.580731
1324947,0.514894,-0.368404,0.526343,0.567561
1333280,0.519952,-0.387692,0.517944,0.557744
1341613,0.524281,-0.407594,0.509878,0.546829
1349946,0.527390,-0.424433,0.500829,0.539339
1358279,0.529806,-0.438449,0.490734,0.535022
1366612,0.532833,-0.453139,0.478108,0.531193
1374945,0.534454,-0.466790,0.466205,0.528317
1383278,0.532970,-0.482989,0.454590,0.525369
1391611,0.531666,-0.498091,0.443740,0.521854
1399944,0.529852,-0.511249,0.433586,0.519504
1408277,0.527931,-0.522164,0.425540,0.517251
1416610,0.528774,-0.528352,0.417034,0.517034
1424943,0.529358,-0.532471,0.411759,0.516439
1433276,0.528657,-0.535792,0.410247,0.514923
1441609,0.526337,-0.538597,0.411275,0.513551
1449942,0.525694,-0.538895,0.415053,0.510852
1458275,0.524523,-0.538396,0.421164,0.507568
1466608,0.524339,-0.536858,0.427504,0.504076
1474941,0.524158,-0.534535,0.433102,0.501950
1483274,0.517521,-0.537579,0.443761,0.496243
1491607,0.516018,-0.536363,0.452923,0.490816
1499940,0.514264,-0.535710,0.460302,0.486487
1508273,0.510354,-0.536175,0.468701,0.482052
1516606,0.506315,-0.536925,0.476650,0.477662
1524939,0.498414,-0.539863,0.486948,0.472243
1533272,0.494448,-0.540684,0.491415,0.470844
1541605,0.489125,-0.543151,0.497481,0.467179
1549938,0.482102,-0.547500,0.503098,0.463372
1558271,0.477437,-0.549505,0.506349,0.462287
1566604,0.467882,-0.556362,0.511135,0.458573
1574937,0.461902,-0.559326,0.513964,0.457867
1583270,0.456924,-0.562340,0.515961,0.456923
1591603,0.454944,-0.563193,0.517230,0.456413
1599936,0.454981,-0.563864,0.518386,0.454232
1608269,0.454276,-0.564513,0.520639,0.451545
1616602,0.451066,-0.564872,0.525013,0.449244
1624935,0.452237,-0.563600,0.525330,0.449294
1633268,0.453499,-0.562966,0.527064,0.446778
1641601,0.453236,-0.563777,0.530900,0.441450
1649934,0.452690,-0.562977,0.534589,0.438569
1658267,0.454810,-0.561257,0.536054,0.436789
1666600,0.455275,-0.560436,0.538407,0.434458
1674933,0.455285,-0.559451,0.540261,0.433415
1683266,0.457846,-0.558309,0.540004,0.432509
1691599,0.459591,-0.556238,0.540547,0.432649
1699932,0.459305,-0.558075,0.541144,0.429830
1708265,0.460229,-0.557059,0.542505,0.428442
1716598,0.463015,-0.554932,0.541873,0.429001
1724931,0.464384,-0.555531,0.540548,0.428416
1733264,0.466035,-0.554405,0.540773,0.427798
1741597,0.468526,-0.552290,0.538934,0.430127
1749930,0.470095,-0.551366,0.537001,0.432014
1758263,0.470046,-0.551271,0.537241,0.431890
1766596,0.471559,-0.550519,0.535612,0.433222
1774929,0.472272,-0.548757,0.534488,0.436058
1783262,0.471302,-0.548919,0.533674,0.437899
1791595,0.471530,-0.546492,0.534028,0.440251
1799928,0.472692,-0.542166,0.533079,0.445470
1808261,0.469969,-0.541342,0.534155,0.448058
1816594,0.468271,-0.537714,0.536657,0.451205
1824927,0.469370,-0.531276,0.535981,0.458434
1833260,0.469893,-0.526574,0.535710,0.463612
1841593,0.468722,-0.521693,0.538590,0.466965
1849926,0.466869,-0.515942,0.540369,0.473116
1858259,0.464504,-0.511564,0.543324,0.476799
1866592,0.464373,-0.505371,0.546373,0.480036
1874925,0.463801,-0.497608,0.549025,0.485639
1883258,0.464601,-0.488192,0.551051,0.492095
1891591,0.463159,-0.482700,0.556065,0.493230
1899924,0.462703,-0.475088,0.559700,0.496925
1908257,0.463242,-0.465822,0.562343,0.502182
1916590,0.461641,-0.458861,0.567808,0.503913
1924923,0.459022,-0.452937,0.573386,0.505347
1933256,0.457958,-0.444707,0.578240,0.508083
1941589,0.455323,-0.437932,0.583349,0.510491
1949922,0.451402,-0.430893,0.589764,0.512588
1958255,0.450193,-0.422540,0.594820,0.514758
1966588,0.448198,-0.416894,0.599818,0.515301
1974921,0.443611,-0.413434,0.605716,0.515159
1983254,0.440198,-0.408085,0.609789,0.517543
1991587,0.434192,-0.406918,0.614718,0.517704
1999920,0.431478,-0.402809,0.616615,0.520920
2008252,0.428001,-0.401718,0.618898,0.521923
2016586,0.423716,-0.402106,0.620171,0.523606
2024919,0.420522,-0.401432,0.620022,0.526865
2033252,0.417976,-0.401857,0.619608,0.529049
2041585,0.417170,-0.400850,0.617067,0.533401
2049918,0.415246,-0.402750,0.614978,0.535878
2058250,0.415326,-0.402169,0.611973,0.539679
2066584,0.412816,-0.405314,0.609142,0.542448
2074917,0.412386,-0.404475,0.606832,0.545979
2083250,0.409446,-0.406600,0.605642,0.547931
2091583,0.408889,-0.406565,0.604242,0.549915
2099916,0.408885,-0.407103,0.601491,0.552530
2108249,0.408191,-0.408115,0.599928,0.553993
2116582,0.408001,-0.407897,0.598703,0.555617
2124915,0.409442,-0.404619,0.596978,0.558800
2133248,0.410006,-0.404127,0.595477,0.560342
2141581,0.408683,-0.407090,0.595687,0.558939
2149914,0.408861,-0.406557,0.595522,0.559372
2158247,0.410569,-0.404672,0.595415,0.559602
2166580,0.410817,-0.404281,0.595251,0.559877
2174913,0.410390,-0.406735,0.596061,0.557546
2183246,0.413648,-0.403387,0.594469,0.559268
2191579,0.413232,-0.405710,0.595563,0.556726
2199912,0.414633,-0.406243,0.596063,0.554757
2208245,0.416778,-0.404205,0.595736,0.554989
2216578,0.418431,-0.402675,0.595790,0.554800
2224911,0.419951,-0.403535,0.595500,0.553335
2233244,0.421820,-0.402783,0.595686,0.552261
2241577,0.421565,-0.406166,0.596849,0.548710
2249910,0.423230,-0.404818,0.597344,0.547885
2258243,0.422930,-0.405533,0.599132,0.545632
2266576,0.423060,-0.409245,0.599272,0.542598
2274909,0.424182,-0.409149,0.599927,0.541067
2283242,0.427863,-0.408933,0.598501,0.539911
2291575,0.427390,-0.414788,0.598903,0.535354
2299908,0.427215,-0.418830,0.599361,0.531823
2308241,0.429522,-0.420457,0.597271,0.531031
2316574,0.431107,-0.423815,0.594953,0.529678
2324907,0.432102,-0.427512,0.593004,0.528079
2333240,0.433607,-0.432529,0.590807,0.525215
2341573,0.435951,-0.434730,0.586909,0.525828
2349906,0.436714,-0.440972,0.585339,0.521730
2358239,0.438821,-0.444024,0.582223,0.520860
2366572,0.442511,-0.444800,0.579649,0.519946
2374905,0.445386,-0.449285,0.575608,0.518121
2383238,0.446174,-0.454044,0.573894,0.515188
2391571,0.447073,-0.457828,0.572725,0.512353
2399904,0.447279,-0.462610,0.571300,0.509460
2408237,0.448219,-0.465526,0.570610,0.506744
2416570,0.450007,-0.467819,0.570724,0.502905
2424903,0.449541,-0.470682,0.570388,0.501028
2433236,0.449466,-0.474389,0.571220,0.496631
2441569,0.447915,-0.478861,0.571754,0.493114
2449902,0.447720,-0.481746,0.571691,0.490547
2458235,0.445468,-0.486075,0.573352,0.486371
2466568,0.444213,-0.489182,0.573431,0.484307
2474901,0.442162,-0.492746,0.573506,0.482478
2483234,0.441719,-0.494137,0.572527,0.482623
2491567,0.442990,-0.495037,0.570983,0.482366
2499900,0.443061,-0.496317,0.571266,0.480647
2508233,0.444835,-0.495594,0.570160,0.481067
2516566,0.447486,-0.494096,0.568701,0.481877
2524899,0.446849,-0.494732,0.569404,0.480983
2533232,0.445661,-0.497566,0.571080,0.477160
2541565,0.447380,-0.494253,0.571870,0.478049
2549898,0.449116,-0.490395,0.573874,0.477992
2558231,0.450974,-0.487824,0.576437,0.475785
2566564,0.452107,-0.484447,0.578580,0.475558
2574897,0.449898,-0.484624,0.583637,0.471273
2583230,0.450533,-0.482079,0.586597,0.469599
2591563,0.451370,-0.479697,0.589158,0.468026
2599896,0.450632,-0.478606,0.593189,0.464750
2608229,0.451284,-0.477162,0.595129,0.463121
2616562,0.450773,-0.476062,0.597295,0.461961
2624895,0.452503,-0.472554,0.598304,0.462566
2633228,0.454832,-0.469724,0.599892,0.461103
2641561,0.453755,-0.469025,0.601621,0.460625
2649894,0.453543,-0.466601,0.603459,0.460890
2658227,0.454361,-0.464863,0.604050,0.461067
2666560,0.455170,-0.462550,0.604843,0.461554
2674893,0.455777,-0.461300,0.605176,0.461770
2683226,0.456902,-0.459464,0.606156,0.461202
2691559,0.456547,-0.458513,0.607071,0.461298
2699892,0.456834,-0.457202,0.608164,0.460874
2708225,0.457661,-0.455599,0.609189,0.460287
2716558,0.457425,-0.455564,0.609599,0.460015
2724891,0.459657,-0.453046,0.610518,0.459055
2733224,0.464923,-0.447778,0.610787,0.458564
2741557,0.466081,-0.446650,0.612111,0.456720
2749890,0.467082,-0.446369,0.612422,0.455554
2758223,0.468442,-0.445503,0.612768,0.454538
2766556,0.469448,-0.445033,0.612141,0.454805
2774889,0.467882,-0.448973,0.612079,0.452625
2783222,0.470977,-0.447836,0.610760,0.452322
2791555,0.472088,-0.448685,0.610159,0.451132
2799888,0.472520,-0.451386,0.608820,0.449793
2808221,0.472404,-0.453782,0.607484,0.449310
2816554,0.472895,-0.456430,0.605772,0.448421
2824887,0.474917,-0.457560,0.602957,0.448927
2833220,0.474898,-0.460357,0.600566,0.449293
2841553,0.474771,-0.464814,0.598828,0.447153
2849886,0.476181,-0.466676,0.595160,0.448610
2858219,0.476529,-0.470366,0.595224,0.444280
2866552,0.477561,-0.473063,0.592277,0.444245
2874885,0.478105,-0.475185,0.589305,0.445348
2883218,0.478683,-0.477929,0.584514,0.448096
2891551,0.481217,-0.478719,0.581233,0.448805
2899884,0.483409,-0.479210,0.579339,0.448375
2908217,0.484598,-0.479862,0.577843,0.448324
2916550,0.486280,-0.479978,0.575740,0.449083
2924883,0.485964,-0.479993,0.576283,0.448712
2933216,0.487245,-0.480634,0.575229,0.447990
2941549,0.487232,-0.481671,0.574768,0.447482
2949882,0.486266,-0.483328,0.575219,0.446164
2958215,0.487249,-0.484763,0.573935,0.445188
2966548,0.487190,-0.487002,0.572343,0.444858
2974881,0.485282,-0.490013,0.571416,0.444828
2983214,0.485764,-0.493282,0.567885,0.445211
2991547,0.486203,-0.495885,0.564585,0.446036
2999880,0.481859,-0.502047,0.561795,0.447377
3008213,0.478652,-0.507462,0.558496,0.448839
3016546,0.477326,-0.510534,0.555380,0.450631
3024879,0.475646,-0.513000,0.551335,0.454556
3033212,0.474363,-0.514625,0.547325,0.458886
3041545,0.471709,-0.517353,0.544151,0.462316
3049878,0.468571,-0.519781,0.541584,0.465785
3058211,0.465417,-0.520797,0.539709,0.469970
3066544,0.460940,-0.520817,0.538845,0.475321
3074877,0.457472,-0.520630,0.537909,0.479915
3083210,0.454123,-0.519928,0.537414,0.484390
3091543,0.449283,-0.519864,0.538205,0.488080
3099876,0.443624,-0.520149,0.539086,0.491964
3108209,0.440636,-0.517095,0.538040,0.498964
3116542,0.436925,-0.515713,0.538956,0.502656
3124875,0.432252,-0.515251,0.541045,0.504921
3133208,0.429238,-0.513617,0.540580,0.509632
3141541,0.425812,-0.511520,0.539747,0.515466
3149874,0.421162,-0.510304,0.540074,0.520128
3158207,0.419166,-0.506168,0.538485,0.527378
3166540,0.415312,-0.504783,0.540488,0.529700
3174873,0.410662,-0.502505,0.543170,0.532740
3183206,0.406559,-0.501215,0.543738,0.536508
3191539,0.401294,-0.498599,0.546221,0.540374
3199872,0.397470,-0.495134,0.547922,0.544649
3208205,0.391564,-0.493412,0.549747,0.548635
3216538,0.386319,-0.491227,0.552266,0.551775
3224871,0.379913,-0.489026,0.554558,0.555865
3233204,0.372986,-0.487329,0.556177,0.560410
3241537,0.367294,-0.485723,0.557785,0.563954
3249870,0.360598,-0.485134,0.559799,0.566780
3258203,0.357041,-0.482853,0.561159,0.569627
3266536,0.350986,-0.482605,0.561685,0.573072
3274869,0.347227,-0.480598,0.561572,0.577144
3283202,0.341798,-0.480253,0.561560,0.580673
3291535,0.337210,-0.479505,0.562114,0.583431
3299868,0.333260,-0.477655,0.562092,0.587227
3308201,0.329478,-0.477334,0.561854,0.589844
3316534,0.324914,-0.477053,0.561591,0.592847
3324867,0.322447,-0.474816,0.561296,0.596259
3333200,0.320012,-0.473715,0.561476,0.598273
3341533,0.317989,-0.471757,0.562218,0.600199
3349866,0.314496,-0.471183,0.561659,0.603007
3358199,0.311075,-0.469886,0.561623,0.605821
3366532,0.309794,-0.469027,0.562397,0.606425
3374865,0.309078,-0.468036,0.562361,0.607588
3383198,0.307715,-0.465988,0.562631,0.609601
3391531,0.309014,-0.462973,0.562702,0.611173
3399864,0.307290,-0.463400,0.562147,0.612229
3408197,0.307226,-0.463138,0.561713,0.612857
3416530,0.309276,-0.462109,0.560696,0.613534
3424863,0.311513,-0.459371,0.561303,0.613903
3433196,0.313315,-0.457725,0.562079,0.613505
3441529,0.315384,-0.456746,0.562311,0.612962
3449862,0.317736,-0.455517,0.563309,0.611744
3458195,0.320263,-0.453554,0.563488,0.611720
3466528,0.323280,-0.451465,0.565534,0.609788
3474861,0.325697,-0.450377,0.565848,0.609014
3483194,0.328174,-0.448193,0.567957,0.607330
3491527,0.331250,-0.446263,0.568791,0.606300
3499860,0.334723,-0.444577,0.570168,0.604335
3508193,0.337804,-0.444143,0.571660,0.601524
3516526,0.339622,-0.444900,0.571930,0.599680
3524859,0.341264,-0.446572,0.571547,0.597868
3533192,0.346573,-0.445468,0.572040,0.595160
3541525,0.350156,-0.447562,0.570759,0.592717
3549858,0.351742,-0.451207,0.569161,0.590546
3558191,0.356115,-0.451768,0.566658,0.589904
3566524,0.358512,-0.456339,0.563798,0.587670
3574857,0.360655,-0.460186,0.560291,0.586712
3583190,0.363347,-0.463893,0.558444,0.583886
3591523,0.367204,-0.463467,0.555154,0.584948
3599856,0.369547,-0.465426,0.553580,0.583405
3608189,0.372506,-0.467893,0.550693,0.582283
3616522,0.376459,-0.466871,0.549699,0.581499
3624855,0.379236,-0.467322,0.548143,0.580801
3633188,0.382270,-0.468266,0.548763,0.577456
3641521,0.385406,-0.468630,0.549341,0.574519
3649854,0.389209,-0.468048,0.550279,0.571525
3658187,0.393572,-0.467399,0.552057,0.567338
3666520,0.398104,-0.465707,0.554059,0.563603
3674853,0.401217,-0.464392,0.553693,0.562840
3683186,0.404254,-0.463964,0.555492,0.559236
3691519,0.404420,-0.469146,0.559025,0.551215
3699852,0.403022,-0.473824,0.561708,0.545480
3708185,0.403486,-0.476403,0.562242,0.542332
3716518,0.406842,-0.477706,0.558846,0.542188
3724851,0.406661,-0.482571,0.559093,0.537742
3733184,0.409274,-0.485313,0.558306,0.534098
3741517,0.406434,-0.491372,0.555644,0.533502
3749850,0.406524,-0.496620,0.551884,0.532477
3758183,0.409820,-0.498305,0.545785,0.534658
3766516,0.411823,-0.501146,0.543351,0.532939
3774849,0.413124,-0.504322,0.540400,0.531936
3783182,0.415681,-0.506728,0.538070,0.530016
3791515,0.417120,-0.509107,0.536536,0.528156
3799848,0.419849,-0.510762,0.534316,0.526646
3808181,0.422857,-0.510810,0.533521,0.524996
3816514,0.425172,-0.511978,0.533320,0.522185
3824847,0.427114,-0.512363,0.533476,0.520060
3833180,0.430095,-0.511549,0.534064,0.517795
3841513,0.433094,-0.510796,0.534101,0.515997
3849846,0.434441,-0.510971,0.534390,0.514389
3858179,0.437041,-0.510046,0.534853,0.512621
3866512,0.438802,-0.510631,0.534793,0.510594
3874845,0.439882,-0.511737,0.534477,0.508885
3883178,0.442912,-0.511286,0.533584,0.507646
3891511,0.445118,-0.511395,0.532519,0.506722
3899844,0.447654,-0.511510,0.530520,0.506470
3908177,0.449798,-0.512226,0.528159,0.506315
3916510,0.452400,-0.512709,0.524822,0.506976
3924843,0.453796,-0.514180,0.522498,0.506640
3933176,0.455832,-0.515739,0.518952,0.506872
3941509,0.457438,-0.517108,0.516163,0.506879
3949842,0.458839,-0.518218,0.512904,0.507786
3958175,0.461158,-0.518621,0.509286,0.508914
3966508,0.461552,-0.520239,0.506235,0.509948
3974841,0.460394,-0.523502,0.503875,0.509993
3983174,0.460553,-0.525973,0.500370,0.510758
3991507,-0.461097,0.527397,-0.496234,-0.512829
3999840,-0.458825,0.531010,-0.495098,-0.512236
4008173,-0.456986,0.534220,-0.492506,-0.513041
4016505,-0.454633,0.537265,-0.489941,-0.514406
4024839,-0.452487,0.540234,-0.487136,-0.515850
4033172,-0.452238,0.540319,-0.483049,-0.519808
4041505,-0.450117,0.542120,-0.480084,-0.522512
4049838,-0.444458,0.547110,-0.478087,-0.523984
4058170,-0.440917,0.550294,-0.475333,-0.526143
4066504,-0.437734,0.552854,-0.472665,-0.528516
4074837,-0.438775,0.551519,-0.464481,-0.536247
4083170,-0.432454,0.555376,-0.464608,-0.537289
4091503,-0.430466,0.556469,-0.460618,-0.541176
4099836,0.424865,-0.558874,0.460588,0.543146
4108169,0.417656,-0.563917,0.462299,0.542070
4116501,0.414145,-0.564350,0.460664,0.545693
4124835,0.409685,-0.566020,0.458040,0.549526
4133168,0.405300,-0.567501,0.455677,0.553203
4141501,0.398630,-0.571317,0.456725,0.553258
4149834,0.398415,-0.568959,0.449019,0.562079
4158166,0.393142,-0.570731,0.445859,0.566494
4166500,0.387862,-0.573487,0.443400,0.569273
4174833,0.379650,-0.578250,0.440742,0.572048
4183166,0.373235,-0.582216,0.437411,0.574797
4191499,0.364519,-0.588107,0.436617,0.574997
4199832,0.360309,-0.591178,0.428511,0.580573
4208165,0.356014,-0.594553,0.420033,0.585946
4216498,0.346722,-0.601868,0.416444,0.586612
4224831,0.343780,-0.605423,0.405796,0.592121
4233164,0.338608,-0.610449,0.394567,0.597506
4241497,0.332722,-0.614141,0.385973,0.602621
4249830,0.319378,-0.623142,0.383821,0.601975
4258163,0.311921,-0.626116,0.375207,0.608197
4266496,0.307126,-0.627676,0.361946,0.617002
4274829,0.301878,-0.629833,0.352121,0.623050
4283162,0.294445,-0.633781,0.343112,0.627612
4291495,0.284470,-0.637906,0.335913,0.631914
4299828,-0.276956,0.639966,-0.326494,-0.638075
4308161,-0.264287,0.645737,-0.324387,-0.638710
4316494,-0.261407,0.641572,-0.311449,-0.650424
4324827,-0.249611,0.647534,-0.306422,-0.651536
4333160,-0.246476,0.646116,-0.295996,-0.658915
4341493,-0.235103,0.650367,-0.292662,-0.660377
4349826,-0.226950,0.651215,-0.285221,-0.665629
4358159,-0.223490,0.647924,-0.275251,-0.674154
4366492,-0.214522,0.649100,-0.272606,-0.677005
4374825,-0.212230,0.644020,-0.262779,-0.686400
4383158,-0.202263,0.644707,-0.261316,-0.689316
4391491,-0.191530,0.646907,-0.260629,-0.690579
4399824,-0.183802,0.646044,-0.260762,-0.693432
4408157,-0.183699,0.638850,-0.252453,-0.703131
4416490,-0.172077,0.640098,-0.257451,-0.703123
4424823,-0.158847,0.642907,-0.261798,-0.702068
4433156,-0.153494,0.640605,-0.263791,-0.704613
4441489,-0.148138,0.637855,-0.268018,-0.706656
4449822,-0.141337,0.635413,-0.269334,-0.709742
4458155,-0.132092,0.637376,-0.271230,-0.709040
4466488,-0.125554,0.634673,-0.275100,-0.711159
4474821,-0.118228,0.633937,-0.278133,-0.711891
4483154,-0.111979,0.632538,-0.278420,-0.714030
4491487,-0.104933,0.631942,-0.280968,-0.714630
4499820,-0.103320,0.627451,-0.284368,-0.717472
4508153,-0.097617,0.626251,-0.285969,-0.718680
4516486,-0.087505,0.627234,-0.288410,-0.718151
4524819,-0.083046,0.626073,-0.288069,-0.719828
4533152,-0.078400,0.625079,-0.287353,-0.721497
4541485,-0.072660,0.624502,-0.286532,-0.722923
4549818,-0.066223,0.624071,-0.285586,-0.724286
4558151,-0.060954,0.623181,-0.282184,-0.726844
4566484,-0.056664,0.621617,-0.280071,-0.729344
4574817,-0.050711,0.621837,-0.275219,-0.731438
4583150,-0.045902,0.622485,-0.272283,-0.732303
4591483,-0.041434,0.622059,-0.269863,-0.733826
4599816,-0.034108,0.624327,-0.266931,-0.733349
4608149,-0.027165,0.625581,-0.261942,-0.734368
4616482,-0.023655,0.626517,-0.258900,-0.734770
4624815,-0.018196,0.627460,-0.254597,-0.735624
4633148,-0.014617,0.628279,-0.251087,-0.736211
4641481,-0.007547,0.631387,-0.248498,-0.734535
4649814,-0.002023,0.632897,-0.243362,-0.734991
4658147,0.004084,0.635180,-0.239402,-0.734314
4666480,0.013085,0.640942,-0.235388,-0.730489
4674813,0.017594,0.643686,-0.230668,-0.729487
4683146,0.023950,0.647839,-0.223051,-0.727997
4691479,0.031781,0.652416,-0.215611,-0.725848
4699812,0.032350,0.653309,-0.205507,-0.727948
4708145,0.043689,0.660823,-0.193729,-0.723791
4716478,0.052049,0.666531,-0.181942,-0.721058
4724811,0.058462,0.670071,-0.168719,-0.720500
4733144,0.065340,0.673147,-0.155061,-0.720111
4741477,0.073976,0.677327,-0.140425,-0.718356
4749810,0.080302,0.679196,-0.128951,-0.718064
4758143,0.089366,0.681532,-0.116148,-0.716965
4766476,0.097923,0.684715,-0.100669,-0.715152
4774809,0.109497,0.688480,-0.086871,-0.711660
4783142,0.119427,0.691103,-0.073297,-0.709043
4791475,0.127558,0.692268,-0.062064,-0.707560
4799808,0.136074,0.694053,-0.049783,-0.705192
4808141,0.144792,0.695311,-0.039802,-0.702847
4816474,0.154721,0.696865,-0.032186,-0.699574
4824807,0.161581,0.697461,-0.023168,-0.697784
4833140,0.168401,0.698377,-0.015299,-0.695469
4841473,0.175281,0.698334,-0.007215,-0.693941
4849806,0.178484,0.699158,-0.001269,-0.692329
4858139,0.179560,0.704844,0.010679,-0.686177
4866472,0.183045,0.708272,0.018103,-0.681555
4874805,0.186017,0.710043,0.022027,-0.678787
4883138,0.188307,0.711583,0.027181,-0.676352
4891471,0.188980,0.712817,0.033146,-0.674596
4899804,0.189557,0.713623,0.037646,-0.673345
4908137,0.192309,0.715761,0.043910,-0.669907
4916470,0.194992,0.716563,0.049204,-0.667904
4924803,0.197305,0.716720,0.055413,-0.666568
4933136,0.198231,0.717421,0.062753,-0.664886
4941469,0.200385,0.717680,0.070184,-0.663217
4949802,0.203164,0.717774,0.078000,-0.661393
4958135,0.205240,0.716319,0.086289,-0.661300
4966468,0.207914,0.714347,0.094261,-0.661509
4974801,0.212864,0.712139,0.103318,-0.660963
4983134,0.217346,0.709283,0.111151,-0.661305
4991467,0.220411,0.706702,0.120197,-0.661471
4999800,0.223323,0.704694,0.130571,-0.660669
5008133,0.226785,0.702036,0.138573,-0.660690
5016466,0.231391,0.700182,0.148223,-0.658964
5024799,0.235180,0.697836,0.154929,-0.658568
5033132,0.238352,0.696217,0.163109,-0.657165
5041465,0.242767,0.694776,0.171116,-0.655034
5049798,0.247155,0.693339,0.181189,-0.652200
5058131,0.250661,0.691429,0.190185,-0.650327
5066464,0.254745,0.690028,0.198704,-0.647675
5074797,0.258452,0.688671,0.207411,-0.644915
5083130,0.263027,0.686064,0.216171,-0.642965
5091463,0.266897,0.684351,0.225682,-0.639919
5099796,0.271566,0.681311,0.233419,-0.638422
5108129,0.276518,0.679246,0.241986,-0.635299
5116462,0.282239,0.676363,0.250641,-0.632498
5124795,0.288372,0.674610,0.259541,-0.627998
5133128,0.293827,0.673530,0.268961,-0.622642
5141461,0.300929,0.672606,0.279086,-0.615754
5149794,0.307037,0.673890,0.288509,-0.606929
5158127,0.314094,0.672082,0.295262,-0.602055
5166460,0.321173,0.669536,0.300007,-0.598804
5174793,0.328699,0.670327,0.309142,-0.589110
5183126,0.335504,0.673455,0.316881,-0.577479
5191459,0.341549,0.675259,0.322725,-0.568523
5199792,0.347159,0.676518,0.328910,-0.560021
5208125,0.354019,0.676511,0.336782,-0.550982
5216458,0.360784,0.676237,0.340452,-0.544638
5224791,0.367835,0.676136,0.346191,-0.536367
5233124,0.372205,0.675964,0.352973,-0.529099
5241457,0.379574,0.674886,0.358309,-0.521601
5249790,0.385179,0.673901,0.362199,-0.516048
5258123,0.390558,0.672779,0.366871,-0.510136
5266456,0.395982,0.671317,0.369534,-0.505940
5274789,0.402119,0.670065,0.375505,-0.498307
5283122,0.407935,0.670025,0.380867,-0.489485
5291455,0.411600,0.670112,0.386013,-0.482213
5299788,0.417432,0.666583,0.390205,-0.478704
5308121,0.422221,0.666921,0.395503,-0.469599
5316454,0.427201,0.665431,0.398810,-0.464383
5324787,0.431593,0.662523,0.404992,-0.459100
5333120,0.436944,0.660255,0.411419,-0.451528
5341453,0.442861,0.657075,0.417070,-0.445173
5349786,0.447650,0.654174,0.423921,-0.438128
5358119,0.452986,0.650366,0.428693,-0.433647
5366452,0.459208,0.645463,0.433070,-0.430065
5374785,0.462224,0.642985,0.436363,-0.427208
5383118,0.469308,0.635944,0.442686,-0.423502
5391451,0.476797,0.630745,0.447813,-0.417480
5399784,0.481667,0.626202,0.451056,-0.415231
5408117,0.485524,0.623053,0.452961,-0.413397
5416450,0.489741,0.618918,0.455473,-0.411871
5424783,0.493436,0.616913,0.457953,-0.407698
5433116,0.498702,0.613319,0.459962,-0.404438
5441449,0.503124,0.610066,0.460328,-0.403465
5449782,0.506589,0.609168,0.461823,-0.398750
5458115,0.508591,0.608145,0.463711,-0.395558
5466448,0.511230,0.608486,0.468446,-0.385937
5474781,0.515674,0.607197,0.471372,-0.378417
5483114,0.516784,0.607479,0.470290,-0.377798
5491447,0.519830,0.609189,0.467669,-0.374100
5499780,0.524081,0.608418,0.470091,-0.366308
5508113,0.526096,0.609452,0.470907,-0.360607
5516446,0.528763,0.610208,0.470831,-0.355491
5524779,0.530173,0.611206,0.470847,-0.351634
5533112,0.533005,0.611151,0.471561,-0.346455
5541445,0.538237,0.612570,0.471011,-0.336464
5549778,0.541228,0.614034,0.471725,-0.327887
5558111,0.542808,0.614971,0.473733,-0.320543
5566444,0.541709,0.615095,0.479764,-0.313107
5574777,0.544313,0.616668,0.481495,-0.302665
5583110,0.547433,0.616845,0.483806,-0.292834
5591443,0.549021,0.616649,0.486530,-0.285672
5599776,0.549637,0.617317,0.489976,-0.277025
5608109,0.550753,0.616835,0.492774,-0.270850
5616442,0.552215,0.614759,0.497085,-0.264645
5624775,0.553548,0.614017,0.501192,-0.255683
5633108,0.555751,0.613405,0.503447,-0.247821
5641441,0.556948,0.612781,0.506960,-0.239373
5649774,0.557206,0.612454,0.511212,-0.230400
5658107,0.557056,0.612147,0.514759,-0.223581
5666440,0.556360,0.611848,0.518716,-0.216887
5674773,0.551385,0.612992,0.525763,-0.209258
5683106,0.549218,0.610563,0.534279,-0.200296
5691439,0.545787,0.612464,0.538408,-0.192671
5699772,0.542507,0.613427,0.543090,-0.185600
5708105,0.540472,0.612830,0.547714,-0.179827
5716438,0.538633,0.611674,0.552601,-0.174244
5724771,0.536552,0.610088,0.557910,-0.169237
5733104,0.534783,0.608431,0.562828,-0.164448
5741437,0.532157,0.606402,0.568942,-0.159344
5749770,0.531901,0.600013,0.576005,-0.159010
5758103,0.534187,0.592943,0.580710,-0.160745
5766436,0.537650,0.584910,0.585485,-0.161310
5774769,0.539504,0.580523,0.587923,-0.162095
5783102,0.539819,0.575862,0.592907,-0.159495
5791435,0.538554,0.572210,0.598121,-0.157441
5799768,0.536862,0.567785,0.604708,-0.154040
5808101,0.535158,0.563932,0.610374,-0.151756
5816434,0.533326,0.560240,0.615877,-0.149633
5824767,0.531897,0.555897,0.621871,-0.146083
5833100,0.530020,0.552234,0.627360,-0.143302
5841433,0.527666,0.548374,0.633296,-0.140679
5849766,0.525153,0.544676,0.639193,-0.137746
5858099,0.522405,0.540654,0.645416,-0.135000
5866432,0.520205,0.537489,0.650035,-0.133968
5874765,0.518511,0.534064,0.654478,-0.132595
5883098,0.516596,0.530354,0.659270,-0.131210
5891431,0.513919,0.526124,0.665059,-0.129526
5899764,0.511028,0.523332,0.669547,-0.129153
5908097,0.508030,0.519763,0.675146,-0.126211
5916430,0.504599,0.515793,0.681219,-0.123603
5924763,0.502063,0.513244,0.685024,-0.123512
5933096,0.499435,0.510739,0.688890,-0.123047
5941429,0.497087,0.508056,0.692925,-0.120990
5949762,0.494320,0.505470,0.697071,-0.119333
5958095,0.492159,0.505018,0.698706,-0.120609
5966428,0.490030,0.505072,0.699667,-0.123448
5974761,0.487391,0.504734,0.701444,-0.125178
5983094,0.464973,0.518692,0.708638,-0.112204
5991427,0.451078,0.524859,0.713682,-0.108211
5999760,0.431691,0.535035,0.719244,-0.100343
6008093,0.412187,0.542970,0.725510,-0.094449
6016426,0.395926,0.552768,0.727836,-0.089130
6024759,0.388504,0.556243,0.729077,-0.090031
6033092,0.383782,0.557615,0.730446,-0.090694
6041425,0.379823,0.561258,0.729357,-0.093603
6049758,0.374234,0.565423,0.728497,-0.097665
6058091,0.370006,0.568496,0.727967,-0.099862
6066424,0.367095,0.572090,0.726438,-0.101202
6074757,0.362928,0.575185,0.725686,-0.104044
6083090,0.362278,0.575113,0.724929,-0.111704
6091423,0.371294,0.573389,0.720297,-0.120571
6099756,0.361655,0.591742,0.712217,-0.108600
6108089,0.357453,0.594445,0.711743,-0.110835
6116422,0.354725,0.598761,0.709145,-0.112999
6124755,0.356603,0.602182,0.704689,-0.116727
6133088,0.355955,0.605686,0.701468,-0.119931
6141421,0.355419,0.608647,0.698321,-0.124796
6149754,0.354634,0.612362,0.695388,-0.125231
6158087,0.351248,0.616879,0.692566,-0.128207
6166420,0.349997,0.620549,0.689591,-0.129944
6174753,0.347606,0.624433,0.686879,-0.132105
6183086,0.337883,0.628440,0.688449,-0.130137
6191419,0.342849,0.631149,0.682710,-0.134211
6199752,0.336638,0.634686,0.682154,-0.136068
6208085,0.340308,0.636974,0.677741,-0.138284
6216418,0.343116,0.639625,0.673369,-0.140451
6224751,0.346832,0.639280,0.670201,-0.147849
6233084,0.344761,0.642579,0.668452,-0.146302
6241417,0.351293,0.634476,0.669976,-0.158637
6249750,0.341562,0.644441,0.667609,-0.149432
6258083,0.337713,0.649023,0.665300,-0.148646
6266416,0.336148,0.651168,0.663617,-0.150321
6274749,0.327525,0.653463,0.666225,-0.147844
6283082,0.321395,0.655192,0.668114,-0.145097
6291415,0.328194,0.655628,0.663206,-0.150330
6299748,0.320915,0.659939,0.663271,-0.146849
6308081,0.319458,0.659828,0.663656,-0.148776
6316414,0.319316,0.663237,0.660202,-0.149288
6324747,0.324853,0.663205,0.656656,-0.153079
6333080,0.328656,0.663540,0.654218,-0.153942
6341413,0.330810,0.664281,0.652682,-0.152648
6349746,0.323828,0.667491,0.653164,-0.151550
6358079,0.329115,0.666990,0.650379,-0.154319
6366412,0.322207,0.669781,0.651972,-0.150026
6374745,0.320528,0.669691,0.652628,-0.151171
6383078,0.325893,0.667117,0.650629,-0.159470
6391411,0.330507,0.667046,0.647353,-0.163548
6399744,0.333616,0.667775,0.644329,-0.166183
6408077,0.335142,0.669265,0.640688,-0.171124
6416410,0.336378,0.671253,0.637348,-0.173371
6424743,0.336939,0.673093,0.634253,-0.176468
6433076,0.337616,0.674641,0.631447,-0.179299
6441409,0.338726,0.676453,0.628591,-0.180414
6449742,0.339271,0.678245,0.625730,-0.182592
6458075,0.339803,0.679466,0.623817,-0.183609
6466408,0.339928,0.681277,0.621292,-0.185223
6474741,0.340063,0.684133,0.617387,-0.187490
6483074,0.340960,0.686066,0.614693,-0.187649
6491407,0.341403,0.687000,0.612804,-0.189594
6499740,0.342323,0.687339,0.612403,-0.187993
6508073,0.341554,0.689065,0.610369,-0.189686
6516406,0.341455,0.689646,0.610105,-0.188595
6524739,0.341911,0.689895,0.609186,-0.189829
6533072,0.342316,0.689494,0.609460,-0.189674
6541405,0.343352,0.689308,0.609245,-0.189166
6549738,0.344236,0.688531,0.609906,-0.188258
6558071,0.344630,0.687823,0.610293,-0.188871
6566404,0.345140,0.687305,0.610666,-0.188620
6574737,0.345630,0.687387,0.610378,-0.188356
6583070,0.346654,0.686176,0.611629,-0.186823
6591403,0.347359,0.685786,0.611246,-0.188194
6599736,0.347421,0.685412,0.611491,-0.188650
6608069,0.348822,0.685415,0.610408,-0.189555
6616402,0.348714,0.684438,0.611147,-0.190898
6624735,0.340682,0.695992,0.606252,-0.178856
6633068,0.334401,0.703128,0.603882,-0.170625
6641401,0.331266,0.706693,0.602447,-0.167050
6649734,0.328456,0.708989,0.602255,-0.163525
6658067,0.326730,0.710084,0.602279,-0.162137
6666400,0.327306,0.709774,0.602158,-0.162779
6674733,0.328691,0.708615,0.602787,-0.162711
6683066,0.329147,0.708041,0.603117,-0.163061
6691399,0.324761,0.695412,0.618184,-0.169647
6699732,0.321487,0.693600,0.622427,-0.167778
6708065,0.321239,0.697837,0.619516,-0.161335
6716398,0.319371,0.697017,0.621516,-0.160893
6724731,0.323370,0.696583,0.620147,-0.160071
6733064,0.329404,0.696935,0.616798,-0.159167
6741397,0.331083,0.694579,0.618678,-0.158684
6749730,0.334198,0.691628,0.620328,-0.158603
6758063,0.337729,0.690865,0.619597,-0.157303
6766396,0.340188,0.687353,0.622540,-0.155760
6774729,0.343119,0.678671,0.629579,-0.159077
6783062,0.343381,0.676182,0.632718,-0.156638
6791395,0.343197,0.676155,0.634337,-0.150489
6799728,0.347488,0.672443,0.636181,-0.149488
6808061,0.351331,0.667576,0.639221,-0.149349
6816394,0.357502,0.659195,0.644325,-0.149999
6824727,0.364121,0.647498,0.652035,-0.151697
6833060,0.369220,0.639086,0.657108,-0.153153
6841393,0.374122,0.631227,0.662224,-0.151802
6849726,0.379740,0.629278,0.661877,-0.147395
6858059,0.387047,0.620006,0.666262,-0.147926
6866392,0.394866,0.615412,0.666124,-0.147064
6874725,0.403924,0.604913,0.669447,-0.150885
6883058,0.415091,0.597392,0.668814,-0.153327
6891391,0.423984,0.588839,0.670344,-0.155388
6899724,0.432142,0.582887,0.670007,-0.156800
6908057,0.436595,0.580520,0.669649,-0.154763
6916390,0.444308,0.574316,0.669624,-0.156063
6924723,0.452361,0.569548,0.668013,-0.157300
6933056,0.460351,0.567312,0.664736,-0.156079
6941389,0.466278,0.564905,0.663071,-0.154290
6949722,0.473140,0.561181,0.661047,-0.155664
6958055,0.479272,0.562258,0.656226,-0.153402
6966388,0.485375,0.563605,0.651042,-0.151343
6974721,0.491369,0.562680,0.647279,-0.151585
6983054,0.496366,0.562110,0.644594,-0.148834
6991387,0.500034,0.566023,0.639058,-0.145563
6999720,0.504082,0.566999,0.635271,-0.144374
7008053,0.509638,0.563692,0.633248,-0.146691
7016386,0.514916,0.562309,0.630242,-0.146507
7024719,0.524294,0.563332,0.621765,-0.145535
7033052,0.528811,0.563424,0.618298,-0.143593
7041385,0.530554,0.564722,0.616254,-0.140826
7049718,0.533053,0.565759,0.613766,-0.138066
7058051,0.536185,0.563813,0.613405,-0.135479
7066384,0.538320,0.563765,0.611704,-0.134905
7074717,0.541428,0.563322,0.609837,-0.132750
7083050,0.543206,0.560777,0.610646,-0.132543
7091383,0.545885,0.556912,0.611419,-0.134260
7099716,0.549055,0.556094,0.609303,-0.134340
7108049,0.553872,0.557517,0.604081,-0.132238
7116382,0.556662,0.556104,0.602856,-0.132059
7124715,0.559413,0.553617,0.602342,-0.133227
7133048,0.562867,0.552301,0.600156,-0.134005
7141381,0.565165,0.552093,0.597902,-0.135258
7149714,0.565352,0.552520,0.597093,-0.136307
7158047,0.568065,0.552440,0.593837,-0.139534
7166380,0.569744,0.552445,0.591576,-0.142245
7174713,0.571735,0.552263,0.589190,-0.144842
7183046,0.573210,0.552614,0.586728,-0.147644
7191379,0.572288,0.554154,0.585570,-0.150024
7199712,0.572660,0.555282,0.583669,-0.151836
7208045,0.573691,0.555767,0.581596,-0.154107
7216378,0.574248,0.558064,0.578440,-0.155597
7224711,0.574118,0.559268,0.576786,-0.157879
7233044,0.573597,0.560804,0.574850,-0.161348
7241377,0.573293,0.562467,0.573134,-0.162734
7249710,0.571438,0.564414,0.572357,-0.165234
7258043,0.570976,0.564540,0.571823,-0.168222
7266376,0.570280,0.565597,0.571395,-0.168490
7274709,0.569036,0.566862,0.571129,-0.169343
7283042,0.566981,0.570227,0.569610,-0.170056
7291375,0.565006,0.572835,0.568510,-0.171537
7299708,0.563690,0.574793,0.567678,-0.172069
7308041,0.561298,0.578262,0.566982,-0.170552
7316374,0.559591,0.579595,0.567559,-0.169719
7324707,0.558110,0.580554,0.568490,-0.168192
7333040,0.556295,0.582653,0.567934,-0.168826
7341373,0.555465,0.584530,0.567572,-0.166270
7349706,0.554895,0.587320,0.565863,-0.164151
7358039,0.554541,0.588664,0.564812,-0.164157
7366372,0.554011,0.590462,0.563615,-0.163599
7374705,0.553530,0.591566,0.563355,-0.162127
7383038,0.551941,0.588885,0.566647,-0.165790
7391371,0.552626,0.591357,0.563844,-0.164260
7399704,0.553392,0.591311,0.563280,-0.163781
7408037,0.551847,0.587111,0.568198,-0.167081
7416370,0.547739,0.588702,0.571325,-0.164318
7424703,0.547040,0.588336,0.572520,-0.163795
7433036,0.546821,0.588250,0.573568,-0.161146
7441369,0.547079,0.582027,0.577236,-0.169553
7449702,0.546275,0.580825,0.579123,-0.169832
7458035,0.545808,0.579255,0.580626,-0.171553
7466368,0.544719,0.573392,0.585806,-0.177014
7474701,0.543553,0.572733,0.587273,-0.177867
7483034,0.543184,0.573403,0.586304,-0.180021
7491367,0.543202,0.571752,0.586688,-0.183922
7499700,0.546541,0.570113,0.583605,-0.188864
7508033,0.546268,0.567586,0.584626,-0.194033
7516366,0.545295,0.566027,0.585377,-0.198998
7524699,0.543826,0.566577,0.584907,-0.202798
7533032,0.543487,0.564828,0.585375,-0.207188
7541365,0.542984,0.562851,0.585930,-0.212256
7549698,0.543295,0.559440,0.586546,-0.218681
7558031,0.543197,0.557125,0.587057,-0.223412
7566364,0.542631,0.556973,0.586686,-0.226125
7574697,0.541971,0.556381,0.586090,-0.230666
7583030,0.541179,0.553792,0.587299,-0.235627
7591363,0.539883,0.553165,0.587564,-0.239382
7599696,0.540756,0.550996,0.586719,-0.244432
7608029,0.540469,0.550657,0.586332,-0.246748
7616362,0.539855,0.550777,0.584587,-0.251913
7624695,0.539566,0.550293,0.582848,-0.257553
7633028,0.537980,0.552390,0.580624,-0.261377
7641361,0.536883,0.554105,0.578466,-0.264767
7649694,0.535748,0.556200,0.576245,-0.267502
7658027,0.535451,0.557076,0.573954,-0.271175
7666360,0.534724,0.558436,0.571201,-0.275590
7674693,0.533559,0.559823,0.569560,-0.278414
7683026,0.533092,0.562988,0.565989,-0.280203
7691359,0.532740,0.562374,0.564356,-0.285353
7699692,0.532020,0.566148,0.559855,-0.288088
7708025,0.531390,0.569216,0.555447,-0.291713
7716358,0.530038,0.571521,0.552325,-0.295570
7724691,0.528933,0.573986,0.549747,-0.297571
7733024,0.528851,0.575293,0.545688,-0.302622
7741357,0.527984,0.578216,0.541681,-0.305748
7749690,0.526471,0.581128,0.539091,-0.307409
7758023,0.525393,0.582600,0.537168,-0.309821
7766356,0.522800,0.585386,0.535099,-0.312527
7774689,0.522144,0.586704,0.532832,-0.315014
7783022,0.521060,0.588684,0.530223,-0.317507
7791355,0.520572,0.589475,0.529179,-0.318581
7799688,0.519911,0.590607,0.527893,-0.319695
7808021,0.519674,0.590672,0.527425,-0.320732
7816354,0.518872,0.591469,0.526685,-0.321774
7824687,0.519200,0.591303,0.526527,-0.321809
7833020,0.519176,0.591086,0.526570,-0.322177
7841353,0.519505,0.591041,0.526034,-0.322605
7849686,0.520384,0.590388,0.525532,-0.323198
7858019,0.520790,0.590314,0.525199,-0.323224
7866352,0.519199,0.590948,0.525571,-0.324019
7874685,0.520770,0.588700,0.526282,-0.324435
7883018,0.523550,0.587505,0.524678,-0.324724
7891351,0.523138,0.587700,0.525846,-0.323142
7899684,0.523358,0.587896,0.524677,-0.324330
7908017,0.524814,0.585947,0.524869,-0.325189
7916350,0.525304,0.585977,0.524354,-0.325177
7924683,0.526727,0.585278,0.524274,-0.324261
7933016,0.528066,0.584684,0.523371,-0.324613
7941349,0.527963,0.583911,0.524029,-0.325110
7949682,0.528455,0.582857,0.525224,-0.324274
7958015,0.528539,0.581986,0.526517,-0.323603
7966348,0.528036,0.580731,0.528919,-0.322759
7974681,0.527688,0.578885,0.531608,-0.322227
7983014,0.527096,0.577821,0.534135,-0.320922
7991347,0.526590,0.577045,0.536540,-0.319135
7999680,0.526211,0.575717,0.540269,-0.315849
8008013,0.526342,0.574581,0.542563,-0.313762
8016346,0.525775,0.574729,0.544597,-0.310904
8024679,0.525290,0.574979,0.546054,-0.308699
8033011,0.522882,0.579176,0.546802,-0.303574
8041345,0.521146,0.581341,0.548736,-0.298895
8049678,0.518317,0.585366,0.550391,-0.292854
8058011,0.514933,0.589276,0.552798,-0.286377
8066344,0.510869,0.594188,0.555171,-0.278818
8074676,0.506797,0.600336,0.556602,-0.270089
8083010,0.503421,0.605169,0.558311,-0.261966
8091343,0.499972,0.612430,0.559003,-0.249947
8099676,0.497913,0.613372,0.562605,-0.243585
8108009,0.494237,0.618547,0.563628,-0.235485
8116341,0.490868,0.622992,0.566007,-0.224869
8124675,0.490772,0.624960,0.568459,-0.213127
8133008,0.487814,0.626825,0.573059,-0.201821
8141341,0.485678,0.627868,0.577270,-0.191463
8149674,0.485212,0.626916,0.581738,-0.182010
8158007,0.484619,0.628915,0.583875,-0.169414
8166340,0.484291,0.629812,0.586150,-0.158830
8174673,0.484455,0.630166,0.587822,-0.150532
8183006,0.485370,0.629289,0.589994,-0.142543
8191338,0.485295,0.629451,0.591747,-0.134596
8199672,0.487055,0.628805,0.592796,-0.126394
8208005,0.486918,0.628497,0.594908,-0.118271
8216338,0.487404,0.628108,0.596175,-0.111771
8224671,0.490948,0.624406,0.597571,-0.109528
8233003,0.488946,0.626699,0.598388,-0.100554
8241337,0.484084,0.630885,0.599790,-0.088878
8249670,0.483268,0.630160,0.602229,-0.081668
8258003,0.483980,0.628128,0.604585,-0.075468
8266336,0.486024,0.621299,0.610004,-0.075253
8274668,0.490411,0.614632,0.613009,-0.077104
8283002,0.488832,0.616035,0.613840,-0.068874
8291335,0.487025,0.617771,0.614490,-0.059731
8299668,0.486790,0.617168,0.615937,-0.052545
8308001,0.489615,0.614996,0.616241,-0.047997
8316333,0.492971,0.607862,0.620490,-0.049752
8324667,0.498152,0.600749,0.623049,-0.052496
8333000,0.498520,0.601659,0.622462,-0.045020
8341333,0.499785,0.600478,0.622948,-0.039708
8349666,0.503809,0.597368,0.622850,-0.037223
8357998,0.509346,0.594416,0.620946,-0.040782
8366332,0.512155,0.592596,0.620293,-0.042004
8374665,0.513619,0.594215,0.617636,-0.040357
8382998,0.508124,0.599473,0.617581,-0.032196
8391331,0.521262,0.592346,0.612807,-0.043346
8399664,0.528997,0.587078,0.610763,-0.049697
8407997,0.535782,0.584637,0.606790,-0.054245
8416330,0.541227,0.581540,0.604534,-0.058504
8424663,0.546035,0.579090,0.602084,-0.063212
8432996,0.551631,0.576861,0.598302,-0.070491
8441329,0.556662,0.574385,0.595360,-0.075869
8449662,0.561520,0.572103,0.592086,-0.082626
8457995,0.565834,0.570262,0.588977,-0.087970
8466328,0.571031,0.567262,0.585959,-0.093750
8474661,0.572761,0.566121,0.584927,-0.096502
8482994,0.576784,0.564524,0.581878,-0.100254
8491327,0.579920,0.562881,0.579667,-0.104131
8499660,0.579367,0.561129,0.581351,-0.107231
8507993,0.579667,0.561160,0.580875,-0.108026
8516326,0.586912,0.558217,0.575516,-0.112733
8524659,0.585823,0.556983,0.577632,-0.113675
8532992,0.585183,0.556212,0.578588,-0.115864
8541325,0.587969,0.553148,0.578243,-0.118129
8549658,0.587964,0.551825,0.578944,-0.120876
8557991,0.590576,0.550472,0.576840,-0.124325
8566324,0.591228,0.550318,0.575290,-0.129001
8574657,0.591344,0.549920,0.574688,-0.132791
8582990,0.593360,0.549062,0.572486,-0.136806
8591323,0.592966,0.550786,0.569834,-0.142532
8599656,0.591804,0.551821,0.568655,-0.147964
8607989,0.591126,0.553117,0.566568,-0.153727
8616322,0.588500,0.554489,0.566654,-0.158470
8624655,0.584476,0.557208,0.566439,-0.164479
8632988,0.580538,0.558714,0.567160,-0.170719
8641321,0.581328,0.559070,0.563773,-0.177929
8649654,0.579007,0.559282,0.563646,-0.185089
8657987,0.573576,0.559395,0.566747,-0.192056
8666320,0.570411,0.558542,0.568464,-0.198770
8674653,0.568486,0.554574,0.570901,-0.208190
8682986,0.567243,0.550136,0.573203,-0.216852
8691319,0.566421,0.548195,0.573900,-0.222009
8699652,0.566746,0.543579,0.576401,-0.226014
8707985,0.567026,0.537124,0.579478,-0.232776
8716318,0.567317,0.531513,0.582130,-0.238265
8724651,0.569930,0.526097,0.582027,-0.244225
8732984,0.569470,0.521605,0.584624,-0.248690
8741317,0.568976,0.518374,0.586077,-0.253118
8749650,0.570107,0.516515,0.584690,-0.257543
8757983,0.568526,0.513305,0.586621,-0.263007
8766316,0.566791,0.508981,0.588968,-0.269820
8774649,0.565774,0.510181,0.586710,-0.274565
8782982,0.563041,0.510780,0.587019,-0.278383
8791315,0.560360,0.510601,0.587324,-0.283432
8799648,0.557962,0.511289,0.585867,-0.289865
8807981,0.553686,0.514301,0.584946,-0.294558
8816314,0.549932,0.515943,0.584632,-0.299304
8824647,0.544663,0.517177,0.586132,-0.303841
8832980,0.540292,0.518893,0.585649,-0.309597
8841313,0.537063,0.519897,0.585646,-0.313510
8849646,0.533567,0.520915,0.586399,-0.316368
8857979,0.531892,0.520544,0.587105,-0.318485
8866312,0.528146,0.520324,0.588973,-0.321615
8874645,0.525778,0.520456,0.588725,-0.325707
8882978,0.525026,0.520394,0.587525,-0.329168
8891311,0.521852,0.520667,0.588825,-0.331453
8899644,0.520592,0.519725,0.590251,-0.332375
8907977,0.519018,0.518455,0.591922,-0.333846
8916310,0.518275,0.518831,0.590987,-0.336065
8924643,0.517198,0.519436,0.590129,-0.338290
8932976,0.516415,0.519734,0.590006,-0.339243
8941309,0.515512,0.520638,0.589619,-0.339901
8949642,0.514045,0.523395,0.588617,-0.339627
8957975,0.512895,0.524671,0.587940,-0.340566
8966308,0.512256,0.526305,0.586955,-0.340705
8974641,0.511269,0.528328,0.586258,-0.340257
8982974,0.510907,0.530229,0.585089,-0.339855
8991307,0.512361,0.531500,0.583001,-0.339270
8999640,0.511611,0.533293,0.582111,-0.339117
9007973,0.510756,0.534860,0.581824,-0.338429
9016306,0.511107,0.536102,0.581936,-0.335732
9024639,0.509907,0.538523,0.580946,-0.335395
9032972,0.510829,0.538127,0.581183,-0.334215
9041305,0.512656,0.538133,0.580398,-0.332768
9049638,0.514029,0.538394,0.579287,-0.332164
9057971,0.513650,0.539180,0.579665,-0.330811
9066304,0.515029,0.538063,0.580601,-0.328841
9074637,0.516149,0.537954,0.581444,-0.325759
9082970,0.517734,0.536730,0.581850,-0.324533
9091303,0.519412,0.534517,0.582524,-0.324297
9099636,0.520491,0.534651,0.582885,-0.321687
9107969,0.524317,0.532987,0.582208,-0.319453
9116302,0.525662,0.531380,0.583131,-0.318233
9124635,0.526396,0.530811,0.584369,-0.315690
9132968,0.529465,0.529036,0.584487,-0.313310
9141301,0.529170,0.528323,0.586660,-0.310940
9149634,0.529285,0.528504,0.587887,-0.308107
9157967,0.530720,0.527775,0.588729,-0.305267
9166300,0.533753,0.525704,0.590664,-0.299764
9174633,0.534811,0.524108,0.593692,-0.294648
9182966,0.535736,0.524101,0.593866,-0.292624
9191299,0.539648,0.522348,0.593521,-0.289249
9199632,0.540187,0.520929,0.597078,-0.283423
9207965,0.543717,0.518275,0.598357,-0.278803
9216298,0.545390,0.515972,0.601715,-0.272508
9224631,0.548540,0.513267,0.602696,-0.269106
9232964,0.551380,0.511059,0.604308,-0.263839
9241297,0.554790,0.508918,0.603718,-0.262173
9249630,0.557989,0.507730,0.603631,-0.257853
9257963,0.562216,0.504953,0.604249,-0.252622
9266296,0.564214,0.503039,0.605569,-0.248798
9274629,0.568414,0.502132,0.604367,-0.243946
9282962,0.573760,0.501642,0.601373,-0.239804
9291295,0.577509,0.501400,0.598340,-0.238895
9299628,0.579476,0.502969,0.597470,-0.232938
9307961,0.582116,0.503902,0.594915,-0.230867
9316294,0.587491,0.505451,0.589139,-0.228667
9324627,0.588299,0.508615,0.586599,-0.226090
9332960,0.589456,0.512584,0.583330,-0.222544
9341293,0.591242,0.516264,0.579587,-0.219053
9349626,0.591697,0.521658,0.575839,-0.214889
9357959,0.591313,0.526220,0.573559,-0.210882
9366292,0.592284,0.530681,0.569235,-0.208685
9374625,0.592899,0.534526,0.565648,-0.206869
9382958,0.594790,0.537099,0.562174,-0.204230
9391291,0.594972,0.540645,0.560481,-0.198929
9399624,0.597057,0.543536,0.555674,-0.198290
9407957,0.596774,0.545496,0.555358,-0.194610
9416290,0.597446,0.547177,0.553776,-0.192319
9424623,0.596196,0.548221,0.555945,-0.186895
9432956,0.596700,0.548511,0.556084,-0.183999
9441289,0.597764,0.548650,0.555768,-0.181062
9449622,0.598454,0.548293,0.556892,-0.176350
9457955,0.600667,0.546408,0.557007,-0.174302
9466288,0.601534,0.541631,0.560877,-0.173809
9474621,0.601361,0.543400,0.561312,-0.167362
9482954,0.601908,0.544147,0.562184,-0.159876
9491287,0.601992,0.543577,0.564050,-0.154842
9499620,0.602946,0.542747,0.564736,-0.151509
9507953,0.604927,0.540671,0.565711,-0.147340
9516286,0.605122,0.539082,0.568421,-0.141831
9524619,0.606396,0.536409,0.571140,-0.135455
9532952,0.606907,0.534443,0.573521,-0.130799
9541285,0.606953,0.532478,0.576423,-0.125739
9549618,0.607385,0.529457,0.579670,-0.121413
9557951,0.609139,0.526603,0.581372,-0.116816
9566284,0.610768,0.523496,0.583138,-0.113421
9574617,0.611559,0.520171,0.586129,-0.108954
9582950,0.613854,0.515838,0.588357,-0.104548
9591283,0.615032,0.512711,0.590255,-0.102285
9599616,0.615094,0.509593,0.593486,-0.098730
9607949,0.616930,0.506561,0.594509,-0.096714
9616282,0.616930,0.503895,0.597035,-0.095056
9624615,0.618513,0.501312,0.597712,-0.094170
9632948,0.618940,0.499790,0.598638,-0.093569
9641281,0.619647,0.497556,0.599994,-0.092103
9649614,0.618841,0.496335,0.601874,-0.091848
9657947,0.618006,0.495409,0.603432,-0.092242
9666280,0.620252,0.493632,0.602314,-0.093987
9674613,0.615958,0.493579,0.606942,-0.092723
9682946,0.615844,0.493439,0.606990,-0.093899
9691279,0.615020,0.493355,0.607821,-0.094365
9699612,0.611707,0.493510,0.611144,-0.093626
9707945,0.609316,0.493686,0.613056,-0.095759
9716278,0.608136,0.492992,0.614469,-0.097761
9724611,0.608952,0.491906,0.614164,-0.100041
9732944,0.608363,0.491574,0.614748,-0.101662
9741277,0.604755,0.491752,0.617972,-0.102775
9749610,0.604691,0.491075,0.618044,-0.105910
9757943,0.602121,0.491937,0.619619,-0.107332
9766276,0.599492,0.491790,0.621945,-0.109256
9774609,0.599046,0.492539,0.621117,-0.112975
9782942,0.595402,0.494274,0.622854,-0.115076
9791275,0.590840,0.497331,0.624266,-0.117735
9799608,0.591493,0.499105,0.621471,-0.121675
9807941,0.588443,0.501978,0.621706,-0.123428
9816274,0.584343,0.506037,0.621778,-0.125944
9824607,0.577555,0.509270,0.624980,-0.128352
9832940,0.572774,0.513882,0.624832,-0.132062
9841273,0.567635,0.517664,0.626144,-0.133260
9849606,0.562634,0.521887,0.626350,-0.136979
9857939,0.560192,0.524996,0.624726,-0.142414
9866272,0.555400,0.527841,0.625573,-0.146875
9874605,0.546664,0.531459,0.629868,-0.148242
9882938,0.540991,0.533073,0.632566,-0.151731
9891271,0.536577,0.533743,0.634683,-0.156144
9899604,0.533053,0.533552,0.636917,-0.159726
9907937,0.530309,0.532671,0.639261,-0.162421
9916270,0.527268,0.533323,0.640753,-0.164287
9924603,0.525552,0.533784,0.641257,-0.166312
9932936,0.522394,0.532706,0.644653,-0.166588
9941269,0.521379,0.531004,0.646748,-0.167079
9949602,0.519203,0.530369,0.648938,-0.167382
9957935,0.517989,0.531281,0.649102,-0.167613
9966268,0.515010,0.531256,0.652049,-0.165422
9974601,0.510809,0.533160,0.654210,-0.163780
9982934,0.507279,0.536092,0.654964,-0.162157
9991267,0.511266,0.537652,0.650060,-0.164194
9999600,0.502311,0.542862,0.653548,-0.160810
10007933,0.497480,0.546891,0.654258,-0.159282
10016266,0.492824,0.551894,0.654284,-0.156367
10024599,0.487467,0.556185,0.655015,-0.154885
10032932,0.482482,0.560727,0.655320,-0.152814
10041265,0.473257,0.564403,0.659617,-0.149606
10049598,0.466618,0.567594,0.662358,-0.146242
10057931,0.461532,0.569794,0.664747,-0.142949
10066264,0.459597,0.571479,0.665443,-0.139169
10074597,0.453285,0.573473,0.668416,-0.137411
10082930,0.455557,0.574627,0.665792,-0.137812
10091263,0.454850,0.575134,0.666122,-0.136432
10099596,0.450577,0.576282,0.668178,-0.135709
10107929,0.453376,0.575222,0.667115,-0.136113
10116262,0.447952,0.576772,0.669971,-0.133463
10124595,0.444491,0.578028,0.671361,-0.132612
10132928,0.443887,0.577907,0.671909,-0.132386
10141261,0.430989,0.577900,0.680867,-0.129229
10149594,0.420839,0.578968,0.686481,-0.128193
10157927,0.424279,0.581700,0.681924,-0.128812
10166260,0.423706,0.583666,0.680458,-0.129553
10174593,0.420762,0.585847,0.680057,-0.131393
10182926,0.417557,0.588366,0.679506,-0.133201
10191259,0.415768,0.590349,0.678681,-0.134230
10199592,0.414997,0.592384,0.677103,-0.135613
10207925,0.413081,0.594416,0.676170,-0.137214
10216258,0.409444,0.595923,0.676909,-0.137934
10224591,0.407241,0.595974,0.677989,-0.138925
10232924,0.407995,0.596697,0.676553,-0.140600
10241257,0.407048,0.597221,0.676285,-0.142398
10249590,0.407001,0.596427,0.676929,-0.142800
10257923,0.406511,0.594863,0.678514,-0.143197
10266256,0.405671,0.593761,0.679929,-0.143442
10274589,0.406407,0.592206,0.680628,-0.144469
10282922,0.407020,0.590002,0.682344,-0.143663
10291255,0.406731,0.589199,0.682945,-0.144914
10299588,0.406664,0.588255,0.683860,-0.144625
10307921,0.401883,0.585342,0.689019,-0.145320
10316254,0.414326,0.584447,0.682015,-0.147004
10324587,0.413442,0.583435,0.683383,-0.147162
10332920,0.409083,0.580585,0.688356,-0.147436
10341253,0.407403,0.577883,0.691587,-0.147584
10349586,0.409939,0.576261,0.690870,-0.150237
10357919,0.415740,0.574158,0.688885,-0.151462
10366252,0.419851,0.570522,0.689192,-0.152463
10374585,0.421211,0.566780,0.691076,-0.154129
10382918,0.434566,0.562123,0.685576,-0.158607
10391251,0.432416,0.559217,0.689274,-0.158726
10399584,0.437595,0.556360,0.687582,-0.161882
10407917,0.444212,0.552894,0.685773,-0.163399
10416250,0.444327,0.548780,0.689223,-0.162438
10424583,0.448796,0.546900,0.687443,-0.164023
10432916,0.455623,0.543340,0.685433,-0.165442
10441249,0.462228,0.540014,0.683169,-0.167360
10449582,0.469274,0.537427,0.679793,-0.169809
10457915,0.479113,0.535196,0.673964,-0.172596
10466248,0.485957,0.534526,0.669023,-0.174746
10474581,0.490116,0.533827,0.666619,-0.174456
10482914,0.497333,0.533626,0.660994,-0.176042
10491247,0.504683,0.534378,0.654241,-0.178055
10499580,0.506632,0.536554,0.651094,-0.177513
10507913,0.511759,0.538944,0.644920,-0.178102
10516246,0.516966,0.541418,0.638804,-0.177600
10524579,0.520944,0.543657,0.634064,-0.176115
10532912,0.524868,0.548198,0.627119,-0.175257
10541245,0.527245,0.550743,0.622502,-0.176597
10549578,0.531399,0.552845,0.617199,-0.176190
10557911,0.535517,0.555141,0.611621,-0.175957
10566244,0.537906,0.558881,0.605714,-0.177254
10574577,0.542646,0.562251,0.597805,-0.178992
10582910,0.543504,0.566678,0.592833,-0.178964
10591243,0.543669,0.570297,0.589787,-0.177021
10599576,0.544204,0.573778,0.586520,-0.174972
10607909,0.544643,0.577234,0.583147,-0.173508
10616242,0.542846,0.581149,0.581376,-0.172004
10624575,0.544781,0.582833,0.578352,-0.170377
10632908,0.544492,0.584946,0.576988,-0.168675
10641241,0.546665,0.586094,0.573022,-0.171166
10649574,0.545793,0.586927,0.574268,-0.166861
10657907,0.544638,0.588112,0.575076,-0.163651
10666240,0.548767,0.589291,0.570173,-0.162768
10674573,0.547004,0.592132,0.570682,-0.156486
10682906,0.546635,0.593778,0.570385,-0.152575
10691239,0.548015,0.592035,0.571277,-0.151052
10699572,0.549633,0.590997,0.571171,-0.149632
10707905,0.551687,0.589233,0.571015,-0.149624
10716238,0.553747,0.587400,0.571126,-0.148800
10724571,0.553161,0.586027,0.573339,-0.147881
10732904,0.553945,0.584556,0.574253,-0.147221
10741237,0.557203,0.582454,0.573060,-0.147899
10749570,0.557489,0.581706,0.573491,-0.148096
10757903,0.558302,0.580426,0.573894,-0.148492
10766236,0.558573,0.579506,0.574194,-0.149900
10774569,0.559708,0.578187,0.573988,-0.151541
10782902,0.560499,0.576607,0.574242,-0.153660
10791235,0.560907,0.575750,0.573525,-0.157999
10799568,0.562745,0.574181,0.572500,-0.160867
10807901,0.562188,0.573729,0.572655,-0.163847
10816234,0.564176,0.571264,0.571961,-0.167998
10824567,0.564937,0.570912,0.570504,-0.171555
10832900,0.564270,0.570149,0.570741,-0.175456
10841233,0.565450,0.569680,0.568573,-0.180155
10849566,0.565875,0.569023,0.567125,-0.185387
10857899,0.564742,0.569664,0.565193,-0.192630
10866232,0.565028,0.569287,0.563968,-0.196457
10874565,0.565505,0.569420,0.561357,-0.202096
10882898,0.565507,0.571408,0.556991,-0.208461
10891231,0.564086,0.572408,0.555172,-0.214336
10899564,0.562782,0.574142,0.551890,-0.221484
10907897,0.562320,0.575502,0.547804,-0.229139
10916230,0.562260,0.577032,0.543160,-0.236379
10924563,0.560531,0.579538,0.539463,-0.242737
10932896,0.557352,0.582153,0.536835,-0.249530
10941229,0.556802,0.585095,0.530433,-0.257441
10949562,0.557149,0.588431,0.521619,-0.266922
10957895,0.555775,0.592125,0.514362,-0.275559
10966228,0.551677,0.597134,0.508874,-0.283074
10974561,0.547479,0.601822,0.503305,-0.291139
10982894,0.545278,0.606453,0.494356,-0.300830
10991227,0.539789,0.611869,0.488475,-0.309251
10999560,0.535264,0.616180,0.481889,-0.318743
11007893,0.529393,0.620685,0.478083,-0.325468
11016226,0.524585,0.624110,0.473997,-0.332602
11024559,0.519483,0.626656,0.471578,-0.339196
11032892,0.514144,0.629256,0.470406,-0.344109
11041225,0.509900,0.630142,0.470691,-0.348387
11049558,0.506045,0.630688,0.469453,-0.354634
11057891,0.502739,0.630859,0.468946,-0.359665
11066224,0.498631,0.631702,0.468460,-0.364507
11074557,0.495475,0.631253,0.470642,-0.366770
11082890,0.492624,0.631157,0.471496,-0.369667
11091223,0.489565,0.631505,0.472437,-0.371928
11099556,0.487951,0.631378,0.473015,-0.373528
11107889,0.484405,0.632574,0.473653,-0.375306
11116222,0.481700,0.633658,0.474788,-0.375525
11124555,0.479058,0.635682,0.474805,-0.375463
11132888,0.477570,0.637643,0.473004,-0.376306
11141221,0.473193,0.641222,0.472326,-0.376605
11149554,0.470279,0.643424,0.471899,-0.377033
11157887,0.466903,0.646076,0.470615,-0.378297
11166220,0.462102,0.649506,0.468835,-0.380524
11174553,0.459026,0.652319,0.469786,-0.378254
11182886,0.455028,0.655550,0.467840,-0.379909
11191219,0.451625,0.659300,0.463893,-0.382311
11199552,0.445921,0.663556,0.460774,-0.385403
11207885,0.441194,0.666268,0.458143,-0.389280
11216218,0.437395,0.669088,0.455372,-0.391972
11224551,0.431687,0.672005,0.453961,-0.394937
11232884,0.426604,0.674890,0.451124,-0.398772
11241217,0.423080,0.676662,0.447084,-0.404040
11249550,0.417833,0.678432,0.444454,-0.409398
11257883,0.413500,0.680285,0.440927,-0.414503
11266216,0.408873,0.682028,0.437206,-0.420132
11274549,0.404466,0.684029,0.432630,-0.425845
11282882,0.398858,0.685738,0.429110,-0.431903
11291215,0.393700,0.687136,0.425229,-0.438207
11299548,0.388948,0.688058,0.423601,-0.442559
11307881,0.383635,0.690812,0.418140,-0.448065
11316214,0.377353,0.692697,0.415808,-0.452636
11324547,0.371591,0.694049,0.412303,-0.458501
11332880,0.365319,0.696708,0.406794,-0.464390
11341213,0.360106,0.697483,0.405008,-0.468839
11349546,0.354995,0.699044,0.403361,-0.471822
11357879,0.352346,0.700953,0.399131,-0.474565
11366212,0.346240,0.701836,0.397908,-0.478762
11374545,0.339558,0.702899,0.395697,-0.483795
11382878,0.335380,0.704338,0.395263,-0.484969
11391211,0.331252,0.705120,0.394599,-0.487206
11399544,0.326754,0.707243,0.393161,-0.488327
11407877,0.324321,0.707021,0.393665,-0.489862
11416210,0.322485,0.708925,0.392294,-0.489422
11424543,0.320536,0.710298,0.392233,-0.488760
11432876,0.317484,0.712109,0.390647,-0.489386
11441209,0.315790,0.713774,0.390070,-0.488517
11449542,0.312749,0.715182,0.389991,-0.488476
11457875,0.309536,0.717535,0.387011,-0.489443
11466208,0.308899,0.719132,0.385813,-0.488445
11474541,0.307423,0.720798,0.383259,-0.488932
11482874,0.307727,0.721604,0.382914,-0.487820
11491207,0.306662,0.721544,0.379567,-0.491184
11499540,0.307134,0.723809,0.377005,-0.489526
11507873,0.308224,0.726005,0.372563,-0.488991
11516206,0.307922,0.726029,0.371869,-0.489672
11524539,0.309430,0.726121,0.367842,-0.491624
11532872,0.308473,0.725184,0.366490,-0.494608
11541205,0.308198,0.726595,0.362859,-0.495386
11549538,0.308124,0.725980,0.361279,-0.497483
11557871,0.309647,0.723799,0.358808,-0.501489
11566204,0.310764,0.724180,0.355391,-0.502679
11574537,0.309371,0.723528,0.353248,-0.505977
11582870,0.309242,0.722195,0.351602,-0.509096
11591203,0.308948,0.721076,0.348846,-0.512745
11599536,0.308911,0.719595,0.347939,-0.515456
11607869,0.308887,0.719351,0.343065,-0.519066
11616202,0.309277,0.717921,0.339547,-0.523111
11624535,0.310826,0.717676,0.334559,-0.525736
11632868,0.309602,0.716837,0.329547,-0.530745
11641201,0.310260,0.716978,0.325232,-0.532828
11649534,0.311383,0.716890,0.318611,-0.536281
11657867,0.310677,0.716933,0.311877,-0.540574
11666200,0.310130,0.717658,0.305758,-0.543413
11674533,0.310692,0.718623,0.298988,-0.545581
11682866,0.312469,0.721184,0.288195,-0.546992
11691199,0.311413,0.726395,0.279917,-0.544994
11699532,0.310046,0.729011,0.271192,-0.546690
11707865,0.310561,0.734440,0.258130,-0.545452
11716198,0.308839,0.737551,0.246797,-0.547475
11724531,0.309208,0.743379,0.233512,-0.545207
11732864,0.309938,0.749466,0.221170,-0.541592
11741197,0.309303,0.756600,0.207695,-0.537356
11749530,0.310230,0.763902,0.196732,-0.530573
11757863,0.312709,0.770276,0.180872,-0.525522
11766196,0.311861,0.776851,0.170071,-0.519924
11774529,0.312400,0.782142,0.158595,-0.515275
11782862,0.313949,0.788652,0.144558,-0.508495
11791195,0.315629,0.793266,0.133351,-0.503314
11799528,0.316773,0.797139,0.125160,-0.498557
11807861,0.318623,0.800666,0.117378,-0.493595
11816194,0.321020,0.804201,0.108271,-0.488348
11824527,0.322694,0.806339,0.100173,-0.485439
11832860,0.325263,0.807754,0.093777,-0.482642
11841193,0.327568,0.808714,0.087332,-0.480681
11849526,0.328977,0.810133,0.081577,-0.478335
11857859,0.330246,0.811260,0.075824,-0.476492
11866192,0.330865,0.812478,0.069876,-0.474894
11874525,0.332620,0.813287,0.063098,-0.473230
11882858,0.331617,0.814384,0.059292,-0.472540
11891191,0.329142,0.815211,0.055665,-0.473285
11899524,0.327591,0.815924,0.049140,-0.473854
11907857,0.326266,0.817015,0.043989,-0.473394
11916190,0.324537,0.818494,0.038356,-0.472517
11924523,0.321579,0.819716,0.033207,-0.472811
11932856,0.317992,0.820919,0.027797,-0.473499
11941189,0.313779,0.821981,0.023397,-0.474703
11949522,0.309897,0.823611,0.017184,-0.474694
11957855,0.304318,0.824596,0.012988,-0.476721
11966188,0.299999,0.825554,0.008103,-0.477908
11974521,0.295521,0.824726,0.005294,-0.482148
11982854,0.289790,0.824045,0.000348,-0.486798
11991187,0.286075,0.825082,-0.006255,-0.487197
11999520,0.281400,0.825155,-0.012264,-0.489676
12007853,0.275076,0.823629,-0.015825,-0.495700
12016186,0.269228,0.822613,-0.022202,-0.500332
12024519,0.263231,0.822546,-0.028043,-0.503331
12032852,0.256316,0.822060,-0.034617,-0.507268
12041185,0.248772,0.821911,-0.041884,-0.510706
12049518,0.241337,0.821398,-0.047529,-0.514589
12057851,0.233876,0.821003,-0.054850,-0.517926
12066184,0.226728,0.821446,-0.062502,-0.519533
12074517,0.217437,0.821056,-0.068919,-0.523296
12082850,0.210197,0.820053,-0.077382,-0.526633
12091183,0.200817,0.818708,-0.083540,-0.531424
12099516,0.193456,0.817600,-0.091856,-0.534479
12107849,0.186063,0.816423,-0.099095,-0.537600
12116182,0.178277,0.814741,-0.107947,-0.541074
12124515,0.169044,0.811141,-0.115332,-0.547881
12132848,0.158295,0.808343,-0.123854,-0.553339
12141181,-0.145712,-0.804732,0.128903,0.560855
12149514,-0.134534,-0.799971,0.135991,0.568730
12157847,-0.122033,-0.794669,0.145514,0.576572
12166180,-0.108805,-0.791162,0.157387,0.580908
12174513,-0.098343,-0.785553,0.167364,0.587558
12182846,-0.082907,-0.782009,0.177584,0.591652
12191179,-0.068999,-0.778995,0.188031,0.594181
12199512,-0.057150,-0.775951,0.197615,0.596307
12207845,-0.045614,-0.771790,0.206314,0.599745
12216178,-0.032771,-0.768921,0.211505,0.602455
12224511,0.024705,0.768813,-0.217560,-0.600820
12232844,0.016551,0.767549,-0.222175,-0.601026
12241177,0.009085,0.766619,-0.224770,-0.601407
12249510,0.000522,0.764906,-0.226728,-0.602920
12257843,-0.007340,0.763187,-0.227380,-0.604806
12266176,-0.013986,0.763587,-0.224817,-0.605142
12274509,-0.020126,0.763492,-0.221139,-0.606442
12282842,-0.026429,0.762510,-0.216682,-0.609039
12291175,-0.033476,0.761026,-0.211069,-0.612510
12299508,-0.038087,0.760397,-0.203391,-0.615611
12307841,-0.043412,0.758618,-0.195401,-0.620026
12316174,-0.049855,0.757354,-0.184959,-0.624275
12324507,-0.052362,0.757263,-0.176770,-0.626549
12332840,-0.055329,0.756181,-0.168462,-0.629880
12341173,-0.056177,0.755185,-0.160223,-0.633142
12349506,-0.057179,0.753170,-0.152566,-0.637330
12357839,-0.058688,0.750161,-0.144353,-0.642633
12366172,-0.060599,0.748070,-0.139029,-0.646058
12374505,-0.062921,0.746008,-0.135578,-0.648947
12382838,-0.066141,0.742520,-0.131790,-0.653392
12391171,-0.067141,0.742681,-0.130687,-0.653329
12399504,-0.069302,0.741361,-0.130808,-0.654576
12407837,-0.072492,0.739844,-0.131904,-0.655726
12416170,-0.074427,0.740038,-0.133583,-0.654950
12424503,-0.074334,0.740573,-0.134885,-0.654089
12432836,-0.077474,0.740857,-0.138063,-0.652738
12441169,-0.080294,0.740882,-0.140534,-0.651841
12449502,-0.082509,0.741527,-0.144487,-0.649964
12457835,-0.085040,0.742658,-0.148078,-0.647534
12466168,-0.086315,0.743106,-0.150725,-0.646239
12474501,-0.089040,0.743658,-0.154431,-0.644357
12482834,-0.089978,0.744054,-0.158370,-0.642811
12491167,-0.090434,0.742474,-0.161470,-0.643803
12499500,-0.091897,0.742165,-0.164505,-0.643183
12507833,-0.090880,0.741343,-0.168215,-0.643315
12516166,-0.090717,0.739462,-0.169766,-0.645094
12524499,-0.088704,0.737466,-0.170600,-0.647434
12532832,-0.088478,0.735861,-0.172667,-0.648742
12541165,-0.085089,0.733376,-0.172794,-0.651967
12549498,-0.082546,0.732457,-0.175539,-0.652594
12557831,-0.079180,0.731509,-0.176240,-0.653885
12566164,-0.074169,0.731039,-0.177636,-0.654619
12574497,-0.068786,0.730816,-0.179090,-0.655060
12582830,-0.063860,0.729540,-0.181687,-0.656265
12591163,-0.060894,0.728895,-0.182747,-0.656968
12599496,-0.056553,0.727788,-0.182595,-0.658624
12607829,-0.051273,0.726026,-0.185844,-0.660090
12616162,-0.045529,0.725130,-0.188056,-0.660869
12624495,-0.040556,0.723740,-0.190318,-0.662068
12632828,-0.036215,0.720952,-0.190118,-0.665411
12641161,-0.031031,0.717776,-0.189348,-0.669314
12649494,-0.026112,0.714451,-0.189651,-0.672986
12657827,-0.021284,0.713569,-0.189895,-0.674023
12666160,-0.015648,0.711776,-0.191642,-0.675576
12674493,-0.011253,0.712344,-0.193648,-0.674492
12682826,-0.008060,0.710703,-0.194073,-0.676145
12691159,-0.006349,0.709028,-0.193520,-0.678078
12699492,-0.002904,0.709608,-0.194194,-0.677301
12707825,0.002457,0.711242,-0.194877,-0.675390
12716158,0.005186,0.708956,-0.193943,-0.678041
12724491,0.007876,0.708005,-0.194409,-0.678876
12732824,-0.009815,-0.708495,0.195735,0.677957
12741157,-0.013702,-0.709051,0.197483,0.676801
12749490,-0.016571,-0.708497,0.198788,0.676935
12757823,-0.019058,-0.708574,0.200902,0.676164
12766156,-0.022444,-0.709441,0.201104,0.675090
12774489,-0.022959,-0.708511,0.204820,0.674932
12782822,-0.022881,-0.709202,0.209644,0.672724
12791155,-0.023646,-0.710163,0.216263,0.669582
12799488,-0.023071,-0.709298,0.220215,0.669231
12807821,-0.023471,-0.706746,0.224527,0.670482
12816154,-0.024727,-0.704771,0.230350,0.670541
12824487,-0.025094,-0.706456,0.234507,0.667305
12832820,-0.028194,-0.702494,0.239079,0.669737
12841153,-0.030615,-0.702542,0.241584,0.668682
12849486,-0.038527,-0.692760,0.246659,0.676578
12857819,-0.046348,-0.690746,0.245921,0.678414
12866152,-0.050386,-0.695751,0.243929,0.673714
12874485,-0.063545,-0.682726,0.236890,0.688281
12882818,-0.072156,-0.684544,0.218913,0.691571
12891151,-0.077301,-0.696201,0.198231,0.685590
12899484,-0.087869,-0.689457,0.173639,0.697694
12907817,-0.095959,-0.686238,0.151176,0.704993
12916150,-0.101134,-0.682933,0.132210,0.711263
12924483,-0.105777,-0.677878,0.116974,0.718060
12932816,-0.106532,-0.687697,0.111560,0.709421
12941149,-0.108148,-0.673887,0.106404,0.723089
12949482,-0.107428,-0.670642,0.102862,0.726717
12957815,-0.113919,-0.688033,0.113205,0.707685
12966148,-0.108190,-0.671088,0.110783,0.725026
12974481,-0.105283,-0.661219,0.108353,0.734823
12982814,-0.106443,-0.661554,0.106565,0.734616
12991147,-0.113441,-0.684803,0.111198,0.711204
12999480,-0.114018,-0.679977,0.105332,0.716615
13007813,-0.113958,-0.664421,0.097542,0.732150
13016146,-0.116988,-0.672951,0.095199,0.724146
13024479,-0.115741,-0.668446,0.088763,0.729318
13032812,-0.116561,-0.665356,0.081269,0.732878
13041145,-0.115091,-0.659432,0.077122,0.738888
13049478,-0.113722,-0.662693,0.071478,0.736747
13057811,-0.112749,-0.648144,0.063395,0.750452
13066144,-0.111281,-0.642783,0.059209,0.755607
13074477,-0.111774,-0.639647,0.053531,0.758613
13082810,-0.114151,-0.639434,0.045786,0.758945
13091143,-0.112991,-0.638638,0.038723,0.760181
13099476,-0.117433,-0.636815,0.031489,0.761370
13107809,-0.119328,-0.630557,0.022587,0.766582
13116142,-0.119809,-0.633146,0.014421,0.764567
13124475,-0.120756,-0.641073,0.005597,0.757900
13132808,-0.119060,-0.635854,-0.005649,0.762550
13141141,-0.116197,-0.639634,-0.013744,0.759722
13149474,-0.111952,-0.651876,-0.018859,0.749779
13157807,-0.107783,-0.652654,-0.024950,0.749535
13166140,-0.103532,-0.655013,-0.028236,0.747958
13174473,-0.099561,-0.661465,-0.025240,0.742909
13182806,-0.098531,-0.671330,-0.017892,0.734362
13191139,-0.096656,-0.685169,-0.005952,0.721918
13199472,-0.093799,-0.678043,0.001741,0.729010
13207805,-0.094305,-0.681518,0.017035,0.725499
13216138,-0.093636,-0.673788,0.028746,0.732404
13224471,-0.093520,-0.671035,0.042723,0.734262
13232804,-0.096266,-0.650315,0.050812,0.751826
13241137,-0.098651,-0.649840,0.060985,0.751170
13249470,-0.102377,-0.637342,0.070396,0.760499
13257803,-0.109916,-0.628705,0.077400,0.765936
13266136,-0.116964,-0.617869,0.082496,0.773144
13274469,-0.122626,-0.611057,0.087229,0.777151
13282802,-0.125534,-0.603177,0.088899,0.782634
13291135,-0.129303,-0.599294,0.088110,0.785089
13299468,-0.128736,-0.598163,0.089378,0.785900
13307801,-0.123922,-0.597059,0.088442,0.787618
13316134,-0.119963,-0.596696,0.085871,0.788790
13324467,-0.116793,-0.604508,0.081659,0.783748
13332800,-0.111370,-0.607411,0.079462,0.782518
13341133,-0.109050,-0.619560,0.080378,0.773171
13349466,-0.106335,-0.627703,0.080496,0.766943
13357799,-0.103437,-0.635656,0.079773,0.760840
13366132,-0.099461,-0.621899,0.078786,0.772749
13374465,-0.098541,-0.624891,0.080071,0.770318
13382798,-0.099649,-0.625341,0.082122,0.769594
13391131,-0.102253,-0.631437,0.086690,0.763752
13399464,-0.098864,-0.622890,0.089516,0.770857
13407797,-0.096484,-0.617602,0.092560,0.775043
13416130,-0.097387,-0.618882,0.095880,0.773504
13424463,-0.097789,-0.617242,0.099304,0.774331
13432796,-0.096407,-0.620471,0.103462,0.771374
13441129,-0.091165,-0.612719,0.105426,0.777913
13449462,-0.090860,-0.613607,0.108549,0.776819
13457795,-0.086696,-0.609373,0.112280,0.780091
13466128,-0.081000,-0.606051,0.115547,0.782809
13474461,-0.074818,-0.605147,0.116787,0.783939
13482794,-0.065822,-0.603849,0.117978,0.785567
13491127,-0.056627,-0.606478,0.120213,0.783918
13499460,-0.048541,-0.610008,0.119817,0.781779
13507793,-0.045717,-0.622046,0.120180,0.772351
13516126,-0.043046,-0.630488,0.121400,0.765437
13524459,-0.039896,-0.651734,0.108985,0.749515
13532792,-0.043420,-0.666180,0.081977,0.739999
13541125,-0.051659,-0.667844,0.074742,0.738735
13549458,-0.055695,-0.664160,0.075539,0.741676
13557791,-0.059072,-0.661004,0.071663,0.744613
13566124,-0.060606,-0.658128,0.067564,0.747415
13574457,-0.059353,-0.648813,0.066288,0.755728
13582790,-0.064631,-0.651916,0.071069,0.752182
13591123,-0.066892,-0.646109,0.077377,0.756361
13599456,-0.068839,-0.635530,0.087762,0.763977
13607789,-0.075737,-0.635572,0.099532,0.761843
13616122,-0.081800,-0.635218,0.112189,0.759751
13624455,-0.085554,-0.628722,0.124369,0.762838
13632788,-0.088868,-0.622365,0.136736,0.765550
13641121,-0.093707,-0.619553,0.147899,0.765179
13649454,-0.098383,-0.619250,0.157189,0.762983
13657787,-0.102765,-0.618904,0.165431,0.760940
13666120,-0.106408,-0.619926,0.171155,0.758337
13674453,-0.109725,-0.619256,0.174695,0.757604
13682786,-0.113847,-0.627400,0.177591,0.749580
13691119,-0.114084,-0.622768,0.178863,0.753096
13699452,-0.115088,-0.622441,0.177478,0.753541
13707785,-0.117473,-0.624572,0.176252,0.751695
13716118,-0.118552,-0.629030,0.175077,0.748074
13724451,-0.121880,-0.636283,0.169769,0.742609
13732784,-0.120702,-0.632801,0.167926,0.746187
13741117,-0.119045,-0.634202,0.172408,0.744239
13749450,-0.117491,-0.637679,0.173776,0.741190
13757783,-0.113077,-0.632073,0.173399,0.746747
13766116,-0.110021,-0.632015,0.170392,0.747943
13774449,-0.106106,-0.625348,0.167491,0.754737
13782782,-0.101055,-0.620125,0.166193,0.760008
13791115,-0.095731,-0.611252,0.161302,0.768887
13799448,-0.090821,-0.603569,0.157065,0.776394
13807781,-0.090275,-0.609319,0.153374,0.772694
13816114,-0.084282,-0.600261,0.152397,0.780614
13824447,-0.078339,-0.596864,0.150218,0.784252
13832780,-0.076658,-0.602712,0.150092,0.779958
13841113,-0.074606,-0.607429,0.150896,0.776334
13849446,-0.077090,-0.613617,0.147247,0.771913
13857779,-0.077785,-0.624756,0.149167,0.762482
13866112,-0.079384,-0.637379,0.150169,0.751596
13874445,-0.081204,-0.648944,0.150541,0.741361
13882778,-0.083892,-0.659924,0.145812,0.732258
13891111,-0.086641,-0.667640,0.142325,0.725599
13899444,-0.089870,-0.683972,0.144526,0.709379
13907777,-0.091717,-0.691080,0.143220,0.702485
13916110,-0.093178,-0.697809,0.143541,0.695541
13924443,-0.096488,-0.703899,0.143641,0.688900
13932776,-0.098946,-0.712287,0.143056,0.679994
13941109,-0.101394,-0.713454,0.143569,0.678300
13949442,-0.102982,-0.712989,0.146360,0.677953
13957775,-0.101872,-0.722738,0.145627,0.667881
13966108,-0.103149,-0.731007,0.143654,0.659055
13974441,-0.102911,-0.736159,0.141561,0.653789
13982774,-0.102752,-0.734435,0.144319,0.655148
13991107,-0.099994,-0.724084,0.145129,0.666814
13999440,-0.099091,-0.717645,0.141904,0.674559
14007773,-0.099657,-0.723516,0.139983,0.668579
14016106,-0.098246,-0.717657,0.138812,0.675313
14024439,-0.096495,-0.712467,0.138199,0.681161
14032772,-0.096019,-0.714020,0.139304,0.679375
14041105,-0.094991,-0.718741,0.140967,0.674179
14049438,-0.095189,-0.706513,0.145857,0.685933
14057771,-0.092416,-0.705891,0.151459,0.685739
14066104,-0.090327,-0.710727,0.154417,0.680340
14074437,-0.089669,-0.710011,0.158888,0.680146
14082770,-0.089906,-0.710185,0.161958,0.679208
14091103,-0.089594,-0.714242,0.165726,0.674067
14099436,-0.086625,-0.714303,0.172294,0.672742
14107769,-0.086314,-0.714109,0.176088,0.672006
14116102,-0.085709,-0.710076,0.178178,0.675795
14124435,-0.084855,-0.705148,0.181849,0.680071
14132768,-0.084976,-0.707127,0.184823,0.677193
14141101,-0.085410,-0.704324,0.186020,0.679727
14149434,-0.084868,-0.701008,0.187278,0.682870
14157767,-0.084007,-0.698363,0.189056,0.685193
14166100,-0.082313,-0.698618,0.190130,0.684842
14174433,-0.080851,-0.696881,0.189526,0.686950
14182766,-0.078650,-0.695509,0.191612,0.688017
14191099,-0.077535,-0.693844,0.192872,0.689471
14199432,-0.074848,-0.689483,0.195250,0.693461
14207765,-0.072758,-0.688374,0.196857,0.694330
14216098,-0.070461,-0.684325,0.195243,0.699010
14224431,-0.070781,-0.684228,0.193516,0.699552
14232764,-0.069558,-0.684252,0.193227,0.699732
14241097,-0.067785,-0.685057,0.194909,0.698651
14249430,-0.067285,-0.686277,0.193929,0.697773
14257763,-0.067535,-0.687781,0.191862,0.696840
14266096,-0.068431,-0.688878,0.189271,0.696377
14274429,-0.068891,-0.688103,0.186977,0.697716
14282762,-0.070476,-0.691235,0.186805,0.694500
14291095,-0.070121,-0.690917,0.186768,0.694863
14299428,-0.069562,-0.688406,0.185204,0.697823
14307761,-0.069358,-0.688656,0.183940,0.697932
14316094,-0.070241,-0.692390,0.182417,0.694540
14324427,-0.069395,-0.690839,0.180599,0.696642
14332760,-0.071835,-0.697099,0.179140,0.690508
14341093,-0.071673,-0.694113,0.178221,0.693764
14349426,-0.071887,-0.694004,0.177996,0.693908
14357759,-0.072287,-0.693776,0.177191,0.694300
14366092,-0.071916,-0.692872,0.176908,0.695313
14374425,-0.071942,-0.693301,0.178169,0.694560
14382758,-0.073666,-0.691982,0.179190,0.695432
14391091,-0.072933,-0.693051,0.178985,0.694497
14399424,-0.072954,-0.693392,0.177431,0.694552
14407757,-0.071921,-0.692222,0.176219,0.696134
14416090,-0.069966,-0.691176,0.174156,0.697890
14424423,-0.069954,-0.690713,0.172897,0.698662
14432756,-0.069213,-0.690901,0.172702,0.698598
14441089,-0.067220,-0.690130,0.173022,0.699475
14449422,-0.067219,-0.690791,0.171619,0.699169
14457755,-0.067311,-0.693203,0.171533,0.696789
14466088,-0.066006,-0.691717,0.171964,0.698283
14474421,-0.066074,-0.691215,0.172654,0.698604
14482754,-0.066662,-0.691737,0.171975,0.698198
14491087,-0.067089,-0.692278,0.171796,0.697665
14499420,-0.068104,-0.694145,0.171382,0.695811
14507753,-0.069366,-0.695029,0.171062,0.694882
14516086,-0.068764,-0.695163,0.171883,0.694605
14524419,-0.067653,-0.695508,0.171859,0.694374
14532752,-0.068385,-0.696225,0.171210,0.693744
14541085,-0.068750,-0.696993,0.171942,0.692755
14549418,-0.068552,-0.697657,0.173344,0.691757
14557751,-0.071343,-0.699313,0.171741,0.690201
14566084,-0.072132,-0.700641,0.172039,0.688696
14574417,-0.070749,-0.701271,0.174659,0.687538
14582750,-0.071760,-0.702132,0.173644,0.686811
14591083,-0.072749,-0.702598,0.173821,0.686185
14599416,-0.073003,-0.702946,0.174865,0.685536
14607749,-0.073381,-0.702916,0.174279,0.685675
14616082,-0.073306,-0.702813,0.174455,0.685744
14624415,-0.072460,-0.702851,0.175093,0.685633
14632748,-0.073185,-0.703827,0.174356,0.684742
14641081,-0.073412,-0.702231,0.175705,0.686011
14649414,-0.073792,-0.703426,0.175988,0.684671
14657747,-0.073763,-0.701730,0.175500,0.686537
14666080,-0.074050,-0.701661,0.176341,0.686361
14674413,-0.073952,-0.701482,0.176918,0.686407
14682746,-0.073644,-0.701610,0.177707,0.686105
14691079,-0.072719,-0.701069,0.178535,0.686542
14699412,-0.073414,-0.701411,0.177885,0.686287
14707745,-0.072596,-0.700245,0.178901,0.687300
14716078,-0.073390,-0.706891,0.180405,0.679980
14724411,-0.074345,-0.709550,0.179739,0.677278
14732744,-0.073777,-0.709819,0.179221,0.677195
14741077,-0.072771,-0.709183,0.179192,0.677978
14749410,-0.071390,-0.708592,0.179066,0.678776
14757743,-0.071322,-0.708928,0.178690,0.678531
14766076,-0.070514,-0.708422,0.178554,0.679180
14774409,-0.071116,-0.707988,0.176842,0.680017
14782742,-0.070116,-0.705093,0.174613,0.683695
14791075,-0.070550,-0.708140,0.176167,0.680092
14799408,-0.071170,-0.709456,0.176160,0.678656
14807741,-0.070580,-0.706859,0.175406,0.681617
14816074,-0.069888,-0.706246,0.174644,0.682519
14824407,-0.069429,-0.706612,0.174667,0.682181
14832740,-0.069395,-0.706001,0.174567,0.682842
14841073,-0.068910,-0.704961,0.175246,0.683791
14849406,-0.069401,-0.705421,0.173433,0.683730
14857739,-0.070015,-0.703997,0.172148,0.685457
14866072,-0.070200,-0.702801,0.171710,0.686774
14874405,-0.070823,-0.703141,0.171456,0.686425
14882738,-0.071453,-0.704683,0.171207,0.684839
14891071,-0.070839,-0.705510,0.172594,0.683702
14899404,-0.069517,-0.706070,0.173583,0.683009
14907737,-0.069827,-0.708488,0.174133,0.680328
14916070,-0.069145,-0.707478,0.172447,0.681877
14924403,-0.069965,-0.707268,0.171224,0.682319
14932736,-0.069870,-0.707108,0.171112,0.682522
14941069,-0.069866,-0.706355,0.171370,0.683238
14949402,-0.072072,-0.706490,0.170155,0.683173
14957735,-0.073642,-0.705952,0.169267,0.683782
14966068,-0.073906,-0.705050,0.169548,0.684614
14974401,-0.074781,-0.705389,0.170252,0.683994
14982734,-0.074967,-0.705749,0.170403,0.683565
14991067,-0.073837,-0.705832,0.172185,0.683156
14999400,-0.075281,-0.705662,0.171661,0.683306
15007733,-0.075482,-0.705581,0.171988,0.683285
15016066,-0.075701,-0.706088,0.173039,0.682470
15024399,-0.075496,-0.706159,0.174822,0.681965
15032732,-0.076031,-0.706132,0.175650,0.681721
15041065,-0.076400,-0.706055,0.176079,0.681649
15049398,-0.076779,-0.705536,0.175846,0.682204
15057731,-0.077869,-0.705714,0.174733,0.682182
15066064,-0.080218,-0.705157,0.173428,0.682819
15074397,-0.082180,-0.704696,0.172337,0.683338
15082730,-0.083456,-0.706036,0.170280,0.682315
15091063,-0.083396,-0.706137,0.171354,0.681948
15099396,-0.083779,-0.706747,0.171913,0.681129
15107729,-0.083953,-0.706270,0.173084,0.681305
15116062,-0.084748,-0.706664,0.172994,0.680821
15124395,-0.084416,-0.705690,0.173353,0.681781
15132728,-0.084986,-0.704896,0.173645,0.682456
15141061,-0.084125,-0.705002,0.174761,0.682168
15149394,-0.085192,-0.704272,0.174108,0.682957
15157727,-0.085292,-0.704700,0.176261,0.681950
15166060,-0.085781,-0.705837,0.176063,0.680763
15174393,-0.087518,-0.705732,0.175246,0.680861
15182726,-0.089546,-0.706234,0.174153,0.680357
15191059,-0.090415,-0.707128,0.174412,0.679247
15199392,-0.091102,-0.711833,0.178017,0.673279
15207725,-0.090862,-0.710027,0.177249,0.675417
15216058,-0.092051,-0.711915,0.177592,0.673175
15224391,-0.091514,-0.708449,0.178246,0.676723
15232724,-0.091232,-0.707888,0.178649,0.677242
15241057,-0.091747,-0.711037,0.180176,0.673458
15249390,-0.090500,-0.711994,0.182174,0.672077
15257723,-0.089361,-0.710976,0.183597,0.672919
15266056,-0.090544,-0.710540,0.182456,0.673532
15274389,-0.089991,-0.710429,0.183073,0.673555
15282722,-0.090851,-0.711423,0.182973,0.672417
15291055,-0.089422,-0.705229,0.182907,0.679118
15299388,-0.089635,-0.703601,0.182367,0.680921
15307721,-0.088603,-0.703018,0.182719,0.681563
15316054,-0.088540,-0.702880,0.183078,0.681618
15324387,-0.088037,-0.702776,0.183623,0.681644
15332720,-0.087938,-0.702551,0.183809,0.681838
15341053,-0.086937,-0.701894,0.184292,0.682513
15349386,-0.086761,-0.701322,0.182286,0.683661
15357719,-0.085642,-0.700600,0.183113,0.684321
15366052,-0.086252,-0.700842,0.183151,0.683986
15374385,-0.086237,-0.700879,0.183657,0.683814
15382718,-0.087022,-0.701110,0.183043,0.683643
15391051,-0.084869,-0.698871,0.183776,0.686005
15399384,-0.085097,-0.698037,0.182982,0.687037
15407717,-0.083491,-0.698471,0.184476,0.686394
15416050,-0.082465,-0.697965,0.185193,0.686839
15424383,-0.081994,-0.697632,0.185526,0.687144
15432716,-0.080953,-0.697484,0.186732,0.687090
15441049,-0.080254,-0.697377,0.187635,0.687036
15449382,-0.081803,-0.698295,0.186261,0.686294
15457715,-0.081552,-0.698448,0.187169,0.685921
15466048,-0.079986,-0.697854,0.188516,0.686341
15474381,-0.079960,-0.698169,0.188327,0.686076
15482714,-0.079721,-0.697467,0.187993,0.686908
15491047,-0.080716,-0.697517,0.185820,0.687333
15499380,-0.080303,-0.697585,0.187181,0.686943
15507713,-0.080928,-0.698207,0.185389,0.686723
15516046,-0.080437,-0.698212,0.185592,0.686721
15524379,-0.080437,-0.698007,0.182994,0.687626
15532712,-0.080139,-0.698018,0.183248,0.687582
15541045,-0.080684,-0.699374,0.182454,0.686351
15549378,-0.079772,-0.699595,0.181916,0.686374
15557711,-0.078623,-0.700065,0.184064,0.685455
15566044,-0.077301,-0.699628,0.184355,0.685973
15574377,-0.076721,-0.700287,0.184283,0.685384
15582710,-0.078048,-0.706255,0.186934,0.678356
15591043,-0.077664,-0.704131,0.185714,0.680939
15599376,-0.077458,-0.702922,0.185308,0.682321
15607709,-0.076881,-0.702534,0.185087,0.682845
15616042,-0.076713,-0.702750,0.185739,0.682465
15624375,-0.075268,-0.702486,0.185735,0.682899
15632708,-0.075806,-0.703068,0.183058,0.682963
15641041,-0.077684,-0.704075,0.180694,0.682344
15649374,-0.076531,-0.703734,0.181743,0.682547
15657707,-0.074586,-0.703772,0.184541,0.681972
15666040,-0.074657,-0.704151,0.184134,0.681683
15674373,-0.075589,-0.705561,0.182731,0.680500
15682706,-0.075052,-0.706257,0.184352,0.679399
15691039,-0.074224,-0.706055,0.185616,0.679356
15699372,-0.074490,-0.706052,0.184879,0.679530
15707705,-0.071901,-0.705074,0.186800,0.680299
15716038,-0.073990,-0.706242,0.183753,0.679693
15724371,-0.074391,-0.705260,0.184258,0.680531
15732704,-0.074198,-0.705938,0.183647,0.680015
15741037,-0.076662,-0.715218,0.188488,0.668624
15749370,-0.079000,-0.718166,0.188450,0.665194
15757703,-0.078112,-0.715214,0.187331,0.668786
15766036,-0.075950,-0.716503,0.189386,0.667074
15774369,-0.076428,-0.715698,0.189181,0.667941
15782702,-0.077154,-0.716000,0.188062,0.667850
15791035,-0.078412,-0.717156,0.186776,0.666823
15799368,-0.077984,-0.717004,0.186682,0.667063
15807701,-0.077504,-0.717160,0.187986,0.666585
15816034,-0.077630,-0.717975,0.187906,0.665715
15824367,-0.076217,-0.715757,0.188591,0.668069
15832700,-0.075343,-0.715142,0.188771,0.668776
15841033,-0.075395,-0.716239,0.187915,0.667836
15849366,-0.075833,-0.716555,0.187465,0.667574
15857699,-0.077563,-0.719187,0.188240,0.664320
15866032,-0.077259,-0.718734,0.187896,0.664942
15874365,-0.076547,-0.717937,0.187051,0.666122
15882698,-0.077515,-0.720077,0.190179,0.662806
15891031,-0.079133,-0.722843,0.189685,0.659738
15899364,-0.076929,-0.718205,0.189777,0.665018
15907697,-0.075290,-0.716164,0.191127,0.667016
15916030,-0.075086,-0.716391,0.191550,0.666675
15924363,-0.075971,-0.716633,0.191459,0.666340
15932696,-0.076163,-0.716493,0.191431,0.666477
15941029,-0.076767,-0.719445,0.192721,0.662846
15949362,-0.075878,-0.717650,0.192576,0.664933
15957695,-0.075400,-0.716455,0.193357,0.666048
15966028,-0.074506,-0.719681,0.195946,0.661901
15974361,-0.073477,-0.718437,0.195008,0.663642
15982694,-0.074510,-0.718106,0.194185,0.664126
15991027,-0.075108,-0.717875,0.193781,0.664427
15999360,-0.074678,-0.717267,0.194437,0.664940
16007693,-0.074190,-0.720559,0.196878,0.660704
16016026,-0.075170,-0.722872,0.196939,0.658043
16024359,-0.074357,-0.718522,0.196371,0.663050
16032692,-0.075244,-0.717107,0.194961,0.664895
16041025,-0.075234,-0.717187,0.194937,0.664818
16049358,-0.075119,-0.716586,0.194861,0.665501
16057691,-0.074772,-0.716430,0.195253,0.665593
16066023,-0.074831,-0.716365,0.195184,0.665676
16074357,-0.074983,-0.716007,0.195310,0.666007
16082690,-0.075096,-0.715575,0.195242,0.666479
16091023,-0.075353,-0.715598,0.195318,0.666402
16099356,-0.075287,-0.715568,0.195280,0.666454
16107689,-0.075038,-0.715230,0.195503,0.666779
16116022,-0.074484,-0.714726,0.195832,0.667285
16124355,-0.074511,-0.715031,0.195965,0.666915
16132688,-0.075426,-0.715999,0.195290,0.665971
16141020,-0.075535,-0.716114,0.195323,0.665826
16149353,-0.074674,-0.715036,0.196562,0.666716
16157687,-0.074647,-0.714619,0.197156,0.666991
16166020,-0.075561,-0.715173,0.197223,0.666275
16174353,-0.075538,-0.715339,0.198706,0.665657
16182686,-0.074943,-0.714951,0.199854,0.665798
16191019,-0.073427,-0.714511,0.202109,0.665759
16199352,-0.072981,-0.714617,0.203287,0.665335
16207685,-0.074373,-0.717539,0.205239,0.661425
16216018,-0.075625,-0.718194,0.204887,0.660681
16224350,-0.075724,-0.718119,0.205684,0.660504
16232683,-0.076253,-0.717609,0.205788,0.660965
16241017,-0.076643,-0.717126,0.206574,0.661198
16249350,-0.077018,-0.716585,0.207064,0.661588
16257683,-0.076965,-0.717484,0.207937,0.660345
16266016,-0.077162,-0.717664,0.208579,0.659924
16274349,-0.077496,-0.717052,0.209457,0.660271
16282682,-0.077887,-0.712451,0.207751,0.665722
16291015,-0.077817,-0.711371,0.207542,0.666950
16299348,-0.077172,-0.709646,0.208472,0.668570
16307680,-0.076133,-0.709364,0.211715,0.667970
16316014,-0.076797,-0.708563,0.211267,0.668885
16324347,-0.074262,-0.705597,0.211570,0.672203
16332680,-0.072890,-0.704504,0.212437,0.673225
16341013,-0.073834,-0.704350,0.212330,0.673317
16349346,-0.073378,-0.702910,0.212714,0.674749
16357679,-0.075119,-0.702110,0.211641,0.675727
16366012,-0.072523,-0.698300,0.213136,0.679478
16374345,-0.072993,-0.697749,0.214789,0.679473
16382677,-0.074200,-0.698561,0.216360,0.678009
16391010,-0.071921,-0.695612,0.218669,0.680540
16399344,-0.072173,-0.694594,0.218273,0.681680
16407677,-0.072234,-0.694237,0.218605,0.681930
16416010,-0.070817,-0.693066,0.220929,0.682521
16424343,-0.071576,-0.693118,0.221835,0.682095
16432676,-0.073912,-0.700295,0.223327,0.673980
16441009,-0.072343,-0.698391,0.224119,0.675860
16449342,0.071108,0.696589,-0.224497,-0.677722
16457675,0.069128,0.695852,-0.226220,-0.678112
16466007,0.069461,0.700212,-0.228025,-0.672965
16474340,0.069903,0.697036,-0.225528,-0.677046
16482674,0.069101,0.696653,-0.222812,-0.678421
16491007,0.067810,0.697133,-0.221770,-0.678400
16499340,0.066438,0.698092,-0.221210,-0.677731
16507673,0.067239,0.699731,-0.218283,-0.676911
16516006,0.067007,0.701012,-0.217249,-0.675940
16524339,0.066589,0.701536,-0.216018,-0.675832
16532672,0.064170,0.701019,-0.216543,-0.676435
16541005,0.064411,0.701990,-0.214818,-0.675955
16549337,0.063938,0.703464,-0.213495,-0.674886
16557671,0.065086,0.704296,-0.211122,-0.674655
16566004,0.064698,0.704903,-0.211109,-0.674061
16574337,0.062325,0.705480,-0.211202,-0.673652
16582670,0.063507,0.712024,-0.211749,-0.666446
16591003,0.060401,0.712375,-0.213093,-0.665931
16599336,-0.060940,-0.711959,0.210959,0.667006
16607669,-0.060227,-0.711396,0.209368,0.668171
16616002,-0.059637,-0.711510,0.208457,0.668388
16624334,-0.056851,-0.709659,0.207236,0.670973
16632667,-0.057332,-0.709846,0.204156,0.671678
16641001,-0.055159,-0.708400,0.203540,0.673571
16649334,-0.055023,-0.712946,0.204643,0.668433
16657667,-0.057114,-0.714253,0.201589,0.667789
16666000,-0.056550,-0.715814,0.201835,0.666089
16674333,-0.055368,-0.711743,0.199175,0.671331
16682666,-0.056028,-0.710705,0.197319,0.672923
16690999,-0.056366,-0.711150,0.196941,0.672535
16699332,-0.056094,-0.711576,0.196869,0.672128
16707664,-0.055211,-0.710990,0.197010,0.672780
16715997,-0.056325,-0.711362,0.196475,0.672450
16724331,-0.056950,-0.716202,0.199140,0.666449
16732664,-0.055371,-0.713288,0.199110,0.669709
16740997,-0.054433,-0.711268,0.197669,0.672355
16749330,-0.056629,-0.714492,0.196635,0.669050
16757663,-0.055455,-0.713155,0.196104,0.670730
16765996,-0.055881,-0.713151,0.196378,0.670618
16774329,-0.056174,-0.713814,0.197005,0.669704
16782662,-0.056624,-0.714943,0.198982,0.667874
16790995,-0.058317,-0.715586,0.197725,0.667413
16799328,-0.057545,-0.715183,0.198626,0.667645
16807661,-0.057557,-0.713770,0.199010,0.669040
16815994,-0.057328,-0.713981,0.199116,0.668803
16824327,-0.057014,-0.714250,0.198504,0.668724
16832660,-0.057838,-0.713904,0.198355,0.669067
16840993,-0.058625,-0.713904,0.199543,0.668645
16849326,-0.057747,-0.713092,0.200065,0.669432
16857659,-0.058163,-0.714015,0.199605,0.668549
16865992,-0.058597,-0.715627,0.199822,0.666720
16874325,-0.059244,-0.715118,0.199526,0.667298
16882658,-0.059628,-0.715530,0.199684,0.666773
16890991,-0.059690,-0.715083,0.199830,0.667204
16899324,-0.060286,-0.715034,0.200122,0.667116
16907657,-0.060662,-0.714623,0.200834,0.667308
16915990,-0.061432,-0.714420,0.200687,0.667499
16924323,-0.062137,-0.713314,0.199939,0.668839
16932656,-0.063100,-0.713119,0.200237,0.668868
16940989,-0.064785,-0.713563,0.199629,0.668415
16949322,-0.066320,-0.712847,0.199939,0.668937
16957655,-0.068184,-0.712759,0.201124,0.668487
16965988,-0.069350,-0.712888,0.201818,0.668021
16974321,-0.071006,-0.711631,0.202859,0.668871
16982654,-0.073249,-0.711125,0.204834,0.668565
16990987,-0.074982,-0.709702,0.207728,0.668992
16999320,-0.077577,-0.709060,0.211494,0.668196
17007653,-0.081203,-0.710285,0.214308,0.665563
17015986,-0.083766,-0.709711,0.216185,0.665250
17024319,-0.087234,-0.712916,0.219593,0.660243
17032652,-0.088455,-0.714962,0.222077,0.657029
17040985,-0.087666,-0.715288,0.225751,0.655526
17049318,-0.088060,-0.714636,0.227165,0.655696
17057651,-0.088387,-0.713979,0.229215,0.655654
17065984,-0.088714,-0.713515,0.230860,0.655538
17074317,-0.089674,-0.712985,0.231119,0.655893
17082650,-0.092013,-0.712704,0.229331,0.656502
17090983,-0.091634,-0.712073,0.230198,0.656935
17099316,-0.091376,-0.708123,0.230535,0.661110
17107649,-0.091521,-0.710185,0.231440,0.658557
17115982,-0.092573,-0.711428,0.229790,0.657645
17124315,-0.093136,-0.707557,0.227742,0.662436
17132648,-0.091335,-0.706476,0.227001,0.664093
17140981,-0.090206,-0.706529,0.226597,0.664329
17149314,-0.090249,-0.706400,0.225631,0.664789
17157647,-0.089925,-0.706166,0.225080,0.665268
17165980,-0.088892,-0.705181,0.225046,0.666463
17174313,-0.086985,-0.703238,0.225684,0.668548
17182646,-0.086479,-0.702605,0.225034,0.669498
17190979,-0.087244,-0.703181,0.223456,0.669322
17199312,-0.085994,-0.701734,0.223309,0.671049
17207645,-0.085773,-0.700794,0.223731,0.671919
17215978,-0.086517,-0.700713,0.223582,0.671957
17224311,-0.083070,-0.697590,0.225849,0.674877
17232644,0.082816,0.696764,-0.226072,-0.675687
17240977,0.083787,0.697039,-0.226169,-0.675251
17249310,0.083531,0.697178,-0.226106,-0.675160
17257643,0.084026,0.696238,-0.225800,-0.676170
17265976,0.086204,0.698161,-0.223632,-0.674632
17274309,0.084018,0.696640,-0.226299,-0.675590
17282642,0.082667,0.696364,-0.227533,-0.675627
17290975,0.085738,0.701730,-0.224968,-0.670532
17299308,0.085213,0.699188,-0.223836,-0.673626
17307641,0.085241,0.701244,-0.225473,-0.670935
17315974,0.086148,0.703106,-0.224789,-0.669097
17324307,0.084494,0.702277,-0.224525,-0.670266
17332640,0.085183,0.702321,-0.224027,-0.670299
17340973,0.083769,0.699113,-0.223395,-0.674031
17349306,0.084601,0.700723,-0.223548,-0.672202
17357639,0.085514,0.696805,-0.223250,-0.676246
17365972,0.084979,0.700052,-0.226562,-0.671845
17374305,0.084375,0.697207,-0.223924,-0.675752
17382638,0.083941,0.699152,-0.223869,-0.673812
17390971,0.082174,0.696563,-0.225564,-0.676143
17399304,0.082897,0.699782,-0.225901,-0.672608
17407637,0.083626,0.701215,-0.223431,-0.671850
17415970,0.082243,0.700128,-0.222801,-0.673362
17424303,0.081537,0.699377,-0.221674,-0.674599
17432636,0.080525,0.697427,-0.223637,-0.676090
17440969,0.079136,0.695669,-0.223875,-0.677984
17449302,0.078704,0.695177,-0.224052,-0.678480
17457635,0.078987,0.696721,-0.223711,-0.676974
17465968,0.078571,0.693200,-0.222523,-0.681017
17474301,0.077175,0.690320,-0.224881,-0.683323
17482634,0.077436,0.690427,-0.225393,-0.683017
17490967,0.077588,0.690383,-0.226107,-0.682808
17499300,0.077697,0.690811,-0.227097,-0.682034
17507633,0.076523,0.689410,-0.229059,-0.682927
17515966,0.075887,0.688820,-0.229221,-0.683539
17524299,0.076136,0.688419,-0.228663,-0.684103
17532632,0.076058,0.688117,-0.228919,-0.684329
17540965,0.075438,0.687712,-0.230581,-0.684247
17549298,0.074702,0.686875,-0.232148,-0.684639
17557631,0.074430,0.686399,-0.232874,-0.684899
17565964,0.074377,0.686169,-0.232873,-0.685136
17574297,0.074878,0.686728,-0.232683,-0.684586
17582630,0.075481,0.686321,-0.232559,-0.684969
17590963,0.075826,0.686436,-0.231456,-0.685189
17599296,0.075436,0.687249,-0.232247,-0.684149
17607629,0.075198,0.687263,-0.232116,-0.684205
17615962,0.074735,0.686890,-0.233620,-0.684119
17624295,0.077573,0.691978,-0.234088,-0.678492
17632628,0.076876,0.691119,-0.233896,-0.679512
17640961,0.077974,0.693199,-0.234013,-0.677225
17649294,0.078589,0.694071,-0.233719,-0.676361
17657627,0.078056,0.696190,-0.234499,-0.673971
17665960,0.076756,0.695279,-0.236313,-0.674427
17674293,0.077453,0.695905,-0.235374,-0.674030
17682626,0.075571,0.694208,-0.237268,-0.675328
17690959,0.075831,0.694523,-0.237238,-0.674986
17699292,0.076321,0.694381,-0.236772,-0.675240
17707625,0.076445,0.692859,-0.237115,-0.676667
17715958,0.077199,0.693591,-0.236333,-0.676105
17724291,0.075358,0.691897,-0.238179,-0.677400
17732624,0.075191,0.692289,-0.237289,-0.677330
17740957,0.075478,0.692711,-0.237519,-0.676786
17749290,0.075507,0.694260,-0.237298,-0.675271
17757623,0.074784,0.692413,-0.238206,-0.676927
17765956,0.074625,0.691952,-0.238125,-0.677443
17774289,0.075252,0.692973,-0.237900,-0.676409
17782622,0.074353,0.690548,-0.237576,-0.679096
17790955,0.076534,0.693430,-0.237988,-0.675766
17799288,0.075515,0.692056,-0.237375,-0.677502
17807621,0.074963,0.691317,-0.238066,-0.678075
17815954,0.075677,0.695383,-0.239771,-0.673220
17824287,0.074445,0.692651,-0.240356,-0.675959
17832620,0.074087,0.690726,-0.238971,-0.678455
17840953,0.073944,0.691734,-0.239236,-0.677349
17849286,0.073887,0.692032,-0.239808,-0.676849
17857619,0.073327,0.691897,-0.239798,-0.677052
17865952,0.072536,0.690273,-0.240010,-0.678718
17874285,0.073022,0.690556,-0.239216,-0.678657
17882618,0.073148,0.690517,-0.238779,-0.678838
17890951,0.071859,0.690017,-0.239763,-0.679137
17899284,0.071566,0.689914,-0.239705,-0.679293
17907617,0.072015,0.689713,-0.237366,-0.680270
17915950,0.071443,0.689579,-0.237234,-0.680512
17924283,0.069977,0.688798,-0.237192,-0.681470
17932616,0.068739,0.687882,-0.238032,-0.682228
17940949,0.070474,0.688010,-0.234382,-0.683185
17949282,0.069744,0.688896,-0.236214,-0.681734
17957615,0.070402,0.689065,-0.234899,-0.681950
17965948,0.070617,0.689449,-0.234457,-0.681691
17974281,0.071737,0.691834,-0.235589,-0.678762
17982614,0.070809,0.692663,-0.236759,-0.677605
17990947,0.071087,0.693393,-0.236241,-0.677010
17999280,0.071397,0.693667,-0.235520,-0.676948
18007613,0.071225,0.693100,-0.235361,-0.677602
18015946,0.071741,0.692760,-0.232971,-0.678721
18024279,0.073695,0.696657,-0.234551,-0.673961
18032612,0.071994,0.694226,-0.234790,-0.676566
18040945,0.070355,0.692825,-0.234781,-0.678175
18049278,0.070688,0.694008,-0.234871,-0.676899
18057611,0.070480,0.693693,-0.234977,-0.677207
18065944,0.070618,0.694134,-0.234579,-0.676878
18074277,0.070616,0.694272,-0.234858,-0.676640
18082610,0.071168,0.694452,-0.233073,-0.677014
18090943,0.070742,0.693847,-0.233842,-0.677414
18099276,0.070037,0.694499,-0.235155,-0.676364
18107609,0.069502,0.694161,-0.235723,-0.676568
18115942,0.069038,0.693706,-0.235893,-0.677023
18124275,0.067624,0.692460,-0.236402,-0.678263
18132608,0.068655,0.693134,-0.235865,-0.677657
18140941,0.069526,0.692695,-0.235486,-0.678149
18149274,0.066763,0.691796,-0.237330,-0.678702
18157607,0.065946,0.690637,-0.238238,-0.679643
18165940,0.065812,0.690606,-0.238022,-0.679763
18174273,0.065676,0.690299,-0.237549,-0.680253
18182606,0.065981,0.690347,-0.236226,-0.680636
18190939,0.065466,0.690380,-0.238204,-0.679963
18199272,0.064121,0.689326,-0.238079,-0.681203
18207605,0.064571,0.690480,-0.239416,-0.679520
18215938,0.064527,0.690280,-0.239705,-0.679626
18224271,0.064572,0.690484,-0.239835,-0.679369
18232604,0.063665,0.689916,-0.239916,-0.680002
18240937,0.064562,0.690881,-0.240221,-0.678829
18249270,0.065626,0.691870,-0.239452,-0.677991
18257603,0.065155,0.690918,-0.240551,-0.678618
18265936,0.064984,0.690693,-0.241088,-0.678673
18274269,0.065334,0.690539,-0.241278,-0.678728
18282602,0.064189,0.689556,-0.241979,-0.679587
18290935,0.064861,0.691119,-0.241905,-0.677959
18299268,0.066809,0.691104,-0.239695,-0.678571
18307601,0.067064,0.691006,-0.239229,-0.678810
18315934,0.066808,0.690035,-0.239458,-0.679741
18324267,0.066441,0.690329,-0.240533,-0.679099
18332600,0.065203,0.689620,-0.241948,-0.679436
18340933,0.064640,0.688632,-0.240514,-0.681000
18349266,0.066142,0.688767,-0.238843,-0.681307
18357599,0.066506,0.689346,-0.239048,-0.680614
18365932,0.066857,0.688420,-0.238594,-0.681675
18374265,0.066787,0.688291,-0.238707,-0.681773
18382598,0.066240,0.687965,-0.238637,-0.682179
18390931,0.066655,0.687874,-0.238442,-0.682299
18399264,0.067338,0.688931,-0.238000,-0.681320
18407597,0.065976,0.687837,-0.239082,-0.682179
18415930,0.066031,0.688258,-0.239688,-0.681536
18424263,0.068351,0.690042,-0.238076,-0.680067
18432596,0.066343,0.688154,-0.241289,-0.681045
18440929,0.065334,0.688185,-0.242447,-0.680700
18449262,0.065431,0.687694,-0.243489,-0.680814
18457595,0.068134,0.691060,-0.241899,-0.677701
18465928,0.067547,0.689586,-0.242473,-0.679054
18474261,0.066111,0.688384,-0.243482,-0.680054
18482594,0.066361,0.688938,-0.243656,-0.679406
18490927,0.066862,0.689660,-0.243312,-0.678748
18499260,0.067006,0.689531,-0.243490,-0.678800
18507593,0.066606,0.688554,-0.243836,-0.679707
18515926,0.067790,0.689016,-0.243980,-0.679070
18524259,0.067430,0.688856,-0.243110,-0.679579
18532592,0.068760,0.688427,-0.242820,-0.679985
18540925,0.068257,0.686966,-0.244054,-0.681071
18549258,0.068765,0.686522,-0.243867,-0.681533
18557591,0.069335,0.686814,-0.244130,-0.681087
18565924,0.072147,0.688201,-0.242157,-0.680098
18574257,0.073594,0.691833,-0.244281,-0.675483
18582590,0.072886,0.690046,-0.244929,-0.677151
18590923,0.072375,0.688922,-0.245542,-0.678128
18599256,0.074296,0.690119,-0.244825,-0.676961
18607589,0.074088,0.688919,-0.244529,-0.678312
18615922,0.073805,0.688173,-0.245728,-0.678667
18624255,0.074373,0.687174,-0.245588,-0.679667
18632588,0.074658,0.687258,-0.246032,-0.679390
18640921,0.074479,0.687356,-0.247236,-0.678873
18649254,0.075230,0.687256,-0.246744,-0.679071
18657587,0.075890,0.686393,-0.246818,-0.679843
18665920,0.074962,0.685576,-0.247795,-0.680414
18674253,0.075127,0.685323,-0.247999,-0.680577
18682586,0.075993,0.684934,-0.247372,-0.681100
18690919,0.077879,0.684658,-0.246510,-0.681478
18699252,0.077945,0.684293,-0.246397,-0.681877
18707585,0.078295,0.684154,-0.246571,-0.681913
18715918,0.079196,0.683735,-0.246601,-0.682218
18724251,0.080992,0.682976,-0.246866,-0.682672
18732584,0.080183,0.681302,-0.248332,-0.683908
18740917,0.080509,0.680901,-0.248639,-0.684157
18749250,0.083451,0.682791,-0.247599,-0.682296
18757583,0.082218,0.682450,-0.249687,-0.682025
18765916,0.082523,0.682433,-0.250085,-0.681860
18774249,0.084852,0.683348,-0.249549,-0.680853
18782582,0.088685,0.686702,-0.248121,-0.677503
18790915,0.087906,0.685112,-0.249568,-0.678682
18799248,0.090114,0.685867,-0.248989,-0.677843
18807581,0.090158,0.684343,-0.250249,-0.678912
18815914,0.093499,0.687076,-0.251342,-0.675287
18824247,0.095189,0.685693,-0.250422,-0.676796
18832580,0.095672,0.683982,-0.250679,-0.678362
18840913,0.098577,0.683061,-0.251190,-0.678686
18849246,0.099633,0.683772,-0.251159,-0.677826
18857579,0.100190,0.684180,-0.251411,-0.677239
18865912,0.099275,0.682525,-0.252457,-0.678653
18874245,0.101664,0.682898,-0.252164,-0.678033
18882578,0.103344,0.690712,-0.254532,-0.668918
18890911,0.102444,0.682714,-0.253892,-0.677455
18899244,0.100925,0.677646,-0.255968,-0.681975
18907577,0.103382,0.679951,-0.255918,-0.679327
18915910,0.105105,0.680345,-0.256461,-0.678462
18924243,0.106641,0.681996,-0.256087,-0.676704
18932576,0.109721,0.687378,-0.257452,-0.670217
18940909,0.114188,0.689175,-0.256365,-0.668038
18949242,0.116601,0.685961,-0.257679,-0.670420
18957575,0.117332,0.687241,-0.258544,-0.668646
18965908,0.118344,0.687544,-0.259515,-0.667780
18974241,0.118015,0.683653,-0.260971,-0.671256
18982574,0.118530,0.680055,-0.262266,-0.674309
18990907,0.120408,0.679054,-0.263206,-0.674619
18999240,0.121894,0.678343,-0.264887,-0.674409
19007573,0.124354,0.679522,-0.265896,-0.672373
19015906,0.126158,0.679982,-0.266009,-0.671527
19024239,0.126107,0.680215,-0.267682,-0.670635
19032572,0.127059,0.680753,-0.267983,-0.669789
19040905,0.130024,0.681486,-0.267886,-0.668512
19049238,0.131431,0.687620,-0.267536,-0.662065
19057571,0.130808,0.683595,-0.268845,-0.665815
19065904,0.132314,0.681829,-0.269484,-0.667068
19074237,0.135100,0.684303,-0.269571,-0.663934
19082570,0.136249,0.686261,-0.270036,-0.661485
19090903,0.137129,0.686402,-0.269607,-0.661332
19099236,0.138855,0.686001,-0.269628,-0.661379
19107569,0.140726,0.682703,-0.270739,-0.663937
19115902,0.140136,0.679841,-0.269744,-0.667395
19124235,0.139148,0.679484,-0.270252,-0.667760
19132568,0.139660,0.677787,-0.271376,-0.668921
19140901,0.139143,0.677690,-0.272096,-0.668834
19149234,0.139010,0.676535,-0.272647,-0.669806
19157567,0.139382,0.675657,-0.273185,-0.670395
19165900,0.138573,0.674042,-0.274016,-0.671848
19174233,0.139093,0.673253,-0.274554,-0.672312
19182566,0.138819,0.671900,-0.274344,-0.673806
19190899,0.138873,0.672443,-0.276219,-0.672487
19199232,0.138912,0.672358,-0.276831,-0.672311
19207565,0.137555,0.671675,-0.277397,-0.673040
19215898,0.138384,0.671149,-0.277431,-0.673380
19224231,0.138881,0.670708,-0.277626,-0.673637
19232564,0.141558,0.675028,-0.276059,-0.669395
19240897,0.141969,0.676446,-0.276418,-0.667726
19249230,0.142073,0.676113,-0.276780,-0.667891
19257563,0.142283,0.675653,-0.276968,-0.668235
19265896,0.143559,0.672978,-0.277707,-0.670351
19274229,0.143074,0.669036,-0.277666,-0.674405
19282562,0.142976,0.667980,-0.278748,-0.675026
19290895,0.143099,0.669365,-0.278805,-0.673603
19299228,0.143046,0.669632,-0.278786,-0.673356
19307561,0.142862,0.668347,-0.278774,-0.674676
19315894,0.143002,0.667725,-0.279165,-0.675100
19324227,0.143315,0.667372,-0.279636,-0.675188
19332560,0.143135,0.665710,-0.280266,-0.676604
19340893,0.144396,0.663470,-0.279682,-0.678775
19349226,0.145051,0.662719,-0.279583,-0.679409
19357559,0.146224,0.662221,-0.279331,-0.679748
19365892,0.147180,0.661383,-0.280335,-0.679943
19374225,0.148871,0.661593,-0.281264,-0.678986
19382558,0.150270,0.661781,-0.282442,-0.678005
19390891,0.154306,0.664787,-0.282427,-0.674153
19399224,0.154445,0.666622,-0.284186,-0.671566
19407557,0.155512,0.665767,-0.284737,-0.671934
19415890,0.157465,0.663820,-0.285649,-0.673017
19424223,0.159056,0.662747,-0.287918,-0.672734
19432556,0.161145,0.661089,-0.290004,-0.672971
19440889,0.163654,0.653259,-0.291634,-0.679279
19449222,0.167132,0.649046,-0.291814,-0.682386
19457555,0.170389,0.645842,-0.292673,-0.684250
19465888,0.175943,0.639176,-0.295449,-0.687901
19474221,0.180566,0.640946,-0.296858,-0.684441
19482554,0.186636,0.639760,-0.297702,-0.683555
19490887,0.191309,0.631082,-0.301499,-0.688647
19499220,0.194772,0.624860,-0.305126,-0.691746
19507553,0.200203,0.625690,-0.308603,-0.687892
19515886,0.207387,0.625122,-0.313191,-0.684196
19524219,0.212796,0.625437,-0.316594,-0.680673
19532552,0.216358,0.627284,-0.322101,-0.675244
19540885,0.221963,0.619349,-0.324744,-0.679471
19549218,0.228423,0.615821,-0.327880,-0.679030
19557551,0.232809,0.613747,-0.333617,-0.676620
19565884,0.239749,0.622443,-0.333818,-0.666071
19574217,0.244455,0.624903,-0.335761,-0.661062
19582550,0.247608,0.615842,-0.341348,-0.665515
19590883,0.249897,0.617475,-0.342749,-0.662419
19599216,0.252489,0.621307,-0.342817,-0.657802
19607549,0.254600,0.623351,-0.342351,-0.655292
19615882,0.254852,0.622980,-0.342774,-0.655326
19624215,0.254432,0.621762,-0.342654,-0.656707
19632548,0.254659,0.621375,-0.340654,-0.658024
19640881,0.256336,0.626267,-0.336277,-0.654980
19649214,0.253841,0.623833,-0.332389,-0.660238
19657547,0.250017,0.624990,-0.327986,-0.662800
19665880,0.246186,0.630713,-0.322268,-0.661617
19674213,0.243110,0.634761,-0.316858,-0.661497
19682546,0.242441,0.641919,-0.309646,-0.658241
19690879,0.239251,0.645770,-0.300066,-0.660076
19699212,0.235385,0.651508,-0.292362,-0.659284
19707545,0.234122,0.667483,-0.283723,-0.647421
19715878,0.233762,0.677391,-0.272970,-0.641860
19724211,0.234255,0.680659,-0.263632,-0.642126
19732544,0.235821,0.689975,-0.254120,-0.635410
19740877,0.235640,0.714426,-0.239420,-0.613797
19749210,0.234092,0.718547,-0.230679,-0.612926
19757543,0.237660,0.723014,-0.220841,-0.609916
19765876,0.233653,0.745507,-0.207262,-0.588786
19774209,0.236545,0.748488,-0.196117,-0.587665
19782542,0.232937,0.766732,-0.182254,-0.569776
19790875,0.235404,0.785823,-0.176675,-0.543924
19799208,0.235504,0.780495,-0.164793,-0.555165
19807541,0.234928,0.781512,-0.153854,-0.557115
19815874,0.234731,0.796105,-0.144216,-0.538814
19824207,0.234857,0.798613,-0.139904,-0.536178
19832540,0.236579,0.800432,-0.135071,-0.533943
19840873,0.238070,0.806323,-0.132273,-0.525043
19849206,0.241397,0.804013,-0.129312,-0.527796
19857539,0.242464,0.804846,-0.128341,-0.526272
19865872,0.243309,0.810329,-0.122708,-0.518759
19874205,0.244274,0.810992,-0.119503,-0.518017
19882538,0.244674,0.808653,-0.120532,-0.521237
19890871,0.246762,0.808613,-0.122176,-0.519928
19899204,0.249005,0.806618,-0.123312,-0.521688
19907537,0.250506,0.804425,-0.125327,-0.523870
19915870,0.252312,0.802911,-0.127457,-0.524812
19924203,0.253491,0.801592,-0.131417,-0.525283
19932536,0.256231,0.794492,-0.138481,-0.532870
19940869,0.255527,0.801558,-0.139282,-0.522313
19949202,0.255070,0.802105,-0.142894,-0.520719
19957535,0.255389,0.800814,-0.147437,-0.521283
19965868,0.259767,0.794377,-0.150956,-0.527918
19974201,0.260651,0.786825,-0.155131,-0.537496
19982534,0.260756,0.784439,-0.160264,-0.539423
19990867,0.260980,0.782205,-0.165890,-0.540856
19999200,0.261780,0.778951,-0.170711,-0.543658
20007533,0.263242,0.774924,-0.175058,-0.547313
20015866,0.264441,0.770528,-0.180121,-0.551284
20024199,0.263859,0.768320,-0.184432,-0.553215
20032532,0.262540,0.771368,-0.187540,-0.548537
20040865,0.262280,0.762613,-0.191838,-0.559311
20049198,0.262311,0.755562,-0.196696,-0.567125
20057531,0.263004,0.750341,-0.201123,-0.572160
20065864,0.262990,0.747855,-0.204588,-0.574188
20074197,0.263168,0.749343,-0.204845,-0.572073
20082530,0.263577,0.743007,-0.208417,-0.578818
20090863,0.262365,0.741266,-0.210223,-0.580944
20099196,0.261449,0.739746,-0.211820,-0.582712
20107529,0.261813,0.737155,-0.216195,-0.584222
20115862,0.261487,0.741484,-0.215670,-0.579062
20124195,0.261246,0.737526,-0.216997,-0.583711
20132528,0.261323,0.739611,-0.217287,-0.580924
20140861,0.262996,0.733399,-0.219378,-0.587224
20149194,0.263665,0.729353,-0.220947,-0.591361
20157527,0.263571,0.728312,-0.222709,-0.592025
20165860,0.261502,0.730548,-0.221023,-0.590817
20174193,0.261282,0.724195,-0.223127,-0.597903
20182526,0.261183,0.721737,-0.223900,-0.600624
20190859,0.260673,0.719603,-0.224971,-0.603000
20199192,0.261734,0.733364,-0.223085,-0.586434
20207525,0.261384,0.735266,-0.223608,-0.584006
20215858,0.257940,0.718439,-0.226702,-0.604912
20224191,0.258374,0.723926,-0.225663,-0.598540
20232524,0.257916,0.720122,-0.226394,-0.603033
20240857,0.257530,0.719082,-0.226643,-0.604344
20249190,0.256520,0.721308,-0.226943,-0.602005
20257523,0.256254,0.715063,-0.228792,-0.608829
20265856,0.256333,0.711585,-0.229138,-0.612728
20274189,0.255659,0.713635,-0.227773,-0.611132
20282522,0.255090,0.713291,-0.227888,-0.611729
20290855,0.255021,0.708011,-0.230273,-0.616976
20299188,0.253511,0.706136,-0.230797,-0.619545
20307521,0.253525,0.705307,-0.231268,-0.620309
20315854,0.252975,0.704482,-0.232331,-0.621073
20324187,0.252807,0.703003,-0.232843,-0.622623
20332520,0.253315,0.702331,-0.233639,-0.622877
20340853,0.251993,0.701141,-0.234989,-0.624244
20349186,0.253705,0.704067,-0.235747,-0.619957
20357519,0.253100,0.704454,-0.237141,-0.619232
20365852,0.252845,0.703519,-0.237738,-0.620170
20374185,0.252633,0.703099,-0.238232,-0.620543
20382518,0.252055,0.700506,-0.240666,-0.622768
20390851,0.250645,0.701372,-0.240969,-0.622244
20399184,0.250038,0.703214,-0.241119,-0.620348
20407517,0.251147,0.703283,-0.241879,-0.619526
20415850,0.250222,0.705741,-0.241743,-0.617154
20424183,0.249342,0.699819,-0.244468,-0.623151
20432516,0.248949,0.696462,-0.245798,-0.626537
20440849,0.246742,0.692214,-0.246432,-0.631846
20449182,0.247674,0.694202,-0.245847,-0.629524
20457515,0.246917,0.692050,-0.245100,-0.632475
20465848,0.246656,0.691415,-0.243282,-0.633972
20474181,0.245472,0.691304,-0.244083,-0.634245
20482514,0.245926,0.689611,-0.245296,-0.635442
20490847,0.246494,0.688756,-0.244747,-0.636361
20499180,0.246357,0.688021,-0.245944,-0.636747
20507513,0.244829,0.689837,-0.245825,-0.635417
20515846,0.244456,0.687536,-0.247495,-0.637403
20524179,0.244521,0.687181,-0.247297,-0.637837
20532512,0.243946,0.689048,-0.246528,-0.636339
20540845,0.244113,0.689551,-0.245603,-0.636088
20549178,0.244395,0.689934,-0.245959,-0.635426
20557511,0.245024,0.689822,-0.245712,-0.635401
20565844,0.243291,0.689036,-0.246047,-0.636789
20574177,0.243204,0.689089,-0.245236,-0.637078
20582510,0.244204,0.690130,-0.245086,-0.635624
20590843,0.244100,0.689666,-0.244430,-0.636419
20599176,0.244003,0.690071,-0.243810,-0.636256
20607509,0.241992,0.689690,-0.244875,-0.637028
20615842,0.243799,0.689309,-0.242501,-0.637658
20624175,0.242298,0.689937,-0.242914,-0.637394
20632508,0.241925,0.689529,-0.243385,-0.637798
20640841,0.241911,0.689614,-0.243509,-0.637663
20649174,0.242595,0.690260,-0.242983,-0.636905
20657507,0.240398,0.689256,-0.244501,-0.638243
20665840,0.240686,0.688895,-0.243898,-0.638754
20674173,0.239753,0.689331,-0.244297,-0.638482
20682506,0.240023,0.689364,-0.243312,-0.638721
20690839,0.239329,0.688717,-0.244264,-0.639316
20699172,0.239429,0.688523,-0.244196,-0.639513
20707505,0.240283,0.689309,-0.244152,-0.638363
20715838,0.239298,0.689951,-0.244732,-0.637817
20724171,0.239463,0.689594,-0.244031,-0.638409
20732504,0.238914,0.689834,-0.244952,-0.638003
20740837,0.238426,0.689716,-0.245064,-0.638270
20749170,0.238619,0.689860,-0.244638,-0.638206
20757503,0.238739,0.689519,-0.244947,-0.638411
20765836,0.238824,0.689274,-0.244712,-0.638734
20774169,0.238395,0.689300,-0.245357,-0.638618
20782502,0.238234,0.688962,-0.245024,-0.639170
20790835,0.239561,0.693969,-0.245331,-0.633112
20799168,0.238956,0.690441,-0.246187,-0.636854
20807501,0.239263,0.693791,-0.245511,-0.633349
20815834,0.240222,0.695321,-0.245593,-0.631273
20824167,0.239934,0.694700,-0.245656,-0.632042
20832500,0.239258,0.695169,-0.245836,-0.631712
20840833,0.238954,0.695164,-0.246216,-0.631685
20849166,0.239004,0.696105,-0.246057,-0.630691
20857499,0.239038,0.696341,-0.246383,-0.630290
20865832,0.238799,0.695482,-0.247041,-0.631072
20874165,0.238564,0.695670,-0.246471,-0.631175
20882498,0.238604,0.696643,-0.245849,-0.630329
20890831,0.238422,0.696698,-0.246283,-0.630168
20899164,0.237656,0.696762,-0.246561,-0.630278
20907497,0.237507,0.696528,-0.246471,-0.630628
20915830,0.237801,0.695672,-0.245997,-0.631646
20924163,0.237931,0.695748,-0.245303,-0.631783
20932496,0.237212,0.695806,-0.245640,-0.631860
20940829,0.236642,0.696084,-0.246406,-0.631467
20949162,0.237864,0.692890,-0.246284,-0.634562
20957495,0.237109,0.695088,-0.246553,-0.632332
20965828,0.236868,0.695688,-0.246383,-0.631828
20974161,0.237677,0.695716,-0.247096,-0.631215
20982494,0.236624,0.691231,-0.246590,-0.636712
20990827,0.236710,0.692470,-0.246898,-0.635213
20999160,0.236453,0.695781,-0.246231,-0.631941
21007493,0.235923,0.696288,-0.246523,-0.631466
21015826,0.235663,0.691975,-0.247058,-0.636079
21024159,0.236038,0.695256,-0.246761,-0.632466
21032492,0.236817,0.693999,-0.247672,-0.633200
21040825,0.236387,0.692129,-0.247991,-0.635279
21049158,0.236853,0.693370,-0.248122,-0.633699
21057491,0.237630,0.693797,-0.247567,-0.633157
21065824,0.236721,0.696848,-0.247398,-0.630207
21074157,0.236268,0.693394,-0.248216,-0.633854
21082490,0.236507,0.696321,-0.248372,-0.630486
21090823,0.235869,0.696463,-0.248474,-0.630528
21099156,0.237066,0.695026,-0.249509,-0.631256
21107489,0.236903,0.693724,-0.249751,-0.632651
21115822,0.235531,0.696567,-0.249335,-0.630200
21124155,0.231658,0.691110,-0.250487,-0.637149
21132488,0.233796,0.695234,-0.250078,-0.632021
21140821,0.235570,0.691741,-0.250925,-0.634853
21149154,0.235979,0.689761,-0.251606,-0.636583
21157487,0.236304,0.690466,-0.251330,-0.635807
21165820,0.237339,0.695754,-0.248925,-0.630582
21174153,0.235585,0.691735,-0.251279,-0.634714
21182486,0.233150,0.694260,-0.250974,-0.632974
21190819,0.233855,0.692628,-0.252416,-0.633927
21199152,0.233627,0.689310,-0.251910,-0.637817
21207485,0.233685,0.688126,-0.252433,-0.638867
21215818,0.231553,0.692576,-0.251618,-0.635146
21224151,0.232090,0.693876,-0.250779,-0.633861
21232484,0.234506,0.696149,-0.249887,-0.630825
21240817,0.235122,0.696871,-0.249982,-0.629760
21249150,0.231556,0.690697,-0.252427,-0.636868
21257483,0.230704,0.692207,-0.252066,-0.635679
21265816,0.231479,0.693693,-0.251356,-0.634056
21274149,0.230571,0.689880,-0.252424,-0.638110
21282482,0.235326,0.697844,-0.249854,-0.628656
21290815,0.236477,0.697538,-0.249542,-0.628688
21299148,0.234736,0.697235,-0.250357,-0.629352
21307481,0.234274,0.698845,-0.250178,-0.627807
21315814,0.233058,0.696881,-0.250650,-0.630250
21324147,0.234054,0.698563,-0.250009,-0.628270
21332480,0.233806,0.698264,-0.250189,-0.628623
21340813,0.233809,0.698307,-0.250382,-0.628498
21349146,0.234069,0.696256,-0.250889,-0.630471
21357479,0.233930,0.697585,-0.250715,-0.629122
21365812,0.234271,0.699025,-0.250547,-0.627461
21374145,0.235807,0.694075,-0.252284,-0.631671
21382478,0.235624,0.695839,-0.251726,-0.630019
21390811,0.235881,0.697837,-0.251438,-0.627824
21399144,0.235503,0.697001,-0.251804,-0.628747
21407477,0.235823,0.695815,-0.251310,-0.630136
21415810,0.236841,0.697026,-0.250219,-0.628849
21424143,0.236662,0.698370,-0.250793,-0.627194
21432476,0.237802,0.693154,-0.252328,-0.631916
21440809,0.237892,0.695414,-0.251916,-0.629560
21449142,0.237917,0.696509,-0.251537,-0.628490
21457475,0.236763,0.697134,-0.252840,-0.627710
21465808,0.237264,0.696780,-0.252288,-0.628136
21474141,0.238491,0.698089,-0.250891,-0.626776
21482474,0.238117,0.696830,-0.250976,-0.628283
21490807,0.237593,0.696766,-0.250821,-0.628614
21499140,0.237128,0.697519,-0.250933,-0.627909
21507473,0.236959,0.696905,-0.251137,-0.628573
21515806,0.237150,0.697173,-0.251351,-0.628118
21524139,0.236874,0.696909,-0.250908,-0.628692
21532472,0.237043,0.696563,-0.250659,-0.629111
21540805,0.235894,0.695430,-0.251054,-0.630637
21549138,0.236347,0.696800,-0.251106,-0.628932
21557471,0.238638,0.693597,-0.252013,-0.631241
21565804,0.239498,0.692083,-0.252907,-0.632218
21574137,0.238315,0.695201,-0.251561,-0.629777
21582470,0.236893,0.696091,-0.252349,-0.629014
21590803,0.238377,0.693230,-0.252900,-0.631388
21599136,0.238447,0.692248,-0.252523,-0.632588
21607469,0.237041,0.695092,-0.252170,-0.630134
21615802,0.235839,0.696444,-0.252564,-0.628934
21624135,0.237367,0.693292,-0.253416,-0.631493
21632468,0.237993,0.691901,-0.253314,-0.632823
21640801,0.237992,0.691716,-0.252919,-0.633183
21649134,0.237034,0.694015,-0.252508,-0.631188
21657467,0.237166,0.693407,-0.251641,-0.632151
21665800,0.237407,0.694212,-0.250878,-0.631481
21674133,0.237209,0.693527,-0.251373,-0.632110
21682466,0.237029,0.693572,-0.251290,-0.632162
21690799,0.236675,0.693791,-0.251320,-0.632042
21699132,0.236061,0.689738,-0.252461,-0.636239
21707465,0.233799,0.691671,-0.253367,-0.634614
21715798,0.231271,0.687150,-0.254505,-0.639973
21724131,0.233047,0.691472,-0.253570,-0.635025
21732464,0.232918,0.689297,-0.254539,-0.637047
21740797,0.232208,0.690383,-0.254228,-0.636253
21749130,0.232939,0.692525,-0.253855,-0.633803
21757463,0.232907,0.693186,-0.254147,-0.632974
21765796,0.232653,0.693072,-0.254845,-0.632912
21774129,0.232759,0.688957,-0.254426,-0.637518
21782462,0.231438,0.687967,-0.255260,-0.638733
21790795,0.233019,0.692637,-0.254718,-0.633305
21799128,0.233279,0.692961,-0.253998,-0.633143
21807461,0.232016,0.688340,-0.255329,-0.638093
21815794,0.231166,0.686874,-0.256320,-0.639583
21824127,0.231120,0.686943,-0.256318,-0.639527
21832460,0.231986,0.686121,-0.255615,-0.640376
21840793,0.232324,0.687159,-0.255863,-0.639040
21849126,0.230831,0.686887,-0.256568,-0.639590
21857459,0.230605,0.686539,-0.256601,-0.640032
21865792,0.231220,0.687138,-0.257073,-0.638977
21874125,0.231167,0.689155,-0.256720,-0.636964
21882458,0.231352,0.687285,-0.257282,-0.638687
21890791,0.230422,0.686315,-0.257122,-0.640129
21899124,0.230984,0.686948,-0.257275,-0.639186
21907457,0.229238,0.684756,-0.257305,-0.642147
21915790,0.229798,0.686193,-0.257388,-0.640378
21924123,0.229760,0.686488,-0.257925,-0.639858
21932456,0.230821,0.689490,-0.257468,-0.636425
21940789,0.230327,0.687150,-0.257853,-0.638973
21949122,0.229866,0.686077,-0.258151,-0.640170
21957455,0.229849,0.685271,-0.258174,-0.641030
21965788,0.228538,0.682234,-0.259182,-0.644322
21974121,0.230712,0.684378,-0.257408,-0.641981
21982454,0.232063,0.686723,-0.257162,-0.639081
21990787,0.231382,0.689554,-0.257024,-0.636331
21999120,0.231698,0.687034,-0.258046,-0.638524
22007453,0.231086,0.688546,-0.258193,-0.637055
22015786,0.230103,0.686269,-0.258841,-0.639600
22024119,0.231608,0.688071,-0.258506,-0.637252
22032452,0.230433,0.687236,-0.258972,-0.638389
22040785,0.229396,0.687079,-0.260056,-0.638491
22049118,0.230970,0.687871,-0.259597,-0.637256
22057451,0.228321,0.686250,-0.261357,-0.639236
22065784,0.230284,0.687676,-0.260491,-0.637351
22074117,0.230593,0.688249,-0.260278,-0.636707
22082450,0.230565,0.688178,-0.261125,-0.636447
22090783,0.227505,0.686538,-0.262649,-0.638688
22099116,0.226687,0.686351,-0.262203,-0.639362
22107449,0.230174,0.688873,-0.260339,-0.636158
22115782,0.229612,0.687553,-0.261474,-0.637323
22124115,0.230504,0.688462,-0.260706,-0.636334
22132448,0.230568,0.688238,-0.260539,-0.636621
22140781,0.230971,0.686806,-0.261321,-0.637700
22149114,0.228164,0.684948,-0.262621,-0.640170
22157447,0.230430,0.687089,-0.261447,-0.637539
22165780,0.231720,0.686688,-0.261146,-0.637627
22174113,0.231320,0.687614,-0.261192,-0.636755
22182446,0.231122,0.686321,-0.260557,-0.638479
22190779,0.232254,0.685724,-0.260939,-0.638554
22199112,0.229920,0.683836,-0.261418,-0.641222
22207445,0.232297,0.685735,-0.260189,-0.638833
22215778,0.232009,0.684698,-0.261005,-0.639716
22224111,0.231554,0.686909,-0.260929,-0.637539
22232444,0.230457,0.684706,-0.261833,-0.639930
22240777,0.230773,0.684681,-0.260760,-0.640281
22249110,0.232684,0.685391,-0.259557,-0.639318
22257443,0.232925,0.686150,-0.259713,-0.638352
22265776,0.232786,0.686834,-0.259767,-0.637644
22274109,0.230846,0.685296,-0.259923,-0.639937
22282442,0.231446,0.686436,-0.260240,-0.638367
22290775,0.232392,0.687262,-0.259463,-0.637451
22299108,0.232655,0.687620,-0.259417,-0.636988
22307441,0.230999,0.686255,-0.260664,-0.638551
22315774,0.230700,0.686919,-0.260546,-0.637994
22324107,0.233136,0.687741,-0.258625,-0.637003
22332440,0.230384,0.686508,-0.260277,-0.638659
22340773,0.228612,0.686698,-0.261115,-0.638750
22349106,0.229030,0.686512,-0.260935,-0.638873
22357439,0.231226,0.688650,-0.259555,-0.636338
22365772,0.229604,0.687042,-0.260200,-0.638397
22374105,0.231793,0.687297,-0.260147,-0.637353
22382438,0.229453,0.686632,-0.260616,-0.638723
22390771,0.231032,0.687897,-0.260428,-0.636866
22399104,0.230313,0.684762,-0.261649,-0.639998
22407437,0.230874,0.687193,-0.261364,-0.637301
22415770,0.231187,0.686563,-0.261383,-0.637858
22424103,0.230153,0.685401,-0.262352,-0.639083
22432436,0.230612,0.685923,-0.262016,-0.638495
22440769,0.228316,0.685891,-0.262451,-0.639175
22449102,0.229695,0.684360,-0.262305,-0.640381
22457435,0.229923,0.684540,-0.262333,-0.640095
22465768,0.230363,0.686130,-0.261479,-0.638582
22474101,0.230948,0.686799,-0.261559,-0.637618
22482434,0.229670,0.685671,-0.262578,-0.638874
22490767,0.230255,0.686778,-0.261749,-0.637814
22499100,0.229738,0.685828,-0.261380,-0.639172
22507433,0.230351,0.686928,-0.261095,-0.637885
22515766,0.227590,0.684240,-0.263420,-0.640803
22524099,0.229652,0.686098,-0.261850,-0.638721
22532432,0.230669,0.686789,-0.260920,-0.637992
22540765,0.228000,0.685195,-0.262233,-0.640123
22549098,0.226978,0.684995,-0.262720,-0.640500
22557431,0.229753,0.686610,-0.261667,-0.638209
22565764,0.230029,0.687476,-0.261248,-0.637349
22574097,0.231355,0.686306,-0.260262,-0.638531
22582430,0.230975,0.686918,-0.260293,-0.637999
22590763,0.229233,0.685292,-0.261671,-0.639809
22599096,0.229605,0.687401,-0.260784,-0.637772
22607429,0.230007,0.688059,-0.260424,-0.637064
22615762,0.230270,0.687317,-0.260313,-0.637815
22624095,0.229699,0.686793,-0.261207,-0.638220
22632428,0.230088,0.687681,-0.260944,-0.637231
22640761,0.231060,0.686822,-0.261252,-0.637679
22649094,0.230434,0.687609,-0.261644,-0.636896
22657427,0.230343,0.687625,-0.261400,-0.637012
22665760,0.230355,0.687021,-0.261843,-0.637477
22674093,0.230127,0.686818,-0.261676,-0.637846
22682426,0.228854,0.686393,-0.262656,-0.638359
22690759,0.229859,0.687656,-0.261569,-0.637084
22699092,0.227199,0.685615,-0.263028,-0.639631
22707425,0.227878,0.686058,-0.262617,-0.639084
22715758,0.228305,0.685985,-0.262066,-0.639236
22724091,0.228738,0.684780,-0.261780,-0.640489
22732424,0.228708,0.684424,-0.261929,-0.640820
22740757,0.229372,0.686232,-0.261487,-0.638826
22749090,0.227298,0.684714,-0.261634,-0.641131
22757423,0.228718,0.686850,-0.261243,-0.638496
22765756,0.228018,0.683524,-0.262555,-0.641769
22774089,0.226467,0.684053,-0.262956,-0.641590
22782422,0.226612,0.682488,-0.263203,-0.643103
22790755,0.229102,0.686763,-0.261790,-0.638228
22799088,0.228044,0.683367,-0.263103,-0.641702
22807421,0.229489,0.685245,-0.262252,-0.639530
22815754,0.227176,0.684824,-0.263354,-0.640352
22824087,0.228458,0.684758,-0.262870,-0.640166
22832420,0.228399,0.684301,-0.263279,-0.640508
22840753,0.228387,0.684261,-0.263283,-0.640553
22849086,0.227507,0.682480,-0.263288,-0.642761
22857419,0.228309,0.682329,-0.263223,-0.642663
22865752,0.229411,0.682900,-0.262809,-0.641833
22874085,0.228036,0.681612,-0.263870,-0.643256
22882418,0.229241,0.682339,-0.263062,-0.642386
22890751,0.230369,0.682791,-0.263242,-0.641428
22899084,0.230614,0.683406,-0.263087,-0.640749
22907417,0.230711,0.683159,-0.263009,-0.641009
22915750,0.231316,0.685668,-0.262586,-0.638280
22924083,0.228536,0.682208,-0.263954,-0.642411
22932416,0.229779,0.682162,-0.262963,-0.642423
22940749,0.229366,0.683203,-0.262731,-0.641558
22949082,0.229066,0.682517,-0.262851,-0.642347
22957415,0.229059,0.683841,-0.262035,-0.641274
22965748,0.230081,0.686136,-0.261048,-0.638854
22974081,0.229849,0.683968,-0.260862,-0.641333
22982414,0.229802,0.683251,-0.260685,-0.642186
22990747,0.226230,0.681473,-0.262030,-0.644791
22999080,0.228657,0.683039,-0.260703,-0.642812
23007413,0.228161,0.682677,-0.261147,-0.643192
23015746,0.230799,0.686695,-0.260022,-0.638413
23024079,0.230226,0.683715,-0.260644,-0.641557
23032412,0.228926,0.682205,-0.261672,-0.643208
23040745,0.230029,0.682857,-0.261457,-0.642210
23049078,0.231308,0.683117,-0.261756,-0.641351
23057411,0.232362,0.685454,-0.261594,-0.638538
23065744,0.232739,0.682798,-0.260991,-0.641485
23074077,0.233217,0.682676,-0.260524,-0.641631
23082410,0.230794,0.682650,-0.262337,-0.641797
23090743,0.231422,0.683393,-0.261794,-0.641000
23099076,0.230825,0.681032,-0.261916,-0.643674
23107409,0.230547,0.680556,-0.261770,-0.644335
23115742,0.230301,0.684152,-0.262084,-0.640476
23124075,0.231322,0.686050,-0.262046,-0.638089
23132408,0.229872,0.682492,-0.262328,-0.642298
23140741,0.231221,0.685156,-0.261624,-0.639258
23149074,0.230263,0.682966,-0.261643,-0.641934
23157407,0.230363,0.682742,-0.261964,-0.642005
23165740,0.230900,0.685800,-0.260573,-0.639113
23174073,0.230930,0.688299,-0.259983,-0.636651
23182406,0.230448,0.685849,-0.260459,-0.639269
23190739,0.230377,0.683078,-0.260778,-0.642126
23199072,0.230927,0.686502,-0.260410,-0.638416
23207405,0.230562,0.684520,-0.260767,-0.640526
23215738,0.231356,0.686908,-0.260553,-0.637765
23224071,0.231330,0.688408,-0.260679,-0.636103
23232404,0.230722,0.687905,-0.260897,-0.636779
23240737,0.230131,0.687097,-0.260973,-0.637832
23249070,0.230289,0.686501,-0.261152,-0.638344
23257403,0.230224,0.687033,-0.260855,-0.637916
23265736,0.230589,0.686735,-0.261370,-0.637894
23274069,0.230047,0.686673,-0.261212,-0.638222
23282402,0.230086,0.684342,-0.261439,-0.640614
23290735,0.229730,0.685289,-0.261557,-0.639680
23299068,0.230283,0.685657,-0.261688,-0.639033
23307401,0.230444,0.686466,-0.261093,-0.638350
23315734,0.229938,0.685601,-0.261911,-0.639126
23324067,0.230470,0.684331,-0.261224,-0.640575
23332400,0.227952,0.684679,-0.263308,-0.640251
23340733,0.229656,0.686548,-0.261712,-0.638292
23349066,0.229191,0.686441,-0.261421,-0.638693
23357399,0.229695,0.686490,-0.261651,-0.638365
23365732,0.230047,0.687074,-0.261324,-0.637744
23374065,0.230245,0.687155,-0.262550,-0.637082
23382398,0.228826,0.686215,-0.262306,-0.638704
23390731,0.229567,0.686879,-0.261466,-0.638069
23399064,0.230125,0.687263,-0.260720,-0.637760
23407397,0.230781,0.687581,-0.260852,-0.637126
23415730,0.229600,0.687880,-0.262250,-0.636656
23424063,0.229578,0.686649,-0.263071,-0.637652
23432396,0.228711,0.686240,-0.262593,-0.638601
23440729,0.229436,0.685709,-0.262323,-0.639022
23449062,0.228750,0.686792,-0.263158,-0.637760
23457395,0.230517,0.687749,-0.262426,-0.636393
23465728,0.229749,0.688415,-0.262942,-0.635737
23474061,0.229547,0.688216,-0.261972,-0.636426
23482394,0.229731,0.687980,-0.261183,-0.636938
23490727,0.230194,0.688478,-0.261631,-0.636048
23499060,0.230176,0.688027,-0.261687,-0.636520
23507393,0.229264,0.687624,-0.263516,-0.636530
23515726,0.228301,0.687625,-0.263793,-0.636761
23524059,0.228963,0.685738,-0.263171,-0.638812
23532392,0.228499,0.687588,-0.263534,-0.636837
23540725,0.230165,0.687041,-0.262461,-0.637270
23549058,0.229151,0.684337,-0.262847,-0.640378
23557391,0.229321,0.685475,-0.262265,-0.639338
23565724,0.228482,0.683161,-0.262159,-0.642153
23574057,0.229485,0.685460,-0.261984,-0.639411
23582390,0.229193,0.685754,-0.262350,-0.639049
23590723,0.230050,0.687533,-0.262019,-0.636963
23599056,0.230370,0.687594,-0.262624,-0.636532
23607389,0.229731,0.685559,-0.262233,-0.639114
23615722,0.227222,0.683422,-0.263409,-0.641810
23624055,0.225747,0.681842,-0.263405,-0.644009
23632388,0.227506,0.682558,-0.262615,-0.642953
23640721,0.229911,0.687065,-0.262207,-0.637440
23649054,0.229340,0.686242,-0.261871,-0.638669
23657387,0.229473,0.688286,-0.262000,-0.636365
23665720,0.229333,0.689386,-0.261792,-0.635309
23674053,0.229091,0.686186,-0.262035,-0.638752
23682386,0.228600,0.686946,-0.263281,-0.637597
23690719,0.230120,0.687464,-0.260978,-0.637439
23699052,0.229665,0.685944,-0.261100,-0.639188
23707385,0.229623,0.683820,-0.262162,-0.641042
23715718,0.229443,0.684303,-0.262687,-0.640376
23724051,0.229916,0.686272,-0.262882,-0.638015
23732384,0.230879,0.685944,-0.262259,-0.638276
23740717,0.230695,0.682531,-0.262285,-0.641979
23749050,0.229889,0.683648,-0.262608,-0.640947
23757383,0.228436,0.685575,-0.262972,-0.639258
23765716,0.229571,0.686189,-0.261668,-0.638727
23774049,0.229667,0.686720,-0.262283,-0.637868
23782382,0.229320,0.686984,-0.262763,-0.637511
23790715,0.227775,0.684918,-0.262603,-0.640348
23799048,0.228098,0.685994,-0.261141,-0.639679
23807381,0.229089,0.687717,-0.261415,-0.637358
23815714,0.228199,0.685008,-0.262461,-0.640159
23824047,0.229292,0.687653,-0.260711,-0.637642
23832380,0.229237,0.688216,-0.261114,-0.636890
23840713,0.228952,0.688565,-0.261179,-0.636589
23849046,0.229242,0.687857,-0.261715,-0.637029
23857379,0.229195,0.687644,-0.261679,-0.637290
23865712,0.231627,0.689798,-0.262506,-0.633734
23874045,0.230865,0.689214,-0.261614,-0.635015
23882378,0.229884,0.685724,-0.262388,-0.638818
23890711,0.230218,0.688111,-0.262314,-0.636157
23899044,0.230035,0.688493,-0.262765,-0.635623
23907377,0.230116,0.683188,-0.262303,-0.641481
23915710,0.230223,0.684382,-0.262164,-0.640225
23924043,0.229452,0.685326,-0.262021,-0.639550
23932376,0.230438,0.685418,-0.261997,-0.639108
23940709,0.230696,0.687551,-0.262427,-0.636541
23949042,0.230912,0.686610,-0.261117,-0.638016
23957375,0.229820,0.685830,-0.261137,-0.639239
23965708,0.228544,0.685815,-0.261283,-0.639654
23974041,0.229455,0.684755,-0.261989,-0.640174
23982374,0.228632,0.681931,-0.261433,-0.643701
23990707,0.229675,0.686203,-0.261315,-0.638819
23999040,0.230715,0.688237,-0.260980,-0.636389
24007373,0.230523,0.687005,-0.261745,-0.637474
24015706,0.229853,0.686930,-0.262177,-0.637619
24024039,0.229453,0.687323,-0.261867,-0.637467
24032372,0.229247,0.686373,-0.262678,-0.638230
24040705,0.229772,0.685552,-0.261395,-0.639450
24049038,0.229898,0.687555,-0.261468,-0.637220
24057371,0.229234,0.686300,-0.262392,-0.638431
24065704,0.228815,0.684514,-0.262842,-0.640311
24074037,0.228601,0.683958,-0.263086,-0.640882
24082370,0.229909,0.687524,-0.261801,-0.637113
24090703,0.230045,0.685721,-0.261871,-0.638976
24099036,0.228483,0.681615,-0.263633,-0.643190
24107369,0.229087,0.684859,-0.262221,-0.640100
24115702,0.228782,0.685970,-0.261588,-0.639277
24124035,0.229708,0.687687,-0.262038,-0.636912
24132368,0.229552,0.685263,-0.261331,-0.639865
24140701,0.229628,0.686840,-0.261828,-0.637941
24149034,0.229445,0.686707,-0.261657,-0.638219
24157367,0.227722,0.686307,-0.261815,-0.639201
24165700,0.227465,0.685621,-0.261402,-0.640197
24174033,0.228524,0.686986,-0.260983,-0.638525
24182366,0.228947,0.687685,-0.261682,-0.637334
24190699,0.228482,0.688649,-0.261919,-0.636363
24199032,0.226769,0.684975,-0.262549,-0.640667
24207365,0.228170,0.686636,-0.262232,-0.638516
24215698,0.229193,0.684746,-0.261687,-0.640401
24224031,0.229328,0.687346,-0.261627,-0.637585
24232364,0.230539,0.686906,-0.261302,-0.637757
24240697,0.228702,0.682949,-0.262080,-0.642332
24249030,0.228161,0.683191,-0.262195,-0.642220
24257363,0.228318,0.683774,-0.262450,-0.641439
24265696,0.229472,0.686705,-0.262480,-0.637874
24274029,0.229581,0.685919,-0.261307,-0.639160
24282362,0.229473,0.685829,-0.261466,-0.639230
24290695,0.228500,0.682407,-0.262737,-0.642711
24299028,0.228958,0.684479,-0.262113,-0.640596
24307361,0.229282,0.682830,-0.262136,-0.642229
24315694,0.228352,0.685581,-0.261186,-0.640013
24324027,0.226257,0.684193,-0.262418,-0.641736
24332360,0.225210,0.683870,-0.263020,-0.642201
24340693,0.226452,0.684448,-0.262411,-0.641398
24349026,0.225343,0.679922,-0.263481,-0.646146
24357359,0.225847,0.683145,-0.263169,-0.642688
24365692,0.226860,0.687353,-0.262647,-0.638041
24374025,0.226225,0.684672,-0.263065,-0.640971
24382358,0.226206,0.683448,-0.263408,-0.642141
24390691,0.227242,0.684322,-0.263043,-0.640993
24399024,0.226288,0.685397,-0.262711,-0.640319
24407357,0.225590,0.684427,-0.263007,-0.641480
24415690,0.225750,0.684557,-0.263012,-0.641282
24424023,0.226168,0.683204,-0.263704,-0.642294
24432356,0.226535,0.683057,-0.263637,-0.642348
24440689,0.225782,0.680156,-0.263831,-0.645604
24449022,0.225652,0.682102,-0.263530,-0.643716
24457355,0.225843,0.683079,-0.263440,-0.642649
24465688,0.226339,0.683372,-0.263155,-0.642279
24474021,0.226077,0.683510,-0.262973,-0.642300
24482354,0.225985,0.683661,-0.263128,-0.642108
24490687,0.226029,0.683726,-0.263438,-0.641895
24499020,0.226001,0.684498,-0.263149,-0.641201
24507353,0.226851,0.684034,-0.262830,-0.641526
24515686,0.226296,0.683853,-0.263191,-0.641768
24524019,0.225165,0.683873,-0.264076,-0.641781
24532352,0.225646,0.683836,-0.263698,-0.641806
24540685,0.225712,0.685258,-0.262993,-0.640555
24549018,0.225639,0.685271,-0.263080,-0.640531
24557351,0.225931,0.684920,-0.262844,-0.640900
24565684,0.226802,0.685044,-0.262758,-0.640496
24574017,0.226016,0.685809,-0.262214,-0.640177
24582350,0.226007,0.683990,-0.263165,-0.641734
24590683,0.225691,0.683963,-0.262864,-0.641997
24599016,0.225656,0.684601,-0.262681,-0.641404
24607349,0.225760,0.682846,-0.263439,-0.642926
24615682,0.226114,0.683679,-0.263137,-0.642040
24624015,0.225166,0.679045,-0.264168,-0.646848
24632348,0.225869,0.681924,-0.264015,-0.643629
24640681,0.225966,0.683252,-0.263194,-0.642523
24649014,0.225317,0.680370,-0.263835,-0.645539
24657347,0.225877,0.682812,-0.263235,-0.643004
24665680,0.226113,0.682916,-0.263084,-0.642872
24674013,0.225184,0.681548,-0.264694,-0.643989
24682346,0.225617,0.681633,-0.264140,-0.643974
24690679,0.225849,0.683232,-0.262986,-0.642670
24699012,0.225637,0.682998,-0.263190,-0.642910
24707345,0.224809,0.682580,-0.263968,-0.643325
24715678,0.225208,0.683049,-0.263292,-0.642965
24724011,0.225492,0.683604,-0.262961,-0.642409
24732344,0.225947,0.681895,-0.263191,-0.643970
24740677,0.225089,0.682578,-0.263225,-0.643533
24749010,0.225546,0.682703,-0.263048,-0.643313
24757343,0.225795,0.682884,-0.262931,-0.643081
24765676,0.225689,0.683176,-0.262777,-0.642871
24774009,0.225980,0.683390,-0.262771,-0.642544
24782342,0.225635,0.683605,-0.262777,-0.642434
24790675,0.227817,0.684689,-0.261725,-0.640937
24799008,0.226832,0.683060,-0.262707,-0.642621
24807341,0.226057,0.683358,-0.262678,-0.642589
24815674,0.225763,0.683823,-0.262346,-0.642333
24824007,0.225850,0.682550,-0.262955,-0.643406
24832340,0.228033,0.684685,-0.261640,-0.640899
24840673,0.226251,0.683813,-0.262485,-0.642115
24849006,0.225836,0.683375,-0.262692,-0.642643
24857339,0.225569,0.683252,-0.262719,-0.642857
24865672,0.226444,0.686448,-0.262960,-0.639034
24874005,0.225299,0.684890,-0.263934,-0.640706
24882338,0.225861,0.684411,-0.263144,-0.641345
24890671,0.225574,0.685639,-0.262538,-0.640382
24899004,0.225606,0.685581,-0.262376,-0.640499
24907337,0.225483,0.682610,-0.264031,-0.643031
24915670,0.225889,0.682954,-0.263401,-0.642781
24924003,0.225229,0.682749,-0.263678,-0.643117
24932336,0.227652,0.685583,-0.261598,-0.640091
24940669,0.226567,0.684324,-0.262110,-0.641613
24949002,0.226780,0.687355,-0.261990,-0.638338
24957335,0.226193,0.684124,-0.263196,-0.641513
24965668,0.225575,0.684373,-0.262969,-0.641558
24974001,0.225480,0.684448,-0.262552,-0.641682
24982334,0.226791,0.685168,-0.263130,-0.640213
24990667,0.226003,0.684819,-0.262864,-0.640974
24999000,0.225314,0.684618,-0.262833,-0.641444
25007333,0.225542,0.684406,-0.262794,-0.641607
25015666,0.225652,0.684330,-0.262871,-0.641618
25023999,0.225643,0.684198,-0.262662,-0.641847
25032332,0.226420,0.686842,-0.261893,-0.639057
25040665,0.226270,0.687382,-0.262164,-0.638419
25048998,0.225550,0.684931,-0.262481,-0.641172
25057331,0.225173,0.684425,-0.262509,-0.641832
25065664,0.225483,0.683937,-0.262811,-0.642120
25073997,0.225573,0.684045,-0.262401,-0.642141
25082330,0.225470,0.684305,-0.262261,-0.641957
25090663,0.226414,0.687568,-0.261616,-0.638391
25098996,0.225882,0.686135,-0.261873,-0.640015
25107329,0.224819,0.684574,-0.262790,-0.641682
25115662,0.225201,0.684615,-0.262444,-0.641646
25123995,0.225388,0.684429,-0.262573,-0.641727
25132328,0.227219,0.686522,-0.261581,-0.639245
25140661,0.225935,0.685127,-0.262159,-0.640957
25148994,0.225432,0.684360,-0.262293,-0.641899
25157327,0.224084,0.684529,-0.262967,-0.641915
25165660,0.225507,0.686984,-0.262215,-0.639095
25173993,0.226641,0.684933,-0.263495,-0.640368
25182326,0.225612,0.683964,-0.262508,-0.642170
25190659,0.225082,0.683563,-0.262677,-0.642713
25198992,0.225481,0.683919,-0.262450,-0.642288
25207325,0.225563,0.684259,-0.262306,-0.641955
25215658,0.225483,0.684056,-0.262777,-0.642007
25223991,0.227263,0.685440,-0.262970,-0.639820
25232324,0.227106,0.687198,-0.262222,-0.638295
25240657,0.226479,0.687014,-0.262326,-0.638674
25248990,0.226632,0.687336,-0.262221,-0.638315
25257323,0.225996,0.684642,-0.262603,-0.641272
25265656,0.225749,0.683847,-0.262798,-0.642128
25273989,0.225639,0.684462,-0.262349,-0.641695
25282322,0.225853,0.684367,-0.262214,-0.641776
25290655,0.225420,0.683862,-0.262648,-0.642288
25298988,0.225120,0.683925,-0.262441,-0.642411
25307321,0.224974,0.685998,-0.262669,-0.640155
25315654,0.224565,0.683827,-0.263542,-0.642259
25323987,0.225025,0.684650,-0.262099,-0.641812
25332320,0.224811,0.685889,-0.262468,-0.640411
25340653,0.223304,0.683863,-0.263286,-0.642765
25348986,0.224554,0.684729,-0.262157,-0.641868
25357319,0.225571,0.685052,-0.261673,-0.641365
25365652,0.224805,0.684122,-0.262753,-0.642184
25373985,0.225150,0.684404,-0.261956,-0.642088
25382318,0.225122,0.684544,-0.261984,-0.641937
25390651,0.225881,0.687300,-0.262335,-0.638574
25398984,0.225903,0.687959,-0.262052,-0.637973
25407317,0.225511,0.685492,-0.261913,-0.640817
25415650,0.224694,0.683400,-0.263390,-0.642731
25423983,0.224591,0.683561,-0.263248,-0.642653
25432316,0.224981,0.684684,-0.262333,-0.641695
25440649,0.225707,0.687383,-0.261597,-0.638849
25448982,0.226068,0.688031,-0.261441,-0.638087
25457315,0.226011,0.687938,-0.261520,-0.638176
25465648,0.225334,0.685551,-0.261753,-0.640881
25473981,0.225609,0.686940,-0.261654,-0.639337
25482314,0.225471,0.685479,-0.261483,-0.641022
25490647,0.226003,0.686938,-0.261640,-0.639205
25498980,0.225622,0.687782,-0.261659,-0.638425
25507313,0.225031,0.685821,-0.261827,-0.640669
25515646,0.225225,0.685437,-0.262053,-0.640919
25523979,0.225342,0.684398,-0.262362,-0.641862
25532312,0.225193,0.684599,-0.262289,-0.641730
25540645,0.224744,0.684583,-0.261734,-0.642131
25548978,0.225484,0.682449,-0.262501,-0.643828
25557311,0.225307,0.683739,-0.262034,-0.642710
25565644,0.225172,0.683696,-0.262130,-0.642764
25573977,0.225732,0.686155,-0.262040,-0.639978
25582310,0.225326,0.684266,-0.262163,-0.642090
25590643,0.225053,0.684092,-0.262104,-0.642394
25598976,0.224976,0.683661,-0.262124,-0.642872
25607309,0.225314,0.682322,-0.262562,-0.643997
25615642,0.225362,0.683021,-0.262003,-0.643467
25623975,0.225495,0.682893,-0.261931,-0.643585
25632308,0.225326,0.682950,-0.261778,-0.643646
25640641,0.225181,0.682695,-0.261915,-0.643911
25648974,0.225958,0.686032,-0.261720,-0.640161
25657307,0.226167,0.686919,-0.261568,-0.639198
25665640,0.225708,0.684088,-0.261840,-0.642277
25673973,0.225779,0.683791,-0.261416,-0.642741
25682306,0.224959,0.683393,-0.262768,-0.642900
25690639,0.225105,0.684368,-0.262265,-0.642016
25698972,0.225786,0.683554,-0.262206,-0.642668
25707305,0.226208,0.687234,-0.261810,-0.638744
25715638,0.225296,0.685327,-0.261712,-0.641152
25723971,0.224187,0.684643,-0.261905,-0.642191
25732304,0.224470,0.684019,-0.261862,-0.642775
25740637,0.224997,0.685304,-0.261536,-0.641353
25748970,0.224657,0.685489,-0.261161,-0.641427
25757303,0.225215,0.687157,-0.261265,-0.639401
25765636,0.225204,0.687193,-0.261388,-0.639315
25773969,0.224902,0.685289,-0.261490,-0.641421
25782302,0.224786,0.684226,-0.261653,-0.642530
25790635,0.225175,0.686959,-0.261308,-0.639610
25798968,0.225979,0.683496,-0.262056,-0.642724
25807301,0.225672,0.683468,-0.261881,-0.642932
25815634,0.226273,0.685602,-0.261841,-0.640460
25823967,0.225555,0.684079,-0.261861,-0.642331
25832300,0.226022,0.685597,-0.261715,-0.640606
25840633,0.225735,0.684662,-0.261547,-0.641775
25848966,0.225050,0.684119,-0.261982,-0.642417
25857299,0.225205,0.684087,-0.261769,-0.642483
25865632,0.224648,0.683835,-0.262310,-0.642726
25873965,0.225353,0.686937,-0.261361,-0.639550
25882298,0.224640,0.684060,-0.262118,-0.642567
25890631,0.224768,0.683868,-0.261596,-0.642940
25898964,0.224297,0.683308,-0.262315,-0.643406
25907297,0.224695,0.683354,-0.261478,-0.643559
25915630,0.223210,0.679257,-0.262421,-0.648015
25923963,0.224351,0.681634,-0.261514,-0.645486
25932296,0.224930,0.680986,-0.262041,-0.645754
25940629,0.224196,0.681272,-0.262243,-0.645626
25948962,0.223381,0.679897,-0.263194,-0.646970
25957295,0.222295,0.676615,-0.263581,-0.650616
25965628,0.222813,0.678979,-0.263339,-0.648070
25973961,0.223031,0.680073,-0.263119,-0.646936
25982294,0.223154,0.679637,-0.263228,-0.647307
25990627,0.223899,0.679896,-0.262756,-0.646970
25998960,0.224038,0.680812,-0.262320,-0.646134
26007293,0.224465,0.680442,-0.261903,-0.646546
26015626,0.223441,0.680142,-0.263077,-0.646739
26023959,0.223939,0.680979,-0.262383,-0.645968
26032292,0.223955,0.680914,-0.262602,-0.645941
26040625,0.222675,0.676712,-0.263552,-0.650398
26048958,0.223742,0.680740,-0.262400,-0.646281
26057291,0.223233,0.680539,-0.262895,-0.646467
26065624,0.224330,0.680948,-0.261927,-0.646049
26073957,0.224142,0.681620,-0.261952,-0.645396
26082290,0.224265,0.682643,-0.261524,-0.644445
26090623,0.223104,0.679107,-0.261866,-0.648432
26098956,0.223760,0.680800,-0.261516,-0.646569
26107289,0.223313,0.677680,-0.262526,-0.649585
26115622,0.222892,0.679281,-0.263173,-0.647794
26123955,0.223905,0.680462,-0.262322,-0.646548
26132288,0.224157,0.681082,-0.261833,-0.646007
26140621,0.224284,0.681467,-0.261567,-0.645665
26148954,0.224013,0.680803,-0.262082,-0.646250
26157287,0.223910,0.681544,-0.261915,-0.645571
26165620,0.223071,0.679944,-0.263058,-0.647083
26173953,0.222059,0.676303,-0.263849,-0.650913
26182286,0.223251,0.679000,-0.262678,-0.648165
26190619,0.224219,0.680789,-0.261734,-0.646334
26198952,0.224030,0.680920,-0.262189,-0.646077
26207285,0.223161,0.680940,-0.262921,-0.646059
26215618,0.223481,0.681485,-0.262327,-0.645615
26223951,0.223915,0.681443,-0.262120,-0.645593
26232284,0.223182,0.677512,-0.262606,-0.649774
26240617,0.223880,0.680439,-0.262297,-0.646592
26248950,0.223159,0.677667,-0.262793,-0.649544
26257283,0.223174,0.676698,-0.263049,-0.650445
26265616,0.224029,0.680484,-0.262304,-0.646489
26273949,0.224136,0.680174,-0.262701,-0.646617
26282282,0.222832,0.679528,-0.263745,-0.647322
26290615,0.222021,0.676671,-0.264044,-0.650464
26298948,0.222430,0.678054,-0.262805,-0.649386
26307281,0.222780,0.680554,-0.263031,-0.646553
26315614,0.223369,0.680756,-0.262726,-0.646261
26323947,0.222945,0.679961,-0.263464,-0.646943
26332280,0.222873,0.679866,-0.263484,-0.647059
26340613,0.222602,0.676842,-0.263772,-0.650198
26348946,0.223850,0.680027,-0.262878,-0.646800
26357279,0.223181,0.678163,-0.263314,-0.648807
26365612,0.222156,0.675445,-0.265074,-0.651273
26373945,0.221948,0.675042,-0.265767,-0.651480
26382278,0.223110,0.675214,-0.265946,-0.650830
26390611,0.224630,0.678278,-0.265577,-0.647263
26398944,0.224340,0.679089,-0.266790,-0.646013
26407277,0.224501,0.678836,-0.267384,-0.645977
26415610,0.225450,0.684275,-0.267745,-0.639729
26423943,0.225723,0.683933,-0.268177,-0.639817
26432276,0.226024,0.685806,-0.268130,-0.637722
26440609,0.225387,0.686037,-0.269087,-0.637297
26448942,0.224221,0.684273,-0.269467,-0.639439
26457275,0.223143,0.682897,-0.270734,-0.640751
26465608,0.222159,0.682788,-0.271548,-0.640865
26473941,0.219728,0.680485,-0.273551,-0.643296
26482274,0.218839,0.678682,-0.274405,-0.645138
26490607,0.218229,0.678594,-0.274262,-0.645497
26498940,0.217837,0.678514,-0.274175,-0.645751
26507273,0.216760,0.677677,-0.274766,-0.646740
26515606,0.215464,0.676763,-0.273878,-0.648505
26523939,0.215038,0.676754,-0.271832,-0.649516
26532272,0.214500,0.676462,-0.272248,-0.649823
26540605,0.217795,0.680378,-0.269457,-0.645790
26548938,0.218598,0.685268,-0.268740,-0.640626
26557271,0.216044,0.685276,-0.270169,-0.640882
26565604,0.217221,0.686055,-0.269562,-0.639906
26573937,0.218671,0.687971,-0.268533,-0.637784
26582270,0.218136,0.687611,-0.268538,-0.638353
26590603,0.216602,0.688013,-0.269926,-0.637857
26598936,0.215097,0.685642,-0.271113,-0.640410
26607269,0.215503,0.682990,-0.271884,-0.642777
26615602,0.215042,0.683931,-0.271548,-0.642073
26623935,0.217372,0.686838,-0.270330,-0.638690
26632268,0.215248,0.688371,-0.271227,-0.637377
26640601,0.213942,0.685952,-0.271596,-0.640261
26648934,0.213527,0.685313,-0.271547,-0.641104
26657267,0.214876,0.687403,-0.270449,-0.638876
26665600,0.215804,0.685661,-0.270582,-0.640377
26673933,0.217054,0.692421,-0.270662,-0.632601
26682266,0.214959,0.690572,-0.270610,-0.635353
26690599,0.213848,0.690033,-0.270349,-0.636423
26698932,0.213546,0.689666,-0.270416,-0.636894
26707265,0.213313,0.688921,-0.269773,-0.638051
26715598,0.209441,0.681188,-0.270934,-0.647080
26723931,0.210896,0.686701,-0.270196,-0.641061
26732264,0.210016,0.687034,-0.270873,-0.640707
26740597,0.208863,0.685873,-0.271098,-0.642231
26748930,0.209688,0.686374,-0.270279,-0.641771
26757263,0.209884,0.686823,-0.269942,-0.641369
26765596,0.209686,0.683108,-0.270238,-0.645265
26773929,0.211099,0.688091,-0.269814,-0.639663
26782262,0.206961,0.683110,-0.271600,-0.645571
26790595,0.205926,0.681861,-0.271560,-0.647236
26798928,0.206568,0.682640,-0.270921,-0.646478
26807261,0.205912,0.682167,-0.270979,-0.647162
26815594,0.205448,0.684691,-0.270930,-0.644660
26823927,0.206380,0.681648,-0.270490,-0.647764
26832260,0.208427,0.680496,-0.269934,-0.648551
26840593,0.209529,0.689333,-0.268204,-0.639518
26848926,0.208039,0.689400,-0.268245,-0.639915
26857259,0.206482,0.689275,-0.268400,-0.640489
26865592,0.206200,0.686359,-0.268178,-0.643796
26873925,0.206222,0.687432,-0.266768,-0.643230
26882258,0.207424,0.689164,-0.266019,-0.641298
26890591,0.208271,0.690559,-0.266862,-0.639168
26898924,0.208173,0.688886,-0.267116,-0.640898
26907257,0.209050,0.690346,-0.265944,-0.639526
26915590,0.207108,0.686593,-0.266332,-0.644021
26923923,0.208132,0.690092,-0.265914,-0.640112
26932256,0.207229,0.692988,-0.265337,-0.637511
26940589,0.208026,0.692567,-0.265812,-0.637511
26948922,0.207328,0.692724,-0.266322,-0.637355
26957255,0.206182,0.693915,-0.265546,-0.636755
26965588,0.205222,0.691072,-0.265927,-0.639990
26973921,0.205434,0.692268,-0.265805,-0.638677
26982254,0.203319,0.693877,-0.265620,-0.637684
26990587,0.200930,0.691913,-0.266422,-0.640236
26998920,0.200740,0.691968,-0.266948,-0.640018
27007253,0.201539,0.693979,-0.265738,-0.638090
27015586,0.201918,0.694740,-0.264632,-0.637602
27023919,0.202624,0.695256,-0.265033,-0.636648
27032252,0.202635,0.695836,-0.264946,-0.636047
27040585,0.199639,0.691459,-0.265525,-0.641502
27048918,0.198861,0.693132,-0.264450,-0.640381
27057251,0.197852,0.689174,-0.264013,-0.645128
27065584,0.198016,0.693983,-0.263256,-0.640214
27073917,0.198078,0.692941,-0.263344,-0.641286
27082250,0.198071,0.692085,-0.263655,-0.642084
27090583,0.197760,0.691615,-0.263592,-0.642712
27098916,0.199328,0.692460,-0.261774,-0.642060
27107249,0.200532,0.693817,-0.261398,-0.640372
27115582,0.199615,0.693651,-0.261511,-0.640791
27123915,0.199767,0.692971,-0.261131,-0.641634
27132248,0.199939,0.693281,-0.260487,-0.641508
27140581,0.198764,0.693463,-0.261093,-0.641430
27148914,0.198697,0.693500,-0.260834,-0.641517
27157247,0.197018,0.692017,-0.260763,-0.643660
27165580,0.197084,0.691753,-0.260774,-0.643919
27173913,0.197644,0.692478,-0.260767,-0.642971
27182246,0.198536,0.693838,-0.260478,-0.641345
27190579,0.198180,0.692507,-0.260879,-0.642729
27198912,0.197992,0.693232,-0.260545,-0.642140
27207245,0.198545,0.693156,-0.261016,-0.641860
27215578,0.199181,0.694116,-0.261099,-0.640591
27223911,0.196981,0.692120,-0.261965,-0.643073
27232244,0.198706,0.694007,-0.261354,-0.640752
27240577,0.199375,0.694749,-0.261143,-0.639826
27248910,0.198749,0.695556,-0.261409,-0.639035
27257243,0.199403,0.695482,-0.261307,-0.638953
27265576,0.199441,0.694896,-0.260955,-0.639723
27273909,0.198588,0.694480,-0.260964,-0.640435
27282242,0.198559,0.695101,-0.261083,-0.639722
27290575,0.198614,0.696301,-0.261030,-0.638421
27298908,0.198863,0.695543,-0.260520,-0.639377
27307241,0.198049,0.694602,-0.260303,-0.640739
27315574,0.197995,0.695082,-0.259951,-0.640378
27323907,0.198114,0.696417,-0.259966,-0.638883
27332240,0.198301,0.694551,-0.260157,-0.640776
27340573,0.198461,0.695125,-0.260453,-0.639983
27348906,0.198696,0.696314,-0.259741,-0.638906
27357239,0.198770,0.696066,-0.259861,-0.639104
27365572,0.199222,0.694953,-0.260059,-0.640094
27373905,0.199000,0.695672,-0.259699,-0.639528
27382238,0.197550,0.693967,-0.260597,-0.641462
27390571,0.199479,0.695732,-0.259981,-0.639198
27398904,0.200435,0.695739,-0.259525,-0.639077
27407237,0.200916,0.696159,-0.259669,-0.638410
27415570,0.199543,0.695410,-0.260131,-0.639469
27423903,0.195209,0.691551,-0.262195,-0.644131
27432236,0.194822,0.691150,-0.261805,-0.644836
27440569,0.200049,0.694984,-0.259353,-0.640089
27448902,0.201099,0.693271,-0.260231,-0.641260
27457235,0.198009,0.690486,-0.262475,-0.644305
27465568,0.198416,0.693324,-0.260155,-0.642069
27473901,0.197923,0.691065,-0.261332,-0.644175
27482234,0.200101,0.692366,-0.260287,-0.642526
27490567,0.200906,0.692669,-0.259769,-0.642158
27498900,0.200533,0.692057,-0.259997,-0.642841
27507233,0.201679,0.693258,-0.259989,-0.641190
27515566,0.201245,0.693169,-0.259615,-0.641573
27523899,0.201115,0.693095,-0.259798,-0.641621
27532232,0.202038,0.693595,-0.259654,-0.640848
27540565,0.201773,0.691579,-0.259556,-0.643146
27548898,0.201820,0.692015,-0.259597,-0.642645
27557231,0.200436,0.690605,-0.260285,-0.644315
27565564,0.200816,0.691414,-0.260518,-0.643234
27573897,0.200895,0.691114,-0.260422,-0.643570
27582230,0.201524,0.691956,-0.260407,-0.642474
27590563,0.202190,0.692474,-0.260293,-0.641753
27598896,0.201806,0.693277,-0.259700,-0.641247
27607229,0.201406,0.693185,-0.260072,-0.641321
27615562,0.200894,0.690902,-0.259835,-0.644036
27623895,0.200741,0.690137,-0.259701,-0.644957
27632228,0.202299,0.693177,-0.260336,-0.640942
27640561,0.201294,0.691376,-0.260141,-0.643278
27648894,0.200797,0.690561,-0.260754,-0.644060
27657227,0.203461,0.692946,-0.259539,-0.641147
27665560,0.201839,0.692429,-0.261187,-0.641548
27673893,0.202914,0.693243,-0.260771,-0.640499
27682226,0.199921,0.690507,-0.262289,-0.643767
27690559,0.199453,0.689681,-0.262313,-0.644787
27698892,0.199946,0.688813,-0.261899,-0.645730
27707225,0.202653,0.692548,-0.261389,-0.641081
27715558,0.201031,0.690866,-0.262570,-0.642921
27723891,0.198257,0.690774,-0.264349,-0.643153
27732224,0.200226,0.691806,-0.263229,-0.641891
27740557,0.199153,0.690293,-0.263428,-0.643770
27748890,0.199077,0.690267,-0.262670,-0.644131
27757223,0.200501,0.689683,-0.262555,-0.644362
27765556,0.199170,0.689946,-0.264351,-0.643758
27773889,0.199030,0.689614,-0.264615,-0.644049
27782222,0.199338,0.690103,-0.263382,-0.643935
27790555,0.200956,0.690298,-0.263703,-0.643091
27798888,0.200933,0.689376,-0.262734,-0.644482
27807221,0.201093,0.689975,-0.262317,-0.643961
27815554,0.201387,0.689969,-0.263143,-0.643539
27823887,0.201376,0.690182,-0.263068,-0.643344
27832220,0.203428,0.691723,-0.262050,-0.641456
27840553,0.202604,0.691598,-0.262242,-0.641773
27848886,0.202690,0.691180,-0.262051,-0.642275
27857219,0.204443,0.692565,-0.261860,-0.640302
27865552,0.205146,0.693335,-0.261968,-0.639198
27873885,0.205107,0.692923,-0.262424,-0.639470
27882218,0.201889,0.690540,-0.263226,-0.642734
27890551,0.201762,0.689609,-0.263029,-0.643853
27898884,0.202082,0.690116,-0.262893,-0.643265
27907217,0.205141,0.692690,-0.262090,-0.639849
27915550,0.205594,0.692889,-0.262409,-0.639358
27923883,0.203723,0.691480,-0.263130,-0.641183
27932216,0.203291,0.691057,-0.263088,-0.641793
27940549,0.202712,0.690246,-0.263107,-0.642839
27948882,0.204793,0.697019,-0.262080,-0.635247
27957215,0.204596,0.698989,-0.262154,-0.633112
27965548,0.204436,0.697991,-0.262503,-0.634118
27973881,0.202261,0.693697,-0.264186,-0.638812
27982214,0.203952,0.696875,-0.263031,-0.635282
27990547,0.203859,0.693051,-0.262898,-0.639536
27998880,0.206918,0.699142,-0.261716,-0.632368
28007213,0.204882,0.698562,-0.262879,-0.633190
28015546,0.202896,0.692958,-0.264682,-0.639207
28023879,0.202208,0.689831,-0.265575,-0.642429
28032212,0.204496,0.691931,-0.263564,-0.640271
28040545,0.203548,0.692331,-0.263877,-0.640012
28048878,0.204134,0.692841,-0.263512,-0.639424
28057211,0.205087,0.691570,-0.263849,-0.640355
28065544,0.204552,0.691665,-0.263688,-0.640490
28073877,0.203215,0.690900,-0.265653,-0.640928
28082210,0.202438,0.690247,-0.266217,-0.641644
28090543,0.202676,0.690155,-0.265676,-0.641892
28098876,0.203022,0.690689,-0.264641,-0.641635
28107209,0.203147,0.690173,-0.264433,-0.642237
28115542,0.203080,0.689087,-0.264931,-0.643217
28123875,0.202803,0.689048,-0.264760,-0.643417
28132208,0.203304,0.690174,-0.264521,-0.642150
28140541,0.203553,0.691104,-0.264250,-0.641181
28148874,0.204968,0.690925,-0.263521,-0.641224
28157207,0.204840,0.690593,-0.263625,-0.641580
28165540,0.205218,0.691067,-0.263294,-0.641084
28173873,0.203730,0.690182,-0.264407,-0.642053
28182206,0.203294,0.689426,-0.264787,-0.642846
28190539,0.203615,0.690708,-0.264106,-0.641647
28198872,0.204512,0.689719,-0.264035,-0.642455
28207205,0.205290,0.690255,-0.263859,-0.641703
28215538,0.205653,0.695896,-0.263874,-0.635457
28223871,0.204850,0.693743,-0.264813,-0.637676
28232204,0.203369,0.692045,-0.265175,-0.639841
28240537,0.204537,0.697478,-0.263912,-0.634065
28248870,0.207087,0.696186,-0.263156,-0.634972
28257203,0.206188,0.693092,-0.263416,-0.638531
28265536,0.206103,0.692325,-0.263091,-0.639523
28273869,0.204356,0.697068,-0.263933,-0.634566
28282202,0.206509,0.699580,-0.262561,-0.631667
28290535,0.205032,0.694651,-0.263400,-0.637215
28298868,0.204782,0.692726,-0.263671,-0.639275
28307201,0.205892,0.690612,-0.264078,-0.641035
28315534,0.205192,0.691814,-0.264504,-0.639787
28323867,0.205193,0.692059,-0.264072,-0.639700
28332200,0.205022,0.690354,-0.264339,-0.641485
28340533,0.204458,0.690915,-0.263975,-0.641211
28348866,0.205008,0.695999,-0.264536,-0.635277
28357199,0.205480,0.693027,-0.263833,-0.638658
28365532,0.205187,0.692089,-0.263677,-0.639833
28373865,0.205956,0.697008,-0.263437,-0.634321
28382198,0.204690,0.693051,-0.263626,-0.638970
28390531,0.205122,0.691625,-0.263555,-0.640405
28398864,0.206968,0.693809,-0.262728,-0.637783
28407197,0.206327,0.692199,-0.262818,-0.639700
28415530,0.207087,0.693780,-0.262577,-0.637838
28423863,0.204255,0.692743,-0.263912,-0.639326
28432196,0.203961,0.691105,-0.264723,-0.640856
28440529,0.203902,0.691099,-0.264359,-0.641031
28448862,0.204831,0.697352,-0.263326,-0.634353
28457195,0.205075,0.693261,-0.263820,-0.638539
28465528,0.203206,0.692360,-0.265446,-0.639440
28473861,0.204239,0.691976,-0.264697,-0.639836
28482194,0.204081,0.696973,-0.264029,-0.634719
28490527,0.204407,0.693532,-0.263711,-0.638505
28498860,0.205527,0.697313,-0.263327,-0.634171
28507193,0.204227,0.692428,-0.264477,-0.639442
28515526,0.205079,0.696842,-0.263567,-0.634733
28523859,0.204477,0.691240,-0.264721,-0.640547
28532192,0.203667,0.690116,-0.264735,-0.642008
28540525,0.204421,0.690547,-0.264411,-0.641439
28548858,0.204765,0.691516,-0.263871,-0.640507
28557191,0.204445,0.691894,-0.263938,-0.640173
28565524,0.204360,0.690167,-0.264982,-0.641632
28573857,0.205115,0.689848,-0.264108,-0.642094
28582190,0.204251,0.690140,-0.263539,-0.642289
28590523,0.202811,0.689623,-0.265297,-0.642577
28598856,0.204684,0.690108,-0.264122,-0.641946
28607189,0.206636,0.692314,-0.263886,-0.639036
28615522,0.205087,0.690084,-0.264686,-0.641611
28623855,0.204126,0.689973,-0.265039,-0.641891
28632188,0.203763,0.689436,-0.264428,-0.642835
28640521,0.203699,0.689843,-0.265136,-0.642126
28648854,0.202926,0.689770,-0.264734,-0.642615
28657187,0.203430,0.690351,-0.264547,-0.641908
28665520,0.203667,0.688930,-0.264216,-0.643494
28673853,0.203705,0.688736,-0.264141,-0.643721
28682186,0.204278,0.689183,-0.263818,-0.643193
28690519,0.203553,0.689220,-0.264670,-0.643034
28698852,0.204328,0.689630,-0.264512,-0.642413
28707185,0.204213,0.689679,-0.264194,-0.642528
28715518,0.204625,0.689018,-0.263801,-0.643267
28723851,0.206269,0.695687,-0.263186,-0.635772
28732184,0.205430,0.692429,-0.264115,-0.639206
28740517,0.205383,0.691364,-0.263628,-0.640573
28748850,0.205745,0.696130,-0.263591,-0.635289
28757183,0.205523,0.692381,-0.263983,-0.639282
28765516,0.204514,0.695252,-0.264419,-0.636303
28773849,0.205265,0.697093,-0.263812,-0.634296
28782182,0.205339,0.693865,-0.263158,-0.638071
28790515,0.206251,0.696858,-0.262635,-0.634722
28798848,0.205536,0.697719,-0.263821,-0.633515
28807181,0.204771,0.693114,-0.264374,-0.638568
28815514,0.204971,0.695899,-0.263823,-0.635696
28823847,0.206040,0.698102,-0.262538,-0.633462
28832180,0.205791,0.692002,-0.263595,-0.639767
28840513,0.205483,0.690560,-0.263802,-0.641337
28848846,0.204659,0.691407,-0.264461,-0.640416
28857179,0.203604,0.691525,-0.264639,-0.640550
28865512,0.205496,0.693598,-0.265126,-0.637497
28873845,0.205961,0.697172,-0.263846,-0.633969
28882178,0.205143,0.697045,-0.263874,-0.634362
28890511,0.205955,0.696590,-0.263437,-0.634780
28898844,0.204369,0.691607,-0.264590,-0.640238
28907177,0.204362,0.695439,-0.264067,-0.636294
28915510,0.205881,0.694102,-0.264613,-0.637037
28923843,0.205001,0.696067,-0.264313,-0.635299
28932176,0.204852,0.696293,-0.264482,-0.635028
28940509,0.206080,0.696398,-0.263588,-0.634888
28948842,0.206104,0.696708,-0.263224,-0.634691
28957175,0.204300,0.690794,-0.264451,-0.641194
28965508,0.204913,0.695286,-0.264591,-0.636066
28973841,0.205121,0.691284,-0.264794,-0.640262
28982174,0.205284,0.696170,-0.264175,-0.635151
28990507,0.205113,0.698437,-0.263905,-0.632826
28998840,0.204856,0.693363,-0.264264,-0.638316
29007173,0.205096,0.692631,-0.263481,-0.639356
29015506,0.206015,0.697485,-0.262821,-0.634033
29023839,0.206123,0.698898,-0.262837,-0.632433
29032172,0.205798,0.698389,-0.263127,-0.632980
29040505,0.206124,0.698704,-0.262436,-0.632813
29048838,0.204595,0.698453,-0.263279,-0.633237
29057171,0.203557,0.693079,-0.263810,-0.639226
29065504,0.204467,0.690040,-0.263967,-0.642152
29073837,0.204498,0.691655,-0.263202,-0.640717
29082170,0.203411,0.689666,-0.265164,-0.642395
29090503,0.204360,0.689899,-0.264325,-0.642191
29098836,0.205496,0.694917,-0.263723,-0.636642
29107169,0.204560,0.696418,-0.264645,-0.634918
29115502,0.205033,0.696351,-0.264092,-0.635069
29123835,0.204905,0.696313,-0.264709,-0.634894
29132168,0.205545,0.696822,-0.263414,-0.634667
29140501,0.205989,0.697344,-0.262895,-0.634166
29148834,0.205022,0.691727,-0.263648,-0.640289
29157167,0.204753,0.695075,-0.264471,-0.636398
29165500,0.205320,0.698525,-0.263489,-0.632835
29173833,0.204943,0.693652,-0.263481,-0.638297
29182166,0.204288,0.693147,-0.263902,-0.638881
29190499,0.205143,0.690870,-0.263575,-0.641205
29198832,0.204792,0.696611,-0.263489,-0.635112
29207165,0.204316,0.692350,-0.263709,-0.639816
29215498,0.204643,0.690061,-0.264807,-0.641727
29223831,0.205451,0.690530,-0.263535,-0.641489
29232164,0.205527,0.695403,-0.263732,-0.636097
29240497,0.205382,0.691839,-0.263777,-0.639999
29248830,0.204485,0.690797,-0.264482,-0.641120
29257163,0.204798,0.690075,-0.264295,-0.641875
29265496,0.203977,0.690254,-0.264643,-0.641800
29273829,0.203213,0.689148,-0.265206,-0.642997
29282162,0.203621,0.690243,-0.264422,-0.642016
29290495,0.204053,0.688432,-0.264516,-0.643782
29298828,0.204877,0.694219,-0.263938,-0.637513
29307161,0.206120,0.697159,-0.262677,-0.634416
29315494,0.205973,0.691708,-0.263255,-0.640165
29323827,0.205560,0.689221,-0.263989,-0.642674
29332160,0.205955,0.690027,-0.263851,-0.641738
29340493,0.206009,0.690152,-0.263576,-0.641699
29348826,0.205854,0.690647,-0.263450,-0.641269
29357159,0.205875,0.690143,-0.263675,-0.641711
29365492,0.205315,0.689612,-0.264090,-0.642291
29373825,0.204697,0.690218,-0.264315,-0.641745
29382158,0.204169,0.689210,-0.264327,-0.642990
29390491,0.204288,0.689653,-0.263892,-0.642656
29398824,0.204313,0.689713,-0.263822,-0.642611
29407157,0.204556,0.689036,-0.263779,-0.643278
29415490,0.204666,0.688676,-0.263730,-0.643648
29423823,0.204672,0.688445,-0.263474,-0.643998
29432156,0.203717,0.688408,-0.264691,-0.643842
29440489,0.204598,0.688713,-0.263345,-0.643788
29448822,0.205348,0.695512,-0.263535,-0.636116
29457155,0.205546,0.692834,-0.263338,-0.639050
29465488,0.204715,0.689576,-0.264031,-0.642545
29473821,0.205652,0.695589,-0.263410,-0.635987
29482154,0.205231,0.691651,-0.263865,-0.640215
29490487,0.204522,0.690028,-0.264127,-0.642081
29498820,0.204472,0.690367,-0.263510,-0.641987
29507153,0.204402,0.690090,-0.263510,-0.642307
29515486,0.204247,0.690799,-0.263332,-0.641666
29523819,0.204752,0.690146,-0.263351,-0.642200
29532152,0.204918,0.689365,-0.263782,-0.642809
29540485,0.203861,0.690586,-0.264360,-0.641596
29548818,0.203590,0.692000,-0.263871,-0.640358
29557151,0.203878,0.690020,-0.264428,-0.642171
29565484,0.204875,0.688912,-0.263529,-0.643411
29573817,0.205167,0.688944,-0.263534,-0.643282
29582150,0.205075,0.688952,-0.263587,-0.643281
29590483,0.207106,0.693762,-0.263557,-0.637448
29598816,0.205060,0.692363,-0.264259,-0.639336
29607149,0.204311,0.691515,-0.264346,-0.640458
29615482,0.203601,0.689235,-0.265668,-0.642591
29623815,0.204859,0.690732,-0.264418,-0.641097
29632148,0.206057,0.696602,-0.263558,-0.634684
29640481,0.206239,0.698327,-0.263246,-0.632855
29648814,0.205807,0.693521,-0.263703,-0.638069
29657147,0.205721,0.691333,-0.263296,-0.640634
29665480,0.205867,0.695517,-0.263502,-0.635957
29673813,0.206594,0.698256,-0.262711,-0.633040
29682146,0.205434,0.693447,-0.263779,-0.638239
29690479,0.205231,0.697061,-0.264086,-0.634228
29698812,0.205439,0.698543,-0.263738,-0.632673
29707145,0.206476,0.698761,-0.262770,-0.632497
29715478,0.205893,0.698429,-0.263491,-0.632754
29723811,0.205879,0.697856,-0.264162,-0.633111
29732144,0.205820,0.697992,-0.264249,-0.632943
29740477,0.205169,0.698503,-0.264146,-0.632634
29748810,0.204894,0.698171,-0.264781,-0.632824
29757143,0.205644,0.698617,-0.264564,-0.632179
29765476,0.205219,0.698492,-0.264180,-0.632616
29773809,0.206231,0.698115,-0.263967,-0.632792
29782142,0.206002,0.697304,-0.263932,-0.633775
29790475,0.206752,0.698059,-0.263142,-0.633027
29798808,0.207239,0.698815,-0.263139,-0.632034
29807141,0.206504,0.698035,-0.264052,-0.632756
29815474,0.206210,0.698219,-0.263920,-0.632704
29823807,0.207193,0.698538,-0.263158,-0.632348
29832140,0.206003,0.698143,-0.263970,-0.632833
29840473,0.205235,0.697857,-0.263939,-0.633412
29848806,0.206654,0.698618,-0.262996,-0.632503
29857139,0.206032,0.698722,-0.263818,-0.632249
29865472,0.207081,0.698750,-0.262819,-0.632291
29873805,0.205565,0.698481,-0.263998,-0.632592
29882138,0.205864,0.698153,-0.263991,-0.632859
29890471,0.208470,0.700481,-0.262342,-0.630113
29898804,0.208836,0.701036,-0.262477,-0.629319
29907137,0.208371,0.700692,-0.263443,-0.629452
29915470,0.206229,0.698093,-0.264160,-0.632737
29923803,0.204703,0.696977,-0.265595,-0.633860
29932136,0.206391,0.698306,-0.264857,-0.632157
29940469,0.205973,0.698262,-0.265472,-0.632084
29948802,0.206066,0.698712,-0.265216,-0.631664
29957135,0.205789,0.698297,-0.266002,-0.631882
29965468,0.209103,0.700094,-0.264491,-0.629436
29973801,0.207307,0.699050,-0.265318,-0.630840
29982134,0.206965,0.698285,-0.265532,-0.631709
29990467,0.206748,0.698888,-0.265863,-0.630973
29998800,0.209790,0.701370,-0.263916,-0.628026
30007133,0.211545,0.703084,-0.263827,-0.625554
30015466,0.210962,0.701996,-0.264158,-0.626831
30023799,0.211452,0.704024,-0.264478,-0.624252
30032132,0.210077,0.700765,-0.265177,-0.628074
30040465,0.208424,0.701376,-0.265406,-0.627847
30048798,0.211369,0.702382,-0.264535,-0.626102
30057131,0.209443,0.700267,-0.266065,-0.628465
30065464,0.213428,0.703827,-0.263817,-0.624081
30073797,0.211625,0.702716,-0.264557,-0.625632
30082130,0.209341,0.702285,-0.266075,-0.626240
30090463,0.212687,0.703884,-0.264973,-0.623780
30098796,0.213073,0.702924,-0.265633,-0.624449
30107129,0.212821,0.703296,-0.266761,-0.623635
30115462,0.212724,0.702900,-0.267049,-0.623992
30123795,0.210757,0.701870,-0.267565,-0.625595
30132128,0.213264,0.703230,-0.266772,-0.623554
30140461,0.212831,0.703650,-0.267706,-0.622827
30148794,0.213402,0.704138,-0.267621,-0.622116
30157127,0.213952,0.704242,-0.267788,-0.621737
30165460,0.213136,0.703554,-0.268596,-0.622447
30173793,0.210082,0.701368,-0.270046,-0.625319
30182126,0.212768,0.703955,-0.269248,-0.621838
30190459,0.214961,0.704206,-0.269270,-0.620789
30198792,0.214045,0.703886,-0.270408,-0.620974
30207125,0.213973,0.703586,-0.270929,-0.621111
30215458,0.213408,0.703222,-0.272361,-0.621093
30223791,0.213354,0.703396,-0.273116,-0.620582
30232124,0.213825,0.703689,-0.273212,-0.620045
30240457,0.213797,0.703702,-0.273561,-0.619886
30248790,0.214565,0.703620,-0.274170,-0.619445
30257123,0.213746,0.703030,-0.275499,-0.619808
30265456,0.213667,0.702704,-0.275897,-0.620027
30273789,0.213235,0.703019,-0.276387,-0.619601
30282122,0.210110,0.700261,-0.278239,-0.622954
30290455,0.212835,0.699865,-0.278063,-0.622552
30298788,0.213233,0.701908,-0.277341,-0.620434
30307121,0.209882,0.701307,-0.278386,-0.621787
30315454,0.207607,0.700351,-0.279536,-0.623111
30323787,0.210631,0.702946,-0.277005,-0.620298
30332120,0.209157,0.702029,-0.276897,-0.621881
30340453,0.209247,0.703789,-0.276529,-0.620022
30348786,0.209023,0.695877,-0.278920,-0.627907
30357119,0.208182,0.696945,-0.278809,-0.627051
30365452,0.206457,0.700185,-0.277966,-0.624381
30373785,0.206610,0.700759,-0.277177,-0.624037
30382118,0.205569,0.700183,-0.277153,-0.625037
30390451,0.204308,0.700952,-0.277618,-0.624382
30398784,0.202725,0.697528,-0.277701,-0.628681
30407117,0.201789,0.699574,-0.278208,-0.626481
30415450,0.201144,0.698549,-0.278423,-0.627735
30423783,0.201419,0.700896,-0.277046,-0.625636
30432116,0.202578,0.707589,-0.275941,-0.618171
30440449,0.202407,0.709784,-0.275518,-0.615896
30448782,0.200317,0.706853,-0.276409,-0.619541
30457115,0.199610,0.708726,-0.276169,-0.617734
30465448,0.199721,0.710700,-0.276198,-0.615412
30473781,0.201360,0.712867,-0.275021,-0.612894
30482114,0.202551,0.715273,-0.273083,-0.610559
30490447,0.201276,0.715597,-0.273465,-0.610431
30498780,0.198284,0.715192,-0.274273,-0.611521
30507113,0.197052,0.714253,-0.273858,-0.613201
30515446,0.195698,0.715821,-0.274221,-0.611642
30523779,0.193191,0.713865,-0.274863,-0.614430
30532112,0.191196,0.712655,-0.276922,-0.615533
30540445,0.190158,0.713464,-0.277231,-0.614779
30548778,0.189641,0.712316,-0.278390,-0.615745
30557111,0.188826,0.711653,-0.278867,-0.616545
30565444,0.186680,0.712835,-0.278324,-0.616078
30573777,0.184946,0.711072,-0.278144,-0.618715
30582110,0.186196,0.715105,-0.277663,-0.613888
30590443,0.186705,0.715479,-0.277004,-0.613596
30598776,0.186546,0.714376,-0.278469,-0.614266
30607109,0.187386,0.712685,-0.279385,-0.615558
30615442,0.187621,0.711865,-0.280185,-0.616071
30623775,0.188366,0.709269,-0.281535,-0.618218
30632108,0.189477,0.705452,-0.283728,-0.621236
30640441,0.187919,0.708231,-0.286765,-0.617139
30648774,0.185892,0.707608,-0.290814,-0.616573
30657107,0.184687,0.706572,-0.295688,-0.615805
30665440,0.183720,0.705714,-0.299663,-0.615156
30673773,0.181547,0.705065,-0.305917,-0.613465
30682106,0.180234,0.699489,-0.311552,-0.617386
30690439,0.178077,0.696213,-0.318282,-0.618283
30698772,0.176469,0.693946,-0.324001,-0.618321
30707105,0.172062,0.691286,-0.332349,-0.618112
30715438,0.169096,0.689448,-0.339105,-0.617314
30723771,0.166137,0.686700,-0.344402,-0.618246
30732104,0.163658,0.684962,-0.348128,-0.618750
30740437,0.160535,0.681467,-0.352699,-0.620834
30748770,0.157013,0.678724,-0.357129,-0.622206
30757103,0.153362,0.672911,-0.362355,-0.626394
30765436,0.151299,0.670587,-0.364178,-0.628328
30773769,0.147705,0.669085,-0.366114,-0.629658
30782102,0.144072,0.666075,-0.368829,-0.632101
30790435,0.141318,0.662784,-0.371241,-0.634765
30798768,0.139094,0.661088,-0.372546,-0.636259
30807101,0.137343,0.659090,-0.372489,-0.638740
30815434,0.131545,0.651977,-0.383414,-0.640793
30823767,0.131092,0.651248,-0.387504,-0.639165
30832100,0.128438,0.659522,-0.386368,-0.631865
30840433,0.125534,0.662224,-0.386356,-0.629627
30848766,0.124179,0.659812,-0.387634,-0.631639
30857099,0.122173,0.658152,-0.387961,-0.633558
30865432,0.119534,0.651527,-0.390315,-0.639436
30873765,0.117862,0.649992,-0.391923,-0.640324
30882098,0.118725,0.650201,-0.388538,-0.642013
30890431,0.123261,0.654405,-0.379722,-0.642162
30898764,0.124894,0.654543,-0.374714,-0.644643
30907097,0.121869,0.651706,-0.371693,-0.649825
30915430,0.112739,0.648051,-0.373152,-0.654276
30923763,0.109993,0.647242,-0.367435,-0.658765
30932096,0.109331,0.647182,-0.363791,-0.660952
30940429,0.110741,0.649258,-0.361927,-0.659703
30948762,0.111724,0.653149,-0.359098,-0.657239
30957095,0.110801,0.658923,-0.359622,-0.651318
30965428,0.109746,0.657467,-0.363372,-0.650887
30973761,0.113325,0.666959,-0.364973,-0.639623
30982094,0.115803,0.669029,-0.367960,-0.635291
30990427,0.119736,0.672952,-0.369899,-0.629264
30998760,0.122517,0.677888,-0.370555,-0.623014
31007093,0.122570,0.683738,-0.370788,-0.616438
31015426,0.121115,0.682124,-0.370791,-0.618508
31023759,0.120671,0.682471,-0.369397,-0.619046
31032092,0.120758,0.683031,-0.367807,-0.619358
31040425,0.120076,0.684388,-0.365352,-0.619445
31048758,0.117666,0.683762,-0.363978,-0.621405
31057091,0.116699,0.684591,-0.360206,-0.622871
31065424,0.115292,0.683888,-0.357267,-0.625591
31073757,0.115752,0.683444,-0.354031,-0.627828
31082090,0.115131,0.687801,-0.350664,-0.625068
31090423,0.114659,0.687285,-0.348790,-0.626768
31098756,0.113561,0.680356,-0.348521,-0.634628
31107089,0.110123,0.677496,-0.349812,-0.637576
31115422,0.107993,0.676502,-0.353957,-0.636708
31123755,0.104190,0.674768,-0.359354,-0.636158
31132088,0.097503,0.671758,-0.366340,-0.636419
31140421,0.089261,0.667427,-0.376111,-0.636485
31148754,0.080934,0.664823,-0.387137,-0.633707
31157087,0.075423,0.660752,-0.398889,-0.631352
31165420,0.070525,0.657280,-0.408735,-0.629241
31173753,0.063480,0.651854,-0.419178,-0.628766
31182086,0.057582,0.646857,-0.429107,-0.627796
31190419,0.051046,0.641611,-0.436950,-0.628335
31198752,0.038741,0.627882,-0.445020,-0.637355
31207085,0.026799,0.617993,-0.451825,-0.642823
31215418,0.016461,0.607185,-0.458263,-0.648884
31223751,0.005176,0.592241,-0.465502,-0.657671
31232084,-0.009188,0.577332,-0.473046,-0.665455
31240417,-0.026833,0.563174,-0.480223,-0.671938
31248750,-0.040727,0.555572,-0.486861,-0.672791
31257083,-0.055389,0.548757,-0.495735,-0.670853
31265416,-0.059622,0.557716,-0.504352,-0.656527
31273749,-0.072051,0.550030,-0.512587,-0.655386
31282082,-0.083854,0.549052,-0.521189,-0.647976
31290415,-0.097633,0.536736,-0.532371,-0.647274
31298748,-0.097997,0.546973,-0.542662,-0.629869
31307081,-0.104581,0.539487,-0.555740,-0.623834
31315414,-0.111227,0.540649,-0.566732,-0.611672
31323747,-0.116456,0.528368,-0.579541,-0.609423
31332080,-0.125831,0.517411,-0.590721,-0.606219
31340413,-0.123694,0.529737,-0.598119,-0.588500
31348746,-0.130322,0.512493,-0.608747,-0.591434
31357079,-0.132936,0.506219,-0.620064,-0.584457
31365412,-0.138891,0.501770,-0.630616,-0.575552
31373745,-0.140547,0.501777,-0.637946,-0.567002
31382078,-0.142624,0.500736,-0.646275,-0.557898
31390411,-0.140310,0.507241,-0.649642,-0.548620
31398744,-0.137725,0.503640,-0.657905,-0.542715
31407077,-0.130273,0.508109,-0.660096,-0.537706
31415410,-0.137007,0.503879,-0.665176,-0.533738
31423743,-0.122930,0.523513,-0.661275,-0.523008
31432076,-0.112594,0.546456,-0.657766,-0.506015
31440409,-0.097148,0.551703,-0.665049,-0.493858
31448742,-0.082852,0.547458,-0.674380,-0.488504
31457075,-0.084335,0.557683,-0.666987,-0.486832
31465408,-0.080995,0.555269,-0.671498,-0.483949
31473741,-0.067216,0.556405,-0.671548,-0.484685
31482074,-0.070156,0.547926,-0.678856,-0.483746
31490407,-0.098366,0.535918,-0.677992,-0.493400
31498740,-0.129806,0.518908,-0.683032,-0.497346
31507073,-0.125537,0.526398,-0.684425,-0.488577
31515406,-0.133303,0.542312,-0.677882,-0.478126
31523739,-0.122148,0.541014,-0.686155,-0.470717
31532072,-0.138370,0.538009,-0.689716,-0.464425
31540405,-0.096710,0.567574,-0.676233,-0.459581
31548738,-0.076167,0.568904,-0.681611,-0.453820
31557071,-0.070588,0.564073,-0.688576,-0.450224
31565404,-0.042536,0.573663,-0.685588,-0.446172
31573737,-0.022860,0.582462,-0.682932,-0.440250
31582070,-0.013411,0.588820,-0.680993,-0.435154
31590403,0.005953,0.530705,-0.715693,-0.453983
31598736,0.022127,0.544552,-0.707787,-0.449456
31607069,0.029791,0.556516,-0.702933,-0.441914
31615402,0.002403,0.569586,-0.693797,-0.440695
31623735,0.000899,0.588271,-0.677182,-0.441996
31632068,0.029223,0.587710,-0.682143,-0.434078
31640401,0.027380,0.594002,-0.677675,-0.432629
31648734,0.022934,0.599877,-0.673135,-0.431868
31657067,0.009276,0.615239,-0.663692,-0.425332
31665400,0.014839,0.620690,-0.661376,-0.420839
31673733,0.008504,0.626214,-0.657409,-0.419043
31682066,0.033038,0.609140,-0.672899,-0.418406
31690399,0.039135,0.607626,-0.675031,-0.416643
31698732,0.046707,0.605455,-0.677820,-0.414491
31707065,0.053970,0.604787,-0.679612,-0.411639
31715398,0.060412,0.606371,-0.679883,-0.407950
31723731,0.065278,0.608884,-0.678857,-0.405158
31732064,0.068851,0.609068,-0.679632,-0.402984
31740397,0.072317,0.608409,-0.681001,-0.401056
31748730,0.075173,0.606821,-0.683136,-0.399301
31757063,0.077120,0.604844,-0.686047,-0.396933
31765396,0.079075,0.602481,-0.689706,-0.393790
31773729,0.083449,0.601380,-0.691245,-0.391867
31782062,0.087178,0.597549,-0.695381,-0.389590
31790395,0.077359,0.593512,-0.693596,-0.400853
31798728,0.057466,0.592878,-0.688390,-0.413899
31807061,0.036336,0.582576,-0.687608,-0.431835
31815394,0.025976,0.575740,-0.688165,-0.440769
31823727,0.017266,0.569207,-0.688379,-0.449266
31832060,0.016145,0.565640,-0.690519,-0.450526
31840393,0.016111,0.563098,-0.691720,-0.451867
31848726,0.015431,0.559526,-0.693731,-0.453243
31857059,0.014121,0.557592,-0.694820,-0.454001
31865392,0.006540,0.554980,-0.695772,-0.455913
31873725,0.000873,0.552665,-0.697043,-0.456827
31882058,-0.009138,0.552810,-0.696739,-0.457026
31890391,-0.010238,0.550600,-0.698754,-0.456594
31898724,-0.010368,0.550233,-0.700742,-0.453979
31907057,-0.009613,0.550505,-0.702302,-0.451246
31915390,-0.008980,0.550991,-0.703706,-0.448471
31923723,-0.008323,0.552438,-0.704077,-0.446115
31932056,-0.008904,0.552973,-0.705018,-0.443949
31940389,-0.009226,0.555592,-0.705629,-0.439682
31948722,-0.009381,0.556533,-0.706532,-0.437030
31957055,-0.010096,0.557827,-0.707056,-0.434509
31965388,-0.010053,0.559505,-0.707048,-0.432361
31973721,-0.011072,0.559219,-0.708082,-0.431011
31982054,-0.012278,0.560475,-0.707630,-0.430089
31990387,-0.013706,0.562701,-0.706583,-0.428858
31998720,-0.014780,0.562439,-0.706063,-0.430023
32007053,-0.017505,0.562859,-0.705998,-0.429476
32015386,-0.021625,0.559937,-0.706672,-0.431993
32023719,-0.026259,0.556392,-0.707652,-0.434705
32032052,-0.032271,0.553604,-0.708501,-0.436472
32040385,-0.037842,0.553128,-0.707848,-0.437684
32048718,-0.042516,0.555085,-0.706960,-0.436212
32057051,-0.045396,0.556065,-0.707608,-0.433615
32065384,-0.048398,0.558412,-0.708015,-0.429591
32073717,-0.049471,0.556890,-0.710448,-0.427421
32082050,-0.053520,0.552568,-0.715459,-0.424172
32090383,-0.058855,0.551892,-0.717486,-0.420909
32098716,-0.062790,0.552237,-0.718449,-0.418238
32107049,-0.064290,0.551994,-0.720250,-0.415222
32115382,-0.063664,0.553389,-0.719729,-0.414365
32123714,-0.063398,0.554304,-0.719325,-0.413882
32132047,-0.063605,0.554086,-0.719750,-0.413404
32140380,-0.064291,0.553607,-0.720278,-0.413020
32148714,-0.064736,0.553281,-0.720557,-0.412899
32157047,-0.055683,0.558167,-0.716089,-0.415410
32165380,-0.053588,0.558721,-0.715182,-0.416502
32173713,-0.060555,0.553490,-0.719106,-0.415774
32182046,-0.059728,0.553363,-0.718683,-0.416793
32190379,-0.061835,0.550898,-0.720512,-0.416594
32198712,-0.062813,0.549659,-0.721269,-0.416774
32207045,-0.063348,0.548573,-0.721800,-0.417204
32215378,-0.065413,0.546052,-0.723816,-0.416699
32223711,-0.064268,0.546168,-0.722882,-0.418344
32232044,-0.059531,0.548064,-0.720536,-0.420607
32240377,-0.064509,0.544347,-0.723083,-0.420329
32248710,-0.046738,0.523659,-0.736420,-0.425773
32257043,-0.043504,0.525491,-0.734002,-0.428028
32265376,-0.042935,0.525259,-0.733596,-0.429065
32273709,-0.043681,0.524051,-0.734043,-0.429702
32282041,-0.047706,0.520681,-0.736491,-0.429180
32290374,-0.048958,0.519255,-0.737161,-0.429617
32298707,-0.049388,0.518640,-0.737171,-0.430294
32307040,-0.050822,0.517413,-0.737929,-0.430305
32315374,-0.048855,0.518728,-0.736392,-0.431581
32323707,-0.051269,0.516668,-0.737835,-0.431306
32332040,-0.052203,0.515534,-0.738603,-0.431237
32340373,-0.052630,0.514961,-0.738728,-0.431656
32348706,-0.050586,0.516322,-0.737412,-0.432524
32357039,-0.052798,0.514482,-0.738445,-0.432689
32365372,-0.052073,0.515006,-0.737786,-0.433277
32373705,-0.051906,0.515305,-0.737184,-0.433966
32382038,-0.051944,0.514932,-0.737531,-0.433814
32390371,-0.052423,0.514296,-0.737864,-0.433944
32398704,-0.053067,0.513605,-0.738286,-0.433967
32407037,-0.053835,0.513056,-0.738403,-0.434322
32415370,-0.054106,0.512794,-0.738274,-0.434818
32423703,-0.057091,0.510652,-0.739594,-0.434713
32432036,-0.057846,0.509861,-0.739972,-0.434899
32440369,-0.058797,0.509400,-0.739701,-0.435770
32448701,-0.057277,0.510900,-0.738085,-0.436957
32457034,-0.060151,0.509128,-0.739261,-0.436651
32465367,-0.062076,0.508094,-0.739857,-0.436576
32473701,-0.062049,0.508212,-0.739642,-0.436808
32482034,-0.059973,0.509656,-0.737977,-0.438228
32490367,-0.061920,0.508051,-0.738954,-0.438176
32498700,-0.062897,0.507243,-0.739387,-0.438241
32507033,-0.062891,0.506774,-0.739361,-0.438828
32515366,-0.062744,0.506377,-0.739038,-0.439850
32523699,-0.063303,0.505394,-0.739008,-0.440949
32532032,-0.064505,0.504203,-0.739323,-0.441610
32540365,-0.062340,0.505829,-0.737287,-0.443462
32548698,-0.064950,0.503571,-0.738330,-0.443921
32557031,-0.066503,0.502242,-0.738698,-0.444585
32565364,-0.064983,0.503671,-0.736861,-0.446238
32573697,-0.067995,0.501220,-0.738111,-0.446484
32582030,-0.066534,0.502423,-0.736580,-0.447878
32590363,-0.066364,0.502489,-0.735830,-0.449060
32598696,-0.067479,0.501634,-0.735949,-0.449654
32607028,-0.070695,0.499177,-0.737338,-0.449619
32615361,-0.069331,0.500115,-0.736017,-0.450952
32623694,-0.069314,0.500079,-0.735346,-0.452087
32632028,-0.070110,0.499401,-0.735288,-0.452808
32640361,-0.071275,0.498509,-0.735388,-0.453446
32648694,-0.071710,0.497912,-0.735186,-0.454360
32657027,-0.072661,0.497351,-0.734981,-0.455154
32665360,-0.073561,0.496845,-0.734917,-0.455665
32673693,-0.073854,0.496119,-0.734946,-0.456362
32682026,-0.074118,0.495952,-0.734675,-0.456937
32690359,-0.075452,0.495193,-0.734407,-0.457971
32698692,-0.075451,0.495117,-0.734133,-0.458493
32707025,-0.076181,0.494988,-0.733694,-0.459213
32715358,-0.077302,0.493940,-0.734004,-0.459658
32723691,-0.078094,0.493073,-0.734473,-0.459706
32732024,-0.078286,0.493394,-0.733998,-0.460087
32740357,-0.077916,0.493342,-0.733427,-0.461116
32748690,-0.078034,0.492932,-0.733214,-0.461871
32757023,-0.079348,0.492300,-0.733357,-0.462095
32765355,-0.079089,0.492131,-0.733165,-0.462625
32773688,-0.079628,0.491553,-0.733225,-0.463051
32782021,-0.079920,0.490875,-0.733562,-0.463185
32790355,-0.080328,0.491128,-0.733346,-0.463190
32798688,-0.074592,0.491744,-0.731658,-0.466155
32807021,-0.073055,0.490694,-0.731486,-0.467772
32815354,-0.076439,0.487704,-0.733527,-0.467162
32823687,-0.079689,0.487235,-0.734912,-0.464926
32832020,-0.082865,0.488667,-0.734670,-0.463247
32840353,-0.078863,0.488479,-0.735140,-0.463398
32848686,-0.076453,0.487753,-0.734926,-0.464904
32857019,-0.075869,0.488043,-0.734178,-0.465876
32865352,-0.077082,0.486771,-0.734993,-0.465723
32873685,-0.077265,0.487212,-0.734486,-0.466032
32882018,-0.078243,0.485948,-0.735145,-0.466148
32890351,-0.078437,0.485282,-0.735458,-0.466317
32898684,-0.077874,0.486147,-0.734404,-0.467170
32907017,-0.078265,0.485875,-0.734071,-0.467910
32915350,-0.079041,0.484836,-0.734542,-0.468119
32923683,-0.079726,0.484567,-0.734539,-0.468285
32932015,-0.079745,0.485014,-0.733967,-0.468715
32940348,-0.080239,0.484908,-0.733585,-0.469340
32948681,-0.079778,0.484941,-0.732703,-0.470759
32957015,-0.084902,0.485402,-0.731927,-0.470595
32965348,-0.087290,0.486064,-0.731454,-0.470209
32973681,-0.085012,0.485564,-0.731856,-0.470518
32982014,-0.086709,0.486340,-0.730620,-0.471328
32990347,-0.085067,0.486040,-0.729930,-0.473002
32998680,-0.083639,0.485301,-0.729466,-0.474728
33007013,-0.085059,0.483861,-0.729341,-0.476136
33015346,-0.088262,0.482308,-0.729670,-0.476624
33023679,-0.089453,0.481811,-0.729630,-0.476965
33032012,-0.090082,0.480819,-0.730329,-0.476779
33040345,-0.089711,0.480885,-0.730078,-0.477167
33048678,-0.089573,0.480375,-0.729823,-0.478095
33057011,-0.089531,0.479744,-0.729741,-0.478861
33065344,-0.089651,0.479040,-0.729773,-0.479493
33073677,-0.090858,0.477060,-0.731018,-0.479345
33082010,-0.091426,0.475950,-0.731695,-0.479307
33090342,-0.092000,0.475510,-0.731769,-0.479520
33098675,-0.091960,0.475129,-0.731883,-0.479733
33107008,-0.091849,0.474752,-0.731854,-0.480171
33115342,-0.091943,0.474362,-0.731999,-0.480317
33123675,-0.091767,0.474061,-0.731984,-0.480670
33132008,-0.091071,0.474173,-0.731848,-0.480899
33140341,-0.091316,0.473574,-0.732139,-0.481001
33148674,-0.091204,0.473245,-0.732236,-0.481198
33157007,-0.090732,0.473179,-0.731932,-0.481814
33165340,-0.090353,0.473842,-0.731282,-0.482220
33173673,-0.090042,0.474068,-0.730440,-0.483331
33182006,-0.089659,0.473607,-0.730327,-0.484024
33190339,-0.089888,0.473048,-0.730388,-0.484436
33198672,-0.090548,0.472431,-0.730653,-0.484517
33207005,-0.091600,0.471764,-0.731101,-0.484293
33215338,-0.091988,0.471117,-0.731492,-0.484260
33223671,-0.092256,0.471108,-0.731537,-0.484149
33232004,-0.091614,0.471502,-0.731234,-0.484344
33240337,-0.092257,0.471164,-0.731337,-0.484395
33248669,-0.092749,0.470887,-0.731331,-0.484581
33257002,-0.093017,0.470712,-0.731322,-0.484713
33265335,-0.093409,0.470763,-0.731256,-0.484687
33273669,-0.094020,0.470765,-0.731466,-0.484249
33282002,-0.094354,0.470893,-0.731408,-0.484148
33290335,-0.094245,0.471233,-0.731092,-0.484316
33298668,-0.094095,0.471664,-0.730868,-0.484263
33307001,-0.094130,0.471866,-0.730729,-0.484270
33315334,-0.094600,0.471750,-0.730757,-0.484248
33323667,-0.094693,0.471983,-0.730385,-0.484565
33332000,-0.091375,0.473332,-0.728827,-0.486229
33340333,-0.091727,0.472880,-0.728337,-0.487335
33348666,-0.092998,0.472207,-0.728093,-0.488111
33356999,-0.096446,0.470781,-0.728987,-0.487485
33365332,-0.097124,0.470970,-0.729123,-0.486963
33373665,-0.096810,0.471371,-0.728968,-0.486870
33381998,-0.097493,0.471205,-0.729317,-0.486371
33390331,-0.097522,0.471412,-0.729131,-0.486444
33398664,-0.098066,0.471183,-0.729297,-0.486308
33406997,-0.099206,0.470051,-0.730433,-0.485467
33415329,-0.098424,0.471328,-0.729654,-0.485559
33423662,-0.098121,0.470886,-0.730120,-0.485348
33431995,-0.097825,0.471117,-0.730053,-0.485285
33440329,-0.097718,0.471035,-0.730100,-0.485316
33448662,-0.097633,0.470875,-0.730209,-0.485324
33456995,-0.097211,0.470977,-0.730016,-0.485600
33465328,-0.097431,0.470704,-0.730109,-0.485682
33473661,-0.097602,0.470566,-0.730111,-0.485777
33481994,-0.097466,0.470324,-0.730073,-0.486095
33490327,-0.097205,0.470913,-0.729314,-0.486716
33498660,-0.097505,0.470795,-0.729014,-0.487219
33506993,-0.097754,0.470305,-0.729020,-0.487634
33515326,-0.097779,0.469211,-0.729590,-0.487831
33523659,-0.098008,0.469036,-0.729594,-0.487947
33531992,-0.097799,0.468810,-0.729559,-0.488258
33540325,-0.097861,0.468548,-0.729516,-0.488561
33548658,-0.097714,0.468295,-0.729525,-0.488821
33556991,-0.097667,0.467989,-0.729543,-0.489095
33565324,-0.097385,0.467722,-0.729552,-0.489393
33573657,-0.097321,0.467902,-0.729141,-0.489846
33581990,-0.097481,0.467594,-0.729044,-0.490253
33590323,-0.097464,0.467107,-0.729107,-0.490627
33598656,-0.097456,0.466963,-0.729025,-0.490888
33606989,-0.097608,0.466521,-0.729181,-0.491046
33615322,-0.097905,0.467358,-0.728211,-0.491630
33623655,-0.098461,0.466393,-0.728600,-0.491858
33631988,-0.098423,0.466552,-0.728205,-0.492300
33640321,-0.098534,0.465571,-0.728711,-0.492458
33648654,-0.098585,0.465377,-0.728778,-0.492532
33656987,-0.098687,0.465011,-0.728876,-0.492712
33665320,-0.098008,0.465709,-0.728108,-0.493324
33673653,-0.097798,0.465440,-0.727913,-0.493906
33681986,-0.098331,0.464669,-0.728115,-0.494229
33690319,-0.098783,0.463406,-0.728929,-0.494125
33698652,-0.098909,0.463242,-0.729004,-0.494143
33706985,-0.098405,0.464175,-0.728166,-0.494604
33715318,-0.098247,0.464040,-0.727872,-0.495193
33723651,-0.098655,0.463454,-0.728065,-0.495377
33731984,-0.098482,0.462979,-0.728384,-0.495387
33740317,-0.098693,0.462444,-0.728630,-0.495483
33748650,-0.098522,0.463585,-0.727681,-0.495845
33756983,-0.098619,0.463675,-0.727392,-0.496166
33765316,-0.098130,0.463328,-0.727238,-0.496812
33773649,-0.099809,0.461994,-0.727926,-0.496713
33781982,-0.099667,0.460704,-0.728891,-0.496524
33790315,-0.099641,0.461693,-0.727802,-0.497208
33798648,-0.099642,0.460878,-0.728305,-0.497227
33806981,-0.099816,0.460721,-0.728277,-0.497379
33815314,-0.100368,0.460942,-0.728061,-0.497379
33823647,-0.100338,0.460598,-0.728236,-0.497447
33831980,-0.100218,0.461467,-0.727381,-0.497917
33840313,-0.101123,0.460891,-0.727483,-0.498118
33848646,-0.100557,0.459858,-0.728221,-0.498109
33856979,-0.101027,0.460681,-0.727469,-0.498353
33865312,-0.101139,0.460731,-0.727163,-0.498731
33873645,-0.101301,0.459522,-0.727898,-0.498741
33881978,-0.101078,0.459153,-0.727888,-0.499141
33890311,-0.102080,0.460003,-0.727337,-0.498956
33898644,-0.101799,0.460158,-0.727025,-0.499326
33906977,-0.101423,0.460032,-0.726785,-0.499867
33915310,-0.101969,0.458873,-0.727461,-0.499839
33923643,-0.102756,0.459109,-0.727173,-0.499879
33931976,-0.102678,0.459410,-0.726979,-0.499901
33940309,-0.102256,0.458529,-0.727338,-0.500275
33948642,-0.103325,0.457968,-0.727636,-0.500135
33956975,-0.103170,0.458017,-0.727547,-0.500252
33965308,-0.103487,0.458169,-0.727498,-0.500118
33973641,-0.103685,0.458020,-0.727492,-0.500222
33981974,-0.103871,0.457941,-0.727479,-0.500275
33990307,-0.103656,0.458056,-0.727397,-0.500334
33998640,-0.103537,0.458032,-0.727378,-0.500408
34006973,-0.103942,0.458380,-0.726949,-0.500628
34015306,-0.104165,0.457968,-0.727128,-0.500700
34023639,-0.104175,0.458115,-0.726974,-0.500787
34031972,-0.104538,0.457877,-0.727082,-0.500772
34040305,-0.104562,0.457555,-0.727252,-0.500815
34048638,-0.104558,0.457868,-0.727000,-0.500895
34056971,-0.104785,0.457666,-0.727013,-0.501013
34065304,-0.105053,0.457433,-0.727061,-0.501101
34073637,-0.104769,0.457233,-0.727077,-0.501318
34081970,-0.105085,0.457356,-0.726899,-0.501398
34090303,-0.104474,0.458595,-0.725726,-0.502093
34098636,-0.105338,0.457219,-0.726348,-0.502268
34106969,-0.105845,0.456746,-0.726511,-0.502357
34115302,-0.106037,0.456771,-0.726464,-0.502360
34123635,-0.105291,0.457925,-0.725500,-0.502860
34131968,-0.106277,0.456597,-0.726119,-0.502967
34140301,-0.106226,0.456240,-0.726254,-0.503106
34148634,-0.106232,0.456365,-0.726029,-0.503316
34156967,-0.106483,0.456048,-0.726116,-0.503425
34165300,-0.106717,0.455784,-0.726217,-0.503469
34173633,-0.106713,0.455751,-0.726141,-0.503610
34181966,-0.106938,0.455692,-0.726086,-0.503695
34190299,-0.107033,0.455542,-0.726018,-0.503909
34198632,-0.107110,0.455137,-0.726159,-0.504055
34206965,-0.107194,0.455215,-0.726016,-0.504172
34215298,-0.107338,0.454982,-0.726086,-0.504252
34223631,-0.108067,0.454479,-0.726350,-0.504169
34231964,-0.107400,0.454536,-0.726296,-0.504337
34240297,-0.107286,0.454622,-0.726115,-0.504545
34248630,-0.107308,0.454541,-0.726050,-0.504707
34256963,-0.107389,0.454309,-0.726016,-0.504946
34265296,-0.108224,0.453903,-0.726197,-0.504873
34273629,-0.108314,0.455048,-0.725282,-0.505140
34281962,-0.108626,0.453975,-0.725837,-0.505241
34290295,-0.108853,0.453597,-0.726159,-0.505068
34298628,-0.108721,0.453695,-0.725979,-0.505268
34306961,-0.109331,0.454292,-0.725502,-0.505284
34315294,-0.109244,0.454283,-0.725400,-0.505458
34323627,-0.109135,0.452985,-0.726150,-0.505570
34331960,-0.109412,0.453722,-0.725521,-0.505752
34340293,-0.109233,0.454020,-0.725201,-0.505982
34348626,-0.109306,0.452578,-0.726213,-0.505806
34356959,-0.109323,0.452440,-0.725993,-0.506241
34365292,-0.109306,0.452267,-0.726145,-0.506182
34373625,-0.109198,0.451993,-0.726057,-0.506577
34381958,-0.109726,0.451949,-0.725665,-0.507063
34390291,-0.109031,0.453190,-0.724615,-0.507606
34398624,-0.109634,0.452170,-0.725158,-0.507611
34406957,-0.110135,0.451609,-0.725440,-0.507599
34415290,-0.110112,0.451735,-0.725435,-0.507498
34423623,-0.110232,0.451527,-0.725376,-0.507742
34431956,-0.110321,0.451443,-0.725235,-0.508000
34440289,-0.109791,0.451335,-0.725328,-0.508076
34448622,-0.109720,0.451059,-0.724995,-0.508812
34456955,-0.109835,0.451019,-0.724730,-0.509200
34465288,-0.110731,0.451698,-0.724181,-0.509186
34473621,-0.110809,0.451733,-0.723918,-0.509511
34481954,-0.110081,0.450707,-0.724401,-0.509891
34490287,-0.110734,0.451067,-0.724008,-0.509989
34498620,-0.110906,0.449910,-0.724802,-0.509846
34506953,-0.111006,0.449967,-0.724403,-0.510341
34515286,-0.110203,0.450279,-0.724094,-0.510678
34523619,-0.110124,0.450253,-0.724135,-0.510660
34531952,-0.110333,0.449780,-0.724472,-0.510554
34540285,-0.110972,0.449335,-0.724438,-0.510855
34548618,-0.111593,0.450368,-0.723817,-0.510690
34556951,-0.110205,0.449959,-0.724058,-0.511011
34565284,-0.111170,0.449315,-0.724488,-0.510758
34573617,-0.111396,0.449273,-0.724396,-0.510877
34581950,-0.110937,0.449482,-0.724178,-0.511101
34590283,-0.110678,0.449410,-0.724124,-0.511298
34598616,-0.110805,0.449329,-0.724156,-0.511295
34606949,-0.111128,0.449179,-0.724235,-0.511245
34615282,-0.110721,0.449228,-0.724043,-0.511563
34623615,-0.110941,0.449055,-0.724058,-0.511645
34631948,-0.111103,0.448926,-0.724148,-0.511597
34640281,-0.110918,0.448973,-0.723953,-0.511872
34648614,-0.112441,0.449772,-0.723365,-0.511669
34656947,-0.112136,0.449805,-0.723781,-0.511119
34665280,-0.112475,0.450264,-0.723457,-0.511098
34673613,-0.112544,0.451100,-0.723001,-0.510991
34681946,-0.111150,0.450348,-0.723563,-0.511165
34690279,-0.110842,0.449588,-0.723834,-0.511517
34698612,-0.112426,0.450025,-0.723291,-0.511555
34706945,-0.111396,0.449923,-0.723540,-0.511517
34715278,-0.110728,0.450476,-0.722899,-0.512082
34723611,-0.110659,0.449003,-0.723476,-0.512576
34731944,-0.110931,0.448434,-0.723602,-0.512837
34740277,-0.111250,0.448402,-0.723502,-0.512937
34748610,-0.111550,0.448318,-0.723500,-0.512947
34756943,-0.111826,0.448184,-0.723545,-0.512941
34765276,-0.111660,0.448182,-0.723473,-0.513080
34773609,-0.111591,0.448897,-0.722768,-0.513464
34781942,-0.111713,0.447656,-0.723357,-0.513692
34790275,-0.111659,0.447192,-0.723429,-0.514006
34798608,-0.111740,0.447187,-0.723360,-0.514090
34806941,-0.112140,0.447091,-0.723355,-0.514093
34815274,-0.111980,0.446945,-0.723333,-0.514286
34823607,-0.111793,0.446807,-0.723246,-0.514569
34831940,-0.111994,0.446604,-0.723321,-0.514595
34840273,-0.112387,0.447510,-0.722564,-0.514787
34848606,-0.112273,0.446378,-0.723103,-0.515038
34856939,-0.112953,0.446832,-0.722719,-0.515034
34865272,-0.112643,0.447181,-0.722297,-0.515391
34873605,-0.112762,0.446891,-0.722186,-0.515772
34881938,-0.112916,0.445750,-0.722725,-0.515970
34890271,-0.112904,0.445460,-0.722794,-0.516127
34898604,-0.113031,0.445537,-0.722670,-0.516206
34906937,-0.113730,0.446511,-0.721969,-0.516192
34915270,-0.113502,0.446041,-0.722118,-0.516441
34923603,-0.113842,0.445521,-0.722412,-0.516404
34931936,-0.114232,0.445297,-0.722453,-0.516452
34940269,-0.114581,0.445936,-0.721899,-0.516599
34948602,-0.114221,0.444777,-0.722504,-0.516831
34956935,-0.114231,0.444418,-0.722307,-0.517413
34965268,-0.114564,0.444513,-0.722216,-0.517386
34973601,-0.115075,0.445444,-0.721598,-0.517333
34981934,-0.114840,0.444504,-0.722090,-0.517508
34990267,-0.115050,0.443868,-0.722488,-0.517450
34998600,-0.115093,0.443398,-0.722583,-0.517713
35006933,-0.115152,0.443272,-0.722458,-0.517980
35015266,-0.114866,0.443682,-0.722221,-0.518025
35023599,-0.115375,0.444383,-0.721610,-0.518161
35031932,-0.115518,0.443026,-0.722469,-0.518095
35040265,-0.115785,0.442633,-0.722764,-0.517960
35048598,-0.115290,0.442765,-0.722448,-0.518399
35056931,-0.115637,0.443632,-0.721720,-0.518594
35065264,-0.115910,0.443307,-0.721731,-0.518795
35073597,-0.115416,0.442225,-0.722235,-0.519126
35081930,-0.115640,0.441847,-0.722370,-0.519211
35090263,-0.116151,0.441560,-0.722410,-0.519286
35098596,-0.115748,0.441865,-0.722101,-0.519546
35106929,-0.115487,0.441870,-0.721828,-0.519979
35115262,-0.115531,0.441787,-0.721656,-0.520278
35123595,-0.115118,0.442164,-0.720910,-0.521083
35131928,-0.115535,0.441851,-0.721172,-0.520894
35140261,-0.115652,0.441568,-0.721121,-0.521178
35148594,-0.115484,0.441354,-0.720761,-0.521894
35156927,-0.116404,0.442281,-0.720121,-0.521789
35165260,-0.116503,0.442065,-0.719860,-0.522311
35173593,-0.116382,0.440645,-0.720350,-0.522861
35181926,-0.116200,0.440515,-0.720147,-0.523290
35190259,-0.116743,0.440084,-0.720186,-0.523479
35198592,-0.117182,0.440555,-0.719556,-0.523850
35206925,-0.116922,0.440563,-0.719112,-0.524510
35215258,-0.116618,0.439387,-0.719465,-0.525080
35223591,-0.117044,0.438949,-0.719385,-0.525462
35231924,-0.117323,0.438689,-0.719318,-0.525708
35240257,-0.117658,0.438224,-0.719317,-0.526022
35248590,-0.117571,0.437985,-0.719123,-0.526507
35256923,-0.117810,0.437625,-0.718979,-0.526948
35265256,-0.117745,0.437524,-0.718668,-0.527470
35273589,-0.118360,0.438058,-0.717846,-0.528009
35281922,-0.118397,0.437154,-0.717788,-0.528828
35290255,-0.118760,0.436722,-0.717397,-0.529633
35298588,-0.118901,0.437222,-0.716542,-0.530347
35306921,-0.119638,0.436074,-0.716599,-0.531048
35315254,-0.120209,0.435544,-0.716359,-0.531678
35323587,-0.120282,0.435430,-0.715789,-0.532521
35331920,-0.121056,0.434806,-0.715335,-0.533466
35340253,-0.122137,0.434105,-0.714929,-0.534333
35348586,-0.122929,0.434020,-0.714349,-0.534997
35356919,-0.122746,0.434257,-0.713235,-0.536329
35365252,-0.122518,0.435495,-0.711521,-0.537654
35373585,-0.123604,0.435121,-0.710451,-0.539121
35381918,-0.124652,0.434583,-0.709734,-0.540257
35390251,-0.125890,0.433493,-0.709593,-0.541030
35398584,-0.126331,0.433295,-0.709049,-0.541798
35406917,-0.127057,0.433082,-0.708505,-0.542510
35415250,-0.127007,0.433498,-0.707441,-0.543576
35423583,-0.127188,0.433476,-0.706809,-0.544375
35431916,-0.127255,0.433716,-0.706123,-0.545057
35440249,-0.127408,0.433469,-0.705791,-0.545647
35448582,-0.128020,0.432752,-0.705780,-0.546087
35456915,-0.128279,0.432519,-0.705616,-0.546423
35465248,-0.128347,0.432454,-0.705391,-0.546749
35473581,-0.128107,0.432661,-0.704891,-0.547286
35481914,-0.128275,0.431951,-0.704981,-0.547692
35490247,-0.128628,0.430834,-0.705438,-0.547900
35498580,-0.128322,0.430443,-0.705549,-0.548135
35506913,-0.128618,0.428712,-0.706781,-0.547835
35515246,-0.128023,0.428413,-0.707018,-0.547903
35523579,-0.127077,0.427991,-0.707270,-0.548128
35531912,-0.125767,0.427292,-0.707648,-0.548488
35540245,-0.124905,0.426375,-0.707942,-0.549019
35548578,-0.124013,0.426998,-0.707466,-0.549350
35556911,-0.122732,0.425802,-0.707864,-0.550053
35565244,-0.121574,0.426307,-0.707822,-0.549972
35573577,-0.120289,0.426071,-0.707533,-0.550810
35581910,-0.118555,0.426016,-0.707094,-0.551791
35590243,-0.117866,0.425528,-0.706934,-0.552519
35598576,-0.117971,0.424533,-0.707161,-0.552972
35606909,-0.117481,0.424058,-0.707092,-0.553529
35615242,-0.116815,0.423546,-0.706972,-0.554214
35623575,-0.116403,0.423131,-0.706905,-0.554703
35631908,-0.116219,0.422793,-0.706766,-0.555176
35640241,-0.115651,0.422677,-0.706475,-0.555753
35648574,-0.115637,0.422372,-0.706218,-0.556315
35656907,-0.115983,0.422006,-0.706226,-0.556510
35665240,-0.115842,0.421787,-0.706038,-0.556944
35673573,-0.116407,0.421222,-0.706099,-0.557177
35681906,-0.115589,0.422106,-0.705257,-0.557743
35690239,-0.115972,0.421634,-0.705197,-0.558098
35698572,-0.115941,0.421542,-0.704829,-0.558638
35706905,-0.116497,0.420584,-0.705296,-0.558655
35715238,-0.117309,0.419803,-0.705787,-0.558452
35723571,-0.116621,0.421210,-0.704831,-0.558745
35731904,-0.117293,0.420716,-0.704961,-0.558812
35740237,-0.117449,0.420372,-0.704786,-0.559258
35748570,-0.117698,0.420259,-0.704601,-0.559524
35756903,-0.118155,0.419964,-0.704580,-0.559675
35765236,-0.118253,0.420228,-0.704423,-0.559655
35773569,-0.118514,0.420042,-0.704313,-0.559877
35781902,-0.118741,0.419813,-0.704305,-0.560011
35790235,-0.117603,0.420104,-0.703660,-0.560842
35798568,-0.119101,0.419313,-0.703940,-0.560767
35806901,-0.119500,0.419178,-0.704087,-0.560598
35815234,-0.119689,0.419048,-0.704199,-0.560515
35823567,-0.119996,0.418880,-0.704245,-0.560517
35831900,-0.120229,0.418855,-0.704249,-0.560481
35840233,-0.119834,0.419499,-0.703798,-0.560650
35848566,-0.120085,0.419619,-0.703707,-0.560621
35856899,-0.120393,0.419287,-0.703830,-0.560649
35865232,-0.120897,0.418903,-0.704094,-0.560496
35873565,-0.120963,0.419124,-0.703808,-0.560675
35881898,-0.121366,0.419001,-0.703687,-0.560832
35890231,-0.121556,0.418862,-0.703576,-0.561035
35898564,-0.121971,0.418446,-0.703674,-0.561132
35906897,-0.121845,0.418923,-0.703214,-0.561379
35915230,-0.121994,0.418468,-0.703249,-0.561643
35923563,-0.122050,0.418648,-0.702827,-0.562025
35931896,-0.122677,0.417898,-0.702981,-0.562254
35940229,-0.121899,0.418351,-0.702322,-0.562909
35948562,-0.122258,0.417667,-0.702262,-0.563414
35956895,-0.121453,0.418080,-0.701453,-0.564288
35965228,-0.121150,0.417988,-0.700761,-0.565281
35973561,-0.120904,0.417769,-0.700261,-0.566115
35981894,-0.121813,0.416445,-0.700564,-0.566521
35990227,-0.122116,0.415994,-0.700181,-0.567259
35998560,-0.121417,0.415857,-0.699702,-0.568101
36006893,-0.120620,0.416325,-0.698383,-0.569548
36015226,-0.121481,0.415148,-0.698358,-0.570255
36023559,-0.120948,0.414383,-0.698060,-0.571288
36031892,-0.120652,0.414568,-0.697428,-0.571988
36040225,-0.120408,0.415148,-0.696608,-0.572617
36048558,-0.119722,0.414984,-0.696231,-0.573338
36056891,-0.119448,0.413888,-0.696517,-0.573841
36065224,-0.118300,0.413821,-0.696294,-0.574398
36073557,-0.116520,0.414652,-0.695653,-0.574938
36081890,-0.114764,0.415028,-0.695107,-0.575680
36090223,-0.112954,0.414879,-0.694609,-0.576745
36098556,-0.111831,0.414677,-0.694004,-0.577837
36106889,-0.109889,0.414087,-0.693483,-0.579255
36115222,-0.107645,0.413860,-0.692840,-0.580607
36123555,-0.106318,0.413318,-0.691986,-0.582254
36131888,-0.104352,0.412843,-0.690355,-0.584877
36140221,-0.102061,0.412684,-0.689350,-0.586577
36148554,-0.101953,0.411912,-0.689168,-0.587351
36156887,-0.101045,0.411251,-0.688963,-0.588211
36165220,-0.100883,0.410180,-0.688888,-0.589074
36173553,-0.099827,0.409275,-0.688240,-0.590639
36181886,-0.096374,0.410915,-0.685931,-0.592755
36190219,-0.091980,0.412209,-0.683279,-0.595611
36198552,-0.089181,0.412475,-0.681252,-0.598169
36206885,-0.087103,0.411807,-0.679800,-0.600583
36215218,-0.085016,0.411929,-0.677416,-0.603485
36223551,-0.080574,0.411044,-0.675599,-0.606726
36231884,-0.075683,0.410756,-0.672157,-0.611357
36240217,-0.069345,0.410916,-0.666701,-0.617940
36248550,-0.066714,0.405469,-0.665948,-0.622621
36256883,-0.062912,0.400567,-0.660512,-0.631912
36265216,-0.057296,0.404186,-0.650243,-0.640730
36273549,-0.051080,0.427118,-0.651717,-0.624681
36281882,-0.030322,0.458214,-0.647928,-0.607708
36290215,-0.001781,0.476861,-0.644826,-0.597327
36298548,0.013091,0.467463,-0.643136,-0.606369
36306881,0.032584,0.484925,-0.640775,-0.594301
36315214,0.062279,0.511887,-0.624368,-0.586734
36323547,0.081542,0.519612,-0.614170,-0.588344
36331880,0.088999,0.514088,-0.605748,-0.600718
36340213,0.091109,0.505734,-0.600806,-0.612343
36348546,0.090609,0.494599,-0.597464,-0.624659
36356879,0.094189,0.485468,-0.590435,-0.637837
36365212,0.095654,0.474210,-0.585184,-0.650796
36373545,0.099012,0.463377,-0.579324,-0.663221
36381878,0.096145,0.452179,-0.575161,-0.674893
36390211,0.091021,0.439877,-0.573854,-0.684774
36398544,0.085736,0.431206,-0.569162,-0.694813
36406877,0.074311,0.419065,-0.571730,-0.701418
36415210,0.081511,0.409469,-0.567980,-0.709288
36423543,0.086708,0.398261,-0.565298,-0.717153
36431876,0.088961,0.385768,-0.565075,-0.723851
36440209,0.089495,0.373538,-0.563815,-0.731144
36448542,0.090819,0.362370,-0.563357,-0.736932
36456875,0.094464,0.352683,-0.560921,-0.743007
36465208,0.098092,0.344273,-0.557246,-0.749220
36473541,0.101562,0.334451,-0.554727,-0.755054
36481874,0.103583,0.325608,-0.551545,-0.760952
36490207,0.108945,0.319323,-0.548480,-0.765071
36498540,0.113926,0.310200,-0.544242,-0.771102
36506873,0.118883,0.302514,-0.540751,-0.775848
36515206,0.123339,0.296401,-0.535693,-0.781004
36523539,0.130273,0.294529,-0.528685,-0.785350
36531872,0.136996,0.291529,-0.520562,-0.790732
36540205,0.137682,0.281594,-0.516514,-0.796845
36548538,0.140234,0.279481,-0.509179,-0.801849
36556871,0.143851,0.277663,-0.501669,-0.806560
36565204,0.145424,0.272446,-0.493428,-0.813113
36573537,0.148311,0.270658,-0.485187,-0.818133
36581870,0.151824,0.266839,-0.476161,-0.824025
36590203,0.152951,0.260196,-0.467017,-0.831143
36598536,0.152615,0.251580,-0.459523,-0.838006
36606869,0.152777,0.246657,-0.453466,-0.842727
36615202,0.156079,0.247765,-0.443174,-0.847260
36623535,0.156106,0.242478,-0.437016,-0.851970
36631868,0.155421,0.236773,-0.432230,-0.856131
36640201,0.158290,0.234800,-0.427952,-0.858295
36648534,0.155018,0.228707,-0.424071,-0.862453
36656867,0.155975,0.231213,-0.419761,-0.863721
36665200,0.157491,0.229836,-0.417101,-0.865100
36673533,0.156565,0.227412,-0.413202,-0.867776
36681866,0.157663,0.230854,-0.409273,-0.868530
36690199,0.156831,0.229557,-0.409473,-0.868930
36698532,0.156457,0.229739,-0.409707,-0.868839
36706865,0.157552,0.229290,-0.408832,-0.869172
36715198,0.157084,0.227775,-0.408880,-0.869632
36723531,0.157310,0.227202,-0.407763,-0.870265
36731864,0.157163,0.227524,-0.408713,-0.869762
36740197,0.156768,0.225692,-0.409091,-0.870133
36748530,0.157332,0.223656,-0.409555,-0.870339
36756863,0.159140,0.223913,-0.408943,-0.870232
36765196,0.159968,0.224968,-0.408581,-0.869978
36773529,0.160870,0.222706,-0.408202,-0.870571
36781862,0.162047,0.217420,-0.407650,-0.871947
36790195,0.164145,0.218848,-0.406128,-0.871907
36798528,0.167807,0.217145,-0.404120,-0.872569
36806861,0.171514,0.215692,-0.400549,-0.873854
36815194,0.175057,0.213325,-0.397552,-0.875100
36823527,0.179951,0.212576,-0.392378,-0.876623
36831860,0.185199,0.210658,-0.386869,-0.878440
36840193,0.189098,0.208013,-0.382306,-0.880235
36848526,0.196448,0.207918,-0.374361,-0.882061
36856859,0.199951,0.201820,-0.369020,-0.884936
36865192,0.205997,0.197492,-0.362449,-0.887239
36873525,0.211966,0.193458,-0.356058,-0.889307
36881858,0.217954,0.187723,-0.348610,-0.892035
36890191,0.223895,0.186005,-0.341910,-0.893516
36898524,0.231747,0.185992,-0.335548,-0.893928
36906857,0.237663,0.181241,-0.330628,-0.895183
36915190,0.243878,0.177860,-0.327572,-0.895313
36923523,0.249086,0.173428,-0.325113,-0.895645
36931856,0.253412,0.169369,-0.324515,-0.895425
36940189,0.258010,0.165978,-0.323990,-0.894937
36948522,0.261936,0.165489,-0.322496,-0.894427
36956855,0.265327,0.165905,-0.321048,-0.893871
36965188,0.267865,0.166361,-0.320176,-0.893342
36973521,0.270194,0.165455,-0.319534,-0.893038
36981854,0.273490,0.165666,-0.316513,-0.893072
36990187,0.276247,0.164796,-0.316126,-0.892521
36998520,0.279130,0.168650,-0.313236,-0.891923
37006853,0.281851,0.171094,-0.309795,-0.891804
37015186,0.282586,0.172199,-0.309374,-0.891505
37023519,0.283163,0.173245,-0.308040,-0.891581
37031852,0.285372,0.177011,-0.304452,-0.891369
37040185,0.287527,0.185116,-0.299746,-0.890625
37048518,0.288340,0.192111,-0.294621,-0.890591
37056851,0.288856,0.199584,-0.287915,-0.890973
37065184,0.285400,0.206607,-0.281743,-0.892458
37073517,0.282597,0.215697,-0.275604,-0.893116
37081850,0.277381,0.232041,-0.267830,-0.893020
37090183,0.267771,0.244717,-0.262787,-0.894067
37098516,0.263377,0.209279,-0.262147,-0.904496
37106849,0.268902,0.165462,-0.258208,-0.913040
37115182,0.273934,0.134820,-0.256033,-0.917186
37123515,0.273020,0.119917,-0.264957,-0.916994
37131848,0.271331,0.108835,-0.279098,-0.914680
37140181,0.270196,0.103172,-0.289739,-0.912360
37148514,0.270075,0.097748,-0.295622,-0.911105
37156847,0.271391,0.094103,-0.297760,-0.910401
37165180,0.272619,0.092985,-0.298980,-0.909749
37173513,0.271309,0.091302,-0.301744,-0.909398
37181846,0.271448,0.088253,-0.302958,-0.909255
37190179,0.272005,0.086134,-0.304613,-0.908738
37198512,0.271306,0.085405,-0.306676,-0.908322
37206845,0.272156,0.085809,-0.307931,-0.907605
37215178,0.273767,0.084766,-0.308587,-0.906995
37223511,0.273844,0.084328,-0.309896,-0.906566
37231844,0.275314,0.084432,-0.310609,-0.905867
37240177,0.277778,0.083203,-0.311240,-0.905012
37248510,0.278052,0.081719,-0.312163,-0.904745
37256843,0.278900,0.081119,-0.312334,-0.904479
37265176,0.279983,0.080483,-0.312930,-0.903995
37273509,0.280102,0.078958,-0.314087,-0.903691
37281842,0.279633,0.079384,-0.315115,-0.903441
37290175,0.279570,0.078854,-0.315658,-0.903317
37298508,0.279230,0.078689,-0.316428,-0.903168
37306841,0.278901,0.078995,-0.317134,-0.902995
37315174,0.279375,0.076749,-0.317838,-0.902795
37323507,0.279167,0.075365,-0.318372,-0.902787
37331840,0.277795,0.077499,-0.318736,-0.902902
37340173,0.276951,0.076395,-0.319709,-0.902911
37348506,0.276490,0.076358,-0.320183,-0.902887
37356839,0.276411,0.075173,-0.320370,-0.902945
37365172,0.276534,0.074712,-0.320282,-0.902976
37373505,0.276160,0.074373,-0.320789,-0.902939
37381838,0.276195,0.074332,-0.320535,-0.903022
37390171,0.276798,0.074343,-0.320340,-0.902905
37398504,0.276524,0.073829,-0.321009,-0.902794
37406837,0.275271,0.071960,-0.322438,-0.902818
37415170,0.275683,0.072750,-0.321837,-0.902844
37423503,0.276000,0.072654,-0.321429,-0.902900
37431836,0.276335,0.072475,-0.321915,-0.902639
37440169,0.276857,0.072316,-0.321908,-0.902494
37448502,0.277030,0.071683,-0.322087,-0.902428
37456835,0.276115,0.070630,-0.322671,-0.902583
37465168,0.275931,0.070241,-0.323139,-0.902502
37473501,0.276232,0.070697,-0.323291,-0.902320
37481834,0.276668,0.070334,-0.323083,-0.902289
37490167,0.276807,0.069672,-0.323238,-0.902242
37498500,0.276414,0.069455,-0.323737,-0.902200
37506833,0.276221,0.069393,-0.323977,-0.902178
37515166,0.275980,0.068915,-0.324212,-0.902204
37523499,0.276677,0.067158,-0.324462,-0.902033
37531832,0.275716,0.067674,-0.325362,-0.901965
37540165,0.275279,0.067478,-0.325785,-0.901960
37548498,0.275031,0.067652,-0.326088,-0.901914
37556831,0.275378,0.067457,-0.326244,-0.901766
37565164,0.276088,0.066395,-0.326591,-0.901502
37573497,0.276219,0.065102,-0.326701,-0.901516
37581830,0.274646,0.063290,-0.328171,-0.901592
37590163,0.274154,0.063011,-0.328794,-0.901534
37598496,0.274147,0.063261,-0.328973,-0.901453
37606829,0.274066,0.063517,-0.329280,-0.901348
37615162,0.274191,0.063406,-0.329412,-0.901270
37623495,0.274084,0.063089,-0.329599,-0.901256
37631828,0.274027,0.063410,-0.330001,-0.901104
37640161,0.273136,0.064297,-0.330535,-0.901115
37648494,0.272650,0.064425,-0.330965,-0.901096
37656827,0.273233,0.063623,-0.331145,-0.900910
37665160,0.273239,0.063196,-0.331535,-0.900795
37673493,0.273025,0.063920,-0.332138,-0.900587
37681826,0.272651,0.065117,-0.332550,-0.900462
37690159,0.272610,0.065554,-0.332708,-0.900384
37698492,0.272914,0.064534,-0.333047,-0.900241
37706825,0.273220,0.064335,-0.333098,-0.900143
37715158,0.273517,0.064276,-0.333393,-0.899948
37723491,0.273085,0.065350,-0.333720,-0.899880
37731824,0.272862,0.064898,-0.334124,-0.899831
37740157,0.273042,0.063891,-0.334328,-0.899773
37748490,0.273090,0.064118,-0.334167,-0.899802
37756823,0.272639,0.063700,-0.334695,-0.899772
37765156,0.272979,0.062893,-0.334829,-0.899676
37773489,0.272797,0.062796,-0.335142,-0.899621
37781822,0.274964,0.065086,-0.333509,-0.899406
37790155,0.275267,0.066440,-0.333140,-0.899351
37798488,0.275092,0.065857,-0.333073,-0.899472
37806821,0.274713,0.065483,-0.333489,-0.899461
37815154,0.272697,0.063351,-0.335214,-0.899586
37823487,0.272439,0.061747,-0.335549,-0.899651
37831820,0.274113,0.064578,-0.334081,-0.899490
37840153,0.273058,0.063403,-0.334957,-0.899568
37848486,0.272242,0.062352,-0.335505,-0.899685
37856819,0.273754,0.064436,-0.334167,-0.899577
37865152,0.274467,0.064628,-0.333303,-0.899667
37873485,0.274580,0.063800,-0.333285,-0.899698
37881818,0.272544,0.062275,-0.335169,-0.899724
37890151,0.271676,0.062234,-0.335793,-0.899757
37898484,0.271902,0.061533,-0.335629,-0.899798
37906817,0.271589,0.061971,-0.335589,-0.899877
37915150,0.273532,0.063917,-0.333711,-0.899851
37923483,0.272275,0.062775,-0.334960,-0.899848
37931816,0.273273,0.063705,-0.333644,-0.899969
37940149,0.273876,0.064763,-0.333239,-0.899861
37948482,0.271995,0.062263,-0.334684,-0.900071
37956815,0.273190,0.062955,-0.333499,-0.900101
37965148,0.273844,0.063749,-0.333033,-0.900019
37973481,0.272341,0.061532,-0.334470,-0.900097
37981814,0.271166,0.061535,-0.334971,-0.900265
37990147,0.272953,0.064515,-0.333097,-0.900211
37998480,0.272553,0.063124,-0.334041,-0.900082
38006813,0.272243,0.062533,-0.334320,-0.900113
38015146,0.274146,0.064787,-0.332785,-0.899945
38023479,0.275260,0.064798,-0.331840,-0.899953
38031812,0.272994,0.062449,-0.333526,-0.900186
38040145,0.271874,0.062274,-0.334145,-0.900308
38048478,0.271922,0.062340,-0.334180,-0.900276
38056811,0.271825,0.063048,-0.333892,-0.900362
38065144,0.271948,0.062437,-0.333790,-0.900406
38073477,0.271494,0.062641,-0.333965,-0.900463
38081810,0.271194,0.063347,-0.333989,-0.900496
38090143,0.271725,0.062671,-0.333705,-0.900488
38098476,0.271794,0.062585,-0.333830,-0.900427
38106809,0.272066,0.062830,-0.333727,-0.900366
38115142,0.272527,0.062893,-0.333644,-0.900253
38123475,0.273407,0.063578,-0.333455,-0.900008
38131808,0.273948,0.064185,-0.333323,-0.899849
38140141,0.275130,0.065378,-0.332979,-0.899530
38148474,0.275343,0.067013,-0.332729,-0.899437
38156807,0.276267,0.067452,-0.332317,-0.899273
38165140,0.277858,0.069105,-0.331783,-0.898854
38173473,0.279077,0.070306,-0.331478,-0.898496
38181806,0.279713,0.070749,-0.331572,-0.898229
38190139,0.280443,0.069980,-0.330949,-0.898292
38198472,0.282529,0.068390,-0.329770,-0.898194
38206805,0.284905,0.066610,-0.327673,-0.898345
38215138,0.287923,0.069640,-0.324892,-0.898162
38223471,0.290806,0.071043,-0.323056,-0.897786
38231804,0.294261,0.067127,-0.320695,-0.897808
38240137,0.297906,0.064426,-0.317937,-0.897785
38248470,0.300623,0.063764,-0.315409,-0.897818
38256803,0.304172,0.067570,-0.312312,-0.897427
38265136,0.307161,0.069575,-0.311372,-0.896582
38273469,0.310809,0.068736,-0.309407,-0.896069
38281802,0.310627,0.071036,-0.309253,-0.896006
38290135,0.312093,0.069630,-0.309402,-0.895556
38298468,0.314214,0.074446,-0.307682,-0.895019
38306801,0.312687,0.071042,-0.309123,-0.895334
38315134,0.311581,0.072270,-0.311353,-0.894848
38323467,0.313149,0.076433,-0.312553,-0.893536
38331800,0.313334,0.072760,-0.314059,-0.893249
38340133,0.311103,0.076890,-0.315967,-0.893011
38348466,0.309844,0.080382,-0.318306,-0.892309
38356799,0.308491,0.075648,-0.320692,-0.892338
38365132,0.308365,0.082743,-0.322005,-0.891278
38373465,0.307760,0.086799,-0.322870,-0.890788
38381798,0.306326,0.087723,-0.325992,-0.890055
38390131,0.300774,0.087851,-0.329041,-0.890814
38398464,0.299120,0.089125,-0.331257,-0.890423
38406797,0.297007,0.091044,-0.333717,-0.890017
38415130,0.295644,0.091573,-0.335343,-0.889806
38423463,0.294136,0.094046,-0.336499,-0.889611
38431796,0.293355,0.099548,-0.337806,-0.888775
38440129,0.291710,0.101650,-0.340450,-0.888069
38448462,0.289117,0.100435,-0.342566,-0.888242
38456795,0.288211,0.098069,-0.344196,-0.888170
38465128,0.285222,0.096975,-0.347855,-0.887829
38473461,0.286334,0.098284,-0.349646,-0.886623
38481794,0.286559,0.100348,-0.351783,-0.885473
38490127,0.286851,0.100568,-0.354518,-0.884262
38498460,0.286931,0.102691,-0.357255,-0.882890
38506793,0.287799,0.105096,-0.357646,-0.882165
38515126,0.284537,0.110171,-0.359080,-0.882022
38523459,0.282174,0.112798,-0.359820,-0.882147
38531792,0.284922,0.119407,-0.358928,-0.880757
38540125,0.284396,0.123829,-0.359627,-0.880031
38548458,0.283650,0.125798,-0.359960,-0.879856
38556791,0.284252,0.130292,-0.359538,-0.879180
38565124,0.282372,0.135626,-0.359494,-0.878997
38573457,0.284220,0.146851,-0.356443,-0.877839
38581790,0.283918,0.154169,-0.355036,-0.877253
38590123,0.283007,0.155571,-0.355472,-0.877123
38598456,0.284337,0.160868,-0.353401,-0.876574
38606789,0.282960,0.164577,-0.352396,-0.876735
38615122,0.281119,0.172796,-0.351759,-0.876002
38623455,0.280019,0.181686,-0.350648,-0.875000
38631788,0.280798,0.189174,-0.346979,-0.874626
38640121,0.279886,0.198978,-0.344768,-0.873617
38648454,0.274261,0.202247,-0.343826,-0.875020
38656787,0.274017,0.212237,-0.341449,-0.873660
38665120,0.271894,0.221919,-0.340873,-0.872142
38673453,0.273157,0.234349,-0.336572,-0.870164
38681786,0.272232,0.239451,-0.331649,-0.870955
38690119,0.271808,0.238829,-0.326622,-0.873155
38698452,0.269458,0.248837,-0.324156,-0.872007
38706785,0.269493,0.263459,-0.319372,-0.869462
38715118,0.269821,0.269523,-0.312998,-0.869819
38723451,0.267353,0.279002,-0.307934,-0.869400
38731784,0.266918,0.287407,-0.301749,-0.868965
38740117,0.266975,0.298259,-0.296108,-0.867229
38748450,0.266312,0.307185,-0.289807,-0.866445
38756783,0.266519,0.312770,-0.283030,-0.866623
38765116,0.267161,0.322861,-0.276328,-0.864886
38773449,0.268836,0.333604,-0.269618,-0.862405
38781782,0.270042,0.343333,-0.263203,-0.860188
38790115,0.269419,0.350285,-0.256711,-0.859543
38798448,0.267817,0.356209,-0.250830,-0.859345
38806781,0.266525,0.358453,-0.244532,-0.860628
38815114,0.267891,0.368177,-0.237342,-0.858108
38823447,0.270853,0.377971,-0.228339,-0.855358
38831780,0.270866,0.388137,-0.221034,-0.852716
38840113,0.272933,0.394068,-0.212724,-0.851450
38848446,0.275499,0.409675,-0.201754,-0.845909
38856779,0.275983,0.425087,-0.193961,-0.839948
38865112,0.280615,0.439143,-0.181245,-0.834002
38873445,0.276353,0.442823,-0.176764,-0.834441
38881778,0.274201,0.451436,-0.167998,-0.832344
38890111,0.281063,0.471556,-0.154706,-0.821404
38898444,0.280451,0.483021,-0.145651,-0.816593
38906777,0.276699,0.491270,-0.136423,-0.814543
38915110,0.274637,0.499565,-0.123975,-0.812182
38923443,0.274755,0.500007,-0.105406,-0.814489
38931776,0.273890,0.506576,-0.092154,-0.812325
38940109,0.269975,0.504992,-0.081058,-0.815798
38948442,0.271511,0.517642,-0.067574,-0.808556
38956775,0.271865,0.528293,-0.051833,-0.802689
38965108,0.274588,0.548415,-0.038763,-0.788885
38973441,0.270759,0.563136,-0.024333,-0.780369
38981774,0.261498,0.580447,-0.013987,-0.771042
38990107,0.251105,0.594946,0.000362,-0.763535
38998440,0.241049,0.608149,0.010870,-0.756262
39006773,0.233263,0.621061,0.019335,-0.747996
39015106,0.230411,0.628767,0.026885,-0.742186
39023439,0.230239,0.633973,0.030423,-0.737660
39031772,0.233318,0.634358,0.031335,-0.736322
39040105,0.239578,0.634641,0.027054,-0.734235
39048438,0.241983,0.631559,0.019507,-0.736340
39056771,0.247773,0.629884,0.012864,-0.735995
39065104,0.248017,0.624226,0.004849,-0.740815
39073437,0.246405,0.625209,-0.004344,-0.740526
39081770,0.242057,0.629686,-0.016125,-0.738000
39090103,0.237919,0.638096,-0.029276,-0.731690
39098436,0.234889,0.647238,-0.038580,-0.724170
39106769,0.230459,0.656107,-0.048244,-0.716997
39115102,0.229432,0.668603,-0.053060,-0.705348
39123435,0.227692,0.674371,-0.060400,-0.699808
39131768,0.227698,0.678639,-0.068285,-0.694938
39140101,0.230981,0.682933,-0.074258,-0.689011
39148434,0.240057,0.687724,-0.078159,-0.680661
39156767,0.248039,0.684487,-0.080528,-0.680786
39165100,0.254690,0.684987,-0.084302,-0.677362
39173433,0.264467,0.682794,-0.088572,-0.675282
39181766,0.273493,0.681471,-0.092103,-0.672544
39190099,0.278575,0.680918,-0.096114,-0.670455
39198432,0.284286,0.675544,-0.099837,-0.672945
39206765,0.289200,0.679846,-0.105122,-0.665674
39215098,0.294456,0.681517,-0.107563,-0.661257
39223431,0.297596,0.682228,-0.114897,-0.657876
39231764,0.299632,0.683941,-0.121116,-0.654046
39240097,0.301131,0.684684,-0.127000,-0.651459
39248430,0.301554,0.682389,-0.134160,-0.652236
39256763,0.302850,0.683374,-0.139800,-0.649413
39265096,0.305048,0.682018,-0.145404,-0.648580
39273429,0.306364,0.680314,-0.150767,-0.648523
39281762,0.307581,0.677777,-0.154180,-0.649800
39290095,0.307404,0.679397,-0.154813,-0.648040
39298428,0.309436,0.676517,-0.158269,-0.649250
39306761,0.309233,0.676542,-0.161096,-0.648625
39315094,0.307175,0.674812,-0.164725,-0.650490
39323427,0.304886,0.673853,-0.169946,-0.651218
39331760,0.302730,0.674290,-0.172126,-0.651199
39340093,0.301314,0.673412,-0.175532,-0.651855
39348426,0.297649,0.673400,-0.179644,-0.652431
39356759,0.292478,0.672655,-0.187453,-0.653341
39365092,0.288189,0.672544,-0.194185,-0.653395
39373425,0.283326,0.672691,-0.201833,-0.653052
39381758,0.278200,0.673658,-0.208991,-0.652006
39390091,0.271471,0.674613,-0.217137,-0.651193
39398424,0.266471,0.676897,-0.224152,-0.648506
39406757,0.260950,0.677380,-0.230768,-0.647925
39415090,0.256183,0.678717,-0.235062,-0.646885
39423423,0.249862,0.678586,-0.241093,-0.647275
39431756,0.244935,0.673533,-0.248253,-0.651713
39440089,0.240043,0.676288,-0.251972,-0.649248
39448422,0.232330,0.677820,-0.259383,-0.647537
39456755,0.225372,0.679263,-0.264020,-0.646609
39465088,0.219013,0.676514,-0.272787,-0.648035
39473421,0.210410,0.678912,-0.278805,-0.645812
39481754,0.201092,0.682963,-0.285681,-0.641490
39490087,0.191787,0.681956,-0.292869,-0.642169
39498420,0.184011,0.681894,-0.302479,-0.640052
39506753,0.174383,0.682503,-0.309961,-0.638517
39515086,0.163468,0.685466,-0.319114,-0.633704
39523419,0.153553,0.684951,-0.329444,-0.631452
39531752,0.143573,0.685897,-0.338470,-0.627989
39540085,0.133674,0.688040,-0.346774,-0.623282
39548418,0.124106,0.681730,-0.360026,-0.624678
39556751,0.110832,0.683928,-0.370431,-0.618659
39565084,0.096157,0.687359,-0.378506,-0.612393
39573417,0.085551,0.687260,-0.387258,-0.608594
39581750,0.070321,0.686997,-0.394069,-0.606465
39590083,0.059655,0.685334,-0.402865,-0.603704
39598416,0.046072,0.686455,-0.410300,-0.598590
39606749,0.031256,0.687930,-0.416547,-0.593518
39615082,0.018364,0.687158,-0.421358,-0.591552
39623415,0.006737,0.687762,-0.426201,-0.587615
39631748,-0.007177,0.688954,-0.430228,-0.583262
39640081,-0.019292,0.689483,-0.436857,-0.577406
39648414,-0.032556,0.688544,-0.438932,-0.576356
39656747,-0.044769,0.692304,-0.443004,-0.567855
39665080,-0.055865,0.687461,-0.444511,-0.571566
39673413,-0.067394,0.688327,-0.448401,-0.566216
39681746,-0.077890,0.693390,-0.447812,-0.559114
39690079,-0.086844,0.689151,-0.446917,-0.563733
39698412,-0.098724,0.685917,-0.445148,-0.567111
39706745,-0.110914,0.687467,-0.439004,-0.567770
39715078,-0.115876,0.692383,-0.441351,-0.558917
39723411,-0.126329,0.695171,-0.438679,-0.555283
39731744,-0.131477,0.703090,-0.440220,-0.542757
39740077,-0.139344,0.703681,-0.437423,-0.542289
39748410,-0.150912,0.701512,-0.433493,-0.545151
39756743,-0.158708,0.706080,-0.429169,-0.540442
39765076,-0.163633,0.706489,-0.428923,-0.538630
39773409,-0.169233,0.708134,-0.429094,-0.534588
39781742,-0.175695,0.706176,-0.429908,-0.534440
39790075,-0.180221,0.706708,-0.430116,-0.532057
39798408,-0.185686,0.707362,-0.430933,-0.528636
39806741,-0.190286,0.707606,-0.433283,-0.524739
39815074,-0.194898,0.707932,-0.433128,-0.522730
39823407,-0.197304,0.707487,-0.434912,-0.520946
39831740,-0.198834,0.707999,-0.437806,-0.517231
39840073,-0.203241,0.706951,-0.439282,-0.515698
39848406,-0.205739,0.707002,-0.440399,-0.513682
39856739,-0.207152,0.704768,-0.445833,-0.511492
39865072,-0.211380,0.706022,-0.441391,-0.511884
39873405,-0.212690,0.706806,-0.442903,-0.508945
39881738,-0.213726,0.705376,-0.446129,-0.507676
39890071,-0.215167,0.703691,-0.447956,-0.507797
39898404,-0.216907,0.703570,-0.447407,-0.507708
39906737,-0.218319,0.702911,-0.447278,-0.508129
39915070,-0.220492,0.702509,-0.449356,-0.505908
39923403,-0.222112,0.701049,-0.450511,-0.506198
39931736,-0.222205,0.701192,-0.450870,-0.505640
39940069,-0.222660,0.701062,-0.450735,-0.505739
39948402,-0.223192,0.700555,-0.450590,-0.506336
39956735,-0.224751,0.698386,-0.449799,-0.509338
39965068,-0.225697,0.697452,-0.449782,-0.510213
39973401,-0.225465,0.696410,-0.449510,-0.511976
39981734,-0.225783,0.695275,-0.448925,-0.513889
39990067,-0.227245,0.693179,-0.448510,-0.516431
39998400,-0.227022,0.692640,-0.448930,-0.516887
40006733,-0.227621,0.690610,-0.449451,-0.518884
40015066,-0.227852,0.687423,-0.451215,-0.521477
40023399,-0.227512,0.685213,-0.451937,-0.523903
40031732,-0.227794,0.683749,-0.452083,-0.525565
40040065,-0.227083,0.682066,-0.453462,-0.526870
40048398,-0.227120,0.677544,-0.455575,-0.530850
40056731,-0.226685,0.676248,-0.454976,-0.533197
40065064,-0.226107,0.676088,-0.455102,-0.533538
40073397,-0.226674,0.673911,-0.455326,-0.535856
40081730,-0.223715,0.671662,-0.457449,-0.538110
40090063,-0.222476,0.667783,-0.459286,-0.541873
40098396,-0.220881,0.665386,-0.460368,-0.544549
40106729,-0.217712,0.665273,-0.458344,-0.547662
40115062,-0.216509,0.662008,-0.456968,-0.553217
40123395,-0.215510,0.659683,-0.457444,-0.555984
40131728,-0.214091,0.657351,-0.456862,-0.559761
40140061,-0.211811,0.654839,-0.455001,-0.565063
40148394,-0.211761,0.652175,-0.454115,-0.568862
40156727,-0.207015,0.652464,-0.453600,-0.570686
40165060,-0.205604,0.649046,-0.451116,-0.577028
40173393,-0.200667,0.649907,-0.451656,-0.577374
40181726,-0.197556,0.648939,-0.451019,-0.580027
40190059,-0.192120,0.650040,-0.450885,-0.580724
40198392,-0.187012,0.648364,-0.451350,-0.583895
40206725,-0.183372,0.645796,-0.451135,-0.588048
40215058,-0.180376,0.644518,-0.451858,-0.589819
40223391,-0.175197,0.643601,-0.449794,-0.593944
40231724,-0.170646,0.642662,-0.448598,-0.597182
40240057,-0.165429,0.641216,-0.448355,-0.600378
40248390,-0.162683,0.640130,-0.448649,-0.602065
40256723,-0.161545,0.638215,-0.448590,-0.604443
40265056,-0.159104,0.635389,-0.449009,-0.607748
40273389,-0.155170,0.634997,-0.446403,-0.611085
40281722,-0.153328,0.632675,-0.447360,-0.613255
40290055,-0.150707,0.630735,-0.448875,-0.614794
40298388,-0.145046,0.630870,-0.448057,-0.616612
40306721,-0.141907,0.630423,-0.447023,-0.618546
40315054,-0.139765,0.628758,-0.447123,-0.620653
40323387,-0.137519,0.626978,-0.448122,-0.622233
40331720,-0.134612,0.626878,-0.448789,-0.622489
40340053,-0.130895,0.626706,-0.448831,-0.623423
40348386,-0.127798,0.627063,-0.446759,-0.625193
40356719,-0.124997,0.624964,-0.444394,-0.629532
40365052,-0.121219,0.625478,-0.444555,-0.629646
40373385,-0.117713,0.626037,-0.443368,-0.630592
40381718,-0.115559,0.626319,-0.443327,-0.630739
40390051,-0.113045,0.625212,-0.443590,-0.632106
40398384,-0.110942,0.625056,-0.442001,-0.633745
40406717,-0.107897,0.625194,-0.442656,-0.633677
40415050,-0.106217,0.626301,-0.441325,-0.633796
40423383,-0.104530,0.625328,-0.441250,-0.635088
40431716,-0.103375,0.625387,-0.440192,-0.635952
40440049,-0.100529,0.625606,-0.439997,-0.636328
40448382,-0.098743,0.626973,-0.438193,-0.636507
40456715,-0.096951,0.627101,-0.437342,-0.637241
40465048,-0.095905,0.627651,-0.436483,-0.637447
40473381,-0.095156,0.629669,-0.434548,-0.636891
40481714,-0.092128,0.629964,-0.432197,-0.638642
40490047,-0.090203,0.631509,-0.429668,-0.639097
40498380,-0.088204,0.635421,-0.427931,-0.636659
40506713,-0.087272,0.634886,-0.426096,-0.638550
40515046,-0.086150,0.636039,-0.426034,-0.637596
40523379,-0.085451,0.638181,-0.424615,-0.636494
40531712,-0.086050,0.639631,-0.422542,-0.636338
40540045,-0.085742,0.641545,-0.419941,-0.636175
40548378,-0.085140,0.643690,-0.417784,-0.635508
40556711,-0.085128,0.645339,-0.415674,-0.635221
40565044,-0.083105,0.647795,-0.413835,-0.634189
40573377,-0.083154,0.650284,-0.411989,-0.632835
40581710,-0.083898,0.652228,-0.410458,-0.631731
40590043,-0.084481,0.654217,-0.407444,-0.631548
40598376,-0.085020,0.656949,-0.405691,-0.629765
40606709,-0.084558,0.659388,-0.403463,-0.628709
40615042,-0.084164,0.662774,-0.400403,-0.627156
40623375,-0.083628,0.666446,-0.397382,-0.625254
40631708,-0.084238,0.668256,-0.394789,-0.624883
40640041,-0.084587,0.670424,-0.392474,-0.623972
40648374,-0.086980,0.672023,-0.388850,-0.624192
40656707,-0.087478,0.673399,-0.384989,-0.625032
40665040,-0.086940,0.677518,-0.381164,-0.622996
40673373,-0.087384,0.681472,-0.377615,-0.620780
40681706,-0.087958,0.683586,-0.374033,-0.620542
40690039,-0.089263,0.684837,-0.369224,-0.621855
40698372,-0.089866,0.688026,-0.366124,-0.620079
40706705,-0.091238,0.690751,-0.362244,-0.619127
40715038,-0.093279,0.692640,-0.358128,-0.619107
40723371,-0.092464,0.696866,-0.356187,-0.615596
40731704,-0.094071,0.698190,-0.351164,-0.616738
40740037,-0.095988,0.700446,-0.346190,-0.616696
40748370,-0.096452,0.702754,-0.341561,-0.616579
40756703,-0.095543,0.705379,-0.337577,-0.615918
40765036,-0.095508,0.707958,-0.334133,-0.614841
40773369,-0.095588,0.712081,-0.332619,-0.610875
40781702,-0.096035,0.713221,-0.327263,-0.612366
40790035,-0.095807,0.715410,-0.321557,-0.612871
40798368,-0.097395,0.715812,-0.318186,-0.613910
40806701,-0.097472,0.719345,-0.313579,-0.612136
40815034,-0.098515,0.721697,-0.309527,-0.611262
40823367,-0.099597,0.723316,-0.303871,-0.612011
40831700,-0.098829,0.726151,-0.299884,-0.610743
40840033,-0.098170,0.728574,-0.297117,-0.609314
40848366,-0.097954,0.729006,-0.294011,-0.610339
40856699,-0.098661,0.729078,-0.290972,-0.611593
40865032,-0.100234,0.729987,-0.286496,-0.612366
40873365,-0.100662,0.731318,-0.283059,-0.612305
40881698,-0.099924,0.732510,-0.280200,-0.612318
40890031,-0.098454,0.733817,-0.277091,-0.612406
40898364,-0.097889,0.734296,-0.274691,-0.613002
40906697,-0.097351,0.734614,-0.272491,-0.613689
40915030,-0.096693,0.735495,-0.271717,-0.613080
40923363,-0.095260,0.736222,-0.268981,-0.613638
40931696,-0.094698,0.736906,-0.267511,-0.613547
40940029,-0.093037,0.736555,-0.267677,-0.614150
40948362,-0.090499,0.737479,-0.266186,-0.614068
40956695,-0.090384,0.736746,-0.263994,-0.615908
40965028,-0.087885,0.736978,-0.262418,-0.616666
40973361,-0.087018,0.737112,-0.261489,-0.617023
40981694,-0.086125,0.735847,-0.260001,-0.619283
40990027,-0.082716,0.735496,-0.260132,-0.620109
40998360,-0.081359,0.735719,-0.259552,-0.620267
41006693,-0.079236,0.736210,-0.258279,-0.620491
41015026,-0.077793,0.735644,-0.257187,-0.621797
41023359,-0.076087,0.734865,-0.256956,-0.623023
41031692,-0.073555,0.735220,-0.255835,-0.623370
41040025,-0.073470,0.733546,-0.256256,-0.625176
41048358,-0.072297,0.732068,-0.256168,-0.627078
41056691,-0.070341,0.731896,-0.255811,-0.627647
41065024,-0.068823,0.732073,-0.255317,-0.627811
41073357,-0.066830,0.731809,-0.255074,-0.628432
41081690,-0.065796,0.730179,-0.256275,-0.629946
41090023,-0.063956,0.729428,-0.256466,-0.630928
41098356,-0.061694,0.728929,-0.257111,-0.631467
41106689,-0.060105,0.727774,-0.257436,-0.632818
41115022,-0.058040,0.726774,-0.258292,-0.633810
41123355,-0.056907,0.726179,-0.260349,-0.633754
41131688,-0.056194,0.724822,-0.260520,-0.635299
41140021,-0.055385,0.723081,-0.261893,-0.636788
41148354,-0.052569,0.724078,-0.263834,-0.635090
41156687,-0.052333,0.721683,-0.266955,-0.636530
41165020,-0.051060,0.721097,-0.268880,-0.636487
41173353,-0.048897,0.720368,-0.270603,-0.636752
41181686,-0.046633,0.719567,-0.272313,-0.637099
41190019,-0.044679,0.717290,-0.275002,-0.638649
41198352,-0.043392,0.716010,-0.276900,-0.639354
41206685,-0.041584,0.715020,-0.279414,-0.639488
41215018,-0.039966,0.714339,-0.281118,-0.639605
41223351,-0.036725,0.713466,-0.282891,-0.639992
41231684,-0.035411,0.715083,-0.286689,-0.636562
41240017,-0.033901,0.713917,-0.290942,-0.636023
41248350,-0.033716,0.712694,-0.293700,-0.636137
41256683,-0.030890,0.712527,-0.295362,-0.635698
41265016,-0.029045,0.711019,-0.297397,-0.636524
41273349,-0.028606,0.708827,-0.299579,-0.637964
41281682,-0.025497,0.710260,-0.300417,-0.636105
41290015,-0.023552,0.710629,-0.302191,-0.634927
41298348,-0.022023,0.710111,-0.304120,-0.634641
41306681,-0.020814,0.709762,-0.305352,-0.634480
41315014,-0.019911,0.706816,-0.304628,-0.638135
41323347,-0.017341,0.708661,-0.306855,-0.635089
41331680,-0.014004,0.711378,-0.306918,-0.632098
41340013,-0.012794,0.711715,-0.307461,-0.631479
41348346,-0.011264,0.711718,-0.306471,-0.631986
41356679,-0.010711,0.710890,-0.306792,-0.632771
41365012,-0.009559,0.712000,-0.307103,-0.631389
41373345,-0.008571,0.713295,-0.306560,-0.630204
41381678,-0.008220,0.713377,-0.306604,-0.630095
41390011,-0.006715,0.714882,-0.305813,-0.628790
41398344,-0.006840,0.715502,-0.306231,-0.627879
41406677,-0.006536,0.716214,-0.306337,-0.627019
41415010,-0.006468,0.715917,-0.306042,-0.627503
41423343,-0.007690,0.715896,-0.306471,-0.627303
41431676,-0.009790,0.715038,-0.306403,-0.628285
41440009,-0.010118,0.715649,-0.306703,-0.627437
41448342,-0.010147,0.715546,-0.308173,-0.626833
41456675,-0.011710,0.716830,-0.308252,-0.625298
41465008,-0.012812,0.717008,-0.307320,-0.625532
41473341,-0.013834,0.717993,-0.307108,-0.624483
41481674,-0.013874,0.719717,-0.306493,-0.622798
41490007,-0.017778,0.719158,-0.307114,-0.623038
41498340,-0.019193,0.720557,-0.306507,-0.621678
41506673,-0.020114,0.721802,-0.306794,-0.620060
41515006,-0.022867,0.721622,-0.306511,-0.620315
41523339,-0.026087,0.721604,-0.305983,-0.620469
41531672,-0.027451,0.721826,-0.306122,-0.620084
41540005,-0.029099,0.724318,-0.305228,-0.617538
41548338,-0.030882,0.725005,-0.304249,-0.617127
41556671,-0.031792,0.724282,-0.304186,-0.617961
41565004,-0.034762,0.724720,-0.303489,-0.617630
41573337,-0.037017,0.724047,-0.302448,-0.618798
41581670,-0.039042,0.724085,-0.302454,-0.618627
41590003,-0.041533,0.725885,-0.300472,-0.617319
41598336,-0.043771,0.726040,-0.300507,-0.616965
41606669,-0.046303,0.726701,-0.300398,-0.616054
41615002,-0.047462,0.728045,-0.298375,-0.615362
41623335,-0.049259,0.728612,-0.296881,-0.615272
41631668,-0.051018,0.729671,-0.297346,-0.613647
41640001,-0.052993,0.730650,-0.295413,-0.613248
41648334,-0.055680,0.730563,-0.293968,-0.613808
41656667,-0.058807,0.731765,-0.293517,-0.612298
41665000,-0.061784,0.731398,-0.293072,-0.612657
41673333,-0.063239,0.731732,-0.290803,-0.613190
41681666,-0.064957,0.731050,-0.288729,-0.614802
41689999,-0.066741,0.731479,-0.286938,-0.614940
41698332,-0.067488,0.733712,-0.286689,-0.612308
41706665,-0.068586,0.734277,-0.286787,-0.611462
41714998,-0.070742,0.734948,-0.286323,-0.610627
41723331,-0.073285,0.735230,-0.284610,-0.610789
41731664,-0.075036,0.734294,-0.282774,-0.612552
41739997,-0.076111,0.735348,-0.281965,-0.611527
41748330,-0.078121,0.736118,-0.280323,-0.611102
41756663,-0.080013,0.736243,-0.279924,-0.610890
41764996,-0.080486,0.735726,-0.279842,-0.611489
41773329,-0.083340,0.736081,-0.278209,-0.611424
41781662,-0.084894,0.735743,-0.276623,-0.612336
41789995,-0.084783,0.736491,-0.276927,-0.611314
41798328,-0.086272,0.735679,-0.277152,-0.611980
41806661,-0.088406,0.735003,-0.276711,-0.612688
41814994,-0.091302,0.734111,-0.276508,-0.613423
41823327,-0.091802,0.733819,-0.276545,-0.613681
41831660,-0.092155,0.733788,-0.276015,-0.613905
41839993,-0.092412,0.733937,-0.276832,-0.613319
41848326,-0.092558,0.733328,-0.276575,-0.614141
41856659,-0.094702,0.732589,-0.276268,-0.614834
41864992,-0.097249,0.730708,-0.275391,-0.617064
41873325,-0.098115,0.731142,-0.275741,-0.616256
41881658,-0.098162,0.730895,-0.276991,-0.615980
41889991,-0.098360,0.729877,-0.277534,-0.616912
41898324,-0.099202,0.729202,-0.278809,-0.617000
41906657,-0.098733,0.730722,-0.280327,-0.614584
41914990,-0.097769,0.731077,-0.280773,-0.614112
41923323,-0.096392,0.730489,-0.280464,-0.615170
41931656,-0.096613,0.730240,-0.279584,-0.615831
41939989,-0.096914,0.729693,-0.280229,-0.616139
41948322,-0.097360,0.729055,-0.280101,-0.616882
41956655,-0.097218,0.728856,-0.280217,-0.617086
41964988,-0.096682,0.727918,-0.278883,-0.618880
41973321,-0.096105,0.727720,-0.278074,-0.619566
41981654,-0.095434,0.726826,-0.278243,-0.620642
41989987,-0.094932,0.725447,-0.278364,-0.622276
41998320,-0.094912,0.725463,-0.278363,-0.622261
42006653,-0.094315,0.725646,-0.278366,-0.622137
42014986,-0.094258,0.725578,-0.279489,-0.621722
42023319,-0.093835,0.724840,-0.280520,-0.622182
42031652,-0.091909,0.725018,-0.282120,-0.621539
42039985,-0.090772,0.725527,-0.282938,-0.620739
42048318,-0.090403,0.725087,-0.283555,-0.621026
42056651,-0.090734,0.725154,-0.283549,-0.620902
42064984,-0.088290,0.724589,-0.283622,-0.621880
42073317,-0.085910,0.724283,-0.285155,-0.621868
42081650,-0.085926,0.723527,-0.285422,-0.622623
42089983,-0.085682,0.723750,-0.284935,-0.622621
42098316,-0.083014,0.724575,-0.285674,-0.621684
42106649,-0.081907,0.724200,-0.287448,-0.621450
42114982,-0.080685,0.724413,-0.288157,-0.621032
42123315,-0.080316,0.724482,-0.287924,-0.621108
42131648,-0.078354,0.724592,-0.288512,-0.620957
42139981,-0.076863,0.723771,-0.288532,-0.622091
42148314,-0.075879,0.723473,-0.289055,-0.622315
42156647,-0.075457,0.723041,-0.287494,-0.623591
42164980,-0.074342,0.723455,-0.288526,-0.622767
42173313,-0.073793,0.723037,-0.289397,-0.622913
42181646,-0.072119,0.722896,-0.289043,-0.623438
42189979,-0.070030,0.723007,-0.289000,-0.623567
42198312,-0.069219,0.723525,-0.289635,-0.622762
42206645,-0.069241,0.723129,-0.289785,-0.623150
42214978,-0.066919,0.724175,-0.289774,-0.622192
42223311,-0.066231,0.723609,-0.291367,-0.622181
42231644,-0.066036,0.723126,-0.291536,-0.622683
42239977,-0.062433,0.724766,-0.291697,-0.621070
42248310,-0.062384,0.725074,-0.292784,-0.620204
42256643,-0.062646,0.725222,-0.293361,-0.619732
42264976,-0.063430,0.723854,-0.294093,-0.620903
42273309,-0.063678,0.722785,-0.293567,-0.622371
42281642,-0.064262,0.722566,-0.293756,-0.622476
42289975,-0.064398,0.721810,-0.293887,-0.623277
42298308,-0.063520,0.722611,-0.294386,-0.622202
42306641,-0.062551,0.722851,-0.294202,-0.622109
42314974,-0.063989,0.721425,-0.294832,-0.623318
42323307,-0.064342,0.722766,-0.294741,-0.621769
42331640,-0.064511,0.722695,-0.293717,-0.622319
42339973,-0.064725,0.722131,-0.292584,-0.623484
42348306,-0.063844,0.723714,-0.292869,-0.621603
42356639,-0.063906,0.723981,-0.293202,-0.621128
42364972,-0.064567,0.724298,-0.293236,-0.620674
42373305,-0.065404,0.724328,-0.293340,-0.620502
42381638,-0.066590,0.723783,-0.293457,-0.620956
42389971,-0.068136,0.723704,-0.294391,-0.620439
42398304,-0.068226,0.724390,-0.294158,-0.619738
42406637,-0.068965,0.723165,-0.292848,-0.621705
42414970,-0.067791,0.724628,-0.293944,-0.619609
42423303,-0.066845,0.725544,-0.293482,-0.618858
42431636,-0.066800,0.726245,-0.293287,-0.618133
42439969,-0.067775,0.726058,-0.294073,-0.617874
42448302,-0.069852,0.724334,-0.293922,-0.619734
42456635,-0.071012,0.723264,-0.293372,-0.621111
42464968,-0.072726,0.721765,-0.294108,-0.622308
42473301,-0.073746,0.721212,-0.293784,-0.622981
42481634,-0.075410,0.721385,-0.293040,-0.622933
42489967,-0.076969,0.721121,-0.292921,-0.623103
42498300,-0.077804,0.720259,-0.291658,-0.624587
42506633,-0.079016,0.719784,-0.291042,-0.625270
42514966,-0.080246,0.719834,-0.291191,-0.624985
42523299,-0.081125,0.719970,-0.290655,-0.624965
42531632,-0.081614,0.721185,-0.291636,-0.623041
42539965,-0.083357,0.721203,-0.291791,-0.622717
42548298,-0.085866,0.720944,-0.290973,-0.623058
42556631,-0.087801,0.720992,-0.291089,-0.622678
42564964,-0.089683,0.720561,-0.292245,-0.622368
42573297,-0.091872,0.719975,-0.291686,-0.622989
42581630,-0.094362,0.719252,-0.292136,-0.623240
42589963,-0.096988,0.718142,-0.291802,-0.624273
42598296,-0.097001,0.718102,-0.291497,-0.624460
42606629,-0.098806,0.717075,-0.291007,-0.625584
42614962,-0.101018,0.716147,-0.291654,-0.625993
42623295,-0.101489,0.715312,-0.291605,-0.626893
42631628,-0.102076,0.714577,-0.291617,-0.627630
42639961,-0.101547,0.716218,-0.289824,-0.626676
42648294,-0.103585,0.716089,-0.289579,-0.626603
42656627,-0.105476,0.715798,-0.289556,-0.626630
42664960,-0.106146,0.715583,-0.288753,-0.627133
42673293,-0.107410,0.714962,-0.288266,-0.627849
42681626,-0.109837,0.713113,-0.286283,-0.630434
42689959,-0.111571,0.712235,-0.286969,-0.630810
42698292,-0.112461,0.712803,-0.286599,-0.630179
42706625,-0.112469,0.713841,-0.287855,-0.628428
42714958,-0.115551,0.712277,-0.288645,-0.629280
42723291,-0.115033,0.712612,-0.288149,-0.629223
42731624,-0.115077,0.712438,-0.286895,-0.629985
42739957,-0.115519,0.711556,-0.287623,-0.630568
42748290,-0.115693,0.711817,-0.288084,-0.630031
42756623,-0.116995,0.710605,-0.287248,-0.631539
42764956,-0.119838,0.707452,-0.286959,-0.634669
42773289,-0.117944,0.707836,-0.287863,-0.634186
42781622,-0.119029,0.707269,-0.288198,-0.634464
42789955,-0.120024,0.705680,-0.287724,-0.636258
42798288,-0.118229,0.707668,-0.289877,-0.633403
42806621,-0.118826,0.706166,-0.291653,-0.634152
42814954,-0.118906,0.705231,-0.292050,-0.634994
42823287,-0.119347,0.704892,-0.292613,-0.635029
42831620,-0.117992,0.704460,-0.292762,-0.635692
42839953,-0.119417,0.702130,-0.293406,-0.637704
42848286,-0.119879,0.701916,-0.296686,-0.636333
42856619,-0.120212,0.700661,-0.297898,-0.637087
42864952,-0.121934,0.697898,-0.298464,-0.639522
42873285,-0.121224,0.697844,-0.301230,-0.638419
42881618,-0.120719,0.697540,-0.301490,-0.638724
42889951,-0.119925,0.696553,-0.303792,-0.638860
42898284,-0.118799,0.696608,-0.303647,-0.639080
42906617,-0.116712,0.696466,-0.304742,-0.639098
42914950,-0.117691,0.695135,-0.307287,-0.639148
42923283,-0.118142,0.693349,-0.307721,-0.640794
42931616,-0.117647,0.692135,-0.309281,-0.641446
42939949,-0.116349,0.691314,-0.310562,-0.641950
42948282,-0.114177,0.691452,-0.310234,-0.642349
42956615,-0.112926,0.690003,-0.311589,-0.643471
42964948,-0.112178,0.689388,-0.312739,-0.643704
42973281,-0.111457,0.687780,-0.314866,-0.644512
42981614,-0.110601,0.686509,-0.316164,-0.645378
42989947,-0.108750,0.686659,-0.317503,-0.644876
42998280,-0.106988,0.686381,-0.317504,-0.645466
43006613,-0.106512,0.684483,-0.319417,-0.646615
43014946,-0.104788,0.684548,-0.319767,-0.646655
43023279,-0.103253,0.683882,-0.321804,-0.646596
43031612,-0.101389,0.682107,-0.323032,-0.648152
43039945,-0.099930,0.681972,-0.323009,-0.648531
43048278,-0.098264,0.681574,-0.322669,-0.649373
43056611,-0.097354,0.680706,-0.323535,-0.649990
43064944,-0.094915,0.680117,-0.323779,-0.650845
43073277,-0.092808,0.679289,-0.323286,-0.652257
43081610,-0.090599,0.677976,-0.322880,-0.654132
43089943,-0.089035,0.676724,-0.322906,-0.655629
43098276,-0.086926,0.677022,-0.323160,-0.655479
43106609,-0.085599,0.675559,-0.322560,-0.657456
43114942,-0.084190,0.675114,-0.322088,-0.658326
43123275,-0.080371,0.676188,-0.323289,-0.657110
43131608,-0.077642,0.677390,-0.320846,-0.657398
43139941,-0.075696,0.676647,-0.320581,-0.658519
43148274,-0.074051,0.676281,-0.319981,-0.659373
43156607,-0.072424,0.676528,-0.318679,-0.659930
43164940,-0.069567,0.676538,-0.316226,-0.661406
43173273,-0.068461,0.676743,-0.314427,-0.662169
43181606,-0.065494,0.678508,-0.314024,-0.660853
43189939,-0.063574,0.678508,-0.311976,-0.662010
43198272,-0.061629,0.678232,-0.310850,-0.663004
43206605,-0.060738,0.678681,-0.308053,-0.663933
43214938,-0.058730,0.679029,-0.305865,-0.664769
43223271,-0.056400,0.680187,-0.304067,-0.664611
43231604,-0.053629,0.681158,-0.301412,-0.665055
43239937,-0.050496,0.683740,-0.299929,-0.663319
43248270,-0.049114,0.683326,-0.297749,-0.664830
43256603,-0.048102,0.683474,-0.295144,-0.665912
43264936,-0.046831,0.684567,-0.293162,-0.665755
43273269,-0.045946,0.684639,-0.291006,-0.666689
43281602,-0.044051,0.685406,-0.288265,-0.667219
43289935,-0.043092,0.685943,-0.286159,-0.667636
43298268,-0.041228,0.687140,-0.284159,-0.667378
43306601,-0.039247,0.689595,-0.280821,-0.666377
43314934,-0.038117,0.689820,-0.278892,-0.667019
43323267,-0.037714,0.690562,-0.276645,-0.667211
43331600,-0.035268,0.691758,-0.272610,-0.667765
43339933,-0.034362,0.693693,-0.269089,-0.667234
43348266,-0.032705,0.694329,-0.266537,-0.667679
43356599,-0.031607,0.695519,-0.263220,-0.667810
43364932,-0.028914,0.697026,-0.259431,-0.667843
43373265,-0.026897,0.699141,-0.255339,-0.667294
43381598,-0.024356,0.700809,-0.252064,-0.666886
43389931,-0.023114,0.700605,-0.248734,-0.668393
43398264,-0.021781,0.702780,-0.244973,-0.667543
43406597,-0.018359,0.703677,-0.240502,-0.668327
43414930,-0.015834,0.705789,-0.236120,-0.667726
43423263,-0.012905,0.708812,-0.231973,-0.666038
43431596,-0.010464,0.710236,-0.227367,-0.666153
43439929,-0.008399,0.711337,-0.221452,-0.667000
43448262,-0.006130,0.712673,-0.216508,-0.667221
43456595,-0.002956,0.715285,-0.211719,-0.665984
43464928,0.000444,0.717537,-0.205513,-0.665511
43473261,0.004821,0.721299,-0.201654,-0.662601
43481594,0.007405,0.723517,-0.197218,-0.661493
43489927,0.010968,0.726020,-0.191042,-0.660514
43498260,0.014155,0.727091,-0.185739,-0.660786
43506593,0.016874,0.727210,-0.179696,-0.662262
43514926,0.018855,0.729993,-0.175283,-0.660326
43523259,0.022834,0.733402,-0.170656,-0.657629
43531592,0.024137,0.733458,-0.165366,-0.658871
43539925,0.028114,0.735485,-0.159042,-0.658010
43548258,0.032215,0.737540,-0.153175,-0.656912
43556591,0.036140,0.738054,-0.148441,-0.657218
43564924,0.039762,0.740611,-0.142560,-0.655432
43573257,0.043580,0.742989,-0.136111,-0.653867
43581590,0.048658,0.745642,-0.130947,-0.651539
43589923,0.053162,0.748895,-0.124405,-0.648732
43598256,0.056618,0.750383,-0.118052,-0.647907
43606589,0.060286,0.751171,-0.111841,-0.647765
43614922,0.064398,0.753249,-0.106835,-0.645798
43623255,0.069960,0.755911,-0.101467,-0.642969
43631588,0.074002,0.756096,-0.091928,-0.643733
43639921,0.078467,0.757665,-0.086582,-0.642098
43648254,0.082819,0.758640,-0.080413,-0.641202
43656587,0.088394,0.762045,-0.072867,-0.637310
43664920,0.093387,0.762510,-0.066365,-0.636752
43673253,0.100443,0.762934,-0.060262,-0.635777
43681586,0.105329,0.763028,-0.052395,-0.635570
43689919,0.110925,0.763968,-0.045432,-0.634023
43698252,0.115557,0.763136,-0.037900,-0.634692
43706585,0.121243,0.764068,-0.031238,-0.632869
43714918,0.127114,0.764512,-0.023599,-0.631511
43723251,0.133292,0.765693,-0.018457,-0.628973
43731584,0.139333,0.767578,-0.012348,-0.625507
43739917,0.144717,0.766555,-0.005794,-0.625633
43748250,0.150817,0.766361,0.000436,-0.624456
43756583,0.156116,0.767120,0.004989,-0.622197
43764916,0.162076,0.766861,0.009735,-0.620935
43773249,0.170537,0.767659,0.014079,-0.617591
43781582,0.176372,0.766010,0.018790,-0.617875
43789915,0.181608,0.766296,0.024758,-0.615789
43798248,0.187491,0.765821,0.028916,-0.614434
43806581,0.193451,0.765549,0.032126,-0.612763
43814914,0.197650,0.764681,0.035055,-0.612346
43823247,0.201889,0.763710,0.037995,-0.612001
43831580,0.207470,0.764881,0.038492,-0.608631
43839913,0.211286,0.763417,0.041608,-0.608952
43848246,0.215411,0.763104,0.044532,-0.607690
43856579,0.218715,0.763984,0.046106,-0.605282
43864912,0.222113,0.764732,0.046708,-0.603049
43873245,0.226336,0.765441,0.048867,-0.600403
43881578,0.228635,0.765078,0.049731,-0.599923
43889911,0.230855,0.765416,0.049576,-0.598654
43898244,0.234889,0.766003,0.050932,-0.596215
43906577,0.238726,0.765186,0.053687,-0.595498
43914910,0.241852,0.764894,0.055641,-0.594432
43923243,0.244834,0.765183,0.057285,-0.592680
43931576,0.249223,0.765713,0.058352,-0.590057
43939909,0.252498,0.765462,0.062875,-0.588523
43948242,0.255725,0.765283,0.066229,-0.586992
43956575,0.259928,0.763437,0.070897,-0.587005
43964908,0.265174,0.765261,0.072646,-0.582049
43973241,0.269664,0.763698,0.077038,-0.581473
43981574,0.272806,0.762447,0.084013,-0.580683
43989907,0.278023,0.761714,0.088946,-0.578432
43998240,0.280695,0.759058,0.094314,-0.579782
44006573,0.284623,0.756530,0.099089,-0.580374
44014906,0.290278,0.757741,0.103762,-0.575153
44023239,0.293475,0.756177,0.108795,-0.574659
44031572,0.296677,0.754909,0.115031,-0.573466
44039905,0.300489,0.755991,0.116756,-0.569695
44048238,0.302980,0.755315,0.122266,-0.568114
44056571,0.306648,0.752048,0.127176,-0.569400
44064904,0.308447,0.752826,0.131765,-0.566350
44073237,0.312039,0.753612,0.133546,-0.562909
44081570,0.314322,0.753731,0.137745,-0.560462
44089903,0.317884,0.752545,0.142238,-0.558923
44098236,0.320934,0.752119,0.145921,-0.556799
44106569,0.324203,0.750846,0.151148,-0.555227
44114902,0.327298,0.750830,0.154713,-0.552443
44123235,0.330388,0.749374,0.158128,-0.551614
44131568,0.333277,0.748111,0.161830,-0.550516
44139901,0.337042,0.748234,0.166120,-0.546766
44148234,0.339347,0.748871,0.171309,-0.542853
44156567,0.343272,0.745853,0.174214,-0.543615
44164900,0.348183,0.738776,0.177602,-0.549033
44173233,0.350944,0.734871,0.180049,-0.551712
44181566,0.352724,0.733221,0.185623,-0.550923
44189899,0.355855,0.732677,0.189851,-0.548187
44198232,0.360321,0.734354,0.190521,-0.542766
44206565,0.363333,0.734264,0.195223,-0.539198
44214898,0.365238,0.733582,0.197238,-0.538104
44223231,0.369220,0.732895,0.197809,-0.536110
44231564,0.372095,0.732611,0.199635,-0.533829
44239897,0.374223,0.732609,0.203372,-0.530924
44248230,0.376676,0.732471,0.205151,-0.528691
44256563,0.378704,0.731992,0.206550,-0.527359
44264896,0.379590,0.731392,0.209918,-0.526224
44273229,0.381015,0.731327,0.213576,-0.523807
44281562,0.383785,0.729561,0.215058,-0.523641
44289895,0.386421,0.727860,0.217400,-0.523103
44298228,0.387031,0.728059,0.222024,-0.520425
44306561,0.389598,0.727169,0.223971,-0.518918
44314894,0.392266,0.726807,0.226387,-0.516360
44323227,0.394235,0.726356,0.228725,-0.514461
44331560,0.396331,0.726439,0.232412,-0.511071
44339893,0.397917,0.724848,0.236268,-0.510329
44348226,0.399168,0.724342,0.239589,-0.508519
44356559,0.401108,0.723450,0.242467,-0.506894
44364892,0.402777,0.722974,0.246204,-0.504444
44373225,0.404958,0.722119,0.248674,-0.502707
44381558,0.406842,0.720808,0.252387,-0.501214
44389891,0.408484,0.720174,0.256175,-0.498864
44398224,0.409778,0.720970,0.259403,-0.494969
44406557,0.411470,0.720373,0.263614,-0.492201
44414890,0.413761,0.718806,0.266920,-0.490788
44423223,0.416068,0.717513,0.269878,-0.489109
44431556,0.417940,0.716589,0.272797,-0.487246
44439889,0.418992,0.714532,0.278611,-0.486072
44448222,0.421739,0.713573,0.280631,-0.483937
44456555,0.424143,0.712274,0.283706,-0.481953
44464888,0.425934,0.711691,0.286207,-0.479752
44473221,0.427545,0.710617,0.288576,-0.478490
44481554,0.429670,0.708933,0.290858,-0.477701
44489887,0.431377,0.707637,0.293612,-0.476398
44498220,0.434210,0.704060,0.295611,-0.477886
44506553,0.435190,0.704236,0.297577,-0.475509
44514886,0.436199,0.704186,0.298986,-0.473772
44523219,0.437481,0.703698,0.299967,-0.472693
44531552,0.439916,0.702668,0.298454,-0.472925
44539885,0.440230,0.702773,0.300193,-0.471372
44548218,0.440569,0.702696,0.300856,-0.470747
44556551,0.441328,0.702865,0.299610,-0.470579
44564884,0.441867,0.703214,0.298384,-0.470331
44573217,0.441776,0.703991,0.297239,-0.469979
44581550,0.441374,0.705495,0.295220,-0.469372
44589883,0.440805,0.706450,0.293458,-0.469576
44598216,0.440319,0.707421,0.291204,-0.469973
44606549,0.439500,0.709077,0.289087,-0.469552
44614882,0.438128,0.711256,0.286775,-0.468956
44623215,0.437557,0.712443,0.284548,-0.469042
44631548,0.436821,0.713673,0.283235,-0.468653
44639881,0.435762,0.714969,0.281025,-0.468995
44648214,0.434099,0.717082,0.279606,-0.468158
44656547,0.434397,0.717934,0.276667,-0.468322
44664880,0.432853,0.719194,0.275840,-0.468306
44673213,0.431242,0.720124,0.275299,-0.468682
44681546,0.430225,0.721207,0.276141,-0.467454
44689879,0.429269,0.721589,0.275149,-0.468327
44698212,0.427705,0.722459,0.273994,-0.469094
44706545,0.427445,0.722346,0.275067,-0.468876
44714878,0.426082,0.723024,0.275241,-0.468970
44723211,0.425400,0.723085,0.276816,-0.468568
44731544,0.424312,0.722653,0.277987,-0.469527
44739877,0.423046,0.722718,0.278941,-0.470003
44748210,0.423144,0.722462,0.280061,-0.469641
44756543,0.421592,0.722474,0.282162,-0.469761
44764876,0.420766,0.722148,0.283644,-0.470111
44773209,0.419193,0.721990,0.284060,-0.471505
44781542,0.418318,0.721304,0.286383,-0.471928
44789875,0.417919,0.720500,0.287512,-0.472822
44798208,0.416261,0.720485,0.289016,-0.473389
44806541,0.416010,0.719295,0.289345,-0.475216
44814874,0.414040,0.718935,0.292198,-0.475734
44823207,0.413549,0.719537,0.291926,-0.475419
44831540,0.412180,0.718635,0.293826,-0.476799
44839873,0.412508,0.717784,0.295007,-0.477069
44848206,0.410601,0.717159,0.297837,-0.477894
44856539,0.410092,0.716226,0.299326,-0.478799
44864872,0.408831,0.715525,0.301169,-0.479769
44873205,0.408731,0.715171,0.303389,-0.478983
44881538,0.407444,0.714204,0.305330,-0.480287
44889871,0.406766,0.713107,0.306500,-0.481744
44898204,0.405916,0.711930,0.308226,-0.483099
44906537,0.404277,0.711605,0.308862,-0.484543
44914870,0.403790,0.710863,0.309790,-0.485446
44923203,0.403152,0.710038,0.311079,-0.486358
44931536,0.401901,0.709828,0.311510,-0.487423
44939869,0.399205,0.709473,0.313831,-0.488665
44948202,0.397352,0.709327,0.314905,-0.489696
44956535,0.398454,0.708500,0.314328,-0.490368
44964868,0.398401,0.707754,0.313711,-0.491881
44973201,0.397062,0.707160,0.314438,-0.493351
44981534,0.396733,0.706604,0.313971,-0.494708
44989867,0.396234,0.706532,0.313340,-0.495610
44998200,0.395656,0.706407,0.313047,-0.496434
45006533,0.394943,0.706320,0.312267,-0.497616
45014866,0.394139,0.706287,0.312122,-0.498390
45023199,0.393547,0.706523,0.311145,-0.499134
45031532,0.392443,0.706220,0.311672,-0.500102
45039865,0.391652,0.706239,0.311786,-0.500625
45048198,0.391082,0.706340,0.311032,-0.501396
45056531,0.391580,0.705929,0.311373,-0.501374
45064864,0.391409,0.706381,0.309963,-0.501745
45073197,0.392152,0.706879,0.307247,-0.502134
45081530,0.392406,0.706981,0.305371,-0.502935
45089863,0.392207,0.707553,0.304178,-0.503010
45098196,0.392104,0.707953,0.303106,-0.503174
45106529,0.392058,0.708374,0.301855,-0.503369
45114862,0.392211,0.708353,0.300125,-0.504313
45123195,0.392533,0.708493,0.298963,-0.504555
45131528,0.392914,0.708714,0.297695,-0.504699
45139861,0.392919,0.709128,0.297325,-0.504331
45148194,0.393339,0.709198,0.296037,-0.504664
45156527,0.393416,0.709690,0.295303,-0.504341
45164860,0.393748,0.709981,0.294288,-0.504266
45173193,0.394060,0.710639,0.292622,-0.504064
45181526,0.394029,0.711573,0.290548,-0.503971
45189859,0.394434,0.711905,0.289084,-0.504027
45198192,0.394946,0.712657,0.289069,-0.502571
45206525,0.395009,0.712658,0.289329,-0.502370
45214858,0.395085,0.712256,0.288742,-0.503217
45223191,0.395721,0.712437,0.287071,-0.503417
45231524,0.396451,0.712411,0.285621,-0.503704
45239857,0.397401,0.712751,0.284556,-0.503078
45248190,0.399409,0.712437,0.284094,-0.502192
45256523,0.399298,0.712926,0.282475,-0.502499
45264856,0.398612,0.713499,0.282814,-0.502040
45273189,0.398848,0.714136,0.282395,-0.501182
45281522,0.399261,0.714777,0.281519,-0.500431
45289855,0.400667,0.715036,0.279524,-0.500056
45298188,0.401198,0.715343,0.278209,-0.499924
45306521,0.400869,0.715269,0.278333,-0.500225
45314854,0.401907,0.715457,0.277529,-0.499569
45323187,0.402835,0.715372,0.277052,-0.499208
45331520,0.402645,0.715687,0.276386,-0.499279
45339853,0.402483,0.716644,0.276327,-0.498067
45348186,0.404004,0.716442,0.274857,-0.497942
45356519,0.404791,0.714927,0.274293,-0.499786
45364852,0.404565,0.714662,0.275681,-0.499585
45373185,0.403951,0.716147,0.276185,-0.497674
45381518,0.403711,0.717455,0.275664,-0.496271
45389851,0.403637,0.718263,0.274176,-0.495987
45398184,0.403170,0.719846,0.273247,-0.494582
45406517,0.403658,0.718982,0.273133,-0.495503
45414850,0.403978,0.719265,0.273273,-0.494754
45423183,0.403849,0.718475,0.273916,-0.495651
45431516,0.403549,0.718639,0.274783,-0.495176
45439849,0.403231,0.718777,0.275699,-0.494727
45448182,0.403020,0.719066,0.276668,-0.493938
45456515,0.402891,0.718927,0.276872,-0.494131
45464848,0.402561,0.719273,0.277463,-0.493564
45473181,0.402303,0.719318,0.278002,-0.493405
45481514,0.402269,0.719176,0.278439,-0.493394
45489847,0.402099,0.719033,0.278844,-0.493511
45498180,0.401833,0.718859,0.279716,-0.493489
45506513,0.401599,0.719042,0.280486,-0.492976
45514846,0.402182,0.719742,0.279547,-0.492011
45523179,0.402335,0.719228,0.279389,-0.492726
45531512,0.401663,0.718920,0.279853,-0.493462
45539845,0.401364,0.718614,0.280300,-0.493895
45548178,0.401170,0.718002,0.280979,-0.494557
45556511,0.400755,0.717878,0.281509,-0.494772
45564844,0.398115,0.717007,0.283683,-0.496920
45573177,0.397071,0.717006,0.285017,-0.496993
45581510,0.397908,0.717709,0.284669,-0.495506
45589843,0.397214,0.717640,0.285592,-0.495631
45598176,0.396705,0.716440,0.286322,-0.497351
45606509,0.396387,0.715862,0.287452,-0.497785
45614842,0.397091,0.715420,0.287340,-0.497924
45623175,0.396717,0.715125,0.287219,-0.498715
45631508,0.396259,0.714254,0.288317,-0.499693
45639841,0.396555,0.713598,0.291145,-0.498755
45648174,0.396944,0.712496,0.291597,-0.499757
45656507,0.395817,0.712095,0.290214,-0.502022
45664840,0.395250,0.711677,0.290003,-0.503181
45673173,0.394702,0.711707,0.290152,-0.503483
45681506,0.394274,0.711571,0.290378,-0.503879
45689839,0.394215,0.711407,0.290216,-0.504251
45698172,0.394073,0.711523,0.290473,-0.504051
45706505,0.393582,0.711634,0.290244,-0.504409
45714838,0.393237,0.711716,0.290197,-0.504589
45723171,0.393111,0.711714,0.289900,-0.504861
45731504,0.392854,0.711501,0.289801,-0.505418
45739837,0.392570,0.711281,0.289936,-0.505871
45748170,0.392520,0.711185,0.289621,-0.506225
45756503,0.392696,0.711137,0.289580,-0.506180
45764836,0.393452,0.710595,0.290278,-0.505954
45773169,0.392973,0.710753,0.289939,-0.506298
45781502,0.392987,0.710663,0.289501,-0.506663
45789835,0.392848,0.710565,0.289489,-0.506917
45798168,0.392805,0.710367,0.289220,-0.507380
45806501,0.392401,0.710883,0.289168,-0.507001
45814834,0.392888,0.709182,0.288791,-0.509216
45823167,0.393153,0.708569,0.288130,-0.510237
45831500,0.392507,0.710525,0.288075,-0.508041
45839833,0.392052,0.711474,0.287740,-0.507254
45848166,0.392205,0.711385,0.287412,-0.507445
45856499,0.392112,0.711638,0.287802,-0.506941
45864832,0.392235,0.711798,0.287651,-0.506707
45873165,0.392406,0.711946,0.287577,-0.506408
45881498,0.392216,0.712575,0.287256,-0.505853
45889831,0.392034,0.713287,0.286812,-0.505242
45898164,0.391887,0.713620,0.286107,-0.505287
45906497,0.391743,0.714020,0.285679,-0.505075
45914830,0.391835,0.714277,0.285165,-0.504931
45923163,0.391168,0.713646,0.285676,-0.506050
45931496,0.391409,0.713113,0.284767,-0.507126
45939829,0.391651,0.712804,0.284573,-0.507483
45948162,0.392604,0.712918,0.283618,-0.507121
45956495,0.391789,0.712551,0.284350,-0.507855
45964828,0.391389,0.712394,0.284853,-0.508103
45973161,0.391759,0.711176,0.284876,-0.509509
45981494,0.392342,0.710010,0.284460,-0.510917
45989827,0.391786,0.712081,0.283709,-0.508875
45998160,0.391994,0.711372,0.283465,-0.509842
46006493,0.391990,0.711237,0.283366,-0.510088
46014826,0.391848,0.711482,0.283310,-0.509886
46023159,0.391397,0.711573,0.283722,-0.509876
46031492,0.391604,0.711761,0.283569,-0.509540
46039825,0.391391,0.713128,0.283584,-0.507782
46048158,0.390686,0.714041,0.283829,-0.506903
46056491,0.390183,0.714467,0.283567,-0.506836
46064824,0.390123,0.714508,0.283186,-0.507038
46073157,0.390401,0.714470,0.282738,-0.507128
46081490,0.390639,0.714245,0.282371,-0.507466
46089823,0.390538,0.714299,0.281975,-0.507688
46098156,0.389472,0.712031,0.282698,-0.511278
46106489,0.389224,0.711451,0.283049,-0.512079
46114822,0.390440,0.711996,0.282188,-0.510870
46123155,0.390463,0.713235,0.282078,-0.509182
46131488,0.389410,0.711748,0.283227,-0.511427
46139821,0.389735,0.712993,0.282336,-0.509935
46148154,0.389956,0.713430,0.282130,-0.509269
46156487,0.391243,0.714294,0.280582,-0.507923
46164820,0.390057,0.714896,0.281624,-0.507413
46173153,0.389458,0.715307,0.281795,-0.507199
46181486,0.388815,0.716918,0.281936,-0.505335
46189819,0.388409,0.717445,0.281741,-0.505008
46198152,0.388340,0.717535,0.281840,-0.504878
46206485,0.388323,0.718373,0.281070,-0.504129
46214818,0.388401,0.717145,0.281215,-0.505733
46223151,0.390300,0.712644,0.280017,-0.511268
46231484,0.390740,0.711598,0.278591,-0.513164
46239817,0.390349,0.711178,0.278138,-0.514289
46248150,0.389949,0.712353,0.277469,-0.513327
46256483,0.389647,0.711928,0.276412,-0.514714
46264816,0.389424,0.712271,0.275786,-0.514744
46273149,0.389033,0.712855,0.274912,-0.514699
46281482,0.389093,0.712909,0.274083,-0.515021
46289815,0.390543,0.713045,0.271935,-0.514874
46298148,0.389929,0.713382,0.271984,-0.514846
46306481,0.389356,0.713629,0.272154,-0.514848
46314814,0.389344,0.713771,0.271825,-0.514833
46323147,0.389409,0.713916,0.271504,-0.514753
46331480,0.389411,0.714236,0.271305,-0.514412
46339813,0.389454,0.714254,0.270865,-0.514586
46348146,0.389256,0.714570,0.270577,-0.514449
46356479,0.389345,0.714624,0.270230,-0.514488
46364812,0.389819,0.714998,0.269307,-0.514095
46373145,0.389780,0.715622,0.269007,-0.513412
46381478,0.389067,0.715171,0.269129,-0.514517
46389811,0.388593,0.715169,0.268724,-0.515089
46398144,0.388126,0.715544,0.268205,-0.515190
46406477,0.387821,0.715684,0.267807,-0.515432
46414810,0.387320,0.715777,0.267785,-0.515691
46423143,0.387041,0.716077,0.267563,-0.515600
46431476,0.388184,0.716363,0.265727,-0.515292
46439809,0.388167,0.716455,0.265035,-0.515533
46448142,0.387737,0.716712,0.264761,-0.515641
46456475,0.386595,0.717010,0.265775,-0.515562
46464808,0.385942,0.716959,0.266515,-0.515741
46473141,0.385685,0.717031,0.266930,-0.515618
46481474,0.385244,0.717170,0.267101,-0.515666
46489807,0.386773,0.717111,0.266446,-0.514942
46498140,0.386072,0.716562,0.264917,-0.517016
46506473,0.386422,0.716406,0.265268,-0.516791
46514806,0.385424,0.716570,0.264778,-0.517560
46523139,0.384645,0.717497,0.264716,-0.516886
46531472,0.384078,0.717856,0.264560,-0.516889
46539805,0.383526,0.717807,0.264624,-0.517335
46548138,0.383147,0.717843,0.265126,-0.517309
46556471,0.382893,0.718072,0.265415,-0.517031
46564804,0.382622,0.718170,0.265325,-0.517141
46573137,0.382345,0.717936,0.265726,-0.517465
46581470,0.382036,0.718137,0.264952,-0.517811
46589803,0.382051,0.716908,0.264991,-0.519480
46598136,0.381855,0.716525,0.264957,-0.520170
46606469,0.381641,0.717175,0.265497,-0.519154
46614802,0.381239,0.716706,0.265593,-0.520048
46623135,0.380805,0.717246,0.265613,-0.519612
46631468,0.380269,0.717292,0.265782,-0.519853
46639801,0.379945,0.717260,0.266283,-0.519878
46648134,0.379765,0.717138,0.266707,-0.519960
46656467,0.379586,0.717063,0.266894,-0.520099
46664800,0.379543,0.717030,0.267212,-0.520012
46673133,0.379984,0.716109,0.267431,-0.520847
46681466,0.379389,0.716469,0.267834,-0.520578
46689799,0.379608,0.715677,0.268030,-0.521406
46698132,0.379631,0.715206,0.267802,-0.522152
46706465,0.379163,0.716214,0.268110,-0.520950
46714798,0.378815,0.716311,0.268009,-0.521123
46723131,0.378687,0.716180,0.267990,-0.521405
46731464,0.378921,0.715794,0.267959,-0.521781
46739797,0.378921,0.715900,0.268110,-0.521558
46748130,0.378879,0.715711,0.267930,-0.521940
46756463,0.379107,0.715700,0.267801,-0.521857
46764796,0.379116,0.715534,0.267546,-0.522208
46773129,0.379257,0.715665,0.267132,-0.522138
46781462,0.379406,0.715546,0.266899,-0.522312
46789795,0.379644,0.715434,0.266531,-0.522481
46798128,0.379947,0.715462,0.266367,-0.522306
46806461,0.379599,0.714548,0.267256,-0.523355
46814794,0.379626,0.714409,0.267520,-0.523390
46823127,0.380470,0.714958,0.266672,-0.522459
46831460,0.380819,0.714998,0.266437,-0.522270
46839793,0.381040,0.715078,0.266548,-0.521943
46848126,0.381215,0.715060,0.266395,-0.521918
46856459,0.381219,0.715344,0.266299,-0.521574
46864792,0.381325,0.715601,0.265066,-0.521772
46873125,0.380279,0.715878,0.265539,-0.521916
46881458,0.380214,0.716078,0.264808,-0.522060
46889791,0.381294,0.716154,0.264693,-0.521225
46898124,0.381707,0.716306,0.263928,-0.521102
46906457,0.380742,0.716851,0.262171,-0.521944
46914790,0.380636,0.717174,0.261292,-0.522020
46923123,0.380485,0.717502,0.260372,-0.522138
46931456,0.380542,0.717700,0.260223,-0.521898
46939789,0.380884,0.717761,0.259851,-0.521751
46948122,0.381187,0.717361,0.260086,-0.521962
46956455,0.380736,0.717945,0.259760,-0.521652
46964788,0.380669,0.717970,0.257929,-0.522573
46973121,0.380532,0.717941,0.257739,-0.522806
46981454,0.380331,0.718983,0.257045,-0.521861
46989787,0.380195,0.719572,0.256064,-0.521630
46998120,0.379981,0.720021,0.254963,-0.521706
47006453,0.379636,0.720521,0.253123,-0.522164
47014786,0.379441,0.720871,0.252906,-0.521927
47023119,0.379351,0.721128,0.252229,-0.521966
47031452,0.379569,0.720888,0.250596,-0.522924
47039785,0.379518,0.721767,0.249920,-0.522072
47048118,0.379686,0.722379,0.248937,-0.521572
47056451,0.381000,0.722458,0.245729,-0.522026
47064784,0.379918,0.722431,0.245009,-0.523189
47073117,0.378086,0.721023,0.246503,-0.525750
47081450,0.376714,0.721450,0.246032,-0.526369
47089783,0.377571,0.722696,0.244944,-0.524550
47098116,0.377596,0.722859,0.244469,-0.524528
47106449,0.376097,0.723094,0.242952,-0.525985
47114782,0.374914,0.723676,0.241313,-0.526782
47123115,0.374009,0.724098,0.239539,-0.527656
47131448,0.373000,0.724518,0.238424,-0.528298
47139781,0.372656,0.724666,0.236311,-0.529286
47148114,0.372716,0.725316,0.233571,-0.529569
47156447,0.371188,0.725056,0.233021,-0.531239
47164780,0.369485,0.725855,0.232835,-0.531416
47173113,0.367963,0.726484,0.231524,-0.532184
47181446,0.367865,0.727054,0.228626,-0.532727
47189779,0.366632,0.726920,0.226252,-0.534770
47198112,0.365807,0.727690,0.225260,-0.534706
47206445,0.363597,0.730684,0.223871,-0.532710
47214778,0.361948,0.731902,0.220619,-0.533517
47223111,0.360683,0.731731,0.217581,-0.535850
47231444,0.360279,0.729942,0.215305,-0.539470
47239777,0.358570,0.731674,0.212024,-0.539561
47248110,0.357918,0.732139,0.209443,-0.540372
47256443,0.356066,0.731913,0.205871,-0.543266
47264776,0.355520,0.733135,0.202007,-0.543426
47273109,0.353389,0.733366,0.200556,-0.545039
47281442,0.352781,0.733202,0.198129,-0.546540
47289775,0.352632,0.733591,0.193711,-0.547696
47298108,0.352296,0.733388,0.190233,-0.549401
47306441,0.349610,0.732948,0.187729,-0.552556
47314774,0.346979,0.737128,0.183060,-0.550215
47323107,0.344063,0.738382,0.180364,-0.551255
47331440,0.343021,0.739239,0.175284,-0.552393
47339773,0.339358,0.741886,0.172564,-0.551963
47348106,0.337523,0.743394,0.169769,-0.551926
47356439,0.335784,0.746541,0.165487,-0.550036
47364772,0.333770,0.747973,0.160252,-0.550867
47373105,0.331121,0.748444,0.155732,-0.553117
47381438,0.329274,0.749361,0.152108,-0.553986
47389771,0.326845,0.749488,0.147739,-0.556429
47398104,0.325135,0.750602,0.143974,-0.556916
47406437,0.322285,0.751331,0.139689,-0.558677
47414770,0.319552,0.751786,0.135935,-0.560559
47423103,0.317382,0.753516,0.129734,-0.560938
47431436,0.314470,0.753930,0.126222,-0.562819
47439769,0.311380,0.753870,0.123149,-0.565294
47448102,0.308037,0.754293,0.118434,-0.567564
47456435,0.306418,0.749060,0.114180,-0.576178
47464768,0.303759,0.752685,0.109461,-0.573771
47473101,0.299351,0.753744,0.106845,-0.575189
47481434,0.296367,0.752954,0.102576,-0.578537
47489767,0.292291,0.753290,0.098674,-0.580847
47498100,0.288324,0.753322,0.094763,-0.583433
47506433,0.284244,0.753631,0.091242,-0.585594
47514766,0.281092,0.755180,0.086002,-0.585914
47523099,0.278062,0.756345,0.082718,-0.586328
47531432,0.274133,0.756695,0.078649,-0.588284
47539765,0.269229,0.754654,0.074524,-0.593683
47548098,0.265324,0.755567,0.070006,-0.594829
47556431,0.260986,0.757590,0.065513,-0.594686
47564764,0.257412,0.758333,0.061474,-0.595727
47573097,0.252745,0.757473,0.057282,-0.599227
47581430,0.249085,0.757904,0.054353,-0.600486
47589763,0.244331,0.757614,0.051385,-0.603062
47598096,0.239278,0.758266,0.046890,-0.604632
47606429,0.233919,0.756581,0.044436,-0.609009
47614762,0.229754,0.753829,0.040341,-0.614270
47623095,0.222228,0.753809,0.037300,-0.617249
47631428,0.217021,0.754066,0.033184,-0.619020
47639761,0.212584,0.753849,0.030242,-0.620971
47648094,0.206206,0.753073,0.026078,-0.624244
47656427,0.201351,0.751070,0.021994,-0.628385
47664760,0.195524,0.750245,0.017951,-0.631332
47673093,0.191011,0.751174,0.013331,-0.631724
47681426,0.185463,0.751580,0.007333,-0.632991
47689759,0.179622,0.751698,0.004233,-0.634561
47698092,0.173666,0.748150,-0.000080,-0.640399
47706425,0.169522,0.749831,-0.003840,-0.639532
47714758,0.165143,0.749802,-0.008562,-0.640665
47723091,0.161208,0.751203,-0.013362,-0.639944
47731424,0.156212,0.749265,-0.016871,-0.643362
47739757,0.151807,0.747777,-0.019357,-0.646072
47748090,0.148933,0.747445,-0.023562,-0.646986
47756423,0.145337,0.747631,-0.026575,-0.647471
47764756,0.141408,0.746990,-0.031234,-0.648871
47773089,0.137787,0.745467,-0.034276,-0.651245
47781422,0.134372,0.744454,-0.038139,-0.652899
47789755,0.130855,0.742863,-0.042708,-0.655139
47798088,0.128247,0.741537,-0.047464,-0.656827
47806421,0.123859,0.740365,-0.051409,-0.658693
47814754,0.119058,0.738852,-0.055773,-0.660918
47823087,0.115164,0.736660,-0.059757,-0.663700
47831420,0.111139,0.736844,-0.065251,-0.663665
47839753,0.105762,0.734297,-0.070020,-0.666873
47848086,0.102333,0.733836,-0.076081,-0.667252
47856419,0.097208,0.732369,-0.082191,-0.668903
47864752,0.093014,0.730272,-0.087529,-0.671111
47873085,0.089165,0.728258,-0.095423,-0.672744
47881418,0.084922,0.728503,-0.101829,-0.672088
47889751,0.079872,0.726869,-0.109661,-0.673243
47898084,0.072771,0.723420,-0.119068,-0.676159
47906417,0.066960,0.721371,-0.129131,-0.677101
47914750,0.062052,0.721201,-0.138631,-0.675870
47923083,0.057019,0.720087,-0.148187,-0.675473
47931416,0.051166,0.718971,-0.159079,-0.674653
47939749,0.045849,0.717308,-0.168011,-0.674641
47948082,0.041825,0.716732,-0.177844,-0.672991
47956415,0.037623,0.715676,-0.185231,-0.672370
47964748,0.032691,0.715751,-0.194255,-0.669998
47973081,0.029878,0.716528,-0.201724,-0.667085
47981414,0.024911,0.715215,-0.208859,-0.666502
47989747,0.020640,0.714011,-0.214422,-0.666172
47998080,0.017376,0.713593,-0.218582,-0.665360
48006413,0.012590,0.712555,-0.223071,-0.665091
48014746,0.008018,0.713572,-0.224350,-0.663640
48023079,0.003932,0.715045,-0.225450,-0.661716
48031412,-0.000308,0.713812,-0.226485,-0.662704
48039745,-0.005520,0.714864,-0.226514,-0.661537
48048078,-0.011424,0.715858,-0.226962,-0.660231
48056411,-0.016790,0.714427,-0.225116,-0.662295
48064744,-0.023500,0.713189,-0.225024,-0.663456
48073077,-0.029578,0.713627,-0.225920,-0.662436
48081410,-0.038937,0.711454,-0.228852,-0.663283
48089743,-0.046611,0.711851,-0.231154,-0.661562
48098076,-0.054710,0.710803,-0.234934,-0.660736
48106409,-0.064468,0.708105,-0.239079,-0.661266
48114742,-0.072908,0.707712,-0.242180,-0.659679
48123075,-0.082493,0.705867,-0.246649,-0.658871
48131408,-0.092803,0.703019,-0.251230,-0.658813
48139741,-0.103046,0.701303,-0.256244,-0.657188
48148074,-0.111661,0.699538,-0.261339,-0.655653
48156407,-0.120963,0.696734,-0.265063,-0.655493
48164740,-0.129010,0.695376,-0.269150,-0.653733
48173073,-0.137296,0.693706,-0.272689,-0.652351
48181406,-0.147136,0.690469,-0.278691,-0.651103
48189739,-0.156098,0.687362,-0.284470,-0.649803
48198072,-0.163658,0.685387,-0.290809,-0.647218
48206405,-0.171818,0.681072,-0.296312,-0.647163
48214738,-0.179447,0.678979,-0.301154,-0.645052
48223071,-0.186278,0.677720,-0.305532,-0.642375
48231404,-0.194684,0.673684,-0.310987,-0.641510
48239737,-0.201849,0.670759,-0.315672,-0.640070
48248070,-0.207662,0.669694,-0.322278,-0.636021
48256403,-0.213290,0.667945,-0.327176,-0.633492
48264736,-0.218842,0.665113,-0.331060,-0.632559
48273069,-0.225275,0.662115,-0.334612,-0.631577
48281402,-0.230821,0.658651,-0.338230,-0.631269
48289735,-0.236337,0.655854,-0.341935,-0.630143
48298068,-0.242540,0.652692,-0.345645,-0.629044
48306401,-0.248185,0.649669,-0.348764,-0.628250
48314734,-0.252972,0.647083,-0.352275,-0.627050
48323067,-0.257701,0.644461,-0.356882,-0.625216
48331400,-0.263355,0.638149,-0.359103,-0.628057
48339733,-0.267245,0.635199,-0.364733,-0.626157
48348066,-0.272985,0.631477,-0.369910,-0.624405
48356399,-0.279905,0.623588,-0.375059,-0.626196
48364732,-0.285444,0.618437,-0.378777,-0.626566
48373065,-0.289445,0.614180,-0.384129,-0.625659
48381398,-0.296334,0.606535,-0.387748,-0.627656
48389731,-0.303980,0.599739,-0.393479,-0.626964
48398064,-0.310409,0.592313,-0.398638,-0.627614
48406397,-0.317579,0.584750,-0.403763,-0.627843
48414730,-0.321914,0.578225,-0.410831,-0.627093
48423063,-0.327245,0.571571,-0.415930,-0.627073
48431396,-0.332289,0.565578,-0.420239,-0.626981
48439729,-0.339417,0.558082,-0.424789,-0.626813
48448062,-0.345276,0.550933,-0.429009,-0.627064
48456395,-0.354501,0.542055,-0.430691,-0.628499
48464728,-0.362297,0.533348,-0.432546,-0.630226
48473061,0.369220,-0.525507,0.434033,0.631771
48481394,0.376865,-0.515750,0.434321,0.635091
48489727,0.383549,-0.508122,0.435535,0.636406
48498060,0.390126,-0.499224,0.437041,0.638415
48506393,0.399013,-0.489740,0.436935,0.640337
48514726,0.405446,-0.481510,0.436788,0.642634
48523059,0.412602,-0.472686,0.437758,0.643969
48531392,0.420573,-0.461191,0.437319,0.647436
48539725,0.427754,-0.450990,0.439925,0.648151
48548058,0.433519,-0.441416,0.441179,0.650057
48556391,0.439011,-0.432186,0.443101,0.651265
48564724,0.446391,-0.421220,0.442990,0.653505
48573057,0.453658,-0.409798,0.440401,0.657501
48581390,0.457688,-0.402747,0.441800,0.658125
48589723,0.462881,-0.393299,0.440269,0.661226
48598056,0.471108,-0.380911,0.438440,0.663878
48606389,0.477133,-0.369082,0.436731,0.667375
48614722,0.484326,-0.358259,0.434840,0.669323
48623055,0.491004,-0.345516,0.431791,0.673120
48631388,0.496378,-0.335156,0.427730,0.676998
48639721,0.502559,-0.324320,0.424689,0.679625
48648054,0.507913,-0.314891,0.421298,0.682185
48656387,0.512372,-0.306439,0.418851,0.684203
48664720,0.520287,-0.294005,0.412860,0.687320
48673053,0.528653,-0.281530,0.405041,0.690803
48681386,0.534968,-0.273985,0.400061,0.691876
48689719,0.541093,-0.264930,0.394254,0.693970
48698052,0.548207,-0.255290,0.387121,0.696013
48706385,0.552898,-0.248852,0.380570,0.698243
48714718,0.559041,-0.239404,0.373266,0.700594
48723051,0.568161,-0.227717,0.365026,0.701494
48731384,0.575610,-0.216887,0.355648,0.703667
48739717,0.584119,-0.205376,0.346888,0.704482
48748050,0.590160,-0.194561,0.338440,0.706623
48756383,0.595845,-0.184332,0.332032,0.707634
48764716,0.601852,-0.174350,0.323303,0.709120
48773049,0.607239,-0.162553,0.316021,0.710611
48781382,0.613695,-0.152235,0.309005,0.710435
48789715,0.620286,-0.140779,0.301952,0.710107
48798048,0.626245,-0.127536,0.295079,0.710267
48806381,0.631565,-0.113901,0.289008,0.710370
48814714,0.635004,-0.103524,0.284427,0.710742
48823047,0.639030,-0.092963,0.279494,0.710550
48831380,0.641501,-0.083937,0.277108,0.710382
48839713,0.646567,-0.072122,0.271019,0.709435
48848046,0.649464,-0.062152,0.265439,0.709842
48856379,0.652362,-0.052755,0.261620,0.709363
48864712,0.656124,-0.043954,0.257289,0.708076
48873045,0.660784,-0.034110,0.252391,0.706045
48881378,0.664893,-0.028117,0.247097,0.704323
48889711,0.668681,-0.018619,0.241250,0.703077
48898044,0.671860,-0.010816,0.236054,0.701972
48906377,0.674343,-0.003182,0.231134,0.701304
48914710,0.678096,0.005076,0.225868,0.699388
48923043,0.681237,0.012720,0.221016,0.697786
48931376,0.683258,0.019149,0.216265,0.697152
48939709,0.686795,0.026417,0.210744,0.695128
48948042,0.689937,0.034012,0.204496,0.693550
48956375,0.693174,0.042405,0.199535,0.691301
48964708,0.696220,0.049133,0.195213,0.689025
48973041,0.698687,0.055860,0.189784,0.687531
48981374,0.701867,0.064278,0.184883,0.684886
48989707,0.703721,0.072303,0.180813,0.683268
48998040,0.705222,0.080568,0.178201,0.681480
49006373,0.706119,0.085800,0.176306,0.680405
49014706,0.706975,0.093255,0.173762,0.679188
49023039,0.707708,0.100785,0.171438,0.677938
49031372,0.708211,0.106691,0.170000,0.676871
49039705,0.708119,0.110665,0.168866,0.676613
49048038,0.708183,0.113609,0.166177,0.676724
49056371,0.709322,0.115841,0.164946,0.675452
49064704,0.710638,0.118925,0.162981,0.674009
49073037,0.711532,0.121051,0.159907,0.673423
49081370,0.712070,0.124150,0.156453,0.673102
49089703,0.713045,0.124364,0.154482,0.672484
49098036,0.714102,0.126616,0.151414,0.671640
49106369,0.715252,0.128299,0.147494,0.670969
49114702,0.717412,0.133227,0.143325,0.668601
49123035,0.717989,0.134898,0.139239,0.668511
49131368,0.718903,0.137013,0.136391,0.667685
49139701,0.720228,0.138922,0.134917,0.666161
49148034,0.721578,0.141150,0.132887,0.664638
49156367,0.722474,0.143377,0.131532,0.663456
49164700,0.723028,0.144779,0.130754,0.662702
49173033,0.723507,0.148520,0.127901,0.661906
49181366,0.724984,0.149221,0.128187,0.660076
49189699,0.726422,0.151938,0.128331,0.657843
49198032,0.727566,0.152228,0.128678,0.656443
49206365,0.728291,0.153312,0.127377,0.655640
49214698,0.729322,0.152983,0.126923,0.654658
49223031,0.730798,0.154357,0.124381,0.653175
49231364,0.731990,0.155985,0.122211,0.651862
49239697,0.734150,0.156050,0.120415,0.649748
49248030,0.734814,0.155289,0.118291,0.649570
49256363,0.736864,0.156044,0.116377,0.647409
49264696,0.738641,0.155060,0.114625,0.645931
49273029,0.740038,0.153193,0.114082,0.644873
49281362,0.740469,0.152429,0.111664,0.644982
49289695,0.742258,0.153971,0.111800,0.642532
49298028,0.744038,0.155853,0.111690,0.640034
49306361,0.744526,0.155568,0.113242,0.639262
49314694,0.745099,0.156845,0.114057,0.638137
49323027,0.746087,0.158317,0.114354,0.636563
49331360,0.747066,0.158917,0.115862,0.634991
49339693,0.748256,0.160001,0.117320,0.633047
49348026,0.748945,0.161713,0.116634,0.631923
49356359,0.749708,0.161631,0.117309,0.630914
49364692,0.751173,0.163360,0.116496,0.628873
49373025,0.752025,0.165232,0.116636,0.627338
49381358,0.751918,0.164850,0.117016,0.627495
49389691,0.752310,0.165435,0.117507,0.626780
49398024,0.752673,0.166118,0.118625,0.625952
49406357,0.753937,0.166276,0.120827,0.623965
49414690,0.754582,0.166438,0.123088,0.622699
49423023,0.754544,0.166478,0.125433,0.622266
49431356,0.753989,0.163770,0.127476,0.623242
49439689,0.754300,0.163752,0.128983,0.622559
49448022,0.754419,0.164177,0.130926,0.621897
49456355,0.754874,0.164819,0.132130,0.620921
49464688,0.755509,0.165924,0.132481,0.619777
49473021,0.756103,0.167084,0.132328,0.618773
49481354,0.756385,0.166299,0.133059,0.618483
49489687,0.756700,0.165614,0.133614,0.618163
49498020,0.756741,0.164937,0.133673,0.618280
49506353,0.756714,0.164749,0.133286,0.618446
49514686,0.756745,0.165331,0.133203,0.618271
49523019,0.756660,0.165472,0.133636,0.618244
49531352,0.756427,0.165253,0.134093,0.618489
49539685,0.756120,0.165346,0.134670,0.618715
49548018,0.755925,0.165775,0.135473,0.618663
49556351,0.755749,0.166807,0.136153,0.618451
49564684,0.755407,0.166612,0.136886,0.618759
49573017,0.755421,0.166722,0.137416,0.618595
49581350,0.755574,0.168007,0.137513,0.618038
49589683,0.755546,0.168787,0.137163,0.617938
49598016,0.755658,0.169458,0.137306,0.617585
49606349,0.755943,0.169903,0.137275,0.617121
49614682,0.756313,0.170015,0.136709,0.616763
49623015,0.756198,0.169786,0.135939,0.617137
49631348,0.757277,0.169973,0.135846,0.615781
49639681,0.758286,0.170073,0.136105,0.614453
49648014,0.758985,0.170213,0.136010,0.613572
49656347,0.759757,0.170874,0.135855,0.612466
49664680,0.760533,0.172055,0.136217,0.611091
49673013,0.760864,0.173334,0.136138,0.610335
49681346,0.761685,0.173830,0.137563,0.608847
49689679,0.762192,0.173150,0.138622,0.608166
49698012,0.762227,0.172955,0.138537,0.608198
49706345,0.762317,0.171880,0.139461,0.608178
49714678,0.762376,0.171597,0.139542,0.608165
49723011,0.762489,0.171304,0.139774,0.608054
49731344,0.762853,0.170848,0.140059,0.607659
49739677,0.763193,0.169928,0.139915,0.607523
49748010,0.763530,0.168902,0.139638,0.607450
49756343,0.763837,0.168370,0.139841,0.607164
49764676,0.764484,0.168503,0.139620,0.606364
49773009,0.764876,0.168864,0.140079,0.605662
49781342,0.765371,0.168634,0.140558,0.604990
49789675,0.765559,0.168273,0.140959,0.604759
49798008,0.765543,0.168566,0.140665,0.604767
49806341,0.765609,0.169182,0.140263,0.604605
49814674,0.765620,0.169418,0.140906,0.604375
49823007,0.765517,0.169330,0.141422,0.604410
49831340,0.765633,0.168518,0.142809,0.604164
49839673,0.765878,0.168465,0.142803,0.603869
49848006,0.766044,0.168863,0.142776,0.603553
49856339,0.766222,0.168846,0.142783,0.603331
49864672,0.766377,0.168951,0.142832,0.603092
49873005,0.766578,0.168490,0.142995,0.602928
49881338,0.766648,0.167520,0.143393,0.603014
49889671,0.766896,0.167080,0.142793,0.602964
49898004,0.767224,0.166110,0.142809,0.602810
49906337,0.767542,0.165299,0.143293,0.602514
49914670,0.767824,0.164935,0.143516,0.602201
49923003,0.767862,0.164464,0.143750,0.602226
49931336,0.767637,0.163907,0.144510,0.602483
49939669,0.767707,0.163538,0.145094,0.602353
49948002,0.767822,0.163672,0.145768,0.602007
49956335,0.767777,0.163851,0.146183,0.601914
49964668,0.767737,0.163930,0.146861,0.601780
49973001,0.767901,0.164466,0.147422,0.601287
49981334,0.767989,0.164193,0.147340,0.601269
49989667,0.767855,0.163815,0.147779,0.601436
49998000,0.768086,0.163822,0.147396,0.601233
50006333,0.768183,0.164178,0.147091,0.601086
50014666,0.768283,0.164342,0.146672,0.601016
50022999,0.768349,0.163675,0.146184,0.601232
