Timestamp (us),W,X,Y,Z
0,0.663953,0.044179,0.078078,0.742374
8333,0.663960,0.044193,0.077987,0.742376
16666,0.663954,0.044245,0.077930,0.742384
24999,0.663779,0.044940,0.078447,0.742445
33332,0.663750,0.044974,0.078371,0.742477
41665,0.663743,0.044879,0.078241,0.742502
49998,0.663761,0.044798,0.078091,0.742507
58331,0.663790,0.044797,0.078057,0.742484
66664,0.663807,0.044699,0.077928,0.742489
74997,0.663824,0.044637,0.077810,0.742490
83330,0.663814,0.044798,0.078002,0.742469
91663,0.663808,0.044952,0.078126,0.742451
99996,0.663834,0.045044,0.078176,0.742417
108329,0.663884,0.044991,0.078058,0.742389
116662,0.663929,0.044981,0.077996,0.742356
124995,0.663967,0.044986,0.077929,0.742328
133328,0.663974,0.045047,0.077939,0.742317
141661,0.664027,0.044988,0.077898,0.742277
149994,0.664067,0.045003,0.077928,0.742237
158327,0.664104,0.045031,0.077899,0.742206
166660,0.664113,0.045012,0.077937,0.742195
174993,0.664216,0.044696,0.077428,0.742176
183326,0.664209,0.044895,0.077685,0.742142
191659,0.664280,0.044803,0.077604,0.742093
199992,0.664292,0.044872,0.077764,0.742062
208325,0.664329,0.044836,0.077751,0.742032
216658,0.664550,0.044236,0.077149,0.741933
224991,0.664590,0.043929,0.076846,0.741947
233324,0.664526,0.043996,0.076887,0.741996
241657,0.664521,0.043999,0.076810,0.742008
249990,0.664478,0.043895,0.076704,0.742064
258323,0.664529,0.043769,0.076694,0.742026
266656,0.664543,0.043907,0.076892,0.741986
274989,0.664495,0.043888,0.076779,0.742041
283322,0.664459,0.044058,0.077011,0.742040
291655,0.664488,0.043861,0.076641,0.742064
299988,0.664425,0.044135,0.076897,0.742077
308321,0.664391,0.044222,0.076947,0.742097
316654,0.664351,0.043864,0.076336,0.742217
324987,0.664385,0.043554,0.076122,0.742227
333320,0.664320,0.043607,0.076221,0.742272
341653,0.664334,0.043667,0.076179,0.742260
349986,0.664327,0.043696,0.076065,0.742277
358319,0.664143,0.044265,0.076750,0.742337
366652,0.664191,0.044322,0.076435,0.742323
374985,0.664163,0.044591,0.076721,0.742303
383318,0.664084,0.044988,0.077120,0.742307
391651,0.664141,0.045070,0.077216,0.742242
399984,0.664234,0.044791,0.076813,0.742217
408317,0.664159,0.044948,0.077055,0.742250
416650,0.664144,0.044944,0.077088,0.742260
424983,0.664180,0.044997,0.077149,0.742218
433316,0.664228,0.044834,0.076895,0.742212
441649,0.664260,0.044768,0.076712,0.742206
449982,0.664302,0.044811,0.076743,0.742163
458315,0.664296,0.045037,0.076995,0.742129
466648,0.664261,0.045337,0.077335,0.742106
474981,0.664227,0.045467,0.077432,0.742118
483314,0.664264,0.045359,0.077161,0.742120
491647,0.664174,0.045596,0.077449,0.742156
499980,0.664222,0.045678,0.077472,0.742106
508313,0.664253,0.045522,0.077226,0.742113
516646,0.664254,0.045610,0.077359,0.742093
524979,0.664266,0.045607,0.077311,0.742087
533312,0.664148,0.045577,0.077297,0.742197
541645,0.664073,0.045595,0.077466,0.742245
549978,0.664089,0.045425,0.077307,0.742257
558311,0.664126,0.045310,0.077239,0.742239
566644,0.664080,0.045276,0.077242,0.742281
574977,0.664056,0.045252,0.077289,0.742300
583310,0.664085,0.044686,0.076881,0.742350
591643,0.664112,0.044548,0.076832,0.742339
599976,0.664213,0.044477,0.076786,0.742257
608309,0.664221,0.044450,0.076829,0.742248
616642,0.664258,0.044482,0.076902,0.742205
624975,0.664275,0.044568,0.077105,0.742164
633308,0.664172,0.045003,0.077586,0.742180
641641,0.664139,0.045100,0.077750,0.742186
649974,0.664064,0.045163,0.077987,0.742224
658307,0.664045,0.045250,0.078158,0.742218
666640,0.663975,0.045132,0.078042,0.742300
674973,0.663957,0.045084,0.078037,0.742320
683306,0.664031,0.044979,0.077926,0.742272
691639,0.664001,0.044957,0.077986,0.742293
699972,0.663980,0.044695,0.077714,0.742357
708305,0.663873,0.044226,0.077251,0.742528
716638,0.663920,0.043677,0.076718,0.742574
724971,0.664038,0.043149,0.076250,0.742548
733304,0.664017,0.042374,0.075546,0.742683
741637,0.663977,0.042254,0.075666,0.742714
749970,0.664289,0.040932,0.074512,0.742626
758303,0.664697,0.039462,0.073226,0.742468
766636,0.664981,0.038322,0.072283,0.742366
774969,0.665227,0.037195,0.071268,0.742301
783302,0.665737,0.035480,0.069586,0.742087
791635,0.665914,0.034807,0.068939,0.742021
799968,0.666113,0.034034,0.068279,0.741939
808301,0.666124,0.033250,0.067580,0.742029
816634,0.666132,0.032329,0.066760,0.742136
824967,0.665999,0.030949,0.065379,0.742438
833300,0.665818,0.030108,0.064985,0.742669
841633,0.665482,0.029559,0.064896,0.743000
849966,0.664859,0.029613,0.065725,0.743482
858299,0.664297,0.028750,0.065576,0.744031
866632,0.663574,0.028235,0.065829,0.744673
874965,0.662981,0.027147,0.065411,0.745279
883298,0.662144,0.026104,0.065703,0.746034
891631,0.661414,0.025389,0.066163,0.746666
899964,0.660762,0.024367,0.066491,0.747248
908297,0.660024,0.022927,0.066777,0.747920
916630,0.659130,0.022577,0.068315,0.748579
924963,0.658263,0.022439,0.070439,0.749149
933296,0.657643,0.022270,0.072544,0.749498
941629,0.656871,0.021890,0.074989,0.749945
949962,0.655867,0.022121,0.078555,0.750452
958295,0.654980,0.022879,0.082882,0.750739
966628,0.653883,0.024265,0.088762,0.750979
974961,0.652809,0.025555,0.094939,0.751115
983294,0.651485,0.027337,0.102005,0.751275
991627,0.649638,0.031056,0.111682,0.751354
999960,0.647560,0.034535,0.121391,0.751490
1008293,0.645301,0.038324,0.131852,0.751488
1016626,0.643074,0.042552,0.143697,0.750997
1024959,0.640800,0.045869,0.154922,0.750514
1033292,0.638455,0.049202,0.167021,0.749705
1041625,0.636381,0.051307,0.178203,0.748753
1049958,0.634638,0.051780,0.188462,0.747687
1058291,0.632713,0.051645,0.198632,0.746694
1066624,0.631185,0.049504,0.207242,0.745792
1074957,0.629634,0.045629,0.214743,0.745228
1083290,0.628227,0.040527,0.221268,0.744801
1091623,0.626756,0.033561,0.226172,0.744914
1099956,0.625096,0.025630,0.231045,0.745128
1108289,0.623723,0.016161,0.235178,0.745251
1116622,0.622090,0.006263,0.239194,0.745487
1124955,0.620427,-0.004566,0.242433,0.745839
1133288,0.618495,-0.015819,0.246424,0.745981
1141621,0.616640,-0.027885,0.250289,0.745877
1149954,0.614501,-0.041030,0.253577,0.745925
1158287,0.612394,-0.054226,0.256867,0.745689
1166620,0.610154,-0.067737,0.260699,0.745090
1174953,0.607803,-0.081115,0.264488,0.744340
1183286,0.605118,-0.094926,0.268800,0.743349
1191619,0.602380,-0.108858,0.273454,0.741965
1199952,0.599772,-0.122978,0.278442,0.740013
1208285,0.596745,-0.136435,0.284769,0.737690
1216618,0.593612,-0.150767,0.290020,0.735379
1224951,0.590182,-0.165827,0.293885,0.733361
1233284,0.586697,-0.180964,0.297630,0.731065
1241617,0.582342,-0.197975,0.299036,0.729563
1249950,0.577333,-0.215435,0.299022,0.728601
1258283,0.572528,-0.232075,0.299680,0.727011
1266616,0.567449,-0.248655,0.300353,0.725232
1274949,0.561686,-0.264137,0.301253,0.723870
1283282,0.555256,-0.279891,0.301177,0.722941
1291615,0.548467,-0.295284,0.301253,0.721968
1299948,0.541092,-0.311359,0.299623,0.721458
1308281,0.533889,-0.324885,0.299655,0.720846
1316614,0.525816,-0.339504,0.297968,0.720742
1324947,0.518021,-0.352916,0.297073,0.720314
1333280,0.510341,-0.365740,0.296850,0.719490
1341613,0.502482,-0.378046,0.296842,0.718664
1349946,0.494420,-0.390123,0.297219,0.717644
1358279,0.486169,-0.401876,0.297231,0.716791
1366612,0.476886,-0.413782,0.296347,0.716619
1374945,0.467253,-0.425149,0.294709,0.716987
1383278,0.456838,-0.436275,0.291838,0.718188
1391611,0.446471,-0.446357,0.289200,0.719578
1399944,0.436713,-0.455215,0.287111,0.720853
1408277,0.428144,-0.462653,0.286710,0.721417
1416610,0.421130,-0.468463,0.288248,0.721183
1424943,0.415515,-0.473212,0.291094,0.720196
1433276,0.411139,-0.476697,0.295571,0.718583
1441609,0.407533,-0.480221,0.299761,0.716553
1449942,0.405438,-0.482361,0.306066,0.713633
1458275,0.404321,-0.483708,0.313351,0.710184
1466608,0.403606,-0.484614,0.320931,0.706580
1474941,0.403370,-0.484943,0.328517,0.702994
1483274,0.402071,-0.486598,0.334099,0.699956
1491607,0.402627,-0.486227,0.341818,0.696158
1499940,0.402885,-0.486023,0.348925,0.692616
1508273,0.402375,-0.485856,0.355288,0.689789
1516606,0.401723,-0.486232,0.360772,0.687052
1524939,0.400739,-0.486694,0.365682,0.684700
1533272,0.398746,-0.488188,0.369260,0.682877
1541605,0.397653,-0.488117,0.373377,0.681324
1549938,0.395879,-0.488527,0.376106,0.680563
1558271,0.394191,-0.488748,0.378316,0.680159
1566604,0.390955,-0.491641,0.377319,0.680495
1574937,0.388942,-0.492955,0.377496,0.680600
1583270,0.387212,-0.493831,0.378082,0.680626
1591603,0.386481,-0.494254,0.379309,0.680051
1599936,0.386817,-0.494085,0.381506,0.678753
1608269,0.387154,-0.494396,0.382983,0.677502
1616602,0.387783,-0.494620,0.384464,0.676138
1624935,0.388544,-0.495334,0.385517,0.674577
1633268,0.390191,-0.494956,0.387894,0.672538
1641601,0.392165,-0.494626,0.389978,0.670425
1649934,0.393808,-0.494706,0.391532,0.668494
1658267,0.395943,-0.494637,0.393021,0.666406
1666600,0.397853,-0.494817,0.394281,0.664388
1674933,0.399274,-0.495699,0.394249,0.662896
1683266,0.400915,-0.495648,0.394944,0.661528
1691599,0.402997,-0.495959,0.394884,0.660064
1699932,0.404112,-0.496360,0.394403,0.659369
1708265,0.405691,-0.496407,0.394471,0.658321
1716598,0.407531,-0.496260,0.394348,0.657369
1724931,0.408427,-0.496087,0.393505,0.657448
1733264,0.409557,-0.495781,0.393018,0.657268
1741597,0.410242,-0.495175,0.392319,0.657715
1749930,0.410398,-0.494920,0.390955,0.658621
1758263,0.410615,-0.494068,0.390249,0.659543
1766596,0.410443,-0.492882,0.389370,0.661055
1774929,0.410200,-0.491541,0.388346,0.662805
1783262,0.409480,-0.490232,0.387124,0.664932
1791595,0.409598,-0.487938,0.386749,0.666762
1799928,0.408856,-0.485465,0.386538,0.669140
1808261,0.407824,-0.483582,0.385141,0.671933
1816594,0.407703,-0.480607,0.385479,0.673944
1824927,0.407117,-0.477676,0.385503,0.676364
1833260,0.406972,-0.474574,0.385712,0.678513
1841593,0.407413,-0.470107,0.386980,0.680632
1849926,0.406899,-0.466446,0.387576,0.683115
1858259,0.406671,-0.462932,0.387862,0.685475
1866592,0.407086,-0.458440,0.389643,0.687235
1874925,0.407363,-0.453763,0.391415,0.689165
1883258,0.407963,-0.448574,0.393937,0.690769
1891591,0.408760,-0.443132,0.396715,0.692219
1899924,0.409267,-0.437681,0.399622,0.693713
1908257,0.409700,-0.432132,0.402896,0.695042
1916590,0.410371,-0.426344,0.406595,0.696066
1924923,0.410692,-0.420654,0.409995,0.697342
1933256,0.411265,-0.414696,0.414394,0.697973
1941589,0.411478,-0.409143,0.418088,0.698921
1949922,0.411615,-0.403716,0.422381,0.699414
1958255,0.412095,-0.398026,0.427074,0.699543
1966588,0.411909,-0.393084,0.431210,0.699910
1974921,0.411765,-0.388498,0.435057,0.700175
1983254,0.411325,-0.384494,0.438014,0.700800
1991587,0.410250,-0.381206,0.439888,0.702051
1999920,0.409067,-0.378258,0.441747,0.703167
2008252,0.407777,-0.375900,0.442579,0.704657
2016586,0.405826,-0.374239,0.442017,0.707016
2024919,0.403720,-0.372658,0.441574,0.709330
2033252,0.401735,-0.371462,0.440450,0.711779
2041585,0.399116,-0.370834,0.438749,0.714625
2049918,0.396459,-0.370629,0.436122,0.717810
2058250,0.394088,-0.370331,0.434225,0.720416
2066584,0.391435,-0.370765,0.430946,0.723601
2074917,0.389802,-0.370652,0.428921,0.725739
2083250,0.387893,-0.370941,0.426442,0.728072
2091583,0.386494,-0.370793,0.424993,0.729737
2099916,0.384988,-0.371318,0.422580,0.731665
2108249,0.383952,-0.371544,0.420671,0.733193
2116582,0.383293,-0.371508,0.419470,0.734243
2124915,0.383032,-0.371051,0.418929,0.734920
2133248,0.382800,-0.371279,0.417799,0.735568
2141581,0.382634,-0.371618,0.416804,0.736048
2149914,0.383027,-0.371387,0.416548,0.736105
2158247,0.383919,-0.371135,0.417227,0.735382
2166580,0.384532,-0.371486,0.416690,0.735189
2174913,0.385011,-0.371817,0.416115,0.735097
2183246,0.385975,-0.371813,0.416603,0.734316
2191579,0.386752,-0.372518,0.416257,0.733746
2199912,0.387837,-0.372596,0.416992,0.732716
2208245,0.388880,-0.373298,0.417207,0.731683
2216578,0.390059,-0.373819,0.417677,0.730520
2224911,0.391145,-0.374370,0.418106,0.729411
2233244,0.392328,-0.375104,0.418836,0.727978
2241577,0.393442,-0.376260,0.418983,0.726695
2249910,0.395015,-0.376989,0.419997,0.724876
2258243,0.396431,-0.377924,0.421027,0.723016
2266576,0.397652,-0.379655,0.420973,0.721469
2274909,0.398912,-0.380914,0.421823,0.719610
2283242,0.399900,-0.382754,0.422304,0.717801
2291575,0.400450,-0.385131,0.421596,0.716639
2299908,0.401395,-0.387353,0.421162,0.715166
2308241,0.401750,-0.389940,0.420245,0.714099
2316574,0.402129,-0.392579,0.418834,0.713269
2324907,0.402194,-0.395457,0.417203,0.712598
2333240,0.402056,-0.398563,0.415339,0.712034
2341573,0.402172,-0.401440,0.413426,0.711465
2349906,0.402227,-0.404208,0.411530,0.710966
2358239,0.402088,-0.407303,0.409803,0.710275
2366572,0.402269,-0.409936,0.409143,0.709037
2374905,0.401821,-0.412643,0.407487,0.708675
2383238,0.401774,-0.415215,0.406150,0.707967
2391571,0.401566,-0.417659,0.405493,0.707022
2399904,0.400980,-0.419883,0.404653,0.706519
2408237,0.401273,-0.421782,0.404753,0.705163
2416570,0.401938,-0.422761,0.405998,0.703481
2424903,0.401496,-0.424542,0.406046,0.702632
2433236,0.401490,-0.425743,0.406727,0.701514
2441569,0.401531,-0.427190,0.406915,0.700501
2449902,0.401452,-0.428328,0.407387,0.699577
2458235,0.401136,-0.429563,0.407708,0.698813
2466568,0.400773,-0.430960,0.407319,0.698388
2474901,0.399871,-0.432477,0.406344,0.698535
2483234,0.399552,-0.433665,0.405716,0.698346
2491567,0.399203,-0.434174,0.405621,0.698285
2499900,0.399420,-0.434405,0.405716,0.697962
2508233,0.399818,-0.434495,0.405801,0.697628
2516566,0.400529,-0.433899,0.406798,0.697011
2524899,0.400633,-0.434698,0.406169,0.696819
2533232,0.401322,-0.435511,0.405472,0.696321
2541565,0.402862,-0.434704,0.406872,0.695118
2549898,0.404903,-0.433276,0.409322,0.693383
2558231,0.406882,-0.431548,0.412076,0.691670
2566564,0.408986,-0.430073,0.414039,0.690174
2574897,0.410888,-0.428631,0.416223,0.688625
2583230,0.413166,-0.426857,0.418576,0.686936
2591563,0.415243,-0.425025,0.420945,0.685370
2599896,0.417005,-0.423200,0.423070,0.684120
2608229,0.418754,-0.421539,0.424740,0.683042
2616562,0.420218,-0.419897,0.426274,0.682198
2624895,0.421611,-0.418325,0.427874,0.681302
2633228,0.423650,-0.415784,0.430553,0.679903
2641561,0.424721,-0.414915,0.431039,0.679458
2649894,0.425757,-0.413530,0.432141,0.678954
2658227,0.426780,-0.412424,0.432792,0.678569
2666560,0.427863,-0.411423,0.433849,0.677820
2674893,0.428712,-0.410543,0.434235,0.677569
2683226,0.429954,-0.409556,0.435045,0.676859
2691559,0.430858,-0.409213,0.435035,0.676499
2699892,0.432011,-0.408633,0.435565,0.675773
2708225,0.433369,-0.407937,0.436430,0.674765
2716558,0.434295,-0.407908,0.436363,0.674230
2724891,0.435794,-0.407485,0.437462,0.672805
2733224,0.438395,-0.406120,0.440089,0.670222
2741557,0.439991,-0.405725,0.441351,0.668584
2749890,0.441070,-0.406105,0.441730,0.667391
2758223,0.442217,-0.406597,0.442348,0.665922
2766556,0.442886,-0.407465,0.441954,0.665207
2774889,0.443100,-0.408978,0.440516,0.665090
2783222,0.444088,-0.409600,0.440953,0.663758
2791555,0.444563,-0.411123,0.440268,0.662953
2799888,0.444608,-0.413067,0.438886,0.662630
2808221,0.444784,-0.415119,0.437458,0.662174
2816554,0.444801,-0.417325,0.435923,0.661788
2824887,0.444866,-0.419559,0.434285,0.661408
2833220,0.444446,-0.422154,0.431923,0.661586
2841553,0.443752,-0.424639,0.429781,0.661857
2849886,0.443469,-0.427350,0.427397,0.661846
2858219,0.443793,-0.429099,0.426215,0.661258
2866552,0.443381,-0.431714,0.423869,0.661341
2874885,0.442701,-0.434120,0.421587,0.661680
2883218,0.441112,-0.437465,0.418079,0.662763
2891551,0.440856,-0.438995,0.416829,0.662709
2899884,0.441279,-0.439898,0.416376,0.662113
2908217,0.441509,-0.441118,0.415725,0.661557
2916550,0.441193,-0.442783,0.414526,0.661407
2924883,0.441766,-0.443491,0.414397,0.660631
2933216,0.442128,-0.444653,0.414251,0.659699
2941549,0.441920,-0.446207,0.413763,0.659095
2949882,0.441868,-0.447618,0.412974,0.658668
2958215,0.441720,-0.448949,0.412651,0.658064
2966548,0.440587,-0.450940,0.411193,0.658375
2974881,0.439339,-0.453273,0.409256,0.658813
2983214,0.437332,-0.455255,0.407210,0.660048
2991547,0.435286,-0.457021,0.405568,0.661191
2999880,0.431252,-0.460495,0.401336,0.664000
3008213,0.427368,-0.463222,0.397471,0.666932
3016546,0.424337,-0.464885,0.395284,0.669007
3024879,0.419994,-0.466762,0.392304,0.672188
3033212,0.416035,-0.468071,0.390010,0.675068
3041545,0.411797,-0.469200,0.387626,0.678248
3049878,0.407362,-0.470124,0.385011,0.681767
3058211,0.403233,-0.470408,0.383367,0.684945
3066544,0.399027,-0.470669,0.381757,0.688121
3074877,0.395339,-0.470430,0.380937,0.690861
3083210,0.391457,-0.469856,0.380089,0.693923
3091543,0.387299,-0.469387,0.379077,0.697119
3099876,0.383521,-0.468740,0.377867,0.700293
3108209,0.379367,-0.467642,0.377870,0.703282
3116542,0.375859,-0.466264,0.378045,0.705981
3124875,0.372651,-0.463886,0.379173,0.708639
3133208,0.369215,-0.462128,0.379402,0.711458
3141541,0.364696,-0.460870,0.378866,0.714882
3149874,0.360668,-0.459278,0.378521,0.718126
3158207,0.356515,-0.457148,0.379146,0.721222
3166540,0.352786,-0.454256,0.380505,0.724161
3174873,0.349618,-0.451043,0.382684,0.726554
3183206,0.345561,-0.448096,0.383756,0.729745
3191539,0.341886,-0.445194,0.385505,0.732327
3199872,0.338032,-0.441925,0.387598,0.734986
3208205,0.333542,-0.439201,0.388885,0.737984
3216538,0.329901,-0.436157,0.390597,0.740518
3224871,0.325819,-0.433546,0.392327,0.742939
3233204,0.321397,-0.431062,0.392810,0.746050
3241537,0.317186,-0.428490,0.393970,0.748717
3249870,0.312655,-0.426258,0.394464,0.751631
3258203,0.309125,-0.423257,0.396135,0.753904
3266536,0.304621,-0.421155,0.395914,0.757025
3274869,0.300392,-0.419140,0.396114,0.759723
3283202,0.295700,-0.417651,0.395265,0.762821
3291535,0.291906,-0.415269,0.394999,0.765714
3299868,0.288534,-0.412879,0.395453,0.768047
3308201,0.285045,-0.410920,0.395006,0.770626
3316534,0.281559,-0.409498,0.393730,0.773313
3324867,0.278330,-0.407368,0.393611,0.775664
3333200,0.276091,-0.405429,0.393895,0.777334
3341533,0.274232,-0.403230,0.394489,0.778833
3349866,0.272370,-0.401723,0.393609,0.780708
3358199,0.270596,-0.400554,0.393003,0.782230
3366532,0.269477,-0.399059,0.392667,0.783547
3374865,0.268966,-0.397717,0.392414,0.784531
3383198,0.268739,-0.396655,0.392064,0.785322
3391531,0.268798,-0.395509,0.392197,0.785813
3399864,0.268763,-0.394699,0.391139,0.786759
3408197,0.269493,-0.393832,0.390404,0.787309
3416530,0.270431,-0.393285,0.389503,0.787706
3424863,0.271998,-0.392262,0.389927,0.787467
3433196,0.273940,-0.391333,0.390287,0.787078
3441529,0.275888,-0.390679,0.390442,0.786645
3449862,0.278180,-0.390022,0.391325,0.785725
3458195,0.280511,-0.389586,0.391760,0.784895
3466528,0.283411,-0.388682,0.393370,0.783495
3474861,0.286056,-0.388836,0.393696,0.782293
3483194,0.289390,-0.388331,0.395360,0.780476
3491527,0.292301,-0.388544,0.396781,0.778562
3499860,0.295704,-0.388444,0.398196,0.776602
3508193,0.298923,-0.388828,0.399561,0.774473
3516526,0.301522,-0.389733,0.399564,0.773008
3524859,0.303903,-0.390670,0.398862,0.771965
3533192,0.307489,-0.390824,0.399971,0.769890
3541525,0.309848,-0.391719,0.399386,0.768792
3549858,0.311659,-0.392772,0.397591,0.768453
3558191,0.313761,-0.393407,0.396121,0.768032
3566524,0.315263,-0.394594,0.393198,0.768310
3574857,0.316893,-0.395812,0.390275,0.768503
3583190,0.318901,-0.396927,0.388073,0.768213
3591523,0.320836,-0.398192,0.386276,0.767658
3599856,0.323355,-0.399249,0.384770,0.766808
3608189,0.325152,-0.401245,0.381873,0.766454
3616522,0.327953,-0.402461,0.381233,0.764940
3624855,0.330279,-0.404606,0.379404,0.763716
3633188,0.333558,-0.405522,0.379709,0.761651
3641521,0.336753,-0.406905,0.380365,0.759176
3649854,0.340052,-0.408039,0.381556,0.756494
3658187,0.343769,-0.408487,0.383894,0.753383
3666520,0.347553,-0.408858,0.386899,0.749901
3674853,0.349876,-0.410468,0.387811,0.747466
3683186,0.353168,-0.411211,0.390458,0.744124
3691519,0.356147,-0.412442,0.392015,0.741198
3699852,0.358096,-0.414344,0.392241,0.739076
3708185,0.359823,-0.416227,0.392369,0.737109
3716518,0.360544,-0.418494,0.391149,0.736121
3724851,0.362225,-0.420004,0.390530,0.734763
3733184,0.364039,-0.421278,0.390607,0.733094
3741517,0.363121,-0.425763,0.385564,0.733628
3749850,0.362590,-0.429161,0.381468,0.734051
3758183,0.362271,-0.431886,0.377964,0.734423
3766516,0.363464,-0.434022,0.375914,0.733626
3774849,0.364316,-0.436227,0.373535,0.733111
3783182,0.365554,-0.437979,0.371849,0.732307
3791515,0.366893,-0.439927,0.369860,0.731476
3799848,0.368383,-0.441600,0.368443,0.730433
3808181,0.370421,-0.442847,0.367965,0.728887
3816514,0.372535,-0.443939,0.367402,0.727428
3824847,0.375172,-0.444893,0.367111,0.725634
3833180,0.378123,-0.445461,0.367348,0.723631
3841513,0.381127,-0.446094,0.367435,0.721619
3849846,0.383585,-0.446897,0.366922,0.720079
3858179,0.386480,-0.447496,0.367118,0.718056
3866512,0.388624,-0.448476,0.366101,0.716806
3874845,0.390397,-0.449532,0.364651,0.715919
3883178,0.392696,-0.450407,0.363831,0.714528
3891511,0.394358,-0.451740,0.362472,0.713462
3899844,0.395725,-0.452960,0.360906,0.712725
3908177,0.396776,-0.454318,0.359021,0.712227
3916510,0.397215,-0.456041,0.356730,0.712033
3924843,0.397630,-0.457896,0.354343,0.711803
3933176,0.397496,-0.459841,0.351784,0.711893
3941509,0.397404,-0.461661,0.349608,0.711838
3949842,0.396826,-0.463497,0.347176,0.712157
3958175,0.396351,-0.465333,0.345164,0.712202
3966508,0.395379,-0.467517,0.342838,0.712437
3974841,0.393685,-0.469551,0.340256,0.713274
3983174,0.391944,-0.471706,0.337756,0.713999
3991507,-0.389851,0.473803,-0.335376,-0.714877
3999840,-0.387649,0.475768,-0.333200,-0.715787
4008173,-0.384701,0.477890,-0.330826,-0.717064
4016505,-0.381531,0.479898,-0.328294,-0.718578
4024839,-0.378233,0.481803,-0.325923,-0.720125
4033172,-0.375139,0.483206,-0.324573,-0.721412
4041505,-0.371364,0.485048,-0.322826,-0.722911
4049838,-0.366528,0.487617,-0.319158,-0.725275
4058170,-0.362035,0.489682,-0.316301,-0.727389
4066504,-0.357567,0.491385,-0.314338,-0.729300
4074837,-0.352018,0.493239,-0.311681,-0.731884
4083170,-0.347389,0.494842,-0.309796,-0.733811
4091503,-0.342103,0.496238,-0.307727,-0.736219
4099836,0.337645,-0.497291,0.306810,0.737947
4108169,0.333027,-0.498307,0.305754,0.739796
4116501,0.328308,-0.498844,0.305293,0.741731
4124835,0.322406,-0.500426,0.303592,0.743949
4133168,0.316954,-0.501774,0.302136,0.745974
4141501,0.312358,-0.502635,0.301159,0.747725
4149834,0.305363,-0.504658,0.299033,0.750102
4158166,0.299002,-0.506441,0.296839,0.752331
4166500,0.293004,-0.508124,0.294654,0.754412
4174833,0.285294,-0.511466,0.290332,0.756781
4183166,0.278478,-0.514092,0.286734,0.758909
4191499,0.272406,-0.516566,0.283233,0.760746
4199832,0.263948,-0.519514,0.277765,0.763730
4208165,0.255474,-0.522278,0.272464,0.766630
4216498,0.247487,-0.525119,0.267184,0.769164
4224831,0.237990,-0.527958,0.260625,0.772461
4233164,0.227882,-0.530788,0.252891,0.776131
4241497,0.218514,-0.533409,0.246336,0.779131
4249830,0.210262,-0.535593,0.240085,0.781850
4258163,0.200556,-0.538168,0.232425,0.784940
4266496,0.189278,-0.540387,0.223844,0.788701
4274829,0.179707,-0.542111,0.216918,0.791687
4283162,0.169516,-0.544227,0.208828,0.794652
4291495,0.159262,-0.545826,0.200266,0.797874
4299828,-0.150193,0.546761,-0.192636,-0.800865
4308161,-0.142659,0.547714,-0.186484,-0.803045
4316494,-0.132393,0.548534,-0.178557,-0.806040
4324827,-0.122712,0.549293,-0.170655,-0.808762
4333160,-0.113211,0.549218,-0.163802,-0.811611
4341493,-0.105031,0.548834,-0.157197,-0.814272
4349826,-0.096100,0.548117,-0.150501,-0.817118
4358159,-0.086644,0.546990,-0.143882,-0.820118
4366492,-0.079432,0.545649,-0.139705,-0.822460
4374825,-0.070723,0.543904,-0.134408,-0.825289
4383158,-0.064017,0.542092,-0.130558,-0.827643
4391491,-0.056577,0.540210,-0.127006,-0.829965
4399824,-0.050338,0.538165,-0.126273,-0.831805
4408157,-0.042288,0.535902,-0.123099,-0.834187
4416490,-0.037819,0.534022,-0.124055,-0.835465
4424823,-0.031741,0.532022,-0.122914,-0.837161
4433156,-0.026065,0.529538,-0.124294,-0.838726
4441489,-0.021938,0.527603,-0.127768,-0.839541
4449822,-0.017044,0.525963,-0.128948,-0.840503
4458155,-0.011993,0.524521,-0.129105,-0.841466
4466488,-0.008069,0.523095,-0.132088,-0.841938
4474821,-0.003259,0.521773,-0.133829,-0.842515
4483154,0.001522,0.520001,-0.134013,-0.843586
4491487,0.006152,0.518619,-0.134902,-0.844274
4499820,0.009236,0.517672,-0.139903,-0.844013
4508153,0.013480,0.516662,-0.141537,-0.844302
4516486,0.018927,0.515958,-0.141094,-0.844702
4524819,0.022925,0.514604,-0.141500,-0.845361
4533152,0.028083,0.513779,-0.141594,-0.845691
4541485,0.034024,0.513266,-0.140897,-0.845901
4549818,0.039068,0.512209,-0.139715,-0.846520
4558151,0.045504,0.511244,-0.137533,-0.847138
4566484,0.051073,0.510973,-0.136323,-0.847180
4574817,0.058002,0.510038,-0.132537,-0.847898
4583150,0.063457,0.509301,-0.130742,-0.848229
4591483,0.069427,0.508890,-0.129020,-0.848271
4599816,0.075399,0.508212,-0.125355,-0.848718
4608149,0.081763,0.507822,-0.121179,-0.848968
4616482,0.087475,0.507692,-0.119194,-0.848758
4624815,0.093733,0.507605,-0.115807,-0.848611
4633148,0.099303,0.507890,-0.113307,-0.848144
4641481,0.104357,0.508171,-0.110088,-0.847793
4649814,0.110939,0.508931,-0.106241,-0.846991
4658147,0.116493,0.509749,-0.102261,-0.846244
4666480,0.122731,0.510722,-0.097649,-0.845320
4674813,0.128421,0.511564,-0.094359,-0.844338
4683146,0.136185,0.512478,-0.086966,-0.843360
4691479,0.144636,0.513583,-0.080230,-0.841948
4699812,0.152787,0.514611,-0.075683,-0.840300
4708145,0.162142,0.514518,-0.065059,-0.839493
4716478,0.171983,0.514524,-0.056088,-0.838177
4724811,0.183603,0.514786,-0.047373,-0.836087
4733144,0.194654,0.514621,-0.038380,-0.834148
4741477,0.206973,0.513718,-0.028860,-0.832119
4749810,0.218062,0.514214,-0.022699,-0.829167
4758143,0.229799,0.514158,-0.014307,-0.826214
4766476,0.242226,0.513359,-0.004044,-0.823270
4774809,0.254561,0.512588,0.006241,-0.820008
4783142,0.266231,0.511896,0.015452,-0.816606
4791475,0.276844,0.512070,0.023243,-0.812774
4799808,0.287540,0.511881,0.031705,-0.808884
4808141,0.297315,0.512012,0.039373,-0.804921
4816474,0.306293,0.512218,0.046752,-0.801019
4824807,0.314529,0.512658,0.053649,-0.797104
4833140,0.321864,0.513189,0.059923,-0.793379
4841473,0.329029,0.513759,0.066499,-0.789537
4849806,0.334889,0.514985,0.071076,-0.785868
4858139,0.341460,0.514956,0.077751,-0.782419
4866472,0.346306,0.515871,0.082655,-0.779177
4874805,0.350263,0.517876,0.086251,-0.775681
4883138,0.353908,0.519506,0.090068,-0.772496
4891471,0.357771,0.520721,0.093580,-0.769475
4899804,0.360747,0.522572,0.096491,-0.766466
4908137,0.364527,0.523589,0.101626,-0.763313
4916470,0.367835,0.524805,0.106395,-0.760235
4924803,0.371290,0.525720,0.111897,-0.757127
4933136,0.375284,0.526339,0.117234,-0.753913
4941469,0.379096,0.526709,0.123497,-0.750741
4949802,0.383267,0.526861,0.130132,-0.747388
4958135,0.387651,0.526782,0.137018,-0.743945
4966468,0.392507,0.526475,0.144182,-0.740253
4974801,0.397720,0.525571,0.152281,-0.736481
4983134,0.402462,0.524974,0.159743,-0.732740
4991467,0.407212,0.524259,0.167120,-0.728973
4999800,0.412154,0.523212,0.175266,-0.725024
5008133,0.417270,0.522547,0.182642,-0.720744
5016466,0.422559,0.521264,0.190999,-0.716412
5024799,0.427147,0.520854,0.198250,-0.712007
5033132,0.431394,0.520184,0.205334,-0.707916
5041465,0.436179,0.519119,0.212737,-0.703567
5049798,0.440951,0.517814,0.220526,-0.699142
5058131,0.445977,0.516433,0.228151,-0.694513
5066464,0.450794,0.515258,0.235597,-0.689774
5074797,0.456014,0.513899,0.242748,-0.684859
5083130,0.461093,0.512613,0.249467,-0.679991
5091463,0.466591,0.511046,0.256634,-0.674732
5099796,0.472303,0.509818,0.263010,-0.669209
5108129,0.478307,0.508272,0.269814,-0.663387
5116462,0.484497,0.506455,0.276474,-0.657517
5124795,0.491001,0.504086,0.283560,-0.651467
5133128,0.498014,0.501613,0.290308,-0.645049
5141461,0.505281,0.498748,0.297416,-0.638346
5149794,0.512385,0.496164,0.304151,-0.631486
5158127,0.519098,0.494164,0.309842,-0.624770
5166460,0.525584,0.492680,0.314565,-0.618123
5174793,0.533681,0.489303,0.321401,-0.610301
5183126,0.541221,0.486381,0.327292,-0.602821
5191459,0.548265,0.484566,0.332065,-0.595260
5199792,0.554963,0.483035,0.335773,-0.588175
5208125,0.561741,0.481081,0.340006,-0.580865
5216458,0.567884,0.479664,0.343010,-0.574260
5224791,0.574484,0.477822,0.346915,-0.566837
5233124,0.581223,0.476327,0.349549,-0.559561
5241457,0.587713,0.474429,0.352934,-0.552221
5249790,0.593062,0.473956,0.354708,-0.545734
5258123,0.598901,0.472662,0.357030,-0.538923
5266456,0.604181,0.472727,0.358405,-0.532015
5274789,0.610783,0.470208,0.362526,-0.523854
5283122,0.616635,0.468312,0.365068,-0.516886
5291455,0.621592,0.467637,0.365918,-0.510924
5299788,0.626919,0.465963,0.367666,-0.504651
5308121,0.632833,0.463594,0.370310,-0.497467
5316454,0.637797,0.462386,0.372559,-0.490524
5324787,0.643196,0.459725,0.375127,-0.483974
5333120,0.649159,0.456252,0.378171,-0.476879
5341453,0.655052,0.452374,0.381610,-0.469722
5349786,0.661122,0.447856,0.385075,-0.462666
5358119,0.666322,0.444373,0.388003,-0.456072
5366452,0.671637,0.440380,0.391122,-0.449436
5374785,0.676054,0.437043,0.393225,-0.444206
5383118,0.682079,0.431686,0.396773,-0.437020
5391451,0.687063,0.427111,0.399254,-0.431413
5399784,0.691754,0.423397,0.401514,-0.425439
5408117,0.695504,0.420675,0.402781,-0.420803
5416450,0.699536,0.417403,0.404197,-0.415991
5424783,0.703827,0.414322,0.406055,-0.409982
5433116,0.707279,0.412504,0.406749,-0.405157
5441449,0.710563,0.411408,0.407047,-0.400196
5449782,0.712821,0.410981,0.407374,-0.396266
5458115,0.716865,0.409088,0.407449,-0.390817
5466448,0.720365,0.406766,0.408522,-0.385650
5474781,0.723814,0.404602,0.409841,-0.380027
5483114,0.725687,0.407009,0.407480,-0.376406
5491447,0.727193,0.409139,0.406380,-0.372358
5499780,0.730573,0.407664,0.407282,-0.366326
5508113,0.733203,0.408127,0.406540,-0.361346
5516446,0.735811,0.409138,0.405735,-0.355764
5524779,0.737780,0.411001,0.405110,-0.350206
5533112,0.740003,0.412087,0.405214,-0.344066
5541445,0.742685,0.411756,0.405553,-0.338235
5549778,0.744904,0.412072,0.405793,-0.332636
5558111,0.747429,0.412184,0.405441,-0.327218
5566444,0.750584,0.411427,0.405814,-0.320416
5574777,0.752972,0.410967,0.406711,-0.314207
5583110,0.755282,0.410647,0.407104,-0.308520
5591443,0.757948,0.410128,0.407516,-0.302061
5599776,0.760342,0.409449,0.408534,-0.295520
5608109,0.762847,0.409084,0.409056,-0.288770
5616442,0.766815,0.406263,0.409906,-0.280931
5624775,0.769550,0.404194,0.411152,-0.274542
5633108,0.770910,0.403796,0.412722,-0.268900
5641441,0.772922,0.402376,0.414370,-0.262646
5649774,0.775252,0.400195,0.415885,-0.256647
5658107,0.776745,0.399834,0.416995,-0.250831
5666440,0.778204,0.399315,0.418165,-0.245122
5674773,0.779394,0.399046,0.419329,-0.239730
5683106,0.783413,0.393224,0.421451,-0.232420
5691439,0.783149,0.394453,0.422978,-0.228419
5699772,0.783329,0.394603,0.424933,-0.223869
5708105,0.783988,0.393730,0.427079,-0.218959
5716438,0.784768,0.392407,0.429262,-0.214221
5724771,0.785780,0.390414,0.431703,-0.209186
5733104,0.786226,0.389057,0.434252,-0.204716
5741437,0.787222,0.386705,0.436833,-0.199796
5749770,0.788704,0.383025,0.439857,-0.194329
5758103,0.789514,0.380241,0.443030,-0.189233
5766436,0.790955,0.375971,0.446515,-0.183466
5774769,0.791153,0.373721,0.449826,-0.179070
5783102,0.791760,0.370803,0.452881,-0.174699
5791435,0.791802,0.368687,0.455902,-0.171093
5799768,0.792139,0.365323,0.459468,-0.167165
5808101,0.792063,0.362878,0.462695,-0.163920
5816434,0.792039,0.360456,0.465792,-0.160572
5824767,0.792526,0.356027,0.469937,-0.155908
5833100,0.792307,0.352991,0.473665,-0.152608
5841433,0.791922,0.350246,0.477240,-0.149766
5849766,0.791571,0.347340,0.480837,-0.146856
5858099,0.791474,0.343806,0.484454,-0.143775
5866432,0.790902,0.341369,0.487766,-0.141510
5874765,0.790357,0.338391,0.491419,-0.139047
5883098,0.789996,0.335235,0.494897,-0.136385
5891431,0.789890,0.331618,0.498106,-0.134140
5899764,0.789250,0.329362,0.500995,-0.132698
5908097,0.789036,0.325549,0.504327,-0.130747
5916430,0.789122,0.321744,0.507006,-0.129274
5924763,0.788327,0.319529,0.509802,-0.128622
5933096,0.787683,0.317042,0.512524,-0.127905
5941429,0.787033,0.313511,0.515782,-0.127509
5949762,0.786286,0.309481,0.519446,-0.127087
5958095,0.784787,0.308012,0.522293,-0.128251
5966428,0.782954,0.307706,0.524732,-0.130217
5974761,0.781164,0.306617,0.527375,-0.132830
5983094,0.778372,0.308070,0.529523,-0.137242
5991427,0.775810,0.308901,0.531691,-0.141431
5999760,0.773046,0.310637,0.533325,-0.146523
6008093,0.770718,0.311210,0.535098,-0.151041
6016426,0.767940,0.312916,0.536508,-0.156557
6024759,0.765947,0.312938,0.538078,-0.160835
6033092,0.764577,0.311514,0.539674,-0.164718
6041425,0.762845,0.311755,0.540621,-0.169128
6049758,0.760712,0.313401,0.540947,-0.174565
6058091,0.758946,0.314368,0.541276,-0.179427
6066424,0.757130,0.315199,0.541635,-0.184486
6074757,0.755430,0.316140,0.541949,-0.188871
6083090,0.753901,0.316965,0.542129,-0.193036
6091423,0.752691,0.317137,0.542339,-0.196847
6099756,0.750008,0.320820,0.541827,-0.202451
6108089,0.747597,0.324375,0.540642,-0.208774
6116422,0.745675,0.327268,0.539502,-0.214016
6124755,0.743869,0.329821,0.538586,-0.218638
6133088,0.742288,0.332283,0.537493,-0.222931
6141421,0.741352,0.334163,0.536111,-0.226533
6149754,0.739751,0.336505,0.534961,-0.230976
6158087,0.738782,0.338334,0.533775,-0.234126
6166420,0.737760,0.340171,0.532393,-0.237805
6174753,0.736530,0.342533,0.530680,-0.242021
6183086,0.735683,0.344311,0.529110,-0.245483
6191419,0.734222,0.346766,0.527973,-0.248830
6199752,0.733304,0.349319,0.525896,-0.252338
6208085,0.731874,0.351309,0.524549,-0.256498
6216418,0.730764,0.352730,0.523726,-0.259376
6224751,0.729870,0.354809,0.522005,-0.262507
6233084,0.728893,0.355892,0.521166,-0.265408
6241417,0.729218,0.354480,0.521174,-0.266389
6249750,0.727818,0.356522,0.519897,-0.269963
6258083,0.726434,0.359077,0.518125,-0.273685
6266416,0.725752,0.360148,0.517059,-0.276092
6274749,0.725628,0.359801,0.516482,-0.277947
6283082,0.725772,0.358372,0.516765,-0.278889
6291415,0.725008,0.359821,0.515408,-0.281510
6299748,0.724377,0.360333,0.514781,-0.283619
6308081,0.724218,0.359971,0.514411,-0.285149
6316414,0.723152,0.361544,0.513313,-0.287830
6324747,0.722232,0.362764,0.512486,-0.290071
6333080,0.721508,0.362497,0.512504,-0.292168
6341413,0.721238,0.360957,0.513260,-0.293411
6349746,0.720911,0.361911,0.512094,-0.295072
6358079,0.720190,0.362603,0.511458,-0.297079
6366412,0.720233,0.361737,0.511531,-0.297903
6374745,0.719879,0.361913,0.510877,-0.299662
6383078,0.719332,0.362758,0.510020,-0.301410
6391411,0.718351,0.363811,0.509098,-0.304027
6399744,0.717818,0.364338,0.508688,-0.305337
6408077,0.716502,0.367399,0.506378,-0.308584
6416410,0.715449,0.369475,0.504790,-0.311141
6424743,0.714396,0.371963,0.502872,-0.313690
6433076,0.713491,0.373836,0.501565,-0.315610
6441409,0.712579,0.375169,0.500658,-0.317523
6449742,0.711463,0.377987,0.498615,-0.319888
6458075,0.710604,0.379788,0.497458,-0.321463
6466408,0.709581,0.382066,0.496000,-0.323271
6474741,0.708144,0.385212,0.494164,-0.325492
6483074,0.707254,0.386949,0.493214,-0.326807
6491407,0.706612,0.388400,0.492480,-0.327580
6499740,0.706526,0.388837,0.491951,-0.328041
6508073,0.705210,0.391904,0.490174,-0.329878
6516406,0.705097,0.392374,0.489844,-0.330053
6524739,0.705081,0.392917,0.489677,-0.329688
6533072,0.705408,0.392922,0.489402,-0.329390
6541405,0.705727,0.392856,0.489491,-0.328652
6549738,0.706258,0.392068,0.489836,-0.327936
6558071,0.706516,0.392252,0.489505,-0.327654
6566404,0.706918,0.392091,0.489484,-0.327012
6574737,0.707044,0.392053,0.489331,-0.327015
6583070,0.707614,0.391000,0.489840,-0.326280
6591403,0.707616,0.391225,0.490157,-0.325528
6599736,0.707457,0.391253,0.490240,-0.325714
6608069,0.706975,0.392003,0.490338,-0.325712
6616402,0.706975,0.391655,0.490883,-0.325310
6624735,0.704899,0.395409,0.489639,-0.327143
6633068,0.703492,0.397906,0.488718,-0.328519
6641401,0.702676,0.399290,0.488558,-0.328825
6649734,0.702034,0.400385,0.488257,-0.329311
6658067,0.701611,0.401095,0.488320,-0.329255
6666400,0.701398,0.401395,0.488678,-0.328811
6674733,0.701611,0.400679,0.489538,-0.327950
6683066,0.701438,0.400665,0.490093,-0.327507
6691399,0.703941,0.395665,0.493043,-0.323766
6699732,0.704397,0.394465,0.494331,-0.322272
6708065,0.703727,0.394869,0.495143,-0.321992
6716398,0.703724,0.394138,0.496503,-0.320800
6724731,0.704037,0.392736,0.498248,-0.319122
6733064,0.704051,0.391602,0.500076,-0.317622
6741397,0.704791,0.389287,0.502107,-0.315617
6749730,0.705243,0.387491,0.504065,-0.313691
6758063,0.705386,0.386607,0.505044,-0.312884
6766396,0.706602,0.383675,0.507315,-0.310062
6774729,0.709004,0.378823,0.510648,-0.305033
6783062,0.710711,0.375482,0.513576,-0.300238
6791395,0.712163,0.373142,0.515403,-0.296563
6799728,0.713841,0.370490,0.517250,-0.292611
6808061,0.716082,0.367064,0.519204,-0.287955
6816394,0.719089,0.362084,0.521618,-0.282347
6824727,0.723351,0.354831,0.524815,-0.274640
6833060,0.726722,0.349415,0.526902,-0.268624
6841393,0.730446,0.343729,0.528634,-0.262384
6849726,0.732967,0.340679,0.529393,-0.257761
6858059,0.737153,0.334602,0.530490,-0.251451
6866392,0.740011,0.331438,0.530718,-0.246721
6874725,0.743627,0.326753,0.531106,-0.241200
6883058,0.746699,0.323490,0.530789,-0.236764
6891391,0.750374,0.319488,0.530408,-0.231374
6899724,0.753628,0.317145,0.529132,-0.226900
6908057,0.756504,0.315800,0.527301,-0.223441
6916390,0.759662,0.314173,0.525334,-0.219620
6924723,0.762617,0.313136,0.523179,-0.215974
6933056,0.765203,0.313855,0.520205,-0.212946
6941389,0.767761,0.313972,0.517658,-0.209751
6949722,0.770353,0.314479,0.514661,-0.206840
6958055,0.772294,0.316560,0.511533,-0.204170
6966388,0.773787,0.319726,0.507810,-0.202872
6974721,0.775291,0.322852,0.504137,-0.201336
6983054,0.777134,0.325147,0.500586,-0.199387
6991387,0.778058,0.329283,0.496973,-0.198030
6999720,0.779880,0.331705,0.493456,-0.195601
7008053,0.781588,0.333921,0.490259,-0.193036
7016386,0.783243,0.336194,0.487039,-0.190517
7024719,0.784386,0.339392,0.483665,-0.188731
7033052,0.785658,0.341318,0.480954,-0.186885
7041385,0.787108,0.343330,0.477834,-0.185094
7049718,0.788652,0.345134,0.474879,-0.182758
7058051,0.790779,0.345029,0.472349,-0.180307
7066384,0.792018,0.346689,0.469736,-0.178501
7074717,0.793651,0.347159,0.467320,-0.176668
7083050,0.795790,0.346293,0.465062,-0.174692
7091383,0.798284,0.344770,0.462986,-0.171817
7099716,0.799609,0.345303,0.460672,-0.170800
7108049,0.800734,0.345744,0.458541,-0.170372
7116382,0.802656,0.344267,0.456723,-0.169195
7124715,0.804500,0.343067,0.454682,-0.168374
7133048,0.806064,0.342291,0.452651,-0.167942
7141381,0.807067,0.342271,0.450773,-0.168217
7149714,0.807973,0.342628,0.448534,-0.169123
7158047,0.808435,0.343295,0.446687,-0.170447
7166380,0.809068,0.343285,0.445194,-0.171366
7174713,0.809484,0.343354,0.443841,-0.172771
7183046,0.809540,0.344331,0.442231,-0.174680
7191379,0.809569,0.345386,0.440460,-0.176921
7199712,0.809630,0.345553,0.439620,-0.178400
7208045,0.809426,0.346066,0.438586,-0.180860
7216378,0.808749,0.347977,0.437032,-0.183958
7224711,0.808283,0.348927,0.436205,-0.186155
7233044,0.807629,0.350267,0.435230,-0.188740
7241377,0.806946,0.351263,0.434577,-0.191299
7249710,0.806047,0.353002,0.433727,-0.193801
7258043,0.805678,0.353239,0.433515,-0.195373
7266376,0.805273,0.353744,0.433019,-0.197219
7274709,0.804859,0.354090,0.432540,-0.199327
7283042,0.803783,0.356514,0.431242,-0.202140
7291375,0.802657,0.359191,0.429783,-0.204965
7299708,0.801817,0.361117,0.428562,-0.207410
7308041,0.800977,0.362683,0.427712,-0.209663
7316374,0.800603,0.363069,0.427374,-0.211111
7324707,0.800501,0.362737,0.427273,-0.212269
7333040,0.799854,0.363549,0.427074,-0.213713
7341373,0.799062,0.364146,0.427130,-0.215543
7349706,0.797875,0.365012,0.427577,-0.217578
7358039,0.797222,0.364847,0.428434,-0.218560
7366372,0.796219,0.364870,0.429545,-0.219990
7374705,0.795115,0.364688,0.430959,-0.221516
7383038,0.794807,0.363352,0.432442,-0.221927
7391371,0.793304,0.363671,0.434151,-0.223439
7399704,0.791872,0.363356,0.436009,-0.225403
7408037,0.792043,0.359885,0.438675,-0.225201
7416370,0.791154,0.358269,0.441214,-0.225943
7424703,0.790024,0.356269,0.444276,-0.227051
7433036,0.789126,0.353886,0.447285,-0.227995
7441369,0.788934,0.350317,0.450571,-0.227700
7449702,0.788069,0.347280,0.454121,-0.228295
7458035,0.786807,0.345438,0.457108,-0.229477
7466368,0.786220,0.341927,0.460570,-0.229826
7474701,0.784520,0.340724,0.463415,-0.231694
7483034,0.782585,0.339618,0.466666,-0.233331
7491367,0.780241,0.339081,0.469697,-0.235866
7499700,0.777934,0.338765,0.472334,-0.238659
7508033,0.776264,0.337148,0.475322,-0.240445
7516366,0.774265,0.336440,0.477922,-0.242719
7524699,0.771873,0.336229,0.480390,-0.245739
7533032,0.769734,0.335657,0.482711,-0.248663
7541365,0.767852,0.334591,0.485230,-0.251007
7549698,0.766150,0.332985,0.487897,-0.253165
7558031,0.764433,0.331710,0.490228,-0.255515
7566364,0.762377,0.331311,0.492053,-0.258646
7574697,0.760523,0.331243,0.493570,-0.261289
7583030,0.759029,0.330263,0.494929,-0.264284
7591363,0.757313,0.330204,0.495927,-0.267392
7599696,0.756053,0.329454,0.497036,-0.269814
7608029,0.754570,0.329097,0.497817,-0.272943
7616362,0.752831,0.329670,0.498374,-0.276019
7624695,0.751426,0.330189,0.498609,-0.278790
7633028,0.749519,0.332268,0.497688,-0.283063
7641361,0.747799,0.333842,0.496918,-0.287085
7649694,0.746035,0.335518,0.496182,-0.290969
7658027,0.744675,0.336663,0.495691,-0.293952
7666360,0.743338,0.338078,0.494697,-0.297366
7674693,0.742113,0.339420,0.493434,-0.300974
7683026,0.740511,0.341481,0.491982,-0.304938
7691359,0.739961,0.341926,0.491138,-0.307129
7699692,0.737587,0.345421,0.489033,-0.312245
7708025,0.735719,0.348229,0.487089,-0.316540
7716358,0.734466,0.350353,0.485332,-0.319790
7724691,0.733130,0.352377,0.483710,-0.323072
7733024,0.731566,0.354875,0.482077,-0.326307
7741357,0.729786,0.357526,0.480279,-0.330030
7749690,0.728562,0.359352,0.478798,-0.332891
7758023,0.727224,0.361543,0.477132,-0.335823
7766356,0.725578,0.364218,0.475316,-0.339053
7774689,0.724148,0.366493,0.473853,-0.341695
7783022,0.722913,0.368184,0.472860,-0.343861
7791355,0.722381,0.368700,0.472348,-0.345127
7799688,0.721618,0.369733,0.471592,-0.346649
7808021,0.721103,0.370403,0.471205,-0.347532
7816354,0.720629,0.371199,0.470635,-0.348436
7824687,0.720391,0.371324,0.470507,-0.348967
7833020,0.720271,0.371415,0.470338,-0.349346
7841353,0.720052,0.371868,0.469900,-0.349904
7849686,0.720264,0.371958,0.469711,-0.349627
7858019,0.720533,0.371592,0.469884,-0.349229
7866352,0.721019,0.371713,0.469692,-0.348353
7874685,0.721684,0.370740,0.470148,-0.347396
7883018,0.721851,0.370705,0.470126,-0.347117
7891351,0.722145,0.370534,0.469950,-0.346927
7899684,0.722252,0.370964,0.469821,-0.346420
7908017,0.722768,0.370536,0.469887,-0.345711
7916350,0.723020,0.370516,0.470006,-0.345043
7924683,0.723509,0.369471,0.470723,-0.344160
7933016,0.723504,0.369291,0.471048,-0.343918
7941349,0.723538,0.369059,0.471320,-0.343723
7949682,0.724064,0.367374,0.472468,-0.342844
7958015,0.724540,0.365713,0.473561,-0.342105
7966348,0.725306,0.363861,0.474455,-0.341215
7974681,0.726549,0.361261,0.475665,-0.339648
7983014,0.727832,0.358883,0.476762,-0.337879
7991347,0.729127,0.356741,0.477451,-0.336377
7999680,0.730926,0.353699,0.478393,-0.334340
8008013,0.732510,0.351679,0.478885,-0.332294
8016346,0.734056,0.350331,0.479058,-0.330049
8024679,0.735520,0.349354,0.479082,-0.327783
8033011,0.736402,0.349947,0.478402,-0.326161
8041345,0.737475,0.350493,0.477671,-0.324214
8049678,0.738663,0.351498,0.476826,-0.321656
8058011,0.739899,0.352562,0.475993,-0.318874
8066344,0.740727,0.354289,0.474906,-0.316649
8074676,0.741372,0.356585,0.473743,-0.314295
8083010,0.742042,0.359113,0.472496,-0.311702
8091343,0.742683,0.361686,0.471143,-0.309240
8099676,0.744327,0.362426,0.470563,-0.305277
8108009,0.745579,0.364604,0.469406,-0.301387
8116341,0.747256,0.366045,0.468308,-0.297165
8124675,0.749393,0.365858,0.468280,-0.292014
8133008,0.751961,0.365374,0.467992,-0.286427
8141341,0.754306,0.365036,0.467631,-0.281231
8149674,0.757062,0.363754,0.467628,-0.275435
8158007,0.759507,0.363291,0.467349,-0.269728
8166340,0.762050,0.362483,0.467144,-0.263935
8174673,0.764329,0.362513,0.466445,-0.258485
8183006,0.766801,0.362036,0.465964,-0.252633
8191338,0.768653,0.362892,0.464785,-0.247904
8199672,0.771538,0.361301,0.464954,-0.240850
8208005,0.773589,0.361277,0.464432,-0.235248
8216338,0.775008,0.362360,0.463542,-0.230622
8224671,0.777112,0.362087,0.462946,-0.225102
8233003,0.778415,0.363623,0.461750,-0.220534
8241337,0.778861,0.366731,0.460192,-0.217041
8249670,0.780707,0.366479,0.459763,-0.211679
8258003,0.782866,0.365322,0.459638,-0.205897
8266336,0.785402,0.363195,0.459582,-0.200042
8274668,0.788008,0.360865,0.459565,-0.193957
8283002,0.789398,0.361085,0.458917,-0.189377
8291335,0.790622,0.360918,0.458705,-0.185053
8299668,0.792009,0.360078,0.458614,-0.180940
8308001,0.793626,0.358669,0.458729,-0.176300
8316333,0.795808,0.355545,0.459370,-0.171043
8324667,0.798130,0.352018,0.459987,-0.165783
8333000,0.799089,0.351562,0.459974,-0.162127
8341333,0.800204,0.350617,0.459942,-0.158730
8349666,0.801267,0.349153,0.459959,-0.156531
8357998,0.801870,0.349161,0.459630,-0.154370
8366332,0.802591,0.349060,0.459281,-0.151874
8374665,0.802330,0.350839,0.458739,-0.150789
8382998,0.802407,0.352161,0.458110,-0.149196
8391331,0.802955,0.352087,0.457669,-0.147775
8399664,0.803602,0.351711,0.457339,-0.146163
8407997,0.803789,0.352482,0.456635,-0.145475
8416330,0.804177,0.352997,0.455813,-0.144657
8424663,0.804583,0.353713,0.454791,-0.143870
8432996,0.804644,0.355252,0.453583,-0.143549
8441329,0.804758,0.356325,0.452611,-0.143316
8449662,0.804759,0.357808,0.451469,-0.143219
8457995,0.804922,0.358855,0.450385,-0.143099
8466328,0.805326,0.359588,0.449160,-0.142836
8474661,0.805399,0.360607,0.448193,-0.142888
8482994,0.805662,0.360886,0.447468,-0.142973
8491327,0.805978,0.361193,0.446571,-0.143225
8499660,0.806620,0.360887,0.445754,-0.142924
8507993,0.807114,0.360602,0.444991,-0.143232
8516326,0.807450,0.360404,0.444441,-0.143552
8524659,0.808132,0.359757,0.443638,-0.143816
8532992,0.808708,0.358986,0.443157,-0.143987
8541325,0.809593,0.357280,0.442775,-0.144429
8549658,0.809983,0.356440,0.442313,-0.145733
8557991,0.810197,0.355492,0.442242,-0.147066
8566324,0.809835,0.355590,0.442047,-0.149390
8574657,0.809151,0.355803,0.441917,-0.152928
8582990,0.808512,0.355199,0.442544,-0.155875
8591323,0.806713,0.356615,0.443145,-0.160191
8599656,0.805061,0.357293,0.444149,-0.164163
8607989,0.802912,0.358164,0.445569,-0.168877
8616322,0.800686,0.358905,0.446902,-0.174262
8624655,0.797973,0.360428,0.448359,-0.179734
8632988,0.795010,0.362115,0.449737,-0.185926
8641321,0.792145,0.362850,0.451788,-0.191661
8649654,0.789363,0.363426,0.453746,-0.197335
8657987,0.786850,0.363429,0.455765,-0.202645
8666320,0.784563,0.362358,0.458330,-0.207584
8674653,0.782836,0.360416,0.460906,-0.211742
8682986,0.781230,0.358141,0.463553,-0.215717
8691319,0.779660,0.355414,0.466526,-0.219467
8699652,0.779149,0.350330,0.470142,-0.221725
8707985,0.778452,0.345952,0.473289,-0.224337
8716318,0.777826,0.341388,0.476705,-0.226259
8724651,0.777036,0.336993,0.479910,-0.228774
8732984,0.776133,0.332922,0.482952,-0.231382
8741317,0.774873,0.329475,0.485983,-0.234176
8749650,0.773136,0.326968,0.488685,-0.237781
8757983,0.771696,0.324187,0.491250,-0.240961
8766316,0.770530,0.321206,0.493767,-0.243524
8774649,0.768311,0.320622,0.495433,-0.247882
8782982,0.765854,0.320295,0.496995,-0.252734
8791315,0.763389,0.320231,0.498356,-0.257545
8799648,0.760467,0.321404,0.499357,-0.262738
8807981,0.757147,0.323240,0.500097,-0.268601
8816314,0.754023,0.324175,0.501397,-0.273789
8824647,0.751467,0.325123,0.502125,-0.278321
8832980,0.748765,0.326599,0.502564,-0.283043
8841313,0.746133,0.327598,0.503263,-0.287563
8849646,0.744041,0.327439,0.504245,-0.291416
8857979,0.742220,0.326854,0.505528,-0.294479
8866312,0.740587,0.326598,0.506502,-0.297186
8874645,0.738856,0.327269,0.506722,-0.300366
8882978,0.737275,0.327538,0.507110,-0.303287
8891311,0.736121,0.327651,0.507477,-0.305348
8899644,0.735562,0.326330,0.508497,-0.306413
8907977,0.734887,0.325622,0.509233,-0.307559
8916310,0.733953,0.325986,0.509378,-0.309160
8924643,0.733049,0.326876,0.509141,-0.310752
8932976,0.732382,0.327436,0.509042,-0.311896
8941309,0.731715,0.328316,0.508622,-0.313219
8949642,0.730965,0.329673,0.507976,-0.314589
8957975,0.730288,0.331199,0.507175,-0.315850
8966308,0.729611,0.332841,0.506400,-0.316927
8974641,0.728953,0.334624,0.505322,-0.318283
8982974,0.728556,0.335939,0.504841,-0.318568
8991307,0.728132,0.337399,0.503969,-0.319375
8999640,0.727799,0.338986,0.503238,-0.319608
9007973,0.727658,0.340106,0.502744,-0.319515
9016306,0.727899,0.340299,0.502636,-0.318929
9024639,0.727435,0.342455,0.501691,-0.319171
9032972,0.727837,0.342578,0.501747,-0.318030
9041305,0.728102,0.342775,0.501896,-0.316975
9049638,0.728275,0.343324,0.501899,-0.315978
9057971,0.728418,0.343966,0.501981,-0.314816
9066304,0.729199,0.343177,0.502813,-0.312534
9074637,0.729847,0.342644,0.503328,-0.310771
9082970,0.730577,0.341915,0.504327,-0.308229
9091303,0.731066,0.341576,0.505120,-0.306141
9099636,0.731614,0.341165,0.506051,-0.303743
9107969,0.732180,0.340331,0.507307,-0.301210
9116302,0.732821,0.339839,0.508511,-0.298161
9124635,0.733271,0.339396,0.509720,-0.295482
9132968,0.733827,0.338517,0.511472,-0.292061
9141301,0.734441,0.338694,0.512275,-0.288890
9149634,0.734764,0.338916,0.513149,-0.286245
9157967,0.735355,0.338820,0.514289,-0.282773
9166300,0.736594,0.337049,0.516099,-0.278334
9174633,0.737751,0.335974,0.517433,-0.274057
9182966,0.738601,0.336187,0.518225,-0.269982
9191299,0.739560,0.335718,0.519337,-0.265770
9199632,0.741474,0.333734,0.520649,-0.260313
9207965,0.743128,0.332158,0.521878,-0.255099
9216298,0.744968,0.330665,0.522644,-0.250053
9224631,0.746965,0.329269,0.523296,-0.244513
9232964,0.749208,0.327394,0.523507,-0.239671
9241297,0.751089,0.327027,0.523188,-0.234931
9249630,0.753202,0.326357,0.522581,-0.230407
9257963,0.756542,0.323293,0.522283,-0.224380
9266296,0.759620,0.321344,0.521276,-0.219060
9274629,0.762181,0.320401,0.520051,-0.214405
9282962,0.764400,0.320258,0.518638,-0.210100
9291295,0.765943,0.321936,0.516651,-0.206784
9299628,0.767846,0.322915,0.514603,-0.203278
9307961,0.769522,0.324692,0.512362,-0.199738
9316294,0.770908,0.326946,0.509954,-0.196858
9324627,0.771928,0.330157,0.507112,-0.194833
9332960,0.772781,0.333615,0.504370,-0.192669
9341293,0.773430,0.337401,0.501615,-0.190653
9349626,0.773564,0.341970,0.498920,-0.189033
9357959,0.774015,0.345706,0.496407,-0.186998
9366292,0.773935,0.350131,0.493939,-0.185629
9374625,0.773892,0.354555,0.491582,-0.183656
9382958,0.774037,0.358086,0.489560,-0.181582
9391291,0.773709,0.361931,0.487777,-0.180148
9399624,0.773581,0.365576,0.486061,-0.177966
9407957,0.774065,0.367764,0.484696,-0.175050
9416290,0.774630,0.369482,0.483551,-0.172076
9424623,0.775485,0.370450,0.482774,-0.168282
9432956,0.776121,0.371707,0.482071,-0.164554
9441289,0.776937,0.372611,0.481338,-0.160760
9449622,0.778022,0.372794,0.480750,-0.156798
9457955,0.779187,0.372836,0.480249,-0.152385
9466288,0.780980,0.371824,0.479839,-0.146873
9474621,0.781854,0.372125,0.479431,-0.142736
9482954,0.782870,0.371747,0.479332,-0.138417
9491287,0.784110,0.371228,0.479038,-0.133736
9499620,0.784626,0.371869,0.478818,-0.129647
9507953,0.785858,0.370872,0.478814,-0.124974
9516286,0.787264,0.369328,0.478968,-0.120010
9524619,0.788850,0.367075,0.479255,-0.115262
9532952,0.790061,0.365683,0.479444,-0.110513
9541285,0.791466,0.363977,0.479471,-0.105877
9549618,0.793300,0.361394,0.479463,-0.100920
9557951,0.794902,0.358830,0.479696,-0.096249
9566284,0.796342,0.356550,0.479817,-0.092121
9574617,0.798117,0.353505,0.479937,-0.087771
9582950,0.800289,0.349435,0.480052,-0.083560
9591283,0.801828,0.346692,0.480077,-0.080011
9599616,0.803427,0.343749,0.480022,-0.076946
9607949,0.804855,0.340963,0.480013,-0.074436
9616282,0.806287,0.338319,0.479777,-0.072497
9624615,0.807393,0.335857,0.479867,-0.071027
9632948,0.808155,0.334078,0.479952,-0.070164
9641281,0.809183,0.331337,0.480233,-0.069387
9649614,0.809920,0.329327,0.480345,-0.069592
9657947,0.810492,0.327707,0.480378,-0.070337
9666280,0.811192,0.325596,0.480495,-0.071276
9674613,0.811804,0.323692,0.480495,-0.072950
9682946,0.812120,0.322436,0.480530,-0.074745
9691279,0.812582,0.320742,0.480577,-0.076684
9699612,0.813257,0.318619,0.480486,-0.078918
9707945,0.813477,0.317503,0.480425,-0.081477
9716278,0.814035,0.315605,0.480362,-0.083624
9724611,0.814646,0.313512,0.480289,-0.085931
9732944,0.815093,0.311806,0.480102,-0.088897
9741277,0.815498,0.310058,0.479994,-0.091829
9749610,0.815949,0.308276,0.479839,-0.094593
9757943,0.816061,0.307249,0.479610,-0.098070
9766276,0.816372,0.305817,0.479268,-0.101561
9774609,0.816407,0.305097,0.478839,-0.105399
9782942,0.816146,0.304902,0.478454,-0.109646
9791275,0.815516,0.305544,0.477997,-0.114434
9799608,0.814947,0.305290,0.477893,-0.119491
9807941,0.814135,0.305439,0.477914,-0.124456
9816274,0.812901,0.306356,0.477913,-0.130142
9824607,0.811998,0.306235,0.478009,-0.135601
9832940,0.810079,0.308037,0.478237,-0.142039
9841273,0.808347,0.308595,0.478927,-0.148237
9849606,0.806402,0.309886,0.479339,-0.154663
9857939,0.804490,0.310766,0.479851,-0.161131
9866272,0.802634,0.311259,0.480638,-0.166984
9874605,0.801082,0.310914,0.481517,-0.172459
9882938,0.799654,0.310146,0.482532,-0.177555
9891271,0.798387,0.309212,0.483402,-0.182452
9899604,0.797400,0.307559,0.484656,-0.186194
9907937,0.796466,0.305526,0.486018,-0.189953
9916270,0.795377,0.304246,0.487412,-0.192974
9924603,0.794385,0.302841,0.488841,-0.195638
9932936,0.794073,0.300140,0.490457,-0.197016
9941269,0.793988,0.297176,0.492105,-0.197743
9949602,0.793529,0.295030,0.493791,-0.198592
9957935,0.792685,0.294055,0.495081,-0.200190
9966268,0.792260,0.292122,0.496615,-0.200906
9974601,0.791004,0.292155,0.497877,-0.202675
9982934,0.789696,0.292331,0.499238,-0.204169
9991267,0.788021,0.293905,0.500025,-0.206442
9999600,0.786345,0.295282,0.500842,-0.208873
10007933,0.784096,0.297927,0.501673,-0.211561
10016266,0.781802,0.300503,0.502432,-0.214581
10024599,0.779952,0.302242,0.503279,-0.216878
10032932,0.777917,0.304411,0.504092,-0.219251
10041265,0.776299,0.305692,0.504875,-0.221391
10049598,0.775224,0.306038,0.505739,-0.222704
10057931,0.773910,0.306195,0.507043,-0.224088
10066264,0.772969,0.305537,0.508398,-0.225162
10074597,0.772298,0.305429,0.509050,-0.226136
10082930,0.771353,0.305312,0.509907,-0.227583
10091263,0.770684,0.304614,0.510883,-0.228595
10099596,0.770021,0.304130,0.511760,-0.229510
10107929,0.769576,0.302684,0.512860,-0.230455
10116262,0.769331,0.301549,0.513482,-0.231373
10124595,0.768745,0.300765,0.514352,-0.232409
10132928,0.768247,0.299951,0.515048,-0.233564
10141261,0.768487,0.297560,0.516072,-0.233570
10149594,0.768072,0.297084,0.516427,-0.234753
10157927,0.767021,0.297867,0.516581,-0.236849
10166260,0.765946,0.298686,0.516555,-0.239342
10174593,0.765014,0.299456,0.516719,-0.241002
10182926,0.763709,0.300879,0.516661,-0.243478
10191259,0.762469,0.302081,0.516654,-0.245878
10199592,0.761324,0.303192,0.516818,-0.247710
10207925,0.760012,0.304472,0.516935,-0.249914
10216258,0.758900,0.305446,0.517102,-0.251753
10224591,0.757951,0.305458,0.517644,-0.253476
10232924,0.757071,0.306046,0.518260,-0.254138
10241257,0.756323,0.306268,0.518936,-0.254718
10249590,0.755795,0.305694,0.520104,-0.254593
10257923,0.755527,0.304635,0.521544,-0.253709
10266256,0.755138,0.303598,0.522864,-0.253393
10274589,0.755105,0.302383,0.524226,-0.252129
10282922,0.754999,0.301012,0.525709,-0.250994
10291255,0.754909,0.300476,0.526849,-0.249512
10299588,0.754789,0.299737,0.528103,-0.248110
10307921,0.754864,0.298918,0.529330,-0.246249
10316254,0.754302,0.299289,0.530300,-0.245433
10324587,0.754166,0.299267,0.531179,-0.243970
10332920,0.754630,0.298059,0.532460,-0.241206
10341253,0.754890,0.297297,0.533475,-0.239082
10349586,0.754738,0.297820,0.534187,-0.237315
10357919,0.754855,0.297794,0.534785,-0.235623
10366252,0.755503,0.296656,0.535557,-0.233213
10374585,0.756475,0.295453,0.535974,-0.230618
10382918,0.757176,0.294936,0.536054,-0.228786
10391251,0.758027,0.294339,0.536165,-0.226465
10399584,0.758838,0.294392,0.535909,-0.224276
10407917,0.760056,0.293430,0.535681,-0.221944
10416250,0.761635,0.291988,0.535275,-0.219398
10424583,0.762588,0.292347,0.534503,-0.217483
10432916,0.764064,0.291950,0.533566,-0.215124
10441249,0.765604,0.291889,0.532394,-0.212621
10449582,0.766863,0.293156,0.530598,-0.210822
10457915,0.768125,0.294779,0.528454,-0.209345
10466248,0.769379,0.296987,0.526077,-0.207597
10474581,0.770946,0.299047,0.523167,-0.206178
10482914,0.772324,0.301899,0.520136,-0.204526
10491247,0.773414,0.305693,0.516678,-0.203538
10499580,0.774610,0.309464,0.513031,-0.202510
10507913,0.775551,0.313856,0.509218,-0.201772
10516246,0.776485,0.318158,0.505409,-0.201018
10524579,0.777345,0.322308,0.501745,-0.200260
10532912,0.777532,0.327958,0.497774,-0.200271
10541245,0.777938,0.332931,0.493981,-0.199881
10549578,0.778589,0.337017,0.490410,-0.199291
10557911,0.778858,0.341962,0.486657,-0.199013
10566244,0.778802,0.347406,0.483076,-0.198529
10574577,0.778405,0.353298,0.479482,-0.198404
10582910,0.777890,0.359214,0.475942,-0.198323
10591243,0.778072,0.363695,0.472529,-0.197600
10599576,0.777880,0.368229,0.469486,-0.197210
10607909,0.777732,0.372597,0.466514,-0.196646
10616242,0.777409,0.377421,0.463311,-0.196295
10624575,0.777794,0.380350,0.460895,-0.194796
10632908,0.778085,0.383383,0.458462,-0.193427
10641241,0.777864,0.386959,0.456168,-0.192617
10649574,0.778428,0.388603,0.454468,-0.191039
10657907,0.779117,0.389992,0.452856,-0.189221
10666240,0.779034,0.392190,0.451590,-0.188041
10674573,0.779335,0.393603,0.450252,-0.187047
10682906,0.779885,0.394390,0.449339,-0.185287
10691239,0.781335,0.393493,0.448578,-0.182912
10699572,0.782491,0.392877,0.447858,-0.181052
10707905,0.783509,0.392204,0.447447,-0.179109
10716238,0.784540,0.391155,0.447076,-0.177815
10724571,0.785470,0.390095,0.446936,-0.176384
10732904,0.786326,0.388930,0.446898,-0.175235
10741237,0.787190,0.387384,0.447021,-0.174465
10749570,0.787512,0.386606,0.447131,-0.174454
10757903,0.788057,0.385104,0.447492,-0.174393
10766236,0.788243,0.384091,0.447702,-0.175243
10774569,0.788584,0.382621,0.448020,-0.176112
10782902,0.788856,0.380965,0.448498,-0.177259
10791235,0.788733,0.380100,0.448714,-0.179107
10799568,0.788820,0.378317,0.449192,-0.181289
10807901,0.788702,0.377138,0.449369,-0.183800
10816234,0.788636,0.375623,0.449591,-0.186625
10824567,0.788194,0.374604,0.449880,-0.189819
10832900,0.787921,0.373230,0.450029,-0.193270
10841233,0.787489,0.372074,0.449928,-0.197449
10849566,0.787064,0.370967,0.449639,-0.201840
10857899,0.786008,0.371028,0.449070,-0.207040
10866232,0.785481,0.369754,0.448852,-0.211741
10874565,0.784473,0.369315,0.448461,-0.217006
10882898,0.782654,0.370563,0.447460,-0.223417
10891231,0.781479,0.370721,0.446635,-0.228850
10899564,0.779819,0.371798,0.445395,-0.235100
10907897,0.778013,0.372917,0.443923,-0.241995
10916230,0.776003,0.374259,0.442313,-0.249214
10924563,0.773820,0.375626,0.440940,-0.256282
10932896,0.771483,0.377231,0.439461,-0.263410
10941229,0.768496,0.379922,0.437595,-0.271263
10949562,0.764776,0.383530,0.435630,-0.279730
10957895,0.760890,0.387181,0.433667,-0.288218
10966228,0.756218,0.391850,0.431690,-0.297039
10974561,0.751456,0.396402,0.429735,-0.305789
10982894,0.746021,0.401757,0.427597,-0.314968
10991227,0.740508,0.406911,0.425401,-0.324199
10999560,0.735035,0.411890,0.423305,-0.332991
11007893,0.729958,0.415795,0.421831,-0.341077
11016226,0.725232,0.419157,0.420391,-0.348736
11024559,0.721097,0.421950,0.419076,-0.355461
11032892,0.717510,0.424007,0.417997,-0.361492
11041225,0.714618,0.425071,0.417346,-0.366684
11049558,0.711850,0.426490,0.416405,-0.371461
11057891,0.709639,0.427353,0.415726,-0.375439
11066224,0.707416,0.428655,0.414820,-0.379132
11074557,0.706235,0.428290,0.414651,-0.381920
11082890,0.704743,0.428889,0.414298,-0.384379
11091223,0.703536,0.429392,0.413660,-0.386711
11099556,0.702640,0.429547,0.413096,-0.388765
11107889,0.701118,0.430937,0.412011,-0.391118
11116222,0.699962,0.431587,0.411412,-0.393099
11124555,0.698397,0.432974,0.410429,-0.395378
11132888,0.696467,0.434610,0.409486,-0.397955
11141221,0.694108,0.436960,0.407857,-0.401164
11149554,0.691831,0.438727,0.406737,-0.404294
11157887,0.689197,0.440953,0.405114,-0.407983
11166220,0.685938,0.444442,0.402616,-0.412140
11174553,0.683735,0.444686,0.402508,-0.415630
11182886,0.680657,0.446617,0.401229,-0.419826
11191219,0.676698,0.449471,0.399607,-0.424700
11199552,0.672857,0.452163,0.397581,-0.429816
11207885,0.669055,0.454264,0.396052,-0.434916
11216218,0.665107,0.456120,0.394481,-0.440421
11224551,0.661317,0.457550,0.393328,-0.445647
11232884,0.657061,0.459316,0.391731,-0.451495
11241217,0.652845,0.461037,0.390101,-0.457230
11249550,0.648611,0.462546,0.388810,-0.462799
11257883,0.644427,0.463810,0.387374,-0.468546
11266216,0.639882,0.465057,0.386450,-0.474267
11274549,0.634796,0.466998,0.384876,-0.480435
11282882,0.630202,0.468555,0.383329,-0.486169
11291215,0.625107,0.470396,0.381610,-0.492282
11299548,0.620543,0.471447,0.380850,-0.497612
11307881,0.614846,0.474080,0.378835,-0.503683
11316214,0.609951,0.475646,0.377734,-0.508957
11324547,0.604807,0.477768,0.376386,-0.514081
11332880,0.599283,0.480412,0.374987,-0.519084
11341213,0.594856,0.481740,0.374441,-0.523323
11349546,0.590400,0.483141,0.374034,-0.527353
11357879,0.585792,0.485118,0.373356,-0.531144
11366212,0.581832,0.487114,0.372465,-0.534286
11374545,0.577345,0.490076,0.370468,-0.537821
11382878,0.574083,0.491497,0.370031,-0.540311
11391211,0.571032,0.493193,0.369372,-0.542446
11399544,0.567812,0.495416,0.368319,-0.544512
11407877,0.566091,0.496335,0.368656,-0.545239
11416210,0.564065,0.497919,0.368107,-0.546265
11424543,0.562481,0.499296,0.367854,-0.546811
11432876,0.560085,0.502004,0.366282,-0.547845
11441209,0.558641,0.503505,0.365689,-0.548338
11449542,0.556918,0.505540,0.364485,-0.549020
11457875,0.554348,0.508725,0.362080,-0.550269
11466208,0.553241,0.510307,0.361216,-0.550485
11474541,0.551598,0.512385,0.359472,-0.551345
11482874,0.550673,0.513668,0.358852,-0.551479
11491207,0.548466,0.516526,0.356469,-0.552553
11499540,0.547436,0.517534,0.355999,-0.552936
11507873,0.545219,0.519388,0.354540,-0.554323
11516206,0.544124,0.520360,0.353789,-0.554967
11524539,0.542544,0.521325,0.353078,-0.556060
11532872,0.541037,0.522170,0.352127,-0.557337
11541205,0.539321,0.523164,0.351042,-0.558750
11549538,0.538012,0.523093,0.350829,-0.560211
11557871,0.537382,0.522918,0.350324,-0.561294
11566204,0.536050,0.522937,0.349585,-0.563008
11574537,0.534499,0.523328,0.348130,-0.565016
11582870,0.533525,0.522917,0.347225,-0.566872
11591203,0.532699,0.522620,0.345899,-0.568731
11599536,0.532374,0.521885,0.344581,-0.570506
11607869,0.530966,0.522284,0.341980,-0.573013
11616202,0.529881,0.521982,0.339913,-0.575517
11624535,0.528860,0.521870,0.337198,-0.578149
11632868,0.527449,0.522982,0.333219,-0.580734
11641201,0.526716,0.523306,0.329712,-0.583105
11649534,0.525584,0.524287,0.325248,-0.585746
11657867,0.524290,0.525856,0.319972,-0.588398
11666200,0.523629,0.527551,0.314346,-0.590499
11674533,0.523036,0.529656,0.307989,-0.592487
11682866,0.521622,0.532596,0.300579,-0.594899
11691199,0.520255,0.535853,0.292585,-0.597152
11699532,0.519023,0.539511,0.283818,-0.599158
11707865,0.516228,0.544847,0.273278,-0.601639
11716198,0.513880,0.550277,0.261997,-0.603722
11724531,0.511170,0.555584,0.251172,-0.605759
11732864,0.508185,0.561121,0.240071,-0.607665
11741197,0.505110,0.567201,0.228178,-0.609165
11749530,0.503095,0.572234,0.217264,-0.610114
11757863,0.500277,0.578061,0.205569,-0.610991
11766196,0.497923,0.583631,0.193921,-0.611427
11774529,0.495884,0.588775,0.182999,-0.611518
11782862,0.492783,0.593897,0.171919,-0.612287
11791195,0.490882,0.598209,0.162289,-0.612244
11799528,0.490745,0.601127,0.153908,-0.611660
11807861,0.490472,0.603950,0.146183,-0.610993
11816194,0.489669,0.606673,0.138477,-0.610734
11824527,0.489224,0.608912,0.131280,-0.610452
11832860,0.489553,0.610289,0.125385,-0.610052
11841193,0.489703,0.611502,0.119729,-0.609854
11849526,0.489464,0.612712,0.114284,-0.609876
11857859,0.489364,0.613416,0.109486,-0.610128
11866192,0.488477,0.614573,0.104346,-0.610575
11874525,0.487361,0.615354,0.099757,-0.611447
11882858,0.486082,0.615942,0.095432,-0.612562
11891191,0.484333,0.616829,0.090851,-0.613750
11899524,0.480739,0.618366,0.085729,-0.615763
11907857,0.478166,0.619070,0.081728,-0.617600
11916190,0.475198,0.619623,0.077807,-0.619839
11924523,0.471309,0.620672,0.073604,-0.622268
11932856,0.466817,0.621908,0.069430,-0.624893
11941189,0.462540,0.622580,0.065568,-0.627814
11949522,0.457337,0.623532,0.061627,-0.631072
11957855,0.452763,0.624002,0.058330,-0.634211
11966188,0.447381,0.624643,0.054489,-0.637732
11974521,0.442364,0.624851,0.051566,-0.641261
11982854,0.436957,0.625281,0.048341,-0.644792
11991187,0.430638,0.625515,0.045433,-0.649013
11999520,0.424372,0.625860,0.042043,-0.653025
12007853,0.418217,0.625517,0.039216,-0.657484
12016186,0.411357,0.625764,0.035650,-0.661766
12024519,0.404175,0.625683,0.032262,-0.666425
12032852,0.395912,0.626066,0.028209,-0.671193
12041185,0.387182,0.626360,0.023831,-0.676163
12049518,0.379306,0.625903,0.020231,-0.681148
12057851,0.370210,0.625839,0.016008,-0.686305
12066184,0.361038,0.625409,0.012116,-0.691642
12074517,0.351775,0.624995,0.007830,-0.696831
12082850,0.341474,0.624560,0.003343,-0.702359
12091183,0.331737,0.623600,-0.000868,-0.707865
12099516,0.320930,0.622751,-0.004938,-0.713555
12107849,0.310436,0.621430,-0.008239,-0.719296
12116182,0.298135,0.620510,-0.012885,-0.725202
12124515,0.287196,0.619199,-0.015886,-0.730657
12132848,0.275360,0.618239,-0.019824,-0.735911
12141181,-0.264683,-0.616859,0.023272,0.740868
12149514,-0.253201,-0.616079,0.027207,0.745383
12157847,-0.240236,-0.616164,0.032834,0.749366
12166180,-0.225680,-0.617062,0.039713,0.752812
12174513,-0.212846,-0.617181,0.044838,0.756157
12182846,-0.198310,-0.618235,0.052222,0.758770
12191179,-0.184063,-0.619329,0.058602,0.760999
12199512,-0.170833,-0.620341,0.063737,0.762844
12207845,-0.157891,-0.621612,0.068846,0.764152
12216178,-0.145792,-0.622733,0.072639,0.765292
12224511,0.134134,0.623953,-0.075114,-0.766191
12232844,0.123357,0.625226,-0.076868,-0.766790
12241177,0.113533,0.626655,-0.076980,-0.767130
12249510,0.103830,0.628224,-0.077469,-0.767172
12257843,0.095012,0.630036,-0.076615,-0.766914
12266176,0.088124,0.631792,-0.073013,-0.766643
12274509,0.082404,0.633476,-0.068248,-0.766329
12282842,0.077368,0.635267,-0.063210,-0.765803
12291175,0.073288,0.637084,-0.057946,-0.765111
12299508,0.071652,0.638429,-0.050500,-0.764673
12307841,0.069361,0.639945,-0.044217,-0.764006
12316174,0.068052,0.641304,-0.036910,-0.763372
12324507,0.067243,0.642407,-0.029853,-0.762824
12332840,0.066794,0.643295,-0.023578,-0.762335
12341173,0.067253,0.644408,-0.016214,-0.761546
12349506,0.067544,0.645363,-0.010002,-0.760819
12357839,0.068115,0.646057,-0.004623,-0.760229
12366172,0.067653,0.646730,-0.000801,-0.759713
12374505,0.066687,0.647384,0.001721,-0.759239
12382838,0.065624,0.648201,0.003674,-0.758628
12391171,0.063841,0.648831,0.004943,-0.758234
12399504,0.061620,0.649510,0.004642,-0.757838
12407837,0.058744,0.650195,0.003154,-0.757486
12416170,0.056406,0.650652,0.002021,-0.757276
12424503,0.054226,0.651010,0.001509,-0.757128
12432836,0.051572,0.651298,-0.001091,-0.757067
12441169,0.048326,0.651326,-0.004227,-0.757245
12449502,0.045717,0.651173,-0.007879,-0.757510
12457835,0.043620,0.650953,-0.011149,-0.757781
12466168,0.042070,0.650678,-0.013838,-0.758062
12474501,0.040178,0.650299,-0.017887,-0.758404
12482834,0.038975,0.650124,-0.021306,-0.758529
12491167,0.037297,0.649981,-0.025184,-0.758617
12499500,0.036518,0.649877,-0.028789,-0.758616
12507833,0.036463,0.649681,-0.031777,-0.758667
12516166,0.037290,0.649500,-0.033794,-0.758695
12524499,0.039181,0.649302,-0.035494,-0.758691
12532832,0.040805,0.649322,-0.038033,-0.758465
12541165,0.044044,0.649382,-0.038953,-0.758186
12549498,0.046692,0.649282,-0.040749,-0.758018
12557831,0.049500,0.649065,-0.042396,-0.757936
12566164,0.052934,0.648704,-0.043426,-0.757955
12574497,0.056971,0.648506,-0.044630,-0.757761
12582830,0.060271,0.648051,-0.046206,-0.757801
12591163,0.063727,0.647557,-0.047957,-0.757831
12599496,0.067521,0.647018,-0.049275,-0.757879
12607829,0.070284,0.646496,-0.051894,-0.757898
12616162,0.073368,0.645555,-0.054210,-0.758246
12624495,0.077157,0.644466,-0.055787,-0.758682
12632828,0.081935,0.643248,-0.056870,-0.759134
12641161,0.087414,0.642102,-0.056303,-0.759535
12649494,0.091917,0.640983,-0.057099,-0.759890
12657827,0.096307,0.639603,-0.057181,-0.760502
12666160,0.100097,0.638298,-0.057577,-0.761079
12674493,0.103073,0.636786,-0.058656,-0.761866
12682826,0.105861,0.635138,-0.059780,-0.762771
12691159,0.108807,0.633413,-0.060562,-0.763728
12699492,0.110892,0.631599,-0.061608,-0.764847
12707825,0.113847,0.629695,-0.061770,-0.765968
12716158,0.116579,0.627616,-0.061275,-0.767303
12724491,0.118390,0.625494,-0.061849,-0.768710
12732824,-0.119386,-0.623616,0.063076,0.769981
12741157,-0.120165,-0.622190,0.063578,0.770972
12749490,-0.120709,-0.620359,0.064169,0.772312
12757823,-0.121614,-0.618640,0.064882,0.773489
12766156,-0.122723,-0.616740,0.065257,0.774798
12774489,-0.121785,-0.615521,0.068061,0.775674
12782822,-0.120009,-0.614262,0.071804,0.776611
12791155,-0.117670,-0.613039,0.076078,0.777528
12799488,-0.116658,-0.611607,0.079038,0.778512
12807821,-0.115201,-0.610291,0.082714,0.779379
12816154,-0.113508,-0.609149,0.086440,0.780116
12824487,-0.112412,-0.607751,0.089332,0.781039
12832820,-0.112048,-0.606144,0.091359,0.782105
12841153,-0.112681,-0.604690,0.091913,0.783074
12849486,-0.113801,-0.603356,0.092161,0.783911
12857819,-0.116557,-0.601351,0.088916,0.785421
12866152,-0.119780,-0.599309,0.085991,0.786821
12874485,-0.129418,-0.595403,0.075875,0.789296
12882818,-0.144290,-0.588947,0.061385,0.792814
12891151,-0.160976,-0.580490,0.047191,0.796801
12899484,-0.181105,-0.569854,0.030023,0.800978
12907817,-0.200466,-0.557260,0.014753,0.805641
12916150,-0.216946,-0.544531,0.003277,0.810192
12924483,-0.230062,-0.532523,-0.005212,0.814533
12932816,-0.237723,-0.522740,-0.005777,0.818656
12941149,-0.244717,-0.513339,-0.006969,0.822526
12949482,-0.249338,-0.504979,-0.005012,0.826318
12957815,-0.249510,-0.499182,0.001889,0.829794
12966148,-0.252604,-0.491269,0.005749,0.833555
12974481,-0.256780,-0.482309,0.006476,0.837496
12982814,-0.261564,-0.472804,0.005815,0.841431
12991147,-0.263633,-0.464580,0.009719,0.845321
12999480,-0.270453,-0.453779,0.006621,0.849056
13007813,-0.278871,-0.442003,0.000451,0.852563
13016146,-0.283904,-0.431578,-0.000913,0.856235
13024479,-0.290151,-0.420528,-0.002492,0.859629
13032812,-0.296827,-0.408584,-0.006026,0.863085
13041145,-0.301965,-0.397740,-0.006209,0.866361
13049478,-0.308024,-0.386629,-0.008054,0.869238
13057811,-0.314477,-0.374544,-0.011934,0.872169
13066144,-0.320090,-0.363585,-0.013367,0.874740
13074477,-0.325909,-0.352148,-0.015507,0.877231
13082810,-0.331880,-0.339840,-0.019096,0.879773
13091143,-0.337318,-0.327879,-0.021872,0.882175
13099476,-0.343636,-0.315247,-0.028256,0.884158
13107809,-0.349824,-0.302645,-0.032522,0.885986
13116142,-0.354356,-0.289336,-0.035241,0.888524
13124475,-0.359516,-0.275711,-0.038294,0.890654
13132808,-0.364371,-0.260671,-0.043606,0.892963
13141141,-0.367423,-0.246780,-0.043911,0.895640
13149474,-0.367595,-0.234437,-0.038964,0.899108
13157807,-0.366960,-0.222270,-0.035054,0.902611
13166140,-0.364344,-0.211249,-0.030262,0.906483
13174473,-0.359312,-0.203154,-0.022862,0.910550
13182806,-0.353427,-0.197811,-0.013966,0.914202
13191139,-0.346383,-0.195872,-0.004651,0.917405
13199472,-0.340587,-0.195600,0.001851,0.919640
13207805,-0.334578,-0.199515,0.009287,0.920959
13216138,-0.330582,-0.204607,0.012168,0.921251
13224471,-0.327405,-0.212931,0.014762,0.920461
13232804,-0.327189,-0.221168,0.010536,0.918652
13241137,-0.326267,-0.231280,0.008186,0.916511
13249470,-0.325739,-0.241972,0.004563,0.913960
13257803,-0.325578,-0.252432,0.000449,0.911195
13266136,-0.324692,-0.262264,-0.003313,0.908725
13274469,-0.323228,-0.272110,-0.004853,0.906342
13282802,-0.321747,-0.280261,-0.004033,0.904388
13291135,-0.320157,-0.286416,-0.005186,0.903016
13299468,-0.317701,-0.292460,-0.002219,0.901958
13307801,-0.315291,-0.296730,0.002262,0.901409
13316134,-0.313403,-0.299674,0.005310,0.901080
13324467,-0.312617,-0.300915,0.005241,0.900940
13332800,-0.311015,-0.303026,0.008698,0.900761
13341133,-0.309019,-0.305708,0.012549,0.900496
13349466,-0.307957,-0.307585,0.014490,0.900191
13357799,-0.307294,-0.309158,0.016265,0.899848
13366132,-0.307136,-0.310050,0.016402,0.899593
13374465,-0.306494,-0.311759,0.017414,0.899202
13382798,-0.305772,-0.313054,0.017884,0.898989
13391131,-0.304494,-0.314559,0.019603,0.898861
13399464,-0.303893,-0.315437,0.021529,0.898713
13407797,-0.302962,-0.315921,0.023894,0.898798
13416130,-0.302326,-0.315396,0.024576,0.899178
13424463,-0.301507,-0.314537,0.026576,0.899696
13432796,-0.299985,-0.313791,0.030551,0.900339
13441129,-0.299521,-0.312168,0.032124,0.901003
13449462,-0.298530,-0.310811,0.034263,0.901722
13457795,-0.297351,-0.309229,0.037940,0.902508
13466128,-0.296334,-0.307455,0.041713,0.903281
13474461,-0.296152,-0.305195,0.045010,0.903949
13482794,-0.296085,-0.302109,0.048674,0.904817
13491127,-0.295554,-0.298691,0.054262,0.905807
13499460,-0.295413,-0.294798,0.058684,0.906852
13507793,-0.295736,-0.290257,0.062805,0.907935
13516126,-0.295885,-0.286558,0.068982,0.908613
13524459,-0.301010,-0.276933,0.064111,0.910270
13532792,-0.309744,-0.265718,0.048398,0.911653
13541125,-0.312301,-0.260473,0.046319,0.912401
13549458,-0.314359,-0.256639,0.050953,0.912534
13557791,-0.318296,-0.251754,0.051659,0.912491
13566124,-0.322498,-0.247610,0.051720,0.912145
13574457,-0.325805,-0.244622,0.054414,0.911620
13582790,-0.328492,-0.242895,0.058472,0.910866
13591123,-0.330764,-0.242104,0.063697,0.909903
13599456,-0.332173,-0.242826,0.071542,0.908613
13607789,-0.333174,-0.244305,0.079263,0.907209
13616122,-0.333652,-0.245879,0.086862,0.905911
13624455,-0.334333,-0.247510,0.094010,0.904501
13632788,-0.334580,-0.249539,0.101017,0.903096
13641121,-0.334559,-0.251455,0.106509,0.901941
13649454,-0.334540,-0.253394,0.111657,0.900782
13657787,-0.333727,-0.255393,0.117200,0.899814
13666120,-0.333303,-0.257493,0.121288,0.898830
13674453,-0.333565,-0.259166,0.122482,0.898090
13682786,-0.333228,-0.261598,0.123973,0.897305
13691119,-0.333202,-0.263892,0.124902,0.896514
13699452,-0.333144,-0.266293,0.124927,0.895822
13707785,-0.332745,-0.268340,0.124501,0.895418
13716118,-0.331972,-0.270878,0.123726,0.895048
13724451,-0.329406,-0.272687,0.123260,0.895511
13732784,-0.327222,-0.274012,0.122848,0.895964
13741117,-0.324193,-0.278319,0.125060,0.895431
13749450,-0.321975,-0.281445,0.124685,0.895307
13757783,-0.320608,-0.283013,0.122485,0.895607
13766116,-0.320452,-0.283386,0.117242,0.896246
13774449,-0.320551,-0.283928,0.111312,0.896795
13782782,-0.322239,-0.283779,0.102923,0.897239
13791115,-0.323260,-0.282695,0.097363,0.897835
13799448,-0.323475,-0.281973,0.092807,0.898466
13807781,-0.322725,-0.281563,0.090342,0.899116
13816114,-0.322390,-0.281413,0.088962,0.899420
13824447,-0.321741,-0.280382,0.089197,0.899952
13832780,-0.320612,-0.279713,0.090665,0.900416
13841113,-0.319225,-0.279303,0.093257,0.900771
13849446,-0.317877,-0.277807,0.094848,0.901544
13857779,-0.316415,-0.277357,0.098609,0.901793
13866112,-0.315154,-0.276828,0.102402,0.901974
13874445,-0.313682,-0.276367,0.106424,0.902163
13882778,-0.312773,-0.275503,0.110674,0.902232
13891111,-0.311865,-0.275779,0.115373,0.901873
13899444,-0.309509,-0.276974,0.123337,0.901264
13907777,-0.308041,-0.277680,0.127652,0.900949
13916110,-0.306235,-0.279757,0.132801,0.900178
13924443,-0.304181,-0.282201,0.137127,0.899463
13932776,-0.302253,-0.285185,0.141415,0.898507
13941109,-0.301347,-0.288197,0.142780,0.897634
13949442,-0.300119,-0.291862,0.145357,0.896447
13957775,-0.298829,-0.295627,0.147716,0.895257
13966108,-0.298394,-0.298514,0.147853,0.894422
13974441,-0.297744,-0.301708,0.147806,0.893574
13982774,-0.296985,-0.304437,0.147621,0.892931
13991107,-0.296565,-0.306611,0.147134,0.892407
13999440,-0.297319,-0.308187,0.143556,0.892196
14007773,-0.297532,-0.309884,0.141012,0.891943
14016106,-0.297601,-0.311108,0.139005,0.891809
14024439,-0.297089,-0.312277,0.137849,0.891750
14032772,-0.295709,-0.313677,0.138485,0.891619
14041105,-0.294063,-0.314257,0.139233,0.891843
14049438,-0.292901,-0.314268,0.140058,0.892092
14057771,-0.290285,-0.315310,0.143839,0.891978
14066104,-0.287247,-0.316508,0.148007,0.891855
14074437,-0.284708,-0.316316,0.151132,0.892213
14082770,-0.282761,-0.315961,0.153622,0.892533
14091103,-0.280291,-0.315614,0.156252,0.892978
14099436,-0.277432,-0.315945,0.161259,0.892864
14107769,-0.275520,-0.315579,0.162794,0.893307
14116102,-0.274496,-0.314122,0.162132,0.894255
14124435,-0.272895,-0.313589,0.163381,0.894705
14132768,-0.271378,-0.313437,0.164643,0.894988
14141101,-0.270725,-0.312712,0.164352,0.895493
14149434,-0.270873,-0.311934,0.163478,0.895879
14157767,-0.270334,-0.311833,0.163292,0.896111
14166100,-0.270239,-0.311443,0.162614,0.896399
14174433,-0.270323,-0.311618,0.162294,0.896371
14182766,-0.270258,-0.311808,0.162114,0.896357
14191099,-0.270247,-0.311878,0.161714,0.896408
14199432,-0.270288,-0.312052,0.162230,0.896242
14207765,-0.270138,-0.312788,0.162995,0.895891
14216098,-0.270497,-0.312769,0.162477,0.895884
14224431,-0.270738,-0.312731,0.161872,0.895934
14232764,-0.270770,-0.312865,0.162201,0.895818
14241097,-0.270472,-0.313787,0.163774,0.895299
14249430,-0.270839,-0.313591,0.163341,0.895336
14257763,-0.271370,-0.313364,0.162507,0.895406
14266096,-0.271966,-0.313162,0.161377,0.895501
14274429,-0.272330,-0.312932,0.160907,0.895555
14282762,-0.272339,-0.313253,0.161177,0.895392
14291095,-0.272212,-0.314330,0.162713,0.894775
14299428,-0.272582,-0.314425,0.162083,0.894743
14307761,-0.273169,-0.314144,0.160805,0.894893
14316094,-0.273717,-0.313763,0.160036,0.894997
14324427,-0.274353,-0.313626,0.159256,0.894990
14332760,-0.274525,-0.313398,0.158508,0.895150
14341093,-0.275111,-0.313353,0.158034,0.895069
14349426,-0.275830,-0.313488,0.156930,0.894995
14357759,-0.275914,-0.313601,0.156915,0.894932
14366092,-0.276511,-0.313682,0.156715,0.894754
14374425,-0.277008,-0.313985,0.156608,0.894513
14382758,-0.277406,-0.314001,0.155730,0.894538
14391091,-0.277412,-0.314239,0.156047,0.894397
14399424,-0.278086,-0.313932,0.154678,0.894533
14407757,-0.278607,-0.314153,0.153969,0.894416
14416090,-0.279132,-0.314373,0.153272,0.894294
14424423,-0.279630,-0.314548,0.152207,0.894259
14432756,-0.280271,-0.314989,0.151167,0.894080
14441089,-0.280025,-0.315770,0.152491,0.893656
14449422,-0.280520,-0.315609,0.151431,0.893738
14457755,-0.280514,-0.316059,0.151459,0.893576
14466088,-0.280287,-0.316367,0.152535,0.893356
14474421,-0.280048,-0.317032,0.153188,0.893083
14482754,-0.280554,-0.316726,0.152252,0.893193
14491087,-0.280584,-0.316973,0.152199,0.893105
14499420,-0.280720,-0.316960,0.151644,0.893161
14507753,-0.280879,-0.317055,0.151357,0.893126
14516086,-0.280582,-0.317278,0.152216,0.892994
14524419,-0.280727,-0.317176,0.152545,0.892929
14532752,-0.280918,-0.317201,0.151746,0.892996
14541085,-0.280679,-0.317382,0.152171,0.892935
14549418,-0.280180,-0.317899,0.153402,0.892696
14557751,-0.280451,-0.316875,0.151850,0.893241
14566084,-0.280146,-0.316861,0.151941,0.893326
14574417,-0.279657,-0.317388,0.153124,0.893090
14582750,-0.279548,-0.317376,0.153097,0.893133
14591083,-0.279196,-0.317658,0.153679,0.893043
14599416,-0.278807,-0.317646,0.153924,0.893127
14607749,-0.278868,-0.317573,0.153322,0.893237
14616082,-0.278700,-0.317867,0.153493,0.893156
14624415,-0.277884,-0.317904,0.155220,0.893098
14632748,-0.277871,-0.317985,0.154255,0.893240
14641081,-0.277644,-0.318608,0.154679,0.893016
14649414,-0.277332,-0.318428,0.154119,0.893274
14657747,-0.277480,-0.318432,0.153241,0.893378
14666080,-0.277154,-0.318586,0.152743,0.893509
14674413,-0.276224,-0.318859,0.153649,0.893544
14682746,-0.275736,-0.319456,0.153910,0.893436
14691079,-0.275164,-0.319566,0.154279,0.893510
14699412,-0.275039,-0.319242,0.153202,0.893850
14707745,-0.274546,-0.319657,0.153393,0.893820
14716078,-0.273326,-0.320668,0.154595,0.893625
14724411,-0.272846,-0.320759,0.153906,0.893858
14732744,-0.272560,-0.320783,0.153310,0.894039
14741077,-0.272374,-0.320936,0.152785,0.894131
14749410,-0.272114,-0.321030,0.152651,0.894199
14757743,-0.271882,-0.320968,0.151849,0.894428
14766076,-0.271574,-0.321333,0.151894,0.894383
14774409,-0.271320,-0.321459,0.151347,0.894508
14782742,-0.271706,-0.320955,0.149808,0.894830
14791075,-0.270668,-0.321481,0.151084,0.894741
14799408,-0.270162,-0.322091,0.151183,0.894659
14807741,-0.270243,-0.321947,0.150128,0.894863
14816074,-0.270096,-0.321933,0.150326,0.894880
14824407,-0.269988,-0.322222,0.150443,0.894789
14832740,-0.269779,-0.322513,0.150469,0.894742
14841073,-0.269486,-0.323613,0.151812,0.894206
14849406,-0.270078,-0.323149,0.150137,0.894478
14857739,-0.270650,-0.322693,0.148716,0.894707
14866072,-0.270963,-0.322958,0.148565,0.894542
14874405,-0.271087,-0.323435,0.148624,0.894322
14882738,-0.271266,-0.323911,0.148121,0.894179
14891071,-0.271132,-0.324381,0.148676,0.893957
14899404,-0.271616,-0.324719,0.148892,0.893652
14907737,-0.271698,-0.325455,0.150243,0.893133
14916070,-0.272438,-0.325182,0.149645,0.893107
14924403,-0.272880,-0.325255,0.149213,0.893018
14932736,-0.273109,-0.325439,0.149469,0.892838
14941069,-0.273629,-0.325654,0.149830,0.892540
14949402,-0.274233,-0.325595,0.149582,0.892418
14957735,-0.274893,-0.325804,0.149560,0.892142
14966068,-0.275189,-0.325961,0.150656,0.891809
14974401,-0.275377,-0.326308,0.151618,0.891461
14982734,-0.275858,-0.326537,0.152347,0.891104
14991067,-0.276518,-0.327049,0.152975,0.890604
14999400,-0.277343,-0.326760,0.152222,0.890582
15007733,-0.277667,-0.326796,0.152811,0.890368
15016066,-0.277974,-0.327176,0.154137,0.889903
15024399,-0.278107,-0.327463,0.155773,0.889471
15032732,-0.278046,-0.327833,0.157254,0.889093
15041065,-0.278266,-0.327896,0.158103,0.888851
15049398,-0.278733,-0.327843,0.158483,0.888656
15057731,-0.279614,-0.327485,0.158328,0.888539
15066064,-0.280772,-0.327107,0.156980,0.888552
15074397,-0.281873,-0.326689,0.156048,0.888522
15082730,-0.283044,-0.325919,0.154919,0.888630
15091063,-0.283401,-0.326088,0.155792,0.888301
15099396,-0.283970,-0.326287,0.156441,0.887932
15107729,-0.284370,-0.326857,0.157553,0.887398
15116062,-0.284653,-0.327052,0.158174,0.887125
15124395,-0.284934,-0.327112,0.159495,0.886776
15132728,-0.285476,-0.327109,0.159914,0.886527
15141061,-0.285620,-0.327680,0.161434,0.885994
15149394,-0.286101,-0.327599,0.161545,0.885849
15157727,-0.286233,-0.327854,0.162677,0.885505
15166060,-0.286300,-0.327976,0.163415,0.885302
15174393,-0.286947,-0.327440,0.162808,0.885403
15182726,-0.287069,-0.327282,0.162701,0.885441
15191059,-0.287154,-0.327260,0.163014,0.885364
15199392,-0.286484,-0.327699,0.164682,0.885110
15207725,-0.286660,-0.327476,0.164590,0.885153
15216058,-0.286219,-0.327493,0.165135,0.885188
15224391,-0.286645,-0.326758,0.164567,0.885427
15232724,-0.286453,-0.326606,0.164892,0.885485
15241057,-0.285570,-0.326929,0.166057,0.885433
15249390,-0.284864,-0.327355,0.167429,0.885245
15257723,-0.284307,-0.327530,0.168566,0.885144
15266056,-0.284475,-0.326723,0.166667,0.885747
15274389,-0.284421,-0.326651,0.166531,0.885817
15282722,-0.284380,-0.326431,0.165071,0.886184
15291055,-0.284492,-0.326063,0.164528,0.886385
15299388,-0.284262,-0.325590,0.163728,0.886780
15307721,-0.283267,-0.325426,0.165246,0.886877
15316054,-0.282341,-0.325223,0.165614,0.887178
15324387,-0.282103,-0.325271,0.164859,0.887377
15332720,-0.281711,-0.325336,0.164335,0.887575
15341053,-0.280929,-0.325741,0.165018,0.887547
15349386,-0.280644,-0.325112,0.164019,0.888053
15357719,-0.280192,-0.325552,0.164495,0.887947
15366052,-0.279680,-0.325475,0.164019,0.888224
15374385,-0.279346,-0.325619,0.163701,0.888336
15382718,-0.278993,-0.325489,0.162992,0.888624
15391051,-0.278334,-0.326112,0.163620,0.888487
15399384,-0.277895,-0.326172,0.163146,0.888690
15407717,-0.277136,-0.326936,0.164505,0.888395
15416050,-0.276355,-0.327346,0.165252,0.888349
15424383,-0.275836,-0.327448,0.165185,0.888485
15432716,-0.275243,-0.327972,0.165352,0.888445
15441049,-0.274737,-0.328452,0.165369,0.888421
15449382,-0.274445,-0.327947,0.163906,0.888969
15457715,-0.273997,-0.328438,0.163706,0.888962
15466048,-0.273315,-0.329089,0.164352,0.888813
15474381,-0.273148,-0.329288,0.163503,0.888947
15482714,-0.272818,-0.329626,0.163492,0.888925
15491047,-0.273252,-0.329324,0.161313,0.889302
15499380,-0.272230,-0.329946,0.162557,0.889158
15507713,-0.272039,-0.329544,0.161392,0.889577
15516046,-0.271719,-0.329839,0.161539,0.889539
15524379,-0.271233,-0.330294,0.161191,0.889582
15532712,-0.270566,-0.330584,0.161283,0.889660
15541045,-0.270456,-0.330687,0.159427,0.889990
15549378,-0.269760,-0.331059,0.160269,0.889912
15557711,-0.269345,-0.331316,0.160219,0.889951
15566044,-0.268833,-0.331960,0.160391,0.889835
15574377,-0.268331,-0.332461,0.160426,0.889793
15582710,-0.266723,-0.333866,0.162190,0.889431
15591043,-0.266773,-0.333805,0.160770,0.889696
15599376,-0.266487,-0.333959,0.159988,0.889865
15607709,-0.265920,-0.334525,0.160006,0.889819
15616042,-0.265073,-0.335279,0.160350,0.889726
15624375,-0.264824,-0.335495,0.160328,0.889722
15632708,-0.264497,-0.335702,0.159541,0.889883
15641041,-0.264507,-0.335935,0.157343,0.890184
15649374,-0.264186,-0.336405,0.157306,0.890108
15657707,-0.263745,-0.336684,0.157555,0.890089
15666040,-0.263509,-0.337086,0.157483,0.890020
15674373,-0.263157,-0.337370,0.156741,0.890147
15682706,-0.263198,-0.337653,0.156147,0.890132
15691039,-0.262939,-0.338283,0.156547,0.889899
15699372,-0.263166,-0.338155,0.155490,0.890066
15707705,-0.262656,-0.339214,0.156619,0.889616
15716038,-0.262341,-0.339503,0.156095,0.889691
15724371,-0.262566,-0.339727,0.155467,0.889648
15732704,-0.262419,-0.340119,0.155615,0.889516
15741037,-0.261159,-0.341556,0.157529,0.888999
15749370,-0.260773,-0.341889,0.157269,0.889031
15757703,-0.261194,-0.341469,0.156686,0.889172
15766036,-0.260563,-0.342451,0.158307,0.888692
15774369,-0.260819,-0.342726,0.157660,0.888626
15782702,-0.261019,-0.342876,0.157049,0.888617
15791035,-0.260807,-0.343191,0.156801,0.888602
15799368,-0.260843,-0.343553,0.157037,0.888410
15807701,-0.261020,-0.343809,0.157352,0.888203
15816034,-0.260767,-0.344023,0.157414,0.888183
15824367,-0.260708,-0.344504,0.157983,0.887913
15832700,-0.260772,-0.344512,0.158123,0.887866
15841033,-0.260917,-0.344368,0.157897,0.887920
15849366,-0.260686,-0.344350,0.158287,0.887925
15857699,-0.260525,-0.344830,0.158973,0.887664
15866032,-0.260248,-0.345535,0.159459,0.887383
15874365,-0.260525,-0.345285,0.159411,0.887408
15882698,-0.259206,-0.346703,0.162073,0.886759
15891031,-0.259399,-0.346121,0.160884,0.887147
15899364,-0.259686,-0.345943,0.161054,0.887101
15907697,-0.259431,-0.346197,0.162059,0.886894
15916030,-0.259212,-0.346249,0.162454,0.886865
15924363,-0.258908,-0.346391,0.162541,0.886882
15932696,-0.258964,-0.346085,0.162409,0.887010
15941029,-0.258681,-0.345738,0.162633,0.887186
15949362,-0.258734,-0.345370,0.162453,0.887347
15957695,-0.258169,-0.345998,0.163809,0.887018
15966028,-0.256976,-0.346581,0.166517,0.886632
15974361,-0.257684,-0.345821,0.165537,0.886907
15982694,-0.258167,-0.345375,0.163793,0.887265
15991027,-0.257985,-0.345062,0.163890,0.887421
15999360,-0.257722,-0.345087,0.164431,0.887387
16007693,-0.256922,-0.345902,0.166404,0.886934
16016026,-0.257090,-0.345886,0.165587,0.887045
16024359,-0.257615,-0.345601,0.165205,0.887075
16032692,-0.257911,-0.345317,0.164203,0.887285
16041025,-0.257834,-0.345360,0.164271,0.887278
16049358,-0.257873,-0.345513,0.164558,0.887154
16057691,-0.257843,-0.345579,0.164786,0.887095
16066023,-0.257890,-0.345703,0.164856,0.887020
16074357,-0.257975,-0.345844,0.164980,0.886917
16082690,-0.258057,-0.345902,0.164923,0.886881
16091023,-0.258189,-0.345867,0.164908,0.886860
16099356,-0.258157,-0.345869,0.165085,0.886835
16107689,-0.258174,-0.345841,0.165264,0.886808
16116022,-0.258100,-0.345769,0.165758,0.886765
16124355,-0.257969,-0.345538,0.166133,0.886823
16132688,-0.258091,-0.345017,0.165609,0.887088
16141020,-0.258032,-0.344682,0.165797,0.887201
16149353,-0.257937,-0.344621,0.166815,0.887061
16157687,-0.257765,-0.344323,0.167349,0.887126
16166020,-0.257551,-0.343721,0.167234,0.887444
16174353,-0.257271,-0.343361,0.168024,0.887515
16182686,-0.256938,-0.343098,0.168786,0.887568
16191019,-0.256561,-0.343147,0.170215,0.887386
16199352,-0.256287,-0.342779,0.171153,0.887427
16207685,-0.255856,-0.342490,0.172218,0.887457
16216018,-0.256056,-0.341897,0.172223,0.887627
16224350,-0.256100,-0.341351,0.172801,0.887712
16232683,-0.256376,-0.340835,0.173118,0.887768
16241017,-0.256399,-0.340342,0.173695,0.887839
16249350,-0.256623,-0.339710,0.174112,0.887934
16257683,-0.256377,-0.339614,0.175500,0.887769
16266016,-0.256419,-0.339139,0.176134,0.887812
16274349,-0.257013,-0.338681,0.176144,0.887814
16282682,-0.257546,-0.337792,0.176185,0.887990
16291015,-0.257829,-0.337151,0.176650,0.888059
16299348,-0.258165,-0.336774,0.177503,0.887934
16307680,-0.258284,-0.336628,0.178328,0.887789
16316014,-0.258718,-0.335989,0.178235,0.887924
16324347,-0.259003,-0.335883,0.179477,0.887631
16332680,-0.259460,-0.335373,0.179661,0.887653
16341013,-0.260016,-0.334777,0.178702,0.887909
16349346,-0.260386,-0.334360,0.178293,0.888039
16357679,-0.261064,-0.333579,0.176038,0.888584
16366012,-0.261262,-0.333434,0.176799,0.888429
16374345,-0.261262,-0.333072,0.176456,0.888633
16382677,-0.261385,-0.332633,0.175464,0.888958
16391010,-0.261493,-0.332814,0.176290,0.888695
16399344,-0.261624,-0.332577,0.176049,0.888792
16407677,-0.261702,-0.332242,0.175765,0.888951
16416010,-0.261599,-0.332444,0.176415,0.888777
16424343,-0.261741,-0.332264,0.175838,0.888917
16432676,-0.260931,-0.332738,0.176215,0.888903
16441009,-0.261116,-0.332766,0.176221,0.888837
16449342,0.260781,0.332846,-0.177027,-0.888745
16457675,0.260417,0.333372,-0.178570,-0.888346
16466007,0.259733,0.334270,-0.179589,-0.888003
16474340,0.260989,0.333996,-0.177024,-0.888253
16482674,0.261731,0.334214,-0.175424,-0.888270
16491007,0.261730,0.334771,-0.174929,-0.888158
16499340,0.261573,0.335287,-0.174542,-0.888086
16507673,0.261982,0.335550,-0.172531,-0.888259
16516006,0.262024,0.336190,-0.171589,-0.888188
16524339,0.262030,0.336693,-0.170689,-0.888169
16532672,0.261409,0.338020,-0.172339,-0.887528
16541005,0.261714,0.338186,-0.170630,-0.887706
16549337,0.261183,0.339367,-0.170898,-0.887360
16557671,0.261697,0.339374,-0.168144,-0.887732
16566004,0.261485,0.339757,-0.167462,-0.887777
16574337,0.261278,0.340466,-0.167676,-0.887526
16582670,0.260353,0.341637,-0.168085,-0.887270
16591003,0.259447,0.343387,-0.170805,-0.886340
16599336,-0.259911,-0.343082,0.168303,0.886801
16607669,-0.260085,-0.343336,0.166982,0.886901
16616002,-0.260027,-0.344261,0.166191,0.886708
16624334,-0.259778,-0.344925,0.165519,0.886648
16632667,-0.260217,-0.344455,0.162882,0.887190
16641001,-0.260046,-0.345161,0.163081,0.886930
16649334,-0.259146,-0.346422,0.164207,0.886494
16657667,-0.259912,-0.345878,0.160330,0.887191
16666000,-0.259382,-0.346399,0.160124,0.887180
16674333,-0.259931,-0.346349,0.158335,0.887360
16682666,-0.260258,-0.346260,0.156457,0.887632
16690999,-0.260066,-0.346416,0.155781,0.887747
16699332,-0.259875,-0.346683,0.155472,0.887752
16707664,-0.259679,-0.347054,0.155616,0.887640
16715997,-0.259797,-0.347144,0.154777,0.887717
16724331,-0.258636,-0.348378,0.156904,0.887199
16732664,-0.258547,-0.348463,0.157517,0.887083
16740997,-0.258711,-0.348743,0.157918,0.886853
16749330,-0.258306,-0.349182,0.157934,0.886796
16757663,-0.257835,-0.349474,0.158665,0.886687
16765996,-0.257600,-0.349837,0.158611,0.886622
16774329,-0.257295,-0.350318,0.159063,0.886440
16782662,-0.256919,-0.350735,0.159680,0.886273
16790995,-0.257186,-0.350604,0.158835,0.886399
16799328,-0.257592,-0.351278,0.158623,0.886052
16807661,-0.257867,-0.351603,0.158583,0.885851
16815994,-0.257887,-0.352012,0.159018,0.885604
16824327,-0.258105,-0.352140,0.159110,0.885474
16832660,-0.258431,-0.352292,0.158987,0.885340
16840993,-0.258261,-0.353070,0.160027,0.884892
16849326,-0.258367,-0.353374,0.160668,0.884623
16857659,-0.258638,-0.353430,0.160710,0.884515
16865992,-0.258747,-0.353591,0.161056,0.884355
16874325,-0.259022,-0.353597,0.161060,0.884272
16882658,-0.259150,-0.353807,0.161470,0.884076
16890991,-0.259442,-0.353868,0.161689,0.883925
16899324,-0.259616,-0.353808,0.161836,0.883871
16907657,-0.259659,-0.353757,0.162424,0.883771
16915990,-0.259874,-0.353736,0.162645,0.883676
16924323,-0.260037,-0.353545,0.162862,0.883664
16932656,-0.260150,-0.353402,0.163227,0.883621
16940989,-0.260903,-0.352249,0.162102,0.884066
16949322,-0.261834,-0.351483,0.161398,0.884225
16957655,-0.262122,-0.351283,0.161698,0.884164
16965988,-0.262284,-0.350976,0.162556,0.884080
16974321,-0.262644,-0.350393,0.162952,0.884132
16982654,-0.262782,-0.349927,0.163877,0.884104
16990987,-0.262488,-0.349582,0.165780,0.883974
16999320,-0.262273,-0.349305,0.167401,0.883841
17007653,-0.262135,-0.348763,0.168544,0.883879
17015986,-0.262380,-0.348380,0.169557,0.883764
17024319,-0.262125,-0.348278,0.171343,0.883535
17032652,-0.261657,-0.348142,0.173427,0.883321
17040985,-0.261400,-0.347888,0.175766,0.883035
17049318,-0.261355,-0.347404,0.177492,0.882893
17057651,-0.261100,-0.346987,0.179158,0.882796
17065984,-0.261164,-0.346319,0.180214,0.882825
17074317,-0.261685,-0.345418,0.180230,0.883020
17082650,-0.262605,-0.344787,0.179108,0.883222
17090983,-0.262604,-0.344086,0.180374,0.883238
17099316,-0.263140,-0.343068,0.180448,0.883459
17107649,-0.262905,-0.342838,0.181915,0.883318
17115982,-0.263562,-0.342058,0.181743,0.883460
17124315,-0.264842,-0.340902,0.180220,0.883836
17132648,-0.265073,-0.340264,0.181412,0.883769
17140981,-0.265148,-0.339481,0.182343,0.883855
17149314,-0.265662,-0.338733,0.181939,0.884071
17157647,-0.266127,-0.338052,0.182164,0.884146
17165980,-0.266481,-0.337468,0.183004,0.884089
17174313,-0.266705,-0.337095,0.184403,0.883873
17182646,-0.267064,-0.336284,0.184531,0.884046
17190979,-0.267549,-0.335428,0.184248,0.884284
17199312,-0.267961,-0.334862,0.185130,0.884190
17207645,-0.268183,-0.334283,0.186027,0.884153
17215978,-0.268453,-0.333539,0.186286,0.884297
17224311,-0.268340,-0.333484,0.189362,0.883699
17232644,0.268862,0.332763,-0.190149,-0.883643
17240977,0.269081,0.332127,-0.190619,-0.883715
17249310,0.269216,0.331693,-0.191825,-0.883575
17257643,0.269573,0.330968,-0.191887,-0.883725
17265976,0.270417,0.329682,-0.190673,-0.884211
17274309,0.270625,0.329535,-0.192346,-0.883839
17282642,0.270842,0.329101,-0.193537,-0.883674
17290975,0.270816,0.328704,-0.193900,-0.883750
17299308,0.271539,0.327744,-0.193571,-0.883958
17307641,0.271282,0.327722,-0.194944,-0.883743
17315974,0.271530,0.326943,-0.194611,-0.884029
17324307,0.271487,0.326673,-0.196119,-0.883808
17332640,0.271837,0.325931,-0.195740,-0.884058
17340973,0.272172,0.325242,-0.195793,-0.884197
17349306,0.272381,0.325008,-0.196397,-0.884086
17357639,0.273461,0.323961,-0.194193,-0.884623
17365972,0.273405,0.324058,-0.194936,-0.884441
17374305,0.273971,0.323198,-0.194586,-0.884658
17382638,0.273731,0.323014,-0.196145,-0.884455
17390971,0.274173,0.322125,-0.195553,-0.884773
17399304,0.274014,0.322082,-0.195725,-0.884800
17407637,0.273962,0.321649,-0.195739,-0.884971
17415970,0.274015,0.321229,-0.196159,-0.885014
17424303,0.274423,0.320744,-0.195855,-0.885130
17432636,0.274828,0.320030,-0.195169,-0.885415
17440969,0.275046,0.319682,-0.195397,-0.885423
17449302,0.275007,0.319345,-0.195369,-0.885563
17457635,0.274626,0.319238,-0.195870,-0.885609
17465968,0.274849,0.318417,-0.195232,-0.885976
17474301,0.274152,0.318887,-0.197189,-0.885589
17482634,0.274352,0.318257,-0.196913,-0.885815
17490967,0.274302,0.317935,-0.197250,-0.885871
17499300,0.274061,0.317818,-0.197748,-0.885877
17507633,0.273469,0.317946,-0.199126,-0.885706
17515966,0.273349,0.317859,-0.199957,-0.885586
17524299,0.273329,0.317513,-0.199940,-0.885720
17532632,0.273185,0.317358,-0.200026,-0.885801
17540965,0.272927,0.317456,-0.200758,-0.885680
17549298,0.272664,0.317504,-0.201474,-0.885581
17557631,0.272491,0.317576,-0.201747,-0.885546
17565964,0.272556,0.317504,-0.201567,-0.885593
17574297,0.272564,0.317261,-0.201016,-0.885803
17582630,0.272297,0.317597,-0.201309,-0.885698
17590963,0.272644,0.317163,-0.200510,-0.885928
17599296,0.272659,0.317196,-0.200565,-0.885899
17607629,0.272345,0.317341,-0.201003,-0.885845
17615962,0.272012,0.318217,-0.202047,-0.885395
17624295,0.271660,0.318266,-0.202176,-0.885456
17632628,0.271933,0.318028,-0.201660,-0.885576
17640961,0.271711,0.318194,-0.201699,-0.885575
17649294,0.271704,0.318282,-0.201600,-0.885568
17657627,0.271218,0.318689,-0.202478,-0.885370
17665960,0.270855,0.319746,-0.204323,-0.884676
17674293,0.271018,0.319471,-0.203422,-0.884933
17682626,0.270579,0.320287,-0.205291,-0.884341
17690959,0.270547,0.320412,-0.205335,-0.884295
17699292,0.270517,0.320413,-0.205073,-0.884365
17707625,0.270724,0.320229,-0.204688,-0.884457
17715958,0.270906,0.319542,-0.203312,-0.884967
17724291,0.270584,0.320399,-0.205178,-0.884325
17732624,0.270640,0.320085,-0.204717,-0.884528
17740957,0.270660,0.320005,-0.204371,-0.884631
17749290,0.270468,0.320266,-0.204696,-0.884520
17757623,0.270513,0.320803,-0.205712,-0.884076
17765956,0.270676,0.320530,-0.205368,-0.884205
17774289,0.270622,0.320418,-0.205064,-0.884333
17782622,0.270810,0.320196,-0.204687,-0.884443
17790955,0.270639,0.320348,-0.204687,-0.884441
17799288,0.270821,0.320334,-0.204728,-0.884380
17807621,0.270698,0.320502,-0.205148,-0.884260
17815954,0.269919,0.321204,-0.206702,-0.883881
17824287,0.270095,0.321120,-0.206643,-0.883872
17832620,0.270408,0.320959,-0.206065,-0.883969
17840953,0.270499,0.321042,-0.205857,-0.883960
17849286,0.270473,0.321141,-0.205706,-0.883967
17857619,0.270357,0.321275,-0.205799,-0.883932
17865952,0.270486,0.321402,-0.205737,-0.883861
17874285,0.270679,0.321233,-0.204889,-0.884060
17882618,0.270720,0.321282,-0.204337,-0.884158
17890951,0.270504,0.321548,-0.204865,-0.884005
17899284,0.270595,0.321609,-0.204650,-0.884005
17907617,0.270942,0.321529,-0.203901,-0.884101
17915950,0.270926,0.321682,-0.203977,-0.884032
17924283,0.270880,0.322060,-0.204759,-0.883728
17932616,0.270615,0.322546,-0.205724,-0.883408
17940949,0.271347,0.321892,-0.203085,-0.884032
17949282,0.270897,0.322388,-0.204409,-0.883684
17957615,0.271251,0.322322,-0.203282,-0.883860
17965948,0.271349,0.322386,-0.202927,-0.883888
17974281,0.270875,0.322552,-0.202925,-0.883973
17982614,0.270498,0.323051,-0.204172,-0.883619
17990947,0.270671,0.323041,-0.203684,-0.883682
17999280,0.270768,0.322972,-0.203056,-0.883822
18007613,0.270801,0.322932,-0.202738,-0.883900
18015946,0.271268,0.322560,-0.201179,-0.884249
18024279,0.270707,0.323069,-0.202297,-0.883980
18032612,0.270639,0.323200,-0.202682,-0.883864
18040945,0.270737,0.323262,-0.202870,-0.883769
18049278,0.270561,0.323182,-0.202670,-0.883897
18057611,0.270487,0.323209,-0.202616,-0.883923
18065944,0.270670,0.323048,-0.202040,-0.884057
18074277,0.270489,0.323280,-0.202220,-0.883987
18082610,0.270653,0.322838,-0.201006,-0.884375
18090943,0.270488,0.323009,-0.201653,-0.884216
18099276,0.270127,0.323359,-0.202563,-0.883990
18107609,0.270033,0.323472,-0.202701,-0.883946
18115942,0.269828,0.323526,-0.202936,-0.883935
18124275,0.269584,0.323932,-0.203864,-0.883647
18132608,0.269556,0.323769,-0.203162,-0.883877
18140941,0.269716,0.323736,-0.202503,-0.883991
18149274,0.269120,0.324459,-0.204471,-0.883455
18157607,0.268876,0.324610,-0.204976,-0.883357
18165940,0.268767,0.324635,-0.204888,-0.883401
18174273,0.268676,0.324848,-0.204900,-0.883347
18182606,0.268906,0.324555,-0.203610,-0.883684
18190939,0.268363,0.324939,-0.204866,-0.883417
18199272,0.268215,0.325172,-0.205219,-0.883294
18207605,0.267716,0.325313,-0.205782,-0.883263
18215938,0.267568,0.325346,-0.205927,-0.883262
18224271,0.267365,0.325456,-0.206082,-0.883247
18232604,0.267185,0.325721,-0.206687,-0.883062
18240937,0.266791,0.325778,-0.206909,-0.883108
18249270,0.266880,0.325621,-0.206255,-0.883292
18257603,0.266570,0.325808,-0.206675,-0.883218
18265936,0.266351,0.325974,-0.206947,-0.883160
18274269,0.266180,0.326027,-0.207095,-0.883157
18282602,0.266047,0.326301,-0.207678,-0.882959
18290935,0.265826,0.326430,-0.207667,-0.882980
18299268,0.266169,0.326034,-0.206184,-0.883371
18307601,0.266100,0.326025,-0.205983,-0.883442
18315934,0.266071,0.326163,-0.205874,-0.883425
18324267,0.265712,0.326351,-0.206488,-0.883320
18332600,0.265345,0.326792,-0.207560,-0.883016
18340933,0.265693,0.326707,-0.206849,-0.883110
18349266,0.265974,0.326421,-0.205502,-0.883446
18357599,0.265763,0.326499,-0.205384,-0.883508
18365932,0.265930,0.326439,-0.204904,-0.883591
18374265,0.265845,0.326401,-0.204937,-0.883623
18382598,0.265692,0.326575,-0.205103,-0.883566
18390931,0.265753,0.326521,-0.204853,-0.883626
18399264,0.265525,0.326296,-0.205237,-0.883688
18407597,0.265047,0.326581,-0.206446,-0.883445
18415930,0.264989,0.326918,-0.206191,-0.883397
18424263,0.265218,0.326704,-0.204751,-0.883743
18432596,0.264555,0.327471,-0.206672,-0.883210
18440929,0.264164,0.327861,-0.207478,-0.882994
18449262,0.263992,0.328196,-0.207896,-0.882822
18457595,0.264139,0.327972,-0.206069,-0.883289
18465928,0.263923,0.328350,-0.206365,-0.883145
18474261,0.263460,0.328788,-0.207842,-0.882774
18482594,0.263561,0.329035,-0.207177,-0.882808
18490927,0.263559,0.329101,-0.206571,-0.882926
18499260,0.263536,0.329327,-0.206474,-0.882871
18507593,0.263511,0.329636,-0.206263,-0.882813
18515926,0.263364,0.329913,-0.206287,-0.882747
18524259,0.263747,0.330015,-0.205760,-0.882718
18532592,0.264169,0.329916,-0.204683,-0.882879
18540925,0.264003,0.330314,-0.205397,-0.882614
18549258,0.264233,0.330466,-0.205208,-0.882532
18557591,0.264270,0.330631,-0.205387,-0.882417
18565924,0.264702,0.330315,-0.204036,-0.882720
18574257,0.263975,0.330931,-0.205746,-0.882310
18582590,0.263949,0.331035,-0.206326,-0.882143
18590923,0.263939,0.331238,-0.206776,-0.881964
18599256,0.264237,0.330936,-0.205838,-0.882208
18607589,0.264365,0.331092,-0.206242,-0.882017
18615922,0.264273,0.331341,-0.206909,-0.881794
18624255,0.264382,0.331485,-0.207140,-0.881654
18632588,0.264665,0.331661,-0.207129,-0.881505
18640921,0.264518,0.331945,-0.207900,-0.881261
18649254,0.264740,0.331865,-0.207647,-0.881284
18657587,0.265185,0.331938,-0.207284,-0.881208
18665920,0.264974,0.332127,-0.208850,-0.880831
18674253,0.264885,0.332338,-0.209484,-0.880627
18682586,0.265209,0.332246,-0.209149,-0.880644
18690919,0.265969,0.332311,-0.207774,-0.880715
18699252,0.266244,0.332402,-0.208124,-0.880515
18707585,0.266554,0.332419,-0.207993,-0.880446
18715918,0.266934,0.332483,-0.207801,-0.880352
18724251,0.267534,0.332813,-0.207762,-0.880055
18732584,0.267643,0.333426,-0.209097,-0.879473
18740917,0.267934,0.333629,-0.209413,-0.879232
18749250,0.268535,0.333261,-0.208283,-0.879457
18757583,0.268420,0.333839,-0.210099,-0.878840
18765916,0.268552,0.334207,-0.210839,-0.878483
18774249,0.268980,0.333831,-0.210050,-0.878684
18782582,0.269722,0.333453,-0.208181,-0.879045
18790915,0.269930,0.333858,-0.209115,-0.878605
18799248,0.270585,0.333526,-0.208247,-0.878736
18807581,0.270719,0.333793,-0.209003,-0.878414
18815914,0.270655,0.334217,-0.210192,-0.877989
18824247,0.271537,0.333790,-0.209203,-0.878115
18832580,0.272072,0.333689,-0.209210,-0.877986
18840913,0.272723,0.333274,-0.208249,-0.878170
18849246,0.272972,0.333070,-0.208475,-0.878117
18857579,0.273180,0.333506,-0.209575,-0.877625
18865912,0.273603,0.333487,-0.210664,-0.877239
18874245,0.274403,0.332913,-0.209954,-0.877377
18882578,0.273396,0.334120,-0.213499,-0.876377
18890911,0.274763,0.333147,-0.212376,-0.876593
18899244,0.275292,0.333204,-0.213727,-0.876076
18907577,0.275936,0.333049,-0.213948,-0.875879
18915910,0.276435,0.333008,-0.214506,-0.875601
18924243,0.277140,0.332833,-0.214710,-0.875394
18932576,0.277039,0.333223,-0.216318,-0.874882
18940909,0.278305,0.332682,-0.215136,-0.874977
18949242,0.279680,0.332036,-0.214671,-0.874899
18957575,0.279757,0.332020,-0.216670,-0.874387
18965908,0.280008,0.331732,-0.218092,-0.874063
18974241,0.280673,0.331158,-0.219364,-0.873748
18982574,0.281473,0.330682,-0.220190,-0.873464
18990907,0.282076,0.330242,-0.221043,-0.873220
18999240,0.282612,0.329872,-0.222427,-0.872835
19007573,0.283404,0.329294,-0.223366,-0.872557
19015906,0.284296,0.328625,-0.224267,-0.872287
19024239,0.284568,0.328014,-0.226434,-0.871869
19032572,0.285509,0.326836,-0.227266,-0.871787
19040905,0.286305,0.325844,-0.227544,-0.871825
19049238,0.286927,0.324938,-0.229583,-0.871424
19057571,0.287931,0.324130,-0.231282,-0.870944
19065904,0.288806,0.323080,-0.232005,-0.870852
19074237,0.289656,0.321838,-0.232576,-0.870878
19082570,0.289634,0.321650,-0.234767,-0.870367
19090903,0.290476,0.320535,-0.235115,-0.870403
19099236,0.291281,0.319782,-0.235316,-0.870357
19107569,0.292331,0.318786,-0.235355,-0.870360
19115902,0.293662,0.317210,-0.234745,-0.870652
19124235,0.293922,0.316586,-0.236063,-0.870435
19132568,0.294178,0.316252,-0.237441,-0.870096
19140901,0.294288,0.315710,-0.238876,-0.869862
19149234,0.294719,0.314996,-0.239818,-0.869716
19157567,0.295125,0.314139,-0.240416,-0.869723
19165900,0.295151,0.313540,-0.242350,-0.869393
19174233,0.295579,0.312871,-0.242662,-0.869402
19182566,0.296035,0.312359,-0.243788,-0.869116
19190899,0.295982,0.311692,-0.245207,-0.868974
19199232,0.296257,0.310981,-0.246186,-0.868858
19207565,0.296562,0.310597,-0.247804,-0.868432
19215898,0.297225,0.309635,-0.247684,-0.868583
19224231,0.297772,0.308721,-0.248057,-0.868614
19232564,0.298217,0.308210,-0.248515,-0.868512
19240897,0.298576,0.307532,-0.249376,-0.868383
19249230,0.299248,0.306572,-0.249823,-0.868362
19257563,0.299799,0.305861,-0.250291,-0.868288
19265896,0.300500,0.305042,-0.250233,-0.868350
19274229,0.301260,0.304261,-0.250096,-0.868401
19282562,0.301529,0.304084,-0.250935,-0.868127
19290895,0.301857,0.303952,-0.251690,-0.867841
19299228,0.302298,0.303562,-0.252437,-0.867607
19307561,0.303135,0.303045,-0.252917,-0.867356
19315894,0.303632,0.302386,-0.253453,-0.867255
19324227,0.304463,0.301647,-0.253646,-0.867165
19332560,0.304992,0.301045,-0.255192,-0.866735
19340893,0.306147,0.299976,-0.255054,-0.866739
19349226,0.307001,0.299145,-0.255546,-0.866579
19357559,0.308129,0.298292,-0.255841,-0.866386
19365892,0.308783,0.297702,-0.256839,-0.866060
19374225,0.309409,0.297174,-0.257901,-0.865703
19382558,0.309883,0.296637,-0.258864,-0.865429
19390891,0.310208,0.296335,-0.259488,-0.865230
19399224,0.310300,0.296502,-0.261613,-0.864499
19407557,0.310985,0.296142,-0.262262,-0.864180
19415890,0.311880,0.295707,-0.262333,-0.863985
19424223,0.312342,0.295858,-0.263544,-0.863397
19432556,0.313318,0.295866,-0.264033,-0.862891
19440889,0.315298,0.295227,-0.262237,-0.862937
19449222,0.317766,0.294364,-0.260141,-0.862961
19457555,0.320095,0.294213,-0.259161,-0.862446
19465888,0.322343,0.293803,-0.257883,-0.862132
19474221,0.323942,0.294039,-0.258601,-0.861236
19482554,0.326076,0.293649,-0.257578,-0.860871
19490887,0.328254,0.292790,-0.256757,-0.860581
19499220,0.329307,0.292912,-0.258776,-0.859532
19507553,0.330005,0.293321,-0.261607,-0.858267
19515886,0.331307,0.292976,-0.263324,-0.857357
19524219,0.332420,0.292890,-0.265395,-0.856316
19532552,0.332545,0.293728,-0.270403,-0.854412
19540885,0.334212,0.292477,-0.270772,-0.854074
19549218,0.335475,0.291856,-0.272311,-0.853301
19557551,0.335920,0.292211,-0.276082,-0.851791
19565884,0.336123,0.292425,-0.279183,-0.850627
19574217,0.336238,0.292821,-0.282555,-0.849331
19582550,0.336677,0.292958,-0.285517,-0.848118
19590883,0.336858,0.293425,-0.287833,-0.847101
19599216,0.337069,0.293937,-0.289786,-0.846173
19607549,0.337631,0.294494,-0.290942,-0.845359
19615882,0.338312,0.295286,-0.292117,-0.844404
19624215,0.339207,0.295969,-0.292416,-0.843703
19632548,0.340436,0.296404,-0.291433,-0.843395
19640881,0.341414,0.297028,-0.290255,-0.843186
19649214,0.343528,0.297675,-0.288121,-0.842831
19657547,0.345020,0.298355,-0.286884,-0.842403
19665880,0.346185,0.299132,-0.285731,-0.842041
19674213,0.347359,0.300210,-0.283910,-0.841790
19682546,0.348745,0.301262,-0.281908,-0.841514
19690879,0.350829,0.300945,-0.278208,-0.841992
19699212,0.352807,0.302119,-0.276132,-0.841429
19707545,0.353407,0.304825,-0.276162,-0.840190
19715878,0.355646,0.305556,-0.272569,-0.840153
19724211,0.359062,0.306053,-0.267368,-0.840191
19732544,0.361621,0.306895,-0.263763,-0.839926
19740877,0.364121,0.309807,-0.262362,-0.838213
19749210,0.367704,0.311675,-0.258877,-0.837039
19757543,0.371664,0.313157,-0.253817,-0.836287
19765876,0.373681,0.316879,-0.253949,-0.833943
19774209,0.377869,0.317989,-0.249213,-0.833061
19782542,0.379830,0.321486,-0.249572,-0.830717
19790875,0.379287,0.327905,-0.254067,-0.827085
19799208,0.384180,0.326943,-0.247904,-0.827078
19807541,0.387692,0.328077,-0.245715,-0.825642
19815874,0.388723,0.331974,-0.246985,-0.823217
19824207,0.390886,0.333961,-0.246462,-0.821544
19832540,0.393029,0.335986,-0.246088,-0.819806
19840873,0.394097,0.339124,-0.247225,-0.817657
19849206,0.396395,0.340238,-0.245529,-0.816593
19857539,0.398146,0.342294,-0.245134,-0.814999
19865872,0.400242,0.343635,-0.243982,-0.813753
19874205,0.401846,0.345319,-0.244048,-0.812229
19882538,0.403323,0.346364,-0.243621,-0.811179
19890871,0.404151,0.347443,-0.243836,-0.810240
19899204,0.405225,0.347818,-0.243559,-0.809627
19907537,0.405974,0.348084,-0.243736,-0.809083
19915870,0.406662,0.347934,-0.243957,-0.808735
19924203,0.406822,0.347605,-0.244543,-0.808619
19932536,0.407311,0.346838,-0.245014,-0.808560
19940869,0.405687,0.347967,-0.248628,-0.807788
19949202,0.405035,0.347627,-0.250874,-0.807567
19957535,0.404595,0.346605,-0.252587,-0.807693
19965868,0.405224,0.344057,-0.252391,-0.808528
19974201,0.405132,0.342305,-0.253670,-0.808917
19982534,0.404486,0.340835,-0.255725,-0.809214
19990867,0.403506,0.339623,-0.257988,-0.809494
19999200,0.402724,0.338379,-0.259873,-0.809802
20007533,0.402222,0.336613,-0.261003,-0.810424
20015866,0.401567,0.335048,-0.262609,-0.810878
20024199,0.400627,0.333803,-0.264703,-0.811176
20032532,0.398652,0.334126,-0.268698,-0.810702
20040865,0.399208,0.331887,-0.268569,-0.811391
20049198,0.399346,0.330148,-0.268837,-0.811943
20057531,0.399099,0.328673,-0.269643,-0.812395
20065864,0.398664,0.327355,-0.270881,-0.812729
20074197,0.398090,0.326200,-0.272237,-0.813022
20082530,0.397991,0.324345,-0.272356,-0.813773
20090863,0.397774,0.323156,-0.273588,-0.813938
20099196,0.397262,0.322319,-0.275522,-0.813868
20107529,0.396079,0.321761,-0.277812,-0.813887
20115862,0.394843,0.321588,-0.280065,-0.813784
20124195,0.394751,0.320368,-0.280663,-0.814103
20132528,0.394283,0.319396,-0.281457,-0.814437
20140861,0.394974,0.317837,-0.280515,-0.815038
20149194,0.395154,0.316570,-0.280570,-0.815424
20157527,0.395015,0.315703,-0.281291,-0.815579
20165860,0.394946,0.314992,-0.282138,-0.815595
20174193,0.395318,0.313955,-0.282118,-0.815822
20182526,0.395595,0.313031,-0.282464,-0.815923
20190859,0.395648,0.312321,-0.283082,-0.815955
20199192,0.393997,0.313850,-0.286571,-0.814949
20207525,0.393631,0.313799,-0.288185,-0.814576
20215858,0.395492,0.311067,-0.286155,-0.815438
20224191,0.394758,0.311318,-0.288051,-0.815030
20232524,0.395171,0.309860,-0.287927,-0.815429
20240857,0.395196,0.309030,-0.288446,-0.815548
20249190,0.394740,0.308880,-0.290264,-0.815181
20257523,0.395089,0.307780,-0.290378,-0.815387
20265856,0.395222,0.306784,-0.290932,-0.815501
20274189,0.395178,0.306121,-0.291476,-0.815577
20282522,0.395313,0.305500,-0.291405,-0.815770
20290855,0.395900,0.304605,-0.291284,-0.815863
20299188,0.396009,0.304184,-0.292142,-0.815661
20307521,0.396304,0.303549,-0.292019,-0.815798
20315854,0.396455,0.302994,-0.292209,-0.815863
20324187,0.396922,0.302378,-0.292163,-0.815881
20332520,0.397422,0.301723,-0.291716,-0.816040
20340853,0.397288,0.301766,-0.292789,-0.815705
20349186,0.397075,0.301717,-0.293521,-0.815563
20357519,0.396572,0.301732,-0.295115,-0.815227
20365852,0.396533,0.301418,-0.295513,-0.815218
20374185,0.396365,0.301098,-0.296069,-0.815217
20382518,0.396220,0.301064,-0.297260,-0.814866
20390851,0.395637,0.300896,-0.298594,-0.814723
20399184,0.394999,0.300956,-0.299741,-0.814590
20407517,0.394966,0.300532,-0.299902,-0.814703
20415850,0.394476,0.300432,-0.300496,-0.814758
20424183,0.394640,0.299919,-0.300502,-0.814866
20432516,0.394752,0.299338,-0.300333,-0.815087
20440849,0.394917,0.298741,-0.300160,-0.815290
20449182,0.394963,0.298519,-0.300078,-0.815380
20457515,0.395590,0.297852,-0.299067,-0.815691
20465848,0.396088,0.297299,-0.298250,-0.815950
20474181,0.395960,0.297203,-0.298794,-0.815848
20482514,0.395655,0.296987,-0.299264,-0.815902
20490847,0.395771,0.296763,-0.299120,-0.815981
20499180,0.395511,0.296714,-0.299727,-0.815902
20507513,0.395095,0.296793,-0.300153,-0.815918
20515846,0.395023,0.296880,-0.300569,-0.815768
20524179,0.395070,0.296674,-0.300906,-0.815696
20532512,0.395194,0.296519,-0.300834,-0.815719
20540845,0.395317,0.296334,-0.300327,-0.815913
20549178,0.395216,0.296181,-0.300374,-0.816000
20557511,0.395525,0.295941,-0.299627,-0.816212
20565844,0.395385,0.296174,-0.300532,-0.815863
20574177,0.395467,0.296107,-0.300519,-0.815852
20582510,0.395589,0.295887,-0.300056,-0.816044
20590843,0.395694,0.295768,-0.299618,-0.816196
20599176,0.395824,0.295844,-0.299392,-0.816189
20607509,0.395716,0.296206,-0.300228,-0.815803
20615842,0.396111,0.295814,-0.299131,-0.816156
20624175,0.395834,0.296232,-0.299800,-0.815893
20632508,0.395604,0.296385,-0.300113,-0.815834
20640841,0.395524,0.296566,-0.300115,-0.815807
20649174,0.395604,0.296445,-0.299616,-0.815995
20657507,0.395086,0.297094,-0.300986,-0.815505
20665840,0.395209,0.297023,-0.300539,-0.815637
20674173,0.395009,0.297251,-0.300784,-0.815561
20682506,0.395229,0.297270,-0.300382,-0.815595
20690839,0.395329,0.297475,-0.300440,-0.815451
20699172,0.395465,0.297467,-0.300060,-0.815527
20707505,0.395356,0.297441,-0.299733,-0.815710
20715838,0.395014,0.297590,-0.300353,-0.815593
20724171,0.394969,0.297521,-0.300286,-0.815665
20732504,0.394776,0.297815,-0.300671,-0.815509
20740837,0.394632,0.297979,-0.300826,-0.815462
20749170,0.394780,0.297857,-0.300556,-0.815534
20757503,0.394662,0.297918,-0.300701,-0.815515
20765836,0.394480,0.297810,-0.300650,-0.815661
20774169,0.394466,0.297913,-0.300698,-0.815614
20782502,0.394314,0.297902,-0.300801,-0.815653
20790835,0.393530,0.298681,-0.301740,-0.815400
20799168,0.393788,0.298405,-0.301415,-0.815496
20807501,0.393462,0.298713,-0.301816,-0.815393
20815834,0.393010,0.298690,-0.301695,-0.815664
20824167,0.393033,0.298725,-0.301702,-0.815638
20832500,0.392870,0.298965,-0.302042,-0.815502
20840833,0.392733,0.299047,-0.302225,-0.815470
20849166,0.392514,0.299105,-0.302337,-0.815513
20857499,0.392297,0.299272,-0.302587,-0.815463
20865832,0.392204,0.299386,-0.302747,-0.815407
20874165,0.392061,0.299517,-0.302778,-0.815416
20882498,0.391955,0.299560,-0.302481,-0.815562
20890831,0.391763,0.299807,-0.302840,-0.815430
20899164,0.391564,0.299948,-0.303107,-0.815374
20907497,0.391515,0.299961,-0.302997,-0.815434
20915830,0.391681,0.299924,-0.302555,-0.815532
20924163,0.391679,0.299924,-0.302181,-0.815671
20932496,0.391450,0.300191,-0.302521,-0.815557
20940829,0.391127,0.300366,-0.302603,-0.815617
20949162,0.391611,0.299775,-0.301546,-0.815994
20957495,0.391194,0.300050,-0.302098,-0.815889
20965828,0.391018,0.300214,-0.302011,-0.815945
20974161,0.390961,0.300219,-0.302241,-0.815885
20982494,0.391439,0.299715,-0.301405,-0.816150
20990827,0.391167,0.300048,-0.301885,-0.815981
20999160,0.390669,0.300526,-0.302461,-0.815830
21007493,0.390390,0.300875,-0.303027,-0.815625
21015826,0.391054,0.300131,-0.301844,-0.816020
21024159,0.390641,0.300611,-0.302382,-0.815842
21032492,0.390746,0.300558,-0.302294,-0.815844
21040825,0.390807,0.300123,-0.302088,-0.816051
21049158,0.390573,0.300493,-0.302658,-0.815815
21057491,0.390661,0.300593,-0.302392,-0.815835
21065824,0.390015,0.301041,-0.303387,-0.815609
21074157,0.390378,0.300448,-0.302580,-0.815954
21082490,0.389910,0.301005,-0.303221,-0.815735
21090823,0.389747,0.301537,-0.304029,-0.815316
21099156,0.389772,0.301140,-0.303569,-0.815621
21107489,0.389847,0.301121,-0.303601,-0.815580
21115822,0.389393,0.301416,-0.304379,-0.815399
21124155,0.389530,0.301652,-0.305326,-0.814892
21132488,0.389057,0.301656,-0.305054,-0.815218
21140821,0.389580,0.300830,-0.303676,-0.815787
21149154,0.389723,0.300574,-0.303357,-0.815932
21157487,0.389678,0.300432,-0.303176,-0.816073
21165820,0.389617,0.300786,-0.303284,-0.815932
21174153,0.389709,0.300796,-0.303786,-0.815698
21182486,0.388798,0.301924,-0.305877,-0.814934
21190819,0.388939,0.301860,-0.306063,-0.814821
21199152,0.389620,0.301226,-0.305265,-0.815029
21207485,0.389766,0.301214,-0.305221,-0.814980
21215818,0.388924,0.302505,-0.307454,-0.814064
21224151,0.389087,0.302601,-0.307428,-0.813961
21232484,0.389083,0.301896,-0.306306,-0.814647
21240817,0.389166,0.301710,-0.306035,-0.814778
21249150,0.389288,0.302039,-0.307397,-0.814085
21257483,0.389064,0.302386,-0.308254,-0.813739
21265816,0.388984,0.302620,-0.308295,-0.813675
21274149,0.389479,0.302268,-0.307969,-0.813693
21282482,0.389174,0.301679,-0.306762,-0.814512
21290815,0.389381,0.301192,-0.306033,-0.814868
21299148,0.389110,0.301792,-0.307022,-0.814403
21307481,0.388961,0.301955,-0.307487,-0.814238
21315814,0.388812,0.302358,-0.308274,-0.813863
21324147,0.388677,0.301998,-0.308085,-0.814132
21332480,0.388592,0.301939,-0.308160,-0.814166
21340813,0.388585,0.301819,-0.308169,-0.814210
21349146,0.389105,0.301213,-0.307622,-0.814394
21357479,0.388837,0.301593,-0.308123,-0.814192
21365812,0.388702,0.301710,-0.308428,-0.814097
21374145,0.389125,0.301077,-0.307733,-0.814393
21382478,0.388990,0.301143,-0.307714,-0.814440
21390811,0.388878,0.301167,-0.307850,-0.814433
21399144,0.388830,0.301193,-0.308018,-0.814382
21407477,0.389319,0.301083,-0.307520,-0.814378
21415810,0.389408,0.300948,-0.307330,-0.814457
21424143,0.389002,0.300947,-0.307794,-0.814476
21432476,0.389493,0.300619,-0.307128,-0.814614
21440809,0.389114,0.300690,-0.307187,-0.814746
21449142,0.388981,0.300714,-0.307214,-0.814791
21457475,0.388797,0.300899,-0.307683,-0.814634
21465808,0.388902,0.300727,-0.307373,-0.814764
21474141,0.388896,0.300682,-0.307212,-0.814844
21482474,0.388926,0.300540,-0.307017,-0.814956
21490807,0.388768,0.300621,-0.307169,-0.814944
21499140,0.388631,0.300731,-0.307315,-0.814914
21507473,0.388616,0.300766,-0.307389,-0.814880
21515806,0.388535,0.300642,-0.307383,-0.814966
21524139,0.388471,0.300697,-0.307468,-0.814945
21532472,0.388676,0.300562,-0.307019,-0.815066
21540805,0.388555,0.300835,-0.307586,-0.814809
21549138,0.388344,0.300584,-0.307443,-0.815057
21557471,0.388830,0.299660,-0.306267,-0.815607
21565804,0.388956,0.299459,-0.305987,-0.815726
21574137,0.388575,0.299706,-0.306535,-0.815611
21582470,0.388099,0.299972,-0.307317,-0.815445
21590803,0.388527,0.299391,-0.306462,-0.815777
21599136,0.388746,0.299131,-0.306375,-0.815801
21607469,0.388164,0.299569,-0.307313,-0.815565
21615802,0.387566,0.299779,-0.308149,-0.815457
21624135,0.388101,0.299083,-0.307242,-0.815800
21632468,0.388342,0.298642,-0.306606,-0.816086
21640801,0.388300,0.298429,-0.306471,-0.816234
21649134,0.387859,0.298648,-0.306902,-0.816202
21657467,0.387907,0.298457,-0.306672,-0.816336
21665800,0.387699,0.298317,-0.306560,-0.816527
21674133,0.387702,0.298233,-0.306538,-0.816565
21682466,0.387499,0.298065,-0.306616,-0.816694
21690799,0.387390,0.297914,-0.306599,-0.816807
21699132,0.387571,0.297109,-0.305960,-0.817253
21707465,0.386649,0.298099,-0.307892,-0.816604
21715798,0.386619,0.298176,-0.308486,-0.816366
21724131,0.386168,0.298029,-0.308324,-0.816694
21732464,0.386153,0.298164,-0.308525,-0.816576
21740797,0.385780,0.298396,-0.309090,-0.816454
21749130,0.385542,0.298140,-0.308729,-0.816796
21757463,0.385412,0.297958,-0.308660,-0.816950
21765796,0.385151,0.297903,-0.308982,-0.816971
21774129,0.385773,0.297063,-0.307745,-0.817451
21782462,0.385530,0.297091,-0.308154,-0.817401
21790795,0.385120,0.297520,-0.308691,-0.817236
21799128,0.385127,0.297583,-0.308528,-0.817271
21807461,0.385399,0.296889,-0.308053,-0.817575
21815794,0.385390,0.296806,-0.308187,-0.817558
21824127,0.385282,0.296652,-0.308243,-0.817644
21832460,0.385561,0.296542,-0.307750,-0.817738
21840793,0.385281,0.296392,-0.307875,-0.817877
21849126,0.385061,0.296629,-0.308628,-0.817611
21857459,0.384934,0.296599,-0.308861,-0.817594
21865792,0.384939,0.296450,-0.308576,-0.817753
21874125,0.384738,0.296643,-0.309171,-0.817553
21882458,0.384938,0.296357,-0.308709,-0.817737
21890791,0.384851,0.296427,-0.308958,-0.817659
21899124,0.384801,0.296315,-0.308808,-0.817780
21907457,0.384864,0.296804,-0.309631,-0.817261
21915790,0.384726,0.296601,-0.309666,-0.817387
21924123,0.384681,0.296429,-0.309698,-0.817458
21932456,0.384499,0.296567,-0.309962,-0.817394
21940789,0.384611,0.296409,-0.309951,-0.817403
21949122,0.384657,0.296312,-0.309929,-0.817424
21957455,0.384770,0.296657,-0.310477,-0.817038
21965788,0.384784,0.296980,-0.311149,-0.816658
21974121,0.385096,0.296237,-0.309766,-0.817306
21982454,0.385290,0.295774,-0.309193,-0.817600
21990787,0.384858,0.296184,-0.310209,-0.817269
21999120,0.385178,0.295977,-0.310041,-0.817258
22007453,0.384860,0.296168,-0.310783,-0.817057
22015786,0.384830,0.296208,-0.311033,-0.816961
22024119,0.384920,0.296143,-0.310837,-0.817017
22032452,0.384859,0.296287,-0.311615,-0.816697
22040785,0.384972,0.296434,-0.312278,-0.816337
22049118,0.384817,0.296121,-0.311745,-0.816727
22057451,0.384623,0.296651,-0.313250,-0.816050
22065784,0.384706,0.296024,-0.312410,-0.816561
22074117,0.384875,0.295915,-0.312152,-0.816619
22082450,0.384744,0.295872,-0.312396,-0.816603
22090783,0.384420,0.296588,-0.314141,-0.815826
22099116,0.384208,0.296759,-0.314510,-0.815722
22107449,0.384507,0.295605,-0.312829,-0.816645
22115782,0.384499,0.295787,-0.313305,-0.816401
22124115,0.384605,0.295365,-0.312909,-0.816656
22132448,0.384542,0.295145,-0.312763,-0.816821
22140781,0.384747,0.294962,-0.312692,-0.816818
22149114,0.384567,0.295558,-0.314231,-0.816096
22157447,0.384718,0.295031,-0.313364,-0.816549
22165780,0.385026,0.294723,-0.312810,-0.816727
22174113,0.384896,0.294798,-0.313226,-0.816602
22182446,0.385306,0.295001,-0.313367,-0.816281
22190779,0.385541,0.294632,-0.312920,-0.816475
22199112,0.385404,0.295113,-0.314153,-0.815892
22207445,0.385686,0.294714,-0.313200,-0.816269
22215778,0.385671,0.294410,-0.312922,-0.816492
22224111,0.385532,0.294434,-0.313369,-0.816378
22232444,0.385681,0.294767,-0.314042,-0.815929
22240777,0.385927,0.294835,-0.313855,-0.815860
22249110,0.386264,0.294375,-0.312783,-0.816279
22257443,0.386199,0.294184,-0.312625,-0.816438
22265776,0.386267,0.294199,-0.312619,-0.816403
22274109,0.386118,0.294808,-0.313605,-0.815876
22282442,0.385985,0.294677,-0.313458,-0.816043
22290775,0.386136,0.294357,-0.312860,-0.816316
22299108,0.386162,0.294445,-0.312827,-0.816285
22307441,0.386006,0.294935,-0.313746,-0.815828
22315774,0.385934,0.295125,-0.313981,-0.815704
22324107,0.386330,0.294621,-0.312601,-0.816228
22332440,0.385837,0.295356,-0.314012,-0.815654
22340773,0.385482,0.295942,-0.315223,-0.815142
22349106,0.385536,0.295814,-0.314805,-0.815324
22357439,0.385701,0.295028,-0.313433,-0.816060
22365772,0.385659,0.295417,-0.314176,-0.815653
22374105,0.385867,0.295025,-0.313168,-0.816084
22382438,0.385495,0.295547,-0.314316,-0.815629
22390771,0.385456,0.295154,-0.313554,-0.816083
22399104,0.385798,0.294860,-0.313017,-0.816234
22407437,0.385541,0.295060,-0.313428,-0.816125
22415770,0.385499,0.295020,-0.313193,-0.816250
22424103,0.385506,0.295300,-0.313881,-0.815881
22432436,0.385431,0.295099,-0.313641,-0.816081
22440769,0.385185,0.295680,-0.314715,-0.815574
22449102,0.385242,0.295044,-0.313551,-0.816225
22457435,0.385470,0.295070,-0.313610,-0.816085
22465768,0.385301,0.294894,-0.313240,-0.816371
22474101,0.385237,0.294811,-0.313250,-0.816427
22482434,0.385032,0.295276,-0.314074,-0.816039
22490767,0.384944,0.295081,-0.313721,-0.816287
22499100,0.385024,0.295077,-0.313734,-0.816246
22507433,0.384927,0.294832,-0.313460,-0.816486
22515766,0.384576,0.295655,-0.315135,-0.815707
22524099,0.384818,0.295001,-0.313888,-0.816311
22532432,0.384939,0.294536,-0.313264,-0.816661
22540765,0.384885,0.295071,-0.314599,-0.815981
22549098,0.384568,0.295427,-0.315194,-0.815771
22557431,0.384817,0.294750,-0.313762,-0.816451
22565764,0.384637,0.294484,-0.313467,-0.816745
22574097,0.385053,0.294379,-0.312778,-0.816850
22582430,0.384939,0.294552,-0.313088,-0.816723
22590763,0.384711,0.294956,-0.314086,-0.816301
22599096,0.384679,0.294791,-0.313787,-0.816491
22607429,0.384708,0.294784,-0.313649,-0.816533
22615762,0.384788,0.294643,-0.313478,-0.816612
22624095,0.384727,0.294824,-0.314033,-0.816362
22632428,0.384579,0.294723,-0.313925,-0.816510
22640761,0.384763,0.294683,-0.313574,-0.816573
22649094,0.384497,0.294861,-0.313937,-0.816494
22657427,0.384541,0.294969,-0.313906,-0.816446
22665760,0.384573,0.294998,-0.313905,-0.816421
22674093,0.384520,0.295000,-0.313880,-0.816455
22682426,0.384358,0.295420,-0.314634,-0.816089
22690759,0.384281,0.295158,-0.314180,-0.816395
22699092,0.384113,0.295845,-0.315316,-0.815787
22707425,0.384146,0.295755,-0.314963,-0.815941
22715758,0.384240,0.295560,-0.314509,-0.816142
22724091,0.384353,0.295088,-0.313609,-0.816606
22732424,0.384382,0.294934,-0.313360,-0.816744
22740757,0.384374,0.295215,-0.313594,-0.816556
22749090,0.384285,0.295549,-0.314343,-0.816189
22757423,0.384388,0.295338,-0.313795,-0.816428
22765756,0.384376,0.295276,-0.314105,-0.816337
22774089,0.384080,0.295874,-0.315355,-0.815777
22782422,0.384151,0.295595,-0.315031,-0.815970
22790755,0.384187,0.295090,-0.314105,-0.816493
22799088,0.384274,0.295277,-0.314494,-0.816234
22807421,0.384430,0.294959,-0.313984,-0.816472
22815754,0.384007,0.295646,-0.315591,-0.815803
22824087,0.384155,0.294969,-0.314584,-0.816367
22832420,0.384239,0.295061,-0.314972,-0.816145
22840753,0.384388,0.295012,-0.315026,-0.816072
22849086,0.384501,0.294855,-0.314913,-0.816118
22857419,0.384491,0.294426,-0.314447,-0.816458
22865752,0.384610,0.294053,-0.313912,-0.816742
22874085,0.384562,0.294489,-0.314778,-0.816274
22882418,0.384712,0.294248,-0.314137,-0.816537
22890751,0.384680,0.294282,-0.313967,-0.816606
22899084,0.384681,0.294364,-0.313957,-0.816579
22907417,0.384714,0.294333,-0.313883,-0.816603
22915750,0.384639,0.294505,-0.313963,-0.816546
22924083,0.384506,0.295039,-0.314795,-0.816095
22932416,0.384788,0.294675,-0.313663,-0.816530
22940749,0.384532,0.294884,-0.313735,-0.816547
22949082,0.384549,0.295175,-0.313669,-0.816460
22957415,0.384534,0.295316,-0.313448,-0.816500
22965748,0.384569,0.295314,-0.313085,-0.816624
22974081,0.384830,0.295124,-0.312509,-0.816790
22982414,0.384912,0.295142,-0.312314,-0.816819
22990747,0.384636,0.295829,-0.313897,-0.816094
22999080,0.384890,0.295230,-0.312676,-0.816659
23007413,0.384831,0.295342,-0.313161,-0.816461
23015746,0.384878,0.294715,-0.312192,-0.817036
23024079,0.385049,0.294636,-0.312210,-0.816977
23032412,0.384879,0.295022,-0.313190,-0.816543
23040745,0.384851,0.294748,-0.312785,-0.816810
23049078,0.384895,0.294534,-0.312637,-0.816923
23057411,0.384640,0.294630,-0.312830,-0.816935
23065744,0.384868,0.294448,-0.312257,-0.817112
23074077,0.384839,0.294396,-0.311947,-0.817263
23082410,0.384097,0.294778,-0.313134,-0.817021
23090743,0.383986,0.294931,-0.313189,-0.816996
23099076,0.383989,0.294916,-0.312870,-0.817123
23107409,0.383766,0.294781,-0.312597,-0.817381
23115742,0.383050,0.295116,-0.313254,-0.817344
23124075,0.382853,0.294741,-0.312567,-0.817835
23132408,0.382839,0.294666,-0.312198,-0.818009
23140741,0.382492,0.294338,-0.311676,-0.818488
23149074,0.382493,0.294448,-0.311389,-0.818557
23157407,0.382346,0.294393,-0.310984,-0.818799
23165740,0.382237,0.294644,-0.310974,-0.818764
23174073,0.381967,0.294626,-0.310934,-0.818912
23182406,0.382098,0.294720,-0.310710,-0.818902
23190739,0.382264,0.294630,-0.310271,-0.819023
23199072,0.381877,0.294979,-0.310842,-0.818862
23207405,0.381988,0.294739,-0.310611,-0.818984
23215738,0.381782,0.294973,-0.310904,-0.818885
23224071,0.381540,0.295186,-0.311302,-0.818769
23232404,0.381542,0.295410,-0.311623,-0.818566
23240737,0.381475,0.295423,-0.311728,-0.818552
23249070,0.381552,0.295393,-0.311665,-0.818551
23257403,0.381471,0.295297,-0.311765,-0.818585
23265736,0.381415,0.295430,-0.312037,-0.818460
23274069,0.381415,0.295436,-0.311934,-0.818497
23282402,0.381537,0.295057,-0.311347,-0.818800
23290735,0.381346,0.295534,-0.311812,-0.818540
23299068,0.381255,0.295448,-0.311769,-0.818630
23307401,0.381308,0.295426,-0.311604,-0.818676
23315734,0.381047,0.295671,-0.312070,-0.818532
23324067,0.381489,0.295823,-0.311599,-0.818450
23332400,0.380711,0.297110,-0.313804,-0.817503
23340733,0.380897,0.296256,-0.312502,-0.818225
23349066,0.380971,0.296208,-0.312337,-0.818271
23357399,0.380972,0.296343,-0.312347,-0.818218
23365732,0.380967,0.296265,-0.312217,-0.818298
23374065,0.380695,0.296908,-0.313067,-0.817867
23382398,0.380743,0.296881,-0.313228,-0.817792
23390731,0.380971,0.296493,-0.312545,-0.818089
23399064,0.381088,0.296534,-0.312364,-0.818088
23407397,0.381028,0.296340,-0.312199,-0.818249
23415730,0.380607,0.297369,-0.313667,-0.817511
23424063,0.380608,0.297438,-0.313871,-0.817406
23432396,0.380608,0.296978,-0.313664,-0.817653
23440729,0.380786,0.297293,-0.313596,-0.817482
23449062,0.380366,0.297734,-0.314547,-0.817151
23457395,0.380624,0.296586,-0.312968,-0.818054
23465728,0.380303,0.296936,-0.313710,-0.817793
23474061,0.380547,0.296661,-0.313128,-0.818002
23482394,0.380648,0.296480,-0.312778,-0.818154
23490727,0.380505,0.296354,-0.312745,-0.818279
23499060,0.380521,0.296358,-0.312642,-0.818310
23507393,0.380028,0.297158,-0.313925,-0.817757
23515726,0.379873,0.297365,-0.314415,-0.817566
23524059,0.380262,0.296271,-0.312917,-0.818356
23532392,0.379895,0.296871,-0.313859,-0.817949
23540725,0.380190,0.296012,-0.312582,-0.818612
23549058,0.380402,0.295648,-0.312232,-0.818778
23557391,0.380488,0.295819,-0.312411,-0.818608
23565724,0.380683,0.295903,-0.312607,-0.818412
23574057,0.380513,0.295418,-0.312150,-0.818841
23582390,0.380392,0.295339,-0.312263,-0.818883
23590723,0.380274,0.295313,-0.312409,-0.818891
23599056,0.380239,0.295597,-0.312629,-0.818721
23607389,0.380292,0.295768,-0.312941,-0.818515
23615722,0.380089,0.296495,-0.314333,-0.817813
23624055,0.380083,0.296629,-0.314602,-0.817664
23632388,0.380304,0.296328,-0.313910,-0.817936
23640721,0.380186,0.295753,-0.313059,-0.818525
23649054,0.380290,0.296055,-0.313290,-0.818279
23657387,0.380042,0.296065,-0.313360,-0.818364
23665720,0.380080,0.295936,-0.313122,-0.818484
23674053,0.380390,0.295547,-0.312583,-0.818686
23682386,0.380034,0.296349,-0.313867,-0.818070
23690719,0.380504,0.295642,-0.312538,-0.818616
23699052,0.380506,0.295567,-0.312609,-0.818615
23707385,0.380570,0.295526,-0.312789,-0.818532
23715718,0.380316,0.295718,-0.313211,-0.818419
23724051,0.380169,0.295566,-0.313009,-0.818619
23732384,0.380432,0.295592,-0.312532,-0.818670
23740717,0.380587,0.295243,-0.312037,-0.818913
23749050,0.380491,0.295804,-0.312659,-0.818517
23757383,0.380009,0.296264,-0.313674,-0.818187
23765716,0.380237,0.295956,-0.312801,-0.818527
23774049,0.380092,0.295853,-0.312707,-0.818667
23782382,0.379999,0.296032,-0.312875,-0.818581
23790715,0.380087,0.296549,-0.313506,-0.818112
23799048,0.380115,0.296297,-0.313091,-0.818349
23807381,0.380110,0.295974,-0.312501,-0.818693
23815714,0.380199,0.295827,-0.312356,-0.818761
23824047,0.380349,0.295654,-0.311807,-0.818963
23832380,0.380224,0.295928,-0.312124,-0.818801
23840713,0.380202,0.295976,-0.312246,-0.818747
23849046,0.380112,0.295754,-0.312150,-0.818906
23857379,0.380162,0.295840,-0.312187,-0.818837
23865712,0.379987,0.295974,-0.312397,-0.818790
23874045,0.380125,0.295783,-0.312225,-0.818861
23882378,0.380203,0.295536,-0.312105,-0.818960
23890711,0.379906,0.295720,-0.312621,-0.818834
23899044,0.379812,0.295838,-0.312984,-0.818696
23907377,0.380488,0.295597,-0.312095,-0.818809
23915710,0.380267,0.295759,-0.312523,-0.818690
23924043,0.380127,0.296010,-0.312913,-0.818515
23932376,0.380224,0.295716,-0.312435,-0.818759
23940709,0.379876,0.295620,-0.312325,-0.818997
23949042,0.380229,0.295653,-0.311901,-0.818982
23957375,0.380173,0.295888,-0.312307,-0.818769
23965708,0.380090,0.296140,-0.312761,-0.818543
23974041,0.380291,0.295635,-0.311871,-0.818972
23982374,0.380637,0.295785,-0.311645,-0.818843
23990707,0.380165,0.295808,-0.311853,-0.818975
23999040,0.380173,0.295698,-0.311509,-0.819142
24007373,0.380117,0.295656,-0.311668,-0.819122
24015706,0.380057,0.295904,-0.311980,-0.818942
24024039,0.380024,0.296029,-0.312160,-0.818844
24032372,0.379926,0.296160,-0.312507,-0.818709
24040705,0.380287,0.296185,-0.312299,-0.818612
24049038,0.379963,0.296024,-0.312395,-0.818784
24057371,0.379943,0.296148,-0.312744,-0.818615
24065704,0.379994,0.295926,-0.312302,-0.818841
24074037,0.379951,0.295865,-0.312320,-0.818876
24082370,0.379883,0.295969,-0.312363,-0.818853
24090703,0.380068,0.296084,-0.312446,-0.818694
24099036,0.380078,0.296844,-0.313267,-0.818100
24107369,0.380082,0.296442,-0.312692,-0.818464
24115702,0.380017,0.296374,-0.312668,-0.818528
24124035,0.379718,0.295878,-0.312363,-0.818963
24132368,0.380184,0.296050,-0.312051,-0.818803
24140701,0.379914,0.295958,-0.312128,-0.818932
24149034,0.379866,0.296230,-0.312299,-0.818791
24157367,0.379646,0.296431,-0.313079,-0.818522
24165700,0.379643,0.296517,-0.313138,-0.818470
24174033,0.379752,0.296198,-0.312407,-0.818815
24182366,0.379632,0.296024,-0.312298,-0.818975
24190699,0.379418,0.296237,-0.312673,-0.818854
24199032,0.379433,0.296617,-0.313653,-0.818334
24207365,0.379471,0.296106,-0.312893,-0.818793
24215698,0.379893,0.296141,-0.312414,-0.818767
24224031,0.379632,0.295891,-0.312360,-0.818999
24232364,0.379967,0.295600,-0.311680,-0.819207
24240697,0.379995,0.295793,-0.312126,-0.818955
24249030,0.379831,0.296068,-0.312829,-0.818664
24257363,0.379755,0.296214,-0.313044,-0.818564
24265696,0.379504,0.295779,-0.312621,-0.818999
24274029,0.379821,0.295841,-0.312405,-0.818912
24282362,0.379902,0.296048,-0.312468,-0.818776
24290695,0.379895,0.295863,-0.312556,-0.818813
24299028,0.379931,0.295729,-0.312395,-0.818905
24307361,0.379993,0.295404,-0.311985,-0.819151
24315694,0.379717,0.295626,-0.312736,-0.818912
24324027,0.379487,0.296419,-0.314086,-0.818215
24332360,0.379292,0.296690,-0.314720,-0.817963
24340693,0.379486,0.296268,-0.313874,-0.818351
24349026,0.379714,0.296218,-0.313850,-0.818273
24357359,0.379500,0.296404,-0.314225,-0.818161
24365692,0.379019,0.296823,-0.314944,-0.817955
24374025,0.379220,0.296644,-0.314744,-0.818004
24382358,0.379339,0.296491,-0.314664,-0.818035
24390691,0.379484,0.296230,-0.314129,-0.818268
24399024,0.379259,0.296458,-0.314720,-0.818063
24407357,0.379256,0.296582,-0.314981,-0.817918
24415690,0.379348,0.296457,-0.314848,-0.817972
24424023,0.379465,0.296314,-0.314752,-0.818007
24432356,0.379545,0.296241,-0.314688,-0.818021
24440689,0.379768,0.296038,-0.314359,-0.818118
24449022,0.379588,0.296051,-0.314672,-0.818076
24457355,0.379510,0.296065,-0.314827,-0.818047
24465688,0.379620,0.296005,-0.314676,-0.818076
24474021,0.379589,0.296081,-0.314872,-0.817987
24482354,0.379538,0.296027,-0.314958,-0.817998
24490687,0.379529,0.296160,-0.315094,-0.817901
24499020,0.379399,0.296205,-0.315239,-0.817889
24507353,0.379617,0.295835,-0.314742,-0.818113
24515686,0.379485,0.296075,-0.315209,-0.817908
24524019,0.379205,0.296499,-0.315961,-0.817594
24532352,0.379273,0.296329,-0.315680,-0.817733
24540685,0.379297,0.296312,-0.315595,-0.817761
24549018,0.379292,0.296280,-0.315520,-0.817804
24557351,0.379345,0.296201,-0.315292,-0.817895
24565684,0.379557,0.295932,-0.314661,-0.818138
24574017,0.379504,0.296002,-0.314843,-0.818067
24582350,0.379498,0.295988,-0.315027,-0.818004
24590683,0.379430,0.295972,-0.315006,-0.818049
24599016,0.379423,0.296114,-0.314986,-0.818009
24607349,0.379558,0.296087,-0.315026,-0.817941
24615682,0.379545,0.296044,-0.315016,-0.817966
24624015,0.379723,0.295879,-0.314859,-0.818003
24632348,0.379549,0.296132,-0.315213,-0.817856
24640681,0.379517,0.296015,-0.315173,-0.817929
24649014,0.379676,0.295839,-0.314968,-0.817998
24657347,0.379647,0.295761,-0.314909,-0.818062
24665680,0.379683,0.295645,-0.314770,-0.818141
24674013,0.379391,0.296027,-0.315680,-0.817788
24682346,0.379521,0.295722,-0.315300,-0.817984
24690679,0.379540,0.295517,-0.314899,-0.818204
24699012,0.379490,0.295548,-0.314970,-0.818188
24707345,0.379286,0.295822,-0.315452,-0.817998
24715678,0.379351,0.295593,-0.315068,-0.818199
24724011,0.379393,0.295472,-0.314853,-0.818306
24732344,0.379577,0.295205,-0.314475,-0.818463
24740677,0.379458,0.295471,-0.314844,-0.818280
24749010,0.379556,0.295325,-0.314579,-0.818389
24757343,0.379546,0.295356,-0.314533,-0.818400
24765676,0.379483,0.295322,-0.314575,-0.818425
24774009,0.379479,0.295316,-0.314529,-0.818447
24782342,0.379411,0.295529,-0.314688,-0.818341
24790675,0.379742,0.294805,-0.313413,-0.818937
24799008,0.379642,0.295217,-0.314073,-0.818582
24807341,0.379510,0.295428,-0.314475,-0.818413
24815674,0.379483,0.295487,-0.314499,-0.818395
24824007,0.379561,0.295459,-0.314503,-0.818367
24832340,0.379852,0.294873,-0.313238,-0.818929
24840673,0.379568,0.295345,-0.314184,-0.818528
24849006,0.379499,0.295554,-0.314477,-0.818372
24857339,0.379441,0.295418,-0.314471,-0.818450
24865672,0.378957,0.296025,-0.315229,-0.818163
24874005,0.378863,0.296297,-0.315728,-0.817916
24882338,0.379164,0.295805,-0.314902,-0.818273
24890671,0.379071,0.295883,-0.314983,-0.818257
24899004,0.379147,0.295768,-0.314797,-0.818334
24907337,0.379178,0.295853,-0.314995,-0.818213
24915670,0.379377,0.295690,-0.314565,-0.818345
24924003,0.379288,0.295742,-0.314757,-0.818294
24932336,0.379570,0.295040,-0.313444,-0.818921
24940669,0.379463,0.295276,-0.313925,-0.818701
24949002,0.379068,0.295756,-0.314650,-0.818432
24957335,0.379158,0.295741,-0.314793,-0.818341
24965668,0.379176,0.295832,-0.314869,-0.818270
24974001,0.379219,0.295720,-0.314688,-0.818361
24982334,0.379185,0.295849,-0.314756,-0.818304
24990667,0.379270,0.295879,-0.314676,-0.818284
24999000,0.379252,0.295923,-0.314737,-0.818253
25007333,0.379298,0.295751,-0.314595,-0.818349
25015666,0.379271,0.295687,-0.314598,-0.818383
25023999,0.379368,0.295679,-0.314414,-0.818412
25032332,0.379200,0.295921,-0.314604,-0.818329
25040665,0.379100,0.296117,-0.314914,-0.818185
25048998,0.379299,0.295877,-0.314666,-0.818275
25057331,0.379314,0.295682,-0.314664,-0.818339
25065664,0.379404,0.295601,-0.314560,-0.818367
25073997,0.379434,0.295550,-0.314489,-0.818398
25082330,0.379407,0.295570,-0.314600,-0.818362
25090663,0.379154,0.295752,-0.314772,-0.818347
25098996,0.379207,0.295708,-0.314690,-0.818370
25107329,0.379100,0.295863,-0.315128,-0.818195
25115662,0.379251,0.295735,-0.314746,-0.818318
25123995,0.379245,0.295600,-0.314613,-0.818421
25132328,0.379426,0.295151,-0.313666,-0.818862
25140661,0.379363,0.295407,-0.314151,-0.818613
25148994,0.379336,0.295531,-0.314394,-0.818488
25157327,0.378954,0.296097,-0.315284,-0.818118
25165660,0.378890,0.296021,-0.315113,-0.818241
25173993,0.379107,0.295947,-0.314890,-0.818253
25182326,0.379438,0.295550,-0.314296,-0.818471
25190659,0.379346,0.295479,-0.314486,-0.818466
25198992,0.379399,0.295324,-0.314255,-0.818586
25207325,0.379386,0.295324,-0.314308,-0.818572
25215658,0.379489,0.295490,-0.314339,-0.818452
25223991,0.379398,0.295578,-0.314387,-0.818445
25232324,0.379273,0.295713,-0.314602,-0.818371
25240657,0.379143,0.295692,-0.314870,-0.818336
25248990,0.379219,0.295699,-0.314779,-0.818333
25257323,0.379430,0.295345,-0.314529,-0.818459
25265656,0.379572,0.295256,-0.314397,-0.818476
25273989,0.379500,0.295192,-0.314372,-0.818543
25282322,0.379499,0.295223,-0.314342,-0.818543
25290655,0.379384,0.295295,-0.314615,-0.818466
25298988,0.379429,0.295256,-0.314464,-0.818517
25307321,0.379003,0.295782,-0.315178,-0.818250
25315654,0.379140,0.295681,-0.315095,-0.818255
25323987,0.379326,0.295291,-0.314433,-0.818564
25332320,0.379028,0.295716,-0.315050,-0.818311
25340653,0.379092,0.295825,-0.315512,-0.818064
25348986,0.379224,0.295379,-0.314764,-0.818452
25357319,0.379362,0.295122,-0.314297,-0.818660
25365652,0.379338,0.295344,-0.314636,-0.818462
25373985,0.379456,0.295012,-0.314311,-0.818651
25382318,0.379427,0.295017,-0.314420,-0.818621
25390651,0.379026,0.295605,-0.315203,-0.818293
25398984,0.378997,0.295724,-0.315286,-0.818232
25407317,0.379442,0.295285,-0.314589,-0.818453
25415650,0.379312,0.295416,-0.314987,-0.818313
25423983,0.379304,0.295446,-0.315066,-0.818275
25432316,0.379325,0.295261,-0.314802,-0.818433
25440649,0.379233,0.295384,-0.314788,-0.818437
25448982,0.379094,0.295467,-0.314936,-0.818414
25457315,0.379041,0.295515,-0.315022,-0.818388
25465648,0.379329,0.295143,-0.314621,-0.818543
25473981,0.379227,0.295366,-0.314767,-0.818454
25482314,0.379432,0.295172,-0.314383,-0.818577
25490647,0.379287,0.295405,-0.314646,-0.818459
25498980,0.379013,0.295582,-0.315135,-0.818334
25507313,0.379181,0.295320,-0.314942,-0.818425
25515646,0.379253,0.295231,-0.314763,-0.818492
25523979,0.379346,0.295216,-0.314588,-0.818522
25532312,0.379372,0.295244,-0.314575,-0.818505
25540645,0.379413,0.295046,-0.314593,-0.818550
25548978,0.379597,0.294806,-0.314268,-0.818676
25557311,0.379587,0.294764,-0.314151,-0.818741
25565644,0.379522,0.294797,-0.314191,-0.818744
25573977,0.379213,0.295267,-0.314641,-0.818545
25582310,0.379451,0.295194,-0.314404,-0.818552
25590643,0.379474,0.295056,-0.314291,-0.818635
25598976,0.379562,0.295121,-0.314216,-0.818599
25607309,0.379735,0.294923,-0.313994,-0.818675
25615642,0.379751,0.294838,-0.313944,-0.818718
25623975,0.379755,0.294765,-0.313813,-0.818792
25632308,0.379757,0.294760,-0.313836,-0.818785
25640641,0.379796,0.294727,-0.313938,-0.818739
25648974,0.379532,0.294983,-0.314350,-0.818611
25657307,0.379311,0.295077,-0.314635,-0.818571
25665640,0.379595,0.294709,-0.314290,-0.818704
25673973,0.379765,0.294526,-0.313978,-0.818811
25682306,0.379548,0.294806,-0.314668,-0.818546
25690639,0.379458,0.294798,-0.314808,-0.818537
25698972,0.379594,0.294591,-0.314443,-0.818688
25707305,0.379265,0.294990,-0.314911,-0.818517
25715638,0.379353,0.294828,-0.314716,-0.818609
25723971,0.379427,0.294851,-0.314969,-0.818470
25732304,0.379479,0.294765,-0.314671,-0.818591
25740637,0.379461,0.294899,-0.314547,-0.818599
25748970,0.379454,0.294861,-0.314519,-0.818626
25757303,0.379253,0.295117,-0.314814,-0.818514
25765636,0.379234,0.295190,-0.314927,-0.818453
25773969,0.379542,0.294955,-0.314531,-0.818547
25782302,0.379623,0.294841,-0.314335,-0.818626
25790635,0.379329,0.295066,-0.314687,-0.818546
25798968,0.379825,0.294617,-0.313981,-0.818749
25807301,0.379941,0.294603,-0.313931,-0.818719
25815634,0.379689,0.294924,-0.314350,-0.818560
25823967,0.379822,0.294730,-0.314207,-0.818622
25832300,0.379626,0.294873,-0.314552,-0.818530
25840633,0.379742,0.294676,-0.314303,-0.818643
25848966,0.379710,0.294849,-0.314521,-0.818511
25857299,0.379682,0.294632,-0.314414,-0.818644
25865632,0.379631,0.294789,-0.314651,-0.818520
25873965,0.379458,0.294936,-0.314706,-0.818526
25882298,0.379663,0.294739,-0.314684,-0.818510
25890631,0.379699,0.294598,-0.314236,-0.818717
25898964,0.379638,0.294643,-0.314323,-0.818695
25907297,0.379772,0.294472,-0.313927,-0.818847
25915630,0.379874,0.294406,-0.313895,-0.818835
25923963,0.379855,0.294314,-0.313633,-0.818977
25932296,0.380020,0.294141,-0.313436,-0.819038
25940629,0.379836,0.294380,-0.313876,-0.818870
25948962,0.379706,0.294571,-0.314308,-0.818695
25957295,0.379918,0.294321,-0.314044,-0.818788
25965628,0.379817,0.294346,-0.314153,-0.818784
25973961,0.379692,0.294316,-0.314189,-0.818839
25982294,0.379663,0.294452,-0.314311,-0.818757
25990627,0.379917,0.294161,-0.313759,-0.818955
25998960,0.379948,0.294085,-0.313605,-0.819027
26007293,0.380013,0.293991,-0.313423,-0.819100
26015626,0.379711,0.294322,-0.314200,-0.818824
26023959,0.379826,0.294193,-0.313860,-0.818947
26032292,0.379844,0.294185,-0.313870,-0.818938
26040625,0.379866,0.294138,-0.313927,-0.818923
26048958,0.379843,0.294186,-0.313766,-0.818978
26057291,0.379713,0.294431,-0.314212,-0.818779
26065624,0.379918,0.294012,-0.313528,-0.819097
26073957,0.379789,0.294049,-0.313681,-0.819085
26082290,0.379791,0.294207,-0.313813,-0.818976
26090623,0.379939,0.293941,-0.313529,-0.819112
26098956,0.379896,0.294052,-0.313550,-0.819084
26107289,0.380131,0.293831,-0.313211,-0.819184
26115622,0.379706,0.294316,-0.314151,-0.818847
26123955,0.379897,0.294085,-0.313695,-0.819016
26132288,0.379840,0.294082,-0.313693,-0.819045
26140621,0.379826,0.293967,-0.313513,-0.819161
26148954,0.379930,0.294031,-0.313577,-0.819066
26157287,0.379861,0.294061,-0.313675,-0.819049
26165620,0.379694,0.294415,-0.314277,-0.818769
26173953,0.379817,0.294158,-0.314075,-0.818881
26182286,0.379947,0.293934,-0.313626,-0.819074
26190619,0.379986,0.293970,-0.313397,-0.819130
26198952,0.379859,0.294022,-0.313694,-0.819057
26207285,0.379570,0.294289,-0.314383,-0.818831
26215618,0.379724,0.294199,-0.314121,-0.818892
26223951,0.379784,0.294005,-0.313930,-0.819008
26232284,0.380023,0.293718,-0.313614,-0.819121
26240617,0.379913,0.293774,-0.313730,-0.819108
26248950,0.380058,0.293622,-0.313569,-0.819156
26257283,0.380092,0.293552,-0.313449,-0.819211
26265616,0.379796,0.293789,-0.313812,-0.819125
26273949,0.379802,0.293837,-0.313922,-0.819062
26282282,0.379541,0.294164,-0.314673,-0.818778
26290615,0.379690,0.294060,-0.314411,-0.818846
26298948,0.379673,0.293843,-0.314177,-0.819023
26307281,0.379404,0.294083,-0.314650,-0.818879
26315614,0.379500,0.293851,-0.314394,-0.819017
26323947,0.379375,0.293949,-0.314760,-0.818898
26332280,0.379372,0.293877,-0.314828,-0.818900
26340613,0.379511,0.293630,-0.314653,-0.818991
26348946,0.379527,0.293480,-0.314585,-0.819063
26357279,0.379641,0.293333,-0.314762,-0.818995
26365612,0.379456,0.293548,-0.315611,-0.818677
26373945,0.379381,0.293569,-0.316057,-0.818532
26382278,0.379477,0.293324,-0.315903,-0.818635
26390611,0.379236,0.293486,-0.316269,-0.818547
26398944,0.378696,0.293953,-0.317334,-0.818218
26407277,0.378444,0.293973,-0.317596,-0.818225
26415610,0.377492,0.295015,-0.319029,-0.817732
26423943,0.377084,0.295040,-0.318962,-0.817938
26432276,0.376471,0.295521,-0.319287,-0.817920
26440609,0.375751,0.296010,-0.320019,-0.817788
26448942,0.375160,0.296173,-0.320159,-0.817945
26457275,0.374518,0.296444,-0.320119,-0.818157
26465608,0.373695,0.296913,-0.320460,-0.818230
26473941,0.372735,0.297137,-0.320857,-0.818431
26482274,0.372292,0.297092,-0.320468,-0.818801
26490607,0.371827,0.297167,-0.319978,-0.819177
26498940,0.371360,0.297351,-0.319523,-0.819499
26507273,0.370732,0.298504,-0.320198,-0.819101
26515606,0.370383,0.298936,-0.319890,-0.819222
26523939,0.370156,0.298641,-0.318568,-0.819947
26532272,0.369735,0.299066,-0.318803,-0.819890
26540605,0.369628,0.297835,-0.316458,-0.821294
26548938,0.368911,0.298561,-0.316896,-0.821184
26557271,0.368154,0.299667,-0.318525,-0.820490
26565604,0.368181,0.299311,-0.317283,-0.821089
26573937,0.367978,0.299217,-0.316363,-0.821569
26582270,0.367515,0.299584,-0.316748,-0.821495
26590603,0.366973,0.300239,-0.317608,-0.821166
26598936,0.366798,0.300857,-0.318238,-0.820773
26607269,0.366856,0.300824,-0.317716,-0.820962
26615602,0.366565,0.301094,-0.317584,-0.821044
26623935,0.366565,0.300631,-0.316005,-0.821822
26632268,0.365650,0.302093,-0.317578,-0.821087
26640601,0.365664,0.302138,-0.317395,-0.821135
26648934,0.365586,0.302138,-0.316997,-0.821324
26657267,0.365469,0.301761,-0.315829,-0.821964
26665600,0.365612,0.301345,-0.314782,-0.822454
26673933,0.364209,0.302827,-0.316296,-0.821951
26682266,0.364083,0.302795,-0.316061,-0.822110
26690599,0.363965,0.302713,-0.315610,-0.822365
26698932,0.363721,0.302779,-0.315295,-0.822570
26707265,0.363405,0.302803,-0.314928,-0.822841
26715598,0.363672,0.302613,-0.314580,-0.822926
26723931,0.362860,0.303094,-0.314775,-0.823033
26732264,0.362331,0.303821,-0.315345,-0.822780
26740597,0.362187,0.304062,-0.315302,-0.822771
26748930,0.361954,0.304042,-0.314394,-0.823228
26757263,0.361703,0.304140,-0.313923,-0.823482
26765596,0.362033,0.303291,-0.312408,-0.824225
26773929,0.361354,0.303827,-0.312460,-0.824306
26782262,0.361262,0.304514,-0.313522,-0.823690
26790595,0.361140,0.304831,-0.313585,-0.823602
26798928,0.361033,0.304854,-0.312959,-0.823878
26807261,0.360899,0.305165,-0.312805,-0.823881
26815594,0.360338,0.305905,-0.313443,-0.823609
26823927,0.360653,0.305519,-0.311795,-0.824240
26832260,0.360855,0.305135,-0.310076,-0.824942
26840593,0.360121,0.305948,-0.310509,-0.824799
26848926,0.359959,0.306444,-0.310618,-0.824644
26857259,0.359538,0.307175,-0.311049,-0.824393
26865592,0.359809,0.306898,-0.309879,-0.824819
26873925,0.359540,0.307483,-0.309852,-0.824729
26882258,0.359546,0.307590,-0.308887,-0.825048
26890591,0.359203,0.308105,-0.308954,-0.824980
26898924,0.359224,0.308473,-0.308396,-0.825042
26907257,0.359219,0.308693,-0.307562,-0.825273
26915590,0.359447,0.308803,-0.306818,-0.825410
26923923,0.359106,0.309519,-0.306903,-0.825258
26932256,0.358652,0.310503,-0.307267,-0.824950
26940589,0.358701,0.310760,-0.306574,-0.825091
26948922,0.358813,0.311183,-0.306453,-0.824927
26957255,0.358346,0.311822,-0.306651,-0.824815
26965588,0.358743,0.312236,-0.306300,-0.824617
26973921,0.358448,0.312734,-0.306284,-0.824562
26982254,0.357952,0.313703,-0.307174,-0.824078
26990587,0.357698,0.314532,-0.308165,-0.823502
26998920,0.357908,0.314812,-0.307833,-0.823428
27007253,0.358029,0.314805,-0.307050,-0.823671
27015586,0.357900,0.315116,-0.306543,-0.823796
27023919,0.357922,0.315407,-0.306249,-0.823785
27032252,0.357890,0.315810,-0.305996,-0.823738
27040585,0.357742,0.316678,-0.306453,-0.823299
27048918,0.357495,0.317253,-0.306592,-0.823134
27057251,0.357978,0.317041,-0.305625,-0.823365
27065584,0.357446,0.317859,-0.306115,-0.823099
27073917,0.357981,0.317385,-0.304982,-0.823470
27082250,0.358011,0.317392,-0.304528,-0.823622
27090583,0.357927,0.317860,-0.304430,-0.823514
27098916,0.358435,0.317700,-0.302712,-0.823988
27107249,0.358297,0.317698,-0.302343,-0.824185
27115582,0.358230,0.317811,-0.302322,-0.824178
27123915,0.358513,0.317993,-0.301455,-0.824302
27132248,0.358689,0.318042,-0.300866,-0.824422
27140581,0.358450,0.318383,-0.301238,-0.824258
27148914,0.358557,0.318452,-0.301009,-0.824269
27157247,0.358589,0.318668,-0.301298,-0.824066
27165580,0.358638,0.318760,-0.301254,-0.824025
27173913,0.358638,0.318907,-0.301167,-0.824000
27182246,0.358791,0.318549,-0.300623,-0.824270
27190579,0.358850,0.318811,-0.300812,-0.824074
27198912,0.358876,0.318763,-0.300746,-0.824106
27207245,0.358903,0.318876,-0.300854,-0.824011
27215578,0.358895,0.318986,-0.300813,-0.823987
27223911,0.358644,0.319898,-0.302214,-0.823229
27232244,0.358764,0.319582,-0.301396,-0.823600
27240577,0.358836,0.319568,-0.301072,-0.823692
27248910,0.358603,0.319833,-0.301532,-0.823522
27257243,0.358771,0.319913,-0.301257,-0.823519
27265576,0.358960,0.319914,-0.301023,-0.823522
27273909,0.358877,0.320284,-0.301363,-0.823290
27282242,0.358946,0.320216,-0.301224,-0.823336
27290575,0.358927,0.320204,-0.301142,-0.823380
27298908,0.359141,0.320170,-0.300858,-0.823403
27307241,0.359159,0.320411,-0.301089,-0.823217
27315574,0.359302,0.320490,-0.300920,-0.823186
27323907,0.359406,0.320420,-0.300719,-0.823242
27332240,0.359682,0.320561,-0.300805,-0.823034
27340573,0.359894,0.320476,-0.300552,-0.823068
27348906,0.360022,0.320493,-0.300448,-0.823043
27357239,0.360142,0.320619,-0.300627,-0.822876
27365572,0.360567,0.320572,-0.300448,-0.822773
27373905,0.360785,0.320741,-0.300588,-0.822561
27382238,0.360917,0.321436,-0.301739,-0.821810
27390571,0.361331,0.321158,-0.301078,-0.821979
27398904,0.361677,0.321274,-0.300921,-0.821839
27407237,0.362051,0.321306,-0.300784,-0.821712
27415570,0.362176,0.322020,-0.301911,-0.820964
27423903,0.361854,0.323159,-0.304102,-0.819848
27432236,0.362095,0.323425,-0.304312,-0.819560
27440569,0.363163,0.322131,-0.301651,-0.820580
27448902,0.363508,0.322284,-0.301882,-0.820281
27457235,0.363144,0.323450,-0.303920,-0.819231
27465568,0.363648,0.323047,-0.303360,-0.819373
27473901,0.363774,0.323465,-0.303865,-0.818966
27482234,0.364360,0.322993,-0.302974,-0.819221
27490567,0.364707,0.322761,-0.302615,-0.819291
27498900,0.364859,0.322917,-0.302844,-0.819078
27507233,0.364944,0.322847,-0.302597,-0.819158
27515566,0.365060,0.322827,-0.302889,-0.819007
27523899,0.365174,0.322874,-0.303078,-0.818867
27532232,0.365344,0.322757,-0.302705,-0.818976
27540565,0.365596,0.322770,-0.302759,-0.818838
27548898,0.365641,0.322680,-0.302929,-0.818791
27557231,0.365435,0.323030,-0.303884,-0.818391
27565564,0.365552,0.322721,-0.303729,-0.818518
27573897,0.365526,0.322807,-0.304079,-0.818366
27582230,0.365687,0.322339,-0.303747,-0.818602
27590563,0.365773,0.322061,-0.303660,-0.818705
27598896,0.365818,0.321879,-0.303702,-0.818741
27607229,0.365666,0.321891,-0.304363,-0.818558
27615562,0.365751,0.322141,-0.305024,-0.818176
27623895,0.365733,0.322018,-0.305291,-0.818133
27632228,0.365554,0.321302,-0.304723,-0.818705
27640561,0.365660,0.321493,-0.305379,-0.818339
27648894,0.365520,0.321485,-0.306073,-0.818145
27657227,0.365877,0.320415,-0.304558,-0.818971
27665560,0.365502,0.320660,-0.306172,-0.818440
27673893,0.365595,0.320340,-0.305572,-0.818748
27682226,0.365142,0.321028,-0.307622,-0.817913
27690559,0.365138,0.321003,-0.308001,-0.817782
27698892,0.365408,0.320880,-0.307827,-0.817774
27707225,0.365490,0.319950,-0.306711,-0.818522
27715558,0.365357,0.320408,-0.307772,-0.818003
27723891,0.364901,0.320938,-0.309338,-0.817408
27732224,0.365257,0.320097,-0.308377,-0.817942
27740557,0.365169,0.320301,-0.309036,-0.817652
27748890,0.365355,0.320382,-0.309191,-0.817479
27757223,0.365481,0.320079,-0.308866,-0.817664
27765556,0.365407,0.320147,-0.309726,-0.817345
27773889,0.365614,0.320073,-0.309933,-0.817203
27782222,0.365507,0.320013,-0.310102,-0.817210
27790555,0.365580,0.319752,-0.309607,-0.817467
27798888,0.365991,0.319745,-0.309790,-0.817217
27807221,0.366267,0.319552,-0.309107,-0.817428
27815554,0.366415,0.319449,-0.309657,-0.817193
27823887,0.366495,0.319312,-0.309978,-0.817089
27832220,0.366649,0.318696,-0.308654,-0.817762
27840553,0.366367,0.318998,-0.309430,-0.817477
27848886,0.366558,0.319005,-0.309617,-0.817318
27857219,0.366824,0.318290,-0.308901,-0.817748
27865552,0.367229,0.317908,-0.308599,-0.817829
27873885,0.367346,0.317971,-0.308874,-0.817648
27882218,0.367075,0.318861,-0.310381,-0.816852
27890551,0.367231,0.318937,-0.310564,-0.816682
27898884,0.367253,0.318923,-0.310798,-0.816589
27907217,0.367556,0.318112,-0.309526,-0.817252
27915550,0.367899,0.317905,-0.309261,-0.817279
27923883,0.367561,0.318499,-0.310582,-0.816699
27932216,0.367665,0.318556,-0.310890,-0.816512
27940549,0.367863,0.318746,-0.311422,-0.816146
27948882,0.367384,0.319336,-0.312050,-0.815891
27957215,0.367287,0.319597,-0.312771,-0.815557
27965548,0.367399,0.319519,-0.312941,-0.815471
27973881,0.367970,0.319237,-0.312940,-0.815325
27982214,0.367696,0.319271,-0.313037,-0.815397
27990547,0.368297,0.318638,-0.312364,-0.815633
27998880,0.368197,0.318229,-0.311706,-0.816089
28007213,0.367936,0.319081,-0.313187,-0.815306
28015546,0.368373,0.318741,-0.313475,-0.815132
28023879,0.368257,0.318524,-0.313672,-0.815193
28032212,0.368522,0.317892,-0.312538,-0.815755
28040545,0.368377,0.318124,-0.313115,-0.815509
28048878,0.368506,0.318016,-0.312936,-0.815561
28057211,0.368766,0.317711,-0.312494,-0.815732
28065544,0.368815,0.317629,-0.312743,-0.815647
28073877,0.368745,0.318064,-0.313558,-0.815195
28082210,0.368682,0.318178,-0.313926,-0.815038
28090543,0.368812,0.318054,-0.313769,-0.815088
28098876,0.368649,0.317920,-0.313553,-0.815297
28107209,0.368758,0.317807,-0.313363,-0.815365
28115542,0.368905,0.317777,-0.313346,-0.815317
28123875,0.368926,0.317731,-0.313266,-0.815356
28132208,0.368937,0.317799,-0.313190,-0.815353
28140541,0.369035,0.317622,-0.312577,-0.815613
28148874,0.369198,0.317380,-0.312278,-0.815749
28157207,0.369199,0.317515,-0.312408,-0.815645
28165540,0.369311,0.317344,-0.312213,-0.815736
28173873,0.369360,0.317506,-0.312799,-0.815426
28182206,0.369257,0.317693,-0.313246,-0.815228
28190539,0.369272,0.317633,-0.313282,-0.815231
28198872,0.369513,0.317368,-0.312474,-0.815535
28207205,0.369493,0.317247,-0.312450,-0.815601
28215538,0.368761,0.318231,-0.313615,-0.815101
28223871,0.369148,0.317927,-0.313652,-0.815031
28232204,0.368919,0.317888,-0.314188,-0.814943
28240537,0.368555,0.318100,-0.314464,-0.814919
28248870,0.369704,0.316753,-0.312170,-0.815804
28257203,0.369614,0.317050,-0.312583,-0.815571
28265536,0.369518,0.317116,-0.312694,-0.815546
28273869,0.368665,0.318184,-0.314582,-0.814790
28282202,0.368682,0.317930,-0.313964,-0.815120
28290535,0.369124,0.317614,-0.313834,-0.815093
28298868,0.369252,0.317385,-0.313516,-0.815247
28307201,0.369654,0.316979,-0.312823,-0.815489
28315534,0.369544,0.317056,-0.313079,-0.815410
28323867,0.369482,0.316978,-0.313112,-0.815456
28332200,0.369590,0.317060,-0.313357,-0.815282
28340533,0.369543,0.317120,-0.313487,-0.815229
28348866,0.368547,0.317967,-0.314646,-0.814904
28357199,0.369276,0.317261,-0.313445,-0.815312
28365532,0.369468,0.317142,-0.313153,-0.815383
28373865,0.369256,0.317528,-0.313557,-0.815174
28382198,0.369477,0.317324,-0.313501,-0.815174
28390531,0.369625,0.316993,-0.312953,-0.815447
28398864,0.369866,0.316386,-0.311876,-0.815986
28407197,0.369775,0.316676,-0.312196,-0.815792
28415530,0.369888,0.316408,-0.311777,-0.816005
28423863,0.369489,0.317221,-0.313152,-0.815343
28432196,0.369413,0.317343,-0.313281,-0.815280
28440529,0.369299,0.317436,-0.313582,-0.815181
28448862,0.368628,0.318234,-0.314490,-0.814823
28457195,0.369109,0.317627,-0.313609,-0.815181
28465528,0.369088,0.317710,-0.314263,-0.814907
28473861,0.369075,0.317289,-0.313627,-0.815322
28482194,0.368299,0.318291,-0.314816,-0.814824
28490527,0.368922,0.317617,-0.313674,-0.815245
28498860,0.368915,0.317717,-0.313624,-0.815228
28507193,0.369508,0.317340,-0.313393,-0.815196
28515526,0.368665,0.317867,-0.313909,-0.815173
28523859,0.369036,0.317491,-0.313550,-0.815290
28532192,0.369300,0.317139,-0.313394,-0.815368
28540525,0.369293,0.317178,-0.313181,-0.815438
28548858,0.369237,0.317058,-0.312972,-0.815590
28557191,0.369378,0.316968,-0.312841,-0.815611
28565524,0.369354,0.317250,-0.313147,-0.815395
28573857,0.369593,0.316954,-0.312669,-0.815585
28582190,0.369548,0.317021,-0.313023,-0.815444
28590523,0.369187,0.317354,-0.313932,-0.815129
28598856,0.369522,0.316882,-0.312915,-0.815551
28607189,0.370003,0.316168,-0.311803,-0.816036
28615522,0.369888,0.316659,-0.312556,-0.815610
28623855,0.369211,0.316968,-0.313298,-0.815512
28632188,0.369401,0.316999,-0.313327,-0.815402
28640521,0.369190,0.317058,-0.313347,-0.815467
28648854,0.369252,0.317035,-0.313539,-0.815374
28657187,0.369417,0.316889,-0.313063,-0.815539
28665520,0.369525,0.316759,-0.312906,-0.815601
28673853,0.369572,0.316718,-0.312865,-0.815611
28682186,0.369657,0.316482,-0.312461,-0.815819
28690519,0.369891,0.316649,-0.312766,-0.815531
28698852,0.369542,0.316548,-0.312724,-0.815745
28707185,0.369477,0.316497,-0.312666,-0.815816
28715518,0.369678,0.316387,-0.312439,-0.815855
28723851,0.369063,0.317127,-0.313310,-0.815512
28732184,0.369206,0.316937,-0.313300,-0.815525
28740517,0.369483,0.316569,-0.312938,-0.815682
28748850,0.368769,0.317216,-0.313920,-0.815376
28757183,0.369302,0.316812,-0.313332,-0.815518
28765516,0.368734,0.317553,-0.314647,-0.814980
28773849,0.368823,0.317625,-0.314431,-0.814995
28782182,0.369400,0.316763,-0.313332,-0.815492
28790515,0.369085,0.317051,-0.313587,-0.815425
28798848,0.368615,0.317431,-0.314440,-0.815162
28807181,0.369214,0.316698,-0.313683,-0.815467
28815514,0.368876,0.317209,-0.314395,-0.815147
28823847,0.368944,0.317064,-0.313878,-0.815372
28832180,0.369605,0.316347,-0.312940,-0.815711
28840513,0.369715,0.316151,-0.312792,-0.815795
28848846,0.369393,0.316328,-0.313330,-0.815665
28857179,0.369246,0.316554,-0.313876,-0.815434
28865512,0.369038,0.316769,-0.313940,-0.815421
28873845,0.368823,0.316958,-0.314051,-0.815401
28882178,0.368683,0.317078,-0.314558,-0.815222
28890511,0.368787,0.316988,-0.314131,-0.815375
28898844,0.369744,0.316395,-0.313582,-0.815383
28907177,0.368991,0.316825,-0.314295,-0.815283
28915510,0.368973,0.316669,-0.313913,-0.815499
28923843,0.368755,0.316906,-0.314402,-0.815317
28932176,0.368563,0.317021,-0.314481,-0.815329
28940509,0.368861,0.316837,-0.313893,-0.815492
28948842,0.368969,0.316665,-0.313753,-0.815564
28957175,0.369389,0.316335,-0.313671,-0.815533
28965508,0.368696,0.316902,-0.314423,-0.815337
28973841,0.369201,0.316339,-0.313592,-0.815647
28982174,0.368650,0.316774,-0.314251,-0.815474
28990507,0.368481,0.317047,-0.314511,-0.815344
28998840,0.369152,0.316339,-0.313640,-0.815651
29007173,0.369409,0.316161,-0.313246,-0.815755
29015506,0.368860,0.316797,-0.313928,-0.815494
29023839,0.368628,0.317030,-0.314215,-0.815398
29032172,0.368593,0.317144,-0.314385,-0.815304
29040505,0.368779,0.316943,-0.313956,-0.815463
29048838,0.368544,0.317190,-0.314744,-0.815170
29057171,0.369153,0.316676,-0.314110,-0.815339
29065504,0.369538,0.316145,-0.313142,-0.815743
29073837,0.369585,0.316068,-0.313088,-0.815772
29082170,0.369321,0.316364,-0.313830,-0.815491
29090503,0.369526,0.316037,-0.313145,-0.815789
29098836,0.369198,0.316586,-0.313506,-0.815586
29107169,0.368989,0.316999,-0.314511,-0.815133
29115502,0.368805,0.317035,-0.314371,-0.815256
29123835,0.369024,0.317048,-0.314274,-0.815189
29132168,0.368953,0.316881,-0.313998,-0.815393
29140501,0.368956,0.316788,-0.313829,-0.815492
29148834,0.369672,0.316007,-0.313033,-0.815778
29157167,0.368992,0.316764,-0.314075,-0.815391
29165500,0.368606,0.316974,-0.314367,-0.815371
29173833,0.369326,0.316330,-0.313402,-0.815667
29182166,0.369279,0.316415,-0.313566,-0.815592
29190499,0.369729,0.316018,-0.312870,-0.815810
29198832,0.368784,0.317134,-0.314462,-0.815192
29207165,0.369410,0.316478,-0.313774,-0.815429
29215498,0.369554,0.316111,-0.313228,-0.815716
29223831,0.369775,0.315868,-0.312558,-0.815966
29232164,0.368977,0.316728,-0.313760,-0.815533
29240497,0.369464,0.316333,-0.313072,-0.815730
29248830,0.369431,0.316219,-0.313216,-0.815734
29257163,0.369543,0.316135,-0.312906,-0.815835
29265496,0.369321,0.316324,-0.313181,-0.815757
29273829,0.369341,0.316391,-0.313460,-0.815614
29282162,0.369429,0.316264,-0.313072,-0.815773
29290495,0.369537,0.316213,-0.312790,-0.815852
29298828,0.368885,0.316976,-0.313766,-0.815476
29307161,0.369016,0.316779,-0.313398,-0.815635
29315494,0.369780,0.315932,-0.312293,-0.816041
29323827,0.369860,0.315943,-0.312374,-0.815970
29332160,0.369813,0.315813,-0.312353,-0.816049
29340493,0.369890,0.315824,-0.312339,-0.816016
29348826,0.369874,0.315854,-0.312493,-0.815952
29357159,0.369872,0.315810,-0.312485,-0.815973
29365492,0.369806,0.315997,-0.312806,-0.815808
29373825,0.369680,0.316017,-0.313007,-0.815780
29382158,0.369722,0.316137,-0.313250,-0.815621
29390491,0.369838,0.316037,-0.312902,-0.815740
29398824,0.369911,0.315844,-0.312625,-0.815888
29407157,0.369917,0.315853,-0.312566,-0.815905
29415490,0.370021,0.315735,-0.312405,-0.815965
29423823,0.370104,0.315728,-0.312289,-0.815974
29432156,0.369778,0.316088,-0.312945,-0.815731
29440489,0.370049,0.315713,-0.312344,-0.815984
29448822,0.369024,0.316704,-0.313809,-0.815502
29457155,0.369545,0.316216,-0.313072,-0.815739
29465488,0.369867,0.316124,-0.313065,-0.815631
29473821,0.369177,0.316616,-0.313649,-0.815528
29482154,0.369487,0.316367,-0.313296,-0.815621
29490487,0.369779,0.316181,-0.313233,-0.815585
29498820,0.369857,0.316047,-0.313126,-0.815642
29507153,0.369931,0.316022,-0.313056,-0.815646
29515486,0.369901,0.316044,-0.313069,-0.815646
29523819,0.369981,0.315862,-0.312654,-0.815839
29532152,0.369911,0.315885,-0.312703,-0.815843
29540485,0.369708,0.316071,-0.313095,-0.815713
29548818,0.369570,0.316172,-0.313289,-0.815662
29557151,0.370148,0.316037,-0.312944,-0.815584
29565484,0.370304,0.315733,-0.312432,-0.815827
29573817,0.370257,0.315649,-0.312344,-0.815915
29582150,0.370264,0.315697,-0.312422,-0.815863
29590483,0.369845,0.316154,-0.312927,-0.815682
29598816,0.369623,0.316396,-0.313549,-0.815450
29607149,0.369650,0.316302,-0.313642,-0.815439
29615482,0.370066,0.316443,-0.313984,-0.815064
29623815,0.369945,0.316161,-0.313473,-0.815425
29632148,0.369228,0.316708,-0.314164,-0.815272
29640481,0.369183,0.316749,-0.314204,-0.815261
29648814,0.370164,0.315978,-0.313228,-0.815491
29657147,0.370247,0.315751,-0.312921,-0.815659
29665480,0.369527,0.316558,-0.314036,-0.815243
29673813,0.369405,0.316614,-0.314098,-0.815254
29682146,0.370045,0.316037,-0.313533,-0.815404
29690479,0.369697,0.316750,-0.314634,-0.814862
29698812,0.369299,0.316824,-0.315007,-0.814869
29707145,0.369501,0.316641,-0.314679,-0.814975
29715478,0.369952,0.316718,-0.314820,-0.814686
29723811,0.369924,0.316917,-0.315220,-0.814467
29732144,0.370042,0.316944,-0.315302,-0.814371
29740477,0.370012,0.316917,-0.315728,-0.814230
29748810,0.370217,0.316973,-0.315862,-0.814063
29757143,0.370396,0.316841,-0.315558,-0.814151
29765476,0.370286,0.316982,-0.315911,-0.814009
29773809,0.370773,0.316834,-0.315409,-0.814039
29782142,0.370836,0.316849,-0.315715,-0.813886
29790475,0.370798,0.316872,-0.315372,-0.814028
29798808,0.371087,0.316803,-0.315147,-0.814010
29807141,0.371093,0.317079,-0.315547,-0.813745
29815474,0.371150,0.317117,-0.315591,-0.813687
29823807,0.371313,0.316837,-0.315203,-0.813872
29832140,0.371284,0.317098,-0.315722,-0.813582
29840473,0.371067,0.317366,-0.315907,-0.813505
29848806,0.371459,0.316905,-0.315028,-0.813847
29857139,0.371193,0.317189,-0.315573,-0.813647
29865472,0.371538,0.316935,-0.315028,-0.813799
29873805,0.371261,0.317255,-0.315925,-0.813453
29882138,0.370776,0.317268,-0.316079,-0.813609
29890471,0.371429,0.316212,-0.314450,-0.814353
29898804,0.371727,0.315995,-0.314205,-0.814396
29907137,0.371582,0.315972,-0.314630,-0.814307
29915470,0.371251,0.316622,-0.315936,-0.813700
29923803,0.370733,0.317067,-0.317521,-0.813146
29932136,0.370793,0.316764,-0.316870,-0.813491
29940469,0.370676,0.317034,-0.317437,-0.813218
29948802,0.370774,0.317044,-0.317637,-0.813090
29957135,0.370682,0.317197,-0.318322,-0.812805
29965468,0.371355,0.316067,-0.316356,-0.813705
29973801,0.371194,0.316821,-0.317450,-0.813059
29982134,0.371296,0.317060,-0.317890,-0.812747
29990467,0.371556,0.317309,-0.318170,-0.812422
29998800,0.371773,0.316571,-0.317033,-0.813055
30007133,0.371748,0.316507,-0.316520,-0.813291
30015466,0.371848,0.316602,-0.316707,-0.813136
30023799,0.372301,0.316794,-0.316935,-0.812764
30032132,0.372087,0.317731,-0.318393,-0.811926
30040465,0.371543,0.318483,-0.319534,-0.811432
30048798,0.372184,0.317544,-0.317988,-0.812114
30057131,0.371922,0.318520,-0.319186,-0.811381
30065464,0.372477,0.317608,-0.317593,-0.812109
30073797,0.372232,0.318260,-0.318807,-0.811490
30082130,0.371611,0.319197,-0.320469,-0.810751
30090463,0.372262,0.318146,-0.318633,-0.811589
30098796,0.372359,0.317959,-0.318439,-0.811694
30107129,0.372098,0.318373,-0.319599,-0.811195
30115462,0.372069,0.318708,-0.320114,-0.810874
30123795,0.371721,0.319663,-0.321675,-0.810040
30132128,0.372086,0.319128,-0.320463,-0.810564
30140461,0.371816,0.319285,-0.321163,-0.810348
30148794,0.371969,0.319303,-0.321472,-0.810148
30157127,0.371998,0.319291,-0.321741,-0.810033
30165460,0.371648,0.319570,-0.322413,-0.809816
30173793,0.371227,0.320501,-0.324121,-0.808959
30182126,0.371347,0.319922,-0.323369,-0.809435
30190459,0.371791,0.319379,-0.322854,-0.809650
30198792,0.371302,0.319630,-0.323890,-0.809362
30207125,0.371123,0.319724,-0.324423,-0.809194
30215458,0.370731,0.319873,-0.325269,-0.808974
30223791,0.370429,0.319923,-0.325819,-0.808872
30232124,0.370268,0.320006,-0.326127,-0.808788
30240457,0.370106,0.320086,-0.326394,-0.808723
30248790,0.370051,0.320113,-0.326599,-0.808655
30257123,0.369879,0.320405,-0.326978,-0.808465
30265456,0.369621,0.320646,-0.327255,-0.808375
30273789,0.369180,0.321044,-0.327771,-0.808210
30282122,0.368677,0.322089,-0.329307,-0.807399
30290455,0.368769,0.321458,-0.327966,-0.808154
30298788,0.368390,0.321664,-0.327730,-0.808340
30307121,0.367610,0.322823,-0.329372,-0.807566
30315454,0.366860,0.323524,-0.330377,-0.807216
30323787,0.366881,0.322914,-0.328438,-0.808241
30332120,0.366808,0.323513,-0.328697,-0.807929
30340453,0.366178,0.323930,-0.328809,-0.808002
30348786,0.366226,0.323678,-0.327899,-0.808452
30357119,0.365519,0.324558,-0.328347,-0.808237
30365452,0.364671,0.325266,-0.328702,-0.808190
30373785,0.364174,0.325740,-0.327899,-0.808550
30382118,0.363756,0.326276,-0.327492,-0.808687
30390451,0.363003,0.327196,-0.327183,-0.808779
30398784,0.362663,0.327527,-0.326732,-0.808979
30407117,0.361956,0.328349,-0.326605,-0.809014
30415450,0.361606,0.328548,-0.325615,-0.809488
30423783,0.361263,0.329114,-0.325185,-0.809585
30432116,0.360163,0.330510,-0.325327,-0.809449
30440449,0.359288,0.331391,-0.325198,-0.809530
30448782,0.358763,0.331961,-0.324939,-0.809633
30457115,0.357828,0.333209,-0.324989,-0.809514
30465448,0.356847,0.334160,-0.324510,-0.809747
30473781,0.356362,0.334574,-0.322978,-0.810402
30482114,0.356216,0.334681,-0.320761,-0.811302
30490447,0.355184,0.335771,-0.320712,-0.811323
30498780,0.353731,0.337713,-0.321443,-0.810863
30507113,0.352979,0.338551,-0.320697,-0.811137
30515446,0.351634,0.340167,-0.320542,-0.811106
30523779,0.350731,0.341246,-0.320079,-0.811226
30532112,0.349624,0.342478,-0.320287,-0.811103
30540445,0.348465,0.344001,-0.320188,-0.810996
30548778,0.347514,0.345123,-0.319640,-0.811144
30557111,0.346420,0.346313,-0.319467,-0.811173
30565444,0.345351,0.347373,-0.319479,-0.811170
30573777,0.344690,0.348512,-0.319220,-0.811065
30582110,0.343475,0.349801,-0.318891,-0.811155
30590443,0.342798,0.350822,-0.318244,-0.811254
30598776,0.342442,0.351500,-0.317495,-0.811405
30607109,0.342453,0.351889,-0.316261,-0.811713
30615442,0.342293,0.352456,-0.315405,-0.811869
30623775,0.342469,0.352561,-0.314061,-0.812269
30632108,0.342474,0.352441,-0.312590,-0.812887
30640441,0.340951,0.353536,-0.314134,-0.812456
30648774,0.339313,0.354829,-0.316117,-0.811808
30657107,0.337826,0.355742,-0.317753,-0.811390
30665440,0.335825,0.356828,-0.319410,-0.811093
30673773,0.334082,0.357940,-0.321427,-0.810526
30682106,0.332890,0.358395,-0.322289,-0.810473
30690439,0.331012,0.359344,-0.324120,-0.810092
30698772,0.328993,0.360228,-0.325772,-0.809860
30707105,0.326469,0.361528,-0.328967,-0.809009
30715438,0.323820,0.362247,-0.331066,-0.808896
30723771,0.321273,0.362965,-0.333005,-0.808794
30732104,0.319154,0.363384,-0.333954,-0.809053
30740437,0.317116,0.363864,-0.334900,-0.809248
30748770,0.315149,0.363813,-0.335779,-0.809675
30757103,0.313701,0.363558,-0.335908,-0.810298
30765436,0.312015,0.363932,-0.335263,-0.811048
30773769,0.310496,0.363415,-0.334834,-0.812039
30782102,0.309344,0.363409,-0.334561,-0.812594
30790435,0.307499,0.363460,-0.334737,-0.813199
30798768,0.305458,0.363356,-0.335293,-0.813785
30807101,0.304843,0.363116,-0.333301,-0.814941
30815434,0.299488,0.369445,-0.341233,-0.810788
30823767,0.296267,0.370307,-0.343593,-0.810582
30832100,0.293876,0.370709,-0.344739,-0.810782
30840433,0.291945,0.371089,-0.345271,-0.811079
30848766,0.290326,0.371901,-0.345520,-0.811182
30857099,0.289085,0.373433,-0.346311,-0.810584
30865432,0.288037,0.374166,-0.346258,-0.810642
30873765,0.287194,0.374941,-0.345467,-0.810920
30882098,0.287112,0.374667,-0.342750,-0.812228
30890431,0.289548,0.371683,-0.334076,-0.816337
30898764,0.290949,0.370726,-0.328212,-0.818650
30907097,0.292282,0.371025,-0.323734,-0.819822
30915430,0.291075,0.375006,-0.325619,-0.817691
30923763,0.291895,0.375874,-0.322482,-0.818243
30932096,0.292718,0.376324,-0.319660,-0.818849
30940429,0.292463,0.377619,-0.319183,-0.818530
30948762,0.292400,0.376971,-0.317328,-0.819572
30957095,0.290514,0.378782,-0.320116,-0.818323
30965428,0.288783,0.381055,-0.323623,-0.816498
30973761,0.286257,0.383363,-0.327502,-0.814759
30982094,0.284288,0.384889,-0.330681,-0.813444
30990427,0.282653,0.386226,-0.332876,-0.812484
30998760,0.280986,0.387575,-0.335049,-0.811526
31007093,0.278955,0.388893,-0.337806,-0.810453
31015426,0.277994,0.389632,-0.338843,-0.809995
31023759,0.277315,0.389985,-0.338818,-0.810068
31032092,0.277057,0.390243,-0.338193,-0.810293
31040425,0.277360,0.390420,-0.336792,-0.810688
31048758,0.277259,0.390751,-0.336477,-0.810694
31057091,0.277897,0.390573,-0.334343,-0.811443
31065424,0.278810,0.390092,-0.331870,-0.812376
31073757,0.280250,0.389350,-0.328362,-0.813662
31082090,0.280643,0.389399,-0.326917,-0.814084
31090423,0.281306,0.389113,-0.324966,-0.814773
31098756,0.282259,0.388586,-0.322970,-0.815488
31107089,0.281584,0.388783,-0.323786,-0.815304
31115422,0.279966,0.389786,-0.326379,-0.814348
31123755,0.277581,0.391365,-0.330852,-0.812600
31132088,0.273978,0.393758,-0.338034,-0.809706
31140421,0.269727,0.396086,-0.346133,-0.806570
31148754,0.265210,0.399095,-0.354872,-0.802778
31157087,0.261245,0.401404,-0.362481,-0.799521
31165420,0.257524,0.403187,-0.369753,-0.796495
31173753,0.252997,0.406020,-0.378646,-0.792318
31182086,0.248865,0.407536,-0.386362,-0.789117
31190419,0.245060,0.409392,-0.393796,-0.785664
31198752,0.242668,0.410212,-0.399661,-0.783013
31207085,0.240951,0.410300,-0.404508,-0.781005
31215418,0.239856,0.410372,-0.408157,-0.779405
31223751,0.238947,0.410356,-0.411915,-0.777713
31232084,0.237875,0.410499,-0.416681,-0.775425
31240417,0.236080,0.410596,-0.422801,-0.772604
31248750,0.234746,0.410277,-0.428649,-0.769953
31257083,0.232435,0.410330,-0.436852,-0.766005
31265416,0.229366,0.410808,-0.445852,-0.761475
31273749,0.227953,0.410197,-0.452957,-0.758028
31282082,0.225514,0.410071,-0.462150,-0.753261
31290415,0.223115,0.410397,-0.472493,-0.747358
31298748,0.219794,0.411655,-0.482263,-0.741386
31307081,0.217132,0.413498,-0.492885,-0.734124
31315414,0.214249,0.414671,-0.503314,-0.727201
31323747,0.212778,0.415873,-0.512298,-0.720643
31332080,0.210745,0.416838,-0.522356,-0.713426
31340413,0.207502,0.418125,-0.532141,-0.706357
31348746,0.207311,0.418562,-0.539745,-0.700359
31357079,0.205998,0.419624,-0.548738,-0.693086
31365412,0.203563,0.421513,-0.559089,-0.684331
31373745,0.201982,0.422632,-0.567814,-0.676885
31382078,0.199814,0.423857,-0.576774,-0.669143
31390411,0.199725,0.423839,-0.582838,-0.663905
31398744,0.199385,0.424343,-0.589332,-0.657926
31407077,0.201421,0.423413,-0.591729,-0.655749
31415410,0.200925,0.424584,-0.598069,-0.649362
31423743,0.202992,0.423460,-0.598587,-0.648976
31432076,0.202665,0.423896,-0.601251,-0.646325
31440409,0.201125,0.426186,-0.606096,-0.640752
31448742,0.200317,0.428845,-0.609871,-0.635628
31457075,0.202739,0.428382,-0.608819,-0.636180
31465408,0.202989,0.430589,-0.610353,-0.633133
31473741,0.205598,0.432360,-0.608495,-0.632872
31482074,0.204257,0.437138,-0.612154,-0.626463
31490407,0.204989,0.440551,-0.614405,-0.621611
31498740,0.201706,0.447143,-0.621038,-0.611302
31507073,0.201632,0.451149,-0.622823,-0.606548
31515406,0.200582,0.454633,-0.625083,-0.601952
31523739,0.196514,0.460492,-0.629160,-0.594548
31532072,0.188570,0.469238,-0.637707,-0.581022
31540405,0.195017,0.467713,-0.627757,-0.590876
31548738,0.195054,0.472115,-0.625326,-0.589939
31557071,0.191266,0.478772,-0.626798,-0.584225
31565404,0.192951,0.481191,-0.621102,-0.587757
31573737,0.192539,0.483586,-0.617285,-0.589942
31582070,0.189661,0.485845,-0.616891,-0.589431
31590403,0.183182,0.490541,-0.621716,-0.582480
31598736,0.182216,0.489193,-0.618801,-0.587004
31607069,0.179610,0.489327,-0.619658,-0.586790
31615402,0.174627,0.489838,-0.624152,-0.583095
31623735,0.175731,0.486910,-0.621941,-0.587560
31632068,0.174062,0.486763,-0.621528,-0.588614
31640401,0.172272,0.486370,-0.622255,-0.588698
31648734,0.171355,0.486357,-0.622827,-0.588371
31657067,0.169051,0.486908,-0.624612,-0.586688
31665400,0.169063,0.486890,-0.624161,-0.587178
31673733,0.168031,0.487368,-0.624860,-0.586335
31682066,0.168359,0.488517,-0.624449,-0.585722
31690399,0.168708,0.488988,-0.624263,-0.585426
31698732,0.169508,0.489280,-0.624118,-0.585106
31707065,0.170744,0.489372,-0.623940,-0.584859
31715398,0.172267,0.489286,-0.623782,-0.584653
31723731,0.174142,0.489034,-0.623469,-0.584642
31732064,0.175906,0.488728,-0.623893,-0.583918
31740397,0.177433,0.488507,-0.624608,-0.582875
31748730,0.178692,0.488262,-0.625564,-0.581669
31757063,0.179195,0.488441,-0.627296,-0.579495
31765396,0.179083,0.488751,-0.629211,-0.577188
31773729,0.179764,0.488553,-0.630431,-0.575811
31782062,0.178309,0.490287,-0.633748,-0.571128
31790395,0.179814,0.489575,-0.633824,-0.571184
31798728,0.180528,0.488220,-0.634593,-0.571264
31807061,0.182313,0.485741,-0.634345,-0.573083
31815394,0.182786,0.484728,-0.635065,-0.572993
31823727,0.183304,0.484133,-0.635776,-0.572542
31832060,0.182902,0.483187,-0.637179,-0.571908
31840393,0.182779,0.482374,-0.638128,-0.571576
31848726,0.181959,0.482146,-0.639745,-0.570221
31857059,0.181299,0.482192,-0.641059,-0.568915
31865392,0.180006,0.482110,-0.643110,-0.567078
31873725,0.178587,0.482261,-0.644944,-0.565313
31882058,0.176621,0.482458,-0.647289,-0.563078
31890391,0.175582,0.482652,-0.648813,-0.561479
31898724,0.174161,0.482735,-0.650801,-0.559547
31907057,0.172566,0.483061,-0.652343,-0.557962
31915390,0.170949,0.483522,-0.653869,-0.556271
31923723,0.169443,0.484242,-0.655059,-0.554704
31932056,0.167751,0.484778,-0.656512,-0.553030
31940389,0.165834,0.484813,-0.658295,-0.551456
31948722,0.164302,0.485271,-0.659527,-0.550037
31957055,0.162760,0.485789,-0.660591,-0.548760
31965388,0.161640,0.486106,-0.661202,-0.548074
31973721,0.160363,0.486444,-0.661823,-0.547399
31982054,0.159570,0.486650,-0.661968,-0.547273
31990387,0.158601,0.486884,-0.662055,-0.547242
31998720,0.158449,0.486475,-0.661099,-0.548803
32007053,0.156953,0.487302,-0.661270,-0.548292
32015386,0.156377,0.488101,-0.660861,-0.548239
32023719,0.155516,0.488874,-0.660780,-0.547892
32032052,0.153925,0.490036,-0.661076,-0.546947
32040385,0.152267,0.491230,-0.660853,-0.546608
32048718,0.149796,0.492592,-0.661211,-0.545632
32057051,0.147106,0.493857,-0.661711,-0.544614
32065384,0.144111,0.495420,-0.662487,-0.543049
32073717,0.140840,0.497201,-0.662859,-0.541823
32082050,0.136172,0.499561,-0.665442,-0.537664
32090383,0.132718,0.500972,-0.667255,-0.534961
32098716,0.129514,0.502572,-0.668601,-0.532559
32107049,0.126407,0.504810,-0.670486,-0.528807
32115382,0.126051,0.505020,-0.670507,-0.528665
32123714,0.125805,0.504737,-0.669689,-0.530028
32132047,0.124984,0.504888,-0.669690,-0.530078
32140380,0.123957,0.505236,-0.670170,-0.529380
32148714,0.123001,0.505419,-0.670676,-0.528787
32157047,0.127112,0.501964,-0.664491,-0.538819
32165380,0.127894,0.500743,-0.662774,-0.541876
32173713,0.123811,0.503019,-0.667826,-0.534464
32182046,0.124148,0.502246,-0.667081,-0.536041
32190379,0.122157,0.503012,-0.668849,-0.533570
32198712,0.121216,0.502751,-0.669448,-0.533280
32207045,0.120640,0.502754,-0.669279,-0.533620
32215378,0.118040,0.503389,-0.669943,-0.532769
32223711,0.119035,0.502696,-0.669439,-0.533834
32232044,0.122143,0.500637,-0.666089,-0.539229
32240377,0.119354,0.501686,-0.668478,-0.535913
32248710,0.119356,0.502338,-0.668341,-0.535473
32257043,0.121394,0.500732,-0.665565,-0.539958
32265376,0.121867,0.500737,-0.664937,-0.540619
32273709,0.121646,0.500817,-0.665191,-0.540283
32282041,0.119302,0.502201,-0.668003,-0.536034
32290374,0.118734,0.502354,-0.668686,-0.535165
32298707,0.118912,0.502299,-0.668443,-0.535481
32307040,0.118506,0.502098,-0.669027,-0.535030
32315374,0.120433,0.500732,-0.666792,-0.538658
32323707,0.119052,0.501618,-0.668595,-0.535899
32332040,0.118577,0.501995,-0.669431,-0.534606
32340373,0.118490,0.501899,-0.669737,-0.534331
32348706,0.120394,0.500391,-0.667699,-0.537859
32357039,0.119398,0.501335,-0.669166,-0.535374
32365372,0.120831,0.500501,-0.667908,-0.537398
32373705,0.121558,0.500296,-0.667382,-0.538078
32382038,0.121749,0.500149,-0.667461,-0.538074
32390371,0.121747,0.500130,-0.667774,-0.537704
32398704,0.121815,0.500104,-0.667989,-0.537445
32407037,0.121900,0.500070,-0.668219,-0.537172
32415370,0.122312,0.499994,-0.668083,-0.537317
32423703,0.120912,0.501391,-0.670139,-0.533762
32432036,0.120743,0.501491,-0.670608,-0.533116
32440369,0.120924,0.501563,-0.670582,-0.533040
32448701,0.122702,0.500378,-0.668664,-0.536148
32457034,0.121649,0.501316,-0.670170,-0.533625
32465367,0.121160,0.501724,-0.671006,-0.532301
32473701,0.121122,0.501713,-0.671073,-0.532235
32482034,0.123096,0.500298,-0.668914,-0.535821
32490367,0.122125,0.500919,-0.670261,-0.533775
32498700,0.121959,0.501137,-0.670820,-0.532906
32507033,0.122343,0.500758,-0.670777,-0.533227
32515366,0.122869,0.500382,-0.670503,-0.533804
32523699,0.123389,0.500000,-0.670314,-0.534280
32532032,0.123489,0.499905,-0.670616,-0.533967
32540365,0.125760,0.497996,-0.668202,-0.538229
32548698,0.124744,0.498639,-0.669760,-0.535928
32557031,0.124357,0.498699,-0.670480,-0.535062
32565364,0.126298,0.496682,-0.668530,-0.538910
32573697,0.124992,0.497365,-0.670415,-0.536235
32582030,0.126759,0.495886,-0.668572,-0.539482
32590363,0.127656,0.495112,-0.667856,-0.540866
32598696,0.127739,0.494867,-0.668186,-0.540663
32607028,0.126145,0.496226,-0.670273,-0.537198
32615361,0.127562,0.494817,-0.668870,-0.539904
32623694,0.128253,0.494062,-0.668250,-0.541199
32632028,0.128255,0.493864,-0.668467,-0.541111
32640361,0.128058,0.494074,-0.668739,-0.540629
32648694,0.128372,0.493965,-0.668483,-0.540971
32657027,0.128214,0.493712,-0.668655,-0.541027
32665360,0.128050,0.493191,-0.669120,-0.540966
32673693,0.128290,0.492838,-0.668998,-0.541381
32682026,0.128662,0.492782,-0.668674,-0.541745
32690359,0.128334,0.492477,-0.669163,-0.541496
32698692,0.128697,0.492298,-0.668692,-0.542154
32707025,0.128635,0.492215,-0.668713,-0.542218
32715358,0.128263,0.492302,-0.669112,-0.541734
32723691,0.127726,0.492451,-0.669190,-0.541630
32732024,0.127909,0.492266,-0.669183,-0.541763
32740357,0.128376,0.492178,-0.668699,-0.542330
32748690,0.128531,0.492167,-0.668497,-0.542552
32757023,0.127922,0.492261,-0.668979,-0.542017
32765355,0.128167,0.492149,-0.668594,-0.542535
32773688,0.128125,0.492020,-0.668623,-0.542626
32782021,0.128046,0.491964,-0.668923,-0.542326
32790355,0.128583,0.492863,-0.668527,-0.541871
32798688,0.130575,0.491164,-0.667528,-0.544164
32807021,0.131238,0.490395,-0.667272,-0.545012
32815354,0.129440,0.491100,-0.668985,-0.542702
32823687,0.127851,0.491448,-0.670238,-0.541215
32832020,0.126970,0.492646,-0.670611,-0.539869
32840353,0.128134,0.491419,-0.670142,-0.541293
32848686,0.128984,0.491128,-0.669403,-0.542269
32857019,0.129902,0.490698,-0.668923,-0.543031
32865352,0.129227,0.491117,-0.669367,-0.542266
32873685,0.129740,0.490946,-0.669159,-0.542554
32882018,0.129038,0.491250,-0.669662,-0.541826
32890351,0.128782,0.491330,-0.669709,-0.541757
32898684,0.129759,0.490858,-0.668833,-0.543032
32907017,0.129948,0.490810,-0.668640,-0.543267
32915350,0.129269,0.491072,-0.668856,-0.542926
32923683,0.129012,0.491241,-0.668776,-0.542933
32932015,0.129355,0.491199,-0.668129,-0.543685
32940348,0.129369,0.491243,-0.667599,-0.544294
32948681,0.129721,0.490936,-0.666786,-0.545482
32957015,0.128321,0.492450,-0.666933,-0.544268
32965348,0.127543,0.493061,-0.666888,-0.543953
32973681,0.128094,0.491762,-0.666307,-0.545707
32982014,0.128144,0.491919,-0.666018,-0.545907
32990347,0.128788,0.490950,-0.665432,-0.547341
32998680,0.129505,0.490495,-0.664511,-0.548698
33007013,0.129288,0.490356,-0.664459,-0.548935
33015346,0.128309,0.490325,-0.665227,-0.548262
33023679,0.128015,0.490053,-0.665623,-0.548093
33032012,0.127376,0.489970,-0.666151,-0.547674
33040345,0.127813,0.489490,-0.666071,-0.548100
33048678,0.128240,0.488971,-0.665890,-0.548682
33057011,0.128378,0.488522,-0.665948,-0.548980
33065344,0.128378,0.488285,-0.665997,-0.549131
33073677,0.127503,0.488307,-0.666649,-0.548524
33082010,0.126795,0.488375,-0.667091,-0.548089
33090342,0.126680,0.488260,-0.667239,-0.548039
33098675,0.126369,0.488123,-0.667273,-0.548192
33107008,0.126256,0.488232,-0.667064,-0.548375
33115342,0.125977,0.488003,-0.667327,-0.548322
33123675,0.126040,0.488103,-0.667109,-0.548485
33132008,0.126126,0.488038,-0.666785,-0.548916
33140341,0.125580,0.487764,-0.667359,-0.548587
33148674,0.125484,0.488063,-0.667115,-0.548639
33157007,0.125409,0.487927,-0.667157,-0.548727
33165340,0.125923,0.487511,-0.666913,-0.549276
33173673,0.126532,0.487811,-0.666076,-0.549885
33182006,0.126665,0.488038,-0.665710,-0.550095
33190339,0.126652,0.488151,-0.665696,-0.550015
33198672,0.126304,0.488311,-0.666023,-0.549557
33207005,0.126026,0.488354,-0.666363,-0.549171
33215338,0.125712,0.488340,-0.667068,-0.548398
33223671,0.125633,0.488485,-0.667230,-0.548090
33232004,0.125880,0.488578,-0.666924,-0.548322
33240337,0.125922,0.489212,-0.666709,-0.548009
33248669,0.125914,0.489615,-0.666676,-0.547691
33257002,0.125807,0.489895,-0.666737,-0.547391
33265335,0.125833,0.490105,-0.666594,-0.547372
33273669,0.125602,0.490486,-0.666736,-0.546910
33282002,0.125559,0.490848,-0.666710,-0.546628
33290335,0.125734,0.490999,-0.666512,-0.546692
33298668,0.125761,0.491132,-0.666333,-0.546785
33307001,0.125946,0.491241,-0.666228,-0.546773
33315334,0.125835,0.491559,-0.666317,-0.546403
33323667,0.125912,0.491699,-0.666219,-0.546379
33332000,0.127403,0.490965,-0.665124,-0.548026
33340333,0.127721,0.490923,-0.665119,-0.547996
33348666,0.127694,0.491161,-0.665183,-0.547710
33356999,0.126397,0.491817,-0.666249,-0.546124
33365332,0.126037,0.492076,-0.666483,-0.545689
33373665,0.126016,0.492308,-0.666462,-0.545510
33381998,0.125766,0.492384,-0.666695,-0.545215
33390331,0.125884,0.492354,-0.666596,-0.545335
33398664,0.125706,0.492469,-0.666897,-0.544904
33406997,0.124714,0.492879,-0.667693,-0.543786
33415329,0.125473,0.492563,-0.667354,-0.544313
33423662,0.125353,0.492635,-0.667374,-0.544251
33431995,0.125490,0.492546,-0.667387,-0.544284
33440329,0.125567,0.492581,-0.667480,-0.544120
33448662,0.125702,0.492556,-0.667557,-0.544018
33456995,0.126144,0.492359,-0.667286,-0.544426
33465328,0.126132,0.492321,-0.667424,-0.544294
33473661,0.126252,0.492454,-0.667342,-0.544246
33481994,0.126360,0.492370,-0.667386,-0.544244
33490327,0.127101,0.491952,-0.667076,-0.544828
33498660,0.127385,0.491978,-0.666903,-0.544951
33506993,0.127495,0.492035,-0.666796,-0.545005
33515326,0.127079,0.492189,-0.667058,-0.544641
33523659,0.127194,0.492245,-0.667071,-0.544548
33531992,0.127290,0.492135,-0.667017,-0.544691
33540325,0.127425,0.492046,-0.667000,-0.544761
33548658,0.127571,0.492104,-0.666943,-0.544745
33556991,0.127682,0.492134,-0.666907,-0.544735
33565324,0.127807,0.492173,-0.666814,-0.544784
33573657,0.128141,0.492011,-0.666664,-0.545036
33581990,0.128370,0.491878,-0.666562,-0.545226
33590323,0.128196,0.492010,-0.666583,-0.545122
33598656,0.128301,0.491966,-0.666510,-0.545227
33606989,0.128275,0.492014,-0.666524,-0.545173
33615322,0.129257,0.491484,-0.666154,-0.545870
33623655,0.129024,0.491509,-0.666379,-0.545629
33631988,0.129389,0.491327,-0.666235,-0.545882
33640321,0.129102,0.491395,-0.666361,-0.545735
33648654,0.128995,0.491328,-0.666516,-0.545631
33656987,0.129003,0.491281,-0.666548,-0.545632
33665320,0.129814,0.490833,-0.665958,-0.546563
33673653,0.130030,0.490613,-0.665807,-0.546894
33681986,0.129887,0.490677,-0.665923,-0.546728
33690319,0.129185,0.490995,-0.666416,-0.546009
33698652,0.128994,0.490925,-0.666556,-0.545944
33706985,0.129798,0.490533,-0.665980,-0.546809
33715318,0.130135,0.490364,-0.665658,-0.547274
33723651,0.129917,0.490416,-0.665778,-0.547132
33731984,0.129541,0.490587,-0.665862,-0.546965
33740317,0.129272,0.490690,-0.665876,-0.546920
33748650,0.129815,0.490335,-0.665500,-0.547567
33756983,0.129995,0.490227,-0.665264,-0.547907
33765316,0.130238,0.490029,-0.664956,-0.548400
33773649,0.129377,0.490347,-0.665375,-0.547812
33781982,0.128611,0.490553,-0.665691,-0.547424
33790315,0.129189,0.490409,-0.665316,-0.547872
33798648,0.128643,0.490679,-0.665468,-0.547574
33806981,0.128418,0.490726,-0.665463,-0.547591
33815314,0.128528,0.490695,-0.665472,-0.547582
33823647,0.128219,0.490803,-0.665462,-0.547570
33831980,0.128862,0.490315,-0.665053,-0.548352
33840313,0.128719,0.490458,-0.665041,-0.548272
33848646,0.128039,0.490868,-0.665293,-0.547759
33856979,0.128552,0.490606,-0.665096,-0.548113
33865312,0.128829,0.490501,-0.664860,-0.548428
33873645,0.128196,0.490820,-0.665109,-0.547989
33881978,0.128078,0.490760,-0.665095,-0.548087
33890311,0.128411,0.490655,-0.665031,-0.548181
33898644,0.128742,0.490490,-0.664796,-0.548536
33906977,0.128928,0.490477,-0.664441,-0.548934
33915310,0.128357,0.490802,-0.664896,-0.548225
33923643,0.128247,0.490655,-0.664998,-0.548259
33931976,0.128421,0.490664,-0.664793,-0.548459
33940309,0.128032,0.490874,-0.664826,-0.548322
33948642,0.127592,0.491137,-0.665091,-0.547867
33956975,0.127452,0.491124,-0.665100,-0.547900
33965308,0.127369,0.491241,-0.665050,-0.547876
33973641,0.127266,0.491256,-0.665138,-0.547779
33981974,0.127140,0.491307,-0.665198,-0.547690
33990307,0.127159,0.491366,-0.665096,-0.547756
33998640,0.127067,0.491400,-0.665044,-0.547811
34006973,0.127408,0.491270,-0.665014,-0.547884
34015306,0.127133,0.491357,-0.664984,-0.547908
34023639,0.127212,0.491370,-0.664980,-0.547882
34031972,0.127077,0.491421,-0.665145,-0.547667
34040305,0.126854,0.491491,-0.665136,-0.547668
34048638,0.127039,0.491373,-0.665085,-0.547792
34056971,0.126980,0.491446,-0.665222,-0.547573
34065304,0.126957,0.491405,-0.665365,-0.547441
34073637,0.126819,0.491437,-0.665193,-0.547654
34081970,0.126998,0.491321,-0.665171,-0.547743
34090303,0.128169,0.490871,-0.664472,-0.548721
34098636,0.127545,0.491110,-0.664780,-0.548280
34106969,0.127275,0.491284,-0.665017,-0.547899
34115302,0.127222,0.491287,-0.664998,-0.547931
34123635,0.128131,0.490882,-0.664398,-0.548810
34131968,0.127549,0.491119,-0.664855,-0.548180
34140301,0.127318,0.491241,-0.664968,-0.547987
34148634,0.127406,0.491174,-0.664934,-0.548068
34156967,0.127433,0.491195,-0.664890,-0.548096
34165300,0.127341,0.491224,-0.665053,-0.547895
34173633,0.127264,0.491252,-0.665131,-0.547792
34181966,0.127305,0.491205,-0.665192,-0.547751
34190299,0.127418,0.491130,-0.665028,-0.547991
34198632,0.127267,0.491220,-0.665059,-0.547907
34206965,0.127385,0.491077,-0.665042,-0.548029
34215298,0.127397,0.491093,-0.665180,-0.547844
34223631,0.127165,0.491188,-0.665477,-0.547452
34231964,0.127248,0.491104,-0.665292,-0.547733
34240297,0.127467,0.490979,-0.665166,-0.547947
34248630,0.127647,0.490914,-0.665060,-0.548092
34256963,0.127694,0.490860,-0.665026,-0.548171
34265296,0.127459,0.490934,-0.665330,-0.547789
34273629,0.128280,0.490470,-0.664931,-0.548499
34281962,0.127909,0.490675,-0.665191,-0.548087
34290295,0.127605,0.490808,-0.665495,-0.547669
34298628,0.127725,0.490789,-0.665350,-0.547833
34306961,0.128098,0.490571,-0.665070,-0.548282
34315294,0.128298,0.490443,-0.664884,-0.548575
34323627,0.127617,0.490750,-0.665278,-0.547981
34331960,0.128048,0.490558,-0.664982,-0.548412
34340293,0.128406,0.490391,-0.664700,-0.548820
34348626,0.127770,0.490617,-0.665158,-0.548210
34356959,0.127651,0.490775,-0.665169,-0.548083
34365292,0.127708,0.490722,-0.665093,-0.548210
34373625,0.127788,0.490628,-0.664879,-0.548535
34381958,0.127661,0.490764,-0.664781,-0.548561
34390291,0.128504,0.490336,-0.664155,-0.549504
34398624,0.128010,0.490579,-0.664479,-0.549011
34406957,0.127537,0.490748,-0.664679,-0.548728
34415290,0.127439,0.490805,-0.664729,-0.548639
34423623,0.127373,0.490768,-0.664699,-0.548724
34431956,0.127408,0.490812,-0.664589,-0.548809
34440289,0.127524,0.490641,-0.664315,-0.549267
34448622,0.127468,0.490733,-0.664162,-0.549383
34456955,0.127597,0.490683,-0.663962,-0.549640
34465288,0.127933,0.490398,-0.663790,-0.550024
34473621,0.128088,0.490305,-0.663680,-0.550203
34481954,0.127770,0.490462,-0.663652,-0.550170
34490287,0.128035,0.490307,-0.663579,-0.550335
34498620,0.127347,0.490450,-0.663970,-0.549895
34506953,0.127427,0.490488,-0.663857,-0.549980
34515286,0.127727,0.490445,-0.663418,-0.550478
34523619,0.127820,0.490498,-0.663275,-0.550581
34531952,0.127719,0.490332,-0.663400,-0.550602
34540285,0.127517,0.490447,-0.663673,-0.550217
34548618,0.127961,0.490293,-0.663430,-0.550545
34556951,0.127829,0.490292,-0.663307,-0.550724
34565284,0.127516,0.490520,-0.663665,-0.550163
34573617,0.127411,0.490562,-0.663721,-0.550082
34581950,0.127616,0.490468,-0.663498,-0.550387
34590283,0.127764,0.490411,-0.663429,-0.550486
34598616,0.127774,0.490336,-0.663373,-0.550618
34606949,0.127760,0.490358,-0.663524,-0.550420
34615282,0.127893,0.490249,-0.663384,-0.550655
34623615,0.127917,0.490256,-0.663435,-0.550581
34631948,0.127845,0.490328,-0.663379,-0.550601
34640281,0.127983,0.490239,-0.663238,-0.550819
34648614,0.127409,0.491066,-0.663336,-0.550097
34656947,0.127331,0.490886,-0.663519,-0.550055
34665280,0.127259,0.491256,-0.663322,-0.549979
34673613,0.127390,0.491312,-0.663082,-0.550188
34681946,0.127758,0.490660,-0.663168,-0.550580
34690279,0.127845,0.490556,-0.663046,-0.550799
34698612,0.127311,0.491258,-0.663069,-0.550269
34706945,0.127625,0.490786,-0.663096,-0.550586
34715278,0.128640,0.489896,-0.662687,-0.551634
34723611,0.128253,0.490111,-0.662862,-0.551323
34731944,0.128017,0.490408,-0.662871,-0.551102
34740277,0.127922,0.490408,-0.662937,-0.551045
34748610,0.127944,0.490378,-0.662892,-0.551121
34756943,0.127859,0.490400,-0.662975,-0.551021
34765276,0.127796,0.490340,-0.662971,-0.551094
34773609,0.128609,0.489774,-0.662610,-0.551843
34781942,0.128194,0.490103,-0.662859,-0.551347
34790275,0.128040,0.490121,-0.663018,-0.551176
34798608,0.128133,0.489998,-0.662951,-0.551343
34806941,0.128090,0.490134,-0.662963,-0.551219
34815274,0.128087,0.489978,-0.662950,-0.551373
34823607,0.128103,0.489902,-0.662911,-0.551484
34831940,0.128062,0.489977,-0.662980,-0.551343
34840273,0.128910,0.489601,-0.662472,-0.552090
34848606,0.128336,0.489897,-0.662760,-0.551617
34856939,0.128432,0.489769,-0.662800,-0.551659
34865272,0.128859,0.489563,-0.662428,-0.552189
34873605,0.128914,0.489537,-0.662284,-0.552372
34881938,0.128285,0.489958,-0.662592,-0.551775
34890271,0.128162,0.489984,-0.662598,-0.551774
34898604,0.128082,0.489992,-0.662655,-0.551717
34906937,0.128615,0.489758,-0.662297,-0.552230
34915270,0.128181,0.489967,-0.662406,-0.552015
34923603,0.127954,0.490078,-0.662562,-0.551781
34931936,0.127839,0.490174,-0.662614,-0.551660
34940269,0.128348,0.489689,-0.662478,-0.552135
34948602,0.127995,0.489647,-0.662516,-0.552210
34956935,0.127747,0.489739,-0.662544,-0.552152
34965268,0.127712,0.489843,-0.662466,-0.552162
34973601,0.128311,0.489472,-0.662160,-0.552718
34981934,0.127956,0.489591,-0.662353,-0.552464
34990267,0.127712,0.489403,-0.662573,-0.552423
34998600,0.127550,0.489258,-0.662667,-0.552475
35006933,0.127776,0.489512,-0.662272,-0.552673
35015266,0.127749,0.489114,-0.662401,-0.552878
35023599,0.128199,0.488607,-0.662269,-0.553379
35031932,0.127580,0.488891,-0.662730,-0.552719
35040265,0.127366,0.488964,-0.662921,-0.552475
35048598,0.127667,0.489076,-0.662486,-0.552827
35056931,0.128447,0.488745,-0.661862,-0.553687
35065264,0.128480,0.488607,-0.661914,-0.553738
35073597,0.128007,0.488762,-0.662130,-0.553452
35081930,0.127771,0.488832,-0.662272,-0.553275
35090263,0.127613,0.488858,-0.662331,-0.553218
35098596,0.127850,0.488787,-0.662019,-0.553599
35106929,0.128095,0.488748,-0.661711,-0.553945
35115262,0.128181,0.488791,-0.661579,-0.554045
35123595,0.128299,0.488851,-0.661133,-0.554497
35131928,0.127930,0.488591,-0.661498,-0.554377
35140261,0.127933,0.488618,-0.661350,-0.554528
35148594,0.127791,0.488844,-0.661144,-0.554607
35156927,0.128416,0.488455,-0.660844,-0.555163
35165260,0.128540,0.488316,-0.660583,-0.555567
35173593,0.127801,0.488553,-0.660667,-0.555429
35181926,0.127685,0.488475,-0.660414,-0.555825
35190259,0.127333,0.488569,-0.660489,-0.555735
35198592,0.127827,0.488225,-0.659971,-0.556538
35206925,0.128001,0.487921,-0.659661,-0.557132
35215258,0.127286,0.488061,-0.659672,-0.557161
35223591,0.126884,0.488042,-0.659651,-0.557293
35231924,0.126734,0.487951,-0.659405,-0.557699
35240257,0.126377,0.487838,-0.659375,-0.557913
35248590,0.126098,0.487773,-0.659130,-0.558323
35256923,0.125666,0.487779,-0.658876,-0.558715
35265256,0.125444,0.487657,-0.658476,-0.559342
35273589,0.125879,0.487308,-0.657878,-0.560252
35281922,0.125412,0.487280,-0.657707,-0.560581
35290255,0.125000,0.487412,-0.657291,-0.561047
35298588,0.125056,0.487219,-0.656617,-0.561989
35306921,0.124001,0.487705,-0.656402,-0.562054
35315254,0.123286,0.487917,-0.655973,-0.562527
35323587,0.122874,0.488077,-0.655164,-0.563421
35331920,0.122083,0.488192,-0.654604,-0.564144
35340253,0.121138,0.488568,-0.654127,-0.564575
35348586,0.120405,0.488669,-0.653499,-0.565371
35356919,0.120202,0.488660,-0.652214,-0.566904
35365252,0.120680,0.488311,-0.650717,-0.568820
35373585,0.120243,0.488357,-0.649815,-0.569903
35381918,0.119691,0.488765,-0.648914,-0.570696
35390251,0.118457,0.489267,-0.648572,-0.570911
35398584,0.117765,0.489476,-0.647874,-0.571668
35406917,0.117031,0.489574,-0.647268,-0.572420
35415250,0.116807,0.489293,-0.646423,-0.573660
35423583,0.116410,0.489678,-0.645589,-0.574351
35431916,0.116100,0.489623,-0.644773,-0.575376
35440249,0.115707,0.489437,-0.644363,-0.576073
35448582,0.114955,0.489251,-0.644281,-0.576473
35456915,0.114679,0.489106,-0.644078,-0.576877
35465248,0.114731,0.488750,-0.643870,-0.577401
35473581,0.115125,0.488423,-0.643428,-0.578091
35481914,0.115004,0.488098,-0.643417,-0.578402
35490247,0.114732,0.487736,-0.643880,-0.578246
35498580,0.114982,0.487067,-0.643912,-0.578725
35506913,0.114516,0.486695,-0.644717,-0.578234
35515246,0.115109,0.486113,-0.644696,-0.578629
35523579,0.115744,0.485686,-0.644622,-0.578943
35531912,0.116377,0.485357,-0.644541,-0.579182
35540245,0.116865,0.484881,-0.644541,-0.579482
35548578,0.118375,0.483929,-0.643860,-0.580727
35556911,0.118609,0.483758,-0.644031,-0.580633
35565244,0.119868,0.483040,-0.643763,-0.581269
35573577,0.120948,0.482711,-0.642967,-0.582199
35581910,0.122232,0.482179,-0.642244,-0.583168
35590243,0.122906,0.481977,-0.641924,-0.583546
35598576,0.123432,0.481810,-0.641958,-0.583536
35606909,0.124016,0.481444,-0.641662,-0.584039
35615242,0.124536,0.481220,-0.641379,-0.584424
35623575,0.124947,0.480977,-0.641339,-0.584580
35631908,0.125419,0.480801,-0.641031,-0.584961
35640241,0.125787,0.480661,-0.640762,-0.585292
35648574,0.126086,0.480602,-0.640392,-0.585681
35656907,0.125974,0.480693,-0.640377,-0.585647
35665240,0.126061,0.480672,-0.640096,-0.585953
35673573,0.125924,0.480814,-0.640079,-0.585884
35681906,0.126132,0.480835,-0.639482,-0.586473
35690239,0.125978,0.480896,-0.639517,-0.586419
35698572,0.126026,0.480929,-0.639065,-0.586874
35706905,0.125277,0.481178,-0.639554,-0.586297
35715238,0.124727,0.481495,-0.639809,-0.585876
35723571,0.125539,0.481202,-0.638810,-0.587032
35731904,0.124792,0.481492,-0.639183,-0.586547
35740237,0.124981,0.481451,-0.638912,-0.586836
35748570,0.125052,0.481403,-0.638756,-0.587029
35756903,0.124832,0.481591,-0.638779,-0.586897
35765236,0.124745,0.481670,-0.638553,-0.587096
35773569,0.124629,0.481649,-0.638408,-0.587297
35781902,0.124329,0.481718,-0.638439,-0.587270
35790235,0.124812,0.481570,-0.637788,-0.587995
35798568,0.124125,0.481741,-0.638255,-0.587493
35806901,0.123872,0.481801,-0.638347,-0.587398
35815234,0.123651,0.481842,-0.638444,-0.587306
35823567,0.123321,0.481976,-0.638508,-0.587196
35831900,0.123125,0.482120,-0.638472,-0.587157
35840233,0.123105,0.482159,-0.638262,-0.587358
35848566,0.122972,0.482311,-0.638067,-0.587473
35856899,0.122823,0.482420,-0.638048,-0.587435
35865232,0.122169,0.482705,-0.638427,-0.586925
35873565,0.122294,0.482775,-0.638092,-0.587205
35881898,0.122175,0.482921,-0.637885,-0.587337
35890231,0.121947,0.483140,-0.637793,-0.587303
35898564,0.121466,0.483354,-0.637796,-0.587223
35906897,0.121659,0.483421,-0.637152,-0.587827
35915230,0.121341,0.483830,-0.636971,-0.587752
35923563,0.121427,0.483908,-0.636428,-0.588259
35931896,0.120830,0.484489,-0.636605,-0.587711
35940229,0.121110,0.484452,-0.635429,-0.588956
35948562,0.120642,0.484989,-0.635108,-0.588956
35956895,0.120935,0.484870,-0.633720,-0.590487
35965228,0.121036,0.484942,-0.632552,-0.591659
35973561,0.120857,0.485164,-0.631728,-0.592393
35981894,0.119811,0.485954,-0.632079,-0.591583
35990227,0.119493,0.486286,-0.631286,-0.592221
35998560,0.119305,0.486541,-0.630344,-0.593052
36006893,0.119700,0.486306,-0.628605,-0.595007
36015226,0.119075,0.486790,-0.628540,-0.594805
36023559,0.118578,0.486822,-0.627703,-0.595762
36031892,0.118555,0.486773,-0.626723,-0.596837
36040225,0.118879,0.486570,-0.625746,-0.597963
36048558,0.118841,0.486622,-0.624988,-0.598720
36056891,0.117984,0.486957,-0.624924,-0.598683
36065224,0.117929,0.487016,-0.624123,-0.599483
36073557,0.118303,0.486923,-0.623003,-0.600648
36081890,0.118873,0.486779,-0.621735,-0.601964
36090223,0.119594,0.486463,-0.620138,-0.603722
36098556,0.120571,0.486139,-0.618942,-0.605014
36106889,0.121510,0.485665,-0.617173,-0.607011
36115222,0.122527,0.485377,-0.615470,-0.608764
36123555,0.123105,0.484985,-0.614100,-0.610341
36131888,0.124084,0.485477,-0.611972,-0.611887
36140221,0.125196,0.485327,-0.610090,-0.613656
36148554,0.125783,0.485194,-0.609310,-0.614416
36156887,0.126479,0.484975,-0.608070,-0.615673
36165220,0.126737,0.485346,-0.607538,-0.615853
36173553,0.127036,0.486409,-0.606774,-0.615706
36181886,0.128833,0.485989,-0.603830,-0.618552
36190219,0.130701,0.485691,-0.600584,-0.621547
36198552,0.132288,0.485600,-0.597580,-0.624172
36206885,0.133873,0.485411,-0.595205,-0.626247
36215218,0.136299,0.484544,-0.591634,-0.629769
36223551,0.139333,0.483954,-0.588126,-0.632837
36231884,0.143800,0.482936,-0.583050,-0.637297
36240217,0.149527,0.481634,-0.576976,-0.642471
36248550,0.155553,0.479866,-0.572185,-0.646635
36256883,0.163147,0.477052,-0.565903,-0.652348
36265216,0.172836,0.472505,-0.558983,-0.659094
36273549,0.179395,0.469660,-0.557073,-0.660990
36281882,0.186929,0.465172,-0.554035,-0.664618
36290215,0.195803,0.459865,-0.549459,-0.669537
36298548,0.206039,0.454150,-0.543353,-0.675324
36306881,0.215305,0.448250,-0.539598,-0.679374
36315214,0.228304,0.438624,-0.528474,-0.690073
36323547,0.241054,0.428812,-0.518487,-0.699417
36331880,0.253675,0.417892,-0.507381,-0.709634
36340213,0.263377,0.408202,-0.499568,-0.717242
36348546,0.272242,0.398202,-0.492780,-0.724215
36356879,0.281733,0.386875,-0.483249,-0.733093
36365212,0.290162,0.376022,-0.475370,-0.740565
36373545,0.297777,0.364695,-0.467054,-0.748457
36381878,0.304278,0.353665,-0.460398,-0.755228
36390211,0.309299,0.344693,-0.456463,-0.759712
36398544,0.314629,0.334487,-0.449956,-0.765942
36406877,0.317749,0.327622,-0.448850,-0.768266
36415210,0.321620,0.318740,-0.442568,-0.774014
36423543,0.325270,0.310612,-0.435951,-0.779529
36431876,0.327883,0.304102,-0.431665,-0.783377
36440209,0.330588,0.297652,-0.426646,-0.787457
36448542,0.332258,0.293078,-0.422904,-0.790482
36456875,0.334319,0.288181,-0.416882,-0.794602
36465208,0.335741,0.283751,-0.410925,-0.798689
36473541,0.336787,0.280485,-0.405496,-0.802169
36481874,0.337682,0.277544,-0.399241,-0.805944
36490207,0.338111,0.275432,-0.393188,-0.809457
36498540,0.338387,0.273518,-0.386173,-0.813358
36506873,0.337860,0.272896,-0.380217,-0.816586
36515206,0.337818,0.271903,-0.372646,-0.820416
36523539,0.337730,0.271256,-0.363841,-0.824608
36531872,0.337412,0.270670,-0.354416,-0.829024
36540205,0.335893,0.271572,-0.347644,-0.832207
36548538,0.334508,0.271697,-0.339635,-0.836022
36556871,0.333164,0.271950,-0.330937,-0.839956
36565204,0.331689,0.271968,-0.321951,-0.844016
36573537,0.330028,0.271845,-0.312520,-0.848241
36581870,0.328570,0.271636,-0.301871,-0.852719
36590203,0.326774,0.271664,-0.291582,-0.856970
36598536,0.324347,0.271749,-0.282594,-0.860867
36606869,0.321644,0.272538,-0.275567,-0.863905
36615202,0.319319,0.271625,-0.265054,-0.868333
36623535,0.316706,0.271948,-0.257450,-0.871471
36631868,0.313823,0.272826,-0.251516,-0.873968
36640201,0.310301,0.274048,-0.246665,-0.876223
36648534,0.307202,0.275080,-0.241148,-0.878524
36656867,0.303786,0.276115,-0.237736,-0.880316
36665200,0.300538,0.277737,-0.234854,-0.881693
36673533,0.297746,0.278560,-0.231004,-0.883396
36681866,0.294942,0.279063,-0.227288,-0.885140
36690199,0.291358,0.280619,-0.227282,-0.885837
36698532,0.288169,0.282140,-0.226601,-0.886571
36706865,0.285260,0.283442,-0.225835,-0.887291
36715198,0.281914,0.285084,-0.226524,-0.887659
36723531,0.279962,0.286227,-0.224433,-0.888440
36731864,0.277205,0.287943,-0.225831,-0.888395
36740197,0.275042,0.289328,-0.226057,-0.888560
36748530,0.273244,0.291647,-0.225530,-0.888491
36756863,0.271627,0.293403,-0.225008,-0.888541
36765196,0.270263,0.295197,-0.224661,-0.888450
36773529,0.269163,0.296904,-0.224004,-0.888381
36781862,0.268483,0.298732,-0.222744,-0.888291
36790195,0.268171,0.300337,-0.221096,-0.888256
36798528,0.267870,0.302076,-0.218352,-0.888436
36806861,0.267848,0.303339,-0.215115,-0.888802
36815194,0.267913,0.304685,-0.212163,-0.889031
36823527,0.269136,0.305333,-0.205941,-0.889902
36831860,0.270601,0.306260,-0.198773,-0.890769
36840193,0.271559,0.307155,-0.193468,-0.891337
36848526,0.272889,0.307549,-0.185978,-0.892389
36856859,0.274417,0.308441,-0.179551,-0.892928
36865192,0.276277,0.308715,-0.172230,-0.893702
36873525,0.277862,0.308933,-0.165418,-0.894422
36881858,0.280280,0.308532,-0.156502,-0.895410
36890191,0.281896,0.308711,-0.149735,-0.895998
36898524,0.283140,0.309244,-0.143507,-0.896440
36906857,0.284507,0.309916,-0.137657,-0.896693
36915190,0.285306,0.311267,-0.133611,-0.896583
36923523,0.285943,0.313117,-0.129748,-0.896304
36931856,0.285646,0.315788,-0.128607,-0.895625
36940189,0.285212,0.318847,-0.127268,-0.894871
36948522,0.284549,0.321762,-0.125529,-0.894284
36956855,0.283788,0.325197,-0.123783,-0.893526
36965188,0.283216,0.328896,-0.121897,-0.892613
36973521,0.282414,0.333044,-0.119543,-0.891647
36981854,0.281721,0.337092,-0.116277,-0.890776
36990187,0.280412,0.341920,-0.115012,-0.889512
36998520,0.278895,0.346879,-0.112771,-0.888356
37006853,0.277747,0.351919,-0.109634,-0.887125
37015186,0.276216,0.357702,-0.107985,-0.885491
37023519,0.274840,0.363893,-0.105272,-0.883721
37031852,0.274012,0.369989,-0.100961,-0.881948
37040185,0.272493,0.376484,-0.097891,-0.880014
37048518,0.272321,0.383142,-0.091661,-0.877862
37056851,0.273058,0.388968,-0.083066,-0.875924
37065184,0.272741,0.395450,-0.076306,-0.873733
37073517,0.272255,0.403127,-0.069852,-0.870912
37081850,0.272258,0.411166,-0.063696,-0.867618
37090183,0.271323,0.420733,-0.059325,-0.863625
37098516,0.270350,0.431067,-0.053085,-0.859229
37106849,0.271747,0.441160,-0.042736,-0.854228
37115182,0.275601,0.451574,-0.027849,-0.848145
37123515,0.274461,0.463133,-0.022616,-0.842418
37131848,0.268559,0.476240,-0.028372,-0.836820
37140181,0.261872,0.487688,-0.036543,-0.832014
37148514,0.259202,0.494388,-0.039757,-0.828743
37156847,0.261348,0.496988,-0.036833,-0.826646
37165180,0.262718,0.498328,-0.035212,-0.825475
37173513,0.262902,0.499550,-0.036659,-0.824614
37181846,0.263725,0.500283,-0.037812,-0.823855
37190179,0.264568,0.501134,-0.039380,-0.822993
37198512,0.265997,0.502189,-0.040710,-0.821824
37206845,0.266483,0.503417,-0.042531,-0.820822
37215178,0.268261,0.504793,-0.041843,-0.819432
37223511,0.270481,0.506906,-0.040969,-0.817440
37231844,0.272432,0.508839,-0.039874,-0.815643
37240177,0.274293,0.510638,-0.038656,-0.813952
37248510,0.275960,0.512344,-0.037869,-0.812352
37256843,0.278759,0.513644,-0.035259,-0.810691
37265176,0.280561,0.515241,-0.034248,-0.809098
37273509,0.281072,0.517266,-0.034893,-0.807600
37281842,0.282646,0.518657,-0.033893,-0.806199
37290175,0.284047,0.520157,-0.032656,-0.804790
37298508,0.284856,0.521945,-0.032143,-0.803366
37306841,0.285692,0.523618,-0.031473,-0.802006
37315174,0.286488,0.525430,-0.030621,-0.800569
37323507,0.287157,0.527324,-0.029699,-0.799117
37331840,0.287743,0.529131,-0.028745,-0.797746
37340173,0.288239,0.530837,-0.028094,-0.796455
37348506,0.288964,0.532346,-0.027070,-0.795220
37356839,0.289827,0.533598,-0.025760,-0.794110
37365172,0.290269,0.534864,-0.024895,-0.793123
37373505,0.290258,0.536227,-0.024972,-0.792204
37381838,0.290860,0.537466,-0.024083,-0.791171
37390171,0.291370,0.538609,-0.023527,-0.790222
37398504,0.291637,0.539717,-0.023458,-0.789369
37406837,0.291932,0.540993,-0.023469,-0.788385
37415170,0.292087,0.541802,-0.023275,-0.787778
37423503,0.292517,0.542270,-0.022531,-0.787318
37431836,0.292704,0.543121,-0.022298,-0.786668
37440169,0.293107,0.543694,-0.021916,-0.786133
37448502,0.293053,0.544096,-0.021841,-0.785877
37456835,0.293195,0.544775,-0.021904,-0.785352
37465168,0.292835,0.545352,-0.022458,-0.785070
37473501,0.292731,0.545770,-0.022629,-0.784813
37481834,0.292838,0.546089,-0.022419,-0.784557
37490167,0.292794,0.546402,-0.022530,-0.784353
37498500,0.292504,0.546544,-0.023066,-0.784346
37506833,0.292326,0.546750,-0.023403,-0.784259
37515166,0.292032,0.547002,-0.023674,-0.784185
37523499,0.291539,0.547353,-0.024338,-0.784103
37531832,0.291456,0.547614,-0.024617,-0.783943
37540165,0.290922,0.548066,-0.025240,-0.783805
37548498,0.290552,0.548418,-0.025619,-0.783684
37556831,0.290446,0.548780,-0.025590,-0.783471
37565164,0.290294,0.549206,-0.025671,-0.783226
37573497,0.290223,0.549634,-0.025669,-0.782952
37581830,0.290296,0.550000,-0.025648,-0.782668
37590163,0.290044,0.550542,-0.025817,-0.782375
37598496,0.289914,0.550847,-0.025834,-0.782208
37606829,0.289679,0.551264,-0.025982,-0.781997
37615162,0.289194,0.551932,-0.026310,-0.781694
37623495,0.288971,0.552430,-0.026493,-0.781419
37631828,0.288625,0.552939,-0.026806,-0.781176
37640161,0.288864,0.553212,-0.026756,-0.780896
37648494,0.288740,0.553742,-0.027165,-0.780552
37656827,0.288604,0.554239,-0.027202,-0.780248
37665160,0.288084,0.554858,-0.027824,-0.779979
37673493,0.288084,0.555201,-0.027832,-0.779734
37681826,0.288032,0.555660,-0.027908,-0.779423
37690159,0.287989,0.556033,-0.028001,-0.779170
37698492,0.287624,0.556490,-0.028504,-0.778960
37706825,0.287615,0.556714,-0.028369,-0.778808
37715158,0.287381,0.557156,-0.028686,-0.778567
37723491,0.287302,0.557476,-0.028741,-0.778365
37731824,0.287199,0.557726,-0.028975,-0.778215
37740157,0.286925,0.558023,-0.029202,-0.778095
37748490,0.286889,0.558187,-0.029292,-0.777987
37756823,0.286595,0.558481,-0.029732,-0.777868
37765156,0.286404,0.558855,-0.030055,-0.777657
37773489,0.286370,0.559124,-0.030131,-0.777473
37781822,0.286348,0.559044,-0.029931,-0.777547
37790155,0.286339,0.559135,-0.029871,-0.777487
37798488,0.286524,0.559308,-0.029961,-0.777290
37806821,0.286516,0.559474,-0.029954,-0.777175
37815154,0.286463,0.559825,-0.029966,-0.776941
37823487,0.286368,0.560043,-0.030180,-0.776811
37831820,0.286328,0.559849,-0.029928,-0.776975
37840153,0.286309,0.560160,-0.030021,-0.776754
37848486,0.286142,0.560370,-0.030160,-0.776658
37856819,0.286068,0.560155,-0.029907,-0.776851
37865152,0.286056,0.560210,-0.029697,-0.776823
37873485,0.285985,0.560257,-0.029636,-0.776818
37881818,0.285777,0.560685,-0.029847,-0.776578
37890151,0.285734,0.560794,-0.029787,-0.776517
37898484,0.285589,0.560829,-0.029779,-0.776545
37906817,0.285589,0.560742,-0.029965,-0.776601
37915150,0.285413,0.560526,-0.029818,-0.776827
37923483,0.285193,0.560690,-0.030024,-0.776782
37931816,0.285078,0.560685,-0.029810,-0.776836
37940149,0.285072,0.560587,-0.029570,-0.776918
37948482,0.285057,0.560856,-0.029707,-0.776724
37956815,0.284930,0.560738,-0.029579,-0.776861
37965148,0.284824,0.560552,-0.029438,-0.777039
37973481,0.284705,0.560760,-0.029645,-0.776925
37981814,0.284602,0.560825,-0.029757,-0.776911
37990147,0.284620,0.560612,-0.029362,-0.777073
37998480,0.284457,0.560765,-0.029436,-0.777020
38006813,0.284009,0.561055,-0.029883,-0.776958
38015146,0.284006,0.560894,-0.029394,-0.777093
38023479,0.284234,0.560701,-0.028915,-0.777168
38031812,0.284282,0.560978,-0.028912,-0.776950
38040145,0.284130,0.561245,-0.028909,-0.776813
38048478,0.284052,0.561370,-0.028788,-0.776756
38056811,0.283936,0.561549,-0.028763,-0.776670
38065144,0.283672,0.561787,-0.028856,-0.776591
38073477,0.283792,0.561913,-0.028461,-0.776470
38081810,0.283856,0.562062,-0.028191,-0.776349
38090143,0.283830,0.562165,-0.028009,-0.776290
38098476,0.283996,0.562407,-0.027800,-0.776061
38106809,0.284118,0.562718,-0.027449,-0.775804
38115142,0.284385,0.562823,-0.027022,-0.775645
38123475,0.284881,0.563017,-0.026153,-0.775352
38131808,0.285647,0.563145,-0.025237,-0.775008
38140141,0.286921,0.563220,-0.023448,-0.774539
38148474,0.288680,0.563326,-0.021392,-0.773867
38156807,0.289848,0.563738,-0.019848,-0.773171
38165140,0.291457,0.563943,-0.017726,-0.772468
38173473,0.293181,0.564398,-0.015763,-0.771525
38181806,0.294486,0.565339,-0.014300,-0.770367
38190139,0.296145,0.566688,-0.012507,-0.768769
38198472,0.298236,0.567967,-0.009911,-0.767053
38206805,0.301586,0.568940,-0.005462,-0.765064
38215138,0.306062,0.569817,0.000259,-0.762650
38223471,0.311107,0.570442,0.006598,-0.760108
38231804,0.317289,0.570400,0.014599,-0.757469
38240137,0.323779,0.570148,0.023137,-0.754694
38248470,0.329048,0.570781,0.029355,-0.751715
38256803,0.335105,0.570412,0.037211,-0.748966
38265136,0.340497,0.570809,0.043060,-0.745912
38273469,0.344926,0.571552,0.047745,-0.743017
38281802,0.348713,0.572664,0.050986,-0.740173
38290135,0.352496,0.574380,0.054245,-0.736812
38298468,0.356337,0.576210,0.057644,-0.733269
38306801,0.360118,0.578141,0.061143,-0.729610
38315134,0.363074,0.581342,0.062762,-0.725452
38323467,0.366104,0.584802,0.064708,-0.720963
38331800,0.368230,0.588555,0.066185,-0.716679
38340133,0.369292,0.593397,0.065361,-0.712202
38348466,0.369648,0.598472,0.064127,-0.707869
38356799,0.370622,0.602771,0.063853,-0.703725
38365132,0.370791,0.607457,0.061740,-0.699785
38373465,0.370529,0.612584,0.059442,-0.695640
38381798,0.370448,0.616903,0.058074,-0.691973
38390131,0.370452,0.620650,0.056679,-0.688728
38398464,0.370238,0.624787,0.055213,-0.685213
38406797,0.369903,0.629011,0.053669,-0.681642
38415130,0.370795,0.631834,0.053960,-0.678516
38423463,0.370844,0.635377,0.053102,-0.675242
38431796,0.371134,0.639051,0.052432,-0.671658
38440129,0.372823,0.641270,0.053485,-0.668517
38448462,0.374330,0.643833,0.053967,-0.665165
38456795,0.373906,0.647094,0.052504,-0.662349
38465128,0.376183,0.648873,0.053420,-0.659239
38473461,0.379199,0.649854,0.054583,-0.656444
38481794,0.381005,0.651431,0.054294,-0.653853
38490127,0.381995,0.653161,0.052571,-0.651688
38498460,0.382095,0.655187,0.050567,-0.649751
38506793,0.382845,0.656804,0.049997,-0.647718
38515126,0.382698,0.659135,0.048725,-0.645530
38523459,0.382330,0.661534,0.048102,-0.643337
38531792,0.382480,0.662946,0.049184,-0.641711
38540125,0.382398,0.664673,0.050667,-0.639855
38548458,0.381638,0.666551,0.051430,-0.638292
38556791,0.380318,0.668482,0.051650,-0.637042
38565124,0.380179,0.669716,0.052913,-0.635724
38573457,0.380080,0.670733,0.054543,-0.634572
38581790,0.378849,0.672314,0.054779,-0.633614
38590123,0.375916,0.675419,0.053408,-0.632175
38598456,0.373841,0.677291,0.053665,-0.631379
38606789,0.371995,0.679238,0.053675,-0.630377
38615122,0.370099,0.680651,0.053813,-0.629957
38623455,0.367387,0.682604,0.053587,-0.629450
38631788,0.364239,0.684610,0.052735,-0.629173
38640121,0.361286,0.686337,0.052512,-0.629013
38648454,0.358014,0.688103,0.052581,-0.628948
38656787,0.355651,0.689086,0.053312,-0.629150
38665120,0.351618,0.691336,0.053243,-0.628955
38673453,0.348448,0.692698,0.054151,-0.629143
38681786,0.343983,0.694652,0.054636,-0.629404
38690119,0.338954,0.696861,0.056460,-0.629529
38698452,0.334277,0.697403,0.056741,-0.631402
38706785,0.329724,0.698388,0.058471,-0.632548
38715118,0.323540,0.700213,0.060333,-0.633548
38723451,0.317108,0.701938,0.061487,-0.634780
38731784,0.311756,0.702589,0.063950,-0.636465
38740117,0.305580,0.703234,0.065041,-0.638633
38748450,0.299719,0.703639,0.066940,-0.640764
38756783,0.294035,0.704375,0.069724,-0.642291
38765116,0.286798,0.705229,0.070640,-0.644523
38773449,0.279894,0.705586,0.071977,-0.647013
38781782,0.273225,0.705693,0.072564,-0.649677
38790115,0.267672,0.705527,0.074045,-0.651997
38798448,0.260932,0.705397,0.074509,-0.654811
38806781,0.256337,0.704528,0.077584,-0.657201
38815114,0.251741,0.703536,0.080085,-0.659734
38823447,0.248395,0.702099,0.084062,-0.662035
38831780,0.244528,0.700489,0.087110,-0.664780
38840113,0.241665,0.698680,0.091234,-0.667174
38848446,0.239222,0.696739,0.095394,-0.669498
38856779,0.235686,0.695018,0.098039,-0.672153
38865112,0.234716,0.692396,0.102910,-0.674467
38873445,0.231631,0.690711,0.104356,-0.677034
38881778,0.230535,0.688128,0.107778,-0.679498
38890111,0.231690,0.684831,0.112788,-0.681620
38898444,0.232163,0.681438,0.116896,-0.684162
38906777,0.234487,0.677725,0.121739,-0.686210
38915110,0.238254,0.673552,0.128368,-0.687811
38923443,0.246101,0.667797,0.138753,-0.688643
38931776,0.250923,0.662690,0.145580,-0.690424
38940109,0.257065,0.656790,0.151618,-0.692500
38948442,0.263982,0.650291,0.157965,-0.694609
38956775,0.271888,0.643327,0.163651,-0.696725
38965108,0.277721,0.637334,0.167717,-0.698961
38973441,0.284232,0.630750,0.169770,-0.701815
38981774,0.287587,0.625486,0.168290,-0.705506
38990107,0.293045,0.619463,0.168228,-0.708583
38998440,0.297246,0.614071,0.166524,-0.711920
39006773,0.300511,0.608294,0.164549,-0.715958
39015106,0.304244,0.602252,0.163353,-0.719752
39023439,0.306479,0.596560,0.161659,-0.723916
39031772,0.308275,0.591390,0.159155,-0.727938
39040105,0.308675,0.586807,0.154563,-0.732453
39048438,0.307375,0.583088,0.147882,-0.737333
39056771,0.307370,0.578978,0.141752,-0.741765
39065104,0.307181,0.575487,0.134023,-0.745984
39073437,0.305754,0.572388,0.124463,-0.750597
39081770,0.302923,0.570398,0.112161,-0.755185
39090103,0.298598,0.568671,0.097811,-0.760188
39098436,0.296222,0.565780,0.085182,-0.764780
39106769,0.293658,0.562629,0.072258,-0.769410
39115102,0.292790,0.557959,0.060951,-0.774106
39123435,0.292979,0.552800,0.050764,-0.778459
39131768,0.292788,0.547743,0.040291,-0.782706
39140101,0.294320,0.541913,0.032339,-0.786550
39148434,0.297716,0.535542,0.026821,-0.789836
39156767,0.302389,0.528770,0.023137,-0.792735
39165100,0.306002,0.522669,0.018274,-0.795517
39173433,0.310238,0.516657,0.014422,-0.797879
39181766,0.314550,0.510646,0.011024,-0.800111
39190099,0.317941,0.505272,0.005682,-0.802235
39198432,0.321576,0.499243,0.000907,-0.804577
39206765,0.322870,0.494650,-0.005961,-0.806871
39215098,0.325546,0.489448,-0.011459,-0.808906
39223431,0.326432,0.485176,-0.018922,-0.810980
39231764,0.327174,0.480982,-0.026260,-0.812972
39240097,0.327485,0.476852,-0.033553,-0.815009
39248430,0.327351,0.472875,-0.041570,-0.817008
39256763,0.327486,0.468944,-0.048367,-0.818844
39265096,0.327948,0.464722,-0.053875,-0.820720
39273429,0.328086,0.460675,-0.059264,-0.822573
39281762,0.328536,0.456405,-0.063221,-0.824476
39290095,0.329044,0.452021,-0.066566,-0.826424
39298428,0.329281,0.447713,-0.069076,-0.828466
39306761,0.328629,0.443898,-0.072619,-0.830472
39315094,0.327135,0.440614,-0.076679,-0.832444
39323427,0.325230,0.437833,-0.081304,-0.834217
39331760,0.324345,0.434628,-0.083799,-0.835988
39340093,0.322279,0.432302,-0.086755,-0.837690
39348426,0.319056,0.430686,-0.091287,-0.839273
39356759,0.314320,0.430050,-0.097585,-0.840677
39365092,0.309286,0.429650,-0.103479,-0.842042
39373425,0.303765,0.429965,-0.110096,-0.843052
39381758,0.298722,0.430247,-0.115428,-0.843996
39390091,0.292594,0.430932,-0.121874,-0.844887
39398424,0.285967,0.431454,-0.127802,-0.846013
39406757,0.280161,0.432225,-0.132958,-0.846767
39415090,0.274347,0.433095,-0.136864,-0.847603
39423423,0.267193,0.433965,-0.142048,-0.848590
39431756,0.261161,0.435071,-0.144825,-0.849432
39440089,0.255456,0.435840,-0.146543,-0.850477
39448422,0.247732,0.437501,-0.151521,-0.851037
39456755,0.239982,0.438891,-0.155677,-0.851791
39465088,0.231978,0.440740,-0.159716,-0.852306
39473421,0.223560,0.443187,-0.164315,-0.852413
39481754,0.213587,0.446033,-0.170440,-0.852282
39490087,0.203829,0.448632,-0.176241,-0.852128
39498420,0.193428,0.451558,-0.182069,-0.851781
39506753,0.182876,0.454973,-0.187526,-0.851111
39515086,0.171485,0.458506,-0.193769,-0.850188
39523419,0.159433,0.462112,-0.200534,-0.849011
39531752,0.147712,0.465701,-0.205986,-0.847864
39540085,0.135736,0.469803,-0.211237,-0.846310
39548418,0.123554,0.473961,-0.217377,-0.844300
39556751,0.109416,0.478452,-0.224975,-0.841723
39565084,0.095651,0.482750,-0.231627,-0.839138
39573417,0.082439,0.486827,-0.236804,-0.836736
39581750,0.068746,0.490960,-0.242135,-0.834028
39590083,0.055684,0.495128,-0.246071,-0.831382
39598416,0.041983,0.499474,-0.250202,-0.828349
39606749,0.027718,0.503544,-0.254705,-0.825106
39615082,0.014988,0.507762,-0.256153,-0.822398
39623415,0.002137,0.511710,-0.258205,-0.819438
39631748,-0.010268,0.515985,-0.259738,-0.816205
39640081,-0.023481,0.520075,-0.261967,-0.812616
39648414,-0.034885,0.523884,-0.261616,-0.809868
39656747,-0.046996,0.527736,-0.262259,-0.806540
39665080,-0.057243,0.531787,-0.260175,-0.803888
39673413,-0.069764,0.535344,-0.261100,-0.800229
39681746,-0.079085,0.539528,-0.257912,-0.797582
39690079,-0.087430,0.543556,-0.253541,-0.795374
39698412,-0.095986,0.547249,-0.250548,-0.792800
39706745,-0.102928,0.550919,-0.245938,-0.790828
39715078,-0.111779,0.554476,-0.243163,-0.787993
39723411,-0.118691,0.557734,-0.239492,-0.785805
39731744,-0.125762,0.560551,-0.236954,-0.783467
39740077,-0.131092,0.563729,-0.232556,-0.781628
39748410,-0.137775,0.566250,-0.230574,-0.779240
39756743,-0.142312,0.568968,-0.226728,-0.777571
39765076,-0.147451,0.571700,-0.224160,-0.775351
39773409,-0.152712,0.573602,-0.222584,-0.773380
39781742,-0.158881,0.575368,-0.222328,-0.770894
39790075,-0.163052,0.577276,-0.220718,-0.769058
39798408,-0.168061,0.578461,-0.221069,-0.766986
39806741,-0.173255,0.579323,-0.222171,-0.764858
39815074,-0.176800,0.580347,-0.222241,-0.763248
39823407,-0.180836,0.580890,-0.222902,-0.761695
39831740,-0.185004,0.581423,-0.223774,-0.760030
39840073,-0.189862,0.581476,-0.226259,-0.758054
39848406,-0.192491,0.582163,-0.226172,-0.756888
39856739,-0.197146,0.581983,-0.229111,-0.754942
39865072,-0.197507,0.583117,-0.227120,-0.754574
39873405,-0.200245,0.583545,-0.227155,-0.753511
39881738,-0.204223,0.583023,-0.229474,-0.752142
39890071,-0.207283,0.582855,-0.230869,-0.751009
39898404,-0.208600,0.583028,-0.230734,-0.750551
39906737,-0.209437,0.583375,-0.229914,-0.750299
39915070,-0.212172,0.583045,-0.231493,-0.749301
39923403,-0.214884,0.583025,-0.231999,-0.748387
39931736,-0.215961,0.582952,-0.231673,-0.748235
39940069,-0.216900,0.582881,-0.231242,-0.748152
39948402,-0.218295,0.582554,-0.231535,-0.747911
39956735,-0.220468,0.581960,-0.232239,-0.747517
39965068,-0.221084,0.581648,-0.231835,-0.747704
39973401,-0.221300,0.581283,-0.231482,-0.748033
39981734,-0.221526,0.580669,-0.231433,-0.748457
39990067,-0.221396,0.579869,-0.231835,-0.748992
39998400,-0.221262,0.578967,-0.232346,-0.749571
40006733,-0.221946,0.577916,-0.233806,-0.749725
40015066,-0.222724,0.576473,-0.235983,-0.749923
40023399,-0.222387,0.575473,-0.236711,-0.750562
40031732,-0.221444,0.574365,-0.237521,-0.751433
40040065,-0.220881,0.573393,-0.239057,-0.751854
40048398,-0.221123,0.571500,-0.241891,-0.752317
40056731,-0.219899,0.570138,-0.243200,-0.753287
40065064,-0.217993,0.568860,-0.243720,-0.754638
40073397,-0.216580,0.567422,-0.245426,-0.755573
40081730,-0.215222,0.565594,-0.248189,-0.756429
40090063,-0.213916,0.564040,-0.250449,-0.757215
40098396,-0.212272,0.561894,-0.252985,-0.758429
40106729,-0.206772,0.561209,-0.251614,-0.760908
40115062,-0.203405,0.560173,-0.252322,-0.762343
40123395,-0.200915,0.557918,-0.254916,-0.763792
40131728,-0.197503,0.556131,-0.256459,-0.765467
40140061,-0.192714,0.554913,-0.256487,-0.767559
40148394,-0.189267,0.552631,-0.258883,-0.769257
40156727,-0.184187,0.551240,-0.258993,-0.771449
40165060,-0.179299,0.550062,-0.259361,-0.773315
40173393,-0.174729,0.548502,-0.260126,-0.775209
40181726,-0.170626,0.546714,-0.261590,-0.776892
40190059,-0.165411,0.545263,-0.261813,-0.778962
40198392,-0.161159,0.543644,-0.262961,-0.780596
40206725,-0.156955,0.542031,-0.264222,-0.782147
40215058,-0.152923,0.540027,-0.266447,-0.783576
40223391,-0.147273,0.538783,-0.266240,-0.785582
40231724,-0.141940,0.537723,-0.266148,-0.787320
40240057,-0.137202,0.536184,-0.266792,-0.788990
40248390,-0.133229,0.534488,-0.268644,-0.790192
40256723,-0.129464,0.532755,-0.271046,-0.791167
40265056,-0.126069,0.531213,-0.273323,-0.791968
40273389,-0.120469,0.530163,-0.272581,-0.793797
40281722,-0.117011,0.528564,-0.274895,-0.794582
40290055,-0.113995,0.527158,-0.277401,-0.795084
40298388,-0.108979,0.525968,-0.277565,-0.796517
40306721,-0.104888,0.524820,-0.278045,-0.797655
40315054,-0.101361,0.523780,-0.279569,-0.798261
40323387,-0.098048,0.522514,-0.281663,-0.798769
40331720,-0.094668,0.521328,-0.283250,-0.799390
40340053,-0.090620,0.520520,-0.283896,-0.800156
40348386,-0.086208,0.519856,-0.283345,-0.801270
40356719,-0.081531,0.519487,-0.282684,-0.802232
40365052,-0.078344,0.519016,-0.283767,-0.802471
40373385,-0.074568,0.518517,-0.283437,-0.803271
40381718,-0.071437,0.517886,-0.284076,-0.803736
40390051,-0.068177,0.517782,-0.284613,-0.803896
40398384,-0.064689,0.517640,-0.284580,-0.804287
40406717,-0.062110,0.517526,-0.285109,-0.804377
40415050,-0.059150,0.517652,-0.285341,-0.804436
40423383,-0.056273,0.517733,-0.285592,-0.804502
40431716,-0.053630,0.517980,-0.285821,-0.804442
40440049,-0.050970,0.518471,-0.285542,-0.804398
40448382,-0.048111,0.519221,-0.284774,-0.804362
40456715,-0.045826,0.519931,-0.284649,-0.804081
40465048,-0.043645,0.520692,-0.284333,-0.803822
40473381,-0.041141,0.521475,-0.283586,-0.803710
40481714,-0.038062,0.522593,-0.281538,-0.803856
40490047,-0.035618,0.523831,-0.280028,-0.803689
40498380,-0.033061,0.524996,-0.278428,-0.803594
40506713,-0.030746,0.526283,-0.276904,-0.803371
40515046,-0.029971,0.527659,-0.276719,-0.802561
40523379,-0.028782,0.529004,-0.276373,-0.801838
40531712,-0.027031,0.530615,-0.275426,-0.801160
40540045,-0.024837,0.532246,-0.273727,-0.800732
40548378,-0.023448,0.533897,-0.272447,-0.800110
40556711,-0.022528,0.535591,-0.271369,-0.799371
40565044,-0.021361,0.537594,-0.269677,-0.798630
40573377,-0.020269,0.539591,-0.268198,-0.797810
40581710,-0.019327,0.541604,-0.267008,-0.796868
40590043,-0.018038,0.543510,-0.265310,-0.796167
40598376,-0.017502,0.545598,-0.263969,-0.795196
40606709,-0.016672,0.547706,-0.262169,-0.794360
40615042,-0.015495,0.550045,-0.259854,-0.793528
40623375,-0.014486,0.552472,-0.257155,-0.792740
40631708,-0.013536,0.554942,-0.254621,-0.791849
40640041,-0.012584,0.557252,-0.251971,-0.791089
40648374,-0.011815,0.559544,-0.249772,-0.790180
40656707,-0.010693,0.561908,-0.246926,-0.789413
40665040,-0.009335,0.564326,-0.243710,-0.788704
40673373,-0.008900,0.566695,-0.240807,-0.787902
40681706,-0.007845,0.569248,-0.237396,-0.787107
40690039,-0.006773,0.571487,-0.234066,-0.786492
40698372,-0.006194,0.573630,-0.231455,-0.785709
40706705,-0.005552,0.575955,-0.228564,-0.784859
40715038,-0.004858,0.578372,-0.225569,-0.783952
40723371,-0.004649,0.581002,-0.222833,-0.782790
40731704,-0.003887,0.583075,-0.219564,-0.782176
40740037,-0.003271,0.585280,-0.216552,-0.781372
40748370,-0.002223,0.587449,-0.212369,-0.780896
40756703,-0.000683,0.589580,-0.208125,-0.780435
40765036,0.000328,0.591796,-0.204476,-0.779723
40773369,-0.000106,0.593715,-0.202253,-0.778843
40781702,0.001257,0.595579,-0.198155,-0.778472
40790035,0.003445,0.597573,-0.193498,-0.778109
40798368,0.003844,0.599459,-0.190826,-0.777315
40806701,0.005068,0.600992,-0.187065,-0.777039
40815034,0.005709,0.602469,-0.184363,-0.776536
40823367,0.007108,0.603686,-0.180867,-0.776402
40831700,0.008765,0.605195,-0.177116,-0.776075
40840033,0.009909,0.606465,-0.174119,-0.775748
40848366,0.011039,0.607663,-0.171351,-0.775411
40856699,0.012897,0.608684,-0.168850,-0.775130
40865032,0.014155,0.609396,-0.166672,-0.775021
40873365,0.015254,0.610042,-0.164499,-0.774956
40881698,0.016371,0.610767,-0.162151,-0.774856
40890031,0.018090,0.611214,-0.159810,-0.774952
40898364,0.019359,0.611603,-0.158221,-0.774941
40906697,0.020847,0.612146,-0.156476,-0.774828
40915030,0.021888,0.612517,-0.155501,-0.774702
40923363,0.023732,0.612634,-0.153414,-0.774971
40931696,0.025388,0.612662,-0.151817,-0.775211
40940029,0.026561,0.612787,-0.151323,-0.775169
40948362,0.028511,0.612734,-0.149749,-0.775448
40956695,0.030319,0.612693,-0.148716,-0.775610
40965028,0.032152,0.612294,-0.147608,-0.776064
40973361,0.033972,0.611965,-0.147120,-0.776338
40981694,0.035802,0.611888,-0.145983,-0.776531
40990027,0.037146,0.611592,-0.144960,-0.776893
40998360,0.038914,0.611057,-0.144459,-0.777320
41006693,0.040557,0.610583,-0.143546,-0.777778
41015026,0.042187,0.610014,-0.142911,-0.778254
41023359,0.043765,0.609407,-0.142437,-0.778729
41031692,0.046246,0.608695,-0.141109,-0.779384
41040025,0.047053,0.608009,-0.141739,-0.779757
41048358,0.048377,0.607289,-0.141667,-0.780250
41056691,0.050081,0.606316,-0.141255,-0.780973
41065024,0.051653,0.605419,-0.141309,-0.781557
41073357,0.053232,0.604412,-0.140867,-0.782310
41081690,0.054427,0.603419,-0.141398,-0.782898
41090023,0.055743,0.602418,-0.141600,-0.783540
41098356,0.057122,0.601132,-0.141895,-0.784374
41106689,0.058253,0.600066,-0.142530,-0.784992
41115022,0.059344,0.598969,-0.143252,-0.785617
41123355,0.060048,0.597814,-0.144839,-0.786151
41131688,0.061488,0.596585,-0.145843,-0.786788
41140021,0.062518,0.595614,-0.147465,-0.787140
41148354,0.063291,0.594421,-0.149018,-0.787687
41156687,0.063454,0.593390,-0.151772,-0.787926
41165020,0.064294,0.592277,-0.153778,-0.788306
41173353,0.065641,0.591213,-0.155492,-0.788658
41181686,0.066862,0.590122,-0.157338,-0.789006
41190019,0.067877,0.589039,-0.159820,-0.789229
41198352,0.068823,0.587946,-0.162115,-0.789494
41206685,0.070160,0.587060,-0.164275,-0.789590
41215018,0.071656,0.586141,-0.166293,-0.789716
41223351,0.073246,0.585188,-0.168034,-0.789908
41231684,0.073123,0.584564,-0.171176,-0.789706
41240017,0.073835,0.583873,-0.174080,-0.789517
41248350,0.074465,0.583369,-0.177090,-0.789161
41256683,0.075917,0.582730,-0.178730,-0.789125
41265016,0.077238,0.582290,-0.180640,-0.788887
41273349,0.077878,0.581867,-0.183354,-0.788509
41281682,0.079522,0.581465,-0.184692,-0.788330
41290015,0.080750,0.581135,-0.186262,-0.788079
41298348,0.082179,0.580778,-0.187919,-0.787801
41306681,0.083308,0.580732,-0.189360,-0.787371
41315014,0.085322,0.580746,-0.189718,-0.787059
41323347,0.086313,0.580777,-0.190676,-0.786696
41331680,0.088428,0.580501,-0.190510,-0.786705
41340013,0.089695,0.580517,-0.191594,-0.786287
41348346,0.091054,0.580645,-0.191980,-0.785942
41356679,0.091829,0.581012,-0.192712,-0.785401
41365012,0.092489,0.581211,-0.193016,-0.785102
41373345,0.093232,0.581253,-0.193051,-0.784974
41381678,0.094027,0.581595,-0.193184,-0.784593
41390011,0.095196,0.581935,-0.192635,-0.784335
41398344,0.095485,0.582436,-0.193088,-0.783816
41406677,0.095492,0.582878,-0.193434,-0.783401
41415010,0.095393,0.583427,-0.193509,-0.782987
41423343,0.094358,0.583854,-0.194391,-0.782574
41431676,0.093662,0.584378,-0.195028,-0.782109
41440009,0.093100,0.584993,-0.194758,-0.781783
41448342,0.092227,0.585773,-0.194959,-0.781253
41456675,0.091210,0.586719,-0.195066,-0.780635
41465008,0.090733,0.587459,-0.194633,-0.780242
41473341,0.089863,0.588139,-0.194482,-0.779868
41481674,0.089264,0.588911,-0.193823,-0.779518
41490007,0.087260,0.589921,-0.194248,-0.778876
41498340,0.085836,0.590777,-0.193718,-0.778517
41506673,0.084762,0.591653,-0.193141,-0.778112
41515006,0.082989,0.592546,-0.193534,-0.777526
41523339,0.081122,0.593575,-0.193643,-0.776911
41531672,0.079589,0.594559,-0.193034,-0.776469
41540005,0.078147,0.595418,-0.192299,-0.776139
41548338,0.076941,0.596273,-0.191114,-0.775896
41556671,0.075336,0.597192,-0.190448,-0.775510
41565004,0.073281,0.598069,-0.190248,-0.775080
41573337,0.071626,0.599181,-0.189409,-0.774582
41581670,0.069729,0.600019,-0.188894,-0.774231
41590003,0.068260,0.600784,-0.187762,-0.774044
41598336,0.066258,0.601677,-0.187157,-0.773671
41606669,0.063888,0.602598,-0.186728,-0.773257
41615002,0.062925,0.603378,-0.185368,-0.773055
41623335,0.061341,0.604278,-0.183799,-0.772854
41631668,0.059206,0.605195,-0.183255,-0.772432
41640001,0.058043,0.606072,-0.181792,-0.772178
41648334,0.056433,0.606780,-0.180922,-0.771946
41656667,0.053989,0.607612,-0.180674,-0.771525
41665000,0.052026,0.608369,-0.179913,-0.771240
41673333,0.050975,0.609113,-0.178068,-0.771152
41681666,0.049984,0.609783,-0.176325,-0.771088
41689999,0.048893,0.610403,-0.174460,-0.771091
41698332,0.047335,0.611055,-0.173266,-0.770941
41706665,0.045611,0.611668,-0.172067,-0.770827
41714998,0.043782,0.612231,-0.171305,-0.770656
41723331,0.042577,0.612735,-0.169876,-0.770639
41731664,0.041317,0.613119,-0.168805,-0.770638
41739997,0.040057,0.613567,-0.167613,-0.770608
41748330,0.038483,0.613876,-0.166503,-0.770683
41756663,0.036895,0.614147,-0.165938,-0.770666
41764996,0.035711,0.614400,-0.164720,-0.770782
41773329,0.034734,0.614499,-0.163648,-0.770976
41781662,0.033564,0.614560,-0.162607,-0.771199
41789995,0.031917,0.614614,-0.162122,-0.771328
41798328,0.030339,0.614752,-0.161937,-0.771321
41806661,0.029250,0.614865,-0.161607,-0.771342
41814994,0.027885,0.614766,-0.161508,-0.771492
41823327,0.027316,0.614569,-0.160387,-0.771903
41831660,0.026563,0.614306,-0.159548,-0.772312
41839993,0.025290,0.614108,-0.159402,-0.772543
41848326,0.024668,0.613963,-0.158982,-0.772765
41856659,0.023810,0.613762,-0.159163,-0.772915
41864992,0.022657,0.613428,-0.159430,-0.773159
41873325,0.021725,0.613191,-0.159469,-0.773366
41881658,0.020725,0.612972,-0.159759,-0.773507
41889991,0.020187,0.612746,-0.159856,-0.773680
41898324,0.019224,0.612435,-0.160617,-0.773793
41906657,0.018756,0.612089,-0.160544,-0.774094
41914990,0.018560,0.611815,-0.160496,-0.774325
41923323,0.018595,0.611515,-0.160112,-0.774640
41931656,0.018788,0.611184,-0.159973,-0.774926
41939989,0.018463,0.610905,-0.160418,-0.775061
41948322,0.018709,0.610558,-0.160781,-0.775254
41956655,0.018969,0.610222,-0.160921,-0.775482
41964988,0.020089,0.609888,-0.160268,-0.775853
41973321,0.020769,0.609659,-0.160013,-0.776067
41981654,0.021358,0.609401,-0.160071,-0.776242
41989987,0.022112,0.608985,-0.160193,-0.776522
41998320,0.022581,0.608620,-0.160775,-0.776674
42006653,0.023240,0.608243,-0.161060,-0.776891
42014986,0.023662,0.607812,-0.161612,-0.777101
42023319,0.024054,0.607377,-0.162442,-0.777256
42031652,0.024580,0.607052,-0.162887,-0.777400
42039985,0.025281,0.606660,-0.163311,-0.777595
42048318,0.025925,0.606268,-0.164038,-0.777727
42056651,0.026569,0.605904,-0.164956,-0.777794
42064984,0.027302,0.605471,-0.165300,-0.778033
42073317,0.027937,0.605025,-0.165913,-0.778227
42081650,0.029283,0.604778,-0.166230,-0.778302
42089983,0.030522,0.604476,-0.166813,-0.778364
42098316,0.031754,0.604238,-0.166806,-0.778501
42106649,0.032149,0.603938,-0.167713,-0.778523
42114982,0.033267,0.603660,-0.168258,-0.778574
42123315,0.034063,0.603360,-0.168964,-0.778619
42131648,0.034979,0.603044,-0.169476,-0.778712
42139981,0.036021,0.602989,-0.169884,-0.778618
42148314,0.037077,0.602867,-0.170377,-0.778555
42156647,0.038890,0.602542,-0.169989,-0.778803
42164980,0.039451,0.602150,-0.171020,-0.778853
42173313,0.040029,0.602147,-0.172140,-0.778579
42181646,0.041310,0.601784,-0.172003,-0.778822
42189979,0.042785,0.601545,-0.171674,-0.779000
42198312,0.043184,0.601264,-0.172683,-0.778972
42206645,0.043922,0.601115,-0.173072,-0.778959
42214978,0.045124,0.601000,-0.172935,-0.779010
42223311,0.045430,0.600999,-0.174023,-0.778751
42231644,0.046236,0.600794,-0.174264,-0.778807
42239977,0.047368,0.600612,-0.173470,-0.779057
42248310,0.047034,0.600416,-0.174617,-0.778972
42256643,0.047261,0.600222,-0.175439,-0.778923
42264976,0.047098,0.600240,-0.176393,-0.778704
42273309,0.047393,0.600404,-0.176615,-0.778509
42281642,0.047352,0.600451,-0.176803,-0.778432
42289975,0.047665,0.600381,-0.176842,-0.778458
42298308,0.047368,0.600342,-0.177005,-0.778470
42306641,0.047641,0.600421,-0.176888,-0.778419
42314974,0.047627,0.600585,-0.177409,-0.778175
42323307,0.047183,0.600662,-0.177679,-0.778081
42331640,0.047235,0.600658,-0.177426,-0.778138
42339973,0.047354,0.600649,-0.176808,-0.778279
42348306,0.047115,0.600703,-0.176108,-0.778410
42356639,0.046579,0.600760,-0.176006,-0.778421
42364972,0.046387,0.600772,-0.175754,-0.778480
42373305,0.046049,0.600886,-0.175862,-0.778388
42381638,0.045536,0.600968,-0.176043,-0.778314
42389971,0.044338,0.601003,-0.176776,-0.778190
42398304,0.043949,0.600986,-0.176526,-0.778282
42406637,0.044110,0.601255,-0.176002,-0.778184
42414970,0.042900,0.601271,-0.175889,-0.778265
42423303,0.042142,0.601285,-0.175251,-0.778439
42431636,0.041637,0.601180,-0.174891,-0.778628
42439969,0.040569,0.601243,-0.175092,-0.778591
42448302,0.039437,0.601442,-0.175195,-0.778472
42456635,0.038865,0.601532,-0.174818,-0.778516
42464968,0.037739,0.601696,-0.174872,-0.778433
42473301,0.037166,0.601657,-0.174347,-0.778608
42481634,0.036194,0.601538,-0.174257,-0.778766
42489967,0.035184,0.601481,-0.174033,-0.778906
42498300,0.034688,0.601472,-0.172952,-0.779176
42506633,0.033693,0.601434,-0.172395,-0.779373
42514966,0.032196,0.601353,-0.172185,-0.779545
42523299,0.031513,0.601185,-0.171539,-0.779845
42531632,0.029873,0.601109,-0.171490,-0.779979
42539965,0.028078,0.601053,-0.171265,-0.780138
42548298,0.026307,0.600990,-0.171048,-0.780296
42556631,0.024488,0.600900,-0.170824,-0.780473
42564964,0.022351,0.600844,-0.170723,-0.780603
42573297,0.020764,0.600679,-0.170453,-0.780832
42581630,0.019109,0.600622,-0.170283,-0.780955
42589963,0.017270,0.600501,-0.170020,-0.781149
42598296,0.016132,0.600467,-0.169175,-0.781382
42606629,0.014910,0.600425,-0.168473,-0.781591
42614962,0.013210,0.600352,-0.168830,-0.781601
42623295,0.011818,0.600210,-0.167682,-0.781979
42631628,0.010564,0.600035,-0.166660,-0.782349
42639961,0.010259,0.599853,-0.165081,-0.782828
42648294,0.008993,0.599664,-0.164423,-0.783126
42656627,0.007508,0.599401,-0.164236,-0.783383
42664960,0.006530,0.599189,-0.163083,-0.783795
42673293,0.005674,0.598958,-0.162290,-0.784142
42681626,0.005120,0.598668,-0.161693,-0.784491
42689959,0.003485,0.598302,-0.161995,-0.784717
42698292,0.002415,0.598009,-0.161444,-0.785057
42706625,0.001338,0.597802,-0.161342,-0.785239
42714958,-0.000357,0.597528,-0.162195,-0.785273
42723291,-0.000928,0.597044,-0.161148,-0.785855
42731624,-0.001076,0.596671,-0.159850,-0.786403
42739957,-0.002350,0.596248,-0.160081,-0.786675
42748290,-0.003248,0.595667,-0.160231,-0.787081
42756623,-0.003248,0.595241,-0.159711,-0.787509
42764956,-0.003834,0.594793,-0.160089,-0.787768
42773289,-0.004346,0.594201,-0.159971,-0.788236
42781622,-0.005711,0.593418,-0.160759,-0.788657
42789955,-0.005690,0.592712,-0.160793,-0.789180
42798288,-0.006268,0.591990,-0.160971,-0.789681
42806621,-0.007422,0.591318,-0.162177,-0.789928
42814954,-0.007777,0.590424,-0.162681,-0.790489
42823287,-0.008164,0.589654,-0.163022,-0.790990
42831620,-0.008304,0.588906,-0.163391,-0.791469
42839953,-0.009017,0.588165,-0.164395,-0.791805
42848286,-0.010430,0.587215,-0.166707,-0.792009
42856619,-0.011345,0.586300,-0.167652,-0.792475
42864952,-0.011632,0.585342,-0.168940,-0.792905
42873285,-0.012799,0.584352,-0.171192,-0.793135
42881618,-0.012945,0.583368,-0.171665,-0.793754
42889951,-0.013156,0.582769,-0.173032,-0.793893
42898284,-0.011790,0.582157,-0.172797,-0.794415
42906617,-0.011491,0.581300,-0.173180,-0.794964
42914950,-0.012040,0.580507,-0.175281,-0.795074
42923283,-0.011659,0.579455,-0.176377,-0.795605
42931616,-0.011553,0.578302,-0.178377,-0.795999
42939949,-0.011145,0.577165,-0.179270,-0.796630
42948282,-0.009979,0.576328,-0.179421,-0.797217
42956615,-0.009329,0.575377,-0.180537,-0.797659
42964948,-0.008893,0.574394,-0.181456,-0.798164
42973281,-0.008788,0.573217,-0.183260,-0.798599
42981614,-0.008448,0.572119,-0.184723,-0.799053
42989947,-0.007638,0.570868,-0.185488,-0.799778
42998280,-0.006320,0.569914,-0.186110,-0.800325
43006613,-0.006553,0.568819,-0.187926,-0.800678
43014946,-0.005164,0.567720,-0.188144,-0.801417
43023279,-0.004646,0.566661,-0.189574,-0.801833
43031612,-0.003823,0.565530,-0.190708,-0.802367
43039945,-0.002665,0.564370,-0.191108,-0.803093
43048278,-0.001132,0.563496,-0.191210,-0.803685
43056611,0.000136,0.562436,-0.191769,-0.804295
43064944,0.001627,0.561533,-0.191753,-0.804928
43073277,0.003546,0.560791,-0.191260,-0.805556
43081610,0.005460,0.560054,-0.190583,-0.806218
43089943,0.006694,0.559372,-0.191101,-0.806560
43098276,0.008505,0.558505,-0.190833,-0.807206
43106609,0.010344,0.558015,-0.190414,-0.807623
43114942,0.012224,0.557559,-0.189974,-0.808015
43123275,0.013632,0.556892,-0.189976,-0.808452
43131608,0.016474,0.556497,-0.187886,-0.809159
43139941,0.018044,0.556145,-0.187734,-0.809403
43148274,0.019695,0.555964,-0.187246,-0.809602
43156607,0.022027,0.555833,-0.186001,-0.809919
43164940,0.024944,0.555629,-0.183748,-0.810488
43173273,0.027051,0.555544,-0.182630,-0.810732
43181606,0.029017,0.555679,-0.181528,-0.810819
43189939,0.031412,0.555813,-0.180353,-0.810900
43198272,0.033577,0.555927,-0.178979,-0.811039
43206605,0.036324,0.556034,-0.177134,-0.811252
43214938,0.038863,0.556298,-0.175169,-0.811380
43223271,0.041145,0.556440,-0.173476,-0.811534
43231604,0.043598,0.556766,-0.171019,-0.811704
43239937,0.045630,0.557078,-0.169418,-0.811714
43248270,0.048233,0.557520,-0.167458,-0.811666
43256603,0.050424,0.557699,-0.165625,-0.811787
43264936,0.052080,0.558006,-0.163727,-0.811856
43273269,0.054383,0.558355,-0.161870,-0.811838
43281602,0.056451,0.558919,-0.159732,-0.811732
43289935,0.058075,0.559532,-0.158562,-0.811424
43298268,0.059588,0.560095,-0.156609,-0.811306
43306601,0.062079,0.560547,-0.153556,-0.811390
43314934,0.063748,0.561244,-0.151631,-0.811141
43323267,0.065369,0.562091,-0.149826,-0.810760
43331600,0.068040,0.562770,-0.146582,-0.810663
43339933,0.070291,0.563541,-0.143901,-0.810415
43348266,0.072698,0.564466,-0.141219,-0.810031
43356599,0.075125,0.565398,-0.138483,-0.809632
43364932,0.077940,0.566281,-0.135043,-0.809330
43373265,0.080527,0.567315,-0.132517,-0.808770
43381598,0.083362,0.568350,-0.129356,-0.808268
43389931,0.086062,0.569597,-0.126634,-0.807537
43398264,0.088793,0.571012,-0.123633,-0.806707
43406597,0.092426,0.572365,-0.119732,-0.805928
43414930,0.095987,0.573602,-0.116541,-0.805099
43423263,0.099088,0.574947,-0.112517,-0.804337
43431596,0.103041,0.576372,-0.108500,-0.803371
43439929,0.107371,0.577831,-0.104175,-0.802328
43448262,0.110743,0.579583,-0.100644,-0.801056
43456595,0.114583,0.581061,-0.096170,-0.799994
43464928,0.119134,0.582529,-0.090884,-0.798879
43473261,0.122729,0.584151,-0.086450,-0.797641
43481594,0.126528,0.585767,-0.082642,-0.796265
43489927,0.131192,0.587164,-0.077429,-0.795004
43498260,0.135276,0.588674,-0.072977,-0.793623
43506593,0.139724,0.590087,-0.068198,-0.792227
43514926,0.143274,0.591857,-0.064817,-0.790554
43523259,0.147435,0.593344,-0.060063,-0.789049
43531592,0.151363,0.594860,-0.056121,-0.787452
43539925,0.156250,0.596116,-0.050926,-0.785899
43548258,0.160977,0.597456,-0.045799,-0.784242
43556591,0.164841,0.599102,-0.042055,-0.782391
43564924,0.169934,0.600482,-0.036716,-0.780510
43573257,0.175417,0.601575,-0.031287,-0.778689
43581590,0.180217,0.602990,-0.026402,-0.776678
43589923,0.185596,0.604020,-0.021147,-0.774769
43598256,0.191132,0.605134,-0.016512,-0.772663
43606589,0.196642,0.606456,-0.012195,-0.770321
43614922,0.201968,0.607750,-0.007628,-0.767978
43623255,0.207426,0.608667,-0.002779,-0.765827
43631588,0.214171,0.609440,0.002805,-0.763352
43639921,0.219983,0.610323,0.007603,-0.760957
43648254,0.225503,0.611144,0.012377,-0.758616
43656587,0.232323,0.611359,0.018520,-0.756256
43664920,0.238591,0.611987,0.023689,-0.753648
43673253,0.245117,0.612216,0.029439,-0.751161
43681586,0.252264,0.612351,0.034992,-0.748441
43689919,0.258924,0.612430,0.040552,-0.745817
43698252,0.265830,0.612493,0.045966,-0.743017
43706585,0.272441,0.612480,0.050830,-0.740311
43714918,0.279683,0.611942,0.056479,-0.737641
43723251,0.285703,0.611713,0.061125,-0.735150
43731584,0.292211,0.611362,0.065631,-0.732490
43739917,0.299637,0.610637,0.070574,-0.729630
43748250,0.306331,0.609876,0.075196,-0.727021
43756583,0.312647,0.609332,0.078835,-0.724397
43764916,0.319315,0.608495,0.082357,-0.721796
43773249,0.325795,0.607257,0.086839,-0.719414
43781582,0.332139,0.606319,0.090640,-0.716830
43789915,0.338704,0.605093,0.094242,-0.714325
43798248,0.344426,0.604085,0.097278,-0.712032
43806581,0.349892,0.603049,0.099840,-0.709887
43814914,0.354923,0.602077,0.101960,-0.707910
43823247,0.359678,0.601302,0.104014,-0.705867
43831580,0.363314,0.600795,0.105102,-0.704274
43839913,0.367784,0.599945,0.106668,-0.702441
43848246,0.372165,0.599145,0.108282,-0.700566
43856579,0.375772,0.598733,0.109191,-0.698850
43864912,0.378779,0.598562,0.109793,-0.697277
43873245,0.382721,0.597771,0.111477,-0.695534
43881578,0.385739,0.597946,0.111363,-0.693732
43889911,0.387974,0.598383,0.111163,-0.692139
43898244,0.391294,0.598332,0.112197,-0.690145
43906577,0.395468,0.597910,0.113621,-0.687895
43914910,0.398924,0.597627,0.114936,-0.685924
43923243,0.402092,0.597678,0.115955,-0.683855
43931576,0.405614,0.597656,0.117304,-0.681560
43939909,0.409642,0.596697,0.119945,-0.679528
43948242,0.413427,0.596295,0.122130,-0.677196
43956575,0.418419,0.595069,0.125429,-0.674601
43964908,0.421841,0.594297,0.128509,-0.672567
43973241,0.426519,0.592945,0.132199,-0.670091
43981574,0.431664,0.591181,0.136366,-0.667515
43989907,0.436484,0.589476,0.140635,-0.664997
43998240,0.441066,0.587956,0.144565,-0.662472
44006573,0.445537,0.586365,0.148562,-0.660002
44014906,0.449897,0.584395,0.153125,-0.657744
44023239,0.454239,0.582928,0.156903,-0.655167
44031572,0.458629,0.581213,0.160797,-0.652683
44039905,0.461492,0.580431,0.163370,-0.650719
44048238,0.465123,0.579104,0.166980,-0.648395
44056571,0.469332,0.577504,0.170529,-0.645861
44064904,0.472473,0.576728,0.173248,-0.643536
44073237,0.475512,0.575682,0.176340,-0.641391
44081570,0.478453,0.574929,0.178832,-0.639186
44089903,0.482348,0.573625,0.182194,-0.636475
44098236,0.485810,0.572654,0.185150,-0.633857
44106569,0.489712,0.571541,0.188111,-0.630982
44114902,0.493215,0.570559,0.191179,-0.628214
44123235,0.496848,0.569568,0.193982,-0.625384
44131568,0.500194,0.568710,0.196538,-0.622694
44139901,0.504043,0.567344,0.199214,-0.619980
44148234,0.507746,0.566242,0.201961,-0.617071
44156567,0.511612,0.565152,0.204689,-0.613970
44164900,0.516182,0.563612,0.207512,-0.610603
44173233,0.519751,0.562875,0.209609,-0.607531
44181566,0.523763,0.561485,0.212188,-0.604469
44189899,0.527244,0.560393,0.214417,-0.601663
44198232,0.530014,0.559869,0.216207,-0.599071
44206565,0.533932,0.558365,0.218691,-0.596087
44214898,0.536755,0.557960,0.219994,-0.593445
44223231,0.539331,0.557579,0.221519,-0.590895
44231564,0.541986,0.557062,0.223075,-0.588363
44239897,0.544796,0.556128,0.224778,-0.585999
44248230,0.547399,0.555561,0.226312,-0.583514
44256563,0.549467,0.555603,0.227293,-0.581144
44264896,0.551954,0.555239,0.228950,-0.578479
44273229,0.554703,0.554424,0.230907,-0.575848
44281562,0.557015,0.553954,0.232614,-0.573376
44289895,0.559363,0.553287,0.234463,-0.570976
44298228,0.561807,0.552606,0.236534,-0.568376
44306561,0.564064,0.552109,0.238471,-0.565809
44314894,0.566355,0.551383,0.240820,-0.563227
44323227,0.568629,0.550945,0.242773,-0.560518
44331560,0.570881,0.550082,0.245109,-0.558056
44339893,0.573384,0.549103,0.247524,-0.555381
44348226,0.575306,0.548662,0.249597,-0.552896
44356559,0.577383,0.547959,0.251968,-0.550348
44364892,0.579797,0.546896,0.254513,-0.547690
44373225,0.582105,0.546250,0.256648,-0.544882
44381558,0.584497,0.545224,0.259100,-0.542181
44389891,0.586587,0.544319,0.261646,-0.539606
44398224,0.588294,0.543777,0.263819,-0.537231
44406557,0.590883,0.542418,0.266439,-0.534463
44414890,0.593190,0.541361,0.268869,-0.531755
44423223,0.595517,0.540114,0.271315,-0.529174
44431556,0.597693,0.538862,0.273775,-0.526725
44439889,0.600305,0.537130,0.276320,-0.524187
44448222,0.602362,0.536099,0.278465,-0.521742
44456555,0.604738,0.534601,0.280814,-0.519266
44464888,0.606686,0.533395,0.282761,-0.517173
44473221,0.608611,0.532322,0.284249,-0.515198
44481554,0.610617,0.531163,0.285947,-0.513075
44489887,0.612685,0.529669,0.287487,-0.511292
44498220,0.615100,0.527855,0.289330,-0.509224
44506553,0.616443,0.526867,0.290565,-0.507918
44514886,0.617389,0.526465,0.291201,-0.506820
44523219,0.618679,0.525718,0.291799,-0.505678
44531552,0.619352,0.525646,0.291833,-0.504909
44539885,0.620814,0.524416,0.292138,-0.504215
44548218,0.621569,0.524099,0.291940,-0.503729
44556551,0.621631,0.524605,0.291238,-0.503532
44564884,0.621877,0.525060,0.290175,-0.503368
44573217,0.621799,0.525838,0.288806,-0.503440
44581550,0.621586,0.526532,0.287377,-0.503795
44589883,0.620947,0.527990,0.285502,-0.504123
44598216,0.620096,0.529358,0.283447,-0.504895
44606549,0.619473,0.530382,0.281819,-0.505496
44614882,0.618223,0.532077,0.279741,-0.506398
44623215,0.617226,0.533580,0.277945,-0.507021
44631548,0.616439,0.534632,0.276636,-0.507586
44639881,0.615099,0.536280,0.274909,-0.508411
44648214,0.614061,0.537739,0.273214,-0.509039
44656547,0.613016,0.538995,0.272179,-0.509524
44664880,0.611969,0.540225,0.271335,-0.509929
44673213,0.610805,0.541450,0.270307,-0.510571
44681546,0.610171,0.541924,0.270075,-0.510950
44689879,0.609354,0.542708,0.270014,-0.511124
44698212,0.608000,0.544029,0.269535,-0.511585
44706545,0.607732,0.544011,0.270166,-0.511589
44714878,0.607025,0.544491,0.270583,-0.511698
44723211,0.606491,0.544505,0.271406,-0.511881
44731544,0.605816,0.544715,0.272078,-0.512100
44739877,0.605086,0.544668,0.273030,-0.512506
44748210,0.604653,0.544331,0.274518,-0.512580
44756543,0.603965,0.544217,0.275580,-0.512943
44764876,0.603574,0.543665,0.277174,-0.513129
44773209,0.602295,0.544223,0.278001,-0.513594
44781542,0.601968,0.543546,0.279728,-0.513755
44789875,0.601195,0.543199,0.281137,-0.514258
44798208,0.600371,0.543062,0.282446,-0.514648
44806541,0.599406,0.542838,0.283875,-0.515223
44814874,0.599096,0.542023,0.285543,-0.515519
44823207,0.597680,0.542389,0.286587,-0.516198
44831540,0.596804,0.542103,0.288177,-0.516627
44839873,0.596587,0.540568,0.290991,-0.516909
44848206,0.596082,0.539875,0.292724,-0.517237
44856539,0.595408,0.539288,0.294211,-0.517782
44864872,0.594831,0.538553,0.296024,-0.518176
44873205,0.594570,0.537502,0.297770,-0.518566
44881538,0.594027,0.536834,0.299305,-0.518997
44889871,0.593529,0.536177,0.300776,-0.519396
44898204,0.592900,0.535585,0.302162,-0.519920
44906537,0.591986,0.535477,0.303172,-0.520484
44914870,0.591549,0.534930,0.304240,-0.520920
44923203,0.591238,0.534222,0.305321,-0.521367
44931536,0.590176,0.534265,0.305750,-0.522274
44939869,0.589757,0.533758,0.306581,-0.522778
44948202,0.589157,0.533454,0.307171,-0.523419
44956535,0.588436,0.533048,0.307875,-0.524229
44964868,0.587090,0.533548,0.307867,-0.525233
44973201,0.586294,0.533523,0.308086,-0.526019
44981534,0.585713,0.533263,0.308154,-0.526890
44989867,0.585039,0.533202,0.308184,-0.527682
44998200,0.584348,0.533113,0.308198,-0.528528
45006533,0.583467,0.533319,0.307965,-0.529429
45014866,0.582919,0.533246,0.307730,-0.530242
45023199,0.582332,0.533317,0.307361,-0.531029
45031532,0.582004,0.533180,0.307051,-0.531705
45039865,0.581669,0.533014,0.306700,-0.532440
45048198,0.581561,0.532747,0.306334,-0.533035
45056531,0.581703,0.532209,0.306154,-0.533521
45064864,0.581226,0.532466,0.305389,-0.534223
45073197,0.580663,0.532841,0.304538,-0.534946
45081530,0.580182,0.533302,0.303598,-0.535542
45089863,0.579846,0.533560,0.302680,-0.536169
45098196,0.579582,0.533821,0.301673,-0.536762
45106529,0.579271,0.534085,0.300676,-0.537393
45114862,0.579048,0.534463,0.299582,-0.537869
45123195,0.578991,0.534606,0.298665,-0.538298
45131528,0.579060,0.534707,0.297759,-0.538626
45139861,0.579091,0.534859,0.296742,-0.539002
45148194,0.579153,0.535096,0.295744,-0.539250
45156527,0.579250,0.535322,0.294696,-0.539494
45164860,0.579358,0.535438,0.293865,-0.539716
45173193,0.579291,0.535870,0.292752,-0.539964
45181526,0.579104,0.536452,0.291466,-0.540282
45189859,0.579284,0.536774,0.290393,-0.540347
45198192,0.579801,0.536739,0.289746,-0.540176
45206525,0.580184,0.536799,0.288945,-0.540134
45214858,0.580484,0.536957,0.288184,-0.540060
45223191,0.580798,0.537407,0.287012,-0.539900
45231524,0.581147,0.537888,0.285862,-0.539656
45239857,0.581509,0.538154,0.284928,-0.539493
45248190,0.582242,0.537724,0.284744,-0.539229
45256523,0.582374,0.538698,0.283220,-0.538916
45264856,0.582839,0.539074,0.282281,-0.538531
45273189,0.583323,0.539380,0.281486,-0.538117
45281522,0.583697,0.539769,0.280556,-0.537806
45289855,0.583803,0.540344,0.279555,-0.537636
45298188,0.583949,0.540895,0.278410,-0.537516
45306521,0.584296,0.541287,0.277636,-0.537145
45314854,0.584814,0.541223,0.277311,-0.536813
45323187,0.585337,0.541282,0.276847,-0.536423
45331520,0.585352,0.542031,0.275772,-0.536205
45339853,0.585750,0.542223,0.275372,-0.535781
45348186,0.585889,0.542488,0.274979,-0.535562
45356519,0.586295,0.542733,0.274604,-0.535063
45364852,0.586770,0.542841,0.274249,-0.534614
45373185,0.586808,0.543136,0.273891,-0.534457
45381518,0.586637,0.543623,0.273494,-0.534352
45389851,0.586223,0.544280,0.273162,-0.534308
45398184,0.585726,0.544987,0.272779,-0.534328
45406517,0.585930,0.545027,0.272951,-0.533975
45414850,0.585978,0.545042,0.273238,-0.533760
45423183,0.586164,0.545020,0.273524,-0.533432
45431516,0.586267,0.545015,0.273868,-0.533148
45439849,0.586399,0.544931,0.274220,-0.532906
45448182,0.586362,0.544890,0.274698,-0.532744
45456515,0.586359,0.544884,0.275096,-0.532547
45464848,0.586343,0.544802,0.275634,-0.532371
45473181,0.586295,0.544758,0.276048,-0.532253
45481514,0.586266,0.544644,0.276538,-0.532149
45489847,0.586100,0.544685,0.276916,-0.532093
45498180,0.586041,0.544519,0.277436,-0.532057
45506513,0.585905,0.544353,0.277986,-0.532089
45514846,0.585415,0.544464,0.278453,-0.532271
45523179,0.585168,0.544426,0.278874,-0.532360
45531512,0.584874,0.544424,0.279292,-0.532467
45539845,0.584587,0.544304,0.279862,-0.532606
45548178,0.584460,0.543970,0.280632,-0.532681
45556511,0.584131,0.543723,0.281393,-0.532892
45564844,0.583935,0.543620,0.282015,-0.532884
45573177,0.583514,0.543351,0.282791,-0.533208
45581510,0.583097,0.542891,0.283924,-0.533529
45589843,0.582628,0.542581,0.284779,-0.533902
45598176,0.582369,0.542318,0.285384,-0.534129
45606509,0.582165,0.541832,0.286236,-0.534388
45614842,0.581896,0.541317,0.287138,-0.534719
45623175,0.581247,0.541101,0.287740,-0.535320
45631508,0.581059,0.540540,0.288499,-0.535681
45639841,0.581614,0.539056,0.289952,-0.535790
45648174,0.581354,0.538493,0.290690,-0.536239
45656507,0.580416,0.539023,0.290400,-0.536879
45664840,0.579868,0.538947,0.290653,-0.537410
45673173,0.579306,0.538799,0.290969,-0.537993
45681506,0.578869,0.538615,0.291124,-0.538563
45689839,0.578477,0.538430,0.291506,-0.538963
45698172,0.578208,0.538056,0.291909,-0.539407
45706505,0.577897,0.537989,0.291990,-0.539764
45714838,0.577665,0.537887,0.292098,-0.540054
45723171,0.577365,0.537802,0.292125,-0.540446
45731504,0.577260,0.537739,0.292082,-0.540644
45739837,0.577119,0.537717,0.292039,-0.540839
45748170,0.576900,0.537726,0.292048,-0.541060
45756503,0.576760,0.537594,0.292139,-0.541291
45764836,0.577130,0.536848,0.292700,-0.541334
45773169,0.576777,0.537248,0.292273,-0.541544
45781502,0.576616,0.537371,0.292184,-0.541641
45789835,0.576623,0.537447,0.292043,-0.541634
45798168,0.576623,0.537522,0.291821,-0.541679
45806501,0.576679,0.537552,0.291564,-0.541728
45814834,0.576950,0.537459,0.291554,-0.541537
45823167,0.576937,0.537575,0.291273,-0.541587
45831500,0.576648,0.537770,0.290945,-0.541878
45839833,0.576387,0.538025,0.290532,-0.542124
45848166,0.576441,0.538058,0.290166,-0.542231
45856499,0.576512,0.538015,0.289917,-0.542330
45864832,0.576508,0.538017,0.289680,-0.542459
45873165,0.576561,0.537986,0.289483,-0.542539
45881498,0.576515,0.538091,0.289148,-0.542662
45889831,0.576479,0.538244,0.288688,-0.542794
45898164,0.576330,0.538556,0.288113,-0.542948
45906497,0.576112,0.538774,0.287685,-0.543189
45914830,0.576108,0.538873,0.287418,-0.543237
45923163,0.576021,0.539025,0.287028,-0.543384
45931496,0.575787,0.539283,0.286615,-0.543594
45939829,0.575971,0.539268,0.286520,-0.543464
45948162,0.576037,0.539303,0.286431,-0.543406
45956495,0.576131,0.539373,0.286232,-0.543342
45964828,0.576352,0.539338,0.286099,-0.543214
45973161,0.576734,0.539171,0.286090,-0.542977
45981494,0.576950,0.539125,0.285976,-0.542854
45989827,0.576570,0.539450,0.285722,-0.543069
45998160,0.576643,0.539372,0.285552,-0.543158
46006493,0.576671,0.539414,0.285370,-0.543182
46014826,0.576614,0.539490,0.285138,-0.543289
46023159,0.576654,0.539512,0.284937,-0.543330
46031492,0.576589,0.539483,0.284856,-0.543470
46039825,0.576413,0.539574,0.284593,-0.543705
46048158,0.576210,0.539689,0.284377,-0.543918
46056491,0.576036,0.539951,0.284001,-0.544039
46064824,0.575941,0.540045,0.283828,-0.544136
46073157,0.575862,0.540091,0.283787,-0.544197
46081490,0.575667,0.540159,0.283718,-0.544371
46089823,0.575485,0.540292,0.283581,-0.544503
46098156,0.575560,0.540351,0.283401,-0.544459
46106489,0.575618,0.540235,0.283509,-0.544457
46114822,0.575532,0.540174,0.283484,-0.544622
46123155,0.575318,0.540144,0.283495,-0.544871
46131488,0.575432,0.539927,0.283596,-0.544913
46139821,0.575124,0.540006,0.283570,-0.545173
46148154,0.574926,0.539935,0.283609,-0.545432
46156487,0.574514,0.540036,0.283547,-0.545799
46164820,0.574394,0.539909,0.283556,-0.546045
46173153,0.574182,0.539877,0.283432,-0.546365
46181486,0.573885,0.539836,0.283322,-0.546773
46189819,0.573656,0.539845,0.283092,-0.547125
46198152,0.573604,0.539712,0.282973,-0.547371
46206485,0.573507,0.539618,0.282618,-0.547749
46214818,0.573529,0.539397,0.282507,-0.548001
46223151,0.574061,0.539046,0.282388,-0.547851
46231484,0.573867,0.539168,0.281872,-0.548199
46239817,0.573757,0.539181,0.281398,-0.548546
46248150,0.573480,0.539400,0.280725,-0.548965
46256483,0.573142,0.539705,0.280045,-0.549365
46264816,0.572915,0.539888,0.279518,-0.549690
46273149,0.572542,0.540233,0.278860,-0.550074
46281482,0.572412,0.540340,0.278380,-0.550346
46289815,0.572204,0.540520,0.277870,-0.550644
46298148,0.572109,0.540644,0.277469,-0.550824
46306481,0.571995,0.540789,0.277011,-0.551030
46314814,0.571900,0.540893,0.276615,-0.551226
46323147,0.571945,0.541017,0.276248,-0.551241
46331480,0.571959,0.541085,0.276021,-0.551273
46339813,0.571871,0.541249,0.275590,-0.551419
46348146,0.571701,0.541482,0.275190,-0.551567
46356479,0.571633,0.541664,0.274790,-0.551659
46364812,0.571452,0.541940,0.274431,-0.551753
46373145,0.571262,0.542191,0.274011,-0.551912
46381478,0.571093,0.542411,0.273622,-0.552063
46389811,0.570793,0.542727,0.273278,-0.552234
46398144,0.570488,0.543039,0.272914,-0.552421
46406477,0.570236,0.543260,0.272620,-0.552611
46414810,0.569963,0.543378,0.272411,-0.552879
46423143,0.569666,0.543496,0.272291,-0.553127
46431476,0.569197,0.543728,0.272167,-0.553444
46439809,0.568818,0.543932,0.272075,-0.553678
46448142,0.568431,0.544073,0.271966,-0.553990
46456475,0.568170,0.544097,0.272054,-0.554192
46464808,0.567978,0.544037,0.272099,-0.554426
46473141,0.567869,0.543942,0.272174,-0.554592
46481474,0.567704,0.543929,0.272332,-0.554698
46489807,0.567570,0.543468,0.272986,-0.554964
46498140,0.566740,0.544319,0.272346,-0.555293
46506473,0.566629,0.543993,0.272782,-0.555511
46514806,0.565918,0.544691,0.272148,-0.555863
46523139,0.565467,0.545020,0.271897,-0.556122
46531472,0.565147,0.545156,0.271913,-0.556306
46539805,0.564806,0.545316,0.271877,-0.556513
46548138,0.564560,0.545331,0.271943,-0.556717
46556471,0.564401,0.545301,0.272183,-0.556790
46564804,0.564093,0.545407,0.272348,-0.556917
46573137,0.563974,0.545289,0.272570,-0.557044
46581470,0.563524,0.545417,0.272723,-0.557300
46589803,0.563418,0.545356,0.272950,-0.557356
46598136,0.563190,0.545376,0.273116,-0.557485
46606469,0.562957,0.545333,0.273350,-0.557648
46614802,0.562681,0.545387,0.273447,-0.557826
46623135,0.562328,0.545381,0.273659,-0.558084
46631468,0.561994,0.545427,0.273773,-0.558319
46639801,0.561786,0.545285,0.274078,-0.558518
46648134,0.561639,0.545159,0.274310,-0.558675
46656467,0.561552,0.545058,0.274493,-0.558771
46664800,0.561486,0.544827,0.274865,-0.558879
46673133,0.561636,0.544474,0.275237,-0.558890
46681466,0.561422,0.544408,0.275373,-0.559102
46689799,0.561509,0.544153,0.275648,-0.559128
46698132,0.561418,0.544066,0.275694,-0.559281
46706465,0.561247,0.543954,0.275839,-0.559490
46714798,0.561059,0.543947,0.275754,-0.559727
46723131,0.560946,0.543918,0.275743,-0.559874
46731464,0.561020,0.543713,0.275890,-0.559926
46739797,0.561153,0.543547,0.275949,-0.559924
46748130,0.561084,0.543532,0.275829,-0.560068
46756463,0.561199,0.543395,0.275836,-0.560082
46764796,0.561185,0.543440,0.275655,-0.560141
46773129,0.561222,0.543439,0.275531,-0.560167
46781462,0.561286,0.543433,0.275290,-0.560227
46789795,0.561392,0.543403,0.275120,-0.560233
46798128,0.561573,0.543289,0.275048,-0.560198
46806461,0.561899,0.543068,0.275136,-0.560042
46814794,0.562134,0.542849,0.275091,-0.560041
46823127,0.562262,0.542796,0.274957,-0.560029
46831460,0.562538,0.542651,0.274759,-0.559989
46839793,0.562793,0.542505,0.274611,-0.559947
46848126,0.563000,0.542476,0.274257,-0.559940
46856459,0.563123,0.542402,0.273897,-0.560065
46864792,0.563078,0.542646,0.273214,-0.560208
46873125,0.563163,0.542764,0.272586,-0.560314
46881458,0.562992,0.543059,0.271796,-0.560584
46889791,0.563293,0.542577,0.271724,-0.560783
46898124,0.563303,0.542723,0.271025,-0.560969
46906457,0.562678,0.543732,0.269608,-0.561302
46914790,0.562567,0.544227,0.268595,-0.561420
46923123,0.562343,0.544597,0.267746,-0.561691
46931456,0.562623,0.544571,0.267171,-0.561709
46939789,0.562807,0.544558,0.266644,-0.561788
46948122,0.563163,0.544476,0.266137,-0.561751
46956455,0.563014,0.544786,0.265415,-0.561942
46964788,0.562769,0.545236,0.264554,-0.562156
46973121,0.562750,0.545284,0.264090,-0.562346
46981454,0.562463,0.545651,0.263285,-0.562656
46989787,0.562319,0.545938,0.262546,-0.562866
46998120,0.561986,0.546366,0.261654,-0.563199
47006453,0.561471,0.546943,0.260660,-0.563614
47014786,0.561411,0.547023,0.260044,-0.563880
47023119,0.561248,0.547180,0.259359,-0.564206
47031452,0.561004,0.547468,0.258668,-0.564486
47039785,0.560723,0.547532,0.258172,-0.564930
47048118,0.560103,0.547814,0.257429,-0.565611
47056451,0.559467,0.548249,0.256569,-0.566209
47064784,0.558798,0.548571,0.255783,-0.566912
47073117,0.558850,0.548352,0.255366,-0.567261
47081450,0.558141,0.548740,0.254485,-0.567978
47089783,0.557581,0.548543,0.254184,-0.568854
47098116,0.557063,0.548393,0.253728,-0.569709
47106449,0.555898,0.549152,0.252338,-0.570732
47114782,0.554673,0.549704,0.251097,-0.571939
47123115,0.553572,0.550213,0.249936,-0.573023
47131448,0.552630,0.550437,0.249039,-0.574106
47139781,0.551676,0.550637,0.248098,-0.575239
47148114,0.550389,0.551060,0.246979,-0.576546
47156447,0.549321,0.551256,0.246045,-0.577775
47164780,0.548205,0.551382,0.245090,-0.579120
47173113,0.547052,0.551637,0.243765,-0.580526
47181446,0.545789,0.552048,0.242267,-0.581949
47189779,0.544558,0.552431,0.240885,-0.583311
47198112,0.543507,0.552308,0.239685,-0.584899
47206445,0.542047,0.552662,0.237897,-0.586647
47214778,0.540558,0.553294,0.235785,-0.588275
47223111,0.538742,0.554167,0.233364,-0.590082
47231444,0.537506,0.554256,0.231367,-0.591909
47239777,0.535543,0.555059,0.228857,-0.593909
47248110,0.534007,0.555480,0.226565,-0.595774
47256443,0.531983,0.556530,0.223734,-0.597672
47264776,0.530053,0.557171,0.221190,-0.599732
47273109,0.528677,0.557379,0.219061,-0.601532
47281442,0.527281,0.557335,0.216710,-0.603647
47289775,0.525345,0.557922,0.213877,-0.605799
47298108,0.523653,0.558442,0.211450,-0.607633
47306441,0.521849,0.559136,0.208494,-0.609566
47314774,0.519097,0.560254,0.204819,-0.612130
47323107,0.517176,0.560900,0.201684,-0.614202
47331440,0.514699,0.561843,0.198288,-0.616522
47339773,0.512019,0.562465,0.195099,-0.619198
47348106,0.509995,0.562715,0.192223,-0.621537
47356439,0.507200,0.563484,0.188818,-0.624165
47364772,0.504255,0.564495,0.185129,-0.626737
47373105,0.501834,0.565285,0.181643,-0.628984
47381438,0.499251,0.565882,0.178217,-0.631478
47389771,0.496626,0.566695,0.174694,-0.633799
47398104,0.493743,0.567270,0.171291,-0.636461
47406437,0.490506,0.568198,0.167849,-0.639048
47414770,0.487549,0.568762,0.164648,-0.641636
47423103,0.483915,0.569917,0.160984,-0.644286
47431436,0.480917,0.570517,0.157952,-0.646746
47439769,0.478086,0.570877,0.155137,-0.649204
47448102,0.474354,0.571993,0.151673,-0.651773
47456435,0.471747,0.572190,0.149279,-0.654041
47464768,0.467505,0.573084,0.146199,-0.656993
47473101,0.464032,0.573584,0.143537,-0.659601
47481434,0.460102,0.574629,0.140374,-0.662121
47489767,0.455862,0.575719,0.137102,-0.664786
47498100,0.451811,0.576416,0.134242,-0.667525
47506433,0.447786,0.576968,0.131541,-0.670293
47514766,0.443275,0.577780,0.128648,-0.673148
47523099,0.439084,0.577974,0.126313,-0.676162
47531432,0.434790,0.578470,0.123484,-0.679030
47539765,0.430041,0.579335,0.120257,-0.681890
47548098,0.425466,0.579857,0.117477,-0.684795
47556431,0.420190,0.580429,0.114537,-0.688058
47564764,0.415353,0.580461,0.112355,-0.691320
47573097,0.410561,0.580831,0.109715,-0.694290
47581430,0.406319,0.580467,0.108319,-0.697302
47589763,0.401356,0.580688,0.105998,-0.700342
47598096,0.395947,0.581326,0.103079,-0.703321
47606429,0.391063,0.581192,0.100930,-0.706469
47614762,0.386369,0.581115,0.098654,-0.709431
47623095,0.380397,0.581584,0.095613,-0.712682
47631428,0.374716,0.581845,0.093098,-0.715805
47639761,0.369583,0.581575,0.091510,-0.718891
47648094,0.363832,0.581712,0.088754,-0.722053
47656427,0.358387,0.581589,0.086302,-0.725165
47664760,0.352552,0.581766,0.083383,-0.728219
47673093,0.346873,0.581842,0.080789,-0.731171
47681426,0.340129,0.582419,0.076952,-0.734288
47689759,0.334277,0.582283,0.074153,-0.737365
47698092,0.328637,0.582364,0.070537,-0.740185
47706425,0.323514,0.582283,0.068451,-0.742697
47714758,0.318169,0.582382,0.065662,-0.745176
47723091,0.312782,0.582455,0.062617,-0.747658
47731424,0.307923,0.582353,0.059505,-0.750005
47739757,0.303955,0.581861,0.057448,-0.752162
47748090,0.299366,0.581450,0.055007,-0.754500
47756423,0.295210,0.581028,0.052768,-0.756620
47764756,0.290427,0.580619,0.049837,-0.758980
47773089,0.286350,0.580062,0.047588,-0.761096
47781422,0.282112,0.579536,0.044806,-0.763245
47789755,0.277901,0.579061,0.041858,-0.765316
47798088,0.273203,0.578175,0.038976,-0.767825
47806421,0.268717,0.577616,0.035934,-0.769974
47814754,0.263962,0.576978,0.032092,-0.772264
47823087,0.259470,0.576090,0.029147,-0.774562
47831420,0.254141,0.575431,0.025097,-0.776957
47839753,0.248717,0.574693,0.020457,-0.779390
47848086,0.242799,0.573755,0.016146,-0.782044
47856419,0.237401,0.573032,0.011420,-0.784312
47864752,0.232052,0.571985,0.007090,-0.786724
47873085,0.225321,0.570986,0.001853,-0.789431
47881418,0.219763,0.569988,-0.003346,-0.791712
47889751,0.213487,0.569389,-0.009889,-0.793802
47898084,0.206075,0.568998,-0.017744,-0.795902
47906417,0.198766,0.568653,-0.026361,-0.797766
47914750,0.191486,0.568277,-0.034572,-0.799499
47923083,0.184471,0.567931,-0.043043,-0.800982
47931416,0.177227,0.567893,-0.052009,-0.802112
47939749,0.170549,0.567746,-0.059996,-0.803105
47948082,0.163839,0.568138,-0.067798,-0.803604
47956415,0.157622,0.568184,-0.074530,-0.804219
47964748,0.151133,0.568758,-0.081970,-0.804334
47973081,0.145390,0.569037,-0.087649,-0.804597
47981414,0.139072,0.569601,-0.093526,-0.804653
47989747,0.133434,0.570203,-0.098051,-0.804643
47998080,0.128504,0.570739,-0.100944,-0.804707
48006413,0.123024,0.571321,-0.103905,-0.804774
48014746,0.118821,0.571765,-0.105159,-0.804927
48023079,0.114210,0.572257,-0.105855,-0.805154
48031412,0.109124,0.572836,-0.106308,-0.805388
48039745,0.104164,0.573222,-0.106076,-0.805800
48048078,0.098882,0.573592,-0.106097,-0.806200
48056411,0.094541,0.573645,-0.104083,-0.806945
48064744,0.089151,0.574179,-0.103907,-0.807201
48073077,0.082848,0.574637,-0.104172,-0.807513
48081410,0.074928,0.575031,-0.107022,-0.807633
48089743,0.067277,0.575510,-0.108547,-0.807762
48098076,0.058767,0.575738,-0.110316,-0.808024
48106409,0.049413,0.576391,-0.113154,-0.807792
48114742,0.040470,0.576625,-0.114997,-0.807862
48123075,0.030965,0.576786,-0.118050,-0.807727
48131408,0.021277,0.576821,-0.121475,-0.807508
48139741,0.011060,0.576709,-0.125239,-0.807217
48148074,0.001331,0.576422,-0.128345,-0.807009
48156407,-0.008136,0.576126,-0.131044,-0.806746
48164740,-0.017415,0.575545,-0.133639,-0.806588
48173073,-0.026891,0.574942,-0.136469,-0.806285
48181406,-0.037000,0.574067,-0.140448,-0.805824
48189739,-0.047003,0.573346,-0.144872,-0.805032
48198072,-0.057034,0.572236,-0.149126,-0.804397
48206405,-0.066419,0.571002,-0.152994,-0.803828
48214738,-0.075084,0.569968,-0.156577,-0.803108
48223071,-0.083423,0.568583,-0.159680,-0.802656
48231404,-0.092358,0.567145,-0.164032,-0.801817
48239737,-0.100410,0.565587,-0.167397,-0.801254
48248070,-0.109060,0.563830,-0.171689,-0.800453
48256403,-0.116742,0.562064,-0.175240,-0.799841
48264736,-0.123743,0.560083,-0.178411,-0.799478
48273069,-0.131085,0.557814,-0.182201,-0.799039
48281402,-0.137532,0.555528,-0.185174,-0.798864
48289735,-0.144121,0.553084,-0.188180,-0.798696
48298068,-0.150972,0.550207,-0.191695,-0.798582
48306401,-0.157636,0.547172,-0.195018,-0.798575
48314734,-0.163377,0.544240,-0.197311,-0.798861
48323067,-0.170159,0.540845,-0.200558,-0.798942
48331400,-0.176429,0.536974,-0.203399,-0.799475
48339733,-0.183442,0.532932,-0.206770,-0.799737
48348066,-0.191167,0.528115,-0.211132,-0.799983
48356399,-0.198873,0.523363,-0.215529,-0.800055
48364732,-0.205862,0.519013,-0.218315,-0.800365
48373065,-0.213312,0.513995,-0.221605,-0.800749
48381398,-0.220618,0.509047,-0.225149,-0.800941
48389731,-0.229463,0.503626,-0.229733,-0.800581
48398064,-0.237712,0.498167,-0.233638,-0.800460
48406397,-0.246424,0.492481,-0.237892,-0.800091
48414730,-0.254920,0.486838,-0.241047,-0.799938
48423063,-0.263372,0.481056,-0.243797,-0.799864
48431396,-0.271051,0.475536,-0.245391,-0.800113
48439729,-0.279947,0.469017,-0.248645,-0.799893
48448062,-0.288295,0.462813,-0.250822,-0.799862
48456395,-0.296585,0.456578,-0.252498,-0.799887
48464728,-0.304591,0.450493,-0.253532,-0.800001
48473061,0.312304,-0.444290,0.254222,0.800277
48481394,0.319782,-0.438073,0.254149,0.800775
48489727,0.327511,-0.431614,0.254115,0.801169
48498060,0.335265,-0.424870,0.254501,0.801443
48506393,0.342925,-0.417582,0.254836,0.801927
48514726,0.350505,-0.410871,0.253523,0.802532
48523059,0.358040,-0.403595,0.253098,0.803032
48531392,0.365511,-0.395975,0.252762,0.803565
48539725,0.373485,-0.387639,0.253816,0.803631
48548058,0.381112,-0.379966,0.253452,0.803829
48556391,0.388344,-0.372003,0.253171,0.804181
48564724,0.395584,-0.363768,0.252897,0.804506
48573057,0.402280,-0.355837,0.251733,0.805097
48581390,0.409028,-0.347945,0.249807,0.805746
48589723,0.415822,-0.340189,0.247351,0.806338
48598056,0.422742,-0.331918,0.245803,0.806660
48606389,0.429411,-0.323669,0.244256,0.806960
48614722,0.435973,-0.315669,0.242450,0.807154
48623055,0.442249,-0.308164,0.240240,0.807301
48631388,0.447138,-0.302527,0.235707,0.808076
48639721,0.452734,-0.295915,0.232769,0.808261
48648054,0.457860,-0.289710,0.229064,0.808679
48656387,0.463050,-0.283274,0.225680,0.808956
48664720,0.467934,-0.276644,0.222761,0.809248
48673053,0.472320,-0.270408,0.219111,0.809805
48681386,0.476505,-0.264474,0.214971,0.810422
48689719,0.480795,-0.258516,0.210816,0.810902
48698052,0.484634,-0.252816,0.206536,0.811515
48706385,0.488336,-0.247796,0.200971,0.812241
48714718,0.492187,-0.242482,0.196062,0.812720
48723051,0.495765,-0.236722,0.192463,0.813104
48731384,0.499263,-0.231614,0.187814,0.813522
48739717,0.502599,-0.225927,0.184095,0.813917
48748050,0.505677,-0.221111,0.179366,0.814388
48756383,0.509103,-0.214961,0.176247,0.814581
48764716,0.512234,-0.210529,0.170922,0.814911
48773049,0.515472,-0.204964,0.167717,0.814954
48781382,0.518161,-0.199615,0.164023,0.815328
48789715,0.520682,-0.194503,0.160576,0.815643
48798048,0.523805,-0.188022,0.158788,0.815513
48806381,0.526893,-0.182315,0.156774,0.815210
48814714,0.529731,-0.176686,0.154809,0.814986
48823047,0.532925,-0.171079,0.152426,0.814548
48831380,0.536192,-0.165043,0.150902,0.813933
48839713,0.538881,-0.159537,0.149509,0.813512
48848046,0.541600,-0.154585,0.147426,0.813043
48856379,0.544039,-0.148919,0.146266,0.812681
48864712,0.546890,-0.143904,0.144227,0.812035
48873045,0.549309,-0.139137,0.142383,0.811559
48881378,0.551481,-0.135586,0.138629,0.811337
48889711,0.553832,-0.131483,0.136160,0.810829
48898044,0.556062,-0.127684,0.133474,0.810356
48906377,0.558252,-0.123896,0.131095,0.809826
48914710,0.560604,-0.120015,0.128855,0.809146
48923043,0.562982,-0.116168,0.126414,0.808440
48931376,0.565325,-0.112885,0.123306,0.807750
48939709,0.567457,-0.109574,0.120353,0.807156
48948042,0.569749,-0.106773,0.116993,0.806411
48956375,0.572143,-0.102652,0.114865,0.805557
48964708,0.574306,-0.098920,0.112236,0.804855
48973041,0.576339,-0.095852,0.108831,0.804240
48981374,0.578351,-0.091602,0.107189,0.803511
48989707,0.580614,-0.087217,0.105758,0.802556
48998040,0.582827,-0.082379,0.105087,0.801550
49006373,0.584648,-0.078727,0.103128,0.800846
49014706,0.586331,-0.074137,0.102772,0.800099
49023039,0.588302,-0.069501,0.102669,0.799081
49031372,0.590164,-0.065230,0.102440,0.798096
49039705,0.591867,-0.061510,0.101516,0.797248
49048038,0.593870,-0.059130,0.099154,0.796235
49056371,0.595668,-0.056259,0.097381,0.795318
49064704,0.597515,-0.053538,0.095732,0.794320
49073037,0.599492,-0.051825,0.092998,0.793269
49081370,0.601288,-0.049506,0.091080,0.792279
49089703,0.603297,-0.048696,0.087424,0.791213
49098036,0.605202,-0.046669,0.085292,0.790112
49106369,0.607124,-0.045790,0.082068,0.789030
49114702,0.609084,-0.043597,0.080319,0.787823
49123035,0.611115,-0.042560,0.077266,0.786611
49131368,0.613058,-0.040683,0.075148,0.785403
49139701,0.614928,-0.038584,0.073669,0.784186
49148034,0.616846,-0.036783,0.071791,0.782940
49156367,0.618763,-0.034690,0.070424,0.781645
49164700,0.620542,-0.032128,0.069379,0.780437
49173033,0.622453,-0.029364,0.068944,0.779061
49181366,0.624207,-0.027824,0.067391,0.777850
49189699,0.625872,-0.024730,0.067664,0.776591
49198032,0.627420,-0.022619,0.066953,0.775468
49206365,0.629410,-0.021239,0.065699,0.774000
49214698,0.631187,-0.020291,0.063856,0.772731
49223031,0.632910,-0.019318,0.062440,0.771462
49231364,0.634573,-0.018256,0.061247,0.770216
49239697,0.636229,-0.018054,0.059168,0.769016
49248030,0.637948,-0.017876,0.056980,0.767760
49256363,0.639655,-0.017371,0.055317,0.766472
49264696,0.641284,-0.017607,0.053012,0.765268
49273029,0.642910,-0.017704,0.050827,0.764048
49281362,0.644811,-0.017011,0.049313,0.762560
49289695,0.646410,-0.015800,0.048888,0.761259
49298028,0.647792,-0.014146,0.048562,0.760136
49306361,0.649259,-0.012196,0.048588,0.758916
49314694,0.650515,-0.010212,0.049043,0.757839
49323027,0.651867,-0.008617,0.048930,0.756704
49331360,0.652917,-0.006425,0.049364,0.755792
49339693,0.653847,-0.004616,0.049493,0.754993
49348026,0.654996,-0.003288,0.049176,0.754023
49356359,0.655986,-0.002088,0.048826,0.753190
49364692,0.656826,-0.000793,0.048754,0.752464
49373025,0.657796,0.000867,0.049108,0.751593
49381358,0.658915,0.001555,0.048537,0.750648
49389691,0.659722,0.002632,0.048571,0.749934
49398024,0.660527,0.003925,0.048904,0.749198
49406357,0.660982,0.005254,0.049343,0.748760
49414690,0.661689,0.006800,0.049965,0.748081
49423023,0.662366,0.008186,0.050509,0.747431
49431356,0.663187,0.008608,0.049942,0.746736
49439689,0.663676,0.009889,0.050437,0.746252
49448022,0.664090,0.011373,0.051240,0.745808
49456355,0.664509,0.012193,0.051451,0.745407
49464688,0.664823,0.013292,0.051922,0.745075
49473021,0.664975,0.013908,0.051895,0.744931
49481354,0.665187,0.013919,0.051179,0.744790
49489687,0.665374,0.013886,0.050405,0.744677
49498020,0.665592,0.013758,0.049649,0.744535
49506353,0.665748,0.013703,0.049058,0.744436
49514686,0.665823,0.014063,0.048958,0.744369
49523019,0.665719,0.014189,0.048601,0.744483
49531352,0.665659,0.014087,0.048108,0.744571
49539685,0.665521,0.014459,0.048090,0.744688
49548018,0.665248,0.015449,0.048579,0.744880
49556351,0.665026,0.016372,0.049066,0.745027
49564684,0.664700,0.016675,0.048986,0.745316
49573017,0.664556,0.017073,0.049005,0.745434
49581350,0.664445,0.017647,0.049367,0.745496
49589683,0.664455,0.017900,0.049376,0.745480
49598016,0.664316,0.018103,0.049337,0.745602
49606349,0.664186,0.018221,0.049229,0.745722
49614682,0.664102,0.018079,0.048827,0.745827
49623015,0.664232,0.017879,0.048233,0.745754
49631348,0.664139,0.017775,0.047813,0.745867
49639681,0.664229,0.017418,0.047160,0.745836
49648014,0.664190,0.017471,0.046919,0.745885
49656347,0.664164,0.018264,0.047266,0.745868
49664680,0.664239,0.018859,0.047495,0.745771
49673013,0.664263,0.019405,0.047826,0.745715
49681346,0.664184,0.019962,0.048204,0.745746
49689679,0.664082,0.019990,0.047972,0.745851
49698012,0.664179,0.020007,0.047961,0.745765
49706345,0.664270,0.019893,0.047688,0.745705
49714678,0.664428,0.019810,0.047604,0.745571
49723011,0.664589,0.019643,0.047411,0.745444
49731344,0.664665,0.019461,0.047189,0.745396
49739677,0.664853,0.019063,0.046715,0.745268
49748010,0.664944,0.018561,0.046233,0.745230
49756343,0.665037,0.018414,0.046044,0.745162
49764676,0.664947,0.018334,0.046028,0.745246
49773009,0.665011,0.018540,0.046255,0.745169
49781342,0.664972,0.018483,0.046299,0.745203
49789675,0.665104,0.018465,0.046290,0.745086
49798008,0.665280,0.018547,0.046463,0.744916
49806341,0.665312,0.018671,0.046726,0.744868
49814674,0.665348,0.018945,0.047166,0.744801
49823007,0.665350,0.019022,0.047481,0.744777
49831340,0.665236,0.018904,0.047524,0.744879
49839673,0.665207,0.018848,0.047618,0.744900
49848006,0.665236,0.018938,0.047950,0.744851
49856339,0.665288,0.018854,0.048073,0.744799
49864672,0.665447,0.018863,0.048236,0.744646
49873005,0.665530,0.018641,0.048219,0.744578
49881338,0.665567,0.018209,0.048054,0.744567
49889671,0.665690,0.017708,0.047857,0.744482
49898004,0.665850,0.017234,0.047547,0.744370
49906337,0.665981,0.016945,0.047416,0.744267
49914670,0.666117,0.016737,0.047418,0.744150
49923003,0.666254,0.016501,0.047425,0.744033
49931336,0.666275,0.016443,0.047573,0.744005
49939669,0.666428,0.016564,0.047841,0.743848
49948002,0.666481,0.016819,0.048276,0.743767
49956335,0.666549,0.017102,0.048730,0.743670
49964668,0.666569,0.017409,0.049164,0.743616
49973001,0.666650,0.017774,0.049620,0.743505
49981334,0.666674,0.017677,0.049610,0.743486
49989667,0.666595,0.017523,0.049579,0.743563
49998000,0.666518,0.017334,0.049497,0.743642
50006333,0.666625,0.017311,0.049484,0.743547
50014666,0.666558,0.017255,0.049496,0.743608
50022999,0.666409,0.016755,0.049066,0.743781
