Timestamp (us),W,X,Y,Z
0,0.664735,0.165299,0.034663,0.727738
8333,0.664568,0.165361,0.034390,0.727889
16666,0.664535,0.165669,0.034149,0.727861
24999,0.664618,0.165788,0.034934,0.727721
33332,0.664499,0.165627,0.035123,0.727856
41665,0.664433,0.165601,0.034963,0.727930
49998,0.664447,0.165528,0.034757,0.727944
58331,0.664439,0.165484,0.034711,0.727963
66664,0.664556,0.165098,0.034505,0.727954
74997,0.664574,0.165142,0.034283,0.727939
83330,0.664579,0.165396,0.034516,0.727865
91663,0.664599,0.165250,0.034906,0.727862
99996,0.664548,0.165487,0.034908,0.727854
108329,0.664658,0.165338,0.034573,0.727804
116662,0.664638,0.165248,0.034550,0.727843
124995,0.664682,0.165364,0.034453,0.727781
133328,0.664836,0.165417,0.034333,0.727635
141661,0.664845,0.165463,0.034218,0.727621
149994,0.664895,0.165394,0.034184,0.727593
158327,0.664894,0.165492,0.034114,0.727574
166660,0.664838,0.165547,0.034148,0.727611
174993,0.664836,0.164793,0.034125,0.727785
183326,0.664914,0.165078,0.034165,0.727648
191659,0.664880,0.165028,0.034052,0.727695
199992,0.664960,0.165352,0.033882,0.727557
208325,0.665005,0.165243,0.033889,0.727540
216658,0.664924,0.164837,0.033295,0.727734
224991,0.665002,0.164420,0.033048,0.727768
233324,0.665136,0.164070,0.033248,0.727716
241657,0.665083,0.163772,0.033561,0.727816
249990,0.664936,0.164049,0.033288,0.727901
258323,0.665025,0.164123,0.032972,0.727817
266656,0.665057,0.164522,0.032831,0.727704
274989,0.665029,0.164388,0.032813,0.727761
283322,0.664925,0.164789,0.032766,0.727768
291655,0.664793,0.164208,0.032832,0.728017
299988,0.664898,0.164333,0.033014,0.727884
308321,0.664814,0.164537,0.033054,0.727913
316654,0.664751,0.163696,0.032925,0.728166
324987,0.664645,0.163887,0.032249,0.728250
333320,0.664525,0.164302,0.031940,0.728280
341653,0.664446,0.164311,0.031926,0.728350
349986,0.664261,0.164282,0.031935,0.728525
358319,0.664477,0.165172,0.032204,0.728115
366652,0.664575,0.164626,0.032532,0.728135
374985,0.664520,0.165056,0.032606,0.728084
383318,0.664607,0.165336,0.032903,0.727928
391651,0.664557,0.165611,0.032760,0.727917
399984,0.664510,0.165284,0.032596,0.728042
408317,0.664602,0.165443,0.032722,0.727916
416650,0.664576,0.165442,0.032659,0.727943
424983,0.664607,0.165370,0.032831,0.727923
433316,0.664678,0.164805,0.033015,0.727979
441649,0.664777,0.164664,0.033144,0.727914
449982,0.664766,0.164624,0.033150,0.727933
458315,0.664764,0.164795,0.033329,0.727888
466648,0.664833,0.165435,0.033353,0.727678
474981,0.664896,0.165623,0.033322,0.727580
483314,0.664880,0.165454,0.033186,0.727639
491647,0.664918,0.165851,0.033305,0.727508
499980,0.664820,0.165896,0.033285,0.727589
508313,0.664732,0.165793,0.033129,0.727699
516646,0.664595,0.165933,0.033190,0.727790
524979,0.664586,0.165991,0.033148,0.727786
533312,0.664577,0.165577,0.033771,0.727861
541645,0.664647,0.165978,0.033450,0.727720
549978,0.664522,0.165970,0.033304,0.727843
558311,0.664504,0.165961,0.033042,0.727873
566644,0.664435,0.165878,0.033213,0.727948
574977,0.664532,0.165748,0.033273,0.727886
583310,0.664533,0.165598,0.032826,0.727939
591643,0.664551,0.165592,0.032576,0.727936
599976,0.664447,0.165217,0.032661,0.728112
608309,0.664512,0.165332,0.032676,0.728026
616642,0.664557,0.165237,0.032775,0.728002
624975,0.664571,0.165429,0.033121,0.727930
633308,0.664759,0.165505,0.033920,0.727704
641641,0.664750,0.165514,0.034341,0.727691
649974,0.664678,0.165745,0.034580,0.727692
658307,0.664702,0.165682,0.034883,0.727670
666640,0.664634,0.165506,0.034764,0.727778
674973,0.664677,0.165334,0.034666,0.727783
683306,0.664491,0.165263,0.034012,0.728000
691639,0.664123,0.165641,0.033820,0.728258
699972,0.664024,0.164964,0.033583,0.728513
708305,0.663705,0.164412,0.033166,0.728947
716638,0.662953,0.164252,0.031915,0.729723
724971,0.662100,0.164549,0.030325,0.730498
733304,0.661261,0.164991,0.028199,0.731243
741637,0.660022,0.166285,0.026504,0.732132
749970,0.658669,0.166256,0.023784,0.733450
758303,0.657137,0.166075,0.020677,0.734958
766636,0.655351,0.166342,0.017804,0.736565
774969,0.653269,0.166466,0.014941,0.738448
783302,0.650792,0.165554,0.012114,0.740888
791635,0.648328,0.165071,0.010990,0.743170
799968,0.645574,0.164712,0.009850,0.745659
808301,0.643024,0.164192,0.008539,0.747989
816634,0.639748,0.164250,0.006952,0.750797
824967,0.636777,0.163525,0.005293,0.753490
833300,0.633552,0.163861,0.004140,0.756138
841633,0.630958,0.164398,0.002908,0.758193
849966,0.628735,0.165254,0.002455,0.759854
858299,0.626324,0.165322,0.001274,0.761831
866632,0.624125,0.165706,0.000010,0.763551
874965,0.621761,0.165463,-0.001877,0.765527
883298,0.619206,0.166497,-0.004675,0.767360
891631,0.615796,0.167862,-0.005784,0.769795
899964,0.612915,0.168766,-0.007545,0.771878
908297,0.609606,0.170333,-0.010196,0.774121
916630,0.606718,0.172526,-0.011356,0.775886
924963,0.603193,0.175747,-0.012654,0.777889
933296,0.599363,0.179525,-0.013897,0.779963
941629,0.596051,0.183567,-0.015299,0.781532
949962,0.592435,0.189044,-0.016764,0.782944
958295,0.588579,0.195757,-0.018353,0.784166
966628,0.584553,0.204810,-0.019753,0.784832
974961,0.579999,0.214319,-0.020926,0.785640
983294,0.576098,0.224080,-0.022074,0.785756
991627,0.573305,0.235654,-0.020240,0.784461
999960,0.570197,0.246983,-0.018692,0.783278
1008293,0.567291,0.258312,-0.015546,0.781802
1016626,0.564527,0.270098,-0.010709,0.779898
1024959,0.562644,0.280257,-0.005383,0.777727
1033292,0.561496,0.289258,0.001371,0.775274
1041625,0.560400,0.296507,0.008118,0.773285
1049958,0.559351,0.302257,0.013645,0.771739
1058291,0.558171,0.306318,0.019884,0.770856
1066624,0.557580,0.307740,0.025836,0.770541
1074957,0.557671,0.308145,0.030382,0.770147
1083290,0.557326,0.306380,0.034937,0.770908
1091623,0.556987,0.302475,0.038500,0.772523
1099956,0.557527,0.298493,0.041381,0.773533
1108289,0.557289,0.292720,0.043857,0.775771
1116622,0.556794,0.285752,0.047048,0.778533
1124955,0.555874,0.277340,0.050126,0.782032
1133288,0.556518,0.268279,0.055324,0.784381
1141621,0.555917,0.257785,0.060475,0.787938
1149954,0.555294,0.246497,0.065333,0.791593
1158287,0.554729,0.234512,0.071024,0.795133
1166620,0.554299,0.222055,0.076848,0.798460
1174953,0.554597,0.208044,0.084370,0.801262
1183286,0.554969,0.193505,0.093362,0.803647
1191619,0.555724,0.178439,0.102701,0.805470
1199952,0.556151,0.162943,0.112516,0.807147
1208285,0.557105,0.147306,0.123941,0.807820
1216618,0.556977,0.130345,0.134816,0.809081
1224951,0.556177,0.111615,0.145626,0.810557
1233284,0.554747,0.092791,0.155841,0.812009
1241617,0.552526,0.072559,0.163991,0.813976
1249950,0.549893,0.050944,0.171100,0.815933
1258283,0.547328,0.029019,0.179230,0.816986
1266616,0.544684,0.007222,0.187755,0.817322
1274949,0.543498,-0.016160,0.197377,0.815715
1283282,0.542202,-0.041824,0.207050,0.813264
1291615,0.541192,-0.069371,0.218320,0.809095
1299948,0.538299,-0.099146,0.228463,0.805114
1308281,0.534948,-0.129357,0.241115,0.799350
1316614,0.529678,-0.160587,0.252106,0.793785
1324947,0.522788,-0.191267,0.263359,0.787878
1333280,0.515034,-0.221005,0.274728,0.781295
1341613,0.506685,-0.247241,0.284165,0.775495
1349946,0.497476,-0.270767,0.292176,0.770608
1358279,0.487914,-0.292842,0.299602,0.765782
1366612,0.477802,-0.313710,0.304571,0.761923
1374945,0.467505,-0.333580,0.308614,0.758235
1383278,0.456058,-0.354906,0.311400,0.754376
1391611,0.445264,-0.374019,0.313688,0.750633
1399944,0.434606,-0.391504,0.315755,0.747088
1408277,0.425649,-0.405869,0.318218,0.743526
1416610,0.418627,-0.417367,0.321917,0.739544
1424943,0.413144,-0.425504,0.325863,0.736255
1433276,0.410050,-0.431452,0.329900,0.732717
1441609,0.407767,-0.434550,0.332978,0.730765
1449942,0.408085,-0.434799,0.337626,0.728303
1458275,0.409521,-0.433787,0.343200,0.725489
1466608,0.411506,-0.431869,0.348579,0.722942
1474941,0.413373,-0.430349,0.354322,0.719985
1483274,0.414383,-0.427976,0.357655,0.719171
1491607,0.416725,-0.424170,0.363964,0.716904
1499940,0.418088,-0.423208,0.370706,0.713214
1508273,0.419153,-0.421826,0.376165,0.710545
1516606,0.419358,-0.419791,0.381142,0.708975
1524939,0.418718,-0.418229,0.385849,0.707729
1533272,0.416709,-0.417530,0.389869,0.707124
1541605,0.414923,-0.418828,0.394929,0.704594
1549938,0.411522,-0.421421,0.399768,0.702310
1558271,0.408517,-0.423410,0.403177,0.700919
1566604,0.403277,-0.424885,0.404378,0.702366
1574937,0.399462,-0.425618,0.406296,0.702996
1583270,0.396175,-0.428203,0.408156,0.702209
1591603,0.393898,-0.429614,0.410191,0.701441
1599936,0.393270,-0.431060,0.413616,0.698890
1608269,0.393483,-0.430855,0.414982,0.698087
1616602,0.394413,-0.430473,0.416436,0.696931
1624935,0.395308,-0.430087,0.417391,0.696090
1633268,0.398025,-0.429936,0.418621,0.693893
1641601,0.400503,-0.429893,0.420916,0.691100
1649934,0.403102,-0.428454,0.421749,0.689973
1658267,0.406116,-0.427588,0.422684,0.688169
1666600,0.408650,-0.426763,0.423344,0.686773
1674933,0.410587,-0.424776,0.422551,0.687339
1683266,0.413247,-0.425455,0.422544,0.685326
1691599,0.415802,-0.424340,0.421966,0.684828
1699932,0.417403,-0.424591,0.420905,0.684351
1708265,0.419792,-0.423591,0.420690,0.683641
1716598,0.421915,-0.422941,0.420196,0.683040
1724931,0.423134,-0.424203,0.418858,0.682325
1733264,0.424923,-0.422949,0.417951,0.682548
1741597,0.426563,-0.422075,0.416136,0.683174
1749930,0.427130,-0.421950,0.414667,0.683790
1758263,0.427893,-0.421279,0.413525,0.684418
1766596,0.428653,-0.420501,0.411898,0.685402
1774929,0.428702,-0.419080,0.410265,0.687219
1783262,0.428361,-0.418021,0.408135,0.689341
1791595,0.428359,-0.415300,0.408651,0.690680
1799928,0.428753,-0.411320,0.407120,0.693714
1808261,0.427032,-0.407037,0.405417,0.698284
1816594,0.427151,-0.401291,0.405233,0.701637
1824927,0.427285,-0.394947,0.404105,0.705793
1833260,0.427112,-0.389811,0.403777,0.708934
1841593,0.427544,-0.383873,0.404798,0.711327
1849926,0.428160,-0.376162,0.403009,0.716076
1858259,0.428482,-0.368796,0.402022,0.720258
1866592,0.429638,-0.360652,0.402896,0.723198
1874925,0.430978,-0.352262,0.403039,0.726450
1883258,0.432419,-0.342763,0.403334,0.729965
1891591,0.434488,-0.334071,0.404254,0.732254
1899924,0.436396,-0.325051,0.404993,0.734766
1908257,0.438531,-0.315521,0.405653,0.737281
1916590,0.440266,-0.305846,0.407514,0.739294
1924923,0.441920,-0.296772,0.408861,0.741260
1933256,0.443648,-0.287429,0.411407,0.742499
1941589,0.444868,-0.279165,0.413653,0.743674
1949922,0.446084,-0.270227,0.416257,0.744793
1958255,0.447180,-0.261469,0.419885,0.745225
1966588,0.448260,-0.253239,0.422424,0.745983
1974921,0.448132,-0.245925,0.425219,0.746919
1983254,0.447363,-0.239977,0.428108,0.747664
1991587,0.445662,-0.235072,0.430158,0.749060
1999920,0.444037,-0.229770,0.431659,0.750804
2008252,0.442219,-0.227349,0.433355,0.751637
2016586,0.439306,-0.225609,0.433834,0.753590
2024919,0.436704,-0.223804,0.433293,0.755949
2033252,0.433529,-0.222367,0.433274,0.758208
2041585,0.430422,-0.221626,0.432086,0.760869
2049918,0.427000,-0.222023,0.430362,0.763653
2058250,0.425158,-0.221985,0.428335,0.765828
2066584,0.422016,-0.223010,0.425432,0.768880
2074917,0.419430,-0.222406,0.424151,0.771175
2083250,0.417259,-0.222524,0.421788,0.773610
2091583,0.415570,-0.222592,0.420884,0.774991
2099916,0.413958,-0.222980,0.418671,0.776938
2108249,0.412571,-0.222695,0.416863,0.778729
2116582,0.411716,-0.222341,0.415764,0.779868
2124915,0.411459,-0.222160,0.415460,0.780217
2133248,0.410899,-0.221633,0.414123,0.781373
2141581,0.410749,-0.221713,0.413021,0.782012
2149914,0.410895,-0.221118,0.412684,0.782281
2158247,0.412210,-0.220905,0.412977,0.781495
2166580,0.412681,-0.220361,0.412170,0.781826
2174913,0.413600,-0.221043,0.411396,0.781555
2183246,0.414987,-0.220877,0.411583,0.780768
2191579,0.416217,-0.220830,0.410491,0.780701
2199912,0.418034,-0.221170,0.410559,0.779597
2208245,0.419230,-0.220972,0.410818,0.778875
2216578,0.420676,-0.221103,0.411028,0.777947
2224911,0.422157,-0.222288,0.411026,0.776807
2233244,0.423678,-0.223049,0.411694,0.775406
2241577,0.424774,-0.224712,0.411584,0.774384
2249910,0.426154,-0.225366,0.412733,0.772822
2258243,0.427366,-0.226827,0.414010,0.771041
2266576,0.428104,-0.229968,0.414096,0.769653
2274909,0.429386,-0.231253,0.415013,0.768059
2283242,0.430504,-0.233594,0.416107,0.766130
2291575,0.431267,-0.237509,0.415363,0.764900
2299908,0.431511,-0.240844,0.415481,0.763654
2308241,0.431718,-0.244848,0.415287,0.762369
2316574,0.431343,-0.249691,0.414860,0.761242
2324907,0.431015,-0.254262,0.413935,0.760418
2333240,0.430718,-0.259491,0.412999,0.759327
2341573,0.429933,-0.264625,0.412133,0.758471
2349906,0.429194,-0.269939,0.411613,0.757298
2358239,0.428663,-0.274974,0.410688,0.756289
2366572,0.428755,-0.279769,0.411488,0.754039
2374905,0.428673,-0.285238,0.410289,0.752689
2383238,0.428262,-0.290119,0.409577,0.751445
2391571,0.428070,-0.294011,0.409118,0.750291
2399904,0.428147,-0.299818,0.408823,0.748106
2408237,0.427596,-0.303884,0.410215,0.746016
2416570,0.427351,-0.306978,0.412973,0.743364
2424903,0.426829,-0.310662,0.413051,0.742088
2433236,0.426842,-0.314411,0.414869,0.739483
2441569,0.425996,-0.318703,0.416310,0.737320
2449902,0.425321,-0.321896,0.417705,0.735532
2458235,0.424450,-0.324695,0.419039,0.734045
2466568,0.423351,-0.327824,0.419619,0.732957
2474901,0.422090,-0.330540,0.419313,0.732639
2483234,0.420800,-0.333376,0.419872,0.731775
2491567,0.420384,-0.335003,0.420090,0.731146
2499900,0.419882,-0.336051,0.421041,0.730407
2508233,0.419986,-0.336815,0.421435,0.729767
2516566,0.420790,-0.337320,0.422048,0.728716
2524899,0.421511,-0.336316,0.420548,0.729630
2533232,0.422157,-0.335924,0.420147,0.729668
2541565,0.424338,-0.334089,0.420753,0.728895
2549898,0.427038,-0.330957,0.421658,0.728225
2558231,0.430066,-0.328591,0.423492,0.726447
2566564,0.432628,-0.326219,0.424621,0.725335
2574897,0.434947,-0.324431,0.426609,0.723582
2583230,0.437220,-0.321906,0.428460,0.722245
2591563,0.439699,-0.319705,0.429998,0.720802
2599896,0.442251,-0.317439,0.431670,0.719240
2608229,0.443827,-0.315881,0.433058,0.718121
2616562,0.444939,-0.314258,0.434262,0.717418
2624895,0.446497,-0.312053,0.435694,0.716543
2633228,0.448397,-0.310680,0.438506,0.714234
2641561,0.448889,-0.308847,0.438717,0.714591
2649894,0.450147,-0.306464,0.439300,0.714467
2658227,0.451721,-0.305214,0.439081,0.714144
2666560,0.453259,-0.303144,0.439093,0.714043
2674893,0.454248,-0.302458,0.439581,0.713405
2683226,0.455368,-0.300357,0.440227,0.713180
2691559,0.456159,-0.298689,0.439611,0.713755
2699892,0.457306,-0.296975,0.439537,0.713782
2708225,0.459253,-0.295635,0.439500,0.713110
2716558,0.460612,-0.294776,0.438265,0.713350
2724891,0.462780,-0.292964,0.438843,0.712337
2733224,0.465471,-0.291417,0.442254,0.709101
2741557,0.467746,-0.290275,0.442309,0.708038
2749890,0.469221,-0.289971,0.442140,0.707291
2758223,0.471041,-0.290513,0.442436,0.705672
2766556,0.471898,-0.290808,0.441624,0.705487
2774889,0.471997,-0.293102,0.439651,0.705704
2783222,0.473142,-0.295074,0.440987,0.703277
2791555,0.473231,-0.296442,0.441019,0.702621
2799888,0.473030,-0.298755,0.439661,0.702629
2808221,0.472418,-0.301494,0.438608,0.702528
2816554,0.472135,-0.304664,0.437500,0.702041
2824887,0.471877,-0.307462,0.436615,0.701546
2833220,0.470834,-0.311214,0.435131,0.701514
2841553,0.470614,-0.314934,0.432909,0.701376
2849886,0.469800,-0.318282,0.430571,0.701850
2858219,0.469929,-0.321356,0.431150,0.700005
2866552,0.468875,-0.325515,0.429923,0.699545
2874885,0.468217,-0.329279,0.427354,0.699798
2883218,0.466552,-0.331783,0.422911,0.702421
2891551,0.466596,-0.333738,0.421495,0.702317
2899884,0.466619,-0.336715,0.422051,0.700545
2908217,0.466740,-0.338161,0.421392,0.700164
2916550,0.466710,-0.338875,0.420253,0.700523
2924883,0.466686,-0.339553,0.420926,0.699807
2933216,0.467108,-0.341218,0.420858,0.698755
2941549,0.467200,-0.342137,0.420098,0.698702
2949882,0.467112,-0.343492,0.419386,0.698524
2958215,0.467077,-0.345627,0.419275,0.697559
2966548,0.466183,-0.347852,0.418139,0.697734
2974881,0.464565,-0.349568,0.416364,0.699015
2983214,0.462399,-0.353781,0.415222,0.699011
2991547,0.460530,-0.357527,0.414182,0.698956
2999880,0.456425,-0.360752,0.409671,0.702640
3008213,0.452725,-0.364864,0.405775,0.705168
3016546,0.449116,-0.367377,0.404363,0.706979
3024879,0.444909,-0.369587,0.402062,0.709794
3033212,0.440690,-0.371365,0.400378,0.712445
3041545,0.436155,-0.373472,0.398558,0.715149
3049878,0.431535,-0.374617,0.396984,0.718223
3058211,0.427000,-0.374604,0.395976,0.721489
3066544,0.422528,-0.372787,0.394397,0.725914
3074877,0.418592,-0.370700,0.393398,0.729795
3083210,0.414596,-0.368038,0.392920,0.733670
3091543,0.410422,-0.364261,0.392086,0.738333
3099876,0.405814,-0.361142,0.391415,0.742756
3108209,0.402309,-0.357431,0.390427,0.746965
3116542,0.399137,-0.353278,0.390180,0.750762
3124875,0.395812,-0.349833,0.391305,0.753545
3133208,0.392084,-0.347755,0.391879,0.756153
3141541,0.388128,-0.344248,0.391063,0.760210
3149874,0.383918,-0.339822,0.390235,0.764751
3158207,0.379966,-0.336669,0.390482,0.767987
3166540,0.376602,-0.333112,0.392392,0.770218
3174873,0.373019,-0.327585,0.394325,0.773339
3183206,0.368909,-0.326338,0.396221,0.774867
3191539,0.364709,-0.320509,0.397910,0.778415
3199872,0.361415,-0.315690,0.399769,0.780963
3208205,0.356761,-0.311074,0.401059,0.784287
3216538,0.352376,-0.307237,0.403768,0.786389
3224871,0.347463,-0.301924,0.405595,0.789686
3233204,0.342524,-0.298960,0.406851,0.792321
3241537,0.337860,-0.296178,0.408836,0.794344
3249870,0.333037,-0.290806,0.409333,0.798101
3258203,0.329021,-0.286688,0.411688,0.800043
3266536,0.324468,-0.283857,0.411673,0.802914
3274869,0.319869,-0.281125,0.412550,0.805267
3283202,0.315170,-0.277573,0.411796,0.808731
3291535,0.310926,-0.275231,0.412476,0.810824
3299868,0.307181,-0.272119,0.412553,0.813259
3308201,0.303762,-0.269151,0.412033,0.815791
3316534,0.299840,-0.266770,0.411472,0.818304
3324867,0.297161,-0.264299,0.411432,0.820100
3333200,0.293903,-0.261925,0.412207,0.821646
3341533,0.291977,-0.259077,0.413180,0.822746
3349866,0.289749,-0.256855,0.411860,0.824889
3358199,0.287904,-0.255466,0.411152,0.826319
3366532,0.286751,-0.253110,0.411395,0.827323
3374865,0.285500,-0.250834,0.411402,0.828445
3383198,0.285225,-0.248262,0.410743,0.829640
3391531,0.286165,-0.247506,0.411141,0.829345
3399864,0.285943,-0.245704,0.409024,0.831003
3408197,0.286541,-0.245209,0.407804,0.831543
3416530,0.287728,-0.244842,0.406801,0.831732
3424863,0.289967,-0.243316,0.406951,0.831328
3433196,0.292676,-0.241878,0.406768,0.830888
3441529,0.295380,-0.241648,0.406483,0.830138
3449862,0.298259,-0.240651,0.406516,0.829381
3458195,0.301185,-0.240613,0.406234,0.828472
3466528,0.305014,-0.238595,0.407119,0.827220
3474861,0.308119,-0.238811,0.406837,0.826145
3483194,0.311756,-0.236612,0.407466,0.825103
3491527,0.315246,-0.236588,0.407981,0.823528
3499860,0.319027,-0.236896,0.409166,0.821392
3508193,0.322770,-0.237646,0.410223,0.819183
3516526,0.325644,-0.238675,0.409599,0.818058
3524859,0.327397,-0.241668,0.409009,0.816774
3533192,0.329911,-0.243784,0.411512,0.813871
3541525,0.332030,-0.247144,0.411168,0.812168
3549858,0.332833,-0.251713,0.409916,0.811068
3558191,0.334425,-0.255895,0.409368,0.809380
3566524,0.334652,-0.260338,0.407497,0.808813
3574857,0.334780,-0.265594,0.405357,0.808126
3583190,0.336426,-0.271159,0.404526,0.806008
3591523,0.337224,-0.274157,0.402926,0.805461
3599856,0.339275,-0.276722,0.401403,0.804483
3608189,0.340834,-0.280708,0.399172,0.803553
3616522,0.343847,-0.282639,0.398667,0.801841
3624855,0.346056,-0.283200,0.396182,0.801924
3633188,0.349916,-0.284845,0.395808,0.799849
3641521,0.353695,-0.285878,0.395509,0.797964
3649854,0.357813,-0.286031,0.395736,0.795958
3658187,0.362505,-0.287024,0.397348,0.792667
3666520,0.366927,-0.287589,0.399569,0.789304
3674853,0.370448,-0.288908,0.398480,0.787727
3683186,0.374203,-0.290279,0.400607,0.784362
3691519,0.376242,-0.293932,0.404167,0.780189
3699852,0.377845,-0.297719,0.405568,0.777246
3708185,0.378744,-0.300787,0.406301,0.775242
3716518,0.379528,-0.305196,0.404610,0.774018
3724851,0.378964,-0.310459,0.406684,0.771109
3733184,0.379346,-0.316042,0.409278,0.767271
3741517,0.377230,-0.319900,0.405028,0.768969
3749850,0.375820,-0.325190,0.401906,0.769079
3758183,0.375100,-0.330067,0.397839,0.769467
3766516,0.374539,-0.333620,0.397789,0.768233
3774849,0.374703,-0.338676,0.396094,0.766815
3783182,0.375352,-0.342279,0.395260,0.765327
3791515,0.376282,-0.344644,0.393446,0.764743
3799848,0.377991,-0.347804,0.391821,0.763303
3808181,0.380316,-0.348812,0.391121,0.762047
3816514,0.382950,-0.350212,0.390139,0.760587
3824847,0.385642,-0.351416,0.389600,0.758946
3833180,0.388797,-0.352543,0.390288,0.756456
3841513,0.391854,-0.352389,0.389965,0.755116
3849846,0.394158,-0.352795,0.389233,0.754104
3858179,0.397399,-0.352309,0.388749,0.752879
3866512,0.400274,-0.353322,0.387043,0.751759
3874845,0.402443,-0.354432,0.385191,0.751030
3883178,0.405076,-0.354556,0.383794,0.750270
3891511,0.407545,-0.355327,0.381719,0.749627
3899844,0.409055,-0.356450,0.379966,0.749162
3908177,0.410550,-0.358287,0.377401,0.748764
3916510,0.411672,-0.360628,0.374720,0.748371
3924843,0.412364,-0.362341,0.371975,0.748532
3933176,0.412680,-0.364243,0.368846,0.748983
3941509,0.412929,-0.366073,0.366825,0.748946
3949842,0.412807,-0.368605,0.364506,0.748903
3958175,0.412598,-0.370707,0.362732,0.748842
3966508,0.411724,-0.372342,0.360002,0.749829
3974841,0.410248,-0.375099,0.357330,0.750541
3983174,0.408644,-0.377996,0.355185,0.750981
3991507,-0.406545,0.381027,-0.353250,-0.751501
3999840,-0.404248,0.382891,-0.351256,-0.752727
4008173,-0.401204,0.385211,-0.349183,-0.754135
4016505,-0.397954,0.387394,-0.346870,-0.755804
4024839,-0.394521,0.389686,-0.345007,-0.757277
4033172,-0.391460,0.391613,-0.343873,-0.758386
4041505,-0.387809,0.393519,-0.342574,-0.759862
4049838,-0.382468,0.395674,-0.339098,-0.763002
4058170,-0.377690,0.397154,-0.336859,-0.765601
4066504,-0.373225,0.398709,-0.335163,-0.767724
4074837,-0.368600,0.400006,-0.330953,-0.771102
4083170,-0.363601,0.400780,-0.329992,-0.773482
4091503,-0.358921,0.401478,-0.327568,-0.776331
4099836,0.353789,-0.401851,0.327807,0.778391
4108169,0.348500,-0.402312,0.328083,0.780419
4116501,0.343951,-0.402726,0.327875,0.782309
4124835,0.338260,-0.404020,0.326479,0.784703
4133168,0.332416,-0.404285,0.325583,0.787432
4141501,0.327029,-0.404510,0.325850,0.789459
4149834,0.321084,-0.405155,0.322374,0.792988
4158166,0.314745,-0.405719,0.319936,0.796221
4166500,0.307869,-0.407160,0.319433,0.798374
4174833,0.299843,-0.408516,0.316286,0.801980
4183166,0.292432,-0.409664,0.313523,0.805210
4191499,0.284385,-0.412580,0.313362,0.806664
4199832,0.276086,-0.415603,0.307881,0.810099
4208165,0.267404,-0.420181,0.303205,0.812410
4216498,0.257944,-0.424704,0.300826,0.814000
4224831,0.248715,-0.428747,0.294307,0.817129
4233164,0.237947,-0.434608,0.287306,0.819727
4241497,0.227635,-0.438223,0.282041,0.822554
4249830,0.216356,-0.441805,0.279796,0.824447
4258163,0.205598,-0.444278,0.273460,0.827989
4266496,0.194479,-0.447535,0.264597,0.831793
4274829,0.184478,-0.450381,0.258028,0.834593
4283162,0.173571,-0.451991,0.250696,0.838289
4291495,0.162071,-0.452838,0.244307,0.842012
4299828,-0.151040,0.455785,-0.239086,-0.843970
4308161,-0.140966,0.455113,-0.235611,-0.847046
4316494,-0.131165,0.455133,-0.227775,-0.850746
4324827,-0.120651,0.455236,-0.221649,-0.853859
4333160,-0.112231,0.456790,-0.214183,-0.856080
4341493,-0.102554,0.456115,-0.209379,-0.858838
4349826,-0.092741,0.455990,-0.203084,-0.861527
4358159,-0.084117,0.453947,-0.195059,-0.865337
4366492,-0.075762,0.452517,-0.193157,-0.867282
4374825,-0.067599,0.450364,-0.186901,-0.870443
4383158,-0.059057,0.447589,-0.185116,-0.872874
4391491,-0.050457,0.445953,-0.183917,-0.874502
4399824,-0.044181,0.441609,-0.183382,-0.877155
4408157,-0.037138,0.438118,-0.178731,-0.880187
4416490,-0.030581,0.433136,-0.181796,-0.882275
4424823,-0.023042,0.427721,-0.181692,-0.885162
4433156,-0.018645,0.424727,-0.183555,-0.886322
4441489,-0.015173,0.419662,-0.187097,-0.888058
4449822,-0.009475,0.414832,-0.189848,-0.889822
4458155,-0.002147,0.411474,-0.192281,-0.890905
4466488,0.002013,0.406834,-0.196001,-0.892225
4474821,0.007351,0.403532,-0.198889,-0.893057
4483154,0.013542,0.401182,-0.200504,-0.893682
4491487,0.019002,0.397188,-0.202912,-0.894822
4499820,0.020065,0.394011,-0.208843,-0.894839
4508153,0.024930,0.391941,-0.212352,-0.894800
4516486,0.030520,0.386182,-0.210673,-0.897524
4524819,0.035491,0.384522,-0.213327,-0.897427
4533152,0.040646,0.383826,-0.214785,-0.897158
4541485,0.045361,0.381522,-0.214773,-0.897918
4549818,0.051383,0.379059,-0.214645,-0.898667
4558151,0.057823,0.379275,-0.212990,-0.898578
4566484,0.063286,0.376978,-0.212158,-0.899373
4574817,0.070642,0.377572,-0.209446,-0.899212
4583150,0.076659,0.377196,-0.208115,-0.899186
4591483,0.082114,0.375556,-0.206908,-0.899669
4599816,0.088973,0.375643,-0.204904,-0.899439
4608149,0.097380,0.375923,-0.201923,-0.899125
4616482,0.101026,0.376298,-0.200197,-0.898952
4624815,0.108489,0.376882,-0.198320,-0.898254
4633148,0.113556,0.377727,-0.196204,-0.897737
4641481,0.120047,0.377164,-0.193692,-0.897675
4649814,0.127009,0.379676,-0.191717,-0.896080
4658147,0.133802,0.380209,-0.188677,-0.895510
4666480,0.141379,0.382190,-0.185496,-0.894167
4674813,0.146281,0.385302,-0.182835,-0.892589
4683146,0.154056,0.388090,-0.177184,-0.891212
4691479,0.162604,0.391471,-0.171873,-0.889253
4699812,0.169396,0.396411,-0.166246,-0.886863
4708145,0.182877,0.400068,-0.158292,-0.883994
4716478,0.194509,0.404926,-0.150345,-0.880680
4724811,0.205571,0.410084,-0.141390,-0.877258
4733144,0.217094,0.415051,-0.132623,-0.873507
4741477,0.230667,0.421375,-0.123128,-0.868375
4749810,0.240923,0.426146,-0.116016,-0.864231
4758143,0.254299,0.430376,-0.108016,-0.859326
4766476,0.268198,0.435079,-0.097871,-0.853931
4774809,0.282982,0.438905,-0.088777,-0.848176
4783142,0.296495,0.442715,-0.079974,-0.842436
4791475,0.307332,0.445138,-0.072819,-0.837912
4799808,0.319215,0.447102,-0.064915,-0.833059
4808141,0.330079,0.448964,-0.058348,-0.828296
4816474,0.340247,0.449796,-0.052864,-0.824088
4824807,0.349104,0.450891,-0.046803,-0.820142
4833140,0.357437,0.451935,-0.041549,-0.816252
4841473,0.365245,0.452290,-0.036215,-0.812845
4849806,0.369966,0.453915,-0.032351,-0.809963
4858139,0.376493,0.456613,-0.024615,-0.805699
4866472,0.381477,0.458575,-0.019900,-0.802364
4874805,0.385072,0.459916,-0.017140,-0.799939
4883138,0.387940,0.461897,-0.013561,-0.797477
4891471,0.389942,0.464573,-0.009315,-0.795003
4899804,0.392467,0.467270,-0.006511,-0.792204
4908137,0.395752,0.469497,-0.001250,-0.789273
4916470,0.399151,0.471544,0.003570,-0.786328
4924803,0.402731,0.473022,0.008832,-0.783569
4933136,0.405782,0.474692,0.014520,-0.780895
4941469,0.409271,0.475744,0.021032,-0.778282
4949802,0.413156,0.476698,0.028210,-0.775413
4958135,0.416576,0.477521,0.035818,-0.772758
4966468,0.421422,0.477137,0.042559,-0.770021
4974801,0.427199,0.477872,0.050726,-0.765876
4983134,0.432192,0.478253,0.058020,-0.762311
4991467,0.436688,0.478956,0.066108,-0.758640
4999800,0.441258,0.479105,0.075171,-0.755049
5008133,0.446677,0.479125,0.082123,-0.751115
5016466,0.452422,0.479244,0.090726,-0.746598
5024799,0.456873,0.479117,0.097077,-0.743162
5033132,0.461348,0.478738,0.103995,-0.739698
5041465,0.466443,0.478693,0.111013,-0.735500
5049798,0.472318,0.479260,0.119358,-0.730054
5058131,0.477109,0.479955,0.127149,-0.725151
5066464,0.482242,0.480081,0.134200,-0.720385
5074797,0.487918,0.479355,0.141050,-0.715723
5083130,0.493442,0.479288,0.148398,-0.710476
5091463,0.498842,0.479628,0.156144,-0.704793
5099796,0.503439,0.480719,0.163489,-0.699092
5108129,0.509613,0.479893,0.170110,-0.693585
5116462,0.516262,0.479642,0.177064,-0.687070
5124795,0.523275,0.478487,0.183592,-0.680829
5133128,0.530008,0.477710,0.190558,-0.674220
5141461,0.538308,0.476865,0.197778,-0.666114
5149794,0.546708,0.474738,0.203621,-0.658994
5158127,0.553714,0.473799,0.208163,-0.652368
5166460,0.559325,0.474353,0.212293,-0.645815
5174793,0.568508,0.471457,0.217497,-0.638139
5183126,0.577080,0.468952,0.221374,-0.630916
5191459,0.584602,0.466264,0.223904,-0.625064
5199792,0.590728,0.465899,0.228049,-0.618038
5208125,0.598700,0.466456,0.231605,-0.608552
5216458,0.603488,0.467693,0.235388,-0.601379
5224791,0.611464,0.466592,0.237384,-0.593341
5233124,0.617642,0.465425,0.240209,-0.586684
5241457,0.625079,0.463640,0.242087,-0.579403
5249790,0.630639,0.464443,0.243175,-0.572235
5258123,0.636170,0.464489,0.245397,-0.565083
5266456,0.640723,0.465281,0.246394,-0.558819
5274789,0.648293,0.463181,0.248151,-0.550999
5283122,0.654388,0.462850,0.250537,-0.542934
5291455,0.658444,0.465112,0.253250,-0.534778
5299788,0.664268,0.464559,0.255411,-0.526971
5308121,0.669876,0.463608,0.257395,-0.519693
5316454,0.675348,0.462720,0.257766,-0.513179
5324787,0.679661,0.461912,0.262754,-0.505627
5333120,0.686150,0.459888,0.265140,-0.497395
5341453,0.693446,0.456503,0.265960,-0.489900
5349786,0.699289,0.453549,0.270155,-0.481980
5358119,0.703961,0.450554,0.273873,-0.475850
5366452,0.709597,0.446930,0.276458,-0.469358
5374785,0.714557,0.442388,0.275985,-0.466405
5383118,0.720235,0.439041,0.280800,-0.457882
5391451,0.725212,0.438323,0.284900,-0.448077
5399784,0.729987,0.433560,0.286268,-0.444067
5408117,0.733857,0.429202,0.285952,-0.442120
5416450,0.736974,0.426618,0.289039,-0.437405
5424783,0.741874,0.422321,0.288628,-0.433546
5433116,0.745807,0.420710,0.288580,-0.428365
5441449,0.748151,0.418597,0.289066,-0.426013
5449782,0.751913,0.417907,0.288153,-0.420653
5458115,0.753794,0.416725,0.289896,-0.417247
5466448,0.759225,0.412236,0.288087,-0.413093
5474781,0.764702,0.409551,0.285658,-0.407306
5483114,0.764119,0.413524,0.285549,-0.404453
5491447,0.765454,0.416177,0.283592,-0.400566
5499780,0.769658,0.416176,0.282534,-0.393191
5508113,0.771579,0.418255,0.281752,-0.387741
5516446,0.773097,0.420011,0.280549,-0.383672
5524779,0.775021,0.420594,0.278670,-0.380508
5533112,0.777620,0.421084,0.277416,-0.375548
5541445,0.780851,0.422820,0.275503,-0.368230
5549778,0.783719,0.424454,0.273651,-0.361577
5558111,0.785910,0.425646,0.272643,-0.356142
5566444,0.788581,0.425098,0.273339,-0.350309
5574777,0.791222,0.426602,0.272741,-0.342915
5583110,0.794184,0.427821,0.272147,-0.334927
5591443,0.796841,0.427725,0.271508,-0.329210
5599776,0.799710,0.427490,0.270774,-0.323107
5608109,0.801460,0.427821,0.271773,-0.317444
5616442,0.803304,0.427586,0.274581,-0.310609
5624775,0.806442,0.426928,0.274835,-0.303066
5633108,0.809580,0.426476,0.272899,-0.297026
5641441,0.812268,0.425741,0.273262,-0.290332
5649774,0.814920,0.424926,0.273640,-0.283662
5658107,0.816727,0.424510,0.273674,-0.279017
5666440,0.817628,0.425223,0.275494,-0.273448
5674773,0.818619,0.424714,0.277055,-0.269669
5683106,0.820206,0.423063,0.282700,-0.261457
5691439,0.820902,0.423731,0.282957,-0.257890
5699772,0.821871,0.423650,0.283297,-0.254543
5708105,0.822456,0.423444,0.285872,-0.250077
5716438,0.823090,0.423123,0.288808,-0.245112
5724771,0.823851,0.422228,0.291864,-0.240433
5733104,0.824545,0.421494,0.294762,-0.235762
5741437,0.824918,0.420469,0.299210,-0.230631
5749770,0.826500,0.416551,0.304047,-0.225694
5758103,0.828350,0.412233,0.308371,-0.220923
5766436,0.829817,0.408562,0.313869,-0.214401
5774769,0.830898,0.405614,0.316563,-0.211833
5783102,0.830874,0.404119,0.321843,-0.206768
5791435,0.830417,0.402899,0.327642,-0.201819
5799768,0.830641,0.400561,0.333196,-0.196383
5808101,0.830206,0.398932,0.338843,-0.191825
5816434,0.829332,0.397707,0.345020,-0.187081
5824767,0.830578,0.393947,0.348652,-0.182722
5833100,0.830700,0.391663,0.353113,-0.178463
5841433,0.829950,0.389939,0.359008,-0.173908
5849766,0.829482,0.388226,0.364118,-0.169286
5858099,0.829013,0.386068,0.369799,-0.164128
5866432,0.828334,0.384290,0.374475,-0.161099
5874765,0.827886,0.382158,0.378923,-0.158043
5883098,0.827694,0.379368,0.383312,-0.155160
5891431,0.826847,0.376754,0.389031,-0.151778
5899764,0.825975,0.374760,0.393519,-0.149879
5908097,0.825730,0.372660,0.397492,-0.145926
5916430,0.824658,0.370542,0.403446,-0.140959
5924763,0.823794,0.368673,0.407237,-0.140005
5933096,0.823201,0.366809,0.410671,-0.138352
5941429,0.822807,0.365113,0.413900,-0.135531
5949762,0.823256,0.362510,0.415979,-0.133407
5958095,0.822904,0.361365,0.417240,-0.134740
5966428,0.821577,0.360857,0.419433,-0.137367
5974761,0.820083,0.360630,0.422094,-0.138734
5983094,0.816196,0.364892,0.424846,-0.142070
5991427,0.813301,0.366704,0.427652,-0.145545
5999760,0.809427,0.370349,0.430403,-0.149742
6008093,0.806434,0.371774,0.433106,-0.154489
6016426,0.802665,0.374929,0.435532,-0.159593
6024759,0.801121,0.374539,0.437099,-0.163922
6033092,0.800172,0.373507,0.438698,-0.166618
6041425,0.798648,0.372984,0.440007,-0.171579
6049758,0.796547,0.373600,0.440509,-0.178570
6058091,0.795360,0.373794,0.440606,-0.183159
6066424,0.793780,0.375270,0.440817,-0.186455
6074757,0.792942,0.375098,0.440216,-0.191713
6083090,0.792661,0.373519,0.439517,-0.197475
6091423,0.793561,0.371944,0.437332,-0.201640
6099756,0.793695,0.377771,0.430001,-0.206002
6108089,0.791490,0.382571,0.428074,-0.209611
6116422,0.790586,0.384649,0.425399,-0.214602
6124755,0.790155,0.386154,0.421935,-0.220253
6133088,0.789782,0.386815,0.418967,-0.226020
6141421,0.787406,0.386306,0.420156,-0.232871
6149754,0.787416,0.388473,0.416248,-0.236223
6158087,0.786249,0.387570,0.415216,-0.243307
6166420,0.784734,0.388899,0.414355,-0.247510
6174753,0.782782,0.390678,0.413567,-0.252161
6183086,0.781671,0.391523,0.412635,-0.255798
6191419,0.780941,0.392788,0.409576,-0.260952
6199752,0.779249,0.393341,0.408932,-0.266135
6208085,0.777722,0.396474,0.407003,-0.268898
6216418,0.777023,0.397839,0.404817,-0.272180
6224751,0.775253,0.398719,0.405031,-0.275601
6233084,0.774223,0.400426,0.403945,-0.277606
6241417,0.775977,0.395245,0.404247,-0.279690
6249750,0.774252,0.399099,0.401527,-0.282894
6258083,0.771551,0.402304,0.401278,-0.286070
6266416,0.770575,0.402886,0.400895,-0.288412
6274749,0.770582,0.401542,0.400770,-0.290434
6283082,0.772102,0.398998,0.399682,-0.291398
6291415,0.770186,0.401318,0.399705,-0.293247
6299748,0.769812,0.401196,0.398601,-0.295887
6308081,0.770008,0.399712,0.398588,-0.297398
6316414,0.768565,0.401458,0.397269,-0.300527
6324747,0.767346,0.403337,0.395917,-0.302902
6333080,0.767670,0.404139,0.394162,-0.303298
6341413,0.769216,0.403620,0.391838,-0.303083
6349746,0.768778,0.402773,0.391741,-0.305440
6358079,0.768507,0.403983,0.390442,-0.306186
6366412,0.769869,0.402178,0.388404,-0.307729
6374745,0.770276,0.401371,0.387442,-0.308974
6383078,0.770647,0.399631,0.386408,-0.311588
6391411,0.770867,0.399811,0.384030,-0.313744
6399744,0.771777,0.398827,0.381069,-0.316360
6408077,0.769368,0.400725,0.380202,-0.320841
6416410,0.768451,0.402090,0.378133,-0.323763
6424743,0.766893,0.403770,0.376753,-0.326958
6433076,0.765978,0.404446,0.375248,-0.329986
6441409,0.765968,0.405010,0.372556,-0.332358
6449742,0.764134,0.407511,0.371528,-0.334666
6458075,0.763662,0.408612,0.369754,-0.336360
6466408,0.762548,0.410339,0.368230,-0.338451
6474741,0.761368,0.411946,0.365785,-0.341789
6483074,0.761223,0.413044,0.363120,-0.343624
6491407,0.761077,0.412696,0.361422,-0.346146
6499740,0.760752,0.414495,0.361282,-0.344856
6508073,0.758743,0.417123,0.361054,-0.346349
6516406,0.758689,0.418291,0.360907,-0.345209
6524739,0.758935,0.417278,0.360165,-0.346667
6533072,0.758379,0.418365,0.361149,-0.345548
6541405,0.759167,0.418292,0.361025,-0.344033
6549738,0.759831,0.417980,0.361019,-0.342949
6558071,0.759842,0.417701,0.361233,-0.343042
6566404,0.760350,0.417692,0.361087,-0.342078
6574737,0.760042,0.418931,0.361351,-0.340966
6583070,0.760690,0.418929,0.361766,-0.339078
6591403,0.762201,0.416629,0.360229,-0.340154
6599736,0.762303,0.416850,0.360513,-0.339353
6608069,0.762401,0.416547,0.359283,-0.340806
6616402,0.762615,0.415654,0.360266,-0.340379
6624735,0.759643,0.421575,0.357131,-0.343037
6633068,0.756899,0.426571,0.356029,-0.344069
6641401,0.755615,0.428389,0.355269,-0.345417
6649734,0.754039,0.431157,0.355853,-0.344815
6658067,0.753178,0.432175,0.356254,-0.345008
6666400,0.752673,0.432776,0.357215,-0.344362
6674733,0.753187,0.432524,0.357871,-0.342872
6683066,0.753221,0.432436,0.358315,-0.342444
6691399,0.756762,0.424791,0.364813,-0.337307
6699732,0.756837,0.424238,0.367252,-0.335180
6708065,0.755937,0.427264,0.366894,-0.333755
6716398,0.755552,0.426485,0.367861,-0.334559
6724731,0.756711,0.425791,0.368211,-0.332432
6733064,0.758113,0.425249,0.367288,-0.330950
6741397,0.759172,0.423925,0.368900,-0.328417
6749730,0.760511,0.422537,0.370424,-0.325379
6758063,0.760280,0.424097,0.371641,-0.322488
6766396,0.761939,0.422317,0.372924,-0.319413
6774729,0.765949,0.415857,0.376365,-0.314220
6783062,0.768725,0.411971,0.377365,-0.311348
6791395,0.769690,0.412116,0.379391,-0.306269
6799728,0.771725,0.410270,0.381068,-0.301506
6808061,0.774375,0.406860,0.382983,-0.296870
6816394,0.777726,0.402971,0.384890,-0.290889
6824727,0.783054,0.395125,0.387957,-0.283180
6833060,0.787340,0.388965,0.390147,-0.276744
6841393,0.791025,0.384022,0.393135,-0.268797
6849726,0.792802,0.383320,0.393818,-0.263511
6858059,0.796255,0.378386,0.396560,-0.256013
6866392,0.798441,0.376192,0.396826,-0.251993
6874725,0.801230,0.371539,0.399406,-0.245893
6883058,0.803101,0.369633,0.400154,-0.241408
6891391,0.805961,0.365677,0.401290,-0.235951
6899724,0.807556,0.363598,0.402556,-0.231513
6908057,0.809272,0.363276,0.400982,-0.228744
6916390,0.811010,0.362229,0.401161,-0.223880
6924723,0.813222,0.360910,0.399900,-0.220212
6933056,0.814222,0.362707,0.398512,-0.216042
6941389,0.816266,0.363023,0.395787,-0.212784
6949722,0.818037,0.363047,0.394111,-0.209019
6958055,0.819931,0.365184,0.388857,-0.207710
6966388,0.820837,0.369038,0.384530,-0.205367
6974721,0.821953,0.371868,0.380487,-0.203315
6983054,0.822418,0.375517,0.377991,-0.199344
6991387,0.822988,0.379864,0.373103,-0.197960
6999720,0.824547,0.381965,0.368453,-0.196130
7008053,0.825247,0.383771,0.366508,-0.193283
7016386,0.826969,0.386614,0.360814,-0.190959
7024719,0.827824,0.390352,0.356192,-0.188308
7033052,0.828850,0.392306,0.353164,-0.185416
7041385,0.830595,0.394116,0.348105,-0.183320
7049718,0.832148,0.395945,0.343141,-0.181691
7058051,0.833628,0.396242,0.341622,-0.177061
7066384,0.834645,0.397016,0.338804,-0.175947
7074717,0.836008,0.397788,0.335846,-0.173385
7083050,0.837940,0.396291,0.333911,-0.171211
7091383,0.841112,0.392439,0.330845,-0.170482
7099716,0.842552,0.392085,0.328250,-0.169199
7108049,0.843267,0.394095,0.325006,-0.167215
7116382,0.844971,0.392459,0.323077,-0.166196
7124715,0.845656,0.391702,0.322480,-0.165658
7133048,0.846510,0.391530,0.320830,-0.164903
7141381,0.847651,0.391046,0.317800,-0.166051
7149714,0.848128,0.390871,0.315953,-0.167550
7158047,0.848210,0.391055,0.314645,-0.169156
7166380,0.849260,0.389768,0.312033,-0.171679
7174713,0.849628,0.389095,0.311067,-0.173131
7183046,0.848989,0.389700,0.311094,-0.174849
7191379,0.848993,0.389591,0.309657,-0.177604
7199712,0.849861,0.388559,0.306533,-0.181097
7208045,0.849270,0.389439,0.305765,-0.183265
7216378,0.848113,0.391459,0.304787,-0.185930
7224711,0.847888,0.392120,0.302662,-0.189006
7233044,0.847524,0.392076,0.300904,-0.193482
7241377,0.847169,0.392611,0.299755,-0.195725
7249710,0.846598,0.393212,0.298203,-0.199328
7258043,0.847326,0.391795,0.296095,-0.202145
7266376,0.846986,0.392379,0.295393,-0.203464
7274709,0.846464,0.392848,0.295101,-0.205148
7283042,0.844636,0.395074,0.295624,-0.207634
7291375,0.842591,0.397959,0.296339,-0.209407
7299708,0.840945,0.400659,0.296304,-0.210922
7308041,0.839791,0.402806,0.295137,-0.213053
7316374,0.839690,0.403130,0.293962,-0.214458
7324707,0.839805,0.402906,0.294190,-0.214117
7333040,0.839568,0.402699,0.293367,-0.216554
7341373,0.839295,0.404450,0.292008,-0.216185
7349706,0.839288,0.405590,0.288773,-0.218410
7358039,0.840009,0.404368,0.287231,-0.219931
7366372,0.840781,0.403449,0.285154,-0.221369
7374705,0.841101,0.403425,0.283772,-0.221971
7383038,0.842091,0.400257,0.284264,-0.223317
7391371,0.842192,0.400500,0.282122,-0.225209
7399704,0.841839,0.401222,0.281862,-0.225568
7408037,0.843267,0.396192,0.284635,-0.225644
7416370,0.843768,0.394094,0.285658,-0.226152
7424703,0.843830,0.393201,0.286622,-0.226254
7433036,0.843683,0.392558,0.288528,-0.225498
7441369,0.845204,0.386543,0.290763,-0.227313
7449702,0.845516,0.383437,0.293297,-0.228155
7458035,0.844781,0.382556,0.296227,-0.228572
7466368,0.845738,0.376899,0.300105,-0.229372
7474701,0.844697,0.376110,0.303216,-0.230407
7483034,0.844762,0.373965,0.303610,-0.233127
7491367,0.843730,0.373546,0.305478,-0.235089
7499700,0.842063,0.373977,0.308376,-0.236590
7508033,0.841662,0.371234,0.310987,-0.238909
7516366,0.840461,0.369995,0.313703,-0.241496
7524699,0.839810,0.368880,0.314398,-0.244542
7533032,0.838021,0.368811,0.317808,-0.246370
7541365,0.836825,0.367377,0.321094,-0.248309
7549698,0.836829,0.364066,0.322606,-0.251193
7558031,0.835978,0.362314,0.325478,-0.252851
7566364,0.834550,0.362497,0.327330,-0.254907
7574697,0.833091,0.362300,0.328311,-0.258670
7583030,0.831321,0.361536,0.331491,-0.261363
7591363,0.829896,0.360969,0.333224,-0.264454
7599696,0.828552,0.360741,0.336212,-0.265196
7608029,0.827528,0.360900,0.337097,-0.267048
7616362,0.827109,0.359674,0.335999,-0.271348
7624695,0.826308,0.358821,0.335712,-0.275245
7633028,0.823748,0.360739,0.336317,-0.279638
7641361,0.821542,0.362407,0.337179,-0.282915
7649694,0.820082,0.363683,0.335780,-0.287145
7658027,0.819163,0.364078,0.334279,-0.290991
7666360,0.817826,0.364672,0.333090,-0.295340
7674693,0.816372,0.365356,0.332904,-0.298708
7683026,0.815000,0.367148,0.331008,-0.302342
7691359,0.814885,0.365131,0.330398,-0.305744
7699692,0.812868,0.368516,0.326463,-0.311228
7708025,0.811027,0.370874,0.324204,-0.315561
7716358,0.809347,0.371529,0.323322,-0.319979
7724691,0.807802,0.372968,0.321424,-0.324095
7733024,0.806442,0.374266,0.318418,-0.328917
7741357,0.804775,0.376147,0.316259,-0.332914
7749690,0.803405,0.376878,0.315613,-0.335994
7758023,0.801115,0.379409,0.315045,-0.339131
7766356,0.799047,0.380760,0.313170,-0.344195
7774689,0.797404,0.383363,0.312430,-0.345785
7783022,0.795916,0.384676,0.310770,-0.349234
7791355,0.795265,0.385185,0.310971,-0.349976
7799688,0.794445,0.385943,0.310337,-0.351563
7808021,0.793701,0.386756,0.310423,-0.352272
7816354,0.792641,0.387739,0.309841,-0.354087
7824687,0.792348,0.388174,0.310473,-0.353711
7833020,0.792442,0.388029,0.310638,-0.353516
7841353,0.792009,0.388885,0.310851,-0.353357
7849686,0.791652,0.389904,0.311630,-0.352348
7858019,0.792163,0.389048,0.311408,-0.352341
7866352,0.792606,0.387241,0.310802,-0.353867
7874685,0.793035,0.386840,0.311761,-0.352498
7883018,0.793354,0.387399,0.311893,-0.351046
7891351,0.793322,0.388311,0.312416,-0.349645
7899684,0.793320,0.387942,0.311435,-0.350931
7908017,0.793756,0.387356,0.312227,-0.349889
7916350,0.793844,0.387249,0.312136,-0.349888
7924683,0.794601,0.386495,0.312035,-0.349091
7933016,0.794792,0.386343,0.312046,-0.348816
7941349,0.794708,0.385638,0.312855,-0.349062
7949682,0.795182,0.384312,0.314425,-0.348033
7958015,0.795421,0.382786,0.315666,-0.348046
7966348,0.795708,0.381028,0.317853,-0.347325
7974681,0.796083,0.378735,0.320737,-0.346323
7983014,0.796586,0.376501,0.322822,-0.345663
7991347,0.797008,0.374538,0.325123,-0.344667
7999680,0.798186,0.372093,0.327486,-0.342342
8008013,0.798769,0.370657,0.329266,-0.340830
8016346,0.799787,0.368994,0.329631,-0.339894
8024679,0.801026,0.367284,0.329284,-0.339164
8033011,0.801900,0.366914,0.327472,-0.339254
8041345,0.802625,0.367466,0.326685,-0.337695
8049678,0.803522,0.368052,0.324474,-0.337057
8058011,0.804928,0.368414,0.321995,-0.335681
8066344,0.806309,0.369414,0.319302,-0.333834
8074676,0.807367,0.371508,0.316403,-0.331707
8083010,0.807717,0.374414,0.314539,-0.329350
8091343,0.808314,0.378389,0.311479,-0.326239
8099676,0.810013,0.379586,0.310686,-0.321352
8108009,0.810840,0.381949,0.308643,-0.318422
8116341,0.812078,0.384524,0.306346,-0.314362
8124675,0.814514,0.386139,0.304527,-0.307778
8133008,0.816243,0.387848,0.304877,-0.300617
8141341,0.818478,0.389136,0.303713,-0.293982
8149674,0.821583,0.388981,0.302327,-0.286868
8158007,0.824460,0.390314,0.300025,-0.279118
8166340,0.827888,0.389250,0.297255,-0.273358
8174673,0.830510,0.389554,0.295335,-0.266980
8183006,0.832747,0.390324,0.293886,-0.260406
8191338,0.833927,0.392813,0.292782,-0.254052
8199672,0.837108,0.392047,0.289834,-0.248083
8208005,0.838857,0.393117,0.287976,-0.242587
8216338,0.840137,0.394804,0.286480,-0.237127
8224671,0.842286,0.394489,0.285466,-0.231173
8233003,0.842856,0.397446,0.283602,-0.226276
8241337,0.841529,0.403480,0.282332,-0.222085
8249670,0.842783,0.404583,0.281417,-0.216411
8258003,0.844446,0.404637,0.281079,-0.210177
8266336,0.846999,0.401867,0.281906,-0.204019
8274668,0.850017,0.398219,0.281809,-0.198688
8283002,0.850619,0.399725,0.280856,-0.194388
8291335,0.850804,0.401957,0.279998,-0.190167
8299668,0.851319,0.403323,0.279653,-0.185422
8308001,0.853182,0.402685,0.277677,-0.181165
8316333,0.856139,0.398389,0.277686,-0.176643
8324667,0.859254,0.393665,0.277727,-0.171982
8333000,0.860108,0.394643,0.275664,-0.168762
8341333,0.860302,0.395748,0.276219,-0.164219
8349666,0.861667,0.395277,0.275549,-0.159245
8357998,0.861472,0.395873,0.276687,-0.156827
8366332,0.861874,0.395428,0.277179,-0.154862
8374665,0.860833,0.398493,0.276393,-0.154199
8382998,0.860493,0.400629,0.274474,-0.153989
8391331,0.860164,0.400292,0.276978,-0.152211
8399664,0.860047,0.400317,0.278544,-0.149930
8407997,0.859810,0.401436,0.278222,-0.148893
8416330,0.858797,0.402793,0.279986,-0.147758
8424663,0.858064,0.403465,0.281875,-0.146591
8432996,0.856948,0.404732,0.283107,-0.147251
8441329,0.855828,0.406303,0.284521,-0.146713
8449662,0.854772,0.407299,0.286471,-0.146312
8457995,0.853915,0.408644,0.286949,-0.146625
8466328,0.852869,0.409577,0.289119,-0.145845
8474661,0.851973,0.410559,0.290561,-0.145458
8482994,0.851372,0.411383,0.291258,-0.145254
8491327,0.850995,0.411781,0.291840,-0.145165
8499660,0.850982,0.410526,0.293522,-0.145407
8507993,0.850847,0.410584,0.293442,-0.146193
8516326,0.851067,0.410133,0.293664,-0.145731
8524659,0.850307,0.410017,0.296292,-0.145176
8532992,0.850049,0.409016,0.298131,-0.145740
8541325,0.850726,0.407220,0.298963,-0.145113
8549658,0.851049,0.406021,0.298851,-0.146803
8557991,0.851430,0.404599,0.298990,-0.148225
8566324,0.850876,0.404141,0.299441,-0.151707
8574657,0.850446,0.403572,0.300005,-0.154495
8582990,0.850680,0.402570,0.299346,-0.157080
8591323,0.849957,0.402784,0.298015,-0.162868
8599656,0.849107,0.402278,0.298015,-0.168453
8607989,0.847957,0.402034,0.298443,-0.173980
8616322,0.846874,0.401335,0.298947,-0.179905
8624655,0.844904,0.401360,0.300135,-0.186991
8632988,0.841705,0.402864,0.303762,-0.192252
8641321,0.839423,0.403557,0.305941,-0.197257
8649654,0.836743,0.403714,0.308912,-0.203590
8657987,0.834255,0.402312,0.312766,-0.210571
8666320,0.832287,0.400433,0.317330,-0.215068
8674653,0.830429,0.397878,0.322347,-0.219484
8682986,0.828359,0.395401,0.327905,-0.223512
8691319,0.827129,0.392722,0.331823,-0.226982
8699652,0.826827,0.388438,0.337573,-0.226975
8707985,0.826015,0.384508,0.342732,-0.228884
8716318,0.826173,0.379577,0.346749,-0.230486
8724651,0.826338,0.375040,0.350111,-0.232236
8732984,0.825982,0.370944,0.354271,-0.233767
8741317,0.825790,0.367207,0.356807,-0.236471
8749650,0.825443,0.364601,0.358000,-0.239887
8757983,0.825058,0.360921,0.360178,-0.243491
8766316,0.824472,0.356545,0.363547,-0.246890
8774649,0.823012,0.355364,0.364249,-0.252369
8782982,0.821231,0.354424,0.365490,-0.257643
8791315,0.818982,0.353966,0.367933,-0.261920
8799648,0.815758,0.354701,0.370619,-0.267147
8807981,0.813275,0.355260,0.370484,-0.274071
8816314,0.811365,0.355156,0.370273,-0.280087
8824647,0.807856,0.355881,0.373495,-0.284988
8832980,0.804441,0.356763,0.375783,-0.290485
8841313,0.801017,0.358129,0.378357,-0.294892
8849646,0.798938,0.358348,0.379493,-0.298782
8857979,0.797556,0.357886,0.381245,-0.300789
8866312,0.795417,0.357296,0.384080,-0.303536
8874645,0.792504,0.358191,0.386483,-0.307032
8882978,0.790754,0.358549,0.387269,-0.310118
8891311,0.788810,0.358334,0.389516,-0.312494
8899644,0.788101,0.357599,0.391354,-0.312830
8907977,0.787727,0.356210,0.392719,-0.313645
8916310,0.786575,0.356863,0.393090,-0.315322
8924643,0.785533,0.357334,0.393229,-0.317209
8932976,0.784668,0.358070,0.393701,-0.317935
8941309,0.783748,0.359270,0.393719,-0.318825
8949642,0.783402,0.360296,0.392122,-0.320483
8957975,0.782373,0.361992,0.391779,-0.321501
8966308,0.781598,0.363566,0.391095,-0.322442
8974641,0.781178,0.365173,0.389517,-0.323552
8982974,0.781126,0.366219,0.388172,-0.324110
8991307,0.780813,0.368222,0.386996,-0.324003
8999640,0.780556,0.369646,0.385753,-0.324483
9007973,0.780642,0.370516,0.384794,-0.324423
9016306,0.781506,0.370533,0.383801,-0.323498
9024639,0.781163,0.372245,0.382167,-0.324294
9032972,0.781518,0.373182,0.382010,-0.322542
9041305,0.782564,0.373026,0.380942,-0.321447
9049638,0.783319,0.373501,0.379762,-0.320452
9057971,0.783838,0.373853,0.379037,-0.319628
9066304,0.784905,0.373381,0.379531,-0.316964
9074637,0.786049,0.373263,0.379615,-0.314158
9082970,0.787379,0.372446,0.379235,-0.312248
9091303,0.788550,0.371734,0.379012,-0.310408
9099636,0.789818,0.371127,0.378552,-0.308466
9107969,0.791160,0.371367,0.378501,-0.304778
9116302,0.792168,0.370470,0.379616,-0.301851
9124635,0.793397,0.370128,0.379304,-0.299425
9132968,0.795032,0.369205,0.379453,-0.296019
9141301,0.795644,0.369213,0.380319,-0.293241
9149634,0.796430,0.369506,0.380146,-0.290953
9157967,0.797046,0.369961,0.380878,-0.287713
9166300,0.799566,0.369037,0.380743,-0.282028
9174633,0.800805,0.369207,0.381910,-0.276664
9182966,0.801759,0.369553,0.381693,-0.273721
9191299,0.803701,0.369293,0.381287,-0.268901
9199632,0.806222,0.367675,0.381305,-0.263491
9207965,0.807960,0.367338,0.382004,-0.257558
9216298,0.809547,0.366964,0.383312,-0.251085
9224631,0.811623,0.365855,0.383509,-0.245640
9232964,0.813991,0.364863,0.383028,-0.239967
9241297,0.815504,0.364693,0.382226,-0.236337
9249630,0.817611,0.364400,0.380946,-0.231527
9257963,0.820794,0.362173,0.379758,-0.225636
9266296,0.822513,0.361506,0.379518,-0.220799
9274629,0.825393,0.360406,0.376773,-0.216508
9282962,0.827356,0.361247,0.374316,-0.211828
9291295,0.829758,0.361123,0.369838,-0.210502
9299628,0.831677,0.362306,0.366594,-0.206536
9307961,0.833891,0.362892,0.361855,-0.204932
9316294,0.835647,0.365007,0.356919,-0.202662
9324627,0.836684,0.367233,0.352432,-0.202217
9332960,0.837795,0.370520,0.346690,-0.201543
9341293,0.838486,0.374215,0.341744,-0.200290
9349626,0.839208,0.378064,0.335803,-0.200085
9357959,0.840302,0.380440,0.330422,-0.199946
9366292,0.840332,0.384591,0.325722,-0.199591
9374625,0.840356,0.387958,0.321486,-0.199843
9382958,0.840134,0.391902,0.318787,-0.197391
9391291,0.840573,0.395784,0.314296,-0.194960
9399624,0.840533,0.398946,0.310164,-0.195306
9407957,0.840354,0.401565,0.308826,-0.192815
9416290,0.840828,0.403066,0.306302,-0.191637
9424623,0.841159,0.404488,0.305762,-0.188018
9432956,0.841299,0.406212,0.305070,-0.184772
9441289,0.841539,0.407592,0.304486,-0.181573
9449622,0.841749,0.409205,0.304570,-0.176769
9457955,0.842451,0.409330,0.304785,-0.172716
9466288,0.842965,0.408524,0.307392,-0.167416
9474621,0.843331,0.410190,0.306426,-0.163217
9482954,0.843390,0.412211,0.306696,-0.157203
9491287,0.844028,0.412418,0.307079,-0.152416
9499620,0.844069,0.413833,0.307071,-0.148317
9507953,0.844663,0.414105,0.307770,-0.142617
9516286,0.845459,0.413625,0.308720,-0.137131
9524619,0.846831,0.412834,0.309000,-0.130244
9532952,0.847542,0.412411,0.309791,-0.124979
9541285,0.848061,0.411967,0.311092,-0.119573
9549618,0.849199,0.409846,0.312644,-0.114636
9557951,0.850182,0.408672,0.313549,-0.108923
9566284,0.850960,0.407686,0.314474,-0.103759
9574617,0.852188,0.405474,0.315714,-0.098448
9582950,0.853436,0.402906,0.317468,-0.092343
9591283,0.854434,0.400866,0.318470,-0.088460
9599616,0.854869,0.399061,0.320737,-0.084127
9607949,0.855897,0.396744,0.321716,-0.080825
9616282,0.856731,0.394291,0.323081,-0.078516
9624615,0.857582,0.392230,0.323813,-0.076508
9632948,0.857645,0.391005,0.325389,-0.075384
9641281,0.858719,0.388489,0.325933,-0.073793
9649614,0.859287,0.386571,0.326719,-0.073783
9657947,0.859566,0.384583,0.328099,-0.074791
9666280,0.860001,0.382713,0.329100,-0.074985
9674613,0.860235,0.381072,0.330139,-0.076082
9682946,0.860143,0.379802,0.331453,-0.077738
9691279,0.860317,0.378104,0.332618,-0.079105
9699612,0.860858,0.375662,0.333477,-0.081211
9707945,0.860653,0.373954,0.335082,-0.084588
9716278,0.860991,0.371490,0.336243,-0.087350
9724611,0.861314,0.369387,0.337308,-0.088964
9732944,0.861101,0.368155,0.338750,-0.090641
9741277,0.861152,0.366102,0.340012,-0.093692
9749610,0.861742,0.363556,0.340332,-0.096961
9757943,0.862013,0.362149,0.340209,-0.100202
9766276,0.861976,0.360546,0.341187,-0.102937
9774609,0.861743,0.359403,0.341745,-0.106950
9782942,0.861371,0.358670,0.342045,-0.111361
9791275,0.860607,0.358360,0.342423,-0.116967
9799608,0.860469,0.357762,0.341667,-0.121915
9807941,0.860141,0.357550,0.341032,-0.126540
9816274,0.859406,0.357934,0.340054,-0.132921
9824607,0.858045,0.357430,0.341573,-0.139035
9832940,0.856973,0.357756,0.340699,-0.146741
9841273,0.856321,0.357623,0.340039,-0.152294
9849606,0.854242,0.358805,0.341030,-0.158835
9857939,0.852392,0.359066,0.342050,-0.165836
9866272,0.850958,0.358035,0.343257,-0.172790
9874605,0.849327,0.357045,0.345284,-0.178719
9882938,0.847509,0.356149,0.347986,-0.183824
9891271,0.845808,0.354883,0.350841,-0.188620
9899604,0.844522,0.353068,0.353830,-0.192172
9907937,0.843998,0.350602,0.356069,-0.194833
9916270,0.843427,0.348975,0.357524,-0.197546
9924603,0.843053,0.347535,0.358516,-0.199870
9932936,0.843337,0.344586,0.360112,-0.200905
9941269,0.843447,0.342049,0.362388,-0.200683
9949602,0.844271,0.339166,0.362546,-0.201825
9957935,0.844353,0.338249,0.362777,-0.202603
9966268,0.844907,0.336219,0.363497,-0.202383
9974601,0.845117,0.335583,0.362844,-0.203728
9982934,0.845599,0.335014,0.361299,-0.205405
9991267,0.844672,0.337471,0.360413,-0.206749
9999600,0.843065,0.339048,0.361454,-0.208899
10007933,0.841791,0.341335,0.360888,-0.211280
10016266,0.840377,0.344471,0.360207,-0.212972
10024599,0.838736,0.346574,0.360726,-0.215140
10032932,0.837111,0.348906,0.360888,-0.217415
10041265,0.835521,0.350362,0.362331,-0.218785
10049598,0.834227,0.351567,0.363849,-0.219272
10057931,0.832929,0.353052,0.365854,-0.218482
10066264,0.833119,0.353367,0.365740,-0.217436
10074597,0.831687,0.353986,0.368017,-0.218069
10082930,0.830929,0.355072,0.368478,-0.218415
10091263,0.831041,0.354975,0.368644,-0.217862
10099596,0.830632,0.354251,0.369867,-0.218528
10107929,0.830961,0.353921,0.370210,-0.217230
10116262,0.830523,0.353297,0.371635,-0.217486
10124595,0.831248,0.351510,0.370799,-0.219033
10132928,0.831426,0.350835,0.371053,-0.219012
10141261,0.832636,0.346596,0.372226,-0.219174
10149594,0.832475,0.344692,0.373020,-0.221424
10157927,0.832386,0.345612,0.371003,-0.223701
10166260,0.831656,0.346692,0.370452,-0.225651
10174593,0.831598,0.345497,0.369382,-0.229418
10182926,0.830381,0.345806,0.369567,-0.233036
10191259,0.829023,0.346912,0.370202,-0.235208
10199592,0.828200,0.347554,0.369853,-0.237698
10207925,0.826667,0.348775,0.370634,-0.240019
10216258,0.825478,0.349312,0.371300,-0.242289
10224591,0.824308,0.349692,0.372796,-0.243423
10232924,0.823801,0.349648,0.372992,-0.244900
10241257,0.823057,0.349593,0.373994,-0.245947
10249590,0.822373,0.349538,0.375732,-0.245665
10257923,0.822396,0.347978,0.377304,-0.245394
10266256,0.821886,0.347535,0.379304,-0.244644
10274589,0.821737,0.346779,0.381270,-0.243157
10282922,0.821523,0.346365,0.383373,-0.241155
10291255,0.820789,0.345949,0.385578,-0.240738
10299588,0.820858,0.345366,0.386604,-0.239693
10307921,0.820211,0.343986,0.389771,-0.238762
10316254,0.820583,0.345226,0.388961,-0.237005
10324587,0.819530,0.345902,0.391425,-0.235603
10332920,0.819514,0.343533,0.394250,-0.234414
10341253,0.819169,0.342659,0.396649,-0.232845
10349586,0.818343,0.343043,0.398196,-0.232544
10357919,0.817783,0.343700,0.399810,-0.230765
10366252,0.817364,0.343346,0.402429,-0.228210
10374585,0.816795,0.342423,0.405627,-0.225963
10382918,0.816721,0.342975,0.406483,-0.223845
10391251,0.816412,0.342387,0.408827,-0.221592
10399584,0.816143,0.342027,0.409890,-0.221173
10407917,0.816987,0.341107,0.410175,-0.218938
10416250,0.816851,0.340704,0.412645,-0.215405
10424583,0.818317,0.339676,0.410753,-0.215080
10432916,0.818941,0.339848,0.410749,-0.212424
10441249,0.819686,0.339907,0.410061,-0.210782
10449582,0.820631,0.340413,0.408280,-0.209742
10457915,0.821934,0.341366,0.405337,-0.208796
10466248,0.823289,0.342467,0.401725,-0.208633
10474581,0.824335,0.344214,0.398736,-0.207361
10482914,0.825310,0.346405,0.395052,-0.206883
10491247,0.826115,0.349379,0.390723,-0.206893
10499580,0.826978,0.352168,0.386100,-0.207396
10507913,0.827351,0.356199,0.381141,-0.208192
10516246,0.828434,0.360014,0.375362,-0.207822
10524579,0.829075,0.364152,0.370464,-0.206846
10532912,0.829222,0.369275,0.364464,-0.207827
10541245,0.829376,0.373071,0.359544,-0.209003
10549578,0.829887,0.377122,0.354519,-0.208287
10557911,0.830153,0.381586,0.349350,-0.207829
10566244,0.829654,0.386250,0.344334,-0.209568
10574577,0.829560,0.390999,0.338438,-0.210736
10582910,0.828377,0.396697,0.334194,-0.211513
10591243,0.828529,0.400363,0.329149,-0.211921
10599576,0.828579,0.404124,0.324371,-0.211951
10607909,0.827904,0.408464,0.320831,-0.211662
10616242,0.826560,0.413425,0.317699,-0.212006
10624575,0.826831,0.416033,0.314516,-0.210585
10632908,0.826768,0.418362,0.311799,-0.210260
10641241,0.826126,0.421504,0.309076,-0.210529
10649574,0.826845,0.422850,0.306868,-0.208224
10657907,0.827072,0.424305,0.305625,-0.206178
10666240,0.827128,0.426709,0.303213,-0.204551
10674573,0.826130,0.430284,0.302636,-0.201931
10682906,0.826353,0.431871,0.301096,-0.199925
10691239,0.827163,0.431357,0.301435,-0.197153
10699572,0.827763,0.431125,0.301548,-0.194956
10707905,0.828646,0.430538,0.301182,-0.193057
10716238,0.829293,0.430575,0.301300,-0.189988
10724571,0.829719,0.429704,0.302256,-0.188581
10732904,0.830718,0.428517,0.301998,-0.187290
10741237,0.831932,0.427161,0.301446,-0.185882
10749570,0.832080,0.426616,0.301965,-0.185631
10757903,0.832757,0.425430,0.302033,-0.185205
10766236,0.832969,0.424429,0.302595,-0.185634
10774569,0.833409,0.422823,0.303314,-0.186145
10782902,0.833734,0.421178,0.304210,-0.186959
10791235,0.833344,0.420294,0.305087,-0.189243
10799568,0.833524,0.418937,0.305775,-0.190345
10807901,0.833582,0.417204,0.306246,-0.193121
10816234,0.833826,0.415248,0.307383,-0.194474
10824567,0.834248,0.413519,0.306508,-0.197700
10832900,0.833851,0.411753,0.307709,-0.201164
10841233,0.833792,0.410261,0.307426,-0.204858
10849566,0.833442,0.408681,0.307730,-0.208944
10857899,0.831929,0.408665,0.308151,-0.214311
10866232,0.831886,0.406668,0.308148,-0.218247
10874565,0.831667,0.405207,0.306885,-0.223513
10882898,0.830038,0.405430,0.306053,-0.230205
10891231,0.829213,0.404152,0.305168,-0.236515
10899564,0.827214,0.404441,0.304718,-0.243498
10907897,0.825566,0.404417,0.303495,-0.250556
10916230,0.823889,0.404556,0.301802,-0.257792
10924563,0.822396,0.404528,0.299322,-0.265383
10932896,0.820475,0.404407,0.297366,-0.273587
10941229,0.818116,0.405485,0.294207,-0.282331
10949562,0.815189,0.407396,0.290497,-0.291731
10957895,0.812327,0.408684,0.286654,-0.301548
10966228,0.809032,0.410444,0.282545,-0.311722
10974561,0.805080,0.412682,0.279156,-0.321887
10982894,0.800595,0.415378,0.274996,-0.332995
10991227,0.795328,0.418417,0.272291,-0.343858
10999560,0.789881,0.421421,0.270175,-0.354255
11007893,0.785071,0.423479,0.268532,-0.363621
11016226,0.780462,0.425422,0.267495,-0.371943
11024559,0.775583,0.427477,0.268277,-0.379158
11032892,0.771409,0.429071,0.268950,-0.385347
11041225,0.767964,0.429799,0.270704,-0.390158
11049558,0.764077,0.430978,0.272641,-0.395110
11057891,0.760775,0.432036,0.274619,-0.398938
11066224,0.756868,0.433841,0.277084,-0.402687
11074557,0.754439,0.434773,0.280567,-0.403827
11082890,0.752468,0.435520,0.281776,-0.405853
11091223,0.750214,0.436842,0.283602,-0.407330
11099556,0.748343,0.438112,0.285843,-0.407841
11107889,0.745544,0.440335,0.287610,-0.409329
11116222,0.743893,0.442049,0.288557,-0.409819
11124555,0.742268,0.444264,0.288362,-0.410506
11132888,0.740544,0.446412,0.287628,-0.411802
11141221,0.737973,0.449055,0.286660,-0.414212
11149554,0.735803,0.451488,0.286326,-0.415656
11157887,0.732321,0.455298,0.286716,-0.417378
11166220,0.728293,0.459076,0.285981,-0.420777
11174553,0.727124,0.460212,0.285166,-0.422110
11182886,0.724168,0.462117,0.284090,-0.425819
11191219,0.720604,0.464579,0.281688,-0.430754
11199552,0.716298,0.466971,0.280250,-0.436251
11207885,0.712342,0.468669,0.279540,-0.441333
11216218,0.708930,0.470024,0.278080,-0.446282
11224551,0.705244,0.470795,0.277247,-0.451793
11232884,0.700421,0.473023,0.276918,-0.457139
11241217,0.695915,0.474549,0.275946,-0.462990
11249550,0.691434,0.474760,0.275465,-0.469724
11257883,0.687088,0.475442,0.274164,-0.476129
11266216,0.682834,0.475559,0.273371,-0.482545
11274549,0.678040,0.476434,0.271806,-0.489280
11282882,0.672952,0.476398,0.270906,-0.496780
11291215,0.668193,0.476378,0.269385,-0.503999
11299548,0.663746,0.476182,0.269321,-0.510056
11307881,0.657739,0.477981,0.267475,-0.517079
11316214,0.652938,0.477781,0.266507,-0.523805
11324547,0.647193,0.478799,0.265785,-0.530331
11332880,0.641466,0.478928,0.264102,-0.537959
11341213,0.636413,0.479422,0.264527,-0.543285
11349546,0.632382,0.479540,0.264388,-0.547935
11357879,0.628025,0.480447,0.263364,-0.552625
11366212,0.623337,0.480524,0.263639,-0.557711
11374545,0.617182,0.483613,0.264073,-0.561668
11382878,0.613294,0.485808,0.265100,-0.563545
11391211,0.609135,0.488052,0.266064,-0.565659
11399544,0.605048,0.490688,0.266231,-0.567683
11407877,0.602849,0.492019,0.267456,-0.568293
11416210,0.600731,0.494280,0.266859,-0.568855
11424543,0.599076,0.495899,0.267220,-0.569021
11432876,0.595581,0.499085,0.266684,-0.570155
11441209,0.594348,0.500821,0.266403,-0.570051
11449542,0.591855,0.503062,0.266320,-0.570710
11457875,0.588453,0.506690,0.264520,-0.571854
11466208,0.587510,0.508989,0.263374,-0.571310
11474541,0.585431,0.510993,0.261910,-0.572329
11482874,0.585115,0.512476,0.261169,-0.571664
11491207,0.582826,0.514143,0.258577,-0.573680
11499540,0.583326,0.513410,0.256126,-0.574927
11507873,0.582134,0.515991,0.252950,-0.575231
11516206,0.581452,0.515767,0.251705,-0.576665
11524539,0.580803,0.516163,0.249457,-0.577941
11532872,0.579573,0.516624,0.248112,-0.579341
11541205,0.578575,0.516019,0.245556,-0.581960
11549538,0.577948,0.515654,0.244522,-0.583340
11557871,0.577282,0.514105,0.244330,-0.585444
11566204,0.576820,0.513257,0.242178,-0.587534
11574537,0.574914,0.513158,0.240844,-0.590031
11582870,0.574012,0.512311,0.240083,-0.591952
11591203,0.572669,0.510697,0.239043,-0.595061
11599536,0.571680,0.509573,0.238533,-0.597176
11607869,0.570405,0.508122,0.235764,-0.600721
11616202,0.568812,0.508071,0.233925,-0.602990
11624535,0.567834,0.507691,0.230842,-0.605414
11632868,0.565521,0.506339,0.227389,-0.610000
11641201,0.564645,0.505286,0.224047,-0.612915
11649534,0.563031,0.505605,0.219154,-0.615899
11657867,0.560701,0.505424,0.213681,-0.620082
11666200,0.558914,0.504789,0.208134,-0.624086
11674533,0.557915,0.504854,0.201461,-0.627110
11682866,0.556229,0.505660,0.192529,-0.630753
11691199,0.554289,0.506787,0.183826,-0.634144
11699532,0.551972,0.508550,0.175093,-0.637218
11707865,0.548982,0.511479,0.162578,-0.640763
11716198,0.545267,0.516100,0.151064,-0.643043
11724531,0.542545,0.519527,0.138098,-0.645496
11732864,0.539845,0.523460,0.125299,-0.647192
11741197,0.536188,0.528392,0.111458,-0.648754
11749530,0.534510,0.531896,0.098830,-0.649322
11757863,0.531955,0.536164,0.084532,-0.649928
11766196,0.529114,0.540449,0.071590,-0.650252
11774529,0.526876,0.544609,0.059207,-0.649844
11782862,0.523955,0.549617,0.045331,-0.649105
11791195,0.522100,0.553180,0.033752,-0.648277
11799528,0.521725,0.553741,0.023716,-0.648545
11807861,0.521185,0.555627,0.014511,-0.647637
11816194,0.520548,0.556736,0.004714,-0.647343
11824527,0.519654,0.558991,-0.003954,-0.646121
11832860,0.520507,0.557950,-0.011040,-0.646252
11841193,0.520047,0.558883,-0.017745,-0.645667
11849526,0.519654,0.558673,-0.024376,-0.645949
11857859,0.519294,0.557977,-0.029938,-0.646606
11866192,0.517907,0.558311,-0.035894,-0.647126
11874525,0.516239,0.558336,-0.041419,-0.648107
11882858,0.514966,0.557294,-0.045641,-0.649731
11891191,0.512370,0.556129,-0.050004,-0.652455
11899524,0.508079,0.558177,-0.055172,-0.653643
11907857,0.505306,0.558661,-0.058773,-0.655065
11916190,0.502083,0.558116,-0.062630,-0.657645
11924523,0.497627,0.558544,-0.066506,-0.660283
11932856,0.492935,0.559208,-0.070127,-0.662860
11941189,0.487879,0.559177,-0.072905,-0.666319
11949522,0.482362,0.559297,-0.076479,-0.669825
11957855,0.476540,0.558209,-0.078651,-0.674631
11966188,0.471045,0.557986,-0.081671,-0.678305
11974521,0.465751,0.557478,-0.083333,-0.682166
11982854,0.459271,0.556208,-0.085036,-0.687366
11991187,0.453612,0.555601,-0.088541,-0.691161
11999520,0.447449,0.554116,-0.091252,-0.696001
12007853,0.441492,0.552316,-0.092414,-0.701065
12016186,0.433886,0.551256,-0.095360,-0.706234
12024519,0.426232,0.550413,-0.097881,-0.711190
12032852,0.418194,0.549637,-0.100743,-0.716145
12041185,0.408916,0.548845,-0.104491,-0.721553
12049518,0.400675,0.546314,-0.106886,-0.727720
12057851,0.391450,0.543969,-0.110163,-0.733981
12066184,0.381691,0.542378,-0.113246,-0.739806
12074517,0.371518,0.540991,-0.115565,-0.745619
12082850,0.361236,0.540253,-0.118935,-0.750659
12091183,0.351070,0.536390,-0.121594,-0.757793
12099516,0.340598,0.534281,-0.125107,-0.763469
12107849,0.331571,0.531479,-0.127555,-0.768974
12116182,0.320397,0.528745,-0.131475,-0.774912
12124515,0.309406,0.523856,-0.134013,-0.782230
12132848,0.296482,0.520139,-0.136913,-0.789182
12141181,-0.284090,-0.515762,0.137126,0.796542
12149514,-0.272042,-0.511331,0.138025,0.803420
12157847,-0.257178,-0.506917,0.141200,0.810529
12166180,-0.241106,-0.503701,0.146816,0.816455
12174513,-0.227120,-0.498995,0.149739,0.822799
12182846,-0.209737,-0.496933,0.154261,0.827811
12191179,-0.194016,-0.494954,0.159446,0.831838
12199512,-0.179250,-0.491804,0.163248,0.836270
12207845,-0.164899,-0.489536,0.166614,0.839882
12216178,-0.151612,-0.487844,0.167972,0.843094
12224511,0.141859,0.486136,-0.170187,-0.845331
12232844,0.132214,0.486195,-0.171054,-0.846684
12241177,0.124264,0.487131,-0.170585,-0.847445
12249510,0.116497,0.487083,-0.171047,-0.848482
12257843,0.109866,0.486941,-0.170385,-0.849580
12266176,0.105286,0.487162,-0.166645,-0.850775
12274509,0.101415,0.488682,-0.161774,-0.851313
12282842,0.097836,0.491795,-0.156517,-0.850922
12291175,0.093701,0.493330,-0.149814,-0.851705
12299508,0.092338,0.496447,-0.141191,-0.851516
12307841,0.090939,0.500276,-0.134431,-0.850519
12316174,0.089740,0.503235,-0.125151,-0.850317
12324507,0.090839,0.506491,-0.117798,-0.849317
12332840,0.091456,0.509804,-0.111261,-0.848149
12341173,0.094000,0.510822,-0.104443,-0.848125
12349506,0.096820,0.511266,-0.098769,-0.848220
12357839,0.098526,0.514973,-0.092995,-0.846432
12366172,0.099104,0.517262,-0.089321,-0.845364
12374505,0.098968,0.516806,-0.086671,-0.845934
12382838,0.098576,0.516686,-0.084767,-0.846246
12391171,0.097988,0.517449,-0.083602,-0.845965
12399504,0.095783,0.517763,-0.083898,-0.845995
12407837,0.092786,0.518100,-0.085351,-0.845978
12416170,0.090053,0.518030,-0.086325,-0.846217
12424503,0.089003,0.519058,-0.087146,-0.845614
12432836,0.085487,0.517861,-0.088460,-0.846574
12441169,0.082414,0.518632,-0.091236,-0.846112
12449502,0.078876,0.520559,-0.094917,-0.844860
12457835,0.074852,0.521414,-0.097334,-0.844423
12466168,0.072962,0.521772,-0.099557,-0.844109
12474501,0.069996,0.520987,-0.103211,-0.844405
12482834,0.067348,0.520423,-0.105869,-0.844640
12491167,0.066489,0.520820,-0.109787,-0.843962
12499500,0.064951,0.519266,-0.113665,-0.844526
12507833,0.064651,0.518551,-0.116990,-0.844534
12516166,0.065032,0.516493,-0.119016,-0.845483
12524499,0.066674,0.515672,-0.120354,-0.845667
12532832,0.067064,0.512625,-0.122735,-0.847145
12541165,0.070930,0.510059,-0.124139,-0.848173
12549498,0.072610,0.505698,-0.126545,-0.850285
12557831,0.075607,0.504882,-0.128203,-0.850260
12566164,0.079921,0.502874,-0.130334,-0.850731
12574497,0.084382,0.502489,-0.132480,-0.850196
12582830,0.087766,0.499474,-0.135429,-0.851165
12591163,0.090909,0.498507,-0.138215,-0.850954
12599496,0.096687,0.496464,-0.140683,-0.851107
12607829,0.099713,0.495209,-0.143787,-0.850970
12616162,0.104164,0.493911,-0.147264,-0.850597
12624495,0.107681,0.491865,-0.149753,-0.850910
12632828,0.112919,0.490434,-0.151358,-0.850773
12641161,0.117931,0.487389,-0.152114,-0.851708
12649494,0.122786,0.485007,-0.153245,-0.852178
12657827,0.126832,0.481669,-0.154003,-0.853342
12666160,0.130928,0.477965,-0.155408,-0.854550
12674493,0.133874,0.476690,-0.157626,-0.854399
12682826,0.136571,0.475353,-0.158750,-0.854510
12691159,0.139502,0.474093,-0.159196,-0.854653
12699492,0.142330,0.473373,-0.160743,-0.854296
12707825,0.145764,0.472646,-0.160582,-0.854150
12716158,0.149365,0.471098,-0.160897,-0.854323
12724491,0.151639,0.470614,-0.161440,-0.854087
12732824,-0.153000,-0.469340,0.163397,0.854174
12741157,-0.154482,-0.466484,0.164086,0.855338
12749490,-0.156858,-0.464117,0.165812,0.855861
12757823,-0.157388,-0.461671,0.166585,0.856935
12766156,-0.159868,-0.459421,0.166488,0.857704
12774489,-0.158869,-0.456454,0.168943,0.858993
12782822,-0.156763,-0.452747,0.172399,0.860654
12791155,-0.154070,-0.450937,0.177386,0.861076
12799488,-0.151651,-0.447235,0.179721,0.862951
12807821,-0.149473,-0.445389,0.182726,0.863654
12816154,-0.147597,-0.441099,0.186184,0.865438
12824487,-0.145372,-0.437756,0.188571,0.866993
12832820,-0.144798,-0.435079,0.190505,0.868014
12841153,-0.144256,-0.432709,0.191244,0.869125
12849486,-0.146291,-0.427162,0.192342,0.871284
12857819,-0.150730,-0.423906,0.189700,0.872696
12866152,-0.154247,-0.423261,0.188255,0.872707
12874485,-0.164143,-0.414864,0.177710,0.877134
12882818,-0.177506,-0.411005,0.161058,0.879560
12891151,-0.189682,-0.410478,0.143918,0.880236
12899484,-0.207486,-0.406346,0.123290,0.881267
12907817,-0.222919,-0.404289,0.104978,0.880816
12916150,-0.233817,-0.404554,0.089622,0.879565
12924483,-0.245552,-0.402419,0.078017,0.878451
12932816,-0.249781,-0.403040,0.075495,0.877193
12941149,-0.254281,-0.397155,0.072292,0.878853
12949482,-0.256463,-0.396212,0.071505,0.878709
12957815,-0.255957,-0.392335,0.080611,0.879807
12966148,-0.256652,-0.388306,0.082253,0.881239
12974481,-0.259221,-0.381933,0.080686,0.883415
12982814,-0.261544,-0.375881,0.078847,0.885489
12991147,-0.261787,-0.378303,0.084814,0.883833
12999480,-0.265604,-0.372095,0.078730,0.885890
13007813,-0.270362,-0.362683,0.069155,0.889147
13016146,-0.272127,-0.359646,0.066125,0.890073
13024479,-0.273004,-0.357663,0.060554,0.890999
13032812,-0.276661,-0.355554,0.052176,0.891245
13041145,-0.276480,-0.353041,0.047403,0.892566
13049478,-0.277534,-0.350696,0.041363,0.893463
13057811,-0.280788,-0.346065,0.033379,0.894586
13066144,-0.281227,-0.342038,0.027974,0.896180
13074477,-0.283089,-0.339187,0.021631,0.896853
13082810,-0.287637,-0.336658,0.014321,0.896505
13091143,-0.288892,-0.332999,0.008695,0.897540
13099476,-0.294346,-0.327926,-0.000263,0.897678
13107809,-0.297913,-0.325757,-0.008932,0.897246
13116142,-0.300327,-0.325497,-0.017653,0.896406
13124475,-0.302324,-0.327453,-0.026875,0.894792
13132808,-0.303651,-0.327540,-0.039838,0.893827
13141141,-0.303684,-0.332564,-0.048587,0.891525
13149474,-0.301903,-0.342970,-0.053021,0.887928
13157807,-0.300397,-0.351694,-0.058004,0.884708
13166140,-0.299047,-0.359998,-0.059574,0.881716
13174473,-0.294904,-0.367298,-0.056637,0.880293
13182806,-0.291656,-0.374198,-0.050175,0.878860
13191139,-0.286374,-0.378641,-0.040094,0.879212
13199472,-0.281705,-0.376874,-0.032632,0.881784
13207805,-0.276791,-0.372875,-0.019492,0.885421
13216138,-0.271894,-0.364483,-0.011103,0.890563
13224471,-0.267035,-0.353402,0.000505,0.896548
13232804,-0.264736,-0.335537,0.005886,0.904044
13241137,-0.262317,-0.320945,0.013766,0.909942
13249470,-0.262384,-0.304687,0.021219,0.915352
13257803,-0.263894,-0.291403,0.027352,0.919073
13266136,-0.268201,-0.279868,0.032747,0.921233
13274469,-0.271704,-0.270395,0.038513,0.922811
13282802,-0.275103,-0.268011,0.042566,0.922321
13291135,-0.279843,-0.267431,0.043305,0.921028
13299468,-0.280286,-0.269954,0.046285,0.920012
13307801,-0.280511,-0.277263,0.048545,0.917650
13316134,-0.281868,-0.284800,0.048479,0.914926
13324467,-0.282287,-0.291895,0.045611,0.912705
13332800,-0.280041,-0.300359,0.044650,0.910696
13341133,-0.276908,-0.306460,0.046251,0.909541
13349466,-0.273847,-0.309737,0.046206,0.909360
13357799,-0.271664,-0.313315,0.046472,0.908776
13366132,-0.270925,-0.313561,0.045379,0.908966
13374465,-0.270371,-0.312610,0.046364,0.909409
13382798,-0.271060,-0.310205,0.048580,0.909911
13391131,-0.269356,-0.307552,0.051900,0.911134
13399464,-0.266405,-0.304356,0.054046,0.912948
13407797,-0.264867,-0.302623,0.056094,0.913848
13416130,-0.263174,-0.298436,0.058166,0.915583
13424463,-0.260805,-0.296329,0.059935,0.916830
13432796,-0.256900,-0.295596,0.063417,0.917934
13441129,-0.253406,-0.292070,0.063800,0.920005
13449462,-0.251169,-0.290215,0.064771,0.921138
13457795,-0.246719,-0.289936,0.066729,0.922287
13466128,-0.240749,-0.290751,0.067689,0.923538
13474461,-0.234292,-0.292746,0.067133,0.924608
13482794,-0.226230,-0.295334,0.066239,0.925857
13491127,-0.216889,-0.299184,0.066461,0.926839
13499460,-0.210047,-0.304326,0.065465,0.926812
13507793,-0.205645,-0.310842,0.063712,0.925758
13516126,-0.201279,-0.318131,0.064049,0.924217
13524459,-0.203436,-0.330751,0.053968,0.919948
13532792,-0.214427,-0.333546,0.034305,0.917383
13541125,-0.223115,-0.334046,0.030518,0.915260
13549458,-0.226251,-0.336000,0.031363,0.913746
13557791,-0.231352,-0.338454,0.028623,0.911650
13566124,-0.235932,-0.337481,0.026736,0.910894
13574457,-0.237535,-0.334440,0.028412,0.911548
13582790,-0.241307,-0.331338,0.033662,0.911512
13591123,-0.240656,-0.326546,0.039330,0.913184
13599456,-0.241461,-0.319063,0.050839,0.915047
13607789,-0.240477,-0.312518,0.061966,0.916877
13616122,-0.239907,-0.306198,0.074208,0.918249
13624455,-0.239451,-0.298588,0.085060,0.919931
13632788,-0.237912,-0.290345,0.096748,0.921812
13641121,-0.239276,-0.281969,0.108066,0.922801
13649454,-0.238082,-0.276523,0.116633,0.923715
13657787,-0.238338,-0.273152,0.125083,0.923546
13666120,-0.237654,-0.271633,0.130626,0.923403
13674453,-0.237961,-0.269296,0.134047,0.923518
13682786,-0.237845,-0.269916,0.137381,0.922877
13691119,-0.239757,-0.270300,0.139064,0.922017
13699452,-0.241313,-0.273724,0.138681,0.920658
13707785,-0.242669,-0.277779,0.138597,0.919098
13716118,-0.242580,-0.279899,0.137608,0.918627
13724451,-0.248266,-0.289593,0.136422,0.914270
13732784,-0.249429,-0.294224,0.135152,0.912662
13741117,-0.245126,-0.294190,0.138445,0.913344
13749450,-0.242728,-0.294421,0.139424,0.913762
13757783,-0.241112,-0.292615,0.138146,0.914963
13766116,-0.240416,-0.289331,0.134150,0.916783
13774449,-0.239502,-0.285184,0.129144,0.919038
13782782,-0.231989,-0.274654,0.123023,0.924993
13791115,-0.228814,-0.275046,0.114897,0.926711
13799448,-0.226876,-0.273919,0.109820,0.928135
13807781,-0.226574,-0.277248,0.106519,0.927605
13816114,-0.225405,-0.275894,0.105318,0.928431
13824447,-0.223259,-0.279630,0.103200,0.928069
13832780,-0.221094,-0.284261,0.102900,0.927213
13841113,-0.218248,-0.289676,0.104004,0.926088
13849446,-0.222239,-0.300007,0.102528,0.922005
13857779,-0.221846,-0.307556,0.104494,0.919388
13866112,-0.221207,-0.315014,0.106810,0.916747
13874445,-0.222252,-0.324919,0.109229,0.912744
13882778,-0.226685,-0.337589,0.109050,0.907059
13891111,-0.233242,-0.352115,0.108996,0.899851
13899444,-0.233653,-0.364033,0.115234,0.894207
13907777,-0.236804,-0.373431,0.117433,0.889203
13916110,-0.238540,-0.382428,0.120464,0.884497
13924443,-0.242637,-0.392045,0.122782,0.878836
13932776,-0.246293,-0.401876,0.125140,0.873027
13941109,-0.249266,-0.405922,0.126925,0.870048
13949442,-0.250272,-0.409762,0.130538,0.867421
13957775,-0.249653,-0.416534,0.131569,0.864212
13966108,-0.250517,-0.421966,0.131251,0.861371
13974441,-0.251194,-0.427006,0.130815,0.858752
13982774,-0.249534,-0.425652,0.132573,0.859638
13991107,-0.247815,-0.423931,0.132328,0.861022
13999440,-0.248571,-0.423683,0.128968,0.861436
14007773,-0.248280,-0.425065,0.125740,0.861316
14016106,-0.248396,-0.423917,0.123925,0.862112
14024439,-0.248005,-0.422884,0.123194,0.862836
14032772,-0.246954,-0.423126,0.124649,0.862810
14041105,-0.245927,-0.424015,0.126137,0.862450
14049438,-0.243818,-0.420748,0.128279,0.864331
14057771,-0.240298,-0.419097,0.133757,0.865288
14066104,-0.238226,-0.422298,0.137141,0.863774
14074437,-0.235606,-0.421526,0.140460,0.864336
14082770,-0.233953,-0.420410,0.143346,0.864854
14091103,-0.232075,-0.420702,0.147300,0.864554
14099436,-0.227284,-0.419868,0.152592,0.865314
14107769,-0.225193,-0.417552,0.155458,0.866470
14116102,-0.223672,-0.413424,0.156208,0.868706
14124435,-0.221876,-0.410004,0.158986,0.870282
14132768,-0.219737,-0.408756,0.161462,0.870956
14141101,-0.218968,-0.406496,0.161218,0.872251
14149434,-0.217627,-0.403498,0.160652,0.874082
14157767,-0.216404,-0.400789,0.161180,0.875533
14166100,-0.214531,-0.398759,0.161626,0.876838
14174433,-0.213993,-0.397948,0.159766,0.877678
14182766,-0.210068,-0.393233,0.160917,0.880537
14191099,-0.208537,-0.390932,0.161146,0.881882
14199432,-0.205609,-0.387768,0.162515,0.883714
14207765,-0.203231,-0.385509,0.163326,0.885101
14216098,-0.203721,-0.386207,0.161365,0.885044
14224431,-0.205310,-0.387794,0.159465,0.884327
14232764,-0.204562,-0.388580,0.158928,0.884252
14241097,-0.201702,-0.387172,0.160423,0.885256
14249430,-0.201335,-0.387917,0.159727,0.885139
14257763,-0.202444,-0.389372,0.158186,0.884524
14266096,-0.203882,-0.389810,0.156338,0.884330
14274429,-0.206411,-0.393137,0.154742,0.882549
14282762,-0.207274,-0.395899,0.154605,0.881135
14291095,-0.207452,-0.397672,0.154688,0.880279
14299428,-0.208526,-0.397864,0.153353,0.880173
14307761,-0.208376,-0.397583,0.152373,0.880505
14316094,-0.208408,-0.399399,0.152076,0.879727
14324427,-0.209032,-0.399709,0.150732,0.879669
14332760,-0.210813,-0.401947,0.150039,0.878342
14341093,-0.211235,-0.401006,0.148961,0.878854
14349426,-0.210664,-0.399452,0.148329,0.879805
14357759,-0.211740,-0.400201,0.147244,0.879389
14366092,-0.211889,-0.400740,0.146606,0.879214
14374425,-0.211522,-0.399110,0.148234,0.879771
14382758,-0.211902,-0.397088,0.148363,0.880572
14391091,-0.211249,-0.397829,0.148363,0.880394
14399424,-0.211581,-0.398770,0.146828,0.880146
14407757,-0.210679,-0.399010,0.145240,0.880517
14416090,-0.210597,-0.399723,0.143425,0.880511
14424423,-0.210963,-0.399567,0.141947,0.880734
14432756,-0.210609,-0.398263,0.141879,0.881420
14441089,-0.208970,-0.399285,0.141953,0.881335
14449422,-0.209338,-0.399920,0.140649,0.881169
14457755,-0.208885,-0.400071,0.140583,0.881219
14466088,-0.207823,-0.400782,0.140862,0.881102
14474421,-0.207429,-0.400638,0.141493,0.881160
14482754,-0.207780,-0.401209,0.140580,0.880963
14491087,-0.208257,-0.401504,0.140516,0.880726
14499420,-0.208841,-0.401447,0.140050,0.880688
14507753,-0.210104,-0.402014,0.139857,0.880160
14516086,-0.209342,-0.403070,0.140783,0.879711
14524419,-0.208892,-0.404116,0.140912,0.879317
14532752,-0.209673,-0.403641,0.140686,0.879385
14541085,-0.210005,-0.403208,0.141828,0.879321
14549418,-0.209418,-0.403296,0.143383,0.879169
14557751,-0.211743,-0.404200,0.141803,0.878453
14566084,-0.212295,-0.404859,0.142511,0.877901
14574417,-0.210604,-0.403129,0.144454,0.878787
14582750,-0.210887,-0.405100,0.143680,0.877939
14591083,-0.211106,-0.405889,0.144070,0.877458
14599416,-0.211571,-0.405209,0.145375,0.877445
14607749,-0.211882,-0.405255,0.144619,0.877473
14616082,-0.211714,-0.405331,0.144774,0.877453
14624415,-0.211042,-0.407206,0.145468,0.876632
14632748,-0.211666,-0.406263,0.144928,0.877008
14641081,-0.211344,-0.405761,0.145673,0.877195
14649414,-0.211714,-0.405890,0.145642,0.877052
14657747,-0.212088,-0.405439,0.145293,0.877227
14666080,-0.212220,-0.403880,0.145931,0.877808
14674413,-0.211946,-0.404746,0.146351,0.877406
14682746,-0.211248,-0.404200,0.146933,0.877729
14691079,-0.210068,-0.403947,0.148128,0.877927
14699412,-0.210874,-0.403824,0.147452,0.877904
14707745,-0.210316,-0.404423,0.148157,0.877644
14716078,-0.209313,-0.405810,0.150320,0.876875
14724411,-0.209730,-0.406161,0.149980,0.876671
14732744,-0.209534,-0.406142,0.149426,0.876821
14741077,-0.208803,-0.405426,0.148949,0.877408
14749410,-0.208089,-0.406217,0.148856,0.877228
14757743,-0.208204,-0.405901,0.148344,0.877434
14766076,-0.207618,-0.406214,0.148204,0.877451
14774409,-0.210253,-0.408138,0.146718,0.876180
14782742,-0.210998,-0.408330,0.144323,0.876309
14791075,-0.210319,-0.409847,0.145666,0.875542
14799408,-0.211046,-0.411017,0.145947,0.874771
14807741,-0.211222,-0.410029,0.144733,0.875394
14816074,-0.210870,-0.410655,0.144120,0.875286
14824407,-0.210601,-0.411346,0.144167,0.875019
14832740,-0.210546,-0.411808,0.144093,0.874827
14841073,-0.209580,-0.411108,0.144747,0.875280
14849406,-0.210611,-0.411732,0.143160,0.875000
14857739,-0.211535,-0.412568,0.141328,0.874681
14866072,-0.211890,-0.412682,0.140820,0.874623
14874405,-0.212289,-0.412111,0.140820,0.874796
14882738,-0.212552,-0.411509,0.140582,0.875054
14891071,-0.211883,-0.410202,0.141787,0.875635
14899404,-0.209752,-0.409032,0.142523,0.876575
14907737,-0.209069,-0.410644,0.144052,0.875734
14916070,-0.209718,-0.411211,0.143092,0.875470
14924403,-0.210992,-0.412104,0.142221,0.874886
14932736,-0.211387,-0.411856,0.142522,0.874859
14941069,-0.211674,-0.411698,0.143071,0.874774
14949402,-0.214084,-0.413456,0.142597,0.873435
14957735,-0.215796,-0.414451,0.142149,0.872614
14966068,-0.216279,-0.415540,0.142391,0.871938
14974401,-0.216551,-0.414969,0.143190,0.872011
14982734,-0.216833,-0.414938,0.143737,0.871866
14991067,-0.214672,-0.412329,0.145118,0.873408
14999400,-0.216773,-0.412152,0.144615,0.873056
15007733,-0.217365,-0.412170,0.145071,0.872825
15016066,-0.216679,-0.411602,0.146430,0.873036
15024399,-0.215220,-0.411052,0.148716,0.873270
15032732,-0.215578,-0.412486,0.149370,0.872393
15041065,-0.216121,-0.412644,0.150064,0.872065
15049398,-0.216520,-0.412948,0.150282,0.871785
15057731,-0.216916,-0.412800,0.150109,0.871786
15066064,-0.220621,-0.413132,0.148777,0.870927
15074397,-0.222537,-0.412818,0.147599,0.870789
15082730,-0.223916,-0.412507,0.146048,0.870844
15091063,-0.223812,-0.412755,0.147208,0.870558
15099396,-0.224131,-0.412722,0.147847,0.870383
15107729,-0.224187,-0.411716,0.149133,0.870626
15116062,-0.225333,-0.412259,0.149642,0.869986
15124395,-0.225519,-0.412953,0.150364,0.869484
15132728,-0.226266,-0.412834,0.150727,0.869283
15141061,-0.224908,-0.412546,0.151680,0.869606
15149394,-0.227025,-0.413695,0.151377,0.868563
15157727,-0.225303,-0.411984,0.153574,0.869438
15166060,-0.225634,-0.413211,0.153475,0.868787
15174393,-0.228248,-0.413871,0.153013,0.867871
15182726,-0.231026,-0.415755,0.151698,0.866465
15191059,-0.231810,-0.416133,0.152014,0.866019
15199392,-0.229326,-0.415008,0.156119,0.866490
15207725,-0.230276,-0.414960,0.155061,0.866451
15216058,-0.230931,-0.415877,0.155702,0.865722
15224391,-0.230265,-0.413412,0.156060,0.867014
15232724,-0.230830,-0.412770,0.157379,0.866931
15241057,-0.230521,-0.413461,0.159479,0.866301
15249390,-0.228367,-0.412357,0.161193,0.867080
15257723,-0.227073,-0.411432,0.162307,0.867651
15266056,-0.228637,-0.411017,0.161397,0.867606
15274389,-0.227479,-0.409926,0.161659,0.868378
15282722,-0.227359,-0.408428,0.161016,0.869234
15291055,-0.226816,-0.406028,0.159758,0.870731
15299388,-0.227348,-0.405387,0.158887,0.871051
15307721,-0.226491,-0.407370,0.159171,0.870297
15316054,-0.226439,-0.407903,0.159548,0.869991
15324387,-0.225653,-0.406121,0.159608,0.871018
15332720,-0.225062,-0.405168,0.159656,0.871606
15341053,-0.224075,-0.405299,0.160133,0.871711
15349386,-0.225646,-0.406834,0.158975,0.870802
15357719,-0.224208,-0.406182,0.159330,0.871413
15366052,-0.224342,-0.406471,0.159140,0.871278
15374385,-0.223567,-0.405422,0.159070,0.871979
15382718,-0.224329,-0.405789,0.158525,0.871712
15391051,-0.222629,-0.404943,0.159096,0.872437
15399384,-0.223344,-0.405891,0.158678,0.871889
15407717,-0.220582,-0.405651,0.160079,0.872448
15416050,-0.220230,-0.406653,0.160943,0.871911
15424383,-0.220051,-0.406608,0.161111,0.871946
15432716,-0.218356,-0.405269,0.161779,0.872872
15441049,-0.216819,-0.404966,0.161808,0.873390
15449382,-0.218845,-0.406373,0.161050,0.872371
15457715,-0.217624,-0.404915,0.161008,0.873361
15466048,-0.215840,-0.404521,0.161905,0.873821
15474381,-0.215612,-0.404273,0.161456,0.874075
15482714,-0.216393,-0.405051,0.161481,0.873517
15491047,-0.218369,-0.406204,0.159542,0.872846
15499380,-0.217321,-0.406695,0.160228,0.872753
15507713,-0.218776,-0.408597,0.159094,0.871708
15516046,-0.218170,-0.408480,0.159093,0.871915
15524379,-0.218741,-0.411924,0.156613,0.870600
15532712,-0.219128,-0.412598,0.157432,0.870035
15541045,-0.219709,-0.411674,0.156563,0.870483
15549378,-0.219695,-0.413600,0.156622,0.869562
15557711,-0.217307,-0.410976,0.158249,0.871111
15566044,-0.216184,-0.411615,0.158699,0.871006
15574377,-0.215567,-0.411614,0.158870,0.871129
15582710,-0.215102,-0.414025,0.162130,0.869499
15591043,-0.215429,-0.413183,0.160428,0.870134
15599376,-0.215595,-0.412584,0.159900,0.870474
15607709,-0.215171,-0.413079,0.159663,0.870388
15616042,-0.214592,-0.412986,0.160405,0.870438
15624375,-0.213737,-0.414028,0.160409,0.870153
15632708,-0.214862,-0.416862,0.157819,0.868996
15641041,-0.216353,-0.416335,0.155648,0.869270
15649374,-0.215099,-0.416081,0.156130,0.869616
15657707,-0.213971,-0.413496,0.159187,0.870573
15666040,-0.213707,-0.414728,0.158535,0.870170
15674373,-0.213913,-0.416220,0.156611,0.869756
15682706,-0.212554,-0.413612,0.157985,0.871084
15691039,-0.211558,-0.413257,0.159170,0.871279
15699372,-0.212131,-0.413776,0.158355,0.871042
15707705,-0.209465,-0.412250,0.159824,0.872141
15716038,-0.212345,-0.416447,0.157666,0.869841
15724371,-0.212513,-0.415533,0.158052,0.870167
15732704,-0.212364,-0.416915,0.157061,0.869721
15741037,-0.209520,-0.416880,0.161682,0.869581
15749370,-0.211069,-0.418649,0.162501,0.868203
15757703,-0.211427,-0.417943,0.160873,0.868759
15766036,-0.208587,-0.417315,0.162692,0.869409
15774369,-0.208832,-0.416825,0.162027,0.869709
15782702,-0.209688,-0.417481,0.161150,0.869351
15791035,-0.211433,-0.419396,0.160015,0.868216
15799368,-0.212410,-0.420721,0.160182,0.867305
15807701,-0.211944,-0.419188,0.161872,0.867847
15816034,-0.212036,-0.420286,0.160838,0.867486
15824367,-0.211026,-0.418401,0.161624,0.868497
15832700,-0.210638,-0.418984,0.162090,0.868223
15841033,-0.210669,-0.420534,0.161183,0.867634
15849366,-0.211348,-0.422185,0.161271,0.866650
15857699,-0.211753,-0.423282,0.162299,0.865824
15866032,-0.211627,-0.421860,0.162256,0.866557
15874365,-0.211809,-0.423085,0.161841,0.865993
15882698,-0.210702,-0.422775,0.165007,0.865817
15891031,-0.211494,-0.422505,0.164269,0.865896
15899364,-0.210805,-0.422328,0.163953,0.866210
15907697,-0.209684,-0.421717,0.165155,0.866552
15916030,-0.209255,-0.421810,0.165520,0.866540
15924363,-0.209722,-0.422174,0.165443,0.866265
15932696,-0.209815,-0.422821,0.165275,0.865958
15941029,-0.209295,-0.423737,0.166247,0.865450
15949362,-0.209118,-0.423367,0.166002,0.865721
15957695,-0.208618,-0.423202,0.166966,0.865737
15966028,-0.206536,-0.424781,0.169640,0.864943
15974361,-0.206265,-0.424513,0.168053,0.865449
15982694,-0.207131,-0.422900,0.166836,0.866267
15991027,-0.207831,-0.423971,0.166502,0.865640
15999360,-0.207460,-0.424296,0.167041,0.865465
16007693,-0.205558,-0.425280,0.169819,0.864895
16016026,-0.205899,-0.424161,0.169851,0.865358
16024359,-0.206139,-0.423297,0.168614,0.865965
16032692,-0.207690,-0.423752,0.167383,0.865611
16041025,-0.207757,-0.423581,0.167559,0.865645
16049358,-0.207763,-0.424124,0.167588,0.865371
16057691,-0.207655,-0.423866,0.168043,0.865436
16066023,-0.207737,-0.423606,0.168034,0.865545
16074357,-0.207700,-0.423196,0.168144,0.865733
16082690,-0.207970,-0.422866,0.168182,0.865822
16091023,-0.208016,-0.422645,0.168169,0.865921
16099356,-0.208016,-0.422697,0.168186,0.865893
16107689,-0.207864,-0.422242,0.168352,0.866119
16116022,-0.207607,-0.422397,0.168921,0.865994
16124355,-0.207494,-0.422490,0.168967,0.865967
16132688,-0.207914,-0.421348,0.168103,0.866591
16141020,-0.207803,-0.420980,0.168121,0.866792
16149353,-0.207110,-0.421185,0.169354,0.866618
16157687,-0.207019,-0.420808,0.169842,0.866728
16166020,-0.207624,-0.419793,0.169483,0.867146
16174353,-0.207234,-0.418147,0.170964,0.867743
16182686,-0.206279,-0.417274,0.171881,0.868210
16191019,-0.203909,-0.415472,0.173265,0.869358
16199352,-0.202923,-0.414877,0.174331,0.869660
16207685,-0.202310,-0.414464,0.175964,0.869671
16216018,-0.203120,-0.415259,0.175533,0.869189
16224350,-0.202977,-0.413716,0.176339,0.869795
16232683,-0.203423,-0.413428,0.176309,0.869834
16241017,-0.203347,-0.412782,0.176977,0.870023
16249350,-0.203440,-0.411993,0.177432,0.870283
16257683,-0.203046,-0.412082,0.178903,0.870031
16266016,-0.203160,-0.412177,0.179483,0.869840
16274349,-0.202652,-0.409798,0.180018,0.870972
16282682,-0.204599,-0.410009,0.178069,0.870818
16291015,-0.205031,-0.409934,0.177801,0.870806
16299348,-0.204131,-0.409122,0.178544,0.871247
16307680,-0.203175,-0.403442,0.181960,0.873410
16316014,-0.203498,-0.403019,0.181200,0.873688
16324347,-0.202442,-0.402663,0.181883,0.873956
16332680,-0.201078,-0.400440,0.182093,0.875247
16341013,-0.200611,-0.398232,0.180927,0.876602
16349346,-0.199712,-0.396693,0.180620,0.877568
16357679,-0.202229,-0.395054,0.178879,0.878088
16366012,-0.199557,-0.393102,0.180025,0.879340
16374345,-0.196506,-0.389335,0.180454,0.881612
16382677,-0.195530,-0.386023,0.180512,0.883272
16391010,-0.192788,-0.383700,0.181841,0.884613
16399344,-0.194425,-0.383450,0.181057,0.884524
16407677,-0.193479,-0.382509,0.180710,0.885210
16416010,-0.190895,-0.380571,0.182241,0.886292
16424343,-0.190491,-0.378310,0.182274,0.887339
16432676,-0.189815,-0.377132,0.184471,0.887531
16441009,-0.188374,-0.376558,0.184194,0.888140
16449342,0.187958,0.377606,-0.184317,-0.887757
16457675,0.185884,0.377947,-0.185271,-0.887850
16466007,0.184538,0.378356,-0.187542,-0.887480
16474340,0.186288,0.377899,-0.184644,-0.887916
16482674,0.186531,0.378697,-0.182803,-0.887906
16491007,0.185926,0.379690,-0.182211,-0.887731
16499340,0.184923,0.381069,-0.181285,-0.887539
16507673,0.186969,0.382704,-0.178736,-0.886924
16516006,0.186821,0.383433,-0.177718,-0.886845
16524339,0.186904,0.384793,-0.176449,-0.886492
16532672,0.184932,0.386406,-0.176748,-0.886144
16541005,0.185793,0.387981,-0.174896,-0.885643
16549337,0.186416,0.390262,-0.173407,-0.884802
16557671,0.188171,0.390623,-0.171228,-0.884696
16566004,0.187871,0.390773,-0.171472,-0.884646
16574337,0.185242,0.391936,-0.171649,-0.884651
16582670,0.185119,0.393853,-0.172624,-0.883635
16591003,0.182489,0.396340,-0.174219,-0.882757
16599336,-0.183606,-0.396804,0.171593,0.882832
16607669,-0.183736,-0.397850,0.170015,0.882639
16616002,-0.183410,-0.398011,0.168981,0.882833
16624334,-0.182237,-0.397872,0.167484,0.883423
16632667,-0.184337,-0.399601,0.164813,0.882709
16641001,-0.183712,-0.400893,0.164252,0.882358
16649334,-0.181770,-0.402856,0.165555,0.881623
16657667,-0.184480,-0.403155,0.162421,0.881506
16666000,-0.183054,-0.403385,0.162777,0.881632
16674333,-0.185241,-0.403505,0.160039,0.881622
16682666,-0.186948,-0.403352,0.157983,0.881702
16690999,-0.187382,-0.403889,0.157500,0.881451
16699332,-0.187105,-0.404230,0.157320,0.881385
16707664,-0.186392,-0.404958,0.157632,0.881146
16715997,-0.187529,-0.405061,0.157111,0.880951
16724331,-0.185463,-0.406651,0.160347,0.880072
16732664,-0.184921,-0.406847,0.160111,0.880139
16740997,-0.185115,-0.408422,0.159580,0.879464
16749330,-0.187237,-0.411050,0.158638,0.877960
16757663,-0.187076,-0.412431,0.158215,0.877423
16765996,-0.187059,-0.412036,0.158756,0.877515
16774329,-0.186846,-0.412181,0.160025,0.877261
16782662,-0.185790,-0.410661,0.162856,0.877677
16790995,-0.188075,-0.411275,0.162385,0.876990
16799328,-0.187546,-0.409888,0.161577,0.877902
16807661,-0.187564,-0.409432,0.161391,0.878145
16815994,-0.187718,-0.409667,0.162023,0.877886
16824327,-0.188035,-0.409931,0.162076,0.877685
16832660,-0.188850,-0.410013,0.162034,0.877479
16840993,-0.188862,-0.409599,0.163278,0.877440
16849326,-0.188382,-0.409160,0.163915,0.877629
16857659,-0.188939,-0.409341,0.164002,0.877408
16865992,-0.189417,-0.409157,0.164968,0.877210
16874325,-0.189907,-0.409776,0.164658,0.876873
16882658,-0.190151,-0.409889,0.164918,0.876719
16890991,-0.190471,-0.409357,0.165466,0.876794
16899324,-0.190988,-0.409168,0.165852,0.876697
16907657,-0.191095,-0.408940,0.166663,0.876627
16915990,-0.191460,-0.409176,0.166356,0.876495
16924323,-0.192721,-0.409627,0.165509,0.876169
16932656,-0.193410,-0.409534,0.165939,0.875979
16940989,-0.194799,-0.409490,0.165430,0.875788
16949322,-0.195570,-0.408436,0.166031,0.875995
16957655,-0.196098,-0.407478,0.167243,0.876092
16965988,-0.196445,-0.407818,0.167523,0.875802
16974321,-0.197107,-0.406752,0.167805,0.876095
16982654,-0.197652,-0.405071,0.169490,0.876427
16990987,-0.197772,-0.404977,0.172134,0.875928
16999320,-0.197561,-0.403542,0.174822,0.876105
17007653,-0.198558,-0.402975,0.177140,0.875675
17015986,-0.200118,-0.402187,0.179102,0.875283
17024319,-0.200416,-0.401923,0.181992,0.874740
17032652,-0.199809,-0.402882,0.184234,0.873968
17040985,-0.197439,-0.400861,0.187033,0.874841
17049318,-0.197077,-0.400897,0.188172,0.874662
17057651,-0.196444,-0.400354,0.189774,0.874707
17065984,-0.195904,-0.399174,0.190993,0.875102
17074317,-0.196473,-0.398594,0.190941,0.875250
17082650,-0.198776,-0.399014,0.189612,0.874827
17090983,-0.198453,-0.398749,0.190341,0.874864
17099316,-0.198271,-0.396030,0.189714,0.876275
17107649,-0.197856,-0.396316,0.191265,0.875902
17115982,-0.199396,-0.398067,0.190528,0.874919
17124315,-0.201213,-0.396575,0.188175,0.875689
17132648,-0.200775,-0.396849,0.188134,0.875674
17140981,-0.200095,-0.396810,0.188666,0.875733
17149314,-0.200736,-0.396008,0.188308,0.876027
17157647,-0.201236,-0.395470,0.187942,0.876234
17165980,-0.200998,-0.395063,0.188211,0.876414
17174313,-0.200115,-0.394938,0.189068,0.876488
17182646,-0.200587,-0.394743,0.188960,0.876491
17190979,-0.202314,-0.394553,0.188269,0.876328
17199312,-0.201974,-0.394857,0.188443,0.876233
17207645,-0.201534,-0.394311,0.189084,0.876442
17215978,-0.202084,-0.393333,0.189159,0.876738
17224311,-0.199485,-0.394489,0.191847,0.876230
17232644,0.199400,0.394454,-0.192366,-0.876151
17240977,0.199829,0.394259,-0.192464,-0.876120
17249310,0.200430,0.394156,-0.192981,-0.875915
17257643,0.201343,0.394218,-0.192912,-0.875693
17265976,0.202690,0.394263,-0.190379,-0.875916
17274309,0.199891,0.392430,-0.193019,-0.876804
17282642,0.198965,0.391428,-0.194787,-0.877072
17290975,0.200943,0.395096,-0.192933,-0.875384
17299308,0.201209,0.394700,-0.191459,-0.875826
17307641,0.200667,0.394228,-0.193905,-0.875624
17315974,0.201289,0.394846,-0.192902,-0.875425
17324307,0.200193,0.396497,-0.192932,-0.874923
17332640,0.200748,0.395776,-0.192037,-0.875319
17340973,0.200551,0.395219,-0.190670,-0.875914
17349306,0.200532,0.395819,-0.191377,-0.875494
17357639,0.201707,0.391446,-0.190040,-0.877479
17365972,0.198975,0.387317,-0.193507,-0.879176
17374305,0.200644,0.389540,-0.190406,-0.878491
17382638,0.199805,0.391908,-0.190958,-0.877508
17390971,0.198009,0.386791,-0.191881,-0.879981
17399304,0.197971,0.386683,-0.192657,-0.879868
17407637,0.199478,0.390289,-0.190590,-0.878384
17415970,0.199071,0.391381,-0.190167,-0.878082
17424303,0.199624,0.391181,-0.189051,-0.878286
17432636,0.197770,0.385708,-0.189755,-0.880971
17440969,0.197069,0.384888,-0.189949,-0.881445
17449302,0.196715,0.384507,-0.189719,-0.881739
17457635,0.197317,0.384903,-0.190171,-0.881335
17465968,0.199017,0.384675,-0.188577,-0.881395
17474301,0.197371,0.383520,-0.190415,-0.881873
17482634,0.196890,0.382438,-0.190810,-0.882364
17490967,0.196463,0.381840,-0.191458,-0.882578
17499300,0.195915,0.381094,-0.192198,-0.882862
17507633,0.194139,0.380932,-0.193593,-0.883019
17515966,0.192555,0.380929,-0.194499,-0.883168
17524299,0.193195,0.381463,-0.194271,-0.882848
17532632,0.192784,0.381010,-0.194299,-0.883127
17540965,0.191145,0.379819,-0.195779,-0.883669
17549298,0.190361,0.378538,-0.197458,-0.884015
17557631,0.189967,0.377606,-0.198174,-0.884338
17565964,0.189544,0.377743,-0.197806,-0.884452
17574297,0.189712,0.377502,-0.197069,-0.884684
17582630,0.190698,0.377485,-0.196890,-0.884519
17590963,0.191480,0.378459,-0.195839,-0.884167
17599296,0.190250,0.377748,-0.196381,-0.884616
17607629,0.190294,0.378667,-0.196368,-0.884217
17615962,0.189098,0.377702,-0.197636,-0.884603
17624295,0.189909,0.378974,-0.198143,-0.883772
17632628,0.189448,0.378654,-0.197705,-0.884106
17640961,0.190084,0.379367,-0.197775,-0.883648
17649294,0.190813,0.380038,-0.197544,-0.883254
17657627,0.188908,0.379496,-0.198861,-0.883601
17665960,0.187043,0.378769,-0.200500,-0.883939
17674293,0.188295,0.379297,-0.199870,-0.883590
17682626,0.186494,0.379163,-0.201448,-0.883671
17690959,0.186667,0.379330,-0.201432,-0.883566
17699292,0.187525,0.380058,-0.200829,-0.883209
17707625,0.187602,0.379202,-0.200577,-0.883618
17715958,0.188202,0.379086,-0.199725,-0.883733
17724291,0.186530,0.379285,-0.201398,-0.883622
17732624,0.187106,0.380085,-0.200949,-0.883259
17740957,0.186890,0.379654,-0.200897,-0.883502
17749290,0.187052,0.380672,-0.201287,-0.882940
17757623,0.186025,0.379846,-0.201789,-0.883398
17765956,0.186246,0.380327,-0.201639,-0.883179
17774289,0.186657,0.380124,-0.201474,-0.883217
17782622,0.186996,0.379764,-0.200794,-0.883455
17790955,0.187750,0.379715,-0.201292,-0.883204
17799288,0.187958,0.380328,-0.200969,-0.882969
17807621,0.187065,0.379658,-0.201473,-0.883332
17815954,0.186175,0.380907,-0.203584,-0.882498
17824287,0.185192,0.379467,-0.203720,-0.883293
17832620,0.186912,0.380645,-0.202602,-0.882681
17840953,0.185109,0.379963,-0.202577,-0.883360
17849286,0.184145,0.379049,-0.202718,-0.883922
17857619,0.183761,0.379104,-0.202868,-0.883944
17865952,0.183503,0.379072,-0.202889,-0.884006
17874285,0.183860,0.378742,-0.202025,-0.884272
17882618,0.184224,0.378194,-0.201736,-0.884496
17890951,0.183144,0.377550,-0.202528,-0.884814
17899284,0.183111,0.376978,-0.202573,-0.885055
17907617,0.184311,0.379392,-0.200404,-0.884268
17915950,0.183798,0.379919,-0.200123,-0.884212
17924283,0.182719,0.380705,-0.200806,-0.883942
17932616,0.181922,0.381302,-0.201801,-0.883623
17940949,0.186458,0.382050,-0.198147,-0.883181
17949282,0.183615,0.381408,-0.200190,-0.883594
17957615,0.185526,0.381758,-0.198526,-0.883418
17965948,0.186184,0.382051,-0.197994,-0.883273
17974281,0.184305,0.380737,-0.198840,-0.884044
17982614,0.182923,0.381610,-0.200491,-0.883581
17990947,0.182754,0.381564,-0.199747,-0.883805
17999280,0.183163,0.381505,-0.198881,-0.883941
18007613,0.183170,0.381281,-0.198597,-0.884100
18015946,0.185953,0.382536,-0.195863,-0.883587
18024279,0.184890,0.383247,-0.197949,-0.883036
18032612,0.184039,0.383110,-0.198246,-0.883207
18040945,0.182696,0.383522,-0.197967,-0.883370
18049278,0.182725,0.382745,-0.198240,-0.883639
18057611,0.182500,0.382469,-0.198262,-0.883800
18065944,0.182388,0.382560,-0.197614,-0.883929
18074277,0.182150,0.382439,-0.197964,-0.883953
18082610,0.184975,0.382693,-0.196112,-0.883669
18090943,0.183459,0.382813,-0.196981,-0.883739
18099276,0.181864,0.382475,-0.198519,-0.883871
18107609,0.181239,0.381703,-0.198832,-0.884263
18115942,0.181075,0.381503,-0.199039,-0.884336
18124275,0.180542,0.382461,-0.199801,-0.883859
18132608,0.181380,0.382259,-0.199184,-0.883915
18140941,0.182080,0.382259,-0.198434,-0.883939
18149274,0.180036,0.383258,-0.200535,-0.883451
18157607,0.179343,0.382924,-0.201241,-0.883577
18165940,0.179441,0.382951,-0.201165,-0.883562
18174273,0.180317,0.383185,-0.201081,-0.883302
18182606,0.182612,0.382958,-0.199567,-0.883272
18190939,0.179982,0.382171,-0.201523,-0.883708
18199272,0.180636,0.383297,-0.201247,-0.883150
18207605,0.178703,0.382316,-0.202431,-0.883698
18215938,0.178547,0.381973,-0.202729,-0.883809
18224271,0.178903,0.381850,-0.202984,-0.883732
18232604,0.178926,0.383062,-0.203394,-0.883108
18240937,0.178980,0.382971,-0.204119,-0.882969
18249270,0.179804,0.382831,-0.203755,-0.882947
18257603,0.178744,0.382348,-0.204209,-0.883266
18265936,0.178418,0.382223,-0.204647,-0.883285
18274269,0.178850,0.382158,-0.205193,-0.883099
18282602,0.177958,0.382571,-0.205455,-0.883040
18290935,0.178179,0.382579,-0.205818,-0.882907
18299268,0.181743,0.383662,-0.204265,-0.882071
18307601,0.182736,0.383967,-0.203943,-0.881808
18315934,0.183433,0.383308,-0.204044,-0.881926
18324267,0.181941,0.382652,-0.205270,-0.882235
18332600,0.181326,0.382099,-0.206854,-0.882232
18340933,0.181835,0.383232,-0.204910,-0.882089
18349266,0.183806,0.383058,-0.203559,-0.882069
18357599,0.183850,0.382543,-0.203901,-0.882204
18365932,0.184354,0.382760,-0.202988,-0.882216
18374265,0.184369,0.382930,-0.202769,-0.882189
18382598,0.184293,0.382875,-0.202951,-0.882187
18390931,0.184679,0.382959,-0.202632,-0.882143
18399264,0.185184,0.383486,-0.202125,-0.881925
18407597,0.184111,0.384029,-0.203262,-0.881652
18415930,0.184854,0.382940,-0.204098,-0.881777
18424263,0.186493,0.382774,-0.202949,-0.881769
18432596,0.182478,0.381966,-0.205987,-0.882254
18440929,0.180978,0.381854,-0.207154,-0.882339
18449262,0.180655,0.382022,-0.207866,-0.882165
18457595,0.181687,0.381058,-0.206081,-0.882788
18465928,0.181406,0.381369,-0.206598,-0.882591
18474261,0.180655,0.382431,-0.207747,-0.882016
18482594,0.180480,0.381439,-0.207838,-0.882459
18490927,0.180871,0.381073,-0.207671,-0.882577
18499260,0.180967,0.381045,-0.207925,-0.882509
18507593,0.180766,0.380086,-0.208044,-0.882936
18515926,0.181480,0.380377,-0.208359,-0.882590
18524259,0.182112,0.380703,-0.207846,-0.882440
18532592,0.182799,0.379212,-0.207033,-0.883131
18540925,0.182335,0.378857,-0.208147,-0.883117
18549258,0.183123,0.379416,-0.208120,-0.882721
18557591,0.183510,0.379360,-0.208504,-0.882574
18565924,0.186239,0.379318,-0.206778,-0.882426
18574257,0.186021,0.380448,-0.209342,-0.881380
18582590,0.186307,0.380338,-0.210066,-0.881195
18590923,0.186036,0.379555,-0.210540,-0.881477
18599256,0.187804,0.378230,-0.209646,-0.881885
18607589,0.188325,0.379911,-0.209893,-0.880992
18615922,0.187490,0.379518,-0.210975,-0.881081
18624255,0.188654,0.380292,-0.211166,-0.880453
18632588,0.188544,0.379590,-0.211494,-0.880700
18640921,0.187771,0.378907,-0.212550,-0.880905
18649254,0.188270,0.379419,-0.212254,-0.880650
18657587,0.189119,0.378460,-0.212355,-0.880856
18665920,0.188420,0.379047,-0.213240,-0.880539
18674253,0.188702,0.379425,-0.213743,-0.880194
18682586,0.190058,0.379452,-0.213507,-0.879948
18690919,0.191292,0.378642,-0.212888,-0.880180
18699252,0.192031,0.378693,-0.213127,-0.879939
18707585,0.192454,0.377995,-0.213473,-0.880063
18715918,0.193109,0.377032,-0.213630,-0.880294
18724251,0.193716,0.375261,-0.213283,-0.881001
18732584,0.193345,0.375579,-0.215054,-0.880517
18740917,0.193857,0.375466,-0.215648,-0.880307
18749250,0.195668,0.374147,-0.214642,-0.880714
18757583,0.193769,0.374336,-0.216778,-0.880530
18765916,0.194499,0.374510,-0.217888,-0.880021
18774249,0.196403,0.374760,-0.217788,-0.879516
18782582,0.198666,0.373841,-0.216328,-0.879760
18790915,0.197726,0.372961,-0.218079,-0.879913
18799248,0.199169,0.370982,-0.217561,-0.880551
18807581,0.199455,0.369879,-0.219323,-0.880514
18815914,0.201537,0.371317,-0.221430,-0.878906
18824247,0.203584,0.369954,-0.220431,-0.879260
18832580,0.203989,0.369125,-0.220673,-0.879454
18840913,0.204949,0.367378,-0.219904,-0.880154
18849246,0.205373,0.367194,-0.220124,-0.880077
18857579,0.206327,0.367632,-0.221020,-0.879446
18865912,0.205707,0.367952,-0.222464,-0.879094
18874245,0.206856,0.366765,-0.222067,-0.879420
18882578,0.206093,0.370048,-0.226872,-0.876995
18890911,0.207703,0.367672,-0.225482,-0.877972
18899244,0.207420,0.367207,-0.227004,-0.877841
18907577,0.208754,0.367527,-0.227353,-0.877301
18915910,0.209818,0.367419,-0.228350,-0.876833
18924243,0.210797,0.367898,-0.228547,-0.876345
18932576,0.210924,0.368851,-0.230841,-0.875313
18940909,0.213853,0.368704,-0.229858,-0.874923
18949242,0.214554,0.366413,-0.229694,-0.875756
18957575,0.214569,0.367474,-0.231296,-0.874886
18965908,0.215058,0.368059,-0.232528,-0.874193
18974241,0.215134,0.366300,-0.233027,-0.874780
18982574,0.215585,0.364406,-0.233878,-0.875233
18990907,0.216461,0.363979,-0.234919,-0.874915
18999240,0.217338,0.362588,-0.236566,-0.874832
19007573,0.218135,0.361879,-0.237676,-0.874626
19015906,0.219792,0.362199,-0.238046,-0.873978
19024239,0.219191,0.361735,-0.240010,-0.873784
19032572,0.219579,0.360795,-0.240288,-0.873999
19040905,0.221672,0.359043,-0.240622,-0.874100
19049238,0.221658,0.361193,-0.243066,-0.872540
19057571,0.221678,0.359941,-0.244241,-0.872724
19065904,0.222682,0.358438,-0.244703,-0.872958
19074237,0.224178,0.358758,-0.245420,-0.872242
19082570,0.225189,0.360094,-0.247181,-0.870933
19090903,0.226065,0.360737,-0.246926,-0.870512
19099236,0.226972,0.359770,-0.246882,-0.870689
19107569,0.227948,0.358110,-0.246886,-0.871117
19115902,0.228846,0.357902,-0.245459,-0.871370
19124235,0.228811,0.357278,-0.246653,-0.871298
19132568,0.229450,0.355839,-0.248056,-0.871320
19140901,0.228401,0.355669,-0.248835,-0.871443
19149234,0.228982,0.354268,-0.249856,-0.871569
19157567,0.229101,0.353312,-0.250445,-0.871758
19165900,0.229235,0.353665,-0.251237,-0.871351
19174233,0.229110,0.352871,-0.251482,-0.871635
19182566,0.229401,0.354436,-0.251764,-0.870842
19190899,0.228105,0.352944,-0.253287,-0.871346
19199232,0.228165,0.352201,-0.254082,-0.871400
19207565,0.227618,0.352450,-0.255072,-0.871153
19215898,0.228349,0.350958,-0.255565,-0.871419
19224231,0.228803,0.350218,-0.255969,-0.871480
19232564,0.230831,0.353007,-0.255901,-0.869838
19240897,0.230842,0.352310,-0.256791,-0.869855
19249230,0.230609,0.351378,-0.257108,-0.870200
19257563,0.231180,0.350555,-0.257861,-0.870158
19265896,0.232077,0.348848,-0.258023,-0.870557
19274229,0.232863,0.347925,-0.257290,-0.870933
19282562,0.232324,0.346800,-0.258336,-0.871216
19290895,0.232360,0.346789,-0.259167,-0.870964
19299228,0.232478,0.346996,-0.259364,-0.870792
19307561,0.233298,0.347075,-0.259336,-0.870549
19315894,0.233437,0.346720,-0.259955,-0.870469
19324227,0.233306,0.345376,-0.260443,-0.870892
19332560,0.233706,0.346058,-0.261103,-0.870316
19340893,0.235473,0.346031,-0.260326,-0.870084
19349226,0.236518,0.345564,-0.260518,-0.869928
19357559,0.238115,0.345407,-0.260417,-0.869585
19365892,0.238839,0.344630,-0.261764,-0.869290
19374225,0.239796,0.344153,-0.263028,-0.868834
19382558,0.239714,0.343632,-0.264044,-0.868755
19390891,0.241775,0.343710,-0.265047,-0.867847
19399224,0.241109,0.343146,-0.268029,-0.867339
19407557,0.241915,0.342445,-0.269007,-0.867089
19415890,0.243257,0.340134,-0.269936,-0.867335
19424223,0.243524,0.337021,-0.272708,-0.867608
19432556,0.243946,0.333204,-0.275145,-0.868194
19440889,0.245997,0.326829,-0.275720,-0.869854
19449222,0.248338,0.322324,-0.275380,-0.870977
19457555,0.250761,0.318014,-0.275866,-0.871713
19465888,0.253792,0.312028,-0.277716,-0.872412
19474221,0.255694,0.308584,-0.281226,-0.871957
19482554,0.258582,0.303191,-0.282585,-0.872557
19490887,0.260906,0.295895,-0.285052,-0.873567
19499220,0.263654,0.293290,-0.288858,-0.872370
19507553,0.266022,0.290560,-0.294335,-0.870732
19515886,0.267051,0.285670,-0.298755,-0.870530
19524219,0.269422,0.282140,-0.303287,-0.869382
19532552,0.269806,0.281155,-0.311336,-0.866733
19540885,0.273467,0.276969,-0.312618,-0.866472
19549218,0.276731,0.273435,-0.315741,-0.865425
19557551,0.277405,0.271023,-0.321439,-0.863869
19565884,0.279817,0.271671,-0.325374,-0.861411
19574217,0.282296,0.271969,-0.329547,-0.858918
19582550,0.284364,0.270250,-0.332998,-0.857446
19590883,0.285972,0.269759,-0.336023,-0.855885
19599216,0.287448,0.270831,-0.338346,-0.854135
19607549,0.289173,0.272331,-0.339217,-0.852729
19615882,0.290247,0.274249,-0.340002,-0.851436
19624215,0.291054,0.275711,-0.339832,-0.850756
19632548,0.293198,0.277170,-0.338129,-0.850224
19640881,0.295988,0.280803,-0.335400,-0.849145
19649214,0.298248,0.285192,-0.331157,-0.848557
19657547,0.299202,0.291026,-0.326916,-0.847884
19665880,0.299962,0.296863,-0.323248,-0.846998
19674213,0.300669,0.303495,-0.318803,-0.846081
19682546,0.302123,0.311709,-0.313066,-0.844719
19690879,0.305359,0.321257,-0.304009,-0.843284
19699212,0.305968,0.330845,-0.297237,-0.841769
19707545,0.305559,0.342018,-0.292584,-0.839078
19715878,0.308342,0.352513,-0.283362,-0.836879
19724211,0.312340,0.359281,-0.273569,-0.835776
19732544,0.315979,0.368245,-0.264534,-0.833411
19740877,0.317640,0.384402,-0.255635,-0.828245
19749210,0.319372,0.393516,-0.246396,-0.826097
19757543,0.326152,0.402752,-0.236267,-0.821945
19765876,0.325737,0.416774,-0.230198,-0.816825
19774209,0.332727,0.425757,-0.219326,-0.812354
19782542,0.333784,0.440595,-0.211427,-0.806079
19790875,0.334847,0.457558,-0.212713,-0.795783
19799208,0.344943,0.462370,-0.199349,-0.792142
19807541,0.350456,0.471322,-0.189928,-0.786742
19815874,0.352250,0.481390,-0.187316,-0.780446
19824207,0.354839,0.487324,-0.182096,-0.776818
19832540,0.359335,0.492543,-0.179401,-0.772072
19840873,0.360388,0.498276,-0.179258,-0.767925
19849206,0.364316,0.500336,-0.176502,-0.765366
19857539,0.365812,0.501045,-0.175788,-0.764352
19865872,0.368753,0.503834,-0.174029,-0.761503
19874205,0.370518,0.507763,-0.171405,-0.758626
19882538,0.370786,0.505209,-0.173313,-0.759766
19890871,0.371828,0.504067,-0.175508,-0.759511
19899204,0.373329,0.502960,-0.176356,-0.759313
19907537,0.374038,0.501177,-0.178003,-0.759758
19915870,0.374994,0.498747,-0.180126,-0.760385
19924203,0.374394,0.495263,-0.183260,-0.762207
19932536,0.373332,0.490471,-0.186008,-0.765155
19940869,0.371042,0.491991,-0.191245,-0.764001
19949202,0.368607,0.489143,-0.195176,-0.766012
19957535,0.367106,0.483815,-0.200186,-0.768819
19965868,0.369468,0.479809,-0.200322,-0.770161
19974201,0.369339,0.476982,-0.201662,-0.771628
19982534,0.366904,0.472315,-0.205268,-0.774703
19990867,0.363912,0.467531,-0.209840,-0.777786
19999200,0.363482,0.464029,-0.213869,-0.778985
20007533,0.363537,0.459709,-0.217373,-0.780550
20015866,0.363153,0.454676,-0.221031,-0.782646
20024199,0.361015,0.450214,-0.224910,-0.785106
20032532,0.357388,0.449227,-0.231559,-0.785397
20040865,0.356631,0.443529,-0.232602,-0.788665
20049198,0.355770,0.437931,-0.234943,-0.791483
20057531,0.354464,0.434711,-0.237145,-0.793186
20065864,0.354041,0.430355,-0.240284,-0.794804
20074197,0.354679,0.428941,-0.242299,-0.794672
20082530,0.353995,0.424776,-0.243961,-0.796703
20090863,0.352255,0.422850,-0.245497,-0.798026
20099196,0.350985,0.422068,-0.247379,-0.798418
20107529,0.349243,0.420357,-0.251007,-0.798952
20115862,0.348904,0.421810,-0.253505,-0.797545
20124195,0.349194,0.421102,-0.253799,-0.797698
20132528,0.348438,0.419030,-0.254990,-0.798740
20140861,0.349812,0.416117,-0.254385,-0.799854
20149194,0.350251,0.414838,-0.254433,-0.800311
20157527,0.349943,0.413032,-0.255467,-0.801050
20165860,0.349377,0.413470,-0.255336,-0.801112
20174193,0.349853,0.411344,-0.255450,-0.801963
20182526,0.349715,0.410646,-0.255236,-0.802449
20190859,0.349061,0.409657,-0.255656,-0.803105
20199192,0.348112,0.413643,-0.259496,-0.800237
20207525,0.347366,0.414249,-0.260993,-0.799761
20215858,0.348145,0.408530,-0.257772,-0.803400
20224191,0.347933,0.410634,-0.259382,-0.801900
20232524,0.348936,0.408164,-0.258974,-0.802857
20240857,0.349559,0.407197,-0.259466,-0.802917
20249190,0.347994,0.407993,-0.260740,-0.802780
20257523,0.348671,0.406594,-0.260555,-0.803257
20265856,0.348985,0.407546,-0.259863,-0.802862
20274189,0.348722,0.408143,-0.259567,-0.802769
20282522,0.348011,0.407282,-0.259060,-0.803678
20290855,0.347817,0.405064,-0.259330,-0.804795
20299188,0.347700,0.404483,-0.260362,-0.804804
20307521,0.347833,0.402666,-0.260651,-0.805564
20315854,0.347288,0.400464,-0.261584,-0.806594
20324187,0.347468,0.399281,-0.261871,-0.807010
20332520,0.347717,0.397137,-0.262022,-0.807910
20340853,0.346648,0.396626,-0.263427,-0.808164
20349186,0.347157,0.395961,-0.265068,-0.807735
20357519,0.346472,0.395540,-0.266705,-0.807697
20365852,0.346576,0.394864,-0.267121,-0.807845
20374185,0.346365,0.394311,-0.267947,-0.807932
20382518,0.345458,0.394025,-0.269371,-0.807986
20390851,0.344502,0.394931,-0.270353,-0.807624
20399184,0.343883,0.395444,-0.271484,-0.807257
20407517,0.343956,0.394850,-0.271578,-0.807486
20415850,0.343289,0.393932,-0.272757,-0.807820
20424183,0.342773,0.391924,-0.273405,-0.808797
20432516,0.342400,0.390905,-0.273548,-0.809399
20440849,0.341572,0.389615,-0.273278,-0.810462
20449182,0.341976,0.389625,-0.273446,-0.810230
20457515,0.342295,0.388979,-0.271859,-0.810939
20465848,0.343558,0.390136,-0.269848,-0.810521
20474181,0.342614,0.389038,-0.270909,-0.811094
20482514,0.342715,0.388404,-0.271756,-0.811072
20490847,0.343786,0.389387,-0.270922,-0.810426
20499180,0.343427,0.388509,-0.272065,-0.810617
20507513,0.342390,0.387902,-0.272564,-0.811178
20515846,0.341798,0.387314,-0.273376,-0.811435
20524179,0.342285,0.387898,-0.273139,-0.811031
20532512,0.342015,0.387670,-0.273289,-0.811203
20540845,0.342587,0.387551,-0.272725,-0.811208
20549178,0.342417,0.386540,-0.272831,-0.811727
20557511,0.342824,0.385896,-0.272621,-0.811932
20565844,0.341901,0.386928,-0.272895,-0.811738
20574177,0.342416,0.387642,-0.272357,-0.811361
20582510,0.342730,0.386808,-0.272387,-0.811617
20590843,0.343230,0.386791,-0.271602,-0.811676
20599176,0.343327,0.387507,-0.271214,-0.811423
20607509,0.341608,0.387366,-0.272016,-0.811947
20615842,0.344413,0.389115,-0.269434,-0.810786
20624175,0.343182,0.389389,-0.270037,-0.810976
20632508,0.342640,0.389521,-0.270372,-0.811031
20640841,0.342735,0.389534,-0.270685,-0.810880
20649174,0.343110,0.388933,-0.270190,-0.811175
20657507,0.341261,0.389189,-0.271675,-0.811336
20665840,0.342015,0.389790,-0.270950,-0.810972
20674173,0.341163,0.389667,-0.271623,-0.811165
20682506,0.341836,0.390218,-0.270640,-0.810945
20690839,0.341047,0.389701,-0.271065,-0.811384
20699172,0.341067,0.389387,-0.270932,-0.811571
20707505,0.341320,0.388508,-0.270880,-0.811903
20715838,0.340163,0.388541,-0.271731,-0.812088
20724171,0.341024,0.389374,-0.271302,-0.811471
20732504,0.340219,0.388921,-0.272091,-0.811762
20740837,0.339852,0.388727,-0.272267,-0.811950
20749170,0.340648,0.388890,-0.271936,-0.811649
20757503,0.340596,0.389218,-0.272003,-0.811491
20765836,0.340893,0.389580,-0.271806,-0.811259
20774169,0.340099,0.388735,-0.272508,-0.811762
20782502,0.340332,0.389397,-0.271971,-0.811527
20790835,0.339687,0.390518,-0.274014,-0.810571
20799168,0.339722,0.389697,-0.273307,-0.811189
20807501,0.339591,0.390510,-0.273937,-0.810641
20815834,0.339466,0.389625,-0.274410,-0.810959
20824167,0.339314,0.389822,-0.274488,-0.810902
20832500,0.338948,0.390224,-0.274916,-0.810716
20840833,0.338602,0.390293,-0.275229,-0.810721
20849166,0.338562,0.390536,-0.275328,-0.810587
20857499,0.338356,0.390627,-0.275617,-0.810531
20865832,0.338115,0.390534,-0.275795,-0.810616
20874165,0.338410,0.391404,-0.275429,-0.810198
20882498,0.338415,0.391159,-0.275342,-0.810343
20890831,0.337970,0.391417,-0.275639,-0.810304
20899164,0.337459,0.391625,-0.276061,-0.810272
20907497,0.337632,0.391910,-0.275613,-0.810215
20915830,0.338090,0.392348,-0.274902,-0.810053
20924163,0.338524,0.392607,-0.274213,-0.809981
20932496,0.337900,0.392936,-0.274672,-0.809926
20940829,0.336982,0.392252,-0.275384,-0.810398
20949162,0.338161,0.391647,-0.273537,-0.810825
20957495,0.337127,0.391942,-0.274292,-0.810858
20965828,0.336854,0.391890,-0.274487,-0.810931
20974161,0.336709,0.391843,-0.274496,-0.811010
20982494,0.337560,0.391489,-0.272666,-0.811445
20990827,0.337183,0.391840,-0.273303,-0.811218
20999160,0.336861,0.392971,-0.274121,-0.810528
21007493,0.336464,0.393548,-0.274724,-0.810209
21015826,0.336654,0.391631,-0.273625,-0.811430
21024159,0.336481,0.392437,-0.274664,-0.810761
21032492,0.336418,0.391818,-0.274669,-0.811085
21040825,0.336459,0.390633,-0.274162,-0.811811
21049158,0.336354,0.391723,-0.274538,-0.811202
21057491,0.337129,0.392306,-0.274358,-0.810659
21065824,0.336567,0.392761,-0.275354,-0.810334
21074157,0.336321,0.390833,-0.274706,-0.811588
21082490,0.335885,0.391496,-0.276013,-0.811005
21090823,0.335677,0.393056,-0.276492,-0.810173
21099156,0.335991,0.391066,-0.276694,-0.810936
21107489,0.335836,0.391382,-0.276399,-0.810949
21115822,0.334654,0.392172,-0.277189,-0.810786
21124155,0.333434,0.393805,-0.277570,-0.810367
21132488,0.334070,0.392639,-0.278232,-0.810444
21140821,0.334800,0.389892,-0.277146,-0.811839
21149154,0.334997,0.389205,-0.276872,-0.812181
21157487,0.335305,0.388922,-0.276667,-0.812260
21165820,0.336589,0.391104,-0.276585,-0.810707
21174153,0.335039,0.389867,-0.277255,-0.811715
21182486,0.334082,0.392640,-0.279363,-0.810049
21190819,0.333529,0.392065,-0.279821,-0.810397
21199152,0.334280,0.391437,-0.278358,-0.810895
21207485,0.334454,0.391309,-0.278010,-0.811005
21215818,0.333832,0.395486,-0.280034,-0.808534
21224151,0.334494,0.396452,-0.279734,-0.807891
21232484,0.335163,0.393320,-0.279169,-0.809339
21240817,0.334957,0.392272,-0.279329,-0.809878
21249150,0.333573,0.393685,-0.280135,-0.809485
21257483,0.333120,0.395184,-0.280525,-0.808806
21265816,0.333923,0.396125,-0.280644,-0.807972
21274149,0.333628,0.395043,-0.280072,-0.808822
21282482,0.335082,0.393222,-0.279443,-0.809326
21290815,0.335477,0.392220,-0.278412,-0.810003
21299148,0.334354,0.392735,-0.279968,-0.809682
21307481,0.334023,0.393437,-0.280490,-0.809297
21315814,0.334409,0.395421,-0.280764,-0.808074
21324147,0.334551,0.394595,-0.280601,-0.808477
21332480,0.334435,0.394121,-0.280927,-0.808642
21340813,0.334191,0.393858,-0.281141,-0.808796
21349146,0.334143,0.392402,-0.280183,-0.809856
21357479,0.334290,0.393277,-0.280796,-0.809158
21365812,0.334235,0.393675,-0.281251,-0.808830
21374145,0.334824,0.391961,-0.280762,-0.809588
21382478,0.335000,0.392064,-0.280691,-0.809489
21390811,0.334839,0.392143,-0.280858,-0.809460
21399144,0.334626,0.392175,-0.281055,-0.809465
21407477,0.335420,0.393260,-0.280135,-0.808928
21415810,0.336359,0.393964,-0.279356,-0.808465
21424143,0.335434,0.392672,-0.280291,-0.809154
21432476,0.336406,0.392090,-0.279631,-0.809260
21440809,0.336405,0.392138,-0.279871,-0.809155
21449142,0.336594,0.392073,-0.279995,-0.809065
21457475,0.334938,0.390979,-0.281205,-0.809862
21465808,0.335387,0.391524,-0.280591,-0.809625
21474141,0.336941,0.392586,-0.279377,-0.808885
21482474,0.336844,0.392382,-0.279209,-0.809083
21490807,0.337175,0.392395,-0.279490,-0.808842
21499140,0.336742,0.392143,-0.279939,-0.808989
21507473,0.336656,0.392302,-0.280029,-0.808916
21515806,0.336422,0.392270,-0.280235,-0.808958
21524139,0.336869,0.392594,-0.280078,-0.808669
21532472,0.336874,0.392503,-0.279167,-0.809026
21540805,0.336224,0.393869,-0.279724,-0.808440
21549138,0.336327,0.392524,-0.280292,-0.808855
21557471,0.336976,0.390682,-0.278645,-0.810044
21565804,0.337122,0.389884,-0.278341,-0.810472
21574137,0.336966,0.390983,-0.278736,-0.809872
21582470,0.335549,0.390837,-0.279988,-0.810099
21590803,0.336432,0.389885,-0.279049,-0.810515
21599136,0.336641,0.390175,-0.278546,-0.810462
21607469,0.336325,0.390928,-0.280126,-0.809685
21615802,0.335218,0.390936,-0.281385,-0.809704
21624135,0.335874,0.389493,-0.280278,-0.810511
21632468,0.336244,0.389275,-0.279196,-0.810836
21640801,0.335982,0.389607,-0.278590,-0.810993
21649134,0.335917,0.389691,-0.279673,-0.810607
21657467,0.336360,0.390734,-0.278854,-0.810203
21665800,0.336518,0.391320,-0.278422,-0.810003
21674133,0.336428,0.391083,-0.278514,-0.810124
21682466,0.336283,0.390963,-0.278460,-0.810261
21690799,0.335882,0.390758,-0.278711,-0.810439
21699132,0.335486,0.388553,-0.277965,-0.811918
21707465,0.333626,0.389992,-0.280417,-0.811151
21715798,0.332841,0.391139,-0.280579,-0.810865
21724131,0.333013,0.390568,-0.280989,-0.810928
21732464,0.333132,0.391234,-0.281031,-0.810543
21740797,0.332933,0.392275,-0.281284,-0.810034
21749130,0.332671,0.390595,-0.281661,-0.810822
21757463,0.332190,0.389655,-0.282170,-0.811295
21765796,0.331484,0.389218,-0.282874,-0.811548
21774129,0.332225,0.387695,-0.281046,-0.812608
21782462,0.331521,0.387632,-0.281347,-0.812822
21790795,0.331585,0.388868,-0.282315,-0.811869
21799128,0.332357,0.389801,-0.281988,-0.811219
21807461,0.331646,0.387623,-0.281507,-0.812719
21815794,0.330861,0.386729,-0.281906,-0.813327
21824127,0.330855,0.386823,-0.281870,-0.813297
21832460,0.332080,0.387955,-0.280607,-0.812695
21840793,0.331819,0.386748,-0.280935,-0.813264
21849126,0.330624,0.386692,-0.282190,-0.813342
21857459,0.330823,0.387000,-0.282252,-0.813093
21865792,0.330734,0.386091,-0.282370,-0.813521
21874125,0.330337,0.386884,-0.282920,-0.813114
21882458,0.330589,0.385938,-0.282579,-0.813580
21890791,0.330537,0.386671,-0.282497,-0.813281
21899124,0.330448,0.386015,-0.282530,-0.813617
21907457,0.330580,0.388935,-0.282512,-0.812178
21915790,0.330228,0.387578,-0.283021,-0.812793
21924123,0.329796,0.386497,-0.283540,-0.813302
21932456,0.329779,0.386944,-0.283763,-0.813018
21940789,0.329828,0.386838,-0.283567,-0.813117
21949122,0.329862,0.386577,-0.283542,-0.813236
21957455,0.330383,0.389089,-0.283367,-0.811887
21965788,0.330179,0.390323,-0.283701,-0.811260
21974121,0.331313,0.388276,-0.282434,-0.812222
21982454,0.331665,0.386036,-0.282510,-0.813119
21990787,0.330629,0.387187,-0.283487,-0.812654
21999120,0.331061,0.386203,-0.283559,-0.812921
22007453,0.329890,0.386871,-0.284138,-0.812877
22015786,0.329504,0.386715,-0.284338,-0.813038
22024119,0.330368,0.387064,-0.284137,-0.812591
22032452,0.329786,0.387979,-0.284771,-0.812169
22040785,0.328906,0.387395,-0.285628,-0.812504
22049118,0.329573,0.386650,-0.285295,-0.812706
22057451,0.328154,0.387416,-0.287150,-0.812261
22065784,0.329007,0.385771,-0.286689,-0.812862
22074117,0.329205,0.385478,-0.286187,-0.813098
22082450,0.328496,0.384505,-0.287092,-0.813526
22090783,0.326966,0.387101,-0.288764,-0.812319
22099116,0.326769,0.388568,-0.288521,-0.811784
22107449,0.328545,0.385967,-0.287060,-0.812825
22115782,0.327911,0.386312,-0.287483,-0.812767
22124115,0.328700,0.385408,-0.287215,-0.812973
22132448,0.328623,0.385293,-0.286864,-0.813182
22140781,0.328436,0.384937,-0.286890,-0.813417
22149114,0.327213,0.387069,-0.288150,-0.812452
22157447,0.328069,0.385591,-0.287310,-0.813107
22165780,0.329154,0.385135,-0.286551,-0.813153
22174113,0.328710,0.384956,-0.287167,-0.813200
22182446,0.329596,0.387389,-0.286172,-0.812036
22190779,0.329901,0.386115,-0.286016,-0.812573
22199112,0.329461,0.388476,-0.286641,-0.811405
22207445,0.330743,0.387381,-0.285484,-0.811815
22215778,0.330037,0.385009,-0.286236,-0.812965
22224111,0.329362,0.384981,-0.286979,-0.812990
22232444,0.329102,0.386331,-0.287159,-0.812392
22240777,0.329974,0.387920,-0.286037,-0.811676
22249110,0.331225,0.387205,-0.284669,-0.811989
22257443,0.330935,0.385718,-0.285090,-0.812667
22265776,0.330581,0.385431,-0.285268,-0.812884
22274109,0.330375,0.387916,-0.285657,-0.811649
22282442,0.329766,0.386773,-0.285895,-0.812358
22290775,0.330471,0.386058,-0.285441,-0.812571
22299108,0.330567,0.385904,-0.285422,-0.812612
22307441,0.329274,0.386609,-0.286317,-0.812486
22315774,0.329537,0.386981,-0.286658,-0.812083
22324107,0.331264,0.387222,-0.284494,-0.812027
22332440,0.329720,0.388304,-0.286352,-0.811485
22340773,0.328545,0.389277,-0.287657,-0.811033
22349106,0.328864,0.388527,-0.287336,-0.811377
22357439,0.329619,0.386637,-0.286186,-0.812379
22365772,0.329059,0.388075,-0.286650,-0.811757
22374105,0.329783,0.386478,-0.285969,-0.812465
22382438,0.328910,0.388052,-0.287037,-0.811692
22390771,0.329253,0.386341,-0.286873,-0.812427
22399104,0.328905,0.384088,-0.286858,-0.813641
22407437,0.328976,0.384538,-0.287455,-0.813188
22415770,0.328822,0.385168,-0.286937,-0.813135
22424103,0.328291,0.385464,-0.287696,-0.812942
22432436,0.328633,0.384752,-0.287535,-0.813197
22440769,0.327887,0.386693,-0.288669,-0.812175
22449102,0.328185,0.385225,-0.287429,-0.813192
22457435,0.328515,0.385459,-0.287395,-0.812960
22465768,0.328530,0.385087,-0.286968,-0.813281
22474101,0.328772,0.384697,-0.287397,-0.813216
22482434,0.327868,0.386149,-0.287916,-0.812709
22490767,0.328138,0.385451,-0.287487,-0.813083
22499100,0.328412,0.386380,-0.286931,-0.812728
22507433,0.328471,0.385522,-0.286911,-0.813119
22515766,0.327190,0.387705,-0.288679,-0.811971
22524099,0.328227,0.386205,-0.287232,-0.812779
22532432,0.328773,0.385594,-0.286389,-0.813146
22540765,0.327526,0.386763,-0.287929,-0.812550
22549098,0.326584,0.387663,-0.288261,-0.812383
22557431,0.327843,0.386135,-0.287002,-0.813049
22565764,0.327730,0.385081,-0.287086,-0.813564
22574097,0.329464,0.386464,-0.285438,-0.812788
22582430,0.329286,0.386535,-0.285751,-0.812716
22590763,0.328099,0.387321,-0.286966,-0.812394
22599096,0.328442,0.386908,-0.286692,-0.812549
22607429,0.328301,0.386542,-0.286440,-0.812869
22615762,0.328665,0.386315,-0.286033,-0.812973
22624095,0.328039,0.386781,-0.286855,-0.812714
22632428,0.328155,0.386052,-0.286943,-0.812983
22640761,0.328719,0.385959,-0.286603,-0.812920
22649094,0.327990,0.385420,-0.287525,-0.813144
22657427,0.328102,0.385977,-0.286941,-0.813041
22665760,0.328083,0.385792,-0.287213,-0.813041
22674093,0.328146,0.385966,-0.287070,-0.812983
22682426,0.327014,0.386371,-0.288092,-0.812885
22690759,0.327823,0.386522,-0.287249,-0.812786
22699092,0.326447,0.387997,-0.288580,-0.812165
22707425,0.326806,0.387483,-0.288134,-0.812424
22715758,0.327094,0.387310,-0.287377,-0.812659
22724091,0.327767,0.385631,-0.286858,-0.813369
22732424,0.327504,0.385127,-0.286865,-0.813712
22740757,0.327987,0.386173,-0.286710,-0.813076
22749090,0.327349,0.387539,-0.287013,-0.812576
22757423,0.327664,0.386653,-0.286808,-0.812943
22765756,0.327172,0.386625,-0.287111,-0.813048
22774089,0.326578,0.388297,-0.288205,-0.812102
22782422,0.326949,0.387594,-0.287795,-0.812434
22790755,0.327476,0.385842,-0.287455,-0.813176
22799088,0.327305,0.386331,-0.287806,-0.812888
22807421,0.328123,0.386021,-0.287154,-0.812937
22815754,0.326486,0.387780,-0.288741,-0.812196
22824087,0.326987,0.385674,-0.288105,-0.813223
22832420,0.327058,0.386490,-0.288065,-0.812820
22840753,0.326930,0.386683,-0.288024,-0.812795
22849086,0.327049,0.386401,-0.287758,-0.812975
22857419,0.327428,0.385517,-0.287430,-0.813358
22865752,0.327973,0.384931,-0.286995,-0.813570
22874085,0.327088,0.385490,-0.287918,-0.813335
22882418,0.327858,0.384657,-0.287249,-0.813656
22890751,0.328212,0.384626,-0.287229,-0.813535
22899084,0.328140,0.384575,-0.287202,-0.813598
22907417,0.328359,0.384363,-0.287204,-0.813609
22915750,0.328132,0.384733,-0.287291,-0.813495
22924083,0.327227,0.385514,-0.288059,-0.813218
22932416,0.328228,0.384449,-0.286889,-0.813732
22940749,0.327836,0.384639,-0.287220,-0.813684
22949082,0.327782,0.385308,-0.287064,-0.813444
22957415,0.327867,0.385702,-0.286686,-0.813356
22965748,0.328210,0.386024,-0.286203,-0.813235
22974081,0.328756,0.385470,-0.285463,-0.813538
22982414,0.329074,0.385432,-0.285315,-0.813479
22990747,0.327381,0.387594,-0.286731,-0.812636
22999080,0.328732,0.386096,-0.285497,-0.813238
23007413,0.328461,0.386586,-0.285855,-0.812989
23015746,0.328875,0.384691,-0.285444,-0.813865
23024079,0.329168,0.384740,-0.285292,-0.813776
23032412,0.328524,0.385797,-0.286177,-0.813225
23040745,0.328837,0.384805,-0.285960,-0.813645
23049078,0.329164,0.384163,-0.286128,-0.813757
23057411,0.329330,0.384076,-0.286635,-0.813552
23065744,0.330583,0.385002,-0.285222,-0.813103
23074077,0.331236,0.384961,-0.284544,-0.813094
23082410,0.329079,0.384193,-0.287068,-0.813446
23090743,0.329455,0.385649,-0.286262,-0.812889
23099076,0.329742,0.385907,-0.285612,-0.812879
23107409,0.329771,0.385930,-0.285279,-0.812973
23115742,0.328497,0.385752,-0.286657,-0.813089
23124075,0.328007,0.383731,-0.286579,-0.814269
23132408,0.327929,0.384194,-0.285904,-0.814320
23140741,0.327853,0.383545,-0.285618,-0.814756
23149074,0.328128,0.384000,-0.285158,-0.814592
23157407,0.327766,0.383072,-0.285042,-0.815216
23165740,0.327956,0.384271,-0.284366,-0.814811
23174073,0.327639,0.384058,-0.284361,-0.815040
23182406,0.327790,0.384120,-0.284144,-0.815026
23190739,0.328255,0.383971,-0.283642,-0.815084
23199072,0.327941,0.384687,-0.284348,-0.814627
23207405,0.327914,0.384080,-0.284118,-0.815004
23215738,0.327863,0.384378,-0.284603,-0.814715
23224071,0.327660,0.384126,-0.285167,-0.814718
23232404,0.327535,0.384948,-0.285355,-0.814315
23240737,0.327470,0.385214,-0.285353,-0.814216
23249070,0.327536,0.385123,-0.285294,-0.814253
23257403,0.327681,0.385309,-0.285224,-0.814131
23265736,0.327496,0.385377,-0.285674,-0.814015
23274069,0.327117,0.385640,-0.285233,-0.814198
23282402,0.327206,0.384838,-0.284543,-0.814783
23290735,0.327009,0.385344,-0.285123,-0.814420
23299068,0.327207,0.385186,-0.285103,-0.814423
23307401,0.327246,0.385001,-0.284818,-0.814594
23315734,0.326818,0.385360,-0.285494,-0.814359
23324067,0.327930,0.386971,-0.284356,-0.813546
23332400,0.325441,0.386863,-0.286720,-0.813767
23340733,0.326709,0.385758,-0.285623,-0.814169
23349066,0.326690,0.386224,-0.285480,-0.814006
23357399,0.327003,0.386060,-0.285686,-0.813886
23365732,0.326977,0.385962,-0.285458,-0.814023
23374065,0.326296,0.385362,-0.286348,-0.814268
23382398,0.326239,0.386776,-0.286437,-0.813588
23390731,0.326708,0.386677,-0.285429,-0.813801
23399064,0.327370,0.387723,-0.284859,-0.813237
23407397,0.327574,0.386370,-0.285011,-0.813746
23415730,0.326628,0.386017,-0.286875,-0.813638
23424063,0.326162,0.385589,-0.287075,-0.813958
23432396,0.326220,0.386950,-0.286890,-0.813354
23440729,0.326834,0.387290,-0.286121,-0.813216
23449062,0.325800,0.387167,-0.287394,-0.813241
23457395,0.326612,0.385897,-0.286296,-0.813906
23465728,0.325372,0.385241,-0.287081,-0.814437
23474061,0.326092,0.386309,-0.286321,-0.813910
23482394,0.326965,0.386897,-0.285641,-0.813519
23490727,0.326464,0.385883,-0.285942,-0.814096
23499060,0.326662,0.385934,-0.285857,-0.814022
23507393,0.325166,0.385526,-0.287194,-0.814344
23515726,0.324491,0.385595,-0.287709,-0.814399
23524059,0.325351,0.385066,-0.286304,-0.814801
23532392,0.324561,0.385376,-0.287228,-0.814644
23540725,0.326162,0.385438,-0.285792,-0.814480
23549058,0.325824,0.384533,-0.285643,-0.815096
23557391,0.326149,0.385524,-0.285422,-0.814575
23565724,0.326688,0.387222,-0.284990,-0.813704
23574057,0.326459,0.385280,-0.284938,-0.814736
23582390,0.325973,0.384421,-0.285680,-0.815076
23590723,0.325991,0.384660,-0.285807,-0.814912
23599056,0.325994,0.384688,-0.286252,-0.814741
23607389,0.326875,0.386771,-0.285947,-0.813508
23615722,0.325760,0.388815,-0.287262,-0.812517
23624055,0.325605,0.389134,-0.287277,-0.812421
23632388,0.327002,0.388993,-0.286220,-0.812301
23640721,0.326299,0.385785,-0.286359,-0.814062
23649054,0.326745,0.387396,-0.286040,-0.813230
23657387,0.326023,0.386300,-0.286686,-0.813813
23665720,0.325703,0.385683,-0.286803,-0.814193
23674053,0.325985,0.385039,-0.285944,-0.814687
23682386,0.324925,0.384667,-0.287422,-0.814766
23690719,0.326905,0.385818,-0.285392,-0.814143
23699052,0.327141,0.387131,-0.285192,-0.813495
23707385,0.327018,0.387095,-0.285150,-0.813576
23715718,0.326651,0.387103,-0.285995,-0.813423
23724051,0.326023,0.384972,-0.286443,-0.814528
23732384,0.326965,0.385625,-0.285605,-0.814136
23740717,0.327769,0.385646,-0.284645,-0.814139
23749050,0.327061,0.386626,-0.285497,-0.813660
23757383,0.325736,0.386402,-0.287109,-0.813731
23765716,0.327170,0.386447,-0.285943,-0.813545
23774049,0.326107,0.385297,-0.286436,-0.814343
23782382,0.325466,0.385240,-0.286774,-0.814508
23790715,0.325860,0.388252,-0.286255,-0.813101
23799048,0.326545,0.388967,-0.285218,-0.812849
23807381,0.326102,0.386344,-0.285558,-0.814158
23815714,0.325468,0.385240,-0.285936,-0.814801
23824047,0.326516,0.385905,-0.284808,-0.814462
23832380,0.326176,0.385887,-0.285287,-0.814440
23840713,0.325821,0.385841,-0.285546,-0.814513
23849046,0.325731,0.385313,-0.285730,-0.814734
23857379,0.325807,0.385399,-0.285662,-0.814687
23865712,0.326151,0.385238,-0.286447,-0.814349
23874045,0.326676,0.385600,-0.285841,-0.814181
23882378,0.326366,0.384715,-0.285494,-0.814845
23890711,0.326042,0.385062,-0.286082,-0.814604
23899044,0.325626,0.384929,-0.286860,-0.814560
23907377,0.327385,0.386458,-0.285141,-0.813735
23915710,0.327348,0.387323,-0.285088,-0.813357
23924043,0.326803,0.387751,-0.285612,-0.813188
23932376,0.327361,0.386637,-0.285193,-0.813641
23940709,0.326300,0.384771,-0.286123,-0.814625
23949042,0.327652,0.386606,-0.284842,-0.813662
23957375,0.327436,0.387489,-0.284771,-0.813353
23965708,0.326593,0.388232,-0.285313,-0.813148
23974041,0.326525,0.385539,-0.284907,-0.814597
23982374,0.327330,0.386845,-0.283933,-0.813995
23990707,0.326857,0.385630,-0.284850,-0.814441
23999040,0.326968,0.385179,-0.284780,-0.814635
24007373,0.326272,0.384653,-0.285173,-0.815025
24015706,0.326034,0.384801,-0.285569,-0.814912
24024039,0.325873,0.385266,-0.285764,-0.814688
24032372,0.325504,0.385416,-0.286378,-0.814549
24040705,0.327132,0.387651,-0.284887,-0.813358
24049038,0.326529,0.386185,-0.285401,-0.814117
24057371,0.325904,0.386323,-0.285876,-0.814135
24065704,0.325904,0.384859,-0.285846,-0.814839
24074037,0.325841,0.384689,-0.285831,-0.814950
24082370,0.326605,0.385654,-0.285573,-0.814278
24090703,0.327161,0.387121,-0.285125,-0.813515
24099036,0.326033,0.386576,-0.285740,-0.814012
24107369,0.326366,0.387337,-0.285072,-0.813750
24115702,0.326327,0.387758,-0.285077,-0.813564
24124035,0.325811,0.385556,-0.285484,-0.814673
24132368,0.327010,0.387307,-0.284473,-0.813715
24140701,0.326142,0.385601,-0.285220,-0.814612
24149034,0.326322,0.386894,-0.285172,-0.813943
24157367,0.325455,0.387168,-0.286063,-0.813848
24165700,0.326336,0.388560,-0.285499,-0.813029
24174033,0.326680,0.387395,-0.285338,-0.813503
24182366,0.325505,0.385741,-0.285770,-0.814608
24190699,0.324822,0.385745,-0.286406,-0.814655
24199032,0.325403,0.388579,-0.286550,-0.813024
24207365,0.325526,0.386428,-0.286206,-0.814120
24215698,0.327173,0.387794,-0.285175,-0.813172
24224031,0.326039,0.386346,-0.285420,-0.814230
24232364,0.326780,0.386188,-0.284550,-0.814312
24240697,0.326527,0.387066,-0.284608,-0.813977
24249030,0.326388,0.387808,-0.285134,-0.813495
24257363,0.326361,0.388099,-0.285552,-0.813220
24265696,0.325679,0.385614,-0.285830,-0.814578
24274029,0.327075,0.387489,-0.284958,-0.813433
24282362,0.326875,0.387543,-0.284917,-0.813502
24290695,0.326405,0.387007,-0.285116,-0.813876
24299028,0.326347,0.387027,-0.284937,-0.813952
24307361,0.326810,0.386259,-0.284431,-0.814308
24315694,0.326260,0.387226,-0.285250,-0.813783
24324027,0.325173,0.389224,-0.286441,-0.812846
24332360,0.324913,0.389761,-0.287159,-0.812439
24340693,0.325502,0.388889,-0.286291,-0.812928
24349026,0.325296,0.388495,-0.286135,-0.813253
24357359,0.325213,0.388866,-0.286776,-0.812884
24365692,0.325215,0.390119,-0.287774,-0.811929
24374025,0.325312,0.389538,-0.287491,-0.812269
24382358,0.325177,0.389366,-0.287154,-0.812524
24390691,0.325401,0.388671,-0.286619,-0.812956
24399024,0.325168,0.389493,-0.287186,-0.812456
24407357,0.325121,0.389843,-0.287321,-0.812260
24415690,0.325026,0.389673,-0.287250,-0.812404
24424023,0.324919,0.389207,-0.287265,-0.812665
24432356,0.325239,0.389070,-0.287113,-0.812656
24440689,0.325301,0.388617,-0.286625,-0.813020
24449022,0.325372,0.388822,-0.287111,-0.812722
24457355,0.325526,0.388837,-0.287453,-0.812533
24465688,0.325673,0.388754,-0.287136,-0.812626
24474021,0.325786,0.388931,-0.287147,-0.812492
24482354,0.325492,0.388920,-0.287261,-0.812575
24490687,0.325667,0.388879,-0.287569,-0.812415
24499020,0.325649,0.389214,-0.287780,-0.812187
24507353,0.326041,0.389175,-0.286789,-0.812399
24515686,0.325731,0.389183,-0.287450,-0.812286
24524019,0.325382,0.390065,-0.288371,-0.811676
24532352,0.325540,0.389458,-0.288079,-0.812008
24540685,0.325612,0.389629,-0.287817,-0.811990
24549018,0.325243,0.389481,-0.287884,-0.812185
24557351,0.325579,0.389299,-0.287566,-0.812250
24565684,0.325888,0.388364,-0.286990,-0.812777
24574017,0.325481,0.389174,-0.287085,-0.812520
24582350,0.325535,0.389215,-0.287490,-0.812335
24590683,0.325647,0.389144,-0.287284,-0.812397
24599016,0.325662,0.389171,-0.287427,-0.812327
24607349,0.325607,0.388603,-0.287408,-0.812628
24615682,0.325847,0.388785,-0.287380,-0.812455
24624015,0.325889,0.388354,-0.287207,-0.812705
24632348,0.325950,0.388642,-0.287610,-0.812401
24640681,0.325991,0.388942,-0.287415,-0.812309
24649014,0.325877,0.388517,-0.287238,-0.812621
24657347,0.326012,0.388703,-0.287315,-0.812451
24665680,0.326044,0.388404,-0.287066,-0.812669
24674013,0.325352,0.388972,-0.288206,-0.812271
24682346,0.325639,0.388681,-0.287680,-0.812482
24690679,0.325897,0.388716,-0.287143,-0.812552
24699012,0.325737,0.388590,-0.287198,-0.812657
24707345,0.325204,0.389106,-0.287842,-0.812395
24715678,0.325622,0.388808,-0.287351,-0.812544
24724011,0.325588,0.388520,-0.287187,-0.812754
24732344,0.325775,0.388227,-0.286604,-0.813024
24740677,0.325327,0.388882,-0.286932,-0.812775
24749010,0.325549,0.388495,-0.286800,-0.812918
24757343,0.325731,0.388411,-0.286699,-0.812921
24765676,0.325692,0.388503,-0.286727,-0.812883
24774009,0.325721,0.388614,-0.286677,-0.812835
24782342,0.325579,0.388834,-0.286874,-0.812718
24790675,0.326501,0.387035,-0.285680,-0.813626
24799008,0.325965,0.387712,-0.286272,-0.813311
24807341,0.325783,0.388403,-0.286569,-0.812950
24815674,0.325700,0.388852,-0.286521,-0.812785
24824007,0.325712,0.388486,-0.286559,-0.812942
24832340,0.326562,0.386714,-0.285610,-0.813779
24840673,0.325917,0.388014,-0.286412,-0.813137
24849006,0.325571,0.388767,-0.286456,-0.812900
24857339,0.325558,0.388608,-0.286600,-0.812931
24865672,0.325334,0.389498,-0.287870,-0.812145
24874005,0.324862,0.389867,-0.288327,-0.811995
24882338,0.325324,0.388971,-0.287378,-0.812576
24890671,0.325270,0.389055,-0.287344,-0.812570
24899004,0.325350,0.389012,-0.287150,-0.812627
24907337,0.325101,0.388903,-0.287496,-0.812656
24915670,0.325316,0.388457,-0.286969,-0.812970
24924003,0.325188,0.388806,-0.287340,-0.812723
24932336,0.326335,0.387132,-0.285812,-0.813601
24940669,0.325888,0.388101,-0.286172,-0.813191
24949002,0.325728,0.389361,-0.287284,-0.812260
24957335,0.325306,0.389042,-0.287172,-0.812622
24965668,0.325177,0.388970,-0.287161,-0.812712
24974001,0.325347,0.389197,-0.286856,-0.812643
24982334,0.325368,0.389014,-0.287368,-0.812541
24990667,0.325045,0.388848,-0.287166,-0.812821
24999000,0.324950,0.389010,-0.287148,-0.812788
25007333,0.325025,0.388705,-0.286863,-0.813005
25015666,0.324923,0.388721,-0.286876,-0.813033
25023999,0.325037,0.388831,-0.286651,-0.813014
25032332,0.325320,0.389819,-0.286792,-0.812378
25040665,0.325193,0.389701,-0.287372,-0.812281
25048998,0.325147,0.389322,-0.286869,-0.812659
25057331,0.325101,0.389220,-0.286771,-0.812761
25065664,0.324961,0.388883,-0.286774,-0.812977
25073997,0.325157,0.389143,-0.286334,-0.812929
25082330,0.325353,0.389241,-0.286378,-0.812788
25090663,0.325454,0.389910,-0.286852,-0.812260
25098996,0.325426,0.389382,-0.286865,-0.812520
25107329,0.324917,0.389679,-0.287181,-0.812469
25115662,0.325260,0.389239,-0.286826,-0.812669
25123995,0.325167,0.388712,-0.286836,-0.812954
25132328,0.325868,0.387278,-0.286230,-0.813571
25140661,0.325155,0.388202,-0.286492,-0.813323
25148994,0.325123,0.388718,-0.286475,-0.813096
25157327,0.324577,0.389961,-0.287414,-0.812387
25165660,0.324979,0.390087,-0.287371,-0.812181
25173993,0.325007,0.388864,-0.287546,-0.812695
25182326,0.325108,0.388648,-0.286434,-0.813150
25190659,0.325001,0.388777,-0.286600,-0.813073
25198992,0.325219,0.388601,-0.286417,-0.813134
25207325,0.325241,0.388509,-0.286439,-0.813161
25215658,0.324978,0.388159,-0.286586,-0.813382
25223991,0.325483,0.388326,-0.287047,-0.812938
25232324,0.325444,0.389000,-0.287260,-0.812556
25240657,0.325344,0.389199,-0.287441,-0.812436
25248990,0.325406,0.389156,-0.287420,-0.812440
25257323,0.325393,0.388463,-0.286841,-0.812981
25265656,0.325094,0.388284,-0.286658,-0.813251
25273989,0.325233,0.388462,-0.286554,-0.813147
25282322,0.325309,0.388738,-0.286243,-0.813094
25290655,0.325079,0.388717,-0.286502,-0.813105
25298988,0.325089,0.388779,-0.286390,-0.813111
25307321,0.324710,0.390056,-0.287379,-0.812301
25315654,0.324659,0.389405,-0.287483,-0.812597
25323987,0.324935,0.389039,-0.286368,-0.813056
25332320,0.324737,0.390131,-0.287219,-0.812311
25340653,0.324130,0.390499,-0.287321,-0.812340
25348986,0.324838,0.389485,-0.286464,-0.812847
25357319,0.325380,0.388777,-0.286080,-0.813104
25365652,0.324899,0.388895,-0.286756,-0.813002
25373985,0.325312,0.388776,-0.286193,-0.813093
25382318,0.325301,0.388621,-0.286373,-0.813107
25390651,0.324962,0.389355,-0.287596,-0.812460
25398984,0.325075,0.389711,-0.287644,-0.812227
25407317,0.325358,0.388945,-0.286691,-0.812818
25415650,0.324898,0.389091,-0.287241,-0.812738
25423983,0.324916,0.389292,-0.287215,-0.812643
25432316,0.325160,0.388953,-0.286834,-0.812842
25440649,0.325262,0.389414,-0.287028,-0.812513
25448982,0.325277,0.389803,-0.287041,-0.812315
25457315,0.325240,0.389925,-0.287078,-0.812258
25465648,0.325308,0.389177,-0.286547,-0.812777
25473981,0.325282,0.389423,-0.286939,-0.812531
25482314,0.325433,0.389108,-0.286219,-0.812876
25490647,0.325305,0.389064,-0.286857,-0.812723
25498980,0.325176,0.389798,-0.287373,-0.812241
25507313,0.325233,0.389557,-0.286782,-0.812542
25515646,0.325187,0.389076,-0.286777,-0.812793
25523979,0.325189,0.388588,-0.286631,-0.813077
25532312,0.325140,0.388778,-0.286571,-0.813027
25540645,0.325034,0.389201,-0.286114,-0.813028
25548978,0.325290,0.388482,-0.285852,-0.813362
25557311,0.325341,0.388396,-0.285894,-0.813367
25565644,0.325254,0.388365,-0.286005,-0.813378
25573977,0.325172,0.388956,-0.286810,-0.812844
25582310,0.325281,0.388705,-0.286422,-0.813058
25590643,0.324821,0.388667,-0.286192,-0.813341
25598976,0.325034,0.388464,-0.286093,-0.813387
25607309,0.325260,0.388083,-0.285894,-0.813549
25615642,0.325361,0.388440,-0.285546,-0.813460
25623975,0.325512,0.388163,-0.285501,-0.813548
25632308,0.325529,0.388173,-0.285527,-0.813528
25640641,0.325375,0.388455,-0.285425,-0.813491
25648974,0.325103,0.389002,-0.286290,-0.813033
25657307,0.325286,0.389423,-0.286659,-0.812629
25665640,0.325467,0.388670,-0.285944,-0.813168
25673973,0.325737,0.388769,-0.285415,-0.813199
25682306,0.324983,0.388722,-0.286548,-0.813125
25690639,0.325099,0.389027,-0.286536,-0.812937
25698972,0.325453,0.388485,-0.286041,-0.813229
25707305,0.325313,0.389170,-0.286949,-0.812637
25715638,0.325272,0.389043,-0.286453,-0.812889
25723971,0.324716,0.389429,-0.286530,-0.812899
25732304,0.325035,0.389122,-0.286236,-0.813022
25740637,0.325192,0.388982,-0.286386,-0.812974
25748970,0.325193,0.389265,-0.286154,-0.812920
25757303,0.325257,0.389527,-0.286787,-0.812545
25765636,0.325243,0.389591,-0.286987,-0.812449
25773969,0.325300,0.388955,-0.286387,-0.812943
25782302,0.325329,0.388708,-0.286139,-0.813137
25790635,0.325036,0.389321,-0.286815,-0.812723
25798968,0.325499,0.388091,-0.285863,-0.813461
25807301,0.325311,0.388267,-0.285603,-0.813543
25815634,0.325315,0.388747,-0.286395,-0.813034
25823967,0.325500,0.388357,-0.286144,-0.813235
25832300,0.325535,0.389031,-0.286386,-0.812813
25840633,0.325544,0.388755,-0.285895,-0.813114
25848966,0.325287,0.388844,-0.286225,-0.813058
25857299,0.325371,0.388822,-0.285956,-0.813130
25865632,0.325126,0.388983,-0.286308,-0.813027
25873965,0.325213,0.389208,-0.286677,-0.812754
25882298,0.324835,0.389000,-0.286331,-0.813127
25890631,0.325183,0.388769,-0.285682,-0.813327
25898964,0.324757,0.388500,-0.286120,-0.813471
25907297,0.325226,0.388525,-0.285392,-0.813528
25915630,0.325135,0.388298,-0.285287,-0.813709
25923963,0.325495,0.388160,-0.285048,-0.813715
25932296,0.325289,0.387672,-0.284939,-0.814068
25940629,0.325006,0.388116,-0.285400,-0.813808
25948962,0.324878,0.388357,-0.285954,-0.813550
25957295,0.324781,0.388197,-0.285395,-0.813861
25965628,0.324577,0.388149,-0.285879,-0.813796
25973961,0.324787,0.388165,-0.285996,-0.813663
25982294,0.324811,0.388282,-0.285987,-0.813600
25990627,0.324919,0.387414,-0.285452,-0.814159
25998960,0.324848,0.387259,-0.285319,-0.814308
26007293,0.325327,0.387502,-0.284703,-0.814217
26015626,0.324642,0.388021,-0.285873,-0.813833
26023959,0.324807,0.387708,-0.285461,-0.814061
26032292,0.324683,0.387519,-0.285552,-0.814168
26040625,0.324928,0.387549,-0.285537,-0.814062
26048958,0.324867,0.387697,-0.285449,-0.814046
26057291,0.324710,0.388198,-0.285904,-0.813710
26065624,0.325352,0.387614,-0.285103,-0.814014
26073957,0.325028,0.387797,-0.285328,-0.813977
26082290,0.325093,0.388145,-0.285187,-0.813835
26090623,0.325233,0.387926,-0.284549,-0.814106
26098956,0.325259,0.388007,-0.284721,-0.813997
26107289,0.325127,0.386900,-0.284812,-0.814545
26115622,0.324798,0.388107,-0.285828,-0.813745
26123955,0.324991,0.387829,-0.285175,-0.814030
26132288,0.325137,0.388039,-0.284885,-0.813973
26140621,0.325335,0.387896,-0.284866,-0.813969
26148954,0.324947,0.387738,-0.285098,-0.814118
26157287,0.324869,0.387974,-0.285106,-0.814033
26165620,0.324529,0.388530,-0.285772,-0.813670
26173953,0.324506,0.388259,-0.285478,-0.813912
26182286,0.324848,0.387580,-0.285086,-0.814237
26190619,0.325089,0.387736,-0.284729,-0.814191
26198952,0.324914,0.387641,-0.285195,-0.814143
26207285,0.324482,0.388460,-0.285969,-0.813654
26215618,0.324642,0.388078,-0.285567,-0.813913
26223951,0.324805,0.387850,-0.285366,-0.814028
26232284,0.325116,0.387193,-0.284831,-0.814403
26240617,0.324994,0.387354,-0.285216,-0.814241
26248950,0.324899,0.386929,-0.284944,-0.814576
26257283,0.325019,0.386656,-0.284929,-0.814662
26265616,0.325213,0.387306,-0.285342,-0.814132
26273949,0.324842,0.387205,-0.285475,-0.814281
26282282,0.324214,0.388000,-0.286329,-0.813853
26290615,0.324242,0.387454,-0.286003,-0.814217
26298948,0.324919,0.387342,-0.285443,-0.814196
26307281,0.324461,0.388021,-0.286156,-0.813805
26315614,0.324513,0.387795,-0.285764,-0.814030
26323947,0.324336,0.387989,-0.286221,-0.813848
26332280,0.324316,0.388064,-0.286191,-0.813830
26340613,0.324671,0.387313,-0.285989,-0.814118
26348946,0.324779,0.387112,-0.285989,-0.814170
26357279,0.324927,0.386810,-0.286000,-0.814251
26365612,0.324593,0.387133,-0.286992,-0.813881
26373945,0.324507,0.387089,-0.287660,-0.813701
26382278,0.324529,0.386083,-0.287762,-0.814134
26390611,0.324914,0.386137,-0.288235,-0.813787
26398944,0.324404,0.386892,-0.289649,-0.813130
26407277,0.324195,0.386446,-0.290175,-0.813238
26415610,0.323391,0.387889,-0.292439,-0.812059
26423943,0.323476,0.387459,-0.292641,-0.812157
26432276,0.323580,0.388086,-0.293403,-0.811542
26440609,0.322856,0.388850,-0.294340,-0.811125
26448942,0.322147,0.389280,-0.293876,-0.811368
26457275,0.320780,0.388390,-0.294021,-0.812284
26465608,0.319728,0.388353,-0.294517,-0.812536
26473941,0.317812,0.386750,-0.296026,-0.813504
26482274,0.317350,0.385637,-0.296460,-0.814054
26490607,0.316750,0.385665,-0.295863,-0.814492
26498940,0.316021,0.385776,-0.295500,-0.814854
26507273,0.314988,0.386267,-0.295692,-0.814952
26515606,0.314873,0.387525,-0.294578,-0.814803
26523939,0.315913,0.389614,-0.292206,-0.814258
26532272,0.315123,0.389445,-0.292310,-0.814607
26540605,0.316645,0.387266,-0.290197,-0.815811
26548938,0.316280,0.388786,-0.290456,-0.815137
26557271,0.314631,0.391372,-0.291960,-0.813999
26565604,0.314996,0.389552,-0.291503,-0.814894
26573937,0.315613,0.388398,-0.290962,-0.815400
26582270,0.315621,0.389707,-0.291053,-0.814739
26590603,0.313921,0.389756,-0.292352,-0.814908
26598936,0.313555,0.391648,-0.292730,-0.814005
26607269,0.313794,0.391364,-0.292237,-0.814226
26615602,0.313466,0.391404,-0.292312,-0.814307
26623935,0.313990,0.388734,-0.291494,-0.815676
26632268,0.313168,0.391619,-0.293994,-0.813712
26640601,0.312850,0.391911,-0.293441,-0.813894
26648934,0.312646,0.391638,-0.292976,-0.814271
26657267,0.312439,0.389576,-0.292135,-0.815641
26665600,0.312661,0.388329,-0.291108,-0.816517
26673933,0.312168,0.391297,-0.293756,-0.814337
26682266,0.311556,0.391004,-0.293132,-0.814937
26690599,0.310922,0.390443,-0.292620,-0.815632
26698932,0.310603,0.390257,-0.292393,-0.815924
26707265,0.310986,0.391024,-0.291682,-0.815665
26715598,0.310173,0.391534,-0.290376,-0.816195
26723931,0.309776,0.391736,-0.291351,-0.815902
26732264,0.309178,0.393334,-0.292285,-0.815026
26740597,0.308621,0.393638,-0.291948,-0.815211
26748930,0.309091,0.392993,-0.291223,-0.815603
26757263,0.309156,0.392837,-0.290913,-0.815764
26765596,0.309032,0.389975,-0.289433,-0.817708
26773929,0.308639,0.390085,-0.290285,-0.817502
26782262,0.306782,0.391701,-0.290752,-0.817263
26790595,0.306420,0.392457,-0.290343,-0.817182
26798928,0.306782,0.392213,-0.289705,-0.817389
26807261,0.306447,0.392561,-0.289574,-0.817394
26815594,0.305845,0.394104,-0.290198,-0.816656
26823927,0.306600,0.392886,-0.288360,-0.817609
26832260,0.307575,0.391316,-0.286892,-0.818512
26840593,0.306956,0.392851,-0.287682,-0.817732
26848926,0.306400,0.393333,-0.287755,-0.817683
26857259,0.305792,0.394699,-0.288320,-0.817053
26865592,0.306034,0.393678,-0.286746,-0.818008
26873925,0.306698,0.396102,-0.285460,-0.817039
26882258,0.306937,0.395685,-0.284670,-0.817426
26890591,0.306290,0.395424,-0.285236,-0.817598
26898924,0.306482,0.395184,-0.284843,-0.817779
26907257,0.307128,0.395537,-0.283617,-0.817792
26915590,0.306816,0.394766,-0.283053,-0.818477
26923923,0.306563,0.395575,-0.283337,-0.818083
26932256,0.306037,0.396982,-0.283869,-0.817413
26940589,0.306460,0.395769,-0.283874,-0.817841
26948922,0.305777,0.395316,-0.284079,-0.818245
26957255,0.305355,0.396706,-0.283894,-0.817794
26965588,0.305464,0.396619,-0.283474,-0.817941
26973921,0.305068,0.397377,-0.283251,-0.817798
26982254,0.303865,0.399278,-0.283976,-0.817068
26990587,0.302563,0.400864,-0.284890,-0.816457
26998920,0.301697,0.400020,-0.285003,-0.817151
27007253,0.301658,0.399121,-0.283653,-0.818075
27015586,0.302224,0.399946,-0.282689,-0.817797
27023919,0.301824,0.399857,-0.282883,-0.817921
27032252,0.301639,0.400102,-0.282878,-0.817870
27040585,0.301436,0.402282,-0.283108,-0.816796
27048918,0.301454,0.403981,-0.282854,-0.816038
27057251,0.301899,0.403393,-0.281287,-0.816706
27065584,0.301300,0.404607,-0.282216,-0.816006
27073917,0.301528,0.401397,-0.281834,-0.817637
27082250,0.301027,0.400237,-0.281606,-0.818469
27090583,0.300502,0.400528,-0.281222,-0.818651
27098916,0.302453,0.399312,-0.280055,-0.818927
27107249,0.302303,0.399212,-0.279029,-0.819381
27115582,0.301898,0.399023,-0.279073,-0.819607
27123915,0.301974,0.398696,-0.278396,-0.819969
27132248,0.302183,0.398772,-0.277825,-0.820049
27140581,0.301303,0.398176,-0.278570,-0.820409
27148914,0.301378,0.398155,-0.278376,-0.820458
27157247,0.301345,0.399819,-0.278427,-0.819643
27165580,0.301325,0.400279,-0.278291,-0.819472
27173913,0.301273,0.400166,-0.278193,-0.819579
27182246,0.301366,0.399043,-0.277777,-0.820234
27190579,0.301387,0.399460,-0.277972,-0.819957
27198912,0.301301,0.399132,-0.277707,-0.820238
27207245,0.301253,0.398997,-0.277903,-0.820255
27215578,0.301320,0.398908,-0.278080,-0.820214
27223911,0.300697,0.401433,-0.279286,-0.818800
27232244,0.301197,0.400048,-0.278642,-0.819512
27240577,0.301390,0.399584,-0.278376,-0.819758
27248910,0.300842,0.399857,-0.278992,-0.819617
27257243,0.301225,0.400054,-0.278725,-0.819471
27265576,0.301552,0.400317,-0.278153,-0.819417
27273909,0.301208,0.401201,-0.278342,-0.819046
27282242,0.300853,0.400488,-0.278287,-0.819545
27290575,0.300555,0.400115,-0.278515,-0.819758
27298908,0.300996,0.400533,-0.277799,-0.819635
27307241,0.301145,0.401744,-0.277633,-0.819044
27315574,0.301301,0.401827,-0.277577,-0.818965
27323907,0.300832,0.401108,-0.277653,-0.819464
27332240,0.301374,0.401778,-0.277324,-0.819048
27340573,0.301036,0.400651,-0.277617,-0.819625
27348906,0.301237,0.400693,-0.277306,-0.819636
27357239,0.301297,0.400907,-0.277428,-0.819468
27365572,0.301769,0.400900,-0.277042,-0.819428
27373905,0.301660,0.401182,-0.277202,-0.819276
27382238,0.301216,0.403083,-0.278121,-0.818194
27390571,0.301938,0.401786,-0.277586,-0.818747
27398904,0.302828,0.402233,-0.277094,-0.818366
27407237,0.302940,0.401490,-0.277174,-0.818662
27415570,0.302601,0.403171,-0.278125,-0.817638
27423903,0.301306,0.406236,-0.280430,-0.815810
27432236,0.301665,0.406869,-0.280374,-0.815381
27440569,0.303479,0.403425,-0.277470,-0.817410
27448902,0.303697,0.403662,-0.277949,-0.817049
27457235,0.302758,0.406146,-0.280248,-0.815380
27465568,0.303754,0.406031,-0.278878,-0.815536
27473901,0.303589,0.406820,-0.279542,-0.814977
27482234,0.304607,0.405371,-0.278714,-0.815602
27490567,0.305256,0.405204,-0.278177,-0.815626
27498900,0.305350,0.405410,-0.278360,-0.815426
27507233,0.305606,0.404368,-0.278442,-0.815819
27515566,0.305475,0.404632,-0.278460,-0.815731
27523899,0.305424,0.404967,-0.278562,-0.815549
27532232,0.305940,0.404576,-0.278299,-0.815640
27540565,0.306438,0.405322,-0.277871,-0.815228
27548898,0.306327,0.405024,-0.278281,-0.815279
27557231,0.305802,0.406201,-0.278998,-0.814645
27565564,0.305926,0.405470,-0.279123,-0.814919
27573897,0.305937,0.406235,-0.279124,-0.814534
27582230,0.305892,0.404862,-0.279067,-0.815254
27590563,0.306145,0.404498,-0.279085,-0.815333
27598896,0.306113,0.404516,-0.278885,-0.815404
27607229,0.305960,0.404854,-0.279305,-0.815150
27615562,0.306595,0.407864,-0.278614,-0.813646
27623895,0.307232,0.408300,-0.278669,-0.813169
27632228,0.306322,0.404313,-0.279456,-0.815231
27640561,0.306614,0.407070,-0.279204,-0.813835
27648894,0.306177,0.407445,-0.279596,-0.813677
27657227,0.307029,0.404085,-0.278611,-0.815367
27665560,0.305736,0.404602,-0.279996,-0.815123
27673893,0.306401,0.404013,-0.279710,-0.815263
27682226,0.305104,0.406706,-0.281019,-0.813960
27690559,0.304911,0.407449,-0.280975,-0.813675
27698892,0.305692,0.408355,-0.280190,-0.813199
27707225,0.305810,0.404364,-0.280100,-0.815177
27715558,0.305144,0.405794,-0.281219,-0.814330
27723891,0.302952,0.406117,-0.283012,-0.814367
27732224,0.303867,0.404660,-0.281908,-0.815134
27740557,0.303889,0.406124,-0.282199,-0.814296
27748890,0.304442,0.407886,-0.281268,-0.813531
27757223,0.305473,0.407726,-0.280694,-0.813423
27765556,0.303653,0.406007,-0.282502,-0.814337
27773889,0.303778,0.405949,-0.282746,-0.814236
27782222,0.304832,0.407286,-0.282007,-0.813430
27790555,0.305282,0.405956,-0.282364,-0.813802
27798888,0.306144,0.407941,-0.280867,-0.813003
27807221,0.306649,0.407198,-0.280820,-0.813202
27815554,0.306781,0.406404,-0.281983,-0.813146
27823887,0.306826,0.406531,-0.282080,-0.813032
27832220,0.307168,0.404668,-0.281146,-0.814155
27840553,0.307028,0.406065,-0.281114,-0.813523
27848886,0.307608,0.406888,-0.280930,-0.812957
27857219,0.307868,0.404636,-0.280717,-0.814055
27865552,0.308139,0.403077,-0.281062,-0.814606
27873885,0.308134,0.403091,-0.281482,-0.814456
27882218,0.306964,0.406242,-0.282390,-0.813017
27890551,0.307239,0.407183,-0.282026,-0.812569
27898884,0.307455,0.407404,-0.282143,-0.812336
27907217,0.308374,0.404758,-0.281257,-0.813616
27915550,0.308305,0.403597,-0.281335,-0.814192
27923883,0.307587,0.405894,-0.282545,-0.812901
27932216,0.307704,0.406539,-0.282576,-0.812524
27940549,0.307949,0.407494,-0.282684,-0.811915
27948882,0.308480,0.408838,-0.283966,-0.810589
27957215,0.307956,0.409387,-0.284877,-0.810192
27965548,0.307836,0.409482,-0.285069,-0.810122
27973881,0.307187,0.408029,-0.285212,-0.811050
27982214,0.307816,0.408922,-0.285214,-0.810361
27990547,0.308365,0.408053,-0.283779,-0.811094
27998880,0.309001,0.406356,-0.283937,-0.811648
28007213,0.307898,0.408196,-0.285351,-0.810648
28015546,0.307427,0.407648,-0.285610,-0.811011
28023879,0.307060,0.407435,-0.285346,-0.811350
28032212,0.308641,0.407225,-0.283919,-0.811356
28040545,0.308190,0.408027,-0.284711,-0.810847
28048878,0.308499,0.407366,-0.284358,-0.811185
28057211,0.308783,0.406419,-0.283981,-0.811685
28065544,0.308590,0.406830,-0.284061,-0.811524
28073877,0.307447,0.405976,-0.286000,-0.811704
28082210,0.307391,0.406272,-0.286311,-0.811468
28090543,0.307597,0.406438,-0.285612,-0.811553
28098876,0.308005,0.407431,-0.284834,-0.811174
28107209,0.307861,0.407079,-0.284630,-0.811477
28115542,0.307799,0.406704,-0.284653,-0.811680
28123875,0.307990,0.407089,-0.284501,-0.811467
28132208,0.308106,0.407188,-0.284492,-0.811377
28140541,0.307788,0.405979,-0.284690,-0.812034
28148874,0.309053,0.406066,-0.283666,-0.811868
28157207,0.309165,0.406400,-0.283761,-0.811626
28165540,0.309279,0.406260,-0.283660,-0.811687
28173873,0.307917,0.405945,-0.284155,-0.812190
28182206,0.308170,0.406847,-0.284561,-0.811499
28190539,0.308260,0.407254,-0.284514,-0.811278
28198872,0.308749,0.406261,-0.284198,-0.811700
28207205,0.309303,0.405833,-0.283842,-0.811828
28215538,0.308811,0.407713,-0.286038,-0.810301
28223871,0.308587,0.406539,-0.286023,-0.810981
28232204,0.307494,0.407174,-0.285899,-0.811122
28240537,0.307624,0.408073,-0.286527,-0.810399
28248870,0.309107,0.403777,-0.284404,-0.812731
28257203,0.309386,0.405364,-0.284181,-0.811912
28265536,0.309641,0.406253,-0.283818,-0.811497
28273869,0.307585,0.407954,-0.286371,-0.810529
28282202,0.308900,0.408426,-0.285905,-0.809955
28290535,0.308848,0.407728,-0.285178,-0.810583
28298868,0.309115,0.407133,-0.284838,-0.810899
28307201,0.309483,0.405899,-0.284129,-0.811626
28315534,0.308381,0.405194,-0.284700,-0.812197
28323867,0.308607,0.405621,-0.284463,-0.811982
28332200,0.308665,0.406236,-0.284533,-0.811628
28340533,0.308709,0.406909,-0.284421,-0.811313
28348866,0.308018,0.407883,-0.286651,-0.810301
28357199,0.309061,0.406792,-0.284791,-0.811108
28365532,0.309114,0.406665,-0.284364,-0.811301
28373865,0.308745,0.406599,-0.285712,-0.811001
28382198,0.308580,0.406979,-0.284674,-0.811238
28390531,0.309038,0.406519,-0.283897,-0.811567
28398864,0.309478,0.404368,-0.283075,-0.812760
28407197,0.309564,0.405685,-0.283140,-0.812048
28415530,0.309643,0.404417,-0.282995,-0.812700
28423863,0.308032,0.406036,-0.284375,-0.812023
28432196,0.307956,0.406001,-0.284618,-0.811985
28440529,0.308029,0.406537,-0.284630,-0.811684
28448862,0.308273,0.408735,-0.286218,-0.809928
28457195,0.308773,0.407286,-0.284832,-0.810955
28465528,0.307192,0.406226,-0.286107,-0.811638
28473861,0.307852,0.406221,-0.284920,-0.811808
28482194,0.307775,0.408989,-0.286670,-0.809829
28490527,0.308554,0.407487,-0.284963,-0.810892
28498860,0.308655,0.407099,-0.285682,-0.810795
28507193,0.308096,0.405700,-0.285221,-0.811870
28515526,0.308382,0.407762,-0.286010,-0.810450
28523859,0.308410,0.406888,-0.284866,-0.811281
28532192,0.307720,0.406243,-0.284463,-0.812007
28540525,0.308577,0.406453,-0.284266,-0.811646
28548858,0.308803,0.406672,-0.284273,-0.811448
28557191,0.308246,0.405700,-0.284085,-0.812211
28565524,0.308296,0.406054,-0.284426,-0.811897
28573857,0.309048,0.405683,-0.283752,-0.812032
28582190,0.308834,0.406539,-0.283626,-0.811729
28590523,0.307498,0.406784,-0.285154,-0.811578
28598856,0.308878,0.406042,-0.283873,-0.811874
28607189,0.308941,0.402801,-0.283590,-0.813563
28615522,0.308825,0.404279,-0.284213,-0.812655
28623855,0.308007,0.405841,-0.284758,-0.811996
28632188,0.308123,0.406443,-0.284065,-0.811894
28640521,0.307851,0.406113,-0.284718,-0.811933
28648854,0.307368,0.405974,-0.284463,-0.812275
28657187,0.307524,0.405304,-0.284171,-0.812653
28665520,0.308092,0.405800,-0.283793,-0.812322
28673853,0.308408,0.405960,-0.283831,-0.812109
28682186,0.308854,0.405599,-0.283401,-0.812270
28690519,0.308094,0.404731,-0.284328,-0.812667
28698852,0.308145,0.404993,-0.283915,-0.812662
28707185,0.308265,0.405011,-0.283798,-0.812648
28715518,0.309003,0.405274,-0.283301,-0.812410
28723851,0.309045,0.406760,-0.285011,-0.811053
28732184,0.308912,0.406475,-0.284754,-0.811336
28740517,0.309137,0.406029,-0.283948,-0.811757
28748850,0.308654,0.407439,-0.285767,-0.810594
28757183,0.308924,0.406417,-0.284597,-0.811416
28765516,0.308137,0.408155,-0.286417,-0.810202
28773849,0.308468,0.407833,-0.286104,-0.810348
28782182,0.309004,0.406468,-0.284459,-0.811408
28790515,0.309312,0.407399,-0.285066,-0.810610
28798848,0.308123,0.407370,-0.286345,-0.810627
28807181,0.308029,0.405754,-0.285097,-0.811912
28815514,0.308072,0.407471,-0.286014,-0.810713
28823847,0.308932,0.407687,-0.285355,-0.810509
28832180,0.309243,0.405904,-0.284028,-0.811750
28840513,0.309208,0.405583,-0.283769,-0.812015
28848846,0.308017,0.405556,-0.284728,-0.812146
28857179,0.307412,0.405922,-0.285229,-0.812016
28865512,0.307802,0.406137,-0.285745,-0.811579
28873845,0.308115,0.406549,-0.285993,-0.811166
28882178,0.307568,0.407228,-0.286298,-0.810926
28890511,0.308666,0.407567,-0.285616,-0.810579
28898844,0.308169,0.405500,-0.284889,-0.812059
28907177,0.307550,0.406702,-0.285874,-0.811346
28915510,0.308290,0.406535,-0.285700,-0.811210
28923843,0.307553,0.406943,-0.286244,-0.811093
28932176,0.307625,0.407012,-0.286476,-0.810950
28940509,0.308636,0.406835,-0.285627,-0.810954
28948842,0.308721,0.406902,-0.285351,-0.810985
28957175,0.308247,0.406185,-0.284830,-0.811708
28965508,0.307787,0.406533,-0.286409,-0.811152
28973841,0.308449,0.405778,-0.285105,-0.811738
28982174,0.307981,0.406561,-0.286219,-0.811132
28990507,0.307678,0.406895,-0.286771,-0.810884
28998840,0.308085,0.405415,-0.285262,-0.812002
29007173,0.308872,0.405689,-0.284456,-0.811849
29015506,0.308873,0.407126,-0.285648,-0.810710
29023839,0.308824,0.407769,-0.286139,-0.810232
29032172,0.308607,0.407654,-0.286320,-0.810309
29040505,0.308973,0.407626,-0.285668,-0.810414
29048838,0.307623,0.407803,-0.286561,-0.810523
29057171,0.308021,0.407240,-0.285208,-0.811132
29065504,0.308911,0.406161,-0.284039,-0.811745
29073837,0.308805,0.406206,-0.283942,-0.811796
29082170,0.307705,0.405825,-0.285083,-0.812005
29090503,0.308574,0.405687,-0.284167,-0.812065
29098836,0.308543,0.406352,-0.285030,-0.811442
29107169,0.307576,0.406667,-0.286782,-0.811033
29115502,0.308158,0.407348,-0.286263,-0.810654
29123835,0.308045,0.406534,-0.286798,-0.810917
29132168,0.308562,0.407160,-0.285640,-0.810814
29140501,0.308758,0.407081,-0.285460,-0.810843
29148834,0.308667,0.405758,-0.284144,-0.812002
29157167,0.307728,0.406235,-0.285864,-0.811516
29165500,0.307884,0.406952,-0.286401,-0.810908
29173833,0.308540,0.406124,-0.284753,-0.811654
29182166,0.308127,0.405759,-0.285008,-0.811904
29190499,0.309038,0.405461,-0.283772,-0.812139
29198832,0.308199,0.407933,-0.286220,-0.810359
29207165,0.308289,0.406806,-0.284730,-0.811416
29215498,0.308153,0.405294,-0.284496,-0.812306
29223831,0.309135,0.405428,-0.283453,-0.812230
29232164,0.308304,0.406697,-0.285373,-0.811239
29240497,0.308808,0.406165,-0.284156,-0.811741
29248830,0.308006,0.405301,-0.284479,-0.812364
29257163,0.308538,0.405530,-0.284039,-0.812202
29265496,0.307940,0.405625,-0.284399,-0.812255
29273829,0.307402,0.405781,-0.284652,-0.812293
29282162,0.307678,0.405338,-0.284214,-0.812563
29290495,0.308670,0.405650,-0.283832,-0.812164
29298828,0.308557,0.407434,-0.285280,-0.810805
29307161,0.308884,0.407120,-0.284930,-0.810962
29315494,0.309206,0.405250,-0.283455,-0.812291
29323827,0.309308,0.405313,-0.283414,-0.812236
29332160,0.309167,0.405019,-0.283593,-0.812373
29340493,0.309463,0.405072,-0.283371,-0.812312
29348826,0.309424,0.405255,-0.283479,-0.812198
29357159,0.309291,0.405170,-0.283567,-0.812260
29365492,0.309193,0.405638,-0.283746,-0.812001
29373825,0.308392,0.405137,-0.284196,-0.812398
29382158,0.308493,0.406022,-0.284161,-0.811930
29390491,0.308864,0.405643,-0.283879,-0.812077
29398824,0.308520,0.404760,-0.283592,-0.812748
29407157,0.309043,0.405424,-0.283272,-0.812330
29415490,0.309075,0.405069,-0.283262,-0.812499
29423823,0.309213,0.405032,-0.282911,-0.812587
29432156,0.308012,0.404837,-0.283966,-0.812772
29440489,0.309039,0.405334,-0.282716,-0.812570
29448822,0.308116,0.406945,-0.285270,-0.811222
29457155,0.308870,0.406015,-0.284239,-0.811763
29465488,0.308689,0.405915,-0.283853,-0.812017
29473821,0.308432,0.406545,-0.285156,-0.811342
29482154,0.308805,0.406564,-0.284131,-0.811551
29490487,0.308415,0.406154,-0.284126,-0.811906
29498820,0.308690,0.406353,-0.283651,-0.811868
29507153,0.308834,0.406228,-0.283575,-0.811902
29515486,0.308801,0.406237,-0.283723,-0.811859
29523819,0.309178,0.405541,-0.283400,-0.812176
29532152,0.309166,0.405761,-0.283414,-0.812066
29540485,0.307824,0.405098,-0.284162,-0.812645
29548818,0.307747,0.405351,-0.284552,-0.812411
29557151,0.308480,0.404462,-0.284264,-0.812678
29565484,0.309235,0.404863,-0.282948,-0.812650
29573817,0.309189,0.404949,-0.283003,-0.812605
29582150,0.309286,0.405203,-0.283041,-0.812429
29590483,0.309275,0.405736,-0.284349,-0.811710
29598816,0.308416,0.405637,-0.284952,-0.811875
29607149,0.308360,0.405892,-0.284794,-0.811824
29615482,0.308220,0.405344,-0.285464,-0.811915
29623815,0.308603,0.405380,-0.284445,-0.812110
29632148,0.308400,0.406519,-0.285783,-0.811147
29640481,0.308365,0.406779,-0.285990,-0.810957
29648814,0.308886,0.404929,-0.284760,-0.812117
29657147,0.309499,0.405291,-0.283759,-0.812053
29665480,0.309040,0.407022,-0.285605,-0.810714
29673813,0.309183,0.407179,-0.285805,-0.810510
29682146,0.308700,0.405114,-0.284623,-0.812143
29690479,0.308587,0.406306,-0.286600,-0.810895
29698812,0.308179,0.407138,-0.286921,-0.810519
29707145,0.308965,0.407481,-0.286116,-0.810332
29715478,0.309000,0.406680,-0.286559,-0.810564
29723811,0.309148,0.406612,-0.287489,-0.810213
29732144,0.309056,0.406594,-0.287441,-0.810274
29740477,0.308427,0.406593,-0.287902,-0.810350
29748810,0.307964,0.406197,-0.288160,-0.810633
29757143,0.308392,0.405879,-0.287870,-0.810733
29765476,0.308284,0.407299,-0.287592,-0.810160
29773809,0.309389,0.406625,-0.287313,-0.810177
29782142,0.309702,0.407315,-0.287516,-0.809638
29790475,0.310255,0.407789,-0.286718,-0.809470
29798808,0.310121,0.406725,-0.286804,-0.810027
29807141,0.309716,0.406793,-0.287546,-0.809884
29815474,0.309637,0.407122,-0.287497,-0.809766
29823807,0.310233,0.407042,-0.287031,-0.809744
29832140,0.309128,0.406638,-0.287656,-0.810148
29840473,0.308781,0.407438,-0.287361,-0.809983
29848806,0.309991,0.406766,-0.286654,-0.810109
29857139,0.309404,0.406724,-0.287603,-0.810018
29865472,0.310371,0.406850,-0.286550,-0.809958
29873805,0.308960,0.407006,-0.287793,-0.809978
29882138,0.309205,0.407960,-0.287915,-0.809361
29890471,0.310182,0.404962,-0.286283,-0.811070
29898804,0.310155,0.403763,-0.286213,-0.811703
29907137,0.309293,0.403281,-0.287100,-0.811958
29915470,0.308906,0.406460,-0.287822,-0.810263
29923803,0.308023,0.407840,-0.289194,-0.809417
29932136,0.308781,0.406729,-0.288892,-0.809795
29940469,0.308418,0.407319,-0.289502,-0.809418
29948802,0.308463,0.407513,-0.289401,-0.809339
29957135,0.308140,0.407898,-0.290018,-0.809048
29965468,0.309427,0.404857,-0.288390,-0.810665
29973801,0.308941,0.406722,-0.289525,-0.809511
29982134,0.309218,0.407261,-0.289908,-0.808997
29990467,0.308822,0.406806,-0.290247,-0.809255
29998800,0.310531,0.406009,-0.288570,-0.809601
30007133,0.310923,0.404855,-0.288609,-0.810015
30015466,0.310658,0.404821,-0.288800,-0.810065
30023799,0.310221,0.404275,-0.289213,-0.810358
30032132,0.311045,0.408894,-0.289618,-0.807575
30040465,0.310248,0.410092,-0.290880,-0.806821
30048798,0.311692,0.407000,-0.289562,-0.808302
30057131,0.310917,0.409163,-0.290654,-0.807116
30065464,0.312554,0.407425,-0.288725,-0.808055
30073797,0.311965,0.408968,-0.289940,-0.807067
30082130,0.310981,0.410862,-0.291844,-0.805798
30090463,0.312056,0.407230,-0.290294,-0.807783
30098796,0.311936,0.405681,-0.290478,-0.808543
30107129,0.311168,0.405974,-0.291559,-0.808303
30115462,0.311635,0.406650,-0.292148,-0.807570
30123795,0.311273,0.409979,-0.293117,-0.805673
30132128,0.312071,0.407897,-0.292008,-0.806823
30140461,0.311228,0.407250,-0.293016,-0.807110
30148794,0.311764,0.407438,-0.293149,-0.806760
30157127,0.312157,0.407604,-0.293476,-0.806405
30165460,0.311422,0.407729,-0.294223,-0.806354
30173793,0.310410,0.410017,-0.296215,-0.804853
30182126,0.311237,0.408292,-0.295604,-0.805635
30190459,0.312187,0.407058,-0.295031,-0.806102
30198792,0.311486,0.407123,-0.296457,-0.805817
30207125,0.311557,0.407193,-0.297138,-0.805503
30215458,0.310868,0.406652,-0.298576,-0.805511
30223791,0.310463,0.406406,-0.299413,-0.805480
30232124,0.310365,0.406837,-0.299373,-0.805316
30240457,0.310185,0.406969,-0.299729,-0.805186
30248790,0.310283,0.406539,-0.300008,-0.805261
30257123,0.309440,0.405802,-0.300992,-0.805591
30265456,0.309280,0.405900,-0.301230,-0.805513
30273789,0.308938,0.406325,-0.301766,-0.805230
30282122,0.307593,0.408471,-0.303249,-0.804101
30290455,0.308068,0.406407,-0.301879,-0.805479
30298788,0.308130,0.406339,-0.301848,-0.805501
30307121,0.306824,0.408693,-0.303651,-0.804130
30315454,0.305748,0.409998,-0.304667,-0.803491
30323787,0.306900,0.409058,-0.301619,-0.804680
30332120,0.306842,0.410962,-0.301499,-0.803777
30340453,0.306466,0.412034,-0.301664,-0.803309
30348786,0.306406,0.410244,-0.300559,-0.804661
30357119,0.305420,0.411862,-0.300273,-0.804316
30365452,0.304255,0.412962,-0.300770,-0.804008
30373785,0.304160,0.413393,-0.299916,-0.804141
30382118,0.303432,0.413879,-0.299554,-0.804301
30390451,0.302337,0.414251,-0.300072,-0.804329
30398784,0.301873,0.414509,-0.298776,-0.804853
30407117,0.300794,0.414407,-0.299784,-0.804935
30415450,0.300115,0.412802,-0.299284,-0.806198
30423783,0.299865,0.414294,-0.297787,-0.806079
30432116,0.299695,0.416202,-0.298814,-0.804779
30440449,0.299196,0.417547,-0.299060,-0.804176
30448782,0.298405,0.417229,-0.299216,-0.804577
30457115,0.297903,0.418640,-0.299768,-0.803824
30465448,0.297040,0.418645,-0.299736,-0.804153
30473781,0.296847,0.417600,-0.298326,-0.805291
30482114,0.296939,0.416540,-0.296229,-0.806579
30490447,0.296147,0.418250,-0.295990,-0.806073
30498780,0.294443,0.421032,-0.296841,-0.804935
30507113,0.294260,0.421244,-0.295803,-0.805273
30515446,0.293148,0.421904,-0.296932,-0.804918
30523779,0.291514,0.422335,-0.296376,-0.805490
30532112,0.289468,0.421667,-0.297442,-0.806184
30540445,0.288202,0.422515,-0.297718,-0.806092
30548778,0.287511,0.422119,-0.298115,-0.806399
30557111,0.286448,0.423399,-0.297625,-0.806288
30565444,0.284869,0.424589,-0.297560,-0.806246
30573777,0.284692,0.426578,-0.297415,-0.805311
30582110,0.285108,0.427505,-0.298489,-0.804274
30590443,0.285894,0.428600,-0.298116,-0.803551
30598776,0.285199,0.426281,-0.299365,-0.804566
30607109,0.285667,0.423899,-0.300059,-0.805400
30615442,0.285907,0.421803,-0.300816,-0.806133
30623775,0.285481,0.419176,-0.300572,-0.807743
30632108,0.285107,0.414804,-0.300529,-0.810145
30640441,0.281548,0.412275,-0.304234,-0.811296
30648774,0.278342,0.410913,-0.308063,-0.811649
30657107,0.274949,0.407621,-0.311923,-0.812990
30665440,0.272032,0.406108,-0.315486,-0.813353
30673773,0.266234,0.401917,-0.319679,-0.815713
30682106,0.262322,0.398319,-0.321274,-0.818115
30690439,0.256984,0.394335,-0.325620,-0.820019
30698772,0.252393,0.390641,-0.329928,-0.821490
30707105,0.244785,0.387062,-0.335443,-0.823250
30715438,0.238218,0.382116,-0.340179,-0.825541
30723771,0.232521,0.379491,-0.343276,-0.827093
30732104,0.227861,0.376702,-0.345395,-0.828781
30740437,0.223214,0.373344,-0.348077,-0.830441
30748770,0.217862,0.370895,-0.349926,-0.832181
30757103,0.213692,0.367605,-0.351337,-0.834125
30765436,0.211078,0.364298,-0.351598,-0.836129
30773769,0.206946,0.361935,-0.351812,-0.838096
30782102,0.204067,0.359759,-0.351646,-0.839806
30790435,0.201528,0.357706,-0.352956,-0.840747
30798768,0.199297,0.357284,-0.353514,-0.841224
30807101,0.197337,0.354681,-0.351900,-0.843461
30815434,0.188731,0.347709,-0.361636,-0.844215
30823767,0.184296,0.346893,-0.365961,-0.843666
30832100,0.181307,0.349313,-0.366912,-0.842902
30840433,0.178442,0.350584,-0.366889,-0.842996
30848766,0.177334,0.350499,-0.366995,-0.843219
30857099,0.176902,0.350519,-0.367072,-0.843268
30865432,0.174672,0.349176,-0.367226,-0.844222
30873765,0.170525,0.347617,-0.367118,-0.845759
30882098,0.170088,0.352394,-0.360852,-0.846566
30890431,0.174674,0.355791,-0.351186,-0.848275
30898764,0.178116,0.355973,-0.345774,-0.849705
30907097,0.182038,0.351305,-0.343933,-0.851562
30915430,0.176475,0.347351,-0.345725,-0.853626
30923763,0.177504,0.348872,-0.340966,-0.854706
30932096,0.177680,0.350753,-0.337364,-0.855329
30940429,0.180078,0.353928,-0.336798,-0.853741
30948762,0.182606,0.359433,-0.335429,-0.851440
30957095,0.182418,0.362945,-0.338143,-0.848913
30965428,0.181508,0.365561,-0.341469,-0.846652
30973761,0.181206,0.370533,-0.344752,-0.843217
30982094,0.181260,0.372931,-0.347731,-0.840922
30990427,0.182498,0.374346,-0.350211,-0.838995
30998760,0.183639,0.377472,-0.352043,-0.836575
31007093,0.183994,0.381481,-0.354625,-0.833582
31015426,0.184597,0.383729,-0.354618,-0.832419
31023759,0.186174,0.386348,-0.354120,-0.831067
31032092,0.186574,0.388888,-0.352647,-0.830419
31040425,0.187197,0.390482,-0.350653,-0.830375
31048758,0.186974,0.392402,-0.349698,-0.829923
31057091,0.187895,0.393877,-0.346613,-0.830311
31065424,0.188248,0.394239,-0.343401,-0.831393
31073757,0.189678,0.392621,-0.339409,-0.833471
31082090,0.190550,0.393747,-0.337996,-0.833314
31090423,0.191539,0.392734,-0.336564,-0.834145
31098756,0.192263,0.390283,-0.334010,-0.836153
31107089,0.190131,0.389891,-0.334840,-0.836491
31115422,0.186829,0.388994,-0.338744,-0.836080
31123755,0.183341,0.388826,-0.344407,-0.834616
31132088,0.178181,0.390875,-0.352001,-0.831603
31140421,0.169537,0.390986,-0.360472,-0.829727
31148754,0.159921,0.388905,-0.370552,-0.828173
31157087,0.151540,0.385284,-0.380710,-0.826832
31165420,0.144632,0.383498,-0.389492,-0.824807
31173753,0.136786,0.381496,-0.399052,-0.822501
31182086,0.129237,0.378027,-0.407957,-0.820953
31190419,0.123105,0.376019,-0.415532,-0.819016
31198752,0.116960,0.372802,-0.422742,-0.817697
31207085,0.109911,0.368432,-0.428812,-0.817495
31215418,0.104459,0.362373,-0.434260,-0.818042
31223751,0.099141,0.354760,-0.441032,-0.818417
31232084,0.092298,0.347876,-0.448342,-0.818201
31240417,0.085448,0.342341,-0.456187,-0.816942
31248750,0.079101,0.336889,-0.463117,-0.815948
31257083,0.070929,0.331526,-0.472568,-0.813473
31265416,0.063776,0.330068,-0.482043,-0.809087
31273749,0.056894,0.326342,-0.490624,-0.805948
31282082,0.048413,0.324181,-0.500080,-0.801550
31290415,0.037981,0.320584,-0.511318,-0.796453
31298748,0.031077,0.318353,-0.521136,-0.791267
31307081,0.021817,0.311077,-0.533281,-0.786363
31315414,0.014211,0.307167,-0.543963,-0.780737
31323747,0.007589,0.299639,-0.554493,-0.776335
31332080,0.001254,0.294512,-0.565828,-0.770130
31340413,-0.001478,0.295851,-0.575113,-0.762703
31348746,-0.006821,0.288669,-0.585120,-0.757798
31357079,-0.011877,0.283535,-0.595791,-0.751333
31365412,-0.015184,0.280287,-0.607066,-0.743425
31373745,-0.017114,0.278457,-0.615601,-0.737024
31382078,-0.017676,0.278523,-0.625131,-0.728919
31390411,-0.017531,0.278586,-0.630236,-0.724490
31398744,-0.018982,0.276847,-0.637454,-0.718783
31407077,-0.018029,0.276166,-0.639384,-0.717353
31415410,-0.018619,0.275857,-0.645785,-0.711701
31423743,-0.013455,0.279714,-0.644557,-0.711425
31432076,-0.007065,0.290322,-0.643198,-0.708491
31440409,-0.004616,0.291317,-0.648447,-0.703299
31448742,-0.004434,0.287249,-0.654651,-0.699214
31457075,-0.001516,0.292817,-0.651352,-0.699997
31465408,-0.001928,0.292000,-0.654820,-0.697097
31473741,-0.002681,0.286644,-0.655114,-0.699038
31482074,-0.005673,0.285485,-0.659997,-0.694888
31490407,-0.011930,0.284884,-0.662407,-0.692760
31498740,-0.019664,0.284734,-0.669806,-0.685493
31507073,-0.023963,0.287931,-0.670069,-0.683761
31515406,-0.026098,0.297103,-0.667978,-0.681803
31523739,-0.026157,0.298039,-0.674204,-0.675231
31532072,-0.025677,0.305048,-0.681698,-0.664511
31540405,-0.013514,0.308933,-0.673268,-0.671630
31548738,-0.008739,0.308689,-0.671685,-0.673405
31557071,-0.002371,0.310973,-0.674658,-0.669422
31565404,0.008493,0.312814,-0.670001,-0.673182
31573737,0.018907,0.316098,-0.668086,-0.673339
31582070,0.025758,0.319567,-0.669745,-0.669817
31590403,0.021744,0.296918,-0.689875,-0.659879
31598736,0.031609,0.307043,-0.686142,-0.658738
31607069,0.034991,0.317700,-0.685786,-0.653865
31615402,0.035477,0.337074,-0.686245,-0.643576
31623735,0.038471,0.348902,-0.678776,-0.645019
31632068,0.040799,0.350368,-0.678816,-0.644039
31640401,0.041828,0.357087,-0.676385,-0.642839
31648734,0.041714,0.362440,-0.674462,-0.641871
31657067,0.042126,0.372088,-0.672999,-0.637846
31665400,0.042148,0.374003,-0.671677,-0.638118
31673733,0.042570,0.376374,-0.672324,-0.636011
31682066,0.040950,0.366329,-0.676487,-0.637567
31690399,0.041927,0.364422,-0.677104,-0.637941
31698732,0.043179,0.361990,-0.678470,-0.637791
31707065,0.044341,0.359739,-0.679512,-0.637875
31715398,0.045796,0.358494,-0.680045,-0.637906
31723731,0.047899,0.358745,-0.679779,-0.637894
31732064,0.048931,0.357611,-0.680670,-0.637502
31740397,0.050155,0.356088,-0.682146,-0.636681
31748730,0.050896,0.353546,-0.684235,-0.635796
31757063,0.052214,0.351874,-0.687038,-0.633590
31765396,0.053890,0.350014,-0.690474,-0.630739
31773729,0.055632,0.347887,-0.692841,-0.629166
31782062,0.054928,0.342256,-0.697051,-0.627665
31790395,0.056588,0.339590,-0.696146,-0.629966
31798728,0.060591,0.342878,-0.695570,-0.628447
31807061,0.064483,0.344869,-0.695992,-0.626500
31815394,0.067485,0.344875,-0.697730,-0.624243
31823727,0.070317,0.344592,-0.698995,-0.622670
31832060,0.071782,0.341908,-0.701763,-0.620866
31840393,0.073750,0.340193,-0.703801,-0.619269
31848726,0.075711,0.340417,-0.705687,-0.616758
31857059,0.077106,0.340472,-0.707471,-0.614507
31865392,0.077095,0.340674,-0.710221,-0.611215
31873725,0.077076,0.340379,-0.712883,-0.608276
31882058,0.076200,0.341250,-0.715314,-0.605036
31890391,0.075057,0.341106,-0.717125,-0.603113
31898724,0.073357,0.341801,-0.718769,-0.600967
31907057,0.072451,0.342403,-0.720529,-0.598622
31915390,0.071279,0.343204,-0.722159,-0.596336
31923723,0.071457,0.345268,-0.722993,-0.594108
31932056,0.070674,0.346689,-0.724156,-0.591954
31940389,0.068984,0.347540,-0.725770,-0.589674
31948722,0.067561,0.348022,-0.727017,-0.588016
31957055,0.066881,0.349007,-0.728166,-0.586085
31965388,0.066189,0.349881,-0.728661,-0.585026
31973721,0.065060,0.349511,-0.729581,-0.584227
31982054,0.063942,0.349784,-0.729470,-0.584326
31990387,0.063073,0.351007,-0.729099,-0.584149
31998720,0.062242,0.351679,-0.728232,-0.584916
32007053,0.060506,0.353041,-0.728048,-0.584506
32015386,0.056307,0.352651,-0.727265,-0.586133
32023719,0.051600,0.351288,-0.726641,-0.588155
32032052,0.046633,0.351002,-0.726335,-0.589118
32040385,0.042393,0.352232,-0.725245,-0.590046
32048718,0.037719,0.354781,-0.724283,-0.590018
32057051,0.031904,0.355434,-0.723909,-0.590427
32065384,0.025196,0.357397,-0.723425,-0.590161
32073717,0.021063,0.359164,-0.723844,-0.588734
32082050,0.013815,0.357639,-0.726997,-0.585985
32090383,0.006497,0.358002,-0.728484,-0.584040
32098716,0.002415,0.360682,-0.728951,-0.581836
32107049,-0.004186,0.358221,-0.729048,-0.583223
32115382,-0.008324,0.357466,-0.727480,-0.585595
32123714,-0.009691,0.358235,-0.726638,-0.586150
32132047,-0.010779,0.358219,-0.726708,-0.586053
32140380,-0.011947,0.357870,-0.726889,-0.586019
32148714,-0.012549,0.357986,-0.727054,-0.585731
32157047,-0.004497,0.362417,-0.722308,-0.588987
32165380,-0.002795,0.362756,-0.721031,-0.590352
32173713,-0.008902,0.358225,-0.724775,-0.588470
32182046,-0.008010,0.358388,-0.724022,-0.589310
32190379,-0.010634,0.355700,-0.725649,-0.588896
32198712,-0.011631,0.354631,-0.726025,-0.589058
32207045,-0.012752,0.353185,-0.726096,-0.589816
32215378,-0.011644,0.352507,-0.728616,-0.587131
32223711,-0.012543,0.351906,-0.727004,-0.589466
32232044,-0.011359,0.352247,-0.723188,-0.593963
32240377,-0.014303,0.349465,-0.725879,-0.592257
32248710,-0.015545,0.342205,-0.727907,-0.593974
32257043,-0.010876,0.345802,-0.725763,-0.594619
32265376,-0.009934,0.346038,-0.725220,-0.595160
32273709,-0.010464,0.345241,-0.725424,-0.595364
32282041,-0.014102,0.342328,-0.727734,-0.594151
32290374,-0.014971,0.341319,-0.728298,-0.594019
32298707,-0.015164,0.341032,-0.728053,-0.594480
32307040,-0.016396,0.340150,-0.728724,-0.594130
32315374,-0.014157,0.341822,-0.727042,-0.595287
32323707,-0.016413,0.340268,-0.728388,-0.594474
32332040,-0.017190,0.339347,-0.729125,-0.594075
32340373,-0.016952,0.339441,-0.729369,-0.593728
32348706,-0.014999,0.340616,-0.727987,-0.594803
32357039,-0.016628,0.339601,-0.729060,-0.594025
32365372,-0.015950,0.340006,-0.728136,-0.594945
32373705,-0.015210,0.340929,-0.727583,-0.595113
32382038,-0.015724,0.340229,-0.727747,-0.595300
32390371,-0.015942,0.339882,-0.728074,-0.595092
32398704,-0.016596,0.339187,-0.728341,-0.595144
32407037,-0.016793,0.339460,-0.728397,-0.594915
32415370,-0.016929,0.339479,-0.728085,-0.595281
32423703,-0.019067,0.338378,-0.729434,-0.594190
32432036,-0.019809,0.337501,-0.729810,-0.594203
32440369,-0.019589,0.338105,-0.729706,-0.593995
32448701,-0.017576,0.340304,-0.728098,-0.594776
32457034,-0.020223,0.338983,-0.729064,-0.594262
32465367,-0.021674,0.338546,-0.729515,-0.593906
32473701,-0.021401,0.338964,-0.729601,-0.593572
32482034,-0.019063,0.340312,-0.727841,-0.595039
32490367,-0.020638,0.339319,-0.728886,-0.594274
32498700,-0.021543,0.338671,-0.729251,-0.594164
32507033,-0.021215,0.338361,-0.729232,-0.594375
32515366,-0.020661,0.338202,-0.728787,-0.595031
32523699,-0.020745,0.337516,-0.728482,-0.595791
32532032,-0.021414,0.336838,-0.728677,-0.595912
32540365,-0.018463,0.338811,-0.726703,-0.597301
32548698,-0.020265,0.337384,-0.727793,-0.596723
32557031,-0.021109,0.336638,-0.728190,-0.596631
32565364,-0.018589,0.338625,-0.726480,-0.597675
32573697,-0.020707,0.336989,-0.727854,-0.596857
32582030,-0.018600,0.338549,-0.726365,-0.597856
32590363,-0.017632,0.339225,-0.725668,-0.598349
32598696,-0.018122,0.338939,-0.725910,-0.598202
32607028,-0.020869,0.337065,-0.727351,-0.597421
32615361,-0.018990,0.338225,-0.726029,-0.598436
32623694,-0.018045,0.338827,-0.725401,-0.598886
32632028,-0.018291,0.338780,-0.725340,-0.598978
32640361,-0.018954,0.338302,-0.725439,-0.599108
32648694,-0.018806,0.337854,-0.725200,-0.599655
32657027,-0.018756,0.337999,-0.725213,-0.599558
32665360,-0.019143,0.338109,-0.725179,-0.599526
32673693,-0.019050,0.337637,-0.725098,-0.599893
32682026,-0.019600,0.337331,-0.724729,-0.600493
32690359,-0.019358,0.337727,-0.724871,-0.600106
32698692,-0.019347,0.337598,-0.724507,-0.600619
32707025,-0.019260,0.338232,-0.724342,-0.600464
32715358,-0.019540,0.337723,-0.724720,-0.600285
32723691,-0.018680,0.338080,-0.725616,-0.599027
32732024,-0.019421,0.337824,-0.725035,-0.599852
32740357,-0.018721,0.337833,-0.724533,-0.600474
32748690,-0.018515,0.337639,-0.724328,-0.600838
32757023,-0.018735,0.337845,-0.724803,-0.600141
32765355,-0.018079,0.337751,-0.724657,-0.600391
32773688,-0.017815,0.337543,-0.724845,-0.600290
32782021,-0.018117,0.336792,-0.725093,-0.600403
32790355,-0.018481,0.337173,-0.724492,-0.600903
32798688,-0.011582,0.338118,-0.724145,-0.600963
32807021,-0.008779,0.337959,-0.724363,-0.600836
32815354,-0.008065,0.338123,-0.727409,-0.597063
32823687,-0.010615,0.338269,-0.728984,-0.595016
32832020,-0.013172,0.340097,-0.728448,-0.594579
32840353,-0.010687,0.337782,-0.728910,-0.595382
32848686,-0.007711,0.337417,-0.728804,-0.595764
32857019,-0.007796,0.337188,-0.727806,-0.597112
32865352,-0.008202,0.337245,-0.728603,-0.596101
32873685,-0.008790,0.336779,-0.728110,-0.596957
32882018,-0.008420,0.336784,-0.729021,-0.595848
32890351,-0.007874,0.336564,-0.729421,-0.595489
32898684,-0.007656,0.336638,-0.728214,-0.596926
32907017,-0.007709,0.336686,-0.727875,-0.597312
32915350,-0.007492,0.337079,-0.728492,-0.596340
32923683,-0.007535,0.337340,-0.728585,-0.596077
32932015,-0.007662,0.337346,-0.727870,-0.596946
32940348,-0.007636,0.337793,-0.727410,-0.597254
32948681,-0.006769,0.337942,-0.726512,-0.598273
32957015,-0.010133,0.340607,-0.725600,-0.597820
32965348,-0.011723,0.341604,-0.724958,-0.598001
32973681,-0.010772,0.339331,-0.725324,-0.598869
32982014,-0.013752,0.339078,-0.723552,-0.601091
32990347,-0.013184,0.337861,-0.722865,-0.602613
32998680,-0.014568,0.335265,-0.721189,-0.606029
33007013,-0.015575,0.334316,-0.720800,-0.606990
33015346,-0.015693,0.335041,-0.722007,-0.605151
33023679,-0.015482,0.335510,-0.722453,-0.604363
33032012,-0.015020,0.335609,-0.723428,-0.603152
33040345,-0.014910,0.334982,-0.723079,-0.603922
33048678,-0.014663,0.334572,-0.722665,-0.604650
33057011,-0.014065,0.334350,-0.722690,-0.604757
33065344,-0.013466,0.334063,-0.722892,-0.604688
33073677,-0.013442,0.333280,-0.724247,-0.603498
33082010,-0.013414,0.332489,-0.725048,-0.602973
33090342,-0.013316,0.332210,-0.725280,-0.602851
33098675,-0.012636,0.331968,-0.725608,-0.602603
33107008,-0.011788,0.331936,-0.725866,-0.602328
33115342,-0.011554,0.331685,-0.726117,-0.602167
33123675,-0.011091,0.331562,-0.726165,-0.602186
33132008,-0.010353,0.331468,-0.725996,-0.602454
33140341,-0.009812,0.331262,-0.726583,-0.601869
33148674,-0.009560,0.331023,-0.726626,-0.601953
33157007,-0.008459,0.331659,-0.726629,-0.601615
33165340,-0.008145,0.330980,-0.726064,-0.602675
33173673,-0.007207,0.331194,-0.725385,-0.603386
33182006,-0.006531,0.331154,-0.725276,-0.603548
33190339,-0.006545,0.330991,-0.725263,-0.603653
33198672,-0.006565,0.330831,-0.725730,-0.603178
33207005,-0.006723,0.330626,-0.726424,-0.602453
33215338,-0.006898,0.330884,-0.726900,-0.601735
33223671,-0.007226,0.331059,-0.727042,-0.601463
33232004,-0.007033,0.330786,-0.726667,-0.602068
33240337,-0.007370,0.331284,-0.726749,-0.601691
33248669,-0.007886,0.331175,-0.726644,-0.601871
33257002,-0.008151,0.331150,-0.726584,-0.601954
33265335,-0.008190,0.331407,-0.726616,-0.601773
33273669,-0.008325,0.331804,-0.727048,-0.601031
33282002,-0.008568,0.331982,-0.726993,-0.600996
33290335,-0.008628,0.332268,-0.726688,-0.601205
33298668,-0.008526,0.332687,-0.726541,-0.601152
33307001,-0.008948,0.332747,-0.726255,-0.601459
33315334,-0.009353,0.332887,-0.726273,-0.601354
33323667,-0.009422,0.333400,-0.725941,-0.601469
33332000,-0.009527,0.332652,-0.723281,-0.605075
33340333,-0.010130,0.332807,-0.722517,-0.605893
33348666,-0.010318,0.333294,-0.722574,-0.605554
33356999,-0.010329,0.334397,-0.724617,-0.602496
33365332,-0.009904,0.335115,-0.725199,-0.601403
33373665,-0.009699,0.335247,-0.725145,-0.601398
33381998,-0.010315,0.334871,-0.725526,-0.601138
33390331,-0.009836,0.335340,-0.725537,-0.600871
33398664,-0.010018,0.335582,-0.725807,-0.600407
33406997,-0.009917,0.335847,-0.727419,-0.598306
33415329,-0.009630,0.335922,-0.726579,-0.599289
33423662,-0.009083,0.336063,-0.727113,-0.598570
33431995,-0.008836,0.336057,-0.727080,-0.598617
33440329,-0.008574,0.335907,-0.727225,-0.598529
33448662,-0.008527,0.335625,-0.727339,-0.598549
33456995,-0.008020,0.335773,-0.727121,-0.598738
33465328,-0.008047,0.335792,-0.727298,-0.598512
33473661,-0.008262,0.335686,-0.727124,-0.598780
33481994,-0.008014,0.335579,-0.727216,-0.598732
33490327,-0.007889,0.335402,-0.726413,-0.599807
33498660,-0.008096,0.335387,-0.725976,-0.600340
33506993,-0.007959,0.335261,-0.726031,-0.600347
33515326,-0.007475,0.334918,-0.726796,-0.599618
33523659,-0.007493,0.334811,-0.726845,-0.599618
33531992,-0.006984,0.334869,-0.726972,-0.599438
33540325,-0.006409,0.334958,-0.727130,-0.599203
33548658,-0.006148,0.334679,-0.727129,-0.599363
33556991,-0.005927,0.334673,-0.727161,-0.599330
33565324,-0.005531,0.334575,-0.727074,-0.599494
33573657,-0.005417,0.334681,-0.726709,-0.599878
33581990,-0.005259,0.334644,-0.726696,-0.599916
33590323,-0.004723,0.334919,-0.726836,-0.599597
33598656,-0.004504,0.334728,-0.726765,-0.599791
33606989,-0.004528,0.334725,-0.726918,-0.599608
33615322,-0.004894,0.334461,-0.725949,-0.600925
33623655,-0.004814,0.334386,-0.726469,-0.600338
33631988,-0.004576,0.334199,-0.726139,-0.600843
33640321,-0.004158,0.334096,-0.726740,-0.600176
33648654,-0.003991,0.334050,-0.726853,-0.600066
33656987,-0.003854,0.333749,-0.727014,-0.600039
33665320,-0.003433,0.333704,-0.726099,-0.601174
33673653,-0.003046,0.333513,-0.725919,-0.601499
33681986,-0.003127,0.333256,-0.726158,-0.601353
33690319,-0.003060,0.333123,-0.727120,-0.600264
33698652,-0.003004,0.333071,-0.727313,-0.600059
33706985,-0.002687,0.332866,-0.726350,-0.601339
33715318,-0.002346,0.332854,-0.726052,-0.601707
33723651,-0.002409,0.332593,-0.726332,-0.601514
33731984,-0.002237,0.332824,-0.726752,-0.600879
33740317,-0.002033,0.332439,-0.727026,-0.600760
33748650,-0.001968,0.332867,-0.726091,-0.601655
33756983,-0.002068,0.332963,-0.725757,-0.602003
33765316,-0.002082,0.332270,-0.725306,-0.602928
33773649,-0.001761,0.332112,-0.726550,-0.601518
33781982,-0.002257,0.331137,-0.727245,-0.601214
33790315,-0.001939,0.331903,-0.726227,-0.602022
33798648,-0.001975,0.331720,-0.726789,-0.601445
33806981,-0.001805,0.331843,-0.726848,-0.601306
33815314,-0.002371,0.331980,-0.726488,-0.601663
33823647,-0.002036,0.331827,-0.726801,-0.601371
33831980,-0.001669,0.331964,-0.726066,-0.602184
33840313,-0.001632,0.332131,-0.726271,-0.601845
33848646,-0.001765,0.331560,-0.726827,-0.601487
33856979,-0.002133,0.331772,-0.726054,-0.602302
33865312,-0.002164,0.331770,-0.725678,-0.602757
33873645,-0.002240,0.331520,-0.726448,-0.601966
33881978,-0.001667,0.331489,-0.726669,-0.601718
33890311,-0.002206,0.331735,-0.726068,-0.602305
33898644,-0.001949,0.331635,-0.725791,-0.602696
33906977,-0.001491,0.331782,-0.725507,-0.602958
33915310,-0.002124,0.331580,-0.726104,-0.602348
33923643,-0.001635,0.331768,-0.726306,-0.602003
33931976,-0.001832,0.331714,-0.725900,-0.602521
33940309,-0.001714,0.331685,-0.726172,-0.602209
33948642,-0.001971,0.331714,-0.726684,-0.601575
33956975,-0.001610,0.331917,-0.726822,-0.601297
33965308,-0.001851,0.331909,-0.726710,-0.601436
33973641,-0.001790,0.332103,-0.726885,-0.601117
33981974,-0.001926,0.332200,-0.726859,-0.601096
33990307,-0.001809,0.332164,-0.726772,-0.601221
33998640,-0.001918,0.332077,-0.726707,-0.601347
34006973,-0.002326,0.332552,-0.726262,-0.601621
34015306,-0.002092,0.332416,-0.726525,-0.601379
34023639,-0.002263,0.332451,-0.726299,-0.601632
34031972,-0.002417,0.332535,-0.726532,-0.601303
34040305,-0.002168,0.332477,-0.726802,-0.601010
34048638,-0.002411,0.332618,-0.726454,-0.601352
34056971,-0.002593,0.332461,-0.726493,-0.601391
34065304,-0.002655,0.332457,-0.726576,-0.601292
34073637,-0.002110,0.332553,-0.726676,-0.601121
34081970,-0.002477,0.332504,-0.726432,-0.601441
34090303,-0.002826,0.332058,-0.724831,-0.603614
34098636,-0.002516,0.332144,-0.725814,-0.602385
34106969,-0.002606,0.332267,-0.726099,-0.601973
34115302,-0.002562,0.332494,-0.726162,-0.601772
34123635,-0.002729,0.332178,-0.724848,-0.603528
34131968,-0.002880,0.332247,-0.725738,-0.602418
34140301,-0.002818,0.332059,-0.725890,-0.602340
34148634,-0.002816,0.332165,-0.725667,-0.602549
34156967,-0.002830,0.332034,-0.725798,-0.602464
34165300,-0.002977,0.332043,-0.725941,-0.602286
34173633,-0.002961,0.331974,-0.725904,-0.602369
34181966,-0.003184,0.331887,-0.725817,-0.602521
34190299,-0.002932,0.331870,-0.725807,-0.602543
34198632,-0.002752,0.331966,-0.726038,-0.602212
34206965,-0.002705,0.332037,-0.725928,-0.602306
34215298,-0.002841,0.331960,-0.726030,-0.602225
34223631,-0.002985,0.332067,-0.726444,-0.601666
34231964,-0.002633,0.331910,-0.726309,-0.601918
34240297,-0.002519,0.331895,-0.726103,-0.602174
34248630,-0.002738,0.331495,-0.725922,-0.602612
34256963,-0.002579,0.331534,-0.725951,-0.602556
34265296,-0.002553,0.331806,-0.726435,-0.601823
34273629,-0.002515,0.332007,-0.725418,-0.602938
34281962,-0.002325,0.331879,-0.726148,-0.602130
34290295,-0.002655,0.331723,-0.726455,-0.601845
34298628,-0.002392,0.331787,-0.726315,-0.601979
34306961,-0.002049,0.331914,-0.726050,-0.602230
34315294,-0.001909,0.331727,-0.725907,-0.602505
34323627,-0.001764,0.331547,-0.726763,-0.601572
34331960,-0.001614,0.331777,-0.726193,-0.602133
34340293,-0.001471,0.331728,-0.725821,-0.602609
34348626,-0.001993,0.330812,-0.726828,-0.601898
34356959,-0.001775,0.331224,-0.726572,-0.601981
34365292,-0.002331,0.330234,-0.726521,-0.602584
34373625,-0.002118,0.330079,-0.726354,-0.602870
34381958,-0.001309,0.331060,-0.726370,-0.602316
34390291,-0.001182,0.331312,-0.725082,-0.603728
34398624,-0.001284,0.331340,-0.725855,-0.602782
34406957,-0.001211,0.331452,-0.726326,-0.602153
34415290,-0.001402,0.331147,-0.726256,-0.602405
34423623,-0.001288,0.331248,-0.726286,-0.602313
34431956,-0.001309,0.331336,-0.726144,-0.602437
34440289,-0.001803,0.330221,-0.725837,-0.603416
34448622,-0.001261,0.330556,-0.725555,-0.603573
34456955,-0.001133,0.330722,-0.725387,-0.603685
34465288,-0.001029,0.331000,-0.725028,-0.603963
34473621,-0.000973,0.331010,-0.724787,-0.604248
34481954,-0.000866,0.330686,-0.725042,-0.604119
34490287,-0.001070,0.330649,-0.724737,-0.604505
34498620,-0.001247,0.329973,-0.725637,-0.603794
34506953,-0.000654,0.330842,-0.725374,-0.603636
34515286,-0.000231,0.330850,-0.725017,-0.604061
34523619,-0.000597,0.330604,-0.724790,-0.604467
34531952,-0.000729,0.329717,-0.725261,-0.604385
34540285,-0.000405,0.330580,-0.725445,-0.603694
34548618,-0.000106,0.331016,-0.724988,-0.604004
34556951,0.000193,0.330441,-0.725045,-0.604250
34565284,-0.000490,0.330386,-0.725497,-0.603738
34573617,-0.000322,0.330570,-0.725543,-0.603581
34581950,-0.000092,0.330570,-0.725233,-0.603954
34590283,-0.000195,0.330393,-0.725053,-0.604267
34598616,-0.000101,0.330358,-0.725140,-0.604181
34606949,-0.000479,0.330224,-0.725148,-0.604246
34615282,-0.000189,0.330277,-0.724939,-0.604467
34623615,-0.000179,0.330256,-0.725047,-0.604349
34631948,-0.000147,0.330305,-0.725108,-0.604250
34640281,0.000266,0.330399,-0.725035,-0.604285
34648614,-0.000555,0.332654,-0.724471,-0.603725
34656947,-0.000477,0.331898,-0.725044,-0.603453
34665280,-0.000705,0.332611,-0.724502,-0.603711
34673613,-0.000697,0.333322,-0.723853,-0.604097
34681946,0.000094,0.331528,-0.724573,-0.604221
34690279,0.000343,0.330704,-0.724928,-0.604247
34698612,-0.000427,0.332758,-0.724357,-0.603803
34706945,0.000069,0.331564,-0.724609,-0.604159
34715278,0.001133,0.330634,-0.724152,-0.605214
34723611,0.000936,0.330120,-0.724654,-0.604894
34731944,0.000729,0.330238,-0.724701,-0.604774
34740277,0.000653,0.330296,-0.724749,-0.604684
34748610,0.000525,0.330244,-0.724722,-0.604745
34756943,0.000476,0.330081,-0.724842,-0.604690
34765276,0.000710,0.330216,-0.724868,-0.604585
34773609,0.000816,0.330004,-0.724118,-0.605599
34781942,0.000432,0.329847,-0.724497,-0.605232
34790275,0.000562,0.329750,-0.724815,-0.604903
34798608,0.000687,0.329648,-0.724737,-0.605052
34806941,0.000357,0.329786,-0.724642,-0.605091
34815274,0.000732,0.329633,-0.724796,-0.604989
34823607,0.001032,0.329693,-0.724735,-0.605030
34831940,0.000937,0.329585,-0.724848,-0.604953
34840273,0.000936,0.329554,-0.723971,-0.606020
34848606,0.001013,0.329248,-0.724573,-0.605466
34856939,0.001174,0.329920,-0.724474,-0.605218
34865272,0.001242,0.329789,-0.723901,-0.605974
34873605,0.001263,0.329746,-0.723739,-0.606192
34881938,0.000944,0.329666,-0.724281,-0.605587
34890271,0.001264,0.329613,-0.724538,-0.605308
34898604,0.001177,0.329778,-0.724476,-0.605293
34906937,0.000901,0.329972,-0.723623,-0.606207
34915270,0.001043,0.330475,-0.723938,-0.605557
34923603,0.000699,0.330093,-0.724236,-0.605409
34931936,0.000563,0.330030,-0.724289,-0.605380
34940269,0.000594,0.329782,-0.723818,-0.606078
34948602,0.000664,0.328978,-0.724374,-0.605851
34956935,0.001157,0.329731,-0.724260,-0.605577
34965268,0.000880,0.329780,-0.724158,-0.605673
34973601,0.000719,0.329809,-0.723493,-0.606451
34981934,0.000520,0.329422,-0.723946,-0.606122
34990267,0.000181,0.328805,-0.724337,-0.605990
34998600,0.000488,0.328481,-0.724551,-0.605909
35006933,0.000381,0.328483,-0.724238,-0.606282
35015266,0.000475,0.328723,-0.724070,-0.606352
35023599,0.000803,0.328789,-0.723660,-0.606806
35031932,0.000570,0.328332,-0.724475,-0.606081
35040265,0.000143,0.328120,-0.724687,-0.605941
35048598,0.000399,0.328149,-0.724382,-0.606291
35056931,0.000533,0.328255,-0.723515,-0.607268
35065264,0.000549,0.327974,-0.723535,-0.607397
35073597,0.000616,0.327713,-0.724009,-0.606972
35081930,0.000543,0.327455,-0.724190,-0.606895
35090263,0.000643,0.327751,-0.724401,-0.606483
35098596,0.001090,0.327889,-0.724103,-0.606764
35106929,0.001156,0.327882,-0.723672,-0.607281
35115262,0.000783,0.327510,-0.723314,-0.607909
35123595,0.001762,0.328780,-0.722764,-0.607876
35131928,0.001616,0.328298,-0.723245,-0.607565
35140261,0.001412,0.328045,-0.723011,-0.607980
35148594,0.001924,0.328757,-0.722774,-0.607876
35156927,0.001204,0.328194,-0.721977,-0.609128
35165260,0.001263,0.327835,-0.721601,-0.609766
35173593,0.001651,0.327788,-0.722285,-0.608981
35181926,0.001850,0.327732,-0.722068,-0.609266
35190259,0.001676,0.327554,-0.722194,-0.609213
35198592,0.001492,0.327040,-0.721292,-0.610557
35206925,0.001579,0.326929,-0.720780,-0.611221
35215258,0.001686,0.326773,-0.721136,-0.610884
35223591,0.001684,0.326903,-0.721178,-0.610765
35231924,0.001992,0.326498,-0.721191,-0.610965
35240257,0.001782,0.326086,-0.721097,-0.611297
35248590,0.001979,0.326010,-0.720898,-0.611571
35256923,0.002087,0.325835,-0.720763,-0.611823
35265256,0.002088,0.325658,-0.720320,-0.612439
35273589,0.001939,0.325377,-0.719320,-0.613763
35281922,0.001784,0.325045,-0.719140,-0.614150
35290255,0.001809,0.325172,-0.718808,-0.614471
35298588,0.001569,0.325092,-0.717760,-0.615738
35306921,0.001415,0.325056,-0.717935,-0.615553
35315254,0.001254,0.324834,-0.717720,-0.615921
35323587,0.001384,0.324430,-0.716864,-0.617130
35331920,0.001183,0.324274,-0.716347,-0.617812
35340253,0.000709,0.324185,-0.716183,-0.618050
35348586,-0.000023,0.324090,-0.715475,-0.618919
35356919,-0.000124,0.323835,-0.713832,-0.620947
35365252,-0.000762,0.323790,-0.711622,-0.623501
35373585,-0.001075,0.324194,-0.710700,-0.624341
35381918,-0.002056,0.324276,-0.709889,-0.625219
35390251,-0.002611,0.324513,-0.709932,-0.625045
35398584,-0.002891,0.324117,-0.709308,-0.625957
35406917,-0.003132,0.324131,-0.708822,-0.626498
35415250,-0.002743,0.324729,-0.707793,-0.627354
35423583,-0.002762,0.324861,-0.707082,-0.628087
35431916,-0.002899,0.324806,-0.706204,-0.629101
35440249,-0.003162,0.324573,-0.705789,-0.629686
35448582,-0.002946,0.324657,-0.705982,-0.629427
35456915,-0.003151,0.324330,-0.705725,-0.629883
35465248,-0.003447,0.324049,-0.705356,-0.630439
35473581,-0.003348,0.323757,-0.704535,-0.631507
35481914,-0.003223,0.323132,-0.704554,-0.631806
35490247,-0.003238,0.322534,-0.705131,-0.631468
35498580,-0.002855,0.322479,-0.705266,-0.631347
35506913,-0.003190,0.321218,-0.706506,-0.630602
35515246,-0.002845,0.320525,-0.706494,-0.630970
35523579,-0.001927,0.319970,-0.706656,-0.631073
35531912,-0.000790,0.319298,-0.706941,-0.631097
35540245,0.000090,0.318960,-0.707304,-0.630861
35548578,0.001224,0.318183,-0.706474,-0.632181
35556911,0.002726,0.318233,-0.707141,-0.631406
35565244,0.002956,0.317284,-0.706427,-0.632679
35573577,0.004684,0.316874,-0.706053,-0.633291
35581910,0.005752,0.316216,-0.705257,-0.634498
35590243,0.007038,0.315853,-0.705195,-0.634735
35598576,0.006748,0.314885,-0.705315,-0.635085
35606909,0.007440,0.314406,-0.705182,-0.635461
35615242,0.008198,0.314110,-0.704987,-0.635816
35623575,0.008246,0.313906,-0.704907,-0.636004
35631908,0.008590,0.313709,-0.704663,-0.636367
35640241,0.008976,0.313740,-0.704349,-0.636694
35648574,0.009354,0.313863,-0.704138,-0.636861
35656907,0.009427,0.313761,-0.704227,-0.636812
35665240,0.009748,0.313669,-0.704042,-0.637057
35673573,0.009448,0.313427,-0.704106,-0.637110
35681906,0.010085,0.314170,-0.703388,-0.637527
35690239,0.009646,0.314177,-0.703348,-0.637575
35698572,0.010011,0.314211,-0.702981,-0.637956
35706905,0.009749,0.314496,-0.703770,-0.636949
35715238,0.009427,0.314122,-0.704366,-0.636480
35723571,0.009617,0.313581,-0.702810,-0.638461
35731904,0.009485,0.314531,-0.703526,-0.637206
35740237,0.009167,0.313746,-0.702997,-0.638181
35748570,0.008858,0.313731,-0.702720,-0.638498
35756903,0.008564,0.313423,-0.702667,-0.638711
35765236,0.008492,0.313439,-0.702472,-0.638919
35773569,0.008515,0.313442,-0.702391,-0.639006
35781902,0.008396,0.313412,-0.702410,-0.639002
35790235,0.008391,0.312988,-0.701334,-0.640390
35798568,0.008117,0.313327,-0.702037,-0.639457
35806901,0.007988,0.313334,-0.702275,-0.639193
35815234,0.007685,0.313227,-0.702361,-0.639154
35823567,0.007820,0.313215,-0.702557,-0.638944
35831900,0.007405,0.313087,-0.702403,-0.639181
35840233,0.007530,0.313826,-0.702094,-0.639156
35848566,0.007615,0.313915,-0.702018,-0.639195
35856899,0.007108,0.313572,-0.702022,-0.639365
35865232,0.006778,0.313876,-0.702509,-0.638683
35873565,0.006725,0.313733,-0.702052,-0.639257
35881898,0.006563,0.313559,-0.701899,-0.639511
35890231,0.006356,0.313538,-0.701816,-0.639615
35898564,0.006259,0.313717,-0.702079,-0.639239
35906897,0.006381,0.313517,-0.701421,-0.640058
35915230,0.006219,0.313230,-0.701406,-0.640217
35923563,0.006234,0.313151,-0.700915,-0.640793
35931896,0.005780,0.312474,-0.701053,-0.640977
35940229,0.006705,0.312558,-0.700275,-0.641777
35948562,0.006673,0.311864,-0.700099,-0.642307
35956895,0.007912,0.311876,-0.699153,-0.643316
35965228,0.008503,0.311869,-0.698326,-0.644210
35973561,0.009029,0.311402,-0.697689,-0.645118
35981894,0.008423,0.310560,-0.697987,-0.645210
35990227,0.008701,0.310099,-0.697536,-0.645915
35998560,0.009730,0.309748,-0.696812,-0.646849
36006893,0.010994,0.310260,-0.695426,-0.648074
36015226,0.010467,0.309365,-0.695335,-0.648609
36023559,0.011419,0.309615,-0.695286,-0.648526
36031892,0.012203,0.309724,-0.694678,-0.649111
36040225,0.012729,0.309528,-0.693638,-0.650305
36048558,0.013418,0.309252,-0.693125,-0.650969
36056891,0.014062,0.308969,-0.693766,-0.650406
36065224,0.015131,0.308765,-0.693478,-0.650786
36073557,0.016630,0.308952,-0.692799,-0.651385
36081890,0.018143,0.308296,-0.691932,-0.652576
36090223,0.020002,0.307264,-0.690942,-0.654055
36098556,0.020846,0.306048,-0.689748,-0.655857
36106889,0.022897,0.304841,-0.688561,-0.657596
36115222,0.024257,0.303857,-0.687179,-0.659445
36123555,0.026667,0.303525,-0.686278,-0.660443
36131888,0.030162,0.303884,-0.684725,-0.661738
36140221,0.033015,0.303247,-0.683567,-0.663089
36148554,0.032834,0.302572,-0.683184,-0.663802
36156887,0.033312,0.301072,-0.682533,-0.665128
36165220,0.033373,0.300343,-0.682303,-0.665690
36173553,0.035190,0.299590,-0.681810,-0.666440
36181886,0.039051,0.301043,-0.679569,-0.667858
36190219,0.044326,0.302687,-0.676970,-0.669424
36198552,0.047968,0.302865,-0.674889,-0.671190
36206885,0.050623,0.302375,-0.673163,-0.672947
36215218,0.055425,0.303017,-0.670787,-0.674651
36223551,0.059308,0.301154,-0.668497,-0.677422
36231884,0.064809,0.299265,-0.664356,-0.681815
36240217,0.071222,0.300369,-0.658723,-0.686142
36248550,0.074893,0.291828,-0.656366,-0.691672
36256883,0.080293,0.290206,-0.650246,-0.697506
36265216,0.081319,0.297033,-0.641621,-0.702482
36273549,0.086415,0.287954,-0.642485,-0.704860
36281882,0.094594,0.288208,-0.637311,-0.708395
36290215,0.103762,0.285639,-0.632115,-0.712794
36298548,0.111551,0.278623,-0.627558,-0.718398
36306881,0.115751,0.277255,-0.623778,-0.721548
36315214,0.126884,0.273421,-0.611086,-0.731926
36323547,0.134246,0.267433,-0.601454,-0.740750
36331880,0.141838,0.256689,-0.590612,-0.751778
36340213,0.149058,0.246062,-0.583700,-0.759295
36348546,0.155581,0.236010,-0.578237,-0.765334
36356879,0.164278,0.225180,-0.569447,-0.773329
36365212,0.171023,0.214259,-0.562871,-0.779757
36373545,0.178998,0.203482,-0.555218,-0.786313
36381878,0.185230,0.195512,-0.549267,-0.791056
36390211,0.188614,0.185630,-0.546238,-0.794727
36398544,0.193333,0.178414,-0.539399,-0.799900
36406877,0.194478,0.172039,-0.539697,-0.800817
36415210,0.198911,0.160091,-0.534358,-0.805771
36423543,0.202311,0.148037,-0.529723,-0.810277
36431876,0.205268,0.138240,-0.526935,-0.813077
36440209,0.208837,0.131601,-0.523036,-0.815783
36448542,0.210456,0.122964,-0.521010,-0.818008
36456875,0.212892,0.114256,-0.517188,-0.821060
36465208,0.216360,0.107623,-0.512313,-0.824100
36473541,0.219104,0.100912,-0.508838,-0.826374
36481874,0.220535,0.094801,-0.504204,-0.829551
36490207,0.221769,0.087871,-0.500187,-0.832412
36498540,0.225431,0.082235,-0.495084,-0.835051
36506873,0.226984,0.074980,-0.490630,-0.837937
36515206,0.229864,0.069747,-0.484958,-0.840901
36523539,0.233049,0.064795,-0.477303,-0.844791
36531872,0.234493,0.058044,-0.468324,-0.849892
36540205,0.236782,0.052853,-0.462931,-0.852547
36548538,0.239718,0.050579,-0.455157,-0.856043
36556871,0.241373,0.047723,-0.447408,-0.859819
36565204,0.243872,0.045454,-0.438578,-0.863777
36573537,0.246101,0.041952,-0.429809,-0.867720
36581870,0.247794,0.037363,-0.419806,-0.872333
36590203,0.249772,0.033464,-0.409426,-0.876849
36598536,0.251700,0.030632,-0.400487,-0.880522
36606869,0.252409,0.027471,-0.393751,-0.883456
36615202,0.254356,0.021751,-0.382758,-0.887877
36623535,0.255095,0.019046,-0.375971,-0.890623
36631868,0.254790,0.016790,-0.370311,-0.893123
36640201,0.254178,0.013335,-0.365391,-0.895380
36648534,0.253406,0.009509,-0.360164,-0.897762
36656867,0.253275,0.008861,-0.355699,-0.899584
36665200,0.252454,0.007562,-0.352893,-0.900931
36673533,0.251648,0.006840,-0.348719,-0.902785
36681866,0.250191,0.002647,-0.344256,-0.904923
36690199,0.248863,0.002130,-0.344288,-0.905278
36698532,0.246791,-0.000094,-0.343785,-0.906038
36706865,0.245735,-0.001971,-0.342645,-0.906755
36715198,0.245578,-0.002486,-0.342498,-0.906852
36723531,0.244272,-0.004711,-0.340922,-0.907789
36731864,0.243438,-0.004537,-0.342003,-0.907608
36740197,0.242629,-0.005829,-0.341919,-0.907848
36748530,0.242018,-0.009527,-0.341951,-0.907968
36756863,0.242029,-0.010903,-0.341454,-0.908137
36765196,0.242565,-0.011633,-0.341157,-0.908096
36773529,0.243531,-0.011854,-0.340837,-0.907955
36781862,0.245424,-0.013194,-0.339939,-0.907763
36790195,0.246804,-0.014287,-0.338587,-0.907878
36798528,0.249388,-0.017503,-0.336733,-0.907805
36806861,0.252565,-0.018742,-0.333495,-0.908097
36815194,0.256323,-0.019353,-0.330946,-0.907964
36823527,0.260976,-0.022027,-0.326219,-0.908288
36831860,0.265482,-0.025353,-0.320939,-0.908776
36840193,0.270332,-0.027787,-0.316530,-0.908822
36848526,0.277115,-0.032176,-0.309504,-0.909054
36856859,0.283464,-0.033572,-0.304437,-0.908757
36865192,0.290601,-0.035454,-0.298518,-0.908395
36873525,0.297836,-0.038310,-0.292630,-0.907851
36881858,0.304259,-0.041678,-0.285295,-0.907908
36890191,0.311061,-0.043420,-0.279361,-0.907366
36898524,0.318171,-0.046541,-0.274112,-0.906346
36906857,0.324670,-0.049409,-0.269567,-0.905253
36915190,0.329655,-0.053020,-0.266978,-0.904013
36923523,0.333780,-0.057040,-0.264726,-0.902916
36931856,0.338159,-0.059083,-0.264225,-0.901300
36940189,0.341634,-0.061460,-0.264036,-0.899885
36948522,0.344782,-0.063442,-0.263212,-0.898788
36956855,0.347479,-0.065507,-0.262448,-0.897824
36965188,0.349133,-0.067313,-0.262090,-0.897153
36973521,0.350731,-0.068114,-0.261458,-0.896654
36981854,0.353270,-0.069992,-0.259296,-0.896140
36990187,0.355267,-0.069130,-0.259249,-0.895431
36998520,0.357937,-0.069600,-0.257378,-0.894871
37006853,0.360194,-0.068518,-0.255051,-0.894715
37015186,0.363216,-0.064942,-0.255008,-0.893772
37023519,0.367062,-0.059238,-0.254052,-0.892868
37031852,0.371350,-0.054346,-0.251343,-0.892173
37040185,0.375052,-0.047531,-0.248403,-0.891837
37048518,0.378904,-0.037767,-0.244217,-0.891832
37056851,0.383361,-0.025686,-0.238438,-0.891920
37065184,0.387590,-0.008654,-0.232944,-0.891872
37073517,0.391495,0.009624,-0.227697,-0.891512
37081850,0.391415,0.029913,-0.222053,-0.892520
37090183,0.391353,0.053985,-0.217955,-0.892426
37098516,0.393506,0.069729,-0.212585,-0.891683
37106849,0.400929,0.078774,-0.204068,-0.889610
37115182,0.410612,0.068878,-0.197946,-0.887396
37123515,0.413442,0.051054,-0.202503,-0.886257
37131848,0.408029,0.028362,-0.213361,-0.887235
37140181,0.400872,0.008179,-0.222883,-0.888571
37148514,0.396637,-0.005897,-0.228336,-0.889104
37156847,0.392770,-0.018404,-0.230521,-0.890086
37165180,0.391458,-0.026618,-0.231946,-0.890086
37173513,0.390562,-0.030799,-0.234172,-0.889762
37181846,0.390050,-0.033050,-0.235344,-0.889597
37190179,0.389422,-0.035852,-0.237096,-0.889298
37198512,0.387148,-0.039722,-0.239389,-0.889512
37206845,0.386138,-0.039717,-0.241220,-0.889457
37215178,0.386378,-0.040700,-0.242144,-0.889057
37223511,0.386185,-0.043587,-0.243271,-0.888696
37231844,0.386148,-0.046226,-0.244145,-0.888339
37240177,0.386785,-0.048389,-0.245011,-0.887708
37248510,0.387609,-0.048095,-0.245614,-0.887198
37256843,0.387486,-0.050178,-0.245737,-0.887102
37265176,0.387087,-0.051926,-0.246602,-0.886936
37273509,0.387555,-0.051744,-0.247705,-0.886434
37281842,0.387089,-0.052847,-0.248753,-0.886279
37290175,0.387379,-0.053625,-0.249169,-0.885989
37298508,0.387540,-0.053888,-0.249922,-0.885691
37306841,0.387926,-0.054863,-0.250547,-0.885285
37315174,0.388336,-0.055941,-0.250947,-0.884925
37323507,0.388752,-0.056532,-0.251236,-0.884622
37331840,0.388772,-0.056296,-0.251552,-0.884539
37340173,0.388640,-0.056125,-0.252288,-0.884398
37348506,0.389761,-0.055556,-0.252447,-0.883895
37356839,0.390180,-0.055555,-0.252454,-0.883708
37365172,0.390747,-0.055201,-0.252298,-0.883524
37373505,0.390669,-0.054362,-0.252755,-0.883480
37381838,0.391289,-0.053518,-0.252569,-0.883311
37390171,0.391819,-0.053630,-0.252513,-0.883085
37398504,0.391253,-0.053362,-0.253049,-0.883199
37406837,0.391218,-0.052025,-0.253800,-0.883078
37415170,0.391606,-0.052265,-0.253508,-0.882976
37423503,0.393091,-0.052637,-0.253092,-0.882413
37431836,0.392688,-0.052997,-0.253550,-0.882440
37440169,0.391864,-0.054550,-0.253889,-0.882614
37448502,0.392349,-0.055354,-0.253871,-0.882354
37456835,0.391503,-0.055718,-0.254260,-0.882594
37465168,0.390803,-0.055960,-0.254794,-0.882735
37473501,0.390421,-0.056874,-0.255145,-0.882744
37481834,0.390828,-0.058149,-0.254899,-0.882553
37490167,0.390802,-0.058857,-0.255048,-0.882474
37498500,0.389750,-0.059170,-0.255655,-0.882743
37506833,0.388876,-0.059414,-0.255923,-0.883034
37515166,0.388794,-0.059989,-0.256077,-0.882986
37523499,0.388751,-0.060602,-0.256340,-0.882887
37531832,0.388064,-0.060709,-0.256978,-0.882996
37540165,0.387824,-0.061107,-0.257303,-0.882980
37548498,0.388275,-0.061372,-0.257592,-0.882679
37556831,0.387488,-0.062593,-0.257821,-0.882873
37565164,0.386983,-0.063983,-0.258160,-0.882895
37573497,0.386890,-0.064574,-0.258087,-0.882914
37581830,0.386314,-0.064088,-0.258934,-0.882954
37590163,0.385972,-0.064160,-0.259289,-0.882994
37598496,0.385720,-0.064420,-0.259572,-0.883002
37606829,0.385593,-0.064711,-0.259881,-0.882945
37615162,0.385345,-0.064887,-0.259969,-0.883015
37623495,0.385152,-0.065056,-0.260119,-0.883042
37631828,0.384455,-0.065320,-0.260636,-0.883174
37640161,0.383613,-0.065288,-0.261187,-0.883380
37648494,0.383248,-0.065550,-0.261476,-0.883433
37656827,0.383224,-0.066421,-0.261658,-0.883325
37665160,0.382962,-0.066976,-0.261992,-0.883298
37673493,0.382115,-0.067903,-0.262636,-0.883402
37681826,0.381492,-0.068271,-0.263045,-0.883522
37690159,0.380916,-0.068905,-0.263268,-0.883654
37698492,0.380478,-0.069856,-0.263543,-0.883686
37706825,0.380613,-0.070646,-0.263626,-0.883541
37715158,0.380179,-0.071213,-0.263978,-0.883577
37723491,0.379755,-0.071662,-0.264287,-0.883630
37731824,0.379227,-0.072203,-0.264586,-0.883724
37740157,0.379361,-0.072822,-0.264761,-0.883563
37748490,0.378504,-0.072387,-0.264765,-0.883965
37756823,0.377806,-0.072875,-0.265133,-0.884113
37765156,0.378232,-0.073717,-0.265235,-0.883831
37773489,0.377762,-0.074275,-0.265530,-0.883896
37781822,0.377644,-0.076818,-0.264823,-0.883942
37790155,0.377484,-0.077760,-0.264684,-0.883969
37798488,0.377407,-0.077496,-0.264680,-0.884027
37806821,0.377225,-0.077675,-0.264856,-0.884036
37815154,0.376830,-0.076019,-0.265773,-0.884073
37823487,0.377117,-0.075751,-0.265878,-0.883942
37831820,0.377069,-0.077590,-0.265155,-0.884020
37840153,0.376944,-0.076655,-0.265622,-0.884015
37848486,0.376904,-0.076063,-0.265844,-0.884016
37856819,0.376453,-0.077399,-0.265259,-0.884268
37865152,0.377025,-0.077949,-0.264670,-0.884153
37873485,0.377252,-0.078367,-0.264523,-0.884063
37881818,0.376535,-0.076656,-0.265580,-0.884202
37890151,0.376354,-0.076023,-0.265929,-0.884229
37898484,0.376489,-0.076202,-0.265761,-0.884206
37906817,0.376661,-0.075851,-0.265852,-0.884136
37915150,0.376837,-0.077097,-0.264818,-0.884263
37923483,0.376328,-0.075851,-0.265560,-0.884365
37931816,0.377022,-0.076786,-0.264625,-0.884269
37940149,0.376894,-0.077831,-0.264388,-0.884303
37948482,0.377271,-0.075943,-0.265020,-0.884117
37956815,0.377595,-0.076754,-0.264316,-0.884120
37965148,0.377510,-0.077327,-0.264150,-0.884156
37973481,0.377218,-0.076014,-0.264866,-0.884180
37981814,0.376339,-0.075368,-0.265131,-0.884530
37990147,0.376682,-0.076991,-0.264095,-0.884555
37998480,0.376476,-0.076174,-0.264669,-0.884541
38006813,0.376478,-0.075330,-0.264818,-0.884568
38015146,0.376705,-0.077127,-0.263957,-0.884574
38023479,0.377353,-0.077741,-0.263317,-0.884435
38031812,0.376974,-0.075948,-0.264158,-0.884501
38040145,0.377240,-0.075042,-0.264409,-0.884391
38048478,0.376957,-0.074975,-0.264423,-0.884513
38056811,0.376727,-0.074787,-0.264228,-0.884685
38065144,0.376881,-0.074627,-0.264132,-0.884661
38073477,0.377270,-0.074524,-0.264180,-0.884490
38081810,0.376921,-0.074377,-0.264149,-0.884660
38090143,0.377082,-0.074194,-0.263952,-0.884666
38098476,0.376977,-0.074132,-0.264034,-0.884691
38106809,0.377269,-0.073776,-0.264027,-0.884599
38115142,0.377668,-0.073589,-0.264110,-0.884419
38123475,0.378117,-0.073154,-0.263938,-0.884315
38131808,0.378563,-0.072930,-0.263934,-0.884144
38140141,0.379955,-0.072786,-0.263736,-0.883617
38148474,0.380093,-0.072481,-0.263586,-0.883628
38156807,0.381933,-0.071603,-0.263238,-0.883010
38165140,0.383021,-0.070615,-0.263120,-0.882653
38173473,0.384453,-0.069686,-0.262955,-0.882153
38181806,0.386005,-0.067358,-0.263076,-0.881620
38190139,0.388691,-0.063830,-0.262503,-0.880873
38198472,0.392530,-0.061060,-0.261396,-0.879695
38206805,0.397648,-0.057792,-0.259306,-0.878235
38215138,0.402221,-0.055665,-0.256926,-0.876988
38223471,0.406386,-0.054797,-0.255311,-0.875593
38231804,0.412922,-0.052241,-0.252636,-0.873465
38240137,0.420138,-0.049984,-0.249424,-0.871076
38248470,0.425889,-0.046298,-0.247034,-0.869166
38256803,0.432831,-0.039993,-0.244087,-0.866879
38265136,0.438358,-0.037198,-0.243195,-0.864474
38273469,0.444348,-0.035115,-0.241440,-0.861991
38281802,0.447671,-0.031442,-0.241257,-0.860463
38290135,0.452101,-0.028556,-0.241131,-0.858280
38298468,0.455527,-0.023802,-0.240355,-0.856830
38306801,0.458543,-0.020325,-0.240403,-0.855296
38315134,0.459481,-0.016191,-0.242144,-0.854390
38323467,0.460995,-0.011848,-0.243929,-0.853137
38331800,0.464137,-0.009301,-0.244694,-0.851243
38340133,0.462099,-0.005773,-0.247145,-0.851675
38348466,0.460535,-0.002424,-0.250183,-0.851652
38356799,0.461287,0.000776,-0.251946,-0.850727
38365132,0.459728,0.003112,-0.254856,-0.850699
38373465,0.457739,0.005967,-0.257056,-0.851095
38381798,0.455865,0.008239,-0.260266,-0.851106
38390131,0.452677,0.009002,-0.262911,-0.851986
38398464,0.449887,0.012079,-0.265743,-0.852547
38406797,0.448647,0.013642,-0.268318,-0.852370
38415130,0.446818,0.015429,-0.270020,-0.852763
38423463,0.444296,0.015334,-0.272117,-0.853416
38431796,0.443104,0.018657,-0.274360,-0.853251
38440129,0.439903,0.019230,-0.277071,-0.854018
38448462,0.438104,0.019188,-0.279051,-0.854299
38456795,0.438508,0.017507,-0.280850,-0.853538
38465128,0.438157,0.019943,-0.283537,-0.852777
38473461,0.436760,0.019661,-0.285949,-0.852694
38481794,0.435929,0.020109,-0.288445,-0.852268
38490127,0.434649,0.021420,-0.291455,-0.851866
38498460,0.432303,0.023148,-0.294639,-0.851919
38506793,0.432406,0.026122,-0.295887,-0.851348
38515126,0.431146,0.030545,-0.297543,-0.851263
38523459,0.429974,0.032584,-0.298515,-0.851439
38531792,0.428359,0.031701,-0.299390,-0.851980
38540125,0.428635,0.034356,-0.300060,-0.851502
38548458,0.429647,0.037903,-0.300159,-0.850807
38556791,0.429379,0.040122,-0.300619,-0.850677
38565124,0.429497,0.043247,-0.300832,-0.850390
38573457,0.428328,0.045413,-0.300052,-0.851142
38581790,0.427395,0.047655,-0.299896,-0.851543
38590123,0.427127,0.053299,-0.299888,-0.851345
38598456,0.426793,0.054967,-0.298883,-0.851760
38606789,0.426107,0.061578,-0.297860,-0.852009
38615122,0.423762,0.065153,-0.298388,-0.852728
38623455,0.422185,0.069218,-0.298132,-0.853280
38631788,0.421597,0.072660,-0.296020,-0.854019
38640121,0.418997,0.074817,-0.295660,-0.855236
38648454,0.416706,0.079481,-0.294648,-0.856283
38656787,0.413975,0.082544,-0.293862,-0.857588
38665120,0.413107,0.089167,-0.293268,-0.857546
38673453,0.411462,0.090532,-0.291370,-0.858840
38681786,0.412156,0.096877,-0.287251,-0.859203
38690119,0.415209,0.103753,-0.281423,-0.858859
38698452,0.411772,0.105685,-0.280344,-0.860628
38706785,0.409434,0.110030,-0.277459,-0.862134
38715118,0.410563,0.117758,-0.271362,-0.862516
38723451,0.409232,0.123993,-0.266754,-0.863711
38731784,0.409304,0.129875,-0.261675,-0.864366
38740117,0.408213,0.133836,-0.257769,-0.865451
38748450,0.409312,0.142028,-0.252620,-0.865145
38756783,0.410825,0.150516,-0.246153,-0.864856
38765116,0.411118,0.157835,-0.240955,-0.864876
38773449,0.410895,0.161927,-0.235906,-0.865617
38781782,0.411567,0.169354,-0.231080,-0.865179
38790115,0.412914,0.179664,-0.225387,-0.863958
38798448,0.413970,0.189161,-0.220075,-0.862795
38806781,0.416314,0.197679,-0.213629,-0.861376
38815114,0.418098,0.206817,-0.207836,-0.859782
38823447,0.421504,0.215072,-0.200835,-0.857755
38831780,0.423009,0.223689,-0.195298,-0.856087
38840113,0.427632,0.235593,-0.187939,-0.852236
38848446,0.431095,0.244662,-0.180765,-0.849483
38856779,0.432066,0.252622,-0.175983,-0.847662
38865112,0.436217,0.262489,-0.167176,-0.844314
38873445,0.438131,0.281946,-0.162304,-0.837977
38881778,0.441088,0.299649,-0.155155,-0.831612
38890111,0.444984,0.307545,-0.148096,-0.827933
38898444,0.446279,0.318014,-0.142141,-0.824317
38906777,0.447544,0.331227,-0.135676,-0.819503
38915110,0.449930,0.345837,-0.125694,-0.813733
38923443,0.456661,0.364980,-0.107650,-0.804153
38931776,0.459788,0.375785,-0.096865,-0.798748
38940109,0.460494,0.396012,-0.084586,-0.789914
38948442,0.461319,0.405432,-0.074204,-0.785687
38956775,0.460319,0.424726,-0.059536,-0.777283
38965108,0.459772,0.431379,-0.050103,-0.774604
38973441,0.457535,0.444869,-0.038401,-0.768946
38981774,0.449876,0.458082,-0.030782,-0.766045
38990107,0.444184,0.469286,-0.020044,-0.762934
38998440,0.438413,0.476581,-0.013048,-0.761901
39006773,0.434381,0.484410,-0.007559,-0.759344
39015106,0.435077,0.486034,-0.003767,-0.757934
39023439,0.436404,0.486120,-0.001719,-0.757124
39031772,0.439851,0.485219,-0.001828,-0.755705
39040105,0.443721,0.481062,-0.006761,-0.756072
39048438,0.443533,0.477195,-0.014213,-0.758526
39056771,0.444475,0.476166,-0.019171,-0.758512
39065104,0.442666,0.472627,-0.024951,-0.761608
39073437,0.438914,0.468813,-0.032087,-0.765859
39081770,0.432870,0.464064,-0.044430,-0.771553
39090103,0.424739,0.461074,-0.057778,-0.776961
39098436,0.419254,0.459168,-0.066667,-0.780350
39106769,0.411850,0.457217,-0.076720,-0.784504
39115102,0.408353,0.454791,-0.084764,-0.786910
39123435,0.405361,0.452959,-0.092545,-0.788635
39131768,0.402906,0.451764,-0.101473,-0.789480
39140101,0.402870,0.446915,-0.108729,-0.791290
39148434,0.406201,0.442181,-0.113052,-0.791642
39156767,0.411218,0.434255,-0.116538,-0.792932
39165100,0.413893,0.426747,-0.121456,-0.794876
39173433,0.418572,0.418130,-0.125632,-0.796355
39181766,0.423095,0.410399,-0.129338,-0.797392
39190099,0.424606,0.404351,-0.134229,-0.798870
39198432,0.427527,0.398044,-0.137384,-0.799942
39206765,0.427337,0.394663,-0.144275,-0.800505
39215098,0.429809,0.391140,-0.148168,-0.800200
39223431,0.428166,0.384991,-0.154941,-0.802776
39231764,0.426936,0.382141,-0.161036,-0.803592
39240097,0.425127,0.379446,-0.166749,-0.804663
39248430,0.422477,0.378439,-0.173449,-0.805116
39256763,0.420300,0.375792,-0.178421,-0.806408
39265096,0.418012,0.368952,-0.183137,-0.809692
39273429,0.416383,0.364165,-0.187219,-0.811763
39281762,0.415169,0.360961,-0.189405,-0.813307
39290095,0.413481,0.357772,-0.191551,-0.815071
39298428,0.412444,0.351732,-0.194085,-0.817622
39306761,0.410735,0.349194,-0.195870,-0.819143
39315094,0.407468,0.347434,-0.198620,-0.820859
39323427,0.402305,0.345016,-0.202102,-0.823571
39331760,0.398207,0.340908,-0.203049,-0.827033
39340093,0.394368,0.337454,-0.204486,-0.829930
39348426,0.389296,0.336841,-0.207536,-0.831815
39356759,0.382228,0.337384,-0.212245,-0.833682
39365092,0.375373,0.336489,-0.216710,-0.836006
39373425,0.367717,0.337278,-0.222138,-0.837665
39381758,0.360148,0.336141,-0.226450,-0.840252
39390091,0.351019,0.336486,-0.231688,-0.842546
39398424,0.342913,0.337749,-0.237169,-0.843853
39406757,0.334731,0.338441,-0.241749,-0.845559
39415090,0.328508,0.340639,-0.243903,-0.846498
39423423,0.321498,0.343583,-0.247535,-0.846946
39431756,0.314864,0.342722,-0.250404,-0.848941
39440089,0.307457,0.340828,-0.252259,-0.851864
39448422,0.297662,0.342454,-0.256185,-0.853517
39456755,0.290458,0.345640,-0.259030,-0.853856
39465088,0.280244,0.343814,-0.262781,-0.856855
39473421,0.269606,0.345765,-0.266315,-0.858392
39481754,0.259018,0.349271,-0.271447,-0.858624
39490087,0.250106,0.354859,-0.275440,-0.857703
39498420,0.238922,0.356848,-0.280672,-0.858370
39506753,0.227261,0.360311,-0.284738,-0.858750
39515086,0.213414,0.361455,-0.290556,-0.859873
39523419,0.201544,0.363497,-0.297007,-0.859673
39531752,0.187958,0.365176,-0.301199,-0.860579
39540085,0.175360,0.367130,-0.306173,-0.860652
39548418,0.159913,0.365434,-0.311190,-0.862581
39556751,0.145151,0.367858,-0.318695,-0.861420
39565084,0.128763,0.372500,-0.323303,-0.860313
39573417,0.114966,0.374503,-0.327327,-0.859877
39581750,0.100281,0.379039,-0.331590,-0.858092
39590083,0.085524,0.379220,-0.333910,-0.858709
39598416,0.070073,0.382789,-0.336951,-0.857336
39606749,0.055013,0.388116,-0.340126,-0.854783
39615082,0.042208,0.391616,-0.340204,-0.853883
39623415,0.029176,0.395348,-0.341219,-0.852302
39631748,0.015331,0.398093,-0.341662,-0.851207
39640081,0.001620,0.399764,-0.343719,-0.849732
39648414,-0.011580,0.405105,-0.340541,-0.848403
39656747,-0.025510,0.408872,-0.340377,-0.846355
39665080,-0.036184,0.410098,-0.336588,-0.846888
39673413,-0.047724,0.412296,-0.338188,-0.844609
39681746,-0.059252,0.418937,-0.333204,-0.842589
39690079,-0.067564,0.424226,-0.327416,-0.841586
39698412,-0.075097,0.424603,-0.323737,-0.842180
39706745,-0.082799,0.429081,-0.317141,-0.841698
39715078,-0.090190,0.433052,-0.315379,-0.839564
39723411,-0.097481,0.437802,-0.310891,-0.837958
39731744,-0.106088,0.442360,-0.307312,-0.835836
39740077,-0.111967,0.447176,-0.301654,-0.834567
39748410,-0.119028,0.449880,-0.299394,-0.832949
39756743,-0.123633,0.455571,-0.294201,-0.831033
39765076,-0.128024,0.457773,-0.290663,-0.830403
39773409,-0.134964,0.460086,-0.288250,-0.828865
39781742,-0.141546,0.462443,-0.288164,-0.826482
39790075,-0.145806,0.465795,-0.285306,-0.824849
39798408,-0.151022,0.467854,-0.285062,-0.822827
39806741,-0.155968,0.467698,-0.286111,-0.821628
39815074,-0.160033,0.469402,-0.285227,-0.820181
39823407,-0.163540,0.471260,-0.286754,-0.817888
39831740,-0.167077,0.472810,-0.288228,-0.815758
39840073,-0.170019,0.471161,-0.291678,-0.814877
39848406,-0.173787,0.473526,-0.290533,-0.813119
39856739,-0.177558,0.470331,-0.294451,-0.812749
39865072,-0.178294,0.475329,-0.289878,-0.811322
39873405,-0.180266,0.477382,-0.290473,-0.809466
39881738,-0.182329,0.475506,-0.294575,-0.808626
39890071,-0.184195,0.474654,-0.297125,-0.807770
39898404,-0.185555,0.475508,-0.296168,-0.807308
39906737,-0.186612,0.475452,-0.293917,-0.807919
39915070,-0.190116,0.475237,-0.295152,-0.806778
39923403,-0.192659,0.475440,-0.296313,-0.805629
39931736,-0.193496,0.475554,-0.296148,-0.805422
39940069,-0.193079,0.475331,-0.296309,-0.805594
39948402,-0.192657,0.474225,-0.297094,-0.806058
39956735,-0.191250,0.473260,-0.300225,-0.805800
39965068,-0.192574,0.473608,-0.299366,-0.805599
39973401,-0.193115,0.473396,-0.298765,-0.805818
39981734,-0.193245,0.472975,-0.298388,-0.806173
39990067,-0.194443,0.472540,-0.297569,-0.806443
39998400,-0.194150,0.470486,-0.297489,-0.807743
40006733,-0.194281,0.467931,-0.298842,-0.808696
40015066,-0.193959,0.463450,-0.301145,-0.810497
40023399,-0.194593,0.462911,-0.301716,-0.810441
40031732,-0.194827,0.460409,-0.301061,-0.812052
40040065,-0.193382,0.455902,-0.300575,-0.815115
40048398,-0.195439,0.452569,-0.303570,-0.815371
40056731,-0.194063,0.450100,-0.304670,-0.816655
40065064,-0.193722,0.449572,-0.303694,-0.817390
40073397,-0.192745,0.446185,-0.304202,-0.819286
40081730,-0.189972,0.441565,-0.307711,-0.821125
40090063,-0.189136,0.438112,-0.309738,-0.822404
40098396,-0.186755,0.435237,-0.312864,-0.823291
40106729,-0.183709,0.436225,-0.308177,-0.825218
40115062,-0.181163,0.435021,-0.308832,-0.826172
40123395,-0.181076,0.433962,-0.311795,-0.825634
40131728,-0.178471,0.431946,-0.312883,-0.826846
40140061,-0.174077,0.430859,-0.311517,-0.828864
40148394,-0.172435,0.428307,-0.313805,-0.829666
40156727,-0.167848,0.427158,-0.313487,-0.831317
40165060,-0.163219,0.426414,-0.313352,-0.832671
40173393,-0.158860,0.423905,-0.313616,-0.834693
40181726,-0.154374,0.422337,-0.315956,-0.835447
40190059,-0.149219,0.419686,-0.316440,-0.837534
40198392,-0.144220,0.418106,-0.319153,-0.838170
40206725,-0.139706,0.416931,-0.321311,-0.838696
40215058,-0.136647,0.414449,-0.323210,-0.839699
40223391,-0.130419,0.413346,-0.323130,-0.841263
40231724,-0.124604,0.411743,-0.323504,-0.842785
40240057,-0.120310,0.409025,-0.323768,-0.844629
40248390,-0.116644,0.407143,-0.325981,-0.845201
40256723,-0.114426,0.404789,-0.328808,-0.845540
40265056,-0.111127,0.403899,-0.332126,-0.845109
40273389,-0.105761,0.403021,-0.330608,-0.846810
40281722,-0.103392,0.401993,-0.333310,-0.846532
40290055,-0.101346,0.400324,-0.336129,-0.846456
40298388,-0.095600,0.398908,-0.336365,-0.847698
40306721,-0.091543,0.397908,-0.337353,-0.848223
40315054,-0.089138,0.396570,-0.338656,-0.848586
40323387,-0.085913,0.394804,-0.340913,-0.848839
40331720,-0.083354,0.394425,-0.343301,-0.848307
40340053,-0.080036,0.392193,-0.344048,-0.849359
40348386,-0.075839,0.391464,-0.343484,-0.850307
40356719,-0.070725,0.391186,-0.342860,-0.851128
40365052,-0.067250,0.390750,-0.344966,-0.850759
40373385,-0.062702,0.390653,-0.344996,-0.851138
40381718,-0.060999,0.391021,-0.345829,-0.850755
40390051,-0.058176,0.390167,-0.346466,-0.851086
40398384,-0.055127,0.390174,-0.346225,-0.851383
40406717,-0.053036,0.388820,-0.347206,-0.851736
40415050,-0.049766,0.389347,-0.348064,-0.851342
40423383,-0.048262,0.389181,-0.348170,-0.851462
40431716,-0.045592,0.389303,-0.348644,-0.851359
40440049,-0.043193,0.388976,-0.348815,-0.851563
40448382,-0.039738,0.390394,-0.348484,-0.851218
40456715,-0.037965,0.391687,-0.348481,-0.850706
40465048,-0.035919,0.392802,-0.348708,-0.850188
40473381,-0.034253,0.393836,-0.348064,-0.850042
40481714,-0.030662,0.395305,-0.346053,-0.850318
40490047,-0.027373,0.396938,-0.345119,-0.850049
40498380,-0.025162,0.398217,-0.343727,-0.850083
40506713,-0.023165,0.399901,-0.342423,-0.849876
40515046,-0.021874,0.402086,-0.343499,-0.848444
40523379,-0.020370,0.404075,-0.343463,-0.847551
40531712,-0.019011,0.405303,-0.342662,-0.847320
40540045,-0.017335,0.407789,-0.340986,-0.846839
40548378,-0.015692,0.411309,-0.339976,-0.845574
40556711,-0.015221,0.413567,-0.338828,-0.844942
40565044,-0.012982,0.415031,-0.337328,-0.844861
40573377,-0.011661,0.417860,-0.336547,-0.843797
40581710,-0.011854,0.420327,-0.335290,-0.843069
40590043,-0.010446,0.424462,-0.333547,-0.841706
40598376,-0.010598,0.427242,-0.332231,-0.840818
40606709,-0.008737,0.429144,-0.331120,-0.840308
40615042,-0.007737,0.433128,-0.328615,-0.839257
40623375,-0.006910,0.437676,-0.326038,-0.837909
40631708,-0.005682,0.440383,-0.324061,-0.837267
40640041,-0.004741,0.441969,-0.321756,-0.837325
40648374,-0.005074,0.445734,-0.319139,-0.836329
40656707,-0.004283,0.450278,-0.315595,-0.835243
40665040,-0.002124,0.453696,-0.312717,-0.834484
40673373,-0.001806,0.457395,-0.310167,-0.833416
40681706,-0.000992,0.461584,-0.306948,-0.832299
40690039,0.000469,0.465422,-0.303355,-0.831479
40698372,0.000613,0.466982,-0.300579,-0.831613
40706705,0.001418,0.469941,-0.297635,-0.831004
40715038,0.001697,0.475272,-0.294792,-0.828982
40723371,0.002613,0.479559,-0.292776,-0.827223
40731704,0.003029,0.482507,-0.288777,-0.826913
40740037,0.003531,0.486488,-0.285524,-0.825708
40748370,0.005097,0.490586,-0.281929,-0.824509
40756703,0.006672,0.493410,-0.277259,-0.824396
40765036,0.007669,0.495696,-0.273869,-0.824150
40773369,0.007253,0.500225,-0.272544,-0.821853
40781702,0.008879,0.504323,-0.268148,-0.820778
40790035,0.010958,0.507289,-0.263045,-0.820576
40798368,0.011231,0.510347,-0.260846,-0.819377
40806701,0.012861,0.512703,-0.257295,-0.819005
40815034,0.013761,0.515994,-0.254289,-0.817862
40823367,0.015013,0.518994,-0.250200,-0.817203
40831700,0.016676,0.522232,-0.246154,-0.816336
40840033,0.017488,0.523766,-0.243048,-0.816267
40848366,0.018659,0.525294,-0.240703,-0.815953
40856699,0.019642,0.526277,-0.237713,-0.816174
40865032,0.020622,0.528177,-0.235204,-0.815649
40873365,0.022112,0.529807,-0.232912,-0.815210
40881698,0.023634,0.531266,-0.230958,-0.814774
40890031,0.025549,0.533164,-0.228314,-0.814221
40898364,0.026662,0.535328,-0.226491,-0.813275
40906697,0.027969,0.536605,-0.224208,-0.813022
40915030,0.028565,0.536277,-0.223395,-0.813441
40923363,0.031207,0.536690,-0.221787,-0.813512
40931696,0.032493,0.536383,-0.220442,-0.814029
40940029,0.033216,0.535669,-0.220226,-0.814528
40948362,0.035443,0.535096,-0.218274,-0.815336
40956695,0.036972,0.534863,-0.217129,-0.815727
40965028,0.039394,0.536246,-0.216170,-0.814959
40973361,0.042184,0.535149,-0.216831,-0.815365
40981694,0.044087,0.534242,-0.215558,-0.816196
40990027,0.045671,0.534900,-0.214842,-0.815867
40998360,0.046623,0.534506,-0.214172,-0.816248
41006693,0.049055,0.533884,-0.213748,-0.816623
41015026,0.050693,0.533828,-0.212998,-0.816756
41023359,0.052150,0.532326,-0.212771,-0.817703
41031692,0.054866,0.531423,-0.211716,-0.818386
41040025,0.055799,0.530228,-0.212990,-0.818767
41048358,0.056975,0.529554,-0.212948,-0.819133
41056691,0.058918,0.528281,-0.212509,-0.819932
41065024,0.060072,0.527675,-0.212237,-0.820309
41073357,0.061740,0.526504,-0.212081,-0.820977
41081690,0.062476,0.524212,-0.212847,-0.822189
41090023,0.064312,0.522852,-0.213125,-0.822841
41098356,0.065759,0.521397,-0.213367,-0.823587
41106689,0.067128,0.521620,-0.213797,-0.823224
41115022,0.068360,0.520181,-0.214850,-0.823758
41123355,0.069345,0.517799,-0.217212,-0.824557
41131688,0.070228,0.516177,-0.217368,-0.825458
41140021,0.070782,0.514828,-0.218540,-0.825943
41148354,0.072309,0.513435,-0.221045,-0.826012
41156687,0.072479,0.511316,-0.224944,-0.826259
41165020,0.072663,0.509624,-0.226775,-0.826787
41173353,0.073762,0.508955,-0.228345,-0.826670
41181686,0.075836,0.506285,-0.230471,-0.827531
41190019,0.076875,0.504423,-0.232820,-0.827915
41198352,0.077464,0.503559,-0.234946,-0.827785
41206685,0.078453,0.501689,-0.237767,-0.828022
41215018,0.079196,0.500341,-0.239332,-0.828316
41223351,0.080921,0.497671,-0.240648,-0.829376
41231684,0.080699,0.497596,-0.244250,-0.828389
41240017,0.080601,0.494377,-0.247883,-0.829246
41248350,0.080716,0.492493,-0.251335,-0.829317
41256683,0.082029,0.491632,-0.252559,-0.829327
41265016,0.083854,0.490450,-0.255011,-0.829094
41273349,0.084384,0.491027,-0.258296,-0.827680
41281682,0.086232,0.489797,-0.259521,-0.827836
41290015,0.086764,0.489099,-0.260931,-0.827749
41298348,0.087838,0.487273,-0.262811,-0.828118
41306681,0.088630,0.486960,-0.264694,-0.827618
41315014,0.091282,0.488347,-0.265031,-0.826404
41323347,0.092646,0.488512,-0.266901,-0.825553
41331680,0.094344,0.487282,-0.266427,-0.826240
41340013,0.096197,0.486113,-0.268508,-0.826041
41348346,0.098157,0.487410,-0.268767,-0.824961
41356679,0.098684,0.488043,-0.269806,-0.824185
41365012,0.099315,0.489426,-0.270140,-0.823179
41373345,0.099795,0.490315,-0.269778,-0.822710
41381678,0.100289,0.489868,-0.269985,-0.822848
41390011,0.101825,0.489871,-0.269474,-0.822825
41398344,0.102007,0.489712,-0.270674,-0.822504
41406677,0.102638,0.490855,-0.271508,-0.821468
41415010,0.102640,0.491045,-0.271318,-0.821418
41423343,0.101501,0.492636,-0.271766,-0.820457
41431676,0.100375,0.494257,-0.272129,-0.819500
41440009,0.100239,0.494043,-0.272484,-0.819528
41448342,0.099600,0.494148,-0.272899,-0.819405
41456675,0.097743,0.493925,-0.272744,-0.819814
41465008,0.096608,0.495462,-0.271170,-0.819543
41473341,0.094963,0.496461,-0.270329,-0.819409
41481674,0.094605,0.495845,-0.269346,-0.820147
41490007,0.092418,0.497076,-0.269864,-0.819480
41498340,0.090716,0.498717,-0.269084,-0.818929
41506673,0.089154,0.499313,-0.268218,-0.819022
41515006,0.087126,0.501454,-0.268164,-0.817949
41523339,0.085109,0.504684,-0.268591,-0.816033
41531672,0.084046,0.505268,-0.268641,-0.815765
41540005,0.082438,0.505359,-0.267784,-0.816155
41548338,0.081646,0.506056,-0.266191,-0.816323
41556671,0.080552,0.507065,-0.265636,-0.815986
41565004,0.078427,0.508823,-0.265267,-0.815219
41573337,0.076939,0.510264,-0.264616,-0.814672
41581670,0.074957,0.510622,-0.264375,-0.814710
41590003,0.073578,0.512203,-0.262634,-0.814406
41598336,0.071439,0.513556,-0.261563,-0.814089
41606669,0.069206,0.514467,-0.261152,-0.813839
41615002,0.068245,0.516023,-0.259025,-0.813615
41623335,0.067234,0.518135,-0.257496,-0.812841
41631668,0.064518,0.519355,-0.256942,-0.812459
41640001,0.063458,0.519222,-0.254989,-0.813242
41648334,0.061068,0.520906,-0.252958,-0.812982
41656667,0.058770,0.521948,-0.253069,-0.812449
41665000,0.056035,0.523303,-0.251969,-0.812112
41673333,0.055561,0.525049,-0.249532,-0.811770
41681666,0.054368,0.525918,-0.247027,-0.812055
41689999,0.053841,0.526708,-0.244915,-0.812217
41698332,0.052074,0.527020,-0.243571,-0.812534
41706665,0.050458,0.527451,-0.242755,-0.812601
41714998,0.048534,0.528579,-0.242245,-0.812137
41723331,0.046892,0.529874,-0.240061,-0.812038
41731664,0.046072,0.531684,-0.238789,-0.811276
41739997,0.045071,0.531580,-0.237681,-0.811726
41748330,0.043672,0.533248,-0.236463,-0.811064
41756663,0.041959,0.534306,-0.235535,-0.810728
41764996,0.041396,0.534341,-0.234493,-0.811036
41773329,0.040049,0.533858,-0.232856,-0.811893
41781662,0.038969,0.534569,-0.231315,-0.811918
41789995,0.038079,0.534642,-0.231584,-0.811835
41798328,0.036471,0.535059,-0.231272,-0.811723
41806661,0.035042,0.535141,-0.230424,-0.811973
41814994,0.032992,0.534302,-0.230065,-0.812713
41823327,0.032554,0.532435,-0.229117,-0.814223
41831660,0.031748,0.532720,-0.227827,-0.814430
41839993,0.030599,0.532996,-0.227830,-0.814293
41848326,0.030201,0.533431,-0.227174,-0.814206
41856659,0.029099,0.532445,-0.226840,-0.814984
41864992,0.027352,0.532412,-0.226711,-0.815102
41873325,0.026552,0.532186,-0.226731,-0.815271
41881658,0.025864,0.531464,-0.227054,-0.815674
41889991,0.025315,0.530489,-0.226996,-0.816342
41898324,0.023935,0.529744,-0.228017,-0.816582
41906657,0.023076,0.527930,-0.227643,-0.817885
41914990,0.023563,0.527286,-0.228150,-0.818145
41923323,0.024596,0.527936,-0.228183,-0.817687
41931656,0.024626,0.528361,-0.227581,-0.817579
41939989,0.024240,0.528276,-0.228485,-0.817393
41948322,0.024022,0.527920,-0.228707,-0.817567
41956655,0.024531,0.527315,-0.229101,-0.817833
41964988,0.026099,0.526465,-0.228149,-0.818597
41973321,0.027407,0.526543,-0.227965,-0.818556
41981654,0.028359,0.525426,-0.228243,-0.819163
41989987,0.028154,0.524611,-0.227519,-0.819894
41998320,0.028182,0.524979,-0.228289,-0.819443
42006653,0.028762,0.524866,-0.228676,-0.819387
42014986,0.028621,0.523209,-0.229226,-0.820298
42023319,0.029493,0.521913,-0.230788,-0.820654
42031652,0.029896,0.521890,-0.231496,-0.820455
42039985,0.029957,0.521033,-0.231990,-0.820858
42048318,0.031104,0.519535,-0.233211,-0.821418
42056651,0.031537,0.519082,-0.234107,-0.821434
42064984,0.033236,0.520903,-0.234266,-0.820168
42073317,0.034302,0.520228,-0.235109,-0.820311
42081650,0.034766,0.519333,-0.234761,-0.820958
42089983,0.035609,0.518219,-0.234946,-0.821572
42098316,0.036982,0.518393,-0.235260,-0.821312
42106649,0.037262,0.517870,-0.236995,-0.821131
42114982,0.038222,0.516938,-0.237586,-0.821503
42123315,0.039391,0.516523,-0.238836,-0.821346
42131648,0.040437,0.515850,-0.239833,-0.821428
42139981,0.041864,0.515936,-0.240435,-0.821126
42148314,0.042661,0.514609,-0.241062,-0.821734
42156647,0.044190,0.515007,-0.239813,-0.821769
42164980,0.044454,0.514882,-0.241121,-0.821450
42173313,0.045509,0.516069,-0.242836,-0.820142
42181646,0.047208,0.516203,-0.242718,-0.819996
42189979,0.048594,0.515400,-0.241691,-0.820723
42198312,0.048726,0.515433,-0.243069,-0.820288
42206645,0.049793,0.514149,-0.243847,-0.820799
42214978,0.051540,0.513330,-0.243749,-0.821232
42223311,0.051506,0.512423,-0.245633,-0.821239
42231644,0.051532,0.512326,-0.245490,-0.821341
42239977,0.054103,0.512287,-0.245090,-0.821319
42248310,0.054314,0.512515,-0.247057,-0.820574
42256643,0.053651,0.511324,-0.247441,-0.821244
42264976,0.052968,0.511012,-0.248456,-0.821176
42273309,0.053230,0.512789,-0.248284,-0.820103
42281642,0.053180,0.513526,-0.248765,-0.819499
42289975,0.053461,0.512530,-0.248554,-0.820168
42298308,0.054047,0.513206,-0.249115,-0.819536
42306641,0.054408,0.512669,-0.248855,-0.819928
42314974,0.052986,0.511761,-0.248769,-0.820614
42323307,0.052412,0.512663,-0.249024,-0.820010
42331640,0.052565,0.513838,-0.248511,-0.819420
42339973,0.053417,0.512660,-0.248202,-0.820196
42348306,0.053874,0.512671,-0.247965,-0.820231
42356639,0.053818,0.513089,-0.247972,-0.819972
42364972,0.052905,0.512842,-0.247496,-0.820329
42373305,0.052306,0.512367,-0.247662,-0.820614
42381638,0.051489,0.512073,-0.247824,-0.820800
42389971,0.049663,0.512184,-0.248911,-0.820515
42398304,0.049234,0.512209,-0.248150,-0.820755
42406637,0.048930,0.512117,-0.247302,-0.821087
42414970,0.048560,0.512910,-0.247782,-0.820469
42423303,0.048904,0.513920,-0.247188,-0.819996
42431636,0.048452,0.514198,-0.246170,-0.820154
42439969,0.047137,0.513512,-0.246079,-0.820688
42448302,0.046200,0.514321,-0.246346,-0.820154
42456635,0.045680,0.514132,-0.245491,-0.820559
42464968,0.044679,0.513547,-0.245969,-0.820836
42473301,0.043916,0.513578,-0.245241,-0.821076
42481634,0.042559,0.513578,-0.244737,-0.821298
42489967,0.041338,0.513336,-0.244652,-0.821537
42498300,0.041103,0.514273,-0.243115,-0.821419
42506633,0.040246,0.514606,-0.242233,-0.821514
42514966,0.039369,0.514014,-0.242248,-0.821922
42523299,0.038362,0.513120,-0.240691,-0.822985
42531632,0.036693,0.512599,-0.240286,-0.823504
42539965,0.034485,0.512740,-0.239892,-0.823626
42548298,0.032632,0.513124,-0.239927,-0.823453
42556631,0.030917,0.512425,-0.239831,-0.823982
42564964,0.028765,0.512208,-0.239674,-0.824240
42573297,0.026928,0.512178,-0.239327,-0.824422
42581630,0.024552,0.511250,-0.238842,-0.825212
42589963,0.022741,0.511395,-0.238744,-0.825202
42598296,0.022669,0.511662,-0.238009,-0.825252
42606629,0.021422,0.510728,-0.236932,-0.826173
42614962,0.019394,0.509543,-0.237533,-0.826782
42623295,0.018642,0.510088,-0.236431,-0.826779
42631628,0.017799,0.509786,-0.235405,-0.827276
42639961,0.017701,0.510767,-0.232611,-0.827464
42648294,0.016081,0.510343,-0.232063,-0.827912
42656627,0.014059,0.510011,-0.231953,-0.828184
42664960,0.013628,0.510286,-0.231087,-0.828264
42673293,0.012435,0.509696,-0.229782,-0.829009
42681626,0.011541,0.509421,-0.228175,-0.829634
42689959,0.009652,0.510153,-0.228764,-0.829046
42698292,0.009009,0.510505,-0.228146,-0.829007
42706625,0.007365,0.509521,-0.227746,-0.829739
42714958,0.005517,0.507770,-0.228727,-0.830556
42723291,0.005222,0.506792,-0.227400,-0.831519
42731624,0.005546,0.506653,-0.225882,-0.832015
42739957,0.005149,0.506148,-0.226797,-0.832076
42748290,0.004213,0.504678,-0.226619,-0.833023
42756623,0.003930,0.504527,-0.225500,-0.833419
42764956,0.002588,0.503873,-0.225409,-0.833845
42773289,0.002845,0.503662,-0.225771,-0.833873
42781622,0.002249,0.503303,-0.226641,-0.833855
42789955,0.001663,0.502424,-0.226162,-0.834517
42798288,0.001208,0.501242,-0.226598,-0.835110
42806621,0.000170,0.500018,-0.227756,-0.835529
42814954,-0.000110,0.498830,-0.228523,-0.836030
42823287,-0.000916,0.497936,-0.228595,-0.836543
42831620,-0.000159,0.498248,-0.228860,-0.836285
42839953,-0.000517,0.497564,-0.229834,-0.836424
42848286,-0.002469,0.495881,-0.232656,-0.836640
42856619,-0.003039,0.494698,-0.233413,-0.837128
42864952,-0.003686,0.493196,-0.234534,-0.837698
42873285,-0.004749,0.492447,-0.236407,-0.837607
42881618,-0.004189,0.491255,-0.237078,-0.838120
42889951,-0.004629,0.489197,-0.238522,-0.838911
42898284,-0.003501,0.488391,-0.238187,-0.839481
42906617,-0.002318,0.486901,-0.239198,-0.840063
42914950,-0.003295,0.484120,-0.241871,-0.840901
42923283,-0.003431,0.482889,-0.242237,-0.841503
42931616,-0.003642,0.483774,-0.244051,-0.840469
42939949,-0.002809,0.481566,-0.245101,-0.841434
42948282,-0.000594,0.481828,-0.245304,-0.841230
42956615,-0.000139,0.479533,-0.246145,-0.842295
42964948,0.000516,0.477360,-0.247480,-0.843137
42973281,0.000537,0.475476,-0.249705,-0.843546
42981614,0.000998,0.474115,-0.251030,-0.843918
42989947,0.001990,0.472755,-0.251993,-0.844392
42998280,0.003275,0.471386,-0.252105,-0.845120
43006613,0.003544,0.471392,-0.254504,-0.844396
43014946,0.005199,0.468835,-0.254556,-0.845794
43023279,0.005583,0.466117,-0.256159,-0.846810
43031612,0.006453,0.465406,-0.257531,-0.846778
43039945,0.008129,0.464109,-0.258061,-0.847314
43048278,0.009866,0.463839,-0.258392,-0.847342
43056611,0.010502,0.462100,-0.259374,-0.847985
43064944,0.012520,0.459897,-0.259433,-0.849136
43073277,0.014847,0.458753,-0.259389,-0.849731
43081610,0.017225,0.456647,-0.259211,-0.850874
43089943,0.018890,0.455861,-0.259813,-0.851076
43098276,0.020290,0.454092,-0.259603,-0.852054
43106609,0.022367,0.452846,-0.259739,-0.852623
43114942,0.024263,0.451987,-0.259937,-0.852967
43123275,0.025962,0.451316,-0.260207,-0.853189
43131608,0.029565,0.450184,-0.257976,-0.854347
43139941,0.031398,0.450239,-0.257978,-0.854252
43148274,0.033194,0.449327,-0.258107,-0.854625
43156607,0.035074,0.448555,-0.256983,-0.855294
43164940,0.038089,0.448132,-0.254760,-0.856052
43173273,0.040283,0.448836,-0.253489,-0.855959
43181606,0.043069,0.449029,-0.253718,-0.855655
43189939,0.045876,0.448768,-0.252639,-0.855965
43198272,0.047967,0.448744,-0.251286,-0.856261
43206605,0.049894,0.448868,-0.249752,-0.856535
43214938,0.052081,0.449014,-0.247876,-0.856873
43223271,0.054076,0.449905,-0.246291,-0.856739
43231604,0.057930,0.450282,-0.244297,-0.856860
43239937,0.060671,0.451581,-0.243366,-0.856252
43248270,0.063760,0.450969,-0.241981,-0.856742
43256603,0.065954,0.451470,-0.239887,-0.856901
43264936,0.067422,0.451540,-0.238619,-0.857104
43273269,0.069361,0.452539,-0.236965,-0.856881
43281602,0.072456,0.453299,-0.235269,-0.856690
43289935,0.074045,0.454284,-0.234632,-0.856208
43298268,0.075768,0.454565,-0.233110,-0.856323
43306601,0.078317,0.455927,-0.230002,-0.856210
43314934,0.080069,0.455958,-0.228433,-0.856452
43323267,0.081828,0.456150,-0.226933,-0.856582
43331600,0.084905,0.458115,-0.223612,-0.856107
43339933,0.087307,0.460234,-0.221520,-0.855272
43348266,0.089825,0.460424,-0.219271,-0.855489
43356599,0.092448,0.461253,-0.216885,-0.855371
43364932,0.095301,0.462688,-0.213290,-0.855187
43373265,0.098943,0.466090,-0.210695,-0.853568
43381598,0.102257,0.467647,-0.208300,-0.852913
43389931,0.104801,0.469462,-0.205979,-0.852171
43398264,0.107702,0.471127,-0.203758,-0.851424
43406597,0.112361,0.473070,-0.200593,-0.850495
43414930,0.115841,0.474903,-0.197093,-0.849825
43423263,0.119477,0.477060,-0.193614,-0.848913
43431596,0.123069,0.479244,-0.189710,-0.848050
43439929,0.127222,0.481641,-0.184929,-0.847135
43448262,0.130532,0.484420,-0.181258,-0.845840
43456595,0.134870,0.486689,-0.177878,-0.844573
43464928,0.140269,0.489819,-0.173692,-0.842753
43473261,0.144926,0.491348,-0.170387,-0.841749
43481594,0.149054,0.493457,-0.167490,-0.840375
43489927,0.154127,0.495867,-0.162574,-0.839006
43498260,0.158794,0.498187,-0.158609,-0.837519
43506593,0.163122,0.499714,-0.153592,-0.836712
43514926,0.166357,0.502690,-0.150793,-0.834799
43523259,0.171117,0.505007,-0.147030,-0.833108
43531592,0.174626,0.506371,-0.143195,-0.832220
43539925,0.179783,0.508814,-0.138457,-0.830431
43548258,0.185150,0.511385,-0.134024,-0.828398
43556591,0.189853,0.512818,-0.130724,-0.826974
43564924,0.195048,0.514412,-0.126350,-0.825453
43573257,0.200489,0.515820,-0.120868,-0.824090
43581590,0.206213,0.517796,-0.117493,-0.821924
43589923,0.211989,0.520020,-0.112960,-0.819683
43598256,0.217716,0.522744,-0.108515,-0.817045
43606589,0.222842,0.525160,-0.104300,-0.814659
43614922,0.228231,0.526693,-0.100695,-0.812628
43623255,0.234276,0.528728,-0.096810,-0.810055
43631588,0.241057,0.530033,-0.090650,-0.807923
43639921,0.246995,0.532690,-0.087026,-0.804774
43648254,0.253029,0.534417,-0.083122,-0.802163
43656587,0.260650,0.536768,-0.077809,-0.798679
43664920,0.267115,0.537936,-0.073108,-0.796197
43673253,0.274764,0.539207,-0.068493,-0.793139
43681586,0.281404,0.540815,-0.062894,-0.790174
43689919,0.288372,0.542103,-0.058123,-0.787138
43698252,0.295195,0.542199,-0.052790,-0.784916
43706585,0.301917,0.543777,-0.047964,-0.781570
43714918,0.309410,0.545152,-0.042752,-0.777976
43723251,0.316073,0.545643,-0.039635,-0.775113
43731584,0.322990,0.546760,-0.035556,-0.771665
43739917,0.330060,0.546146,-0.030334,-0.769328
43748250,0.336881,0.546530,-0.026337,-0.766239
43756583,0.342845,0.546734,-0.023446,-0.763537
43764916,0.349091,0.546363,-0.020411,-0.761056
43773249,0.357151,0.546308,-0.017548,-0.757418
43781582,0.363761,0.545666,-0.014769,-0.754790
43789915,0.370165,0.545183,-0.011528,-0.752078
43798248,0.377052,0.543677,-0.009348,-0.749773
43806581,0.382916,0.542571,-0.007534,-0.747620
43814914,0.387570,0.541561,-0.005678,-0.745969
43823247,0.392550,0.540729,-0.004219,-0.743975
43831580,0.396320,0.541550,-0.003842,-0.741377
43839913,0.400893,0.540616,-0.002345,-0.739604
43848246,0.405587,0.540168,-0.001317,-0.737371
43856579,0.408922,0.540224,-0.000975,-0.735486
43864912,0.412160,0.539692,-0.001544,-0.734067
43873245,0.416584,0.539157,-0.000999,-0.731961
43881578,0.418759,0.539598,-0.000594,-0.730394
43889911,0.420353,0.539710,-0.001212,-0.729394
43898244,0.424129,0.539468,-0.000859,-0.727385
43906577,0.428121,0.539204,0.000704,-0.725238
43914910,0.431514,0.539409,0.001475,-0.723071
43923243,0.434911,0.539282,0.001676,-0.721128
43931576,0.438743,0.539039,0.002621,-0.718982
43939909,0.443203,0.539715,0.005031,-0.715718
43948242,0.446912,0.539386,0.006649,-0.713644
43956575,0.451757,0.537988,0.010116,-0.711605
43964908,0.456213,0.538827,0.011147,-0.708104
43973241,0.460967,0.537619,0.014906,-0.705870
43981574,0.466172,0.536823,0.019291,-0.702946
43989907,0.471654,0.536027,0.022809,-0.699784
43998240,0.475751,0.534736,0.026848,-0.697852
44006573,0.480133,0.534053,0.031091,-0.695192
44014906,0.486039,0.533643,0.034375,-0.691238
44023239,0.490241,0.532775,0.038288,-0.688729
44031572,0.494298,0.532045,0.042412,-0.686148
44039905,0.497306,0.532975,0.044280,-0.683127
44048238,0.501477,0.532684,0.047547,-0.680079
44056571,0.506166,0.531160,0.051477,-0.677507
44064904,0.509344,0.531046,0.053941,-0.675018
44073237,0.513190,0.530512,0.055460,-0.672396
44081570,0.516012,0.531842,0.058138,-0.668951
44089903,0.520193,0.530657,0.061271,-0.666369
44098236,0.523463,0.529918,0.063733,-0.664162
44106569,0.527497,0.529595,0.066801,-0.660919
44114902,0.530980,0.529284,0.069420,-0.658103
44123235,0.534377,0.529360,0.072338,-0.654971
44131568,0.537148,0.529917,0.075296,-0.651913
44139901,0.541659,0.529686,0.078033,-0.648036
44148234,0.544982,0.529821,0.080755,-0.644797
44156567,0.548584,0.528918,0.083708,-0.642101
44164900,0.552593,0.527366,0.088113,-0.639345
44173233,0.556811,0.525469,0.088434,-0.637199
44181566,0.560726,0.523913,0.091202,-0.634652
44189899,0.564045,0.524704,0.093883,-0.630654
44198232,0.567244,0.524657,0.094347,-0.627748
44206565,0.572065,0.523166,0.096207,-0.624326
44214898,0.573931,0.523568,0.098015,-0.621991
44223231,0.576647,0.523591,0.098577,-0.619365
44231564,0.579471,0.523547,0.099554,-0.616604
44239897,0.582314,0.523686,0.101665,-0.613455
44248230,0.584651,0.523705,0.103054,-0.610979
44256563,0.586481,0.524039,0.103683,-0.608829
44264896,0.588594,0.523955,0.105471,-0.606551
44273229,0.591285,0.523659,0.107421,-0.603840
44281562,0.593548,0.523663,0.108988,-0.601332
44289895,0.596145,0.523374,0.110688,-0.598698
44298228,0.598373,0.523763,0.113123,-0.595672
44306561,0.600750,0.523580,0.114813,-0.593112
44314894,0.603182,0.523260,0.116705,-0.590551
44323227,0.605329,0.522655,0.118674,-0.588494
44331560,0.608241,0.522570,0.120647,-0.585157
44339893,0.610447,0.522402,0.123381,-0.582433
44348226,0.612411,0.522664,0.125549,-0.579666
44356559,0.614540,0.522304,0.127809,-0.577238
44364892,0.617008,0.521814,0.130431,-0.574455
44373225,0.619505,0.521514,0.132081,-0.571657
44381558,0.621464,0.521607,0.135063,-0.568741
44389891,0.623416,0.521566,0.138217,-0.565878
44398224,0.625946,0.521687,0.139358,-0.562684
44406557,0.628161,0.521018,0.142665,-0.560001
44414890,0.630249,0.520881,0.145528,-0.557037
44423223,0.632732,0.520238,0.147734,-0.554236
44431556,0.635404,0.519392,0.149840,-0.551400
44439889,0.637649,0.519256,0.153822,-0.547829
44448222,0.639680,0.518834,0.155640,-0.545341
44456555,0.642257,0.517566,0.158099,-0.542803
44464888,0.644170,0.517099,0.159945,-0.540436
44473221,0.645984,0.516622,0.161712,-0.538197
44481554,0.647975,0.515819,0.163831,-0.535929
44489887,0.649709,0.515763,0.166077,-0.533184
44498220,0.652021,0.513927,0.168384,-0.531409
44506553,0.653447,0.513393,0.169548,-0.529800
44514886,0.654615,0.513233,0.170142,-0.528321
44523219,0.656053,0.513044,0.170699,-0.526537
44531552,0.656881,0.513012,0.170073,-0.525739
44539885,0.657960,0.512954,0.170803,-0.524208
44548218,0.658600,0.512763,0.170922,-0.523551
44556551,0.658712,0.513338,0.170157,-0.523096
44564884,0.658878,0.513620,0.168922,-0.523010
44573217,0.658977,0.513467,0.167170,-0.523598
44581550,0.658357,0.514117,0.165516,-0.524266
44589883,0.657445,0.514847,0.163490,-0.525327
44598216,0.656496,0.516027,0.161466,-0.525983
44606549,0.655679,0.516871,0.159355,-0.526816
44614882,0.654351,0.518099,0.156743,-0.528044
44623215,0.653480,0.518778,0.154483,-0.529120
44631548,0.652438,0.519679,0.153107,-0.529922
44639881,0.651149,0.520787,0.151142,-0.530982
44648214,0.649688,0.521956,0.149589,-0.532063
44656547,0.648959,0.522472,0.147198,-0.533111
44664880,0.648120,0.522984,0.146299,-0.533877
44673213,0.646309,0.524836,0.146306,-0.534252
44681546,0.646005,0.525178,0.145919,-0.534391
44689879,0.645190,0.525499,0.145516,-0.535169
44698212,0.643755,0.527134,0.145181,-0.535380
44706545,0.643446,0.527291,0.146205,-0.535318
44714878,0.642590,0.527990,0.146618,-0.535544
44723211,0.642561,0.527998,0.147584,-0.535305
44731544,0.641881,0.528179,0.148883,-0.535584
44739877,0.640862,0.528870,0.150599,-0.535641
44748210,0.640867,0.529001,0.152473,-0.534976
44756543,0.640070,0.529500,0.154438,-0.534872
44764876,0.639792,0.529601,0.156083,-0.534628
44773209,0.638716,0.529607,0.157120,-0.535604
44781542,0.638520,0.529416,0.159489,-0.535326
44789875,0.637854,0.529709,0.161535,-0.535217
44798208,0.637038,0.529520,0.163171,-0.535880
44806541,0.636345,0.529863,0.165247,-0.535727
44814874,0.635579,0.529687,0.167696,-0.536050
44823207,0.634476,0.530250,0.168484,-0.536552
44831540,0.633660,0.530162,0.170754,-0.536885
44839873,0.633875,0.529073,0.173396,-0.536859
44848206,0.633101,0.528838,0.175640,-0.537275
44856539,0.632595,0.528697,0.177796,-0.537301
44864872,0.632237,0.528162,0.179869,-0.537558
44873205,0.632398,0.527649,0.182067,-0.537132
44881538,0.631665,0.527543,0.184496,-0.537271
44889871,0.630689,0.527407,0.186684,-0.537794
44898204,0.629971,0.526992,0.188791,-0.538306
44906537,0.628626,0.527055,0.190786,-0.539113
44914870,0.628133,0.526931,0.192393,-0.539238
44923203,0.627405,0.526664,0.194244,-0.539682
44931536,0.626444,0.526740,0.194900,-0.540487
44939869,0.625537,0.526385,0.196568,-0.541280
44948202,0.624719,0.525822,0.197492,-0.542433
44956535,0.624205,0.525989,0.198610,-0.542456
44964868,0.623177,0.526226,0.199105,-0.543225
44973201,0.621997,0.526471,0.200360,-0.543878
44981534,0.621073,0.526407,0.200951,-0.544777
44989867,0.620416,0.526173,0.200742,-0.545828
44998200,0.619876,0.526033,0.200663,-0.546605
45006533,0.619054,0.525975,0.200346,-0.547708
45014866,0.618460,0.525762,0.200316,-0.548594
45023199,0.617627,0.525546,0.200076,-0.549826
45031532,0.617265,0.525069,0.200110,-0.550673
45039865,0.616977,0.524747,0.199731,-0.551442
45048198,0.616689,0.523851,0.199394,-0.552736
45056531,0.616971,0.523393,0.199342,-0.552874
45064864,0.616554,0.523403,0.198253,-0.553720
45073197,0.616272,0.523323,0.196381,-0.554775
45081530,0.615894,0.523033,0.194899,-0.555990
45089863,0.615629,0.522997,0.193586,-0.556776
45098196,0.615326,0.523323,0.192525,-0.557172
45106529,0.615168,0.523587,0.191141,-0.557575
45114862,0.614843,0.523610,0.190011,-0.558298
45123195,0.615111,0.523697,0.188968,-0.558275
45131528,0.615076,0.523624,0.187865,-0.558754
45139861,0.615446,0.523833,0.186636,-0.558562
45148194,0.615494,0.523558,0.185371,-0.559188
45156527,0.615404,0.523797,0.184420,-0.559379
45164860,0.615535,0.523775,0.183339,-0.559609
45173193,0.615501,0.523866,0.181580,-0.560136
45181526,0.615045,0.524543,0.180059,-0.560494
45189859,0.615174,0.524722,0.178614,-0.560647
45198192,0.615736,0.524363,0.177816,-0.560619
45206525,0.616096,0.524448,0.176989,-0.560406
45214858,0.616249,0.524310,0.176191,-0.560619
45223191,0.616099,0.524646,0.175312,-0.560744
45231524,0.616248,0.524800,0.174050,-0.560829
45239857,0.616781,0.525042,0.172787,-0.560408
45248190,0.618071,0.525027,0.172112,-0.559207
45256523,0.617659,0.525209,0.170539,-0.559974
45264856,0.617363,0.525457,0.169971,-0.560238
45273189,0.617944,0.525374,0.168724,-0.560053
45281522,0.618266,0.525307,0.167617,-0.560093
45289855,0.618783,0.525722,0.165987,-0.559618
45298188,0.619051,0.526395,0.164467,-0.559137
45306521,0.619185,0.526586,0.163869,-0.558985
45314854,0.619799,0.527024,0.163189,-0.558090
45323187,0.620410,0.526927,0.162562,-0.557686
45331520,0.620096,0.527474,0.161845,-0.557726
45339853,0.620200,0.527265,0.161205,-0.557993
45348186,0.620492,0.527800,0.160730,-0.557299
45356519,0.620699,0.527560,0.160792,-0.557278
45364852,0.621003,0.527601,0.160682,-0.556932
45373185,0.621166,0.527908,0.159830,-0.556705
45381518,0.621028,0.528383,0.158950,-0.556660
45389851,0.620348,0.529191,0.158305,-0.556834
45398184,0.619944,0.530314,0.157544,-0.556432
45406517,0.620250,0.529833,0.157720,-0.556499
45414850,0.620457,0.529876,0.157773,-0.556213
45423183,0.620519,0.529888,0.158340,-0.555970
45431516,0.620667,0.529847,0.158757,-0.555725
45439849,0.620755,0.530105,0.159392,-0.555199
45448182,0.620715,0.530360,0.160240,-0.554756
45456515,0.620550,0.530360,0.160711,-0.554804
45464848,0.620620,0.530162,0.161016,-0.554827
45473181,0.620473,0.530248,0.161564,-0.554750
45481514,0.620504,0.530152,0.162065,-0.554661
45489847,0.620418,0.530282,0.162439,-0.554524
45498180,0.620272,0.530533,0.163330,-0.554184
45506513,0.620257,0.530554,0.163886,-0.554016
45514846,0.620269,0.530404,0.163340,-0.554308
45523179,0.620186,0.530273,0.163747,-0.554406
45531512,0.619828,0.530149,0.164284,-0.554766
45539845,0.619649,0.529981,0.164799,-0.554974
45548178,0.619544,0.529534,0.165794,-0.555223
45556511,0.619255,0.529331,0.166743,-0.555453
45564844,0.618539,0.528445,0.168263,-0.556635
45573177,0.618256,0.528608,0.169061,-0.556553
45581510,0.618559,0.528395,0.169166,-0.556388
45589843,0.618524,0.528285,0.170033,-0.556267
45598176,0.617998,0.528075,0.171188,-0.556696
45606509,0.617827,0.527932,0.172713,-0.556550
45614842,0.617617,0.527692,0.173557,-0.556748
45623175,0.617013,0.527699,0.174025,-0.557265
45631508,0.616756,0.527417,0.175454,-0.557368
45639841,0.617654,0.526671,0.177322,-0.556487
45648174,0.617631,0.526354,0.178203,-0.556532
45656507,0.615952,0.526521,0.178158,-0.558245
45664840,0.615324,0.526319,0.178422,-0.559044
45673173,0.615280,0.526080,0.178433,-0.559315
45681506,0.614901,0.526089,0.178706,-0.559635
45689839,0.614505,0.525799,0.179119,-0.560211
45698172,0.614463,0.525457,0.179486,-0.560459
45706505,0.614138,0.525053,0.179555,-0.561172
45714838,0.613836,0.524917,0.179852,-0.561535
45723171,0.613674,0.524905,0.179794,-0.561741
45731504,0.613239,0.524988,0.180193,-0.562011
45739837,0.613047,0.524967,0.180318,-0.562200
45748170,0.612924,0.524929,0.180285,-0.562380
45756503,0.612939,0.524941,0.180421,-0.562309
45764836,0.613521,0.525047,0.181182,-0.561329
45773169,0.613126,0.525039,0.180717,-0.561918
45781502,0.613099,0.524984,0.180375,-0.562109
45789835,0.612982,0.524932,0.180398,-0.562277
45798168,0.612851,0.524932,0.180363,-0.562431
45806501,0.613030,0.524605,0.179770,-0.562731
45814834,0.613256,0.523688,0.180259,-0.563182
45823167,0.613235,0.523459,0.180152,-0.563453
45831500,0.612930,0.524175,0.179619,-0.563289
45839833,0.612891,0.524361,0.178627,-0.563473
45848166,0.612847,0.524422,0.178478,-0.563512
45856499,0.612970,0.524418,0.178171,-0.563478
45864832,0.613103,0.524309,0.177625,-0.563608
45873165,0.613336,0.524342,0.177187,-0.563461
45881498,0.613301,0.524427,0.176648,-0.563590
45889831,0.613093,0.524678,0.176221,-0.563716
45898164,0.612887,0.524871,0.175570,-0.563964
45906497,0.612922,0.525138,0.175155,-0.563806
45914830,0.613043,0.525034,0.174803,-0.563881
45923163,0.612926,0.525225,0.174620,-0.563886
45931496,0.612285,0.525693,0.174320,-0.564239
45939829,0.612448,0.525555,0.174094,-0.564261
45948162,0.612658,0.525401,0.173714,-0.564293
45956495,0.612544,0.525320,0.173889,-0.564439
45964828,0.612383,0.525326,0.174065,-0.564554
45973161,0.612650,0.524663,0.174575,-0.564724
45981494,0.612751,0.524510,0.174721,-0.564711
45989827,0.612656,0.524642,0.173609,-0.565034
45998160,0.612442,0.524960,0.173766,-0.564923
46006493,0.612397,0.524971,0.173436,-0.565062
46014826,0.612429,0.524941,0.173041,-0.565177
46023159,0.612242,0.524919,0.172962,-0.565423
46031492,0.612302,0.524852,0.172935,-0.565429
46039825,0.612122,0.525328,0.172602,-0.565284
46048158,0.611863,0.525666,0.172356,-0.565324
46056491,0.611556,0.525793,0.172188,-0.565590
46064824,0.611463,0.525828,0.171896,-0.565748
46073157,0.611611,0.525496,0.171545,-0.566003
46081490,0.611787,0.525619,0.171074,-0.565840
46089823,0.611796,0.525383,0.170617,-0.566188
46098156,0.612179,0.524697,0.170516,-0.566441
46106489,0.612536,0.524146,0.170337,-0.566618
46114822,0.612532,0.524631,0.170102,-0.566244
46123155,0.612354,0.525046,0.169981,-0.566088
46131488,0.612176,0.524642,0.170718,-0.566433
46139821,0.612156,0.524574,0.169940,-0.566752
46148154,0.612156,0.524617,0.169835,-0.566744
46156487,0.612073,0.525030,0.169222,-0.566635
46164820,0.611836,0.524914,0.169509,-0.566911
46173153,0.611603,0.524986,0.169492,-0.567101
46181486,0.611448,0.525300,0.169133,-0.567086
46189819,0.611097,0.525450,0.168913,-0.567390
46198152,0.611110,0.525226,0.168764,-0.567627
46206485,0.610545,0.525563,0.169092,-0.567826
46214818,0.610644,0.524996,0.169191,-0.568214
46223151,0.611468,0.523288,0.168932,-0.568980
46231484,0.611458,0.522628,0.167966,-0.569883
46239817,0.611037,0.522312,0.167538,-0.570750
46248150,0.610577,0.522697,0.166878,-0.571082
46256483,0.610523,0.522560,0.165841,-0.571567
46264816,0.610187,0.522441,0.165278,-0.572198
46273149,0.609950,0.522650,0.164392,-0.572515
46281482,0.609543,0.522717,0.163965,-0.573009
46289815,0.609568,0.522806,0.162859,-0.573218
46298148,0.609227,0.522764,0.162714,-0.573659
46306481,0.609136,0.522989,0.162577,-0.573590
46314814,0.608983,0.523458,0.162399,-0.573375
46323147,0.608622,0.523565,0.162255,-0.573700
46331480,0.608746,0.523246,0.161721,-0.574011
46339813,0.608626,0.523435,0.161537,-0.574017
46348146,0.608433,0.523680,0.161168,-0.574103
46356479,0.608255,0.523950,0.160851,-0.574133
46364812,0.608206,0.523997,0.160215,-0.574320
46373145,0.608133,0.524554,0.159645,-0.574049
46381478,0.607749,0.524766,0.159568,-0.574283
46389811,0.607435,0.524915,0.159228,-0.574572
46398144,0.607057,0.525135,0.158803,-0.574889
46406477,0.606748,0.525430,0.158464,-0.575038
46414810,0.606466,0.525583,0.158229,-0.575261
46423143,0.606272,0.525716,0.158027,-0.575399
46431476,0.606243,0.525916,0.157244,-0.575462
46439809,0.606104,0.525861,0.156811,-0.575776
46448142,0.605764,0.526030,0.156606,-0.576036
46456475,0.605494,0.525977,0.156922,-0.576282
46464808,0.605305,0.526170,0.157481,-0.576152
46473141,0.604824,0.526129,0.157946,-0.576567
46481474,0.604262,0.525865,0.158262,-0.577310
46489807,0.604760,0.525826,0.158494,-0.576760
46498140,0.603835,0.525648,0.157928,-0.578045
46506473,0.604081,0.525719,0.158326,-0.577615
46514806,0.603024,0.526194,0.158328,-0.578285
46523139,0.602437,0.526883,0.158229,-0.578297
46531472,0.602125,0.526901,0.157823,-0.578717
46539805,0.601720,0.527072,0.157895,-0.578962
46548138,0.601769,0.527309,0.158236,-0.578602
46556471,0.601747,0.527193,0.158412,-0.578683
46564804,0.601457,0.527221,0.158443,-0.578950
46573137,0.601249,0.527366,0.158941,-0.578898
46581470,0.600863,0.527399,0.158867,-0.579288
46589803,0.600688,0.527180,0.159415,-0.579518
46598136,0.600121,0.527169,0.159667,-0.580046
46606469,0.600347,0.526947,0.159611,-0.580030
46614802,0.600165,0.526914,0.159644,-0.580238
46623135,0.599518,0.527166,0.159854,-0.580621
46631468,0.599422,0.527143,0.160064,-0.580684
46639801,0.599517,0.526999,0.160326,-0.580644
46648134,0.599386,0.526991,0.160650,-0.580697
46656467,0.598772,0.527002,0.161215,-0.581163
46664800,0.598749,0.526705,0.161629,-0.581341
46673133,0.598949,0.526251,0.162242,-0.581375
46681466,0.599107,0.526322,0.162057,-0.581199
46689799,0.598976,0.525892,0.162657,-0.581557
46698132,0.598689,0.525806,0.162876,-0.581868
46706465,0.598637,0.525792,0.162857,-0.581939
46714798,0.598381,0.525852,0.162858,-0.582149
46723131,0.598244,0.525768,0.162892,-0.582355
46731464,0.598398,0.525432,0.162951,-0.582485
46739797,0.598502,0.525068,0.162969,-0.582701
46748130,0.598825,0.524920,0.162694,-0.582580
46756463,0.598723,0.524795,0.162730,-0.582786
46764796,0.598874,0.524834,0.162457,-0.582673
46773129,0.598992,0.524930,0.162082,-0.582569
46781462,0.598978,0.525066,0.161920,-0.582505
46789795,0.599038,0.525030,0.161629,-0.582558
46798128,0.599136,0.525016,0.161470,-0.582513
46806461,0.599409,0.524701,0.161823,-0.582418
46814794,0.599699,0.524523,0.161696,-0.582315
46823127,0.599899,0.524547,0.161119,-0.582247
46831460,0.600045,0.524455,0.160971,-0.582221
46839793,0.599968,0.524418,0.160861,-0.582364
46848126,0.599968,0.524372,0.160742,-0.582438
46856459,0.600091,0.524457,0.160318,-0.582352
46864792,0.599955,0.524467,0.159501,-0.582707
46873125,0.599756,0.524623,0.159243,-0.582842
46881458,0.599534,0.524838,0.158533,-0.583071
46889791,0.600239,0.524987,0.158320,-0.582269
46898124,0.600292,0.525184,0.157588,-0.582235
46906457,0.599417,0.525000,0.155849,-0.583768
46914790,0.599170,0.525272,0.154835,-0.584046
46923123,0.599198,0.525507,0.153784,-0.584085
46931456,0.599647,0.525567,0.153090,-0.583752
46939789,0.599616,0.525725,0.152652,-0.583756
46948122,0.599816,0.525353,0.152438,-0.583941
46956455,0.599588,0.525482,0.151692,-0.584253
46964788,0.599261,0.525476,0.150664,-0.584860
46973121,0.599387,0.525392,0.150184,-0.584930
46981454,0.599105,0.526005,0.149184,-0.584924
46989787,0.598882,0.525985,0.148266,-0.585404
46998120,0.598803,0.526169,0.147066,-0.585622
47006453,0.598249,0.526541,0.145809,-0.586168
47014786,0.598128,0.526581,0.145406,-0.586355
47023119,0.597889,0.526630,0.144717,-0.586725
47031452,0.597771,0.525772,0.143827,-0.587832
47039785,0.597336,0.525834,0.143257,-0.588358
47048118,0.597127,0.526577,0.142193,-0.588164
47056451,0.596426,0.526674,0.141063,-0.589061
47064784,0.595430,0.526610,0.140634,-0.590227
47073117,0.594271,0.526398,0.141621,-0.591347
47081450,0.593499,0.526840,0.140910,-0.591897
47089783,0.593509,0.527506,0.140283,-0.591443
47098116,0.593112,0.527654,0.139939,-0.591790
47106449,0.591594,0.527719,0.138806,-0.593517
47114782,0.590286,0.528028,0.137653,-0.594811
47123115,0.589034,0.528222,0.136638,-0.596113
47131448,0.588050,0.528136,0.135980,-0.597309
47139781,0.587172,0.527827,0.135057,-0.598655
47148114,0.585960,0.528138,0.133397,-0.599939
47156447,0.584934,0.528150,0.132493,-0.601128
47164780,0.583995,0.528272,0.131813,-0.602082
47173113,0.582482,0.528797,0.131134,-0.603235
47181446,0.581444,0.529043,0.129153,-0.604447
47189779,0.580047,0.528393,0.127628,-0.606677
47198112,0.579109,0.528490,0.126419,-0.607742
47206445,0.578282,0.528802,0.123736,-0.608809
47214778,0.576535,0.528633,0.121446,-0.611069
47223111,0.574513,0.528431,0.119341,-0.613558
47231444,0.572767,0.529045,0.118470,-0.614829
47239777,0.571062,0.528979,0.115621,-0.617010
47248110,0.569943,0.528888,0.112655,-0.618669
47256443,0.567844,0.529268,0.109954,-0.620756
47264776,0.566259,0.529461,0.106744,-0.622598
47273109,0.564932,0.528259,0.104867,-0.625137
47281442,0.563586,0.528570,0.103317,-0.626346
47289775,0.561746,0.528925,0.100578,-0.628143
47298108,0.560244,0.529001,0.098018,-0.629823
47306441,0.558013,0.529354,0.095687,-0.631862
47314774,0.554902,0.530178,0.092113,-0.634437
47323107,0.552367,0.530655,0.089616,-0.636604
47331440,0.550244,0.530918,0.085533,-0.638782
47339773,0.547484,0.531000,0.082306,-0.641503
47348106,0.545297,0.531250,0.079515,-0.643507
47356439,0.542564,0.532499,0.075592,-0.645256
47364772,0.539492,0.533086,0.071643,-0.647792
47373105,0.536552,0.532481,0.068373,-0.651077
47381438,0.534118,0.532283,0.064869,-0.653594
47389771,0.531278,0.531536,0.061595,-0.656826
47398104,0.528629,0.532981,0.058283,-0.658093
47406437,0.525194,0.532995,0.054917,-0.661114
47414770,0.522360,0.533184,0.052087,-0.663432
47423103,0.518723,0.533485,0.048058,-0.666342
47431436,0.515149,0.533627,0.045558,-0.669170
47439769,0.511901,0.533281,0.043146,-0.672091
47448102,0.507945,0.533262,0.039856,-0.675304
47456435,0.505020,0.531532,0.038636,-0.678922
47464768,0.501245,0.532328,0.034878,-0.681295
47473101,0.497620,0.532498,0.032702,-0.683923
47481434,0.493711,0.532125,0.030053,-0.687160
47489767,0.489045,0.532306,0.027451,-0.690458
47498100,0.484621,0.532414,0.024800,-0.693587
47506433,0.480329,0.532506,0.022833,-0.696563
47514766,0.475729,0.532175,0.019797,-0.700057
47523099,0.471907,0.532551,0.017595,-0.702413
47531432,0.467192,0.532931,0.015075,-0.705329
47539765,0.461826,0.532963,0.012918,-0.708872
47548098,0.457313,0.532369,0.010306,-0.712280
47556431,0.452362,0.532771,0.006981,-0.715175
47564764,0.448437,0.532676,0.004808,-0.717731
47573097,0.443061,0.532340,0.002569,-0.721322
47581430,0.439170,0.531252,0.000598,-0.724500
47589763,0.434587,0.530697,-0.001090,-0.727663
47598096,0.428812,0.530507,-0.003594,-0.731211
47606429,0.423513,0.529820,-0.004445,-0.734784
47614762,0.418113,0.528469,-0.005825,-0.738829
47623095,0.411117,0.528994,-0.007676,-0.742354
47631428,0.405403,0.528767,-0.009881,-0.745625
47639761,0.400618,0.527671,-0.011187,-0.748962
47648094,0.393954,0.527702,-0.012878,-0.752439
47656427,0.388171,0.526922,-0.014290,-0.755958
47664760,0.381936,0.527044,-0.016646,-0.758995
47673093,0.376094,0.526189,-0.019097,-0.762439
47681426,0.369259,0.526615,-0.023084,-0.765370
47689759,0.363675,0.526533,-0.024846,-0.768040
47698092,0.357303,0.525618,-0.027004,-0.771577
47706425,0.352472,0.524509,-0.029092,-0.774473
47714758,0.346895,0.523323,-0.032091,-0.777668
47723091,0.341885,0.523456,-0.035181,-0.779661
47731424,0.336456,0.522806,-0.037223,-0.782359
47739757,0.332419,0.520998,-0.038787,-0.785210
47748090,0.328307,0.520563,-0.041184,-0.787104
47756423,0.324264,0.519987,-0.042960,-0.789063
47764756,0.319305,0.519210,-0.046024,-0.791421
47773089,0.315331,0.517968,-0.048046,-0.793705
47781422,0.311017,0.516808,-0.050425,-0.796012
47789755,0.306657,0.514957,-0.052910,-0.798737
47798088,0.302614,0.513426,-0.056362,-0.801025
47806421,0.297538,0.512548,-0.058942,-0.803300
47814754,0.292207,0.511279,-0.061490,-0.805871
47823087,0.288039,0.508875,-0.063662,-0.808719
47831420,0.282652,0.507435,-0.067473,-0.811212
47839753,0.276899,0.506744,-0.071596,-0.813272
47848086,0.271468,0.504102,-0.075478,-0.816388
47856419,0.265057,0.502422,-0.079744,-0.819120
47864752,0.259567,0.500977,-0.083233,-0.821413
47873085,0.253748,0.498190,-0.088760,-0.824342
47881418,0.247939,0.494639,-0.093492,-0.827719
47889751,0.240564,0.493578,-0.099432,-0.829833
47898084,0.232270,0.492083,-0.106524,-0.832200
47906417,0.223730,0.490606,-0.113706,-0.834459
47914750,0.216066,0.489333,-0.121433,-0.836136
47923083,0.208618,0.487660,-0.129043,-0.837863
47931416,0.200071,0.485069,-0.137607,-0.840086
47939749,0.192778,0.484044,-0.145275,-0.841090
47948082,0.185866,0.481469,-0.153167,-0.842722
47956415,0.180037,0.480735,-0.159335,-0.843263
47964748,0.172748,0.479055,-0.166810,-0.844298
47973081,0.167188,0.477584,-0.172443,-0.845119
47981414,0.160354,0.476639,-0.177870,-0.845851
47989747,0.154963,0.476267,-0.182247,-0.846134
47998080,0.150081,0.476391,-0.184938,-0.846360
48006413,0.144028,0.475649,-0.187980,-0.847158
48014746,0.139455,0.476324,-0.188317,-0.847469
48023079,0.135809,0.477735,-0.188700,-0.847182
48031412,0.131374,0.479369,-0.188535,-0.846995
48039745,0.126557,0.481638,-0.187573,-0.846655
48048078,0.121564,0.481577,-0.187459,-0.847446
48056411,0.117554,0.481867,-0.184737,-0.848444
48064744,0.111684,0.482877,-0.183148,-0.849007
48073077,0.105464,0.483622,-0.182646,-0.849487
48081410,0.096273,0.485476,-0.184070,-0.849213
48089743,0.088483,0.486103,-0.184755,-0.849553
48098076,0.079187,0.485439,-0.186067,-0.850563
48106409,0.069756,0.484811,-0.188336,-0.851247
48114742,0.060726,0.484986,-0.189089,-0.851673
48123075,0.049927,0.485185,-0.190644,-0.851914
48131408,0.039013,0.483741,-0.192452,-0.852898
48139741,0.027268,0.484105,-0.195171,-0.852530
48148074,0.016774,0.483150,-0.197028,-0.852916
48156407,0.007517,0.481724,-0.198555,-0.853499
48164740,-0.001712,0.481239,-0.200213,-0.853417
48173073,-0.011356,0.481854,-0.201601,-0.852669
48181406,-0.022231,0.480553,-0.205221,-0.852325
48189739,-0.032870,0.479214,-0.208679,-0.851896
48198072,-0.042860,0.476606,-0.211842,-0.852135
48206405,-0.052691,0.475190,-0.214355,-0.851745
48214738,-0.062061,0.473375,-0.216533,-0.851573
48223071,-0.070771,0.471837,-0.218385,-0.851275
48231404,-0.079513,0.469601,-0.222501,-0.850674
48239737,-0.087986,0.468182,-0.225082,-0.849942
48248070,-0.096517,0.466565,-0.228936,-0.848876
48256403,-0.103960,0.465513,-0.231796,-0.847797
48264736,-0.110768,0.463948,-0.234282,-0.847110
48273069,-0.118104,0.462770,-0.237484,-0.845870
48281402,-0.124216,0.460971,-0.239628,-0.845373
48289735,-0.130862,0.459101,-0.241732,-0.844788
48298068,-0.137691,0.457653,-0.244724,-0.843626
48306401,-0.143510,0.455805,-0.247732,-0.842779
48314734,-0.149185,0.453932,-0.249593,-0.842254
48323067,-0.155607,0.450750,-0.252216,-0.842020
48331400,-0.161915,0.448064,-0.253480,-0.841885
48339733,-0.168871,0.444598,-0.256332,-0.841492
48348066,-0.176407,0.441564,-0.260238,-0.840344
48356399,-0.183806,0.437817,-0.264379,-0.839425
48364732,-0.190593,0.433273,-0.266531,-0.839590
48373065,-0.197641,0.428390,-0.268692,-0.839777
48381398,-0.205961,0.423209,-0.270504,-0.839822
48389731,-0.214236,0.417741,-0.275198,-0.838965
48398064,-0.222834,0.411853,-0.277337,-0.838932
48406397,-0.232762,0.405702,-0.279597,-0.838482
48414730,-0.241205,0.399392,-0.282776,-0.838060
48423063,-0.249713,0.392923,-0.284009,-0.838209
48431396,-0.257338,0.386045,-0.284383,-0.838971
48439729,-0.266337,0.380046,-0.286516,-0.838176
48448062,-0.274502,0.374332,-0.288180,-0.837542
48456395,-0.283127,0.368302,-0.288998,-0.837062
48464728,-0.291535,0.361064,-0.288519,-0.837495
48473061,0.299508,-0.354935,0.287938,0.837501
48481394,0.307456,-0.348030,0.285954,0.838198
48489727,0.315598,-0.341601,0.284478,0.838319
48498060,0.323820,-0.334010,0.283304,0.838640
48506393,0.332256,-0.328153,0.282804,0.837821
48514726,0.339234,-0.320647,0.280253,0.838787
48523059,0.347156,-0.313140,0.278426,0.838991
48531392,0.355368,-0.304593,0.276358,0.839383
48539725,0.364448,-0.295204,0.275748,0.839044
48548058,0.371844,-0.285868,0.273327,0.839824
48556391,0.379535,-0.275933,0.271445,0.840316
48564724,0.387051,-0.266976,0.269446,0.840425
48573057,0.394310,-0.259185,0.266494,0.840430
48581390,0.401074,-0.250199,0.262210,0.841300
48589723,0.406530,-0.242588,0.258938,0.841924
48598056,0.414149,-0.233170,0.256122,0.841733
48606389,0.420532,-0.223698,0.253187,0.842026
48614722,0.427747,-0.214427,0.249385,0.841939
48623055,0.434035,-0.203917,0.244533,0.842754
48631388,0.440113,-0.193989,0.236833,0.844144
48639721,0.446154,-0.184410,0.231745,0.844532
48648054,0.452085,-0.176256,0.225967,0.844685
48656387,0.457736,-0.167765,0.219745,0.845012
48664720,0.463258,-0.160165,0.215146,0.844660
48673053,0.467667,-0.153220,0.210228,0.844758
48681386,0.472307,-0.147340,0.204679,0.844585
48689719,0.476338,-0.141786,0.199781,0.844444
48698052,0.480476,-0.136090,0.194407,0.844291
48706385,0.482926,-0.131127,0.187418,0.845259
48714718,0.486363,-0.126362,0.182216,0.845152
48723051,0.490651,-0.120088,0.177625,0.844565
48731384,0.493792,-0.114978,0.171873,0.844635
48739717,0.497949,-0.109457,0.167031,0.843900
48748050,0.500908,-0.103499,0.160955,0.844081
48756383,0.504099,-0.097695,0.156733,0.843668
48764716,0.506697,-0.092310,0.150326,0.843883
48773049,0.509145,-0.084878,0.145081,0.844108
48781382,0.512127,-0.079365,0.140738,0.843576
48789715,0.515391,-0.071926,0.135174,0.843165
48798048,0.518168,-0.064779,0.132199,0.842513
48806381,0.521088,-0.056007,0.128124,0.841971
48814714,0.523745,-0.048063,0.123409,0.841517
48823047,0.525829,-0.041214,0.119945,0.841082
48831380,0.528150,-0.033240,0.116552,0.840457
48839713,0.530453,-0.027024,0.114201,0.839552
48848046,0.532597,-0.020982,0.110765,0.838827
48856379,0.535266,-0.015452,0.109415,0.837424
48864712,0.537662,-0.010059,0.106549,0.836341
48873045,0.540343,-0.004162,0.103345,0.835064
48881378,0.542485,-0.001089,0.099239,0.834183
48889711,0.544550,0.003549,0.096781,0.833118
48898044,0.546136,0.007737,0.093258,0.832453
48906377,0.547975,0.012213,0.090023,0.831547
48914710,0.549527,0.016272,0.087499,0.830722
48923043,0.551187,0.019815,0.085191,0.829785
48931376,0.552278,0.023494,0.081731,0.829311
48939709,0.553751,0.026785,0.078717,0.828520
48948042,0.555298,0.030327,0.074806,0.827725
48956375,0.556858,0.034209,0.072871,0.826698
48964708,0.558459,0.037595,0.070085,0.825710
48973041,0.559353,0.040785,0.066348,0.825263
48981374,0.561006,0.044674,0.064969,0.824048
48989707,0.562118,0.049233,0.062699,0.823206
48998040,0.563375,0.054589,0.061487,0.822100
49006373,0.564397,0.059170,0.058689,0.821286
49014706,0.565382,0.064679,0.057296,0.820291
49023039,0.565969,0.069669,0.056786,0.819513
49031372,0.566983,0.074081,0.055931,0.818483
49039705,0.567897,0.077665,0.054425,0.817618
49048038,0.568173,0.079645,0.052170,0.817383
49056371,0.569037,0.081101,0.050968,0.816714
49064704,0.569892,0.082726,0.049262,0.816059
49073037,0.570225,0.083163,0.046792,0.815928
49081370,0.570921,0.084153,0.045620,0.815406
49089703,0.571928,0.084433,0.042065,0.814862
49098036,0.572937,0.085176,0.040215,0.814169
49106369,0.574329,0.085654,0.036547,0.813310
49114702,0.575973,0.087010,0.035685,0.812041
49123035,0.577081,0.087330,0.032948,0.811336
49131368,0.578927,0.088618,0.030466,0.809977
49139701,0.580808,0.089987,0.028764,0.808540
49148034,0.582491,0.091377,0.026808,0.807239
49156367,0.583901,0.093513,0.024936,0.806035
49164700,0.585821,0.095083,0.024053,0.804484
49173033,0.587184,0.096541,0.024534,0.803301
49181366,0.588735,0.097649,0.022941,0.802078
49189699,0.590395,0.099505,0.023622,0.800609
49198032,0.592396,0.100518,0.022477,0.799035
49206365,0.593846,0.101428,0.021303,0.797875
49214698,0.595562,0.102068,0.019132,0.796569
49223031,0.597029,0.101934,0.017969,0.795514
49231364,0.599085,0.102593,0.016795,0.793908
49239697,0.601173,0.101955,0.015054,0.792445
49248030,0.603225,0.101473,0.013009,0.790983
49256363,0.605216,0.101229,0.011551,0.789514
49264696,0.607093,0.100002,0.009598,0.788255
49273029,0.609431,0.099313,0.007216,0.786561
49281362,0.610774,0.098283,0.006338,0.785656
49289695,0.612624,0.099083,0.006512,0.784112
49298028,0.614362,0.099869,0.006740,0.782650
49306361,0.615926,0.100887,0.007408,0.781283
49314694,0.617713,0.102938,0.007632,0.779600
49323027,0.619155,0.104335,0.007330,0.778272
49331360,0.620744,0.105548,0.007884,0.776836
49339693,0.622539,0.107091,0.008341,0.775182
49348026,0.623709,0.108712,0.007619,0.774022
49356359,0.624505,0.109125,0.007726,0.773321
49364692,0.625857,0.109346,0.008611,0.772186
49373025,0.627132,0.110942,0.008688,0.770922
49381358,0.627997,0.111987,0.007023,0.770084
49389691,0.628985,0.112892,0.007009,0.769145
49398024,0.629813,0.114019,0.007890,0.768292
49406357,0.630779,0.114558,0.009212,0.767404
49414690,0.631683,0.115557,0.009822,0.766503
49423023,0.632416,0.116864,0.010319,0.765694
49431356,0.632856,0.116703,0.009491,0.765365
49439689,0.633642,0.117226,0.010697,0.764619
49448022,0.634319,0.118557,0.011699,0.763837
49456355,0.634924,0.119624,0.011882,0.763165
49464688,0.635454,0.120213,0.012677,0.762618
49473021,0.636393,0.121061,0.012553,0.761702
49481354,0.637349,0.121352,0.011543,0.760872
49489687,0.638183,0.121645,0.010415,0.760142
49498020,0.638653,0.121771,0.009198,0.759743
49506353,0.638955,0.121985,0.008061,0.759468
49514686,0.638998,0.122740,0.007705,0.759313
49523019,0.638900,0.123525,0.007067,0.759275
49531352,0.639016,0.123934,0.006144,0.759119
49539685,0.638761,0.124454,0.005835,0.759251
49548018,0.638868,0.125246,0.006254,0.759027
49556351,0.638773,0.126487,0.006343,0.758900
49564684,0.638767,0.127226,0.005260,0.758790
49573017,0.638405,0.127819,0.005005,0.758997
49581350,0.638220,0.128679,0.005176,0.759006
49589683,0.637811,0.129097,0.004973,0.759280
49598016,0.637739,0.129822,0.004763,0.759218
49606349,0.637755,0.130082,0.004747,0.759160
49614682,0.637787,0.129665,0.004597,0.759206
49623015,0.637692,0.129227,0.004297,0.759363
49631348,0.638222,0.128703,0.004469,0.759005
49639681,0.638203,0.128238,0.004335,0.759101
49648014,0.638426,0.128145,0.004145,0.758929
49656347,0.638859,0.127973,0.004918,0.758589
49664680,0.639052,0.128786,0.005066,0.758289
49673013,0.639333,0.129759,0.005062,0.757886
49681346,0.639887,0.130471,0.005505,0.757292
49689679,0.640462,0.130618,0.005126,0.756783
49698012,0.640430,0.130451,0.005140,0.756839
49706345,0.640653,0.130116,0.004992,0.756709
49714678,0.640766,0.130066,0.004780,0.756624
49723011,0.640846,0.130027,0.004548,0.756564
49731344,0.641244,0.129717,0.004478,0.756280
49739677,0.641334,0.128727,0.004355,0.756373
49748010,0.641401,0.127618,0.004337,0.756505
49756343,0.641599,0.127179,0.004468,0.756410
49764676,0.641996,0.126879,0.004802,0.756121
49773009,0.642362,0.127190,0.005089,0.755757
49781342,0.642715,0.126975,0.005210,0.755492
49789675,0.642824,0.126735,0.005385,0.755438
49798008,0.642722,0.126769,0.005711,0.755517
49806341,0.642678,0.127026,0.005873,0.755510
49814674,0.642811,0.127445,0.006158,0.755324
49823007,0.642908,0.127695,0.006215,0.755199
49831340,0.643175,0.127797,0.006077,0.754955
49839673,0.643399,0.127750,0.006192,0.754771
49848006,0.643413,0.127910,0.006546,0.754729
49856339,0.643333,0.127736,0.006944,0.754824
49864672,0.643472,0.127479,0.007484,0.754743
49873005,0.643677,0.126988,0.007719,0.754648
49881338,0.643912,0.126488,0.007729,0.754532
49889671,0.644124,0.125804,0.007457,0.754468
49898004,0.644250,0.124797,0.007508,0.754527
49906337,0.644418,0.124200,0.007736,0.754480
49914670,0.644670,0.123767,0.007937,0.754334
49923003,0.644779,0.123429,0.008064,0.754294
49931336,0.644936,0.123550,0.008180,0.754139
49939669,0.645094,0.123471,0.008586,0.754013
49948002,0.645262,0.123913,0.008976,0.753792
49956335,0.645263,0.124117,0.009517,0.753751
49964668,0.645608,0.124517,0.009821,0.753385
49973001,0.645621,0.125074,0.010427,0.753274
49981334,0.645587,0.124645,0.010702,0.753370
49989667,0.645567,0.124828,0.010453,0.753361
49998000,0.645696,0.124483,0.010600,0.753305
50006333,0.645468,0.124317,0.011003,0.753522
50014666,0.645436,0.124196,0.011051,0.753568
50022999,0.645505,0.123585,0.010613,0.753616
