Timestamp (us),W,X,Y,Z
0,0.687851,-0.143055,0.294548,0.647795
8333,0.688044,-0.142558,0.293913,0.647987
16666,0.687946,-0.142590,0.294018,0.648037
24999,0.687948,-0.141869,0.294526,0.647962
33332,0.687738,-0.142355,0.294858,0.647927
41665,0.687741,-0.142445,0.294704,0.647975
49998,0.687755,-0.142573,0.294609,0.647975
58331,0.687828,-0.142475,0.294469,0.647982
66664,0.688109,-0.142455,0.294318,0.647757
74997,0.687947,-0.142894,0.294604,0.647702
83330,0.687660,-0.143107,0.295148,0.647712
91663,0.687773,-0.142824,0.295087,0.647683
99996,0.687682,-0.142716,0.295072,0.647811
108329,0.688024,-0.142432,0.294774,0.647645
116662,0.687840,-0.142964,0.295212,0.647523
124995,0.687742,-0.143201,0.295432,0.647475
133328,0.687999,-0.142806,0.295250,0.647373
141661,0.687893,-0.143100,0.295467,0.647321
149994,0.687936,-0.143115,0.295563,0.647228
158327,0.688108,-0.142638,0.295076,0.647373
166660,0.687883,-0.143058,0.295489,0.647331
174993,0.688190,-0.143171,0.294594,0.647388
183326,0.688167,-0.142977,0.294979,0.647280
191659,0.687806,-0.143842,0.295596,0.647190
199992,0.687865,-0.143520,0.295626,0.647185
208325,0.687855,-0.143752,0.295860,0.647038
216658,0.687766,-0.144778,0.295555,0.647043
224991,0.687844,-0.145320,0.295538,0.646846
233324,0.688416,-0.144383,0.294796,0.646786
241657,0.688380,-0.144620,0.294864,0.646740
249990,0.688097,-0.145151,0.295227,0.646757
258323,0.688062,-0.145340,0.295381,0.646681
266656,0.687891,-0.145311,0.295738,0.646707
274989,0.687913,-0.145324,0.295589,0.646749
283322,0.687747,-0.145132,0.295782,0.646879
291655,0.687921,-0.145249,0.295133,0.646965
299988,0.688145,-0.144461,0.294944,0.646989
308321,0.687829,-0.144766,0.295308,0.647092
316654,0.688117,-0.145014,0.294429,0.647130
324987,0.687988,-0.145419,0.294348,0.647213
333320,0.687695,-0.145597,0.294719,0.647316
341653,0.687634,-0.145566,0.294611,0.647437
349986,0.687634,-0.145424,0.294239,0.647638
358319,0.687530,-0.144693,0.295083,0.647527
366652,0.687875,-0.144430,0.294461,0.647503
374985,0.687875,-0.143894,0.294519,0.647597
383318,0.687933,-0.143361,0.294918,0.647472
391651,0.687864,-0.143102,0.294782,0.647664
399984,0.687932,-0.143448,0.294358,0.647708
408317,0.687931,-0.143229,0.294621,0.647638
416650,0.687894,-0.143281,0.294715,0.647623
424983,0.687993,-0.143089,0.294623,0.647602
433316,0.688306,-0.143093,0.294200,0.647461
441649,0.688231,-0.143507,0.294328,0.647390
449982,0.688248,-0.143450,0.294310,0.647393
458315,0.688288,-0.143046,0.294408,0.647396
466648,0.688076,-0.142897,0.295033,0.647370
474981,0.687990,-0.142923,0.295368,0.647302
483314,0.688053,-0.143073,0.295105,0.647323
491647,0.688059,-0.142670,0.295375,0.647282
499980,0.688012,-0.142538,0.295218,0.647433
508313,0.688075,-0.142544,0.294741,0.647581
516646,0.688038,-0.142334,0.294696,0.647687
524979,0.687979,-0.142367,0.294626,0.647774
533312,0.688019,-0.142595,0.294775,0.647615
541645,0.688030,-0.142273,0.294809,0.647658
549978,0.687579,-0.143305,0.295428,0.647628
558311,0.687635,-0.143217,0.295138,0.647720
566644,0.687506,-0.143419,0.295236,0.647767
574977,0.687817,-0.142902,0.294782,0.647758
583310,0.687682,-0.143794,0.294746,0.647720
591643,0.687416,-0.144488,0.295256,0.647616
599976,0.687462,-0.144622,0.295097,0.647609
608309,0.687445,-0.144665,0.295222,0.647561
616642,0.687473,-0.144639,0.295302,0.647501
624975,0.687548,-0.144133,0.295023,0.647661
633308,0.687724,-0.143310,0.295162,0.647593
641641,0.687821,-0.142935,0.294997,0.647649
649974,0.687849,-0.142522,0.294929,0.647741
658307,0.687921,-0.142150,0.294710,0.647846
666640,0.687530,-0.143137,0.295444,0.647710
674973,0.687507,-0.143306,0.295502,0.647670
683306,0.686900,-0.144632,0.296380,0.647617
691639,0.686484,-0.144866,0.296496,0.647953
699972,0.686998,-0.144294,0.295217,0.648121
708305,0.687266,-0.144285,0.294116,0.648339
716638,0.686534,-0.145890,0.294143,0.648742
724971,0.685921,-0.146951,0.293787,0.649312
733304,0.684997,-0.148871,0.293927,0.649787
741637,0.683589,-0.150152,0.294627,0.650657
749970,0.682543,-0.152812,0.293990,0.651424
758303,0.680507,-0.157884,0.295064,0.651859
766636,0.678025,-0.163111,0.296738,0.652398
774969,0.675316,-0.169024,0.298810,0.652757
783302,0.672487,-0.175879,0.299540,0.653531
791635,0.669832,-0.181001,0.300562,0.654390
799968,0.666104,-0.188219,0.302868,0.655095
808301,0.662467,-0.195456,0.305229,0.655569
816634,0.657902,-0.203584,0.307292,0.656727
824967,0.653530,-0.212169,0.309036,0.657556
833300,0.648886,-0.219253,0.310767,0.659014
841633,0.643699,-0.227285,0.314381,0.659665
849966,0.637302,-0.236570,0.320669,0.659584
858299,0.631051,-0.246941,0.326146,0.659109
866632,0.624243,-0.257056,0.332044,0.658779
874965,0.617116,-0.268634,0.337978,0.657856
883298,0.609606,-0.279449,0.343759,0.657358
891631,0.601364,-0.290276,0.349118,0.657433
899964,0.593947,-0.300024,0.353537,0.657438
908297,0.585911,-0.310663,0.357999,0.657292
916630,0.578396,-0.318876,0.362648,0.657467
924963,0.569592,-0.328070,0.368179,0.657556
933296,0.561665,-0.335174,0.371414,0.658971
941629,0.555201,-0.340261,0.373834,0.660471
949962,0.548612,-0.344192,0.376429,0.662464
958295,0.543132,-0.345411,0.377413,0.665776
966628,0.537736,-0.344198,0.378036,0.670415
974961,0.531459,-0.343627,0.378472,0.675449
983294,0.524480,-0.343835,0.381083,0.679319
991627,0.516162,-0.342246,0.386986,0.683144
999960,0.507568,-0.341252,0.392492,0.686929
1008293,0.498986,-0.338833,0.397852,0.691316
1016626,0.490199,-0.334802,0.403377,0.696347
1024959,0.480156,-0.334404,0.411340,0.698873
1033292,0.472167,-0.330400,0.418024,0.702246
1041625,0.464085,-0.328227,0.424699,0.704644
1049958,0.454284,-0.331254,0.432646,0.704779
1058291,0.446758,-0.331742,0.438417,0.705794
1066624,0.440174,-0.334001,0.443899,0.705439
1074957,0.434332,-0.337600,0.448847,0.704214
1083290,0.427509,-0.344714,0.454733,0.701161
1091623,0.422680,-0.351757,0.458471,0.698150
1099956,0.417454,-0.359746,0.463094,0.694160
1108289,0.414202,-0.367464,0.465221,0.690635
1116622,0.410076,-0.376869,0.468078,0.686083
1124955,0.405707,-0.387818,0.470432,0.680950
1133288,0.400754,-0.398391,0.475030,0.674557
1141621,0.396117,-0.409977,0.478034,0.668202
1149954,0.393258,-0.419683,0.479228,0.662989
1158287,0.388426,-0.431474,0.482052,0.656187
1166620,0.384469,-0.442492,0.484662,0.649221
1174953,0.379431,-0.454765,0.488905,0.640464
1183286,0.374593,-0.465891,0.493168,0.631990
1191619,0.369979,-0.476793,0.497909,0.622793
1199952,0.364786,-0.487892,0.502517,0.613489
1208285,0.359686,-0.497635,0.508344,0.603798
1216618,0.354213,-0.508811,0.512759,0.593904
1224951,0.349619,-0.520305,0.515976,0.583796
1233284,0.343432,-0.533160,0.519233,0.572881
1241617,0.339956,-0.545931,0.519349,0.562731
1249950,0.335664,-0.560643,0.519271,0.550787
1258283,0.333649,-0.572460,0.518558,0.540431
1266616,0.333147,-0.582581,0.516620,0.531711
1274949,0.333893,-0.591844,0.516105,0.521414
1283282,0.335891,-0.601364,0.514570,0.510642
1291615,0.338850,-0.610478,0.513358,0.498960
1299948,0.342358,-0.620692,0.509136,0.488173
1308281,0.346506,-0.628718,0.505450,0.478716
1316614,0.349755,-0.638740,0.499347,0.469399
1324947,0.351472,-0.648701,0.493143,0.460938
1333280,0.352917,-0.657531,0.486565,0.454265
1341613,0.350166,-0.668319,0.481748,0.445704
1349946,0.346075,-0.678672,0.476813,0.438504
1358279,0.340727,-0.689221,0.471922,0.431474
1366612,0.333597,-0.701056,0.466671,0.423618
1374945,0.328193,-0.711506,0.459759,0.417935
1383278,0.321274,-0.724100,0.452236,0.409811
1391611,0.313306,-0.736230,0.445526,0.401636
1399944,0.306467,-0.746663,0.438935,0.394851
1408277,0.298757,-0.756081,0.434921,0.387208
1416610,0.291721,-0.763136,0.433262,0.380535
1424943,0.287147,-0.766953,0.432316,0.377402
1433276,0.282271,-0.770374,0.434129,0.371994
1441609,0.277278,-0.773329,0.436296,0.367049
1449942,0.274153,-0.773207,0.440399,0.364746
1458275,0.270921,-0.772311,0.446088,0.362137
1466608,0.270936,-0.769104,0.450995,0.362874
1474941,0.271499,-0.765429,0.455771,0.364252
1483274,0.267691,-0.765539,0.460305,0.361125
1491607,0.266973,-0.761686,0.466445,0.361925
1499940,0.267904,-0.757718,0.470891,0.363803
1508273,0.266676,-0.755682,0.475485,0.362964
1516606,0.263953,-0.754066,0.479728,0.362732
1524939,0.258248,-0.754669,0.484441,0.359304
1533272,0.254211,-0.754472,0.486597,0.359683
1541605,0.251669,-0.754107,0.489139,0.358788
1549938,0.247696,-0.755041,0.490421,0.357837
1558271,0.244041,-0.755935,0.491586,0.356861
1566604,0.236248,-0.759766,0.490314,0.355717
1574937,0.229494,-0.762474,0.490740,0.353752
1583270,0.225309,-0.764764,0.490873,0.351305
1591603,0.223607,-0.764868,0.491428,0.351391
1599936,0.223252,-0.764030,0.493085,0.351117
1608269,0.220995,-0.764296,0.495225,0.348948
1616602,0.219858,-0.764330,0.496969,0.347107
1624935,0.219448,-0.764119,0.498457,0.345695
1633268,0.221651,-0.762821,0.500724,0.343875
1641601,0.223699,-0.761061,0.502841,0.343360
1649934,0.224220,-0.760223,0.505104,0.341550
1658267,0.226528,-0.758521,0.507074,0.340892
1666600,0.228284,-0.757349,0.508790,0.339768
1674933,0.228068,-0.757099,0.509894,0.338813
1683266,0.232643,-0.755255,0.510045,0.339590
1691599,0.234003,-0.754609,0.511127,0.338462
1699932,0.234778,-0.755196,0.511290,0.336364
1708265,0.236724,-0.754175,0.511928,0.336320
1716598,0.239636,-0.752791,0.512217,0.336918
1724931,0.242359,-0.752882,0.511387,0.336027
1733264,0.244172,-0.752020,0.511474,0.336514
1741597,0.246710,-0.751245,0.510868,0.337311
1749930,0.248598,-0.751046,0.509487,0.338456
1758263,0.249495,-0.750882,0.509059,0.338804
1766596,0.251041,-0.750457,0.508149,0.339967
1774929,0.252997,-0.749428,0.506779,0.342819
1783262,0.253454,-0.749617,0.505480,0.343984
1791595,0.254326,-0.747620,0.505092,0.348229
1799928,0.254696,-0.746088,0.505003,0.351363
1808261,0.253096,-0.745276,0.503892,0.355807
1816594,0.252524,-0.742735,0.504525,0.360598
1824927,0.252669,-0.739925,0.504614,0.366106
1833260,0.253863,-0.736499,0.504349,0.372498
1841593,0.255081,-0.732387,0.505449,0.378238
1849926,0.254625,-0.729530,0.506189,0.383047
1858259,0.254236,-0.726307,0.506639,0.388792
1866592,0.256007,-0.720480,0.507881,0.396769
1874925,0.256937,-0.715511,0.509596,0.402913
1883258,0.258686,-0.709092,0.511701,0.410405
1891591,0.260226,-0.702982,0.514249,0.416709
1899924,0.261432,-0.696892,0.516900,0.422858
1908257,0.262132,-0.690828,0.520119,0.428392
1916590,0.262452,-0.684314,0.523655,0.434303
1924923,0.261820,-0.679001,0.527245,0.438658
1933256,0.262484,-0.671828,0.531089,0.444628
1941589,0.261555,-0.666396,0.534762,0.448927
1949922,0.259785,-0.660908,0.538936,0.453057
1958255,0.259192,-0.654012,0.543203,0.458278
1966588,0.257967,-0.648336,0.546910,0.462604
1974921,0.254913,-0.644521,0.550700,0.465126
1983254,0.253098,-0.639903,0.552946,0.469804
1991587,0.250724,-0.636919,0.554091,0.473768
1999920,0.247492,-0.634593,0.555544,0.476876
2008252,0.244843,-0.633144,0.556057,0.479563
2016586,0.241505,-0.633259,0.555192,0.482100
2024919,0.237653,-0.634441,0.554751,0.482966
2033252,0.235622,-0.634121,0.552927,0.486462
2041585,0.233876,-0.634765,0.550526,0.489180
2049918,0.233132,-0.635590,0.547005,0.492403
2058250,0.231858,-0.636770,0.544824,0.493895
2066584,0.230713,-0.638945,0.540919,0.495910
2074917,0.230240,-0.638887,0.538192,0.499162
2083250,0.229067,-0.640693,0.535395,0.500393
2091583,0.230011,-0.640003,0.533027,0.503362
2099916,0.229745,-0.641180,0.530329,0.504834
2108249,0.229675,-0.641597,0.528088,0.506682
2116582,0.229205,-0.642118,0.526891,0.507480
2124915,0.230635,-0.640816,0.525933,0.509468
2133248,0.231328,-0.640392,0.524502,0.511158
2141581,0.230629,-0.641727,0.523816,0.510503
2149914,0.230664,-0.641665,0.523792,0.510591
2158247,0.232246,-0.640536,0.524553,0.510509
2166580,0.233296,-0.640047,0.524029,0.511182
2174913,0.233657,-0.641121,0.524062,0.509633
2183246,0.235626,-0.639722,0.524490,0.510045
2191579,0.235844,-0.640779,0.524812,0.508283
2199912,0.236707,-0.641041,0.526165,0.506150
2208245,0.238044,-0.640182,0.526479,0.506283
2216578,0.239344,-0.639710,0.527204,0.505511
2224911,0.240267,-0.640319,0.528104,0.503359
2233244,0.242094,-0.639487,0.528799,0.502811
2241577,0.241986,-0.641213,0.529668,0.499740
2249910,0.243077,-0.640441,0.530838,0.498959
2258243,0.242800,-0.641311,0.532456,0.496245
2266576,0.243681,-0.642832,0.532647,0.493633
2274909,0.243803,-0.643551,0.533975,0.491196
2283242,0.245532,-0.643329,0.534243,0.490332
2291575,0.244846,-0.647164,0.534483,0.485343
2299908,0.245375,-0.649082,0.534285,0.482725
2308241,0.245853,-0.651462,0.533658,0.479961
2316574,0.247194,-0.653570,0.532121,0.478109
2324907,0.247281,-0.656873,0.530799,0.474997
2333240,0.247328,-0.660597,0.529393,0.471364
2341573,0.248084,-0.663544,0.527475,0.468971
2349906,0.248683,-0.666574,0.525697,0.466346
2358239,0.249854,-0.669144,0.523768,0.464205
2366572,0.252030,-0.670078,0.522645,0.462946
2374905,0.253021,-0.673198,0.520936,0.459793
2383238,0.253083,-0.676415,0.519813,0.456296
2391571,0.253672,-0.678567,0.518964,0.453733
2399904,0.252622,-0.683110,0.518708,0.447756
2408237,0.253231,-0.684273,0.518461,0.445918
2416570,0.253371,-0.684489,0.519537,0.444251
2424903,0.251191,-0.687887,0.520137,0.439512
2433236,0.249262,-0.690458,0.521463,0.434986
2441569,0.247684,-0.693133,0.521814,0.431196
2449902,0.246858,-0.694595,0.522218,0.428821
2458235,0.243728,-0.697582,0.523212,0.424529
2466568,0.242275,-0.699763,0.522938,0.422104
2474901,0.239881,-0.702854,0.522323,0.419085
2483234,0.239569,-0.703920,0.521336,0.418702
2491567,0.238994,-0.705044,0.521304,0.417178
2499900,0.238931,-0.705210,0.521364,0.416857
2508233,0.239929,-0.704767,0.521367,0.417030
2516566,0.241133,-0.703976,0.522335,0.416460
2524899,0.240874,-0.704473,0.522084,0.416084
2533232,0.241355,-0.704254,0.521591,0.416794
2541565,0.242880,-0.702236,0.523281,0.417194
2549898,0.244170,-0.699789,0.526372,0.416663
2558231,0.246293,-0.696722,0.529350,0.416783
2566564,0.246802,-0.695015,0.532307,0.415563
2574897,0.246412,-0.693757,0.535464,0.413836
2583230,0.247869,-0.690733,0.538257,0.414402
2591563,0.247959,-0.689020,0.541663,0.412758
2599896,0.246886,-0.688256,0.545262,0.409928
2608229,0.247774,-0.686190,0.547432,0.409963
2616562,0.247228,-0.685047,0.549761,0.409087
2624895,0.248366,-0.682489,0.551610,0.410182
2633228,0.250426,-0.679197,0.554459,0.410553
2641561,0.249981,-0.678391,0.555520,0.410722
2649894,0.250646,-0.676487,0.556908,0.411576
2658227,0.250392,-0.676135,0.558485,0.410170
2666560,0.251658,-0.674289,0.559676,0.410812
2674893,0.251924,-0.673585,0.560518,0.410654
2683226,0.253222,-0.671384,0.561474,0.412152
2691559,0.253330,-0.670793,0.561950,0.412399
2699892,0.253670,-0.669816,0.562986,0.412365
2708225,0.254966,-0.668539,0.564257,0.411900
2716558,0.255002,-0.668836,0.564901,0.410511
2724891,0.257043,-0.666572,0.566179,0.411160
2733224,0.261404,-0.661588,0.568304,0.413521
2741557,0.263264,-0.660111,0.569868,0.412547
2749890,0.264227,-0.659688,0.570590,0.411610
2758223,0.265070,-0.659556,0.571664,0.409785
2766556,0.265236,-0.660361,0.571792,0.408199
2774889,0.264962,-0.662703,0.570871,0.405864
2783222,0.266744,-0.662316,0.571268,0.404768
2791555,0.267387,-0.662914,0.570655,0.404231
2799888,0.267329,-0.665074,0.569626,0.402167
2808221,0.267858,-0.666723,0.568121,0.401213
2816554,0.267873,-0.669079,0.566824,0.399110
2824887,0.268630,-0.670771,0.565162,0.398115
2833220,0.268004,-0.674098,0.563147,0.395767
2841553,0.267990,-0.677402,0.561223,0.392856
2849886,0.268605,-0.680003,0.558795,0.391402
2858219,0.269408,-0.681298,0.557809,0.390002
2866552,0.271765,-0.682618,0.554524,0.390743
2874885,0.272978,-0.685031,0.551849,0.389458
2883218,0.271266,-0.689423,0.548704,0.387343
2891551,0.272642,-0.690376,0.547112,0.386931
2899884,0.275121,-0.690112,0.545970,0.387260
2908217,0.275187,-0.691259,0.545600,0.385687
2916550,0.275225,-0.692102,0.544450,0.385771
2924883,0.276348,-0.691437,0.543840,0.387021
2933216,0.277095,-0.691922,0.543644,0.385894
2941549,0.276592,-0.693065,0.543246,0.384763
2949882,0.276059,-0.694407,0.542711,0.383477
2958215,0.277081,-0.694927,0.541893,0.382956
2966548,0.276230,-0.697080,0.540353,0.381831
2974881,0.273327,-0.700418,0.538919,0.379833
2983214,0.273645,-0.702659,0.535841,0.379820
2991547,0.273502,-0.704985,0.533310,0.379174
2999880,0.268856,-0.711265,0.529086,0.376680
3008213,0.266640,-0.716070,0.524327,0.375803
3016546,0.265159,-0.718598,0.520922,0.376760
3024879,0.262097,-0.722118,0.516847,0.377783
3033212,0.260453,-0.724089,0.512798,0.380654
3041545,0.257708,-0.726901,0.508968,0.382300
3049878,0.254124,-0.729613,0.505186,0.384543
3058211,0.251740,-0.730571,0.501707,0.388822
3066544,0.247709,-0.731998,0.498842,0.392398
3074877,0.243877,-0.732843,0.496944,0.395614
3083210,0.241166,-0.732482,0.494402,0.401094
3091543,0.236714,-0.732946,0.492228,0.405548
3099876,0.232163,-0.733631,0.489974,0.409648
3108209,0.229299,-0.733014,0.488209,0.414446
3116542,0.225360,-0.732726,0.487411,0.418039
3124875,0.222074,-0.731834,0.487215,0.421573
3133208,0.220004,-0.730435,0.485603,0.426910
3141541,0.216530,-0.729861,0.483409,0.432126
3149874,0.212226,-0.729473,0.481779,0.436714
3158207,0.210151,-0.727571,0.480235,0.442551
3166540,0.206260,-0.726008,0.480271,0.446888
3174873,0.200361,-0.725106,0.481736,0.449452
3183206,0.197543,-0.724013,0.480872,0.453370
3191539,0.193428,-0.721037,0.480755,0.459963
3199872,0.188333,-0.719723,0.481712,0.463123
3208205,0.183050,-0.718568,0.481268,0.467476
3216538,0.178850,-0.716101,0.481212,0.472914
3224871,0.172707,-0.714749,0.481270,0.477164
3233204,0.167812,-0.713900,0.479987,0.481455
3241537,0.163248,-0.712555,0.479329,0.485654
3249870,0.156823,-0.712214,0.478388,0.489186
3258203,0.152071,-0.710365,0.478691,0.493063
3266536,0.147286,-0.710606,0.476930,0.495866
3274869,0.144214,-0.708695,0.475185,0.501152
3283202,0.139940,-0.708279,0.472652,0.505328
3291535,0.136805,-0.706955,0.470898,0.509661
3299868,0.133271,-0.706553,0.470011,0.511968
3308201,0.129660,-0.706408,0.468505,0.514470
3316534,0.126908,-0.705379,0.465876,0.518936
3324867,0.124827,-0.704570,0.464687,0.521599
3333200,0.124012,-0.701632,0.463513,0.526773
3341533,0.121945,-0.700233,0.463452,0.529165
3349866,0.119419,-0.700802,0.462025,0.530234
3358199,0.117653,-0.701027,0.460814,0.531383
3366532,0.118022,-0.698214,0.459919,0.535764
3374865,0.118336,-0.695867,0.459150,0.539395
3383198,0.117368,-0.695431,0.458885,0.540393
3391531,0.118792,-0.693718,0.459186,0.542026
3399864,0.118255,-0.695125,0.458339,0.541057
3408197,0.120224,-0.694222,0.457768,0.542264
3416530,0.123055,-0.692393,0.457167,0.544470
3424863,0.124818,-0.690988,0.458376,0.544837
3433196,0.125966,-0.690902,0.459878,0.543414
3441529,0.127760,-0.690933,0.461106,0.541914
3449862,0.131533,-0.688703,0.462558,0.542612
3458195,0.136266,-0.686035,0.463396,0.544107
3466528,0.137937,-0.684943,0.466411,0.542483
3474861,0.140852,-0.684385,0.467657,0.541364
3483194,0.143858,-0.682008,0.470251,0.541326
3491527,0.148787,-0.679121,0.471989,0.542110
3499860,0.152317,-0.677527,0.474404,0.541015
3508193,0.155235,-0.676728,0.476823,0.539055
3516526,0.156749,-0.678148,0.478038,0.535747
3524859,0.161518,-0.677081,0.477513,0.536148
3533192,0.166019,-0.674089,0.479199,0.537038
3541525,0.169103,-0.674702,0.479403,0.535121
3549858,0.171442,-0.677107,0.478438,0.532194
3558191,0.174676,-0.678061,0.477895,0.530413
3566524,0.177071,-0.680230,0.475699,0.528813
3574857,0.179667,-0.682933,0.473482,0.526438
3583190,0.181089,-0.686731,0.472871,0.521536
3591523,0.186002,-0.685656,0.471038,0.522878
3599856,0.188110,-0.687818,0.470766,0.519519
3608189,0.191396,-0.689444,0.468605,0.518116
3616522,0.195081,-0.689390,0.468923,0.516524
3624855,0.198964,-0.689079,0.467587,0.516668
3633188,0.202715,-0.689142,0.468993,0.513844
3641521,0.205799,-0.689187,0.470659,0.511027
3649854,0.208840,-0.688741,0.472976,0.508246
3658187,0.212290,-0.687561,0.476405,0.505204
3666520,0.216168,-0.685441,0.480158,0.502882
3674853,0.216820,-0.688059,0.482796,0.496460
3683186,0.218422,-0.688225,0.486601,0.491790
3691519,0.220087,-0.687907,0.488502,0.489603
3699852,0.220304,-0.690000,0.489504,0.485543
3708185,0.221217,-0.691143,0.489964,0.483032
3716518,0.220979,-0.695403,0.489963,0.476990
3724851,0.222516,-0.696019,0.489221,0.476137
3733184,0.223960,-0.697095,0.489601,0.473489
3741517,0.221303,-0.703022,0.485298,0.470394
3749850,0.220849,-0.707553,0.481620,0.467586
3758183,0.221044,-0.712479,0.479015,0.462665
3766516,0.223052,-0.712729,0.476747,0.463656
3774849,0.224368,-0.715461,0.474828,0.460775
3783182,0.226734,-0.716353,0.473357,0.459742
3791515,0.228107,-0.718102,0.472135,0.457586
3799848,0.230910,-0.719160,0.471150,0.455530
3808181,0.233648,-0.718858,0.471228,0.454529
3816514,0.235858,-0.719339,0.471568,0.452267
3824847,0.238231,-0.719530,0.472246,0.450008
3833180,0.241863,-0.718085,0.473055,0.449528
3841513,0.244069,-0.717634,0.474381,0.447655
3849846,0.246016,-0.717706,0.474827,0.445996
3858179,0.248608,-0.717026,0.476083,0.444311
3866512,0.250846,-0.717559,0.476156,0.442110
3874845,0.252442,-0.718900,0.475869,0.439322
3883178,0.255051,-0.718594,0.475966,0.438211
3891511,0.257955,-0.718828,0.475169,0.436989
3899844,0.261006,-0.718753,0.473782,0.436807
3908177,0.262682,-0.720336,0.472702,0.434357
3916510,0.265175,-0.721644,0.470568,0.432987
3924843,0.266968,-0.723037,0.468470,0.431834
3933176,0.268700,-0.724574,0.465907,0.430956
3941509,0.270025,-0.725915,0.463738,0.430210
3949842,0.271756,-0.727214,0.460905,0.429971
3958175,0.273071,-0.728252,0.458559,0.429890
3966508,0.272572,-0.730833,0.456398,0.428122
3974841,0.272571,-0.733222,0.453237,0.427396
3983174,0.272147,-0.735644,0.450243,0.426668
3991507,-0.272492,0.737208,-0.446671,-0.427502
3999840,-0.271497,0.739244,-0.443662,-0.427752
4008173,-0.270591,0.741222,-0.439902,-0.428785
4016505,-0.267988,0.744496,-0.436759,-0.427960
4024839,-0.265510,0.747314,-0.433458,-0.427950
4033172,-0.264752,0.748298,-0.430390,-0.429792
4041505,-0.262600,0.750235,-0.426996,-0.431119
4049838,-0.258670,0.754248,-0.422035,-0.431377
4058170,-0.255945,0.756406,-0.417392,-0.433736
4066504,-0.252829,0.758741,-0.413766,-0.434955
4074837,-0.249951,0.762142,-0.409736,-0.434489
4083170,-0.245203,0.764582,-0.406283,-0.436146
4091503,-0.242411,0.766643,-0.402391,-0.437695
4099836,0.238705,-0.767298,0.399188,0.441501
4108169,0.234432,-0.768674,0.396076,0.444191
4116501,0.230589,-0.769954,0.393779,0.446025
4124835,0.226747,-0.771638,0.389640,0.448711
4133168,0.222398,-0.772981,0.385932,0.451769
4141501,0.216679,-0.775066,0.383521,0.453029
4149834,0.212542,-0.777856,0.379238,0.453811
4158166,0.207193,-0.780927,0.375033,0.454505
4166500,0.202365,-0.782534,0.370387,0.457715
4174833,0.195247,-0.786517,0.363694,0.459343
4183166,0.189205,-0.789943,0.357874,0.460563
4191499,0.184420,-0.790822,0.351295,0.466029
4199832,0.178948,-0.795953,0.343411,0.465301
4208165,0.174385,-0.800177,0.335081,0.465861
4216498,0.168748,-0.802699,0.326317,0.469804
4224831,0.164883,-0.806516,0.316348,0.471455
4233164,0.159884,-0.811369,0.305043,0.472299
4241497,0.154798,-0.814285,0.294953,0.475373
4249830,0.147178,-0.816588,0.285232,0.479755
4258163,0.141216,-0.819195,0.274228,0.483504
4266496,0.135864,-0.823908,0.262152,0.483728
4274829,0.130584,-0.827358,0.252076,0.484649
4283162,0.125299,-0.829717,0.240447,0.487908
4291495,0.118517,-0.831601,0.228522,0.492109
4299828,-0.112322,0.833105,-0.217628,-0.495941
4308161,-0.105390,0.833700,-0.208729,-0.500269
4316494,-0.101444,0.835468,-0.197793,-0.502573
4324827,-0.095598,0.835956,-0.186384,-0.507246
4333160,-0.093865,0.833639,-0.175773,-0.515111
4341493,-0.088452,0.832406,-0.166151,-0.521220
4349826,-0.084110,0.832642,-0.156376,-0.524575
4358159,-0.080896,0.833219,-0.147124,-0.526836
4366492,-0.075033,0.830422,-0.140239,-0.533950
4374825,-0.071829,0.829662,-0.132334,-0.537577
4383158,-0.065036,0.827714,-0.126319,-0.542866
4391491,-0.057739,0.825092,-0.120174,-0.549042
4399824,-0.052346,0.824359,-0.117442,-0.551271
4408157,-0.049514,0.822984,-0.112094,-0.554690
4416490,-0.042608,0.819505,-0.111195,-0.560564
4424823,-0.035759,0.817905,-0.108078,-0.563978
4433156,-0.031891,0.814288,-0.107556,-0.569517
4441489,-0.027547,0.811475,-0.109648,-0.573347
4449822,-0.021162,0.808999,-0.109221,-0.577186
4458155,-0.012259,0.807536,-0.107622,-0.579787
4466488,-0.007390,0.804561,-0.109122,-0.583712
4474821,-0.001904,0.801254,-0.109154,-0.588280
4483154,0.004191,0.798900,-0.107733,-0.591722
4491487,0.010714,0.797718,-0.107241,-0.593322
4499820,0.014993,0.795485,-0.111173,-0.595499
4508153,0.020736,0.794109,-0.111209,-0.597155
4516486,0.023935,0.792866,-0.109005,-0.599090
4524819,0.030235,0.790138,-0.108087,-0.602565
4533152,0.035039,0.788238,-0.106507,-0.605069
4541485,0.038354,0.786397,-0.103942,-0.607704
4549818,0.043814,0.786172,-0.101122,-0.608103
4558151,0.046674,0.782814,-0.096936,-0.612884
4566484,0.051736,0.781069,-0.094371,-0.615101
4574817,0.055435,0.778794,-0.088401,-0.618540
4583150,0.060991,0.778839,-0.084868,-0.618456
4591483,0.065688,0.779618,-0.081376,-0.617461
4599816,0.071333,0.779323,-0.075767,-0.617921
4608149,0.076008,0.778097,-0.069471,-0.619647
4616482,0.078698,0.778206,-0.065741,-0.619581
4624815,0.084791,0.778977,-0.060277,-0.618363
4633148,0.088730,0.778147,-0.056330,-0.619227
4641481,0.093134,0.778616,-0.051380,-0.618420
4649814,0.097767,0.778842,-0.045291,-0.617896
4658147,0.102425,0.779420,-0.039552,-0.616806
4666480,0.107683,0.780177,-0.032541,-0.615361
4674813,0.110916,0.780874,-0.027180,-0.614162
4683146,0.115990,0.782578,-0.017252,-0.611409
4691479,0.121038,0.783915,-0.007495,-0.608910
4699812,0.123617,0.783438,-0.000550,-0.609051
4708145,0.132684,0.784570,0.013823,-0.605519
4716478,0.139669,0.786362,0.026802,-0.601173
4724811,0.145324,0.787111,0.039710,-0.598131
4733144,0.151558,0.787237,0.052858,-0.595394
4741477,0.159323,0.787150,0.067275,-0.592017
4749810,0.165004,0.788734,0.078088,-0.587005
4758143,0.172874,0.789500,0.091353,-0.581772
4766476,0.180918,0.788799,0.106478,-0.577692
4774809,0.190348,0.787535,0.121510,-0.573404
4783142,0.198951,0.785895,0.135167,-0.569664
4791475,0.205384,0.786761,0.147423,-0.563109
4799808,0.212592,0.786213,0.160143,-0.557699
4808141,0.219819,0.783247,0.170653,-0.555951
4816474,0.226485,0.782560,0.181263,-0.550862
4824807,0.232344,0.780153,0.190340,-0.548769
4833140,0.237668,0.778342,0.198785,-0.546061
4841473,0.242303,0.778395,0.208184,-0.540416
4849806,0.242825,0.784559,0.217387,-0.527490
4858139,0.245911,0.781238,0.225611,-0.527536
4866472,0.247860,0.782539,0.233223,-0.521349
4874805,0.249584,0.783157,0.238114,-0.517373
4883138,0.249931,0.785761,0.244332,-0.510310
4891471,0.249080,0.788862,0.250778,-0.502759
4899804,0.249687,0.790419,0.255175,-0.497775
4908137,0.250630,0.789900,0.261614,-0.494774
4916470,0.252323,0.788026,0.266663,-0.494205
4924803,0.253066,0.787332,0.273088,-0.491415
4933136,0.253045,0.787183,0.279969,-0.487779
4941469,0.253146,0.786036,0.287334,-0.485287
4949802,0.253445,0.784214,0.295079,-0.483428
4958135,0.253661,0.782164,0.302876,-0.481811
4966468,0.254932,0.779220,0.310765,-0.480886
4974801,0.255875,0.776476,0.320564,-0.478384
4983134,0.257467,0.773294,0.328898,-0.477025
4991467,0.258454,0.769799,0.337154,-0.476381
4999800,0.258551,0.767218,0.346846,-0.473525
5008133,0.261805,0.761478,0.353834,-0.475827
5016466,0.262492,0.758801,0.364122,-0.471948
5024799,0.263716,0.755955,0.372031,-0.469658
5033132,0.264454,0.753743,0.380346,-0.466125
5041465,0.266306,0.750327,0.388800,-0.463601
5049798,0.268711,0.745417,0.397395,-0.462845
5058131,0.270789,0.741420,0.406019,-0.460563
5066464,0.271873,0.738966,0.415247,-0.455614
5074797,0.274183,0.735315,0.423667,-0.452373
5083130,0.276348,0.731391,0.431807,-0.449713
5091463,0.278762,0.726919,0.440354,-0.447179
5099796,0.281186,0.722894,0.448244,-0.444338
5108129,0.283742,0.719024,0.456907,-0.440148
5116462,0.288092,0.713357,0.464695,-0.438388
5124795,0.291689,0.708815,0.473916,-0.433478
5133128,0.294711,0.704438,0.483441,-0.428015
5141461,0.299443,0.698328,0.492884,-0.423955
5149794,0.303115,0.694017,0.502679,-0.416864
5158127,0.308500,0.688730,0.509916,-0.412873
5166460,0.315232,0.682950,0.515180,-0.410850
5174793,0.320742,0.676993,0.524830,-0.404176
5183126,0.325065,0.672654,0.534201,-0.395598
5191459,0.328908,0.668974,0.541819,-0.388233
5199792,0.333500,0.664129,0.547883,-0.384102
5208125,0.340942,0.658345,0.553874,-0.378899
5216458,0.345885,0.653639,0.558901,-0.375166
5224791,0.352513,0.648482,0.564516,-0.369497
5233124,0.357184,0.643948,0.569638,-0.365052
5241457,0.361315,0.640447,0.576326,-0.356550
5249790,0.367179,0.636803,0.579491,-0.351926
5258123,0.372493,0.632615,0.583660,-0.346971
5266456,0.377866,0.629296,0.586164,-0.342951
5274789,0.384761,0.622972,0.591209,-0.338136
5283122,0.389626,0.618696,0.596363,-0.331297
5291455,0.395777,0.614416,0.598390,-0.328305
5299788,0.403558,0.609749,0.600604,-0.323452
5308121,0.407147,0.605239,0.606108,-0.317097
5316454,0.414742,0.599855,0.607375,-0.315054
5324787,0.418624,0.595058,0.612283,-0.309468
5333120,0.423355,0.589200,0.617748,-0.303317
5341453,0.428936,0.582588,0.622472,-0.298553
5349786,0.431485,0.576524,0.629443,-0.291963
5358119,0.434534,0.570904,0.634392,-0.287744
5366452,0.439601,0.563817,0.638076,-0.285869
5374785,0.440310,0.560737,0.643177,-0.279328
5383118,0.445779,0.551940,0.647884,-0.277289
5391451,0.453774,0.543070,0.649779,-0.277402
5399784,0.456993,0.537262,0.653064,-0.275706
5408117,0.458194,0.534213,0.656566,-0.271285
5416450,0.461812,0.529170,0.658729,-0.269788
5424783,0.465592,0.523834,0.660991,-0.268165
5433116,0.468627,0.520093,0.663025,-0.265122
5441449,0.466949,0.518428,0.666879,-0.261654
5449782,0.471896,0.515639,0.666541,-0.259140
5458115,0.473052,0.512803,0.669399,-0.255263
5466448,0.470674,0.510586,0.675725,-0.247314
5474781,0.472289,0.507328,0.679717,-0.239888
5483114,0.475562,0.508041,0.677779,-0.237383
5491447,0.480512,0.507925,0.675466,-0.234234
5499780,0.485029,0.503958,0.677152,-0.228555
5508113,0.488416,0.502549,0.677451,-0.223505
5516446,0.490882,0.501630,0.677892,-0.218781
5524779,0.492696,0.501775,0.678027,-0.213896
5533112,0.495234,0.500527,0.678752,-0.208594
5541445,0.500627,0.497529,0.678985,-0.202031
5549778,0.504448,0.495527,0.679567,-0.195382
5558111,0.506330,0.494038,0.681217,-0.188416
5566444,0.506029,0.491545,0.685052,-0.181718
5574777,0.510160,0.488366,0.686058,-0.174812
5583110,0.514140,0.485143,0.686944,-0.168534
5591443,0.513810,0.483060,0.690589,-0.160435
5599776,0.513190,0.480577,0.694612,-0.152299
5608109,0.514645,0.477901,0.696565,-0.146793
5616442,0.516942,0.472701,0.699481,-0.141603
5624775,0.518331,0.468440,0.702783,-0.134138
5633108,0.518932,0.465951,0.705469,-0.126143
5641441,0.521387,0.461853,0.707238,-0.121089
5649774,0.522911,0.457572,0.709993,-0.114464
5658107,0.522276,0.455215,0.712897,-0.108563
5666440,0.522829,0.452379,0.715006,-0.103771
5674773,0.518043,0.450729,0.720423,-0.097288
5683106,0.519835,0.442823,0.724790,-0.091423
5691439,0.517051,0.442212,0.727787,-0.086214
5699772,0.513258,0.440793,0.732011,-0.080170
5708105,0.511409,0.438048,0.735455,-0.075369
5716438,0.509343,0.434841,0.739274,-0.070413
5724771,0.507884,0.431095,0.742882,-0.065857
5733104,0.504679,0.427966,0.747313,-0.060552
5741437,0.502487,0.423758,0.751534,-0.055971
5749770,0.497449,0.418328,0.758182,-0.052016
5758103,0.492684,0.413633,0.764048,-0.049006
5766436,0.490646,0.406998,0.769070,-0.046382
5774769,0.486600,0.403610,0.773622,-0.042758
5783102,0.481049,0.398859,0.779817,-0.037273
5791435,0.475635,0.395020,0.785287,-0.032469
5799768,0.468451,0.389878,0.792371,-0.026413
5808101,0.461368,0.385883,0.798623,-0.020840
5816434,0.455773,0.381802,0.803888,-0.016195
5824767,0.447550,0.375910,0.811351,-0.010038
5833100,0.440677,0.371557,0.817147,-0.004437
5841433,0.433530,0.367186,0.822937,0.000463
5849766,0.427975,0.362676,0.827817,0.004815
5858099,0.422231,0.357407,0.833012,0.008505
5866432,0.415827,0.353913,0.837670,0.011928
5874765,0.410960,0.349894,0.841709,0.014548
5883098,0.403490,0.345635,0.847000,0.017957
5891431,0.392986,0.340783,0.853772,0.022400
5899764,0.385440,0.338058,0.858189,0.025769
5908097,0.376157,0.333292,0.863971,0.031257
5916430,0.370143,0.328414,0.868274,0.035183
5924763,0.359550,0.326025,0.873450,0.038948
5933096,0.350760,0.323382,0.877828,0.042527
5941429,0.344701,0.319715,0.881395,0.045888
5949762,0.335907,0.315769,0.886002,0.049567
5958095,0.326715,0.315746,0.889259,0.052726
5966428,0.318589,0.316881,0.891756,0.053469
5974761,0.310831,0.317259,0.894268,0.054915
5983094,0.299752,0.319804,0.896873,0.059104
5991427,0.290140,0.322442,0.898960,0.060996
5999760,0.281864,0.326660,0.899881,0.063726
6008093,0.271836,0.329381,0.901927,0.064360
6016426,0.264892,0.333738,0.902369,0.064666
6024759,0.257588,0.336410,0.903536,0.064020
6033092,0.249545,0.337039,0.905552,0.064089
6041425,0.242966,0.339992,0.906366,0.062240
6049758,0.236210,0.345295,0.906271,0.060413
6058091,0.232862,0.349105,0.905788,0.058738
6066424,0.230445,0.352374,0.905203,0.057748
6074757,0.226739,0.356041,0.904857,0.055302
6083090,0.223278,0.359769,0.904491,0.051085
6091423,0.223475,0.362534,0.903536,0.047446
6099756,0.225502,0.369521,0.899933,0.052186
6108089,0.233207,0.376559,0.895164,0.049987
6116422,0.234491,0.381890,0.892713,0.047313
6124755,0.237376,0.386959,0.889945,0.043745
6133088,0.237772,0.391666,0.887941,0.040292
6141421,0.230686,0.395286,0.888365,0.036614
6149754,0.234155,0.399714,0.885519,0.035430
6158087,0.228230,0.404173,0.885135,0.033021
6166420,0.226838,0.407975,0.883802,0.031531
6174753,0.225143,0.412564,0.882157,0.030010
6183086,0.220043,0.415436,0.882123,0.029192
6191419,0.224333,0.419691,0.879151,0.025040
6199752,0.221492,0.424287,0.877729,0.022653
6208085,0.224227,0.428053,0.875225,0.021781
6216418,0.227933,0.431387,0.872676,0.019703
6224751,0.231745,0.434842,0.870058,0.014351
6233084,0.234280,0.437206,0.868212,0.013117
6241417,0.232875,0.436838,0.868840,0.007679
6249750,0.230668,0.440716,0.867437,0.010751
6258083,0.230679,0.444972,0.865263,0.010295
6266416,0.232069,0.447314,0.863709,0.007814
6274749,0.226572,0.448242,0.864683,0.008251
6283082,0.220599,0.447690,0.866498,0.009567
6291415,0.228090,0.450491,0.863135,0.005545
6299748,0.223206,0.452499,0.863352,0.006912
6308081,0.220956,0.452917,0.863723,0.005261
6316414,0.224463,0.456024,0.861191,0.002772
6324747,0.229610,0.457702,0.858945,-0.001534
6333080,0.235468,0.458884,0.856723,-0.002486
6341413,0.239208,0.458540,0.855871,-0.002380
6349746,0.233977,0.460199,0.856425,-0.002807
6358079,0.240094,0.461346,0.854097,-0.005809
6366412,0.236140,0.461611,0.855064,-0.004365
6374745,0.233567,0.462325,0.855382,-0.004940
6383078,0.233398,0.463941,0.854522,-0.008712
6391411,0.236856,0.466270,0.852274,-0.010962
6399744,0.239246,0.468055,0.850601,-0.012790
6408077,0.239655,0.472274,0.848088,-0.016439
6416410,0.241470,0.475713,0.845619,-0.017811
6424743,0.242409,0.479173,0.843342,-0.020121
6433076,0.243675,0.481820,0.841395,-0.022947
6441409,0.245817,0.484110,0.839415,-0.024379
6449742,0.247888,0.487318,0.836877,-0.026651
6458075,0.250404,0.489442,0.834830,-0.028362
6466408,0.251503,0.492029,0.832917,-0.030058
6474741,0.251820,0.496216,0.830300,-0.030947
6483074,0.253689,0.498240,0.828480,-0.031935
6491407,0.255482,0.499303,0.827111,-0.036241
6499740,0.262094,0.499246,0.825001,-0.037875
6508073,0.263069,0.502288,0.822771,-0.039356
6516406,0.267431,0.502230,0.821341,-0.040542
6524739,0.267786,0.502656,0.820871,-0.042412
6533072,0.270442,0.501964,0.820349,-0.043822
6541405,0.280634,0.500574,0.817469,-0.049135
6549738,0.280851,0.499483,0.818116,-0.048221
6558071,0.279807,0.499237,0.818596,-0.048686
6566404,0.281506,0.498567,0.818408,-0.048930
6574737,0.283221,0.498234,0.818007,-0.049131
6583070,0.286312,0.496389,0.818014,-0.049760
6591403,0.285099,0.496419,0.818395,-0.050166
6599736,0.285937,0.496156,0.818235,-0.050596
6608069,0.284007,0.497226,0.818319,-0.049597
6616402,0.285563,0.496340,0.818170,-0.051940
6624735,0.287679,0.500897,0.814837,-0.048817
6633068,0.289603,0.503926,0.812418,-0.046535
6641401,0.289608,0.505425,0.811507,-0.046142
6649734,0.290184,0.506551,0.810697,-0.044387
6658067,0.289815,0.507194,0.810454,-0.043897
6666400,0.290979,0.506995,0.810127,-0.044519
6674733,0.291223,0.505807,0.810832,-0.043593
6683066,0.291082,0.505359,0.811156,-0.043701
6691399,0.281989,0.498114,0.818777,-0.044366
6699732,0.282137,0.495906,0.820053,-0.044599
6708065,0.286864,0.495618,0.818635,-0.043684
6716398,0.282749,0.495552,0.820243,-0.041030
6724731,0.284438,0.493073,0.821166,-0.040756
6733064,0.288706,0.491539,0.820629,-0.040065
6741397,0.288941,0.488452,0.822433,-0.039147
6749730,0.290796,0.485310,0.823643,-0.039049
6758063,0.292508,0.483810,0.824019,-0.036859
6766396,0.293388,0.480177,0.825927,-0.034617
6774729,0.291954,0.472279,0.830886,-0.036657
6783062,0.293051,0.467468,0.833244,-0.036046
6791395,0.298448,0.462940,0.833887,-0.035317
6799728,0.301282,0.458143,0.835548,-0.034551
6808061,0.303410,0.452682,0.837768,-0.034155
6816394,0.305332,0.445259,0.841086,-0.033025
6824727,0.307466,0.434527,0.845881,-0.033702
6833060,0.306809,0.426896,0.850064,-0.031918
6841393,0.316139,0.417484,0.851191,-0.035167
6849726,0.334512,0.411225,0.846951,-0.040875
6858059,0.345987,0.401354,0.846825,-0.045786
6866392,0.360318,0.395361,0.843368,-0.050906
6874725,0.373388,0.387269,0.841065,-0.056684
6883058,0.387528,0.381222,0.837090,-0.061418
6891391,0.397441,0.374330,0.835334,-0.064311
6899724,0.406070,0.369169,0.833236,-0.067370
6908057,0.412077,0.366422,0.831548,-0.066750
6916390,0.420854,0.362350,0.828823,-0.068097
6924723,0.428910,0.359259,0.825928,-0.069370
6933056,0.438393,0.357741,0.821582,-0.069543
6941389,0.447738,0.355901,0.817299,-0.069909
6949722,0.455752,0.354188,0.813455,-0.071635
6958055,0.462869,0.355058,0.809152,-0.070426
6966388,0.471458,0.357067,0.803417,-0.068923
6974721,0.476413,0.359057,0.799749,-0.067151
6983054,0.482735,0.359764,0.795834,-0.064696
6991387,0.496655,0.362134,0.785901,-0.067479
6999720,0.502956,0.363388,0.781393,-0.066403
7008053,0.510285,0.363782,0.776368,-0.067264
7016386,0.514269,0.364823,0.773431,-0.065084
7024719,0.523039,0.366943,0.766663,-0.063328
7033052,0.527935,0.367934,0.763014,-0.060975
7041385,0.530919,0.369032,0.760586,-0.058724
7049718,0.535408,0.369872,0.757153,-0.057029
7058051,0.538871,0.368726,0.755522,-0.053348
7066384,0.540087,0.369852,0.754269,-0.050919
7074717,0.544470,0.369461,0.751396,-0.049559
7083050,0.545807,0.367872,0.751248,-0.048899
7091383,0.544565,0.365895,0.753169,-0.048021
7099716,0.547005,0.365947,0.751388,-0.047786
7108049,0.555131,0.365882,0.745408,-0.048235
7116382,0.557562,0.364294,0.744392,-0.047908
7124715,0.560241,0.362989,0.742971,-0.048618
7133048,0.561675,0.362156,0.742273,-0.048946
7141381,0.564862,0.362351,0.739622,-0.050903
7149714,0.564332,0.363318,0.739525,-0.051306
7158047,0.567588,0.364363,0.736260,-0.054813
7166380,0.570405,0.364860,0.733548,-0.058506
7174713,0.570605,0.365670,0.732907,-0.059516
7183046,0.572250,0.367174,0.730656,-0.062094
7191379,0.573444,0.369094,0.728491,-0.065057
7199712,0.572794,0.370187,0.728240,-0.067346
7208045,0.573691,0.371560,0.726655,-0.069238
7216378,0.576486,0.374149,0.722794,-0.072425
7224711,0.575570,0.375921,0.722318,-0.075235
7233044,0.573931,0.378589,0.721975,-0.077630
7241377,0.573291,0.380505,0.721390,-0.078420
7249710,0.571661,0.383268,0.721006,-0.080367
7258043,0.568360,0.384635,0.722769,-0.081417
7266376,0.567111,0.385715,0.723039,-0.082608
7274709,0.567590,0.386755,0.721905,-0.084351
7283042,0.568260,0.389904,0.719510,-0.085796
7291375,0.568436,0.393124,0.717410,-0.087504
7299708,0.566333,0.395840,0.717596,-0.087365
7308041,0.564418,0.398356,0.717795,-0.086689
7316374,0.564047,0.399171,0.717493,-0.087850
7324707,0.561198,0.399525,0.719829,-0.085336
7333040,0.559366,0.401175,0.720270,-0.085905
7341373,0.559171,0.402031,0.720067,-0.084869
7349706,0.559162,0.403652,0.719266,-0.084019
7358039,0.559002,0.403947,0.719114,-0.084963
7366372,0.556683,0.404673,0.720586,-0.084260
7374705,0.557136,0.404795,0.720197,-0.084002
7383038,0.551773,0.404190,0.724596,-0.084483
7391371,0.552464,0.404903,0.723648,-0.084677
7399704,0.552610,0.404882,0.723611,-0.084140
7408037,0.548329,0.401783,0.728352,-0.086083
7416370,0.545844,0.400513,0.730896,-0.086227
7424703,0.544517,0.399037,0.732804,-0.085260
7433036,0.542999,0.396897,0.735231,-0.084021
7441369,0.541068,0.393549,0.737695,-0.090395
7449702,0.539069,0.391171,0.740410,-0.090456
7458035,0.536907,0.389670,0.742579,-0.091999
7466368,0.530811,0.386877,0.748252,-0.093198
7474701,0.530038,0.385991,0.749025,-0.095039
7483034,0.527767,0.385720,0.750509,-0.097043
7491367,0.524854,0.385868,0.752171,-0.099360
7499700,0.527865,0.385769,0.749599,-0.103157
7508033,0.524910,0.385045,0.751666,-0.105867
7516366,0.522033,0.385289,0.753163,-0.108529
7524699,0.518738,0.386477,0.754623,-0.109956
7533032,0.516497,0.386789,0.755653,-0.112309
7541365,0.516106,0.386272,0.755555,-0.116472
7549698,0.512356,0.385700,0.757812,-0.120199
7558031,0.512175,0.384986,0.757767,-0.123497
7566364,0.510219,0.385733,0.758511,-0.124688
7574697,0.504813,0.387472,0.761161,-0.125153
7583030,0.500834,0.387955,0.763184,-0.127302
7591363,0.498156,0.389342,0.763976,-0.128814
7599696,0.500314,0.388703,0.762099,-0.133421
7608029,0.498336,0.389645,0.762806,-0.134037
7616362,0.496634,0.391733,0.762398,-0.136564
7624695,0.493472,0.393712,0.762866,-0.139683
7633028,0.492249,0.397285,0.761227,-0.142788
7641361,0.491966,0.400086,0.759382,-0.145738
7649694,0.490018,0.403443,0.758569,-0.147274
7658027,0.489724,0.405321,0.756920,-0.151514
7666360,0.490867,0.407631,0.753935,-0.156425
7674693,0.488877,0.410872,0.753426,-0.156631
7683026,0.488167,0.414277,0.751584,-0.158708
7691359,0.487027,0.415877,0.750728,-0.162046
7699692,0.485911,0.421032,0.748046,-0.164466
7708025,0.489174,0.424530,0.742930,-0.168933
7716358,0.486938,0.428406,0.741713,-0.170942
7724691,0.484269,0.432242,0.741126,-0.171413
7733024,0.484303,0.435681,0.738189,-0.175240
7741357,0.485791,0.439325,0.734395,-0.177948
7749690,0.487029,0.441566,0.731231,-0.181998
7758023,0.483888,0.445207,0.730921,-0.182750
7766356,0.479373,0.450330,0.730926,-0.182075
7774689,0.479853,0.452910,0.728513,-0.184073
7783022,0.478842,0.455625,0.727113,-0.185533
7791355,0.480135,0.455836,0.725312,-0.188695
7799688,0.482892,0.456341,0.722104,-0.192704
7808021,0.482878,0.457113,0.721370,-0.193655
7816354,0.480468,0.458813,0.721985,-0.193336
7824687,0.477482,0.460363,0.724100,-0.189093
7833020,0.477151,0.460914,0.724304,-0.187799
7841353,0.477878,0.461306,0.723492,-0.188120
7849686,0.479001,0.460856,0.722804,-0.189008
7858019,0.479439,0.460414,0.722758,-0.189150
7866352,0.476172,0.461389,0.724539,-0.188210
7874685,0.477234,0.459768,0.724800,-0.188485
7883018,0.480481,0.458790,0.723093,-0.189173
7891351,0.481440,0.458286,0.722927,-0.188591
7899684,0.481631,0.458467,0.722296,-0.190077
7908017,0.481768,0.457766,0.722735,-0.189747
7916350,0.482856,0.457203,0.722092,-0.190784
7924683,0.483722,0.455670,0.722469,-0.190833
7933016,0.484719,0.455047,0.721978,-0.191643
7941349,0.483715,0.454820,0.722681,-0.192068
7949682,0.485205,0.452422,0.722876,-0.193239
7958015,0.483054,0.451214,0.725342,-0.192208
7966348,0.481633,0.449372,0.727419,-0.192240
7974681,0.481293,0.446283,0.729173,-0.193639
7983014,0.481407,0.443369,0.730566,-0.194796
7991347,0.481397,0.440771,0.731949,-0.195521
7999680,0.480295,0.437392,0.734935,-0.194617
8008013,0.480545,0.434716,0.736344,-0.194668
8016346,0.480116,0.432842,0.737850,-0.194199
8024679,0.479212,0.431380,0.739316,-0.194113
8033011,0.477753,0.432149,0.740461,-0.191617
8041345,0.478399,0.431925,0.740644,-0.189794
8049678,0.475581,0.432974,0.742840,-0.185864
8058011,0.473677,0.433695,0.744574,-0.182066
8066344,0.472687,0.435287,0.745672,-0.176255
8074676,0.471336,0.437164,0.746740,-0.170615
8083010,0.470564,0.438868,0.747429,-0.165271
8091343,0.471929,0.440496,0.747118,-0.158305
8099676,0.472742,0.439519,0.748199,-0.153414
8108009,0.473431,0.440438,0.748259,-0.148276
8116341,0.472563,0.440769,0.750090,-0.140612
8124675,0.472859,0.438815,0.752767,-0.131102
8133008,0.472419,0.436457,0.755887,-0.122314
8141341,0.470425,0.434692,0.759743,-0.111960
8149674,0.467036,0.431785,0.764977,-0.101236
8158007,0.468356,0.428873,0.767022,-0.091584
8166340,0.467262,0.426273,0.770168,-0.082449
8174673,0.467121,0.424007,0.772300,-0.074627
8183006,0.467859,0.421072,0.774148,-0.067089
8191338,0.468557,0.419451,0.775206,-0.059757
8199672,0.472115,0.415295,0.775714,-0.053911
8208005,0.472111,0.412911,0.777458,-0.046635
8216338,0.474564,0.411472,0.777041,-0.041067
8224671,0.473764,0.408738,0.779268,-0.034959
8233003,0.472895,0.408141,0.780426,-0.026968
8241337,0.474911,0.409108,0.778910,-0.019730
8249670,0.476216,0.406318,0.779694,-0.014184
8258003,0.478378,0.402682,0.780337,-0.008746
8266336,0.475988,0.397742,0.784354,-0.005034
8274668,0.475051,0.393035,0.787302,-0.002316
8283002,0.476837,0.391138,0.787168,0.002275
8291335,0.481042,0.389076,0.785608,0.006164
8299668,0.482391,0.386455,0.786011,0.011695
8308001,0.483273,0.383132,0.787014,0.016315
8316333,0.482421,0.377840,0.790062,0.017587
8324667,0.483132,0.372451,0.792171,0.018138
8333000,0.485017,0.370469,0.791836,0.022518
8341333,0.486311,0.367399,0.792388,0.025316
8349666,0.486808,0.364054,0.793493,0.029166
8357998,0.488601,0.362968,0.792900,0.028871
8366332,0.488665,0.362021,0.793237,0.030381
8374665,0.492047,0.363353,0.790498,0.031258
8382998,0.491491,0.364276,0.790273,0.034753
8391331,0.498488,0.363811,0.786256,0.030864
8399664,0.502997,0.362663,0.783996,0.028653
8407997,0.507860,0.363192,0.780649,0.027526
8416330,0.510964,0.363314,0.778609,0.026222
8424663,0.514231,0.363733,0.776312,0.024572
8432996,0.519026,0.365644,0.772309,0.021333
8441329,0.523892,0.366512,0.768687,0.018057
8449662,0.526864,0.367962,0.766013,0.015579
8457995,0.530485,0.369259,0.762918,0.013800
8466328,0.531886,0.369902,0.761647,0.012831
8474661,0.533168,0.370794,0.760329,0.011961
8482994,0.536578,0.371161,0.757779,0.009721
8491327,0.538049,0.371697,0.756482,0.008947
8499660,0.537169,0.371570,0.757182,0.007717
8507993,0.535931,0.371655,0.758016,0.007875
8516326,0.541573,0.371474,0.754112,0.004552
8524659,0.542982,0.370851,0.753414,0.002691
8532992,0.541849,0.370539,0.754386,0.001702
8541325,0.542309,0.368992,0.754815,0.000739
8549658,0.540775,0.368907,0.755956,-0.000328
8557991,0.541152,0.368707,0.755779,-0.002790
8566324,0.539789,0.370068,0.756072,-0.005789
8574657,0.538870,0.371504,0.755994,-0.008745
8582990,0.537499,0.372195,0.756612,-0.010226
8591323,0.534270,0.375678,0.757134,-0.013066
8599656,0.532689,0.378241,0.756875,-0.017770
8607989,0.532526,0.381043,0.755429,-0.023455
8616322,0.528306,0.383991,0.756777,-0.027054
8624655,0.525731,0.387864,0.756337,-0.033497
8632988,0.523939,0.391538,0.755400,-0.039450
8641321,0.522248,0.394336,0.754855,-0.044171
8649654,0.518456,0.397261,0.755630,-0.049099
8657987,0.511644,0.399931,0.758541,-0.053782
8666320,0.508506,0.400916,0.759707,-0.059448
8674653,0.503900,0.401063,0.762226,-0.065147
8682986,0.499159,0.400879,0.765035,-0.069701
8691319,0.496246,0.399995,0.767036,-0.073483
8699652,0.497322,0.395567,0.768039,-0.079456
8707985,0.493825,0.392709,0.771388,-0.082930
8716318,0.491753,0.389376,0.773951,-0.086979
8724651,0.490881,0.386198,0.775580,-0.091445
8732984,0.489624,0.383180,0.777302,-0.096146
8741317,0.487687,0.381158,0.778983,-0.100328
8749650,0.486899,0.380295,0.779441,-0.103816
8757983,0.483760,0.379289,0.781342,-0.107802
8766316,0.480771,0.377688,0.783149,-0.113531
8774649,0.478566,0.379178,0.783125,-0.117954
8782982,0.476479,0.380731,0.782974,-0.122324
8791315,0.475593,0.382015,0.781966,-0.128077
8799648,0.475257,0.384536,0.779844,-0.134563
8807981,0.470366,0.389108,0.779945,-0.137970
8816314,0.467127,0.392258,0.779690,-0.141458
8824647,0.463605,0.394799,0.779617,-0.146295
8832980,0.460089,0.398221,0.779069,-0.150964
8841313,0.455635,0.401119,0.779694,-0.153548
8849646,0.451987,0.402853,0.780488,-0.155740
8857979,0.449821,0.403422,0.781069,-0.157615
8866312,0.447618,0.404063,0.781259,-0.161265
8874645,0.444562,0.406145,0.781403,-0.163768
8882978,0.443856,0.407696,0.780564,-0.165817
8891311,0.440302,0.409019,0.781571,-0.167284
8899644,0.439919,0.407908,0.781998,-0.169001
8907977,0.437158,0.407868,0.783396,-0.169786
8916310,0.436478,0.408806,0.782923,-0.171452
8924643,0.437874,0.409846,0.781018,-0.174078
8932976,0.436864,0.410941,0.781008,-0.174077
8941309,0.436513,0.412277,0.780426,-0.174409
8949642,0.435178,0.414454,0.780094,-0.174069
8957975,0.434030,0.416573,0.779616,-0.174023
8966308,0.433954,0.418420,0.778626,-0.174212
8974641,0.433585,0.420740,0.777723,-0.173576
8982974,0.434347,0.421901,0.776612,-0.173827
8991307,0.434226,0.423615,0.776050,-0.172468
8999640,0.435429,0.425022,0.774566,-0.172641
9007973,0.437195,0.425681,0.773114,-0.173062
9016306,0.437154,0.425726,0.773515,-0.171257
9024639,0.437217,0.428011,0.772411,-0.170378
9032972,0.438530,0.427356,0.772222,-0.169504
9041305,0.439189,0.427181,0.772329,-0.167743
9049638,0.442164,0.426812,0.770829,-0.167765
9057971,0.442900,0.426903,0.770620,-0.166547
9066304,0.443607,0.425138,0.771572,-0.164764
9074637,0.444287,0.423828,0.772360,-0.162599
9082970,0.445717,0.422097,0.772811,-0.161039
9091303,0.445279,0.421002,0.774011,-0.159346
9099636,0.446599,0.419616,0.774385,-0.157480
9107969,0.450531,0.416885,0.773772,-0.156543
9116302,0.453524,0.414314,0.773311,-0.157004
9124635,0.456161,0.412415,0.773065,-0.155569
9132968,0.456795,0.410252,0.774485,-0.152328
9141301,0.456360,0.409097,0.775783,-0.150120
9149634,0.455434,0.408709,0.777297,-0.146101
9157967,0.458178,0.406738,0.777044,-0.144358
9166300,0.458703,0.403189,0.779523,-0.139191
9174633,0.458552,0.400450,0.781878,-0.134300
9182966,0.461734,0.399086,0.781101,-0.131963
9191299,0.466579,0.396168,0.780078,-0.129745
9199632,0.465824,0.392521,0.783205,-0.124605
9207965,0.468676,0.388744,0.784070,-0.120231
9216298,0.468335,0.385374,0.786811,-0.114358
9224631,0.471120,0.381576,0.787385,-0.111673
9232964,0.474192,0.377784,0.787956,-0.107460
9241297,0.475253,0.375977,0.788683,-0.103709
9249630,0.478485,0.373265,0.788383,-0.100887
9257963,0.481091,0.368457,0.789668,-0.095993
9266296,0.483958,0.364897,0.790015,-0.092254
9274629,0.487707,0.362189,0.789330,-0.088988
9282962,0.493587,0.359849,0.786980,-0.086849
9291295,0.496757,0.360354,0.784937,-0.085158
9299628,0.502149,0.359389,0.782202,-0.082733
9307961,0.504166,0.360166,0.780889,-0.079429
9316294,0.510516,0.360792,0.776560,-0.078465
9324627,0.516673,0.362808,0.771529,-0.078500
9332960,0.516204,0.365845,0.770897,-0.073544
9341293,0.519955,0.368443,0.767349,-0.071222
9349626,0.521050,0.372365,0.765070,-0.067222
9357959,0.523730,0.375235,0.762009,-0.065183
9366292,0.526022,0.379023,0.758794,-0.062240
9374625,0.529539,0.382526,0.754666,-0.061166
9382958,0.534906,0.384392,0.749978,-0.060431
9391291,0.533732,0.387167,0.749815,-0.054863
9399624,0.534225,0.390395,0.748035,-0.051374
9407957,0.537272,0.391198,0.745550,-0.049577
9416290,0.537761,0.392286,0.744867,-0.045807
9424623,0.538118,0.391720,0.745127,-0.042079
9432956,0.539140,0.391612,0.744636,-0.038546
9441289,0.540395,0.391251,0.744081,-0.035217
9449622,0.539145,0.390005,0.745914,-0.028836
9457955,0.541039,0.388481,0.745435,-0.026208
9466288,0.539964,0.385633,0.747801,-0.022809
9474621,0.541474,0.384402,0.747470,-0.018169
9482954,0.541404,0.382266,0.748756,-0.010920
9491287,0.543582,0.380086,0.748330,-0.007441
9499620,0.543730,0.379100,0.748754,-0.003135
9507953,0.544555,0.376282,0.749579,0.001714
9516286,0.546943,0.372903,0.749514,0.005171
9524619,0.546217,0.368655,0.752065,0.011767
9532952,0.545745,0.365478,0.753865,0.016584
9541285,0.546152,0.362036,0.755125,0.020817
9549618,0.547956,0.357844,0.755742,0.023377
9557951,0.548381,0.353596,0.757276,0.027940
9566284,0.548355,0.349789,0.758898,0.032074
9574617,0.548368,0.345151,0.760843,0.035789
9582950,0.550240,0.339449,0.761909,0.038791
9591283,0.549657,0.335664,0.763827,0.042117
9599616,0.550407,0.331479,0.765013,0.043912
9607949,0.553107,0.327871,0.764617,0.043975
9616282,0.553274,0.324701,0.765785,0.045058
9624615,0.552388,0.321736,0.767595,0.046382
9632948,0.553459,0.319698,0.767730,0.045465
9641281,0.554758,0.316653,0.768095,0.044778
9649614,0.554462,0.314808,0.769117,0.043909
9657947,0.553405,0.313607,0.770445,0.042524
9666280,0.554102,0.311973,0.770690,0.040999
9674613,0.551865,0.310594,0.772896,0.040108
9682946,0.551988,0.309998,0.773190,0.037246
9691279,0.552142,0.308998,0.773604,0.034595
9699612,0.548573,0.307696,0.776708,0.033394
9707945,0.549558,0.307768,0.776179,0.028475
9716278,0.548927,0.306840,0.777129,0.024465
9724611,0.547194,0.305810,0.778807,0.022756
9732944,0.547037,0.305174,0.779240,0.020111
9741277,0.545108,0.304649,0.780870,0.016958
9749610,0.544578,0.304266,0.781463,0.013141
9757943,0.542900,0.304622,0.782534,0.010273
9766276,0.541435,0.304437,0.783658,0.006831
9774609,0.541778,0.305421,0.783064,0.002317
9782942,0.540429,0.306888,0.783424,-0.001696
9791275,0.537755,0.309437,0.784237,-0.006390
9799608,0.538817,0.311363,0.782695,-0.010844
9807941,0.537451,0.313322,0.782785,-0.014936
9816274,0.535882,0.316536,0.782462,-0.019717
9824607,0.532879,0.318756,0.783471,-0.024645
9832940,0.531551,0.322983,0.782406,-0.031246
9841273,0.527894,0.325754,0.783579,-0.034877
9849606,0.525846,0.329534,0.783121,-0.040181
9857939,0.524228,0.333036,0.782392,-0.046215
9866272,0.520305,0.335995,0.783392,-0.051829
9874605,0.516087,0.337888,0.785028,-0.056717
9882938,0.512450,0.339221,0.786476,-0.061482
9891271,0.508286,0.340451,0.788290,-0.065856
9899604,0.505507,0.340359,0.789732,-0.070297
9907937,0.501852,0.339897,0.791997,-0.073179
9916270,0.499906,0.339872,0.792950,-0.076239
9924603,0.499076,0.339613,0.793296,-0.079174
9932936,0.497078,0.337642,0.795194,-0.081108
9941269,0.496727,0.334846,0.796339,-0.083569
9949602,0.495135,0.333311,0.797821,-0.085006
9957935,0.495685,0.332972,0.797490,-0.086232
9966268,0.493860,0.331370,0.799300,-0.086118
9974601,0.491846,0.331960,0.800239,-0.086644
9982934,0.488761,0.333139,0.801758,-0.085529
9991267,0.489032,0.335650,0.800642,-0.084612
9999600,0.484256,0.338177,0.802577,-0.083683
10007933,0.481360,0.341681,0.802925,-0.082812
10016266,0.476808,0.345413,0.804328,-0.079999
10024599,0.473188,0.348245,0.805337,-0.079061
10032932,0.469366,0.351650,0.806283,-0.077112
10041265,0.462468,0.354112,0.809431,-0.074500
10049598,0.457615,0.355329,0.811885,-0.071921
10057931,0.454786,0.355776,0.813449,-0.069948
10066264,0.450650,0.355768,0.816094,-0.065833
10074597,0.444682,0.356778,0.819110,-0.063457
10082930,0.443607,0.357687,0.819423,-0.061793
10091263,0.439195,0.357758,0.821998,-0.058624
10099596,0.434001,0.358081,0.824696,-0.057420
10107929,0.433581,0.356935,0.825485,-0.056387
10116262,0.428308,0.357039,0.828363,-0.053757
10124595,0.424451,0.357286,0.830277,-0.053181
10132928,0.422237,0.356898,0.831600,-0.052733
10141261,0.411857,0.355036,0.837658,-0.051495
10149594,0.405665,0.355534,0.840413,-0.052318
10157927,0.407835,0.357385,0.838529,-0.053062
10166260,0.407207,0.359049,0.838045,-0.054281
10174593,0.404421,0.361069,0.838387,-0.056390
10182926,0.403557,0.363697,0.837475,-0.059179
10191259,0.401718,0.365896,0.837343,-0.059995
10199592,0.400985,0.367887,0.836728,-0.061295
10207925,0.400377,0.370040,0.835937,-0.063075
10216258,0.397254,0.372009,0.836517,-0.063547
10224591,0.394695,0.372807,0.837339,-0.063988
10232924,0.395260,0.373657,0.836566,-0.065625
10241257,0.392334,0.374655,0.837525,-0.065271
10249590,0.391369,0.373992,0.838271,-0.065286
10257923,0.390075,0.372810,0.839393,-0.065370
10266256,0.388879,0.371817,0.840424,-0.064909
10274589,0.389928,0.369887,0.840733,-0.065628
10282922,0.389174,0.367896,0.842044,-0.064481
10291255,0.388775,0.367003,0.842583,-0.064933
10299588,0.388288,0.365753,0.843401,-0.064278
10307921,0.384535,0.364213,0.845785,-0.064264
10316254,0.389881,0.363541,0.843647,-0.063964
10324587,0.389488,0.362527,0.844261,-0.064008
10332920,0.387378,0.360095,0.846192,-0.065038
10341253,0.384939,0.358336,0.848104,-0.064324
10349586,0.386822,0.357957,0.847307,-0.065623
10357919,0.389669,0.356792,0.846496,-0.065589
10366252,0.392955,0.354089,0.846037,-0.066553
10374585,0.393104,0.351710,0.846944,-0.066749
10382918,0.401052,0.349925,0.843827,-0.068316
10391251,0.399430,0.347947,0.845438,-0.067989
10399584,0.403144,0.347013,0.843909,-0.069816
10407917,0.408232,0.344722,0.842320,-0.070785
10416250,0.409526,0.341623,0.842987,-0.070396
10424583,0.412457,0.340974,0.841724,-0.071524
10432916,0.419487,0.338908,0.838967,-0.072844
10441249,0.425065,0.337434,0.836656,-0.073931
10449582,0.430874,0.337346,0.833588,-0.075336
10457915,0.438181,0.337845,0.829458,-0.076539
10466248,0.444586,0.338973,0.825459,-0.077832
10474581,0.448676,0.339922,0.822904,-0.077274
10482914,0.455584,0.341579,0.818331,-0.078115
10491247,0.464330,0.344249,0.812110,-0.079797
10499580,0.466092,0.347635,0.809816,-0.078142
10507913,0.471797,0.351345,0.804868,-0.078428
10516246,0.476172,0.355113,0.800822,-0.076416
10524579,0.482455,0.358276,0.795749,-0.075224
10532912,0.488128,0.363406,0.790001,-0.074599
10541245,0.492640,0.367826,0.785079,-0.075246
10549578,0.499028,0.371115,0.779545,-0.074534
10557911,0.502209,0.375402,0.775610,-0.072720
10566244,0.505629,0.380674,0.770879,-0.071917
10574577,0.510385,0.386093,0.765054,-0.071640
10582910,0.514520,0.391497,0.759568,-0.071102
10591243,0.515120,0.395644,0.757256,-0.068414
10599576,0.515742,0.399813,0.754906,-0.065394
10607909,0.517783,0.403731,0.751612,-0.063100
10616242,0.518145,0.408349,0.749098,-0.060236
10624575,0.520000,0.410419,0.746843,-0.058156
10632908,0.520090,0.412974,0.745556,-0.055732
10641241,0.520090,0.416432,0.743785,-0.053604
10649574,0.519849,0.417199,0.743785,-0.049851
10657907,0.519964,0.417827,0.743542,-0.046938
10666240,0.522442,0.419258,0.741129,-0.044775
10674573,0.523122,0.419846,0.740557,-0.040601
10682906,0.526121,0.419759,0.738561,-0.039061
10691239,0.526972,0.418036,0.739043,-0.036901
10699572,0.528834,0.416755,0.738489,-0.035834
10707905,0.527282,0.415645,0.740368,-0.032698
10716238,0.529307,0.413908,0.739952,-0.031392
10724571,0.529670,0.412448,0.740529,-0.030880
10732904,0.528624,0.411058,0.742123,-0.028984
10741237,0.531905,0.409132,0.740796,-0.030157
10749570,0.531607,0.408447,0.741399,-0.029884
10757903,0.533150,0.406982,0.741047,-0.031085
10766236,0.532482,0.406488,0.741785,-0.031379
10774569,0.533532,0.405440,0.741524,-0.033251
10782902,0.533188,0.404434,0.742255,-0.034652
10791235,0.533396,0.404628,0.741853,-0.037674
10799568,0.533277,0.403822,0.742299,-0.039182
10807901,0.533137,0.403859,0.742202,-0.042412
10816234,0.534269,0.403155,0.741530,-0.046427
10824567,0.533232,0.403555,0.741884,-0.049146
10832900,0.532393,0.403763,0.742097,-0.053152
10841233,0.531481,0.404483,0.742111,-0.056500
10849566,0.530919,0.405221,0.741747,-0.061090
10857899,0.533632,0.407225,0.738037,-0.068600
10866232,0.532387,0.407886,0.738210,-0.072379
10874565,0.530728,0.409826,0.737929,-0.076365
10882898,0.531392,0.413296,0.734770,-0.083206
10891231,0.529188,0.415912,0.734297,-0.088230
10899564,0.529194,0.419409,0.731434,-0.095158
10907897,0.528371,0.423178,0.728968,-0.101736
10916230,0.527199,0.427286,0.726547,-0.107786
10924563,0.525774,0.431446,0.724218,-0.113683
10932896,0.523238,0.436046,0.722286,-0.119958
10941229,0.522266,0.441624,0.718439,-0.126700
10949562,0.521988,0.448107,0.713263,-0.134108
10957895,0.520222,0.454815,0.708937,-0.141142
10966228,0.517640,0.462387,0.704421,-0.148453
10974561,0.514536,0.469950,0.700136,-0.155590
10982894,0.512052,0.478234,0.694580,-0.163258
10991227,0.508244,0.486568,0.689835,-0.170493
10999560,0.506470,0.493943,0.683540,-0.179673
11007893,0.501254,0.500885,0.680807,-0.185364
11016226,0.498911,0.506437,0.676420,-0.192524
11024559,0.494224,0.511685,0.674332,-0.197984
11032892,0.489487,0.516132,0.673124,-0.202274
11041225,0.483845,0.519632,0.673707,-0.204929
11049558,0.479017,0.523362,0.673254,-0.208241
11057891,0.475711,0.525940,0.672611,-0.211380
11066224,0.470934,0.529317,0.672695,-0.213367
11074557,0.468662,0.530034,0.673070,-0.215399
11082890,0.465695,0.531837,0.673303,-0.216660
11091223,0.463351,0.533474,0.673251,-0.217817
11099556,0.460635,0.534942,0.674054,-0.217494
11107889,0.457277,0.537767,0.674146,-0.217327
11116222,0.453359,0.540055,0.675647,-0.215193
11124555,0.453149,0.541989,0.674043,-0.215798
11132888,0.451870,0.544768,0.672807,-0.215343
11141221,0.450261,0.548362,0.670743,-0.216026
11149554,0.448384,0.551376,0.669538,-0.215996
11157887,0.446643,0.554910,0.667490,-0.216892
11166220,0.444227,0.559683,0.664380,-0.219126
11174553,0.439682,0.562466,0.666072,-0.216009
11182886,0.438750,0.565740,0.663004,-0.218773
11191219,0.435256,0.570953,0.660592,-0.219505
11199552,0.431975,0.575890,0.657407,-0.222632
11207885,0.430137,0.579606,0.653717,-0.227363
11216218,0.427241,0.583630,0.650992,-0.230330
11224551,0.422555,0.587681,0.649418,-0.233098
11232884,0.420481,0.591197,0.645478,-0.238830
11241217,0.416176,0.595404,0.642900,-0.242839
11249550,0.411363,0.599384,0.640491,-0.247569
11257883,0.406665,0.603397,0.638188,-0.251498
11266216,0.406144,0.605541,0.633060,-0.260004
11274549,0.403600,0.609110,0.628420,-0.266795
11282882,0.398642,0.613121,0.625333,-0.272261
11291215,0.392884,0.617725,0.622376,-0.276960
11299548,0.387069,0.621158,0.620868,-0.280825
11307881,0.384634,0.625077,0.615170,-0.287925
11316214,0.379378,0.628784,0.612432,-0.292626
11324547,0.374761,0.632505,0.608785,-0.298116
11332880,0.371429,0.636177,0.603595,-0.304947
11341213,0.365429,0.639584,0.602136,-0.307939
11349546,0.361405,0.642179,0.599762,-0.311896
11357879,0.357057,0.645565,0.597472,-0.314297
11366212,0.350330,0.649647,0.596258,-0.315761
11374545,0.346528,0.653034,0.592290,-0.320402
11382878,0.342303,0.655730,0.591528,-0.320844
11391211,0.338733,0.658166,0.590130,-0.322217
11399544,0.335736,0.661186,0.588118,-0.322850
11407877,0.331801,0.663110,0.588922,-0.321503
11416210,0.328137,0.666331,0.589094,-0.318274
11424543,0.327280,0.667295,0.588119,-0.318938
11432876,0.324382,0.670578,0.586438,-0.318106
11441209,0.323537,0.672283,0.585479,-0.317131
11449542,0.321308,0.674909,0.584364,-0.315877
11457875,0.320057,0.678173,0.581057,-0.316256
11466208,0.322113,0.678687,0.578709,-0.317371
11474541,0.319731,0.681855,0.577317,-0.315516
11482874,0.320637,0.682442,0.576027,-0.315687
11491207,0.318598,0.685819,0.573310,-0.315378
11499540,0.317504,0.687929,0.572863,-0.312687
11507873,0.321297,0.688633,0.568500,-0.315215
11516206,0.320197,0.689872,0.567617,-0.315217
11524539,0.321820,0.690388,0.564906,-0.317297
11532872,0.320980,0.691672,0.563309,-0.318189
11541205,0.320481,0.693180,0.561174,-0.319184
11549538,0.321143,0.693137,0.559574,-0.321413
11557871,0.321225,0.692595,0.558025,-0.325169
11566204,0.321199,0.693175,0.556422,-0.326703
11574537,0.320441,0.693701,0.554052,-0.330338
11582870,0.320945,0.693304,0.552056,-0.334002
11591203,0.319429,0.693942,0.550570,-0.336574
11599536,0.318766,0.693943,0.549450,-0.339023
11607869,0.317803,0.695087,0.546253,-0.342729
11616202,0.319430,0.694743,0.542702,-0.347522
11624535,0.320729,0.694968,0.539087,-0.351479
11632868,0.319703,0.696674,0.534499,-0.356014
11641201,0.319437,0.697968,0.531164,-0.358699
11649534,0.321804,0.698648,0.525296,-0.363865
11657867,0.322157,0.700903,0.519419,-0.367632
11666200,0.322041,0.703612,0.514082,-0.370053
11674533,0.323314,0.706125,0.507778,-0.372851
11682866,0.325979,0.709210,0.499325,-0.376077
11691199,0.327414,0.713387,0.491446,-0.377306
11699532,0.330219,0.716794,0.481774,-0.380861
11707865,0.332164,0.723381,0.471037,-0.380146
11716198,0.336073,0.727860,0.458206,-0.383825
11724531,0.339023,0.734124,0.446946,-0.382577
11732864,0.343576,0.739648,0.434655,-0.382036
11741197,0.347094,0.746120,0.422148,-0.380291
11749530,0.349806,0.752693,0.412567,-0.375336
11757863,0.354597,0.758414,0.399954,-0.372969
11766196,0.357217,0.764901,0.389224,-0.368549
11774529,0.360817,0.770033,0.378456,-0.365555
11782862,0.367083,0.774012,0.365583,-0.364012
11791195,0.372387,0.777168,0.354728,-0.362638
11799528,0.373955,0.782118,0.348956,-0.355921
11807861,0.378375,0.784158,0.341223,-0.354253
11816194,0.382565,0.786626,0.333525,-0.351603
11824527,0.387082,0.787877,0.325650,-0.351241
11832860,0.389939,0.789334,0.320546,-0.349498
11841193,0.393448,0.789999,0.314809,-0.349279
11849526,0.395784,0.791482,0.309902,-0.347666
11857859,0.397503,0.792549,0.305600,-0.347082
11866192,0.399409,0.793485,0.300024,-0.347619
11874525,0.400642,0.794400,0.295283,-0.348170
11882858,0.400598,0.795891,0.291231,-0.348229
11891191,0.398874,0.798892,0.287827,-0.346159
11899524,0.399338,0.800154,0.280671,-0.348578
11907857,0.398397,0.801381,0.276011,-0.350552
11916190,0.396949,0.803013,0.271463,-0.352008
11924523,0.394569,0.805534,0.266748,-0.352528
11932856,0.392893,0.806995,0.260287,-0.355873
11941189,0.388516,0.810019,0.256491,-0.356563
11949522,0.385129,0.812328,0.251050,-0.358849
11957855,0.380708,0.814701,0.246508,-0.361327
11966188,0.376488,0.816923,0.241479,-0.364118
11974521,0.371672,0.819467,0.238089,-0.365578
11982854,0.365031,0.822320,0.234035,-0.368468
11991187,0.362375,0.823130,0.227871,-0.373118
11999520,0.357696,0.824973,0.222283,-0.376912
12007853,0.351714,0.827175,0.218016,-0.380196
12016186,0.346317,0.829064,0.211888,-0.384474
12024519,0.340482,0.831153,0.206274,-0.388212
12032852,0.334769,0.832494,0.198587,-0.394268
12041185,0.327994,0.835153,0.191482,-0.397837
12049518,0.320761,0.837435,0.185613,-0.401701
12057851,0.313717,0.839865,0.178402,-0.405440
12066184,0.306321,0.842573,0.171936,-0.408259
12074517,0.297935,0.844176,0.164325,-0.414245
12082850,0.290350,0.845322,0.155970,-0.420478
12091183,0.281452,0.847585,0.148816,-0.424546
12099516,0.274227,0.848742,0.140670,-0.429707
12107849,0.267429,0.849570,0.133333,-0.434665
12116182,0.258970,0.851183,0.124683,-0.439176
12124515,0.249385,0.852212,0.117537,-0.444665
12132848,0.239053,0.853605,0.109016,-0.449808
12141181,-0.226897,-0.854911,-0.101845,0.455273
12149514,-0.214761,-0.855574,-0.093667,0.461624
12157847,-0.202645,-0.856588,-0.082746,0.467275
12166180,-0.191881,-0.856929,-0.069495,0.473312
12174513,-0.179714,-0.858722,-0.059947,0.476136
12182846,-0.166430,-0.858698,-0.046529,0.482467
12191179,-0.155781,-0.859108,-0.034274,0.486303
12199512,-0.144816,-0.860403,-0.024078,0.488011
12207845,-0.134003,-0.861372,-0.014103,0.489778
12216178,-0.122871,-0.863169,-0.006075,0.489699
12224511,0.115269,0.864656,-0.000377,-0.488960
12232844,0.107452,0.865227,-0.006056,-0.489694
12241177,0.099947,0.865816,-0.009694,-0.490184
12249510,0.093548,0.867193,-0.013674,-0.488916
12257843,0.087481,0.867643,-0.016286,-0.489160
12266176,0.082359,0.869249,-0.015585,-0.487217
12274509,0.076005,0.869214,-0.013336,-0.488377
12282842,0.070111,0.869956,-0.010474,-0.488008
12291175,0.062688,0.870196,-0.007057,-0.488651
12299508,0.056245,0.870542,-0.000443,-0.488869
12307841,0.051224,0.871343,0.004800,-0.487970
12316174,0.045531,0.871420,0.011142,-0.488293
12324507,0.042142,0.870732,0.017701,-0.489630
12332840,0.039519,0.871168,0.023498,-0.488828
12341173,0.038400,0.871717,0.030454,-0.487552
12349506,0.037188,0.870967,0.036238,-0.488590
12357839,0.035601,0.870722,0.041541,-0.488724
12366172,0.034557,0.870585,0.044800,-0.488755
12374505,0.033444,0.871308,0.046562,-0.487377
12382838,0.032059,0.871249,0.047659,-0.487470
12391171,0.030937,0.870421,0.048219,-0.488963
12399504,0.029371,0.871276,0.047044,-0.487649
12407837,0.027514,0.872796,0.044605,-0.485264
12416170,0.025874,0.874541,0.042744,-0.482370
12424503,0.025236,0.874631,0.041690,-0.482333
12432836,0.022713,0.875308,0.038282,-0.481512
12441169,0.021265,0.876088,0.034392,-0.480452
12449502,0.020755,0.875964,0.030016,-0.480995
12457835,0.019126,0.877053,0.026182,-0.479298
12466168,0.018059,0.876593,0.023338,-0.480326
12474501,0.017543,0.878470,0.018909,-0.477101
12482834,0.016890,0.879311,0.015261,-0.475704
12491167,0.017374,0.879441,0.011176,-0.475560
12499500,0.018446,0.879498,0.007268,-0.475489
12507833,0.018953,0.877116,0.004502,-0.479884
12516166,0.020784,0.875965,0.002523,-0.481920
12524499,0.022181,0.874330,0.001630,-0.484821
12532832,0.023890,0.873307,-0.000594,-0.486584
12541165,0.026869,0.872194,-0.000391,-0.488421
12549498,0.030314,0.871969,-0.001710,-0.488619
12557831,0.032935,0.870696,-0.002144,-0.490712
12566164,0.037735,0.870071,-0.002072,-0.491475
12574497,0.041658,0.868107,-0.001750,-0.494624
12582830,0.046381,0.867491,-0.002423,-0.495280
12591163,0.050683,0.866132,-0.003241,-0.497229
12599496,0.055603,0.865581,-0.003083,-0.497662
12607829,0.059664,0.864598,-0.004607,-0.498888
12616162,0.065457,0.863571,-0.005706,-0.499929
12624495,0.069536,0.860384,-0.006328,-0.504841
12632828,0.073922,0.858830,-0.005812,-0.506866
12641161,0.077737,0.855269,-0.004049,-0.512304
12649494,0.081998,0.853486,-0.003471,-0.514612
12657827,0.086751,0.853014,-0.002302,-0.514622
12666160,0.090881,0.851290,-0.001657,-0.516761
12674493,0.095129,0.849704,-0.001921,-0.518604
12682826,0.097213,0.847300,-0.002135,-0.522137
12691159,0.099685,0.846479,-0.001906,-0.523004
12699492,0.103033,0.845333,-0.002065,-0.524206
12707825,0.104597,0.843951,-0.000838,-0.526124
12716158,0.107780,0.842248,0.000305,-0.528206
12724491,0.109198,0.841462,0.000648,-0.529167
12732824,-0.111382,-0.839274,0.000296,0.532178
12741157,-0.114112,-0.839991,0.000093,0.530465
12749490,-0.116430,-0.838509,0.000400,0.532304
12757823,-0.117941,-0.838224,0.000671,0.532419
12766156,-0.120054,-0.838280,0.000107,0.531859
12774489,-0.119742,-0.836423,0.003210,0.534835
12782822,-0.119744,-0.836482,0.007123,0.534704
12791155,-0.120164,-0.834491,0.012183,0.537622
12799488,-0.120010,-0.834859,0.015219,0.537007
12807821,-0.119300,-0.834195,0.019066,0.538073
12816154,-0.119448,-0.833348,0.023114,0.539193
12824487,-0.118477,-0.832306,0.026216,0.540872
12832820,-0.119308,-0.831953,0.028041,0.541141
12841153,-0.119387,-0.830750,0.028430,0.542949
12849486,-0.122326,-0.829702,0.028269,0.543905
12857819,-0.125252,-0.830449,0.023430,0.542326
12866152,-0.127527,-0.829259,0.019432,0.543772
12874485,-0.130743,-0.828961,0.006306,0.543774
12882818,-0.132585,-0.831652,-0.013857,0.539059
12891151,-0.132860,-0.833306,-0.034325,0.535510
12899484,-0.134569,-0.833703,-0.058973,0.532309
12907817,-0.135781,-0.831222,-0.081029,0.532981
12916150,-0.136820,-0.826171,-0.098373,0.537629
12924483,-0.138990,-0.821946,-0.112225,0.540826
12932816,-0.141571,-0.817843,-0.116976,0.545351
12941149,-0.144831,-0.813446,-0.120097,0.550370
12949482,-0.145944,-0.809693,-0.120819,0.555429
12957815,-0.151740,-0.810429,-0.116705,0.553678
12966148,-0.152617,-0.801890,-0.112134,0.566663
12974481,-0.154302,-0.794238,-0.111396,0.577033
12982814,-0.156118,-0.790037,-0.113958,0.581792
12991147,-0.161893,-0.788634,-0.113940,0.582121
12999480,-0.161169,-0.783362,-0.119405,0.588311
13007813,-0.159924,-0.778471,-0.127311,0.593464
13016146,-0.160529,-0.775061,-0.131833,0.596767
13024479,-0.158995,-0.774540,-0.137506,0.596574
13032812,-0.156958,-0.769627,-0.144908,0.601698
13041145,-0.155152,-0.767344,-0.148270,0.604257
13049478,-0.152902,-0.764605,-0.153913,0.606887
13057811,-0.151845,-0.758912,-0.160464,0.612574
13066144,-0.149692,-0.756437,-0.164875,0.614989
13074477,-0.148101,-0.752257,-0.170717,0.618895
13082810,-0.148413,-0.748329,-0.179071,0.621217
13091143,-0.147810,-0.744893,-0.185430,0.623621
13099476,-0.148702,-0.739694,-0.195453,0.626529
13107809,-0.148337,-0.735781,-0.204525,0.628324
13116142,-0.146307,-0.734633,-0.213261,0.627238
13124475,-0.144144,-0.735820,-0.224010,0.622585
13132808,-0.140012,-0.733169,-0.235110,0.622562
13141141,-0.136317,-0.735733,-0.243401,0.617147
13149474,-0.132783,-0.744327,-0.248627,0.605418
13157807,-0.129324,-0.749711,-0.252839,0.597730
13166140,-0.128599,-0.754177,-0.254136,0.591687
13174473,-0.127666,-0.762109,-0.250836,0.583072
13182806,-0.128323,-0.770238,-0.245253,0.574559
13191139,-0.128664,-0.776706,-0.236222,0.569538
13199472,-0.128378,-0.778554,-0.226653,0.570965
13207805,-0.130889,-0.781927,-0.214395,0.570520
13216138,-0.130758,-0.777546,-0.203648,0.580390
13224471,-0.132410,-0.775245,-0.191860,0.587070
13232804,-0.132914,-0.765810,-0.184174,0.601622
13241137,-0.134151,-0.757742,-0.176000,0.613885
13249470,-0.137015,-0.746105,-0.167722,0.629621
13257803,-0.140164,-0.733176,-0.162021,0.645411
13266136,-0.145325,-0.722585,-0.157495,0.657227
13274469,-0.149954,-0.715439,-0.152267,0.665189
13282802,-0.153308,-0.710291,-0.148164,0.670844
13291135,-0.156693,-0.707722,-0.147783,0.672857
13299468,-0.158961,-0.711729,-0.144669,0.668763
13307801,-0.160007,-0.716712,-0.142049,0.663735
13316134,-0.159939,-0.722518,-0.141808,0.657478
13324467,-0.158349,-0.729352,-0.145066,0.649559
13332800,-0.155167,-0.737662,-0.144766,0.640953
13341133,-0.152610,-0.748012,-0.143791,0.629692
13349466,-0.149376,-0.756153,-0.143565,0.620732
13357799,-0.146919,-0.761075,-0.143243,0.615355
13366132,-0.145082,-0.760960,-0.142154,0.616185
13374465,-0.145283,-0.763701,-0.140864,0.613034
13382798,-0.146461,-0.762215,-0.139066,0.615011
13391131,-0.146356,-0.763681,-0.136389,0.613815
13399464,-0.144536,-0.761128,-0.131825,0.618398
13407797,-0.144724,-0.759262,-0.127710,0.621504
13416130,-0.143951,-0.760291,-0.125858,0.620802
13424463,-0.142183,-0.758385,-0.122503,0.624203
13432796,-0.140998,-0.758211,-0.117706,0.625604
13441129,-0.138238,-0.758797,-0.114431,0.626117
13449462,-0.135914,-0.758886,-0.111668,0.627017
13457795,-0.132438,-0.758914,-0.106907,0.628554
13466128,-0.128283,-0.760457,-0.102408,0.628301
13474461,-0.121389,-0.760544,-0.098745,0.630149
13482794,-0.113389,-0.763697,-0.095219,0.628366
13491127,-0.106010,-0.767558,-0.090400,0.625655
13499460,-0.099983,-0.772346,-0.088354,0.621031
13507793,-0.094501,-0.780562,-0.089138,0.611431
13516126,-0.090289,-0.786071,-0.087737,0.605180
13524459,-0.088318,-0.795188,-0.103340,0.590928
13532792,-0.084937,-0.805502,-0.130192,0.571840
13541125,-0.088639,-0.806416,-0.138057,0.568135
13549458,-0.091950,-0.803807,-0.137382,0.571460
13557791,-0.095107,-0.801532,-0.141511,0.573128
13566124,-0.097529,-0.798843,-0.144717,0.575669
13574457,-0.100222,-0.798594,-0.143608,0.575829
13582790,-0.106556,-0.798836,-0.141675,0.574834
13591123,-0.108983,-0.793529,-0.135323,0.583200
13599456,-0.115946,-0.785938,-0.124022,0.594538
13607789,-0.121129,-0.787529,-0.115241,0.593166
13616122,-0.127849,-0.782848,-0.104725,0.599863
13624455,-0.133290,-0.779181,-0.093987,0.605209
13632788,-0.138131,-0.774514,-0.082318,0.611777
13641121,-0.145253,-0.768874,-0.072550,0.618443
13649454,-0.148578,-0.766065,-0.064536,0.622016
13657787,-0.153835,-0.766420,-0.057966,0.620947
13666120,-0.157348,-0.767467,-0.053529,0.619169
13674453,-0.159207,-0.766730,-0.051202,0.619804
13682786,-0.161197,-0.767974,-0.049951,0.617848
13691119,-0.163920,-0.766459,-0.048475,0.619129
13699452,-0.165120,-0.770277,-0.050631,0.613877
13707785,-0.166271,-0.770019,-0.052186,0.613760
13716118,-0.166559,-0.772672,-0.053899,0.610189
13724451,-0.168908,-0.761749,-0.055050,0.623039
13732784,-0.168335,-0.756584,-0.054498,0.629503
13741117,-0.166966,-0.764618,-0.051560,0.620342
13749450,-0.165734,-0.770457,-0.051412,0.613421
13757783,-0.163446,-0.771046,-0.051004,0.613329
13766116,-0.160826,-0.770208,-0.053554,0.614854
13774449,-0.156189,-0.764419,-0.054674,0.623120
13782782,-0.147991,-0.771977,-0.058498,0.615408
13791115,-0.139362,-0.769135,-0.061642,0.620653
13799448,-0.134944,-0.766830,-0.063813,0.624251
13807781,-0.133101,-0.767070,-0.067293,0.623987
13816114,-0.131950,-0.765182,-0.066472,0.626631
13824447,-0.128595,-0.762083,-0.065873,0.631152
13832780,-0.127877,-0.764503,-0.066348,0.628315
13841113,-0.127272,-0.766543,-0.065671,0.626020
13849446,-0.130070,-0.767671,-0.069770,0.623614
13857779,-0.132368,-0.770507,-0.069643,0.619635
13866112,-0.135589,-0.779085,-0.071086,0.607938
13874445,-0.139649,-0.783412,-0.072320,0.601277
13882778,-0.144639,-0.787075,-0.075927,0.594833
13891111,-0.149468,-0.783321,-0.077564,0.598374
13899444,-0.154902,-0.789765,-0.075890,0.588657
13907777,-0.159707,-0.793011,-0.076476,0.582905
13916110,-0.163376,-0.797440,-0.075680,0.575909
13924443,-0.169777,-0.803693,-0.076365,0.565174
13932776,-0.176050,-0.808573,-0.076509,0.556203
13941109,-0.179240,-0.808484,-0.075921,0.555394
13949442,-0.182966,-0.809888,-0.073563,0.552443
13957775,-0.184486,-0.815037,-0.073460,0.544319
13966108,-0.185576,-0.818075,-0.075351,0.539108
13974441,-0.186408,-0.819016,-0.076154,0.537276
13982774,-0.185134,-0.818001,-0.073980,0.539561
13991107,-0.182954,-0.816151,-0.071864,0.543379
13999440,-0.180797,-0.813700,-0.073976,0.547478
14007773,-0.178460,-0.813947,-0.076423,0.547541
14016106,-0.177958,-0.813800,-0.077101,0.547828
14024439,-0.177511,-0.812709,-0.076500,0.549674
14032772,-0.177313,-0.811959,-0.074628,0.551102
14041105,-0.176980,-0.810910,-0.072725,0.553004
14049438,-0.175913,-0.807674,-0.068762,0.558560
14057771,-0.174360,-0.804063,-0.061666,0.565048
14066104,-0.174844,-0.805300,-0.057447,0.563578
14074437,-0.174514,-0.806690,-0.053447,0.562086
14082770,-0.174127,-0.807503,-0.050464,0.561313
14091103,-0.174459,-0.806774,-0.046770,0.562577
14099436,-0.173128,-0.806479,-0.039817,0.563945
14107769,-0.172810,-0.806455,-0.036632,0.564291
14116102,-0.171230,-0.804261,-0.034919,0.568001
14124435,-0.170977,-0.802892,-0.031314,0.570220
14132768,-0.170638,-0.802880,-0.028944,0.570464
14141101,-0.169337,-0.801811,-0.028156,0.572391
14149434,-0.166708,-0.799727,-0.027414,0.576102
14157767,-0.165494,-0.799070,-0.026023,0.577427
14166100,-0.163917,-0.796996,-0.024947,0.580780
14174433,-0.163777,-0.798045,-0.025091,0.579372
14182766,-0.162538,-0.801923,-0.023933,0.574394
14191099,-0.161161,-0.800979,-0.022850,0.576141
14199432,-0.159037,-0.798806,-0.019926,0.579845
14207765,-0.157184,-0.799349,-0.017922,0.579667
14216098,-0.154671,-0.795073,-0.017617,0.586195
14224431,-0.154286,-0.795331,-0.019179,0.585898
14232764,-0.153707,-0.796971,-0.019349,0.583812
14241097,-0.153099,-0.801905,-0.018034,0.577221
14249430,-0.152802,-0.803180,-0.019130,0.575488
14257763,-0.152888,-0.803710,-0.021038,0.574659
14266096,-0.152192,-0.802564,-0.022750,0.576377
14274429,-0.152659,-0.800317,-0.024236,0.579311
14282762,-0.153457,-0.800915,-0.025190,0.578232
14291095,-0.154034,-0.802794,-0.024687,0.575487
14299428,-0.154186,-0.802995,-0.025607,0.575126
14307761,-0.154798,-0.805604,-0.027603,0.571207
14316094,-0.155615,-0.806213,-0.029482,0.570031
14324427,-0.155220,-0.805436,-0.030463,0.571185
14332760,-0.156514,-0.805901,-0.032653,0.570054
14341093,-0.155851,-0.806210,-0.033270,0.569762
14349426,-0.154575,-0.804837,-0.033589,0.572028
14357759,-0.156688,-0.807745,-0.034705,0.567268
14366092,-0.157473,-0.807719,-0.035030,0.567067
14374425,-0.156653,-0.804771,-0.033755,0.571545
14382758,-0.156884,-0.804706,-0.034033,0.571557
14391091,-0.156383,-0.805509,-0.034046,0.570562
14399424,-0.156361,-0.805971,-0.036012,0.569794
14407757,-0.154523,-0.806002,-0.036816,0.570200
14416090,-0.153592,-0.806836,-0.037954,0.569197
14424423,-0.153006,-0.807357,-0.039220,0.568530
14432756,-0.152219,-0.805449,-0.039102,0.571448
14441089,-0.151601,-0.807519,-0.038143,0.568750
14449422,-0.151686,-0.808375,-0.039778,0.567397
14457755,-0.151517,-0.809706,-0.040038,0.565523
14466088,-0.150869,-0.809500,-0.038885,0.566070
14474421,-0.151015,-0.810170,-0.038099,0.565127
14482754,-0.150574,-0.808016,-0.038905,0.568263
14491087,-0.151262,-0.808780,-0.039268,0.566968
14499420,-0.151716,-0.809570,-0.040167,0.565655
14507753,-0.151943,-0.809577,-0.040986,0.565524
14516086,-0.152552,-0.810394,-0.040280,0.564240
14524419,-0.152462,-0.808441,-0.039667,0.567102
14532752,-0.153218,-0.808948,-0.040544,0.566113
14541085,-0.154017,-0.809304,-0.039976,0.565427
14549418,-0.154076,-0.808070,-0.038148,0.567299
14557751,-0.155642,-0.810876,-0.041470,0.562615
14566084,-0.157070,-0.811931,-0.041765,0.560672
14574417,-0.156089,-0.804898,-0.037467,0.571289
14582750,-0.157562,-0.811581,-0.040004,0.561168
14591083,-0.158410,-0.815310,-0.040687,0.555447
14599416,-0.159045,-0.812416,-0.039269,0.559591
14607749,-0.159032,-0.812177,-0.039919,0.559897
14616082,-0.159106,-0.813028,-0.039842,0.558645
14624415,-0.158991,-0.813659,-0.038734,0.557836
14632748,-0.159397,-0.814759,-0.039727,0.556042
14641081,-0.159713,-0.815686,-0.038997,0.554642
14649414,-0.159965,-0.815564,-0.039370,0.554723
14657747,-0.160299,-0.815162,-0.039883,0.555180
14666080,-0.160224,-0.814146,-0.039327,0.556729
14674413,-0.160104,-0.814421,-0.038498,0.556420
14682746,-0.159465,-0.814134,-0.037579,0.557086
14691079,-0.158622,-0.811988,-0.036099,0.560545
14699412,-0.158846,-0.811828,-0.037127,0.560646
14707745,-0.158265,-0.809977,-0.036017,0.563553
14716078,-0.158543,-0.810360,-0.034715,0.563006
14724411,-0.158694,-0.811151,-0.035649,0.561764
14732744,-0.158081,-0.811146,-0.035994,0.561922
14741077,-0.157361,-0.811604,-0.035999,0.561464
14749410,-0.156909,-0.810922,-0.035711,0.562592
14757743,-0.156695,-0.810976,-0.036237,0.562541
14766076,-0.156003,-0.810807,-0.035921,0.562997
14774409,-0.156216,-0.807800,-0.036690,0.567194
14782742,-0.154927,-0.805678,-0.037944,0.570474
14791075,-0.155023,-0.805702,-0.036706,0.570495
14799408,-0.156962,-0.807786,-0.037113,0.566981
14807741,-0.156208,-0.808163,-0.037872,0.566602
14816074,-0.155380,-0.808232,-0.037931,0.566726
14824407,-0.155312,-0.808037,-0.037756,0.567035
14832740,-0.155183,-0.807915,-0.037685,0.567249
14841073,-0.154090,-0.809117,-0.036305,0.565922
14849406,-0.154464,-0.808979,-0.038388,0.565881
14857739,-0.154929,-0.809136,-0.040323,0.565394
14866072,-0.154664,-0.809235,-0.040719,0.565296
14874405,-0.154497,-0.809805,-0.040846,0.564515
14882738,-0.154651,-0.810733,-0.041377,0.563102
14891071,-0.154870,-0.811818,-0.040365,0.561549
14899404,-0.153772,-0.812653,-0.039707,0.560689
14907737,-0.154866,-0.813828,-0.039105,0.558723
14916070,-0.155386,-0.813648,-0.040147,0.558767
14924403,-0.156317,-0.814509,-0.041428,0.557156
14932736,-0.157084,-0.814739,-0.041246,0.556618
14941069,-0.157053,-0.813098,-0.040665,0.559063
14949402,-0.157692,-0.810434,-0.041623,0.562669
14957735,-0.158233,-0.809149,-0.042303,0.564314
14966068,-0.158950,-0.808991,-0.041823,0.564376
14974401,-0.159409,-0.809399,-0.041111,0.563712
14982734,-0.159906,-0.809663,-0.040771,0.563217
14991067,-0.159116,-0.811210,-0.039520,0.561301
14999400,-0.159712,-0.808490,-0.040143,0.565000
15007733,-0.160357,-0.808104,-0.039684,0.565402
15016066,-0.162232,-0.813864,-0.039804,0.556526
15024399,-0.163279,-0.815242,-0.038178,0.554314
15032732,-0.165469,-0.816697,-0.037490,0.551562
15041065,-0.166682,-0.817367,-0.037119,0.550227
15049398,-0.167338,-0.817183,-0.037109,0.550303
15057731,-0.167735,-0.816947,-0.037878,0.550480
15066064,-0.167157,-0.810376,-0.038875,0.560213
15074397,-0.166870,-0.807965,-0.040023,0.563689
15082730,-0.167301,-0.808416,-0.042221,0.562754
15091063,-0.167953,-0.807941,-0.041348,0.563305
15099396,-0.168519,-0.807813,-0.040968,0.563349
15107729,-0.168626,-0.807266,-0.039583,0.564199
15116062,-0.170219,-0.808703,-0.039897,0.561634
15124395,-0.170467,-0.808130,-0.038954,0.562449
15132728,-0.171065,-0.807274,-0.038636,0.563519
15141061,-0.172208,-0.810967,-0.037881,0.557891
15149394,-0.173555,-0.808758,-0.038056,0.560662
15157727,-0.173515,-0.810667,-0.036792,0.557994
15166060,-0.175062,-0.812888,-0.037229,0.554238
15174393,-0.174561,-0.807112,-0.037353,0.562764
15182726,-0.176380,-0.806731,-0.038577,0.562661
15191059,-0.177576,-0.807070,-0.038688,0.561789
15199392,-0.177316,-0.806673,-0.035963,0.562622
15207725,-0.178501,-0.807883,-0.036575,0.560468
15216058,-0.179909,-0.808532,-0.036545,0.559083
15224391,-0.177862,-0.806042,-0.035830,0.563363
15232724,-0.178866,-0.806135,-0.035248,0.562949
15241057,-0.179647,-0.805302,-0.033640,0.563990
15249390,-0.179005,-0.805731,-0.031441,0.563708
15257723,-0.178281,-0.805568,-0.029611,0.564269
15266056,-0.177701,-0.800479,-0.030140,0.571618
15274389,-0.177113,-0.800626,-0.029743,0.571616
15282722,-0.176419,-0.799430,-0.030290,0.573472
15291055,-0.174606,-0.798619,-0.029828,0.575179
15299388,-0.174312,-0.798060,-0.030314,0.576018
15307721,-0.173244,-0.796877,-0.028858,0.578049
15316054,-0.173289,-0.795629,-0.027964,0.579796
15324387,-0.173193,-0.796711,-0.028034,0.578334
15332720,-0.172891,-0.797358,-0.028134,0.577527
15341053,-0.172058,-0.797903,-0.027197,0.577068
15349386,-0.172654,-0.797221,-0.028573,0.577766
15357719,-0.171889,-0.799010,-0.027927,0.575549
15366052,-0.171721,-0.798261,-0.028024,0.576633
15374385,-0.171479,-0.800284,-0.028311,0.573880
15382718,-0.171336,-0.799120,-0.028767,0.575520
15391051,-0.170554,-0.800570,-0.027570,0.573794
15399384,-0.170470,-0.798940,-0.027729,0.576077
15407717,-0.169850,-0.801200,-0.026155,0.573188
15416050,-0.169294,-0.796255,-0.023706,0.580306
15424383,-0.168891,-0.794453,-0.022913,0.582919
15432716,-0.168585,-0.796874,-0.022328,0.579717
15441049,-0.167016,-0.795636,-0.021291,0.581907
15449382,-0.168553,-0.794883,-0.023043,0.582426
15457715,-0.167449,-0.795650,-0.022553,0.581716
15466048,-0.166457,-0.794828,-0.020723,0.583190
15474381,-0.166083,-0.794260,-0.021017,0.584060
15482714,-0.166793,-0.795424,-0.021414,0.582256
15491047,-0.166896,-0.794712,-0.024017,0.583097
15499380,-0.165973,-0.795529,-0.022636,0.582301
15507713,-0.166322,-0.794477,-0.024185,0.583574
15516046,-0.166127,-0.795662,-0.024056,0.582018
15524379,-0.167917,-0.803141,-0.027390,0.570980
15532712,-0.168567,-0.803094,-0.026976,0.570875
15541045,-0.168174,-0.800484,-0.027546,0.574616
15549378,-0.169461,-0.803784,-0.027913,0.569592
15557711,-0.165639,-0.796716,-0.024614,0.580690
15566044,-0.163793,-0.793072,-0.023029,0.586240
15574377,-0.163700,-0.793824,-0.022809,0.585257
15582710,-0.165844,-0.795315,-0.021162,0.582685
15591043,-0.165301,-0.796122,-0.022436,0.581689
15599376,-0.164993,-0.796462,-0.022903,0.581293
15607709,-0.164310,-0.796811,-0.022723,0.581014
15616042,-0.164025,-0.797258,-0.021933,0.580513
15624375,-0.163542,-0.796806,-0.021651,0.581279
15632708,-0.165967,-0.805198,-0.025564,0.568734
15641041,-0.167137,-0.809656,-0.028955,0.561858
15649374,-0.166685,-0.810062,-0.028311,0.561439
15657707,-0.164252,-0.797018,-0.022862,0.580742
15666040,-0.165244,-0.803781,-0.024933,0.570972
15674373,-0.166409,-0.810416,-0.027813,0.561035
15682706,-0.162897,-0.801018,-0.024746,0.575520
15691039,-0.161617,-0.796703,-0.022583,0.581923
15699372,-0.162239,-0.796827,-0.023763,0.581533
15707705,-0.162130,-0.799732,-0.021946,0.577633
15716038,-0.166684,-0.810198,-0.026694,0.561322
15724371,-0.165858,-0.806978,-0.026138,0.566210
15732704,-0.167151,-0.812518,-0.027632,0.557773
15741037,-0.168223,-0.813919,-0.024913,0.555533
15749370,-0.169333,-0.811468,-0.025125,0.558762
15757703,-0.167417,-0.808596,-0.025171,0.563480
15766036,-0.166912,-0.810700,-0.022960,0.560695
15774369,-0.167241,-0.812347,-0.023870,0.558169
15782702,-0.167888,-0.813581,-0.025151,0.556118
15791035,-0.170120,-0.816932,-0.026885,0.550417
15799368,-0.169757,-0.814251,-0.026527,0.554504
15807701,-0.168480,-0.810146,-0.024616,0.560956
15816034,-0.169142,-0.812329,-0.025224,0.557562
15824367,-0.167661,-0.811304,-0.023649,0.559567
15832700,-0.167476,-0.810243,-0.023188,0.561177
15841033,-0.167500,-0.811339,-0.024268,0.559539
15849366,-0.167871,-0.811281,-0.024496,0.559503
15857699,-0.168064,-0.811334,-0.024340,0.559374
15866032,-0.167298,-0.813186,-0.024047,0.556922
15874365,-0.166932,-0.811545,-0.024122,0.559416
15882698,-0.167131,-0.812565,-0.021210,0.557993
15891031,-0.167726,-0.813270,-0.022763,0.556724
15899364,-0.166718,-0.811605,-0.021871,0.559486
15907697,-0.166202,-0.810414,-0.019913,0.561435
15916030,-0.166004,-0.810386,-0.019412,0.561552
15924363,-0.165788,-0.810205,-0.019483,0.561875
15932696,-0.166022,-0.810253,-0.019839,0.561724
15941029,-0.166827,-0.809458,-0.019370,0.562646
15949362,-0.166752,-0.809609,-0.019419,0.562449
15957695,-0.166069,-0.810220,-0.018092,0.561816
15966028,-0.166301,-0.811470,-0.015566,0.560016
15974361,-0.165837,-0.812275,-0.016882,0.558947
15982694,-0.166238,-0.813958,-0.018838,0.556311
15991027,-0.166106,-0.812147,-0.018798,0.558992
15999360,-0.166096,-0.812146,-0.018161,0.559019
16007693,-0.166587,-0.812835,-0.015961,0.557936
16016026,-0.167356,-0.813355,-0.016587,0.556929
16024359,-0.166324,-0.812486,-0.016796,0.558499
16032692,-0.166259,-0.810970,-0.017900,0.560683
16041025,-0.166309,-0.810664,-0.017662,0.561118
16049358,-0.166199,-0.810334,-0.017493,0.561632
16057691,-0.166185,-0.809966,-0.017019,0.562181
16066023,-0.166232,-0.810218,-0.016989,0.561806
16074357,-0.166218,-0.810265,-0.016815,0.561747
16082690,-0.166239,-0.809912,-0.016745,0.562251
16091023,-0.166316,-0.810140,-0.016862,0.561897
16099356,-0.166341,-0.810233,-0.016765,0.561759
16107689,-0.166247,-0.810211,-0.016454,0.561827
16116022,-0.166153,-0.809331,-0.015707,0.563143
16124355,-0.166024,-0.809556,-0.015533,0.562862
16132688,-0.165958,-0.810859,-0.016499,0.560975
16141020,-0.165747,-0.810951,-0.016381,0.560909
16149353,-0.165658,-0.809760,-0.014943,0.562692
16157687,-0.165759,-0.809620,-0.014349,0.562879
16166020,-0.166727,-0.811500,-0.014895,0.559864
16174353,-0.166999,-0.811224,-0.013530,0.560217
16182686,-0.166428,-0.810554,-0.012159,0.561387
16191019,-0.165830,-0.812015,-0.010136,0.559490
16199352,-0.165574,-0.811974,-0.008961,0.559645
16207685,-0.166122,-0.812419,-0.007952,0.558852
16216018,-0.166094,-0.812473,-0.008772,0.558770
16224350,-0.166718,-0.813328,-0.008240,0.557346
16232683,-0.166778,-0.813121,-0.008249,0.557629
16241017,-0.166753,-0.812685,-0.007630,0.558282
16249350,-0.167205,-0.812955,-0.007414,0.557756
16257683,-0.167687,-0.812754,-0.006093,0.557921
16266016,-0.168192,-0.812518,-0.005628,0.558116
16274349,-0.168545,-0.813229,-0.005357,0.556976
16282682,-0.171278,-0.819657,-0.007966,0.546592
16291015,-0.171824,-0.820056,-0.008041,0.545820
16299348,-0.171274,-0.819010,-0.006814,0.547577
16307680,-0.168450,-0.806141,-0.000575,0.567240
16316014,-0.169334,-0.809982,-0.002127,0.561471
16324347,-0.168354,-0.806903,0.000145,0.566184
16332680,-0.166187,-0.802031,0.002300,0.573692
16341013,-0.165232,-0.803676,0.001139,0.571666
16349346,-0.164445,-0.803851,0.001156,0.571647
16357679,-0.164309,-0.800894,-0.000460,0.575823
16366012,-0.162548,-0.799949,0.001620,0.577630
16374345,-0.161949,-0.805708,0.001231,0.569742
16382677,-0.161381,-0.806673,0.001160,0.568537
16391010,-0.158516,-0.801508,0.004785,0.576572
16399344,-0.159975,-0.799575,0.004881,0.578847
16407677,-0.160161,-0.802326,0.004264,0.574981
16416010,-0.160061,-0.804386,0.005863,0.572110
16424343,-0.160390,-0.805356,0.005869,0.570650
16432676,-0.160358,-0.803544,0.007360,0.573192
16441009,-0.159644,-0.804201,0.007871,0.572461
16449342,0.159266,0.803895,-0.008619,-0.572986
16457675,0.157383,0.802545,-0.010999,-0.575353
16466007,0.157433,0.801319,-0.012937,-0.577005
16474340,0.156392,0.800315,-0.010218,-0.578734
16482674,0.155694,0.800682,-0.008222,-0.578446
16491007,0.155078,0.800932,-0.007777,-0.578272
16499340,0.154573,0.802253,-0.007202,-0.576581
16507673,0.154258,0.802200,-0.004269,-0.576768
16516006,0.153810,0.803252,-0.003175,-0.575430
16524339,0.153931,0.804861,-0.001777,-0.573150
16532672,0.151367,0.803797,-0.003811,-0.575313
16541005,0.150777,0.802766,-0.001888,-0.576914
16549337,0.151499,0.807092,-0.000536,-0.570657
16557671,0.152093,0.808851,0.002943,-0.567996
16566004,0.151401,0.808167,0.003057,-0.569152
16574337,0.150484,0.810444,0.002728,-0.566152
16582670,0.150915,0.810527,0.002423,-0.565920
16591003,0.149430,0.811319,-0.000326,-0.565183
16599336,-0.149187,-0.812713,-0.002789,0.563234
16607669,-0.148479,-0.813000,-0.004306,0.562998
16616002,-0.147462,-0.813939,-0.005013,0.561901
16624334,-0.145259,-0.812424,-0.004602,0.564664
16632667,-0.145650,-0.812377,-0.008035,0.564593
16641001,-0.143421,-0.809390,-0.007277,0.569443
16649334,-0.143722,-0.812247,-0.006525,0.565293
16657667,-0.144807,-0.811921,-0.010795,0.565419
16666000,-0.144739,-0.813564,-0.010650,0.563073
16674333,-0.143571,-0.811046,-0.012483,0.566954
16682666,-0.143305,-0.810508,-0.014517,0.567741
16690999,-0.143526,-0.810831,-0.015267,0.567204
16699332,-0.143296,-0.810857,-0.015399,0.567221
16707664,-0.142379,-0.808619,-0.014637,0.570657
16715997,-0.142544,-0.808111,-0.015609,0.571309
16724331,-0.143701,-0.810425,-0.013564,0.567783
16732664,-0.143328,-0.811086,-0.013004,0.566946
16740997,-0.142900,-0.810020,-0.013052,0.568575
16749330,-0.146777,-0.814018,-0.014773,0.561795
16757663,-0.147252,-0.815176,-0.014452,0.559997
16765996,-0.147864,-0.816386,-0.014439,0.558070
16774329,-0.148635,-0.817211,-0.013925,0.556669
16782662,-0.147868,-0.816005,-0.012329,0.558676
16790995,-0.148105,-0.813570,-0.013506,0.562126
16799328,-0.147449,-0.813499,-0.013000,0.562413
16807661,-0.147582,-0.813796,-0.012892,0.561951
16815994,-0.147839,-0.813293,-0.012372,0.562623
16824327,-0.147994,-0.813026,-0.012450,0.562967
16832660,-0.148664,-0.812866,-0.012793,0.563013
16840993,-0.148898,-0.812927,-0.011653,0.562889
16849326,-0.149022,-0.812823,-0.010715,0.563025
16857659,-0.149562,-0.812840,-0.010991,0.562852
16865992,-0.150115,-0.811967,-0.010516,0.563972
16874325,-0.150770,-0.812345,-0.010989,0.563244
16882658,-0.151189,-0.813009,-0.010911,0.562174
16890991,-0.151280,-0.811898,-0.010427,0.563761
16899324,-0.151890,-0.811707,-0.010342,0.563874
16907657,-0.152533,-0.811661,-0.009764,0.563777
16915990,-0.152831,-0.812533,-0.010159,0.562432
16924323,-0.154287,-0.814421,-0.010961,0.559280
16932656,-0.155419,-0.814718,-0.010897,0.558534
16940989,-0.156714,-0.814221,-0.012482,0.558865
16949322,-0.155957,-0.811213,-0.012824,0.563424
16957655,-0.156658,-0.810294,-0.012356,0.564561
16965988,-0.157587,-0.810433,-0.012028,0.564110
16974321,-0.158389,-0.809793,-0.011682,0.564812
16982654,-0.159713,-0.809733,-0.010718,0.564544
16990987,-0.161235,-0.809413,-0.008902,0.564602
16999320,-0.162687,-0.808691,-0.006818,0.565248
17007653,-0.164373,-0.807842,-0.005834,0.565984
17015986,-0.165706,-0.805592,-0.004649,0.568808
17024319,-0.167465,-0.804913,-0.002961,0.569264
17032652,-0.168578,-0.804875,-0.001242,0.568996
17040985,-0.169006,-0.806126,0.001686,0.567094
17049318,-0.169169,-0.805690,0.003170,0.567657
17057651,-0.169740,-0.806002,0.004791,0.567033
17065984,-0.170445,-0.806934,0.005682,0.565485
17074317,-0.171043,-0.807164,0.005210,0.564981
17082650,-0.171357,-0.805991,0.003281,0.566572
17090983,-0.171455,-0.806201,0.004229,0.566238
17099316,-0.171293,-0.807515,0.004245,0.564411
17107649,-0.171842,-0.808062,0.005301,0.563452
17115982,-0.171953,-0.807067,0.004026,0.564854
17124315,-0.171846,-0.806713,0.002043,0.565401
17132648,-0.171249,-0.806925,0.002699,0.565278
17140981,-0.171517,-0.807938,0.003167,0.563745
17149314,-0.172026,-0.808155,0.002450,0.563282
17157647,-0.171961,-0.808108,0.002293,0.563370
17165980,-0.171571,-0.807598,0.003041,0.564216
17174313,-0.170973,-0.806574,0.004716,0.565848
17182646,-0.171376,-0.806201,0.004577,0.566259
17190979,-0.172437,-0.806817,0.003225,0.565067
17199312,-0.172063,-0.806009,0.003933,0.566329
17207645,-0.172130,-0.805933,0.004743,0.566411
17215978,-0.172530,-0.806394,0.004555,0.565634
17224311,-0.171912,-0.804976,0.008184,0.567797
17232644,0.172026,0.804204,-0.008725,-0.568846
17240977,0.173371,0.806378,-0.008168,-0.565359
17249310,0.175142,0.808378,-0.008423,-0.561942
17257643,0.176357,0.809165,-0.007777,-0.560438
17265976,0.177012,0.812774,-0.004321,-0.555019
17274309,0.173870,0.807477,-0.008421,-0.563630
17282642,0.172736,0.803467,-0.011036,-0.569632
17290975,0.176613,0.812621,-0.006601,-0.555349
17299308,0.176147,0.813904,-0.005374,-0.553628
17307641,0.176349,0.812322,-0.007430,-0.555859
17315974,0.176636,0.814004,-0.005889,-0.553320
17324307,0.176810,0.816288,-0.006137,-0.549885
17332640,0.176990,0.817422,-0.005122,-0.548151
17340973,0.177029,0.818726,-0.004815,-0.546192
17349306,0.176833,0.818336,-0.004999,-0.546837
17357639,0.176322,0.816648,-0.004018,-0.549528
17365972,0.171776,0.807051,-0.009265,-0.564868
17374305,0.174395,0.813614,-0.005658,-0.554605
17382638,0.175062,0.816680,-0.005538,-0.549869
17390971,0.171323,0.810693,-0.008391,-0.559780
17399304,0.170375,0.808591,-0.009099,-0.563089
17407637,0.173779,0.817489,-0.004892,-0.549080
17415970,0.174179,0.819944,-0.004313,-0.545284
17424303,0.173302,0.819049,-0.003802,-0.546911
17432636,0.169051,0.810843,-0.007390,-0.560268
17440969,0.167084,0.806670,-0.009114,-0.566818
17449302,0.165695,0.804058,-0.009927,-0.570909
17457635,0.167863,0.807552,-0.009217,-0.565329
17465968,0.169555,0.808578,-0.007930,-0.563374
17474301,0.169093,0.808733,-0.010764,-0.563243
17482634,0.168590,0.807833,-0.011011,-0.564678
17490967,0.168650,0.807661,-0.011593,-0.564895
17499300,0.168461,0.806871,-0.012653,-0.566056
17507633,0.167957,0.806531,-0.014774,-0.566640
17515966,0.167729,0.808796,-0.015098,-0.563460
17524299,0.167760,0.808596,-0.014595,-0.563751
17532632,0.167608,0.808542,-0.014953,-0.563864
17540965,0.167697,0.810021,-0.016219,-0.561677
17549298,0.168149,0.809490,-0.017941,-0.562255
17557631,0.167933,0.808679,-0.018933,-0.563452
17565964,0.167403,0.808630,-0.018816,-0.563683
17574297,0.167288,0.809603,-0.017973,-0.562348
17582630,0.167033,0.809316,-0.018005,-0.562835
17590963,0.167084,0.808783,-0.016776,-0.563624
17599296,0.166858,0.809302,-0.017337,-0.562927
17607629,0.167024,0.809549,-0.017491,-0.562519
17615962,0.167004,0.811317,-0.018829,-0.559929
17624295,0.168114,0.811504,-0.018228,-0.559345
17632628,0.168006,0.811932,-0.017899,-0.558766
17640961,0.168414,0.811504,-0.017694,-0.559272
17649294,0.168598,0.811033,-0.017330,-0.559911
17657627,0.169036,0.813937,-0.018186,-0.555520
17665960,0.168365,0.815215,-0.020493,-0.553766
17674293,0.169169,0.814426,-0.019419,-0.554721
17682626,0.168595,0.814293,-0.022060,-0.554992
17690959,0.168361,0.814079,-0.022032,-0.555378
17699292,0.168161,0.813013,-0.021638,-0.557013
17707625,0.168113,0.812995,-0.021497,-0.557059
17715958,0.169132,0.813742,-0.019853,-0.555719
17724291,0.168250,0.813156,-0.022467,-0.556745
17732624,0.168446,0.812445,-0.021791,-0.557750
17740957,0.168517,0.812565,-0.021668,-0.557558
17749290,0.168720,0.812082,-0.021854,-0.558192
17757623,0.167839,0.812408,-0.023201,-0.557930
17765956,0.168274,0.811790,-0.022940,-0.558708
17774289,0.168771,0.812463,-0.022372,-0.557601
17782622,0.168376,0.811531,-0.022330,-0.559079
17790955,0.169245,0.812343,-0.021865,-0.557653
17799288,0.168878,0.811291,-0.021934,-0.559290
17807621,0.168813,0.812060,-0.022659,-0.558164
17815954,0.169668,0.812485,-0.024178,-0.557222
17824287,0.169600,0.813232,-0.024752,-0.556126
17832620,0.169179,0.810108,-0.024186,-0.560820
17840953,0.168390,0.812975,-0.023779,-0.556911
17849286,0.168277,0.814504,-0.023846,-0.554705
17857619,0.168311,0.814901,-0.024043,-0.554103
17865952,0.167683,0.813364,-0.024619,-0.556521
17874285,0.167381,0.813412,-0.023708,-0.556580
17882618,0.167495,0.813628,-0.023256,-0.556250
17890951,0.167314,0.813408,-0.024551,-0.556571
17899284,0.167282,0.813110,-0.024680,-0.557009
17907617,0.166606,0.814584,-0.022078,-0.555165
17915950,0.166520,0.815554,-0.021880,-0.553772
17924283,0.166364,0.815121,-0.022896,-0.554416
17932616,0.166428,0.814532,-0.024302,-0.555201
17940949,0.165805,0.809128,-0.021376,-0.563351
17949282,0.166230,0.812885,-0.022874,-0.557729
17957615,0.165851,0.810387,-0.021736,-0.561510
17965948,0.165677,0.809378,-0.021416,-0.563027
17974281,0.165649,0.813461,-0.021294,-0.557125
17982614,0.166414,0.814494,-0.022608,-0.555333
17990947,0.165510,0.813884,-0.022225,-0.556511
17999280,0.165198,0.813837,-0.021474,-0.556702
18007613,0.164941,0.813671,-0.021301,-0.557028
18015946,0.164179,0.810057,-0.019432,-0.562561
18024279,0.165686,0.814087,-0.019687,-0.556258
18032612,0.165607,0.815155,-0.020229,-0.554696
18040945,0.164245,0.814279,-0.020874,-0.556362
18049278,0.164926,0.815926,-0.020463,-0.553756
18057611,0.164851,0.816266,-0.020558,-0.553274
18065944,0.163163,0.814066,-0.020407,-0.557008
18074277,0.163771,0.814951,-0.020681,-0.555524
18082610,0.163724,0.811609,-0.019353,-0.560456
18090943,0.163887,0.814435,-0.019710,-0.556281
18099276,0.164321,0.815881,-0.021018,-0.553981
18107609,0.163192,0.814499,-0.021883,-0.556310
18115942,0.163794,0.815433,-0.022077,-0.554755
18124275,0.163821,0.814668,-0.023268,-0.555822
18132608,0.164350,0.814406,-0.022620,-0.556076
18140941,0.164428,0.813854,-0.021988,-0.556886
18149274,0.163986,0.812610,-0.024876,-0.558709
18157607,0.163864,0.812143,-0.025970,-0.559373
18165940,0.163985,0.812180,-0.025909,-0.559287
18174273,0.164044,0.811419,-0.025805,-0.560377
18182606,0.162578,0.805032,-0.025545,-0.569947
18190939,0.162603,0.807743,-0.027269,-0.566010
18199272,0.161742,0.803291,-0.028368,-0.572501
18207605,0.162525,0.807229,-0.028887,-0.566686
18215938,0.162506,0.807472,-0.029097,-0.566334
18224271,0.162563,0.806746,-0.029438,-0.567333
18232604,0.162327,0.804970,-0.030283,-0.569874
18240937,0.163961,0.809162,-0.029443,-0.563478
18249270,0.164555,0.811147,-0.028017,-0.560515
18257603,0.163692,0.810249,-0.029182,-0.562005
18265936,0.163611,0.809514,-0.029889,-0.563050
18274269,0.164470,0.810310,-0.029811,-0.561657
18282602,0.163283,0.807387,-0.031408,-0.566108
18290935,0.163981,0.809397,-0.030791,-0.563062
18299268,0.164782,0.807534,-0.028430,-0.565621
18307601,0.164974,0.805785,-0.028405,-0.568055
18315934,0.165288,0.803980,-0.029016,-0.570486
18324267,0.165692,0.805829,-0.029892,-0.567708
18332600,0.165988,0.802921,-0.032477,-0.571587
18340933,0.163884,0.801008,-0.031500,-0.574923
18349266,0.164735,0.802421,-0.029204,-0.572826
18357599,0.165386,0.803343,-0.029111,-0.571349
18365932,0.164162,0.800490,-0.029098,-0.575690
18374265,0.163546,0.798497,-0.029605,-0.578601
18382598,0.163363,0.798106,-0.029994,-0.579172
18390931,0.163525,0.797775,-0.029693,-0.579597
18399264,0.163161,0.798056,-0.029424,-0.579326
18407597,0.162911,0.797501,-0.031052,-0.580076
18415930,0.163396,0.793583,-0.032408,-0.585215
18424263,0.165545,0.799162,-0.028977,-0.577144
18432596,0.165961,0.803373,-0.031539,-0.571011
18440929,0.165934,0.803696,-0.032914,-0.570487
18449262,0.165892,0.802444,-0.033881,-0.572203
18457595,0.164801,0.802240,-0.031795,-0.572923
18465928,0.165185,0.802532,-0.032249,-0.572377
18474261,0.165035,0.802264,-0.033819,-0.572705
18482594,0.164512,0.800516,-0.034134,-0.575278
18490927,0.164574,0.799933,-0.033777,-0.576092
18499260,0.164867,0.799497,-0.033937,-0.576603
18507593,0.164878,0.799280,-0.034346,-0.576878
18515926,0.165963,0.800586,-0.033848,-0.574780
18524259,0.165130,0.798312,-0.033660,-0.578184
18532592,0.165176,0.798313,-0.032780,-0.578221
18540925,0.165362,0.797278,-0.034190,-0.579512
18549258,0.165668,0.795994,-0.034042,-0.581197
18557591,0.166107,0.795583,-0.034269,-0.581620
18565924,0.167250,0.796939,-0.031584,-0.579584
18574257,0.168133,0.794782,-0.033775,-0.582161
18582590,0.168837,0.793193,-0.034929,-0.584054
18590923,0.169102,0.792906,-0.035808,-0.584313
18599256,0.170219,0.792951,-0.034699,-0.583994
18607589,0.169906,0.790976,-0.034969,-0.586742
18615922,0.170172,0.790689,-0.036140,-0.586981
18624255,0.172574,0.793747,-0.035135,-0.582194
18632588,0.171673,0.791420,-0.035940,-0.585570
18640921,0.171534,0.791053,-0.037259,-0.586023
18649254,0.173029,0.794472,-0.035706,-0.581035
18657587,0.172867,0.791512,-0.036216,-0.585076
18665920,0.172264,0.790418,-0.037975,-0.586619
18674253,0.172599,0.790033,-0.038504,-0.587005
18682586,0.173067,0.789017,-0.037977,-0.588267
18690919,0.174872,0.791926,-0.035675,-0.583952
18699252,0.174731,0.789676,-0.036343,-0.586992
18707585,0.175312,0.788731,-0.036591,-0.588073
18715918,0.175886,0.788667,-0.036432,-0.587998
18724251,0.175756,0.790261,-0.035939,-0.585922
18732584,0.175974,0.788451,-0.037939,-0.588165
18740917,0.176501,0.787531,-0.038386,-0.589210
18749250,0.177698,0.789578,-0.036170,-0.586244
18757583,0.178122,0.790737,-0.038191,-0.584422
18765916,0.178904,0.789111,-0.039182,-0.586313
18774249,0.180808,0.788916,-0.037769,-0.586083
18782582,0.183492,0.793960,-0.033734,-0.578636
18790915,0.183407,0.792354,-0.035715,-0.580742
18799248,0.184412,0.792642,-0.034624,-0.580097
18807581,0.184976,0.788666,-0.036977,-0.585169
18815914,0.189152,0.789753,-0.036991,-0.582360
18824247,0.189870,0.788209,-0.035970,-0.584279
18832580,0.189901,0.786950,-0.036272,-0.585945
18840913,0.190801,0.788733,-0.034659,-0.583347
18849246,0.191727,0.790239,-0.034069,-0.581036
18857579,0.192210,0.788934,-0.035059,-0.582588
18865912,0.192701,0.787320,-0.036625,-0.584511
18874245,0.193830,0.787539,-0.035497,-0.583911
18882578,0.195853,0.784878,-0.039302,-0.586570
18890911,0.196248,0.784250,-0.038272,-0.587345
18899244,0.196809,0.783078,-0.040249,-0.588587
18907577,0.198390,0.784496,-0.039210,-0.586234
18915910,0.200011,0.784834,-0.039161,-0.585233
18924243,0.200992,0.785151,-0.038521,-0.584514
18932576,0.203083,0.786849,-0.038982,-0.581470
18940909,0.204439,0.786632,-0.036468,-0.581451
18949242,0.205449,0.787487,-0.035644,-0.579986
18957575,0.206550,0.788560,-0.036544,-0.578079
18965908,0.207408,0.788545,-0.037195,-0.577750
18974241,0.208579,0.791819,-0.037266,-0.572825
18982574,0.209225,0.791149,-0.038193,-0.573454
18990907,0.210160,0.789951,-0.038929,-0.574712
18999240,0.211515,0.788935,-0.040256,-0.575520
19007573,0.212179,0.787985,-0.040819,-0.576535
19015906,0.213546,0.788583,-0.040260,-0.575252
19024239,0.214899,0.789400,-0.041874,-0.573509
19032572,0.215705,0.790363,-0.041655,-0.571893
19040905,0.217439,0.791282,-0.040563,-0.570042
19049238,0.218890,0.790692,-0.041262,-0.570255
19057571,0.219467,0.789409,-0.043021,-0.571679
19065904,0.220962,0.789530,-0.043043,-0.570934
19074237,0.222645,0.788943,-0.042446,-0.571136
19082570,0.225270,0.790530,-0.042881,-0.567870
19090903,0.225894,0.789503,-0.042533,-0.569076
19099236,0.226072,0.789433,-0.042122,-0.569134
19107569,0.226459,0.788622,-0.041992,-0.570113
19115902,0.225504,0.786433,-0.041362,-0.573551
19124235,0.226164,0.785837,-0.042698,-0.574010
19132568,0.226952,0.785324,-0.043978,-0.574305
19140901,0.227189,0.787017,-0.044646,-0.571836
19149234,0.228568,0.785919,-0.045777,-0.572707
19157567,0.228690,0.785617,-0.046142,-0.573043
19165900,0.228881,0.785380,-0.047497,-0.573180
19174233,0.228720,0.785483,-0.047544,-0.573100
19182566,0.228124,0.784154,-0.048262,-0.575093
19190899,0.228457,0.784504,-0.049876,-0.574346
19199232,0.228835,0.784028,-0.050719,-0.574772
19207565,0.228747,0.784088,-0.051920,-0.574617
19215898,0.229535,0.783087,-0.051921,-0.575667
19224231,0.230095,0.782743,-0.051988,-0.575906
19232564,0.230356,0.781570,-0.051017,-0.577478
19240897,0.231578,0.782915,-0.050934,-0.575170
19249230,0.231538,0.782499,-0.051293,-0.575721
19257563,0.232464,0.781812,-0.051682,-0.576246
19265896,0.233644,0.781687,-0.051410,-0.575963
19274229,0.234505,0.781920,-0.050847,-0.575346
19282562,0.234542,0.781186,-0.052191,-0.576207
19290895,0.234178,0.779619,-0.053265,-0.578376
19299228,0.234988,0.780362,-0.053216,-0.577048
19307561,0.235382,0.779331,-0.053431,-0.578259
19315894,0.236662,0.780209,-0.053329,-0.576559
19324227,0.237044,0.780189,-0.053480,-0.576416
19332560,0.237196,0.779594,-0.054370,-0.577075
19340893,0.237845,0.778360,-0.053510,-0.578551
19349226,0.238697,0.777965,-0.053375,-0.578744
19357559,0.239376,0.777331,-0.052799,-0.579368
19365892,0.240321,0.775770,-0.053960,-0.580960
19374225,0.241595,0.775008,-0.054586,-0.581390
19382558,0.242905,0.776096,-0.054739,-0.579375
19390891,0.245674,0.776760,-0.053790,-0.577404
19399224,0.246669,0.775905,-0.056343,-0.577885
19407557,0.247450,0.773638,-0.057459,-0.580475
19415890,0.248747,0.771435,-0.058202,-0.582775
19424223,0.250958,0.770441,-0.060242,-0.582934
19432556,0.252881,0.769310,-0.061693,-0.583444
19440889,0.254744,0.766334,-0.061748,-0.586536
19449222,0.256915,0.765281,-0.059861,-0.587159
19457555,0.257374,0.761340,-0.060457,-0.592001
19465888,0.260374,0.756053,-0.061493,-0.597334
19474221,0.264405,0.753686,-0.062713,-0.598427
19482554,0.268939,0.753444,-0.061142,-0.596872
19490887,0.273081,0.750092,-0.061970,-0.599123
19499220,0.276716,0.745494,-0.065195,-0.602840
19507553,0.282226,0.742559,-0.068268,-0.603567
19515886,0.286937,0.742154,-0.069630,-0.601686
19524219,0.291598,0.739893,-0.071647,-0.601993
19532552,0.296526,0.736065,-0.077822,-0.603510
19540885,0.301124,0.734551,-0.077177,-0.603161
19549218,0.306482,0.733894,-0.077244,-0.601250
19557551,0.311275,0.732795,-0.080773,-0.599662
19565884,0.316456,0.735292,-0.080143,-0.593952
19574217,0.321984,0.736404,-0.080780,-0.589499
19582550,0.325761,0.733641,-0.083843,-0.590441
19590883,0.329527,0.733668,-0.084952,-0.588155
19599216,0.333348,0.735570,-0.084512,-0.583672
19607549,0.335769,0.737300,-0.083334,-0.580261
19615882,0.337552,0.738262,-0.083155,-0.578025
19624215,0.338591,0.739197,-0.082468,-0.576318
19632548,0.338828,0.739370,-0.080499,-0.576236
19640881,0.339807,0.742034,-0.076213,-0.572808
19649214,0.338082,0.742606,-0.073001,-0.573506
19657547,0.337755,0.747477,-0.068357,-0.567914
19665880,0.336988,0.752803,-0.063541,-0.561862
19674213,0.335605,0.758582,-0.057679,-0.555515
19682546,0.334984,0.766848,-0.049381,-0.545244
19690879,0.333398,0.773874,-0.039102,-0.537063
19699212,0.330547,0.781824,-0.031048,-0.527755
19707545,0.328444,0.793193,-0.022830,-0.512296
19715878,0.327768,0.804723,-0.009339,-0.494876
19724211,0.325285,0.810543,0.002066,-0.487037
19732544,0.323514,0.818575,0.014036,-0.474423
19740877,0.320000,0.830749,0.027562,-0.454639
19749210,0.317635,0.839504,0.039262,-0.439089
19757543,0.316970,0.844886,0.052940,-0.427662
19765876,0.314030,0.854427,0.062623,-0.409167
19774209,0.313131,0.860100,0.077370,-0.395210
19782542,0.309594,0.868164,0.087668,-0.377832
19790875,0.313908,0.874401,0.092468,-0.358239
19799208,0.312033,0.875095,0.105623,-0.354524
19807541,0.310019,0.876550,0.115051,-0.349729
19815874,0.310616,0.881492,0.121955,-0.334090
19824207,0.310717,0.883898,0.127326,-0.325525
19832540,0.312194,0.884204,0.132143,-0.321335
19840873,0.313184,0.886856,0.135804,-0.311384
19849206,0.314615,0.887063,0.140735,-0.307131
19857539,0.315525,0.888236,0.143015,-0.301709
19865872,0.316335,0.888677,0.147437,-0.297401
19874205,0.317241,0.889215,0.150282,-0.293376
19882538,0.318045,0.888283,0.149309,-0.295816
19890871,0.320743,0.887833,0.148671,-0.294574
19899204,0.322621,0.886828,0.148684,-0.295541
19907537,0.324112,0.885947,0.147671,-0.297055
19915870,0.325922,0.884900,0.146580,-0.298733
19924203,0.327394,0.883684,0.143627,-0.302137
19932536,0.328274,0.882259,0.140395,-0.306830
19940869,0.330498,0.883372,0.137131,-0.302687
19949202,0.330622,0.883079,0.133228,-0.305140
19957535,0.331636,0.880137,0.127193,-0.314957
19965868,0.333660,0.878953,0.127641,-0.315944
19974201,0.334766,0.877614,0.125157,-0.319471
19982534,0.334880,0.877113,0.120961,-0.322330
19990867,0.335190,0.876732,0.116377,-0.324723
19999200,0.337178,0.874501,0.111698,-0.330275
20007533,0.338878,0.871503,0.107468,-0.337779
20015866,0.340346,0.869220,0.103070,-0.343509
20024199,0.341003,0.867982,0.098310,-0.347361
20032532,0.343327,0.867441,0.092156,-0.348109
20040865,0.343158,0.865545,0.089459,-0.353653
20049198,0.343820,0.863244,0.085718,-0.359514
20057531,0.343606,0.861067,0.082277,-0.365691
20065864,0.344757,0.858903,0.078455,-0.370504
20074197,0.346264,0.857830,0.076793,-0.371930
20082530,0.347335,0.856059,0.074424,-0.375477
20090863,0.346747,0.855067,0.071748,-0.378787
20099196,0.346628,0.854254,0.069189,-0.381198
20107529,0.348097,0.853417,0.065504,-0.382384
20115862,0.349196,0.853334,0.063845,-0.381848
20124195,0.349150,0.851654,0.062358,-0.385863
20132528,0.349252,0.851894,0.061448,-0.385388
20140861,0.349825,0.849733,0.061012,-0.389683
20149194,0.349980,0.848326,0.060295,-0.392710
20157527,0.350181,0.847187,0.058451,-0.395261
20165860,0.349204,0.846921,0.057568,-0.396822
20174193,0.349445,0.844526,0.055732,-0.401943
20182526,0.349147,0.843443,0.054804,-0.404595
20190859,0.348735,0.842314,0.053213,-0.407504
20199192,0.350693,0.842912,0.051134,-0.404845
20207525,0.350599,0.842280,0.049235,-0.406473
20215858,0.349091,0.839034,0.047897,-0.414564
20224191,0.349292,0.838829,0.046764,-0.414939
20232524,0.349959,0.837063,0.045773,-0.418043
20240857,0.350318,0.835113,0.044126,-0.421801
20249190,0.349451,0.834640,0.041979,-0.423671
20257523,0.349340,0.831696,0.039971,-0.429703
20265856,0.348008,0.829710,0.038882,-0.434694
20274189,0.346430,0.827981,0.037526,-0.439347
20282522,0.345440,0.826674,0.036274,-0.442680
20290855,0.344636,0.823467,0.033617,-0.449442
20299188,0.344778,0.821290,0.031222,-0.453471
20307521,0.344112,0.818373,0.029040,-0.459357
20315854,0.343757,0.815952,0.026529,-0.464057
20324187,0.342989,0.812630,0.024241,-0.470534
20332520,0.342431,0.809895,0.022463,-0.475717
20340853,0.342165,0.808045,0.019564,-0.479170
20349186,0.342856,0.805812,0.017474,-0.482505
20357519,0.342921,0.804254,0.014497,-0.485149
20365852,0.342905,0.802059,0.012582,-0.488835
20374185,0.342478,0.800214,0.010722,-0.492191
20382518,0.342195,0.798624,0.008019,-0.495013
20390851,0.341766,0.797815,0.006051,-0.496640
20399184,0.341980,0.797629,0.004687,-0.496805
20407517,0.341919,0.797196,0.004398,-0.497544
20415850,0.341685,0.796706,0.002898,-0.498500
20424183,0.341180,0.794699,0.000732,-0.502044
20432516,0.340729,0.793383,-0.000343,-0.504427
20440849,0.339873,0.792267,-0.001562,-0.506751
20449182,0.339958,0.791416,-0.001684,-0.508023
20457515,0.338795,0.790113,-0.001393,-0.510820
20465848,0.337393,0.788315,-0.000895,-0.514514
20474181,0.337385,0.787403,-0.002623,-0.515908
20482514,0.337616,0.786611,-0.003691,-0.516958
20490847,0.337131,0.785281,-0.003739,-0.519290
20499180,0.337583,0.784621,-0.005067,-0.519983
20507513,0.337988,0.785808,-0.005338,-0.517920
20515846,0.338273,0.785321,-0.006574,-0.518458
20524179,0.337851,0.784385,-0.007019,-0.520142
20532512,0.337408,0.784457,-0.006955,-0.520322
20540845,0.337685,0.784339,-0.006240,-0.520329
20549178,0.337693,0.784816,-0.006285,-0.519604
20557511,0.337425,0.784540,-0.005719,-0.520200
20565844,0.337123,0.784262,-0.006930,-0.520801
20574177,0.336997,0.783217,-0.007095,-0.522451
20582510,0.336898,0.783305,-0.006626,-0.522388
20590843,0.336891,0.782965,-0.006224,-0.522907
20599176,0.336530,0.782356,-0.006182,-0.524050
20607509,0.335494,0.782769,-0.007684,-0.524078
20615842,0.335495,0.782142,-0.005272,-0.525041
20624175,0.335437,0.782542,-0.006239,-0.524473
20632508,0.334970,0.782484,-0.006879,-0.524849
20640841,0.335339,0.782382,-0.007035,-0.524763
20649174,0.335345,0.783157,-0.005997,-0.523615
20657507,0.334974,0.783248,-0.008295,-0.523685
20665840,0.334834,0.782657,-0.007796,-0.524665
20674173,0.334822,0.782369,-0.008743,-0.525088
20682506,0.334350,0.782109,-0.008077,-0.525785
20690839,0.334212,0.782399,-0.008553,-0.525434
20699172,0.334302,0.782198,-0.008398,-0.525678
20707505,0.334462,0.783368,-0.007502,-0.523845
20715838,0.334573,0.783611,-0.008467,-0.523396
20724171,0.334671,0.782956,-0.008245,-0.524316
20732504,0.334526,0.783287,-0.009082,-0.523900
20740837,0.334423,0.783167,-0.009604,-0.524136
20749170,0.334445,0.782965,-0.009036,-0.524434
20757503,0.334323,0.783026,-0.009129,-0.524419
20765836,0.334256,0.782304,-0.009387,-0.525534
20774169,0.333884,0.782789,-0.009742,-0.525041
20782502,0.333789,0.781916,-0.010155,-0.526392
20790835,0.334567,0.782310,-0.011007,-0.525294
20799168,0.334089,0.781936,-0.011197,-0.526151
20807501,0.334536,0.781244,-0.011839,-0.526880
20815834,0.335016,0.782627,-0.011153,-0.524533
20824167,0.334423,0.782344,-0.011419,-0.525326
20832500,0.334209,0.781634,-0.012384,-0.526498
20840833,0.334174,0.781892,-0.012602,-0.526132
20849166,0.334163,0.781781,-0.012774,-0.526298
20857499,0.333952,0.781784,-0.013192,-0.526417
20865832,0.333758,0.781887,-0.013536,-0.526379
20874165,0.334114,0.781694,-0.013393,-0.526444
20882498,0.334289,0.782099,-0.012899,-0.525743
20890831,0.333589,0.781675,-0.013787,-0.526795
20899164,0.333446,0.781440,-0.014470,-0.527214
20907497,0.333472,0.781429,-0.014298,-0.527220
20915830,0.332917,0.780598,-0.014093,-0.528805
20924163,0.332937,0.780428,-0.013611,-0.529055
20932496,0.332309,0.780569,-0.014237,-0.529226
20940829,0.332401,0.781315,-0.014583,-0.528056
20949162,0.332153,0.781463,-0.012956,-0.528036
20957495,0.331696,0.781294,-0.014106,-0.528543
20965828,0.331714,0.781820,-0.013919,-0.527760
20974161,0.331493,0.782743,-0.013599,-0.526537
20982494,0.330798,0.781807,-0.013090,-0.528374
20990827,0.331074,0.781769,-0.013727,-0.528241
20999160,0.331509,0.781560,-0.014378,-0.528261
21007493,0.331444,0.781717,-0.015015,-0.528051
21015826,0.330650,0.781592,-0.014224,-0.528756
21024159,0.331312,0.781772,-0.014607,-0.528064
21032492,0.331275,0.782378,-0.014320,-0.527198
21040825,0.330866,0.782654,-0.014166,-0.527049
21049158,0.330857,0.782133,-0.014879,-0.527808
21057491,0.331146,0.781388,-0.014632,-0.528736
21065824,0.331704,0.782523,-0.015171,-0.526688
21074157,0.331155,0.782906,-0.014666,-0.526478
21082490,0.331614,0.783133,-0.015374,-0.525831
21090823,0.331446,0.782449,-0.016423,-0.526923
21099156,0.331915,0.782456,-0.016317,-0.526620
21107489,0.330848,0.781346,-0.017074,-0.528910
21115822,0.330575,0.782327,-0.017526,-0.527615
21124155,0.329615,0.780706,-0.019718,-0.530530
21132488,0.330653,0.781230,-0.019230,-0.529129
21140821,0.330571,0.781621,-0.017844,-0.528652
21149154,0.330348,0.782370,-0.017202,-0.527704
21157487,0.330449,0.781975,-0.017155,-0.528227
21165820,0.330714,0.781255,-0.016612,-0.529144
21174153,0.330342,0.781226,-0.018166,-0.529368
21182486,0.331454,0.781192,-0.020201,-0.528649
21190819,0.331195,0.781074,-0.020726,-0.528965
21199152,0.330355,0.780214,-0.020130,-0.530779
21207485,0.330172,0.779740,-0.020417,-0.531577
21215818,0.330446,0.778415,-0.022967,-0.533243
21224151,0.330354,0.777607,-0.022896,-0.534481
21232484,0.331655,0.780294,-0.020218,-0.529846
21240817,0.331597,0.780904,-0.019821,-0.528999
21249150,0.330490,0.779198,-0.022718,-0.532081
21257483,0.330286,0.778602,-0.023713,-0.533036
21265816,0.330677,0.777734,-0.023785,-0.534057
21274149,0.329953,0.777801,-0.023810,-0.534406
21282482,0.331756,0.781173,-0.019886,-0.528498
21290815,0.331644,0.782536,-0.018145,-0.526613
21299148,0.331338,0.781265,-0.020538,-0.528599
21307481,0.331337,0.781165,-0.021008,-0.528730
21315814,0.331422,0.779701,-0.022330,-0.530779
21324147,0.331977,0.781034,-0.021160,-0.528517
21332480,0.332119,0.781248,-0.021272,-0.528107
21340813,0.332202,0.781201,-0.021389,-0.528119
21349146,0.331557,0.781825,-0.020603,-0.527632
21357479,0.331861,0.781060,-0.021463,-0.528539
21365812,0.332065,0.781326,-0.021474,-0.528016
21374145,0.332238,0.781002,-0.021025,-0.528405
21382478,0.332156,0.781269,-0.020854,-0.528068
21390811,0.332138,0.781487,-0.020849,-0.527758
21399144,0.332027,0.781303,-0.021269,-0.528083
21407477,0.331025,0.779596,-0.021268,-0.531224
21415810,0.330766,0.778970,-0.020763,-0.532323
21424143,0.331628,0.780965,-0.020580,-0.528859
21432476,0.331629,0.779977,-0.020363,-0.530325
21440809,0.331853,0.780897,-0.019884,-0.528846
21449142,0.331995,0.780780,-0.019972,-0.528927
21457475,0.331575,0.781043,-0.021383,-0.528746
21465808,0.330903,0.780228,-0.021183,-0.530375
21474141,0.332025,0.780876,-0.019563,-0.528781
21482474,0.332131,0.780919,-0.019377,-0.528658
21490807,0.332678,0.780393,-0.019850,-0.529073
21499140,0.332766,0.780666,-0.020133,-0.528603
21507473,0.332204,0.780281,-0.020533,-0.529510
21515806,0.332263,0.780265,-0.020564,-0.529495
21524139,0.332723,0.779908,-0.020627,-0.529729
21532472,0.332290,0.780665,-0.019633,-0.528924
21540805,0.331663,0.779384,-0.021042,-0.531148
21549138,0.332113,0.779928,-0.020853,-0.530074
21557471,0.332118,0.780836,-0.018925,-0.528805
21565804,0.332188,0.781412,-0.018398,-0.527927
21574137,0.332250,0.780978,-0.019032,-0.528508
21582470,0.332374,0.781873,-0.020012,-0.527068
21590803,0.332178,0.781096,-0.019383,-0.528367
21599136,0.331880,0.780880,-0.019071,-0.528883
21607469,0.332482,0.780094,-0.020693,-0.529605
21615802,0.332799,0.780539,-0.021772,-0.528706
21624135,0.332371,0.780166,-0.020983,-0.529556
21632468,0.331793,0.780719,-0.019782,-0.529151
21640801,0.331304,0.780290,-0.019727,-0.530091
21649134,0.331861,0.779637,-0.020811,-0.530661
21657467,0.331567,0.779480,-0.020084,-0.531104
21665800,0.331430,0.778943,-0.019977,-0.531980
21674133,0.331202,0.779076,-0.020073,-0.531924
21682466,0.331021,0.778773,-0.020360,-0.532468
21690799,0.330525,0.778839,-0.020522,-0.532674
21699132,0.330329,0.779716,-0.019916,-0.531535
21707465,0.330809,0.780196,-0.022219,-0.530439
21715798,0.329990,0.778709,-0.023946,-0.533053
21724131,0.330853,0.779809,-0.022966,-0.530949
21732464,0.330511,0.778503,-0.023943,-0.533032
21740797,0.330307,0.777730,-0.024863,-0.534243
21749130,0.330888,0.779318,-0.023891,-0.531607
21757463,0.330978,0.780368,-0.023584,-0.530023
21765796,0.330772,0.780194,-0.024405,-0.530369
21774129,0.330031,0.780256,-0.022973,-0.530803
21782462,0.330066,0.780690,-0.023565,-0.530117
21790795,0.330483,0.780580,-0.023806,-0.530009
21799128,0.330261,0.779405,-0.023915,-0.531868
21807461,0.329715,0.779847,-0.023886,-0.531560
21815794,0.329487,0.780853,-0.024031,-0.530217
21824127,0.329506,0.780217,-0.024363,-0.531125
21832460,0.328870,0.779033,-0.023908,-0.533274
21840793,0.329653,0.780392,-0.023456,-0.530817
21849126,0.329474,0.780245,-0.024855,-0.531081
21857459,0.329833,0.780098,-0.024992,-0.531067
21865792,0.329547,0.780683,-0.024699,-0.530398
21874125,0.329627,0.780094,-0.025474,-0.531178
21882458,0.329467,0.780752,-0.024825,-0.530340
21890791,0.329663,0.780346,-0.025143,-0.530802
21899124,0.329500,0.780594,-0.025019,-0.530543
21907457,0.328700,0.778389,-0.026656,-0.534188
21915790,0.329189,0.779255,-0.026424,-0.532634
21924123,0.329402,0.780176,-0.026306,-0.531156
21932456,0.329616,0.780210,-0.026303,-0.530974
21940789,0.329407,0.780070,-0.026412,-0.531304
21949122,0.329485,0.779804,-0.026623,-0.531636
21957455,0.329033,0.778264,-0.027391,-0.534127
21965788,0.328642,0.776556,-0.029087,-0.536758
21974121,0.329055,0.777922,-0.026524,-0.534656
21982454,0.329691,0.779744,-0.024935,-0.531679
21990787,0.329835,0.780005,-0.025927,-0.531159
21999120,0.329781,0.780504,-0.025530,-0.530478
22007453,0.329755,0.779989,-0.026810,-0.531187
22015786,0.329511,0.780205,-0.027249,-0.530998
22024119,0.329819,0.779041,-0.027222,-0.532516
22032452,0.329616,0.778438,-0.028388,-0.533462
22040785,0.329603,0.779602,-0.028733,-0.531749
22049118,0.329916,0.779677,-0.028049,-0.531482
22057451,0.329926,0.779151,-0.030397,-0.532117
22065784,0.330471,0.780052,-0.028762,-0.530547
22074117,0.330154,0.780099,-0.028455,-0.530693
22082450,0.330454,0.780550,-0.028906,-0.529817
22090783,0.329541,0.778308,-0.032322,-0.533474
22099116,0.328973,0.776862,-0.033379,-0.535863
22107449,0.330264,0.779214,-0.029561,-0.531862
22115782,0.329586,0.778141,-0.031053,-0.533765
22124115,0.330341,0.779413,-0.029500,-0.531525
22132448,0.330321,0.779723,-0.029199,-0.531101
22140781,0.329887,0.779126,-0.029613,-0.532222
22149114,0.329291,0.777252,-0.032473,-0.535157
22157447,0.329708,0.778503,-0.030520,-0.533193
22165780,0.330250,0.779016,-0.029190,-0.532181
22174113,0.330646,0.779660,-0.029374,-0.530981
22182446,0.329709,0.777974,-0.029706,-0.534010
22190779,0.329557,0.777653,-0.029509,-0.534581
22199112,0.329500,0.776523,-0.031201,-0.536161
22207445,0.329864,0.777736,-0.029026,-0.534298
22215778,0.330597,0.778499,-0.029027,-0.532730
22224111,0.330816,0.779441,-0.029076,-0.531213
22232444,0.330255,0.777954,-0.030589,-0.533651
22240777,0.329709,0.777148,-0.030167,-0.535185
22249110,0.329833,0.777727,-0.028206,-0.534374
22257443,0.330353,0.778469,-0.027952,-0.532983
22265776,0.330450,0.779120,-0.027715,-0.531983
22274109,0.329906,0.777763,-0.029291,-0.534218
22282442,0.330312,0.778763,-0.028925,-0.532528
22290775,0.330612,0.779070,-0.027877,-0.531948
22299108,0.330695,0.779218,-0.027777,-0.531684
22307441,0.330339,0.778868,-0.029458,-0.532328
22315774,0.330613,0.778564,-0.029761,-0.532585
22324107,0.330164,0.778712,-0.027356,-0.532777
22332440,0.330274,0.777704,-0.030071,-0.534033
22340773,0.330288,0.777576,-0.031731,-0.534114
22349106,0.330203,0.778401,-0.030905,-0.533012
22357439,0.330593,0.779788,-0.028482,-0.530874
22365772,0.330229,0.778127,-0.030269,-0.533434
22374105,0.330369,0.778834,-0.028831,-0.532393
22382438,0.330310,0.777724,-0.030829,-0.533939
22390771,0.330774,0.779147,-0.029376,-0.531653
22399104,0.330717,0.780244,-0.028859,-0.530106
22407437,0.330937,0.780910,-0.028708,-0.528996
22415770,0.329957,0.779090,-0.029644,-0.532230
22424103,0.329695,0.778321,-0.031009,-0.533438
22432436,0.330388,0.779799,-0.029771,-0.530915
22440769,0.330461,0.778810,-0.031523,-0.532219
22449102,0.329807,0.778972,-0.030472,-0.532449
22457435,0.330056,0.778642,-0.030425,-0.532779
22465768,0.329719,0.779424,-0.029689,-0.531885
22474101,0.330613,0.780024,-0.029158,-0.530478
22482434,0.329721,0.778289,-0.031350,-0.533448
22490767,0.330058,0.779715,-0.030078,-0.531227
22499100,0.329811,0.778223,-0.030632,-0.533531
22507433,0.330083,0.779524,-0.029650,-0.531515
22515766,0.329725,0.777662,-0.032913,-0.534265
22524099,0.329810,0.778853,-0.030581,-0.532614
22532432,0.329721,0.779284,-0.029397,-0.532106
22540765,0.329574,0.778498,-0.031535,-0.533223
22549098,0.328734,0.777578,-0.033044,-0.534989
22557431,0.328948,0.778827,-0.030534,-0.533188
22565764,0.329277,0.779578,-0.030007,-0.531916
22574097,0.328614,0.778028,-0.029306,-0.534628
22582430,0.329144,0.778310,-0.029450,-0.533882
22590763,0.328847,0.777390,-0.031477,-0.535289
22599096,0.329189,0.778731,-0.030223,-0.533197
22607429,0.328831,0.778666,-0.030194,-0.533514
22615762,0.329176,0.779570,-0.029305,-0.532030
22624095,0.328868,0.778258,-0.030884,-0.534048
22632428,0.329585,0.779759,-0.029899,-0.531466
22640761,0.329710,0.779361,-0.029620,-0.531988
22649094,0.329885,0.780119,-0.030054,-0.530742
22657427,0.329106,0.778801,-0.030697,-0.533119
22665760,0.329141,0.779015,-0.030700,-0.532785
22674093,0.329537,0.778974,-0.030587,-0.532606
22682426,0.329005,0.778648,-0.032099,-0.533323
22690759,0.329449,0.779328,-0.030681,-0.532138
22699092,0.328861,0.777935,-0.033210,-0.534382
22707425,0.328960,0.778703,-0.032345,-0.533255
22715758,0.328531,0.778345,-0.031980,-0.534064
22724091,0.329265,0.779508,-0.030462,-0.532000
22732424,0.328877,0.779831,-0.030285,-0.531776
22740757,0.329184,0.778815,-0.030637,-0.533055
22749090,0.328709,0.778174,-0.031837,-0.534212
22757423,0.328523,0.778955,-0.030832,-0.533246
22765756,0.328286,0.777846,-0.032068,-0.534936
22774089,0.328827,0.777494,-0.033446,-0.535029
22782422,0.328794,0.778193,-0.032754,-0.534076
22790755,0.329510,0.779918,-0.030636,-0.531237
22799088,0.329202,0.778140,-0.032284,-0.533931
22807421,0.329336,0.778988,-0.030812,-0.532697
22815754,0.328753,0.777899,-0.033477,-0.534485
22824087,0.329011,0.778663,-0.032120,-0.533295
22832420,0.328765,0.778138,-0.032603,-0.534184
22840753,0.328714,0.778012,-0.032639,-0.534396
22849086,0.328453,0.777537,-0.032862,-0.535234
22857419,0.328668,0.777689,-0.032267,-0.534917
22865752,0.328850,0.777761,-0.031475,-0.534747
22874085,0.328589,0.777371,-0.032935,-0.535386
22882418,0.329144,0.778176,-0.031549,-0.533958
22890751,0.329473,0.778269,-0.031214,-0.533638
22899084,0.329066,0.778042,-0.031419,-0.534209
22907417,0.329405,0.778213,-0.031184,-0.533764
22915750,0.329294,0.778553,-0.031011,-0.533347
22924083,0.329037,0.777987,-0.032726,-0.534229
22932416,0.329184,0.778360,-0.031144,-0.533689
22940749,0.329082,0.778866,-0.031134,-0.533014
22949082,0.328677,0.778118,-0.031575,-0.534328
22957415,0.328636,0.778318,-0.031117,-0.534089
22965748,0.328748,0.778796,-0.030147,-0.533378
22974081,0.328923,0.778981,-0.029385,-0.533042
22982414,0.329157,0.778932,-0.029149,-0.532983
22990747,0.328249,0.777033,-0.032331,-0.536122
22999080,0.328748,0.778542,-0.029780,-0.533770
23007413,0.328874,0.778288,-0.030396,-0.534028
23015746,0.329174,0.780370,-0.028133,-0.530920
23024079,0.328848,0.778783,-0.029072,-0.533396
23032412,0.328678,0.777539,-0.030926,-0.535208
23040745,0.329017,0.778217,-0.030109,-0.534059
23049078,0.329393,0.778227,-0.029871,-0.533826
23057411,0.329806,0.778534,-0.029798,-0.533128
23065744,0.329036,0.777322,-0.029367,-0.535391
23074077,0.328867,0.777184,-0.028960,-0.535717
23082410,0.329516,0.777925,-0.030923,-0.534131
23090743,0.328910,0.777454,-0.030788,-0.535197
23099076,0.328294,0.776553,-0.031066,-0.536864
23107409,0.327889,0.776178,-0.031122,-0.537650
23115742,0.328511,0.777726,-0.031384,-0.535013
23124075,0.328412,0.779577,-0.030189,-0.532442
23132408,0.327502,0.778123,-0.030866,-0.535083
23140741,0.327647,0.779308,-0.029654,-0.533336
23149074,0.327144,0.778132,-0.030134,-0.535332
23157407,0.327111,0.778888,-0.029722,-0.534274
23165740,0.326621,0.779330,-0.029038,-0.533967
23174073,0.326645,0.780474,-0.028440,-0.532310
23182406,0.326304,0.779623,-0.028855,-0.533742
23190739,0.326223,0.778858,-0.028849,-0.534908
23199072,0.326536,0.779362,-0.029034,-0.533972
23207405,0.326403,0.779098,-0.029105,-0.534434
23215738,0.326782,0.779620,-0.028989,-0.533447
23224071,0.327488,0.780895,-0.028773,-0.531156
23232404,0.327025,0.779958,-0.029633,-0.532769
23240737,0.326806,0.779420,-0.030101,-0.533664
23249070,0.326762,0.779189,-0.030173,-0.534023
23257403,0.326824,0.779292,-0.030045,-0.533842
23265736,0.327183,0.779239,-0.030372,-0.533681
23274069,0.326289,0.778928,-0.030580,-0.534669
23282402,0.325782,0.778854,-0.030179,-0.535109
23290735,0.326358,0.779323,-0.030461,-0.534059
23299068,0.326599,0.779470,-0.030263,-0.533708
23307401,0.326433,0.779869,-0.029806,-0.533252
23315734,0.326515,0.779577,-0.030685,-0.533578
23324067,0.325309,0.777683,-0.030736,-0.537065
23332400,0.324586,0.778669,-0.033758,-0.535891
23340733,0.325857,0.779926,-0.031086,-0.533447
23349066,0.325729,0.779366,-0.031170,-0.534338
23357399,0.326496,0.779657,-0.030967,-0.533456
23365732,0.326347,0.780225,-0.030433,-0.532748
23374065,0.325795,0.780927,-0.031502,-0.531995
23382398,0.326092,0.779950,-0.031937,-0.533218
23390731,0.325623,0.778983,-0.031509,-0.534942
23399064,0.325275,0.778556,-0.031109,-0.535797
23407397,0.326165,0.779945,-0.030222,-0.533281
23415730,0.326411,0.780926,-0.031940,-0.531592
23424063,0.325952,0.781173,-0.032313,-0.531489
23432396,0.326246,0.779847,-0.032419,-0.533246
23440729,0.325475,0.779509,-0.032379,-0.534213
23449062,0.325669,0.780000,-0.033550,-0.533304
23457395,0.325910,0.779937,-0.031670,-0.533364
23465728,0.325416,0.781110,-0.032400,-0.531905
23474061,0.325537,0.779975,-0.031917,-0.533523
23482394,0.326185,0.779322,-0.031359,-0.534114
23490727,0.326131,0.780318,-0.031113,-0.532704
23499060,0.325846,0.780291,-0.031059,-0.532922
23507393,0.325149,0.780995,-0.032934,-0.532203
23515726,0.324952,0.781516,-0.033434,-0.531528
23524059,0.325185,0.780784,-0.031893,-0.532554
23532392,0.324737,0.781390,-0.032863,-0.531879
23540725,0.325472,0.780816,-0.030998,-0.532385
23549058,0.325319,0.780361,-0.031251,-0.533129
23557391,0.325228,0.779954,-0.031260,-0.533780
23565724,0.324609,0.778285,-0.031975,-0.536543
23574057,0.325109,0.779796,-0.030937,-0.534102
23582390,0.325530,0.780405,-0.031049,-0.532949
23590723,0.325694,0.780568,-0.030850,-0.532622
23599056,0.325801,0.780449,-0.031287,-0.532705
23607389,0.325761,0.778890,-0.031818,-0.534975
23615722,0.325127,0.776924,-0.034620,-0.538037
23624055,0.325303,0.776399,-0.035234,-0.538648
23632388,0.325477,0.777054,-0.033555,-0.537704
23640721,0.325863,0.779162,-0.032070,-0.534502
23649054,0.325868,0.778424,-0.032292,-0.535559
23657387,0.326020,0.779479,-0.032233,-0.533933
23665720,0.326004,0.780143,-0.031843,-0.532996
23674053,0.325590,0.780040,-0.031403,-0.533425
23682386,0.325166,0.780878,-0.032936,-0.532364
23690719,0.325233,0.779911,-0.030826,-0.533866
23699052,0.325073,0.778358,-0.031472,-0.536187
23707385,0.324817,0.777606,-0.032203,-0.537388
23715718,0.325084,0.777560,-0.032887,-0.537252
23724051,0.325558,0.779303,-0.032274,-0.534469
23732384,0.325284,0.778846,-0.031592,-0.535343
23740717,0.324845,0.777952,-0.031408,-0.536917
23749050,0.325025,0.777367,-0.032523,-0.537589
23757383,0.326083,0.779226,-0.032960,-0.534218
23765716,0.326090,0.779155,-0.031538,-0.534404
23774049,0.325929,0.779652,-0.031781,-0.533763
23782382,0.325768,0.779978,-0.032115,-0.533365
23790715,0.324867,0.778068,-0.033298,-0.536621
23799048,0.324760,0.777565,-0.032550,-0.537461
23807381,0.325280,0.779447,-0.031522,-0.534473
23815714,0.325091,0.780568,-0.031357,-0.532960
23824047,0.324971,0.779509,-0.030652,-0.534621
23832380,0.325392,0.780479,-0.030626,-0.532949
23840713,0.325210,0.780439,-0.030919,-0.533103
23849046,0.325290,0.780502,-0.030929,-0.532960
23857379,0.325449,0.780152,-0.031122,-0.533364
23865712,0.326333,0.780721,-0.030824,-0.532008
23874045,0.325940,0.779863,-0.030881,-0.533502
23882378,0.325556,0.780189,-0.030964,-0.533254
23890711,0.325823,0.780082,-0.031480,-0.533217
23899044,0.325965,0.780530,-0.031805,-0.532456
23907377,0.325068,0.777764,-0.031680,-0.537038
23915710,0.324875,0.777218,-0.032235,-0.537912
23924043,0.324916,0.777408,-0.032651,-0.537587
23932376,0.325476,0.779072,-0.031142,-0.534924
23940709,0.325812,0.779933,-0.031315,-0.533451
23949042,0.325574,0.778951,-0.030537,-0.535074
23957375,0.325338,0.778274,-0.031311,-0.536156
23965708,0.324767,0.777494,-0.032452,-0.537565
23974041,0.324839,0.778820,-0.031354,-0.535665
23982374,0.324106,0.777672,-0.031401,-0.537769
23990707,0.325593,0.780006,-0.030488,-0.533527
23999040,0.325473,0.780514,-0.029840,-0.532893
24007373,0.325396,0.780500,-0.030388,-0.532929
24015706,0.325393,0.780425,-0.030958,-0.533009
24024039,0.325519,0.780009,-0.031303,-0.533520
24032372,0.325484,0.780139,-0.031762,-0.533324
24040705,0.324742,0.778382,-0.031457,-0.536353
24049038,0.325370,0.779662,-0.031223,-0.534123
24057371,0.325227,0.779039,-0.032224,-0.535059
24065704,0.325310,0.779399,-0.032029,-0.534495
24074037,0.325177,0.780031,-0.031799,-0.533668
24082370,0.325923,0.780006,-0.031077,-0.533291
24090703,0.325382,0.779057,-0.031286,-0.534993
24099036,0.323759,0.778868,-0.033293,-0.536131
24107369,0.324086,0.778062,-0.032558,-0.537148
24115702,0.324230,0.778396,-0.032211,-0.536598
24124035,0.324867,0.780103,-0.031396,-0.533775
24132368,0.324180,0.778332,-0.031429,-0.536767
24140701,0.324589,0.779613,-0.031411,-0.534658
24149034,0.324468,0.779061,-0.031665,-0.535520
24157367,0.324584,0.778875,-0.032801,-0.535652
24165700,0.324697,0.777840,-0.032924,-0.537078
24174033,0.324752,0.779069,-0.031564,-0.535342
24182366,0.324784,0.780063,-0.031534,-0.533875
24190699,0.324830,0.780367,-0.032039,-0.533372
24199032,0.324647,0.778164,-0.033706,-0.536590
24207365,0.325041,0.779133,-0.032604,-0.535011
24215698,0.325286,0.778161,-0.031797,-0.536324
24224031,0.325185,0.779688,-0.031370,-0.534188
24232364,0.324673,0.779595,-0.030444,-0.534688
24240697,0.324049,0.777991,-0.031979,-0.537308
24249030,0.324577,0.777718,-0.032690,-0.537341
24257363,0.324908,0.778075,-0.032672,-0.536626
24265696,0.325040,0.779737,-0.031895,-0.534173
24274029,0.325025,0.778553,-0.031440,-0.535934
24282362,0.324375,0.777851,-0.032098,-0.537306
24290695,0.324080,0.777615,-0.032776,-0.537785
24299028,0.324195,0.777833,-0.032289,-0.537430
24307361,0.324086,0.778548,-0.031467,-0.536508
24315694,0.324410,0.778061,-0.032279,-0.536971
24324027,0.324125,0.776824,-0.034613,-0.538785
24332360,0.324527,0.776979,-0.035278,-0.538277
24340693,0.324211,0.777434,-0.034041,-0.537890
24349026,0.323616,0.776319,-0.035040,-0.539790
24357359,0.324484,0.776966,-0.034828,-0.538351
24365692,0.325283,0.776866,-0.035230,-0.537986
24374025,0.324815,0.776951,-0.035222,-0.538147
24382358,0.324664,0.777141,-0.035019,-0.537976
24390691,0.324265,0.777376,-0.034333,-0.537922
24399024,0.324628,0.776835,-0.035134,-0.538432
24407357,0.324810,0.776968,-0.035334,-0.538118
24415690,0.324292,0.776435,-0.035563,-0.539184
24424023,0.324169,0.776784,-0.035388,-0.538765
24432356,0.324733,0.777226,-0.034869,-0.537821
24440689,0.324013,0.776515,-0.035147,-0.539264
24449022,0.324458,0.776100,-0.035583,-0.539564
24457355,0.325284,0.777267,-0.034932,-0.537426
24465688,0.324905,0.776842,-0.034942,-0.538268
24474021,0.325166,0.777205,-0.034817,-0.537595
24482354,0.324753,0.776800,-0.035243,-0.538400
24490687,0.325260,0.777157,-0.035196,-0.537582
24499020,0.325628,0.777210,-0.035166,-0.537284
24507353,0.325086,0.777236,-0.034359,-0.537627
24515686,0.325371,0.777234,-0.035013,-0.537415
24524019,0.325543,0.776609,-0.036341,-0.538126
24532352,0.325565,0.777414,-0.035556,-0.537002
24540685,0.325348,0.777128,-0.035505,-0.537550
24549018,0.324821,0.776816,-0.035812,-0.538298
24557351,0.325196,0.777424,-0.035087,-0.537242
24565684,0.324789,0.777639,-0.034434,-0.537219
24574017,0.324687,0.776621,-0.035083,-0.538709
24582350,0.325179,0.777324,-0.034894,-0.537410
24590683,0.325245,0.777085,-0.034976,-0.537709
24599016,0.325373,0.777263,-0.034901,-0.537380
24607349,0.325194,0.777631,-0.034927,-0.536953
24615682,0.325403,0.777350,-0.034865,-0.537238
24624015,0.325265,0.776697,-0.035351,-0.538234
24632348,0.325483,0.776954,-0.035438,-0.537724
24640681,0.325540,0.777225,-0.034992,-0.537327
24649014,0.325323,0.777082,-0.035099,-0.537659
24657347,0.325629,0.777012,-0.034828,-0.537592
24665680,0.325505,0.777529,-0.034408,-0.536946
24674013,0.325491,0.776743,-0.036165,-0.537976
24682346,0.325443,0.777028,-0.035403,-0.537644
24690679,0.325462,0.777397,-0.034519,-0.537157
24699012,0.325384,0.777433,-0.034710,-0.537140
24707345,0.325147,0.776829,-0.035833,-0.538081
24715678,0.325097,0.777025,-0.035157,-0.537874
24724011,0.325149,0.777257,-0.034788,-0.537531
24732344,0.325000,0.777508,-0.034188,-0.537297
24740677,0.324938,0.777382,-0.034700,-0.537484
24749010,0.324948,0.777350,-0.034422,-0.537542
24757343,0.324889,0.777271,-0.034399,-0.537693
24765676,0.324952,0.777316,-0.034379,-0.537590
24774009,0.325097,0.777523,-0.034133,-0.537219
24782342,0.325021,0.777477,-0.034420,-0.537314
24790675,0.325388,0.778648,-0.032146,-0.535535
24799008,0.325022,0.778011,-0.033478,-0.536600
24807341,0.324901,0.777101,-0.034417,-0.537930
24815674,0.324987,0.777889,-0.033880,-0.536772
24824007,0.324861,0.777614,-0.034188,-0.537227
24832340,0.325221,0.778672,-0.032063,-0.535606
24840673,0.324884,0.777611,-0.033893,-0.537237
24849006,0.324911,0.777987,-0.033907,-0.536675
24857339,0.324854,0.777376,-0.034334,-0.537566
24865672,0.325416,0.777443,-0.035035,-0.537084
24874005,0.325139,0.777045,-0.036070,-0.537759
24882338,0.325060,0.777311,-0.034922,-0.537498
24890671,0.324879,0.777311,-0.035019,-0.537601
24899004,0.324881,0.777295,-0.034784,-0.537638
24907337,0.324837,0.777282,-0.035290,-0.537651
24915670,0.324821,0.777394,-0.034668,-0.537539
24924003,0.324847,0.776895,-0.035237,-0.538207
24932336,0.325011,0.778392,-0.032546,-0.536111
24940669,0.324846,0.777675,-0.033530,-0.537189
24949002,0.325441,0.776926,-0.034517,-0.537850
24957335,0.324938,0.777784,-0.034516,-0.536914
24965668,0.324762,0.777297,-0.034965,-0.537696
24974001,0.324773,0.777554,-0.034475,-0.537349
24982334,0.325195,0.777644,-0.034492,-0.536962
24990667,0.324218,0.776816,-0.035179,-0.538703
24999000,0.324481,0.777292,-0.034981,-0.537872
25007333,0.324038,0.777080,-0.034983,-0.538445
25015666,0.323991,0.777124,-0.034951,-0.538412
25023999,0.323964,0.777106,-0.034699,-0.538469
25032332,0.325021,0.778276,-0.033684,-0.536203
25040665,0.325182,0.777676,-0.034514,-0.536922
25048998,0.324638,0.777626,-0.034479,-0.537326
25057331,0.324507,0.777677,-0.034432,-0.537335
25065664,0.324008,0.777265,-0.034711,-0.538212
25073997,0.324373,0.778129,-0.033856,-0.536797
25082330,0.324593,0.777952,-0.033978,-0.536913
25090663,0.325168,0.778006,-0.033802,-0.536498
25098996,0.324770,0.777881,-0.034090,-0.536902
25107329,0.324710,0.777746,-0.034849,-0.537085
25115662,0.324621,0.777751,-0.034421,-0.537159
25123995,0.324544,0.777696,-0.034467,-0.537282
25132328,0.324965,0.779073,-0.032521,-0.535150
25140661,0.324057,0.777645,-0.034092,-0.537674
25148994,0.324232,0.777336,-0.034429,-0.537993
25157327,0.324406,0.777163,-0.035596,-0.538063
25165660,0.324897,0.777547,-0.034797,-0.537263
25173993,0.324846,0.777869,-0.034753,-0.536831
25182326,0.323809,0.776858,-0.034705,-0.538920
25190659,0.324056,0.777095,-0.034754,-0.538427
25198992,0.324380,0.777398,-0.034197,-0.537830
25207325,0.324446,0.777635,-0.034089,-0.537454
25215658,0.324373,0.777770,-0.034315,-0.537288
25223991,0.325085,0.777601,-0.034149,-0.537113
25232324,0.325279,0.777387,-0.034270,-0.537297
25240657,0.325198,0.777384,-0.034594,-0.537329
25248990,0.325265,0.777329,-0.034505,-0.537374
25257323,0.324845,0.777448,-0.034323,-0.537468
25265656,0.324153,0.777076,-0.034588,-0.538406
25273989,0.324474,0.777288,-0.034277,-0.537926
25282322,0.324533,0.778209,-0.033541,-0.536604
25290655,0.324224,0.777713,-0.034312,-0.537460
25298988,0.324318,0.777817,-0.034081,-0.537268
25307321,0.324705,0.777594,-0.034906,-0.537305
25315654,0.324364,0.776643,-0.035725,-0.538830
25323987,0.323649,0.777090,-0.034540,-0.538691
25332320,0.324424,0.777094,-0.035073,-0.538186
25340653,0.324068,0.776887,-0.035877,-0.538647
25348986,0.324170,0.778088,-0.034159,-0.536961
25357319,0.324190,0.777665,-0.033790,-0.537583
25365652,0.324147,0.776995,-0.034911,-0.538506
25373985,0.324303,0.777514,-0.033937,-0.537725
25382318,0.324404,0.777352,-0.034181,-0.537883
25390651,0.324866,0.777297,-0.035018,-0.537629
25398984,0.325013,0.777213,-0.035034,-0.537661
25407317,0.324616,0.777444,-0.034228,-0.537619
25415650,0.324485,0.776767,-0.035379,-0.538601
25423983,0.324428,0.776639,-0.035460,-0.538814
25432316,0.324463,0.777096,-0.034754,-0.538180
25440649,0.324814,0.776878,-0.034621,-0.538292
25448982,0.325067,0.777934,-0.033988,-0.536652
25457315,0.325026,0.777826,-0.034137,-0.536824
25465648,0.324526,0.777249,-0.034253,-0.537954
25473981,0.324839,0.777079,-0.034490,-0.537995
25482314,0.324629,0.777565,-0.033766,-0.537464
25490647,0.324785,0.777599,-0.034107,-0.537300
25498980,0.324926,0.776838,-0.034989,-0.538258
25507313,0.324538,0.777211,-0.034618,-0.537978
25515646,0.324600,0.777349,-0.034466,-0.537750
25523979,0.324438,0.777592,-0.034328,-0.537506
25532312,0.324358,0.777442,-0.034381,-0.537767
25540645,0.324291,0.778049,-0.033769,-0.536968
25548978,0.324330,0.778537,-0.033209,-0.536273
25557311,0.324219,0.777496,-0.033733,-0.537814
25565644,0.324160,0.777557,-0.033837,-0.537755
25573977,0.324590,0.777197,-0.034473,-0.537976
25582310,0.324309,0.777197,-0.034332,-0.538155
25590643,0.323563,0.777049,-0.034428,-0.538810
25598976,0.323835,0.777314,-0.034208,-0.538278
25607309,0.323991,0.777487,-0.033856,-0.537957
25615642,0.324076,0.777955,-0.033257,-0.537266
25623975,0.324016,0.777763,-0.033266,-0.537579
25632308,0.323981,0.777574,-0.033391,-0.537867
25640641,0.323996,0.777850,-0.033243,-0.537467
25648974,0.324061,0.776995,-0.034098,-0.538609
25657307,0.324695,0.777596,-0.033849,-0.537375
25665640,0.324380,0.778059,-0.033305,-0.536929
25673973,0.324447,0.777632,-0.032983,-0.537526
25682306,0.323778,0.776350,-0.035065,-0.539647
25690639,0.324392,0.777287,-0.034349,-0.537973
25698972,0.324513,0.778217,-0.033338,-0.536617
25707305,0.324797,0.776819,-0.034570,-0.538390
25715638,0.324399,0.777674,-0.033987,-0.537432
25723971,0.323510,0.775627,-0.035609,-0.540810
25732304,0.324008,0.777497,-0.034147,-0.537914
25740637,0.324243,0.777113,-0.034244,-0.538320
25748970,0.324299,0.777152,-0.034053,-0.538243
25757303,0.324512,0.776606,-0.034668,-0.538863
25765636,0.324527,0.776497,-0.034891,-0.538996
25773969,0.324226,0.776761,-0.034449,-0.538825
25782302,0.324158,0.776747,-0.034301,-0.538896
25790635,0.324061,0.776290,-0.034912,-0.539574
25798968,0.324140,0.776834,-0.033860,-0.538809
25807301,0.323742,0.776968,-0.033733,-0.538864
25815634,0.324001,0.776582,-0.034332,-0.539227
25823967,0.324205,0.776912,-0.034026,-0.538647
25832300,0.324532,0.777066,-0.034036,-0.538227
25840633,0.324377,0.777602,-0.033438,-0.537585
25848966,0.324126,0.776911,-0.034327,-0.538677
25857299,0.324299,0.777766,-0.033541,-0.537388
25865632,0.324155,0.776689,-0.034637,-0.538960
25873965,0.324480,0.776789,-0.034446,-0.538633
25882298,0.323937,0.777082,-0.034466,-0.538536
25890631,0.323985,0.777562,-0.033594,-0.537868
25898964,0.323330,0.776318,-0.034855,-0.539975
25907297,0.323726,0.777285,-0.033509,-0.538430
25915630,0.323314,0.776408,-0.034347,-0.539888
25923963,0.323718,0.777139,-0.033346,-0.538655
25932296,0.323214,0.777031,-0.033377,-0.539112
25940629,0.323529,0.777073,-0.033862,-0.538832
25948962,0.323492,0.776299,-0.034992,-0.539897
25957295,0.323185,0.776236,-0.034841,-0.540180
25965628,0.322885,0.775723,-0.035348,-0.541063
25973961,0.323357,0.776038,-0.035078,-0.540347
25982294,0.323413,0.776291,-0.035026,-0.539953
25990627,0.322857,0.776186,-0.034583,-0.540465
25998960,0.322810,0.776363,-0.034302,-0.540256
26007293,0.323317,0.777327,-0.033151,-0.538637
26015626,0.322998,0.776219,-0.035011,-0.540306
26023959,0.322790,0.776263,-0.034545,-0.540397
26032292,0.322735,0.776220,-0.034699,-0.540482
26040625,0.323217,0.775828,-0.035068,-0.540733
26048958,0.323013,0.776312,-0.034395,-0.540202
26057291,0.323219,0.776092,-0.035063,-0.540353
26065624,0.323442,0.776506,-0.033788,-0.539705
26073957,0.323035,0.776178,-0.034251,-0.540392
26082290,0.323441,0.777265,-0.033522,-0.538630
26090623,0.323192,0.777063,-0.033418,-0.539076
26098956,0.323492,0.777503,-0.033082,-0.538282
26107289,0.322692,0.775914,-0.034213,-0.540978
26115622,0.323177,0.775744,-0.035247,-0.540866
26123955,0.322986,0.776436,-0.034148,-0.540057
26132288,0.323416,0.777699,-0.033143,-0.538041
26140621,0.323104,0.776503,-0.033680,-0.539919
26148954,0.322873,0.776543,-0.033969,-0.539981
26157287,0.322725,0.776104,-0.034295,-0.540679
26165620,0.323336,0.776706,-0.034697,-0.539424
26173953,0.322594,0.775347,-0.035551,-0.541762
26182286,0.322554,0.775929,-0.034554,-0.541017
26190619,0.322805,0.776431,-0.033718,-0.540199
26198952,0.322754,0.776174,-0.034360,-0.540558
26207285,0.322772,0.775699,-0.035467,-0.541158
26215618,0.322714,0.776164,-0.034837,-0.540566
26223951,0.322766,0.776382,-0.034393,-0.540249
26232284,0.322862,0.776471,-0.034115,-0.540082
26240617,0.322908,0.776172,-0.034301,-0.540473
26248950,0.322433,0.775764,-0.034622,-0.541321
26257283,0.322468,0.775570,-0.034689,-0.541574
26265616,0.323359,0.776429,-0.034172,-0.539842
26273949,0.322942,0.776444,-0.034462,-0.540051
26282282,0.322680,0.775674,-0.035973,-0.541214
26290615,0.322340,0.775176,-0.036254,-0.542112
26298948,0.322794,0.776123,-0.035010,-0.540566
26307281,0.322742,0.775483,-0.035904,-0.541456
26315614,0.322570,0.776143,-0.035151,-0.540662
26323947,0.323012,0.776289,-0.035509,-0.540165
26332280,0.322679,0.775688,-0.035902,-0.541199
26340613,0.322873,0.776087,-0.035544,-0.540536
26348946,0.322944,0.776320,-0.035056,-0.540191
26357279,0.323155,0.776301,-0.035230,-0.540081
26365612,0.323329,0.775493,-0.036835,-0.541029
26373945,0.323608,0.775054,-0.037624,-0.541437
26382278,0.323386,0.774861,-0.037686,-0.541841
26390611,0.324144,0.775755,-0.037220,-0.540138
26398944,0.324661,0.775664,-0.038539,-0.539866
26407277,0.324918,0.775811,-0.038926,-0.539472
26415610,0.325824,0.775928,-0.040436,-0.538645
26423943,0.326043,0.775990,-0.040555,-0.538415
26432276,0.326435,0.775721,-0.041107,-0.538523
26440609,0.326183,0.775251,-0.042549,-0.539240
26448942,0.325141,0.775598,-0.042972,-0.539338
26457275,0.324467,0.776569,-0.043493,-0.538303
26465608,0.323954,0.777357,-0.044194,-0.537417
26473941,0.323954,0.777482,-0.046040,-0.537081
26482274,0.323760,0.777220,-0.046579,-0.537530
26490607,0.323077,0.778030,-0.046018,-0.536817
26498940,0.322060,0.778802,-0.045617,-0.536342
26507273,0.320415,0.779525,-0.046771,-0.536179
26515606,0.318995,0.779731,-0.046514,-0.536747
26523939,0.318366,0.778438,-0.045301,-0.539097
26532272,0.317631,0.778777,-0.045895,-0.538990
26540605,0.318557,0.781144,-0.041579,-0.535357
26548938,0.319307,0.782794,-0.040883,-0.532546
26557271,0.318820,0.781969,-0.043528,-0.533838
26565604,0.318730,0.782073,-0.042554,-0.533818
26573937,0.319450,0.784120,-0.040353,-0.530546
26582270,0.319263,0.783525,-0.041060,-0.531482
26590603,0.319179,0.784299,-0.042370,-0.530287
26598936,0.318371,0.782837,-0.044011,-0.532795
26607269,0.318055,0.782288,-0.043985,-0.533790
26615602,0.317852,0.782487,-0.044046,-0.533614
26623935,0.317914,0.783759,-0.042055,-0.531869
26632268,0.318119,0.781664,-0.045273,-0.534557
26640601,0.317209,0.780812,-0.045868,-0.536291
26648934,0.316775,0.780944,-0.045679,-0.536370
26657267,0.316836,0.783097,-0.043614,-0.533360
26665600,0.316422,0.783729,-0.042420,-0.532773
26673933,0.317629,0.783367,-0.044067,-0.532452
26682266,0.316682,0.783402,-0.044336,-0.532942
26690599,0.315994,0.784010,-0.044021,-0.532483
26698932,0.315518,0.784154,-0.043982,-0.532556
26707265,0.314839,0.783009,-0.044235,-0.534618
26715598,0.312569,0.781162,-0.045640,-0.538519
26723931,0.313133,0.781990,-0.045507,-0.536999
26732264,0.312870,0.780831,-0.047017,-0.538707
26740597,0.312056,0.780811,-0.047332,-0.539179
26748930,0.312125,0.781610,-0.046042,-0.538093
26757263,0.312034,0.782032,-0.045503,-0.537578
26765596,0.311427,0.783116,-0.044082,-0.536469
26773929,0.311405,0.783618,-0.044180,-0.535740
26782262,0.309652,0.781952,-0.047078,-0.538934
26790595,0.309213,0.782021,-0.047229,-0.539074
26798928,0.309407,0.782809,-0.046137,-0.537911
26807261,0.309013,0.782654,-0.046372,-0.538344
26815594,0.308924,0.782777,-0.047061,-0.538155
26823927,0.308692,0.783312,-0.045172,-0.537671
26832260,0.308985,0.784287,-0.042975,-0.536260
26840593,0.308905,0.785075,-0.042908,-0.535158
26848926,0.308240,0.784815,-0.043588,-0.535866
26857259,0.308000,0.784304,-0.044603,-0.536669
26865592,0.307204,0.784585,-0.043569,-0.536800
26873925,0.307821,0.786436,-0.041723,-0.533877
26882258,0.306973,0.786201,-0.041083,-0.534760
26890591,0.307351,0.787426,-0.040952,-0.532746
26898924,0.307133,0.787615,-0.040590,-0.532620
26907257,0.307273,0.788471,-0.039064,-0.531386
26915590,0.306246,0.787674,-0.039536,-0.533122
26923923,0.306187,0.788348,-0.039330,-0.532174
26932256,0.306095,0.788550,-0.039825,-0.531891
26940589,0.306261,0.788217,-0.039835,-0.532289
26948922,0.306000,0.789252,-0.039684,-0.530915
26957255,0.305588,0.789554,-0.039907,-0.530686
26965588,0.305172,0.789529,-0.039811,-0.530969
26973921,0.304814,0.789910,-0.039817,-0.530609
26982254,0.304319,0.789795,-0.041143,-0.530963
26990587,0.303979,0.789428,-0.042729,-0.531578
26998920,0.303179,0.790003,-0.042651,-0.531186
27007253,0.303422,0.792663,-0.040379,-0.527248
27015586,0.303258,0.792141,-0.040038,-0.528152
27023919,0.302757,0.791830,-0.040293,-0.528886
27032252,0.302544,0.792119,-0.040103,-0.528589
27040585,0.301783,0.790027,-0.041962,-0.532000
27048918,0.301400,0.789551,-0.042162,-0.532907
27057251,0.301219,0.790142,-0.040898,-0.532232
27065584,0.301293,0.790662,-0.041178,-0.531394
27073917,0.301801,0.791963,-0.039958,-0.529258
27082250,0.301900,0.792976,-0.039513,-0.527716
27090583,0.301390,0.794199,-0.039008,-0.526204
27098916,0.301901,0.794596,-0.036687,-0.525478
27107249,0.301586,0.796031,-0.035521,-0.523564
27115582,0.301306,0.795993,-0.035927,-0.523755
27123915,0.301153,0.796486,-0.034940,-0.523159
27132248,0.301047,0.796867,-0.034074,-0.522698
27140581,0.300845,0.796676,-0.035296,-0.523024
27148914,0.300622,0.796555,-0.035167,-0.523345
27157247,0.300270,0.795097,-0.036060,-0.525698
27165580,0.300206,0.794769,-0.036094,-0.526228
27173913,0.300213,0.795141,-0.035848,-0.525679
27182246,0.300321,0.796345,-0.034724,-0.523866
27190579,0.300218,0.795834,-0.035223,-0.524668
27198912,0.299924,0.796463,-0.034906,-0.523903
27207245,0.300034,0.796800,-0.034883,-0.523329
27215578,0.300359,0.797166,-0.034632,-0.522601
27223911,0.299991,0.795195,-0.037115,-0.525636
27232244,0.300456,0.796471,-0.035545,-0.523543
27240577,0.300568,0.796998,-0.034957,-0.522715
27248910,0.300842,0.797382,-0.035427,-0.521940
27257243,0.300719,0.797315,-0.035029,-0.522139
27265576,0.300683,0.797202,-0.034655,-0.522358
27273909,0.300587,0.796621,-0.035349,-0.523253
27282242,0.300503,0.797593,-0.034941,-0.521845
27290575,0.300263,0.798152,-0.034775,-0.521139
27298908,0.299957,0.797263,-0.034675,-0.522680
27307241,0.300013,0.796616,-0.035005,-0.523612
27315574,0.300005,0.796729,-0.034719,-0.523465
27323907,0.300060,0.797669,-0.034288,-0.522028
27332240,0.299913,0.796767,-0.034552,-0.523469
27340573,0.300228,0.797673,-0.034156,-0.521933
27348906,0.300309,0.797765,-0.033804,-0.521769
27357239,0.300506,0.797994,-0.033756,-0.521308
27365572,0.300466,0.798084,-0.033325,-0.521222
27373905,0.300488,0.797961,-0.033434,-0.521389
27382238,0.300263,0.796546,-0.035247,-0.523558
27390571,0.300709,0.797545,-0.033822,-0.521873
27398904,0.300840,0.797234,-0.033349,-0.522303
27407237,0.301324,0.798003,-0.032840,-0.520881
27415570,0.301330,0.797252,-0.034232,-0.521936
27423903,0.301296,0.794819,-0.038089,-0.525389
27432236,0.301359,0.794015,-0.038451,-0.526540
27440569,0.301507,0.796773,-0.033624,-0.522605
27448902,0.302073,0.796809,-0.033592,-0.522225
27457235,0.302513,0.794817,-0.037089,-0.524764
27465568,0.302624,0.795686,-0.035294,-0.523504
27473901,0.302765,0.794491,-0.036549,-0.525149
27482234,0.303428,0.796372,-0.034163,-0.522070
27490567,0.303981,0.796275,-0.033442,-0.521941
27498900,0.304114,0.796275,-0.033659,-0.521851
27507233,0.304586,0.797358,-0.032877,-0.519968
27515566,0.304589,0.797018,-0.033174,-0.520468
27523899,0.304580,0.796949,-0.033319,-0.520570
27532232,0.304786,0.797288,-0.032609,-0.519975
27540565,0.304537,0.795710,-0.033201,-0.522494
27548898,0.304720,0.796312,-0.033046,-0.521479
27557231,0.304556,0.794852,-0.034844,-0.523681
27565564,0.304789,0.795953,-0.034123,-0.521918
27573897,0.304722,0.794849,-0.034800,-0.523592
27582230,0.304912,0.795859,-0.034047,-0.521995
27590563,0.305050,0.796049,-0.033696,-0.521647
27598896,0.304867,0.795746,-0.033778,-0.522210
27607229,0.304682,0.795432,-0.034566,-0.522745
27615562,0.303942,0.794311,-0.034875,-0.524856
27623895,0.303948,0.792750,-0.035716,-0.527150
27632228,0.305253,0.795614,-0.034458,-0.522142
27640561,0.304681,0.794547,-0.034916,-0.524066
27648894,0.304564,0.793906,-0.035919,-0.525037
27657227,0.305320,0.796099,-0.033128,-0.521449
27665560,0.305089,0.796242,-0.035104,-0.521237
27673893,0.305360,0.796297,-0.034270,-0.521049
27682226,0.304701,0.794663,-0.037326,-0.523712
27690559,0.304144,0.793494,-0.038193,-0.525742
27698892,0.303428,0.792904,-0.037876,-0.527067
27707225,0.304883,0.795764,-0.035474,-0.522061
27715558,0.304619,0.794123,-0.037593,-0.524559
27723891,0.304389,0.794491,-0.039862,-0.523968
27732224,0.304731,0.795693,-0.037768,-0.522097
27740557,0.304394,0.794652,-0.038751,-0.523803
27748890,0.303510,0.793906,-0.038728,-0.525448
27757223,0.303608,0.794236,-0.037815,-0.524958
27765556,0.304330,0.794673,-0.039379,-0.523763
27773889,0.304462,0.793926,-0.039895,-0.524779
27782222,0.305296,0.794489,-0.038805,-0.523522
27790555,0.305991,0.794684,-0.038261,-0.522861
27798888,0.305033,0.794101,-0.037869,-0.524333
27807221,0.305724,0.793967,-0.037258,-0.524176
27815554,0.306377,0.794590,-0.037345,-0.522842
27823887,0.306373,0.794360,-0.037551,-0.523181
27832220,0.306896,0.795421,-0.035728,-0.521386
27840553,0.306519,0.794874,-0.036703,-0.522374
27848886,0.306188,0.793725,-0.037088,-0.524285
27857219,0.306898,0.795306,-0.035516,-0.521575
27865552,0.307648,0.796604,-0.034409,-0.519221
27873885,0.307798,0.796746,-0.034591,-0.518902
27882218,0.306397,0.793609,-0.038126,-0.524264
27890551,0.306024,0.791967,-0.038911,-0.526901
27898884,0.306634,0.792732,-0.038409,-0.525429
27907217,0.307608,0.794919,-0.035723,-0.521733
27915550,0.307484,0.795362,-0.035443,-0.521149
27923883,0.307464,0.794272,-0.037318,-0.522691
27932216,0.307342,0.793256,-0.037990,-0.524254
27940549,0.307076,0.792168,-0.038824,-0.525991
27948882,0.308420,0.792550,-0.038593,-0.524645
27957215,0.308713,0.792170,-0.039463,-0.524982
27965548,0.308841,0.792338,-0.039498,-0.524649
27973881,0.308340,0.792545,-0.040033,-0.524591
27982214,0.308856,0.791887,-0.039915,-0.525290
27990547,0.308101,0.792430,-0.038832,-0.524995
27998880,0.309372,0.793896,-0.037088,-0.522153
28007213,0.308948,0.792718,-0.039511,-0.524011
28015546,0.308604,0.792665,-0.040113,-0.524248
28023879,0.308190,0.792340,-0.040803,-0.524929
28032212,0.308582,0.792180,-0.038836,-0.525090
28040545,0.308668,0.791216,-0.040023,-0.526402
28048878,0.308561,0.792479,-0.039084,-0.524633
28057211,0.308568,0.792534,-0.038626,-0.524580
28065544,0.308501,0.791979,-0.039060,-0.525424
28073877,0.308856,0.792779,-0.040255,-0.523917
28082210,0.308753,0.791730,-0.041305,-0.525480
28090543,0.308447,0.792412,-0.040508,-0.524694
28098876,0.308260,0.791345,-0.040491,-0.526412
28107209,0.308127,0.791860,-0.040076,-0.525746
28115542,0.307955,0.791706,-0.040314,-0.526062
28123875,0.308110,0.791563,-0.040135,-0.526199
28132208,0.308222,0.791697,-0.039876,-0.525951
28140541,0.308838,0.792712,-0.039033,-0.524121
28148874,0.308633,0.792438,-0.038250,-0.524714
28157207,0.308669,0.792099,-0.038518,-0.525184
28165540,0.308832,0.792121,-0.038166,-0.525081
28173873,0.308467,0.792777,-0.038999,-0.524244
28182206,0.308440,0.791697,-0.039917,-0.525821
28190539,0.308645,0.791676,-0.039624,-0.525754
28198872,0.309164,0.792495,-0.038381,-0.524306
28207205,0.309001,0.792694,-0.038104,-0.524121
28215538,0.310124,0.792065,-0.039555,-0.524302
28223871,0.309822,0.792863,-0.039391,-0.523285
28232204,0.309221,0.792068,-0.040633,-0.524748
28240537,0.309881,0.792055,-0.040487,-0.524389
28248870,0.310035,0.794194,-0.036917,-0.521316
28257203,0.309317,0.792952,-0.037867,-0.523561
28265536,0.309062,0.792135,-0.038165,-0.524926
28273869,0.309533,0.792397,-0.040485,-0.524078
28282202,0.310196,0.791487,-0.039516,-0.525135
28290535,0.309297,0.791311,-0.039774,-0.525909
28298868,0.309251,0.791922,-0.039245,-0.525055
28307201,0.309094,0.792332,-0.038362,-0.524594
28315534,0.309235,0.793214,-0.038666,-0.523154
28323867,0.309238,0.792809,-0.038664,-0.523766
28332200,0.308977,0.792262,-0.039042,-0.524719
28340533,0.308831,0.791755,-0.039315,-0.525549
28348866,0.310034,0.792114,-0.040543,-0.524206
28357199,0.309308,0.792205,-0.039015,-0.524612
28365532,0.309117,0.792097,-0.038757,-0.524906
28373865,0.310056,0.793096,-0.038598,-0.522853
28382198,0.308916,0.791910,-0.039298,-0.525267
28390531,0.308764,0.792455,-0.038365,-0.524603
28398864,0.309295,0.793958,-0.036454,-0.522148
28407197,0.309147,0.792907,-0.037145,-0.523781
28415530,0.309380,0.794041,-0.036217,-0.521987
28423863,0.308856,0.792634,-0.039051,-0.524227
28432196,0.308841,0.793045,-0.039149,-0.523606
28440529,0.308709,0.792449,-0.039561,-0.524555
28448862,0.309639,0.791705,-0.040358,-0.525070
28457195,0.309148,0.792624,-0.039049,-0.524071
28465528,0.309180,0.793387,-0.040093,-0.522816
28473861,0.308933,0.793356,-0.039179,-0.523079
28482194,0.309512,0.791591,-0.041030,-0.525264
28490527,0.308760,0.791727,-0.039780,-0.525598
28498860,0.309751,0.792612,-0.039051,-0.523732
28507193,0.308862,0.793349,-0.038939,-0.523150
28515526,0.309449,0.791718,-0.039999,-0.525189
28523859,0.308657,0.791952,-0.039788,-0.525318
28532192,0.308255,0.792478,-0.039559,-0.524779
28540525,0.308356,0.791952,-0.039329,-0.525530
28548858,0.308695,0.791635,-0.039073,-0.525828
28557191,0.308527,0.792551,-0.038810,-0.524565
28565524,0.308482,0.792194,-0.039449,-0.525082
28573857,0.308428,0.792251,-0.038572,-0.525092
28582190,0.308191,0.791666,-0.039041,-0.526079
28590523,0.308463,0.791882,-0.040502,-0.525484
28598856,0.308526,0.792331,-0.038681,-0.524906
28607189,0.309239,0.794781,-0.036421,-0.520930
28615522,0.308921,0.793377,-0.038002,-0.523141
28623855,0.308775,0.792234,-0.039540,-0.524843
28632188,0.307912,0.791885,-0.039580,-0.525872
28640521,0.308395,0.792229,-0.039731,-0.525059
28648854,0.307853,0.792505,-0.039864,-0.524950
28657187,0.307901,0.793027,-0.039156,-0.524187
28665520,0.307718,0.791767,-0.039330,-0.526182
28673853,0.307861,0.791597,-0.039263,-0.526359
28682186,0.308003,0.791871,-0.038560,-0.525916
28690519,0.308234,0.792845,-0.038736,-0.524298
28698852,0.308403,0.792855,-0.038582,-0.524194
28707185,0.308289,0.792627,-0.038665,-0.524600
28715518,0.308130,0.791925,-0.038467,-0.525767
28723851,0.309267,0.791930,-0.038933,-0.525057
28732184,0.308993,0.791684,-0.039263,-0.525564
28740517,0.308664,0.791957,-0.038598,-0.525396
28748850,0.309639,0.791630,-0.039688,-0.525234
28757183,0.308840,0.791916,-0.039071,-0.525320
28765516,0.309224,0.790795,-0.041104,-0.526625
28773849,0.309288,0.791178,-0.040539,-0.526056
28782182,0.308690,0.792089,-0.038810,-0.525166
28790515,0.309290,0.791366,-0.039137,-0.525878
28798848,0.309531,0.791785,-0.040330,-0.525015
28807181,0.308861,0.792329,-0.039557,-0.524647
28815514,0.309192,0.791595,-0.040297,-0.525503
28823847,0.309443,0.791126,-0.039510,-0.526121
28832180,0.308788,0.791387,-0.038739,-0.526171
28840513,0.308434,0.791918,-0.038432,-0.525602
28848846,0.308601,0.791994,-0.039360,-0.525320
28857179,0.308470,0.791850,-0.040191,-0.525552
28865512,0.309155,0.792082,-0.039943,-0.524818
28873845,0.309531,0.791863,-0.039890,-0.524931
28882178,0.309309,0.791781,-0.040457,-0.525142
28890511,0.309305,0.791396,-0.039801,-0.525774
28898844,0.308395,0.791867,-0.039511,-0.525622
28907177,0.308963,0.791423,-0.040506,-0.525880
28915510,0.309191,0.791710,-0.039807,-0.525368
28923843,0.309288,0.791469,-0.040575,-0.525616
28932176,0.309495,0.791934,-0.040483,-0.524799
28940509,0.309297,0.791301,-0.039800,-0.525922
28948842,0.309174,0.791310,-0.039517,-0.526001
28957175,0.308346,0.791311,-0.039895,-0.526458
28965508,0.309210,0.791528,-0.040719,-0.525561
28973841,0.308736,0.791407,-0.039825,-0.526090
28982174,0.309411,0.791661,-0.040306,-0.525274
28990507,0.309637,0.791233,-0.040876,-0.525742
28998840,0.308895,0.791651,-0.039860,-0.525626
29007173,0.308581,0.791358,-0.039234,-0.526300
29015506,0.309471,0.791316,-0.039601,-0.525813
29023839,0.309971,0.790680,-0.040123,-0.526434
29032172,0.309620,0.791152,-0.040255,-0.525922
29040505,0.309499,0.790771,-0.039793,-0.526601
29048838,0.309412,0.791142,-0.040898,-0.526009
29057171,0.308484,0.790709,-0.040515,-0.527234
29065504,0.308331,0.791577,-0.038976,-0.526136
29073837,0.308297,0.790940,-0.039130,-0.527101
29082170,0.308208,0.791179,-0.040524,-0.526689
29090503,0.308228,0.791537,-0.039220,-0.526238
29098836,0.308847,0.791518,-0.039465,-0.525886
29107169,0.309383,0.791879,-0.040516,-0.524946
29115502,0.309201,0.790793,-0.040720,-0.526671
29123835,0.309447,0.791487,-0.040505,-0.525500
29132168,0.309069,0.790560,-0.040275,-0.527133
29140501,0.309264,0.791112,-0.039663,-0.526236
29148834,0.308459,0.791081,-0.039128,-0.526795
29157167,0.309051,0.791565,-0.040390,-0.525625
29165500,0.309639,0.791420,-0.040442,-0.525493
29173833,0.308734,0.791325,-0.039402,-0.526247
29182166,0.308721,0.792057,-0.039499,-0.525145
29190499,0.308435,0.791762,-0.038556,-0.525828
29198832,0.309390,0.791065,-0.040487,-0.526170
29207165,0.308409,0.791406,-0.039670,-0.526295
29215498,0.308377,0.792139,-0.039214,-0.525245
29223831,0.308352,0.791479,-0.038352,-0.526317
29232164,0.309234,0.791915,-0.039462,-0.525060
29240497,0.308494,0.791626,-0.038862,-0.525974
29248830,0.308262,0.792361,-0.039146,-0.524983
29257163,0.308123,0.791657,-0.039006,-0.526134
29265496,0.308056,0.791632,-0.039629,-0.526166
29273829,0.307833,0.791525,-0.040175,-0.526415
29282162,0.307755,0.792161,-0.039337,-0.525567
29290495,0.307977,0.791078,-0.039336,-0.527065
29298828,0.308748,0.790865,-0.040100,-0.526876
29307161,0.309050,0.791311,-0.039100,-0.526105
29315494,0.308457,0.791664,-0.037997,-0.526003
29323827,0.308256,0.791483,-0.038313,-0.526370
29332160,0.308594,0.791669,-0.038127,-0.525906
29340493,0.308534,0.791725,-0.037975,-0.525866
29348826,0.308485,0.791408,-0.038259,-0.526352
29357159,0.308608,0.791814,-0.038054,-0.525685
29365492,0.308419,0.791204,-0.038788,-0.526660
29373825,0.308585,0.792251,-0.038784,-0.524985
29382158,0.308311,0.791008,-0.039507,-0.526962
29390491,0.308283,0.791538,-0.038851,-0.526232
29398824,0.308268,0.792424,-0.038307,-0.524944
29407157,0.308178,0.791265,-0.038595,-0.526722
29415490,0.308150,0.791945,-0.038088,-0.525753
29423823,0.308006,0.791561,-0.038128,-0.526412
29432156,0.307869,0.792399,-0.039009,-0.525165
29440489,0.307681,0.791532,-0.038133,-0.526645
29448822,0.309079,0.792121,-0.039325,-0.524850
29457155,0.308766,0.791709,-0.038696,-0.525703
29465488,0.308193,0.791364,-0.039047,-0.526532
29473821,0.309230,0.792038,-0.039169,-0.524899
29482154,0.308481,0.791715,-0.038912,-0.525844
29490487,0.308206,0.791343,-0.039241,-0.526542
29498820,0.308024,0.791410,-0.038848,-0.526576
29507153,0.307985,0.791121,-0.038973,-0.527024
29515486,0.308161,0.791024,-0.039040,-0.527062
29523819,0.308240,0.791750,-0.038256,-0.525982
29532152,0.308207,0.791413,-0.038480,-0.526491
29540485,0.308175,0.792270,-0.039091,-0.525175
29548818,0.308477,0.792353,-0.039172,-0.524866
29557151,0.308373,0.792861,-0.038469,-0.524211
29565484,0.307999,0.791894,-0.037997,-0.525924
29573817,0.308104,0.791864,-0.037910,-0.525914
29582150,0.308207,0.791657,-0.038029,-0.526158
29590483,0.309391,0.791764,-0.038216,-0.525287
29598816,0.309063,0.792237,-0.039209,-0.524693
29607149,0.308892,0.791701,-0.039562,-0.525576
29615482,0.308729,0.791669,-0.040180,-0.525672
29623815,0.308829,0.792084,-0.039050,-0.525074
29632148,0.309790,0.792392,-0.039349,-0.524020
29640481,0.309976,0.791844,-0.039586,-0.524720
29648814,0.309288,0.792421,-0.038302,-0.524350
29657147,0.308802,0.791919,-0.038083,-0.525410
29665480,0.309526,0.791012,-0.039692,-0.526230
29673813,0.309885,0.790568,-0.039743,-0.526683
29682146,0.308928,0.791648,-0.039202,-0.525662
29690479,0.309736,0.791494,-0.040280,-0.525337
29698812,0.310103,0.791567,-0.040475,-0.524995
29707145,0.309991,0.790767,-0.040023,-0.526300
29715478,0.310246,0.791305,-0.040033,-0.525338
29723811,0.310840,0.791430,-0.040413,-0.524771
29732144,0.310863,0.791524,-0.040432,-0.524613
29740477,0.311020,0.791648,-0.040877,-0.524299
29748810,0.310919,0.791823,-0.041198,-0.524070
29757143,0.311215,0.792145,-0.040513,-0.523460
29765476,0.310147,0.790371,-0.041718,-0.526670
29773809,0.310649,0.790409,-0.040848,-0.526386
29782142,0.311129,0.790484,-0.040709,-0.526001
29790475,0.311013,0.790049,-0.040374,-0.526748
29798808,0.311280,0.791175,-0.039599,-0.524956
29807141,0.311303,0.790989,-0.040405,-0.525161
29815474,0.311151,0.790894,-0.040456,-0.525390
29823807,0.310963,0.790359,-0.040014,-0.526340
29832140,0.311190,0.791374,-0.040483,-0.524641
29840473,0.310578,0.790573,-0.041361,-0.526142
29848806,0.311016,0.791003,-0.039679,-0.525364
29857139,0.311418,0.791600,-0.040188,-0.524187
29865472,0.311254,0.791460,-0.039154,-0.524575
29873805,0.311230,0.791479,-0.040652,-0.524446
29882138,0.311281,0.790464,-0.041258,-0.525898
29890471,0.311864,0.792737,-0.038003,-0.522365
29898804,0.311904,0.793450,-0.037528,-0.521292
29907137,0.311675,0.793256,-0.038558,-0.521648
29915470,0.311124,0.790829,-0.041018,-0.525461
29923803,0.310783,0.789129,-0.043752,-0.527991
29932136,0.311845,0.790140,-0.042286,-0.525969
29940469,0.312150,0.790259,-0.042817,-0.525566
29948802,0.312052,0.790450,-0.042718,-0.525345
29957135,0.312110,0.790235,-0.043564,-0.525564
29965468,0.313031,0.792395,-0.040029,-0.522034
29973801,0.312975,0.791243,-0.041856,-0.523669
29982134,0.313289,0.790594,-0.042494,-0.524410
29990467,0.313427,0.791636,-0.042310,-0.522768
29998800,0.313786,0.792377,-0.039900,-0.521618
30007133,0.314742,0.793687,-0.038722,-0.519133
30015466,0.314820,0.794021,-0.038834,-0.518566
30023799,0.314403,0.794503,-0.038933,-0.518073
30032132,0.314078,0.791701,-0.041036,-0.522380
30040465,0.314778,0.791378,-0.042572,-0.522324
30048798,0.315490,0.793208,-0.039656,-0.519341
30057131,0.315146,0.792203,-0.041755,-0.520917
30065464,0.315552,0.793956,-0.038296,-0.518260
30073797,0.315492,0.792931,-0.040231,-0.519718
30082130,0.315624,0.791772,-0.042956,-0.521185
30090463,0.316399,0.793903,-0.039784,-0.517714
30098796,0.316939,0.794747,-0.039458,-0.516110
30107129,0.316776,0.795147,-0.040657,-0.515501
30115462,0.316987,0.794715,-0.041172,-0.515996
30123795,0.316548,0.792856,-0.043545,-0.518923
30132128,0.317208,0.794245,-0.041377,-0.516567
30140461,0.317471,0.795016,-0.042108,-0.515158
30148794,0.317841,0.795570,-0.041659,-0.514110
30157127,0.318204,0.795570,-0.041655,-0.513886
30165460,0.318336,0.795396,-0.042859,-0.513976
30173793,0.318342,0.793295,-0.046114,-0.516929
30182126,0.319126,0.794685,-0.044240,-0.514468
30190459,0.319413,0.795606,-0.042734,-0.512992
30198792,0.319915,0.795694,-0.044085,-0.512427
30207125,0.320078,0.795105,-0.044993,-0.513161
30215458,0.320335,0.794586,-0.046744,-0.513648
30223791,0.320650,0.794524,-0.047580,-0.513470
30232124,0.320722,0.795242,-0.047239,-0.512343
30240457,0.320821,0.795240,-0.047569,-0.512255
30248790,0.320849,0.795226,-0.047845,-0.512232
30257123,0.320212,0.794523,-0.049473,-0.513566
30265456,0.320531,0.795315,-0.049376,-0.512148
30273789,0.320584,0.795411,-0.050090,-0.511897
30282122,0.319851,0.793832,-0.053156,-0.514490
30290455,0.319926,0.795431,-0.050935,-0.512194
30298788,0.320064,0.796169,-0.050390,-0.511014
30307121,0.319546,0.794226,-0.053822,-0.514003
30315454,0.319029,0.793187,-0.056045,-0.515687
30323787,0.319228,0.796206,-0.051670,-0.511350
30332120,0.317901,0.795133,-0.052544,-0.513753
30340453,0.316823,0.794388,-0.053291,-0.515491
30348786,0.316153,0.794890,-0.052905,-0.515169
30357119,0.315194,0.796177,-0.052965,-0.513760
30365452,0.314592,0.796733,-0.053507,-0.513211
30373785,0.313738,0.796913,-0.052971,-0.513510
30382118,0.312843,0.796917,-0.053188,-0.514027
30390451,0.312797,0.797415,-0.053624,-0.513236
30398784,0.312129,0.798285,-0.053135,-0.512341
30407117,0.312073,0.798788,-0.053730,-0.511528
30415450,0.312176,0.800033,-0.052998,-0.509592
30423783,0.310913,0.801576,-0.051586,-0.508082
30432116,0.310983,0.801909,-0.051750,-0.507498
30440449,0.310612,0.802100,-0.051910,-0.507406
30448782,0.309870,0.801644,-0.053049,-0.508461
30457115,0.309403,0.801116,-0.054067,-0.509469
30465448,0.309104,0.802709,-0.053600,-0.507188
30473781,0.308387,0.804993,-0.051306,-0.504234
30482114,0.307872,0.807265,-0.048205,-0.501213
30490447,0.307195,0.807911,-0.048505,-0.500558
30498780,0.305743,0.807236,-0.050911,-0.502295
30507113,0.305490,0.808646,-0.050044,-0.500262
30515446,0.305124,0.808446,-0.051435,-0.500668
30523779,0.303379,0.809063,-0.052152,-0.500658
30532112,0.301952,0.809050,-0.054315,-0.501312
30540445,0.301545,0.810500,-0.054528,-0.499186
30548778,0.300922,0.810311,-0.055506,-0.499762
30557111,0.299472,0.811118,-0.055740,-0.499296
30565444,0.298406,0.812068,-0.056137,-0.498345
30573777,0.297524,0.811137,-0.056851,-0.500305
30582110,0.298306,0.810663,-0.057243,-0.500562
30590443,0.298696,0.809839,-0.057260,-0.501659
30598776,0.298976,0.809006,-0.058514,-0.502692
30607109,0.299448,0.807648,-0.059087,-0.504525
30615442,0.300157,0.806913,-0.059723,-0.505203
30623775,0.299887,0.806575,-0.059705,-0.505905
30632108,0.299236,0.805825,-0.060296,-0.507412
30640441,0.299188,0.806320,-0.064037,-0.506196
30648774,0.298666,0.805849,-0.068539,-0.506665
30657107,0.297867,0.805361,-0.073159,-0.507264
30665440,0.297140,0.804313,-0.077622,-0.508688
30673773,0.296115,0.805334,-0.082756,-0.506857
30682106,0.294976,0.806345,-0.085765,-0.505411
30690439,0.293035,0.805323,-0.091863,-0.507096
30698772,0.290447,0.802489,-0.098469,-0.511817
30707105,0.289467,0.803811,-0.105414,-0.508905
30715438,0.286809,0.802904,-0.112281,-0.510372
30723771,0.284991,0.804150,-0.116757,-0.508420
30732104,0.282749,0.804051,-0.120664,-0.508916
30740437,0.279991,0.802436,-0.125713,-0.511759
30748770,0.277415,0.801456,-0.130167,-0.513581
30757103,0.273710,0.797272,-0.135464,-0.520662
30765436,0.270125,0.795658,-0.138162,-0.524283
30773769,0.267606,0.795639,-0.140207,-0.525059
30782102,0.263343,0.791942,-0.144106,-0.531707
30790435,0.259641,0.787958,-0.148276,-0.538259
30798768,0.258212,0.788175,-0.149878,-0.538186
30807101,0.255472,0.787534,-0.150031,-0.540384
30815434,0.252387,0.789130,-0.163801,-0.535484
30823767,0.253900,0.792259,-0.166307,-0.529342
30832100,0.251557,0.792934,-0.167788,-0.528983
30840433,0.249068,0.793454,-0.169158,-0.528943
30848766,0.246977,0.792549,-0.170853,-0.530734
30857099,0.243433,0.791060,-0.173284,-0.533795
30865432,0.242286,0.791853,-0.174602,-0.532710
30873765,0.241255,0.794509,-0.174893,-0.529116
30882098,0.242513,0.804282,-0.166665,-0.516276
30890431,0.242470,0.807182,-0.154087,-0.515678
30898764,0.241110,0.804339,-0.148976,-0.522218
30907097,0.235937,0.789841,-0.152411,-0.545211
30915430,0.229907,0.788774,-0.159256,-0.547371
30923763,0.226951,0.790763,-0.155152,-0.546913
30932096,0.226175,0.794236,-0.150543,-0.543481
30940429,0.227464,0.795166,-0.148392,-0.542173
30948762,0.230689,0.795766,-0.143904,-0.541139
30957095,0.232863,0.797144,-0.145612,-0.537711
30965428,0.233399,0.797389,-0.149327,-0.536094
30973761,0.235337,0.800463,-0.150687,-0.530254
30982094,0.237292,0.801543,-0.152913,-0.527104
30990427,0.239939,0.801765,-0.154377,-0.525139
30998760,0.242292,0.803081,-0.154959,-0.521865
31007093,0.244504,0.803743,-0.156464,-0.519359
31015426,0.246157,0.805709,-0.156130,-0.515619
31023759,0.245847,0.804783,-0.155751,-0.517325
31032092,0.245817,0.807291,-0.153290,-0.514157
31040425,0.243667,0.806566,-0.151943,-0.516711
31048758,0.243589,0.807557,-0.151093,-0.515448
31057091,0.242488,0.808357,-0.148028,-0.515603
31065424,0.240584,0.807971,-0.145655,-0.517772
31073757,0.239366,0.808498,-0.141896,-0.518556
31082090,0.238142,0.806882,-0.140758,-0.521937
31090423,0.237971,0.806145,-0.139265,-0.523550
31098756,0.237568,0.806669,-0.137564,-0.523376
31107089,0.235523,0.804796,-0.140294,-0.526451
31115422,0.233564,0.802409,-0.145645,-0.529505
31123755,0.232163,0.799551,-0.153122,-0.532327
31132088,0.229119,0.795972,-0.163765,-0.535830
31140421,0.225468,0.793834,-0.176088,-0.536641
31148754,0.222918,0.792177,-0.189850,-0.535463
31157087,0.220699,0.788355,-0.203164,-0.537134
31165420,0.217269,0.783485,-0.215379,-0.540886
31173753,0.213469,0.780262,-0.229036,-0.541446
31182086,0.211320,0.777800,-0.240959,-0.540657
31190419,0.206213,0.772972,-0.252942,-0.544069
31198752,0.199621,0.764711,-0.265362,-0.552224
31207085,0.191875,0.755460,-0.277097,-0.561855
31215418,0.182260,0.742013,-0.289179,-0.576692
31223751,0.174130,0.728029,-0.301575,-0.590513
31232084,0.162214,0.710577,-0.315976,-0.607393
31240417,0.148027,0.690585,-0.331668,-0.625441
31248750,0.135889,0.674260,-0.345073,-0.638617
31257083,0.126181,0.661924,-0.359766,-0.645370
31265416,0.115072,0.651125,-0.372803,-0.651009
31273749,0.102987,0.635214,-0.385678,-0.661172
31282082,0.092970,0.625136,-0.398607,-0.664586
31290415,0.081536,0.614355,-0.413840,-0.666826
31298748,0.071684,0.605019,-0.426381,-0.668590
31307081,0.064823,0.596735,-0.442330,-0.666370
31315414,0.054202,0.584372,-0.456543,-0.668685
31323747,0.048671,0.574484,-0.470661,-0.667890
31332080,0.040185,0.561684,-0.484927,-0.669135
31340413,0.032470,0.553933,-0.494674,-0.668880
31348746,0.030912,0.547692,-0.506445,-0.665276
31357079,0.028774,0.540789,-0.518362,-0.661831
31365412,0.023013,0.529301,-0.531250,-0.661124
31373745,0.019862,0.522827,-0.541169,-0.658326
31382078,0.014923,0.512590,-0.550940,-0.658403
31390411,0.013207,0.510035,-0.556811,-0.655478
31398744,0.014131,0.507017,-0.564367,-0.651325
31407077,0.018565,0.509947,-0.566527,-0.647037
31415410,0.014939,0.503223,-0.573971,-0.645833
31423743,0.019295,0.508492,-0.571688,-0.643612
31432076,0.010944,0.502222,-0.570379,-0.649862
31440409,0.011496,0.498840,-0.575370,-0.648055
31448742,0.017632,0.499593,-0.581072,-0.642224
31457075,0.014514,0.501680,-0.577670,-0.643742
31465408,0.011124,0.496779,-0.580425,-0.645131
31473741,0.017684,0.504185,-0.579788,-0.639790
31482074,0.005824,0.493618,-0.585833,-0.642734
31490407,-0.012506,0.481526,-0.590251,-0.647750
31498740,-0.035358,0.462142,-0.598969,-0.653001
31507073,-0.033447,0.471912,-0.599790,-0.645315
31515406,-0.039772,0.477679,-0.598610,-0.641800
31523739,-0.036929,0.478693,-0.603510,-0.636604
31532072,-0.054950,0.461111,-0.611596,-0.640553
31540405,-0.026479,0.487436,-0.599616,-0.634165
31548738,-0.015595,0.492450,-0.598234,-0.631953
31557071,-0.017253,0.482814,-0.601915,-0.635839
31565404,0.001325,0.494637,-0.595956,-0.632589
31573737,0.017516,0.501030,-0.592030,-0.631001
31582070,0.039805,0.515310,-0.590534,-0.619791
31590403,0.102032,0.541101,-0.599436,-0.580926
31598736,0.133260,0.566823,-0.587854,-0.561588
31607069,0.157797,0.591526,-0.579591,-0.537839
31615402,0.158376,0.603722,-0.578762,-0.524853
31623735,0.178251,0.630267,-0.564222,-0.502637
31632068,0.208996,0.651176,-0.553432,-0.475399
31640401,0.216119,0.661351,-0.548656,-0.463556
31648734,0.217550,0.667646,-0.546007,-0.456943
31657067,0.205500,0.666684,-0.548180,-0.461303
31665400,0.206122,0.669564,-0.546046,-0.459383
31673733,0.200239,0.666093,-0.548291,-0.464329
31682066,0.219898,0.670984,-0.545848,-0.451083
31690399,0.224550,0.671451,-0.545178,-0.448901
31698732,0.230421,0.671741,-0.544374,-0.446461
31707065,0.234986,0.671765,-0.543605,-0.444980
31715398,0.238052,0.671486,-0.542940,-0.444584
31723731,0.238440,0.670351,-0.542597,-0.446502
31732064,0.241036,0.669434,-0.542830,-0.446201
31740397,0.243885,0.668122,-0.543535,-0.445760
31748730,0.246900,0.666055,-0.544908,-0.445517
31757063,0.249480,0.663356,-0.547414,-0.445035
31765396,0.251593,0.659550,-0.550684,-0.445468
31773729,0.255844,0.657653,-0.551855,-0.444401
31782062,0.262435,0.657123,-0.554761,-0.437672
31790395,0.266025,0.658537,-0.553594,-0.434849
31798728,0.257569,0.652328,-0.557801,-0.443829
31807061,0.248675,0.641922,-0.562728,-0.457640
31815394,0.246224,0.635534,-0.566158,-0.463611
31823727,0.244556,0.630585,-0.568902,-0.467873
31832060,0.247918,0.628059,-0.570677,-0.467340
31840393,0.250853,0.625821,-0.571834,-0.467362
31848726,0.251540,0.623212,-0.574226,-0.467547
31857059,0.252098,0.620981,-0.576280,-0.467686
31865392,0.250926,0.617350,-0.579997,-0.468528
31873725,0.250699,0.614490,-0.583144,-0.468504
31882058,0.249082,0.612439,-0.586678,-0.467639
31890391,0.251951,0.613165,-0.587645,-0.463921
31898724,0.253793,0.614277,-0.588999,-0.459709
31907057,0.256753,0.615431,-0.589751,-0.455539
31915390,0.259316,0.616627,-0.590555,-0.451410
31923723,0.259477,0.617035,-0.591664,-0.449303
31932056,0.259452,0.617225,-0.593176,-0.447057
31940389,0.261029,0.618528,-0.594192,-0.442971
31948722,0.262105,0.619254,-0.595130,-0.440052
31957055,0.261975,0.619220,-0.596421,-0.438426
31965388,0.261975,0.619741,-0.596911,-0.437022
31973721,0.262234,0.619436,-0.597894,-0.435953
31982054,0.261875,0.619915,-0.598009,-0.435330
31990387,0.260578,0.620467,-0.598158,-0.435117
31998720,0.260731,0.621019,-0.597064,-0.435740
32007053,0.259098,0.621666,-0.597704,-0.434913
32015386,0.257352,0.622367,-0.597824,-0.434783
32023719,0.255839,0.623810,-0.597847,-0.433574
32032052,0.252923,0.624776,-0.598867,-0.432485
32040385,0.248877,0.625900,-0.599375,-0.432504
32048718,0.243771,0.627450,-0.600388,-0.431759
32057051,0.240866,0.629740,-0.601052,-0.429125
32065384,0.236972,0.632045,-0.602217,-0.426260
32073717,0.231165,0.630290,-0.605005,-0.428096
32082050,0.227829,0.629052,-0.609744,-0.424971
32090383,0.225406,0.630054,-0.612371,-0.420981
32098716,0.220623,0.629827,-0.615163,-0.419783
32107049,0.220666,0.632867,-0.616544,-0.413110
32115382,0.222611,0.637114,-0.614709,-0.408244
32123714,0.223044,0.638162,-0.613690,-0.407904
32132047,0.223030,0.638350,-0.613835,-0.407397
32140380,0.223072,0.638668,-0.614340,-0.406115
32148714,0.222375,0.638912,-0.614810,-0.405399
32157047,0.223941,0.638553,-0.608070,-0.415152
32165380,0.225549,0.638641,-0.606069,-0.417067
32173713,0.223805,0.638306,-0.611669,-0.410290
32182046,0.224729,0.638553,-0.610638,-0.410936
32190379,0.226067,0.638687,-0.612398,-0.407359
32198712,0.226577,0.638461,-0.613056,-0.406439
32207045,0.228150,0.638386,-0.612994,-0.405770
32215378,0.227901,0.634773,-0.615726,-0.407437
32223711,0.228773,0.636820,-0.613935,-0.406456
32232044,0.231876,0.639341,-0.608998,-0.408164
32240377,0.231583,0.637352,-0.612614,-0.406024
32248710,0.242488,0.636184,-0.612073,-0.402288
32257043,0.241817,0.635771,-0.609335,-0.407468
32265376,0.241145,0.635126,-0.609052,-0.409293
32273709,0.240619,0.634476,-0.609650,-0.409720
32282041,0.240285,0.633634,-0.613026,-0.406165
32290374,0.240156,0.633309,-0.613855,-0.405496
32298707,0.239931,0.632843,-0.613904,-0.406281
32307040,0.240285,0.632420,-0.614679,-0.405558
32315374,0.240552,0.632299,-0.612435,-0.408969
32323707,0.240666,0.631921,-0.614480,-0.406411
32332040,0.240434,0.631406,-0.615531,-0.405758
32340373,0.240189,0.631249,-0.615835,-0.405686
32348706,0.241176,0.631548,-0.613463,-0.408221
32357039,0.240652,0.631110,-0.615238,-0.406533
32365372,0.240964,0.630870,-0.614078,-0.408470
32373705,0.240507,0.630632,-0.613690,-0.409687
32382038,0.241559,0.630812,-0.613595,-0.408933
32390371,0.242218,0.630706,-0.613877,-0.408283
32398704,0.242690,0.630368,-0.614233,-0.407990
32407037,0.242520,0.630322,-0.614520,-0.407730
32415370,0.242286,0.630326,-0.614422,-0.408010
32423703,0.240911,0.629520,-0.617071,-0.406065
32432036,0.241433,0.629854,-0.617299,-0.404891
32440369,0.240641,0.629521,-0.617539,-0.405513
32448701,0.240443,0.629782,-0.615509,-0.408302
32457034,0.239720,0.629255,-0.617519,-0.406500
32465367,0.238736,0.628783,-0.618775,-0.405901
32473701,0.240294,0.629733,-0.618249,-0.404307
32482034,0.240163,0.630045,-0.615822,-0.407588
32490367,0.240762,0.630092,-0.617145,-0.405155
32498700,0.241169,0.630004,-0.617723,-0.404166
32507033,0.241571,0.630018,-0.617501,-0.404243
32515366,0.241434,0.630089,-0.617047,-0.404908
32523699,0.240362,0.629343,-0.617197,-0.406475
32532032,0.240161,0.628928,-0.617680,-0.406502
32540365,0.240660,0.629459,-0.614759,-0.409800
32548698,0.240209,0.629008,-0.616533,-0.408087
32557031,0.239986,0.628856,-0.617267,-0.407342
32565364,0.240084,0.629226,-0.614865,-0.410335
32573697,0.239489,0.628693,-0.616987,-0.408310
32582030,0.239806,0.629117,-0.614778,-0.410795
32590363,0.239437,0.629105,-0.613952,-0.412263
32598696,0.239506,0.629049,-0.614234,-0.411888
32607028,0.238965,0.628910,-0.616555,-0.408935
32615361,0.239085,0.629424,-0.614667,-0.410912
32623694,0.238496,0.629284,-0.614006,-0.412453
32632028,0.238056,0.629469,-0.614093,-0.412296
32640361,0.238041,0.629682,-0.614318,-0.411644
32648694,0.237983,0.629469,-0.614123,-0.412294
32657027,0.237724,0.629500,-0.614217,-0.412257
32665360,0.237472,0.629829,-0.614382,-0.411651
32673693,0.237414,0.629556,-0.614305,-0.412218
32682026,0.239257,0.630874,-0.613307,-0.410619
32690359,0.238233,0.630537,-0.613856,-0.410913
32698692,0.239145,0.631029,-0.613125,-0.410719
32707025,0.239158,0.631486,-0.612930,-0.410299
32715358,0.237920,0.630521,-0.613850,-0.411127
32723691,0.237181,0.629063,-0.614706,-0.412505
32732024,0.238290,0.630382,-0.613976,-0.410938
32740357,0.238566,0.630598,-0.613289,-0.411471
32748690,0.238686,0.630577,-0.613064,-0.411769
32757023,0.238425,0.630246,-0.613735,-0.411428
32765355,0.238727,0.629957,-0.613418,-0.412167
32773688,0.238175,0.629117,-0.613834,-0.413150
32782021,0.238799,0.628947,-0.614094,-0.412661
32790355,0.238311,0.627933,-0.614473,-0.413922
32798688,0.240341,0.630069,-0.611057,-0.414558
32807021,0.240425,0.629347,-0.610623,-0.416241
32815354,0.237799,0.624823,-0.614675,-0.418596
32823687,0.237894,0.623040,-0.617155,-0.417549
32832020,0.235861,0.621552,-0.619038,-0.418133
32840353,0.238991,0.622349,-0.617323,-0.417705
32848686,0.239255,0.621544,-0.616602,-0.419812
32857019,0.240074,0.622316,-0.615498,-0.419821
32865352,0.238958,0.620850,-0.616890,-0.420585
32873685,0.240009,0.622019,-0.615987,-0.419582
32882018,0.238636,0.620490,-0.617364,-0.420604
32890351,0.237860,0.619273,-0.618034,-0.421849
32898684,0.238319,0.620058,-0.616653,-0.422457
32907017,0.237993,0.620113,-0.616442,-0.422869
32915350,0.236681,0.619223,-0.617306,-0.423649
32923683,0.235657,0.618769,-0.617636,-0.424402
32932015,0.235150,0.619185,-0.616899,-0.425146
32940348,0.233887,0.618937,-0.616731,-0.426446
32948681,0.232910,0.619251,-0.615763,-0.427922
32957015,0.227319,0.617373,-0.618021,-0.430380
32965348,0.224271,0.616467,-0.618983,-0.431892
32973681,0.226777,0.617750,-0.617310,-0.431144
32982014,0.227433,0.620295,-0.616089,-0.428886
32990347,0.230431,0.623249,-0.613605,-0.426557
32998680,0.232699,0.625700,-0.611413,-0.424881
33007013,0.232711,0.625860,-0.611361,-0.424715
33015346,0.231040,0.624114,-0.613073,-0.425726
33023679,0.230209,0.623523,-0.613671,-0.426181
33032012,0.229192,0.622060,-0.614878,-0.427128
33040345,0.229674,0.622290,-0.614427,-0.427182
33048678,0.228920,0.622003,-0.614224,-0.428295
33057011,0.229316,0.621788,-0.614139,-0.428517
33065344,0.229670,0.621326,-0.614226,-0.428873
33073677,0.228250,0.619021,-0.616030,-0.430375
33082010,0.228054,0.617927,-0.616939,-0.430748
33090342,0.227988,0.617312,-0.617298,-0.431151
33098675,0.228191,0.616598,-0.617532,-0.431728
33107008,0.228511,0.616175,-0.617476,-0.432244
33115342,0.228719,0.615848,-0.617712,-0.432261
33123675,0.229045,0.615574,-0.617620,-0.432611
33132008,0.230036,0.615792,-0.617081,-0.432545
33140341,0.230285,0.615258,-0.617645,-0.432368
33148674,0.230564,0.614852,-0.617663,-0.432769
33157007,0.230207,0.614513,-0.617723,-0.433355
33165340,0.232046,0.615521,-0.616590,-0.432556
33173673,0.232464,0.615679,-0.615646,-0.433450
33182006,0.232712,0.615447,-0.615390,-0.434011
33190339,0.232634,0.615215,-0.615520,-0.434197
33198672,0.232442,0.614780,-0.616053,-0.434160
33207005,0.232205,0.614015,-0.616758,-0.434368
33215338,0.231405,0.613655,-0.617629,-0.434067
33223671,0.231500,0.613823,-0.617782,-0.433560
33232004,0.232444,0.614531,-0.617072,-0.433063
33240337,0.231450,0.613983,-0.617494,-0.433770
33248669,0.230292,0.613795,-0.617771,-0.434257
33257002,0.229775,0.613758,-0.617967,-0.434307
33265335,0.229737,0.613662,-0.617987,-0.434433
33273669,0.230067,0.613537,-0.618332,-0.433944
33282002,0.229137,0.613276,-0.618597,-0.434427
33290335,0.229162,0.613889,-0.618191,-0.434126
33298668,0.229921,0.614537,-0.617769,-0.433408
33307001,0.230328,0.615202,-0.617428,-0.432733
33315334,0.229981,0.615381,-0.617581,-0.432445
33323667,0.229555,0.615904,-0.617340,-0.432271
33332000,0.232093,0.619892,-0.614041,-0.429907
33340333,0.232398,0.621212,-0.613459,-0.428666
33348666,0.231515,0.621058,-0.613753,-0.428947
33356999,0.228590,0.618042,-0.616557,-0.430845
33365332,0.228390,0.617486,-0.617122,-0.430941
33373665,0.228688,0.617786,-0.616970,-0.430570
33381998,0.229063,0.617722,-0.617283,-0.430013
33390331,0.229235,0.617740,-0.617132,-0.430112
33398664,0.228890,0.617396,-0.617655,-0.430040
33406997,0.227783,0.615528,-0.619521,-0.430620
33415329,0.228669,0.616643,-0.618422,-0.430135
33423662,0.228121,0.615604,-0.618991,-0.431095
33431995,0.228673,0.615865,-0.618780,-0.430733
33440329,0.228950,0.615784,-0.618824,-0.430638
33448662,0.229263,0.615810,-0.618812,-0.430451
33456995,0.229180,0.615613,-0.618555,-0.431146
33465328,0.229072,0.615541,-0.618721,-0.431068
33473661,0.228622,0.615190,-0.618873,-0.431589
33481994,0.228939,0.615449,-0.618721,-0.431269
33490327,0.229776,0.616588,-0.617635,-0.430754
33498660,0.229763,0.616721,-0.617405,-0.430900
33506993,0.229628,0.616318,-0.617510,-0.431398
33515326,0.229257,0.615450,-0.618211,-0.431831
33523659,0.229346,0.615349,-0.618276,-0.431835
33531992,0.229464,0.615272,-0.618200,-0.431990
33540325,0.229289,0.614813,-0.618321,-0.432563
33548658,0.229479,0.614655,-0.618280,-0.432747
33556991,0.229351,0.614523,-0.618297,-0.432976
33565324,0.228890,0.614122,-0.618396,-0.433648
33573657,0.229704,0.614902,-0.617760,-0.433017
33581990,0.229508,0.614652,-0.617745,-0.433497
33590323,0.228813,0.614062,-0.618097,-0.434198
33598656,0.229255,0.614144,-0.617921,-0.434101
33606989,0.229041,0.613831,-0.618146,-0.434336
33615322,0.230072,0.615097,-0.616908,-0.433759
33623655,0.229580,0.614217,-0.617571,-0.434322
33631988,0.230260,0.614751,-0.616999,-0.434021
33640321,0.229748,0.613521,-0.617758,-0.434951
33648654,0.229690,0.613413,-0.617899,-0.434935
33656987,0.229588,0.612965,-0.618102,-0.435331
33665320,0.230571,0.613956,-0.616816,-0.435240
33673653,0.230734,0.613906,-0.616557,-0.435589
33681986,0.230511,0.613336,-0.616963,-0.435935
33690319,0.229620,0.612011,-0.618220,-0.436488
33698652,0.229650,0.611966,-0.618355,-0.436344
33706985,0.230810,0.613044,-0.617027,-0.436099
33715318,0.230812,0.612955,-0.616680,-0.436712
33723651,0.231185,0.612753,-0.616882,-0.436513
33731984,0.231847,0.612871,-0.616980,-0.435857
33740317,0.230526,0.611625,-0.617658,-0.437346
33748650,0.232148,0.613477,-0.616201,-0.435947
33756983,0.232336,0.613743,-0.615832,-0.435994
33765316,0.232269,0.613739,-0.615482,-0.436528
33773649,0.230977,0.611552,-0.617016,-0.438115
33781982,0.230792,0.610910,-0.617784,-0.438026
33790315,0.231051,0.611988,-0.616794,-0.437780
33798648,0.230730,0.611379,-0.617389,-0.437962
33806981,0.230283,0.611048,-0.617585,-0.438383
33815314,0.230028,0.611200,-0.617576,-0.438316
33823647,0.229904,0.610735,-0.617798,-0.438716
33831980,0.230755,0.611905,-0.616580,-0.438353
33840313,0.229325,0.610561,-0.617299,-0.439961
33848646,0.229680,0.610251,-0.617853,-0.439431
33856979,0.230053,0.611347,-0.617040,-0.438853
33865312,0.230076,0.611459,-0.616739,-0.439109
33873645,0.229246,0.610348,-0.617707,-0.439727
33881978,0.228846,0.610093,-0.617787,-0.440177
33890311,0.229480,0.610790,-0.617307,-0.439553
33898644,0.229968,0.611181,-0.616786,-0.439486
33906977,0.229677,0.611048,-0.616502,-0.440220
33915310,0.228604,0.610178,-0.617599,-0.440449
33923643,0.228727,0.610162,-0.617551,-0.440473
33931976,0.229348,0.610558,-0.617153,-0.440159
33940309,0.228204,0.609828,-0.617704,-0.440992
33948642,0.227350,0.608931,-0.618538,-0.441504
33956975,0.227591,0.609177,-0.618418,-0.441209
33965308,0.227488,0.609098,-0.618460,-0.441313
33973641,0.227193,0.609056,-0.618605,-0.441318
33981974,0.226993,0.609080,-0.618698,-0.441258
33990307,0.227345,0.609367,-0.618453,-0.441024
33998640,0.227527,0.609590,-0.618319,-0.440808
34006973,0.227306,0.610239,-0.618013,-0.440456
34015306,0.226869,0.609437,-0.618412,-0.441230
34023639,0.227026,0.609880,-0.618202,-0.440831
34031972,0.226775,0.609719,-0.618481,-0.440791
34040305,0.226371,0.609173,-0.618765,-0.441355
34048638,0.226736,0.609809,-0.618397,-0.440805
34056971,0.226491,0.609797,-0.618550,-0.440732
34065304,0.226257,0.609649,-0.618749,-0.440779
34073637,0.226235,0.609303,-0.618742,-0.441278
34081970,0.226118,0.609526,-0.618617,-0.441205
34090303,0.227749,0.611792,-0.616608,-0.440041
34098636,0.226668,0.610065,-0.617841,-0.441266
34106969,0.226259,0.609719,-0.618312,-0.441293
34115302,0.225997,0.609565,-0.618411,-0.441501
34123635,0.227492,0.611513,-0.616697,-0.440436
34131968,0.226009,0.609967,-0.618043,-0.441456
34140301,0.226368,0.610036,-0.618131,-0.441054
34148634,0.226405,0.610341,-0.617925,-0.440900
34156967,0.226204,0.609897,-0.618126,-0.441336
34165300,0.225985,0.609815,-0.618350,-0.441248
34173633,0.226128,0.610078,-0.618269,-0.440925
34181966,0.226272,0.610284,-0.618215,-0.440641
34190299,0.226098,0.609934,-0.618196,-0.441240
34198632,0.225662,0.609447,-0.618516,-0.441689
34206965,0.225804,0.609571,-0.618393,-0.441617
34215298,0.225749,0.609619,-0.618507,-0.441421
34223631,0.224804,0.608779,-0.619267,-0.441995
34231964,0.225384,0.609021,-0.618913,-0.441863
34240297,0.225475,0.609164,-0.618668,-0.441962
34248630,0.225887,0.609472,-0.618380,-0.441730
34256963,0.225887,0.609330,-0.618391,-0.441910
34265296,0.225332,0.608702,-0.619015,-0.442186
34273629,0.225812,0.609834,-0.617867,-0.441987
34281962,0.224873,0.608409,-0.618891,-0.442994
34290295,0.225053,0.608401,-0.619249,-0.442413
34298628,0.225003,0.608409,-0.619081,-0.442663
34306961,0.225448,0.608610,-0.618550,-0.442904
34315294,0.225651,0.608500,-0.618348,-0.443233
34323627,0.224980,0.607405,-0.619388,-0.443624
34331960,0.225473,0.608112,-0.618651,-0.443432
34340293,0.225843,0.608407,-0.618161,-0.443523
34348626,0.226077,0.607870,-0.618989,-0.442986
34356959,0.225143,0.607557,-0.619209,-0.443582
34365292,0.226337,0.608198,-0.618805,-0.442659
34373625,0.226271,0.607996,-0.618658,-0.443176
34381958,0.225294,0.607257,-0.618942,-0.444288
34390291,0.225887,0.608795,-0.617442,-0.443969
34398624,0.225057,0.607658,-0.618441,-0.444558
34406957,0.224343,0.606828,-0.619131,-0.445092
34415290,0.225105,0.607323,-0.618926,-0.444317
34423623,0.224369,0.606934,-0.619101,-0.444976
34431956,0.224030,0.606991,-0.619013,-0.445190
34440289,0.225566,0.607903,-0.618258,-0.444219
34448622,0.224764,0.607488,-0.618299,-0.445135
34456955,0.224879,0.607652,-0.618038,-0.445215
34465288,0.225244,0.607983,-0.617551,-0.445257
34473621,0.225251,0.608164,-0.617305,-0.445347
34481954,0.224667,0.607364,-0.617785,-0.446068
34490287,0.225340,0.608081,-0.617276,-0.445455
34498620,0.225577,0.607352,-0.618070,-0.445228
34506953,0.224351,0.606875,-0.618219,-0.446291
34515286,0.224937,0.607348,-0.617540,-0.446291
34523619,0.225092,0.607337,-0.617459,-0.446341
34531952,0.226454,0.607657,-0.617314,-0.445416
34540285,0.224625,0.606542,-0.618180,-0.446658
34548618,0.225202,0.607014,-0.617550,-0.446598
34556951,0.225795,0.607132,-0.617359,-0.446403
34565284,0.225240,0.606562,-0.618122,-0.446402
34573617,0.224699,0.606301,-0.618311,-0.446768
34581950,0.225013,0.606568,-0.617929,-0.446775
34590283,0.225216,0.606839,-0.617718,-0.446597
34598616,0.225608,0.606786,-0.617656,-0.446557
34606949,0.225597,0.606846,-0.617786,-0.446300
34615282,0.225817,0.607074,-0.617488,-0.446292
34623615,0.225961,0.607054,-0.617535,-0.446182
34631948,0.225774,0.606645,-0.617706,-0.446595
34640281,0.225666,0.606636,-0.617522,-0.446916
34648614,0.223260,0.605908,-0.618481,-0.447786
34656947,0.224103,0.605986,-0.618509,-0.447220
34665280,0.222611,0.605471,-0.618777,-0.448291
34673613,0.222096,0.605564,-0.618554,-0.448729
34681946,0.223952,0.606139,-0.617948,-0.447862
34690279,0.225009,0.606248,-0.617677,-0.447560
34698612,0.222889,0.605541,-0.618498,-0.448444
34706945,0.224071,0.606099,-0.617964,-0.447837
34715278,0.226059,0.607453,-0.616364,-0.447207
34723611,0.226024,0.606931,-0.616878,-0.447224
34731944,0.225632,0.606542,-0.617211,-0.447490
34740277,0.225820,0.606739,-0.617193,-0.447153
34748610,0.225525,0.606435,-0.617318,-0.447542
34756943,0.225754,0.606466,-0.617361,-0.447324
34765276,0.226115,0.606677,-0.617210,-0.447064
34773609,0.227087,0.607947,-0.615996,-0.446522
34781942,0.225921,0.606742,-0.617006,-0.447356
34790275,0.226355,0.607063,-0.617003,-0.446705
34798608,0.226410,0.606950,-0.616936,-0.446922
34806941,0.225999,0.606749,-0.617134,-0.447131
34815274,0.226190,0.606724,-0.617047,-0.447188
34823607,0.226140,0.606670,-0.616988,-0.447368
34831940,0.226423,0.606746,-0.617025,-0.447071
34840273,0.227058,0.607486,-0.615993,-0.447167
34848606,0.226422,0.606554,-0.616822,-0.447612
34856939,0.227236,0.607326,-0.616394,-0.446741
34865272,0.227153,0.607583,-0.615849,-0.447185
34873605,0.226640,0.607281,-0.615880,-0.447812
34881938,0.226097,0.606628,-0.616706,-0.447835
34890271,0.225850,0.606224,-0.616926,-0.448203
34898604,0.225849,0.606588,-0.616832,-0.447841
34906937,0.226103,0.607275,-0.616045,-0.447865
34915270,0.226050,0.607177,-0.616327,-0.447636
34923603,0.225511,0.606573,-0.616862,-0.447991
34931936,0.224740,0.606118,-0.617192,-0.448539
34940269,0.225680,0.607219,-0.616292,-0.447815
34948602,0.225857,0.606524,-0.616659,-0.448162
34956935,0.224670,0.605858,-0.617066,-0.449097
34965268,0.224511,0.605821,-0.617081,-0.449207
34973601,0.225038,0.606609,-0.616256,-0.449012
34981934,0.224633,0.605980,-0.616837,-0.449267
34990267,0.225084,0.605958,-0.617028,-0.448808
34998600,0.225237,0.605726,-0.617134,-0.448899
35006933,0.225073,0.605524,-0.616972,-0.449476
35015266,0.226618,0.606814,-0.616302,-0.447876
35023599,0.227265,0.607495,-0.615559,-0.447647
35031932,0.226371,0.606009,-0.616852,-0.448334
35040265,0.226461,0.605870,-0.617152,-0.448063
35048598,0.226696,0.606242,-0.616603,-0.448196
35056931,0.226983,0.606725,-0.615630,-0.448735
35065264,0.226930,0.606466,-0.615721,-0.448987
35073597,0.226679,0.605872,-0.616298,-0.449124
35081930,0.226847,0.605843,-0.616453,-0.448866
35090263,0.226148,0.605167,-0.616891,-0.449527
35098596,0.226379,0.605414,-0.616425,-0.449719
35106929,0.225850,0.605429,-0.616139,-0.450356
35115262,0.226249,0.605975,-0.615768,-0.449929
35123595,0.225622,0.605856,-0.615430,-0.450865
35131928,0.226127,0.605945,-0.615634,-0.450214
35140261,0.225392,0.605654,-0.615680,-0.450909
35148594,0.224313,0.605194,-0.615821,-0.451872
35156927,0.225842,0.606877,-0.614546,-0.450587
35165260,0.225725,0.606758,-0.614280,-0.451168
35173593,0.225043,0.605595,-0.615048,-0.452025
35181926,0.225430,0.605870,-0.614673,-0.451973
35190259,0.224991,0.605503,-0.614981,-0.452264
35198592,0.224807,0.605767,-0.614222,-0.453033
35206925,0.225820,0.606719,-0.613358,-0.452427
35215258,0.225462,0.606036,-0.613816,-0.452898
35223591,0.225158,0.605767,-0.613987,-0.453178
35231924,0.224847,0.605115,-0.614019,-0.454160
35240257,0.223961,0.604613,-0.614233,-0.454975
35248590,0.224266,0.604751,-0.613922,-0.455061
35256923,0.223838,0.604338,-0.613911,-0.455836
35265256,0.223777,0.604451,-0.613497,-0.456272
35273589,0.223803,0.604988,-0.612542,-0.456831
35281922,0.223297,0.604764,-0.612561,-0.457349
35290255,0.222615,0.604609,-0.612374,-0.458136
35298588,0.223150,0.605647,-0.611243,-0.458015
35306921,0.221704,0.604642,-0.611808,-0.459290
35315254,0.220696,0.604163,-0.611817,-0.460391
35323587,0.219643,0.603922,-0.611280,-0.461922
35331920,0.218249,0.603355,-0.611205,-0.463421
35340253,0.217889,0.603273,-0.611061,-0.463887
35348586,0.217498,0.603718,-0.610490,-0.464243
35356919,0.216072,0.604178,-0.609205,-0.465995
35365252,0.217483,0.607018,-0.606510,-0.465162
35373585,0.217273,0.607578,-0.605602,-0.465712
35381918,0.216523,0.607982,-0.604969,-0.466356
35390251,0.215101,0.607208,-0.605397,-0.467466
35398584,0.214869,0.607488,-0.604773,-0.468017
35406917,0.214375,0.607494,-0.604375,-0.468748
35415250,0.213528,0.607723,-0.603486,-0.469982
35423583,0.212988,0.607803,-0.602882,-0.470899
35431916,0.213064,0.608362,-0.601956,-0.471326
35440249,0.213429,0.608847,-0.601397,-0.471248
35448582,0.212600,0.607888,-0.601783,-0.472366
35456915,0.212378,0.607826,-0.601620,-0.472754
35465248,0.212757,0.608236,-0.601178,-0.472618
35473581,0.213070,0.608632,-0.600425,-0.472925
35481914,0.213141,0.608195,-0.600464,-0.473405
35490247,0.213197,0.607517,-0.601051,-0.473506
35498580,0.213374,0.607179,-0.601021,-0.473897
35506913,0.213283,0.605700,-0.602314,-0.474189
35515246,0.213580,0.605279,-0.602199,-0.474739
35523579,0.214333,0.604770,-0.602039,-0.475251
35531912,0.215142,0.603960,-0.602023,-0.475934
35540245,0.215035,0.602934,-0.602235,-0.477015
35548578,0.216054,0.602929,-0.601022,-0.478089
35556911,0.216270,0.601603,-0.601557,-0.478990
35565244,0.218228,0.602487,-0.600497,-0.478318
35573577,0.219104,0.601835,-0.599666,-0.479780
35581910,0.220355,0.602346,-0.598399,-0.480148
35590243,0.221609,0.601906,-0.597981,-0.480643
35598576,0.222153,0.601780,-0.597949,-0.480588
35606909,0.222643,0.601486,-0.597562,-0.481212
35615242,0.223033,0.601164,-0.597241,-0.481830
35623575,0.224263,0.601843,-0.596772,-0.480993
35631908,0.224309,0.601539,-0.596517,-0.481667
35640241,0.224708,0.602041,-0.595939,-0.481570
35648574,0.224417,0.601658,-0.595748,-0.482420
35656907,0.224337,0.601363,-0.595882,-0.482659
35665240,0.224580,0.601315,-0.595585,-0.482974
35673573,0.224262,0.601021,-0.595777,-0.483249
35681906,0.225564,0.602744,-0.594409,-0.482181
35690239,0.225663,0.603034,-0.594378,-0.481811
35698572,0.225443,0.602825,-0.594050,-0.482578
35706905,0.224667,0.602083,-0.595039,-0.482647
35715238,0.223173,0.600542,-0.596135,-0.483907
35723571,0.223991,0.601747,-0.594463,-0.484088
35731904,0.223914,0.601856,-0.594986,-0.483346
35740237,0.223656,0.601742,-0.594725,-0.483928
35748570,0.223115,0.601656,-0.594677,-0.484344
35756903,0.222997,0.601617,-0.594768,-0.484334
35765236,0.222898,0.601711,-0.594582,-0.484492
35773569,0.222602,0.601361,-0.594630,-0.485003
35781902,0.222465,0.601311,-0.594719,-0.485019
35790235,0.223020,0.602564,-0.593505,-0.484697
35798568,0.222037,0.601505,-0.594543,-0.485190
35806901,0.221764,0.601189,-0.594818,-0.485369
35815234,0.221898,0.601274,-0.594916,-0.485083
35823567,0.221227,0.600653,-0.595288,-0.485702
35831900,0.221363,0.600888,-0.595235,-0.485414
35840233,0.222382,0.602228,-0.594489,-0.484200
35848566,0.222349,0.602112,-0.594415,-0.484452
35856899,0.221462,0.601625,-0.594721,-0.485086
35865232,0.221531,0.601688,-0.595209,-0.484378
35873565,0.220639,0.601404,-0.595056,-0.485325
35881898,0.220304,0.601202,-0.595017,-0.485775
35890231,0.220219,0.601378,-0.594953,-0.485674
35898564,0.219609,0.600839,-0.595345,-0.486136
35906897,0.219651,0.601099,-0.594623,-0.486678
35915230,0.219176,0.600708,-0.594778,-0.487186
35923563,0.219275,0.600936,-0.594210,-0.487554
35931896,0.218772,0.600582,-0.594663,-0.487664
35940229,0.219173,0.600574,-0.593537,-0.488864
35948562,0.218219,0.599776,-0.593691,-0.490082
35956895,0.218521,0.599511,-0.592413,-0.491815
35965228,0.217736,0.598986,-0.591598,-0.493780
35973561,0.217908,0.598816,-0.590900,-0.494745
35981894,0.217342,0.598261,-0.591673,-0.494741
35990227,0.216580,0.597555,-0.591312,-0.496358
35998560,0.216581,0.597090,-0.590588,-0.497778
36006893,0.216456,0.597231,-0.588849,-0.499719
36015226,0.216066,0.596879,-0.589053,-0.500066
36023559,0.215719,0.595933,-0.588775,-0.501671
36031892,0.216042,0.595835,-0.587884,-0.502692
36040225,0.216988,0.596571,-0.586498,-0.503031
36048558,0.217868,0.596745,-0.585640,-0.503443
36056891,0.218393,0.595876,-0.586034,-0.503786
36065224,0.219219,0.595648,-0.585304,-0.504546
36073557,0.221770,0.596877,-0.583537,-0.504024
36081890,0.223534,0.597226,-0.581902,-0.504722
36090223,0.223808,0.595934,-0.580613,-0.507604
36098556,0.224870,0.596087,-0.579062,-0.508725
36106889,0.225772,0.594668,-0.577587,-0.511654
36115222,0.227243,0.595032,-0.575531,-0.512896
36123555,0.227186,0.593538,-0.574509,-0.515790
36131888,0.225853,0.591557,-0.573098,-0.520202
36140221,0.227623,0.591116,-0.571062,-0.522166
36148554,0.229588,0.591733,-0.570026,-0.521739
36156887,0.231972,0.592475,-0.568297,-0.521728
36165220,0.233081,0.593039,-0.567561,-0.521395
36173553,0.234227,0.593326,-0.566525,-0.521681
36181886,0.236436,0.594534,-0.562823,-0.523314
36190219,0.236083,0.593611,-0.559673,-0.527880
36198552,0.236809,0.592886,-0.556749,-0.531449
36206885,0.237010,0.591654,-0.554670,-0.534895
36215218,0.236028,0.589067,-0.551668,-0.541252
36223551,0.237408,0.588560,-0.547813,-0.545101
36231884,0.237485,0.587055,-0.542479,-0.551981
36240217,0.234751,0.585858,-0.536227,-0.560466
36248550,0.228798,0.575417,-0.534545,-0.575159
36256883,0.215507,0.565351,-0.531198,-0.593097
36265216,0.216074,0.582859,-0.516604,-0.588819
36273549,0.204543,0.563233,-0.521201,-0.607684
36281882,0.194969,0.554342,-0.519447,-0.620376
36290215,0.199705,0.553744,-0.512643,-0.625046
36298548,0.202289,0.547863,-0.506917,-0.634004
36306881,0.200862,0.544821,-0.502537,-0.640532
36315214,0.207210,0.551725,-0.485590,-0.645652
36323547,0.212500,0.554107,-0.472315,-0.651711
36331880,0.214214,0.548232,-0.461650,-0.663652
36340213,0.217773,0.539971,-0.455098,-0.673715
36348546,0.217622,0.528078,-0.451168,-0.685728
36356879,0.219309,0.515956,-0.443828,-0.699078
36365212,0.221410,0.506826,-0.437642,-0.708925
36373545,0.224155,0.497880,-0.430615,-0.718638
36381878,0.223458,0.484244,-0.426661,-0.730435
36390211,0.223416,0.473628,-0.425582,-0.737998
36398544,0.222937,0.464095,-0.420774,-0.746903
36406877,0.219154,0.449248,-0.424217,-0.755108
36415210,0.224897,0.447825,-0.417567,-0.757966
36423543,0.230829,0.445789,-0.410983,-0.760975
36431876,0.233649,0.438816,-0.408383,-0.765553
36440209,0.233211,0.428453,-0.405994,-0.772793
36448542,0.237840,0.427072,-0.402373,-0.774040
36456875,0.242797,0.426551,-0.396000,-0.776072
36465208,0.246695,0.425057,-0.389480,-0.778957
36473541,0.251876,0.424909,-0.383069,-0.780557
36481874,0.256790,0.426922,-0.375314,-0.781624
36490207,0.262277,0.429868,-0.367470,-0.781914
36498540,0.266142,0.429097,-0.359632,-0.784671
36506873,0.271252,0.432635,-0.351662,-0.784591
36515206,0.275128,0.434191,-0.342514,-0.786426
36523539,0.277063,0.434973,-0.332752,-0.789501
36531872,0.280546,0.442233,-0.320345,-0.789369
36540205,0.283504,0.442330,-0.312513,-0.791395
36548538,0.285247,0.445832,-0.302199,-0.792807
36556871,0.286244,0.450309,-0.291492,-0.793926
36565204,0.285874,0.452475,-0.281308,-0.796498
36573537,0.286875,0.456914,-0.269576,-0.797660
36581870,0.288557,0.464252,-0.255717,-0.797379
36590203,0.287860,0.467516,-0.244040,-0.799381
36598536,0.286047,0.466263,-0.235118,-0.803427
36606869,0.284791,0.467784,-0.227406,-0.805207
36615202,0.284763,0.474491,-0.213846,-0.805008
36623535,0.284570,0.478976,-0.204298,-0.804900
36631868,0.282086,0.479642,-0.198603,-0.806801
36640201,0.281180,0.482847,-0.192427,-0.806702
36648534,0.279138,0.483138,-0.187186,-0.808468
36656867,0.277119,0.485404,-0.182823,-0.808804
36665200,0.275903,0.486948,-0.179269,-0.809087
36673533,0.273075,0.488365,-0.175533,-0.810011
36681866,0.272584,0.495631,-0.169397,-0.807064
36690199,0.272017,0.496603,-0.168736,-0.806796
36698532,0.271430,0.497388,-0.167754,-0.806715
36706865,0.270711,0.498845,-0.166292,-0.806360
36715198,0.270391,0.498224,-0.166294,-0.806851
36723531,0.269925,0.500218,-0.163734,-0.806296
36731864,0.269664,0.500159,-0.164670,-0.806229
36740197,0.269541,0.500594,-0.164595,-0.806016
36748530,0.269851,0.499508,-0.164105,-0.806686
36756863,0.270225,0.499885,-0.162875,-0.806576
36765196,0.270722,0.499686,-0.162030,-0.806703
36773529,0.271650,0.499233,-0.160852,-0.806907
36781862,0.272672,0.496904,-0.159506,-0.808266
36790195,0.274114,0.499486,-0.156401,-0.806792
36798528,0.276122,0.497956,-0.152673,-0.807767
36806861,0.278207,0.500105,-0.147295,-0.806722
36815194,0.279833,0.498860,-0.143303,-0.807649
36823527,0.282563,0.500031,-0.135135,-0.807382
36831860,0.283991,0.497136,-0.127830,-0.809855
36840193,0.286104,0.496063,-0.121295,-0.810773
36848526,0.289381,0.497852,-0.110310,-0.810083
36856859,0.291684,0.493704,-0.103450,-0.812696
36865192,0.293850,0.489721,-0.095472,-0.815298
36873525,0.296982,0.486898,-0.086810,-0.816821
36881858,0.298629,0.482805,-0.077751,-0.819558
36890191,0.301479,0.481916,-0.068831,-0.819835
36898524,0.305146,0.480847,-0.059713,-0.819821
36906857,0.308226,0.477229,-0.052581,-0.821270
36915190,0.311759,0.474521,-0.046828,-0.821854
36923523,0.314401,0.469486,-0.042728,-0.823960
36931856,0.317553,0.463606,-0.041217,-0.826154
36940189,0.320647,0.460676,-0.038658,-0.826722
36948522,0.322952,0.458400,-0.035783,-0.827219
36956855,0.324909,0.456369,-0.033142,-0.827686
36965188,0.326021,0.454921,-0.031200,-0.828121
36973521,0.326408,0.448274,-0.031372,-0.831579
36981854,0.327586,0.449134,-0.026734,-0.830814
36990187,0.328888,0.447251,-0.025675,-0.831348
36998520,0.330650,0.447720,-0.021768,-0.830508
37006853,0.331642,0.450335,-0.017131,-0.828805
37015186,0.334399,0.449201,-0.015175,-0.828351
37023519,0.336964,0.448611,-0.012517,-0.827676
37031852,0.339260,0.448832,-0.008102,-0.826672
37040185,0.341045,0.455015,-0.002789,-0.822583
37048518,0.342644,0.459605,0.002933,-0.819359
37056851,0.343534,0.464491,0.009940,-0.816170
37065184,0.344111,0.471060,0.015098,-0.812073
37073517,0.345502,0.478257,0.020020,-0.807154
37081850,0.342388,0.491407,0.024034,-0.800445
37090183,0.340038,0.501958,0.024639,-0.794862
37098516,0.340584,0.500752,0.025395,-0.795365
37106849,0.345740,0.491988,0.029866,-0.798448
37115182,0.354695,0.470374,0.035913,-0.807248
37123515,0.362648,0.441584,0.030626,-0.820093
37131848,0.364456,0.417469,0.017670,-0.832214
37140181,0.363198,0.412651,0.011668,-0.835266
37148514,0.363561,0.418145,0.013447,-0.832344
37156847,0.363333,0.426988,0.019249,-0.827828
37165180,0.364075,0.432280,0.023352,-0.824645
37173513,0.365041,0.434537,0.023651,-0.823021
37181846,0.365315,0.435960,0.023229,-0.822159
37190179,0.365895,0.440607,0.024006,-0.819396
37198512,0.365210,0.448041,0.024922,-0.815635
37206845,0.365188,0.453466,0.025024,-0.812638
37215178,0.366048,0.455377,0.025690,-0.811160
37223511,0.367138,0.456478,0.025822,-0.810044
37231844,0.367503,0.456834,0.026000,-0.809672
37240177,0.368652,0.456633,0.026536,-0.809245
37248510,0.369902,0.455595,0.025837,-0.809283
37256843,0.369793,0.454773,0.025841,-0.809794
37265176,0.369726,0.454979,0.025467,-0.809721
37273509,0.370771,0.455388,0.024915,-0.809030
37281842,0.371276,0.456561,0.024864,-0.808138
37290175,0.371827,0.456021,0.024722,-0.808194
37298508,0.372424,0.455898,0.024399,-0.807998
37306841,0.373024,0.456101,0.024559,-0.807603
37315174,0.373722,0.454800,0.024319,-0.808021
37323507,0.374289,0.452997,0.023821,-0.808785
37331840,0.374451,0.453893,0.023984,-0.808203
37340173,0.374945,0.453396,0.023399,-0.808271
37348506,0.376441,0.451743,0.023152,-0.808507
37356839,0.376656,0.449827,0.022620,-0.809490
37365172,0.376893,0.448393,0.022290,-0.810184
37373505,0.377288,0.448657,0.021815,-0.809867
37381838,0.377576,0.448360,0.021814,-0.809897
37390171,0.377811,0.448720,0.022103,-0.809580
37398504,0.377629,0.448778,0.021333,-0.809654
37406837,0.377902,0.445832,0.019170,-0.811207
37415170,0.377643,0.445586,0.019317,-0.811459
37423503,0.379134,0.447190,0.021262,-0.809831
37431836,0.379032,0.446907,0.020727,-0.810049
37440169,0.378644,0.448928,0.021410,-0.809095
37448502,0.378896,0.448742,0.021865,-0.809067
37456835,0.378124,0.447348,0.020515,-0.810235
37465168,0.377853,0.447042,0.019789,-0.810549
37473501,0.377876,0.448086,0.020111,-0.809954
37481834,0.378118,0.447953,0.020578,-0.809902
37490167,0.378188,0.448137,0.020724,-0.809764
37498500,0.377800,0.449659,0.020616,-0.809104
37506833,0.377106,0.449401,0.019850,-0.809590
37515166,0.377272,0.449529,0.019955,-0.809439
37523499,0.377459,0.448793,0.019677,-0.809767
37531832,0.377406,0.448260,0.018787,-0.810108
37540165,0.377361,0.448618,0.018735,-0.809931
37548498,0.378535,0.448159,0.018865,-0.809635
37556831,0.377834,0.447347,0.018270,-0.810425
37565164,0.377655,0.446828,0.018081,-0.810798
37573497,0.377451,0.446547,0.017968,-0.811051
37581830,0.377519,0.444255,0.016286,-0.812312
37590163,0.377621,0.442606,0.015277,-0.813184
37598496,0.377642,0.442672,0.015222,-0.813140
37606829,0.377822,0.442796,0.015271,-0.812988
37615162,0.377696,0.441461,0.014557,-0.813785
37623495,0.377658,0.440504,0.013959,-0.814331
37631828,0.377640,0.440981,0.013759,-0.814085
37640161,0.377333,0.442498,0.013588,-0.813407
37648494,0.377018,0.441413,0.012583,-0.814158
37656827,0.377198,0.440868,0.012579,-0.814370
37665160,0.377300,0.440508,0.012250,-0.814523
37673493,0.377316,0.440675,0.011909,-0.814430
37681826,0.377124,0.440450,0.011329,-0.814649
37690159,0.376801,0.441014,0.011214,-0.814495
37698492,0.376805,0.440621,0.010892,-0.814710
37706825,0.377053,0.440860,0.011335,-0.814460
37715158,0.376967,0.440556,0.010946,-0.814670
37723491,0.376929,0.440782,0.010760,-0.814568
37731824,0.376861,0.440748,0.010405,-0.814622
37740157,0.377114,0.440227,0.010439,-0.814786
37748490,0.376456,0.439516,0.009399,-0.815486
37756823,0.376303,0.438708,0.008574,-0.816001
37765156,0.376531,0.438291,0.008746,-0.816118
37773489,0.376468,0.439074,0.008832,-0.815726
37781822,0.375944,0.444698,0.011977,-0.812875
37790155,0.375865,0.447701,0.013369,-0.811240
37798488,0.375290,0.448691,0.013378,-0.810959
37806821,0.375421,0.448362,0.013166,-0.811084
37815154,0.375654,0.444691,0.010878,-0.813029
37823487,0.375669,0.442364,0.009886,-0.814303
37831820,0.375489,0.445813,0.011984,-0.812475
37840153,0.375437,0.445115,0.011220,-0.812892
37848486,0.375460,0.444028,0.010545,-0.813485
37856819,0.375204,0.446174,0.011776,-0.812411
37865152,0.374955,0.447586,0.012974,-0.811731
37873485,0.375037,0.447595,0.013307,-0.811683
37881818,0.375316,0.443938,0.010798,-0.813597
37890151,0.375563,0.442293,0.009824,-0.814391
37898484,0.375683,0.441202,0.009597,-0.814930
37906817,0.375716,0.442747,0.010079,-0.814070
37915150,0.375145,0.447219,0.012710,-0.811850
37923483,0.375349,0.445124,0.011186,-0.812928
37931816,0.375234,0.446298,0.012555,-0.812318
37940149,0.375092,0.447888,0.013560,-0.811492
37948482,0.375639,0.444999,0.011968,-0.812852
37956815,0.375395,0.445810,0.012916,-0.812505
37965148,0.375564,0.447553,0.013968,-0.811451
37973481,0.375775,0.444773,0.012182,-0.812909
37981814,0.375049,0.443552,0.010823,-0.813930
37990147,0.374589,0.446892,0.013073,-0.812281
37998480,0.374816,0.445656,0.012311,-0.812867
38006813,0.374921,0.444162,0.011444,-0.813648
38015146,0.374785,0.446266,0.013270,-0.812531
38023479,0.374725,0.446858,0.014282,-0.812216
38031812,0.374912,0.444393,0.012438,-0.813512
38040145,0.375516,0.442432,0.011568,-0.814314
38048478,0.375251,0.441473,0.011026,-0.814964
38056811,0.374844,0.441515,0.010844,-0.815131
38065144,0.374857,0.441113,0.010827,-0.815343
38073477,0.375417,0.440953,0.011072,-0.815168
38081810,0.375025,0.440410,0.010612,-0.815648
38090143,0.374952,0.439765,0.010536,-0.816031
38098476,0.374939,0.438905,0.010056,-0.816506
38106809,0.375169,0.438694,0.010164,-0.816513
38115142,0.375647,0.438601,0.010408,-0.816340
38123475,0.376016,0.436290,0.009832,-0.817415
38131808,0.376506,0.436500,0.010178,-0.817072
38140141,0.377704,0.436537,0.011352,-0.816484
38148474,0.377612,0.436423,0.011364,-0.816587
38156807,0.378823,0.435994,0.012360,-0.816241
38165140,0.379805,0.434669,0.012566,-0.816488
38173473,0.380904,0.433645,0.012881,-0.816516
38181806,0.382350,0.431618,0.012377,-0.816922
38190139,0.383745,0.428252,0.011611,-0.818050
38198472,0.386149,0.425957,0.012579,-0.818103
38206805,0.388397,0.422833,0.014164,-0.818633
38215138,0.389777,0.424048,0.017544,-0.817282
38223471,0.392048,0.424714,0.020838,-0.815771
38231804,0.395341,0.420655,0.023511,-0.816212
38240137,0.398933,0.412874,0.024937,-0.818392
38248470,0.401624,0.409268,0.026305,-0.818844
38256803,0.406017,0.407375,0.029374,-0.817517
38265136,0.410062,0.406920,0.032016,-0.815623
38273469,0.413366,0.405211,0.034200,-0.814717
38281802,0.416053,0.406877,0.035376,-0.812465
38290135,0.418723,0.404251,0.035028,-0.812420
38298468,0.420113,0.404821,0.035132,-0.811413
38306801,0.422726,0.401172,0.033328,-0.811944
38315134,0.425166,0.400859,0.030939,-0.810919
38323467,0.427881,0.401220,0.029109,-0.809378
38331800,0.431014,0.399668,0.027873,-0.808527
38340133,0.429739,0.399142,0.022427,-0.809634
38348466,0.429576,0.401146,0.018832,-0.808821
38356799,0.430847,0.401031,0.016102,-0.808261
38365132,0.431885,0.409544,0.016274,-0.803420
38373465,0.430402,0.413400,0.013231,-0.802296
38381798,0.431133,0.416571,0.011149,-0.800293
38390131,0.429337,0.418033,0.007429,-0.800540
38398464,0.428285,0.419820,0.003797,-0.800193
38406797,0.428721,0.422910,0.002121,-0.798336
38415130,0.428544,0.425357,0.000545,-0.797133
38423463,0.427135,0.430429,-0.000205,-0.795165
38431796,0.428161,0.435107,-0.000977,-0.792060
38440129,0.428022,0.438153,-0.002566,-0.790451
38448462,0.426646,0.438034,-0.005653,-0.791244
38456795,0.428266,0.440465,-0.005598,-0.789017
38465128,0.429599,0.436865,-0.009916,-0.790250
38473461,0.430732,0.439315,-0.010932,-0.788259
38481794,0.430905,0.439719,-0.013269,-0.787904
38490127,0.431282,0.439642,-0.016556,-0.787678
38498460,0.432461,0.442698,-0.018295,-0.785278
38506793,0.432969,0.444957,-0.019085,-0.783701
38515126,0.433634,0.448512,-0.020292,-0.781273
38523459,0.432414,0.448517,-0.022615,-0.781882
38531792,0.433194,0.456342,-0.018999,-0.777003
38540125,0.434376,0.455431,-0.019543,-0.776865
38548458,0.436001,0.452506,-0.020950,-0.777626
38556791,0.436961,0.455103,-0.019792,-0.775599
38565124,0.437672,0.457075,-0.019061,-0.774055
38573457,0.436809,0.463913,-0.015898,-0.770539
38581790,0.436464,0.468243,-0.014264,-0.768143
38590123,0.436725,0.464832,-0.017285,-0.770003
38598456,0.436374,0.467495,-0.015550,-0.768625
38606789,0.435835,0.467404,-0.016872,-0.768958
38615122,0.435470,0.470688,-0.016496,-0.767168
38623455,0.435123,0.471087,-0.017343,-0.767101
38631788,0.432892,0.474482,-0.015783,-0.766304
38640121,0.432361,0.483367,-0.012011,-0.761102
38648454,0.430194,0.483455,-0.012921,-0.762258
38656787,0.428759,0.487818,-0.011524,-0.760307
38665120,0.430034,0.485360,-0.013521,-0.761127
38673453,0.428967,0.495555,-0.007814,-0.755216
38681786,0.427080,0.497984,-0.004964,-0.754712
38690119,0.426185,0.490471,-0.004879,-0.760119
38698452,0.424052,0.496655,-0.001884,-0.757305
38706785,0.422583,0.502035,0.001538,-0.754574
38715118,0.420250,0.495419,0.001820,-0.760228
38723451,0.417481,0.490005,0.001083,-0.765248
38731784,0.416648,0.494316,0.006108,-0.762902
38740117,0.415088,0.501226,0.011466,-0.759173
38748450,0.414174,0.500806,0.014461,-0.759898
38756783,0.413461,0.497658,0.016715,-0.762304
38765116,0.411693,0.497630,0.019590,-0.763210
38773449,0.409488,0.498766,0.023622,-0.763540
38781782,0.408757,0.503921,0.028409,-0.760377
38790115,0.408641,0.506062,0.031361,-0.758901
38798448,0.408129,0.509054,0.034546,-0.757034
38806781,0.407143,0.502052,0.035354,-0.762187
38815114,0.406252,0.500572,0.037620,-0.763526
38823447,0.406200,0.503643,0.043635,-0.761210
38831780,0.406593,0.510722,0.049717,-0.755892
38840113,0.407453,0.507259,0.051976,-0.757607
38848446,0.407712,0.514941,0.059378,-0.751718
38856779,0.407130,0.521277,0.064781,-0.747207
38865112,0.405521,0.533208,0.075400,-0.738618
38873445,0.406184,0.533868,0.073659,-0.737952
38881778,0.406267,0.541382,0.077217,-0.732046
38890111,0.405809,0.561658,0.091891,-0.715133
38898444,0.405298,0.576342,0.101366,-0.702345
38906777,0.403987,0.587222,0.108838,-0.692906
38915110,0.402401,0.595271,0.116317,-0.685709
38923443,0.399230,0.600949,0.126603,-0.680770
38931776,0.395890,0.613126,0.139225,-0.669301
38940109,0.393340,0.618701,0.144176,-0.664609
38948442,0.389483,0.634026,0.159248,-0.648810
38956775,0.383658,0.642633,0.167879,-0.641596
38965108,0.377486,0.650873,0.178871,-0.633935
38973441,0.369232,0.671995,0.193198,-0.612181
38981774,0.358285,0.691938,0.202796,-0.593066
38990107,0.345774,0.705051,0.212522,-0.581530
38998440,0.334034,0.716065,0.220076,-0.572048
39006773,0.326920,0.726536,0.226159,-0.560465
39015106,0.321532,0.731840,0.232620,-0.554000
39023439,0.320145,0.740805,0.238520,-0.540207
39031772,0.320637,0.744371,0.241214,-0.533778
39040105,0.321799,0.746836,0.241498,-0.529490
39048438,0.323780,0.745855,0.236145,-0.532074
39056771,0.327162,0.749953,0.233953,-0.525168
39065104,0.327231,0.750902,0.228504,-0.526167
39073437,0.328324,0.749624,0.218969,-0.531338
39081770,0.326615,0.750055,0.207892,-0.536210
39090103,0.324257,0.755835,0.196695,-0.533744
39098436,0.322176,0.759090,0.186913,-0.533900
39106769,0.319095,0.762615,0.176965,-0.534117
39115102,0.316557,0.773204,0.174471,-0.521064
39123435,0.317227,0.772842,0.166494,-0.523796
39131768,0.319281,0.774386,0.159189,-0.522537
39140101,0.321758,0.777804,0.157014,-0.516565
39148434,0.325728,0.779342,0.157716,-0.511520
39156767,0.330483,0.778887,0.160052,-0.508427
39165100,0.335393,0.778784,0.160241,-0.505303
39173433,0.340045,0.777826,0.162120,-0.503063
39181766,0.344198,0.775947,0.163849,-0.502580
39190099,0.347487,0.776723,0.163727,-0.499147
39198432,0.350821,0.777902,0.165006,-0.494537
39206765,0.355016,0.779474,0.162633,-0.489832
39215098,0.357135,0.779638,0.162550,-0.488054
39223431,0.358934,0.781179,0.159190,-0.485370
39231764,0.361324,0.780595,0.154199,-0.486147
39240097,0.363023,0.782079,0.150261,-0.483724
39248430,0.365558,0.783617,0.145018,-0.480917
39256763,0.367084,0.784671,0.140900,-0.479258
39265096,0.366446,0.786686,0.139506,-0.476845
39273429,0.365526,0.788465,0.137893,-0.475077
39281762,0.365385,0.789155,0.136555,-0.474427
39290095,0.364721,0.792349,0.137443,-0.469331
39298428,0.364788,0.793721,0.137996,-0.466790
39306761,0.363851,0.795987,0.137283,-0.463865
39315094,0.362851,0.797933,0.134725,-0.462050
39323427,0.360773,0.800986,0.131391,-0.459348
39331760,0.357297,0.803617,0.130217,-0.457802
39340093,0.354597,0.805875,0.128045,-0.456543
39348426,0.353379,0.808228,0.123239,-0.454645
39356759,0.350085,0.809976,0.115248,-0.456177
39365092,0.347023,0.812165,0.108159,-0.456359
39373425,0.344803,0.815565,0.100266,-0.453775
39381758,0.341163,0.818967,0.093536,-0.451832
39390091,0.338319,0.822552,0.084624,-0.449208
39398424,0.336565,0.826094,0.076772,-0.445420
39406757,0.332415,0.829282,0.069842,-0.443750
39415090,0.328045,0.831675,0.064098,-0.443389
39423423,0.326607,0.833282,0.055480,-0.442596
39431756,0.324155,0.833372,0.048411,-0.445052
39440089,0.317909,0.836485,0.044693,-0.444104
39448422,0.312694,0.839750,0.036197,-0.442417
39456755,0.309581,0.841380,0.028287,-0.442085
39465088,0.304932,0.843587,0.019812,-0.441570
39473421,0.297819,0.847088,0.011451,-0.440017
39481754,0.293197,0.850414,0.000993,-0.436841
39490087,0.291479,0.852706,-0.009917,-0.433397
39498420,0.287379,0.855351,-0.020744,-0.430532
39506753,0.279921,0.858374,-0.031013,-0.428809
39515086,0.273880,0.861937,-0.043071,-0.424499
39523419,0.270055,0.864127,-0.055719,-0.421010
39531752,0.263537,0.866913,-0.067450,-0.417685
39540085,0.256298,0.869039,-0.078630,-0.415813
39548418,0.249241,0.871306,-0.091487,-0.412716
39556751,0.243579,0.872807,-0.106764,-0.409242
39565084,0.233832,0.876001,-0.120463,-0.404269
39573417,0.225944,0.877623,-0.132228,-0.401552
39581750,0.217073,0.879067,-0.145229,-0.398785
39590083,0.208778,0.880879,-0.156443,-0.394955
39598416,0.200026,0.882817,-0.168504,-0.390167
39606749,0.189766,0.884085,-0.180777,-0.386913
39615082,0.180143,0.885475,-0.189623,-0.384091
39623415,0.172220,0.888097,-0.198516,-0.377115
39631748,0.161580,0.889660,-0.207358,-0.373363
39640081,0.152277,0.889775,-0.217523,-0.371208
39648414,0.140178,0.891321,-0.224414,-0.368152
39656747,0.128839,0.892657,-0.232278,-0.364158
39665080,0.118488,0.893919,-0.236328,-0.361965
39673413,0.111798,0.892808,-0.245679,-0.360607
39681746,0.098213,0.895168,-0.248147,-0.357004
39690079,0.089265,0.898693,-0.248695,-0.350047
39698412,0.079812,0.897551,-0.251689,-0.353108
39706745,0.068976,0.899784,-0.251754,-0.349645
39715078,0.062804,0.901744,-0.254098,-0.344018
39723411,0.053260,0.902775,-0.255341,-0.341996
39731744,0.046879,0.907192,-0.257365,-0.329498
39740077,0.037475,0.908180,-0.256659,-0.328529
39748410,0.030767,0.908497,-0.259391,-0.326193
39756743,0.021498,0.909656,-0.258274,-0.324588
39765076,0.014975,0.909776,-0.258556,-0.324396
39773409,0.008936,0.911458,-0.260286,-0.318457
39781742,0.003570,0.911061,-0.263493,-0.317058
39790075,-0.003475,0.910315,-0.264068,-0.318719
39798408,-0.007783,0.910285,-0.267122,-0.316176
39806741,-0.009828,0.910488,-0.271282,-0.311964
39815074,-0.013948,0.910711,-0.273068,-0.309587
39823407,-0.015966,0.911045,-0.275462,-0.306371
39831740,-0.017857,0.910887,-0.278248,-0.304211
39840073,-0.016935,0.909266,-0.283798,-0.303987
39848406,-0.020722,0.909774,-0.284861,-0.301224
39856739,-0.019284,0.908781,-0.290533,-0.298892
39865072,-0.026258,0.908444,-0.287921,-0.301896
39873405,-0.028167,0.908164,-0.289139,-0.301402
39881738,-0.026181,0.907320,-0.293539,-0.299866
39890071,-0.025472,0.906952,-0.296355,-0.298267
39898404,-0.028110,0.907000,-0.296327,-0.297910
39906737,-0.030540,0.906461,-0.296088,-0.299545
39915070,-0.031728,0.906055,-0.299245,-0.297505
39923403,-0.032764,0.905288,-0.301368,-0.297587
39931736,-0.033221,0.905436,-0.301690,-0.296756
39940069,-0.033723,0.905121,-0.301456,-0.297897
39948402,-0.033421,0.904270,-0.302223,-0.299732
39956735,-0.031577,0.902007,-0.304072,-0.304839
39965068,-0.032756,0.902298,-0.304200,-0.303723
39973401,-0.032918,0.903289,-0.303733,-0.301218
39981734,-0.034583,0.902366,-0.303241,-0.304276
39990067,-0.034952,0.902342,-0.304010,-0.303538
39998400,-0.037122,0.900068,-0.303724,-0.310244
40006733,-0.038130,0.897696,-0.304760,-0.315927
40015066,-0.036107,0.896057,-0.307050,-0.318589
40023399,-0.037764,0.894282,-0.307244,-0.323164
40031732,-0.039228,0.892365,-0.307295,-0.328200
40040065,-0.039520,0.889430,-0.307825,-0.335553
40048398,-0.038397,0.888968,-0.310400,-0.334535
40056731,-0.035157,0.888763,-0.311337,-0.334564
40065064,-0.037623,0.886879,-0.310319,-0.340195
40073397,-0.039085,0.883323,-0.310628,-0.348888
40081730,-0.037024,0.879762,-0.311598,-0.357148
40090063,-0.036605,0.876772,-0.312476,-0.363716
40098396,-0.036226,0.872343,-0.313233,-0.373617
40106729,-0.042995,0.869790,-0.307080,-0.383822
40115062,-0.045557,0.864789,-0.304949,-0.396321
40123395,-0.045120,0.862209,-0.306052,-0.401113
40131728,-0.047526,0.857217,-0.304544,-0.412521
40140061,-0.052015,0.850938,-0.300398,-0.427738
40148394,-0.053275,0.846832,-0.300212,-0.435786
40156727,-0.054527,0.842359,-0.296771,-0.446525
40165060,-0.059212,0.833819,-0.293158,-0.464002
40173393,-0.058670,0.829542,-0.291099,-0.472947
40181726,-0.056610,0.826152,-0.290103,-0.479696
40190059,-0.052598,0.824557,-0.288105,-0.484082
40198392,-0.047810,0.823015,-0.287316,-0.487658
40206725,-0.044864,0.819908,-0.286548,-0.493588
40215058,-0.042145,0.817501,-0.286867,-0.497618
40223391,-0.038957,0.815183,-0.283961,-0.503314
40231724,-0.036139,0.811707,-0.281571,-0.510434
40240057,-0.031485,0.812191,-0.280243,-0.510704
40248390,-0.027852,0.810059,-0.280487,-0.514155
40256723,-0.023829,0.808521,-0.281590,-0.516172
40265056,-0.020153,0.806746,-0.282418,-0.518647
40273389,-0.017643,0.805509,-0.279276,-0.522350
40281722,-0.014620,0.803388,-0.280380,-0.525110
40290055,-0.010612,0.802544,-0.281818,-0.525727
40298388,-0.007317,0.801217,-0.279522,-0.529022
40306721,-0.003611,0.800220,-0.278418,-0.531148
40315054,-0.000124,0.799805,-0.278716,-0.531630
40323387,0.002454,0.797354,-0.279439,-0.534916
40331720,0.006802,0.797754,-0.279840,-0.534071
40340053,0.011408,0.798620,-0.278903,-0.533187
40348386,0.014302,0.797458,-0.276772,-0.535960
40356719,0.016354,0.795483,-0.274275,-0.540104
40365052,0.020647,0.794492,-0.274193,-0.541455
40373385,0.023488,0.793426,-0.272387,-0.543809
40381718,0.025978,0.794068,-0.271881,-0.543012
40390051,0.028387,0.793404,-0.271158,-0.544221
40398384,0.030600,0.793032,-0.269834,-0.545301
40406717,0.034469,0.794046,-0.269417,-0.543799
40415050,0.037193,0.793898,-0.268457,-0.544310
40423383,0.039676,0.794889,-0.267820,-0.543001
40431716,0.041769,0.794307,-0.267163,-0.544018
40440049,0.044020,0.794452,-0.265913,-0.544241
40448382,0.045005,0.793461,-0.264044,-0.546511
40456715,0.046313,0.793594,-0.263099,-0.546665
40465048,0.047664,0.793229,-0.262114,-0.547551
40473381,0.050570,0.796231,-0.260440,-0.543719
40481714,0.052708,0.797317,-0.257215,-0.543460
40490047,0.053601,0.796826,-0.254796,-0.545228
40498380,0.055607,0.799584,-0.252094,-0.542238
40506713,0.056852,0.800035,-0.250077,-0.542377
40515046,0.057796,0.799231,-0.249783,-0.543597
40523379,0.059424,0.801209,-0.248726,-0.540988
40531712,0.060472,0.801670,-0.247520,-0.540742
40540045,0.060967,0.803770,-0.244915,-0.538751
40548378,0.062236,0.806372,-0.242891,-0.535625
40556711,0.063266,0.809198,-0.241327,-0.531937
40565044,0.063456,0.809330,-0.239260,-0.532648
40573377,0.064748,0.810625,-0.237650,-0.531241
40581710,0.063801,0.811304,-0.236344,-0.530902
40590043,0.064075,0.814186,-0.233880,-0.527537
40598376,0.064813,0.817261,-0.232353,-0.523351
40606709,0.064191,0.816807,-0.230325,-0.525030
40615042,0.062860,0.818489,-0.227401,-0.523845
40623375,0.063980,0.822805,-0.224209,-0.518293
40631708,0.063716,0.823491,-0.221650,-0.518338
40640041,0.062883,0.823636,-0.219136,-0.519277
40648374,0.062406,0.826657,-0.216865,-0.515474
40656707,0.059842,0.827249,-0.213591,-0.516194
40665040,0.060249,0.829785,-0.209692,-0.513669
40673373,0.058532,0.831159,-0.206564,-0.512914
40681706,0.057164,0.832577,-0.202974,-0.512201
40690039,0.056190,0.834732,-0.199251,-0.510259
40698372,0.056968,0.839024,-0.196365,-0.504216
40706705,0.054906,0.839224,-0.193392,-0.505261
40715038,0.055434,0.842928,-0.190386,-0.500153
40723371,0.055831,0.844938,-0.187658,-0.497742
40731704,0.053417,0.846563,-0.183939,-0.496632
40740037,0.052546,0.849159,-0.180644,-0.493494
40748370,0.051029,0.849536,-0.176327,-0.494564
40756703,0.049410,0.850799,-0.171537,-0.494241
40765036,0.048727,0.851750,-0.167768,-0.493965
40773369,0.048396,0.853388,-0.165733,-0.491853
40781702,0.047241,0.855274,-0.161081,-0.490232
40790035,0.046199,0.857041,-0.155531,-0.489037
40798368,0.045157,0.857681,-0.152915,-0.488837
40806701,0.044799,0.859294,-0.148662,-0.487347
40815034,0.043617,0.860437,-0.145613,-0.486356
40823367,0.042971,0.863203,-0.141374,-0.482751
40831700,0.041306,0.862841,-0.136968,-0.484808
40840033,0.041555,0.864857,-0.133685,-0.482103
40848366,0.042072,0.865857,-0.130789,-0.481056
40856699,0.040871,0.865546,-0.127733,-0.482540
40865032,0.040747,0.867366,-0.124967,-0.479999
40873365,0.040313,0.867592,-0.122304,-0.480314
40881698,0.039968,0.867888,-0.119446,-0.480526
40890031,0.039915,0.868762,-0.116117,-0.479767
40898364,0.039918,0.868919,-0.113982,-0.479994
40906697,0.040230,0.869337,-0.111822,-0.479719
40915030,0.041293,0.870745,-0.110600,-0.477353
40923363,0.042711,0.870930,-0.107895,-0.477509
40931696,0.043793,0.871075,-0.106010,-0.477569
40940029,0.044912,0.871322,-0.105322,-0.477168
40948362,0.045635,0.871243,-0.102982,-0.477753
40956695,0.046716,0.871121,-0.101507,-0.478186
40965028,0.047983,0.871217,-0.099508,-0.478305
40973361,0.049825,0.870940,-0.098245,-0.478883
40981694,0.050653,0.869371,-0.096830,-0.481926
40990027,0.052646,0.868794,-0.095678,-0.482981
40998360,0.053247,0.868352,-0.094572,-0.483927
41006693,0.054736,0.867808,-0.093092,-0.485023
41015026,0.055814,0.867885,-0.091762,-0.485015
41023359,0.057472,0.867311,-0.091012,-0.485989
41031692,0.059098,0.867240,-0.088737,-0.486341
41040025,0.059909,0.864605,-0.089549,-0.490765
41048358,0.060486,0.863415,-0.088972,-0.492889
41056691,0.061913,0.862879,-0.087938,-0.493835
41065024,0.063060,0.863144,-0.087228,-0.493352
41073357,0.065049,0.862931,-0.086426,-0.493609
41081690,0.065970,0.861721,-0.086725,-0.495543
41090023,0.066804,0.860080,-0.086433,-0.498326
41098356,0.068194,0.859721,-0.086101,-0.498814
41106689,0.069440,0.857865,-0.086472,-0.501766
41115022,0.071496,0.857962,-0.086756,-0.501261
41123355,0.073602,0.857608,-0.088172,-0.501315
41131688,0.074685,0.857282,-0.088517,-0.501652
41140021,0.075419,0.855658,-0.089851,-0.504072
41148354,0.078201,0.855546,-0.090972,-0.503637
41156687,0.079060,0.851879,-0.094196,-0.509096
41165020,0.080974,0.852094,-0.095766,-0.508141
41173353,0.082349,0.851232,-0.096658,-0.509196
41181686,0.084213,0.849840,-0.097885,-0.510979
41190019,0.086232,0.849469,-0.099821,-0.510884
41198352,0.087574,0.848206,-0.101740,-0.512373
41206685,0.089785,0.847115,-0.103497,-0.513442
41215018,0.091386,0.846758,-0.104825,-0.513479
41223351,0.093837,0.847209,-0.105591,-0.512134
41231684,0.096082,0.846010,-0.108965,-0.512992
41240017,0.098305,0.845114,-0.111798,-0.513440
41248350,0.099890,0.843352,-0.114882,-0.515346
41256683,0.101348,0.842856,-0.115630,-0.515705
41265016,0.103633,0.841056,-0.117369,-0.517792
41273349,0.105610,0.840368,-0.119805,-0.517953
41281682,0.108743,0.841342,-0.120248,-0.515615
41290015,0.109758,0.840803,-0.121245,-0.516046
41298348,0.111474,0.840407,-0.122251,-0.516085
41306681,0.113929,0.840922,-0.123218,-0.514478
41315014,0.114977,0.838656,-0.123251,-0.517925
41323347,0.117022,0.837155,-0.124256,-0.519652
41331680,0.119284,0.839087,-0.122839,-0.516348
41340013,0.121746,0.839390,-0.123242,-0.515183
41348346,0.123510,0.840273,-0.122579,-0.513479
41356679,0.124427,0.839689,-0.123143,-0.514078
41365012,0.125124,0.839332,-0.123294,-0.514455
41373345,0.126076,0.840597,-0.122774,-0.512277
41381678,0.127298,0.841171,-0.122674,-0.511056
41390011,0.128456,0.841438,-0.121616,-0.510578
41398344,0.128677,0.840826,-0.122142,-0.511405
41406677,0.129188,0.841165,-0.122283,-0.510685
41415010,0.129471,0.842319,-0.122053,-0.508762
41423343,0.128544,0.842985,-0.123056,-0.507652
41431676,0.127057,0.842595,-0.123968,-0.508451
41440009,0.126924,0.842523,-0.124052,-0.508582
41448342,0.126321,0.842112,-0.124832,-0.509222
41456675,0.125790,0.843738,-0.125269,-0.506548
41465008,0.123766,0.844491,-0.124775,-0.505914
41473341,0.122391,0.846115,-0.124622,-0.503566
41481674,0.121789,0.847629,-0.123866,-0.501348
41490007,0.119702,0.846648,-0.125586,-0.503077
41498340,0.118445,0.847722,-0.125554,-0.501572
41506673,0.116775,0.848925,-0.125119,-0.500036
41515006,0.115018,0.850328,-0.125934,-0.497850
41523339,0.112506,0.849891,-0.126830,-0.498941
41531672,0.111586,0.849801,-0.127099,-0.499231
41540005,0.110437,0.851818,-0.126558,-0.496178
41548338,0.108434,0.851848,-0.125997,-0.496711
41556671,0.106913,0.852015,-0.126003,-0.496754
41565004,0.104663,0.852891,-0.126478,-0.495607
41573337,0.102477,0.852340,-0.126491,-0.497007
41581670,0.101417,0.853011,-0.126963,-0.495951
41590003,0.099739,0.855074,-0.125925,-0.492995
41598336,0.098314,0.856488,-0.126145,-0.490765
41606669,0.095862,0.856752,-0.126651,-0.490658
41615002,0.093455,0.858233,-0.125143,-0.488918
41623335,0.091008,0.857696,-0.124412,-0.490506
41631668,0.089233,0.858833,-0.124721,-0.488761
41640001,0.087645,0.860540,-0.123451,-0.486363
41648334,0.084999,0.861304,-0.123101,-0.485568
41656667,0.083411,0.862375,-0.123785,-0.483765
41665000,0.079845,0.861711,-0.123863,-0.485527
41673333,0.076796,0.861020,-0.122344,-0.487625
41681666,0.074993,0.863287,-0.120749,-0.484284
41689999,0.072944,0.863201,-0.119434,-0.485076
41698332,0.072594,0.865904,-0.118834,-0.480437
41706665,0.070706,0.866004,-0.118388,-0.480647
41714998,0.068787,0.866167,-0.118304,-0.480653
41723331,0.065861,0.865856,-0.117383,-0.481848
41731664,0.063942,0.866231,-0.116638,-0.481613
41739997,0.062897,0.866947,-0.115996,-0.480615
41748330,0.060779,0.867521,-0.115274,-0.480025
41756663,0.058438,0.867589,-0.115181,-0.480216
41764996,0.056859,0.866259,-0.114698,-0.482915
41773329,0.055511,0.867357,-0.114059,-0.481250
41781662,0.054565,0.868715,-0.113440,-0.479050
41789995,0.053904,0.869580,-0.113375,-0.477567
41798328,0.051978,0.868714,-0.113980,-0.479211
41806661,0.049924,0.868161,-0.114087,-0.480403
41814994,0.047768,0.866894,-0.114710,-0.482758
41823327,0.047485,0.867073,-0.114189,-0.482587
41831660,0.045940,0.867420,-0.113481,-0.482281
41839993,0.045346,0.867639,-0.113830,-0.481860
41848326,0.044026,0.866866,-0.113616,-0.483421
41856659,0.042923,0.866788,-0.114189,-0.483525
41864992,0.042063,0.867339,-0.114966,-0.482429
41873325,0.040823,0.866000,-0.115393,-0.484832
41881658,0.040308,0.865655,-0.116107,-0.485320
41889991,0.039231,0.864840,-0.116413,-0.486786
41898324,0.038952,0.864959,-0.117643,-0.486301
41906657,0.039233,0.865758,-0.118000,-0.484768
41914990,0.039861,0.866046,-0.117967,-0.484210
41923323,0.040056,0.865961,-0.117299,-0.484509
41931656,0.039557,0.866057,-0.116932,-0.484467
41939989,0.039388,0.865034,-0.117578,-0.486149
41948322,0.039318,0.865223,-0.117725,-0.485782
41956655,0.039856,0.865004,-0.117796,-0.486111
41964988,0.040167,0.864584,-0.116702,-0.487095
41973321,0.040468,0.863607,-0.116217,-0.488916
41981654,0.041213,0.862572,-0.116367,-0.490642
41989987,0.041202,0.863084,-0.116144,-0.489795
41998320,0.041639,0.862958,-0.116381,-0.489924
42006653,0.042227,0.862814,-0.116295,-0.490148
42014986,0.043381,0.863105,-0.116984,-0.489370
42023319,0.044929,0.862367,-0.117976,-0.490291
42031652,0.046169,0.862162,-0.118335,-0.490450
42039985,0.047175,0.862523,-0.118528,-0.489673
42048318,0.048447,0.861843,-0.119121,-0.490601
42056651,0.049408,0.862001,-0.119789,-0.490066
42064984,0.050037,0.861071,-0.119567,-0.491688
42073317,0.050995,0.860853,-0.119724,-0.491933
42081650,0.050235,0.858893,-0.119607,-0.495452
42089983,0.051267,0.858975,-0.119743,-0.495173
42098316,0.052840,0.858582,-0.119350,-0.495783
42106649,0.054471,0.858114,-0.120338,-0.496178
42114982,0.055837,0.857912,-0.120565,-0.496320
42123315,0.058434,0.859058,-0.121061,-0.493911
42131648,0.059748,0.859279,-0.120948,-0.493398
42139981,0.059990,0.857622,-0.120947,-0.496242
42148314,0.061641,0.858024,-0.121151,-0.495295
42156647,0.061870,0.857592,-0.119948,-0.496307
42164980,0.063617,0.858818,-0.120558,-0.493812
42173313,0.064391,0.857061,-0.121556,-0.496512
42181646,0.065421,0.856530,-0.120903,-0.497453
42189979,0.066151,0.856329,-0.120040,-0.497910
42198312,0.067702,0.857889,-0.120561,-0.494882
42206645,0.069321,0.858207,-0.120813,-0.494044
42214978,0.070753,0.858293,-0.120171,-0.493848
42223311,0.071670,0.857261,-0.121401,-0.495206
42231644,0.071765,0.857081,-0.121360,-0.495514
42239977,0.073176,0.856159,-0.120193,-0.497183
42248310,0.074887,0.856981,-0.121293,-0.495241
42256643,0.075611,0.858672,-0.121809,-0.492066
42264976,0.075612,0.858502,-0.122870,-0.492098
42273309,0.073431,0.855415,-0.122997,-0.497739
42281642,0.072652,0.853253,-0.123512,-0.501424
42289975,0.073189,0.853878,-0.123521,-0.500278
42298308,0.074509,0.854805,-0.123713,-0.498449
42306641,0.075123,0.855730,-0.123311,-0.496867
42314974,0.074596,0.855883,-0.124088,-0.496489
42323307,0.074532,0.856720,-0.124241,-0.495016
42331640,0.073728,0.856374,-0.123745,-0.495858
42339973,0.074694,0.857472,-0.123103,-0.493972
42348306,0.074991,0.857322,-0.122639,-0.494303
42356639,0.075617,0.857853,-0.122885,-0.493223
42364972,0.075216,0.858415,-0.122787,-0.492331
42373305,0.074275,0.858013,-0.123008,-0.493119
42381638,0.073658,0.857670,-0.123547,-0.493673
42389971,0.073390,0.858846,-0.124640,-0.491388
42398304,0.072338,0.858598,-0.124465,-0.492022
42406637,0.071927,0.859921,-0.123593,-0.489986
42414970,0.071819,0.860165,-0.123746,-0.489536
42423303,0.071505,0.860339,-0.123246,-0.489402
42431636,0.069852,0.859502,-0.122978,-0.491176
42439969,0.069141,0.859632,-0.123685,-0.490870
42448302,0.068433,0.858716,-0.124532,-0.492358
42456635,0.067159,0.858069,-0.124503,-0.493666
42464968,0.065632,0.856099,-0.125447,-0.497041
42473301,0.064388,0.856035,-0.125187,-0.497380
42481634,0.063221,0.856926,-0.125248,-0.495978
42489967,0.062036,0.856731,-0.125464,-0.496409
42498300,0.060053,0.855892,-0.124616,-0.498311
42506633,0.058496,0.855810,-0.124408,-0.498687
42514966,0.057560,0.855912,-0.124711,-0.498546
42523299,0.056007,0.856569,-0.124209,-0.497719
42531632,0.054761,0.857889,-0.124527,-0.495501
42539965,0.053346,0.858888,-0.124994,-0.493804
42548298,0.051808,0.858922,-0.125423,-0.493800
42556631,0.050194,0.858348,-0.126022,-0.494810
42564964,0.048024,0.857316,-0.126990,-0.496565
42573297,0.046415,0.857518,-0.127307,-0.496288
42581630,0.044722,0.857261,-0.128094,-0.496685
42589963,0.043220,0.856954,-0.128692,-0.497193
42598296,0.041637,0.856149,-0.128083,-0.498868
42606629,0.039973,0.855901,-0.128024,-0.499446
42614962,0.039227,0.856846,-0.129190,-0.497580
42623295,0.037658,0.855819,-0.128735,-0.499583
42631628,0.036616,0.855873,-0.128315,-0.499677
42639961,0.035455,0.857738,-0.126531,-0.497010
42648294,0.033911,0.857515,-0.126512,-0.497506
42656627,0.032521,0.857327,-0.127022,-0.497794
42664960,0.031612,0.856893,-0.126341,-0.498772
42673293,0.030097,0.856944,-0.125980,-0.498869
42681626,0.027374,0.855578,-0.125598,-0.501460
42689959,0.025996,0.855140,-0.126503,-0.502053
42698292,0.024326,0.854000,-0.126242,-0.504139
42706625,0.023990,0.855695,-0.126588,-0.501184
42714958,0.022951,0.854548,-0.128461,-0.502712
42723291,0.022711,0.856016,-0.127555,-0.500450
42731624,0.021416,0.855556,-0.126155,-0.501647
42739957,0.021589,0.854962,-0.127068,-0.502422
42748290,0.021063,0.855399,-0.127532,-0.501582
42756623,0.019116,0.853949,-0.126915,-0.504279
42764956,0.017837,0.852861,-0.127788,-0.505944
42773289,0.018264,0.853271,-0.127667,-0.505268
42781622,0.017628,0.851998,-0.128971,-0.507104
42789955,0.016995,0.851620,-0.129085,-0.507733
42798288,0.017697,0.852553,-0.129455,-0.506045
42806621,0.017082,0.851827,-0.131057,-0.506876
42814954,0.017910,0.852800,-0.131754,-0.505026
42823287,0.017505,0.852394,-0.132375,-0.505564
42831620,0.017783,0.851980,-0.132521,-0.506213
42839953,0.016771,0.849618,-0.133779,-0.509874
42848286,0.016913,0.849095,-0.136609,-0.509989
42856619,0.017190,0.848611,-0.138037,-0.510402
42864952,0.016660,0.847377,-0.139491,-0.512071
42873285,0.016469,0.847008,-0.141845,-0.512042
42881618,0.017383,0.847105,-0.142295,-0.511725
42889951,0.017910,0.846110,-0.143898,-0.512904
42898284,0.018643,0.845960,-0.143167,-0.513329
42906617,0.020620,0.846397,-0.143497,-0.512441
42914950,0.021934,0.845286,-0.146239,-0.513444
42923283,0.021796,0.844833,-0.147090,-0.513952
42931616,0.021115,0.842717,-0.148593,-0.517012
42939949,0.022786,0.841894,-0.149553,-0.518005
42948282,0.024711,0.842753,-0.148988,-0.516681
42956615,0.024815,0.841213,-0.149815,-0.518943
42964948,0.026997,0.841271,-0.150819,-0.518447
42973281,0.028086,0.840116,-0.152571,-0.519748
42981614,0.029144,0.839943,-0.153744,-0.519624
42989947,0.030666,0.839251,-0.154215,-0.520514
42998280,0.031872,0.839988,-0.154035,-0.519305
43006613,0.032249,0.837245,-0.155957,-0.523124
43014946,0.034063,0.836851,-0.155780,-0.523692
43023279,0.036158,0.836948,-0.157090,-0.523005
43031612,0.037559,0.836791,-0.157706,-0.522971
43039945,0.040376,0.837901,-0.157657,-0.520995
43048278,0.040959,0.835443,-0.157230,-0.525011
43056611,0.042463,0.835069,-0.157423,-0.525428
43064944,0.044576,0.835007,-0.156879,-0.525514
43073277,0.046275,0.833683,-0.155848,-0.527772
43081610,0.048414,0.833135,-0.154668,-0.528791
43089943,0.049376,0.831519,-0.154681,-0.531236
43098276,0.051292,0.831581,-0.153927,-0.531176
43106609,0.053278,0.830645,-0.153072,-0.532691
43114942,0.054595,0.828998,-0.152219,-0.535361
43123275,0.057690,0.830934,-0.151490,-0.532233
43131608,0.058616,0.829869,-0.148337,-0.534675
43139941,0.059469,0.828997,-0.147574,-0.536143
43148274,0.061486,0.828076,-0.146733,-0.537567
43156607,0.062787,0.827803,-0.144885,-0.538339
43164940,0.064529,0.828814,-0.141527,-0.537470
43173273,0.066084,0.828608,-0.139877,-0.538030
43181606,0.067933,0.826803,-0.138361,-0.540961
43189939,0.070667,0.828332,-0.136266,-0.538799
43198272,0.071993,0.827722,-0.134385,-0.540031
43206605,0.072746,0.827973,-0.131524,-0.540251
43214938,0.073712,0.828535,-0.128769,-0.539921
43223271,0.073948,0.828528,-0.126026,-0.540546
43231604,0.077206,0.829454,-0.122906,-0.539389
43239937,0.078608,0.829427,-0.120452,-0.539780
43248270,0.080127,0.828307,-0.117974,-0.541820
43256603,0.080964,0.829184,-0.115179,-0.540955
43264936,0.082604,0.830519,-0.112767,-0.539164
43273269,0.083107,0.829791,-0.110388,-0.540698
43281602,0.084767,0.830091,-0.107493,-0.540564
43289935,0.085886,0.831293,-0.105533,-0.538924
43298268,0.087108,0.832770,-0.102907,-0.536951
43306601,0.087915,0.833582,-0.099016,-0.536291
43314934,0.089290,0.834676,-0.096674,-0.534788
43323267,0.090210,0.835145,-0.094523,-0.534286
43331600,0.091246,0.836243,-0.090163,-0.533145
43339933,0.091850,0.836211,-0.086766,-0.533655
43348266,0.092582,0.835713,-0.083531,-0.534823
43356599,0.094063,0.836569,-0.080208,-0.533733
43364932,0.095397,0.838216,-0.075738,-0.531562
43373265,0.096996,0.838580,-0.072128,-0.531200
43381598,0.098482,0.839375,-0.067972,-0.530218
43389931,0.099298,0.838872,-0.064660,-0.531275
43398264,0.100867,0.839854,-0.060820,-0.529879
43406597,0.103560,0.840404,-0.055877,-0.529031
43414930,0.104244,0.841706,-0.051097,-0.527307
43423263,0.106214,0.842890,-0.046074,-0.525483
43431596,0.107707,0.843794,-0.040796,-0.524162
43439929,0.109019,0.844786,-0.035055,-0.522708
43448262,0.110017,0.845966,-0.030301,-0.520884
43456595,0.112625,0.846380,-0.024777,-0.519945
43464928,0.115183,0.845440,-0.018374,-0.521179
43473261,0.118057,0.846890,-0.012708,-0.518342
43481594,0.120236,0.847179,-0.007862,-0.517465
43489927,0.123348,0.848248,-0.001320,-0.515033
43498260,0.125152,0.848741,0.004556,-0.513765
43506593,0.126601,0.849454,0.010695,-0.512139
43514926,0.128547,0.849782,0.015073,-0.510998
43523259,0.131265,0.850273,0.021052,-0.509275
43531592,0.132842,0.850881,0.026022,-0.507619
43539925,0.135244,0.850307,0.032543,-0.507571
43548258,0.138029,0.850327,0.039090,-0.506324
43556591,0.140532,0.851714,0.044322,-0.502861
43564924,0.143549,0.851703,0.050987,-0.501394
43573257,0.145926,0.852651,0.058280,-0.498292
43581590,0.149785,0.852861,0.064568,-0.496007
43589923,0.153247,0.853108,0.071574,-0.493558
43598256,0.156721,0.852812,0.077813,-0.492032
43606589,0.158865,0.853166,0.084265,-0.489661
43614922,0.162196,0.853104,0.090423,-0.487575
43623255,0.166290,0.852958,0.096929,-0.485195
43631588,0.168670,0.853491,0.105429,-0.481652
43639921,0.172932,0.852286,0.111621,-0.480879
43648254,0.176937,0.851390,0.117866,-0.479517
43656587,0.181879,0.850787,0.126124,-0.476629
43664920,0.185374,0.850280,0.133372,-0.474206
43673253,0.190035,0.848907,0.141104,-0.472581
43681586,0.193546,0.847970,0.149094,-0.470380
43689919,0.197953,0.846359,0.156570,-0.469017
43698252,0.201254,0.845852,0.164418,-0.465831
43706585,0.205004,0.844983,0.171759,-0.463114
43714918,0.209309,0.843033,0.179814,-0.461684
43723251,0.214107,0.841648,0.186297,-0.459434
43731584,0.218715,0.840497,0.193203,-0.456510
43739917,0.222632,0.838639,0.200429,-0.454915
43748250,0.227182,0.836832,0.207304,-0.452908
43756583,0.231737,0.834664,0.212711,-0.452094
43764916,0.236241,0.833325,0.218600,-0.449415
43773249,0.243271,0.830066,0.224452,-0.448811
43781582,0.247834,0.827614,0.230060,-0.448002
43789915,0.252822,0.824896,0.235559,-0.447370
43798248,0.257567,0.823199,0.240452,-0.445181
43806581,0.261338,0.821784,0.245217,-0.442992
43814914,0.265084,0.819890,0.248696,-0.442336
43823247,0.269060,0.817927,0.251974,-0.441714
43831580,0.273861,0.815805,0.253657,-0.441724
43839913,0.276928,0.814432,0.256824,-0.440514
43848246,0.279768,0.813499,0.260538,-0.438257
43856579,0.283030,0.812175,0.262499,-0.437446
43864912,0.286307,0.811894,0.264183,-0.434814
43873245,0.290123,0.810642,0.267206,-0.432769
43881578,0.291925,0.810034,0.268325,-0.432003
43889911,0.294102,0.810226,0.268900,-0.429802
43898244,0.296977,0.809070,0.271064,-0.428643
43906577,0.299000,0.807895,0.274384,-0.427339
43914910,0.302455,0.806382,0.276380,-0.426478
43923243,0.305404,0.805713,0.278451,-0.424288
43931576,0.308751,0.804463,0.280617,-0.422807
43939909,0.312863,0.801810,0.283853,-0.422663
43948242,0.314532,0.801427,0.288155,-0.419227
43956575,0.316092,0.800610,0.294150,-0.415434
43964908,0.321837,0.796826,0.296490,-0.416633
43973241,0.323743,0.795480,0.302251,-0.413579
43981574,0.326208,0.793059,0.308333,-0.411797
43989907,0.329585,0.790412,0.314104,-0.409832
43998240,0.331531,0.788681,0.319602,-0.407339
44006573,0.333814,0.785853,0.324681,-0.406922
44014906,0.337599,0.782838,0.330628,-0.404816
44023239,0.339778,0.780376,0.335652,-0.403610
44031572,0.341925,0.777920,0.341149,-0.401927
44039905,0.345435,0.775335,0.343753,-0.401702
44048238,0.347827,0.773036,0.348310,-0.400140
44056571,0.349883,0.770624,0.353136,-0.398767
44064904,0.352337,0.768589,0.356562,-0.397485
44073237,0.354907,0.766662,0.360268,-0.395572
44081570,0.358147,0.764003,0.362856,-0.395431
44089903,0.359794,0.762381,0.368012,-0.392289
44098236,0.361204,0.761151,0.372648,-0.388990
44106569,0.364027,0.758499,0.376581,-0.387750
44114902,0.365970,0.756862,0.380981,-0.384811
44123235,0.368458,0.754297,0.384431,-0.384042
44131568,0.370327,0.752676,0.388289,-0.381535
44139901,0.373639,0.749937,0.392029,-0.379870
44148234,0.375562,0.748020,0.396430,-0.377177
44156567,0.377344,0.746329,0.400642,-0.374287
44164900,0.378601,0.744014,0.405232,-0.372681
44173233,0.382411,0.740613,0.406566,-0.374110
44181566,0.384042,0.738288,0.410620,-0.372604
44189899,0.386501,0.736390,0.414398,-0.369622
44198232,0.389248,0.735245,0.417363,-0.365661
44206565,0.391956,0.732956,0.421361,-0.362768
44214898,0.392957,0.732003,0.424033,-0.360488
44223231,0.395789,0.730295,0.425916,-0.358631
44231564,0.398110,0.728654,0.428124,-0.356765
44239897,0.399917,0.726972,0.431060,-0.354633
44248230,0.401747,0.725612,0.433439,-0.352444
44256563,0.403300,0.724681,0.435084,-0.350555
44264896,0.405040,0.723037,0.437069,-0.349471
44273229,0.406561,0.721299,0.439976,-0.347644
44281562,0.408380,0.719623,0.442028,-0.346382
44289895,0.410086,0.717925,0.444491,-0.344733
44298228,0.411295,0.716337,0.447569,-0.342607
44306561,0.413264,0.714466,0.449663,-0.341402
44314894,0.414750,0.712848,0.452691,-0.338972
44323227,0.415279,0.711757,0.455775,-0.336473
44331560,0.417324,0.709771,0.458615,-0.334273
44339893,0.417705,0.708287,0.462490,-0.331595
44348226,0.419822,0.706177,0.464236,-0.330981
44356559,0.419828,0.705089,0.468034,-0.327930
44364892,0.420519,0.703427,0.471795,-0.325213
44373225,0.423133,0.701011,0.473518,-0.324534
44381558,0.423660,0.699302,0.477299,-0.321985
44389891,0.424282,0.697548,0.480791,-0.319768
44398224,0.426875,0.695470,0.482561,-0.318172
44406557,0.426740,0.693882,0.487159,-0.314796
44414890,0.427447,0.692002,0.490691,-0.312482
44423223,0.428941,0.689816,0.493739,-0.310460
44431556,0.431725,0.686886,0.495534,-0.310237
44439889,0.433120,0.683974,0.498871,-0.309379
44448222,0.433712,0.682462,0.502264,-0.306384
44456555,0.434789,0.680183,0.505498,-0.304599
44464888,0.435153,0.678684,0.508776,-0.301956
44473221,0.436467,0.676842,0.510754,-0.300850
44481554,0.437736,0.674760,0.512878,-0.300071
44489887,0.438691,0.672866,0.515525,-0.298390
44498220,0.439473,0.670568,0.518331,-0.297547
44506553,0.440935,0.668966,0.519651,-0.296687
44514886,0.441495,0.668199,0.520886,-0.295415
44523219,0.444097,0.666324,0.520703,-0.296072
44531552,0.445012,0.665949,0.520917,-0.295166
44539885,0.445832,0.664926,0.522290,-0.293805
44548218,0.446593,0.664426,0.522376,-0.293626
44556551,0.448544,0.663830,0.520342,-0.295605
44564884,0.449048,0.664262,0.519539,-0.295282
44573217,0.449510,0.664973,0.518120,-0.295472
44581550,0.449641,0.665998,0.516834,-0.295217
44589883,0.448660,0.667920,0.515593,-0.294534
44598216,0.448897,0.669390,0.513215,-0.294989
44606549,0.449436,0.670552,0.511130,-0.295151
44614882,0.448828,0.672730,0.509074,-0.294671
44623215,0.448547,0.674405,0.507077,-0.294715
44631548,0.447172,0.676101,0.506576,-0.293776
44639881,0.447003,0.677794,0.504157,-0.294295
44648214,0.445729,0.679976,0.503003,-0.293166
44656547,0.445168,0.681612,0.501942,-0.292036
44664880,0.445269,0.682374,0.499894,-0.293610
44673213,0.444178,0.683738,0.498810,-0.293933
44681546,0.443127,0.684737,0.499190,-0.292546
44689879,0.442466,0.685611,0.498585,-0.292531
44698212,0.442663,0.686302,0.496545,-0.294076
44706545,0.441249,0.686667,0.497848,-0.293147
44714878,0.440891,0.686929,0.497507,-0.293650
44723211,0.439343,0.687337,0.498950,-0.292566
44731544,0.438623,0.687374,0.499112,-0.293281
44739877,0.437650,0.687324,0.499582,-0.294052
44748210,0.438166,0.686051,0.499639,-0.296150
44756543,0.435800,0.686754,0.501600,-0.294695
44764876,0.435607,0.686162,0.502516,-0.294797
44773209,0.434710,0.686442,0.502117,-0.296147
44781542,0.433438,0.685833,0.503819,-0.296530
44789875,0.432289,0.685381,0.504825,-0.297543
44798208,0.430334,0.685566,0.506147,-0.297704
44806541,0.431142,0.684330,0.505275,-0.300844
44814874,0.428774,0.684236,0.507725,-0.300315
44823207,0.427613,0.684566,0.508028,-0.300706
44831540,0.425777,0.684418,0.509351,-0.301408
44839873,0.425724,0.682818,0.511095,-0.302160
44848206,0.422401,0.683099,0.514120,-0.301056
44856539,0.421063,0.682708,0.515438,-0.301560
44864872,0.420501,0.681854,0.516322,-0.302764
44873205,0.420303,0.680662,0.517648,-0.303457
44881538,0.419609,0.679773,0.518407,-0.305110
44889871,0.417188,0.679689,0.520451,-0.305135
44898204,0.414644,0.679852,0.522525,-0.304697
44906537,0.413477,0.679532,0.522609,-0.306843
44914870,0.412519,0.679174,0.523518,-0.307374
44923203,0.410886,0.678740,0.524880,-0.308197
44931536,0.409194,0.679476,0.525374,-0.307986
44939869,0.407544,0.679418,0.526366,-0.308607
44948202,0.405456,0.679720,0.527406,-0.308916
44956535,0.404685,0.679522,0.527877,-0.309557
44964868,0.403969,0.679752,0.526907,-0.311632
44973201,0.403272,0.679607,0.526440,-0.313635
44981534,0.402393,0.679693,0.526366,-0.314699
44989867,0.401114,0.680260,0.526584,-0.314743
44998200,0.400230,0.680670,0.526549,-0.315040
45006533,0.399304,0.681274,0.526068,-0.315714
45014866,0.398778,0.681484,0.525634,-0.316645
45023199,0.397723,0.682007,0.525329,-0.317353
45031532,0.397224,0.682230,0.525001,-0.318038
45039865,0.396891,0.682495,0.524698,-0.318385
45048198,0.396464,0.682753,0.524380,-0.318888
45056531,0.396155,0.682769,0.524826,-0.318503
45064864,0.396350,0.683170,0.523677,-0.319293
45073197,0.396957,0.683668,0.522209,-0.319876
45081530,0.396743,0.684313,0.521148,-0.320493
45089863,0.396718,0.684914,0.520284,-0.320645
45098196,0.397171,0.685258,0.519070,-0.321314
45106529,0.398234,0.685440,0.517476,-0.322181
45114862,0.398827,0.685676,0.515864,-0.323528
45123195,0.400686,0.685169,0.513859,-0.325489
45131528,0.400427,0.685716,0.513474,-0.325263
45139861,0.401667,0.685848,0.512203,-0.325459
45148194,0.400949,0.687003,0.512189,-0.323926
45156527,0.400776,0.687723,0.511801,-0.323227
45164860,0.401688,0.687766,0.510739,-0.323682
45173193,0.402076,0.688420,0.509696,-0.323454
45181526,0.402967,0.688871,0.507953,-0.324127
45189859,0.403233,0.689425,0.507214,-0.323775
45198192,0.403533,0.689579,0.507258,-0.323004
45206525,0.403916,0.689820,0.507009,-0.322400
45214858,0.404962,0.689673,0.505891,-0.323158
45223191,0.405626,0.689864,0.504638,-0.323876
45231524,0.405764,0.690454,0.503972,-0.323483
45239857,0.406215,0.691041,0.503633,-0.322189
45248190,0.409330,0.689432,0.502274,-0.323809
45256523,0.408719,0.690887,0.501653,-0.322442
45264856,0.407134,0.692110,0.502541,-0.320434
45273189,0.407844,0.692455,0.502080,-0.319507
45281522,0.407911,0.693096,0.501789,-0.318487
45289855,0.409871,0.693111,0.500079,-0.318628
45298188,0.411113,0.693493,0.498779,-0.318234
45306521,0.411213,0.693988,0.498477,-0.317498
45314854,0.414052,0.692515,0.496625,-0.319919
45323187,0.414943,0.692285,0.496202,-0.319918
45331520,0.413563,0.694065,0.496666,-0.317117
45339853,0.412107,0.695174,0.497915,-0.314615
45348186,0.414156,0.694396,0.496310,-0.316174
45356519,0.414270,0.694322,0.495967,-0.316723
45364852,0.413299,0.694942,0.497091,-0.314867
45373185,0.413461,0.695413,0.497105,-0.313589
45381518,0.413867,0.695827,0.496569,-0.312981
45389851,0.413904,0.696259,0.495824,-0.313154
45398184,0.415651,0.696008,0.493874,-0.314476
45406517,0.415826,0.695789,0.493837,-0.314789
45414850,0.415880,0.695745,0.494186,-0.314265
45423183,0.415580,0.695730,0.494663,-0.313946
45431516,0.415042,0.695980,0.495491,-0.312797
45439849,0.414436,0.696109,0.496366,-0.311922
45448182,0.414738,0.695710,0.496551,-0.312118
45456515,0.414059,0.695904,0.497217,-0.311527
45464848,0.414323,0.695493,0.497366,-0.311855
45473181,0.413720,0.695593,0.498041,-0.311353
45481514,0.413680,0.695329,0.498347,-0.311505
45489847,0.413412,0.695351,0.498659,-0.311314
45498180,0.413077,0.695081,0.499151,-0.311574
45506513,0.412770,0.694915,0.499700,-0.311469
45514846,0.413235,0.694881,0.499486,-0.311273
45523179,0.413121,0.694705,0.499538,-0.311735
45531512,0.412589,0.694717,0.499742,-0.312085
45539845,0.411822,0.694768,0.500346,-0.312015
45548178,0.411400,0.694346,0.500874,-0.312664
45556511,0.410881,0.694116,0.501353,-0.313090
45564844,0.408346,0.694707,0.502728,-0.312890
45573177,0.408046,0.694406,0.503126,-0.313310
45581510,0.408602,0.693845,0.503541,-0.313161
45589843,0.409419,0.692968,0.503113,-0.314721
45598176,0.407621,0.693224,0.504303,-0.314586
45606509,0.407852,0.692206,0.504353,-0.316442
45614842,0.407004,0.691943,0.505419,-0.316410
45623175,0.406165,0.691977,0.505774,-0.316845
45631508,0.405814,0.691279,0.506194,-0.318143
45639841,0.406413,0.689427,0.507438,-0.319415
45648174,0.406513,0.688705,0.507636,-0.320528
45656507,0.403498,0.690425,0.508306,-0.319575
45664840,0.402212,0.690859,0.508714,-0.319607
45673173,0.402480,0.690597,0.508228,-0.320609
45681506,0.402365,0.690386,0.508002,-0.321565
45689839,0.401861,0.690278,0.508145,-0.322199
45698172,0.401532,0.690127,0.508503,-0.322370
45706505,0.400947,0.690271,0.508477,-0.322829
45714838,0.400974,0.689975,0.508150,-0.323940
45723171,0.400993,0.689933,0.507891,-0.324414
45731504,0.400987,0.689607,0.507514,-0.325701
45739837,0.400910,0.689592,0.507348,-0.326085
45748170,0.400934,0.689584,0.507081,-0.326489
45756503,0.401199,0.689354,0.506928,-0.326886
45764836,0.403486,0.687321,0.506013,-0.329757
45773169,0.402116,0.688499,0.506414,-0.328355
45781502,0.401835,0.688933,0.506460,-0.327717
45789835,0.401507,0.689171,0.506522,-0.327523
45798168,0.401460,0.689230,0.506284,-0.327823
45806501,0.400585,0.689922,0.506846,-0.326568
45814834,0.400122,0.689938,0.506942,-0.326953
45823167,0.399443,0.690536,0.507089,-0.326292
45831500,0.400121,0.690538,0.506410,-0.326510
45839833,0.400511,0.690749,0.505760,-0.326594
45848166,0.400356,0.690966,0.505646,-0.326500
45856499,0.400345,0.691137,0.505755,-0.325983
45864832,0.400055,0.691556,0.505972,-0.325112
45873165,0.400473,0.691493,0.505766,-0.325053
45881498,0.400840,0.691533,0.505280,-0.325271
45889831,0.400961,0.691700,0.504839,-0.325451
45898164,0.401269,0.691933,0.504068,-0.325772
45906497,0.402936,0.691290,0.502345,-0.327735
45914830,0.403704,0.691056,0.501558,-0.328488
45923163,0.403337,0.691502,0.501470,-0.328134
45931496,0.402684,0.692216,0.501427,-0.327496
45939829,0.402666,0.692167,0.501497,-0.327514
45948162,0.402996,0.692029,0.501261,-0.327762
45956495,0.402402,0.692287,0.501448,-0.327660
45964828,0.401741,0.692557,0.501924,-0.327172
45973161,0.401162,0.692713,0.502422,-0.326788
45981494,0.400321,0.693103,0.502937,-0.326198
45989827,0.400793,0.693464,0.502325,-0.325794
45998160,0.400838,0.693350,0.502153,-0.326247
46006493,0.400350,0.693658,0.502376,-0.325846
46014826,0.400316,0.693909,0.502289,-0.325488
46023159,0.399667,0.694302,0.502654,-0.324885
46031492,0.399624,0.694275,0.502597,-0.325084
46039825,0.399824,0.694427,0.502394,-0.324826
46048158,0.400111,0.694405,0.501933,-0.325231
46056491,0.400250,0.694402,0.501206,-0.326188
46064824,0.400462,0.694383,0.500786,-0.326614
46073157,0.400449,0.694479,0.500698,-0.326559
46081490,0.401123,0.694562,0.500231,-0.326272
46089823,0.401203,0.694763,0.499946,-0.326181
46098156,0.401839,0.694334,0.498892,-0.327921
46106489,0.402014,0.694255,0.498903,-0.327858
46114822,0.402066,0.694295,0.499054,-0.327478
46123155,0.402263,0.694325,0.499005,-0.327247
46131488,0.401316,0.694356,0.499467,-0.327640
46139821,0.401577,0.694554,0.499263,-0.327210
46148154,0.401865,0.694468,0.499081,-0.327317
46156487,0.402395,0.694526,0.498641,-0.327213
46164820,0.401787,0.694726,0.498970,-0.327035
46173153,0.401743,0.694768,0.498742,-0.327347
46181486,0.401928,0.694895,0.498569,-0.327115
46189819,0.401858,0.695012,0.498256,-0.327431
46198152,0.401741,0.695042,0.498249,-0.327518
46206485,0.401997,0.694933,0.497701,-0.328269
46214818,0.401912,0.694700,0.497536,-0.329114
46223151,0.401465,0.694426,0.497575,-0.330178
46231484,0.401323,0.694802,0.496946,-0.330507
46239817,0.399930,0.695676,0.497369,-0.329720
46248150,0.399665,0.696230,0.496899,-0.329581
46256483,0.401033,0.695927,0.494975,-0.331447
46264816,0.400504,0.696537,0.494773,-0.331108
46273149,0.401511,0.696466,0.493214,-0.332362
46281482,0.400675,0.697177,0.493340,-0.331692
46289815,0.401256,0.697382,0.492579,-0.331689
46298148,0.400834,0.697807,0.492432,-0.331523
46306481,0.401573,0.697542,0.491379,-0.332748
46314814,0.402136,0.697400,0.490631,-0.333470
46323147,0.400750,0.698313,0.491427,-0.332051
46331480,0.400292,0.698823,0.491713,-0.331107
46339813,0.400348,0.699028,0.491274,-0.331259
46348146,0.400438,0.699309,0.490827,-0.331217
46356479,0.400348,0.699536,0.490549,-0.331259
46364812,0.400474,0.699792,0.490108,-0.331220
46373145,0.400561,0.700072,0.489766,-0.331028
46381478,0.400393,0.700266,0.489284,-0.331533
46389811,0.400331,0.700528,0.488673,-0.331955
46398144,0.400364,0.700812,0.488038,-0.332250
46406477,0.400283,0.701127,0.487681,-0.332208
46414810,0.399986,0.701482,0.487541,-0.332021
46423143,0.400119,0.701505,0.487092,-0.332471
46431476,0.401020,0.701379,0.486111,-0.333086
46439809,0.401003,0.701605,0.485712,-0.333213
46448142,0.400475,0.702138,0.485713,-0.332723
46456475,0.399561,0.702508,0.486141,-0.332416
46464808,0.399869,0.702151,0.485722,-0.333412
46473141,0.398470,0.702676,0.486658,-0.332613
46481474,0.396327,0.703538,0.487951,-0.331455
46489807,0.398521,0.701833,0.486842,-0.334060
46498140,0.397371,0.703244,0.486172,-0.333438
46506473,0.398819,0.702083,0.485398,-0.335278
46514806,0.396696,0.704014,0.485904,-0.333009
46523139,0.396213,0.704557,0.485766,-0.332634
46531472,0.396229,0.704260,0.485199,-0.334070
46539805,0.395828,0.704422,0.485010,-0.334478
46548138,0.397139,0.703633,0.483913,-0.336169
46556471,0.396958,0.703726,0.484101,-0.335917
46564804,0.396604,0.703924,0.484165,-0.335830
46573137,0.396114,0.703904,0.484500,-0.335964
46581470,0.395977,0.703913,0.484094,-0.336692
46589803,0.395716,0.703698,0.484060,-0.337497
46598136,0.394035,0.704538,0.485111,-0.336198
46606469,0.394362,0.704381,0.485093,-0.336172
46614802,0.394344,0.704320,0.484808,-0.336729
46623135,0.392869,0.705002,0.485709,-0.335729
46631468,0.393749,0.704435,0.484769,-0.337241
46639801,0.393611,0.704389,0.484962,-0.337221
46648134,0.393223,0.704397,0.485299,-0.337172
46656467,0.391290,0.705182,0.486659,-0.335816
46664800,0.390607,0.705300,0.487341,-0.335377
46673133,0.390491,0.704900,0.487673,-0.335869
46681466,0.391715,0.704256,0.486784,-0.337083
46689799,0.390242,0.704646,0.487939,-0.336304
46698132,0.389894,0.704655,0.488006,-0.336592
46706465,0.389992,0.704483,0.487989,-0.336862
46714798,0.389949,0.704532,0.487750,-0.337157
46723131,0.389839,0.704523,0.487658,-0.337437
46731464,0.389755,0.704430,0.487861,-0.337434
46739797,0.389487,0.704422,0.488163,-0.337323
46748130,0.391071,0.703625,0.486875,-0.339011
46756463,0.390264,0.703986,0.487556,-0.338211
46764796,0.391297,0.703516,0.486631,-0.339327
46773129,0.392063,0.703209,0.486051,-0.339909
46781462,0.392542,0.703063,0.485623,-0.340271
46789795,0.392697,0.703065,0.485477,-0.340295
46798128,0.393081,0.702838,0.485360,-0.340487
46806461,0.393153,0.702554,0.485524,-0.340756
46814794,0.393368,0.702493,0.485663,-0.340435
46823127,0.393864,0.702438,0.485518,-0.340184
46831460,0.394107,0.702371,0.485510,-0.340051
46839793,0.392934,0.703025,0.486579,-0.338526
46848126,0.392892,0.703078,0.486541,-0.338520
46856459,0.393436,0.702964,0.486127,-0.338719
46864792,0.393724,0.703197,0.485267,-0.339133
46873125,0.393562,0.703418,0.484877,-0.339421
46881458,0.393699,0.703726,0.484048,-0.339807
46889791,0.396035,0.702185,0.482768,-0.342094
46898124,0.396803,0.702133,0.481809,-0.342661
46906457,0.394471,0.704883,0.481964,-0.339476
46914790,0.394051,0.705728,0.481486,-0.338884
46923123,0.395843,0.705339,0.479413,-0.340542
46931456,0.396665,0.705065,0.478736,-0.341104
46939789,0.395799,0.705828,0.479326,-0.339701
46948122,0.394796,0.706581,0.480134,-0.338159
46956455,0.394843,0.707053,0.479533,-0.337970
46964788,0.395295,0.707331,0.478080,-0.338916
46973121,0.395626,0.707374,0.477547,-0.339191
46981454,0.395927,0.707849,0.476741,-0.338982
46989787,0.395939,0.708254,0.476042,-0.339107
46998120,0.397142,0.708116,0.474188,-0.340582
47006453,0.397850,0.708344,0.472320,-0.341874
47014786,0.397679,0.708780,0.472050,-0.341543
47023119,0.397761,0.709002,0.471340,-0.341966
47031452,0.397415,0.709548,0.470631,-0.342212
47039785,0.396395,0.710485,0.470984,-0.340963
47048118,0.397601,0.710383,0.469336,-0.342042
47056451,0.397591,0.710824,0.468032,-0.342924
47064784,0.396654,0.711560,0.467229,-0.343578
47073117,0.394199,0.711850,0.467898,-0.344889
47081450,0.394483,0.712105,0.466285,-0.346218
47089783,0.396993,0.710712,0.464054,-0.349197
47098116,0.397212,0.710531,0.463187,-0.350466
47106449,0.394735,0.712785,0.462829,-0.349158
47114782,0.393491,0.714244,0.461731,-0.349034
47123115,0.393013,0.714998,0.460027,-0.350277
47131448,0.392497,0.715499,0.458702,-0.351568
47139781,0.391999,0.715873,0.457179,-0.353341
47148114,0.391314,0.717066,0.455917,-0.353312
47156447,0.390078,0.718260,0.455168,-0.353220
47164780,0.389496,0.719011,0.454006,-0.353830
47173113,0.389284,0.719247,0.451848,-0.356335
47181446,0.388396,0.720820,0.450571,-0.355742
47189779,0.386640,0.722482,0.449432,-0.355726
47198112,0.385841,0.723444,0.448530,-0.355776
47206445,0.387322,0.723451,0.445043,-0.358521
47214778,0.386328,0.724628,0.442405,-0.360477
47223111,0.384575,0.726570,0.439980,-0.361407
47231444,0.384152,0.727054,0.437499,-0.363886
47239777,0.383738,0.728333,0.434075,-0.365863
47248110,0.383425,0.729537,0.431502,-0.366834
47256443,0.383536,0.730627,0.427212,-0.369558
47264776,0.383068,0.731999,0.424136,-0.370871
47273109,0.381010,0.733950,0.422659,-0.370821
47281442,0.381104,0.734222,0.419558,-0.373698
47289775,0.381025,0.735291,0.415866,-0.375796
47298108,0.380772,0.736322,0.412769,-0.377445
47306441,0.379178,0.737880,0.409592,-0.379463
47314774,0.378047,0.740328,0.405522,-0.380192
47323107,0.376573,0.742156,0.402310,-0.381502
47331440,0.377185,0.743144,0.397208,-0.384311
47339773,0.376343,0.744688,0.393064,-0.386403
47348106,0.374985,0.746382,0.390336,-0.387219
47356439,0.374361,0.748279,0.386421,-0.388087
47364772,0.373711,0.749866,0.381437,-0.390572
47373105,0.372087,0.751601,0.377199,-0.392897
47381438,0.370182,0.754142,0.374114,-0.392777
47389771,0.368053,0.756233,0.370178,-0.394484
47398104,0.367471,0.757222,0.365693,-0.397301
47406437,0.365692,0.759195,0.361309,-0.399184
47414770,0.365114,0.760107,0.356445,-0.402340
47423103,0.364216,0.761484,0.350870,-0.405438
47431436,0.361107,0.763907,0.347868,-0.406245
47439769,0.358636,0.765829,0.344700,-0.407515
47448102,0.355882,0.768290,0.340357,-0.408945
47456435,0.352710,0.769401,0.337015,-0.412357
47464768,0.351179,0.771749,0.332837,-0.412669
47473101,0.348319,0.773737,0.329460,-0.414079
47481434,0.345308,0.775404,0.324918,-0.417060
47489767,0.341835,0.777568,0.320480,-0.419320
47498100,0.338836,0.779584,0.316445,-0.421072
47506433,0.335926,0.781184,0.312421,-0.423437
47514766,0.332684,0.783311,0.308252,-0.425119
47523099,0.330611,0.784398,0.304375,-0.427518
47531432,0.327582,0.785916,0.300086,-0.430086
47539765,0.323485,0.787602,0.295038,-0.433581
47548098,0.320316,0.789364,0.290783,-0.435599
47556431,0.317937,0.790514,0.285594,-0.438680
47564764,0.315854,0.790969,0.280931,-0.442360
47573097,0.311667,0.792823,0.276886,-0.444556
47581430,0.308753,0.794225,0.274214,-0.445741
47589763,0.305088,0.795505,0.270132,-0.448466
47598096,0.300793,0.797100,0.265319,-0.451399
47606429,0.295845,0.798902,0.261980,-0.453429
47614762,0.290014,0.801544,0.259130,-0.454170
47623095,0.284972,0.802796,0.253819,-0.458133
47631428,0.280764,0.803896,0.249125,-0.461367
47639761,0.276824,0.804932,0.245712,-0.463766
47648094,0.272083,0.805809,0.240592,-0.467716
47656427,0.266898,0.807541,0.236636,-0.469730
47664760,0.262216,0.808752,0.231709,-0.472730
47673093,0.257834,0.810300,0.227365,-0.474594
47681426,0.253881,0.811288,0.220838,-0.478108
47689759,0.249533,0.812594,0.216203,-0.480292
47698092,0.243643,0.814482,0.211131,-0.482370
47706425,0.240278,0.815552,0.207286,-0.483914
47714758,0.236397,0.817139,0.202812,-0.485044
47723091,0.233643,0.818108,0.197869,-0.486784
47731424,0.229068,0.819806,0.193575,-0.487827
47739757,0.225461,0.820810,0.190296,-0.489107
47748090,0.222873,0.820875,0.186088,-0.491797
47756423,0.220140,0.821286,0.182375,-0.493728
47764756,0.217444,0.821589,0.177559,-0.496169
47773089,0.214468,0.822110,0.173984,-0.497864
47781422,0.211232,0.823135,0.170062,-0.498907
47789755,0.207956,0.823256,0.165569,-0.501588
47798088,0.205765,0.824106,0.161289,-0.502489
47806421,0.203289,0.823002,0.155912,-0.506984
47814754,0.199132,0.823923,0.150762,-0.508692
47823087,0.195746,0.823963,0.146247,-0.511254
47831420,0.192585,0.824882,0.140608,-0.512553
47839753,0.189925,0.824444,0.133795,-0.516062
47848086,0.185945,0.826137,0.128191,-0.516226
47856419,0.181872,0.825731,0.121470,-0.519938
47864752,0.177981,0.825845,0.115481,-0.522463
47873085,0.175285,0.825798,0.107807,-0.525082
47881418,0.171903,0.827213,0.101237,-0.525280
47889751,0.168324,0.826415,0.092373,-0.529313
47898084,0.164620,0.826172,0.081610,-0.532617
47906417,0.159612,0.827395,0.071115,-0.533745
47914750,0.156135,0.827531,0.060740,-0.535840
47923083,0.152498,0.828296,0.050373,-0.536780
47931416,0.149259,0.829109,0.039105,-0.537373
47939749,0.147047,0.830260,0.029137,-0.536840
47948082,0.144403,0.832299,0.019670,-0.534827
47956415,0.141510,0.833211,0.011369,-0.534420
47964748,0.138916,0.833762,0.001820,-0.534360
47973081,0.136617,0.835319,-0.005313,-0.532494
47981414,0.133509,0.836574,-0.013137,-0.531175
47989747,0.130650,0.836640,-0.019623,-0.531582
47998080,0.127579,0.836749,-0.024266,-0.531964
48006413,0.124448,0.838435,-0.029027,-0.529808
48014746,0.120130,0.839806,-0.031388,-0.528498
48023079,0.117241,0.841180,-0.033480,-0.526830
48031412,0.112646,0.840827,-0.035803,-0.528241
48039745,0.107722,0.841316,-0.037319,-0.528385
48048078,0.103707,0.842623,-0.039344,-0.526957
48056411,0.098868,0.843688,-0.039062,-0.526203
48064744,0.092593,0.843786,-0.040927,-0.527045
48073077,0.086920,0.845464,-0.043242,-0.525134
48081410,0.079383,0.845694,-0.048936,-0.525458
48089743,0.072120,0.845600,-0.053123,-0.526248
48098076,0.065838,0.847435,-0.058203,-0.523576
48106409,0.058521,0.846567,-0.064902,-0.525059
48114742,0.050855,0.847556,-0.069908,-0.523618
48123075,0.042188,0.847519,-0.076369,-0.523546
48131408,0.034126,0.847927,-0.083501,-0.522381
48139741,0.025993,0.848161,-0.091075,-0.521203
48148074,0.017938,0.848768,-0.097656,-0.519359
48156407,0.009836,0.847485,-0.103823,-0.520473
48164740,0.002329,0.847240,-0.109721,-0.519750
48173073,-0.004994,0.847387,-0.115896,-0.518149
48181406,-0.012678,0.845371,-0.123695,-0.519507
48189739,-0.020030,0.844153,-0.131813,-0.519258
48198072,-0.027219,0.843545,-0.139631,-0.517875
48206405,-0.035443,0.841392,-0.146701,-0.518923
48214738,-0.042364,0.840650,-0.153376,-0.517676
48223071,-0.048899,0.840228,-0.159374,-0.515971
48231404,-0.054959,0.837520,-0.166998,-0.517350
48239737,-0.061038,0.835990,-0.173299,-0.517071
48248070,-0.066307,0.835059,-0.180690,-0.515394
48256403,-0.071146,0.834273,-0.187020,-0.513761
48264736,-0.076021,0.832865,-0.192659,-0.513263
48273069,-0.080871,0.832960,-0.199048,-0.509919
48281402,-0.086172,0.830945,-0.204134,-0.510328
48289735,-0.090681,0.829679,-0.209645,-0.509371
48298068,-0.095841,0.827547,-0.215532,-0.509437
48306401,-0.100302,0.825486,-0.221139,-0.509520
48314734,-0.104601,0.823179,-0.225659,-0.510405
48323067,-0.108864,0.821196,-0.231487,-0.510097
48331400,-0.113272,0.820670,-0.237111,-0.507394
48339733,-0.117336,0.819374,-0.243378,-0.505594
48348066,-0.122122,0.817616,-0.250754,-0.503698
48356399,-0.129099,0.811307,-0.257551,-0.508707
48364732,-0.134067,0.807969,-0.263128,-0.509878
48373065,-0.139076,0.805140,-0.269457,-0.509707
48381398,-0.143453,0.803324,-0.276746,-0.507449
48389731,-0.149895,0.797184,-0.284389,-0.511030
48398064,-0.156888,0.792037,-0.291388,-0.512988
48406397,-0.163686,0.787614,-0.299310,-0.513113
48414730,-0.168905,0.782870,-0.306143,-0.514648
48423063,-0.175256,0.778589,-0.312527,-0.515180
48431396,-0.180899,0.774492,-0.317720,-0.516228
48439729,-0.188033,0.769108,-0.324670,-0.517403
48448062,-0.195090,0.763375,-0.330168,-0.519796
48456395,-0.203156,0.757024,-0.335298,-0.522702
48464728,-0.210435,0.751407,-0.339964,-0.524908
48473061,0.218219,-0.745881,0.343983,0.526990
48481394,0.226907,-0.739296,0.347005,0.530605
48489727,0.234610,-0.733980,0.350680,0.532217
48498060,0.242470,-0.727954,0.354531,0.534414
48506393,0.250534,-0.721906,0.358576,0.536198
48514726,0.257478,-0.716406,0.361035,0.538628
48523059,0.265185,-0.709639,0.364257,0.541670
48531392,0.272882,-0.702847,0.367792,0.544308
48539725,0.280993,-0.694710,0.372509,0.547410
48548058,0.288311,-0.687396,0.375659,0.550676
48556391,0.294451,-0.681022,0.379424,0.552762
48564724,0.302101,-0.673136,0.382611,0.556087
48573057,0.310259,-0.665621,0.384743,0.559161
48581390,0.316947,-0.659554,0.386826,0.561159
48589723,0.324673,-0.652075,0.387358,0.565101
48598056,0.332408,-0.643664,0.389400,0.568832
48606389,0.339876,-0.635057,0.390774,0.573134
48614722,0.347413,-0.627571,0.392630,0.575587
48623055,0.354783,-0.619230,0.393432,0.579564
48631388,0.361783,-0.612984,0.391857,0.582934
48639721,0.368838,-0.605458,0.391779,0.586420
48648054,0.376236,-0.598882,0.391012,0.588979
48656387,0.382425,-0.593144,0.391120,0.590725
48664720,0.390440,-0.584399,0.390046,0.594894
48673053,0.398572,-0.575566,0.387569,0.599712
48681386,0.405284,-0.569784,0.386182,0.601626
48689719,0.412229,-0.562930,0.384013,0.604740
48698052,0.419506,-0.555964,0.381538,0.607740
48706385,0.425085,-0.551587,0.378436,0.609788
48714718,0.432066,-0.544525,0.374885,0.613411
48723051,0.439882,-0.535337,0.371813,0.617797
48731384,0.447796,-0.526823,0.367307,0.622111
48739717,0.455575,-0.518194,0.364354,0.625437
48748050,0.462818,-0.509520,0.359476,0.630052
48756383,0.470154,-0.500067,0.356334,0.633966
48764716,0.476986,-0.491716,0.350530,0.638614
48773049,0.483775,-0.481315,0.346220,0.643762
48781382,0.491845,-0.469900,0.340534,0.649091
48789715,0.499896,-0.458142,0.335079,0.654166
48798048,0.507552,-0.444592,0.330438,0.659954
48806381,0.515006,-0.430493,0.324927,0.666233
48814714,0.521144,-0.419710,0.321498,0.669993
48823047,0.526901,-0.408561,0.316936,0.674541
48831380,0.531782,-0.398892,0.314647,0.677562
48839713,0.537906,-0.386520,0.310090,0.681986
48848046,0.542865,-0.377167,0.306491,0.684913
48856379,0.547959,-0.367354,0.304046,0.687276
48864712,0.553221,-0.357746,0.300474,0.689696
48873045,0.559121,-0.346791,0.296168,0.692390
48881378,0.564808,-0.338937,0.290970,0.693866
48889711,0.569466,-0.329865,0.286359,0.696344
48898044,0.573921,-0.321494,0.281702,0.698499
48906377,0.578405,-0.313395,0.277759,0.700058
48914710,0.583146,-0.303707,0.272432,0.702484
48923043,0.587220,-0.295324,0.267666,0.704493
48931376,0.591000,-0.288152,0.262750,0.706151
48939709,0.594593,-0.281581,0.258528,0.707343
48948042,0.599115,-0.273267,0.252332,0.709024
48956375,0.602635,-0.265209,0.248204,0.710556
48964708,0.606195,-0.258091,0.244071,0.711580
48973041,0.609073,-0.252141,0.239257,0.712890
48981374,0.612460,-0.244317,0.235918,0.713824
48989707,0.615210,-0.236282,0.232449,0.715301
48998040,0.617340,-0.228496,0.230117,0.716747
49006373,0.618988,-0.224167,0.228422,0.717235
49014706,0.620329,-0.218719,0.228162,0.717841
49023039,0.621564,-0.212198,0.226831,0.719151
49031372,0.622734,-0.207129,0.226320,0.719777
49039705,0.623550,-0.204215,0.226365,0.719889
49048038,0.624239,-0.202643,0.224563,0.720300
49056371,0.625545,-0.200514,0.223638,0.720052
49064704,0.626648,-0.198409,0.222670,0.719976
49073037,0.627393,-0.197839,0.220644,0.720107
49081370,0.628045,-0.197146,0.220035,0.719915
49089703,0.629378,-0.197781,0.217839,0.719244
49098036,0.631267,-0.195671,0.216113,0.718686
49106369,0.633056,-0.195734,0.214275,0.717645
49114702,0.635210,-0.192317,0.212129,0.717303
49123035,0.637192,-0.191098,0.209356,0.716685
49131368,0.639238,-0.189679,0.208476,0.715496
49139701,0.641025,-0.188440,0.208471,0.714225
49148034,0.642605,-0.187624,0.208070,0.713136
49156367,0.643630,-0.187420,0.208868,0.712031
49164700,0.644919,-0.186871,0.210202,0.710615
49173033,0.646362,-0.183649,0.209588,0.710325
49181366,0.647127,-0.184572,0.210571,0.709098
49189699,0.648512,-0.181650,0.211530,0.708301
49198032,0.650229,-0.180684,0.212754,0.706605
49206365,0.651565,-0.180168,0.212684,0.705527
49214698,0.653044,-0.180976,0.213212,0.703791
49223031,0.655116,-0.179272,0.211831,0.702718
49231364,0.657159,-0.177935,0.211367,0.701288
49239697,0.659766,-0.177290,0.210072,0.699391
49248030,0.661777,-0.178149,0.209817,0.697345
49256363,0.664133,-0.177158,0.208817,0.695657
49264696,0.666605,-0.177274,0.207474,0.693661
49273029,0.668492,-0.179383,0.208366,0.691031
49281362,0.670315,-0.179339,0.207966,0.689395
49289695,0.672326,-0.176512,0.206834,0.688506
49298028,0.673659,-0.174898,0.207112,0.687531
49306361,0.674499,-0.174797,0.209375,0.686046
49314694,0.675887,-0.172902,0.210910,0.684689
49323027,0.676766,-0.171868,0.211824,0.683798
49331360,0.677800,-0.170555,0.213835,0.682475
49339693,0.678632,-0.169881,0.215848,0.681182
49348026,0.679194,-0.169807,0.217318,0.680172
49356359,0.680435,-0.168418,0.217343,0.679269
49364692,0.681830,-0.166064,0.216818,0.678617
49373025,0.682496,-0.164780,0.218073,0.677857
49381358,0.682989,-0.165419,0.219241,0.676828
49389691,0.683958,-0.163950,0.219475,0.676130
49398024,0.684424,-0.162991,0.220420,0.675583
49406357,0.685019,-0.162063,0.221694,0.674786
49414690,0.685357,-0.161253,0.223325,0.674099
49423023,0.685559,-0.160398,0.224580,0.673680
49431356,0.685790,-0.161770,0.225915,0.672670
49439689,0.686208,-0.160943,0.227099,0.672043
49448022,0.686252,-0.160317,0.229020,0.671496
49456355,0.686394,-0.159912,0.229895,0.671148
49464688,0.686792,-0.158528,0.230315,0.670925
49473021,0.687554,-0.157348,0.230469,0.670369
49481354,0.688699,-0.156956,0.230322,0.669335
49489687,0.689514,-0.157084,0.230449,0.668423
49498020,0.690074,-0.157411,0.230438,0.667771
49506353,0.690837,-0.156772,0.229682,0.667393
49514686,0.691183,-0.155954,0.229455,0.667304
49523019,0.690914,-0.156623,0.230023,0.667230
49531352,0.691117,-0.156401,0.229430,0.667277
49539685,0.691324,-0.155139,0.228599,0.667642
49548018,0.691530,-0.153695,0.228919,0.667653
49556351,0.691390,-0.152504,0.229285,0.667946
49564684,0.690894,-0.153436,0.230642,0.667778
49573017,0.690425,-0.154043,0.231627,0.667782
49581350,0.690612,-0.152208,0.230780,0.668302
49589683,0.690834,-0.150807,0.229633,0.668785
49598016,0.690691,-0.150619,0.229717,0.668947
49606349,0.690590,-0.150697,0.229894,0.668972
49614682,0.690841,-0.150523,0.229245,0.668976
49623015,0.691020,-0.150670,0.228559,0.668992
49631348,0.691903,-0.149580,0.227412,0.668715
49639681,0.692211,-0.149311,0.226058,0.668916
49648014,0.692549,-0.149228,0.226115,0.668565
49656347,0.693264,-0.147527,0.225904,0.668272
49664680,0.693343,-0.146897,0.226346,0.668181
49673013,0.693440,-0.146102,0.226707,0.668131
49681346,0.693661,-0.145600,0.227610,0.667704
49689679,0.694057,-0.145993,0.228420,0.666930
49698012,0.694438,-0.145396,0.227890,0.666845
49706345,0.694679,-0.145830,0.228105,0.666425
49714678,0.694738,-0.146115,0.228265,0.666247
49723011,0.694676,-0.146736,0.228542,0.666080
49731344,0.694864,-0.147256,0.228883,0.665652
49739677,0.695276,-0.147505,0.228282,0.665373
49748010,0.695712,-0.147910,0.227750,0.665009
49756343,0.695802,-0.148466,0.228032,0.664695
49764676,0.696006,-0.148671,0.228368,0.664320
49773009,0.695767,-0.149176,0.229404,0.664100
49781342,0.696009,-0.149259,0.229712,0.663721
49789675,0.696023,-0.149563,0.229957,0.663554
49798008,0.695953,-0.149427,0.229875,0.663686
49806341,0.695797,-0.149370,0.230149,0.663767
49814674,0.695632,-0.149293,0.230805,0.663729
49823007,0.695651,-0.149107,0.231077,0.663656
49831340,0.695465,-0.150001,0.232060,0.663307
49839673,0.695417,-0.150427,0.232652,0.663053
49848006,0.695163,-0.150670,0.233245,0.663056
49856339,0.694657,-0.151813,0.234196,0.662991
49864672,0.694780,-0.151446,0.233896,0.663052
49873005,0.695017,-0.151520,0.233806,0.662818
49881338,0.695003,-0.152628,0.234429,0.662358
49889671,0.695499,-0.152534,0.233793,0.662084
49898004,0.695980,-0.152639,0.233171,0.661774
49906337,0.695980,-0.153519,0.233630,0.661408
49914670,0.696334,-0.153229,0.233174,0.661263
49923003,0.696577,-0.153106,0.232812,0.661164
49931336,0.696282,-0.154088,0.233926,0.660854
49939669,0.696070,-0.154658,0.234796,0.660635
49948002,0.695708,-0.155221,0.236057,0.660435
49956335,0.695679,-0.154743,0.236240,0.660512
49964668,0.695766,-0.154357,0.236799,0.660310
49973001,0.695217,-0.154838,0.237957,0.660360
49981334,0.695243,-0.154987,0.237875,0.660327
49989667,0.695014,-0.155774,0.238573,0.660130
49998000,0.695279,-0.155479,0.238068,0.660104
50006333,0.695185,-0.155278,0.237521,0.660447
50014666,0.695251,-0.155222,0.237455,0.660415
50022999,0.695503,-0.155728,0.237250,0.660103
