Timestamp (us),W,X,Y,Z
0,0.774149,-0.039507,-0.035099,0.630793
8333,0.774209,-0.039509,-0.035127,0.630718
16666,0.774237,-0.039506,-0.035153,0.630682
24999,0.774216,-0.039505,-0.035146,0.630709
33332,0.774178,-0.039503,-0.035133,0.630757
41665,0.774149,-0.039538,-0.035168,0.630787
49998,0.774218,-0.039557,-0.035188,0.630700
58331,0.774205,-0.039564,-0.035213,0.630714
66664,0.774208,-0.039559,-0.035209,0.630711
74997,0.774196,-0.039550,-0.035205,0.630727
83330,0.774164,-0.039588,-0.035235,0.630763
91663,0.774204,-0.039604,-0.035262,0.630711
99996,0.774222,-0.039615,-0.035272,0.630688
108329,0.774246,-0.039658,-0.035308,0.630654
116662,0.774294,-0.039688,-0.035330,0.630591
124995,0.774251,-0.039722,-0.035336,0.630642
133328,0.774270,-0.039758,-0.035365,0.630615
141661,0.774292,-0.039766,-0.035393,0.630585
149994,0.774289,-0.039781,-0.035395,0.630589
158327,0.774315,-0.039807,-0.035398,0.630554
166660,0.774309,-0.039803,-0.035397,0.630562
174993,0.774379,-0.039785,-0.035404,0.630477
183326,0.774367,-0.039812,-0.035425,0.630489
191659,0.774359,-0.039814,-0.035431,0.630498
199992,0.774344,-0.039829,-0.035423,0.630516
208325,0.774344,-0.039830,-0.035438,0.630515
216658,0.774326,-0.039854,-0.035470,0.630534
224991,0.774319,-0.039884,-0.035492,0.630539
233324,0.774287,-0.039931,-0.035537,0.630573
241657,0.774290,-0.039979,-0.035587,0.630563
249990,0.774313,-0.040023,-0.035630,0.630530
258323,0.774304,-0.040063,-0.035679,0.630536
266656,0.774304,-0.040089,-0.035697,0.630532
274989,0.774252,-0.040107,-0.035712,0.630595
283322,0.774235,-0.040155,-0.035775,0.630609
291655,0.774270,-0.040180,-0.035813,0.630562
299988,0.774261,-0.040189,-0.035840,0.630572
308321,0.774289,-0.040218,-0.035874,0.630533
316654,0.774230,-0.040230,-0.035891,0.630604
324987,0.774169,-0.040237,-0.035904,0.630678
333320,0.774153,-0.040268,-0.035956,0.630693
341653,0.774205,-0.040312,-0.036015,0.630622
349986,0.774166,-0.040369,-0.036065,0.630663
358319,0.774172,-0.040379,-0.036086,0.630655
366652,0.774184,-0.040387,-0.036127,0.630637
374985,0.774174,-0.040419,-0.036155,0.630645
383318,0.774180,-0.040418,-0.036175,0.630637
391651,0.774103,-0.040442,-0.036208,0.630728
399984,0.774070,-0.040495,-0.036249,0.630763
408317,0.774069,-0.040469,-0.036240,0.630766
416650,0.774040,-0.040458,-0.036246,0.630803
424983,0.774062,-0.040459,-0.036273,0.630773
433316,0.774115,-0.040450,-0.036273,0.630709
441649,0.774159,-0.040469,-0.036334,0.630650
449982,0.774139,-0.040481,-0.036357,0.630673
458315,0.774191,-0.040503,-0.036390,0.630605
466648,0.774217,-0.040543,-0.036441,0.630568
474981,0.774252,-0.040585,-0.036482,0.630521
483314,0.774247,-0.040607,-0.036515,0.630523
491647,0.774265,-0.040645,-0.036582,0.630494
499980,0.774296,-0.040658,-0.036618,0.630453
508313,0.774336,-0.040674,-0.036653,0.630401
516646,0.774332,-0.040709,-0.036701,0.630401
524979,0.774333,-0.040716,-0.036712,0.630399
533312,0.774391,-0.040724,-0.036726,0.630326
541645,0.774397,-0.040723,-0.036754,0.630317
549978,0.774412,-0.040738,-0.036787,0.630296
558311,0.774435,-0.040700,-0.036766,0.630272
566644,0.774447,-0.040719,-0.036791,0.630254
574977,0.774467,-0.040741,-0.036824,0.630226
583310,0.774500,-0.040761,-0.036850,0.630183
591643,0.774517,-0.040765,-0.036866,0.630160
599976,0.774550,-0.040781,-0.036889,0.630118
608309,0.774525,-0.040781,-0.036906,0.630147
616642,0.774477,-0.040727,-0.036875,0.630212
624975,0.774495,-0.040711,-0.036873,0.630191
633308,0.774415,-0.040671,-0.036845,0.630294
641641,0.774374,-0.040622,-0.036820,0.630348
649974,0.774288,-0.040555,-0.036773,0.630461
658307,0.774241,-0.040473,-0.036732,0.630527
666640,0.774218,-0.040376,-0.036664,0.630564
674973,0.774279,-0.040217,-0.036573,0.630506
683306,0.774315,-0.040104,-0.036510,0.630472
691639,0.774412,-0.039942,-0.036425,0.630368
699972,0.774496,-0.039745,-0.036335,0.630282
708305,0.774617,-0.039452,-0.036186,0.630161
716638,0.774624,-0.039170,-0.036044,0.630178
724971,0.774627,-0.038883,-0.035895,0.630200
733304,0.774604,-0.038636,-0.035779,0.630251
741637,0.774591,-0.038339,-0.035636,0.630293
749970,0.774560,-0.038073,-0.035529,0.630353
758303,0.774581,-0.037769,-0.035427,0.630351
766636,0.774591,-0.037458,-0.035335,0.630363
774969,0.774670,-0.037107,-0.035276,0.630289
783302,0.774737,-0.036675,-0.035178,0.630238
791635,0.774741,-0.036239,-0.035064,0.630265
799968,0.774655,-0.035777,-0.034925,0.630404
808301,0.774516,-0.035313,-0.034799,0.630608
816634,0.774315,-0.034898,-0.034702,0.630883
824967,0.774167,-0.034569,-0.034686,0.631084
833300,0.774020,-0.034312,-0.034771,0.631273
841633,0.774017,-0.034114,-0.034936,0.631279
849966,0.774175,-0.033953,-0.035195,0.631079
858299,0.774366,-0.033840,-0.035536,0.630833
866632,0.774566,-0.033834,-0.035991,0.630562
874965,0.774843,-0.033903,-0.036527,0.630187
883298,0.775097,-0.034097,-0.037183,0.629824
891631,0.775360,-0.034245,-0.037808,0.629456
899964,0.775621,-0.034324,-0.038393,0.629094
908297,0.775783,-0.034431,-0.039026,0.628850
916630,0.775935,-0.034512,-0.039641,0.628619
924963,0.776038,-0.034607,-0.040238,0.628449
933296,0.776105,-0.034617,-0.040812,0.628328
941629,0.776061,-0.034546,-0.041271,0.628358
949962,0.776020,-0.034327,-0.041642,0.628395
958295,0.775854,-0.033981,-0.041937,0.628600
966628,0.775597,-0.033478,-0.042093,0.628933
974961,0.775131,-0.032846,-0.042062,0.629543
983294,0.774604,-0.031878,-0.041781,0.630259
991627,0.773897,-0.030614,-0.041206,0.631227
999960,0.773077,-0.029034,-0.040377,0.632360
1008293,0.771774,-0.027081,-0.039114,0.634114
1016626,0.770172,-0.024710,-0.037347,0.636262
1024959,0.768585,-0.021880,-0.035266,0.638400
1033292,0.767014,-0.018659,-0.032823,0.640518
1041625,0.765361,-0.014886,-0.029880,0.642735
1049958,0.763779,-0.010730,-0.026600,0.644840
1058291,0.762180,-0.006236,-0.022986,0.646927
1066624,0.760355,-0.001629,-0.019190,0.649223
1074957,0.758738,0.003292,-0.015202,0.651210
1083290,0.756987,0.008443,-0.010964,0.653283
1091623,0.755300,0.013762,-0.006522,0.655202
1099956,0.753463,0.019323,-0.001708,0.657204
1108289,0.751923,0.025112,0.003255,0.658765
1116622,0.750505,0.031310,0.008539,0.660067
1124955,0.749078,0.036880,0.013594,0.661315
1133288,0.748278,0.042641,0.018759,0.661747
1141621,0.747417,0.048513,0.023946,0.662149
1149954,0.746835,0.053918,0.028720,0.662198
1158287,0.746554,0.059190,0.033285,0.661850
1166620,0.746458,0.063983,0.037560,0.661284
1174953,0.746663,0.068576,0.041490,0.660357
1183286,0.746879,0.072734,0.045249,0.659420
1191619,0.747122,0.076715,0.048806,0.658438
1199952,0.747686,0.080394,0.052231,0.657096
1208285,0.748258,0.083953,0.055478,0.655732
1216618,0.748753,0.087168,0.058509,0.654483
1224951,0.749242,0.089906,0.061270,0.653298
1233284,0.749631,0.092832,0.063948,0.652186
1241617,0.750073,0.095793,0.066800,0.650963
1249950,0.750425,0.098271,0.069238,0.649932
1258283,0.750489,0.100896,0.071898,0.649166
1266616,0.750436,0.103415,0.074549,0.648532
1274949,0.750077,0.105948,0.077257,0.648221
1283282,0.749734,0.108410,0.079781,0.647906
1291615,0.748991,0.110811,0.082565,0.648009
1299948,0.748707,0.112984,0.085120,0.647632
1308281,0.748237,0.115130,0.087505,0.647479
1316614,0.747757,0.117389,0.090025,0.647282
1324947,0.747260,0.119580,0.092529,0.647102
1333280,0.746779,0.121685,0.094999,0.646908
1341613,0.746448,0.123612,0.097329,0.646577
1349946,0.745790,0.125544,0.099701,0.646604
1358279,0.745267,0.127481,0.102012,0.646467
1366612,0.744974,0.129328,0.104279,0.646076
1374945,0.744740,0.131016,0.106554,0.645634
1383278,0.744820,0.132685,0.108790,0.644827
1391611,0.745193,0.134073,0.110956,0.643740
1399944,0.745743,0.135314,0.113098,0.642469
1408277,0.746773,0.136323,0.115240,0.640677
1416610,0.748472,0.137204,0.117420,0.638105
1424943,0.749851,0.137875,0.119549,0.635942
1433276,0.751447,0.138040,0.121314,0.633684
1441609,0.753352,0.138002,0.122962,0.631107
1449942,0.755255,0.137447,0.124545,0.628639
1458275,0.757696,0.136572,0.125751,0.625645
1466608,0.760160,0.135566,0.126713,0.622674
1474941,0.762741,0.134190,0.127600,0.619626
1483274,0.765116,0.132666,0.128141,0.616910
1491607,0.767475,0.130768,0.128460,0.614312
1499940,0.769836,0.128811,0.128720,0.611712
1508273,0.771819,0.126421,0.128572,0.609740
1516606,0.773718,0.124311,0.128421,0.607795
1524939,0.775012,0.122059,0.127980,0.606695
1533272,0.775668,0.119857,0.127315,0.606436
1541605,0.776068,0.117684,0.126480,0.606524
1549938,0.775992,0.115535,0.125422,0.607254
1558271,0.776134,0.113543,0.124385,0.607661
1566604,0.775790,0.111407,0.123223,0.608732
1574937,0.774781,0.109010,0.121871,0.610719
1583270,0.773557,0.106269,0.120234,0.613075
1591603,0.772722,0.103182,0.118546,0.614981
1599936,0.772468,0.099551,0.116765,0.616238
1608269,0.772120,0.095419,0.114798,0.617696
1616602,0.771714,0.090783,0.112400,0.619341
1624935,0.770935,0.085988,0.110041,0.621414
1633268,0.769731,0.081272,0.107634,0.623958
1641601,0.768283,0.076947,0.105510,0.626648
1649934,0.767017,0.073025,0.103713,0.628964
1658267,0.766142,0.069127,0.102160,0.630722
1666600,0.765459,0.065758,0.100741,0.632139
1674933,0.765229,0.062984,0.099773,0.632853
1683266,0.765177,0.060398,0.098717,0.633334
1691599,0.766078,0.058057,0.097759,0.632612
1699932,0.767832,0.055968,0.097166,0.630761
1708265,0.770223,0.054023,0.096708,0.628080
1716598,0.773237,0.052016,0.096233,0.624610
1724931,0.776631,0.049815,0.095864,0.620623
1733264,0.780103,0.047456,0.095346,0.616520
1741597,0.783593,0.044924,0.094618,0.612382
1749930,0.786659,0.042321,0.093677,0.608770
1758263,0.789684,0.039383,0.092469,0.605226
1766596,0.792153,0.036111,0.090909,0.602432
1774929,0.794049,0.032613,0.089048,0.600410
1783262,0.796080,0.028956,0.086998,0.598206
1791595,0.798335,0.025072,0.084650,0.595707
1799928,0.800785,0.020864,0.081915,0.592957
1808261,0.803052,0.016362,0.078854,0.590442
1816594,0.805100,0.012314,0.075902,0.588133
1824927,0.807286,0.008347,0.072917,0.585579
1833260,0.809123,0.004480,0.069898,0.583450
1841593,0.810873,0.000735,0.066848,0.581391
1849926,0.812153,-0.003011,0.063830,0.579935
1858259,0.813485,-0.006732,0.060572,0.578384
1866592,0.814858,-0.010520,0.057315,0.576725
1874925,0.816331,-0.014672,0.053813,0.574885
1883258,0.818472,-0.018062,0.050696,0.572021
1891591,0.820430,-0.021310,0.047572,0.569366
1899924,0.822180,-0.024763,0.044348,0.566957
1908257,0.823741,-0.028055,0.041223,0.564769
1916590,0.825446,-0.031304,0.038079,0.562324
1924923,0.826967,-0.034430,0.034972,0.560105
1933256,0.828462,-0.037363,0.032182,0.557871
1941589,0.830569,-0.039735,0.029389,0.554718
1949922,0.831482,-0.042825,0.026298,0.553273
1958255,0.832754,-0.045381,0.023542,0.551277
1966588,0.833996,-0.047534,0.021213,0.549310
1974921,0.835511,-0.049694,0.018737,0.546901
1983254,0.836627,-0.051884,0.016243,0.545068
1991587,0.837877,-0.054007,0.013708,0.543008
1999920,0.839166,-0.056206,0.011135,0.540849
2008252,0.840146,-0.058521,0.008469,0.539127
2016586,0.841251,-0.060875,0.005737,0.537175
2024919,0.842676,-0.063376,0.002960,0.534671
2033252,0.844078,-0.066082,-0.000103,0.532132
2041585,0.845323,-0.069013,-0.003268,0.529769
2049918,0.846779,-0.071908,-0.006649,0.527020
2058250,0.848052,-0.074664,-0.009806,0.524535
2066584,0.849276,-0.077321,-0.012985,0.522094
2074917,0.850542,-0.080120,-0.016346,0.519510
2083250,0.851311,-0.082907,-0.019587,0.517700
2091583,0.852304,-0.085633,-0.022823,0.515484
2099916,0.852910,-0.088439,-0.026020,0.513854
2108249,0.853356,-0.091300,-0.029298,0.512435
2116582,0.853519,-0.094000,-0.032401,0.511487
2124915,0.853809,-0.096154,-0.035235,0.510415
2133248,0.853962,-0.098393,-0.038147,0.509523
2141581,0.854101,-0.100538,-0.041091,0.508641
2149914,0.854418,-0.102348,-0.043973,0.507505
2158247,0.854802,-0.104036,-0.046892,0.506251
2166580,0.855208,-0.105359,-0.049486,0.505045
2174913,0.854936,-0.107058,-0.052190,0.504875
2183246,0.854757,-0.108575,-0.054851,0.504573
2191579,0.854804,-0.109538,-0.057321,0.504010
2199912,0.854926,-0.110453,-0.059836,0.503311
2208245,0.854876,-0.111510,-0.062462,0.502843
2216578,0.854857,-0.112267,-0.065086,0.502373
2224911,0.855854,-0.111892,-0.067720,0.500407
2233244,0.854938,-0.112817,-0.070439,0.501389
2241577,0.854716,-0.113144,-0.073140,0.501307
2249910,0.854815,-0.113006,-0.075784,0.500777
2258243,0.854800,-0.112738,-0.078429,0.500456
2266576,0.854721,-0.112212,-0.080998,0.500300
2274909,0.854441,-0.111538,-0.083366,0.500540
2283242,0.854291,-0.110501,-0.085653,0.500640
2291575,0.853818,-0.109207,-0.087647,0.501386
2299908,0.853566,-0.107161,-0.089336,0.501956
2308241,0.852803,-0.104878,-0.090498,0.503525
2316574,0.852189,-0.101649,-0.091045,0.505127
2324907,0.851407,-0.097814,-0.090986,0.507209
2333240,0.850339,-0.093681,-0.090350,0.509886
2341573,0.849078,-0.088898,-0.088850,0.513097
2349906,0.848321,-0.082866,-0.086709,0.515719
2358239,0.847889,-0.075999,-0.084045,0.517924
2366572,0.847761,-0.068474,-0.081014,0.519663
2374905,0.847993,-0.059806,-0.077452,0.520896
2383238,0.848725,-0.049678,-0.073579,0.521329
2391571,0.849448,-0.038584,-0.069272,0.521680
2399904,0.850065,-0.026720,-0.064551,0.522024
2408237,0.850344,-0.014228,-0.059212,0.522692
2416570,0.850636,-0.000792,-0.053410,0.523034
2424903,0.850667,0.013462,-0.046814,0.523444
2433236,0.850436,0.027572,-0.039791,0.523846
2441569,0.850363,0.040918,-0.032951,0.523567
2449902,0.850078,0.052502,-0.026769,0.523349
2458235,0.849717,0.062716,-0.021122,0.523070
2466568,0.849270,0.072769,-0.015261,0.522696
2474901,0.848754,0.082585,-0.009261,0.522217
2483234,0.848203,0.092047,-0.003342,0.521601
2491567,0.847667,0.100933,0.002466,0.520832
2499900,0.847012,0.109242,0.008284,0.520162
2508233,0.846133,0.116853,0.014255,0.519808
2516566,0.844993,0.123760,0.020362,0.519861
2524899,0.843775,0.130294,0.026231,0.519979
2533232,0.842500,0.136112,0.031974,0.520235
2541565,0.841154,0.141287,0.037496,0.520665
2549898,0.839780,0.146055,0.042785,0.521159
2558231,0.838417,0.150291,0.047834,0.521710
2566564,0.837199,0.154202,0.052431,0.522082
2574897,0.835915,0.157837,0.056962,0.522579
2583230,0.834567,0.160857,0.061146,0.523340
2591563,0.833014,0.163473,0.065002,0.524537
2599896,0.831677,0.165803,0.068744,0.525449
2608229,0.830192,0.167735,0.072306,0.526706
2616562,0.828582,0.169273,0.075556,0.528289
2624895,0.826903,0.170079,0.078175,0.530277
2633228,0.825151,0.170665,0.080560,0.532457
2641561,0.823442,0.170799,0.082552,0.534748
2649894,0.821716,0.170623,0.084032,0.537223
2658227,0.820059,0.170089,0.085221,0.539731
2666560,0.818374,0.169431,0.086124,0.542346
2674893,0.816802,0.168206,0.086503,0.545031
2683226,0.815284,0.166517,0.086573,0.547804
2691559,0.813887,0.164746,0.086434,0.550432
2699892,0.812699,0.163207,0.086289,0.552665
2708225,0.811630,0.161352,0.085950,0.554828
2716558,0.810803,0.159166,0.085537,0.556730
2724891,0.810497,0.157004,0.085000,0.557871
2733224,0.810810,0.154436,0.084742,0.558172
2741557,0.811893,0.151754,0.084630,0.557349
2749890,0.813633,0.148908,0.085006,0.555519
2758223,0.816413,0.145663,0.085805,0.552167
2766556,0.819480,0.142469,0.086963,0.548263
2774889,0.822493,0.139822,0.088798,0.544123
2783222,0.825311,0.137389,0.090806,0.540130
2791555,0.827576,0.135894,0.093353,0.536597
2799888,0.828822,0.135530,0.096160,0.534266
2808221,0.828177,0.136028,0.098788,0.534659
2816554,0.826495,0.136663,0.101274,0.536631
2824887,0.824177,0.138007,0.103885,0.539346
2833220,0.821885,0.138656,0.106231,0.542213
2841553,0.819400,0.138446,0.107976,0.545671
2849886,0.816443,0.137582,0.108947,0.550112
2858219,0.813579,0.135857,0.109460,0.554663
2866552,0.810772,0.133308,0.109241,0.559414
2874885,0.808011,0.129951,0.108525,0.564317
2883218,0.804701,0.126003,0.107157,0.570172
2891551,0.800988,0.121792,0.105186,0.576646
2899884,0.796930,0.117744,0.103096,0.583447
2908217,0.793063,0.114129,0.101348,0.589707
2916550,0.788824,0.111148,0.099759,0.596197
2924883,0.784870,0.109204,0.098740,0.601916
2933216,0.781518,0.107690,0.098122,0.606633
2941549,0.779607,0.106162,0.098043,0.609369
2949882,0.779256,0.104345,0.098362,0.610079
2958215,0.779542,0.102580,0.098729,0.609955
2966548,0.779615,0.100781,0.098824,0.610145
2974881,0.779834,0.098788,0.098671,0.610216
2983214,0.780144,0.096547,0.098203,0.610254
2991547,0.780632,0.093498,0.097278,0.610253
2999880,0.781491,0.089508,0.095664,0.610007
3008213,0.782786,0.085295,0.093880,0.609227
3016546,0.784390,0.080773,0.091752,0.608104
3024879,0.786517,0.076217,0.089612,0.606260
3033212,0.789199,0.071552,0.087271,0.603679
3041545,0.791830,0.066782,0.084783,0.601130
3049878,0.794458,0.062113,0.082034,0.598539
3058211,0.796652,0.057588,0.079395,0.596427
3066544,0.798677,0.053292,0.076693,0.594469
3074877,0.800463,0.048730,0.073744,0.592830
3083210,0.802062,0.044396,0.070800,0.591366
3091543,0.803186,0.040076,0.067817,0.590498
3099876,0.804500,0.035730,0.064557,0.589352
3108209,0.805980,0.031115,0.061026,0.587966
3116542,0.807470,0.026711,0.057602,0.586482
3124875,0.809335,0.022299,0.053948,0.584439
3133208,0.811399,0.017681,0.050110,0.582072
3141541,0.813482,0.013796,0.046714,0.579547
3149874,0.815566,0.009491,0.042927,0.576992
3158207,0.817383,0.004968,0.038974,0.574754
3166540,0.818702,0.000208,0.035046,0.573148
3174873,0.820003,-0.004426,0.031021,0.571501
3183206,0.821518,-0.008862,0.027069,0.569470
3191539,0.823364,-0.012875,0.023458,0.566883
3199872,0.824952,-0.016993,0.019767,0.564601
3208205,0.826511,-0.021508,0.015653,0.562292
3216538,0.827915,-0.025803,0.011818,0.560135
3224871,0.829079,-0.030126,0.007945,0.558263
3233204,0.830343,-0.034165,0.004236,0.556188
3241537,0.831407,-0.038153,0.000656,0.554352
3249870,0.832695,-0.042202,-0.003128,0.552112
3258203,0.833791,-0.046175,-0.006724,0.550105
3266536,0.834888,-0.049927,-0.010295,0.548054
3274869,0.835888,-0.053516,-0.013760,0.546112
3283202,0.836772,-0.057427,-0.017471,0.544251
3291535,0.837378,-0.061396,-0.021109,0.542755
3299868,0.837993,-0.065080,-0.024499,0.541232
3308201,0.838553,-0.068650,-0.027912,0.539756
3316534,0.839278,-0.072081,-0.031558,0.537978
3324867,0.839986,-0.075501,-0.035100,0.536181
3333200,0.840914,-0.078519,-0.038409,0.534063
3341533,0.841524,-0.081341,-0.041501,0.532446
3349866,0.841480,-0.084570,-0.044751,0.531749
3358199,0.840610,-0.087952,-0.047940,0.532298
3366532,0.840385,-0.090823,-0.050919,0.531894
3374865,0.840829,-0.093284,-0.053847,0.530477
3383198,0.841436,-0.095548,-0.056742,0.528807
3391531,0.841530,-0.097525,-0.059414,0.528002
3399864,0.841332,-0.099337,-0.061990,0.527684
3408197,0.841237,-0.100829,-0.064474,0.527254
3416530,0.840907,-0.102050,-0.066887,0.527245
3424863,0.840838,-0.102888,-0.069271,0.526884
3433196,0.840630,-0.103739,-0.071656,0.526730
3441529,0.840236,-0.104302,-0.073819,0.526949
3449862,0.839583,-0.104420,-0.075559,0.527719
3458195,0.838988,-0.104485,-0.077428,0.528381
3466528,0.838007,-0.104770,-0.079339,0.529597
3474861,0.836876,-0.105048,-0.081131,0.531057
3483194,0.836384,-0.104488,-0.083100,0.531637
3491527,0.835664,-0.103798,-0.084994,0.532605
3499860,0.834712,-0.103230,-0.086927,0.533894
3508193,0.834514,-0.101997,-0.088828,0.534128
3516526,0.834667,-0.100028,-0.090390,0.533999
3524859,0.834778,-0.097254,-0.091645,0.534125
3533192,0.835091,-0.093694,-0.092593,0.534108
3541525,0.835612,-0.089351,-0.093219,0.533929
3549858,0.836198,-0.084109,-0.093291,0.533849
3558191,0.836659,-0.077981,-0.092633,0.534173
3566524,0.837532,-0.070846,-0.091564,0.533983
3574857,0.838312,-0.062848,-0.089658,0.534083
3583190,0.839492,-0.053447,-0.087241,0.533653
3591523,0.840549,-0.043037,-0.084048,0.533443
3599856,0.841312,-0.031629,-0.079971,0.533665
3608189,0.842107,-0.019218,-0.075252,0.533688
3616522,0.842430,-0.006084,-0.069879,0.534221
3624855,0.842162,0.007738,-0.063666,0.535398
3633188,0.841311,0.021897,-0.056936,0.537098
3641521,0.840120,0.036569,-0.049702,0.538879
3649854,0.838798,0.052090,-0.042073,0.540309
3658187,0.836829,0.066639,-0.034147,0.542319
3666520,0.834862,0.080226,-0.026430,0.543940
3674853,0.832818,0.092172,-0.019435,0.545474
3683186,0.830530,0.102514,-0.012680,0.547312
3691519,0.828152,0.112602,-0.006140,0.549042
3699852,0.825419,0.121965,0.000454,0.551187
3708185,0.822698,0.130809,0.007163,0.553179
3716518,0.819632,0.138733,0.014096,0.555660
3724851,0.816384,0.146219,0.021046,0.558296
3733184,0.812834,0.152850,0.028011,0.561385
3741517,0.809276,0.158902,0.034835,0.564455
3749850,0.805586,0.164334,0.041604,0.567710
3758183,0.801729,0.169140,0.048089,0.571235
3766516,0.797766,0.173491,0.054251,0.574915
3774849,0.793836,0.177330,0.059876,0.578614
3783182,0.790047,0.180419,0.065178,0.582259
3791515,0.786048,0.183269,0.069963,0.586214
3799848,0.782105,0.185466,0.074325,0.590245
3808181,0.777967,0.187404,0.078286,0.594574
3816514,0.773522,0.188786,0.081722,0.599454
3824847,0.769063,0.189854,0.084552,0.604440
3833180,0.764582,0.190620,0.087073,0.609505
3841513,0.760026,0.190318,0.088945,0.615003
3849846,0.755146,0.190105,0.090470,0.620830
3858179,0.750448,0.189732,0.091193,0.626509
3866512,0.744879,0.188839,0.091485,0.633345
3874845,0.739619,0.187422,0.090895,0.639980
3883178,0.734002,0.185673,0.089648,0.647094
3891511,0.728635,0.184049,0.087694,0.653856
3899844,0.723169,0.182617,0.085198,0.660621
3908177,0.717585,0.181194,0.082490,0.667409
3916510,0.711387,0.179729,0.079355,0.674781
3924843,0.705407,0.177977,0.076043,0.681867
3933176,0.699233,0.176391,0.072655,0.688971
3941509,0.693368,0.175138,0.069490,0.695514
3949842,0.687946,0.173968,0.066780,0.701431
3958175,0.683230,0.172875,0.064398,0.706515
3966508,0.679739,0.171623,0.062477,0.710350
3974841,0.678046,0.170105,0.061296,0.712433
3983174,0.677941,0.168439,0.060828,0.712969
3991507,-0.678877,-0.166720,-0.061069,-0.712461
3999840,-0.680614,-0.165120,-0.061948,-0.711099
4008173,-0.682751,-0.163768,-0.063765,-0.709200
4016505,-0.684550,-0.162626,-0.065780,-0.707543
4024839,-0.685384,-0.162001,-0.068184,-0.706651
4033172,-0.684283,-0.161821,-0.070501,-0.707532
4041505,-0.681717,-0.161768,-0.072723,-0.709792
4049838,-0.677777,-0.161580,-0.074615,-0.713402
4058170,-0.673005,-0.161263,-0.076045,-0.717827
4066504,-0.667810,-0.160408,-0.077155,-0.722736
4074837,-0.662003,-0.159189,-0.077637,-0.728274
4083170,-0.655838,-0.157446,-0.077408,-0.734231
4091503,-0.650047,-0.155182,-0.076760,-0.739909
4099836,0.644654,0.152594,0.075725,0.745253
4108169,0.640626,0.149799,0.074360,0.749419
4116501,0.636345,0.146850,0.072664,0.753804
4124835,0.633517,0.144021,0.071138,0.756871
4133168,0.630692,0.141309,0.069578,0.759880
4141501,0.628286,0.138896,0.067992,0.762457
4149834,0.626368,0.136736,0.066496,0.764555
4158166,0.624962,0.134173,0.065180,0.766271
4166500,0.625426,0.131467,0.064585,0.766412
4174833,0.626642,0.128817,0.064275,0.765895
4183166,0.628153,0.126132,0.064046,0.765123
4191499,0.628866,0.123578,0.063159,0.765027
4199832,0.629865,0.120765,0.061859,0.764761
4208165,0.630806,0.117697,0.060370,0.764582
4216498,0.631652,0.114228,0.058300,0.764571
4224831,0.632568,0.111321,0.056725,0.764361
4233164,0.633291,0.108190,0.054754,0.764356
4241497,0.633939,0.105244,0.052812,0.764366
4249830,0.634182,0.102339,0.050804,0.764695
4258163,0.633713,0.099391,0.048624,0.765614
4266496,0.632588,0.096151,0.046084,0.767114
4274829,0.631777,0.093731,0.044088,0.768198
4283162,0.630231,0.091068,0.041667,0.769921
4291495,0.628301,0.088601,0.039335,0.771907
4299828,-0.626158,-0.086295,-0.036977,-0.774024
4308161,-0.623255,-0.083899,-0.034552,-0.776737
4316494,-0.620743,-0.081295,-0.031837,-0.779138
4324827,-0.617507,-0.078647,-0.029246,-0.782077
4333160,-0.614341,-0.075947,-0.026197,-0.784940
4341493,-0.611958,-0.073000,-0.022757,-0.787185
4349826,-0.610566,-0.070295,-0.019069,-0.788609
4358159,-0.608365,-0.066878,-0.014773,-0.790697
4366492,-0.606674,-0.063834,-0.010798,-0.792310
4374825,-0.604623,-0.060922,-0.006905,-0.794149
4383158,-0.602042,-0.057615,-0.002455,-0.796380
4391491,-0.599476,-0.054518,0.001813,-0.798532
4399824,-0.597006,-0.051472,0.006098,-0.800561
4408157,-0.594933,-0.048281,0.010653,-0.802253
4416490,-0.592229,-0.045026,0.015474,-0.804362
4424823,-0.589266,-0.041750,0.020015,-0.806611
4433156,-0.586691,-0.038703,0.024639,-0.808510
4441489,-0.584338,-0.035540,0.029457,-0.810196
4449822,-0.581361,-0.032403,0.034273,-0.812277
4458155,-0.577621,-0.029271,0.039157,-0.814839
4466488,-0.574440,-0.026336,0.043895,-0.816945
4474821,-0.570699,-0.023469,0.048446,-0.819393
4483154,-0.566769,-0.020690,0.053044,-0.821907
4491487,-0.562102,-0.017956,0.057667,-0.824859
4499820,-0.557965,-0.015520,0.062028,-0.827397
4508153,-0.553604,-0.013390,0.066161,-0.830040
4516486,-0.548642,-0.011290,0.070115,-0.833036
4524819,-0.543337,-0.009444,0.073847,-0.836207
4533152,-0.537877,-0.007778,0.077402,-0.839426
4541485,-0.531931,-0.006255,0.080290,-0.842949
4549818,-0.526088,-0.005054,0.083336,-0.846322
4558151,-0.520959,-0.004304,0.086026,-0.849225
4566484,-0.516881,-0.004134,0.088377,-0.851473
4574817,-0.512496,-0.004075,0.090120,-0.853938
4583150,-0.507731,-0.004095,0.091409,-0.856643
4591483,-0.503561,-0.004989,0.092130,-0.859019
4599816,-0.499037,-0.006181,0.092433,-0.861615
4608149,-0.493434,-0.007479,0.091667,-0.864907
4616482,-0.488567,-0.009688,0.090015,-0.867817
4624815,-0.484301,-0.012878,0.087668,-0.870403
4633148,-0.478046,-0.015890,0.083985,-0.874166
4641481,-0.471851,-0.019475,0.079349,-0.877884
4649814,-0.465770,-0.023726,0.073804,-0.881503
4658147,-0.460278,-0.028719,0.067038,-0.884774
4666480,-0.455186,-0.034389,0.059123,-0.887766
4674813,-0.447396,-0.039309,0.050345,-0.892052
4683146,-0.443988,-0.046410,0.040817,-0.893898
4691479,-0.439314,-0.053425,0.030276,-0.896232
4699812,-0.433646,-0.060260,0.019284,-0.898859
4708145,-0.427755,-0.067273,0.008059,-0.901352
4716478,-0.421230,-0.074046,-0.003418,-0.903919
4724811,-0.413988,-0.080853,-0.015385,-0.906554
4733144,-0.405518,-0.086583,-0.027195,-0.909571
4741477,-0.397711,-0.092236,-0.038407,-0.912054
4749810,-0.388516,-0.097223,-0.048382,-0.915020
4758143,-0.378120,-0.101488,-0.057391,-0.918385
4766476,-0.367477,-0.105121,-0.065720,-0.921733
4774809,-0.351694,-0.105658,-0.074223,-0.927167
4783142,-0.338060,-0.107071,-0.082168,-0.931397
4791475,-0.325054,-0.108384,-0.089430,-0.935198
4799808,-0.311570,-0.109165,-0.096039,-0.939033
4808141,-0.296833,-0.108777,-0.102057,-0.943208
4816474,-0.281416,-0.107480,-0.107606,-0.947457
4824807,-0.266195,-0.105919,-0.112290,-0.951479
4833140,-0.250456,-0.103659,-0.116354,-0.955504
4841473,-0.234314,-0.101200,-0.120063,-0.959396
4849806,-0.218260,-0.098659,-0.123028,-0.963064
4858139,-0.202283,-0.095890,-0.125376,-0.966523
4866472,-0.186096,-0.093186,-0.127486,-0.969759
4874805,-0.169853,-0.090496,-0.129040,-0.972784
4883138,-0.153121,-0.087898,-0.129961,-0.975673
4891471,-0.136140,-0.085468,-0.130331,-0.978353
4899804,-0.119270,-0.083351,-0.130901,-0.980659
4908137,-0.102360,-0.081154,-0.131055,-0.982731
4916470,-0.084877,-0.078919,-0.130774,-0.984615
4924803,-0.067250,-0.076793,-0.129988,-0.986247
4933136,-0.048898,-0.074951,-0.128779,-0.987627
4941469,-0.030462,-0.073308,-0.127504,-0.988656
4949802,-0.012219,-0.072189,-0.125472,-0.989392
4958135,0.006025,-0.071002,-0.122742,-0.989877
4966468,0.024707,-0.069996,-0.119851,-0.990013
4974801,0.047064,-0.068421,-0.116641,-0.989696
4983134,0.068134,-0.067398,-0.114004,-0.988847
4991467,0.087753,-0.067159,-0.111684,-0.987581
4999800,0.108475,-0.066949,-0.108566,-0.985883
5008133,0.130127,-0.066777,-0.105445,-0.983610
5016466,0.151921,-0.066676,-0.102916,-0.980756
5024799,0.173330,-0.066839,-0.100180,-0.977473
5033132,0.195323,-0.066941,-0.097784,-0.973553
5041465,0.217000,-0.066598,-0.095750,-0.969179
5049798,0.235362,-0.066606,-0.094394,-0.965017
5058131,0.252442,-0.066647,-0.092601,-0.960862
5066464,0.267904,-0.065816,-0.091779,-0.956803
5074797,0.279005,-0.065277,-0.090532,-0.953782
5083130,0.289354,-0.064054,-0.089636,-0.950861
5091463,0.296467,-0.062664,-0.088662,-0.948852
5099796,0.301360,-0.061161,-0.087729,-0.947494
5108129,0.304921,-0.059418,-0.087124,-0.946521
5116462,0.306658,-0.057698,-0.085878,-0.946180
5124795,0.307963,-0.055599,-0.085247,-0.945939
5133128,0.309790,-0.052946,-0.085264,-0.945493
5141461,0.312197,-0.050641,-0.084567,-0.944890
5149794,0.314339,-0.048285,-0.084151,-0.944340
5158127,0.318145,-0.045730,-0.084352,-0.943174
5166460,0.321939,-0.043829,-0.083781,-0.942027
5174793,0.327926,-0.041349,-0.083908,-0.940061
5183126,0.334344,-0.039127,-0.083974,-0.937887
5191459,0.340684,-0.037078,-0.083966,-0.935687
5199792,0.346748,-0.035149,-0.083775,-0.933548
5208125,0.353699,-0.033320,-0.083016,-0.931072
5216458,0.359921,-0.031978,-0.081413,-0.928874
5224791,0.366302,-0.030754,-0.079627,-0.926572
5233124,0.371182,-0.029646,-0.077450,-0.924849
5241457,0.374333,-0.028437,-0.075752,-0.923757
5249790,0.376918,-0.027685,-0.073476,-0.922913
5258123,0.379378,-0.026877,-0.071427,-0.922089
5266456,0.382714,-0.025561,-0.070191,-0.920842
5274789,0.386150,-0.024803,-0.067299,-0.919644
5283122,0.388673,-0.024519,-0.064132,-0.918814
5291455,0.391849,-0.024161,-0.060853,-0.917697
5299788,0.396651,-0.022612,-0.059443,-0.915764
5308121,0.400688,-0.022745,-0.054808,-0.914291
5316454,0.404862,-0.022479,-0.050829,-0.912687
5324787,0.410071,-0.022067,-0.046892,-0.910580
5333120,0.413848,-0.021843,-0.043007,-0.909067
5341453,0.417804,-0.021571,-0.039314,-0.907430
5349786,0.420888,-0.021612,-0.035402,-0.906164
5358119,0.422937,-0.021953,-0.031384,-0.905349
5366452,0.424139,-0.022153,-0.027994,-0.904893
5374785,0.425382,-0.022628,-0.024220,-0.904407
5383118,0.425468,-0.023247,-0.020763,-0.904436
5391451,0.425850,-0.023747,-0.017484,-0.904313
5399784,0.426087,-0.023980,-0.014894,-0.904242
5408117,0.426378,-0.024405,-0.012110,-0.904134
5416450,0.426377,-0.025211,-0.008922,-0.904150
5424783,0.426338,-0.025987,-0.006181,-0.904170
5433116,0.426819,-0.026670,-0.003366,-0.903937
5441449,0.427626,-0.027357,-0.000472,-0.903542
5449782,0.426498,-0.028081,0.001717,-0.904051
5458115,0.426830,-0.028747,0.004190,-0.903865
5466448,0.427659,-0.029622,0.006902,-0.903428
5474781,0.428938,-0.030343,0.009634,-0.902773
5483114,0.431090,-0.031090,0.012126,-0.901692
5491447,0.432447,-0.032091,0.014831,-0.900966
5499780,0.434240,-0.033252,0.018010,-0.900003
5508113,0.436935,-0.033880,0.020445,-0.898622
5516446,0.438755,-0.035002,0.022936,-0.897632
5524779,0.440419,-0.036297,0.025785,-0.896688
5533112,0.442981,-0.037903,0.029132,-0.895255
5541445,0.445436,-0.039433,0.032232,-0.893864
5549778,0.447720,-0.041014,0.035308,-0.892534
5558111,0.450814,-0.042268,0.037886,-0.890811
5566444,0.453512,-0.043721,0.040544,-0.889254
5574777,0.456525,-0.045263,0.043323,-0.887502
5583110,0.459852,-0.046643,0.045998,-0.885576
5591443,0.463131,-0.048054,0.048555,-0.883653
5599776,0.466236,-0.049539,0.051241,-0.881785
5608109,0.468872,-0.051166,0.053801,-0.880140
5616442,0.471638,-0.052763,0.056616,-0.878390
5624775,0.472698,-0.054774,0.059106,-0.877532
5633108,0.475541,-0.056620,0.061819,-0.875690
5641441,0.477589,-0.058286,0.064168,-0.874296
5649774,0.479787,-0.060188,0.066653,-0.872777
5658107,0.481911,-0.061998,0.069046,-0.871293
5666440,0.482645,-0.064353,0.070894,-0.870567
5674773,0.484874,-0.066509,0.073668,-0.868934
5683106,0.487488,-0.068386,0.076252,-0.867101
5691439,0.489194,-0.070606,0.078775,-0.865736
5699772,0.490589,-0.072915,0.081204,-0.864530
5708105,0.492073,-0.075080,0.083098,-0.863320
5716438,0.492933,-0.077700,0.085439,-0.862369
5724771,0.493489,-0.080445,0.087968,-0.861544
5733104,0.495666,-0.082761,0.090019,-0.859862
5741437,0.497692,-0.085025,0.092123,-0.858246
5749770,0.498758,-0.087816,0.094364,-0.857102
5758103,0.499853,-0.090547,0.096546,-0.855936
5766436,0.500795,-0.093212,0.098261,-0.854904
5774769,0.501590,-0.095866,0.099745,-0.853972
5783102,0.502721,-0.098828,0.101860,-0.852719
5791435,0.503669,-0.101688,0.103259,-0.851654
5799768,0.504719,-0.104485,0.104582,-0.850532
5808101,0.505222,-0.107349,0.105559,-0.849756
5816434,0.505413,-0.110355,0.106285,-0.849166
5824767,0.506622,-0.113132,0.107183,-0.847967
5833100,0.507699,-0.116061,0.107926,-0.846831
5841433,0.507658,-0.118978,0.108056,-0.846435
5849766,0.508027,-0.121744,0.107993,-0.845828
5858099,0.508813,-0.124671,0.108316,-0.844887
5866432,0.509699,-0.127642,0.108542,-0.843880
5874765,0.510253,-0.130643,0.108590,-0.843079
5883098,0.511044,-0.133633,0.108772,-0.842107
5891431,0.512194,-0.136625,0.108910,-0.840910
5899764,0.511602,-0.139842,0.108593,-0.840782
5908097,0.514000,-0.142417,0.108833,-0.838854
5916430,0.515263,-0.145235,0.108689,-0.837614
5924763,0.516038,-0.148191,0.108684,-0.836619
5933096,0.517067,-0.150636,0.107637,-0.835682
5941429,0.517883,-0.153018,0.106325,-0.834912
5949762,0.518302,-0.155727,0.105270,-0.834284
5958095,0.519756,-0.157802,0.103643,-0.833193
5966428,0.520629,-0.160094,0.102030,-0.832409
5974761,0.522169,-0.161763,0.099460,-0.831433
5983094,0.523291,-0.163244,0.096213,-0.830819
5991427,0.524935,-0.164339,0.092891,-0.829944
5999760,0.527604,-0.164463,0.088795,-0.828674
6008093,0.530089,-0.164138,0.083808,-0.827672
6016426,0.532600,-0.163452,0.078393,-0.826726
6024759,0.536946,-0.161394,0.072746,-0.824833
6033092,0.541200,-0.159000,0.065725,-0.823105
6041425,0.546064,-0.155972,0.059607,-0.820935
6049758,0.550090,-0.152708,0.052026,-0.819375
6058091,0.554970,-0.148434,0.044028,-0.817335
6066424,0.559992,-0.143445,0.035641,-0.815207
6074757,0.565045,-0.138064,0.026923,-0.812981
6083090,0.570148,-0.131647,0.017757,-0.810731
6091423,0.575555,-0.124396,0.008252,-0.808204
6099756,0.580301,-0.116652,-0.001999,-0.806002
6108089,0.585246,-0.108300,-0.012279,-0.803497
6116422,0.590128,-0.100171,-0.021713,-0.800777
6124755,0.594822,-0.092752,-0.030196,-0.797917
6133088,0.599227,-0.085395,-0.038917,-0.795060
6141421,0.603541,-0.078503,-0.046826,-0.792075
6149754,0.607829,-0.071569,-0.054333,-0.788968
6158087,0.611885,-0.064385,-0.061341,-0.785931
6166420,0.615636,-0.057092,-0.068183,-0.782997
6174753,0.619268,-0.049770,-0.074369,-0.780064
6183086,0.622418,-0.042642,-0.080369,-0.777379
6191419,0.625697,-0.035461,-0.085974,-0.774503
6199752,0.628782,-0.028119,-0.091140,-0.771710
6208085,0.631893,-0.021080,-0.095436,-0.768868
6216418,0.634529,-0.014118,-0.099850,-0.766292
6224751,0.636803,-0.007511,-0.103648,-0.763991
6233084,0.638794,-0.000758,-0.107458,-0.761836
6241417,0.640771,0.005856,-0.111054,-0.759635
6249750,0.642095,0.012229,-0.114414,-0.757941
6258083,0.643194,0.018463,-0.117636,-0.756388
6266416,0.644146,0.024429,-0.120832,-0.754903
6274749,0.644959,0.030172,-0.123418,-0.753582
6283082,0.645220,0.035701,-0.126026,-0.752684
6291415,0.645558,0.041152,-0.128474,-0.751702
6299748,0.645947,0.046470,-0.130558,-0.750698
6308081,0.645861,0.051625,-0.132470,-0.750100
6316414,0.645822,0.056604,-0.133897,-0.749521
6324747,0.645692,0.061359,-0.135188,-0.749026
6333080,0.646153,0.065552,-0.135476,-0.748221
6341413,0.645553,0.070308,-0.136681,-0.748088
6349746,0.644938,0.074874,-0.137660,-0.747996
6358079,0.644186,0.079617,-0.139401,-0.747832
6366412,0.643577,0.083287,-0.139059,-0.748021
6374745,0.642873,0.087269,-0.139322,-0.748123
6383078,0.641781,0.091018,-0.139392,-0.748601
6391411,0.639659,0.094438,-0.139628,-0.749948
6399744,0.638009,0.097829,-0.139602,-0.750923
6408077,0.635991,0.101139,-0.139275,-0.752255
6416410,0.633373,0.104210,-0.138534,-0.754180
6424743,0.631384,0.107325,-0.137824,-0.755539
6433076,0.628965,0.110225,-0.136258,-0.757422
6441409,0.626620,0.113066,-0.134839,-0.759198
6449742,0.624507,0.115817,-0.133103,-0.760830
6458075,0.622426,0.118291,-0.131390,-0.762450
6466408,0.620606,0.120574,-0.129111,-0.763963
6474741,0.618138,0.122827,-0.127137,-0.765934
6483074,0.615774,0.124711,-0.124486,-0.767967
6491407,0.613481,0.126486,-0.121628,-0.769967
6499740,0.611236,0.128243,-0.118864,-0.771891
6508073,0.609691,0.129823,-0.115914,-0.773296
6516406,0.607885,0.131783,-0.113553,-0.774735
6524739,0.606796,0.133680,-0.111110,-0.775618
6533072,0.606350,0.135381,-0.109123,-0.775953
6541405,0.606562,0.137126,-0.107187,-0.775751
6549738,0.607211,0.138886,-0.105674,-0.775138
6558071,0.608043,0.140060,-0.103585,-0.774556
6566404,0.609808,0.141534,-0.102439,-0.773051
6574737,0.611471,0.142961,-0.101620,-0.771582
6583070,0.613928,0.144229,-0.101123,-0.769458
6591403,0.616486,0.145379,-0.100996,-0.767209
6599736,0.620056,0.146131,-0.100746,-0.764217
6608069,0.623531,0.146696,-0.100506,-0.761307
6616402,0.627427,0.147172,-0.100204,-0.758047
6624735,0.631220,0.147642,-0.099718,-0.754864
6633068,0.635725,0.147955,-0.099330,-0.751063
6641401,0.641190,0.147868,-0.099031,-0.746460
6649734,0.647296,0.147554,-0.098844,-0.741259
6658067,0.653553,0.147250,-0.099178,-0.735764
6666400,0.660196,0.146791,-0.099507,-0.729857
6674733,0.664871,0.146924,-0.099771,-0.725538
6683066,0.668106,0.147205,-0.099916,-0.722483
6691399,0.670583,0.147388,-0.099988,-0.720137
6699732,0.672324,0.147346,-0.099884,-0.718535
6708065,0.673403,0.146530,-0.099201,-0.717786
6716398,0.672582,0.145895,-0.098738,-0.718748
6724731,0.671827,0.144221,-0.097152,-0.720007
6733064,0.669624,0.142274,-0.095333,-0.722685
6741397,0.667398,0.140016,-0.093246,-0.725452
6749730,0.665107,0.137140,-0.090551,-0.728441
6758063,0.662959,0.134109,-0.087671,-0.731310
6766396,0.660558,0.131027,-0.084838,-0.734369
6774729,0.658004,0.128144,-0.082473,-0.737434
6783062,0.655470,0.125322,-0.080249,-0.740415
6791395,0.653612,0.122369,-0.077744,-0.742814
6799728,0.651873,0.120197,-0.076379,-0.744836
6808061,0.650497,0.117705,-0.074532,-0.746622
6816394,0.649984,0.114781,-0.071934,-0.747778
6824727,0.648450,0.112463,-0.070446,-0.749601
6833060,0.647447,0.109411,-0.068053,-0.751140
6841393,0.646477,0.106045,-0.065359,-0.752695
6849726,0.645141,0.102326,-0.062622,-0.754587
6858059,0.643934,0.098778,-0.060163,-0.756289
6866392,0.643102,0.095678,-0.058002,-0.757563
6874725,0.642605,0.091897,-0.055068,-0.758671
6883058,0.641480,0.088302,-0.052896,-0.760203
6891391,0.642094,0.084016,-0.049076,-0.760427
6899724,0.642057,0.079785,-0.045729,-0.761122
6908057,0.642019,0.075434,-0.042530,-0.761782
6916390,0.643187,0.070877,-0.038819,-0.761432
6924723,0.643843,0.066124,-0.034932,-0.761494
6933056,0.644025,0.061680,-0.031503,-0.761862
6941389,0.643987,0.056719,-0.027475,-0.762436
6949722,0.643632,0.051768,-0.023608,-0.763217
6958055,0.643280,0.046544,-0.019519,-0.763965
6966388,0.642532,0.041284,-0.015492,-0.764989
6974721,0.641901,0.036349,-0.011645,-0.765837
6983054,0.640911,0.031335,-0.007656,-0.766937
6991387,0.639422,0.026362,-0.003929,-0.768394
6999720,0.638913,0.021271,0.000149,-0.768985
7008053,0.637626,0.016623,0.003522,-0.770159
7016386,0.636823,0.011761,0.007176,-0.770887
7024719,0.634481,0.006948,0.010679,-0.772833
7033052,0.632775,0.002153,0.014206,-0.774203
7041385,0.631400,-0.002299,0.017454,-0.775258
7049718,0.629536,-0.007004,0.020955,-0.776657
7058051,0.627550,-0.011883,0.024582,-0.778097
7066384,0.625520,-0.016777,0.028223,-0.779517
7074717,0.623054,-0.021743,0.032050,-0.781219
7083050,0.620533,-0.026637,0.035647,-0.782916
7091383,0.618323,-0.031557,0.039431,-0.784299
7099716,0.615738,-0.036389,0.042921,-0.785939
7108049,0.613405,-0.041278,0.046462,-0.787320
7116382,0.611278,-0.045875,0.049652,-0.788523
7124715,0.609935,-0.050076,0.052589,-0.789117
7133048,0.609051,-0.054010,0.055127,-0.789367
7141381,0.608066,-0.057683,0.057185,-0.789720
7149714,0.606952,-0.061274,0.059028,-0.790171
7158047,0.606643,-0.064530,0.060493,-0.790039
7166380,0.605801,-0.067494,0.061429,-0.790365
7174713,0.603964,-0.070496,0.062110,-0.791455
7183046,0.602342,-0.073494,0.062792,-0.792364
7191379,0.600553,-0.076172,0.062874,-0.793461
7199712,0.597743,-0.079273,0.062804,-0.795283
7208045,0.595025,-0.082281,0.062570,-0.797032
7216378,0.593266,-0.085112,0.062217,-0.798073
7224711,0.591314,-0.088180,0.061770,-0.799222
7233044,0.589247,-0.091108,0.060976,-0.800481
7241377,0.586939,-0.093844,0.059675,-0.801957
7249710,0.585628,-0.096496,0.058156,-0.802712
7258043,0.584122,-0.099191,0.056496,-0.803599
7266376,0.582920,-0.101541,0.054270,-0.804331
7274709,0.581177,-0.103343,0.050987,-0.805577
7283042,0.581405,-0.104907,0.047729,-0.805409
7291375,0.582265,-0.106080,0.043823,-0.804856
7299708,0.583625,-0.106961,0.039455,-0.803980
7308041,0.585546,-0.107125,0.034214,-0.802801
7316374,0.588318,-0.106959,0.028699,-0.801011
7324707,0.590814,-0.106636,0.022505,-0.799413
7333040,0.594014,-0.105451,0.015660,-0.797359
7341373,0.597353,-0.103745,0.008226,-0.795197
7349706,0.600431,-0.101944,0.001070,-0.793151
7358039,0.603069,-0.099556,-0.006421,-0.791426
7366372,0.605216,-0.096559,-0.014508,-0.790051
7374705,0.606168,-0.093049,-0.023175,-0.789535
7383038,0.607080,-0.089099,-0.032192,-0.788973
7391371,0.607375,-0.084601,-0.041648,-0.788799
7399704,0.607351,-0.079752,-0.051462,-0.788743
7408037,0.606957,-0.074473,-0.061610,-0.788835
7416370,0.606488,-0.068675,-0.071703,-0.788869
7424703,0.606077,-0.062503,-0.081513,-0.788746
7433036,0.605731,-0.055787,-0.091349,-0.788437
7441369,0.605656,-0.048976,-0.100392,-0.787847
7449702,0.606063,-0.042425,-0.108384,-0.786855
7458035,0.606603,-0.035913,-0.115870,-0.785695
7466368,0.607362,-0.029697,-0.122523,-0.784358
7474701,0.608426,-0.023774,-0.128036,-0.782853
7483034,0.609049,-0.018162,-0.132912,-0.781706
7491367,0.609765,-0.012550,-0.137250,-0.780507
7499700,0.609844,-0.007033,-0.141388,-0.779776
7508033,0.609961,-0.001272,-0.145222,-0.779010
7516366,0.610167,0.004259,-0.148263,-0.778265
7524699,0.609850,0.009580,-0.151158,-0.777909
7533032,0.609345,0.014482,-0.153416,-0.777787
7541365,0.608249,0.019629,-0.155854,-0.778047
7549698,0.607206,0.024460,-0.157845,-0.778323
7558031,0.605806,0.029072,-0.159816,-0.778854
7566364,0.604240,0.033538,-0.161690,-0.779503
7574697,0.602693,0.037908,-0.163560,-0.780110
7583030,0.601077,0.042077,-0.165285,-0.780780
7591363,0.599393,0.045938,-0.166579,-0.781581
7599696,0.597490,0.049395,-0.167861,-0.782552
7608029,0.595728,0.052783,-0.169086,-0.783410
7616362,0.593805,0.055861,-0.170125,-0.784432
7624695,0.591890,0.058612,-0.170928,-0.785503
7633028,0.590321,0.061184,-0.171394,-0.786386
7641361,0.588609,0.063427,-0.171927,-0.787374
7649694,0.587253,0.065492,-0.172256,-0.788145
7658027,0.585946,0.067494,-0.172447,-0.788907
7666360,0.584906,0.068940,-0.172425,-0.789558
7674693,0.583798,0.070179,-0.172150,-0.790329
7683026,0.582573,0.071213,-0.171763,-0.791224
7691359,0.581713,0.072144,-0.171196,-0.791895
7699692,0.580677,0.072790,-0.170560,-0.792733
7708025,0.579499,0.073277,-0.169693,-0.793735
7716358,0.578845,0.073678,-0.168521,-0.794425
7724691,0.577881,0.073871,-0.167270,-0.795372
7733024,0.576858,0.073855,-0.166007,-0.796380
7741357,0.576004,0.073680,-0.164411,-0.797345
7749690,0.574826,0.073351,-0.162655,-0.798585
7758023,0.573217,0.072709,-0.160498,-0.800235
7766356,0.571560,0.072239,-0.158474,-0.801864
7774689,0.570014,0.071806,-0.156291,-0.803430
7783022,0.568478,0.071196,-0.154199,-0.804976
7791355,0.567163,0.070697,-0.152039,-0.806357
7799688,0.566697,0.070308,-0.149873,-0.807124
7808021,0.566778,0.069903,-0.147570,-0.807527
7816354,0.567359,0.069652,-0.145383,-0.807537
7824687,0.568747,0.069454,-0.143331,-0.806944
7833020,0.571206,0.069343,-0.141543,-0.805532
7841353,0.574055,0.069426,-0.139817,-0.803798
7849686,0.577574,0.069554,-0.138213,-0.801541
7858019,0.581473,0.070177,-0.137084,-0.798857
7866352,0.585458,0.070888,-0.136068,-0.796053
7874685,0.589983,0.071663,-0.135137,-0.792794
7883018,0.593804,0.072611,-0.134113,-0.790024
7891351,0.597867,0.073800,-0.133211,-0.786997
7899684,0.602618,0.074765,-0.131980,-0.783481
7908017,0.607278,0.075828,-0.130757,-0.779978
7916350,0.611180,0.077213,-0.129602,-0.776982
7924683,0.614429,0.078728,-0.128499,-0.774446
7933016,0.617090,0.079921,-0.127062,-0.772442
7941349,0.618728,0.081366,-0.125911,-0.771169
7949682,0.619803,0.082263,-0.124344,-0.770464
7958015,0.620130,0.082977,-0.122767,-0.770378
7966348,0.620660,0.083068,-0.120531,-0.770294
7974681,0.621086,0.082474,-0.117462,-0.770489
7983014,0.621474,0.081624,-0.114154,-0.770764
7991347,0.621457,0.080542,-0.110814,-0.771378
7999680,0.621498,0.078986,-0.106910,-0.772057
8008013,0.621956,0.077275,-0.102796,-0.772420
8016346,0.622284,0.075435,-0.098699,-0.772872
8024679,0.622812,0.073061,-0.094167,-0.773240
8033011,0.623131,0.070446,-0.089461,-0.773784
8041345,0.623369,0.067654,-0.084672,-0.774380
8049678,0.623257,0.064812,-0.080200,-0.775189
8058011,0.622562,0.061478,-0.075273,-0.776512
8066344,0.621792,0.057837,-0.070069,-0.777894
8074676,0.621390,0.053624,-0.064260,-0.779018
8083010,0.619786,0.049689,-0.059341,-0.780945
8091343,0.616947,0.045744,-0.054707,-0.783768
8099676,0.614214,0.041691,-0.050030,-0.786448
8108009,0.611456,0.037130,-0.044735,-0.789140
8116341,0.606853,0.032887,-0.040234,-0.793113
8124675,0.602416,0.028330,-0.035282,-0.796899
8133008,0.598309,0.023885,-0.030444,-0.800331
8141341,0.594891,0.019465,-0.025582,-0.803164
8149674,0.592239,0.015184,-0.020765,-0.805352
8158007,0.589332,0.011325,-0.016566,-0.807642
8166340,0.586351,0.007426,-0.012366,-0.809929
8174673,0.584878,0.003626,-0.008066,-0.811073
8183006,0.583970,-0.000367,-0.003481,-0.811768
8191338,0.581782,-0.004149,0.000391,-0.813334
8199672,0.581540,-0.007295,0.004327,-0.813474
8208005,0.581074,-0.010626,0.008076,-0.813742
8216338,0.580429,-0.013941,0.011901,-0.814105
8224671,0.579562,-0.017441,0.015654,-0.814591
8233003,0.579146,-0.020918,0.019502,-0.814722
8241337,0.578864,-0.024300,0.023132,-0.814733
8249670,0.578550,-0.027611,0.026657,-0.814743
8258003,0.577958,-0.030850,0.030034,-0.814930
8266336,0.577989,-0.033975,0.033347,-0.814655
8274668,0.578094,-0.037250,0.036641,-0.814296
8283002,0.577981,-0.040395,0.039629,-0.814086
8291335,0.577896,-0.043470,0.042462,-0.813845
8299668,0.577644,-0.046334,0.044916,-0.813734
8308001,0.577205,-0.049169,0.047236,-0.813748
8316333,0.576625,-0.052103,0.049479,-0.813843
8324667,0.576126,-0.054934,0.051521,-0.813884
8333000,0.576121,-0.057533,0.053339,-0.813590
8341333,0.576107,-0.059854,0.054677,-0.813344
8349666,0.575464,-0.062283,0.055776,-0.813542
8357998,0.574673,-0.064613,0.056719,-0.813855
8366332,0.573328,-0.066915,0.057512,-0.814561
8374665,0.573010,-0.069370,0.058602,-0.814502
8382998,0.572182,-0.071823,0.059413,-0.814812
8391331,0.571378,-0.074320,0.060337,-0.815084
8399664,0.570278,-0.076801,0.060991,-0.815576
8407997,0.569529,-0.079339,0.061776,-0.815798
8416330,0.568204,-0.081895,0.062352,-0.816425
8424663,0.567874,-0.084493,0.063201,-0.816324
8432996,0.567169,-0.087151,0.063879,-0.816482
8441329,0.566407,-0.089889,0.064483,-0.816667
8449662,0.566566,-0.092595,0.065095,-0.816205
8457995,0.565672,-0.095483,0.065561,-0.816456
8466328,0.564812,-0.098416,0.065943,-0.816672
8474661,0.564572,-0.101262,0.066272,-0.816463
8482994,0.564184,-0.103839,0.065940,-0.816435
8491327,0.563877,-0.106454,0.065521,-0.816344
8499660,0.563867,-0.108871,0.064741,-0.816094
8507993,0.563655,-0.111357,0.063751,-0.815983
8516326,0.563366,-0.113687,0.062366,-0.815968
8524659,0.563523,-0.115702,0.060505,-0.815717
8532992,0.563867,-0.117603,0.058297,-0.815368
8541325,0.564719,-0.119152,0.055637,-0.814739
8549658,0.566477,-0.120455,0.052844,-0.813512
8557991,0.568178,-0.121506,0.049664,-0.812369
8566324,0.569693,-0.122546,0.046127,-0.811360
8574657,0.572072,-0.123174,0.042404,-0.809793
8582990,0.574206,-0.123674,0.038209,-0.808413
8591323,0.576659,-0.123887,0.033844,-0.806828
8599656,0.578660,-0.123787,0.028780,-0.805606
8607989,0.580983,-0.123325,0.023698,-0.804169
8616322,0.582980,-0.122275,0.017777,-0.803036
8624655,0.584536,-0.120398,0.010857,-0.802312
8632988,0.586070,-0.117974,0.003676,-0.801617
8641321,0.587211,-0.114825,-0.004470,-0.801235
8649654,0.588378,-0.110867,-0.012818,-0.800847
8657987,0.589331,-0.106353,-0.021934,-0.800561
8666320,0.590347,-0.101171,-0.031518,-0.800163
8674653,0.591816,-0.094948,-0.041693,-0.799375
8682986,0.593526,-0.087840,-0.052114,-0.798308
8691319,0.595006,-0.080099,-0.062850,-0.797246
8699652,0.596475,-0.071952,-0.073478,-0.796016
8707985,0.597695,-0.063707,-0.083783,-0.794785
8716318,0.599356,-0.055565,-0.093207,-0.793094
8724651,0.601176,-0.047824,-0.101532,-0.791197
8732984,0.602589,-0.040629,-0.109182,-0.789503
8741317,0.603354,-0.033937,-0.116285,-0.788219
8749650,0.603649,-0.027029,-0.123317,-0.787191
8757983,0.603681,-0.020063,-0.130170,-0.786271
8766316,0.603575,-0.013284,-0.136196,-0.785475
8774649,0.603272,-0.006641,-0.141577,-0.784841
8782982,0.603030,0.000047,-0.146591,-0.784134
8791315,0.602555,0.006541,-0.150844,-0.783665
8799648,0.601795,0.012663,-0.154552,-0.783452
8807981,0.600715,0.018382,-0.157595,-0.783561
8816314,0.599266,0.023820,-0.160401,-0.783954
8824647,0.597887,0.029709,-0.162674,-0.784338
8832980,0.596369,0.035046,-0.164375,-0.784918
8841313,0.594596,0.040178,-0.165839,-0.785709
8849646,0.592925,0.044894,-0.166609,-0.786554
8857979,0.591293,0.049337,-0.167022,-0.787427
8866312,0.589263,0.053572,-0.167446,-0.788582
8874645,0.587050,0.057485,-0.167503,-0.789944
8882978,0.584991,0.061053,-0.167254,-0.791255
8891311,0.582910,0.064202,-0.166446,-0.792710
8899644,0.580670,0.067048,-0.165421,-0.794331
8907977,0.578163,0.069700,-0.164179,-0.796188
8916310,0.575775,0.072063,-0.162427,-0.798065
8924643,0.573778,0.074037,-0.160234,-0.799764
8932976,0.571661,0.075742,-0.157999,-0.801563
8941309,0.569606,0.077092,-0.155360,-0.803411
8949642,0.568274,0.078330,-0.152465,-0.804788
8957975,0.567408,0.079075,-0.149350,-0.805910
8966308,0.567082,0.079653,-0.146207,-0.806658
8974641,0.567823,0.080065,-0.143048,-0.806662
8982974,0.569036,0.079969,-0.139428,-0.806450
8991307,0.570680,0.079703,-0.135958,-0.805908
8999640,0.573246,0.079363,-0.132735,-0.804657
9007973,0.576840,0.078761,-0.129644,-0.802648
9016306,0.580966,0.077882,-0.126676,-0.800229
9024639,0.585769,0.076769,-0.124078,-0.797237
9032972,0.591034,0.075545,-0.121675,-0.793831
9041305,0.596418,0.074143,-0.119446,-0.790266
9049638,0.601511,0.072853,-0.117558,-0.786802
9057971,0.605667,0.071996,-0.116080,-0.783907
9066304,0.609459,0.071460,-0.114984,-0.781173
9074637,0.612188,0.071396,-0.114113,-0.779171
9082970,0.614451,0.071619,-0.113629,-0.777438
9091303,0.616423,0.072173,-0.113458,-0.775849
9099636,0.619136,0.072940,-0.113531,-0.773603
9107969,0.622407,0.073953,-0.114002,-0.770808
9116302,0.625442,0.074980,-0.114667,-0.768148
9124635,0.628582,0.076153,-0.115415,-0.765352
9132968,0.631040,0.077546,-0.116111,-0.763082
9141301,0.632570,0.079282,-0.116670,-0.761550
9149634,0.634303,0.080882,-0.116684,-0.759936
9157967,0.635650,0.082266,-0.116237,-0.758730
9166300,0.637160,0.083377,-0.115572,-0.757442
9174633,0.639709,0.084060,-0.114686,-0.755350
9182966,0.642454,0.085073,-0.114177,-0.752980
9191299,0.644988,0.086099,-0.113796,-0.750752
9199632,0.646661,0.087272,-0.113427,-0.749231
9207965,0.647595,0.088508,-0.112915,-0.748356
9216298,0.648296,0.089929,-0.112472,-0.747647
9224631,0.649545,0.091150,-0.111913,-0.746498
9232964,0.651101,0.092080,-0.111207,-0.745132
9241297,0.652683,0.092955,-0.110522,-0.743740
9249630,0.653934,0.093404,-0.109364,-0.742755
9257963,0.655760,0.093826,-0.107965,-0.741295
9266296,0.657414,0.093679,-0.106063,-0.740123
9274629,0.658811,0.092975,-0.103681,-0.739306
9282962,0.658809,0.092166,-0.101530,-0.739708
9291295,0.659331,0.090651,-0.098558,-0.739832
9299628,0.659368,0.088749,-0.095514,-0.740428
9307961,0.659035,0.086435,-0.092059,-0.741436
9316294,0.658456,0.083958,-0.088491,-0.742669
9324627,0.658075,0.081157,-0.084689,-0.743760
9332960,0.657833,0.078237,-0.080843,-0.744715
9341293,0.656615,0.074748,-0.076603,-0.746593
9349626,0.656008,0.071283,-0.072320,-0.747892
9357959,0.656318,0.067887,-0.068017,-0.748339
9366292,0.656521,0.064078,-0.063345,-0.748907
9374625,0.656504,0.059842,-0.058577,-0.749660
9382958,0.655860,0.055398,-0.053743,-0.750926
9391291,0.654721,0.050651,-0.048763,-0.752594
9399624,0.653257,0.045632,-0.043664,-0.754498
9407957,0.652237,0.040735,-0.038497,-0.755940
9416290,0.650261,0.035359,-0.033260,-0.758158
9424623,0.647753,0.030103,-0.028314,-0.760729
9432956,0.645307,0.024778,-0.023341,-0.763164
9441289,0.643113,0.019343,-0.018117,-0.765313
9449622,0.640962,0.014028,-0.013100,-0.767333
9457955,0.639015,0.008785,-0.008231,-0.769100
9466288,0.637014,0.003708,-0.003436,-0.770835
9474621,0.636329,-0.001064,0.001195,-0.771416
9482954,0.634742,-0.006006,0.005745,-0.772679
9491287,0.632965,-0.010890,0.010125,-0.774037
9499620,0.631068,-0.015882,0.014497,-0.775429
9507953,0.629517,-0.020654,0.018855,-0.776483
9516286,0.628456,-0.025233,0.023030,-0.777095
9524619,0.627160,-0.029669,0.026892,-0.777860
9532952,0.625874,-0.033975,0.030580,-0.778583
9541285,0.624855,-0.038165,0.034142,-0.779059
9549618,0.624015,-0.042237,0.037538,-0.779367
9557951,0.623076,-0.045894,0.040259,-0.779776
9566284,0.622748,-0.049291,0.042686,-0.779701
9574617,0.622955,-0.052486,0.044951,-0.779200
9582950,0.623074,-0.055559,0.046828,-0.778780
9591283,0.622958,-0.058579,0.048509,-0.778549
9599616,0.622478,-0.061335,0.049729,-0.778644
9607949,0.621894,-0.064062,0.050672,-0.778830
9616282,0.621660,-0.066701,0.051520,-0.778740
9624615,0.621111,-0.069370,0.052116,-0.778905
9632948,0.620370,-0.071984,0.052542,-0.779230
9641281,0.620101,-0.074819,0.053118,-0.779137
9649614,0.619918,-0.077651,0.053537,-0.778977
9657947,0.619869,-0.080404,0.053794,-0.778719
9666280,0.620128,-0.083254,0.054230,-0.778183
9674613,0.620285,-0.086185,0.054512,-0.777719
9682946,0.620388,-0.088884,0.054399,-0.777341
9691279,0.620516,-0.091635,0.054158,-0.776936
9699612,0.620593,-0.094268,0.053631,-0.776596
9707945,0.621156,-0.096790,0.053054,-0.775875
9716278,0.621648,-0.099175,0.052119,-0.775243
9724611,0.622461,-0.101379,0.050973,-0.774381
9732944,0.622938,-0.103491,0.049456,-0.773817
9741277,0.623819,-0.105421,0.047750,-0.772953
9749610,0.625036,-0.107060,0.045734,-0.771866
9757943,0.626411,-0.108377,0.043263,-0.770708
9766276,0.627935,-0.109523,0.040421,-0.769460
9774609,0.630026,-0.110328,0.037385,-0.767787
9782942,0.632984,-0.110830,0.034285,-0.765424
9791275,0.635468,-0.110727,0.030387,-0.763542
9799608,0.638404,-0.109939,0.025930,-0.761368
9807941,0.640883,-0.108757,0.020791,-0.759611
9816274,0.643372,-0.106944,0.014999,-0.757899
9824607,0.645484,-0.104386,0.008314,-0.756561
9832940,0.647391,-0.101199,0.000904,-0.755409
9841273,0.649150,-0.097431,-0.007111,-0.754361
9849606,0.650677,-0.092590,-0.016024,-0.753519
9857939,0.651029,-0.087258,-0.025927,-0.753575
9866272,0.651851,-0.081149,-0.036188,-0.753124
9874605,0.652923,-0.074247,-0.046799,-0.752322
9882938,0.653473,-0.066948,-0.057772,-0.751767
9891271,0.653820,-0.059174,-0.068815,-0.751187
9899604,0.654013,-0.051072,-0.079692,-0.750539
9907937,0.653949,-0.042830,-0.090166,-0.749924
9916270,0.653764,-0.034620,-0.099861,-0.749281
9924603,0.653464,-0.026737,-0.108600,-0.748650
9932936,0.653368,-0.019630,-0.116225,-0.747808
9941269,0.653267,-0.012901,-0.122966,-0.746964
9949602,0.652546,-0.006491,-0.128988,-0.746661
9957935,0.651741,-0.000421,-0.134456,-0.746428
9966268,0.650880,0.005930,-0.139329,-0.746263
9974601,0.649875,0.012168,-0.143567,-0.746259
9982934,0.648843,0.018128,-0.147146,-0.746340
9991267,0.647659,0.023786,-0.149961,-0.746648
9999600,0.646131,0.028996,-0.152197,-0.747335
10007933,0.644484,0.033986,-0.153714,-0.748236
10016266,0.642711,0.038851,-0.154855,-0.749289
10024599,0.640449,0.043183,-0.155644,-0.750823
10032932,0.638318,0.047344,-0.155880,-0.752337
10041265,0.635892,0.051167,-0.155793,-0.754156
10049598,0.633358,0.054851,-0.155304,-0.756128
10057931,0.630754,0.058150,-0.154410,-0.758239
10066264,0.627701,0.061109,-0.153485,-0.760723
10074597,0.624880,0.063735,-0.152169,-0.763090
10082930,0.622149,0.066333,-0.150751,-0.765379
10091263,0.618898,0.068242,-0.148957,-0.768193
10099596,0.615961,0.069976,-0.146627,-0.770841
10107929,0.612864,0.071569,-0.144098,-0.773635
10116262,0.609864,0.072946,-0.141331,-0.776383
10124595,0.606679,0.073777,-0.138210,-0.779356
10132928,0.604174,0.074580,-0.134559,-0.781860
10141261,0.601759,0.075163,-0.130750,-0.784309
10149594,0.599587,0.075682,-0.126716,-0.786582
10157927,0.597769,0.076077,-0.122579,-0.788580
10166260,0.596377,0.076078,-0.118144,-0.790309
10174593,0.595418,0.075745,-0.113394,-0.791759
10182926,0.594807,0.075336,-0.108788,-0.792903
10191259,0.595073,0.074799,-0.104332,-0.793353
10199592,0.595224,0.073916,-0.099833,-0.793901
10207925,0.595126,0.072821,-0.095420,-0.794618
10216258,0.595319,0.071644,-0.091061,-0.795091
10224591,0.595055,0.070672,-0.086747,-0.795858
10232924,0.594746,0.069988,-0.082542,-0.796596
10241257,0.593775,0.069484,-0.078961,-0.797727
10249590,0.593947,0.068847,-0.075790,-0.797962
10257923,0.594666,0.068742,-0.073836,-0.797618
10266256,0.595309,0.069082,-0.072779,-0.797207
10274589,0.597046,0.069411,-0.072151,-0.795935
10282922,0.597887,0.070344,-0.072615,-0.795179
10291255,0.598995,0.071412,-0.073395,-0.794178
10299588,0.600561,0.072398,-0.073854,-0.792863
10307921,0.601379,0.073953,-0.074760,-0.792014
10316254,0.601635,0.075627,-0.075801,-0.791562
10324587,0.602695,0.077737,-0.077171,-0.790418
10332920,0.604075,0.080699,-0.079399,-0.788846
10341253,0.605531,0.083881,-0.081660,-0.787165
10349586,0.607641,0.086571,-0.083646,-0.785036
10357919,0.610310,0.088992,-0.085180,-0.782526
10366252,0.612123,0.091035,-0.086290,-0.780751
10374585,0.614185,0.092716,-0.086714,-0.778885
10382918,0.616085,0.093806,-0.086328,-0.777295
10391251,0.617698,0.094582,-0.085555,-0.776005
10399584,0.618685,0.094998,-0.084542,-0.775278
10407917,0.619059,0.095256,-0.083529,-0.775059
10416250,0.619025,0.095438,-0.082522,-0.775171
10424583,0.618371,0.095478,-0.081762,-0.775768
10432916,0.617121,0.095445,-0.081292,-0.776817
10441249,0.615416,0.095093,-0.080633,-0.778279
10449582,0.613345,0.094581,-0.079977,-0.780042
10457915,0.610882,0.093923,-0.079381,-0.782112
10466248,0.608029,0.092864,-0.078446,-0.784553
10474581,0.605058,0.091579,-0.077307,-0.787110
10482914,0.602521,0.090059,-0.075688,-0.789385
10491247,0.599363,0.088114,-0.073726,-0.792190
10499580,0.596318,0.086011,-0.071522,-0.794916
10507913,0.593428,0.083835,-0.069288,-0.797505
10516246,0.591144,0.081373,-0.066688,-0.799675
10524579,0.588014,0.078741,-0.064232,-0.802442
10532912,0.585142,0.076033,-0.061651,-0.805001
10541245,0.582749,0.073349,-0.059009,-0.807181
10549578,0.580814,0.070429,-0.056027,-0.809047
10557911,0.578677,0.067349,-0.052967,-0.811044
10566244,0.576560,0.064212,-0.049862,-0.813000
10574577,0.574850,0.060953,-0.046569,-0.814655
10582910,0.572832,0.057309,-0.043087,-0.816531
10591243,0.570972,0.053966,-0.039793,-0.818227
10599576,0.568933,0.050451,-0.036511,-0.820022
10607909,0.567306,0.046854,-0.032918,-0.821514
10616242,0.565547,0.043148,-0.029369,-0.823062
10624575,0.564040,0.039605,-0.025955,-0.824389
10632908,0.561567,0.036120,-0.022785,-0.826328
10641241,0.559964,0.032615,-0.019445,-0.827646
10649574,0.558499,0.028991,-0.016005,-0.828844
10657907,0.557153,0.025466,-0.012689,-0.829922
10666240,0.556135,0.021944,-0.009314,-0.830750
10674573,0.554879,0.018378,-0.005880,-0.831708
10682906,0.553252,0.014564,-0.002249,-0.832884
10691239,0.551682,0.010774,0.001368,-0.833984
10699572,0.550192,0.006787,0.005135,-0.834995
10707905,0.548645,0.002726,0.008982,-0.836003
10716238,0.547117,-0.001374,0.012924,-0.836955
10724571,0.545692,-0.005738,0.017098,-0.837792
10732904,0.543895,-0.010109,0.021111,-0.838827
10741237,0.541944,-0.014614,0.025356,-0.839905
10749570,0.539975,-0.019026,0.029320,-0.840955
10757903,0.538353,-0.023517,0.033341,-0.841731
10766236,0.536998,-0.027806,0.037072,-0.842310
10774569,0.535536,-0.032035,0.040684,-0.842923
10782902,0.534316,-0.036107,0.043916,-0.843371
10791235,0.532962,-0.040100,0.046813,-0.843891
10799568,0.531728,-0.043931,0.049574,-0.844321
10807901,0.530665,-0.047686,0.052230,-0.844626
10816234,0.529785,-0.051344,0.054475,-0.844822
10824567,0.528667,-0.054861,0.056459,-0.845171
10832900,0.527145,-0.058187,0.057758,-0.845811
10841233,0.526106,-0.061113,0.058382,-0.846208
10849566,0.524838,-0.063904,0.058478,-0.846783
10857899,0.522683,-0.066612,0.057946,-0.847943
10866232,0.521325,-0.069353,0.057539,-0.848587
10874565,0.521273,-0.072011,0.057534,-0.848397
10882898,0.520957,-0.074269,0.056608,-0.848460
10891231,0.519455,-0.076310,0.054678,-0.849326
10899564,0.518424,-0.078164,0.052519,-0.849923
10907897,0.517810,-0.079648,0.049896,-0.850317
10916230,0.517470,-0.080596,0.046607,-0.850621
10924563,0.517269,-0.081121,0.042664,-0.850901
10932896,0.517522,-0.081347,0.038393,-0.850929
10941229,0.518844,-0.081011,0.033916,-0.850346
10949562,0.520623,-0.080384,0.029297,-0.849489
10957895,0.521064,-0.079396,0.023520,-0.849491
10966228,0.520809,-0.078364,0.017396,-0.849891
10974561,0.520443,-0.076984,0.010864,-0.850350
10982894,0.519083,-0.075317,0.003654,-0.851391
10991227,0.516969,-0.073530,-0.004129,-0.852830
10999560,0.514854,-0.071698,-0.011768,-0.854193
11007893,0.512348,-0.069364,-0.019989,-0.855739
11016226,0.509082,-0.066527,-0.028955,-0.857654
11024559,0.505477,-0.063565,-0.038074,-0.859653
11032892,0.501700,-0.060206,-0.047521,-0.861635
11041225,0.497191,-0.056876,-0.056821,-0.863908
11049558,0.492294,-0.053565,-0.065990,-0.866270
11057891,0.487268,-0.049979,-0.074783,-0.868608
11066224,0.481807,-0.046420,-0.083030,-0.871099
11074557,0.476314,-0.042824,-0.090648,-0.873541
11082890,0.470772,-0.039594,-0.097344,-0.875974
11091223,0.464794,-0.036454,-0.103397,-0.878605
11099556,0.457973,-0.033532,-0.108992,-0.881622
11107889,0.450723,-0.030737,-0.114013,-0.884819
11116222,0.443305,-0.028102,-0.118104,-0.888111
11124555,0.435647,-0.025474,-0.121658,-0.891494
11132888,0.427862,-0.022813,-0.124730,-0.894906
11141221,0.420062,-0.020183,-0.127297,-0.898296
11149554,0.412364,-0.017755,-0.129001,-0.901665
11157887,0.404432,-0.015315,-0.130141,-0.905132
11166220,0.396232,-0.012906,-0.131040,-0.908660
11174553,0.388020,-0.010353,-0.131477,-0.912166
11182886,0.379779,-0.007873,-0.131478,-0.915652
11191219,0.371688,-0.005317,-0.131119,-0.919036
11199552,0.363271,-0.002940,-0.130220,-0.922534
11207885,0.354527,-0.000545,-0.129029,-0.926100
11216218,0.345479,0.001912,-0.127806,-0.929681
11224551,0.336510,0.004524,-0.126419,-0.933145
11232884,0.327088,0.006977,-0.124209,-0.936770
11241217,0.316822,0.009351,-0.121270,-0.940654
11249550,0.306130,0.011908,-0.118522,-0.944508
11257883,0.295370,0.014601,-0.115574,-0.948254
11266216,0.284164,0.016917,-0.111564,-0.952112
11274549,0.272706,0.019494,-0.107748,-0.955846
11282882,0.261166,0.022086,-0.103493,-0.959476
11291215,0.249815,0.024727,-0.098915,-0.962911
11299548,0.238722,0.027466,-0.094344,-0.966104
11307881,0.227879,0.030192,-0.089715,-0.969077
11316214,0.217694,0.032753,-0.085387,-0.971723
11324547,0.207847,0.035339,-0.081198,-0.974145
11332880,0.198094,0.037844,-0.077014,-0.976420
11341213,0.188932,0.040171,-0.073101,-0.978441
11349546,0.180761,0.042326,-0.069678,-0.980142
11357879,0.173779,0.044176,-0.066365,-0.981552
11366212,0.168873,0.045768,-0.064171,-0.982481
11374545,0.165352,0.046886,-0.062513,-0.983134
11382878,0.163675,0.047515,-0.060965,-0.983482
11391211,0.163227,0.047822,-0.059823,-0.983611
11399544,0.163452,0.047935,-0.058804,-0.983630
11407877,0.163932,0.047932,-0.057590,-0.983622
11416210,0.165041,0.047756,-0.056357,-0.983516
11424543,0.166678,0.047360,-0.055203,-0.983325
11432876,0.168554,0.047182,-0.054663,-0.983044
11441209,0.170068,0.047202,-0.054821,-0.982773
11449542,0.171377,0.047366,-0.055707,-0.982488
11457875,0.173023,0.047667,-0.057002,-0.982111
11466208,0.175084,0.048100,-0.058418,-0.981641
11474541,0.177532,0.048645,-0.059749,-0.981094
11482874,0.179859,0.049206,-0.061181,-0.980554
11491207,0.182022,0.049768,-0.062473,-0.980045
11499540,0.183863,0.050333,-0.063939,-0.979578
11507873,0.185191,0.050757,-0.065107,-0.979229
11516206,0.185348,0.051033,-0.066117,-0.979117
11524539,0.184257,0.051159,-0.066975,-0.979258
11532872,0.182327,0.051079,-0.067562,-0.979583
11541205,0.180255,0.051022,-0.068380,-0.979913
11549538,0.177252,0.050751,-0.068757,-0.980448
11557871,0.173880,0.050419,-0.069223,-0.981036
11566204,0.170071,0.050084,-0.069964,-0.981668
11574537,0.166423,0.049521,-0.070419,-0.982289
11582870,0.162302,0.048833,-0.071115,-0.982963
11591203,0.158165,0.048154,-0.071924,-0.983612
11599536,0.154266,0.047575,-0.072829,-0.984192
11607869,0.150072,0.046772,-0.073562,-0.984825
11616202,0.146383,0.045735,-0.073732,-0.985415
11624535,0.142246,0.044613,-0.073803,-0.986067
11632868,0.138179,0.043409,-0.073715,-0.986706
11641201,0.134125,0.042111,-0.073367,-0.987347
11649534,0.130239,0.040806,-0.073077,-0.987944
11657867,0.126153,0.039352,-0.072244,-0.988594
11666200,0.122259,0.037838,-0.071564,-0.989191
11674533,0.118518,0.036236,-0.070512,-0.989782
11682866,0.115459,0.034621,-0.069145,-0.990298
11691199,0.113157,0.033108,-0.068440,-0.990664
11699532,0.109622,0.031439,-0.067041,-0.991211
11707865,0.105596,0.029570,-0.065691,-0.991796
11716198,0.101846,0.027744,-0.064471,-0.992321
11724531,0.098323,0.025997,-0.063422,-0.992791
11732864,0.094888,0.024334,-0.062079,-0.993252
11741197,0.091429,0.022608,-0.060941,-0.993688
11749530,0.087668,0.020885,-0.059808,-0.994133
11757863,0.084074,0.019226,-0.058692,-0.994544
11766196,0.080803,0.017616,-0.057936,-0.994889
11774529,0.077600,0.015992,-0.057208,-0.995213
11782862,0.073845,0.014199,-0.056582,-0.995562
11791195,0.070147,0.012497,-0.055821,-0.995895
11799528,0.066227,0.010673,-0.055108,-0.996224
11807861,0.061985,0.008722,-0.054764,-0.996535
11816194,0.057420,0.006735,-0.054560,-0.996835
11824527,0.052823,0.004741,-0.054524,-0.997103
11832860,0.048201,0.002654,-0.054612,-0.997340
11841193,0.042977,0.000483,-0.054931,-0.997565
11849526,0.037216,-0.001767,-0.055359,-0.997771
11857859,0.031799,-0.003999,-0.055880,-0.997923
11866192,0.026615,-0.006220,-0.056582,-0.998024
11874525,0.020679,-0.008531,-0.057272,-0.998108
11882858,0.014823,-0.011013,-0.058162,-0.998136
11891191,0.008540,-0.013590,-0.058873,-0.998136
11899524,0.002899,-0.016071,-0.059914,-0.998070
11907857,-0.002629,-0.018640,-0.060720,-0.997977
11916190,-0.008112,-0.021180,-0.061761,-0.997833
11924523,-0.013338,-0.023706,-0.062503,-0.997674
11932856,-0.018562,-0.026393,-0.063620,-0.997452
11941189,-0.023314,-0.029144,-0.064795,-0.997200
11949522,-0.027748,-0.032003,-0.066039,-0.996918
11957855,-0.032159,-0.034958,-0.067367,-0.996597
11966188,-0.036506,-0.037955,-0.069048,-0.996222
11974521,-0.041038,-0.041110,-0.071087,-0.995777
11982854,-0.045103,-0.044294,-0.073176,-0.995314
11991187,-0.048467,-0.047678,-0.075074,-0.994858
11999520,-0.053420,-0.051252,-0.078262,-0.994180
12007853,-0.055456,-0.054686,-0.080291,-0.993724
12016186,-0.057729,-0.058280,-0.082864,-0.993179
12024519,-0.062090,-0.061952,-0.085743,-0.992449
12032852,-0.064841,-0.065768,-0.088118,-0.991819
12041185,-0.067652,-0.069594,-0.090086,-0.991193
12049518,-0.070508,-0.073485,-0.091910,-0.990546
12057851,-0.073296,-0.077430,-0.093462,-0.989898
12066184,-0.076923,-0.081699,-0.095382,-0.989096
12074517,-0.081133,-0.086186,-0.097741,-0.988148
12082850,-0.085256,-0.090720,-0.099763,-0.987192
12091183,-0.090400,-0.095382,-0.101443,-0.986123
12099516,-0.096254,-0.100000,-0.102435,-0.985009
12107849,-0.102966,-0.104505,-0.103134,-0.983789
12116182,-0.110076,-0.108763,-0.103232,-0.982546
12124515,-0.119235,-0.112796,-0.102897,-0.981057
12132848,-0.129840,-0.116356,-0.102235,-0.979363
12141181,0.142966,0.119494,0.101747,0.977205
12149514,0.157666,0.121997,0.101458,0.974661
12157847,0.174976,0.124212,0.101972,0.971368
12166180,0.194153,0.125856,0.103300,0.967364
12174513,0.214354,0.127230,0.105323,0.962690
12182846,0.234523,0.128702,0.107787,0.957505
12191179,0.254350,0.130122,0.110213,0.951960
12199512,0.272568,0.131266,0.112198,0.946513
12207845,0.291274,0.132622,0.114548,0.940452
12216178,0.308308,0.134090,0.116638,0.934538
12224511,-0.324704,-0.135637,-0.118596,-0.928496
12232844,-0.340468,-0.137209,-0.120535,-0.922348
12241177,-0.355238,-0.139161,-0.122371,-0.916223
12249510,-0.368149,-0.141355,-0.123468,-0.910626
12257843,-0.379719,-0.143761,-0.124223,-0.905381
12266176,-0.389762,-0.146446,-0.124763,-0.900596
12274509,-0.399622,-0.149584,-0.125034,-0.895708
12282842,-0.407711,-0.152930,-0.124819,-0.891518
12291175,-0.415638,-0.156562,-0.124477,-0.887265
12299508,-0.423708,-0.160578,-0.124326,-0.882740
12307841,-0.429849,-0.164340,-0.123247,-0.879223
12316174,-0.436122,-0.168077,-0.121886,-0.875609
12324507,-0.442417,-0.172104,-0.120424,-0.871864
12332840,-0.447384,-0.175771,-0.118211,-0.868895
12341173,-0.449528,-0.179406,-0.115629,-0.867392
12349506,-0.456617,-0.183388,-0.113437,-0.863135
12357839,-0.462806,-0.187310,-0.111042,-0.859299
12366172,-0.468491,-0.191250,-0.108526,-0.855665
12374505,-0.474315,-0.195167,-0.105685,-0.851919
12382838,-0.480422,-0.198846,-0.102871,-0.847982
12391171,-0.486803,-0.202600,-0.100110,-0.843774
12399504,-0.493143,-0.206372,-0.097570,-0.839465
12407837,-0.496738,-0.209943,-0.094445,-0.836813
12416170,-0.505662,-0.213853,-0.091833,-0.830746
12424503,-0.509281,-0.217186,-0.089098,-0.827964
12432836,-0.518814,-0.221306,-0.087133,-0.821136
12441169,-0.526516,-0.225094,-0.085249,-0.815381
12449502,-0.533220,-0.228866,-0.083594,-0.810129
12457835,-0.539565,-0.231980,-0.081730,-0.805218
12466168,-0.545377,-0.234815,-0.079940,-0.800647
12474501,-0.551968,-0.237962,-0.078566,-0.795319
12482834,-0.559146,-0.240358,-0.077118,-0.789707
12491167,-0.565108,-0.242879,-0.076043,-0.784780
12499500,-0.571471,-0.245082,-0.074939,-0.779577
12507833,-0.577758,-0.246799,-0.073857,-0.774487
12516166,-0.583639,-0.248265,-0.072964,-0.769680
12524499,-0.589696,-0.249636,-0.072164,-0.764679
12532832,-0.596248,-0.250329,-0.070872,-0.759474
12541165,-0.602806,-0.250910,-0.070105,-0.754158
12549498,-0.609436,-0.251240,-0.069453,-0.748760
12557831,-0.616658,-0.251659,-0.069081,-0.742717
12566164,-0.623456,-0.252547,-0.069508,-0.736676
12574497,-0.629629,-0.254275,-0.070719,-0.730692
12582830,-0.635688,-0.255873,-0.071892,-0.724749
12591163,-0.641658,-0.258416,-0.073600,-0.718386
12599496,-0.646577,-0.262067,-0.076689,-0.712304
12607829,-0.650392,-0.266539,-0.081031,-0.706669
12616162,-0.653190,-0.272039,-0.086613,-0.701311
12624495,-0.655330,-0.278109,-0.093114,-0.696080
12632828,-0.656789,-0.284444,-0.100001,-0.691173
12641161,-0.657638,-0.290629,-0.106788,-0.686763
12649494,-0.658192,-0.296740,-0.113440,-0.682539
12657827,-0.658566,-0.302289,-0.119624,-0.678676
12666160,-0.659239,-0.307454,-0.125400,-0.674648
12674493,-0.659800,-0.312261,-0.130911,-0.670835
12682826,-0.660393,-0.316812,-0.136068,-0.667080
12691159,-0.660548,-0.321147,-0.141131,-0.663795
12699492,-0.660892,-0.325684,-0.146001,-0.660178
12707825,-0.660712,-0.330136,-0.150846,-0.657050
12716158,-0.659803,-0.334298,-0.155566,-0.654755
12724491,-0.658367,-0.338461,-0.160298,-0.652918
12732824,0.656555,0.342673,0.165052,0.651359
12741157,0.654422,0.346710,0.169723,0.650168
12749490,0.652381,0.350673,0.174258,0.648893
12757823,0.650886,0.355031,0.178547,0.646855
12766156,0.649539,0.359264,0.182708,0.644707
12774489,0.648506,0.363635,0.186844,0.642105
12782822,0.647895,0.368164,0.190905,0.638939
12791155,0.647604,0.372737,0.194767,0.635407
12799488,0.647560,0.377581,0.198566,0.631403
12807821,0.647772,0.382668,0.202254,0.626937
12816154,0.647531,0.387535,0.206124,0.622923
12824487,0.647013,0.392490,0.210005,0.619050
12832820,0.646560,0.397397,0.213780,0.615089
12841153,0.645915,0.402196,0.217544,0.611316
12849486,0.645453,0.407082,0.221361,0.607186
12857819,0.644802,0.411818,0.225095,0.603299
12866152,0.643740,0.416417,0.228701,0.599909
12874485,0.642465,0.421092,0.232316,0.596616
12882818,0.641069,0.425778,0.235857,0.593393
12891151,0.640069,0.430754,0.239395,0.589451
12899484,0.638793,0.435686,0.243050,0.585704
12907817,0.637248,0.440815,0.246796,0.581969
12916150,0.635327,0.446198,0.250679,0.578297
12924483,0.633159,0.451736,0.254672,0.574619
12932816,0.630557,0.457319,0.258888,0.571169
12941149,0.627676,0.462964,0.263246,0.567793
12949482,0.625429,0.468951,0.267138,0.563525
12957815,0.623088,0.475276,0.271049,0.558933
12966148,0.620614,0.481468,0.275031,0.554423
12974481,0.617492,0.487528,0.279540,0.550344
12982814,0.614286,0.493901,0.283935,0.545982
12991147,0.611063,0.500244,0.288515,0.541402
12999480,0.607866,0.506911,0.292861,0.536444
13007813,0.604432,0.513786,0.297200,0.531374
13016146,0.600682,0.520730,0.301615,0.526355
13024479,0.596725,0.528337,0.305968,0.520733
13032812,0.592508,0.535998,0.310345,0.515099
13041145,0.587985,0.543767,0.314847,0.509374
13049478,0.583163,0.551674,0.319346,0.503581
13057811,0.578054,0.559779,0.323923,0.497569
13066144,0.572587,0.568221,0.328656,0.491177
13074477,0.567054,0.576959,0.333222,0.484284
13082810,0.561612,0.585655,0.337689,0.477039
13091143,0.556247,0.594287,0.342001,0.469518
13099476,0.550623,0.602816,0.346333,0.462039
13107809,0.544776,0.611175,0.350417,0.454854
13116142,0.538963,0.619350,0.354092,0.447820
13124475,0.533178,0.627168,0.357471,0.441130
13132808,0.528007,0.633704,0.360480,0.435525
13141141,0.523627,0.638580,0.363158,0.431448
13149474,0.520294,0.642148,0.365260,0.428398
13157807,0.517988,0.644314,0.367138,0.426330
13166140,0.516497,0.645277,0.368509,0.425499
13174473,0.515892,0.644976,0.369591,0.425751
13182806,0.516316,0.643275,0.370624,0.426911
13191139,0.517470,0.640645,0.371568,0.428645
13199472,0.519249,0.637402,0.372236,0.430743
13207805,0.521395,0.633703,0.372654,0.433240
13216138,0.523678,0.629923,0.372828,0.435840
13224471,0.525937,0.625908,0.372917,0.438820
13232804,0.528049,0.622151,0.372831,0.441690
13241137,0.530122,0.618577,0.372551,0.444453
13249470,0.532021,0.615248,0.372317,0.446994
13257803,0.533947,0.612186,0.372060,0.449110
13266136,0.535496,0.609425,0.371901,0.451149
13274469,0.536797,0.607259,0.371865,0.452550
13282802,0.537879,0.605537,0.372013,0.453451
13291135,0.538759,0.604227,0.372335,0.453888
13299468,0.539567,0.603381,0.372750,0.453714
13307801,0.540090,0.602869,0.373261,0.453352
13316134,0.540425,0.602704,0.373648,0.452852
13324467,0.540704,0.602989,0.373972,0.451871
13332800,0.540757,0.603406,0.374565,0.450759
13341133,0.540767,0.604118,0.375207,0.449258
13349466,0.540685,0.604853,0.375855,0.447823
13357799,0.540414,0.605777,0.376485,0.446370
13366132,0.540059,0.606846,0.377168,0.444768
13374465,0.539645,0.608029,0.377791,0.443122
13382798,0.538944,0.609268,0.378535,0.441636
13391131,0.538234,0.610432,0.379251,0.440280
13399464,0.537450,0.611687,0.379987,0.438858
13407797,0.536708,0.612895,0.380698,0.437462
13416130,0.535840,0.614089,0.381486,0.436164
13424463,0.534910,0.615311,0.382179,0.434973
13432796,0.534041,0.616398,0.382863,0.433900
13441129,0.533049,0.617277,0.383713,0.433119
13449462,0.532020,0.618025,0.384475,0.432642
13457795,0.531062,0.618668,0.385094,0.432350
13466128,0.530248,0.619141,0.385556,0.432259
13474461,0.529444,0.619427,0.385977,0.432458
13482794,0.528694,0.619583,0.386318,0.432849
13491127,0.527956,0.619666,0.386633,0.433349
13499460,0.527293,0.619627,0.386873,0.433996
13507793,0.526633,0.619477,0.387148,0.434767
13516126,0.525983,0.619300,0.387384,0.435595
13524459,0.525470,0.619128,0.387620,0.436249
13532792,0.525024,0.618971,0.387909,0.436751
13541125,0.524768,0.618687,0.388183,0.437218
13549458,0.524573,0.618325,0.388406,0.437764
13557791,0.524444,0.617937,0.388588,0.438307
13566124,0.524350,0.617575,0.388651,0.438873
13574457,0.524389,0.617253,0.388619,0.439307
13582790,0.524620,0.616900,0.388422,0.439701
13591123,0.524837,0.616602,0.388232,0.440028
13599456,0.525107,0.616247,0.388067,0.440348
13607789,0.525372,0.615916,0.387877,0.440662
13616122,0.525557,0.615607,0.387751,0.440985
13624455,0.525716,0.615289,0.387606,0.441366
13632788,0.525824,0.615027,0.387528,0.441671
13641121,0.525737,0.614823,0.387514,0.442070
13649454,0.525672,0.614586,0.387526,0.442466
13657787,0.525597,0.614376,0.387561,0.442816
13666120,0.525436,0.614195,0.387601,0.443224
13674453,0.525260,0.614029,0.387659,0.443610
13682786,0.525072,0.613905,0.387714,0.443956
13691119,0.524851,0.613811,0.387805,0.444268
13699452,0.524595,0.613783,0.387959,0.444475
13707785,0.524342,0.613782,0.388112,0.444642
13716118,0.524092,0.613865,0.388253,0.444699
13724451,0.523835,0.613982,0.388389,0.444722
13732784,0.523566,0.614133,0.388532,0.444705
13741117,0.523226,0.614256,0.388775,0.444722
13749450,0.522957,0.614352,0.389003,0.444707
13757783,0.522769,0.614476,0.389132,0.444644
13766116,0.522702,0.614629,0.389210,0.444443
13774449,0.522512,0.614750,0.389440,0.444298
13782782,0.522403,0.614778,0.389623,0.444227
13791115,0.522323,0.614804,0.389821,0.444111
13799448,0.522331,0.614831,0.389957,0.443943
13807781,0.522322,0.614835,0.390178,0.443755
13816114,0.522307,0.614842,0.390250,0.443700
13824447,0.522424,0.614880,0.390335,0.443435
13832780,0.522696,0.614970,0.390343,0.442982
13841113,0.522834,0.615014,0.390526,0.442597
13849446,0.522997,0.615087,0.390656,0.442188
13857779,0.523167,0.615108,0.390597,0.442010
13866112,0.523572,0.615199,0.390493,0.441494
13874445,0.524028,0.615194,0.390638,0.440832
13882778,0.524573,0.615173,0.390660,0.440193
13891111,0.525105,0.615128,0.390682,0.439603
13899444,0.525691,0.615168,0.390651,0.438872
13907777,0.526343,0.615132,0.390550,0.438231
13916110,0.527073,0.615172,0.390301,0.437519
13924443,0.527776,0.615175,0.390015,0.436922
13932776,0.528461,0.615166,0.389713,0.436375
13941109,0.529103,0.615205,0.389471,0.435758
13949442,0.529882,0.615302,0.389029,0.435069
13957775,0.530558,0.615249,0.388721,0.434595
13966108,0.531269,0.615098,0.388369,0.434254
13974441,0.531969,0.614908,0.388063,0.433941
13982774,0.532557,0.614765,0.387697,0.433748
13991107,0.533191,0.614701,0.387198,0.433506
13999440,0.533745,0.614652,0.386773,0.433274
14007773,0.534279,0.614588,0.386356,0.433079
14016106,0.534659,0.614560,0.386006,0.432962
14024439,0.535082,0.614464,0.385651,0.432891
14032772,0.535530,0.614364,0.385298,0.432794
14041105,0.535946,0.614219,0.384905,0.432833
14049438,0.536449,0.614193,0.384496,0.432611
14057771,0.536982,0.614173,0.384054,0.432371
14066104,0.537389,0.614168,0.383714,0.432174
14074437,0.537703,0.614104,0.383476,0.432085
14082770,0.538150,0.614091,0.383099,0.431882
14091103,0.538492,0.614104,0.382771,0.431728
14099436,0.539006,0.614191,0.382303,0.431378
14107769,0.539330,0.614290,0.381980,0.431116
14116102,0.539672,0.614351,0.381608,0.430932
14124435,0.539946,0.614491,0.381304,0.430658
14132768,0.540198,0.614537,0.381078,0.430478
14141101,0.540393,0.614603,0.380848,0.430342
14149434,0.540669,0.614709,0.380553,0.430103
14157767,0.540895,0.614852,0.380265,0.429869
14166100,0.541060,0.614976,0.380012,0.429709
14174433,0.541174,0.615145,0.379814,0.429498
14182766,0.541298,0.615299,0.379607,0.429305
14191099,0.541431,0.615404,0.379377,0.429190
14199432,0.541370,0.615531,0.379317,0.429138
14207765,0.541432,0.615629,0.379199,0.429022
14216098,0.541416,0.615737,0.379115,0.428961
14224431,0.541345,0.615847,0.379016,0.428982
14232764,0.541287,0.615958,0.378928,0.428973
14241097,0.541261,0.616090,0.378859,0.428877
14249430,0.541236,0.616211,0.378764,0.428818
14257763,0.541154,0.616294,0.378695,0.428863
14266096,0.541017,0.616392,0.378685,0.428904
14274429,0.540825,0.616500,0.378707,0.428973
14282762,0.540589,0.616580,0.378766,0.429102
14291095,0.540372,0.616646,0.378824,0.429230
14299428,0.540159,0.616734,0.378829,0.429367
14307761,0.539939,0.616835,0.378890,0.429444
14316094,0.539783,0.616926,0.378910,0.429491
14324427,0.539635,0.616975,0.378978,0.429549
14332760,0.539458,0.617009,0.379072,0.429639
14341093,0.539206,0.617000,0.379173,0.429878
14349426,0.538985,0.617029,0.379309,0.429995
14357759,0.538818,0.617066,0.379443,0.430032
14366092,0.538571,0.617061,0.379584,0.430225
14374425,0.538358,0.617100,0.379725,0.430310
14382758,0.538144,0.617082,0.379969,0.430387
14391091,0.537973,0.617104,0.380158,0.430403
14399424,0.537875,0.617152,0.380333,0.430303
14407757,0.537703,0.617206,0.380506,0.430289
14416090,0.537592,0.617250,0.380688,0.430202
14424423,0.537495,0.617252,0.380890,0.430141
14432756,0.537453,0.617262,0.381074,0.430016
14441089,0.537496,0.617282,0.381227,0.429799
14449422,0.537492,0.617315,0.381402,0.429601
14457755,0.537531,0.617322,0.381583,0.429381
14466088,0.537504,0.617324,0.381791,0.429228
14474421,0.537540,0.617316,0.381971,0.429034
14482754,0.537601,0.617317,0.382156,0.428790
14491087,0.537680,0.617334,0.382337,0.428506
14499420,0.537832,0.617350,0.382521,0.428127
14507753,0.538014,0.617348,0.382684,0.427756
14516086,0.538169,0.617366,0.382840,0.427395
14524419,0.538324,0.617394,0.383011,0.427006
14532752,0.538469,0.617405,0.383146,0.426687
14541085,0.538711,0.617421,0.383286,0.426232
14549418,0.538875,0.617452,0.383406,0.425871
14557751,0.539071,0.617464,0.383528,0.425496
14566084,0.539229,0.617484,0.383661,0.425148
14574417,0.539381,0.617545,0.383777,0.424761
14582750,0.539574,0.617555,0.383878,0.424409
14591083,0.539791,0.617574,0.383976,0.424018
14599416,0.539971,0.617647,0.384065,0.423600
14607749,0.540161,0.617715,0.384142,0.423190
14616082,0.540373,0.617753,0.384224,0.422788
14624415,0.540577,0.617783,0.384261,0.422451
14632748,0.540767,0.617807,0.384324,0.422115
14641081,0.540964,0.617840,0.384364,0.421776
14649414,0.541164,0.617870,0.384378,0.421464
14657747,0.541331,0.617894,0.384400,0.421194
14666080,0.541496,0.617900,0.384415,0.420959
14674413,0.541678,0.617895,0.384403,0.420743
14682746,0.541843,0.617907,0.384356,0.420557
14691079,0.541985,0.617906,0.384327,0.420400
14699412,0.542153,0.617909,0.384251,0.420249
14707745,0.542326,0.617893,0.384190,0.420106
14716078,0.542500,0.617922,0.384054,0.419963
14724411,0.542603,0.617859,0.384010,0.419963
14732744,0.542712,0.617817,0.383919,0.419967
14741077,0.542881,0.617786,0.383776,0.419924
14749410,0.543013,0.617770,0.383617,0.419922
14757743,0.543143,0.617713,0.383481,0.419963
14766076,0.543272,0.617645,0.383321,0.420042
14774409,0.543373,0.617601,0.383161,0.420122
14782742,0.543433,0.617598,0.383020,0.420177
14791075,0.543506,0.617600,0.382837,0.420247
14799408,0.543564,0.617581,0.382659,0.420361
14807741,0.543624,0.617596,0.382446,0.420456
14816074,0.543667,0.617606,0.382248,0.420566
14824407,0.543683,0.617609,0.382043,0.420727
14832740,0.543686,0.617606,0.381828,0.420922
14841073,0.543698,0.617567,0.381639,0.421137
14849406,0.543692,0.617551,0.381414,0.421371
14857739,0.543616,0.617542,0.381241,0.421638
14866072,0.543532,0.617552,0.381057,0.421899
14874405,0.543507,0.617632,0.380755,0.422085
14882738,0.543445,0.617659,0.380524,0.422334
14891071,0.543249,0.617687,0.380364,0.422688
14899404,0.543092,0.617741,0.380171,0.422986
14907737,0.542947,0.617732,0.380018,0.423323
14916070,0.542780,0.617730,0.379855,0.423687
14924403,0.542594,0.617729,0.379708,0.424057
14932736,0.542411,0.617742,0.379568,0.424398
14941069,0.542137,0.617754,0.379482,0.424807
14949402,0.541902,0.617791,0.379397,0.425129
14957735,0.541641,0.617815,0.379305,0.425508
14966068,0.541324,0.617788,0.379220,0.426027
14974401,0.541031,0.617777,0.379156,0.426471
14982734,0.540655,0.617702,0.379173,0.427041
14991067,0.540309,0.617675,0.379152,0.427537
14999400,0.539962,0.617613,0.379137,0.428077
15007733,0.539614,0.617585,0.379127,0.428566
15016066,0.539296,0.617534,0.379112,0.429053
15024399,0.538962,0.617490,0.379104,0.429541
15032732,0.538605,0.617441,0.379138,0.430029
15041065,0.538254,0.617384,0.379167,0.430526
15049398,0.537893,0.617322,0.379196,0.431039
15057731,0.537561,0.617292,0.379243,0.431455
15066064,0.537132,0.617241,0.379348,0.431969
15074397,0.536746,0.617215,0.379456,0.432392
15082730,0.536377,0.617204,0.379566,0.432769
15091063,0.536077,0.617215,0.379642,0.433059
15099396,0.535724,0.617228,0.379726,0.433402
15107729,0.535471,0.617216,0.379801,0.433666
15116062,0.535105,0.617204,0.379912,0.434037
15124395,0.534795,0.617223,0.380009,0.434309
15132728,0.534518,0.617253,0.380137,0.434494
15141061,0.534259,0.617324,0.380234,0.434626
15149394,0.534047,0.617349,0.380359,0.434743
15157727,0.533823,0.617415,0.380471,0.434827
15166060,0.533589,0.617441,0.380577,0.434983
15174393,0.533411,0.617458,0.380703,0.435067
15182726,0.533331,0.617652,0.380638,0.434948
15191059,0.533272,0.617771,0.380682,0.434811
15199392,0.533066,0.617732,0.380909,0.434921
15207725,0.532953,0.617752,0.381050,0.434907
15216058,0.532927,0.617812,0.381134,0.434781
15224391,0.532933,0.617850,0.381185,0.434674
15232724,0.532931,0.617878,0.381231,0.434596
15241057,0.532942,0.617912,0.381295,0.434478
15249390,0.533043,0.617937,0.381310,0.434306
15257723,0.533147,0.617987,0.381316,0.434103
15266056,0.533172,0.618021,0.381369,0.433976
15274389,0.533233,0.618045,0.381394,0.433845
15282722,0.533367,0.618089,0.381406,0.433606
15291055,0.533539,0.618153,0.381410,0.433301
15299388,0.533628,0.618180,0.381434,0.433131
15307721,0.533765,0.618236,0.381426,0.432890
15316054,0.533853,0.618315,0.381443,0.432654
15324387,0.533979,0.618353,0.381451,0.432438
15332720,0.534091,0.618395,0.381478,0.432214
15341053,0.534169,0.618447,0.381452,0.432067
15349386,0.534242,0.618502,0.381462,0.431888
15357719,0.534332,0.618587,0.381451,0.431665
15366052,0.534420,0.618650,0.381500,0.431422
15374385,0.534471,0.618699,0.381520,0.431270
15382718,0.534515,0.618777,0.381495,0.431126
15391051,0.534593,0.618858,0.381493,0.430915
15399384,0.534646,0.618870,0.381513,0.430816
15407717,0.534679,0.618890,0.381512,0.430747
15416050,0.534721,0.618928,0.381554,0.430602
15424383,0.534720,0.618950,0.381564,0.430563
15432716,0.534751,0.618998,0.381580,0.430442
15441049,0.534830,0.619036,0.381574,0.430293
15449382,0.534817,0.619061,0.381636,0.430220
15457715,0.534829,0.619097,0.381655,0.430136
15466048,0.534844,0.619134,0.381719,0.430006
15474381,0.534831,0.619129,0.381776,0.429980
15482714,0.534844,0.619099,0.381860,0.429931
15491047,0.534866,0.619068,0.381957,0.429863
15499380,0.534911,0.619057,0.382000,0.429784
15507713,0.534957,0.619041,0.382034,0.429719
15516046,0.535046,0.619046,0.382086,0.429556
15524379,0.535106,0.619034,0.382136,0.429454
15532712,0.535139,0.619039,0.382177,0.429368
15541045,0.535234,0.619041,0.382180,0.429245
15549378,0.535312,0.619038,0.382207,0.429128
15557711,0.535428,0.619005,0.382209,0.429029
15566044,0.535542,0.618997,0.382215,0.428893
15574377,0.535648,0.618985,0.382215,0.428778
15582710,0.535724,0.619013,0.382198,0.428657
15591043,0.535751,0.619009,0.382209,0.428620
15599376,0.535842,0.619007,0.382199,0.428519
15607709,0.535903,0.619026,0.382186,0.428427
15616042,0.535940,0.619055,0.382225,0.428302
15624375,0.535982,0.619053,0.382204,0.428271
15632708,0.536060,0.619031,0.382245,0.428169
15641041,0.536098,0.619036,0.382280,0.428084
15649374,0.536050,0.619029,0.382250,0.428179
15657707,0.536037,0.619031,0.382263,0.428182
15666040,0.536031,0.618986,0.382305,0.428217
15674373,0.536037,0.618971,0.382276,0.428257
15682706,0.536011,0.618955,0.382299,0.428292
15691039,0.536007,0.618917,0.382294,0.428357
15699372,0.535994,0.618884,0.382301,0.428414
15707705,0.535978,0.618866,0.382267,0.428489
15716038,0.535968,0.618834,0.382266,0.428551
15724371,0.535886,0.618827,0.382284,0.428646
15732704,0.535875,0.618848,0.382271,0.428641
15741037,0.535850,0.618825,0.382259,0.428717
15749370,0.535854,0.618789,0.382234,0.428787
15757703,0.535796,0.618760,0.382221,0.428913
15766036,0.535797,0.618740,0.382187,0.428969
15774369,0.535742,0.618722,0.382172,0.429079
15782702,0.535667,0.618697,0.382160,0.429219
15791035,0.535673,0.618677,0.382121,0.429274
15799368,0.535655,0.618667,0.382102,0.429329
15807701,0.535666,0.618658,0.382025,0.429396
15816034,0.535662,0.618680,0.381956,0.429432
15824367,0.535667,0.618690,0.381864,0.429493
15832700,0.535670,0.618704,0.381794,0.429530
15841033,0.535695,0.618643,0.381713,0.429659
15849366,0.535680,0.618637,0.381631,0.429759
15857699,0.535657,0.618676,0.381536,0.429817
15866032,0.535561,0.618710,0.381454,0.429960
15874365,0.535539,0.618728,0.381371,0.430035
15882698,0.535536,0.618742,0.381303,0.430078
15891031,0.535524,0.618791,0.381192,0.430122
15899364,0.535496,0.618789,0.381066,0.430271
15907697,0.535432,0.618778,0.380985,0.430438
15916030,0.535399,0.618778,0.380876,0.430576
15924363,0.535362,0.618752,0.380767,0.430754
15932696,0.535330,0.618719,0.380680,0.430918
15941029,0.535334,0.618688,0.380568,0.431058
15949362,0.535280,0.618658,0.380482,0.431245
15957695,0.535182,0.618611,0.380401,0.431504
15966028,0.535135,0.618600,0.380302,0.431665
15974361,0.535076,0.618567,0.380193,0.431881
15982694,0.534969,0.618510,0.380107,0.432171
15991027,0.534895,0.618506,0.380023,0.432342
15999360,0.534806,0.618462,0.379938,0.432591
16007693,0.534729,0.618433,0.379890,0.432769
16016026,0.534625,0.618398,0.379850,0.432982
16024359,0.534589,0.618342,0.379787,0.433163
16032692,0.534419,0.618311,0.379748,0.433451
16041025,0.534332,0.618317,0.379726,0.433569
16049358,0.534288,0.618316,0.379686,0.433660
16057691,0.534144,0.618303,0.379671,0.433870
16066023,0.534085,0.618309,0.379648,0.433953
16074357,0.533946,0.618285,0.379652,0.434154
16082690,0.533844,0.618279,0.379651,0.434289
16091023,0.533780,0.618273,0.379652,0.434375
16099356,0.533602,0.618275,0.379659,0.434585
16107689,0.533449,0.618305,0.379689,0.434702
16116022,0.533388,0.618314,0.379713,0.434746
16124355,0.533264,0.618336,0.379727,0.434853
16132688,0.533151,0.618355,0.379752,0.434944
16141020,0.533029,0.618346,0.379782,0.435079
16149353,0.532950,0.618356,0.379795,0.435150
16157687,0.532851,0.618380,0.379826,0.435212
16166020,0.532753,0.618418,0.379835,0.435269
16174353,0.532672,0.618437,0.379825,0.435349
16182686,0.532578,0.618465,0.379821,0.435429
16191019,0.532496,0.618498,0.379834,0.435470
16199352,0.532443,0.618513,0.379857,0.435494
16207685,0.532372,0.618547,0.379892,0.435502
16216018,0.532355,0.618573,0.379931,0.435451
16224350,0.532336,0.618574,0.379956,0.435452
16232683,0.532184,0.618650,0.379894,0.435583
16241017,0.532057,0.618728,0.379909,0.435614
16249350,0.531998,0.618779,0.379944,0.435583
16257683,0.531945,0.618834,0.379979,0.435541
16266016,0.531881,0.618910,0.379981,0.435507
16274349,0.531821,0.618964,0.380013,0.435477
16282682,0.531774,0.619011,0.380024,0.435459
16291015,0.531708,0.619047,0.380104,0.435417
16299348,0.531645,0.619063,0.380179,0.435406
16307680,0.531595,0.619110,0.380236,0.435351
16316014,0.531551,0.619110,0.380300,0.435347
16324347,0.531511,0.619126,0.380379,0.435305
16332680,0.531487,0.619186,0.380429,0.435205
16341013,0.531486,0.619209,0.380498,0.435114
16349346,0.531468,0.619209,0.380560,0.435082
16357679,0.531456,0.619229,0.380671,0.434970
16366012,0.531424,0.619281,0.380739,0.434876
16374345,0.531406,0.619321,0.380800,0.434788
16382677,0.531367,0.619389,0.380896,0.434654
16391010,0.531397,0.619421,0.380965,0.434511
16399344,0.531420,0.619449,0.381096,0.434329
16407677,0.531422,0.619398,0.381166,0.434336
16416010,0.531457,0.619447,0.381250,0.434152
16424343,0.531470,0.619480,0.381370,0.433982
16432676,0.531506,0.619488,0.381508,0.433805
16441009,0.531526,0.619468,0.381615,0.433716
16449342,-0.531566,-0.619460,-0.381719,-0.433587
16457675,-0.531675,-0.619540,-0.381781,-0.433285
16466007,-0.531720,-0.619484,-0.381897,-0.433206
16474340,-0.531769,-0.619416,-0.381977,-0.433174
16482674,-0.531867,-0.619399,-0.382035,-0.433026
16491007,-0.531926,-0.619407,-0.382089,-0.432894
16499340,-0.531992,-0.619391,-0.382134,-0.432796
16507673,-0.532006,-0.619353,-0.382224,-0.432753
16516006,-0.532056,-0.619341,-0.382312,-0.432632
16524339,-0.532161,-0.619318,-0.382374,-0.432482
16532672,-0.532265,-0.619308,-0.382408,-0.432338
16541005,-0.532360,-0.619283,-0.382427,-0.432241
16549337,-0.532448,-0.619280,-0.382448,-0.432117
16557671,-0.532535,-0.619256,-0.382464,-0.432030
16566004,-0.532610,-0.619305,-0.382504,-0.431831
16574337,-0.532701,-0.619332,-0.382485,-0.431698
16582670,-0.532794,-0.619324,-0.382418,-0.431653
16591003,-0.532885,-0.619284,-0.382343,-0.431666
16599336,0.532937,0.619248,0.382267,0.431721
16607669,0.533028,0.619203,0.382187,0.431743
16616002,0.533058,0.619203,0.382109,0.431775
16624334,0.533086,0.619197,0.382084,0.431771
16632667,0.533172,0.619128,0.382006,0.431833
16641001,0.533224,0.619110,0.381901,0.431888
16649334,0.533268,0.619103,0.381803,0.431929
16657667,0.533258,0.619103,0.381767,0.431974
16666000,0.533308,0.619079,0.381659,0.432042
16674333,0.533340,0.619039,0.381576,0.432132
16682666,0.533400,0.619054,0.381475,0.432127
16690999,0.533393,0.619083,0.381380,0.432179
16699332,0.533398,0.619100,0.381269,0.432245
16707664,0.533427,0.619107,0.381145,0.432309
16715997,0.533438,0.619118,0.381062,0.432353
16724331,0.533460,0.619138,0.380914,0.432427
16732664,0.533462,0.619144,0.380779,0.432535
16740997,0.533519,0.619121,0.380649,0.432612
16749330,0.533440,0.619116,0.380589,0.432769
16757663,0.533428,0.619118,0.380519,0.432843
16765996,0.533394,0.619115,0.380448,0.432950
16774329,0.533372,0.619127,0.380372,0.433029
16782662,0.533289,0.619098,0.380292,0.433241
16790995,0.533205,0.619091,0.380251,0.433390
16799328,0.533140,0.619074,0.380205,0.433536
16807661,0.533049,0.619083,0.380150,0.433684
16815994,0.532967,0.619037,0.380054,0.433933
16824327,0.532909,0.619045,0.379996,0.434045
16832660,0.532824,0.619032,0.379926,0.434229
16840993,0.532783,0.619027,0.379858,0.434345
16849326,0.532710,0.618993,0.379803,0.434531
16857659,0.532586,0.618976,0.379773,0.434733
16865992,0.532511,0.618965,0.379753,0.434859
16874325,0.532428,0.618951,0.379732,0.434998
16882658,0.532349,0.618930,0.379700,0.435154
16890991,0.532265,0.618898,0.379682,0.435316
16899324,0.532180,0.618884,0.379680,0.435442
16907657,0.532087,0.618886,0.379670,0.435562
16915990,0.532005,0.618877,0.379661,0.435683
16924323,0.531902,0.618890,0.379660,0.435791
16932656,0.531803,0.618893,0.379665,0.435903
16940989,0.531707,0.618869,0.379687,0.436035
16949322,0.531596,0.618869,0.379700,0.436158
16957655,0.531484,0.618857,0.379731,0.436285
16965988,0.531397,0.618841,0.379766,0.436383
16974321,0.531286,0.618854,0.379793,0.436477
16982654,0.531197,0.618868,0.379819,0.436543
16990987,0.531121,0.618855,0.379851,0.436627
16999320,0.531035,0.618835,0.379888,0.436726
17007653,0.530951,0.618806,0.379943,0.436822
17015986,0.530796,0.618817,0.379990,0.436953
17024319,0.530761,0.618820,0.379998,0.436986
17032652,0.530681,0.618805,0.380040,0.437066
17040985,0.530580,0.618835,0.380129,0.437069
17049318,0.530580,0.618827,0.380139,0.437072
17057651,0.530558,0.618812,0.380146,0.437115
17065984,0.530565,0.618839,0.380184,0.437034
17074317,0.530574,0.618832,0.380238,0.436987
17082650,0.530533,0.618836,0.380239,0.437029
17090983,0.530511,0.618852,0.380266,0.437010
17099316,0.530416,0.618829,0.380263,0.437161
17107649,0.530436,0.618893,0.380283,0.437029
17115982,0.530407,0.618879,0.380339,0.437035
17124315,0.530435,0.618918,0.380364,0.436924
17132648,0.530483,0.618944,0.380399,0.436799
17140981,0.530507,0.619014,0.380413,0.436657
17149314,0.530484,0.619002,0.380481,0.436644
17157647,0.530516,0.618977,0.380557,0.436573
17165980,0.530573,0.618944,0.380602,0.436512
17174313,0.530602,0.618931,0.380679,0.436428
17182646,0.530595,0.618899,0.380763,0.436408
17190979,0.530635,0.618885,0.380824,0.436326
17199312,0.530659,0.618862,0.380865,0.436293
17207645,0.530701,0.618865,0.380901,0.436207
17215978,0.530789,0.618908,0.380908,0.436033
17224311,0.530861,0.618934,0.380928,0.435891
17232644,-0.530867,-0.618963,-0.380956,-0.435819
17240977,-0.530937,-0.618979,-0.381009,-0.435664
17249310,-0.530936,-0.618979,-0.381032,-0.435645
17257643,-0.530992,-0.618991,-0.381111,-0.435489
17265976,-0.531040,-0.619021,-0.381169,-0.435339
17274309,-0.531090,-0.619026,-0.381239,-0.435209
17282642,-0.531120,-0.619035,-0.381273,-0.435130
17290975,-0.531173,-0.619048,-0.381304,-0.435019
17299308,-0.531236,-0.619047,-0.381345,-0.434908
17307641,-0.531250,-0.619021,-0.381492,-0.434800
17315974,-0.531359,-0.619065,-0.381501,-0.434596
17324307,-0.531473,-0.619066,-0.381516,-0.434441
17332640,-0.531554,-0.619193,-0.381504,-0.434173
17340973,-0.531678,-0.619244,-0.381521,-0.433932
17349306,-0.531791,-0.619274,-0.381536,-0.433737
17357639,-0.531863,-0.619313,-0.381586,-0.433550
17365972,-0.531968,-0.619350,-0.381596,-0.433360
17374305,-0.532089,-0.619336,-0.381638,-0.433193
17382638,-0.532195,-0.619345,-0.381668,-0.433024
17390971,-0.532313,-0.619364,-0.381677,-0.432845
17399304,-0.532358,-0.619385,-0.381727,-0.432715
17407637,-0.532465,-0.619404,-0.381783,-0.432507
17415970,-0.532571,-0.619407,-0.381781,-0.432374
17424303,-0.532650,-0.619401,-0.381797,-0.432271
17432636,-0.532763,-0.619446,-0.381782,-0.432080
17440969,-0.532888,-0.619486,-0.381795,-0.431857
17449302,-0.532991,-0.619512,-0.381817,-0.431673
17457635,-0.533094,-0.619511,-0.381839,-0.431526
17465968,-0.533225,-0.619532,-0.381850,-0.431325
17474301,-0.533288,-0.619584,-0.381865,-0.431159
17482634,-0.533395,-0.619602,-0.381851,-0.431015
17490967,-0.533502,-0.619610,-0.381872,-0.430852
17499300,-0.533552,-0.619604,-0.381884,-0.430788
17507633,-0.533630,-0.619612,-0.381875,-0.430687
17515966,-0.533702,-0.619611,-0.381863,-0.430611
17524299,-0.533744,-0.619602,-0.381906,-0.430533
17532632,-0.533803,-0.619592,-0.381936,-0.430448
17540965,-0.533839,-0.619612,-0.381961,-0.430352
17549298,-0.533909,-0.619598,-0.381947,-0.430298
17557631,-0.533960,-0.619569,-0.381938,-0.430285
17565964,-0.534003,-0.619562,-0.381955,-0.430227
17574297,-0.534036,-0.619556,-0.381969,-0.430181
17582630,-0.534080,-0.619537,-0.381981,-0.430143
17590963,-0.534200,-0.619566,-0.381894,-0.430029
17599296,-0.534249,-0.619593,-0.381885,-0.429938
17607629,-0.534342,-0.619620,-0.381820,-0.429841
17615962,-0.534430,-0.619607,-0.381752,-0.429810
17624295,-0.534523,-0.619601,-0.381691,-0.429759
17632628,-0.534602,-0.619612,-0.381635,-0.429693
17640961,-0.534671,-0.619599,-0.381599,-0.429658
17649294,-0.534748,-0.619592,-0.381548,-0.429617
17657627,-0.534817,-0.619584,-0.381505,-0.429581
17665960,-0.534862,-0.619572,-0.381463,-0.429580
17674293,-0.534890,-0.619593,-0.381415,-0.429557
17682626,-0.534951,-0.619587,-0.381361,-0.429538
17690959,-0.535025,-0.619591,-0.381302,-0.429493
17699292,-0.535059,-0.619609,-0.381266,-0.429456
17707625,-0.535090,-0.619580,-0.381239,-0.429483
17715958,-0.535053,-0.619608,-0.381217,-0.429510
17724291,-0.535055,-0.619590,-0.381186,-0.429559
17732624,-0.535091,-0.619585,-0.381160,-0.429545
17740957,-0.535139,-0.619586,-0.381133,-0.429508
17749290,-0.535132,-0.619602,-0.381094,-0.429529
17757623,-0.535149,-0.619585,-0.381056,-0.429566
17765956,-0.535170,-0.619557,-0.381046,-0.429589
17774289,-0.535133,-0.619540,-0.381034,-0.429669
17782622,-0.535115,-0.619557,-0.381024,-0.429676
17790955,-0.535155,-0.619568,-0.380976,-0.429654
17799288,-0.535123,-0.619575,-0.380944,-0.429712
17807621,-0.535123,-0.619569,-0.380912,-0.429748
17815954,-0.535196,-0.619539,-0.380876,-0.429734
17824287,-0.535194,-0.619539,-0.380833,-0.429773
17832620,-0.535208,-0.619546,-0.380787,-0.429787
17840953,-0.535267,-0.619567,-0.380688,-0.429770
17849286,-0.535239,-0.619578,-0.380669,-0.429807
17857619,-0.535212,-0.619534,-0.380676,-0.429897
17865952,-0.535218,-0.619536,-0.380627,-0.429930
17874285,-0.535115,-0.619514,-0.380650,-0.430069
17882618,-0.535064,-0.619498,-0.380663,-0.430145
17890951,-0.535109,-0.619486,-0.380587,-0.430174
17899284,-0.535175,-0.619478,-0.380501,-0.430179
17907617,-0.535061,-0.619495,-0.380564,-0.430241
17915950,-0.535110,-0.619520,-0.380476,-0.430222
17924283,-0.535107,-0.619594,-0.380403,-0.430182
17932616,-0.535049,-0.619580,-0.380442,-0.430240
17940949,-0.535039,-0.619577,-0.380426,-0.430272
17949282,-0.535070,-0.619622,-0.380340,-0.430245
17957615,-0.535030,-0.619613,-0.380342,-0.430305
17965948,-0.534961,-0.619608,-0.380387,-0.430359
17974281,-0.534980,-0.619653,-0.380327,-0.430323
17982614,-0.534909,-0.619636,-0.380369,-0.430399
17990947,-0.534965,-0.619633,-0.380280,-0.430412
17999280,-0.534929,-0.619617,-0.380278,-0.430481
18007613,-0.534901,-0.619624,-0.380255,-0.430526
18015946,-0.534837,-0.619623,-0.380284,-0.430582
18024279,-0.534751,-0.619528,-0.380371,-0.430749
18032612,-0.534771,-0.619614,-0.380274,-0.430686
18040945,-0.534754,-0.619667,-0.380206,-0.430689
18049278,-0.534723,-0.619649,-0.380208,-0.430754
18057611,-0.534694,-0.619649,-0.380189,-0.430805
18065944,-0.534667,-0.619670,-0.380189,-0.430810
18074277,-0.534626,-0.619681,-0.380186,-0.430848
18082610,-0.534553,-0.619687,-0.380204,-0.430913
18090943,-0.534512,-0.619709,-0.380187,-0.430947
18099276,-0.534469,-0.619726,-0.380169,-0.430991
18107609,-0.534442,-0.619738,-0.380148,-0.431027
18115942,-0.534399,-0.619733,-0.380153,-0.431082
18124275,-0.534364,-0.619745,-0.380140,-0.431121
18132608,-0.534303,-0.619761,-0.380127,-0.431184
18140941,-0.534245,-0.619787,-0.380133,-0.431214
18149274,-0.534217,-0.619774,-0.380127,-0.431272
18157607,-0.534185,-0.619786,-0.380128,-0.431293
18165940,-0.534139,-0.619808,-0.380124,-0.431323
18174273,-0.534078,-0.619805,-0.380139,-0.431389
18182606,-0.534047,-0.619840,-0.380118,-0.431396
18190939,-0.534014,-0.619838,-0.380132,-0.431427
18199272,-0.533966,-0.619839,-0.380158,-0.431462
18207605,-0.534005,-0.619836,-0.380100,-0.431469
18215938,-0.533955,-0.619854,-0.380128,-0.431482
18224271,-0.533911,-0.619885,-0.380135,-0.431485
18232604,-0.533894,-0.619890,-0.380145,-0.431489
18240937,-0.533895,-0.619882,-0.380157,-0.431490
18249270,-0.533885,-0.619884,-0.380170,-0.431488
18257603,-0.533900,-0.619887,-0.380178,-0.431458
18265936,-0.533876,-0.619900,-0.380209,-0.431441
18274269,-0.533839,-0.619911,-0.380248,-0.431436
18282602,-0.533839,-0.619928,-0.380266,-0.431396
18290935,-0.533851,-0.619943,-0.380287,-0.431342
18299268,-0.533853,-0.619947,-0.380329,-0.431295
18307601,-0.533852,-0.619956,-0.380372,-0.431246
18315934,-0.533832,-0.620007,-0.380398,-0.431176
18324267,-0.533850,-0.620028,-0.380423,-0.431100
18332600,-0.533871,-0.620050,-0.380440,-0.431028
18340933,-0.533872,-0.620075,-0.380478,-0.430957
18349266,-0.533905,-0.620066,-0.380515,-0.430896
18357599,-0.533928,-0.620117,-0.380512,-0.430797
18365932,-0.533959,-0.620150,-0.380518,-0.430705
18374265,-0.533989,-0.620175,-0.380543,-0.430612
18382598,-0.534029,-0.620201,-0.380540,-0.430527
18390931,-0.534069,-0.620191,-0.380557,-0.430477
18399264,-0.534090,-0.620217,-0.380563,-0.430408
18407597,-0.534125,-0.620234,-0.380547,-0.430355
18415930,-0.534134,-0.620262,-0.380544,-0.430304
18424263,-0.534178,-0.620245,-0.380519,-0.430295
18432596,-0.534200,-0.620251,-0.380498,-0.430279
18440929,-0.534254,-0.620234,-0.380429,-0.430299
18449262,-0.534272,-0.620230,-0.380389,-0.430317
18457595,-0.534237,-0.620249,-0.380371,-0.430349
18465928,-0.534245,-0.620212,-0.380348,-0.430411
18474261,-0.534228,-0.620208,-0.380302,-0.430479
18482594,-0.534129,-0.620200,-0.380350,-0.430572
18490927,-0.534083,-0.620206,-0.380320,-0.430646
18499260,-0.533994,-0.620182,-0.380354,-0.430761
18507593,-0.533899,-0.620175,-0.380378,-0.430868
18515926,-0.533815,-0.620144,-0.380400,-0.430997
18524259,-0.533787,-0.620138,-0.380354,-0.431080
18532592,-0.533783,-0.620150,-0.380297,-0.431120
18540925,-0.533658,-0.620171,-0.380334,-0.431210
18549258,-0.533530,-0.620120,-0.380442,-0.431347
18557591,-0.533409,-0.620084,-0.380534,-0.431468
18565924,-0.533320,-0.620052,-0.380592,-0.431574
18574257,-0.533246,-0.620034,-0.380644,-0.431643
18582590,-0.533216,-0.620065,-0.380639,-0.431642
18590923,-0.533163,-0.620079,-0.380663,-0.431665
18599256,-0.533117,-0.620083,-0.380685,-0.431697
18607589,-0.533032,-0.620108,-0.380757,-0.431703
18615922,-0.532946,-0.620124,-0.380810,-0.431739
18624255,-0.532872,-0.620143,-0.380890,-0.431733
18632588,-0.532806,-0.620171,-0.380973,-0.431701
18640921,-0.532698,-0.620191,-0.381036,-0.431749
18649254,-0.532648,-0.620224,-0.381103,-0.431705
18657587,-0.532548,-0.620254,-0.381173,-0.431724
18665920,-0.532467,-0.620236,-0.381263,-0.431770
18674253,-0.532432,-0.620224,-0.381335,-0.431767
18682586,-0.532347,-0.620232,-0.381429,-0.431777
18690919,-0.532278,-0.620238,-0.381504,-0.431787
18699252,-0.532209,-0.620195,-0.381597,-0.431851
18707585,-0.532121,-0.620206,-0.381684,-0.431867
18715918,-0.532010,-0.620211,-0.381785,-0.431907
18724251,-0.531924,-0.620199,-0.381867,-0.431959
18732584,-0.531814,-0.620199,-0.382027,-0.431951
18740917,-0.531812,-0.620198,-0.382032,-0.431951
18749250,-0.531819,-0.620235,-0.382017,-0.431903
18757583,-0.531779,-0.620233,-0.382047,-0.431928
18765916,-0.531671,-0.620223,-0.382066,-0.432058
18774249,-0.531638,-0.620272,-0.382063,-0.432031
18782582,-0.531606,-0.620300,-0.382068,-0.432026
18790915,-0.531565,-0.620315,-0.382096,-0.432031
18799248,-0.531497,-0.620296,-0.382146,-0.432098
18807581,-0.531520,-0.620304,-0.382074,-0.432121
18815914,-0.531521,-0.620318,-0.382039,-0.432130
18824247,-0.531490,-0.620342,-0.382035,-0.432138
18832580,-0.531464,-0.620326,-0.382013,-0.432213
18840913,-0.531519,-0.620329,-0.381924,-0.432220
18849246,-0.531588,-0.620266,-0.381808,-0.432328
18857579,-0.531597,-0.620208,-0.381763,-0.432439
18865912,-0.531621,-0.620141,-0.381735,-0.432531
18874245,-0.531608,-0.620107,-0.381726,-0.432603
18882578,-0.531597,-0.620081,-0.381654,-0.432717
18890911,-0.531656,-0.620083,-0.381571,-0.432715
18899244,-0.531687,-0.620058,-0.381495,-0.432781
18907577,-0.531760,-0.620050,-0.381413,-0.432774
18915910,-0.531807,-0.620041,-0.381355,-0.432780
18924243,-0.531859,-0.620051,-0.381262,-0.432784
18932576,-0.531906,-0.620083,-0.381152,-0.432778
18940909,-0.531965,-0.620086,-0.381061,-0.432781
18949242,-0.531948,-0.620090,-0.381012,-0.432839
18957575,-0.531976,-0.620067,-0.380951,-0.432892
18965908,-0.531957,-0.620086,-0.380955,-0.432884
18974241,-0.531768,-0.619966,-0.381153,-0.433114
18982574,-0.531659,-0.619928,-0.381178,-0.433279
18990907,-0.531610,-0.619932,-0.381166,-0.433345
18999240,-0.531556,-0.619930,-0.381160,-0.433418
19007573,-0.531468,-0.619919,-0.381227,-0.433483
19015906,-0.531376,-0.619976,-0.381243,-0.433500
19024239,-0.531349,-0.620039,-0.381243,-0.433444
19032572,-0.531309,-0.620094,-0.381253,-0.433405
19040905,-0.531274,-0.620110,-0.381281,-0.433400
19049238,-0.531245,-0.620142,-0.381300,-0.433374
19057571,-0.531237,-0.620283,-0.381275,-0.433204
19065904,-0.531268,-0.620334,-0.381275,-0.433093
19074237,-0.531278,-0.620346,-0.381270,-0.433067
19082570,-0.531265,-0.620362,-0.381299,-0.433035
19090903,-0.531317,-0.620389,-0.381292,-0.432939
19099236,-0.531362,-0.620363,-0.381320,-0.432897
19107569,-0.531429,-0.620342,-0.381341,-0.432826
19115902,-0.531501,-0.620395,-0.381310,-0.432690
19124235,-0.531585,-0.620398,-0.381302,-0.432588
19132568,-0.531649,-0.620402,-0.381310,-0.432497
19140901,-0.531676,-0.620402,-0.381317,-0.432458
19149234,-0.531744,-0.620406,-0.381317,-0.432368
19157567,-0.531852,-0.620430,-0.381320,-0.432198
19165900,-0.531937,-0.620439,-0.381298,-0.432100
19174233,-0.532034,-0.620459,-0.381253,-0.431990
19182566,-0.532173,-0.620509,-0.381212,-0.431785
19190899,-0.532315,-0.620560,-0.381143,-0.431596
19199232,-0.532381,-0.620568,-0.381082,-0.431558
19207565,-0.532437,-0.620564,-0.381110,-0.431469
19215898,-0.532433,-0.620542,-0.381126,-0.431492
19224231,-0.532496,-0.620542,-0.381095,-0.431442
19232564,-0.532512,-0.620535,-0.381074,-0.431451
19240897,-0.532517,-0.620547,-0.381048,-0.431451
19249230,-0.532512,-0.620567,-0.381032,-0.431441
19257563,-0.532482,-0.620578,-0.381010,-0.431483
19265896,-0.532421,-0.620597,-0.380972,-0.431564
19274229,-0.532404,-0.620627,-0.380951,-0.431561
19282562,-0.532343,-0.620654,-0.380930,-0.431615
19290895,-0.532338,-0.620673,-0.380901,-0.431621
19299228,-0.532306,-0.620708,-0.380871,-0.431635
19307561,-0.532271,-0.620720,-0.380852,-0.431678
19315894,-0.532240,-0.620748,-0.380826,-0.431698
19324227,-0.532157,-0.620806,-0.380812,-0.431730
19332560,-0.532167,-0.620837,-0.380764,-0.431715
19340893,-0.532101,-0.620911,-0.380775,-0.431681
19349226,-0.532132,-0.621078,-0.380657,-0.431507
19357559,-0.532146,-0.621197,-0.380581,-0.431386
19365892,-0.532242,-0.621336,-0.380421,-0.431208
19374225,-0.532188,-0.621322,-0.380484,-0.431238
19382558,-0.532141,-0.621375,-0.380471,-0.431233
19390891,-0.532200,-0.621538,-0.380317,-0.431061
19399224,-0.532175,-0.621620,-0.380226,-0.431052
19407557,-0.532103,-0.621667,-0.380227,-0.431073
19415890,-0.531951,-0.621618,-0.380312,-0.431256
19424223,-0.531821,-0.621583,-0.380363,-0.431422
19432556,-0.531649,-0.621578,-0.380423,-0.431588
19440889,-0.531471,-0.621555,-0.380501,-0.431771
19449222,-0.531184,-0.621490,-0.380602,-0.432129
19457555,-0.531043,-0.621519,-0.380538,-0.432318
19465888,-0.530882,-0.621639,-0.380449,-0.432420
19474221,-0.530684,-0.621691,-0.380407,-0.432627
19482554,-0.530349,-0.621729,-0.380410,-0.432979
19490887,-0.530044,-0.621734,-0.380436,-0.433322
19499220,-0.529777,-0.621790,-0.380465,-0.433542
19507553,-0.529473,-0.621807,-0.380508,-0.433853
19515886,-0.529208,-0.621844,-0.380526,-0.434107
19524219,-0.528989,-0.621856,-0.380527,-0.434355
19532552,-0.528757,-0.621949,-0.380450,-0.434572
19540885,-0.528661,-0.622012,-0.380441,-0.434606
19549218,-0.528590,-0.622082,-0.380406,-0.434624
19557551,-0.528596,-0.622166,-0.380351,-0.434544
19565884,-0.528641,-0.622248,-0.380254,-0.434457
19574217,-0.528720,-0.622319,-0.380169,-0.434334
19582550,-0.528834,-0.622422,-0.380080,-0.434125
19590883,-0.529003,-0.622491,-0.379962,-0.433925
19599216,-0.529199,-0.622584,-0.379818,-0.433677
19607549,-0.529412,-0.622627,-0.379730,-0.433433
19615882,-0.529571,-0.622668,-0.379638,-0.433260
19624215,-0.529760,-0.622732,-0.379519,-0.433040
19632548,-0.529914,-0.622822,-0.379323,-0.432895
19640881,-0.530133,-0.622837,-0.379234,-0.432683
19649214,-0.530335,-0.622856,-0.379147,-0.432484
19657547,-0.530505,-0.622883,-0.379072,-0.432303
19665880,-0.530684,-0.622866,-0.378988,-0.432181
19674213,-0.530824,-0.622846,-0.378923,-0.432096
19682546,-0.530972,-0.622848,-0.378832,-0.431989
19690879,-0.531091,-0.622825,-0.378783,-0.431921
19699212,-0.531221,-0.622803,-0.378712,-0.431855
19707545,-0.531299,-0.622810,-0.378677,-0.431778
19715878,-0.531359,-0.622805,-0.378638,-0.431746
19724211,-0.531410,-0.622787,-0.378615,-0.431730
19732544,-0.531449,-0.622796,-0.378601,-0.431681
19740877,-0.531524,-0.622806,-0.378565,-0.431606
19749210,-0.531535,-0.622825,-0.378573,-0.431558
19757543,-0.531549,-0.622839,-0.378609,-0.431489
19765876,-0.531578,-0.622845,-0.378606,-0.431446
19774209,-0.531667,-0.622893,-0.378579,-0.431292
19782542,-0.531702,-0.622890,-0.378615,-0.431221
19790875,-0.531691,-0.622940,-0.378673,-0.431112
19799208,-0.531636,-0.622972,-0.378823,-0.431001
19807541,-0.531688,-0.623042,-0.378909,-0.430760
19815874,-0.531740,-0.623112,-0.378945,-0.430564
19824207,-0.531829,-0.623232,-0.378891,-0.430327
19832540,-0.531904,-0.623342,-0.378843,-0.430118
19840873,-0.531888,-0.623376,-0.378925,-0.430016
19849206,-0.531887,-0.623444,-0.378983,-0.429866
19857539,-0.531924,-0.623532,-0.378994,-0.429682
19865872,-0.532001,-0.623586,-0.378996,-0.429508
19874205,-0.532071,-0.623664,-0.379003,-0.429302
19882538,-0.532213,-0.623750,-0.378972,-0.429029
19890871,-0.532270,-0.623792,-0.379010,-0.428863
19899204,-0.532313,-0.623838,-0.379058,-0.428701
19907537,-0.532426,-0.623984,-0.378951,-0.428443
19915870,-0.532516,-0.624107,-0.378926,-0.428172
19924203,-0.532636,-0.624169,-0.378937,-0.427924
19932536,-0.532664,-0.624210,-0.379029,-0.427747
19940869,-0.532667,-0.624220,-0.379131,-0.427640
19949202,-0.532688,-0.624458,-0.379136,-0.427260
19957535,-0.532644,-0.624467,-0.379295,-0.427161
19965868,-0.532734,-0.624609,-0.379248,-0.426883
19974201,-0.532779,-0.624574,-0.379342,-0.426794
19982534,-0.532790,-0.624596,-0.379427,-0.426673
19990867,-0.532813,-0.624716,-0.379472,-0.426428
19999200,-0.532845,-0.624843,-0.379498,-0.426179
20007533,-0.532863,-0.624839,-0.379598,-0.426074
20015866,-0.532865,-0.624921,-0.379676,-0.425881
20024199,-0.532885,-0.624987,-0.379760,-0.425685
20032532,-0.532945,-0.625139,-0.379747,-0.425397
20040865,-0.532974,-0.625195,-0.379815,-0.425218
20049198,-0.532989,-0.625250,-0.379893,-0.425048
20057531,-0.533104,-0.625402,-0.379854,-0.424716
20065864,-0.533067,-0.625384,-0.380031,-0.424630
20074197,-0.533157,-0.625477,-0.380058,-0.424356
20082530,-0.533191,-0.625541,-0.380106,-0.424175
20090863,-0.533176,-0.625548,-0.380230,-0.424073
20099196,-0.533174,-0.625521,-0.380350,-0.424007
20107529,-0.533166,-0.625565,-0.380409,-0.423901
20115862,-0.533199,-0.625606,-0.380512,-0.423707
20124195,-0.533204,-0.625665,-0.380574,-0.423557
20132528,-0.533218,-0.625677,-0.380656,-0.423448
20140861,-0.533202,-0.625723,-0.380774,-0.423294
20149194,-0.533243,-0.625759,-0.380865,-0.423107
20157527,-0.533251,-0.625795,-0.380927,-0.422987
20165860,-0.533266,-0.625812,-0.380985,-0.422891
20174193,-0.533286,-0.625844,-0.381078,-0.422736
20182526,-0.533311,-0.625863,-0.381148,-0.422612
20190859,-0.533213,-0.626190,-0.381204,-0.422201
20199192,-0.533197,-0.626267,-0.381264,-0.422053
20207525,-0.533226,-0.626298,-0.381285,-0.421951
20215858,-0.533248,-0.626296,-0.381386,-0.421835
20224191,-0.533259,-0.626355,-0.381432,-0.421691
20232524,-0.533257,-0.626393,-0.381520,-0.421558
20240857,-0.533294,-0.626420,-0.381555,-0.421440
20249190,-0.533331,-0.626463,-0.381569,-0.421317
20257523,-0.533357,-0.626507,-0.381608,-0.421183
20265856,-0.533424,-0.626538,-0.381629,-0.421032
20274189,-0.533444,-0.626558,-0.381643,-0.420964
20282522,-0.533528,-0.626588,-0.381650,-0.420808
20290855,-0.533599,-0.626637,-0.381630,-0.420662
20299188,-0.533678,-0.626636,-0.381636,-0.420557
20307521,-0.533685,-0.626658,-0.381640,-0.420511
20315854,-0.533744,-0.626676,-0.381642,-0.420409
20324187,-0.533801,-0.626771,-0.381596,-0.420238
20332520,-0.533839,-0.626796,-0.381607,-0.420141
20340853,-0.533889,-0.626846,-0.381626,-0.419986
20349186,-0.533890,-0.626838,-0.381660,-0.419966
20357519,-0.533926,-0.626860,-0.381653,-0.419893
20365852,-0.533964,-0.626881,-0.381667,-0.419802
20374185,-0.533972,-0.626889,-0.381678,-0.419768
20382518,-0.533985,-0.626877,-0.381696,-0.419754
20390851,-0.534002,-0.626888,-0.381707,-0.419706
20399184,-0.534013,-0.626913,-0.381700,-0.419661
20407517,-0.534032,-0.626903,-0.381735,-0.419620
20415850,-0.534043,-0.626906,-0.381758,-0.419581
20424183,-0.534033,-0.626921,-0.381787,-0.419544
20432516,-0.534061,-0.626933,-0.381786,-0.419492
20440849,-0.534069,-0.626922,-0.381813,-0.419474
20449182,-0.534093,-0.626905,-0.381848,-0.419435
20457515,-0.534126,-0.626929,-0.381846,-0.419361
20465848,-0.534156,-0.626921,-0.381866,-0.419317
20474181,-0.534195,-0.626921,-0.381876,-0.419257
20482514,-0.534198,-0.626943,-0.381893,-0.419205
20490847,-0.534241,-0.626939,-0.381900,-0.419150
20499180,-0.534272,-0.626950,-0.381908,-0.419086
20507513,-0.534317,-0.626937,-0.381932,-0.419027
20515846,-0.534379,-0.626940,-0.381930,-0.418945
20524179,-0.534388,-0.626901,-0.381975,-0.418950
20532512,-0.534457,-0.626972,-0.381933,-0.418795
20540845,-0.534492,-0.627001,-0.381928,-0.418711
20549178,-0.534534,-0.627027,-0.381916,-0.418630
20557511,-0.534553,-0.627042,-0.381908,-0.418590
20565844,-0.534582,-0.627047,-0.381891,-0.418561
20574177,-0.534615,-0.627074,-0.381875,-0.418493
20582510,-0.534616,-0.627069,-0.381881,-0.418493
20590843,-0.534609,-0.627084,-0.381886,-0.418475
20599176,-0.534613,-0.627107,-0.381872,-0.418449
20607509,-0.534618,-0.627126,-0.381837,-0.418447
20615842,-0.534622,-0.627121,-0.381813,-0.418469
20624175,-0.534583,-0.627136,-0.381813,-0.418496
20632508,-0.534577,-0.627138,-0.381779,-0.418534
20640841,-0.534536,-0.627139,-0.381756,-0.418605
20649174,-0.534514,-0.627153,-0.381721,-0.418645
20657507,-0.534501,-0.627179,-0.381688,-0.418650
20665840,-0.534483,-0.627174,-0.381663,-0.418705
20674173,-0.534471,-0.627172,-0.381636,-0.418749
20682506,-0.534438,-0.627166,-0.381601,-0.418831
20690839,-0.534423,-0.627153,-0.381565,-0.418903
20699172,-0.534409,-0.627149,-0.381530,-0.418958
20707505,-0.534367,-0.627068,-0.381540,-0.419123
20715838,-0.534376,-0.627141,-0.381452,-0.419082
20724171,-0.534381,-0.627102,-0.381445,-0.419141
20732504,-0.534337,-0.627075,-0.381401,-0.419278
20740837,-0.534343,-0.627138,-0.381305,-0.419263
20749170,-0.534337,-0.627159,-0.381264,-0.419278
20757503,-0.534297,-0.627081,-0.381271,-0.419439
20765836,-0.534330,-0.627068,-0.381239,-0.419444
20774169,-0.534302,-0.627057,-0.381212,-0.419521
20782502,-0.534281,-0.627060,-0.381171,-0.419581
20790835,-0.534279,-0.627034,-0.381128,-0.419661
20799168,-0.534282,-0.627040,-0.381098,-0.419676
20807501,-0.534282,-0.627024,-0.381094,-0.419703
20815834,-0.534286,-0.627031,-0.381082,-0.419700
20824167,-0.534262,-0.627008,-0.381074,-0.419771
20832500,-0.534255,-0.626979,-0.381057,-0.419839
20840833,-0.534259,-0.626970,-0.381052,-0.419852
20849166,-0.534288,-0.626938,-0.381038,-0.419875
20857499,-0.534289,-0.626931,-0.381042,-0.419881
20865832,-0.534312,-0.626934,-0.381028,-0.419860
20874165,-0.534340,-0.626915,-0.381030,-0.419850
20882498,-0.534335,-0.626908,-0.381020,-0.419875
20890831,-0.534334,-0.626894,-0.381012,-0.419904
20899164,-0.534367,-0.626880,-0.380999,-0.419896
20907497,-0.534349,-0.626870,-0.381018,-0.419917
20915830,-0.534336,-0.626862,-0.381030,-0.419935
20924163,-0.534332,-0.626865,-0.381012,-0.419952
20932496,-0.534344,-0.626861,-0.381020,-0.419934
20940829,-0.534360,-0.626872,-0.381014,-0.419904
20949162,-0.534340,-0.626817,-0.381037,-0.419990
20957495,-0.534353,-0.626815,-0.381012,-0.420001
20965828,-0.534357,-0.626810,-0.381006,-0.420007
20974161,-0.534347,-0.626801,-0.381012,-0.420028
20982494,-0.534324,-0.626790,-0.381027,-0.420060
20990827,-0.534304,-0.626773,-0.381040,-0.420099
20999160,-0.534288,-0.626783,-0.381030,-0.420114
21007493,-0.534292,-0.626777,-0.381007,-0.420138
21015826,-0.534292,-0.626737,-0.381002,-0.420203
21024159,-0.534268,-0.626736,-0.380982,-0.420251
21032492,-0.534256,-0.626728,-0.380963,-0.420297
21040825,-0.534253,-0.626730,-0.380972,-0.420290
21049158,-0.534205,-0.626725,-0.380973,-0.420358
21057491,-0.534225,-0.626728,-0.380938,-0.420359
21065824,-0.534224,-0.626712,-0.380922,-0.420399
21074157,-0.534193,-0.626691,-0.380895,-0.420494
21082490,-0.534157,-0.626700,-0.380875,-0.420545
21090823,-0.534181,-0.626677,-0.380846,-0.420574
21099156,-0.534186,-0.626686,-0.380809,-0.420588
21107489,-0.534173,-0.626705,-0.380766,-0.420615
21115822,-0.534136,-0.626674,-0.380730,-0.420741
21124155,-0.534128,-0.626653,-0.380710,-0.420802
21132488,-0.534094,-0.626657,-0.380674,-0.420871
21140821,-0.534067,-0.626682,-0.380651,-0.420887
21149154,-0.534048,-0.626723,-0.380621,-0.420878
21157487,-0.534034,-0.626703,-0.380597,-0.420949
21165820,-0.534006,-0.626691,-0.380556,-0.421038
21174153,-0.533959,-0.626678,-0.380558,-0.421116
21182486,-0.533942,-0.626697,-0.380508,-0.421154
21190819,-0.533955,-0.626717,-0.380453,-0.421158
21199152,-0.533928,-0.626716,-0.380446,-0.421199
21207485,-0.533867,-0.626727,-0.380424,-0.421280
21215818,-0.533861,-0.626700,-0.380400,-0.421350
21224151,-0.533862,-0.626676,-0.380404,-0.421379
21232484,-0.533846,-0.626677,-0.380380,-0.421421
21240817,-0.533789,-0.626692,-0.380362,-0.421486
21249150,-0.533733,-0.626725,-0.380359,-0.421511
21257483,-0.533723,-0.626700,-0.380363,-0.421558
21265816,-0.533690,-0.626707,-0.380364,-0.421589
21274149,-0.533669,-0.626736,-0.380329,-0.421602
21282482,-0.533627,-0.626720,-0.380359,-0.421653
21290815,-0.533607,-0.626727,-0.380374,-0.421654
21299148,-0.533621,-0.626764,-0.380325,-0.421626
21307481,-0.533619,-0.626765,-0.380296,-0.421652
21315814,-0.533615,-0.626789,-0.380260,-0.421654
21324147,-0.533613,-0.626788,-0.380266,-0.421653
21332480,-0.533598,-0.626798,-0.380280,-0.421645
21340813,-0.533596,-0.626826,-0.380263,-0.421622
21349146,-0.533611,-0.626823,-0.380247,-0.421622
21357479,-0.533603,-0.626849,-0.380248,-0.421591
21365812,-0.533596,-0.626849,-0.380259,-0.421591
21374145,-0.533596,-0.626869,-0.380259,-0.421560
21382478,-0.533622,-0.626885,-0.380253,-0.421510
21390811,-0.533613,-0.626887,-0.380286,-0.421488
21399144,-0.533612,-0.626901,-0.380272,-0.421480
21407477,-0.533612,-0.626900,-0.380279,-0.421476
21415810,-0.533629,-0.626910,-0.380284,-0.421435
21424143,-0.533650,-0.626909,-0.380275,-0.421419
21432476,-0.533671,-0.626941,-0.380265,-0.421353
21440809,-0.533620,-0.626925,-0.380325,-0.421387
21449142,-0.533662,-0.626944,-0.380288,-0.421339
21457475,-0.533668,-0.626939,-0.380306,-0.421323
21465808,-0.533682,-0.626969,-0.380301,-0.421265
21474141,-0.533653,-0.626959,-0.380345,-0.421277
21482474,-0.533661,-0.626986,-0.380319,-0.421250
21490807,-0.533651,-0.626993,-0.380346,-0.421228
21499140,-0.533640,-0.626995,-0.380380,-0.421209
21507473,-0.533617,-0.627006,-0.380395,-0.421208
21515806,-0.533598,-0.627015,-0.380413,-0.421203
21524139,-0.533599,-0.627002,-0.380466,-0.421172
21532472,-0.533571,-0.627032,-0.380493,-0.421138
21540805,-0.533569,-0.627072,-0.380484,-0.421090
21549138,-0.533579,-0.627089,-0.380484,-0.421051
21557471,-0.533571,-0.627085,-0.380544,-0.421014
21565804,-0.533518,-0.627094,-0.380621,-0.420997
21574137,-0.533544,-0.627101,-0.380639,-0.420939
21582470,-0.533543,-0.627135,-0.380662,-0.420868
21590803,-0.533566,-0.627126,-0.380713,-0.420805
21599136,-0.533587,-0.627160,-0.380729,-0.420715
21607469,-0.533609,-0.627190,-0.380753,-0.420620
21615802,-0.533630,-0.627196,-0.380788,-0.420553
21624135,-0.533644,-0.627230,-0.380802,-0.420472
21632468,-0.533666,-0.627246,-0.380837,-0.420388
21640801,-0.533710,-0.627254,-0.380863,-0.420297
21649134,-0.533729,-0.627249,-0.380910,-0.420238
21657467,-0.533738,-0.627264,-0.380924,-0.420191
21665800,-0.533773,-0.627270,-0.380940,-0.420123
21674133,-0.533781,-0.627282,-0.380948,-0.420087
21682466,-0.533770,-0.627256,-0.380967,-0.420123
21690799,-0.533784,-0.627265,-0.381001,-0.420061
21699132,-0.533782,-0.627280,-0.381028,-0.420016
21707465,-0.533804,-0.627287,-0.381036,-0.419971
21715798,-0.533790,-0.627273,-0.381065,-0.419984
21724131,-0.533792,-0.627257,-0.381085,-0.419986
21732464,-0.533803,-0.627242,-0.381115,-0.419970
21740797,-0.533821,-0.627279,-0.381126,-0.419880
21749130,-0.533805,-0.627293,-0.381156,-0.419852
21757463,-0.533816,-0.627291,-0.381163,-0.419835
21765796,-0.533789,-0.627297,-0.381178,-0.419846
21774129,-0.533756,-0.627294,-0.381217,-0.419857
21782462,-0.533771,-0.627310,-0.381243,-0.419791
21790795,-0.533752,-0.627311,-0.381248,-0.419809
21799128,-0.533721,-0.627320,-0.381259,-0.419824
21807461,-0.533684,-0.627321,-0.381300,-0.419834
21815794,-0.533685,-0.627344,-0.381290,-0.419807
21824127,-0.533655,-0.627358,-0.381319,-0.419798
21832460,-0.533651,-0.627348,-0.381330,-0.419808
21840793,-0.533618,-0.627362,-0.381357,-0.419805
21849126,-0.533579,-0.627316,-0.381399,-0.419885
21857459,-0.533570,-0.627304,-0.381396,-0.419917
21865792,-0.533545,-0.627294,-0.381392,-0.419967
21874125,-0.533504,-0.627314,-0.381396,-0.419986
21882458,-0.533492,-0.627288,-0.381405,-0.420031
21890791,-0.533486,-0.627286,-0.381406,-0.420041
21899124,-0.533491,-0.627289,-0.381386,-0.420048
21907457,-0.533481,-0.627267,-0.381392,-0.420088
21915790,-0.533462,-0.627268,-0.381380,-0.420122
21924123,-0.533468,-0.627263,-0.381390,-0.420113
21932456,-0.533453,-0.627263,-0.381368,-0.420152
21940789,-0.533479,-0.627263,-0.381347,-0.420138
21949122,-0.533510,-0.627283,-0.381297,-0.420115
21957455,-0.533468,-0.627264,-0.381293,-0.420199
21965788,-0.533455,-0.627271,-0.381290,-0.420209
21974121,-0.533433,-0.627277,-0.381267,-0.420248
21982454,-0.533464,-0.627275,-0.381256,-0.420221
21990787,-0.533438,-0.627283,-0.381235,-0.420262
21999120,-0.533434,-0.627301,-0.381225,-0.420249
22007453,-0.533440,-0.627284,-0.381205,-0.420286
22015786,-0.533427,-0.627293,-0.381169,-0.420321
22024119,-0.533376,-0.627278,-0.381155,-0.420421
22032452,-0.533389,-0.627279,-0.381125,-0.420429
22040785,-0.533405,-0.627261,-0.381101,-0.420458
22049118,-0.533379,-0.627281,-0.381072,-0.420488
22057451,-0.533341,-0.627273,-0.381045,-0.420571
22065784,-0.533363,-0.627264,-0.381036,-0.420566
22074117,-0.533370,-0.627266,-0.381008,-0.420579
22082450,-0.533353,-0.627281,-0.380992,-0.420593
22090783,-0.533352,-0.627278,-0.380977,-0.420611
22099116,-0.533338,-0.627288,-0.380959,-0.420631
22107449,-0.533333,-0.627274,-0.380972,-0.420647
22115782,-0.533315,-0.627295,-0.380972,-0.420637
22124115,-0.533312,-0.627306,-0.380977,-0.420621
22132448,-0.533312,-0.627306,-0.380979,-0.420619
22140781,-0.533314,-0.627357,-0.380956,-0.420562
22149114,-0.533299,-0.627334,-0.380993,-0.420581
22157447,-0.533303,-0.627363,-0.380984,-0.420541
22165780,-0.533325,-0.627386,-0.380977,-0.420485
22174113,-0.533354,-0.627390,-0.381000,-0.420422
22182446,-0.533333,-0.627389,-0.381032,-0.420420
22190779,-0.533350,-0.627420,-0.381023,-0.420360
22199112,-0.533376,-0.627430,-0.381030,-0.420307
22207445,-0.533382,-0.627445,-0.381048,-0.420260
22215778,-0.533371,-0.627432,-0.381094,-0.420251
22224111,-0.533361,-0.627472,-0.381091,-0.420207
22232444,-0.533371,-0.627470,-0.381112,-0.420179
22240777,-0.533348,-0.627448,-0.381171,-0.420188
22249110,-0.533351,-0.627457,-0.381184,-0.420158
22257443,-0.533353,-0.627469,-0.381187,-0.420134
22265776,-0.533350,-0.627457,-0.381207,-0.420139
22274109,-0.533357,-0.627536,-0.381146,-0.420067
22282442,-0.533344,-0.627505,-0.381194,-0.420087
22290775,-0.533318,-0.627450,-0.381240,-0.420159
22299108,-0.533329,-0.627454,-0.381223,-0.420155
22307441,-0.533316,-0.627454,-0.381227,-0.420169
22315774,-0.533275,-0.627428,-0.381212,-0.420273
22324107,-0.533284,-0.627434,-0.381194,-0.420270
22332440,-0.533322,-0.627426,-0.381184,-0.420241
22340773,-0.533325,-0.627434,-0.381168,-0.420240
22349106,-0.533324,-0.627415,-0.381167,-0.420271
22357439,-0.533328,-0.627405,-0.381156,-0.420291
22365772,-0.533335,-0.627388,-0.381148,-0.420314
22374105,-0.533328,-0.627396,-0.381125,-0.420332
22382438,-0.533315,-0.627393,-0.381113,-0.420363
22390771,-0.533295,-0.627391,-0.381109,-0.420397
22399104,-0.533268,-0.627393,-0.381087,-0.420447
22407437,-0.533234,-0.627403,-0.381074,-0.420488
22415770,-0.533264,-0.627408,-0.381071,-0.420445
22424103,-0.533272,-0.627401,-0.381057,-0.420458
22432436,-0.533249,-0.627401,-0.381075,-0.420470
22440769,-0.533232,-0.627402,-0.381054,-0.420509
22449102,-0.533251,-0.627404,-0.381039,-0.420496
22457435,-0.533267,-0.627401,-0.381040,-0.420479
22465768,-0.533234,-0.627439,-0.381039,-0.420465
22474101,-0.533244,-0.627446,-0.381040,-0.420441
22482434,-0.533254,-0.627456,-0.381045,-0.420410
22490767,-0.533282,-0.627443,-0.381056,-0.420383
22499100,-0.533303,-0.627439,-0.381048,-0.420369
22507433,-0.533275,-0.627449,-0.381081,-0.420361
22515766,-0.533292,-0.627464,-0.381087,-0.420311
22524099,-0.533290,-0.627463,-0.381082,-0.420320
22532432,-0.533306,-0.627472,-0.381078,-0.420290
22540765,-0.533322,-0.627476,-0.381079,-0.420262
22549098,-0.533323,-0.627464,-0.381092,-0.420267
22557431,-0.533324,-0.627467,-0.381104,-0.420251
22565764,-0.533327,-0.627485,-0.381095,-0.420228
22574097,-0.533297,-0.627474,-0.381092,-0.420284
22582430,-0.533271,-0.627451,-0.381124,-0.420323
22590763,-0.533316,-0.627479,-0.381110,-0.420237
22599096,-0.533304,-0.627491,-0.381108,-0.420236
22607429,-0.533294,-0.627465,-0.381092,-0.420303
22615762,-0.533281,-0.627460,-0.381107,-0.420313
22624095,-0.533264,-0.627435,-0.381130,-0.420351
22632428,-0.533279,-0.627444,-0.381129,-0.420320
22640761,-0.533281,-0.627418,-0.381123,-0.420360
22649094,-0.533294,-0.627436,-0.381116,-0.420323
22657427,-0.533296,-0.627412,-0.381121,-0.420352
22665760,-0.533269,-0.627400,-0.381129,-0.420396
22674093,-0.533286,-0.627396,-0.381101,-0.420408
22682426,-0.533291,-0.627379,-0.381086,-0.420439
22690759,-0.533284,-0.627376,-0.381078,-0.420461
22699092,-0.533281,-0.627357,-0.381078,-0.420493
22707425,-0.533291,-0.627360,-0.381053,-0.420499
22715758,-0.533301,-0.627352,-0.381031,-0.420518
22724091,-0.533281,-0.627381,-0.381017,-0.420512
22732424,-0.533254,-0.627395,-0.381021,-0.420522
22740757,-0.533236,-0.627359,-0.381029,-0.420591
22749090,-0.533231,-0.627372,-0.381010,-0.420595
22757423,-0.533238,-0.627387,-0.380987,-0.420585
22765756,-0.533252,-0.627393,-0.380967,-0.420577
22774089,-0.533251,-0.627398,-0.380951,-0.420586
22782422,-0.533241,-0.627415,-0.380944,-0.420578
22790755,-0.533210,-0.627400,-0.380963,-0.420624
22799088,-0.533190,-0.627412,-0.380969,-0.420625
22807421,-0.533201,-0.627433,-0.380967,-0.420582
22815754,-0.533155,-0.627415,-0.380972,-0.420662
22824087,-0.533188,-0.627416,-0.380979,-0.420613
22832420,-0.533172,-0.627429,-0.380992,-0.420601
22840753,-0.533173,-0.627424,-0.381000,-0.420601
22849086,-0.533156,-0.627430,-0.381026,-0.420589
22857419,-0.533105,-0.627457,-0.381049,-0.420593
22865752,-0.533083,-0.627451,-0.381053,-0.420626
22874085,-0.533094,-0.627465,-0.381077,-0.420569
22882418,-0.533040,-0.627482,-0.381108,-0.420585
22890751,-0.533053,-0.627519,-0.381095,-0.420525
22899084,-0.533044,-0.627528,-0.381112,-0.420508
22907417,-0.533027,-0.627522,-0.381143,-0.420510
22915750,-0.533022,-0.627546,-0.381159,-0.420467
22924083,-0.532997,-0.627532,-0.381195,-0.420486
22932416,-0.532959,-0.627543,-0.381218,-0.420498
22940749,-0.532900,-0.627542,-0.381267,-0.420529
22949082,-0.532874,-0.627498,-0.381323,-0.420578
22957415,-0.532804,-0.627484,-0.381379,-0.420636
22965748,-0.532683,-0.627373,-0.381548,-0.420801
22974081,-0.532645,-0.627366,-0.381602,-0.420809
22982414,-0.532576,-0.627302,-0.381688,-0.420915
22990747,-0.532524,-0.627312,-0.381743,-0.420917
22999080,-0.532485,-0.627270,-0.381813,-0.420964
23007413,-0.532472,-0.627251,-0.381838,-0.420986
23015746,-0.532467,-0.627257,-0.381847,-0.420976
23024079,-0.532433,-0.627216,-0.381903,-0.421029
23032412,-0.532398,-0.627198,-0.381922,-0.421082
23040745,-0.532370,-0.627182,-0.381971,-0.421097
23049078,-0.532426,-0.627179,-0.381970,-0.421033
23057411,-0.532459,-0.627147,-0.381967,-0.421041
23065744,-0.532470,-0.627109,-0.381970,-0.421081
23074077,-0.532523,-0.627074,-0.381973,-0.421063
23082410,-0.532529,-0.627030,-0.381991,-0.421105
23090743,-0.532678,-0.627094,-0.381813,-0.420982
23099076,-0.532713,-0.627029,-0.381823,-0.421026
23107409,-0.532741,-0.627004,-0.381798,-0.421051
23115742,-0.532814,-0.626959,-0.381759,-0.421061
23124075,-0.532855,-0.626896,-0.381755,-0.421106
23132408,-0.532877,-0.626855,-0.381743,-0.421150
23140741,-0.532960,-0.626825,-0.381678,-0.421147
23149074,-0.532975,-0.626806,-0.381673,-0.421161
23157407,-0.533047,-0.626789,-0.381624,-0.421141
23165740,-0.533118,-0.626771,-0.381572,-0.421126
23174073,-0.533122,-0.626732,-0.381575,-0.421176
23182406,-0.533175,-0.626735,-0.381496,-0.421176
23190739,-0.533182,-0.626682,-0.381493,-0.421248
23199072,-0.533210,-0.626647,-0.381420,-0.421331
23207405,-0.533223,-0.626634,-0.381419,-0.421334
23215738,-0.533238,-0.626609,-0.381388,-0.421381
23224071,-0.533288,-0.626638,-0.381315,-0.421341
23232404,-0.533326,-0.626736,-0.381202,-0.421248
23240737,-0.533274,-0.626715,-0.381223,-0.421326
23249070,-0.533266,-0.626681,-0.381233,-0.421379
23257403,-0.533293,-0.626741,-0.381130,-0.421347
23265736,-0.533271,-0.626687,-0.381142,-0.421445
23274069,-0.533243,-0.626641,-0.381154,-0.421539
23282402,-0.533236,-0.626648,-0.381132,-0.421557
23290735,-0.533223,-0.626657,-0.381102,-0.421587
23299068,-0.533255,-0.626642,-0.381056,-0.421610
23307401,-0.533157,-0.626608,-0.381128,-0.421720
23315734,-0.533092,-0.626608,-0.381120,-0.421810
23324067,-0.533085,-0.626641,-0.381105,-0.421783
23332400,-0.533070,-0.626643,-0.381108,-0.421796
23340733,-0.533067,-0.626661,-0.381076,-0.421801
23349066,-0.533046,-0.626686,-0.381065,-0.421801
23357399,-0.533050,-0.626680,-0.381048,-0.421819
23365732,-0.532978,-0.626690,-0.381115,-0.421836
23374065,-0.532953,-0.626706,-0.381135,-0.421826
23382398,-0.532942,-0.626736,-0.381113,-0.421815
23390731,-0.532929,-0.626761,-0.381113,-0.421794
23399064,-0.532911,-0.626766,-0.381123,-0.421801
23407397,-0.532913,-0.626748,-0.381156,-0.421795
23415730,-0.533004,-0.626881,-0.381018,-0.421608
23424063,-0.533092,-0.627002,-0.380881,-0.421439
23432396,-0.533018,-0.626885,-0.381035,-0.421567
23440729,-0.532958,-0.626845,-0.381143,-0.421604
23449062,-0.532944,-0.626858,-0.381173,-0.421577
23457395,-0.532947,-0.626878,-0.381201,-0.421519
23465728,-0.532977,-0.626919,-0.381181,-0.421437
23474061,-0.532981,-0.626908,-0.381225,-0.421408
23482394,-0.532991,-0.626921,-0.381259,-0.421346
23490727,-0.532997,-0.626927,-0.381254,-0.421333
23499060,-0.533005,-0.626959,-0.381265,-0.421266
23507393,-0.533043,-0.627009,-0.381190,-0.421213
23515726,-0.533098,-0.627050,-0.381164,-0.421105
23524059,-0.533060,-0.626987,-0.381254,-0.421165
23532392,-0.533055,-0.626950,-0.381287,-0.421196
23540725,-0.533090,-0.626979,-0.381289,-0.421107
23549058,-0.533087,-0.627006,-0.381285,-0.421075
23557391,-0.533071,-0.627019,-0.381307,-0.421055
23565724,-0.533021,-0.627001,-0.381381,-0.421077
23574057,-0.532985,-0.627008,-0.381395,-0.421101
23582390,-0.532975,-0.627024,-0.381389,-0.421094
23590723,-0.533091,-0.627148,-0.381227,-0.420910
23599056,-0.533038,-0.627097,-0.381285,-0.421001
23607389,-0.533057,-0.627153,-0.381199,-0.420971
23615722,-0.533016,-0.627111,-0.381252,-0.421037
23624055,-0.533066,-0.627196,-0.381171,-0.420921
23632388,-0.533063,-0.627189,-0.381156,-0.420948
23640721,-0.533004,-0.627129,-0.381231,-0.421045
23649054,-0.532918,-0.627116,-0.381261,-0.421145
23657387,-0.532893,-0.627134,-0.381269,-0.421143
23665720,-0.532922,-0.627221,-0.381178,-0.421059
23674053,-0.532909,-0.627239,-0.381152,-0.421073
23682386,-0.532865,-0.627197,-0.381240,-0.421112
23690719,-0.532848,-0.627183,-0.381276,-0.421121
23699052,-0.532848,-0.627167,-0.381270,-0.421151
23707385,-0.532858,-0.627209,-0.381252,-0.421092
23715718,-0.532894,-0.627276,-0.381181,-0.421011
23724051,-0.532866,-0.627218,-0.381251,-0.421069
23732384,-0.532849,-0.627210,-0.381299,-0.421059
23740717,-0.532858,-0.627246,-0.381301,-0.420992
23749050,-0.532887,-0.627257,-0.381278,-0.420960
23757383,-0.532858,-0.627251,-0.381300,-0.420985
23765716,-0.532844,-0.627225,-0.381327,-0.421017
23774049,-0.532858,-0.627248,-0.381337,-0.420956
23782382,-0.532850,-0.627235,-0.381367,-0.420960
23790715,-0.532837,-0.627231,-0.381376,-0.420972
23799048,-0.532829,-0.627224,-0.381399,-0.420973
23807381,-0.532821,-0.627236,-0.381425,-0.420942
23815714,-0.532792,-0.627252,-0.381466,-0.420918
23824047,-0.532811,-0.627263,-0.381456,-0.420886
23832380,-0.532797,-0.627280,-0.381464,-0.420871
23840713,-0.532827,-0.627317,-0.381415,-0.420822
23849046,-0.532806,-0.627278,-0.381456,-0.420869
23857379,-0.532796,-0.627262,-0.381471,-0.420894
23865712,-0.532791,-0.627283,-0.381473,-0.420866
23874045,-0.532792,-0.627266,-0.381477,-0.420886
23882378,-0.532845,-0.627382,-0.381349,-0.420763
23890711,-0.532828,-0.627345,-0.381359,-0.420830
23899044,-0.532798,-0.627307,-0.381374,-0.420911
23907377,-0.532809,-0.627289,-0.381392,-0.420907
23915710,-0.532802,-0.627308,-0.381369,-0.420908
23924043,-0.532812,-0.627311,-0.381346,-0.420913
23932376,-0.532821,-0.627314,-0.381329,-0.420912
23940709,-0.532781,-0.627324,-0.381326,-0.420950
23949042,-0.532826,-0.627360,-0.381239,-0.420919
23957375,-0.532805,-0.627300,-0.381301,-0.420979
23965708,-0.532768,-0.627301,-0.381317,-0.421010
23974041,-0.532773,-0.627325,-0.381296,-0.420987
23982374,-0.532742,-0.627324,-0.381302,-0.421022
23990707,-0.532719,-0.627317,-0.381320,-0.421045
23999040,-0.532640,-0.627295,-0.381354,-0.421148
24007373,-0.532655,-0.627301,-0.381377,-0.421099
24015706,-0.532643,-0.627304,-0.381377,-0.421110
24024039,-0.532616,-0.627283,-0.381411,-0.421145
24032372,-0.532584,-0.627263,-0.381426,-0.421200
24040705,-0.532590,-0.627294,-0.381429,-0.421144
24049038,-0.532592,-0.627296,-0.381446,-0.421123
24057371,-0.532619,-0.627333,-0.381426,-0.421051
24065704,-0.532581,-0.627331,-0.381458,-0.421073
24074037,-0.532586,-0.627344,-0.381466,-0.421040
24082370,-0.532599,-0.627322,-0.381479,-0.421047
24090703,-0.532664,-0.627441,-0.381343,-0.420908
24099036,-0.532664,-0.627416,-0.381362,-0.420929
24107369,-0.532660,-0.627396,-0.381391,-0.420938
24115702,-0.532672,-0.627392,-0.381388,-0.420930
24124035,-0.532654,-0.627390,-0.381400,-0.420946
24132368,-0.532648,-0.627390,-0.381405,-0.420950
24140701,-0.532634,-0.627391,-0.381408,-0.420963
24149034,-0.532617,-0.627375,-0.381428,-0.420990
24157367,-0.532602,-0.627340,-0.381449,-0.421041
24165700,-0.532581,-0.627337,-0.381465,-0.421057
24174033,-0.532578,-0.627346,-0.381460,-0.421053
24182366,-0.532577,-0.627333,-0.381469,-0.421065
24190699,-0.532579,-0.627360,-0.381473,-0.421019
24199032,-0.532598,-0.627361,-0.381440,-0.421023
24207365,-0.532594,-0.627350,-0.381460,-0.421026
24215698,-0.532563,-0.627329,-0.381481,-0.421077
24224031,-0.532531,-0.627336,-0.381497,-0.421094
24232364,-0.532491,-0.627356,-0.381481,-0.421130
24240697,-0.532521,-0.627366,-0.381473,-0.421085
24249030,-0.532507,-0.627332,-0.381487,-0.421140
24257363,-0.532521,-0.627330,-0.381483,-0.421128
24265696,-0.532516,-0.627363,-0.381458,-0.421110
24274029,-0.532606,-0.627459,-0.381344,-0.420954
24282362,-0.532578,-0.627441,-0.381378,-0.420986
24290695,-0.532570,-0.627429,-0.381394,-0.420999
24299028,-0.532557,-0.627431,-0.381400,-0.421007
24307361,-0.532557,-0.627414,-0.381399,-0.421034
24315694,-0.532543,-0.627425,-0.381412,-0.421024
24324027,-0.532538,-0.627411,-0.381408,-0.421055
24332360,-0.532561,-0.627445,-0.381398,-0.420983
24340693,-0.532528,-0.627413,-0.381457,-0.421020
24349026,-0.532560,-0.627457,-0.381410,-0.420955
24357359,-0.532543,-0.627410,-0.381452,-0.421009
24365692,-0.532533,-0.627399,-0.381474,-0.421018
24374025,-0.532544,-0.627435,-0.381457,-0.420967
24382358,-0.532515,-0.627401,-0.381494,-0.421020
24390691,-0.532570,-0.627511,-0.381366,-0.420903
24399024,-0.532561,-0.627481,-0.381415,-0.420915
24407357,-0.532557,-0.627460,-0.381443,-0.420925
24415690,-0.532565,-0.627490,-0.381445,-0.420869
24424023,-0.532561,-0.627453,-0.381478,-0.420900
24432356,-0.532536,-0.627488,-0.381472,-0.420884
24440689,-0.532581,-0.627564,-0.381400,-0.420780
24449022,-0.532608,-0.627591,-0.381362,-0.420739
24457355,-0.532557,-0.627511,-0.381460,-0.420835
24465688,-0.532529,-0.627484,-0.381496,-0.420877
24474021,-0.532580,-0.627522,-0.381459,-0.420790
24482354,-0.532641,-0.627564,-0.381382,-0.420720
24490687,-0.532602,-0.627501,-0.381446,-0.420804
24499020,-0.532622,-0.627496,-0.381471,-0.420765
24507353,-0.532643,-0.627508,-0.381451,-0.420739
24515686,-0.532660,-0.627508,-0.381445,-0.420723
24524019,-0.532651,-0.627496,-0.381448,-0.420748
24532352,-0.532598,-0.627464,-0.381490,-0.420825
24540685,-0.532626,-0.627456,-0.381478,-0.420812
24549018,-0.532640,-0.627467,-0.381471,-0.420785
24557351,-0.532595,-0.627471,-0.381457,-0.420848
24565684,-0.532566,-0.627470,-0.381472,-0.420873
24574017,-0.532565,-0.627471,-0.381488,-0.420858
24582350,-0.532525,-0.627449,-0.381535,-0.420899
24590683,-0.532497,-0.627426,-0.381566,-0.420940
24599016,-0.532489,-0.627436,-0.381574,-0.420928
24607349,-0.532492,-0.627438,-0.381585,-0.420911
24615682,-0.532492,-0.627434,-0.381590,-0.420914
24624015,-0.532489,-0.627440,-0.381591,-0.420908
24632348,-0.532526,-0.627472,-0.381555,-0.420845
24640681,-0.532511,-0.627453,-0.381582,-0.420868
24649014,-0.532523,-0.627471,-0.381578,-0.420829
24657347,-0.532511,-0.627452,-0.381575,-0.420877
24665680,-0.532503,-0.627444,-0.381621,-0.420857
24674013,-0.532520,-0.627467,-0.381606,-0.420815
24682346,-0.532547,-0.627494,-0.381573,-0.420769
24690679,-0.532692,-0.627678,-0.381347,-0.420517
24699012,-0.532650,-0.627576,-0.381454,-0.420626
24707345,-0.532616,-0.627536,-0.381518,-0.420669
24715678,-0.532606,-0.627525,-0.381549,-0.420670
24724011,-0.532580,-0.627557,-0.381532,-0.420671
24732344,-0.532585,-0.627561,-0.381537,-0.420654
24740677,-0.532586,-0.627535,-0.381560,-0.420671
24749010,-0.532587,-0.627520,-0.381565,-0.420688
24757343,-0.532534,-0.627522,-0.381570,-0.420747
24765676,-0.532672,-0.627679,-0.381373,-0.420516
24774009,-0.532645,-0.627626,-0.381430,-0.420578
24782342,-0.532596,-0.627590,-0.381492,-0.420637
24790675,-0.532638,-0.627621,-0.381457,-0.420570
24799008,-0.532671,-0.627635,-0.381429,-0.420534
24807341,-0.532619,-0.627613,-0.381466,-0.420598
24815674,-0.532653,-0.627645,-0.381403,-0.420565
24824007,-0.532624,-0.627576,-0.381467,-0.420646
24832340,-0.532610,-0.627576,-0.381485,-0.420646
24840673,-0.532572,-0.627529,-0.381511,-0.420742
24849006,-0.532599,-0.627549,-0.381482,-0.420704
24857339,-0.532614,-0.627532,-0.381477,-0.420715
24865672,-0.532605,-0.627515,-0.381485,-0.420745
24874005,-0.532598,-0.627494,-0.381506,-0.420766
24882338,-0.532666,-0.627559,-0.381404,-0.420675
24890671,-0.532668,-0.627526,-0.381401,-0.420724
24899004,-0.532647,-0.627514,-0.381444,-0.420731
24907337,-0.532607,-0.627522,-0.381461,-0.420752
24915670,-0.532603,-0.627542,-0.381480,-0.420711
24924003,-0.532706,-0.627656,-0.381286,-0.420587
24932336,-0.532701,-0.627651,-0.381297,-0.420591
24940669,-0.532655,-0.627587,-0.381381,-0.420668
24949002,-0.532624,-0.627565,-0.381427,-0.420699
24957335,-0.532634,-0.627592,-0.381415,-0.420656
24965668,-0.532583,-0.627550,-0.381466,-0.420737
24974001,-0.532593,-0.627562,-0.381462,-0.420711
24982334,-0.532543,-0.627555,-0.381498,-0.420752
24990667,-0.532546,-0.627529,-0.381524,-0.420763
24999000,-0.532551,-0.627540,-0.381521,-0.420743
25007333,-0.532526,-0.627544,-0.381538,-0.420754
25015666,-0.532537,-0.627518,-0.381541,-0.420775
25023999,-0.532535,-0.627524,-0.381558,-0.420753
25032332,-0.532522,-0.627550,-0.381548,-0.420740
25040665,-0.532527,-0.627512,-0.381568,-0.420772
25048998,-0.532535,-0.627536,-0.381527,-0.420764
25057331,-0.532553,-0.627519,-0.381529,-0.420763
25065664,-0.532543,-0.627513,-0.381558,-0.420760
25073997,-0.532508,-0.627463,-0.381582,-0.420857
25082330,-0.532549,-0.627497,-0.381555,-0.420779
25090663,-0.532563,-0.627487,-0.381553,-0.420778
25098996,-0.532593,-0.627513,-0.381496,-0.420753
25107329,-0.532570,-0.627482,-0.381530,-0.420797
25115662,-0.532583,-0.627456,-0.381535,-0.420815
25123995,-0.532603,-0.627512,-0.381478,-0.420759
25132328,-0.532570,-0.627487,-0.381488,-0.420828
25140661,-0.532571,-0.627504,-0.381479,-0.420809
25148994,-0.532560,-0.627474,-0.381506,-0.420844
25157327,-0.532530,-0.627475,-0.381490,-0.420895
25165660,-0.532484,-0.627468,-0.381512,-0.420942
25173993,-0.532493,-0.627471,-0.381500,-0.420938
25182326,-0.532470,-0.627472,-0.381530,-0.420939
25190659,-0.532451,-0.627450,-0.381549,-0.420977
25198992,-0.532423,-0.627470,-0.381561,-0.420972
25207325,-0.532459,-0.627490,-0.381534,-0.420923
25215658,-0.532441,-0.627473,-0.381562,-0.420945
25223991,-0.532475,-0.627477,-0.381549,-0.420907
25232324,-0.532475,-0.627473,-0.381550,-0.420913
25240657,-0.532482,-0.627491,-0.381549,-0.420877
25248990,-0.532507,-0.627526,-0.381541,-0.420802
25257323,-0.532499,-0.627517,-0.381566,-0.420803
25265656,-0.532539,-0.627521,-0.381538,-0.420770
25273989,-0.532543,-0.627512,-0.381557,-0.420763
25282322,-0.532557,-0.627537,-0.381537,-0.420726
25290655,-0.532542,-0.627530,-0.381545,-0.420747
25298988,-0.532538,-0.627549,-0.381543,-0.420727
25307321,-0.532489,-0.627505,-0.381590,-0.420810
25315654,-0.532502,-0.627510,-0.381599,-0.420779
25323987,-0.532553,-0.627530,-0.381561,-0.420720
25332320,-0.532543,-0.627525,-0.381576,-0.420726
25340653,-0.532499,-0.627513,-0.381577,-0.420798
25348986,-0.532525,-0.627513,-0.381575,-0.420768
25357319,-0.532524,-0.627494,-0.381609,-0.420765
25365652,-0.532481,-0.627490,-0.381615,-0.420821
25373985,-0.532479,-0.627513,-0.381612,-0.420792
25382318,-0.532484,-0.627533,-0.381602,-0.420766
25390651,-0.532492,-0.627509,-0.381597,-0.420795
25398984,-0.532495,-0.627535,-0.381585,-0.420764
25407317,-0.532505,-0.627558,-0.381570,-0.420729
25415650,-0.532487,-0.627527,-0.381600,-0.420772
25423983,-0.532457,-0.627503,-0.381633,-0.420816
25432316,-0.532454,-0.627495,-0.381632,-0.420831
25440649,-0.532479,-0.627523,-0.381594,-0.420793
25448982,-0.532568,-0.627614,-0.381459,-0.420667
25457315,-0.532543,-0.627619,-0.381483,-0.420669
25465648,-0.532529,-0.627585,-0.381515,-0.420709
25473981,-0.532509,-0.627586,-0.381516,-0.420732
25482314,-0.532511,-0.627569,-0.381517,-0.420755
25490647,-0.532495,-0.627565,-0.381537,-0.420762
25498980,-0.532496,-0.627535,-0.381550,-0.420794
25507313,-0.532492,-0.627532,-0.381549,-0.420803
25515646,-0.532475,-0.627535,-0.381567,-0.420805
25523979,-0.532487,-0.627567,-0.381543,-0.420764
25532312,-0.532490,-0.627521,-0.381554,-0.420819
25540645,-0.532579,-0.627615,-0.381439,-0.420669
25548978,-0.532563,-0.627572,-0.381469,-0.420728
25557311,-0.532528,-0.627563,-0.381509,-0.420748
25565644,-0.532501,-0.627554,-0.381522,-0.420785
25573977,-0.532530,-0.627545,-0.381518,-0.420765
25582310,-0.532551,-0.627554,-0.381522,-0.420720
25590643,-0.532500,-0.627562,-0.381548,-0.420749
25598976,-0.532483,-0.627529,-0.381591,-0.420782
25607309,-0.532484,-0.627537,-0.381595,-0.420765
25615642,-0.532466,-0.627536,-0.381612,-0.420775
25623975,-0.532462,-0.627534,-0.381628,-0.420768
25632308,-0.532439,-0.627550,-0.381605,-0.420793
25640641,-0.532455,-0.627565,-0.381607,-0.420749
25648974,-0.532437,-0.627510,-0.381644,-0.420820
25657307,-0.532435,-0.627496,-0.381661,-0.420829
25665640,-0.532435,-0.627519,-0.381635,-0.420816
25673973,-0.532541,-0.627632,-0.381483,-0.420653
25682306,-0.532544,-0.627591,-0.381504,-0.420691
25690639,-0.532527,-0.627567,-0.381522,-0.420733
25698972,-0.532536,-0.627550,-0.381515,-0.420753
25707305,-0.532525,-0.627537,-0.381512,-0.420789
25715638,-0.532501,-0.627508,-0.381538,-0.420838
25723971,-0.532507,-0.627535,-0.381514,-0.420812
25732304,-0.532505,-0.627535,-0.381514,-0.420815
25740637,-0.532499,-0.627523,-0.381514,-0.420841
25748970,-0.532463,-0.627523,-0.381528,-0.420873
25757303,-0.532439,-0.627508,-0.381550,-0.420907
25765636,-0.532427,-0.627520,-0.381550,-0.420903
25773969,-0.532393,-0.627502,-0.381574,-0.420951
25782302,-0.532395,-0.627552,-0.381534,-0.420912
25790635,-0.532413,-0.627555,-0.381536,-0.420883
25798968,-0.532382,-0.627492,-0.381600,-0.420957
25807301,-0.532361,-0.627499,-0.381614,-0.420960
25815634,-0.532396,-0.627541,-0.381569,-0.420894
25823967,-0.532377,-0.627563,-0.381575,-0.420880
25832300,-0.532376,-0.627549,-0.381589,-0.420889
25840633,-0.532418,-0.627559,-0.381576,-0.420832
25848966,-0.532379,-0.627536,-0.381614,-0.420883
25857299,-0.532417,-0.627563,-0.381603,-0.420803
25865632,-0.532422,-0.627561,-0.381609,-0.420796
25873965,-0.532443,-0.627556,-0.381613,-0.420773
25882298,-0.532428,-0.627552,-0.381628,-0.420783
25890631,-0.532439,-0.627600,-0.381587,-0.420737
25898964,-0.532469,-0.627597,-0.381586,-0.420703
25907297,-0.532456,-0.627570,-0.381595,-0.420752
25915630,-0.532416,-0.627539,-0.381636,-0.420811
25923963,-0.532433,-0.627529,-0.381663,-0.420780
25932296,-0.532432,-0.627548,-0.381653,-0.420761
25940629,-0.532434,-0.627569,-0.381634,-0.420745
25948962,-0.532451,-0.627573,-0.381623,-0.420727
25957295,-0.532459,-0.627578,-0.381617,-0.420716
25965628,-0.532452,-0.627552,-0.381639,-0.420742
25973961,-0.532464,-0.627588,-0.381615,-0.420697
25982294,-0.532448,-0.627579,-0.381629,-0.420717
25990627,-0.532435,-0.627540,-0.381646,-0.420776
25998960,-0.532457,-0.627578,-0.381613,-0.420723
26007293,-0.532466,-0.627552,-0.381617,-0.420745
26015626,-0.532462,-0.627576,-0.381606,-0.420725
26023959,-0.532447,-0.627587,-0.381586,-0.420745
26032292,-0.532399,-0.627551,-0.381603,-0.420846
26040625,-0.532387,-0.627554,-0.381634,-0.420827
26048958,-0.532387,-0.627547,-0.381640,-0.420831
26057291,-0.532402,-0.627582,-0.381611,-0.420787
26065624,-0.532416,-0.627566,-0.381606,-0.420798
26073957,-0.532361,-0.627547,-0.381637,-0.420868
26082290,-0.532347,-0.627536,-0.381659,-0.420882
26090623,-0.532381,-0.627575,-0.381612,-0.420824
26098956,-0.532409,-0.627595,-0.381591,-0.420776
26107289,-0.532479,-0.627674,-0.381488,-0.420664
26115622,-0.532424,-0.627609,-0.381524,-0.420800
26123955,-0.532426,-0.627587,-0.381561,-0.420796
26132288,-0.532447,-0.627618,-0.381554,-0.420729
26140621,-0.532441,-0.627598,-0.381580,-0.420743
26148954,-0.532461,-0.627592,-0.381557,-0.420747
26157287,-0.532447,-0.627575,-0.381575,-0.420775
26165620,-0.532425,-0.627572,-0.381578,-0.420804
26173953,-0.532431,-0.627558,-0.381611,-0.420786
26182286,-0.532416,-0.627558,-0.381604,-0.420813
26190619,-0.532505,-0.627692,-0.381469,-0.420622
26198952,-0.532474,-0.627628,-0.381524,-0.420706
26207285,-0.532456,-0.627611,-0.381530,-0.420749
26215618,-0.532450,-0.627623,-0.381544,-0.420727
26223951,-0.532449,-0.627599,-0.381569,-0.420741
26232284,-0.532420,-0.627610,-0.381592,-0.420739
26240617,-0.532432,-0.627585,-0.381598,-0.420758
26248950,-0.532407,-0.627560,-0.381608,-0.420816
26257283,-0.532492,-0.627660,-0.381491,-0.420666
26265616,-0.532463,-0.627618,-0.381544,-0.420718
26273949,-0.532463,-0.627582,-0.381538,-0.420777
26282282,-0.532474,-0.627563,-0.381543,-0.420786
26290615,-0.532487,-0.627542,-0.381545,-0.420800
26298948,-0.532482,-0.627544,-0.381548,-0.420800
26307281,-0.532482,-0.627558,-0.381549,-0.420777
26315614,-0.532477,-0.627582,-0.381531,-0.420766
26323947,-0.532513,-0.627605,-0.381507,-0.420708
26332280,-0.532480,-0.627574,-0.381566,-0.420741
26340613,-0.532449,-0.627583,-0.381598,-0.420737
26348946,-0.532471,-0.627644,-0.381562,-0.420652
26357279,-0.532494,-0.627670,-0.381550,-0.420595
26365612,-0.532494,-0.627683,-0.381538,-0.420586
26373945,-0.532478,-0.627675,-0.381604,-0.420560
26382278,-0.532504,-0.627752,-0.381592,-0.420421
26390611,-0.532514,-0.627735,-0.381639,-0.420392
26398944,-0.532528,-0.627731,-0.381671,-0.420350
26407277,-0.532555,-0.627698,-0.381718,-0.420324
26415610,-0.532578,-0.627665,-0.381777,-0.420289
26423943,-0.532614,-0.627633,-0.381828,-0.420246
26432276,-0.532854,-0.627830,-0.381576,-0.419875
26440609,-0.532766,-0.627601,-0.381825,-0.420104
26448942,-0.532926,-0.627728,-0.381689,-0.419834
26457275,-0.533045,-0.627730,-0.381660,-0.419707
26465608,-0.532964,-0.627498,-0.381979,-0.419866
26473941,-0.532946,-0.627338,-0.382211,-0.419916
26482274,-0.533010,-0.627319,-0.382291,-0.419792
26490607,-0.533097,-0.627287,-0.382377,-0.419650
26498940,-0.533165,-0.627259,-0.382459,-0.419531
26507273,-0.533305,-0.627314,-0.382456,-0.419274
26515606,-0.533423,-0.627287,-0.382517,-0.419108
26523939,-0.533543,-0.627262,-0.382579,-0.418936
26532272,-0.533616,-0.627181,-0.382694,-0.418859
26540605,-0.533743,-0.627139,-0.382750,-0.418709
26548938,-0.533897,-0.627111,-0.382767,-0.418539
26557271,-0.534052,-0.627169,-0.382723,-0.418295
26565604,-0.534185,-0.627189,-0.382718,-0.418100
26573937,-0.534321,-0.627172,-0.382701,-0.417967
26582270,-0.534427,-0.627140,-0.382712,-0.417869
26590603,-0.534540,-0.627156,-0.382665,-0.417744
26598936,-0.535032,-0.627688,-0.381950,-0.416969
26607269,-0.534954,-0.627239,-0.382320,-0.417405
26615602,-0.534908,-0.627039,-0.382502,-0.417597
26623935,-0.534894,-0.626888,-0.382600,-0.417752
26632268,-0.534982,-0.626898,-0.382509,-0.417709
26640601,-0.535141,-0.627002,-0.382280,-0.417557
26648934,-0.535137,-0.626911,-0.382287,-0.417694
26657267,-0.535271,-0.626675,-0.382236,-0.417923
26665600,-0.535320,-0.626599,-0.382181,-0.418024
26673933,-0.535234,-0.626785,-0.382116,-0.417915
26682266,-0.535241,-0.626788,-0.382056,-0.417956
26690599,-0.535296,-0.626741,-0.381956,-0.418047
26698932,-0.535321,-0.626700,-0.381863,-0.418162
26707265,-0.535341,-0.626636,-0.381799,-0.418290
26715598,-0.535445,-0.626401,-0.381744,-0.418559
26723931,-0.535494,-0.626308,-0.381652,-0.418720
26732264,-0.535535,-0.626346,-0.381471,-0.418775
26740597,-0.535542,-0.626320,-0.381366,-0.418901
26748930,-0.535407,-0.626464,-0.381335,-0.418886
26757263,-0.535469,-0.626144,-0.381342,-0.419279
26765596,-0.535502,-0.625997,-0.381293,-0.419502
26773929,-0.535580,-0.625977,-0.381125,-0.419585
26782262,-0.535628,-0.625967,-0.380978,-0.419670
26790595,-0.535652,-0.625831,-0.380927,-0.419890
26798928,-0.535402,-0.626054,-0.381007,-0.419804
26807261,-0.535567,-0.625814,-0.380866,-0.420079
26815594,-0.535410,-0.625976,-0.380868,-0.420035
26823927,-0.535339,-0.626013,-0.380874,-0.420065
26832260,-0.535318,-0.625971,-0.380842,-0.420184
26840593,-0.535325,-0.625855,-0.380771,-0.420411
26848926,-0.535355,-0.625831,-0.380725,-0.420450
26857259,-0.535350,-0.625755,-0.380742,-0.420555
26865592,-0.535316,-0.625743,-0.380755,-0.420605
26873925,-0.535330,-0.625692,-0.380681,-0.420730
26882258,-0.535301,-0.625665,-0.380638,-0.420845
26890591,-0.535310,-0.625624,-0.380588,-0.420940
26898924,-0.535324,-0.625590,-0.380544,-0.421012
26907257,-0.535331,-0.625502,-0.380539,-0.421139
26915590,-0.535367,-0.625472,-0.380489,-0.421182
26923923,-0.535410,-0.625444,-0.380423,-0.421229
26932256,-0.535416,-0.625387,-0.380385,-0.421341
26940589,-0.535411,-0.625376,-0.380338,-0.421406
26948922,-0.535519,-0.625409,-0.380179,-0.421364
26957255,-0.535789,-0.625077,-0.380062,-0.421618
26965588,-0.535656,-0.625126,-0.380116,-0.421665
26973921,-0.535772,-0.624888,-0.380015,-0.421961
26982254,-0.535873,-0.624797,-0.379927,-0.422049
26990587,-0.535784,-0.625018,-0.379875,-0.421881
26998920,-0.535760,-0.625053,-0.379850,-0.421882
27007253,-0.535815,-0.624999,-0.379797,-0.421940
27015586,-0.535820,-0.624949,-0.379781,-0.422021
27023919,-0.535786,-0.624911,-0.379778,-0.422125
27032252,-0.535816,-0.624879,-0.379765,-0.422144
27040585,-0.535804,-0.624873,-0.379727,-0.422203
27048918,-0.535851,-0.624844,-0.379674,-0.422233
27057251,-0.535867,-0.624856,-0.379615,-0.422249
27065584,-0.535906,-0.624827,-0.379575,-0.422278
27073917,-0.535911,-0.624792,-0.379552,-0.422345
27082250,-0.535994,-0.624780,-0.379489,-0.422313
27090583,-0.536023,-0.624791,-0.379401,-0.422340
27098916,-0.536052,-0.624777,-0.379334,-0.422384
27107249,-0.536111,-0.624743,-0.379288,-0.422400
27115582,-0.536156,-0.624737,-0.379224,-0.422409
27123915,-0.536192,-0.624708,-0.379169,-0.422457
27132248,-0.536195,-0.624672,-0.379126,-0.422544
27140581,-0.536251,-0.624689,-0.379021,-0.422541
27148914,-0.536291,-0.624735,-0.378951,-0.422485
27157247,-0.536262,-0.624687,-0.378905,-0.422633
27165580,-0.536281,-0.624654,-0.378838,-0.422720
27173913,-0.536197,-0.624600,-0.378864,-0.422881
27182246,-0.536221,-0.624568,-0.378828,-0.422932
27190579,-0.536238,-0.624562,-0.378789,-0.422954
27198912,-0.536237,-0.624537,-0.378732,-0.423042
27207245,-0.536281,-0.624543,-0.378634,-0.423067
27215578,-0.536243,-0.624476,-0.378629,-0.423218
27223911,-0.536254,-0.624442,-0.378580,-0.423298
27232244,-0.536201,-0.624353,-0.378628,-0.423453
27240577,-0.536162,-0.624420,-0.378574,-0.423452
27248910,-0.536197,-0.624419,-0.378483,-0.423490
27257243,-0.536205,-0.624376,-0.378481,-0.423546
27265576,-0.536202,-0.624358,-0.378461,-0.423594
27273909,-0.536226,-0.624379,-0.378415,-0.423573
27282242,-0.536202,-0.624336,-0.378456,-0.423631
27290575,-0.536132,-0.624304,-0.378433,-0.423787
27298908,-0.536071,-0.624291,-0.378448,-0.423871
27307241,-0.536038,-0.624300,-0.378447,-0.423899
27315574,-0.536039,-0.624289,-0.378499,-0.423867
27323907,-0.535967,-0.624279,-0.378516,-0.423957
27332240,-0.536006,-0.624300,-0.378466,-0.423923
27340573,-0.535993,-0.624326,-0.378468,-0.423899
27348906,-0.535926,-0.624250,-0.378554,-0.424019
27357239,-0.535982,-0.624275,-0.378493,-0.423967
27365572,-0.535801,-0.624182,-0.378672,-0.424171
27373905,-0.535874,-0.624307,-0.378561,-0.423995
27382238,-0.535842,-0.624288,-0.378606,-0.424023
27390571,-0.535797,-0.624283,-0.378665,-0.424034
27398904,-0.535746,-0.624273,-0.378733,-0.424053
27407237,-0.535633,-0.624230,-0.378856,-0.424148
27415570,-0.535628,-0.624313,-0.378818,-0.424068
27423903,-0.535609,-0.624320,-0.378837,-0.424063
27432236,-0.535565,-0.624320,-0.378884,-0.424077
27440569,-0.535509,-0.624319,-0.378956,-0.424085
27448902,-0.535478,-0.624326,-0.378985,-0.424088
27457235,-0.535464,-0.624288,-0.379030,-0.424121
27465568,-0.535428,-0.624300,-0.379072,-0.424113
27473901,-0.535388,-0.624283,-0.379121,-0.424143
27482234,-0.535341,-0.624278,-0.379165,-0.424171
27490567,-0.535312,-0.624274,-0.379194,-0.424187
27498900,-0.535299,-0.624290,-0.379209,-0.424168
27507233,-0.535268,-0.624295,-0.379237,-0.424174
27515566,-0.535258,-0.624300,-0.379247,-0.424170
27523899,-0.535154,-0.624214,-0.379360,-0.424328
27532232,-0.535172,-0.624290,-0.379321,-0.424227
27540565,-0.535191,-0.624305,-0.379295,-0.424204
27548898,-0.535199,-0.624335,-0.379263,-0.424178
27557231,-0.535159,-0.624297,-0.379318,-0.424236
27565564,-0.535137,-0.624320,-0.379315,-0.424231
27573897,-0.535125,-0.624334,-0.379303,-0.424238
27582230,-0.535145,-0.624361,-0.379266,-0.424205
27590563,-0.535076,-0.624267,-0.379363,-0.424345
27598896,-0.535043,-0.624248,-0.379406,-0.424376
27607229,-0.535080,-0.624250,-0.379358,-0.424369
27615562,-0.535088,-0.624320,-0.379308,-0.424301
27623895,-0.535012,-0.624275,-0.379405,-0.424375
27632228,-0.535005,-0.624295,-0.379393,-0.424367
27640561,-0.535058,-0.624432,-0.379267,-0.424210
27648894,-0.535263,-0.624064,-0.379198,-0.424554
27657227,-0.535340,-0.623965,-0.379164,-0.424633
27665560,-0.535340,-0.623996,-0.379170,-0.424582
27673893,-0.535297,-0.623982,-0.379193,-0.424637
27682226,-0.535294,-0.623998,-0.379178,-0.424630
27690559,-0.535349,-0.624026,-0.379105,-0.424585
27698892,-0.535448,-0.624138,-0.378971,-0.424415
27707225,-0.535481,-0.624188,-0.378904,-0.424360
27715558,-0.535425,-0.624127,-0.378992,-0.424441
27723891,-0.535348,-0.623995,-0.379141,-0.424600
27732224,-0.535354,-0.624292,-0.378978,-0.424302
27740557,-0.535455,-0.624241,-0.378898,-0.424320
27748890,-0.535501,-0.624184,-0.378897,-0.424346
27757223,-0.535533,-0.624199,-0.378888,-0.424292
27765556,-0.535551,-0.624214,-0.378856,-0.424277
27773889,-0.535427,-0.624125,-0.378998,-0.424437
27782222,-0.535490,-0.624231,-0.378905,-0.424284
27790555,-0.535486,-0.624265,-0.378891,-0.424252
27798888,-0.535482,-0.624277,-0.378918,-0.424214
27807221,-0.535468,-0.624278,-0.378920,-0.424230
27815554,-0.535484,-0.624276,-0.378928,-0.424206
27823887,-0.535428,-0.624275,-0.378949,-0.424258
27832220,-0.535420,-0.624308,-0.378922,-0.424244
27840553,-0.535420,-0.624308,-0.378927,-0.424239
27848886,-0.535444,-0.624342,-0.378930,-0.424157
27857219,-0.535439,-0.624326,-0.378900,-0.424213
27865552,-0.535424,-0.624322,-0.378907,-0.424231
27873885,-0.535415,-0.624327,-0.378964,-0.424185
27882218,-0.535395,-0.624345,-0.378941,-0.424203
27890551,-0.535355,-0.624316,-0.378956,-0.424284
27898884,-0.535355,-0.624329,-0.378932,-0.424286
27907217,-0.535325,-0.624298,-0.378978,-0.424328
27915550,-0.535356,-0.624315,-0.378999,-0.424245
27923883,-0.535308,-0.624304,-0.379031,-0.424294
27932216,-0.535311,-0.624333,-0.379000,-0.424275
27940549,-0.535317,-0.624332,-0.378998,-0.424271
27948882,-0.535309,-0.624336,-0.379010,-0.424264
27957215,-0.535250,-0.624330,-0.379065,-0.424298
27965548,-0.535275,-0.624379,-0.379025,-0.424231
27973881,-0.535255,-0.624362,-0.379042,-0.424265
27982214,-0.535230,-0.624354,-0.379077,-0.424278
27990547,-0.535228,-0.624409,-0.379058,-0.424216
27998880,-0.535231,-0.624420,-0.379031,-0.424221
28007213,-0.535218,-0.624421,-0.379051,-0.424218
28015546,-0.535234,-0.624413,-0.379031,-0.424227
28023879,-0.535171,-0.624386,-0.379103,-0.424281
28032212,-0.535176,-0.624399,-0.379085,-0.424272
28040545,-0.535204,-0.624393,-0.379056,-0.424272
28048878,-0.535232,-0.624404,-0.379001,-0.424269
28057211,-0.535229,-0.624454,-0.378962,-0.424235
28065544,-0.535206,-0.624422,-0.379012,-0.424266
28073877,-0.535209,-0.624421,-0.378997,-0.424277
28082210,-0.535236,-0.624419,-0.378986,-0.424257
28090543,-0.535220,-0.624388,-0.379001,-0.424308
28098876,-0.535260,-0.624443,-0.378944,-0.424228
28107209,-0.535249,-0.624475,-0.378911,-0.424224
28115542,-0.535221,-0.624438,-0.378932,-0.424296
28123875,-0.535203,-0.624424,-0.378937,-0.424333
28132208,-0.535232,-0.624453,-0.378889,-0.424298
28140541,-0.535197,-0.624448,-0.378930,-0.424312
28148874,-0.535195,-0.624460,-0.378918,-0.424307
28157207,-0.535183,-0.624455,-0.378917,-0.424332
28165540,-0.535203,-0.624469,-0.378870,-0.424327
28173873,-0.535199,-0.624479,-0.378880,-0.424308
28182206,-0.535177,-0.624500,-0.378883,-0.424303
28190539,-0.535162,-0.624492,-0.378898,-0.424320
28198872,-0.535175,-0.624484,-0.378893,-0.424319
28207205,-0.535159,-0.624475,-0.378903,-0.424344
28215538,-0.535164,-0.624543,-0.378865,-0.424271
28223871,-0.535184,-0.624558,-0.378855,-0.424234
28232204,-0.535150,-0.624546,-0.378886,-0.424268
28240537,-0.535134,-0.624546,-0.378889,-0.424285
28248870,-0.535121,-0.624536,-0.378905,-0.424301
28257203,-0.535111,-0.624546,-0.378930,-0.424276
28265536,-0.535088,-0.624552,-0.378939,-0.424289
28273869,-0.535103,-0.624540,-0.378938,-0.424289
28282202,-0.535096,-0.624562,-0.378912,-0.424288
28290535,-0.535101,-0.624582,-0.378917,-0.424248
28298868,-0.535117,-0.624573,-0.378944,-0.424216
28307201,-0.535082,-0.624569,-0.378971,-0.424243
28315534,-0.535075,-0.624587,-0.378971,-0.424224
28323867,-0.535069,-0.624573,-0.378974,-0.424252
28332200,-0.535063,-0.624588,-0.378983,-0.424228
28340533,-0.535105,-0.624596,-0.378959,-0.424186
28348866,-0.535106,-0.624612,-0.378941,-0.424175
28357199,-0.535109,-0.624638,-0.378929,-0.424144
28365532,-0.535093,-0.624620,-0.378971,-0.424153
28373865,-0.535046,-0.624585,-0.379023,-0.424219
28382198,-0.535048,-0.624610,-0.379007,-0.424193
28390531,-0.535059,-0.624629,-0.378979,-0.424176
28398864,-0.535071,-0.624642,-0.378972,-0.424149
28407197,-0.535044,-0.624622,-0.378981,-0.424204
28415530,-0.535069,-0.624652,-0.378952,-0.424154
28423863,-0.535074,-0.624669,-0.378935,-0.424138
28432196,-0.535092,-0.624676,-0.378907,-0.424129
28440529,-0.535070,-0.624673,-0.378914,-0.424155
28448862,-0.535062,-0.624638,-0.378947,-0.424187
28457195,-0.535064,-0.624666,-0.378927,-0.424162
28465528,-0.535082,-0.624693,-0.378894,-0.424129
28473861,-0.535099,-0.624699,-0.378901,-0.424093
28482194,-0.535114,-0.624688,-0.378893,-0.424098
28490527,-0.535107,-0.624677,-0.378898,-0.424117
28498860,-0.535109,-0.624698,-0.378882,-0.424097
28507193,-0.535106,-0.624682,-0.378913,-0.424097
28515526,-0.535114,-0.624706,-0.378897,-0.424066
28523859,-0.535119,-0.624672,-0.378921,-0.424089
28532192,-0.535139,-0.624725,-0.378875,-0.424027
28540525,-0.535089,-0.624714,-0.378932,-0.424055
28548858,-0.535083,-0.624699,-0.378969,-0.424052
28557191,-0.535098,-0.624736,-0.378948,-0.423997
28565524,-0.535099,-0.624744,-0.378930,-0.424000
28573857,-0.535053,-0.624719,-0.378974,-0.424055
28582190,-0.535051,-0.624721,-0.378988,-0.424044
28590523,-0.535073,-0.624705,-0.378978,-0.424047
28598856,-0.535092,-0.624722,-0.378971,-0.424005
28607189,-0.535087,-0.624715,-0.378990,-0.424005
28615522,-0.535072,-0.624697,-0.379020,-0.424023
28623855,-0.535090,-0.624698,-0.379008,-0.424010
28632188,-0.535112,-0.624708,-0.378990,-0.423983
28640521,-0.535075,-0.624711,-0.378965,-0.424048
28648854,-0.535054,-0.624686,-0.378977,-0.424100
28657187,-0.535092,-0.624725,-0.378975,-0.423997
28665520,-0.535124,-0.624708,-0.378967,-0.423988
28673853,-0.535132,-0.624734,-0.378909,-0.423992
28682186,-0.535103,-0.624726,-0.378946,-0.424007
28690519,-0.535065,-0.624728,-0.378943,-0.424055
28698852,-0.535077,-0.624736,-0.378976,-0.423999
28707185,-0.535099,-0.624746,-0.378965,-0.423966
28715518,-0.534958,-0.624593,-0.379135,-0.424217
28723851,-0.534989,-0.624655,-0.379094,-0.424124
28732184,-0.534991,-0.624646,-0.379131,-0.424100
28740517,-0.534886,-0.624533,-0.379271,-0.424274
28748850,-0.534843,-0.624502,-0.379347,-0.424306
28757183,-0.534831,-0.624510,-0.379362,-0.424296
28765516,-0.534817,-0.624497,-0.379383,-0.424314
28773849,-0.534956,-0.624685,-0.379197,-0.424029
28782182,-0.534930,-0.624681,-0.379170,-0.424092
28790515,-0.534965,-0.624698,-0.379161,-0.424031
28798848,-0.534992,-0.624762,-0.379083,-0.423971
28807181,-0.535026,-0.624718,-0.379107,-0.423972
28815514,-0.534831,-0.624545,-0.379354,-0.424252
28823847,-0.534940,-0.624661,-0.379243,-0.424044
28832180,-0.534998,-0.624732,-0.379140,-0.423957
28840513,-0.534854,-0.624594,-0.379335,-0.424168
28848846,-0.534937,-0.624722,-0.379190,-0.424004
28857179,-0.534949,-0.624725,-0.379187,-0.423988
28865512,-0.534925,-0.624696,-0.379212,-0.424037
28873845,-0.534876,-0.624619,-0.379310,-0.424126
28882178,-0.534842,-0.624549,-0.379385,-0.424206
28890511,-0.534890,-0.624651,-0.379297,-0.424072
28898844,-0.534925,-0.624724,-0.379204,-0.424004
28907177,-0.534853,-0.624643,-0.379313,-0.424117
28915510,-0.534909,-0.624718,-0.379240,-0.424000
28923843,-0.534920,-0.624707,-0.379201,-0.424038
28932176,-0.534923,-0.624717,-0.379184,-0.424035
28940509,-0.534816,-0.624551,-0.379378,-0.424242
28948842,-0.534912,-0.624715,-0.379212,-0.424026
28957175,-0.534888,-0.624741,-0.379184,-0.424043
28965508,-0.534913,-0.624757,-0.379162,-0.424009
28973841,-0.534916,-0.624743,-0.379154,-0.424031
28982174,-0.534971,-0.624733,-0.379158,-0.423974
28990507,-0.534916,-0.624636,-0.379265,-0.424090
28998840,-0.534846,-0.624641,-0.379289,-0.424149
29007173,-0.534831,-0.624672,-0.379310,-0.424103
29015506,-0.534753,-0.624559,-0.379411,-0.424278
29023839,-0.534832,-0.624687,-0.379271,-0.424115
29032172,-0.534827,-0.624640,-0.379302,-0.424164
29040505,-0.534752,-0.624551,-0.379403,-0.424300
29048838,-0.534828,-0.624631,-0.379368,-0.424116
29057171,-0.534847,-0.624714,-0.379273,-0.424055
29065504,-0.534821,-0.624672,-0.379312,-0.424115
29073837,-0.534757,-0.624580,-0.379419,-0.424235
29082170,-0.534840,-0.624713,-0.379277,-0.424062
29090503,-0.534951,-0.624880,-0.379102,-0.423832
29098836,-0.534956,-0.624816,-0.379140,-0.423887
29107169,-0.534882,-0.624658,-0.379273,-0.424093
29115502,-0.534838,-0.624623,-0.379328,-0.424152
29123835,-0.534905,-0.624768,-0.379197,-0.423970
29132168,-0.534845,-0.624684,-0.379294,-0.424084
29140501,-0.534812,-0.624630,-0.379369,-0.424139
29148834,-0.534799,-0.624612,-0.379398,-0.424154
29157167,-0.534761,-0.624660,-0.379405,-0.424125
29165500,-0.534785,-0.624616,-0.379413,-0.424153
29173833,-0.534793,-0.624605,-0.379417,-0.424156
29182166,-0.534794,-0.624635,-0.379397,-0.424128
29190499,-0.534901,-0.624733,-0.379251,-0.423978
29198832,-0.534844,-0.624652,-0.379331,-0.424098
29207165,-0.534826,-0.624613,-0.379374,-0.424140
29215498,-0.534878,-0.624741,-0.379264,-0.423985
29223831,-0.534881,-0.624676,-0.379298,-0.424046
29232164,-0.534860,-0.624600,-0.379401,-0.424092
29240497,-0.534826,-0.624539,-0.379426,-0.424202
29248830,-0.534880,-0.624580,-0.379326,-0.424164
29257163,-0.535213,-0.624964,-0.378764,-0.423680
29265496,-0.535000,-0.624708,-0.379107,-0.424020
29273829,-0.534888,-0.624605,-0.379271,-0.424167
29282162,-0.534903,-0.624657,-0.379217,-0.424120
29290495,-0.534850,-0.624632,-0.379281,-0.424166
29298828,-0.534830,-0.624621,-0.379299,-0.424191
29307161,-0.534886,-0.624702,-0.379205,-0.424085
29315494,-0.534864,-0.624644,-0.379262,-0.424147
29323827,-0.534758,-0.624533,-0.379395,-0.424326
29332160,-0.534807,-0.624640,-0.379323,-0.424170
29340493,-0.534896,-0.624725,-0.379201,-0.424042
29348826,-0.534864,-0.624679,-0.379234,-0.424121
29357159,-0.534805,-0.624677,-0.379287,-0.424151
29365492,-0.534874,-0.624746,-0.379220,-0.424022
29373825,-0.534858,-0.624657,-0.379288,-0.424113
29382158,-0.534943,-0.624800,-0.379163,-0.423906
29390491,-0.534937,-0.624791,-0.379141,-0.423947
29398824,-0.534935,-0.624802,-0.379139,-0.423935
29407157,-0.534828,-0.624680,-0.379278,-0.424126
29415490,-0.534818,-0.624672,-0.379300,-0.424130
29423823,-0.534825,-0.624671,-0.379281,-0.424139
29432156,-0.534909,-0.624767,-0.379178,-0.423984
29440489,-0.534878,-0.624694,-0.379236,-0.424080
29448822,-0.534839,-0.624646,-0.379306,-0.424137
29457155,-0.534838,-0.624639,-0.379312,-0.424142
29465488,-0.534847,-0.624619,-0.379296,-0.424175
29473821,-0.534862,-0.624632,-0.379284,-0.424147
29482154,-0.534848,-0.624621,-0.379319,-0.424150
29490487,-0.534830,-0.624551,-0.379397,-0.424206
29498820,-0.534806,-0.624609,-0.379346,-0.424197
29507153,-0.534841,-0.624679,-0.379293,-0.424097
29515486,-0.534879,-0.624691,-0.379264,-0.424056
29523819,-0.534869,-0.624687,-0.379286,-0.424056
29532152,-0.534847,-0.624677,-0.379289,-0.424097
29540485,-0.534769,-0.624602,-0.379377,-0.424225
29548818,-0.534800,-0.624639,-0.379338,-0.424168
29557151,-0.534792,-0.624674,-0.379317,-0.424144
29565484,-0.534830,-0.624762,-0.379234,-0.424041
29573817,-0.534811,-0.624692,-0.379306,-0.424105
29582150,-0.534871,-0.624733,-0.379230,-0.424034
29590483,-0.534806,-0.624658,-0.379297,-0.424169
29598816,-0.534699,-0.624582,-0.379426,-0.424300
29607149,-0.534801,-0.624735,-0.379271,-0.424085
29615482,-0.534782,-0.624677,-0.379293,-0.424173
29623815,-0.534734,-0.624644,-0.379305,-0.424272
29632148,-0.534834,-0.624740,-0.379234,-0.424068
29640481,-0.534813,-0.624756,-0.379211,-0.424092
29648814,-0.534729,-0.624594,-0.379354,-0.424309
29657147,-0.534741,-0.624621,-0.379336,-0.424270
29665480,-0.534834,-0.624705,-0.379224,-0.424131
29673813,-0.534875,-0.624789,-0.379147,-0.424024
29682146,-0.534894,-0.624826,-0.379117,-0.423972
29690479,-0.534865,-0.624787,-0.379170,-0.424016
29698812,-0.534872,-0.624751,-0.379197,-0.424039
29707145,-0.534917,-0.624757,-0.379157,-0.424009
29715478,-0.534904,-0.624794,-0.379164,-0.423963
29723811,-0.534940,-0.624806,-0.379166,-0.423897
29732144,-0.534907,-0.624802,-0.379160,-0.423951
29740477,-0.534930,-0.624821,-0.379162,-0.423892
29748810,-0.534988,-0.624805,-0.379175,-0.423831
29757143,-0.534959,-0.624814,-0.379186,-0.423845
29765476,-0.534954,-0.624787,-0.379204,-0.423875
29773809,-0.534970,-0.624775,-0.379212,-0.423865
29782142,-0.534964,-0.624765,-0.379239,-0.423863
29790475,-0.534976,-0.624764,-0.379236,-0.423852
29798808,-0.534969,-0.624778,-0.379257,-0.423822
29807141,-0.534977,-0.624770,-0.379252,-0.423827
29815474,-0.534957,-0.624737,-0.379293,-0.423865
29823807,-0.535006,-0.624720,-0.379295,-0.423827
29832140,-0.535004,-0.624717,-0.379306,-0.423825
29840473,-0.534973,-0.624739,-0.379304,-0.423832
29848806,-0.535006,-0.624700,-0.379300,-0.423853
29857139,-0.535019,-0.624660,-0.379301,-0.423893
29865472,-0.535051,-0.624653,-0.379283,-0.423879
29873805,-0.535074,-0.624638,-0.379280,-0.423876
29882138,-0.535044,-0.624660,-0.379302,-0.423861
29890471,-0.535046,-0.624646,-0.379306,-0.423875
29898804,-0.535095,-0.624626,-0.379268,-0.423877
29907137,-0.535108,-0.624652,-0.379245,-0.423842
29915470,-0.535103,-0.624661,-0.379245,-0.423835
29923803,-0.535113,-0.624675,-0.379234,-0.423813
29932136,-0.535136,-0.624657,-0.379228,-0.423814
29940469,-0.535129,-0.624678,-0.379233,-0.423788
29948802,-0.535115,-0.624676,-0.379241,-0.423802
29957135,-0.535146,-0.624671,-0.379238,-0.423774
29965468,-0.535163,-0.624672,-0.379225,-0.423762
29973801,-0.535139,-0.624644,-0.379245,-0.423815
29982134,-0.535123,-0.624633,-0.379260,-0.423839
29990467,-0.535093,-0.624638,-0.379263,-0.423866
29998800,-0.535089,-0.624637,-0.379269,-0.423867
30007133,-0.535090,-0.624581,-0.379278,-0.423940
30015466,-0.535068,-0.624576,-0.379289,-0.423967
30023799,-0.535102,-0.624532,-0.379282,-0.423995
30032132,-0.535076,-0.624512,-0.379298,-0.424042
30040465,-0.535056,-0.624460,-0.379332,-0.424113
30048798,-0.535016,-0.624458,-0.379333,-0.424166
30057131,-0.535022,-0.624448,-0.379318,-0.424187
30065464,-0.535042,-0.624423,-0.379299,-0.424215
30073797,-0.534998,-0.624399,-0.379371,-0.424241
30082130,-0.535017,-0.624410,-0.379367,-0.424205
30090463,-0.534981,-0.624399,-0.379416,-0.424222
30098796,-0.534966,-0.624398,-0.379450,-0.424213
30107129,-0.534985,-0.624403,-0.379439,-0.424191
30115462,-0.535016,-0.624421,-0.379431,-0.424132
30123795,-0.535024,-0.624424,-0.379435,-0.424114
30132128,-0.535003,-0.624474,-0.379449,-0.424054
30140461,-0.535009,-0.624452,-0.379478,-0.424054
30148794,-0.535025,-0.624471,-0.379487,-0.423997
30157127,-0.535022,-0.624487,-0.379505,-0.423960
30165460,-0.535000,-0.624495,-0.379517,-0.423967
30173793,-0.534982,-0.624477,-0.379545,-0.423992
30182126,-0.534967,-0.624491,-0.379587,-0.423952
30190459,-0.534936,-0.624489,-0.379614,-0.423969
30198792,-0.534874,-0.624520,-0.379645,-0.423975
30207125,-0.534851,-0.624532,-0.379684,-0.423950
30215458,-0.534812,-0.624550,-0.379706,-0.423954
30223791,-0.534796,-0.624556,-0.379713,-0.423959
30232124,-0.534768,-0.624605,-0.379741,-0.423897
30240457,-0.534708,-0.624567,-0.379829,-0.423949
30248790,-0.534704,-0.624588,-0.379833,-0.423920
30257123,-0.534691,-0.624616,-0.379830,-0.423899
30265456,-0.534655,-0.624607,-0.379850,-0.423939
30273789,-0.534634,-0.624619,-0.379877,-0.423923
30282122,-0.534625,-0.624619,-0.379898,-0.423916
30290455,-0.534564,-0.624618,-0.379923,-0.423972
30298788,-0.534588,-0.624605,-0.379946,-0.423940
30307121,-0.534551,-0.624574,-0.379939,-0.424039
30315454,-0.534614,-0.624543,-0.379939,-0.424005
30323787,-0.534608,-0.624552,-0.379857,-0.424073
30332120,-0.534676,-0.624512,-0.379786,-0.424110
30340453,-0.534732,-0.624471,-0.379754,-0.424128
30348786,-0.534729,-0.624449,-0.379739,-0.424177
30357119,-0.534714,-0.624432,-0.379709,-0.424248
30365452,-0.534682,-0.624416,-0.379740,-0.424285
30373785,-0.534662,-0.624407,-0.379748,-0.424316
30382118,-0.534694,-0.624448,-0.379693,-0.424266
30390451,-0.534667,-0.624498,-0.379673,-0.424243
30398784,-0.534627,-0.624536,-0.379674,-0.424235
30407117,-0.534550,-0.624485,-0.379720,-0.424367
30415450,-0.534502,-0.624395,-0.379748,-0.424534
30423783,-0.534411,-0.624397,-0.379780,-0.424619
30432116,-0.534316,-0.624395,-0.379830,-0.424695
30440449,-0.534230,-0.624462,-0.379799,-0.424734
30448782,-0.534170,-0.624489,-0.379809,-0.424760
30457115,-0.534049,-0.624491,-0.379876,-0.424849
30465448,-0.533927,-0.624486,-0.379911,-0.424979
30473781,-0.533812,-0.624542,-0.379876,-0.425073
30482114,-0.533716,-0.624570,-0.379867,-0.425159
30490447,-0.533555,-0.624558,-0.379906,-0.425346
30498780,-0.533431,-0.624597,-0.379916,-0.425433
30507113,-0.533215,-0.624620,-0.379904,-0.425680
30515446,-0.533035,-0.624713,-0.379886,-0.425786
30523779,-0.532919,-0.624749,-0.379869,-0.425895
30532112,-0.532743,-0.624738,-0.379845,-0.426152
30540445,-0.532593,-0.624769,-0.379809,-0.426325
30548778,-0.532408,-0.624788,-0.379786,-0.426550
30557111,-0.532217,-0.624809,-0.379752,-0.426788
30565444,-0.532008,-0.624825,-0.379719,-0.427053
30573777,-0.531774,-0.624885,-0.379706,-0.427269
30582110,-0.531554,-0.624932,-0.379702,-0.427477
30590443,-0.531333,-0.625005,-0.379680,-0.427664
30598776,-0.531173,-0.625078,-0.379620,-0.427809
30607109,-0.530939,-0.625104,-0.379604,-0.428077
30615442,-0.530717,-0.625153,-0.379596,-0.428287
30623775,-0.530535,-0.625192,-0.379582,-0.428468
30632108,-0.530376,-0.625229,-0.379566,-0.428626
30640441,-0.530265,-0.625240,-0.379510,-0.428795
30648774,-0.530215,-0.625241,-0.379454,-0.428907
30657107,-0.530097,-0.625276,-0.379449,-0.429005
30665440,-0.529975,-0.625262,-0.379407,-0.429214
30673773,-0.529890,-0.625232,-0.379342,-0.429420
30682106,-0.529826,-0.625194,-0.379275,-0.429613
30690439,-0.529743,-0.625181,-0.379183,-0.429815
30698772,-0.529711,-0.625160,-0.379140,-0.429923
30707105,-0.529614,-0.625238,-0.379111,-0.429953
30715438,-0.529597,-0.625199,-0.379072,-0.430068
30723771,-0.529570,-0.625167,-0.379062,-0.430156
30732104,-0.529562,-0.625159,-0.379039,-0.430198
30740437,-0.529547,-0.625210,-0.379019,-0.430160
30748770,-0.529566,-0.625223,-0.379033,-0.430105
30757103,-0.529525,-0.625279,-0.379084,-0.430028
30765436,-0.529606,-0.625321,-0.379082,-0.429870
30773769,-0.529688,-0.625370,-0.379152,-0.429636
30782102,-0.529658,-0.625483,-0.379269,-0.429405
30790435,-0.529645,-0.625575,-0.379410,-0.429162
30798768,-0.529762,-0.625655,-0.379481,-0.428839
30807101,-0.529865,-0.625711,-0.379604,-0.428520
30815434,-0.529966,-0.625732,-0.379720,-0.428263
30823767,-0.530148,-0.625795,-0.379690,-0.427971
30832100,-0.530331,-0.625849,-0.379747,-0.427614
30840433,-0.530466,-0.625921,-0.379855,-0.427247
30848766,-0.530542,-0.625998,-0.379958,-0.426947
30857099,-0.530645,-0.626076,-0.380031,-0.426639
30865432,-0.530784,-0.626180,-0.380121,-0.426234
30873765,-0.530946,-0.626270,-0.380206,-0.425825
30882098,-0.531140,-0.626397,-0.380335,-0.425280
30890431,-0.531324,-0.626481,-0.380477,-0.424798
30898764,-0.531463,-0.626597,-0.380648,-0.424300
30907097,-0.531612,-0.626749,-0.380784,-0.423766
30915430,-0.531803,-0.626896,-0.380883,-0.423221
30923763,-0.532033,-0.627066,-0.380985,-0.422585
30932096,-0.532248,-0.627197,-0.381122,-0.421998
30940429,-0.532442,-0.627319,-0.381295,-0.421414
30948762,-0.532645,-0.627456,-0.381465,-0.420800
30957095,-0.532864,-0.627553,-0.381654,-0.420207
30965428,-0.533175,-0.627646,-0.381776,-0.419562
30973761,-0.533596,-0.627724,-0.381829,-0.418861
30982094,-0.534041,-0.627791,-0.381814,-0.418207
30990427,-0.534457,-0.627823,-0.381871,-0.417575
30998760,-0.534920,-0.627896,-0.381885,-0.416859
31007093,-0.535348,-0.627972,-0.381910,-0.416171
31015426,-0.535672,-0.628021,-0.381989,-0.415608
31023759,-0.535890,-0.628031,-0.382161,-0.415153
31032092,-0.536116,-0.628094,-0.382301,-0.414637
31040425,-0.536298,-0.628118,-0.382470,-0.414209
31048758,-0.536486,-0.628071,-0.382642,-0.413877
31057091,-0.536687,-0.627990,-0.382839,-0.413559
31065424,-0.536881,-0.627852,-0.382991,-0.413375
31073757,-0.537001,-0.627725,-0.383151,-0.413264
31082090,-0.537122,-0.627556,-0.383281,-0.413243
31090423,-0.537231,-0.627426,-0.383379,-0.413207
31098756,-0.537386,-0.627244,-0.383428,-0.413236
31107089,-0.537573,-0.627090,-0.383481,-0.413177
31115422,-0.537836,-0.626918,-0.383506,-0.413073
31123755,-0.538137,-0.626752,-0.383510,-0.412930
31132088,-0.538476,-0.626535,-0.383584,-0.412749
31140421,-0.538803,-0.626398,-0.383617,-0.412499
31148754,-0.539270,-0.626166,-0.383612,-0.412244
31157087,-0.539649,-0.625964,-0.383679,-0.411993
31165420,-0.540106,-0.625741,-0.383851,-0.411572
31173753,-0.540525,-0.625562,-0.383996,-0.411160
31182086,-0.541020,-0.625251,-0.384176,-0.410814
31190419,-0.541587,-0.624979,-0.384396,-0.410274
31198752,-0.542192,-0.624729,-0.384593,-0.409672
31207085,-0.542764,-0.624523,-0.384802,-0.409029
31215418,-0.543377,-0.624268,-0.385110,-0.408315
31223751,-0.543932,-0.624049,-0.385474,-0.407568
31232084,-0.544591,-0.623808,-0.385819,-0.406728
31240417,-0.545398,-0.623438,-0.386140,-0.405908
31248750,-0.546170,-0.623103,-0.386657,-0.404890
31257083,-0.546954,-0.622791,-0.387260,-0.403735
31265416,-0.547737,-0.622482,-0.387904,-0.402530
31273749,-0.548479,-0.622195,-0.388674,-0.401219
31282082,-0.549376,-0.621783,-0.389384,-0.399939
31290415,-0.550297,-0.621243,-0.390313,-0.398606
31298748,-0.551327,-0.620865,-0.390947,-0.397149
31307081,-0.552256,-0.620466,-0.391709,-0.395728
31315414,-0.553121,-0.619896,-0.392653,-0.394475
31323747,-0.554052,-0.619399,-0.393348,-0.393254
31332080,-0.554874,-0.618797,-0.394092,-0.392297
31340413,-0.555666,-0.618348,-0.394624,-0.391347
31348746,-0.556379,-0.617908,-0.395113,-0.390536
31357079,-0.556876,-0.617689,-0.395502,-0.389779
31365412,-0.557294,-0.617501,-0.395815,-0.389160
31373745,-0.557627,-0.617343,-0.396117,-0.388628
31382078,-0.557923,-0.617237,-0.396296,-0.388188
31390411,-0.558112,-0.617124,-0.396491,-0.387897
31398744,-0.558282,-0.616972,-0.396664,-0.387717
31407077,-0.558326,-0.616868,-0.396762,-0.387719
31415410,-0.558249,-0.616791,-0.396828,-0.387883
31423743,-0.558096,-0.616718,-0.396860,-0.388187
31432076,-0.557932,-0.616637,-0.396860,-0.388551
31440409,-0.557548,-0.616696,-0.397009,-0.388856
31448742,-0.557277,-0.616684,-0.396992,-0.389281
31457075,-0.557260,-0.616384,-0.396973,-0.389801
31465408,-0.557037,-0.616343,-0.396967,-0.390189
31473741,-0.556803,-0.616263,-0.396961,-0.390656
31482074,-0.556575,-0.616133,-0.396923,-0.391224
31490407,-0.556445,-0.615842,-0.396863,-0.391928
31498740,-0.556190,-0.615726,-0.396802,-0.392534
31507073,-0.555872,-0.615639,-0.396784,-0.393137
31515406,-0.555549,-0.615553,-0.396721,-0.393793
31523739,-0.555060,-0.615645,-0.396772,-0.394287
31532072,-0.554766,-0.615455,-0.396753,-0.395016
31540405,-0.554428,-0.615528,-0.396703,-0.395426
31548738,-0.554138,-0.615494,-0.396676,-0.395912
31557071,-0.553844,-0.615423,-0.396677,-0.396433
31565404,-0.553608,-0.615311,-0.396782,-0.396832
31573737,-0.553403,-0.615281,-0.396802,-0.397144
31582070,-0.553272,-0.615228,-0.396787,-0.397423
31590403,-0.553424,-0.615178,-0.396545,-0.397529
31598736,-0.553297,-0.615179,-0.396557,-0.397694
31607069,-0.553345,-0.615105,-0.396502,-0.397795
31615402,-0.553531,-0.614877,-0.396433,-0.397957
31623735,-0.553773,-0.614744,-0.396319,-0.397941
31632068,-0.553964,-0.614724,-0.396164,-0.397860
31640401,-0.554187,-0.614551,-0.396048,-0.397931
31648734,-0.554407,-0.614399,-0.395907,-0.398002
31657067,-0.554562,-0.614226,-0.395861,-0.398097
31665400,-0.554631,-0.614147,-0.395784,-0.398201
31673733,-0.554704,-0.614036,-0.395742,-0.398312
31682066,-0.554692,-0.613960,-0.395767,-0.398420
31690399,-0.554655,-0.613832,-0.395762,-0.398674
31698732,-0.554484,-0.613876,-0.395797,-0.398809
31707065,-0.554400,-0.613788,-0.395849,-0.399009
31715398,-0.554372,-0.613679,-0.395889,-0.399176
31723731,-0.554173,-0.613615,-0.395962,-0.399478
31732064,-0.554012,-0.613534,-0.396048,-0.399740
31740397,-0.553847,-0.613443,-0.396146,-0.400012
31748730,-0.553597,-0.613423,-0.396317,-0.400220
31757063,-0.553522,-0.613312,-0.396435,-0.400377
31765396,-0.553375,-0.613219,-0.396571,-0.400588
31773729,-0.553219,-0.613195,-0.396697,-0.400715
31782062,-0.553091,-0.613205,-0.396808,-0.400766
31790395,-0.552992,-0.613182,-0.396901,-0.400846
31798728,-0.552954,-0.613175,-0.396955,-0.400856
31807061,-0.553036,-0.613142,-0.396969,-0.400779
31815394,-0.553073,-0.613063,-0.397057,-0.400762
31823727,-0.553126,-0.613065,-0.397097,-0.400646
31832060,-0.553240,-0.613117,-0.397091,-0.400415
31840393,-0.553408,-0.613258,-0.397026,-0.400031
31848726,-0.553605,-0.613326,-0.396969,-0.399709
31857059,-0.553852,-0.613281,-0.396998,-0.399409
31865392,-0.554109,-0.613367,-0.396913,-0.399005
31873725,-0.554429,-0.613413,-0.396816,-0.398586
31882058,-0.554676,-0.613558,-0.396695,-0.398138
31890391,-0.555000,-0.613591,-0.396592,-0.397738
31898724,-0.555318,-0.613724,-0.396463,-0.397218
31907057,-0.555594,-0.613843,-0.396346,-0.396765
31915390,-0.555907,-0.613904,-0.396283,-0.396294
31923723,-0.556190,-0.613995,-0.396134,-0.395904
31932056,-0.556463,-0.614082,-0.396053,-0.395468
31940389,-0.556656,-0.614226,-0.395939,-0.395087
31948722,-0.556815,-0.614361,-0.395862,-0.394728
31957055,-0.556985,-0.614505,-0.395804,-0.394323
31965388,-0.557136,-0.614633,-0.395760,-0.393956
31973721,-0.557234,-0.614739,-0.395737,-0.393673
31982054,-0.557331,-0.614756,-0.395750,-0.393496
31990387,-0.557429,-0.614814,-0.395712,-0.393305
31998720,-0.557411,-0.614947,-0.395674,-0.393161
32007053,-0.557445,-0.614965,-0.395733,-0.393025
32015386,-0.557437,-0.615049,-0.395710,-0.392928
32023719,-0.557489,-0.615075,-0.395718,-0.392806
32032052,-0.557457,-0.615236,-0.395667,-0.392649
32040385,-0.557531,-0.615381,-0.395565,-0.392420
32048718,-0.557584,-0.615515,-0.395455,-0.392245
32057051,-0.557689,-0.615600,-0.395321,-0.392099
32065384,-0.557812,-0.615667,-0.395145,-0.391995
32073717,-0.557952,-0.615706,-0.395014,-0.391867
32082050,-0.558136,-0.615696,-0.394881,-0.391755
32090383,-0.558359,-0.615657,-0.394708,-0.391671
32098716,-0.558609,-0.615599,-0.394549,-0.391566
32107049,-0.558800,-0.615664,-0.394346,-0.391397
32115382,-0.559097,-0.615650,-0.394163,-0.391180
32123714,-0.559467,-0.615647,-0.393870,-0.390950
32132047,-0.559918,-0.615624,-0.393554,-0.390658
32140380,-0.560134,-0.615671,-0.393423,-0.390407
32148714,-0.560420,-0.615715,-0.393187,-0.390164
32157047,-0.560827,-0.615586,-0.392954,-0.390018
32165380,-0.561250,-0.615512,-0.392624,-0.389859
32173713,-0.561579,-0.615444,-0.392398,-0.389720
32182046,-0.561886,-0.615360,-0.392282,-0.389527
32190379,-0.562156,-0.615286,-0.392135,-0.389403
32198712,-0.562434,-0.615225,-0.391905,-0.389328
32207045,-0.562753,-0.615110,-0.391748,-0.389207
32215378,-0.563029,-0.615003,-0.391594,-0.389132
32223711,-0.563249,-0.614910,-0.391464,-0.389090
32232044,-0.563409,-0.614853,-0.391357,-0.389059
32240377,-0.563538,-0.614830,-0.391242,-0.389022
32248710,-0.563684,-0.614766,-0.391191,-0.388965
32257043,-0.563796,-0.614702,-0.391138,-0.388955
32265376,-0.563996,-0.614583,-0.390974,-0.389020
32273709,-0.564165,-0.614506,-0.390816,-0.389053
32282041,-0.564027,-0.614522,-0.390919,-0.389125
32290374,-0.563994,-0.614533,-0.390847,-0.389228
32298707,-0.563985,-0.614473,-0.390881,-0.389303
32307040,-0.563882,-0.614481,-0.390863,-0.389458
32315374,-0.563764,-0.614452,-0.390880,-0.389655
32323707,-0.563621,-0.614397,-0.391002,-0.389828
32332040,-0.563553,-0.614363,-0.391002,-0.389979
32340373,-0.563404,-0.614359,-0.390957,-0.390245
32348706,-0.563334,-0.614348,-0.390922,-0.390398
32357039,-0.563427,-0.614263,-0.390809,-0.390512
32365372,-0.563211,-0.614307,-0.390894,-0.390668
32373705,-0.563194,-0.614227,-0.390909,-0.390803
32382038,-0.563128,-0.614219,-0.390852,-0.390969
32390371,-0.563036,-0.614196,-0.390867,-0.391121
32398704,-0.562874,-0.614215,-0.390858,-0.391334
32407037,-0.562640,-0.614261,-0.390911,-0.391545
32415370,-0.562519,-0.614160,-0.391006,-0.391783
32423703,-0.562372,-0.614099,-0.391064,-0.392032
32432036,-0.562246,-0.614085,-0.391106,-0.392193
32440369,-0.562105,-0.614061,-0.391127,-0.392412
32448701,-0.562068,-0.614027,-0.391041,-0.392605
32457034,-0.561771,-0.614095,-0.391170,-0.392794
32465367,-0.561550,-0.614119,-0.391260,-0.392982
32473701,-0.561542,-0.614084,-0.391204,-0.393103
32482034,-0.561402,-0.614115,-0.391252,-0.393208
32490367,-0.561197,-0.614103,-0.391462,-0.393311
32498700,-0.561159,-0.614106,-0.391418,-0.393405
32507033,-0.561037,-0.614188,-0.391445,-0.393423
32515366,-0.560758,-0.614325,-0.391556,-0.393497
32523699,-0.560619,-0.614336,-0.391672,-0.393561
32532032,-0.560488,-0.614391,-0.391673,-0.393660
32540365,-0.560377,-0.614414,-0.391700,-0.393757
32548698,-0.560286,-0.614445,-0.391720,-0.393818
32557031,-0.560268,-0.614438,-0.391695,-0.393879
32565364,-0.560135,-0.614444,-0.391761,-0.393992
32573697,-0.559960,-0.614371,-0.391993,-0.394125
32582030,-0.559777,-0.614427,-0.392082,-0.394209
32590363,-0.559718,-0.614402,-0.392133,-0.394280
32598696,-0.559564,-0.614440,-0.392191,-0.394382
32607028,-0.559667,-0.614331,-0.392158,-0.394439
32615361,-0.559574,-0.614384,-0.392167,-0.394480
32623694,-0.559396,-0.614411,-0.392340,-0.394519
32632028,-0.559348,-0.614413,-0.392355,-0.394569
32640361,-0.559306,-0.614394,-0.392397,-0.394616
32648694,-0.559142,-0.614418,-0.392541,-0.394668
32657027,-0.558996,-0.614453,-0.392644,-0.394717
32665360,-0.559052,-0.614441,-0.392600,-0.394701
32673693,-0.558965,-0.614510,-0.392588,-0.394729
32682026,-0.558828,-0.614572,-0.392676,-0.394736
32690359,-0.558749,-0.614578,-0.392773,-0.394745
32698692,-0.558684,-0.614526,-0.392942,-0.394749
32707025,-0.558621,-0.614548,-0.392975,-0.394771
32715358,-0.558717,-0.614527,-0.392888,-0.394754
32723691,-0.558708,-0.614484,-0.392991,-0.394731
32732024,-0.558706,-0.614476,-0.393034,-0.394704
32740357,-0.558735,-0.614467,-0.393042,-0.394668
32748690,-0.558712,-0.614508,-0.393018,-0.394661
32757023,-0.558837,-0.614429,-0.392978,-0.394647
32765355,-0.558836,-0.614424,-0.392961,-0.394673
32773688,-0.558774,-0.614367,-0.393118,-0.394693
32782021,-0.558763,-0.614264,-0.393211,-0.394777
32790355,-0.558778,-0.614154,-0.393243,-0.394894
32798688,-0.558826,-0.614068,-0.393245,-0.394959
32807021,-0.558821,-0.613985,-0.393291,-0.395048
32815354,-0.558776,-0.613937,-0.393316,-0.395163
32823687,-0.558794,-0.613823,-0.393396,-0.395235
32832020,-0.558782,-0.613735,-0.393458,-0.395327
32840353,-0.558709,-0.613704,-0.393534,-0.395401
32848686,-0.558627,-0.613659,-0.393622,-0.395501
32857019,-0.558555,-0.613610,-0.393709,-0.395590
32865352,-0.558428,-0.613623,-0.393771,-0.395688
32873685,-0.558366,-0.613563,-0.393900,-0.395742
32882018,-0.558306,-0.613550,-0.393992,-0.395754
32890351,-0.558184,-0.613586,-0.394086,-0.395777
32898684,-0.558044,-0.613654,-0.394178,-0.395777
32907017,-0.557948,-0.613675,-0.394283,-0.395776
32915350,-0.557906,-0.613688,-0.394428,-0.395670
32923683,-0.557788,-0.613808,-0.394524,-0.395553
32932015,-0.557704,-0.613965,-0.394584,-0.395370
32940348,-0.557584,-0.614145,-0.394645,-0.395198
32948681,-0.557592,-0.614225,-0.394728,-0.394979
32957015,-0.557571,-0.614385,-0.394741,-0.394747
32965348,-0.557566,-0.614544,-0.394783,-0.394463
32973681,-0.557626,-0.614636,-0.394813,-0.394206
32982014,-0.557678,-0.614701,-0.394793,-0.394051
32990347,-0.557798,-0.614786,-0.394743,-0.393799
32998680,-0.557982,-0.614832,-0.394719,-0.393490
33007013,-0.558153,-0.614907,-0.394664,-0.393186
33015346,-0.558305,-0.615002,-0.394566,-0.392919
33023679,-0.558511,-0.615043,-0.394474,-0.392655
33032012,-0.558745,-0.615031,-0.394427,-0.392387
33040345,-0.558913,-0.615087,-0.394334,-0.392154
33048678,-0.559108,-0.615089,-0.394240,-0.391967
33057011,-0.559359,-0.615017,-0.394171,-0.391793
33065344,-0.559551,-0.614954,-0.394102,-0.391686
33073677,-0.559684,-0.614961,-0.393985,-0.391602
33082010,-0.559874,-0.614888,-0.393937,-0.391495
33090342,-0.560086,-0.614808,-0.393845,-0.391410
33098675,-0.560239,-0.614672,-0.393732,-0.391516
33107008,-0.560404,-0.614595,-0.393633,-0.391502
33115342,-0.560556,-0.614612,-0.393528,-0.391364
33123675,-0.560702,-0.614643,-0.393453,-0.391180
33132008,-0.560819,-0.614617,-0.393374,-0.391133
33140341,-0.560922,-0.614583,-0.393317,-0.391097
33148674,-0.561038,-0.614529,-0.393255,-0.391077
33157007,-0.561048,-0.614583,-0.393166,-0.391067
33165340,-0.561116,-0.614569,-0.393119,-0.391038
33173673,-0.561166,-0.614567,-0.393082,-0.391007
33182006,-0.561201,-0.614564,-0.393020,-0.391024
33190339,-0.561176,-0.614626,-0.392914,-0.391068
33198672,-0.561202,-0.614589,-0.392870,-0.391134
33207005,-0.561270,-0.614480,-0.392855,-0.391222
33215338,-0.561280,-0.614421,-0.392801,-0.391355
33223671,-0.561280,-0.614367,-0.392704,-0.391537
33232004,-0.561294,-0.614307,-0.392649,-0.391666
33240337,-0.561266,-0.614277,-0.392546,-0.391856
33248669,-0.561230,-0.614275,-0.392461,-0.391998
33257002,-0.561191,-0.614250,-0.392377,-0.392175
33265335,-0.561235,-0.614144,-0.392318,-0.392337
33273669,-0.561208,-0.614118,-0.392240,-0.392495
33282002,-0.561192,-0.614105,-0.392123,-0.392654
33290335,-0.561142,-0.614093,-0.392039,-0.392829
33298668,-0.561039,-0.614119,-0.391940,-0.393035
33307001,-0.561003,-0.614112,-0.391881,-0.393156
33315334,-0.561002,-0.614116,-0.391777,-0.393255
33323667,-0.560975,-0.614113,-0.391663,-0.393411
33332000,-0.560892,-0.614162,-0.391538,-0.393578
33340333,-0.560828,-0.614191,-0.391452,-0.393709
33348666,-0.560800,-0.614184,-0.391378,-0.393834
33356999,-0.560810,-0.614169,-0.391317,-0.393903
33365332,-0.560762,-0.614179,-0.391251,-0.394020
33373665,-0.560709,-0.614187,-0.391172,-0.394162
33381998,-0.560581,-0.614231,-0.391106,-0.394342
33390331,-0.560507,-0.614258,-0.391044,-0.394466
33398664,-0.560429,-0.614251,-0.391027,-0.394604
33406997,-0.560291,-0.614281,-0.391001,-0.394781
33415329,-0.560180,-0.614279,-0.391006,-0.394936
33423662,-0.560097,-0.614270,-0.390997,-0.395077
33431995,-0.559939,-0.614296,-0.390972,-0.395284
33440329,-0.559852,-0.614268,-0.390985,-0.395439
33448662,-0.559708,-0.614303,-0.390956,-0.395616
33456995,-0.559627,-0.614265,-0.390987,-0.395760
33465328,-0.559528,-0.614260,-0.390992,-0.395902
33473661,-0.559403,-0.614274,-0.391007,-0.396042
33481994,-0.559254,-0.614322,-0.390983,-0.396201
33490327,-0.559165,-0.614292,-0.391045,-0.396313
33498660,-0.559075,-0.614316,-0.391018,-0.396427
33506993,-0.558999,-0.614308,-0.391081,-0.396486
33515326,-0.558935,-0.614309,-0.391108,-0.396548
33523659,-0.558827,-0.614318,-0.391129,-0.396665
33531992,-0.558772,-0.614330,-0.391139,-0.396714
33540325,-0.558717,-0.614344,-0.391167,-0.396743
33548658,-0.558642,-0.614401,-0.391172,-0.396756
33556991,-0.558590,-0.614397,-0.391246,-0.396763
33565324,-0.558553,-0.614420,-0.391268,-0.396757
33573657,-0.558550,-0.614470,-0.391291,-0.396660
33581990,-0.558515,-0.614455,-0.391331,-0.396694
33590323,-0.558463,-0.614466,-0.391379,-0.396703
33598656,-0.558365,-0.614513,-0.391404,-0.396745
33606989,-0.558345,-0.614510,-0.391474,-0.396707
33615322,-0.558346,-0.614592,-0.391521,-0.396532
33623655,-0.558290,-0.614608,-0.391573,-0.396535
33631988,-0.558249,-0.614625,-0.391629,-0.396510
33640321,-0.558225,-0.614660,-0.391680,-0.396441
33648654,-0.558160,-0.614678,-0.391758,-0.396426
33656987,-0.558108,-0.614730,-0.391785,-0.396392
33665320,-0.558108,-0.614725,-0.391857,-0.396330
33673653,-0.558134,-0.614775,-0.391860,-0.396212
33681986,-0.558121,-0.614759,-0.391931,-0.396184
33690319,-0.558073,-0.614823,-0.391962,-0.396122
33698652,-0.558110,-0.614815,-0.392015,-0.396031
33706985,-0.558077,-0.614838,-0.392068,-0.395988
33715318,-0.558105,-0.614854,-0.392093,-0.395899
33723651,-0.558067,-0.614885,-0.392129,-0.395870
33731984,-0.558081,-0.614899,-0.392149,-0.395809
33740317,-0.558051,-0.614904,-0.392190,-0.395802
33748650,-0.558000,-0.614963,-0.392190,-0.395783
33756983,-0.558057,-0.614968,-0.392216,-0.395668
33765316,-0.558023,-0.614999,-0.392233,-0.395651
33773649,-0.558029,-0.615008,-0.392282,-0.395579
33781982,-0.557994,-0.615023,-0.392314,-0.395574
33790315,-0.558011,-0.615025,-0.392320,-0.395541
33798648,-0.557998,-0.615090,-0.392312,-0.395466
33806981,-0.557985,-0.615078,-0.392368,-0.395449
33815314,-0.557975,-0.615082,-0.392382,-0.395441
33823647,-0.557919,-0.615159,-0.392344,-0.395440
33831980,-0.557897,-0.615188,-0.392351,-0.395417
33840313,-0.557939,-0.615153,-0.392400,-0.395364
33848646,-0.557958,-0.615149,-0.392405,-0.395339
33856979,-0.557933,-0.615186,-0.392365,-0.395357
33865312,-0.557921,-0.615191,-0.392376,-0.395354
33873645,-0.557911,-0.615193,-0.392365,-0.395376
33881978,-0.557887,-0.615241,-0.392340,-0.395361
33890311,-0.557906,-0.615219,-0.392354,-0.395354
33898644,-0.557898,-0.615224,-0.392331,-0.395381
33906977,-0.557900,-0.615228,-0.392304,-0.395398
33915310,-0.557934,-0.615183,-0.392324,-0.395401
33923643,-0.557923,-0.615193,-0.392303,-0.395422
33931976,-0.557922,-0.615202,-0.392276,-0.395437
33940309,-0.557920,-0.615210,-0.392261,-0.395441
33948642,-0.557920,-0.615210,-0.392243,-0.395458
33956975,-0.557964,-0.615165,-0.392275,-0.395435
33965308,-0.557935,-0.615193,-0.392234,-0.395474
33973641,-0.557896,-0.615239,-0.392204,-0.395487
33981974,-0.557943,-0.615173,-0.392223,-0.395504
33990307,-0.557971,-0.615155,-0.392212,-0.395504
33998640,-0.557966,-0.615147,-0.392217,-0.395518
34006973,-0.557953,-0.615138,-0.392209,-0.395558
34015306,-0.557918,-0.615165,-0.392167,-0.395606
34023639,-0.557946,-0.615116,-0.392188,-0.395622
34031972,-0.557932,-0.615128,-0.392152,-0.395660
34040305,-0.557997,-0.615085,-0.392142,-0.395645
34048638,-0.557986,-0.615069,-0.392149,-0.395677
34056971,-0.557961,-0.615104,-0.392107,-0.395700
34065304,-0.557993,-0.615091,-0.392072,-0.395711
34073637,-0.558017,-0.615071,-0.392094,-0.395686
34081970,-0.558012,-0.615075,-0.392068,-0.395712
34090303,-0.558055,-0.615093,-0.392020,-0.395671
34098636,-0.558064,-0.615063,-0.392033,-0.395692
34106969,-0.558117,-0.615043,-0.392028,-0.395654
34115302,-0.558141,-0.615040,-0.392001,-0.395651
34123635,-0.558074,-0.615059,-0.392021,-0.395696
34131968,-0.558108,-0.615063,-0.391989,-0.395674
34140301,-0.558047,-0.615110,-0.391974,-0.395702
34148634,-0.558055,-0.615070,-0.391998,-0.395729
34156967,-0.558070,-0.615049,-0.392007,-0.395731
34165300,-0.558063,-0.615053,-0.392014,-0.395727
34173633,-0.558066,-0.615067,-0.391994,-0.395722
34181966,-0.558098,-0.615056,-0.391978,-0.395710
34190299,-0.558050,-0.615097,-0.391960,-0.395732
34198632,-0.558051,-0.615081,-0.392011,-0.395706
34206965,-0.558085,-0.615054,-0.392004,-0.395706
34215298,-0.558070,-0.615062,-0.392011,-0.395706
34223631,-0.558095,-0.615067,-0.392005,-0.395670
34231964,-0.558027,-0.615115,-0.392004,-0.395691
34240297,-0.558035,-0.615102,-0.392031,-0.395675
34248630,-0.558031,-0.615112,-0.392067,-0.395629
34256963,-0.558028,-0.615154,-0.392032,-0.395603
34265296,-0.558067,-0.615155,-0.392056,-0.395521
34273629,-0.558062,-0.615144,-0.392091,-0.395510
34281962,-0.558031,-0.615153,-0.392121,-0.395511
34290295,-0.557976,-0.615183,-0.392114,-0.395550
34298628,-0.557964,-0.615218,-0.392110,-0.395516
34306961,-0.558005,-0.615179,-0.392165,-0.395464
34315294,-0.558035,-0.615168,-0.392182,-0.395421
34323627,-0.557952,-0.615237,-0.392181,-0.395432
34331960,-0.557987,-0.615225,-0.392209,-0.395375
34340293,-0.558029,-0.615220,-0.392222,-0.395311
34348626,-0.557978,-0.615241,-0.392249,-0.395323
34356959,-0.557926,-0.615305,-0.392226,-0.395318
34365292,-0.557934,-0.615287,-0.392277,-0.395284
34373625,-0.557930,-0.615301,-0.392286,-0.395260
34381958,-0.557949,-0.615309,-0.392303,-0.395204
34390291,-0.557900,-0.615332,-0.392313,-0.395227
34398624,-0.557855,-0.615349,-0.392327,-0.395250
34406957,-0.557884,-0.615335,-0.392319,-0.395240
34415290,-0.557832,-0.615365,-0.392323,-0.395262
34423623,-0.557798,-0.615366,-0.392369,-0.395263
34431956,-0.557835,-0.615345,-0.392383,-0.395230
34440289,-0.557762,-0.615363,-0.392412,-0.395277
34448622,-0.557760,-0.615381,-0.392426,-0.395236
34456955,-0.557708,-0.615402,-0.392437,-0.395267
34465288,-0.557703,-0.615447,-0.392406,-0.395234
34473621,-0.557717,-0.615439,-0.392421,-0.395212
34481954,-0.557716,-0.615406,-0.392476,-0.395211
34490287,-0.557717,-0.615409,-0.392484,-0.395196
34498620,-0.557647,-0.615465,-0.392493,-0.395198
34506953,-0.557695,-0.615428,-0.392499,-0.395183
34515286,-0.557673,-0.615427,-0.392533,-0.395181
34523619,-0.557641,-0.615457,-0.392521,-0.395191
34531952,-0.557665,-0.615458,-0.392522,-0.395155
34540285,-0.557653,-0.615440,-0.392542,-0.395181
34548618,-0.557637,-0.615470,-0.392545,-0.395154
34556951,-0.557608,-0.615481,-0.392578,-0.395143
34565284,-0.557623,-0.615473,-0.392587,-0.395126
34573617,-0.557603,-0.615478,-0.392578,-0.395157
34581950,-0.557580,-0.615506,-0.392576,-0.395147
34590283,-0.557561,-0.615548,-0.392590,-0.395095
34598616,-0.557565,-0.615534,-0.392606,-0.395095
34606949,-0.557532,-0.615549,-0.392604,-0.395119
34615282,-0.557536,-0.615534,-0.392616,-0.395126
34623615,-0.557546,-0.615547,-0.392608,-0.395099
34631948,-0.557538,-0.615554,-0.392605,-0.395102
34640281,-0.557536,-0.615507,-0.392620,-0.395163
34648614,-0.557566,-0.615472,-0.392630,-0.395165
34656947,-0.557526,-0.615539,-0.392582,-0.395166
34665280,-0.557573,-0.615472,-0.392612,-0.395174
34673613,-0.557577,-0.615449,-0.392619,-0.395197
34681946,-0.557567,-0.615458,-0.392620,-0.395196
34690279,-0.557536,-0.615494,-0.392606,-0.395199
34698612,-0.557525,-0.615511,-0.392596,-0.395197
34706945,-0.557524,-0.615504,-0.392575,-0.395231
34715278,-0.557517,-0.615507,-0.392578,-0.395233
34723611,-0.557544,-0.615478,-0.392563,-0.395255
34731944,-0.557490,-0.615514,-0.392526,-0.395311
34740277,-0.557491,-0.615493,-0.392564,-0.395305
34748610,-0.557499,-0.615468,-0.392559,-0.395338
34756943,-0.557463,-0.615520,-0.392539,-0.395326
34765276,-0.557448,-0.615521,-0.392540,-0.395345
34773609,-0.557475,-0.615430,-0.392550,-0.395439
34781942,-0.557394,-0.615531,-0.392500,-0.395445
34790275,-0.557400,-0.615483,-0.392552,-0.395461
34798608,-0.557434,-0.615413,-0.392558,-0.395514
34806941,-0.557367,-0.615471,-0.392532,-0.395545
34815274,-0.557416,-0.615421,-0.392539,-0.395546
34823607,-0.557379,-0.615490,-0.392511,-0.395519
34831940,-0.557375,-0.615508,-0.392528,-0.395481
34840273,-0.557360,-0.615509,-0.392522,-0.395505
34848606,-0.557377,-0.615521,-0.392519,-0.395466
34856939,-0.557416,-0.615472,-0.392520,-0.395487
34865272,-0.557411,-0.615508,-0.392478,-0.395480
34873605,-0.557469,-0.615458,-0.392489,-0.395465
34881938,-0.557415,-0.615483,-0.392506,-0.395484
34890271,-0.557447,-0.615447,-0.392540,-0.395462
34898604,-0.557440,-0.615469,-0.392528,-0.395449
34906937,-0.557415,-0.615479,-0.392527,-0.395470
34915270,-0.557471,-0.615431,-0.392534,-0.395459
34923603,-0.557496,-0.615392,-0.392548,-0.395470
34931936,-0.557461,-0.615388,-0.392581,-0.395494
34940269,-0.557419,-0.615401,-0.392598,-0.395515
34948602,-0.557381,-0.615421,-0.392597,-0.395539
34956935,-0.557392,-0.615376,-0.392632,-0.395558
34965268,-0.557315,-0.615436,-0.392624,-0.395582
34973601,-0.557320,-0.615406,-0.392679,-0.395567
34981934,-0.557295,-0.615399,-0.392695,-0.395597
34990267,-0.557331,-0.615362,-0.392736,-0.395564
34998600,-0.557331,-0.615368,-0.392758,-0.395533
35006933,-0.557321,-0.615364,-0.392783,-0.395527
35015266,-0.557319,-0.615378,-0.392817,-0.395474
35023599,-0.557312,-0.615384,-0.392842,-0.395450
35031932,-0.557279,-0.615437,-0.392843,-0.395413
35040265,-0.557314,-0.615422,-0.392880,-0.395351
35048598,-0.557304,-0.615442,-0.392903,-0.395311
35056931,-0.557314,-0.615447,-0.392922,-0.395271
35065264,-0.557312,-0.615480,-0.392937,-0.395206
35073597,-0.557366,-0.615452,-0.392997,-0.395114
35081930,-0.557372,-0.615486,-0.393004,-0.395046
35090263,-0.557411,-0.615465,-0.393030,-0.394997
35098596,-0.557445,-0.615460,-0.393023,-0.394964
35106929,-0.557435,-0.615460,-0.393050,-0.394952
35115262,-0.557425,-0.615521,-0.393067,-0.394855
35123595,-0.557447,-0.615470,-0.393086,-0.394883
35131928,-0.557384,-0.615536,-0.393068,-0.394888
35140261,-0.557344,-0.615547,-0.393082,-0.394912
35148594,-0.557359,-0.615497,-0.393125,-0.394926
35156927,-0.557339,-0.615406,-0.393169,-0.395053
35165260,-0.557291,-0.615361,-0.393214,-0.395145
35173593,-0.557269,-0.615289,-0.393240,-0.395263
35181926,-0.557216,-0.615266,-0.393269,-0.395344
35190259,-0.557166,-0.615242,-0.393314,-0.395408
35198592,-0.557092,-0.615295,-0.393328,-0.395415
35206925,-0.557082,-0.615226,-0.393335,-0.395531
35215258,-0.557043,-0.615216,-0.393347,-0.395589
35223591,-0.557044,-0.615228,-0.393331,-0.395585
35231924,-0.557008,-0.615205,-0.393350,-0.395652
35240257,-0.556971,-0.615272,-0.393335,-0.395615
35248590,-0.556964,-0.615241,-0.393359,-0.395649
35256923,-0.556977,-0.615276,-0.393329,-0.395607
35265256,-0.557020,-0.615290,-0.393289,-0.395563
35273589,-0.557047,-0.615264,-0.393284,-0.395572
35281922,-0.557062,-0.615235,-0.393253,-0.395627
35290255,-0.557078,-0.615224,-0.393206,-0.395667
35298588,-0.557073,-0.615199,-0.393204,-0.395716
35306921,-0.557093,-0.615152,-0.393192,-0.395771
35315254,-0.557110,-0.615090,-0.393192,-0.395844
35323587,-0.557048,-0.615092,-0.393166,-0.395955
35331920,-0.557059,-0.615017,-0.393192,-0.396030
35340253,-0.557090,-0.614961,-0.393195,-0.396070
35348586,-0.557028,-0.614955,-0.393188,-0.396173
35356919,-0.557036,-0.614880,-0.393229,-0.396237
35365252,-0.557011,-0.614852,-0.393261,-0.396285
35373585,-0.556908,-0.614865,-0.393305,-0.396365
35381918,-0.556915,-0.614736,-0.393398,-0.396464
35390251,-0.556912,-0.614697,-0.393435,-0.396493
35398584,-0.556818,-0.614726,-0.393509,-0.396505
35406917,-0.556680,-0.614805,-0.393552,-0.396534
35415250,-0.556629,-0.614807,-0.393642,-0.396513
35423583,-0.556483,-0.614839,-0.393754,-0.396557
35431916,-0.556335,-0.614878,-0.393895,-0.396564
35440249,-0.556218,-0.614898,-0.394081,-0.396512
35448582,-0.556117,-0.614901,-0.394234,-0.396497
35456915,-0.556034,-0.614925,-0.394370,-0.396441
35465248,-0.555910,-0.614988,-0.394498,-0.396390
35473581,-0.555747,-0.615080,-0.394598,-0.396375
35481914,-0.555637,-0.615120,-0.394770,-0.396297
35490247,-0.555530,-0.615171,-0.394913,-0.396224
35498580,-0.555467,-0.615228,-0.395036,-0.396103
35506913,-0.555377,-0.615241,-0.395150,-0.396094
35515246,-0.555321,-0.615297,-0.395324,-0.395913
35523579,-0.555233,-0.615324,-0.395485,-0.395833
35531912,-0.555248,-0.615344,-0.395638,-0.395628
35540245,-0.555204,-0.615388,-0.395730,-0.395531
35548578,-0.555155,-0.615451,-0.395815,-0.395415
35556911,-0.555102,-0.615509,-0.395876,-0.395339
35565244,-0.555083,-0.615529,-0.395999,-0.395211
35573577,-0.555055,-0.615620,-0.396096,-0.395013
35581910,-0.555087,-0.615622,-0.396223,-0.394837
35590243,-0.555074,-0.615639,-0.396309,-0.394741
35598576,-0.555023,-0.615706,-0.396415,-0.394601
35606909,-0.554968,-0.615803,-0.396436,-0.394507
35615242,-0.554999,-0.615816,-0.396487,-0.394390
35623575,-0.554972,-0.615843,-0.396547,-0.394327
35631908,-0.554962,-0.615885,-0.396533,-0.394290
35640241,-0.554961,-0.615863,-0.396581,-0.394277
35648574,-0.554941,-0.615884,-0.396569,-0.394285
35656907,-0.554899,-0.615876,-0.396605,-0.394319
35665240,-0.554802,-0.615963,-0.396606,-0.394320
35673573,-0.554725,-0.615956,-0.396667,-0.394378
35681906,-0.554648,-0.615940,-0.396671,-0.394506
35690239,-0.554556,-0.615976,-0.396682,-0.394568
35698572,-0.554454,-0.615935,-0.396744,-0.394713
35706905,-0.554324,-0.615932,-0.396779,-0.394866
35715238,-0.554200,-0.615921,-0.396774,-0.395062
35723571,-0.554174,-0.615860,-0.396806,-0.395162
35731904,-0.554059,-0.615857,-0.396790,-0.395343
35740237,-0.553989,-0.615835,-0.396775,-0.395491
35748570,-0.553957,-0.615810,-0.396763,-0.395587
35756903,-0.553904,-0.615781,-0.396761,-0.395709
35765236,-0.553843,-0.615778,-0.396762,-0.395797
35773569,-0.553882,-0.615709,-0.396763,-0.395849
35781902,-0.553870,-0.615704,-0.396690,-0.395947
35790235,-0.553747,-0.615732,-0.396642,-0.396124
35798568,-0.553706,-0.615705,-0.396643,-0.396221
35806901,-0.553688,-0.615658,-0.396642,-0.396320
35815234,-0.553655,-0.615649,-0.396617,-0.396405
35823567,-0.553621,-0.615622,-0.396607,-0.396504
35831900,-0.553626,-0.615592,-0.396590,-0.396562
35840233,-0.553702,-0.615517,-0.396591,-0.396570
35848566,-0.553659,-0.615503,-0.396556,-0.396688
35856899,-0.553592,-0.615529,-0.396502,-0.396795
35865232,-0.553653,-0.615434,-0.396556,-0.396802
35873565,-0.553678,-0.615405,-0.396549,-0.396820
35881898,-0.553631,-0.615452,-0.396495,-0.396866
35890231,-0.553656,-0.615456,-0.396433,-0.396889
35898564,-0.553636,-0.615449,-0.396384,-0.396976
35906897,-0.553667,-0.615423,-0.396337,-0.397019
35915230,-0.553716,-0.615363,-0.396304,-0.397077
35923563,-0.553678,-0.615375,-0.396232,-0.397184
35931896,-0.553720,-0.615294,-0.396204,-0.397278
35940229,-0.553685,-0.615300,-0.396112,-0.397410
35948562,-0.553691,-0.615277,-0.396062,-0.397486
35956895,-0.553666,-0.615245,-0.395999,-0.397632
35965228,-0.553633,-0.615202,-0.395960,-0.397784
35973561,-0.553649,-0.615144,-0.395928,-0.397885
35981894,-0.553634,-0.615086,-0.395864,-0.398058
35990227,-0.553601,-0.615034,-0.395867,-0.398182
35998560,-0.553539,-0.615010,-0.395875,-0.398296
36006893,-0.553464,-0.614993,-0.395849,-0.398453
36015226,-0.553369,-0.614991,-0.395851,-0.398586
36023559,-0.553279,-0.615010,-0.395836,-0.398697
36031892,-0.553198,-0.615004,-0.395842,-0.398813
36040225,-0.553080,-0.614993,-0.395889,-0.398945
36048558,-0.553047,-0.614960,-0.395897,-0.399034
36056891,-0.552986,-0.614953,-0.395915,-0.399114
36065224,-0.552938,-0.614944,-0.395935,-0.399173
36073557,-0.552900,-0.614923,-0.395948,-0.399246
36081890,-0.552825,-0.614932,-0.395978,-0.399305
36090223,-0.552767,-0.614946,-0.396015,-0.399328
36098556,-0.552697,-0.614964,-0.396028,-0.399382
36106889,-0.552745,-0.614886,-0.396089,-0.399377
36115222,-0.552687,-0.614906,-0.396099,-0.399417
36123555,-0.552574,-0.614983,-0.396082,-0.399471
36131888,-0.552579,-0.614934,-0.396065,-0.399556
36140221,-0.552572,-0.614921,-0.396071,-0.399579
36148554,-0.552572,-0.614928,-0.396068,-0.399572
36156887,-0.552567,-0.614904,-0.396060,-0.399624
36165220,-0.552585,-0.614865,-0.396032,-0.399687
36173553,-0.552588,-0.614824,-0.396036,-0.399741
36181886,-0.552614,-0.614798,-0.395987,-0.399794
36190219,-0.552551,-0.614826,-0.395991,-0.399834
36198552,-0.552529,-0.614823,-0.395971,-0.399889
36206885,-0.552598,-0.614704,-0.396014,-0.399935
36215218,-0.552609,-0.614635,-0.396000,-0.400038
36223551,-0.552596,-0.614606,-0.395995,-0.400105
36231884,-0.552560,-0.614603,-0.396027,-0.400129
36240217,-0.552735,-0.614476,-0.395956,-0.400153
36248550,-0.552657,-0.614512,-0.395977,-0.400184
36256883,-0.552631,-0.614523,-0.396007,-0.400173
36265216,-0.552885,-0.614373,-0.395815,-0.400245
36273549,-0.552905,-0.614035,-0.395898,-0.400652
36281882,-0.552795,-0.613910,-0.396074,-0.400821
36290215,-0.552469,-0.614214,-0.396243,-0.400639
36298548,-0.552334,-0.614324,-0.396288,-0.400611
36306881,-0.552434,-0.614043,-0.396294,-0.400898
36315214,-0.552367,-0.613850,-0.396399,-0.401180
36323547,-0.552209,-0.613814,-0.396519,-0.401335
36331880,-0.551980,-0.613834,-0.396667,-0.401473
36340213,-0.551907,-0.613773,-0.396779,-0.401556
36348546,-0.551776,-0.613784,-0.396813,-0.401686
36356879,-0.551602,-0.613712,-0.396957,-0.401894
36365212,-0.551425,-0.613728,-0.397042,-0.402027
36373545,-0.551278,-0.613784,-0.397071,-0.402114
36381878,-0.551148,-0.613850,-0.397094,-0.402171
36390211,-0.551065,-0.613872,-0.397175,-0.402170
36398544,-0.550946,-0.613943,-0.397169,-0.402231
36406877,-0.550870,-0.613970,-0.397145,-0.402318
36415210,-0.550845,-0.613957,-0.397199,-0.402318
36423543,-0.550832,-0.613978,-0.397204,-0.402300
36431876,-0.550770,-0.614040,-0.397174,-0.402318
36440209,-0.550731,-0.614123,-0.397144,-0.402275
36448542,-0.550765,-0.614047,-0.397188,-0.402300
36456875,-0.550718,-0.614089,-0.397128,-0.402359
36465208,-0.550680,-0.614146,-0.397122,-0.402331
36473541,-0.550612,-0.614235,-0.397114,-0.402296
36481874,-0.550641,-0.614257,-0.397117,-0.402220
36490207,-0.550718,-0.614207,-0.397141,-0.402168
36498540,-0.550726,-0.614145,-0.397191,-0.402202
36506873,-0.550692,-0.614258,-0.397126,-0.402139
36515206,-0.550686,-0.614283,-0.397158,-0.402078
36523539,-0.550667,-0.614321,-0.397150,-0.402055
36531872,-0.550682,-0.614346,-0.397186,-0.401960
36540205,-0.550639,-0.614423,-0.397181,-0.401907
36548538,-0.550588,-0.614439,-0.397130,-0.402002
36556871,-0.550653,-0.614517,-0.397026,-0.401895
36565204,-0.550750,-0.614535,-0.396966,-0.401794
36573537,-0.550825,-0.614537,-0.396934,-0.401720
36581870,-0.550780,-0.614550,-0.396934,-0.401763
36590203,-0.550679,-0.614554,-0.396994,-0.401836
36598536,-0.550548,-0.614573,-0.397031,-0.401950
36606869,-0.550570,-0.614538,-0.397080,-0.401924
36615202,-0.550495,-0.614681,-0.397074,-0.401813
36623535,-0.550488,-0.614706,-0.397077,-0.401782
36631868,-0.550469,-0.614706,-0.397046,-0.401840
36640201,-0.550480,-0.614718,-0.397025,-0.401826
36648534,-0.550567,-0.614704,-0.397006,-0.401748
36656867,-0.550566,-0.614688,-0.397029,-0.401751
36665200,-0.550448,-0.614664,-0.397081,-0.401898
36673533,-0.550368,-0.614648,-0.397103,-0.402010
36681866,-0.550313,-0.614640,-0.397145,-0.402056
36690199,-0.550275,-0.614600,-0.397198,-0.402117
36698532,-0.550250,-0.614686,-0.397164,-0.402053
36706865,-0.550277,-0.614704,-0.397191,-0.401962
36715198,-0.550283,-0.614758,-0.397226,-0.401837
36723531,-0.550230,-0.614860,-0.397225,-0.401755
36731864,-0.550187,-0.614906,-0.397267,-0.401701
36740197,-0.550178,-0.614934,-0.397321,-0.401617
36748530,-0.550198,-0.614931,-0.397413,-0.401504
36756863,-0.550205,-0.614951,-0.397451,-0.401426
36765196,-0.550181,-0.615044,-0.397431,-0.401335
36773529,-0.550099,-0.615068,-0.397470,-0.401371
36781862,-0.550157,-0.615066,-0.397530,-0.401236
36790195,-0.550130,-0.615172,-0.397547,-0.401094
36798528,-0.550154,-0.615203,-0.397611,-0.400951
36806861,-0.550097,-0.615235,-0.397647,-0.400944
36815194,-0.550041,-0.615271,-0.397699,-0.400915
36823527,-0.550095,-0.615308,-0.397770,-0.400714
36831860,-0.550082,-0.615375,-0.397822,-0.400576
36840193,-0.550030,-0.615419,-0.397887,-0.400514
36848526,-0.549996,-0.615464,-0.397950,-0.400431
36856859,-0.549937,-0.615552,-0.397972,-0.400354
36865192,-0.549907,-0.615602,-0.398045,-0.400245
36873525,-0.549884,-0.615635,-0.398113,-0.400159
36881858,-0.549817,-0.615700,-0.398173,-0.400092
36890191,-0.549818,-0.615700,-0.398270,-0.399992
36898524,-0.549732,-0.615763,-0.398312,-0.399972
36906857,-0.549716,-0.615771,-0.398386,-0.399910
36915190,-0.549630,-0.615821,-0.398437,-0.399899
36923523,-0.549561,-0.615804,-0.398546,-0.399910
36931856,-0.549576,-0.615780,-0.398624,-0.399849
36940189,-0.549525,-0.615836,-0.398636,-0.399822
36948522,-0.549502,-0.615850,-0.398663,-0.399805
36956855,-0.549532,-0.615809,-0.398738,-0.399752
36965188,-0.549539,-0.615824,-0.398720,-0.399736
36973521,-0.549555,-0.615848,-0.398723,-0.399675
36981854,-0.549655,-0.615793,-0.398747,-0.399599
36990187,-0.549715,-0.615777,-0.398727,-0.399561
36998520,-0.549791,-0.615727,-0.398746,-0.399514
37006853,-0.549791,-0.615690,-0.398745,-0.399573
37015186,-0.549799,-0.615657,-0.398748,-0.399610
37023519,-0.549805,-0.615666,-0.398641,-0.399693
37031852,-0.549959,-0.615593,-0.398635,-0.399601
37040185,-0.550185,-0.615509,-0.398542,-0.399511
37048518,-0.550242,-0.615541,-0.398448,-0.399478
37056851,-0.550314,-0.615550,-0.398367,-0.399446
37065184,-0.550262,-0.615500,-0.398297,-0.399665
37073517,-0.550274,-0.615436,-0.398190,-0.399853
37081850,-0.550767,-0.615354,-0.397979,-0.399510
37090183,-0.551039,-0.615313,-0.397741,-0.399435
37098516,-0.551215,-0.615301,-0.397556,-0.399394
37106849,-0.551180,-0.615326,-0.397532,-0.399427
37115182,-0.551282,-0.615254,-0.397618,-0.399313
37123515,-0.551540,-0.615247,-0.397689,-0.398896
37131848,-0.552106,-0.615363,-0.397581,-0.398041
37140181,-0.552696,-0.615544,-0.397395,-0.397127
37148514,-0.553070,-0.615732,-0.397254,-0.396455
37156847,-0.553223,-0.615925,-0.397139,-0.396057
37165180,-0.553188,-0.616129,-0.397027,-0.395902
37173513,-0.553003,-0.616311,-0.396921,-0.395982
37181846,-0.552697,-0.616342,-0.396958,-0.396325
37190179,-0.552387,-0.616234,-0.397113,-0.396768
37198512,-0.552003,-0.616201,-0.397207,-0.397259
37206845,-0.551573,-0.616105,-0.397384,-0.397828
37215178,-0.551208,-0.615994,-0.397556,-0.398334
37223511,-0.550876,-0.615885,-0.397702,-0.398817
37231844,-0.550549,-0.615781,-0.397872,-0.399258
37240177,-0.550260,-0.615642,-0.398054,-0.399689
37248510,-0.549989,-0.615586,-0.398167,-0.400036
37256843,-0.549781,-0.615529,-0.398257,-0.400321
37265176,-0.549644,-0.615498,-0.398280,-0.400533
37273509,-0.549507,-0.615469,-0.398312,-0.400734
37281842,-0.549458,-0.615389,-0.398399,-0.400838
37290175,-0.549455,-0.615369,-0.398386,-0.400884
37298508,-0.549416,-0.615398,-0.398310,-0.400970
37306841,-0.549486,-0.615338,-0.398310,-0.400965
37315174,-0.549540,-0.615358,-0.398244,-0.400928
37323507,-0.549639,-0.615367,-0.398192,-0.400829
37331840,-0.549760,-0.615367,-0.398153,-0.400701
37340173,-0.549818,-0.615415,-0.398141,-0.400560
37348506,-0.549967,-0.615386,-0.398165,-0.400377
37356839,-0.550052,-0.615450,-0.398103,-0.400222
37365172,-0.550141,-0.615523,-0.398060,-0.400031
37373505,-0.550237,-0.615533,-0.398100,-0.399843
37381838,-0.550259,-0.615584,-0.398110,-0.399725
37390171,-0.550310,-0.615632,-0.398129,-0.399562
37398504,-0.550354,-0.615663,-0.398146,-0.399437
37406837,-0.550356,-0.615686,-0.398183,-0.399362
37415170,-0.550385,-0.615713,-0.398206,-0.399256
37423503,-0.550473,-0.615679,-0.398257,-0.399136
37431836,-0.550447,-0.615735,-0.398255,-0.399088
37440169,-0.550441,-0.615765,-0.398268,-0.399037
37448502,-0.550452,-0.615794,-0.398271,-0.398974
37456835,-0.550460,-0.615834,-0.398261,-0.398911
37465168,-0.550452,-0.615863,-0.398262,-0.398877
37473501,-0.550459,-0.615889,-0.398262,-0.398828
37481834,-0.550452,-0.615911,-0.398256,-0.398809
37490167,-0.550453,-0.615946,-0.398251,-0.398758
37498500,-0.550528,-0.615911,-0.398293,-0.398667
37506833,-0.550492,-0.615979,-0.398263,-0.398640
37515166,-0.550535,-0.615986,-0.398264,-0.398569
37523499,-0.550506,-0.616062,-0.398234,-0.398524
37531832,-0.550535,-0.616104,-0.398217,-0.398435
37540165,-0.550599,-0.616098,-0.398230,-0.398343
37548498,-0.550591,-0.616173,-0.398193,-0.398274
37556831,-0.550660,-0.616203,-0.398187,-0.398139
37565164,-0.550645,-0.616257,-0.398176,-0.398087
37573497,-0.550706,-0.616259,-0.398196,-0.397980
37581830,-0.550736,-0.616276,-0.398205,-0.397901
37590163,-0.550693,-0.616338,-0.398196,-0.397876
37598496,-0.550674,-0.616379,-0.398213,-0.397821
37606829,-0.550662,-0.616400,-0.398226,-0.397792
37615162,-0.550709,-0.616380,-0.398255,-0.397729
37623495,-0.550689,-0.616409,-0.398257,-0.397710
37631828,-0.550678,-0.616406,-0.398299,-0.397688
37640161,-0.550618,-0.616440,-0.398301,-0.397715
37648494,-0.550624,-0.616432,-0.398348,-0.397672
37656827,-0.550532,-0.616506,-0.398344,-0.397690
37665160,-0.550521,-0.616503,-0.398390,-0.397663
37673493,-0.550453,-0.616547,-0.398374,-0.397704
37681826,-0.550397,-0.616554,-0.398430,-0.397715
37690159,-0.550349,-0.616578,-0.398461,-0.397713
37698492,-0.550260,-0.616639,-0.398428,-0.397775
37706825,-0.550230,-0.616642,-0.398479,-0.397763
37715158,-0.550148,-0.616710,-0.398464,-0.397785
37723491,-0.550123,-0.616689,-0.398487,-0.397829
37731824,-0.550087,-0.616717,-0.398488,-0.397833
37740157,-0.550010,-0.616768,-0.398481,-0.397868
37748490,-0.549966,-0.616807,-0.398473,-0.397878
37756823,-0.549976,-0.616773,-0.398502,-0.397885
37765156,-0.549933,-0.616840,-0.398475,-0.397869
37773489,-0.549916,-0.616860,-0.398455,-0.397881
37781822,-0.549891,-0.616849,-0.398439,-0.397948
37790155,-0.549950,-0.616782,-0.398470,-0.397940
37798488,-0.549973,-0.616772,-0.398454,-0.397941
37806821,-0.549927,-0.616802,-0.398406,-0.398004
37815154,-0.549972,-0.616759,-0.398419,-0.397998
37823487,-0.549970,-0.616740,-0.398412,-0.398036
37831820,-0.549951,-0.616773,-0.398368,-0.398057
37840153,-0.549972,-0.616777,-0.398313,-0.398076
37848486,-0.550041,-0.616729,-0.398298,-0.398070
37856819,-0.550059,-0.616722,-0.398253,-0.398099
37865152,-0.550081,-0.616730,-0.398214,-0.398096
37873485,-0.550145,-0.616671,-0.398217,-0.398097
37881818,-0.550163,-0.616667,-0.398188,-0.398106
37890151,-0.550159,-0.616683,-0.398139,-0.398135
37898484,-0.550161,-0.616700,-0.398088,-0.398157
37906817,-0.550214,-0.616644,-0.398090,-0.398170
37915150,-0.550254,-0.616621,-0.398055,-0.398184
37923483,-0.550217,-0.616657,-0.398004,-0.398231
37931816,-0.550222,-0.616662,-0.397961,-0.398261
37940149,-0.550257,-0.616641,-0.397969,-0.398236
37948482,-0.550287,-0.616604,-0.397957,-0.398264
37956815,-0.550281,-0.616583,-0.397950,-0.398311
37965148,-0.550266,-0.616570,-0.397943,-0.398360
37973481,-0.550277,-0.616563,-0.397939,-0.398359
37981814,-0.550244,-0.616587,-0.397901,-0.398405
37990147,-0.550284,-0.616553,-0.397919,-0.398384
37998480,-0.550315,-0.616542,-0.397913,-0.398364
38006813,-0.550265,-0.616562,-0.397895,-0.398421
38015146,-0.550295,-0.616493,-0.397955,-0.398426
38023479,-0.550260,-0.616515,-0.397963,-0.398432
38031812,-0.550290,-0.616481,-0.397995,-0.398412
38040145,-0.550257,-0.616500,-0.398004,-0.398419
38048478,-0.550302,-0.616453,-0.398039,-0.398395
38056811,-0.550323,-0.616376,-0.398096,-0.398427
38065144,-0.550289,-0.616380,-0.398107,-0.398459
38073477,-0.550239,-0.616340,-0.398162,-0.398534
38081810,-0.550313,-0.616260,-0.398203,-0.398516
38090143,-0.550269,-0.616244,-0.398211,-0.398591
38098476,-0.550285,-0.616182,-0.398257,-0.398620
38106809,-0.550275,-0.616145,-0.398312,-0.398634
38115142,-0.550260,-0.616052,-0.398381,-0.398732
38123475,-0.550228,-0.615978,-0.398447,-0.398825
38131808,-0.550195,-0.615882,-0.398550,-0.398913
38140141,-0.550152,-0.615668,-0.398708,-0.399147
38148474,-0.549960,-0.615561,-0.398793,-0.399490
38156807,-0.549688,-0.615465,-0.398862,-0.399943
38165140,-0.549449,-0.615331,-0.398980,-0.400360
38173473,-0.549225,-0.615144,-0.399153,-0.400782
38181806,-0.548878,-0.615105,-0.399287,-0.401185
38190139,-0.548611,-0.614950,-0.399595,-0.401481
38198472,-0.548522,-0.614774,-0.399898,-0.401569
38206805,-0.548511,-0.614428,-0.400280,-0.401733
38215138,-0.548520,-0.614048,-0.400707,-0.401876
38223471,-0.548512,-0.613608,-0.401224,-0.402043
38231804,-0.548639,-0.613037,-0.401589,-0.402376
38240137,-0.548714,-0.612426,-0.402117,-0.402678
38248470,-0.548900,-0.611706,-0.402663,-0.402973
38256803,-0.549227,-0.610873,-0.403171,-0.403281
38265136,-0.549505,-0.610045,-0.403672,-0.403656
38273469,-0.549903,-0.609035,-0.404168,-0.404143
38281802,-0.550489,-0.608031,-0.404602,-0.404423
38290135,-0.551222,-0.607013,-0.404853,-0.404701
38298468,-0.551985,-0.605944,-0.405172,-0.404944
38306801,-0.552874,-0.604802,-0.405285,-0.405326
38315134,-0.553815,-0.603597,-0.405332,-0.405790
38323467,-0.554815,-0.602397,-0.405339,-0.406198
38331800,-0.555851,-0.601291,-0.405255,-0.406506
38340133,-0.557054,-0.599888,-0.405076,-0.407111
38348466,-0.558566,-0.598382,-0.404737,-0.407591
38356799,-0.560087,-0.596934,-0.404399,-0.407962
38365132,-0.562278,-0.594871,-0.403734,-0.408621
38373465,-0.564327,-0.592887,-0.402954,-0.409448
38381798,-0.566294,-0.591062,-0.402164,-0.410148
38390131,-0.568388,-0.589040,-0.401340,-0.410966
38398464,-0.570504,-0.587128,-0.400307,-0.411776
38406797,-0.572711,-0.585088,-0.399211,-0.412680
38415130,-0.574849,-0.583158,-0.397973,-0.413633
38423463,-0.576775,-0.581411,-0.396565,-0.414762
38431796,-0.578445,-0.579559,-0.395484,-0.416059
38440129,-0.579942,-0.578137,-0.394259,-0.417115
38448462,-0.581061,-0.577063,-0.393092,-0.418145
38456795,-0.581914,-0.576182,-0.392088,-0.419115
38465128,-0.582455,-0.575502,-0.391154,-0.420170
38473461,-0.582636,-0.574986,-0.390412,-0.421313
38481794,-0.582678,-0.574507,-0.389760,-0.422511
38490127,-0.582992,-0.573660,-0.389141,-0.423797
38498460,-0.583385,-0.572752,-0.388304,-0.425250
38506793,-0.583961,-0.571610,-0.387370,-0.426844
38515126,-0.584769,-0.570195,-0.386291,-0.428605
38523459,-0.585754,-0.568565,-0.385133,-0.430465
38531792,-0.586855,-0.566748,-0.383888,-0.432467
38540125,-0.588188,-0.564656,-0.382563,-0.434562
38548458,-0.589620,-0.562394,-0.381195,-0.436751
38556791,-0.591119,-0.559823,-0.379812,-0.439226
38565124,-0.592694,-0.557259,-0.378215,-0.441734
38573457,-0.594412,-0.554601,-0.376407,-0.444307
38581790,-0.596209,-0.551887,-0.374487,-0.446895
38590123,-0.598088,-0.549142,-0.372402,-0.449500
38598456,-0.600266,-0.545966,-0.370257,-0.452230
38606789,-0.602450,-0.542625,-0.368082,-0.455113
38615122,-0.604646,-0.539071,-0.365870,-0.458197
38623455,-0.606840,-0.535685,-0.363510,-0.461137
38631788,-0.609253,-0.532166,-0.360963,-0.464022
38640121,-0.611754,-0.528634,-0.358306,-0.466819
38648454,-0.614305,-0.524999,-0.355528,-0.469686
38656787,-0.616944,-0.521110,-0.352751,-0.472642
38665120,-0.619813,-0.517223,-0.349744,-0.475385
38673453,-0.622780,-0.513455,-0.346471,-0.477982
38681786,-0.625860,-0.509363,-0.343184,-0.480701
38690119,-0.629046,-0.505243,-0.339768,-0.483310
38698452,-0.632365,-0.500965,-0.336269,-0.485871
38706785,-0.635738,-0.496703,-0.332669,-0.488319
38715118,-0.639275,-0.492451,-0.328869,-0.490576
38723451,-0.642734,-0.488058,-0.325155,-0.492916
38731784,-0.646231,-0.483629,-0.321377,-0.495183
38740117,-0.649466,-0.479067,-0.317668,-0.497771
38748450,-0.652787,-0.474344,-0.313873,-0.500350
38756783,-0.656047,-0.469624,-0.310166,-0.502844
38765116,-0.659222,-0.464684,-0.306466,-0.505543
38773449,-0.662338,-0.459559,-0.302716,-0.508407
38781782,-0.665222,-0.454364,-0.299224,-0.511369
38790115,-0.668201,-0.449168,-0.295392,-0.514296
38798448,-0.670911,-0.443949,-0.291571,-0.517468
38806781,-0.673692,-0.438562,-0.287594,-0.520664
38815114,-0.676650,-0.433067,-0.283466,-0.523684
38823447,-0.679437,-0.427703,-0.279284,-0.526723
38831780,-0.682136,-0.422281,-0.275058,-0.529824
38840113,-0.684678,-0.416569,-0.270905,-0.533195
38848446,-0.687291,-0.410830,-0.266582,-0.536454
38856779,-0.690118,-0.405007,-0.262157,-0.539426
38865112,-0.692807,-0.399559,-0.257626,-0.542217
38873445,-0.695528,-0.394267,-0.252911,-0.544821
38881778,-0.698113,-0.388888,-0.248279,-0.547506
38890111,-0.700445,-0.383387,-0.243798,-0.550412
38898444,-0.703096,-0.378094,-0.239112,-0.552745
38906777,-0.705337,-0.372793,-0.234570,-0.555429
38915110,-0.707550,-0.367478,-0.230042,-0.558045
38923443,-0.709870,-0.362218,-0.225407,-0.560424
38931776,-0.712095,-0.357077,-0.220745,-0.562750
38940109,-0.714226,-0.351862,-0.216069,-0.565145
38948442,-0.716137,-0.346508,-0.211393,-0.567797
38956775,-0.718679,-0.341609,-0.206602,-0.569315
38965108,-0.721192,-0.336570,-0.201746,-0.570877
38973441,-0.723732,-0.331655,-0.196908,-0.572227
38981774,-0.726002,-0.326642,-0.192173,-0.573843
38990107,-0.728275,-0.321702,-0.187395,-0.575332
38998440,-0.730547,-0.316816,-0.182651,-0.576687
39006773,-0.732849,-0.311904,-0.177834,-0.577947
39015106,-0.735048,-0.306966,-0.173096,-0.579235
39023439,-0.737128,-0.302024,-0.168210,-0.580628
39031772,-0.739182,-0.297223,-0.163391,-0.581870
39040105,-0.741310,-0.292406,-0.158362,-0.582992
39048438,-0.743053,-0.287506,-0.153504,-0.584508
39056771,-0.744400,-0.282510,-0.149154,-0.586353
39065104,-0.745928,-0.277518,-0.144498,-0.587959
39073437,-0.747449,-0.272686,-0.139765,-0.589430
39081770,-0.748824,-0.268011,-0.135080,-0.590920
39090103,-0.750063,-0.263309,-0.130518,-0.592485
39098436,-0.751170,-0.258546,-0.126024,-0.594152
39106769,-0.752273,-0.253759,-0.121437,-0.595772
39115102,-0.753258,-0.249105,-0.116836,-0.597409
39123435,-0.754263,-0.244388,-0.112317,-0.598955
39131768,-0.755301,-0.239926,-0.107788,-0.600282
39140101,-0.756201,-0.235442,-0.103281,-0.601715
39148434,-0.757220,-0.231084,-0.098803,-0.602873
39156767,-0.757990,-0.226562,-0.094393,-0.604327
39165100,-0.759007,-0.222275,-0.089993,-0.605313
39173433,-0.759905,-0.218072,-0.085617,-0.606349
39181766,-0.760787,-0.213579,-0.081105,-0.607461
39190099,-0.761674,-0.209067,-0.076585,-0.608505
39198432,-0.762592,-0.204727,-0.072190,-0.609368
39206765,-0.763590,-0.200387,-0.067712,-0.610074
39215098,-0.764265,-0.196171,-0.063562,-0.611045
39223431,-0.765299,-0.192160,-0.059363,-0.611448
39231764,-0.766042,-0.187846,-0.055116,-0.612254
39240097,-0.766637,-0.183718,-0.051000,-0.613118
39248430,-0.767312,-0.179657,-0.046973,-0.613798
39256763,-0.767984,-0.175633,-0.043044,-0.614410
39265096,-0.768450,-0.171439,-0.038968,-0.615284
39273429,-0.768790,-0.167706,-0.035229,-0.616113
39281762,-0.769163,-0.163948,-0.031495,-0.616860
39290095,-0.769587,-0.160320,-0.027921,-0.617457
39298428,-0.769711,-0.156498,-0.024276,-0.618437
39306761,-0.770234,-0.152851,-0.020616,-0.618830
39315094,-0.770716,-0.149206,-0.016870,-0.619233
39323427,-0.771217,-0.145775,-0.013366,-0.619512
39331760,-0.771698,-0.142249,-0.009877,-0.619798
39340093,-0.772117,-0.138479,-0.006255,-0.620177
39348426,-0.772762,-0.135202,-0.002873,-0.620122
39356759,-0.773138,-0.131858,0.000445,-0.620379
39365092,-0.773516,-0.128658,0.003718,-0.620569
39373425,-0.773968,-0.125495,0.006970,-0.620626
39381758,-0.774435,-0.122632,0.010033,-0.620573
39390091,-0.775107,-0.119881,0.013045,-0.620216
39398424,-0.775478,-0.117173,0.015916,-0.620203
39406757,-0.775472,-0.114373,0.018690,-0.620655
39415090,-0.776382,-0.111078,0.022402,-0.619993
39423423,-0.776796,-0.108429,0.025144,-0.619838
39431756,-0.777549,-0.105914,0.027924,-0.619210
39440089,-0.778245,-0.103291,0.030840,-0.618639
39448422,-0.778940,-0.100593,0.033799,-0.618054
39456755,-0.779677,-0.098094,0.036571,-0.617368
39465088,-0.780280,-0.095413,0.039390,-0.616854
39473421,-0.780971,-0.092986,0.042025,-0.616175
39481754,-0.781702,-0.090610,0.044558,-0.615423
39490087,-0.782669,-0.088283,0.047254,-0.614331
39498420,-0.783841,-0.086476,0.049753,-0.612895
39506753,-0.784175,-0.084531,0.051977,-0.612555
39515086,-0.784429,-0.082825,0.053943,-0.612292
39523419,-0.784769,-0.081416,0.055736,-0.611885
39531752,-0.784907,-0.079750,0.057595,-0.611755
39540085,-0.784706,-0.077988,0.059414,-0.612066
39548418,-0.784508,-0.076572,0.060945,-0.612348
39556751,-0.784123,-0.074901,0.062505,-0.612890
39565084,-0.784555,-0.073945,0.063754,-0.612324
39573417,-0.784850,-0.072867,0.065058,-0.611939
39581750,-0.785176,-0.071845,0.066452,-0.611491
39590083,-0.785299,-0.070657,0.067825,-0.611321
39598416,-0.785181,-0.069209,0.069337,-0.611468
39606749,-0.785355,-0.067704,0.070843,-0.611241
39615082,-0.785969,-0.066655,0.072202,-0.610407
39623415,-0.786454,-0.065339,0.073621,-0.609755
39631748,-0.786982,-0.064145,0.074981,-0.609034
39640081,-0.787602,-0.063131,0.076254,-0.608181
39648414,-0.788580,-0.062354,0.077473,-0.606838
39656747,-0.788950,-0.061601,0.078408,-0.606313
39665080,-0.788874,-0.060548,0.079327,-0.606399
39673413,-0.788729,-0.059910,0.080074,-0.606552
39681746,-0.789325,-0.059498,0.080742,-0.605728
39690079,-0.789970,-0.059124,0.081466,-0.604826
39698412,-0.789861,-0.058769,0.081990,-0.604933
39706745,-0.790255,-0.058653,0.082334,-0.604382
39715078,-0.790525,-0.058656,0.082739,-0.603974
39723411,-0.790946,-0.058604,0.082957,-0.603398
39731744,-0.790634,-0.058462,0.083080,-0.603803
39740077,-0.790635,-0.058464,0.083151,-0.603792
39748410,-0.790817,-0.058514,0.083191,-0.603543
39756743,-0.790676,-0.058799,0.083089,-0.603714
39765076,-0.790733,-0.059105,0.082960,-0.603627
39773409,-0.791426,-0.059216,0.083132,-0.602684
39781742,-0.791929,-0.059401,0.083155,-0.602001
39790075,-0.792207,-0.059459,0.083214,-0.601621
39798408,-0.792493,-0.059684,0.083159,-0.601230
39806741,-0.792894,-0.060080,0.083019,-0.600680
39815074,-0.793168,-0.060296,0.083001,-0.600300
39823407,-0.793342,-0.060478,0.083011,-0.600050
39831740,-0.792676,-0.060075,0.083276,-0.600933
39840073,-0.792965,-0.060356,0.083217,-0.600531
39848406,-0.793198,-0.060786,0.083053,-0.600203
39856739,-0.793334,-0.061120,0.082928,-0.600008
39865072,-0.793455,-0.061447,0.082774,-0.599835
39873405,-0.793506,-0.061754,0.082641,-0.599755
39881738,-0.793505,-0.062051,0.082492,-0.599745
39890071,-0.793622,-0.062416,0.082342,-0.599573
39898404,-0.793729,-0.062714,0.082275,-0.599410
39906737,-0.793801,-0.062973,0.082169,-0.599301
39915070,-0.793969,-0.063246,0.082115,-0.599058
39923403,-0.794087,-0.063381,0.082171,-0.598880
39931736,-0.794321,-0.063478,0.082280,-0.598544
39940069,-0.794463,-0.063494,0.082417,-0.598335
39948402,-0.794570,-0.063447,0.082613,-0.598171
39956735,-0.794551,-0.063315,0.082816,-0.598182
39965068,-0.794535,-0.063222,0.083034,-0.598183
39973401,-0.794560,-0.063187,0.083228,-0.598127
39981734,-0.794492,-0.063118,0.083428,-0.598196
39990067,-0.794361,-0.063009,0.083637,-0.598352
39998400,-0.794307,-0.063020,0.083767,-0.598405
40006733,-0.794191,-0.062971,0.083949,-0.598538
40015066,-0.794089,-0.063001,0.084050,-0.598656
40023399,-0.793874,-0.063026,0.084137,-0.598926
40031732,-0.793669,-0.063034,0.084239,-0.599183
40040065,-0.793561,-0.063078,0.084331,-0.599308
40048398,-0.793416,-0.063100,0.084445,-0.599482
40056731,-0.793332,-0.063095,0.084581,-0.599574
40065064,-0.793298,-0.063098,0.084774,-0.599592
40073397,-0.793202,-0.063075,0.084901,-0.599703
40081730,-0.792822,-0.062956,0.085006,-0.600204
40090063,-0.792677,-0.062981,0.085132,-0.600374
40098396,-0.792621,-0.062930,0.085300,-0.600429
40106729,-0.792501,-0.062868,0.085470,-0.600570
40115062,-0.792339,-0.062822,0.085661,-0.600762
40123395,-0.792071,-0.062754,0.085810,-0.601101
40131728,-0.791785,-0.062556,0.086050,-0.601464
40140061,-0.791584,-0.062402,0.086280,-0.601711
40148394,-0.791312,-0.062302,0.086455,-0.602054
40156727,-0.791135,-0.062305,0.086558,-0.602271
40165060,-0.790807,-0.062284,0.086682,-0.602687
40173393,-0.790447,-0.062214,0.086837,-0.603143
40181726,-0.789935,-0.062098,0.086980,-0.603806
40190059,-0.789389,-0.061879,0.087177,-0.604513
40198392,-0.788766,-0.061791,0.087322,-0.605314
40206725,-0.788131,-0.061741,0.087442,-0.606128
40215058,-0.787501,-0.061744,0.087446,-0.606946
40223391,-0.787493,-0.061918,0.087344,-0.606954
40231724,-0.786959,-0.062015,0.087382,-0.607630
40240057,-0.786221,-0.061909,0.087510,-0.608577
40248390,-0.785945,-0.061786,0.087638,-0.608928
40256723,-0.785743,-0.061719,0.087767,-0.609176
40265056,-0.785213,-0.061686,0.087856,-0.609850
40273389,-0.783940,-0.061008,0.088231,-0.611500
40281722,-0.783348,-0.060793,0.088346,-0.612262
40290055,-0.783095,-0.060796,0.088342,-0.612586
40298388,-0.782833,-0.060819,0.088378,-0.612913
40306721,-0.782512,-0.060632,0.088522,-0.613321
40315054,-0.782361,-0.060497,0.088626,-0.613512
40323387,-0.781927,-0.060336,0.088710,-0.614068
40331720,-0.781582,-0.060162,0.088849,-0.614505
40340053,-0.781699,-0.060118,0.088959,-0.614345
40348386,-0.781232,-0.059778,0.089169,-0.614941
40356719,-0.780638,-0.059556,0.089299,-0.615698
40365052,-0.779937,-0.059468,0.089275,-0.616597
40373385,-0.779383,-0.059245,0.089346,-0.617309
40381718,-0.779015,-0.059250,0.089375,-0.617768
40390051,-0.778732,-0.059156,0.089469,-0.618120
40398384,-0.778086,-0.058840,0.089642,-0.618938
40406717,-0.777391,-0.058547,0.089849,-0.619809
40415050,-0.776849,-0.058276,0.090040,-0.620486
40423383,-0.776348,-0.058001,0.090243,-0.621108
40431716,-0.775722,-0.057662,0.090480,-0.621887
40440049,-0.775277,-0.057354,0.090764,-0.622429
40448382,-0.774699,-0.057032,0.090984,-0.623146
40456715,-0.774050,-0.056633,0.091214,-0.623955
40465048,-0.773505,-0.056288,0.091500,-0.624620
40473381,-0.772934,-0.055864,0.091888,-0.625307
40481714,-0.772308,-0.055409,0.092277,-0.626063
40490047,-0.771799,-0.055029,0.092682,-0.626664
40498380,-0.771131,-0.054661,0.093056,-0.627463
40506713,-0.770458,-0.054295,0.093438,-0.628265
40515046,-0.769553,-0.053820,0.093837,-0.629354
40523379,-0.768612,-0.053422,0.094188,-0.630484
40531712,-0.767748,-0.053024,0.094558,-0.631515
40540045,-0.766975,-0.052660,0.094908,-0.632431
40548378,-0.766388,-0.052385,0.095243,-0.633114
40556711,-0.765807,-0.052157,0.095584,-0.633784
40565044,-0.765116,-0.051868,0.095966,-0.634584
40573377,-0.764378,-0.051670,0.096282,-0.635442
40581710,-0.763560,-0.051325,0.096679,-0.636392
40590043,-0.762664,-0.050969,0.097057,-0.637437
40598376,-0.761911,-0.050689,0.097502,-0.638292
40606709,-0.761043,-0.050441,0.097894,-0.639286
40615042,-0.760301,-0.050123,0.098460,-0.640107
40623375,-0.759200,-0.049752,0.098899,-0.641373
40631708,-0.758231,-0.049484,0.099321,-0.642473
40640041,-0.757228,-0.049241,0.099673,-0.643620
40648374,-0.756115,-0.049036,0.099980,-0.644895
40656707,-0.755163,-0.048885,0.100317,-0.645969
40665040,-0.754038,-0.048701,0.100652,-0.647244
40673373,-0.752983,-0.048479,0.101018,-0.648430
40681706,-0.752025,-0.048310,0.101358,-0.649501
40690039,-0.750781,-0.048021,0.101775,-0.650894
40698372,-0.750063,-0.047796,0.102179,-0.651675
40706705,-0.749618,-0.047526,0.102733,-0.652120
40715038,-0.748181,-0.047422,0.103064,-0.653723
40723371,-0.746218,-0.046379,0.104007,-0.655889
40731704,-0.745799,-0.046441,0.104320,-0.656311
40740037,-0.745331,-0.046428,0.104615,-0.656797
40748370,-0.744792,-0.046553,0.104863,-0.657360
40756703,-0.743782,-0.046371,0.105266,-0.658451
40765036,-0.742854,-0.046161,0.105624,-0.659455
40773369,-0.742205,-0.045991,0.105956,-0.660144
40781702,-0.741269,-0.045824,0.106311,-0.661149
40790035,-0.740257,-0.045566,0.106559,-0.662261
40798368,-0.738759,-0.045348,0.106922,-0.663888
40806701,-0.737902,-0.045284,0.107264,-0.664789
40815034,-0.737527,-0.045258,0.107628,-0.665148
40823367,-0.736815,-0.045250,0.107915,-0.665890
40831700,-0.735785,-0.045028,0.108209,-0.666996
40840033,-0.734502,-0.044626,0.108535,-0.668382
40848366,-0.733619,-0.044587,0.108805,-0.669311
40856699,-0.732446,-0.044281,0.109082,-0.670570
40865032,-0.731161,-0.043959,0.109364,-0.671946
40873365,-0.730042,-0.043715,0.109650,-0.673131
40881698,-0.728879,-0.043386,0.109992,-0.674355
40890031,-0.727731,-0.043089,0.110318,-0.675560
40898364,-0.726447,-0.042739,0.110639,-0.676910
40906697,-0.725265,-0.042504,0.110926,-0.678144
40915030,-0.724107,-0.042252,0.111236,-0.679345
40923363,-0.723149,-0.041910,0.111712,-0.680309
40931696,-0.721794,-0.041359,0.112093,-0.681717
40940029,-0.720564,-0.040840,0.112524,-0.682978
40948362,-0.719735,-0.040505,0.112916,-0.683806
40956695,-0.718677,-0.040186,0.113155,-0.684898
40965028,-0.717648,-0.039774,0.113433,-0.685953
40973361,-0.716614,-0.039330,0.113759,-0.687005
40981694,-0.716024,-0.039025,0.114075,-0.687585
40990027,-0.715365,-0.038757,0.114389,-0.688234
40998360,-0.714160,-0.038248,0.114795,-0.689445
41006693,-0.713472,-0.037969,0.115141,-0.690115
41015026,-0.712865,-0.037761,0.115481,-0.690697
41023359,-0.712108,-0.037454,0.115795,-0.691442
41031692,-0.711419,-0.037161,0.116052,-0.692122
41040025,-0.711014,-0.037016,0.116220,-0.692518
41048358,-0.710325,-0.036717,0.116463,-0.693200
41056691,-0.709716,-0.036376,0.116771,-0.693790
41065024,-0.709115,-0.036154,0.116961,-0.694384
41073357,-0.708648,-0.035949,0.117163,-0.694837
41081690,-0.708107,-0.035752,0.117307,-0.695374
41090023,-0.707607,-0.035606,0.117414,-0.695872
41098356,-0.707556,-0.035613,0.117520,-0.695907
41106689,-0.707456,-0.035598,0.117552,-0.696003
41115022,-0.706718,-0.035479,0.117676,-0.696738
41123355,-0.706239,-0.035368,0.117766,-0.697214
41131688,-0.705853,-0.035327,0.117819,-0.697598
41140021,-0.705986,-0.035491,0.117775,-0.697462
41148354,-0.705884,-0.035526,0.117796,-0.697560
41156687,-0.705713,-0.035587,0.117656,-0.697753
41165020,-0.705427,-0.035652,0.117583,-0.698052
41173353,-0.705293,-0.035635,0.117648,-0.698177
41181686,-0.705300,-0.035723,0.117679,-0.698160
41190019,-0.705078,-0.035772,0.117631,-0.698390
41198352,-0.704964,-0.035754,0.117736,-0.698488
41206685,-0.704925,-0.035800,0.117776,-0.698518
41215018,-0.704851,-0.035817,0.117806,-0.698587
41223351,-0.704823,-0.035869,0.117857,-0.698604
41231684,-0.704949,-0.035900,0.118057,-0.698442
41240017,-0.705008,-0.035929,0.118189,-0.698358
41248350,-0.705202,-0.035960,0.118185,-0.698162
41256683,-0.705310,-0.035956,0.118263,-0.698040
41265016,-0.705130,-0.035876,0.118418,-0.698199
41273349,-0.704804,-0.035765,0.118458,-0.698527
41281682,-0.704578,-0.035694,0.118494,-0.698752
41290015,-0.704332,-0.035644,0.118513,-0.699000
41298348,-0.704101,-0.035590,0.118575,-0.699224
41306681,-0.703814,-0.035433,0.118653,-0.699508
41315014,-0.703807,-0.035456,0.118724,-0.699502
41323347,-0.703930,-0.035461,0.118814,-0.699363
41331680,-0.703916,-0.035392,0.118875,-0.699370
41340013,-0.703936,-0.035356,0.118953,-0.699338
41348346,-0.703887,-0.035272,0.119036,-0.699378
41356679,-0.703784,-0.035139,0.119150,-0.699469
41365012,-0.704021,-0.035167,0.119255,-0.699211
41373345,-0.704028,-0.035067,0.119412,-0.699182
41381678,-0.704363,-0.035195,0.119469,-0.698829
41390011,-0.704468,-0.035189,0.119533,-0.698711
41398344,-0.704083,-0.034892,0.119699,-0.699087
41406677,-0.704120,-0.034851,0.119765,-0.699040
41415010,-0.704194,-0.034881,0.119798,-0.698958
41423343,-0.704223,-0.034875,0.119870,-0.698917
41431676,-0.704292,-0.034843,0.119963,-0.698833
41440009,-0.704436,-0.034809,0.120039,-0.698677
41448342,-0.704469,-0.034694,0.120152,-0.698629
41456675,-0.704486,-0.034589,0.120289,-0.698594
41465008,-0.704524,-0.034498,0.120424,-0.698537
41473341,-0.704606,-0.034349,0.120628,-0.698426
41481674,-0.704858,-0.034318,0.120814,-0.698141
41490007,-0.704857,-0.034042,0.121102,-0.698106
41498340,-0.704980,-0.033888,0.121299,-0.697955
41506673,-0.705142,-0.033785,0.121494,-0.697762
41515006,-0.705356,-0.033669,0.121696,-0.697517
41523339,-0.705755,-0.033636,0.121898,-0.697079
41531672,-0.705904,-0.033451,0.122157,-0.696891
41540005,-0.706056,-0.033250,0.122490,-0.696689
41548338,-0.706224,-0.033078,0.122739,-0.696483
41556671,-0.706854,-0.033198,0.122835,-0.695821
41565004,-0.707166,-0.033160,0.123023,-0.695472
41573337,-0.707098,-0.032903,0.123249,-0.695513
41581670,-0.707155,-0.032705,0.123504,-0.695420
41590003,-0.707389,-0.032605,0.123723,-0.695148
41598336,-0.707635,-0.032438,0.124091,-0.694839
41606669,-0.707606,-0.032234,0.124304,-0.694841
41615002,-0.707950,-0.032146,0.124571,-0.694446
41623335,-0.708030,-0.031979,0.124806,-0.694330
41631668,-0.708207,-0.031924,0.124961,-0.694124
41640001,-0.708388,-0.031856,0.125152,-0.693908
41648334,-0.708437,-0.031691,0.125347,-0.693831
41656667,-0.708486,-0.031634,0.125460,-0.693763
41665000,-0.708364,-0.031521,0.125593,-0.693869
41673333,-0.708387,-0.031404,0.125740,-0.693824
41681666,-0.708571,-0.031417,0.125836,-0.693618
41689999,-0.708746,-0.031394,0.125984,-0.693413
41698332,-0.709060,-0.031448,0.126073,-0.693073
41706665,-0.709274,-0.031411,0.126141,-0.692844
41714998,-0.709639,-0.031571,0.126217,-0.692449
41723331,-0.709924,-0.031595,0.126333,-0.692134
41731664,-0.709336,-0.031392,0.126474,-0.692720
41739997,-0.709561,-0.031532,0.126602,-0.692460
41748330,-0.709899,-0.031683,0.126683,-0.692092
41756663,-0.709799,-0.031589,0.126728,-0.692190
41764996,-0.709804,-0.031572,0.126805,-0.692172
41773329,-0.709831,-0.031534,0.126925,-0.692124
41781662,-0.709847,-0.031546,0.127027,-0.692088
41789995,-0.709893,-0.031589,0.127068,-0.692031
41798328,-0.710020,-0.031624,0.127084,-0.691897
41806661,-0.710273,-0.031682,0.127136,-0.691625
41814994,-0.710562,-0.031758,0.127175,-0.691317
41823327,-0.710684,-0.031780,0.127243,-0.691179
41831660,-0.710535,-0.031765,0.127281,-0.691325
41839993,-0.710753,-0.031772,0.127349,-0.691088
41848326,-0.711050,-0.031851,0.127415,-0.690767
41856659,-0.711529,-0.032069,0.127461,-0.690255
41864992,-0.711248,-0.032043,0.127489,-0.690541
41873325,-0.711110,-0.031964,0.127497,-0.690685
41881658,-0.711158,-0.031942,0.127530,-0.690630
41889991,-0.711250,-0.031990,0.127534,-0.690533
41898324,-0.711342,-0.032021,0.127560,-0.690431
41906657,-0.711410,-0.032041,0.127609,-0.690352
41914990,-0.711804,-0.032317,0.127494,-0.689954
41923323,-0.711854,-0.032316,0.127612,-0.689880
41931656,-0.711852,-0.032288,0.127684,-0.689871
41939989,-0.712252,-0.032484,0.127630,-0.689458
41948322,-0.712154,-0.032478,0.127622,-0.689561
41956655,-0.711872,-0.032245,0.127741,-0.689841
41964988,-0.711837,-0.032185,0.127816,-0.689866
41973321,-0.712077,-0.032268,0.127848,-0.689608
41981654,-0.712105,-0.032208,0.127928,-0.689568
41989987,-0.712164,-0.032223,0.127995,-0.689494
41998320,-0.712143,-0.032247,0.128009,-0.689512
42006653,-0.712164,-0.032220,0.128125,-0.689470
42014986,-0.712059,-0.032152,0.128214,-0.689565
42023319,-0.712020,-0.032182,0.128260,-0.689595
42031652,-0.711924,-0.032170,0.128297,-0.689688
42039985,-0.711748,-0.032128,0.128330,-0.689866
42048318,-0.711609,-0.032102,0.128372,-0.690002
42056651,-0.711494,-0.032102,0.128373,-0.690120
42064984,-0.711374,-0.032131,0.128342,-0.690249
42073317,-0.711215,-0.032164,0.128336,-0.690412
42081650,-0.711362,-0.032318,0.128341,-0.690252
42089983,-0.711578,-0.032458,0.128397,-0.690012
42098316,-0.711550,-0.032455,0.128449,-0.690032
42106649,-0.711469,-0.032517,0.128499,-0.690103
42114982,-0.711760,-0.032698,0.128549,-0.689785
42123315,-0.711574,-0.032721,0.128651,-0.689957
42131648,-0.711508,-0.032734,0.128780,-0.690001
42139981,-0.711804,-0.032876,0.128888,-0.689668
42148314,-0.711854,-0.032973,0.129026,-0.689586
42156647,-0.711827,-0.033077,0.129120,-0.689592
42164980,-0.711795,-0.033114,0.129257,-0.689597
42173313,-0.711820,-0.033196,0.129375,-0.689545
42181646,-0.711706,-0.033260,0.129523,-0.689632
42189979,-0.711571,-0.033257,0.129628,-0.689751
42198312,-0.711453,-0.033266,0.129771,-0.689846
42206645,-0.711313,-0.033311,0.129941,-0.689957
42214978,-0.711222,-0.033362,0.130164,-0.690005
42223311,-0.711161,-0.033408,0.130364,-0.690028
42231644,-0.711059,-0.033458,0.130541,-0.690098
42239977,-0.710774,-0.033431,0.130731,-0.690356
42248310,-0.710631,-0.033486,0.130907,-0.690468
42256643,-0.710399,-0.033447,0.131134,-0.690665
42264976,-0.710200,-0.033382,0.131404,-0.690821
42273309,-0.710167,-0.033432,0.131639,-0.690808
42281642,-0.710139,-0.033553,0.131812,-0.690799
42289975,-0.710211,-0.033698,0.132030,-0.690675
42298308,-0.710440,-0.033953,0.132199,-0.690395
42306641,-0.710851,-0.034372,0.132269,-0.689938
42314974,-0.711157,-0.034605,0.132429,-0.689580
42323307,-0.711561,-0.034992,0.132552,-0.689120
42331640,-0.712082,-0.035432,0.132635,-0.688544
42339973,-0.712576,-0.035808,0.132765,-0.687988
42348306,-0.712997,-0.036232,0.132921,-0.687499
42356639,-0.713405,-0.036679,0.133029,-0.687030
42364972,-0.713859,-0.037163,0.133185,-0.686503
42373305,-0.714321,-0.037567,0.133417,-0.685955
42381638,-0.714902,-0.037992,0.133607,-0.685289
42389971,-0.714979,-0.038433,0.133673,-0.685172
42398304,-0.714834,-0.038749,0.133858,-0.685268
42406637,-0.715370,-0.038925,0.134305,-0.684611
42414970,-0.715496,-0.039473,0.134345,-0.684440
42423303,-0.715716,-0.039745,0.134690,-0.684127
42431636,-0.716198,-0.040477,0.134829,-0.683551
42439969,-0.716211,-0.040860,0.135027,-0.683476
42448302,-0.716117,-0.041250,0.135239,-0.683509
42456635,-0.716090,-0.041649,0.135442,-0.683474
42464968,-0.715588,-0.041949,0.135680,-0.683934
42473301,-0.715610,-0.042532,0.135912,-0.683828
42481634,-0.715794,-0.043115,0.136062,-0.683570
42489967,-0.715935,-0.043664,0.136307,-0.683338
42498300,-0.716160,-0.044455,0.136696,-0.682974
42506633,-0.715840,-0.044822,0.137082,-0.683208
42514966,-0.715777,-0.045272,0.137410,-0.683178
42523299,-0.715575,-0.045783,0.137750,-0.683288
42531632,-0.715185,-0.046194,0.138309,-0.683554
42539965,-0.715169,-0.046786,0.138761,-0.683439
42548298,-0.715304,-0.047519,0.139117,-0.683176
42556631,-0.714897,-0.048072,0.139465,-0.683492
42564964,-0.714733,-0.048747,0.139774,-0.683552
42573297,-0.714277,-0.049403,0.140155,-0.683904
42581630,-0.714100,-0.050358,0.140402,-0.683968
42589963,-0.714300,-0.051487,0.140685,-0.683617
42598296,-0.714216,-0.052574,0.140930,-0.683572
42606629,-0.713933,-0.053438,0.141266,-0.683731
42614962,-0.714169,-0.054772,0.141372,-0.683357
42623295,-0.714441,-0.056345,0.141418,-0.682934
42631628,-0.714193,-0.057502,0.141748,-0.683029
42639961,-0.713976,-0.058839,0.141961,-0.683098
42648294,-0.713668,-0.060195,0.142199,-0.683252
42656627,-0.713588,-0.061734,0.142453,-0.683146
42664960,-0.713202,-0.063157,0.142691,-0.683369
42673293,-0.712719,-0.064509,0.142991,-0.683684
42681626,-0.712751,-0.066152,0.143096,-0.683471
42689959,-0.712649,-0.067719,0.143301,-0.683382
42698292,-0.712482,-0.069228,0.143604,-0.683341
42706625,-0.712479,-0.071085,0.143606,-0.683153
42714958,-0.711990,-0.072694,0.143688,-0.683476
42723291,-0.711585,-0.074304,0.143870,-0.683687
42731624,-0.710974,-0.075888,0.144123,-0.684095
42739957,-0.710400,-0.077635,0.144170,-0.684484
42748290,-0.710045,-0.079531,0.144217,-0.684625
42756623,-0.709162,-0.081167,0.144403,-0.685309
42764956,-0.708688,-0.083044,0.144466,-0.685562
42773289,-0.708649,-0.085256,0.144247,-0.685376
42781622,-0.708075,-0.087199,0.144128,-0.685750
42789955,-0.707748,-0.089332,0.144127,-0.685814
42798288,-0.707103,-0.091458,0.143902,-0.686245
42806621,-0.706545,-0.093644,0.143825,-0.686542
42814954,-0.705886,-0.095864,0.143582,-0.686963
42823287,-0.705036,-0.097925,0.143388,-0.687586
42831620,-0.704681,-0.100351,0.143128,-0.687655
42839953,-0.703693,-0.102498,0.142830,-0.688411
42848286,-0.702434,-0.104684,0.142546,-0.689426
42856619,-0.700803,-0.106727,0.142176,-0.690848
42864952,-0.699697,-0.109359,0.141537,-0.691688
42873285,-0.698349,-0.111850,0.140951,-0.692771
42881618,-0.696397,-0.114150,0.140263,-0.694498
42889951,-0.694466,-0.116713,0.139485,-0.696160
42898284,-0.692386,-0.119091,0.138617,-0.698000
42906617,-0.689884,-0.121674,0.137685,-0.700213
42914950,-0.687297,-0.124398,0.136454,-0.702516
42923283,-0.683763,-0.126970,0.135071,-0.705764
42931616,-0.680163,-0.129899,0.133469,-0.709007
42939949,-0.675910,-0.133087,0.131278,-0.712881
42948282,-0.671236,-0.136350,0.128954,-0.717092
42956615,-0.665932,-0.139807,0.126151,-0.721855
42964948,-0.660612,-0.143707,0.122837,-0.726534
42973281,-0.654745,-0.147504,0.119202,-0.731671
42981614,-0.648786,-0.151838,0.115009,-0.736746
42989947,-0.642353,-0.156352,0.110362,-0.742130
42998280,-0.635643,-0.160766,0.105340,-0.747673
43006613,-0.628699,-0.165017,0.100048,-0.753325
43014946,-0.621625,-0.169401,0.094406,-0.758929
43023279,-0.613914,-0.173374,0.088437,-0.765003
43031612,-0.606186,-0.177420,0.082177,-0.770914
43039945,-0.598342,-0.181419,0.075827,-0.776739
43048278,-0.590299,-0.184968,0.069547,-0.782622
43056611,-0.582147,-0.188239,0.063285,-0.788458
43064944,-0.573883,-0.191117,0.057524,-0.794244
43073277,-0.565457,-0.193203,0.052376,-0.800118
43081610,-0.557465,-0.195217,0.047328,-0.805533
43089943,-0.549781,-0.196518,0.042395,-0.810756
43098276,-0.542666,-0.197526,0.037491,-0.815532
43106609,-0.535999,-0.197999,0.032662,-0.820021
43114942,-0.529335,-0.198163,0.027837,-0.824476
43123275,-0.523016,-0.198167,0.022948,-0.828648
43131608,-0.516519,-0.197820,0.017984,-0.832918
43139941,-0.510426,-0.197388,0.013089,-0.836859
43148274,-0.504105,-0.196778,0.008075,-0.840887
43156607,-0.498391,-0.196120,0.003119,-0.844472
43164940,-0.492966,-0.195682,-0.002024,-0.847755
43173273,-0.487428,-0.195250,-0.006953,-0.851024
43181606,-0.482712,-0.194807,-0.011976,-0.853754
43189939,-0.478206,-0.194123,-0.017133,-0.856354
43198272,-0.473996,-0.193341,-0.022023,-0.858756
43206605,-0.470501,-0.192507,-0.026752,-0.860729
43214938,-0.467380,-0.191652,-0.031305,-0.862465
43223271,-0.464546,-0.190813,-0.035972,-0.863998
43231604,-0.461787,-0.189899,-0.040434,-0.865480
43239937,-0.458851,-0.188626,-0.044582,-0.867115
43248270,-0.455725,-0.187010,-0.048580,-0.868897
43256603,-0.452614,-0.185294,-0.052353,-0.870670
43264936,-0.449614,-0.183517,-0.056034,-0.872370
43273269,-0.446727,-0.181676,-0.059456,-0.874010
43281602,-0.443781,-0.179540,-0.062669,-0.875726
43289935,-0.440809,-0.177372,-0.065625,-0.877451
43298268,-0.437688,-0.175392,-0.068679,-0.879176
43306601,-0.434770,-0.173132,-0.071181,-0.880871
43314934,-0.431507,-0.170787,-0.073484,-0.882742
43323267,-0.428130,-0.168488,-0.075298,-0.884673
43331600,-0.424736,-0.166369,-0.077172,-0.886547
43339933,-0.421903,-0.164136,-0.078869,-0.888165
43348266,-0.418896,-0.161864,-0.079984,-0.889904
43356599,-0.415364,-0.159672,-0.081517,-0.891814
43364932,-0.411649,-0.157376,-0.082583,-0.893844
43373265,-0.407988,-0.154990,-0.083344,-0.895867
43381598,-0.404284,-0.152849,-0.084238,-0.897828
43389931,-0.400154,-0.150752,-0.085066,-0.899952
43398264,-0.396117,-0.148600,-0.085711,-0.902032
43406597,-0.391754,-0.146543,-0.086306,-0.904215
43414930,-0.386972,-0.144561,-0.086924,-0.906531
43423263,-0.382367,-0.142804,-0.087640,-0.908692
43431596,-0.377070,-0.141077,-0.088149,-0.911123
43439929,-0.371807,-0.139513,-0.088536,-0.913486
43448262,-0.366359,-0.138126,-0.088966,-0.915853
43456595,-0.360696,-0.136886,-0.089480,-0.918234
43464928,-0.353769,-0.135632,-0.089519,-0.921107
43473261,-0.346428,-0.134814,-0.089744,-0.923991
43481594,-0.338832,-0.133948,-0.089725,-0.926930
43489927,-0.330718,-0.133198,-0.089837,-0.929953
43498260,-0.322773,-0.132452,-0.090140,-0.932818
43506593,-0.314847,-0.131735,-0.090296,-0.935609
43514926,-0.306340,-0.131052,-0.090361,-0.938518
43523259,-0.298197,-0.130460,-0.090535,-0.941202
43531592,-0.290294,-0.129676,-0.090817,-0.943751
43539925,-0.282445,-0.128713,-0.090801,-0.946263
43548258,-0.274168,-0.127822,-0.090668,-0.948827
43556591,-0.265627,-0.126736,-0.090490,-0.951416
43564924,-0.256953,-0.125556,-0.090075,-0.953990
43573257,-0.247761,-0.123992,-0.089259,-0.956699
43581590,-0.237335,-0.122500,-0.088281,-0.959621
43589923,-0.226439,-0.120729,-0.086860,-0.962603
43598256,-0.216040,-0.118813,-0.085421,-0.965357
43606589,-0.205704,-0.116631,-0.083869,-0.968013
43614922,-0.194819,-0.114347,-0.082025,-0.970692
43623255,-0.183999,-0.111874,-0.080174,-0.973242
43631588,-0.173570,-0.109331,-0.078357,-0.975592
43639921,-0.163189,-0.106918,-0.076771,-0.977775
43648254,-0.153509,-0.104569,-0.075625,-0.979684
43656587,-0.144363,-0.102325,-0.074867,-0.981368
43664920,-0.136183,-0.100286,-0.074680,-0.982761
43673253,-0.128890,-0.098459,-0.074576,-0.983937
43681586,-0.123232,-0.096677,-0.074901,-0.984813
43689919,-0.119164,-0.094785,-0.074916,-0.985497
43698252,-0.116436,-0.092860,-0.074915,-0.986006
43706585,-0.114755,-0.090856,-0.074734,-0.986403
43714918,-0.114291,-0.088993,-0.074600,-0.986637
43723251,-0.114185,-0.087137,-0.074343,-0.986834
43731584,-0.114716,-0.085200,-0.073701,-0.986990
43739917,-0.115686,-0.083160,-0.072895,-0.987111
43748250,-0.115425,-0.081039,-0.071717,-0.987404
43756583,-0.113682,-0.078772,-0.070179,-0.987900
43764916,-0.111669,-0.076492,-0.068668,-0.988415
43773249,-0.109227,-0.074191,-0.067090,-0.988971
43781582,-0.105338,-0.071785,-0.065525,-0.989675
43789915,-0.100464,-0.069354,-0.064279,-0.990437
43798248,-0.095638,-0.066896,-0.062864,-0.991174
43806581,-0.090595,-0.064320,-0.061386,-0.991911
43814914,-0.084979,-0.061867,-0.059935,-0.992652
43823247,-0.079785,-0.059485,-0.058716,-0.993302
43831580,-0.074988,-0.057222,-0.057160,-0.993899
43839913,-0.070334,-0.055022,-0.055537,-0.994455
43848246,-0.066883,-0.053036,-0.054065,-0.994882
43856579,-0.062849,-0.051028,-0.052249,-0.995347
43864912,-0.059882,-0.049169,-0.050618,-0.995708
43873245,-0.057054,-0.047364,-0.049107,-0.996037
43881578,-0.053836,-0.045492,-0.047604,-0.996376
43889911,-0.050975,-0.043728,-0.046041,-0.996679
43898244,-0.048517,-0.041887,-0.044561,-0.996948
43906577,-0.045495,-0.040067,-0.042824,-0.997242
43914910,-0.042339,-0.038257,-0.040878,-0.997533
43923243,-0.039221,-0.036341,-0.038782,-0.997816
43931576,-0.036404,-0.034546,-0.036693,-0.998066
43939909,-0.034130,-0.032796,-0.034240,-0.998292
43948242,-0.031515,-0.031147,-0.031753,-0.998513
43956575,-0.028973,-0.029502,-0.029292,-0.998715
43964908,-0.025452,-0.027888,-0.026814,-0.998927
43973241,-0.021723,-0.026164,-0.024430,-0.999123
43981574,-0.018126,-0.024635,-0.022262,-0.999284
43989907,-0.014698,-0.023079,-0.020088,-0.999424
43998240,-0.011785,-0.021472,-0.018119,-0.999536
44006573,-0.008341,-0.019984,-0.016092,-0.999636
44014906,-0.005734,-0.018716,-0.013318,-0.999720
44023239,-0.004228,-0.017495,-0.010766,-0.999780
44031572,-0.002352,-0.016270,-0.008371,-0.999830
44039905,-0.001043,-0.015136,-0.006025,-0.999867
44048238,0.000563,-0.014066,-0.003546,-0.999895
44056571,0.002637,-0.012981,-0.001294,-0.999911
44064904,0.005048,-0.011853,0.000507,-0.999917
44073237,0.008053,-0.010691,0.002276,-0.999908
44081570,0.010995,-0.009569,0.004003,-0.999886
44089903,0.013914,-0.008475,0.006070,-0.999849
44098236,0.016565,-0.007451,0.008091,-0.999802
44106569,0.018395,-0.006569,0.010064,-0.999759
44114902,0.020465,-0.005627,0.012060,-0.999702
44123235,0.022299,-0.004744,0.014108,-0.999641
44131568,0.023855,-0.003950,0.015895,-0.999581
44139901,0.025853,-0.003113,0.017532,-0.999507
44148234,0.028167,-0.002226,0.019212,-0.999416
44156567,0.030430,-0.001385,0.020752,-0.999320
44164900,0.032792,-0.000652,0.022464,-0.999209
44173233,0.035100,0.000081,0.023836,-0.999100
44181566,0.037271,0.000832,0.025278,-0.998985
44189899,0.039575,0.001542,0.026829,-0.998855
44198232,0.041284,0.002098,0.028424,-0.998741
44206565,0.042964,0.002605,0.029980,-0.998623
44214898,0.043778,0.002886,0.031789,-0.998531
44223231,0.045168,0.003166,0.033342,-0.998418
44231564,0.046793,0.003595,0.034748,-0.998294
44239897,0.048483,0.004004,0.036065,-0.998165
44248230,0.050282,0.004502,0.037395,-0.998025
44256563,0.052503,0.004986,0.038812,-0.997854
44264896,0.054896,0.005489,0.040283,-0.997664
44273229,0.057266,0.005917,0.041658,-0.997472
44281562,0.059621,0.006331,0.043069,-0.997271
44289895,0.061975,0.006727,0.044360,-0.997069
44298228,0.064021,0.007071,0.045439,-0.996888
44306561,0.066115,0.007421,0.046511,-0.996700
44314894,0.068140,0.007765,0.047488,-0.996515
44323227,0.070192,0.008088,0.048447,-0.996324
44331560,0.072359,0.008459,0.048931,-0.996142
44339893,0.074457,0.008837,0.049666,-0.995947
44348226,0.076477,0.009178,0.050602,-0.995744
44356559,0.078149,0.009431,0.051567,-0.995562
44364892,0.079593,0.009636,0.052692,-0.995387
44373225,0.081618,0.009998,0.053617,-0.995170
44381558,0.083436,0.010211,0.054641,-0.994962
44389891,0.084756,0.010173,0.055798,-0.994786
44398224,0.086624,0.010297,0.056679,-0.994574
44406557,0.088011,0.010265,0.057663,-0.994396
44414890,0.089297,0.010215,0.058596,-0.994227
44423223,0.090415,0.010095,0.059552,-0.994071
44431556,0.091403,0.009962,0.060374,-0.993932
44439889,0.092315,0.009829,0.061135,-0.993803
44448222,0.093173,0.009643,0.061815,-0.993682
44456555,0.093890,0.009481,0.062309,-0.993586
44464888,0.094398,0.009257,0.062759,-0.993511
44473221,0.094956,0.009027,0.063145,-0.993436
44481554,0.095367,0.008735,0.063481,-0.993378
44489887,0.095726,0.008429,0.063810,-0.993325
44498220,0.096160,0.008165,0.064112,-0.993265
44506553,0.096467,0.007829,0.064529,-0.993211
44514886,0.096646,0.007477,0.064924,-0.993171
44523219,0.096956,0.007133,0.065333,-0.993116
44531552,0.097179,0.006782,0.065778,-0.993068
44539885,0.097354,0.006423,0.066139,-0.993029
44548218,0.097312,0.005994,0.066543,-0.993009
44556551,0.097458,0.005601,0.066750,-0.992983
44564884,0.097607,0.005275,0.066663,-0.992976
44573217,0.097641,0.004931,0.066498,-0.992985
44581550,0.097357,0.004499,0.066406,-0.993021
44589883,0.097087,0.004111,0.066192,-0.993064
44598216,0.096526,0.003630,0.065973,-0.993135
44606549,0.095849,0.003123,0.065659,-0.993223
44614882,0.095282,0.002641,0.065374,-0.993298
44623215,0.094650,0.002179,0.065137,-0.993375
44631548,0.093847,0.001689,0.064951,-0.993464
44639881,0.093079,0.001196,0.064762,-0.993550
44648214,0.092333,0.000729,0.064578,-0.993632
44656547,0.091545,0.000276,0.064401,-0.993716
44664880,0.090905,-0.000139,0.064120,-0.993793
44673213,0.090241,-0.000576,0.063983,-0.993862
44681546,0.089760,-0.000975,0.063864,-0.993913
44689879,0.088768,-0.001406,0.063736,-0.994010
44698212,0.088000,-0.001816,0.063597,-0.994087
44706545,0.087557,-0.002166,0.063401,-0.994138
44714878,0.087176,-0.002516,0.063239,-0.994181
44723211,0.086487,-0.002920,0.063088,-0.994249
44731544,0.085678,-0.003366,0.062933,-0.994328
44739877,0.084718,-0.003818,0.062687,-0.994424
44748210,0.083881,-0.004196,0.062458,-0.994508
44756543,0.083180,-0.004570,0.062120,-0.994586
44764876,0.082273,-0.004927,0.061799,-0.994680
44773209,0.081386,-0.005318,0.061504,-0.994769
44781542,0.080560,-0.005700,0.061171,-0.994855
44789875,0.079771,-0.006101,0.060848,-0.994936
44798208,0.079037,-0.006468,0.060567,-0.995009
44806541,0.078353,-0.006769,0.060317,-0.995076
44814874,0.077833,-0.007005,0.059969,-0.995136
44823207,0.077154,-0.007310,0.059724,-0.995202
44831540,0.076309,-0.007696,0.059491,-0.995278
44839873,0.075703,-0.007997,0.059196,-0.995340
44848206,0.074697,-0.008366,0.059005,-0.995424
44856539,0.073779,-0.008715,0.058931,-0.995494
44864872,0.072761,-0.009109,0.058941,-0.995565
44873205,0.071961,-0.009456,0.058977,-0.995617
44881538,0.072280,-0.009681,0.059022,-0.995589
44889871,0.071954,-0.009943,0.058910,-0.995617
44898204,0.071423,-0.010196,0.058774,-0.995661
44906537,0.070533,-0.010556,0.058727,-0.995723
44914870,0.069678,-0.010897,0.058757,-0.995778
44923203,0.069257,-0.011136,0.058715,-0.995807
44931536,0.068851,-0.011332,0.058651,-0.995837
44939869,0.069048,-0.011528,0.058678,-0.995819
44948202,0.068643,-0.011831,0.058815,-0.995836
44956535,0.067553,-0.012326,0.059283,-0.995877
44964868,0.066910,-0.012657,0.059508,-0.995902
44973201,0.066818,-0.012766,0.059458,-0.995910
44981534,0.066751,-0.012947,0.059499,-0.995910
44989867,0.066421,-0.013169,0.059498,-0.995929
44998200,0.065954,-0.013395,0.059549,-0.995954
45006533,0.065738,-0.013582,0.059626,-0.995961
45014866,0.065259,-0.013808,0.059650,-0.995988
45023199,0.064760,-0.014046,0.059762,-0.996011
45031532,0.064490,-0.014206,0.059944,-0.996015
45039865,0.063947,-0.014451,0.060184,-0.996032
45048198,0.063304,-0.014654,0.060381,-0.996058
45056531,0.063105,-0.014777,0.060532,-0.996060
45064864,0.062636,-0.014981,0.060697,-0.996076
45073197,0.062258,-0.015106,0.060753,-0.996095
45081530,0.061772,-0.015245,0.060787,-0.996121
45089863,0.060897,-0.015496,0.061123,-0.996150
45098196,0.060640,-0.015609,0.061278,-0.996155
45106529,0.060410,-0.015662,0.061245,-0.996170
45114862,0.060112,-0.015761,0.061295,-0.996183
45123195,0.059676,-0.015876,0.061422,-0.996200
45131528,0.059166,-0.016008,0.061601,-0.996217
45139861,0.058619,-0.016141,0.061723,-0.996240
45148194,0.057971,-0.016254,0.061873,-0.996266
45156527,0.057954,-0.016266,0.061950,-0.996262
45164860,0.058091,-0.016249,0.062030,-0.996250
45173193,0.058065,-0.016310,0.062243,-0.996237
45181526,0.058009,-0.016343,0.062423,-0.996228
45189859,0.057926,-0.016383,0.062584,-0.996223
45198192,0.057499,-0.016440,0.062785,-0.996234
45206525,0.057358,-0.016494,0.063042,-0.996225
45214858,0.057130,-0.016593,0.063391,-0.996214
45223191,0.056958,-0.016635,0.063613,-0.996209
45231524,0.056762,-0.016678,0.063789,-0.996208
45239857,0.056598,-0.016721,0.063967,-0.996205
45248190,0.056166,-0.016788,0.064163,-0.996216
45256523,0.055896,-0.016849,0.064302,-0.996221
45264856,0.055982,-0.016869,0.064416,-0.996209
45273189,0.056036,-0.016893,0.064629,-0.996192
45281522,0.056155,-0.016907,0.064823,-0.996172
45289855,0.056361,-0.016894,0.064999,-0.996149
45298188,0.056736,-0.016862,0.065185,-0.996116
45306521,0.057094,-0.016841,0.065419,-0.996081
45314854,0.057388,-0.016817,0.065598,-0.996053
45323187,0.057579,-0.016797,0.065700,-0.996035
45331520,0.057687,-0.016816,0.065840,-0.996019
45339853,0.057694,-0.016827,0.065982,-0.996009
45348186,0.057793,-0.016795,0.066033,-0.996001
45356519,0.057637,-0.016800,0.066079,-0.996007
45364852,0.057180,-0.016866,0.066136,-0.996028
45373185,0.057145,-0.016872,0.066175,-0.996027
45381518,0.057166,-0.016877,0.066202,-0.996024
45389851,0.057213,-0.016880,0.066167,-0.996024
45398184,0.057457,-0.016856,0.066059,-0.996017
45406517,0.057642,-0.016825,0.065875,-0.996019
45414850,0.057900,-0.016825,0.065743,-0.996013
45423183,0.058244,-0.016823,0.065552,-0.996006
45431516,0.058392,-0.016811,0.065336,-0.996012
45439849,0.058376,-0.016873,0.065241,-0.996018
45448182,0.058459,-0.016918,0.065203,-0.996015
45456515,0.058671,-0.016953,0.065080,-0.996010
45464848,0.058808,-0.017013,0.064996,-0.996006
45473181,0.058957,-0.017063,0.064964,-0.995998
45481514,0.059188,-0.017086,0.064969,-0.995984
45489847,0.059485,-0.017132,0.064945,-0.995967
45498180,0.059677,-0.017203,0.064861,-0.995960
45506513,0.059848,-0.017286,0.064873,-0.995947
45514846,0.060202,-0.017296,0.064753,-0.995934
45523179,0.060288,-0.017389,0.064722,-0.995929
45531512,0.060431,-0.017509,0.064725,-0.995918
45539845,0.060547,-0.017607,0.064651,-0.995914
45548178,0.060807,-0.017732,0.064628,-0.995897
45556511,0.060945,-0.017787,0.064527,-0.995894
45564844,0.060944,-0.017881,0.064365,-0.995903
45573177,0.061261,-0.017974,0.064234,-0.995891
45581510,0.061758,-0.018029,0.064094,-0.995868
45589843,0.061912,-0.018115,0.064005,-0.995862
45598176,0.061891,-0.018230,0.063895,-0.995869
45606509,0.062282,-0.018317,0.063831,-0.995847
45614842,0.062244,-0.018428,0.063672,-0.995857
45623175,0.062148,-0.018545,0.063572,-0.995868
45631508,0.062124,-0.018649,0.063458,-0.995874
45639841,0.062043,-0.018762,0.063370,-0.995883
45648174,0.062105,-0.018864,0.063279,-0.995883
45656507,0.062271,-0.018941,0.063196,-0.995876
45664840,0.062671,-0.018999,0.063133,-0.995854
45673173,0.062922,-0.019079,0.063075,-0.995841
45681506,0.062979,-0.019180,0.063004,-0.995839
45689839,0.063095,-0.019285,0.063010,-0.995830
45698172,0.063136,-0.019391,0.062985,-0.995827
45706505,0.063089,-0.019474,0.062970,-0.995829
45714838,0.062904,-0.019571,0.062962,-0.995839
45723171,0.062822,-0.019678,0.063017,-0.995839
45731504,0.062780,-0.019781,0.063070,-0.995836
45739837,0.062784,-0.019857,0.063071,-0.995834
45748170,0.062617,-0.019962,0.063018,-0.995846
45756503,0.062459,-0.020038,0.063035,-0.995853
45764836,0.062290,-0.020137,0.062996,-0.995864
45773169,0.062135,-0.020245,0.062920,-0.995877
45781502,0.061925,-0.020366,0.062892,-0.995889
45789835,0.061653,-0.020482,0.062851,-0.995906
45798168,0.061326,-0.020559,0.062783,-0.995929
45806501,0.061040,-0.020682,0.062761,-0.995946
45814834,0.060725,-0.020798,0.062782,-0.995961
45823167,0.060418,-0.020942,0.062860,-0.995972
45831500,0.060197,-0.021037,0.062913,-0.995980
45839833,0.060036,-0.021124,0.062917,-0.995987
45848166,0.059661,-0.021251,0.062924,-0.996007
45856499,0.059498,-0.021355,0.062914,-0.996015
45864832,0.059397,-0.021443,0.062942,-0.996017
45873165,0.059008,-0.021562,0.062974,-0.996036
45881498,0.058806,-0.021682,0.063027,-0.996042
45889831,0.058379,-0.021782,0.063013,-0.996066
45898164,0.058381,-0.021862,0.063024,-0.996063
45906497,0.057956,-0.021990,0.063000,-0.996087
45914830,0.057556,-0.022096,0.062956,-0.996110
45923163,0.057276,-0.022179,0.062939,-0.996126
45931496,0.057049,-0.022256,0.062864,-0.996142
45939829,0.056892,-0.022334,0.062814,-0.996152
45948162,0.056715,-0.022446,0.062781,-0.996162
45956495,0.056610,-0.022508,0.062677,-0.996173
45964828,0.056452,-0.022607,0.062608,-0.996184
45973161,0.056357,-0.022689,0.062561,-0.996190
45981494,0.056240,-0.022782,0.062487,-0.996200
45989827,0.056042,-0.022892,0.062422,-0.996212
45998160,0.055815,-0.022982,0.062374,-0.996226
46006493,0.055669,-0.023086,0.062343,-0.996234
46014826,0.055499,-0.023178,0.062303,-0.996243
46023159,0.055386,-0.023251,0.062217,-0.996253
46031492,0.055367,-0.023332,0.062188,-0.996254
46039825,0.055210,-0.023445,0.062177,-0.996261
46048158,0.055057,-0.023550,0.062126,-0.996270
46056491,0.054875,-0.023663,0.062019,-0.996284
46064824,0.054723,-0.023733,0.061868,-0.996300
46073157,0.054730,-0.023817,0.061768,-0.996304
46081490,0.054648,-0.023917,0.061632,-0.996315
46089823,0.054521,-0.023986,0.061547,-0.996325
46098156,0.054527,-0.024042,0.061362,-0.996335
46106489,0.054459,-0.024144,0.061290,-0.996341
46114822,0.054280,-0.024248,0.061229,-0.996352
46123155,0.054191,-0.024339,0.061146,-0.996359
46131488,0.054096,-0.024465,0.061171,-0.996360
46139821,0.053785,-0.024612,0.061163,-0.996374
46148154,0.053643,-0.024730,0.061147,-0.996379
46156487,0.053268,-0.024945,0.061222,-0.996390
46164820,0.053286,-0.025049,0.061196,-0.996388
46173153,0.053151,-0.025142,0.061250,-0.996389
46181486,0.053038,-0.025234,0.061212,-0.996395
46189819,0.052772,-0.025351,0.061146,-0.996410
46198152,0.052336,-0.025482,0.061076,-0.996434
46206485,0.052034,-0.025607,0.060961,-0.996454
46214818,0.051814,-0.025696,0.060833,-0.996471
46223151,0.051694,-0.025788,0.060716,-0.996482
46231484,0.051402,-0.025884,0.060548,-0.996505
46239817,0.051201,-0.025955,0.060442,-0.996520
46248150,0.050987,-0.026019,0.060363,-0.996534
46256483,0.050769,-0.026109,0.060271,-0.996548
46264816,0.050543,-0.026182,0.060216,-0.996561
46273149,0.050333,-0.026288,0.060123,-0.996574
46281482,0.050012,-0.026383,0.060042,-0.996593
46289815,0.049659,-0.026499,0.060004,-0.996610
46298148,0.049289,-0.026601,0.059918,-0.996631
46306481,0.048769,-0.026807,0.060025,-0.996644
46314814,0.048603,-0.026893,0.059986,-0.996653
46323147,0.048062,-0.027029,0.060064,-0.996670
46331480,0.047770,-0.027137,0.060149,-0.996676
46339813,0.047556,-0.027216,0.060179,-0.996683
46348146,0.047321,-0.027293,0.060192,-0.996691
46356479,0.047089,-0.027322,0.060150,-0.996704
46364812,0.046534,-0.027441,0.060219,-0.996722
46373145,0.046025,-0.027565,0.060316,-0.996737
46381478,0.045728,-0.027640,0.060365,-0.996745
46389811,0.045381,-0.027708,0.060362,-0.996759
46398144,0.045035,-0.027791,0.060385,-0.996771
46406477,0.044672,-0.027857,0.060435,-0.996783
46414810,0.044334,-0.027921,0.060451,-0.996795
46423143,0.044077,-0.027969,0.060454,-0.996805
46431476,0.043889,-0.028016,0.060464,-0.996811
46439809,0.043820,-0.028006,0.060402,-0.996818
46448142,0.043464,-0.028093,0.060470,-0.996828
46456475,0.043218,-0.028166,0.060547,-0.996831
46464808,0.042887,-0.028204,0.060533,-0.996845
46473141,0.042672,-0.028246,0.060518,-0.996854
46481474,0.042528,-0.028270,0.060462,-0.996863
46489807,0.042191,-0.028368,0.060492,-0.996873
46498140,0.041974,-0.028426,0.060487,-0.996881
46506473,0.041774,-0.028468,0.060478,-0.996889
46514806,0.041675,-0.028480,0.060450,-0.996894
46523139,0.041623,-0.028460,0.060355,-0.996903
46531472,0.041866,-0.028433,0.060350,-0.996894
46539805,0.041633,-0.028441,0.060232,-0.996910
46548138,0.041403,-0.028479,0.060191,-0.996921
46556471,0.041492,-0.028486,0.060233,-0.996915
46564804,0.041592,-0.028465,0.060255,-0.996910
46573137,0.041627,-0.028463,0.060259,-0.996908
46581470,0.041546,-0.028480,0.060276,-0.996910
46589803,0.041488,-0.028491,0.060263,-0.996913
46598136,0.041538,-0.028485,0.060251,-0.996912
46606469,0.041497,-0.028486,0.060252,-0.996913
46614802,0.041518,-0.028490,0.060260,-0.996912
46623135,0.041500,-0.028487,0.060225,-0.996915
46631468,0.041447,-0.028490,0.060165,-0.996921
46639801,0.042189,-0.028451,0.060295,-0.996883
46648134,0.042425,-0.028423,0.060378,-0.996868
46656467,0.042381,-0.028418,0.060358,-0.996872
46664800,0.042365,-0.028420,0.060414,-0.996869
46673133,0.042262,-0.028459,0.060417,-0.996872
46681466,0.042199,-0.028489,0.060523,-0.996867
46689799,0.042266,-0.028473,0.060653,-0.996857
46698132,0.042087,-0.028483,0.060787,-0.996856
46706465,0.042068,-0.028505,0.060987,-0.996844
46714798,0.042090,-0.028508,0.061167,-0.996832
46723131,0.041973,-0.028505,0.061318,-0.996828
46731464,0.041947,-0.028506,0.061449,-0.996821
46739797,0.041458,-0.028544,0.061535,-0.996835
46748130,0.041268,-0.028566,0.061668,-0.996834
46756463,0.041223,-0.028544,0.061816,-0.996827
46764796,0.041024,-0.028565,0.061933,-0.996828
46773129,0.040755,-0.028584,0.062032,-0.996832
46781462,0.040411,-0.028574,0.062140,-0.996840
46789795,0.040061,-0.028597,0.062292,-0.996844
46798128,0.039620,-0.028634,0.062412,-0.996853
46806461,0.039582,-0.028582,0.062507,-0.996850
46814794,0.039442,-0.028553,0.062606,-0.996850
46823127,0.039167,-0.028540,0.062755,-0.996852
46831460,0.038922,-0.028517,0.062906,-0.996852
46839793,0.038701,-0.028472,0.063078,-0.996851
46848126,0.038362,-0.028466,0.063262,-0.996853
46856459,0.037890,-0.028416,0.063379,-0.996865
46864792,0.037583,-0.028386,0.063496,-0.996870
46873125,0.037398,-0.028331,0.063553,-0.996875
46881458,0.037319,-0.028244,0.063524,-0.996882
46889791,0.037248,-0.028178,0.063482,-0.996890
46898124,0.036981,-0.028095,0.063424,-0.996905
46906457,0.036491,-0.028077,0.063380,-0.996927
46914790,0.036120,-0.028004,0.063396,-0.996941
46923123,0.035973,-0.027933,0.063425,-0.996947
46931456,0.035371,-0.027923,0.063426,-0.996969
46939789,0.034947,-0.027911,0.063481,-0.996980
46948122,0.034416,-0.027901,0.063595,-0.996992
46956455,0.034078,-0.027859,0.063685,-0.996999
46964788,0.033754,-0.027767,0.063580,-0.997019
46973121,0.033450,-0.027703,0.063522,-0.997035
46981454,0.033397,-0.027583,0.063491,-0.997042
46989787,0.033215,-0.027482,0.063525,-0.997049
46998120,0.033075,-0.027420,0.063474,-0.997058
47006453,0.032483,-0.027382,0.063395,-0.997084
47014786,0.032156,-0.027322,0.063314,-0.997101
47023119,0.031635,-0.027311,0.063165,-0.997128
47031452,0.030901,-0.027343,0.063021,-0.997159
47039785,0.030447,-0.027278,0.062958,-0.997179
47048118,0.030162,-0.027137,0.062909,-0.997194
47056451,0.029640,-0.027039,0.062801,-0.997219
47064784,0.029088,-0.026958,0.062660,-0.997247
47073117,0.028490,-0.026872,0.062448,-0.997279
47081450,0.027764,-0.026764,0.062247,-0.997315
47089783,0.027044,-0.026686,0.062085,-0.997347
47098116,0.026129,-0.026605,0.061834,-0.997390
47106449,0.025238,-0.026525,0.061583,-0.997430
47114782,0.024580,-0.026408,0.061358,-0.997464
47123115,0.024253,-0.026242,0.061034,-0.997496
47131448,0.023405,-0.026102,0.060827,-0.997532
47139781,0.022756,-0.025958,0.060545,-0.997568
47148114,0.022274,-0.025833,0.060163,-0.997606
47156447,0.022200,-0.025655,0.059747,-0.997637
47164780,0.021698,-0.025495,0.059291,-0.997679
47173113,0.020779,-0.025339,0.058985,-0.997721
47181446,0.020106,-0.025136,0.058598,-0.997763
47189779,0.019695,-0.024887,0.058059,-0.997809
47198112,0.019139,-0.024662,0.057582,-0.997853
47206445,0.018184,-0.024482,0.057141,-0.997900
47214778,0.017152,-0.024281,0.056678,-0.997950
47223111,0.015590,-0.024116,0.056092,-0.998013
47231444,0.014289,-0.023967,0.055729,-0.998056
47239777,0.013411,-0.023697,0.055245,-0.998101
47248110,0.012446,-0.023361,0.054734,-0.998150
47256443,0.011139,-0.023089,0.054167,-0.998203
47264776,0.009465,-0.022870,0.053616,-0.998255
47273109,0.008119,-0.022582,0.053239,-0.998293
47281442,0.006917,-0.022287,0.052625,-0.998342
47289775,0.005496,-0.021948,0.052009,-0.998390
47298108,0.003651,-0.021656,0.051389,-0.998437
47306441,0.002455,-0.021284,0.050705,-0.998484
47314774,0.001263,-0.020924,0.050095,-0.998524
47323107,-0.000100,-0.020535,0.049489,-0.998564
47331440,-0.001597,-0.020160,0.048847,-0.998602
47339773,-0.003039,-0.019783,0.048186,-0.998638
47348106,-0.003589,-0.019302,0.047506,-0.998678
47356439,-0.005109,-0.018917,0.046732,-0.998715
47364772,-0.006220,-0.018363,0.045607,-0.998771
47373105,-0.007531,-0.017886,0.044764,-0.998809
47381438,-0.008871,-0.017442,0.043953,-0.998842
47389771,-0.010993,-0.017128,0.043432,-0.998849
47398104,-0.012389,-0.016600,0.042540,-0.998880
47406437,-0.014083,-0.016195,0.041871,-0.998892
47414770,-0.015904,-0.015764,0.041148,-0.998902
47423103,-0.017511,-0.015269,0.040288,-0.998918
47431436,-0.019224,-0.014745,0.039433,-0.998928
47439769,-0.020788,-0.014172,0.038585,-0.998939
47448102,-0.021948,-0.013601,0.037804,-0.998952
47456435,-0.023366,-0.013032,0.036863,-0.998962
47464768,-0.024409,-0.012418,0.036026,-0.998976
47473101,-0.025445,-0.011821,0.035190,-0.998987
47481434,-0.026779,-0.011278,0.034392,-0.998986
47489767,-0.027879,-0.010684,0.033466,-0.998994
47498100,-0.028729,-0.009948,0.032541,-0.999008
47506433,-0.029635,-0.009270,0.031517,-0.999021
47514766,-0.030928,-0.008688,0.030444,-0.999020
47523099,-0.031827,-0.008035,0.029327,-0.999031
47531432,-0.031744,-0.007310,0.028081,-0.999075
47539765,-0.032860,-0.006742,0.026922,-0.999075
47548098,-0.034599,-0.006221,0.025532,-0.999056
47556431,-0.035852,-0.005692,0.024124,-0.999050
47564764,-0.036832,-0.005161,0.022885,-0.999046
47573097,-0.037732,-0.004667,0.021776,-0.999040
47581430,-0.039773,-0.004371,0.020293,-0.998993
47589763,-0.040287,-0.003892,0.019298,-0.998994
47598096,-0.041504,-0.003471,0.018170,-0.998967
47606429,-0.043665,-0.003160,0.016817,-0.998900
47614762,-0.045100,-0.002845,0.015523,-0.998858
47623095,-0.046221,-0.002576,0.014229,-0.998827
47631428,-0.047306,-0.002359,0.012954,-0.998794
47639761,-0.048886,-0.002256,0.011328,-0.998738
47648094,-0.050227,-0.002145,0.009845,-0.998687
47656427,-0.052166,-0.002171,0.008351,-0.998601
47664760,-0.054219,-0.002262,0.006832,-0.998503
47673093,-0.056630,-0.002363,0.005511,-0.998377
47681426,-0.059385,-0.002534,0.004347,-0.998222
47689759,-0.062522,-0.002794,0.002975,-0.998035
47698092,-0.065481,-0.003072,0.001528,-0.997848
47706425,-0.068610,-0.003412,-0.000061,-0.997638
47714758,-0.071611,-0.003781,-0.001630,-0.997424
47723091,-0.075968,-0.004334,-0.003760,-0.997094
47731424,-0.079867,-0.004901,-0.005856,-0.996776
47739757,-0.083470,-0.005470,-0.008134,-0.996462
47748090,-0.086149,-0.005976,-0.010616,-0.996208
47756423,-0.089006,-0.006526,-0.012916,-0.995926
47764756,-0.091424,-0.007069,-0.015497,-0.995666
47773089,-0.093920,-0.007668,-0.018159,-0.995385
47781422,-0.096316,-0.008332,-0.020695,-0.995101
47789755,-0.098982,-0.008992,-0.023007,-0.994783
47798088,-0.101928,-0.009666,-0.025167,-0.994426
47806421,-0.104619,-0.010289,-0.026638,-0.994102
47814754,-0.107193,-0.010913,-0.028849,-0.993760
47823087,-0.110855,-0.011598,-0.031218,-0.993278
47831420,-0.114060,-0.012231,-0.033535,-0.992832
47839753,-0.117365,-0.012783,-0.035582,-0.992369
47848086,-0.121691,-0.013479,-0.037973,-0.991750
47856419,-0.126564,-0.014147,-0.040164,-0.991044
47864752,-0.131749,-0.014866,-0.042693,-0.990252
47873085,-0.137179,-0.015540,-0.044933,-0.989405
47881418,-0.143253,-0.016183,-0.046669,-0.988453
47889751,-0.149992,-0.016872,-0.048721,-0.987342
47898084,-0.156703,-0.017517,-0.050419,-0.986202
47906417,-0.163053,-0.017956,-0.052072,-0.985079
47914750,-0.170363,-0.018365,-0.053785,-0.983741
47923083,-0.178530,-0.018598,-0.055460,-0.982194
47931416,-0.186675,-0.018808,-0.057048,-0.980584
47939749,-0.194394,-0.019097,-0.058276,-0.979005
47948082,-0.203547,-0.019407,-0.059412,-0.977068
47956415,-0.213223,-0.020021,-0.060560,-0.974919
47964748,-0.224553,-0.020706,-0.061522,-0.972297
47973081,-0.237627,-0.021448,-0.062376,-0.969114
47981414,-0.251107,-0.022365,-0.063050,-0.965645
47989747,-0.265348,-0.023610,-0.063895,-0.961743
47998080,-0.279917,-0.024924,-0.064655,-0.957520
48006413,-0.293666,-0.026417,-0.065288,-0.953310
48014746,-0.306523,-0.028275,-0.066118,-0.949143
48023079,-0.318255,-0.030508,-0.067365,-0.945116
48031412,-0.328977,-0.033186,-0.068940,-0.941233
48039745,-0.338699,-0.036242,-0.070668,-0.937537
48048078,-0.347447,-0.039518,-0.072280,-0.934074
48056411,-0.355265,-0.042930,-0.073615,-0.930873
48064744,-0.363305,-0.046335,-0.074602,-0.927522
48073077,-0.371425,-0.049947,-0.075705,-0.924022
48081410,-0.378923,-0.053672,-0.076835,-0.920670
48089743,-0.386678,-0.057481,-0.077761,-0.917131
48098076,-0.394096,-0.061200,-0.078190,-0.913690
48106409,-0.401402,-0.064762,-0.078404,-0.910239
48114742,-0.408366,-0.068360,-0.078383,-0.906874
48123075,-0.415382,-0.072194,-0.078843,-0.903344
48131408,-0.422208,-0.075679,-0.078569,-0.899911
48139741,-0.429259,-0.078902,-0.077976,-0.896343
48148074,-0.437098,-0.082192,-0.077201,-0.892317
48156407,-0.444524,-0.085681,-0.076801,-0.888346
48164740,-0.452967,-0.088796,-0.075962,-0.883836
48173073,-0.461429,-0.091961,-0.075206,-0.879187
48181406,-0.469853,-0.094992,-0.074302,-0.874468
48189739,-0.477794,-0.097657,-0.073042,-0.869966
48198072,-0.486000,-0.100127,-0.071597,-0.865247
48206405,-0.493984,-0.102368,-0.070098,-0.860573
48214738,-0.501563,-0.104654,-0.068766,-0.856010
48223071,-0.509116,-0.106886,-0.067411,-0.851371
48231404,-0.516651,-0.109128,-0.066050,-0.846641
48239737,-0.523529,-0.111022,-0.064530,-0.842275
48248070,-0.530164,-0.112697,-0.062777,-0.838025
48256403,-0.536503,-0.114197,-0.061000,-0.833908
48264736,-0.543079,-0.115669,-0.059548,-0.829542
48273069,-0.549405,-0.116911,-0.058073,-0.825296
48281402,-0.555201,-0.117861,-0.056442,-0.821386
48289735,-0.561374,-0.118647,-0.054904,-0.817171
48298068,-0.567225,-0.119474,-0.053493,-0.813093
48306401,-0.572908,-0.119961,-0.052070,-0.809120
48314734,-0.578699,-0.120228,-0.050828,-0.805028
48323067,-0.584480,-0.120218,-0.049480,-0.800926
48331400,-0.590242,-0.119938,-0.048263,-0.796806
48339733,-0.595841,-0.119081,-0.046902,-0.792839
48348066,-0.601960,-0.118003,-0.046030,-0.788417
48356399,-0.608456,-0.116677,-0.045599,-0.783638
48364732,-0.615228,-0.115018,-0.045406,-0.778591
48373065,-0.621963,-0.113017,-0.045163,-0.773531
48381398,-0.628292,-0.110792,-0.044628,-0.768754
48389731,-0.633802,-0.108202,-0.043870,-0.764633
48398064,-0.638888,-0.105242,-0.042949,-0.760855
48406397,-0.643240,-0.101904,-0.041715,-0.757706
48414730,-0.647105,-0.098173,-0.040517,-0.754967
48423063,-0.650399,-0.094144,-0.039578,-0.752697
48431396,-0.652808,-0.090201,-0.038973,-0.751124
48439729,-0.653634,-0.086350,-0.038570,-0.750878
48448062,-0.652792,-0.083042,-0.038742,-0.751975
48456395,-0.651187,-0.079901,-0.038758,-0.753704
48464728,-0.648507,-0.076958,-0.039131,-0.756297
48473061,0.646288,0.073848,0.039274,0.758496
48481394,0.644921,0.070744,0.039398,0.759948
48489727,0.645220,0.067656,0.039493,0.759970
48498060,0.645973,0.064577,0.039471,0.759599
48506393,0.647339,0.061316,0.039167,0.758722
48514726,0.649717,0.058227,0.038922,0.756942
48523059,0.652797,0.054910,0.038620,0.754553
48531392,0.656734,0.051481,0.038200,0.751393
48539725,0.661001,0.047975,0.037615,0.747904
48548058,0.665339,0.044586,0.037179,0.744280
48556391,0.669511,0.041050,0.036633,0.740761
48564724,0.673470,0.037673,0.036240,0.737364
48573057,0.677299,0.034358,0.035843,0.734031
48581390,0.681444,0.031494,0.035767,0.730317
48589723,0.685666,0.028999,0.035908,0.726452
48598056,0.689104,0.026791,0.036154,0.723264
48606389,0.692179,0.024716,0.036261,0.720391
48614722,0.695137,0.022770,0.036262,0.717601
48623055,0.698281,0.020947,0.036206,0.714601
48631388,0.700907,0.019135,0.036049,0.712084
48639721,0.703559,0.017551,0.035961,0.709510
48648054,0.705744,0.015719,0.035490,0.707403
48656387,0.708147,0.013885,0.034854,0.705068
48664720,0.710192,0.012295,0.034449,0.703057
48673053,0.712179,0.010437,0.033646,0.701113
48681386,0.713986,0.008673,0.032870,0.699334
48689719,0.715464,0.007038,0.032275,0.697868
48698052,0.716761,0.005487,0.031676,0.696578
48706385,0.717944,0.003750,0.030823,0.695408
48714718,0.718770,0.001780,0.029758,0.694609
48723051,0.719625,0.000136,0.028985,0.693758
48731384,0.720763,-0.001202,0.028553,0.692592
48739717,0.722289,-0.002629,0.027923,0.691022
48748050,0.724093,-0.003980,0.027307,0.689150
48756383,0.725944,-0.005309,0.026734,0.687213
48764716,0.727930,-0.006578,0.026162,0.685121
48773049,0.730101,-0.007529,0.025736,0.682813
48781382,0.731797,-0.008290,0.025543,0.680993
48789715,0.733074,-0.009224,0.025246,0.679618
48798048,0.734443,-0.009953,0.024978,0.678137
48806381,0.735694,-0.010827,0.024448,0.676786
48814714,0.737251,-0.011630,0.023906,0.675096
48823047,0.739098,-0.012308,0.023335,0.673081
48831380,0.740338,-0.013282,0.022524,0.671726
48839713,0.741782,-0.014154,0.021754,0.670138
48848046,0.743193,-0.014895,0.021046,0.668580
48856379,0.744670,-0.015598,0.020286,0.666942
48864712,0.746012,-0.016308,0.019618,0.665443
48873045,0.747008,-0.017078,0.019052,0.664322
48881378,0.747898,-0.018046,0.018304,0.663316
48889711,0.748615,-0.018927,0.017539,0.662503
48898044,0.749041,-0.020003,0.016619,0.662013
48906377,0.749149,-0.020957,0.015861,0.661879
48914710,0.749047,-0.021773,0.015183,0.661985
48923043,0.748816,-0.022895,0.014215,0.662230
48931376,0.748433,-0.023959,0.013301,0.662645
48939709,0.748250,-0.024963,0.012309,0.662833
48948042,0.747935,-0.026137,0.011181,0.663163
48956375,0.747681,-0.027315,0.009974,0.663421
48964708,0.747724,-0.028555,0.008559,0.663340
48973041,0.747989,-0.029767,0.007039,0.663006
48981374,0.748143,-0.030969,0.005466,0.662792
48989707,0.748094,-0.032163,0.003926,0.662801
48998040,0.747886,-0.033364,0.002393,0.662984
49006373,0.747270,-0.034530,0.000953,0.663622
49014706,0.746302,-0.035718,-0.000502,0.664649
49023039,0.745363,-0.036836,-0.001915,0.665637
49031372,0.744143,-0.037847,-0.003186,0.666940
49039705,0.743003,-0.038748,-0.004395,0.668151
49048038,0.741963,-0.039720,-0.005681,0.669240
49056371,0.740866,-0.040607,-0.006874,0.670388
49064704,0.739982,-0.041298,-0.007898,0.671312
49073037,0.739525,-0.041753,-0.008761,0.671776
49081370,0.739062,-0.042180,-0.009593,0.672247
49089703,0.738661,-0.042608,-0.010387,0.672648
49098036,0.738339,-0.042886,-0.011088,0.672974
49106369,0.737999,-0.043142,-0.011754,0.673318
49114702,0.737656,-0.043337,-0.012339,0.673671
49123035,0.737170,-0.043525,-0.012865,0.674181
49131368,0.736618,-0.043736,-0.013357,0.674762
49139701,0.735953,-0.044002,-0.013898,0.675458
49148034,0.735363,-0.044316,-0.014466,0.676068
49156367,0.734758,-0.044595,-0.014965,0.676696
49164700,0.734145,-0.044943,-0.015544,0.677325
49173033,0.733693,-0.045305,-0.016167,0.677776
49181366,0.733225,-0.045666,-0.016760,0.678244
49189699,0.732992,-0.046110,-0.017456,0.678448
49198032,0.733003,-0.046543,-0.018201,0.678387
49206365,0.733165,-0.046903,-0.018874,0.678169
49214698,0.733322,-0.047281,-0.019532,0.677954
49223031,0.733509,-0.047629,-0.020158,0.677709
49231364,0.733758,-0.047865,-0.020681,0.677407
49239697,0.734007,-0.048017,-0.021106,0.677113
49248030,0.734156,-0.048159,-0.021505,0.676930
49256363,0.734157,-0.048231,-0.021864,0.676911
49264696,0.734188,-0.048267,-0.022189,0.676865
49273029,0.734113,-0.048276,-0.022451,0.676937
49281362,0.733976,-0.048283,-0.022750,0.677075
49289695,0.733674,-0.048362,-0.023053,0.677386
49298028,0.733290,-0.048352,-0.023249,0.677796
49306361,0.732841,-0.048302,-0.023416,0.678279
49314694,0.732288,-0.048313,-0.023592,0.678869
49323027,0.731771,-0.048418,-0.023818,0.679411
49331360,0.731284,-0.048502,-0.024032,0.679922
49339693,0.730842,-0.048620,-0.024288,0.680379
49348026,0.730554,-0.048676,-0.024511,0.680677
49356359,0.730392,-0.048780,-0.024775,0.680834
49364692,0.730237,-0.048909,-0.025044,0.680981
49373025,0.730135,-0.049061,-0.025329,0.681068
49381358,0.730046,-0.049202,-0.025607,0.681143
49389691,0.730044,-0.049300,-0.025867,0.681128
49398024,0.730019,-0.049378,-0.026076,0.681142
49406357,0.729817,-0.049471,-0.026254,0.681345
49414690,0.729735,-0.049489,-0.026358,0.681427
49423023,0.729695,-0.049469,-0.026432,0.681469
49431356,0.729610,-0.049463,-0.026487,0.681558
49439689,0.729609,-0.049454,-0.026533,0.681558
49448022,0.729523,-0.049518,-0.026649,0.681641
49456355,0.729448,-0.049572,-0.026742,0.681713
49464688,0.729398,-0.049608,-0.026821,0.681761
49473021,0.729406,-0.049631,-0.026877,0.681749
49481354,0.729462,-0.049636,-0.026932,0.681686
49489687,0.729505,-0.049614,-0.026941,0.681642
49498020,0.729604,-0.049619,-0.026962,0.681535
49506353,0.729599,-0.049601,-0.026961,0.681541
49514686,0.729674,-0.049552,-0.026932,0.681465
49523019,0.729755,-0.049513,-0.026899,0.681383
49531352,0.729808,-0.049510,-0.026914,0.681326
49539685,0.729903,-0.049432,-0.026870,0.681232
49548018,0.730091,-0.049374,-0.026838,0.681035
49556351,0.730236,-0.049336,-0.026807,0.680884
49564684,0.730270,-0.049368,-0.026814,0.680845
49573017,0.730279,-0.049368,-0.026834,0.680834
49581350,0.730387,-0.049337,-0.026812,0.680721
49589683,0.730526,-0.049354,-0.026811,0.680571
49598016,0.730615,-0.049357,-0.026797,0.680476
49606349,0.730741,-0.049394,-0.026814,0.680337
49614682,0.730788,-0.049427,-0.026818,0.680284
49623015,0.730830,-0.049474,-0.026837,0.680235
49631348,0.730853,-0.049500,-0.026817,0.680209
49639681,0.730948,-0.049492,-0.026764,0.680110
49648014,0.731003,-0.049518,-0.026747,0.680050
49656347,0.731190,-0.049540,-0.026730,0.679848
49664680,0.731366,-0.049549,-0.026710,0.679658
49673013,0.731558,-0.049599,-0.026714,0.679447
49681346,0.731840,-0.049576,-0.026689,0.679146
49689679,0.732064,-0.049634,-0.026709,0.678900
49698012,0.732205,-0.049654,-0.026671,0.678749
49706345,0.732353,-0.049672,-0.026638,0.678588
49714678,0.732410,-0.049704,-0.026615,0.678526
49723011,0.732356,-0.049766,-0.026607,0.678580
49731344,0.732429,-0.049812,-0.026601,0.678497
49739677,0.732496,-0.049834,-0.026558,0.678425
49748010,0.732566,-0.049841,-0.026489,0.678352
49756343,0.732548,-0.049939,-0.026526,0.678362
49764676,0.732560,-0.049997,-0.026548,0.678344
49773009,0.732689,-0.050066,-0.026581,0.678199
49781342,0.732722,-0.050158,-0.026604,0.678155
49789675,0.732754,-0.050260,-0.026656,0.678111
49798008,0.732842,-0.050294,-0.026654,0.678014
49806341,0.732890,-0.050378,-0.026700,0.677954
49814674,0.732888,-0.050434,-0.026707,0.677951
49823007,0.732966,-0.050433,-0.026689,0.677868
49831340,0.732970,-0.050469,-0.026673,0.677862
49839673,0.732898,-0.050499,-0.026651,0.677938
49848006,0.732957,-0.050569,-0.026677,0.677868
49856339,0.732953,-0.050600,-0.026655,0.677871
49864672,0.732947,-0.050644,-0.026650,0.677874
49873005,0.732965,-0.050673,-0.026615,0.677854
49881338,0.732999,-0.050671,-0.026578,0.677819
49889671,0.732964,-0.050732,-0.026577,0.677853
49898004,0.732969,-0.050784,-0.026574,0.677843
49906337,0.733021,-0.050768,-0.026527,0.677790
49914670,0.733080,-0.050763,-0.026479,0.677729
49923003,0.733089,-0.050749,-0.026426,0.677722
49931336,0.733114,-0.050772,-0.026402,0.677694
49939669,0.733155,-0.050806,-0.026398,0.677647
49948002,0.733212,-0.050824,-0.026361,0.677586
49956335,0.733190,-0.050922,-0.026384,0.677602
49964668,0.733157,-0.050992,-0.026398,0.677631
49973001,0.733244,-0.051066,-0.026422,0.677530
49981334,0.733326,-0.051140,-0.026446,0.677436
49989667,0.733393,-0.051202,-0.026468,0.677357
49998000,0.733410,-0.051262,-0.026479,0.677334
50006333,0.733438,-0.051325,-0.026487,0.677298
50014666,0.733435,-0.051349,-0.026456,0.677301
50022999,0.733522,-0.051351,-0.026418,0.677207
