Timestamp (us),W,X,Y,Z
0,0.735888,0.003397,0.135525,0.663393
8333,0.735898,0.003735,0.135073,0.663473
16666,0.735838,0.003783,0.135121,0.663528
24999,0.735972,0.004565,0.135510,0.663296
33332,0.735892,0.004331,0.135605,0.663367
41665,0.735852,0.004216,0.135497,0.663434
49998,0.735846,0.004099,0.135393,0.663462
58331,0.735876,0.004142,0.135299,0.663448
66664,0.736130,0.004176,0.135019,0.663223
74997,0.736071,0.003914,0.135136,0.663266
83330,0.735936,0.003824,0.135602,0.663322
91663,0.736010,0.003984,0.135639,0.663231
99996,0.735906,0.004063,0.135705,0.663333
108329,0.736176,0.004311,0.135330,0.663108
116662,0.736162,0.004102,0.135424,0.663105
124995,0.736139,0.003976,0.135532,0.663110
133328,0.736323,0.004211,0.135439,0.662923
141661,0.736306,0.004100,0.135466,0.662937
149994,0.736392,0.004172,0.135431,0.662849
158327,0.736385,0.004345,0.135278,0.662886
166660,0.736312,0.004195,0.135432,0.662937
174993,0.736302,0.003554,0.135095,0.663021
183326,0.736408,0.003934,0.135237,0.662872
191659,0.736262,0.003407,0.135544,0.662973
199992,0.736333,0.003753,0.135525,0.662897
208325,0.736416,0.003694,0.135533,0.662804
216658,0.736268,0.002728,0.135218,0.663037
224991,0.736360,0.002252,0.135077,0.662965
233324,0.736668,0.002735,0.134691,0.662700
241657,0.736657,0.002537,0.134718,0.662708
249990,0.736508,0.002251,0.134881,0.662841
258323,0.736551,0.002262,0.134802,0.662809
266656,0.736504,0.002497,0.134965,0.662827
274989,0.736478,0.002418,0.134899,0.662871
283322,0.736383,0.002749,0.134997,0.662955
291655,0.736357,0.002407,0.134599,0.663065
299988,0.736500,0.003015,0.134550,0.662914
308321,0.736301,0.002881,0.134820,0.663081
316654,0.736295,0.002192,0.134405,0.663175
324987,0.736186,0.001994,0.134156,0.663346
333320,0.736054,0.002193,0.134195,0.663484
341653,0.735958,0.002189,0.134170,0.663596
349986,0.735846,0.002227,0.133968,0.663761
358319,0.735986,0.003177,0.134524,0.663489
366652,0.736089,0.002960,0.134361,0.663409
374985,0.736110,0.003546,0.134370,0.663381
383318,0.736290,0.004207,0.134558,0.663140
391651,0.736175,0.004418,0.134536,0.663270
399984,0.736112,0.003917,0.134299,0.663391
408317,0.736179,0.004159,0.134506,0.663274
416650,0.736200,0.004284,0.134407,0.663269
424983,0.736256,0.004371,0.134402,0.663207
433316,0.736420,0.004099,0.134182,0.663072
441649,0.736349,0.003550,0.134468,0.663096
449982,0.736362,0.003608,0.134445,0.663086
458315,0.736431,0.004044,0.134484,0.662999
466648,0.736415,0.004445,0.134852,0.662939
474981,0.736431,0.004527,0.135061,0.662878
483314,0.736416,0.004295,0.134891,0.662931
491647,0.736503,0.004786,0.135035,0.662801
499980,0.736400,0.004836,0.135016,0.662920
508313,0.736320,0.004684,0.134734,0.663067
516646,0.736286,0.004974,0.134631,0.663124
524979,0.736193,0.004863,0.134686,0.663216
533312,0.736268,0.004626,0.134799,0.663111
541645,0.736283,0.004932,0.134849,0.663082
549978,0.736058,0.004299,0.135131,0.663279
558311,0.736035,0.004338,0.134911,0.663350
566644,0.735936,0.004177,0.135006,0.663441
574977,0.736080,0.004393,0.134812,0.663319
583310,0.735960,0.003608,0.134703,0.663480
591643,0.735877,0.003219,0.134915,0.663530
599976,0.735882,0.003062,0.134777,0.663554
608309,0.735903,0.003059,0.134847,0.663516
616642,0.735959,0.003126,0.134858,0.663452
624975,0.735903,0.003327,0.134933,0.663497
633308,0.736057,0.003876,0.135295,0.663249
641641,0.736058,0.003973,0.135425,0.663222
649974,0.736068,0.004385,0.135364,0.663220
658307,0.736015,0.004403,0.135543,0.663243
666640,0.735900,0.003922,0.135778,0.663325
674973,0.735875,0.003673,0.135923,0.663325
683306,0.735661,0.003258,0.135927,0.663563
691639,0.735326,0.003326,0.135889,0.663942
699972,0.735412,0.003284,0.135232,0.663981
708305,0.735390,0.003147,0.134314,0.664193
716638,0.734822,0.002362,0.133740,0.664940
724971,0.734280,0.002131,0.132784,0.665730
733304,0.733621,0.001422,0.131966,0.666621
741637,0.732678,0.001737,0.131465,0.667756
749970,0.731700,0.000276,0.130038,0.669107
758303,0.730331,-0.002676,0.129497,0.670701
766636,0.728697,-0.005613,0.129507,0.672456
774969,0.727016,-0.008875,0.129566,0.674227
783302,0.724670,-0.014164,0.129681,0.676635
791635,0.722484,-0.018169,0.130498,0.678718
799968,0.719643,-0.023866,0.132430,0.681181
808301,0.716843,-0.029977,0.134768,0.683429
816634,0.712956,-0.037392,0.137685,0.686541
824967,0.709066,-0.045880,0.140818,0.689413
833300,0.704992,-0.052352,0.143582,0.692553
841633,0.701119,-0.058673,0.147026,0.695251
849966,0.696978,-0.065333,0.152331,0.697674
858299,0.692902,-0.072749,0.156469,0.700080
866632,0.688402,-0.080029,0.161356,0.702611
874965,0.683808,-0.088178,0.165735,0.705098
883298,0.678895,-0.095312,0.169975,0.707903
891631,0.673137,-0.102619,0.174381,0.711300
899964,0.667809,-0.109514,0.178303,0.714315
908297,0.662041,-0.116867,0.182090,0.717556
916630,0.656848,-0.121850,0.186027,0.720484
924963,0.650894,-0.127084,0.190596,0.723781
933296,0.644693,-0.131721,0.194389,0.727485
941629,0.639691,-0.134338,0.196968,0.730721
949962,0.634856,-0.134880,0.199076,0.734257
958295,0.630420,-0.133184,0.200008,0.738125
966628,0.625833,-0.129243,0.201008,0.742445
974961,0.620287,-0.126031,0.202320,0.747279
983294,0.614984,-0.122972,0.205179,0.751382
991627,0.609717,-0.117158,0.210777,0.755045
999960,0.604006,-0.112299,0.216453,0.758758
1008293,0.598069,-0.106705,0.222682,0.762457
1016626,0.591613,-0.100729,0.230222,0.766059
1024959,0.585387,-0.096903,0.238898,0.768674
1033292,0.580207,-0.091129,0.247075,0.770720
1041625,0.574668,-0.088263,0.255930,0.772312
1049958,0.568794,-0.088451,0.264632,0.773705
1058291,0.563514,-0.088575,0.272497,0.774824
1066624,0.559377,-0.089863,0.279100,0.775323
1074957,0.555971,-0.092201,0.284613,0.775494
1083290,0.552316,-0.097519,0.290677,0.775206
1091623,0.549466,-0.103851,0.294857,0.774830
1099956,0.546678,-0.111067,0.299778,0.773912
1108289,0.544659,-0.118617,0.302225,0.773263
1116622,0.542184,-0.127802,0.305445,0.772274
1124955,0.539368,-0.138523,0.308199,0.771302
1133288,0.536853,-0.149101,0.313125,0.769097
1141621,0.534250,-0.160309,0.316230,0.767383
1149954,0.531658,-0.171937,0.318828,0.765589
1158287,0.528213,-0.184966,0.322862,0.763242
1166620,0.525418,-0.197569,0.326571,0.760430
1174953,0.522430,-0.211339,0.331756,0.756532
1183286,0.519223,-0.224890,0.337552,0.752257
1191619,0.516381,-0.238480,0.343727,0.747214
1199952,0.512790,-0.252619,0.350197,0.742019
1208285,0.509768,-0.265436,0.357664,0.736041
1216618,0.505839,-0.279814,0.364027,0.730284
1224951,0.502089,-0.295024,0.369286,0.724221
1233284,0.496973,-0.311507,0.374920,0.717925
1241617,0.493085,-0.328161,0.377042,0.712051
1249950,0.488745,-0.346501,0.378737,0.705425
1258283,0.485726,-0.362706,0.379861,0.698728
1266616,0.483179,-0.377756,0.380028,0.692400
1274949,0.482402,-0.392235,0.380968,0.684327
1283282,0.482203,-0.407562,0.380902,0.675491
1291615,0.482877,-0.422979,0.381032,0.665382
1299948,0.482533,-0.440153,0.378933,0.655619
1308281,0.483020,-0.454708,0.377144,0.646293
1316614,0.481499,-0.471838,0.373945,0.636940
1324947,0.479095,-0.487636,0.370393,0.628878
1333280,0.476503,-0.501559,0.366390,0.622207
1341613,0.470855,-0.517115,0.364682,0.614731
1349946,0.464480,-0.530869,0.362460,0.609146
1358279,0.457264,-0.544167,0.360159,0.604216
1366612,0.449149,-0.557397,0.356839,0.600200
1374945,0.441817,-0.569406,0.351976,0.597233
1383278,0.433625,-0.582845,0.345982,0.593765
1391611,0.424157,-0.596685,0.341679,0.589332
1399944,0.416100,-0.608003,0.336819,0.586298
1408277,0.407783,-0.618815,0.334850,0.581941
1416610,0.400856,-0.626942,0.334861,0.578037
1424943,0.396296,-0.631315,0.335112,0.576273
1433276,0.392483,-0.635490,0.337789,0.572720
1441609,0.388983,-0.638563,0.340484,0.570087
1449942,0.386598,-0.639988,0.345909,0.566838
1458275,0.384755,-0.640394,0.352642,0.563474
1466608,0.385805,-0.637635,0.357710,0.562689
1474941,0.386810,-0.635066,0.363066,0.561473
1483274,0.384412,-0.636020,0.368465,0.558516
1491607,0.384659,-0.633224,0.375344,0.556940
1499940,0.385756,-0.630385,0.380399,0.555971
1508273,0.385540,-0.629060,0.385436,0.554150
1516606,0.383457,-0.628434,0.390859,0.552505
1524939,0.379464,-0.629618,0.396714,0.549732
1533272,0.375959,-0.629600,0.400068,0.549730
1541605,0.373728,-0.630128,0.403635,0.548037
1549938,0.369757,-0.631939,0.406381,0.546614
1558271,0.366376,-0.633288,0.408634,0.545649
1566604,0.357655,-0.638445,0.410249,0.544212
1574937,0.351384,-0.641406,0.412338,0.543236
1583270,0.347840,-0.643666,0.413193,0.542193
1591603,0.346656,-0.643338,0.413921,0.542785
1599936,0.346492,-0.642949,0.415834,0.541888
1608269,0.345007,-0.643625,0.418397,0.540056
1616602,0.344157,-0.644430,0.420561,0.537953
1624935,0.344743,-0.643857,0.421626,0.537431
1633268,0.347463,-0.643104,0.423230,0.535316
1641601,0.348747,-0.643120,0.425753,0.532453
1649934,0.349741,-0.642925,0.427885,0.530324
1658267,0.352271,-0.641724,0.429354,0.528916
1666600,0.354329,-0.640997,0.430617,0.527392
1674933,0.354228,-0.641232,0.431891,0.526132
1683266,0.358040,-0.640032,0.431366,0.525443
1691599,0.359820,-0.639480,0.431900,0.524459
1699932,0.360474,-0.640762,0.431969,0.522384
1708265,0.362025,-0.640384,0.432489,0.521344
1716598,0.364805,-0.639021,0.432099,0.521402
1724931,0.367660,-0.638806,0.430210,0.521223
1733264,0.369268,-0.638045,0.429961,0.521223
1741597,0.371647,-0.636983,0.428638,0.521920
1749930,0.373343,-0.636203,0.426606,0.523323
1758263,0.374078,-0.635977,0.425974,0.523588
1766596,0.375385,-0.635198,0.424645,0.524677
1774929,0.376960,-0.633400,0.422768,0.527231
1783262,0.377502,-0.632723,0.421001,0.529067
1791595,0.377477,-0.630646,0.421083,0.531493
1799928,0.378678,-0.627244,0.420119,0.535413
1808261,0.376800,-0.625346,0.419507,0.539424
1816594,0.376258,-0.621836,0.420409,0.543145
1824927,0.377070,-0.616831,0.419875,0.548673
1833260,0.377845,-0.612242,0.419580,0.553485
1841593,0.379212,-0.606892,0.420409,0.557797
1849926,0.379573,-0.602059,0.420696,0.562552
1858259,0.378867,-0.598036,0.421639,0.566598
1866592,0.380149,-0.591332,0.423049,0.571702
1874925,0.381838,-0.584461,0.424151,0.576801
1883258,0.384487,-0.575740,0.425354,0.582896
1891591,0.385896,-0.569211,0.428082,0.586370
1899924,0.387460,-0.562126,0.430589,0.590324
1908257,0.389526,-0.554073,0.433021,0.594782
1916590,0.390250,-0.546940,0.436807,0.598131
1924923,0.390548,-0.540714,0.440464,0.600909
1933256,0.391990,-0.532507,0.444182,0.604552
1941589,0.392207,-0.525932,0.447834,0.607466
1949922,0.391339,-0.519893,0.452542,0.609731
1958255,0.391562,-0.512299,0.457088,0.612617
1966588,0.390640,-0.506630,0.461581,0.614548
1974921,0.388725,-0.502220,0.465986,0.616056
1983254,0.387027,-0.497243,0.469061,0.618822
1991587,0.384426,-0.494132,0.471270,0.621252
1999920,0.382113,-0.490511,0.473150,0.624114
2008252,0.379218,-0.489036,0.474701,0.625856
2016586,0.375399,-0.488987,0.475014,0.627956
2024919,0.372384,-0.488821,0.474930,0.629941
2033252,0.369631,-0.488040,0.473939,0.632907
2041585,0.367590,-0.487611,0.471863,0.635971
2049918,0.365551,-0.488144,0.468975,0.638866
2058250,0.364133,-0.488391,0.466903,0.641001
2066584,0.362568,-0.489218,0.462998,0.644083
2074917,0.361243,-0.488551,0.460613,0.647037
2083250,0.359599,-0.489681,0.458048,0.648917
2091583,0.359319,-0.489076,0.455975,0.650985
2099916,0.358424,-0.489756,0.453392,0.652769
2108249,0.357703,-0.489794,0.451305,0.654580
2116582,0.357225,-0.489680,0.450044,0.655793
2124915,0.358354,-0.487918,0.448754,0.657372
2133248,0.358577,-0.487188,0.447256,0.658812
2141581,0.357572,-0.488871,0.446895,0.658356
2149914,0.357740,-0.488582,0.446751,0.658577
2158247,0.359550,-0.487386,0.447009,0.658301
2166580,0.360392,-0.486796,0.446263,0.658784
2174913,0.360756,-0.488224,0.446197,0.657571
2183246,0.362851,-0.486645,0.446037,0.657698
2191579,0.363253,-0.487960,0.446203,0.656388
2199912,0.364784,-0.488253,0.447004,0.654774
2208245,0.365905,-0.487758,0.447168,0.654406
2216578,0.367410,-0.487412,0.447482,0.653605
2224911,0.368851,-0.488094,0.447851,0.652029
2233244,0.370321,-0.488121,0.448441,0.650769
2241577,0.370603,-0.490348,0.449176,0.648424
2249910,0.371776,-0.490067,0.450175,0.647270
2258243,0.371933,-0.491598,0.451804,0.644880
2266576,0.373021,-0.493474,0.451607,0.642954
2274909,0.373667,-0.494536,0.452705,0.640987
2283242,0.374511,-0.495811,0.453258,0.639117
2291575,0.374322,-0.500219,0.453325,0.635736
2299908,0.374666,-0.502911,0.453095,0.633570
2308241,0.375171,-0.505636,0.452197,0.631741
2316574,0.376110,-0.508096,0.450333,0.630540
2324907,0.375815,-0.512141,0.449064,0.628344
2333240,0.375662,-0.516447,0.447556,0.625983
2341573,0.376179,-0.519517,0.445270,0.624761
2349906,0.375742,-0.523902,0.443868,0.622355
2358239,0.376381,-0.526931,0.441698,0.620954
2366572,0.377517,-0.529110,0.440633,0.619165
2374905,0.378134,-0.532799,0.438645,0.617034
2383238,0.377877,-0.536845,0.437567,0.614444
2391571,0.378222,-0.539590,0.436602,0.612511
2399904,0.377181,-0.545459,0.436589,0.607947
2408237,0.377615,-0.547181,0.436273,0.606354
2416570,0.377431,-0.548640,0.437792,0.604052
2424903,0.376173,-0.552179,0.438331,0.601214
2433236,0.374504,-0.556020,0.440229,0.597316
2441569,0.372603,-0.560204,0.441366,0.593747
2449902,0.372145,-0.561905,0.441768,0.592125
2458235,0.369638,-0.565537,0.443307,0.589079
2466568,0.368152,-0.568282,0.443424,0.587278
2474901,0.365995,-0.571628,0.443184,0.585557
2483234,0.365258,-0.572998,0.442461,0.585225
2491567,0.364971,-0.574108,0.442348,0.584401
2499900,0.364429,-0.575008,0.442832,0.583487
2508233,0.365592,-0.574274,0.442417,0.583798
2516566,0.367618,-0.572846,0.442534,0.583839
2524899,0.367101,-0.573691,0.442526,0.583341
2533232,0.365920,-0.575296,0.443183,0.582001
2541565,0.367881,-0.573169,0.444385,0.581948
2549898,0.370946,-0.569594,0.446190,0.582130
2558231,0.373044,-0.567527,0.449121,0.580553
2566564,0.374735,-0.565617,0.451481,0.579496
2574897,0.374741,-0.565381,0.454983,0.576978
2583230,0.376545,-0.562710,0.457573,0.576366
2591563,0.377748,-0.561161,0.460640,0.574644
2599896,0.377749,-0.560991,0.464294,0.571862
2608229,0.379017,-0.559163,0.466284,0.571194
2616562,0.379526,-0.557740,0.468315,0.570586
2624895,0.380850,-0.555289,0.470013,0.570697
2633228,0.383139,-0.552529,0.472590,0.569714
2641561,0.383209,-0.551429,0.473543,0.569942
2649894,0.384444,-0.549084,0.474524,0.570558
2658227,0.384938,-0.548699,0.475841,0.569498
2666560,0.386853,-0.546288,0.476355,0.570089
2674893,0.387082,-0.545940,0.477298,0.569476
2683226,0.388191,-0.543894,0.478207,0.569917
2691559,0.388681,-0.542945,0.478425,0.570305
2699892,0.389343,-0.541928,0.479284,0.570099
2708225,0.391038,-0.540674,0.480086,0.569454
2716558,0.391863,-0.540576,0.480189,0.568892
2724891,0.393754,-0.538707,0.481235,0.568476
2733224,0.396983,-0.535089,0.483432,0.567783
2741557,0.399613,-0.533399,0.484115,0.566946
2749890,0.401058,-0.532843,0.484295,0.566295
2758223,0.401981,-0.533374,0.485255,0.564314
2766556,0.402679,-0.533970,0.484919,0.563542
2774889,0.402360,-0.536621,0.483948,0.562085
2783222,0.403491,-0.537330,0.484454,0.560157
2791555,0.403342,-0.538755,0.484208,0.559107
2799888,0.403682,-0.540609,0.482679,0.558394
2808221,0.404084,-0.542129,0.480859,0.558200
2816554,0.403733,-0.544982,0.479629,0.556731
2824887,0.403532,-0.547466,0.478260,0.555617
2833220,0.402999,-0.550598,0.475975,0.554871
2841553,0.402375,-0.554675,0.474220,0.552761
2849886,0.402913,-0.556902,0.471234,0.552685
2858219,0.402177,-0.559986,0.471153,0.550168
2866552,0.402908,-0.561917,0.467994,0.550361
2874885,0.403877,-0.564021,0.464692,0.550296
2883218,0.402902,-0.567042,0.460795,0.551182
2891551,0.403682,-0.568238,0.459027,0.550854
2899884,0.404826,-0.569053,0.458137,0.549913
2908217,0.405208,-0.570069,0.457399,0.549195
2916550,0.404948,-0.570867,0.456281,0.549487
2924883,0.404453,-0.571622,0.456671,0.548741
2933216,0.405103,-0.572403,0.456313,0.547745
2941549,0.404529,-0.573778,0.456043,0.546955
2949882,0.403466,-0.575897,0.456026,0.545526
2958215,0.404058,-0.576759,0.455147,0.544910
2966548,0.402773,-0.579216,0.453937,0.544265
2974881,0.399731,-0.582795,0.453162,0.543331
2983214,0.399120,-0.585145,0.450233,0.543690
2991547,0.398278,-0.587643,0.447881,0.543555
2999880,0.393939,-0.592859,0.443877,0.544337
3008213,0.390612,-0.597704,0.439816,0.544733
3016546,0.388474,-0.599714,0.436757,0.546511
3024879,0.384695,-0.602586,0.433400,0.548693
3033212,0.382032,-0.603823,0.429941,0.551906
3041545,0.378458,-0.606056,0.426886,0.554288
3049878,0.373867,-0.608327,0.424283,0.556908
3058211,0.370290,-0.608686,0.421862,0.560730
3066544,0.366051,-0.608645,0.419774,0.565108
3074877,0.362718,-0.607487,0.418169,0.569676
3083210,0.358862,-0.606545,0.416909,0.574028
3091543,0.353660,-0.606339,0.416229,0.577954
3099876,0.348912,-0.605647,0.415012,0.582423
3108209,0.346271,-0.603012,0.413548,0.587750
3116542,0.342525,-0.601438,0.413561,0.591537
3124875,0.339743,-0.599032,0.413848,0.595370
3133208,0.337226,-0.596459,0.412905,0.600020
3141541,0.333203,-0.594717,0.411760,0.604766
3149874,0.328950,-0.592683,0.411027,0.609570
3158207,0.327049,-0.588593,0.409668,0.615442
3166540,0.322586,-0.587037,0.411268,0.618211
3174873,0.318360,-0.583857,0.413354,0.622010
3183206,0.315073,-0.582300,0.413509,0.625033
3191539,0.310761,-0.578189,0.414689,0.630205
3199872,0.306621,-0.575289,0.416533,0.633661
3208205,0.301617,-0.572720,0.417316,0.637860
3216538,0.296954,-0.569836,0.418773,0.641666
3224871,0.291609,-0.566550,0.420015,0.646199
3233204,0.286725,-0.564344,0.419925,0.650360
3241537,0.282032,-0.562132,0.420552,0.653913
3249870,0.275596,-0.560865,0.421301,0.657253
3258203,0.271256,-0.557807,0.422718,0.660743
3266536,0.266591,-0.556663,0.422000,0.664057
3274869,0.262733,-0.554132,0.421390,0.668087
3283202,0.257894,-0.552733,0.420089,0.671940
3291535,0.254139,-0.550765,0.419373,0.675423
3299868,0.251428,-0.548271,0.418874,0.678769
3308201,0.247931,-0.546855,0.418137,0.681646
3316534,0.244224,-0.545288,0.416534,0.685212
3324867,0.242146,-0.543413,0.415789,0.687886
3333200,0.240611,-0.539957,0.415126,0.691537
3341533,0.238587,-0.538003,0.415613,0.693466
3349866,0.236497,-0.537067,0.414485,0.695579
3358199,0.234958,-0.536169,0.413506,0.697374
3366532,0.234120,-0.533924,0.413089,0.699622
3374865,0.233851,-0.531343,0.412476,0.702034
3383198,0.233301,-0.529887,0.412215,0.703469
3391531,0.234488,-0.528262,0.412285,0.704255
3399864,0.234894,-0.527911,0.410955,0.705160
3408197,0.236798,-0.526455,0.409796,0.706286
3416530,0.238800,-0.525096,0.408801,0.707199
3424863,0.240625,-0.523978,0.409619,0.706936
3433196,0.242387,-0.523821,0.410614,0.705873
3441529,0.244732,-0.523745,0.411154,0.704805
3449862,0.248531,-0.521792,0.411695,0.704608
3458195,0.253079,-0.519233,0.411406,0.705048
3466528,0.255540,-0.518510,0.413842,0.703265
3474861,0.258650,-0.518316,0.414298,0.702002
3483194,0.262095,-0.516262,0.416099,0.701172
3491527,0.267089,-0.513637,0.416623,0.700904
3499860,0.270770,-0.512984,0.418262,0.698990
3508193,0.273885,-0.513277,0.420055,0.696483
3516526,0.276215,-0.514596,0.420471,0.694334
3524859,0.280339,-0.514027,0.418947,0.694024
3533192,0.283823,-0.513056,0.420283,0.692517
3541525,0.286297,-0.515059,0.420067,0.690139
3549858,0.288722,-0.517459,0.418253,0.688433
3558191,0.291558,-0.519085,0.417000,0.686772
3566524,0.292796,-0.522439,0.414625,0.685137
3574857,0.295147,-0.524983,0.411526,0.684052
3583190,0.296365,-0.529912,0.410571,0.680289
3591523,0.300973,-0.527977,0.407295,0.681738
3599856,0.303199,-0.530498,0.406297,0.679386
3608189,0.305187,-0.533486,0.403837,0.677620
3616522,0.308770,-0.533943,0.403244,0.675988
3624855,0.312223,-0.533535,0.400926,0.676104
3633188,0.316250,-0.534252,0.401290,0.673444
3641521,0.319664,-0.535006,0.402105,0.670742
3649854,0.323445,-0.534881,0.403366,0.668267
3658187,0.327393,-0.534961,0.406008,0.664671
3666520,0.332061,-0.533578,0.408676,0.661827
3674853,0.335846,-0.533778,0.409036,0.659529
3683186,0.339037,-0.534133,0.411755,0.655907
3691519,0.338829,-0.538051,0.415051,0.650714
3699852,0.338338,-0.542612,0.416743,0.646084
3708185,0.338936,-0.544980,0.417281,0.643425
3716518,0.340660,-0.547637,0.415747,0.641247
3724851,0.340572,-0.550581,0.415765,0.638757
3733184,0.340846,-0.554161,0.416763,0.634853
3741517,0.337341,-0.560440,0.413147,0.633576
3749850,0.335872,-0.565682,0.409783,0.631880
3758183,0.337782,-0.568000,0.405240,0.631712
3766516,0.337380,-0.570729,0.403998,0.630261
3774849,0.338030,-0.574313,0.401917,0.627983
3783182,0.339338,-0.576386,0.400406,0.626342
3791515,0.340368,-0.578608,0.398866,0.624715
3799848,0.342787,-0.580218,0.397239,0.622933
3808181,0.345101,-0.580734,0.396928,0.621370
3816514,0.346865,-0.582490,0.397102,0.618627
3824847,0.349195,-0.583456,0.397282,0.616287
3833180,0.351780,-0.583929,0.398157,0.613799
3841513,0.354394,-0.583731,0.398762,0.612087
3849846,0.356233,-0.584455,0.398852,0.610269
3858179,0.359192,-0.584008,0.399303,0.608665
3866512,0.361040,-0.585586,0.399122,0.606169
3874845,0.362617,-0.587420,0.398355,0.603953
3883178,0.365114,-0.587480,0.397851,0.602721
3891511,0.367598,-0.588212,0.396483,0.601398
3899844,0.370161,-0.588260,0.394429,0.601130
3908177,0.371765,-0.590022,0.392734,0.599520
3916510,0.373690,-0.591569,0.390010,0.598577
3924843,0.375205,-0.592744,0.387244,0.598263
3933176,0.376340,-0.594301,0.384236,0.597944
3941509,0.377012,-0.595896,0.381875,0.597446
3949842,0.377857,-0.597412,0.378825,0.597340
3958175,0.378440,-0.598608,0.376335,0.597347
3966508,0.378197,-0.600307,0.373580,0.597526
3974841,0.377439,-0.602745,0.370484,0.597478
3983174,0.376188,-0.605419,0.367784,0.597231
3991507,-0.375507,0.606922,-0.364364,-0.598230
3999840,-0.373706,0.608973,-0.361787,-0.598837
4008173,-0.371881,0.610645,-0.358383,-0.600316
4016505,-0.368872,0.613522,-0.355682,-0.600846
4024839,-0.365609,0.616314,-0.353145,-0.601478
4033172,-0.364364,0.616362,-0.350097,-0.603961
4041505,-0.361257,0.618203,-0.347531,-0.605426
4049838,-0.356447,0.621603,-0.343467,-0.607112
4058170,-0.352469,0.623409,-0.339838,-0.609620
4066504,-0.348553,0.625347,-0.337100,-0.611404
4074837,-0.346834,0.624923,-0.331761,-0.615721
4083170,-0.340488,0.628482,-0.330543,-0.616295
4091503,-0.337724,0.628328,-0.326534,-0.620099
4099836,0.332396,-0.629751,0.325337,0.622159
4108169,0.326732,-0.631826,0.324162,0.623668
4116501,0.322501,-0.632472,0.322841,0.625896
4124835,0.317864,-0.633177,0.319681,0.629169
4133168,0.312526,-0.634087,0.317382,0.632083
4141501,0.305876,-0.636804,0.316983,0.632806
4149834,0.302606,-0.635634,0.312131,0.637945
4158166,0.297028,-0.637037,0.308792,0.640785
4166500,0.291068,-0.637962,0.305643,0.644101
4174833,0.281836,-0.642738,0.301601,0.645363
4183166,0.274364,-0.646046,0.297652,0.647111
4191499,0.266614,-0.648702,0.293829,0.649436
4199832,0.260259,-0.651768,0.286738,0.652108
4208165,0.254425,-0.654085,0.279208,0.655350
4216498,0.245382,-0.658766,0.273398,0.656558
4224831,0.239720,-0.660586,0.264191,0.660578
4233164,0.232515,-0.663768,0.254069,0.663926
4241497,0.225209,-0.665288,0.245439,0.668156
4249830,0.213923,-0.670410,0.239282,0.668978
4258163,0.205272,-0.672354,0.230231,0.672902
4266496,0.198397,-0.672776,0.218682,0.678372
4274829,0.191167,-0.674412,0.209880,0.681597
4283162,0.183200,-0.675379,0.199881,0.685820
4291495,0.173176,-0.677523,0.190469,0.688980
4299828,-0.164182,0.678803,-0.181721,-0.692277
4308161,-0.154781,0.679963,-0.175264,-0.694965
4316494,-0.149391,0.676025,-0.164606,-0.702550
4324827,-0.140249,0.677689,-0.155589,-0.704882
4333160,-0.135519,0.675044,-0.146087,-0.710358
4341493,-0.127236,0.675389,-0.138712,-0.713036
4349826,-0.120871,0.673195,-0.130069,-0.717831
4358159,-0.116074,0.669337,-0.121312,-0.723739
4366492,-0.108088,0.668221,-0.116679,-0.726762
4374825,-0.103454,0.663453,-0.109403,-0.732911
4383158,-0.095022,0.662446,-0.105627,-0.735513
4391491,-0.085813,0.662613,-0.102038,-0.737000
4399824,-0.080060,0.660248,-0.100613,-0.739959
4408157,-0.076593,0.653298,-0.095656,-0.747118
4416490,-0.069370,0.650900,-0.096787,-0.749766
4424823,-0.061716,0.650362,-0.095659,-0.751045
4433156,-0.057692,0.646645,-0.096213,-0.754496
4441489,-0.054057,0.642585,-0.099295,-0.757828
4449822,-0.047890,0.638292,-0.100417,-0.761712
4458155,-0.038626,0.638077,-0.101197,-0.762316
4466488,-0.034298,0.634104,-0.103855,-0.765473
4474821,-0.028797,0.631187,-0.105304,-0.767909
4483154,-0.022454,0.628683,-0.105450,-0.770152
4491487,-0.016039,0.626938,-0.106575,-0.771579
4499820,-0.013030,0.623063,-0.111420,-0.774085
4508153,-0.007559,0.620747,-0.112873,-0.775807
4516486,-0.004073,0.617937,-0.111528,-0.778266
4524819,0.002394,0.615387,-0.112211,-0.780194
4533152,0.007495,0.613302,-0.111872,-0.781850
4541485,0.011406,0.611316,-0.110204,-0.783593
4549818,0.017183,0.609471,-0.108858,-0.785111
4558151,0.021019,0.605196,-0.105515,-0.788773
4566484,0.026606,0.603296,-0.104281,-0.790222
4574817,0.031745,0.600784,-0.099399,-0.792572
4583150,0.037996,0.600788,-0.097359,-0.792548
4591483,0.043266,0.600561,-0.095210,-0.792710
4599816,0.050241,0.601091,-0.091131,-0.792377
4608149,0.056316,0.599295,-0.086209,-0.793878
4616482,0.059830,0.599225,-0.083281,-0.793986
4624815,0.067072,0.600084,-0.079524,-0.793144
4633148,0.071976,0.600145,-0.076587,-0.792956
4641481,0.077458,0.600662,-0.072898,-0.792396
4649814,0.083419,0.600558,-0.068198,-0.792288
4658147,0.089358,0.601389,-0.063799,-0.791376
4666480,0.096248,0.603175,-0.058232,-0.789636
4674813,0.100707,0.604116,-0.053844,-0.788672
4683146,0.108147,0.607518,-0.045338,-0.785602
4691479,0.115491,0.610369,-0.036990,-0.782779
4699812,0.119706,0.610117,-0.030854,-0.782608
4708145,0.132062,0.613730,-0.018864,-0.778164
4716478,0.141997,0.616857,-0.007913,-0.774120
4724811,0.150615,0.618912,0.003351,-0.770877
4733144,0.159830,0.620487,0.014763,-0.767615
4741477,0.170827,0.621642,0.026978,-0.763971
4749810,0.179015,0.622860,0.035748,-0.760737
4758143,0.189955,0.623419,0.046343,-0.757046
4766476,0.201411,0.624246,0.059182,-0.752494
4774809,0.214184,0.624431,0.071567,-0.747723
4783142,0.225794,0.624268,0.082879,-0.743261
4791475,0.235221,0.624997,0.092667,-0.738554
4799808,0.245353,0.625579,0.103165,-0.733356
4808141,0.254769,0.624214,0.111961,-0.730010
4816474,0.263917,0.624202,0.120414,-0.725411
4824807,0.271731,0.622864,0.127966,-0.722376
4833140,0.278914,0.621969,0.134938,-0.719133
4841473,0.285901,0.622385,0.142520,-0.714553
4849806,0.289766,0.626330,0.149187,-0.708159
4858139,0.294329,0.625336,0.157299,-0.705395
4866472,0.298335,0.627183,0.163780,-0.700581
4874805,0.301340,0.628309,0.167882,-0.697308
4883138,0.303625,0.631051,0.173134,-0.692539
4891471,0.304848,0.634374,0.178881,-0.687487
4899804,0.306924,0.635776,0.182360,-0.684347
4908137,0.309234,0.636977,0.188763,-0.680443
4916470,0.311747,0.636771,0.193882,-0.678046
4924803,0.314227,0.636367,0.199703,-0.675586
4933136,0.316013,0.636970,0.206279,-0.672201
4941469,0.317983,0.636504,0.213379,-0.669492
4949802,0.320232,0.635253,0.220810,-0.667194
4958135,0.322379,0.633821,0.228362,-0.664976
4966468,0.325384,0.631861,0.235988,-0.662712
4974801,0.329137,0.628881,0.244749,-0.660511
4983134,0.332709,0.626390,0.252523,-0.658159
4991467,0.335731,0.623259,0.260299,-0.656565
4999800,0.338687,0.620529,0.269151,-0.654059
5008133,0.342798,0.616343,0.276098,-0.652979
5016466,0.346497,0.613751,0.285353,-0.649479
5024799,0.349665,0.611645,0.292724,-0.646481
5033132,0.352719,0.609921,0.300313,-0.642960
5041465,0.356492,0.607622,0.308216,-0.639306
5049798,0.361079,0.602920,0.315833,-0.637463
5058131,0.364928,0.600333,0.324046,-0.633578
5066464,0.368517,0.598839,0.332476,-0.628528
5074797,0.372772,0.596352,0.340163,-0.624255
5083130,0.377094,0.592944,0.347312,-0.620960
5091463,0.381484,0.589471,0.355092,-0.617174
5099796,0.385571,0.586742,0.362385,-0.612981
5108129,0.390536,0.583572,0.369804,-0.608416
5116462,0.396646,0.578660,0.376311,-0.605157
5124795,0.402386,0.575639,0.384401,-0.599134
5133128,0.407750,0.572756,0.392823,-0.592773
5141461,0.415059,0.567384,0.400408,-0.587771
5149794,0.421419,0.564573,0.408621,-0.580252
5158127,0.428145,0.560935,0.414582,-0.574600
5166460,0.434777,0.557521,0.419227,-0.569551
5174793,0.442055,0.554071,0.427679,-0.560966
5183126,0.448516,0.552113,0.435743,-0.551482
5191459,0.454587,0.549851,0.441700,-0.543981
5199792,0.460598,0.546151,0.446372,-0.538814
5208125,0.468900,0.542343,0.450722,-0.531833
5216458,0.473957,0.539867,0.455381,-0.525868
5224791,0.481783,0.536270,0.459162,-0.519106
5233124,0.487854,0.532679,0.462674,-0.513989
5241457,0.494177,0.530699,0.467428,-0.505628
5249790,0.500556,0.528426,0.469120,-0.500136
5258123,0.506386,0.525987,0.472211,-0.493891
5266456,0.512154,0.523838,0.473360,-0.489104
5274789,0.519782,0.519227,0.476860,-0.482529
5283122,0.525650,0.516912,0.480780,-0.474705
5291455,0.531264,0.514338,0.482149,-0.469838
5299788,0.537014,0.513250,0.484975,-0.461508
5308121,0.542714,0.509590,0.488464,-0.455173
5316454,0.549989,0.505237,0.488290,-0.451464
5324787,0.553894,0.502893,0.493292,-0.443805
5333120,0.559638,0.498836,0.497642,-0.436257
5341453,0.566603,0.493212,0.500418,-0.430447
5349786,0.570977,0.488738,0.506323,-0.422796
5358119,0.575162,0.484283,0.510354,-0.417370
5366452,0.581280,0.477610,0.512350,-0.414124
5374785,0.583980,0.475599,0.516252,-0.407746
5383118,0.590229,0.467724,0.519713,-0.403438
5391451,0.598209,0.459276,0.519874,-0.401177
5399784,0.602383,0.453862,0.521986,-0.398339
5408117,0.604210,0.452125,0.525310,-0.393144
5416450,0.608286,0.447569,0.526481,-0.390497
5424783,0.612170,0.443033,0.528141,-0.387346
5433116,0.616366,0.439592,0.528494,-0.384116
5441449,0.617945,0.437200,0.530012,-0.382213
5449782,0.622205,0.435444,0.528984,-0.378716
5458115,0.623590,0.433967,0.531987,-0.373896
5466448,0.626008,0.431618,0.535025,-0.368195
5474781,0.630011,0.429379,0.536803,-0.361333
5483114,0.631472,0.431519,0.535525,-0.358117
5491447,0.634332,0.433097,0.533637,-0.353949
5499780,0.639064,0.430720,0.534215,-0.347407
5508113,0.642124,0.430808,0.534010,-0.341927
5516446,0.644457,0.431202,0.534021,-0.336990
5524779,0.646241,0.432565,0.533706,-0.332291
5533112,0.649189,0.432489,0.533398,-0.327096
5541445,0.653910,0.431563,0.532964,-0.319539
5549778,0.657420,0.431476,0.532990,-0.312329
5558111,0.659689,0.431743,0.534075,-0.305241
5566444,0.661364,0.430428,0.536618,-0.298947
5574777,0.664671,0.429591,0.537728,-0.290710
5583110,0.668869,0.427964,0.537444,-0.283926
5591443,0.670539,0.427409,0.539715,-0.276420
5599776,0.671628,0.426709,0.542923,-0.268457
5608109,0.673378,0.425579,0.544631,-0.262337
5616442,0.675740,0.422130,0.547611,-0.255546
5624775,0.678206,0.419744,0.550097,-0.247475
5633108,0.680382,0.418943,0.551414,-0.239810
5641441,0.683556,0.416107,0.552070,-0.234149
5649774,0.685476,0.413747,0.554661,-0.226467
5658107,0.686173,0.412730,0.556921,-0.220590
5666440,0.687143,0.411244,0.558945,-0.215160
5674773,0.685885,0.410552,0.562975,-0.209925
5683106,0.686605,0.405177,0.569318,-0.200704
5691439,0.686034,0.405440,0.571290,-0.196476
5699772,0.684835,0.405155,0.574695,-0.191247
5708105,0.684435,0.403582,0.577912,-0.186247
5716438,0.683936,0.401610,0.581538,-0.180980
5724771,0.683401,0.399196,0.585476,-0.175565
5733104,0.682232,0.397329,0.589693,-0.170150
5741437,0.681041,0.394512,0.594542,-0.164512
5749770,0.679929,0.389763,0.599994,-0.160588
5758103,0.679683,0.385301,0.603769,-0.158231
5766436,0.680868,0.379157,0.607141,-0.155046
5774769,0.679053,0.376670,0.611685,-0.151158
5783102,0.676497,0.373338,0.617960,-0.145247
5791435,0.673780,0.370742,0.623639,-0.140162
5799768,0.670567,0.367103,0.630585,-0.133934
5808101,0.666653,0.364587,0.637365,-0.128125
5816434,0.663119,0.361903,0.643613,-0.122726
5824767,0.659324,0.357620,0.651063,-0.116261
5833100,0.655524,0.354844,0.657430,-0.110274
5841433,0.651503,0.351867,0.663865,-0.104954
5849766,0.648305,0.348688,0.669436,-0.099867
5858099,0.645410,0.344550,0.675007,-0.095380
5866432,0.641679,0.342056,0.680332,-0.091620
5874765,0.638670,0.338913,0.685174,-0.088177
5883098,0.634643,0.335644,0.690972,-0.084437
5891431,0.629235,0.332012,0.698161,-0.080018
5899764,0.623532,0.330393,0.704458,-0.076079
5908097,0.618376,0.327283,0.711021,-0.070333
5916430,0.613940,0.323809,0.716927,-0.065126
5924763,0.607500,0.322483,0.723281,-0.061756
5933096,0.602106,0.320919,0.728755,-0.058272
5941429,0.598101,0.318404,0.733452,-0.054245
5949762,0.593348,0.315625,0.738763,-0.050476
5958095,0.586771,0.316506,0.743791,-0.047957
5966428,0.581102,0.317733,0.747695,-0.048147
5974761,0.575947,0.318454,0.751409,-0.047497
5983094,0.565360,0.322237,0.758024,-0.043942
5991427,0.557095,0.325323,0.762860,-0.043061
5999760,0.547590,0.330288,0.767709,-0.040958
6008093,0.538479,0.333083,0.772921,-0.041107
6016426,0.531063,0.337371,0.776150,-0.041755
6024759,0.525556,0.339652,0.778794,-0.043666
6033092,0.521051,0.340129,0.781539,-0.044889
6041425,0.516674,0.342254,0.783313,-0.048276
6049758,0.510605,0.346684,0.785114,-0.051848
6058091,0.507394,0.349761,0.785638,-0.054694
6066424,0.505562,0.352503,0.785433,-0.056957
6074757,0.503143,0.355112,0.785509,-0.060984
6083090,0.501463,0.357157,0.785170,-0.066950
6091423,0.503576,0.358405,0.782770,-0.072304
6099756,0.503118,0.366658,0.779489,-0.069507
6108089,0.504926,0.372986,0.775083,-0.071951
6116422,0.505812,0.377150,0.772060,-0.076393
6124755,0.507498,0.380842,0.768632,-0.081302
6133088,0.508041,0.384120,0.766073,-0.086473
6141421,0.502823,0.386218,0.767839,-0.091798
6149754,0.505187,0.390037,0.764041,-0.094330
6158087,0.500131,0.393403,0.765129,-0.098389
6166420,0.498171,0.396554,0.764453,-0.100910
6174753,0.495932,0.400428,0.763506,-0.103765
6183086,0.493613,0.402536,0.763483,-0.106790
6191419,0.496368,0.405270,0.759507,-0.111912
6199752,0.493754,0.408766,0.758732,-0.115944
6208085,0.494707,0.412175,0.756017,-0.117539
6216418,0.495292,0.414995,0.753792,-0.119425
6224751,0.497632,0.416627,0.750379,-0.125361
6233084,0.498127,0.418696,0.748698,-0.126549
6241417,0.500393,0.416017,0.747476,-0.133478
6249750,0.496587,0.420900,0.747700,-0.131107
6258083,0.494395,0.425053,0.746637,-0.132046
6266416,0.494545,0.426603,0.745167,-0.134759
6274749,0.491514,0.427284,0.746609,-0.135711
6283082,0.490184,0.426505,0.747798,-0.136422
6291415,0.492776,0.428488,0.744445,-0.139178
6299748,0.489736,0.430546,0.745222,-0.139403
6308081,0.489860,0.430004,0.744900,-0.142332
6316414,0.489975,0.432597,0.742939,-0.144311
6324747,0.493112,0.433001,0.739829,-0.148336
6333080,0.494690,0.434472,0.738038,-0.147698
6341413,0.496544,0.434463,0.737007,-0.146649
6349746,0.494636,0.435325,0.737254,-0.149277
6358079,0.498121,0.435780,0.734167,-0.151555
6366412,0.496228,0.436172,0.735291,-0.151189
6374745,0.496396,0.436145,0.734726,-0.153448
6383078,0.498465,0.435920,0.732267,-0.159031
6391411,0.500504,0.437503,0.729361,-0.161615
6399744,0.501882,0.438674,0.727238,-0.163718
6408077,0.502273,0.441293,0.724161,-0.169035
6416410,0.502485,0.444267,0.721726,-0.171018
6424743,0.502695,0.446777,0.719226,-0.174361
6433076,0.503583,0.448285,0.716747,-0.178094
6441409,0.504637,0.450069,0.714412,-0.179985
6449742,0.505593,0.452414,0.711468,-0.183059
6458075,0.507149,0.453911,0.708832,-0.185263
6466408,0.507883,0.455727,0.706441,-0.187907
6474741,0.507512,0.459352,0.703736,-0.190220
6483074,0.508865,0.460898,0.701280,-0.191927
6491407,0.511474,0.460123,0.698410,-0.197239
6499740,0.513769,0.460464,0.696678,-0.196604
6508073,0.513967,0.462870,0.694259,-0.198981
6516406,0.515938,0.462923,0.692769,-0.198951
6524739,0.516627,0.462583,0.691834,-0.201194
6533072,0.518044,0.461748,0.691188,-0.201686
6541405,0.523041,0.459854,0.688069,-0.203773
6549738,0.523533,0.459080,0.688553,-0.202618
6558071,0.523947,0.458330,0.688383,-0.203818
6566404,0.524939,0.457783,0.688096,-0.203465
6574737,0.526014,0.457530,0.687502,-0.203266
6583070,0.528294,0.455775,0.687042,-0.202848
6591403,0.528302,0.455368,0.686985,-0.203933
6599736,0.529362,0.454889,0.686327,-0.204466
6608069,0.528584,0.455914,0.686225,-0.204538
6616402,0.530165,0.454286,0.685473,-0.206582
6624735,0.526639,0.460931,0.685107,-0.202047
6633068,0.523987,0.465607,0.685077,-0.198284
6641401,0.522723,0.467442,0.684965,-0.197692
6649734,0.521248,0.469556,0.685374,-0.195144
6658067,0.520754,0.470336,0.685305,-0.194824
6666400,0.521133,0.470139,0.685124,-0.194923
6674733,0.521508,0.469305,0.685776,-0.193635
6683066,0.521912,0.468720,0.685792,-0.193904
6691399,0.521485,0.459945,0.691352,-0.196308
6699732,0.521212,0.458001,0.693128,-0.195312
6708065,0.522541,0.458773,0.692391,-0.192542
6716398,0.518017,0.459816,0.695991,-0.189271
6724731,0.521037,0.457231,0.695513,-0.189003
6733064,0.523807,0.456287,0.694557,-0.187133
6741397,0.524061,0.453760,0.696593,-0.184987
6749730,0.526087,0.450823,0.697267,-0.183873
6758063,0.526480,0.450406,0.698131,-0.180459
6766396,0.526606,0.447938,0.700656,-0.176406
6774729,0.530754,0.438776,0.702787,-0.178512
6783062,0.531916,0.434529,0.705152,-0.176098
6791395,0.535056,0.430976,0.705801,-0.172687
6799728,0.538389,0.426598,0.706434,-0.170595
6808061,0.541184,0.421485,0.707837,-0.168636
6816394,0.544217,0.414697,0.710269,-0.165445
6824727,0.548994,0.403962,0.713201,-0.163599
6833060,0.551244,0.396869,0.716150,-0.160481
6841393,0.559157,0.387210,0.715411,-0.159995
6849726,0.568576,0.381069,0.711298,-0.159885
6858059,0.577588,0.370627,0.709374,-0.160676
6866392,0.586239,0.364341,0.705281,-0.161733
6874725,0.594314,0.355823,0.702567,-0.163036
6883058,0.602337,0.349739,0.698633,-0.163661
6891391,0.608991,0.342882,0.696327,-0.163371
6899724,0.615748,0.337319,0.692842,-0.164439
6908057,0.619093,0.335309,0.691378,-0.162138
6916390,0.624678,0.331530,0.688362,-0.161315
6924723,0.630419,0.328511,0.684611,-0.161120
6933056,0.637125,0.327309,0.679159,-0.160259
6941389,0.642714,0.325987,0.674808,-0.159012
6949722,0.649292,0.323931,0.669208,-0.160153
6958055,0.653822,0.325380,0.664448,-0.158599
6966388,0.658343,0.328261,0.659043,-0.156500
6974721,0.661904,0.330707,0.654563,-0.155126
6983054,0.665943,0.332265,0.650311,-0.152367
6991387,0.673154,0.334784,0.641225,-0.153669
6999720,0.676536,0.336652,0.637055,-0.152069
7008053,0.680822,0.337218,0.632155,-0.152138
7016386,0.685344,0.338424,0.626874,-0.151000
7024719,0.690158,0.341403,0.620503,-0.148666
7033052,0.693510,0.343052,0.616402,-0.146316
7041385,0.696239,0.344556,0.612878,-0.144616
7049718,0.699625,0.345812,0.608660,-0.143078
7058051,0.701744,0.345768,0.607248,-0.138742
7066384,0.702341,0.347500,0.606081,-0.136480
7074717,0.705380,0.347562,0.602894,-0.134752
7083050,0.707734,0.345930,0.601159,-0.134364
7091383,0.709413,0.343675,0.600457,-0.134434
7099716,0.711985,0.343641,0.597391,-0.134581
7108049,0.715724,0.344083,0.592910,-0.133429
7116382,0.717314,0.342737,0.591992,-0.132427
7124715,0.719069,0.341416,0.590606,-0.132512
7133048,0.721584,0.340239,0.588017,-0.133378
7141381,0.723836,0.340015,0.584954,-0.135201
7149714,0.723586,0.340792,0.584628,-0.135989
7158047,0.725710,0.341040,0.581016,-0.139487
7166380,0.727413,0.340746,0.578208,-0.142962
7174713,0.727230,0.341351,0.577823,-0.144001
7183046,0.727329,0.342451,0.576473,-0.146285
7191379,0.727015,0.343877,0.575315,-0.149035
7199712,0.727332,0.344142,0.573947,-0.152119
7208045,0.727574,0.345104,0.572526,-0.154124
7216378,0.727897,0.347289,0.570030,-0.156917
7224711,0.728520,0.347905,0.567699,-0.161055
7233044,0.727535,0.349740,0.566866,-0.164433
7241377,0.726203,0.351584,0.567182,-0.165296
7249710,0.724738,0.353753,0.566923,-0.167965
7258043,0.724573,0.354046,0.566057,-0.170949
7266376,0.724812,0.354387,0.564843,-0.173233
7274709,0.724560,0.355114,0.564197,-0.174896
7283042,0.722149,0.358600,0.564903,-0.175476
7291375,0.720759,0.361661,0.564184,-0.177213
7299708,0.719692,0.364039,0.563668,-0.178318
7308041,0.718092,0.366576,0.564040,-0.178393
7316374,0.718551,0.366809,0.562698,-0.180295
7324707,0.716691,0.367641,0.565201,-0.178165
7333040,0.715045,0.369098,0.566030,-0.179131
7341373,0.715595,0.369928,0.564883,-0.178843
7349706,0.715271,0.371745,0.564263,-0.178326
7358039,0.715152,0.371781,0.564062,-0.179362
7366372,0.714163,0.372367,0.564898,-0.179453
7374705,0.714256,0.372628,0.564733,-0.179064
7383038,0.713319,0.370906,0.566276,-0.181482
7391371,0.713104,0.371758,0.566009,-0.181418
7399704,0.713201,0.371881,0.565982,-0.180869
7408037,0.712846,0.367555,0.568340,-0.183692
7416370,0.711188,0.366253,0.571285,-0.183586
7424703,0.710089,0.365158,0.573824,-0.182096
7433036,0.709276,0.363379,0.576489,-0.180396
7441369,0.710570,0.357724,0.576228,-0.187312
7449702,0.708254,0.355752,0.580671,-0.186111
7458035,0.707735,0.353580,0.582069,-0.187849
7466368,0.704885,0.350058,0.587178,-0.189257
7474701,0.703272,0.349074,0.589396,-0.190179
7483034,0.701449,0.348304,0.591415,-0.192046
7491367,0.700968,0.347229,0.591504,-0.195446
7499700,0.700723,0.346991,0.591209,-0.197625
7508033,0.698908,0.345429,0.593347,-0.200365
7516366,0.696689,0.344926,0.595314,-0.203107
7524699,0.693763,0.345749,0.597694,-0.204725
7533032,0.692047,0.345387,0.599042,-0.207189
7541365,0.691200,0.343981,0.599559,-0.210828
7549698,0.690677,0.341577,0.599794,-0.215726
7558031,0.689108,0.340538,0.601385,-0.217945
7566364,0.686863,0.341152,0.603226,-0.218980
7574697,0.683194,0.342395,0.606175,-0.220371
7583030,0.680404,0.342115,0.608552,-0.222873
7591363,0.677033,0.343429,0.611102,-0.224136
7599696,0.677695,0.341986,0.609786,-0.227896
7608029,0.675595,0.342877,0.611377,-0.228527
7616362,0.673770,0.344284,0.611498,-0.231458
7624695,0.672914,0.344605,0.610464,-0.236153
7633028,0.670473,0.347590,0.610116,-0.239595
7641361,0.668471,0.350044,0.609785,-0.242440
7649694,0.666352,0.352913,0.609525,-0.244760
7658027,0.667035,0.353085,0.606483,-0.250145
7666360,0.667122,0.354170,0.603586,-0.255334
7674693,0.663256,0.358017,0.605592,-0.255290
7683026,0.662487,0.360624,0.603571,-0.258387
7691359,0.661106,0.361354,0.603098,-0.261984
7699692,0.660529,0.365206,0.599486,-0.266350
7708025,0.660184,0.368449,0.596149,-0.270202
7716358,0.657248,0.371909,0.596047,-0.272831
7724691,0.654710,0.375416,0.595936,-0.274369
7733024,0.654682,0.377467,0.592338,-0.279366
7741357,0.653026,0.381335,0.590665,-0.281523
7749690,0.652286,0.383060,0.588574,-0.285253
7758023,0.650627,0.385690,0.587433,-0.287838
7766356,0.646320,0.390787,0.588491,-0.288502
7774689,0.646018,0.392871,0.586218,-0.290969
7783022,0.644697,0.395134,0.585107,-0.293062
7791355,0.645653,0.394474,0.582872,-0.296281
7799688,0.647151,0.394158,0.579495,-0.300035
7808021,0.646809,0.394746,0.578950,-0.301049
7816354,0.645437,0.396051,0.579243,-0.301715
7824687,0.642793,0.398754,0.582346,-0.297802
7833020,0.641776,0.399990,0.583449,-0.296173
7841353,0.641817,0.400525,0.582992,-0.296263
7849686,0.642651,0.399912,0.582141,-0.296955
7858019,0.642690,0.399640,0.582401,-0.296726
7866352,0.640895,0.400344,0.583909,-0.296695
7874685,0.642445,0.398473,0.583396,-0.296872
7883018,0.644288,0.397803,0.581909,-0.296695
7891351,0.644730,0.397685,0.582005,-0.295701
7899684,0.645291,0.397222,0.580757,-0.297549
7908017,0.645816,0.396480,0.580834,-0.297250
7916350,0.646610,0.395730,0.580054,-0.298046
7924683,0.647804,0.394097,0.579912,-0.297892
7933016,0.648853,0.393188,0.578960,-0.298661
7941349,0.648659,0.392551,0.579215,-0.299426
7949682,0.649351,0.390349,0.579928,-0.299423
7958015,0.648337,0.389200,0.582341,-0.298431
7966348,0.647932,0.387177,0.584202,-0.298305
7974681,0.648083,0.383814,0.585939,-0.298916
7983014,0.648316,0.380818,0.587508,-0.299164
7991347,0.648336,0.378281,0.589197,-0.299015
7999680,0.648459,0.375009,0.591873,-0.297583
8008013,0.649183,0.372340,0.593032,-0.297047
8016346,0.649714,0.370358,0.593975,-0.296481
8024679,0.650980,0.368079,0.593681,-0.297130
8033011,0.650214,0.369280,0.594770,-0.295132
8041345,0.651023,0.369458,0.594633,-0.293397
8049678,0.650607,0.370620,0.595566,-0.290952
8058011,0.650947,0.371456,0.595842,-0.288548
8066344,0.650106,0.374585,0.597346,-0.283243
8074676,0.649736,0.377556,0.598015,-0.278699
8083010,0.649763,0.380323,0.598238,-0.274361
8091343,0.650414,0.383980,0.598217,-0.267688
8099676,0.652187,0.384001,0.598280,-0.263164
8108009,0.652388,0.386441,0.598681,-0.258137
8116341,0.652825,0.388429,0.599808,-0.251341
8124675,0.654530,0.388750,0.601535,-0.242114
8133008,0.655431,0.388598,0.604115,-0.233340
8141341,0.655337,0.389335,0.607488,-0.223406
8149674,0.655613,0.388632,0.611133,-0.213663
8158007,0.657842,0.388289,0.612310,-0.203842
8166340,0.659230,0.387744,0.613929,-0.195349
8174673,0.660905,0.387317,0.614698,-0.187981
8183006,0.662932,0.386323,0.615401,-0.180436
8191338,0.664633,0.386575,0.615429,-0.173405
8199672,0.667813,0.384301,0.615345,-0.166400
8208005,0.668968,0.383843,0.616288,-0.159171
8216338,0.671103,0.384028,0.615325,-0.153356
8224671,0.672673,0.382681,0.615810,-0.147799
8233003,0.672454,0.384275,0.616846,-0.140142
8241337,0.672321,0.387584,0.616625,-0.132429
8249670,0.673932,0.386413,0.616863,-0.126414
8258003,0.675604,0.384543,0.617519,-0.119817
8266336,0.676977,0.380346,0.619256,-0.116452
8274668,0.679129,0.376185,0.619921,-0.113870
8283002,0.679994,0.375812,0.620172,-0.108439
8291335,0.681352,0.375308,0.619952,-0.102770
8299668,0.681898,0.374471,0.620911,-0.096207
8308001,0.683415,0.372505,0.621199,-0.091080
8316333,0.684894,0.367572,0.622775,-0.089238
8324667,0.687691,0.362340,0.622922,-0.088079
8333000,0.688399,0.361814,0.623179,-0.082734
8341333,0.690683,0.359543,0.622362,-0.079697
8349666,0.692583,0.357291,0.622047,-0.075695
8357998,0.694620,0.356105,0.620423,-0.075947
8366332,0.694177,0.355700,0.621399,-0.073887
8374665,0.695433,0.357370,0.619169,-0.072727
8382998,0.694408,0.359291,0.619591,-0.069388
8391331,0.697812,0.358004,0.616236,-0.071721
8399664,0.701163,0.356327,0.613208,-0.073322
8407997,0.703515,0.356691,0.610247,-0.073738
8416330,0.705262,0.356532,0.608211,-0.074632
8424663,0.706506,0.356640,0.606583,-0.075587
8432996,0.708091,0.357848,0.603702,-0.078075
8441329,0.710674,0.357952,0.600238,-0.080792
8449662,0.711648,0.358849,0.598263,-0.082864
8457995,0.712248,0.359919,0.596791,-0.083676
8466328,0.713044,0.360315,0.595463,-0.084644
8474661,0.713228,0.361050,0.594706,-0.085288
8482994,0.715146,0.360923,0.592208,-0.087115
8491327,0.715624,0.361330,0.591307,-0.087631
8499660,0.714826,0.360909,0.592368,-0.088707
8507993,0.714171,0.360983,0.593102,-0.088775
8516326,0.717616,0.360100,0.589078,-0.091331
8524659,0.717464,0.359229,0.589668,-0.092155
8532992,0.716328,0.358719,0.591246,-0.092856
8541325,0.717454,0.356888,0.590851,-0.093738
8549658,0.716725,0.356459,0.591788,-0.095025
8557991,0.717413,0.355572,0.591072,-0.097575
8566324,0.716544,0.356052,0.591254,-0.101048
8574657,0.715981,0.356616,0.590999,-0.104482
8582990,0.715257,0.356821,0.591418,-0.106357
8591323,0.713328,0.359253,0.591488,-0.110644
8599656,0.711898,0.360468,0.591455,-0.115954
8607989,0.710856,0.361792,0.590712,-0.121862
8616322,0.707854,0.363547,0.592251,-0.126547
8624655,0.705077,0.365640,0.592710,-0.133670
8632988,0.702511,0.367772,0.592975,-0.140009
8641321,0.700444,0.369315,0.593234,-0.145113
8649654,0.696709,0.370929,0.595289,-0.150461
8657987,0.691120,0.372231,0.599596,-0.155823
8666320,0.687623,0.371917,0.602418,-0.161074
8674653,0.684791,0.370320,0.604950,-0.167209
8682986,0.680940,0.368959,0.608899,-0.171556
8691319,0.678013,0.367303,0.612292,-0.174597
8699652,0.678213,0.361800,0.614199,-0.178571
8707985,0.675904,0.358083,0.618107,-0.181314
8716318,0.674430,0.353858,0.621262,-0.184291
8724651,0.674221,0.349573,0.622828,-0.187909
8732984,0.673556,0.345412,0.624701,-0.191732
8741317,0.671849,0.342464,0.627114,-0.195104
8749650,0.670475,0.340962,0.628540,-0.197855
8757983,0.668304,0.338848,0.630783,-0.201652
8766316,0.666893,0.335497,0.632231,-0.207315
8774649,0.664387,0.335916,0.633168,-0.211776
8782982,0.661310,0.336638,0.634626,-0.215856
8791315,0.659545,0.336632,0.634556,-0.221401
8799648,0.657412,0.337867,0.633904,-0.227641
8807981,0.652282,0.341582,0.635679,-0.231867
8816314,0.648985,0.343784,0.636351,-0.235986
8824647,0.645456,0.345059,0.637274,-0.241253
8832980,0.641323,0.347420,0.638228,-0.246312
8841313,0.637256,0.349541,0.639868,-0.249588
8849646,0.634018,0.350631,0.641463,-0.252198
8857979,0.632012,0.350732,0.642627,-0.254124
8866312,0.629803,0.350483,0.643486,-0.257750
8874645,0.626202,0.352143,0.645056,-0.260325
8882978,0.623866,0.353717,0.645817,-0.261908
8891311,0.620455,0.354723,0.647885,-0.263538
8899644,0.620089,0.353262,0.648490,-0.264870
8907977,0.618798,0.352604,0.649543,-0.266184
8916310,0.618108,0.353061,0.649172,-0.268078
8924643,0.617516,0.354026,0.648381,-0.270078
8932976,0.616423,0.355134,0.648727,-0.270287
8941309,0.615837,0.356389,0.648347,-0.270884
8949642,0.614694,0.358485,0.648134,-0.271221
8957975,0.613753,0.360428,0.647681,-0.271861
8966308,0.613476,0.362153,0.646701,-0.272526
8974641,0.612995,0.364516,0.645822,-0.272542
8982974,0.613335,0.365630,0.644673,-0.273004
8991307,0.613818,0.367315,0.643454,-0.272534
8999640,0.614070,0.368866,0.642238,-0.272740
9007973,0.614757,0.369682,0.641030,-0.272928
9016306,0.615376,0.369935,0.640891,-0.271514
9024639,0.614929,0.372465,0.640031,-0.271093
9032972,0.616336,0.371971,0.639347,-0.270190
9041305,0.617126,0.372185,0.639167,-0.268514
9049638,0.618948,0.372112,0.637644,-0.268042
9057971,0.619320,0.372623,0.637541,-0.266714
9066304,0.620601,0.371202,0.637938,-0.264762
9074637,0.621672,0.370378,0.638322,-0.262466
9082970,0.622966,0.369170,0.638604,-0.260409
9091303,0.624349,0.367916,0.638400,-0.259368
9099636,0.625260,0.367225,0.638884,-0.256950
9107969,0.628940,0.364804,0.637288,-0.255377
9116302,0.631551,0.362268,0.636267,-0.255085
9124635,0.633114,0.361156,0.636301,-0.252695
9132968,0.634470,0.359708,0.637132,-0.249240
9141301,0.635222,0.358806,0.637649,-0.247294
9149634,0.634657,0.359449,0.639392,-0.243279
9157967,0.636240,0.358356,0.639471,-0.240533
9166300,0.638843,0.355652,0.640269,-0.235472
9174633,0.640307,0.353856,0.641569,-0.230614
9182966,0.641047,0.353883,0.642164,-0.226827
9191299,0.644788,0.351850,0.640676,-0.223571
9199632,0.646529,0.349009,0.642185,-0.218613
9207965,0.648764,0.346690,0.643062,-0.213034
9216298,0.650290,0.344507,0.644618,-0.207137
9224631,0.653952,0.341242,0.643643,-0.204022
9232964,0.656623,0.338769,0.643878,-0.198756
9241297,0.658303,0.337817,0.643834,-0.194919
9249630,0.662331,0.335611,0.641726,-0.192016
9257963,0.665102,0.332220,0.642389,-0.186025
9266296,0.667221,0.329930,0.642771,-0.181127
9274629,0.670829,0.328089,0.641005,-0.177363
9282962,0.676023,0.326337,0.637149,-0.174751
9291295,0.678858,0.327174,0.634070,-0.173389
9299628,0.682714,0.327035,0.630790,-0.170450
9307961,0.684594,0.328549,0.628731,-0.167583
9316294,0.689878,0.329336,0.622688,-0.166929
9324627,0.693053,0.331688,0.617969,-0.166658
9332960,0.694056,0.335440,0.615658,-0.163498
9341293,0.696792,0.338539,0.611276,-0.161907
9349626,0.697759,0.343218,0.608242,-0.159299
9357959,0.699558,0.346516,0.604623,-0.158042
9366292,0.700857,0.350952,0.601054,-0.156092
9374625,0.702302,0.354851,0.597248,-0.155397
9382958,0.705885,0.356955,0.591877,-0.154893
9391291,0.707077,0.360433,0.589181,-0.151646
9399624,0.707018,0.364464,0.587433,-0.149044
9407957,0.708628,0.365875,0.585108,-0.147070
9416290,0.708589,0.367965,0.584735,-0.143485
9424623,0.709215,0.368309,0.584636,-0.139870
9432956,0.709840,0.369155,0.584193,-0.136273
9441289,0.710642,0.369709,0.583669,-0.132789
9449622,0.710458,0.369992,0.585076,-0.126656
9457955,0.712146,0.369187,0.584161,-0.123713
9466288,0.712628,0.367104,0.585601,-0.120282
9474621,0.713470,0.367200,0.585547,-0.115147
9482954,0.713663,0.366986,0.586889,-0.107552
9491287,0.714753,0.365921,0.587033,-0.103067
9499620,0.715419,0.365982,0.586898,-0.098911
9507953,0.716557,0.364462,0.587329,-0.093587
9516286,0.717952,0.362204,0.587760,-0.088833
9524619,0.718920,0.359610,0.589159,-0.082009
9532952,0.719252,0.357714,0.590616,-0.076744
9541285,0.720012,0.355454,0.591675,-0.071804
9549618,0.720998,0.352154,0.592927,-0.067720
9557951,0.721994,0.349175,0.594066,-0.062348
9566284,0.722980,0.346479,0.594911,-0.057737
9574617,0.723659,0.342920,0.596580,-0.053065
9582950,0.725434,0.338193,0.597508,-0.048540
9591283,0.725451,0.335368,0.599397,-0.044415
9599616,0.726307,0.331787,0.600559,-0.041524
9607949,0.728584,0.328328,0.599777,-0.040419
9616282,0.728443,0.325573,0.601589,-0.038246
9624615,0.728702,0.322998,0.602767,-0.036571
9632948,0.729735,0.320797,0.602672,-0.036922
9641281,0.730990,0.317683,0.602809,-0.036767
9649614,0.730856,0.315684,0.604001,-0.037085
9657947,0.730085,0.314177,0.605656,-0.038079
9666280,0.730568,0.312228,0.606022,-0.039011
9674613,0.728963,0.310669,0.608717,-0.039527
9682946,0.729154,0.309370,0.608973,-0.042145
9691279,0.729162,0.307752,0.609627,-0.044335
9699612,0.727189,0.306138,0.612702,-0.045518
9707945,0.727189,0.305030,0.612914,-0.049887
9716278,0.727061,0.303101,0.613705,-0.053655
9724611,0.726233,0.301636,0.615263,-0.055257
9732944,0.725827,0.300386,0.616148,-0.057479
9741277,0.724441,0.299077,0.618132,-0.060432
9749610,0.724292,0.297721,0.618588,-0.064131
9757943,0.723293,0.297302,0.619634,-0.067166
9766276,0.722432,0.296221,0.620776,-0.070579
9774609,0.722094,0.296092,0.620720,-0.074947
9782942,0.720876,0.296497,0.621414,-0.079198
9791275,0.719207,0.297681,0.622053,-0.084725
9799608,0.718600,0.298592,0.621731,-0.088926
9807941,0.717873,0.299371,0.621502,-0.093654
9816274,0.716519,0.301232,0.621302,-0.099212
9824607,0.713565,0.302183,0.623388,-0.104393
9832940,0.711959,0.304614,0.622752,-0.111823
9841273,0.709753,0.306185,0.623633,-0.116544
9849606,0.707389,0.308545,0.624015,-0.122503
9857939,0.705029,0.310527,0.624408,-0.128925
9866272,0.701792,0.311905,0.626026,-0.135257
9874605,0.698161,0.312489,0.628638,-0.140483
9882938,0.694876,0.312602,0.631108,-0.145364
9891271,0.691630,0.312608,0.633565,-0.150066
9899604,0.689487,0.311349,0.635470,-0.154427
9907937,0.687241,0.309995,0.637820,-0.157443
9916270,0.685627,0.309183,0.639211,-0.160408
9924603,0.684799,0.308214,0.639880,-0.163124
9932936,0.683728,0.305718,0.641822,-0.164672
9941269,0.684172,0.302260,0.642498,-0.166567
9949602,0.683337,0.300323,0.643994,-0.167715
9957935,0.683094,0.299862,0.644264,-0.168492
9966268,0.682466,0.298166,0.645769,-0.168283
9974601,0.681430,0.298427,0.646489,-0.169252
9982934,0.679050,0.299799,0.648532,-0.168575
9991267,0.678657,0.302557,0.647769,-0.168165
9999600,0.675030,0.305111,0.650360,-0.168148
10007933,0.672283,0.308732,0.651484,-0.168193
10016266,0.669128,0.312839,0.653114,-0.166860
10024599,0.666078,0.315769,0.654840,-0.166778
10032932,0.662517,0.319593,0.656862,-0.165723
10041265,0.657713,0.322390,0.660658,-0.164347
10049598,0.653840,0.324197,0.664125,-0.162259
10057931,0.651735,0.325091,0.666162,-0.160577
10066264,0.649378,0.325939,0.668882,-0.157062
10074597,0.645264,0.327342,0.672545,-0.155450
10082930,0.644191,0.328685,0.673245,-0.154027
10091263,0.641980,0.329284,0.675599,-0.151654
10099596,0.638910,0.329645,0.678435,-0.151172
10107929,0.639477,0.328649,0.678593,-0.150238
10116262,0.635721,0.329337,0.682270,-0.147998
10124595,0.633378,0.329546,0.684362,-0.147922
10132928,0.632700,0.329058,0.685226,-0.147911
10141261,0.627931,0.326845,0.690653,-0.147900
10149594,0.624072,0.326811,0.693825,-0.149454
10157927,0.624514,0.328623,0.692418,-0.150154
10166260,0.624447,0.329736,0.691522,-0.152107
10174593,0.622573,0.330932,0.691991,-0.155033
10182926,0.621447,0.332685,0.691394,-0.158426
10191259,0.619647,0.334568,0.691779,-0.159825
10199592,0.618258,0.336236,0.691852,-0.161379
10207925,0.617285,0.337847,0.691412,-0.163607
10216258,0.614791,0.339526,0.692534,-0.164777
10224591,0.613011,0.340062,0.693641,-0.165642
10232924,0.613104,0.340477,0.692948,-0.167338
10241257,0.611022,0.341423,0.694281,-0.167502
10249590,0.610202,0.340807,0.695357,-0.167281
10257923,0.609303,0.339642,0.696771,-0.167045
10266256,0.608198,0.338876,0.698308,-0.166206
10274589,0.608276,0.337063,0.699197,-0.165868
10282922,0.608215,0.335400,0.700406,-0.164355
10291255,0.607362,0.334561,0.701573,-0.164245
10299588,0.606796,0.333618,0.702775,-0.163114
10307921,0.604236,0.332053,0.705774,-0.162855
10316254,0.608719,0.331504,0.702288,-0.162352
10324587,0.608696,0.330475,0.702828,-0.162200
10332920,0.607574,0.327768,0.704951,-0.162685
10341253,0.606144,0.326190,0.707141,-0.161685
10349586,0.606827,0.325672,0.706627,-0.162411
10357919,0.608364,0.324786,0.705897,-0.161607
10366252,0.610786,0.322061,0.705075,-0.161509
10374585,0.610777,0.319812,0.706255,-0.160859
10382918,0.615391,0.318163,0.702979,-0.160893
10391251,0.614919,0.316202,0.704404,-0.160332
10399584,0.616703,0.315120,0.703125,-0.161219
10407917,0.620212,0.312873,0.701066,-0.161104
10416250,0.621870,0.309940,0.701154,-0.159996
10424583,0.624222,0.309041,0.699263,-0.160850
10432916,0.628795,0.307032,0.696026,-0.160923
10441249,0.632412,0.305586,0.693345,-0.161074
10449582,0.636393,0.305316,0.689585,-0.162049
10457915,0.641500,0.305679,0.684456,-0.162965
10466248,0.645770,0.306633,0.679720,-0.164125
10474581,0.649074,0.307688,0.676154,-0.163848
10482914,0.653430,0.309339,0.671007,-0.164584
10491247,0.658566,0.311899,0.664391,-0.166114
10499580,0.660168,0.315474,0.661228,-0.165626
10507913,0.664156,0.319044,0.655212,-0.166748
10516246,0.667358,0.323199,0.650145,-0.165793
10524579,0.671004,0.326846,0.644773,-0.164900
10532912,0.674151,0.332187,0.638664,-0.165170
10541245,0.676832,0.336404,0.633199,-0.166704
10549578,0.680426,0.340076,0.627486,-0.166223
10557911,0.683097,0.344525,0.622225,-0.165883
10566244,0.684328,0.350063,0.617746,-0.165954
10574577,0.686981,0.355504,0.611439,-0.166783
10582910,0.688408,0.361198,0.606439,-0.166918
10591243,0.688972,0.365732,0.603409,-0.165695
10599576,0.689611,0.370355,0.600258,-0.164207
10607909,0.690312,0.374846,0.597066,-0.162699
10616242,0.689684,0.380130,0.594944,-0.160869
10624575,0.691444,0.382512,0.591675,-0.159719
10632908,0.691559,0.385501,0.589993,-0.158248
10641241,0.691436,0.389299,0.587901,-0.157276
10649574,0.692173,0.390736,0.586818,-0.154485
10657907,0.692511,0.392011,0.586213,-0.152021
10666240,0.694265,0.393953,0.583278,-0.150278
10674573,0.693962,0.395790,0.583521,-0.145840
10682906,0.695166,0.396392,0.582254,-0.143516
10691239,0.695984,0.395299,0.582658,-0.140905
10699572,0.697272,0.394418,0.582103,-0.139297
10707905,0.697170,0.393913,0.583202,-0.136609
10716238,0.698933,0.392583,0.582397,-0.134847
10724571,0.699264,0.391338,0.583064,-0.133870
10732904,0.699283,0.390330,0.584118,-0.132105
10741237,0.701606,0.388287,0.582624,-0.132409
10749570,0.701350,0.387720,0.583425,-0.131893
10757903,0.702636,0.386026,0.582840,-0.132607
10766236,0.702121,0.385486,0.583788,-0.132731
10774569,0.702520,0.384127,0.583934,-0.133916
10782902,0.702397,0.382795,0.584697,-0.135037
10791235,0.702033,0.382335,0.584814,-0.137707
10799568,0.702023,0.381179,0.585283,-0.138961
10807901,0.701321,0.380538,0.585873,-0.141747
10816234,0.702222,0.378862,0.584974,-0.145441
10824567,0.701564,0.378506,0.585266,-0.148340
10832900,0.700815,0.377705,0.585669,-0.152279
10841233,0.700313,0.377466,0.585460,-0.155943
10849566,0.699598,0.377054,0.585343,-0.160520
10857899,0.698893,0.377806,0.583960,-0.166736
10866232,0.698139,0.377397,0.583945,-0.170826
10874565,0.697226,0.378063,0.583170,-0.175663
10882898,0.696141,0.380024,0.581078,-0.182533
10891231,0.693995,0.381287,0.581037,-0.188116
10899564,0.692402,0.383267,0.579328,-0.195102
10907897,0.691129,0.385263,0.576985,-0.202490
10916230,0.689603,0.387686,0.574680,-0.209502
10924563,0.687624,0.390279,0.572803,-0.216223
10932896,0.685086,0.393041,0.571079,-0.223707
10941229,0.683139,0.396808,0.567659,-0.231576
10949562,0.680872,0.401575,0.563585,-0.239838
10957895,0.678197,0.406311,0.559706,-0.248373
10966228,0.674892,0.411718,0.555590,-0.257543
10974561,0.671224,0.417105,0.551722,-0.266617
10982894,0.667230,0.423353,0.547213,-0.275923
10991227,0.661867,0.429914,0.544165,-0.284588
10999560,0.657545,0.435392,0.539789,-0.294441
11007893,0.652079,0.440596,0.538095,-0.301862
11016226,0.647588,0.444901,0.535804,-0.309204
11024559,0.642455,0.448721,0.535007,-0.315703
11032892,0.637688,0.451927,0.534834,-0.321043
11041225,0.633292,0.454114,0.535657,-0.325260
11049558,0.628566,0.456884,0.536315,-0.329437
11057891,0.624755,0.458898,0.537016,-0.332727
11066224,0.620083,0.461729,0.538327,-0.335423
11074557,0.617470,0.462243,0.539814,-0.337141
11082890,0.615152,0.463371,0.540182,-0.339233
11091223,0.612576,0.464861,0.541029,-0.340504
11099556,0.610288,0.466267,0.542293,-0.340677
11107889,0.607152,0.468986,0.543085,-0.341286
11116222,0.604489,0.471240,0.544634,-0.340440
11124555,0.603261,0.473366,0.543833,-0.340949
11132888,0.601611,0.476241,0.543064,-0.341086
11141221,0.598992,0.479915,0.542071,-0.342126
11149554,0.597222,0.482629,0.540977,-0.343132
11157887,0.594474,0.486200,0.540031,-0.344350
11166220,0.591053,0.490504,0.537955,-0.347372
11174553,0.588709,0.492892,0.538882,-0.346534
11182886,0.585884,0.496157,0.537416,-0.348929
11191219,0.581989,0.500989,0.535835,-0.350970
11199552,0.577343,0.505484,0.534286,-0.354542
11207885,0.573777,0.508559,0.532112,-0.359172
11216218,0.570136,0.511879,0.530349,-0.362843
11224551,0.565611,0.514876,0.529510,-0.366887
11232884,0.561785,0.517535,0.527108,-0.372440
11241217,0.557627,0.520212,0.524953,-0.377963
11249550,0.552456,0.522891,0.523680,-0.383584
11257883,0.547702,0.525583,0.522191,-0.388719
11266216,0.544346,0.526868,0.519043,-0.395844
11274549,0.540253,0.529139,0.515685,-0.402749
11282882,0.534563,0.531865,0.514003,-0.408856
11291215,0.529435,0.534290,0.511281,-0.415722
11299548,0.524311,0.535980,0.510291,-0.421219
11307881,0.519108,0.539337,0.506858,-0.427479
11316214,0.513592,0.541624,0.505196,-0.433179
11324547,0.508090,0.544073,0.502901,-0.439227
11332880,0.501863,0.547597,0.500420,-0.444804
11341213,0.496549,0.549441,0.499546,-0.449454
11349546,0.492375,0.550765,0.497890,-0.454236
11357879,0.488084,0.553056,0.496223,-0.457894
11366212,0.482181,0.555820,0.495738,-0.461313
11374545,0.476861,0.558651,0.493450,-0.465853
11382878,0.472777,0.560976,0.493517,-0.467150
11391211,0.468889,0.563101,0.493090,-0.468959
11399544,0.464775,0.566577,0.492530,-0.469456
11407877,0.461944,0.568000,0.493487,-0.469526
11416210,0.459194,0.571168,0.493808,-0.468041
11424543,0.458166,0.571911,0.493032,-0.468958
11432876,0.455020,0.575231,0.492026,-0.469016
11441209,0.453833,0.577252,0.491425,-0.468314
11449542,0.451499,0.580008,0.490784,-0.467836
11457875,0.449033,0.583531,0.488296,-0.468431
11466208,0.449300,0.584894,0.486610,-0.468229
11474541,0.447304,0.587788,0.485224,-0.467956
11482874,0.448193,0.588013,0.483465,-0.468642
11491207,0.446177,0.590772,0.480745,-0.469892
11499540,0.445790,0.592701,0.479846,-0.468747
11507873,0.446971,0.594216,0.476068,-0.469557
11516206,0.446434,0.594685,0.474775,-0.470781
11524539,0.446918,0.595136,0.472177,-0.472363
11532872,0.445830,0.596063,0.470724,-0.473670
11541205,0.444855,0.597271,0.468751,-0.475019
11549538,0.444645,0.597180,0.467489,-0.476572
11557871,0.444863,0.595243,0.465482,-0.480738
11566204,0.444703,0.595184,0.463696,-0.482682
11574537,0.443276,0.594958,0.461695,-0.486177
11582870,0.442889,0.594127,0.460023,-0.489123
11591203,0.441455,0.593716,0.458563,-0.492280
11599536,0.440664,0.593002,0.457517,-0.494815
11607869,0.439292,0.592871,0.454327,-0.499112
11616202,0.439171,0.592341,0.451320,-0.502565
11624535,0.439365,0.591857,0.447705,-0.506186
11632868,0.437589,0.592083,0.443188,-0.511408
11641201,0.437151,0.591985,0.439402,-0.515150
11649534,0.437382,0.592205,0.433809,-0.519422
11657867,0.436314,0.593521,0.428033,-0.523595
11666200,0.435214,0.595227,0.422586,-0.526986
11674533,0.435522,0.596271,0.415561,-0.531123
11682866,0.436121,0.598446,0.406678,-0.535046
11691199,0.435571,0.602281,0.398744,-0.537158
11699532,0.435513,0.605385,0.389204,-0.540701
11707865,0.435233,0.611395,0.377865,-0.542205
11716198,0.435116,0.616123,0.365475,-0.545430
11724531,0.435413,0.622348,0.353712,-0.545881
11732864,0.436584,0.628380,0.341121,-0.546049
11741197,0.436685,0.635680,0.328617,-0.545186
11749530,0.437712,0.642134,0.317779,-0.543221
11757863,0.439164,0.648626,0.304692,-0.541832
11766196,0.439412,0.655531,0.293285,-0.539612
11774529,0.440462,0.661018,0.281799,-0.538180
11782862,0.442153,0.667908,0.270002,-0.534320
11791195,0.444163,0.672571,0.259273,-0.532113
11799528,0.445699,0.676126,0.250928,-0.530322
11807861,0.447862,0.679177,0.242943,-0.528315
11816194,0.450135,0.682183,0.234464,-0.526338
11824527,0.452232,0.684521,0.226642,-0.524929
11832860,0.454279,0.685260,0.220075,-0.524991
11841193,0.456174,0.686372,0.214034,-0.524392
11849526,0.457508,0.687664,0.208257,-0.523864
11857859,0.458344,0.688386,0.203275,-0.524142
11866192,0.458720,0.689598,0.197782,-0.524321
11874525,0.458884,0.690142,0.192697,-0.525355
11882858,0.458096,0.690996,0.188263,-0.526526
11891191,0.456164,0.692840,0.184010,-0.527283
11899524,0.454465,0.694787,0.178068,-0.528227
11907857,0.452403,0.695647,0.173879,-0.530258
11916190,0.449882,0.697005,0.169902,-0.531905
11924523,0.446544,0.699046,0.165645,-0.533381
11932856,0.443053,0.700782,0.160681,-0.535528
11941189,0.438299,0.702217,0.156928,-0.538663
11949522,0.433646,0.704169,0.152648,-0.541105
11957855,0.428286,0.705850,0.149252,-0.544125
11966188,0.423046,0.707150,0.145215,-0.547616
11974521,0.417864,0.708115,0.142185,-0.551133
11982854,0.410898,0.708386,0.138503,-0.556929
11991187,0.406466,0.709549,0.134260,-0.559731
11999520,0.400557,0.710542,0.130039,-0.563714
12007853,0.393944,0.710920,0.126657,-0.568647
12016186,0.387217,0.711773,0.122048,-0.573190
12024519,0.380205,0.712865,0.117986,-0.577362
12032852,0.372645,0.713539,0.112439,-0.582542
12041185,0.364365,0.715252,0.107160,-0.586659
12049518,0.356089,0.715652,0.102665,-0.592032
12057851,0.347572,0.716742,0.097155,-0.596687
12066184,0.338842,0.718618,0.092632,-0.600162
12074517,0.328794,0.719197,0.087536,-0.605795
12082850,0.319370,0.719149,0.081439,-0.611715
12091183,0.309205,0.718795,0.075852,-0.618039
12099516,0.300085,0.719819,0.070267,-0.621990
12107849,0.291643,0.720137,0.065121,-0.626184
12116182,0.281367,0.720452,0.058685,-0.631140
12124515,0.270467,0.718672,0.053438,-0.638359
12132848,0.258383,0.718663,0.047637,-0.643811
12141181,-0.244933,-0.717334,-0.043159,0.650828
12149514,-0.231266,-0.714635,-0.037576,0.659091
12157847,-0.216869,-0.713207,-0.029665,0.665901
12166180,-0.203086,-0.713989,-0.020105,0.669755
12174513,-0.189000,-0.712105,-0.013027,0.676029
12182846,-0.172775,-0.711353,-0.003581,0.681258
12191179,-0.159420,-0.712351,0.005271,0.683457
12199512,-0.146271,-0.712895,0.012504,0.685733
12207845,-0.133314,-0.712957,0.019578,0.688140
12216178,-0.120500,-0.713682,0.024775,0.689583
12224511,0.111501,0.714626,-0.029236,-0.689943
12232844,0.102521,0.715222,-0.032742,-0.690561
12241177,0.094329,0.715357,-0.034430,-0.691506
12249510,0.087142,0.717121,-0.036665,-0.690506
12257843,0.080639,0.717946,-0.037622,-0.690388
12266176,0.075868,0.720234,-0.035636,-0.688649
12274509,0.070280,0.719998,-0.031865,-0.689673
12282842,0.065302,0.721236,-0.027584,-0.689052
12291175,0.058966,0.721416,-0.022418,-0.689623
12299508,0.054358,0.721128,-0.014455,-0.690514
12307841,0.050795,0.721486,-0.008173,-0.690515
12316174,0.046871,0.721593,-0.000601,-0.690729
12324507,0.045222,0.721359,0.006648,-0.691051
12332840,0.044126,0.721964,0.012915,-0.690401
12341173,0.044793,0.722194,0.019889,-0.689952
12349506,0.045117,0.719811,0.025702,-0.692226
12357839,0.044929,0.719269,0.031217,-0.692574
12366172,0.044719,0.719576,0.034662,-0.692105
12374505,0.044097,0.720385,0.036633,-0.691201
12382838,0.043078,0.719489,0.037992,-0.692124
12391171,0.042087,0.719166,0.038870,-0.692472
12399504,0.040299,0.719887,0.038102,-0.691872
12407837,0.037932,0.721102,0.036164,-0.690844
12416170,0.035889,0.723201,0.034763,-0.688827
12424503,0.035006,0.723278,0.033905,-0.688835
12432836,0.031733,0.723386,0.031216,-0.689008
12441169,0.029348,0.724222,0.027816,-0.688381
12449502,0.027671,0.725834,0.023791,-0.686901
12457835,0.025109,0.727905,0.020515,-0.684911
12466168,0.023357,0.727276,0.018035,-0.685711
12474501,0.021751,0.729438,0.013863,-0.683560
12482834,0.020199,0.730556,0.010498,-0.682473
12491167,0.019651,0.728883,0.006370,-0.684326
12499500,0.019689,0.729540,0.002334,-0.683651
12507833,0.019475,0.727028,-0.000443,-0.686331
12516166,0.020751,0.726613,-0.002785,-0.686728
12524499,0.021876,0.723909,-0.004013,-0.689536
12532832,0.022968,0.722291,-0.006602,-0.691177
12541165,0.025886,0.719356,-0.007209,-0.694121
12549498,0.028887,0.719345,-0.009350,-0.693990
12557831,0.031304,0.717095,-0.010457,-0.696194
12566164,0.035958,0.715918,-0.011629,-0.697160
12574497,0.039833,0.713181,-0.012321,-0.699739
12582830,0.044217,0.711876,-0.014211,-0.700768
12591163,0.048182,0.710729,-0.016056,-0.701631
12599496,0.052905,0.707060,-0.017386,-0.704957
12607829,0.056431,0.705763,-0.019913,-0.705916
12616162,0.061770,0.705397,-0.022397,-0.705761
12624495,0.065587,0.702119,-0.023951,-0.708628
12632828,0.069914,0.698813,-0.024703,-0.711451
12641161,0.073995,0.692181,-0.024171,-0.717513
12649494,0.078246,0.689479,-0.024764,-0.719641
12657827,0.083148,0.689252,-0.024850,-0.719305
12666160,0.087280,0.686367,-0.025385,-0.721553
12674493,0.091370,0.685958,-0.026549,-0.721394
12682826,0.093317,0.682471,-0.027329,-0.724416
12691159,0.095761,0.681386,-0.027758,-0.725102
12699492,0.098982,0.680704,-0.028682,-0.725274
12707825,0.100777,0.678017,-0.028020,-0.727566
12716158,0.104127,0.675263,-0.027826,-0.729660
12724491,0.105520,0.672567,-0.028109,-0.731935
12732824,-0.107451,-0.671461,0.029331,0.732621
12741157,-0.110146,-0.672753,0.029823,0.731015
12749490,-0.112251,-0.669587,0.030917,0.733551
12757823,-0.113673,-0.670099,0.031447,0.732841
12766156,-0.115851,-0.670086,0.031488,0.732511
12774489,-0.114746,-0.667677,0.034377,0.734751
12782822,-0.113717,-0.667601,0.038180,0.734792
12791155,-0.112919,-0.666941,0.042863,0.735256
12799488,-0.111971,-0.667250,0.045788,0.734945
12807821,-0.110196,-0.664957,0.049526,0.737046
12816154,-0.109249,-0.663372,0.053542,0.738333
12824487,-0.107512,-0.662078,0.056261,0.739546
12832820,-0.107712,-0.660073,0.058472,0.741136
12841153,-0.107725,-0.658941,0.058794,0.742115
12849486,-0.110366,-0.654715,0.059851,0.745376
12857819,-0.114321,-0.653796,0.056283,0.745864
12866152,-0.117739,-0.654379,0.052711,0.745082
12874485,-0.123964,-0.647390,0.042029,0.750835
12882818,-0.131125,-0.646296,0.024023,0.751352
12891151,-0.137143,-0.647643,0.004686,0.749485
12899484,-0.145939,-0.641293,-0.016984,0.753098
12907817,-0.153804,-0.633685,-0.036693,0.757259
12916150,-0.159871,-0.629098,-0.053274,0.758841
12924483,-0.166250,-0.621903,-0.065373,0.762446
12932816,-0.169608,-0.622416,-0.070419,0.760836
12941149,-0.173588,-0.617282,-0.072571,0.763913
12949482,-0.174781,-0.613077,-0.073133,0.766968
12957815,-0.178481,-0.621529,-0.069208,0.759642
12966148,-0.178152,-0.608254,-0.064247,0.770818
12974481,-0.179396,-0.599975,-0.063522,0.777053
12982814,-0.181468,-0.599230,-0.066549,0.776894
12991147,-0.186235,-0.606911,-0.067143,0.769719
12999480,-0.186991,-0.600083,-0.072578,0.774382
13007813,-0.188137,-0.591491,-0.079926,0.779971
13016146,-0.189492,-0.591351,-0.085101,0.779202
13024479,-0.189562,-0.590372,-0.090849,0.779278
13032812,-0.189532,-0.584372,-0.098548,0.782863
13041145,-0.188590,-0.582136,-0.102419,0.784259
13049478,-0.187584,-0.581069,-0.108997,0.784405
13057811,-0.188296,-0.573868,-0.115543,0.788587
13066144,-0.187287,-0.571342,-0.120478,0.789922
13074477,-0.187041,-0.567683,-0.126862,0.791617
13082810,-0.189258,-0.564664,-0.135182,0.791873
13091143,-0.189969,-0.562582,-0.141929,0.792003
13099476,-0.192944,-0.559051,-0.151943,0.791927
13107809,-0.194638,-0.555925,-0.161091,0.791905
13116142,-0.194664,-0.555950,-0.170270,0.789958
13124475,-0.194743,-0.560389,-0.181751,0.784224
13132808,-0.193045,-0.559517,-0.193943,0.782343
13141141,-0.191327,-0.563910,-0.203029,0.777290
13149474,-0.189129,-0.575232,-0.208990,0.767894
13157807,-0.186880,-0.582018,-0.213841,0.761973
13166140,-0.186165,-0.588966,-0.215558,0.756304
13174473,-0.184385,-0.599017,-0.212648,0.749641
13182806,-0.183663,-0.609010,-0.207084,0.743298
13191139,-0.181554,-0.617476,-0.198478,0.739167
13199472,-0.179202,-0.618063,-0.189047,0.741718
13207805,-0.178606,-0.621781,-0.176626,0.741816
13216138,-0.175988,-0.614735,-0.166129,0.750687
13224471,-0.174651,-0.611374,-0.154401,0.756227
13232804,-0.173604,-0.597083,-0.146451,0.769354
13241137,-0.172789,-0.586474,-0.138264,0.779150
13249470,-0.173449,-0.572059,-0.129689,0.791103
13257803,-0.175112,-0.555817,-0.123421,0.803225
13266136,-0.179073,-0.542372,-0.117715,0.812348
13274469,-0.182570,-0.531543,-0.111084,0.819628
13282802,-0.185058,-0.523336,-0.105875,0.825023
13291135,-0.188419,-0.518981,-0.104360,0.827204
13299468,-0.190116,-0.521642,-0.100267,0.825647
13307801,-0.190707,-0.525751,-0.097011,0.823290
13316134,-0.190882,-0.530390,-0.096199,0.820364
13324467,-0.190289,-0.538111,-0.099543,0.815057
13332800,-0.187539,-0.545077,-0.099312,0.811084
13341133,-0.185152,-0.555268,-0.098408,0.804805
13349466,-0.182348,-0.562454,-0.098352,0.800451
13357799,-0.180044,-0.567427,-0.098427,0.797448
13366132,-0.178317,-0.564347,-0.097261,0.800160
13374465,-0.178252,-0.567070,-0.095792,0.798425
13382798,-0.178954,-0.564585,-0.093625,0.800284
13391131,-0.178134,-0.566198,-0.091052,0.799624
13399464,-0.175199,-0.561869,-0.087027,0.803763
13407797,-0.174211,-0.559596,-0.083099,0.805976
13416130,-0.173064,-0.559743,-0.081309,0.806304
13424463,-0.170510,-0.556242,-0.078417,0.809551
13432796,-0.167954,-0.556693,-0.074343,0.810159
13441129,-0.164531,-0.555615,-0.071650,0.811843
13449462,-0.161646,-0.554125,-0.069376,0.813636
13457795,-0.157093,-0.552328,-0.065503,0.816067
13466128,-0.151831,-0.554036,-0.062378,0.816150
13474461,-0.144275,-0.552433,-0.060586,0.818738
13482794,-0.135733,-0.554205,-0.059164,0.819105
13491127,-0.127283,-0.558778,-0.056650,0.817531
13499460,-0.120946,-0.564353,-0.056348,0.814680
13507793,-0.116026,-0.573376,-0.058429,0.808928
13516126,-0.111682,-0.579171,-0.058113,0.805426
13524459,-0.113979,-0.595170,-0.074082,0.792018
13532792,-0.119337,-0.602747,-0.099614,0.782644
13541125,-0.125637,-0.601335,-0.105508,0.781971
13549458,-0.128518,-0.598459,-0.103980,0.783912
13557791,-0.132590,-0.597011,-0.107195,0.783905
13566124,-0.135813,-0.593958,-0.109590,0.785340
13574457,-0.138268,-0.592149,-0.107470,0.786570
13582790,-0.143635,-0.593503,-0.103899,0.785066
13591123,-0.143952,-0.586992,-0.097300,0.790728
13599456,-0.147317,-0.576096,-0.084395,0.799555
13607789,-0.149870,-0.576040,-0.074106,0.800141
13616122,-0.152998,-0.571756,-0.062484,0.803606
13624455,-0.155086,-0.565946,-0.050480,0.808150
13632788,-0.156306,-0.558750,-0.037748,0.813598
13641121,-0.160211,-0.551587,-0.026349,0.818163
13649454,-0.161013,-0.548081,-0.017755,0.820590
13657787,-0.164107,-0.547596,-0.009698,0.820435
13666120,-0.166142,-0.549723,-0.004539,0.818646
13674453,-0.167230,-0.548329,-0.001664,0.819370
13682786,-0.168759,-0.551138,-0.000094,0.817170
13691119,-0.170923,-0.548925,0.002202,0.818207
13699452,-0.172706,-0.552587,0.000824,0.815365
13707785,-0.174267,-0.554085,-0.000684,0.814015
13716118,-0.175045,-0.558990,-0.002519,0.810483
13724451,-0.177598,-0.551489,-0.004388,0.815046
13732784,-0.176880,-0.546865,-0.004493,0.818310
13741117,-0.174740,-0.553946,-0.001372,0.814007
13749450,-0.173521,-0.559619,-0.001175,0.810380
13757783,-0.171216,-0.558017,-0.000985,0.811974
13766116,-0.169457,-0.556575,-0.004148,0.813321
13774449,-0.165355,-0.548136,-0.006479,0.819855
13782782,-0.158701,-0.553435,-0.011724,0.817549
13791115,-0.151423,-0.548095,-0.017101,0.822418
13799448,-0.147870,-0.544314,-0.020405,0.825494
13807781,-0.147073,-0.547402,-0.024773,0.823472
13816114,-0.145722,-0.545115,-0.024384,0.825239
13824447,-0.142300,-0.542124,-0.025031,0.827783
13832780,-0.141655,-0.548457,-0.026244,0.823675
13841113,-0.140769,-0.554539,-0.026366,0.819741
13849446,-0.144549,-0.558415,-0.029862,0.816325
13857779,-0.146563,-0.566468,-0.029844,0.810397
13866112,-0.149942,-0.581054,-0.030907,0.799336
13874445,-0.154012,-0.591377,-0.031814,0.790912
13882778,-0.159694,-0.598929,-0.034399,0.783963
13891111,-0.164633,-0.597764,-0.035396,0.783786
13899444,-0.169257,-0.610698,-0.033256,0.772848
13907777,-0.173952,-0.617622,-0.033101,0.766282
13916110,-0.177256,-0.624626,-0.031612,0.759884
13924443,-0.183603,-0.633851,-0.030754,0.750717
13932776,-0.189636,-0.642634,-0.029756,0.741737
13941109,-0.192572,-0.642848,-0.028410,0.740848
13949442,-0.195575,-0.645237,-0.025267,0.738093
13957775,-0.196959,-0.654037,-0.025264,0.729935
13966108,-0.198438,-0.659552,-0.027174,0.724483
13974441,-0.199364,-0.662949,-0.028308,0.721076
13982774,-0.197616,-0.660892,-0.026371,0.723515
13991107,-0.195025,-0.656956,-0.024530,0.727855
13999440,-0.193472,-0.653139,-0.026995,0.731607
14007773,-0.191781,-0.654125,-0.030143,0.731048
14016106,-0.191474,-0.653588,-0.030839,0.731580
14024439,-0.190890,-0.652145,-0.030385,0.733038
14032772,-0.190214,-0.651646,-0.028770,0.733722
14041105,-0.189350,-0.652146,-0.027519,0.733549
14049438,-0.187384,-0.646671,-0.023684,0.739014
14057771,-0.184129,-0.642221,-0.017341,0.743874
14066104,-0.183527,-0.646158,-0.013720,0.740681
14074437,-0.182254,-0.647262,-0.009768,0.740094
14082770,-0.181171,-0.646892,-0.006636,0.740719
14091103,-0.180588,-0.647540,-0.003377,0.740316
14099436,-0.177626,-0.647995,0.002793,0.740638
14107769,-0.176553,-0.647756,0.005841,0.741085
14116102,-0.174601,-0.643879,0.007327,0.744904
14124435,-0.173472,-0.640972,0.011007,0.747624
14132768,-0.172583,-0.641674,0.013046,0.747194
14141101,-0.171116,-0.639391,0.013676,0.749474
14149434,-0.168372,-0.635708,0.013930,0.753215
14157767,-0.166842,-0.634000,0.015150,0.754969
14166100,-0.165073,-0.632348,0.015551,0.756733
14174433,-0.164988,-0.634477,0.015210,0.754975
14182766,-0.163472,-0.637863,0.016378,0.752423
14191099,-0.161872,-0.636500,0.017097,0.753905
14199432,-0.159077,-0.632597,0.019604,0.757715
14207765,-0.156746,-0.631627,0.021412,0.758959
14216098,-0.154230,-0.625628,0.021137,0.764432
14224431,-0.154227,-0.625381,0.019642,0.764674
14232764,-0.153694,-0.626885,0.019456,0.763554
14241097,-0.152734,-0.631725,0.020896,0.759710
14249430,-0.152724,-0.633457,0.019748,0.758299
14257763,-0.153286,-0.634235,0.017911,0.757581
14266096,-0.153026,-0.631992,0.016220,0.759543
14274429,-0.153866,-0.629854,0.014743,0.761178
14282762,-0.154895,-0.631630,0.013831,0.759513
14291095,-0.155328,-0.634141,0.014460,0.757317
14299428,-0.155696,-0.633924,0.013710,0.757437
14307761,-0.156782,-0.637152,0.011987,0.754529
14316094,-0.158060,-0.639297,0.010108,0.752472
14324427,-0.157922,-0.638313,0.009048,0.753349
14332760,-0.159734,-0.640563,0.006925,0.751077
14341093,-0.159232,-0.639557,0.006455,0.752044
14349426,-0.158074,-0.637526,0.005859,0.754015
14357759,-0.160399,-0.641625,0.005282,0.750041
14366092,-0.161245,-0.642567,0.004964,0.749054
14374425,-0.160134,-0.638397,0.006040,0.752841
14382758,-0.160417,-0.637109,0.006089,0.753871
14391091,-0.159935,-0.638112,0.005956,0.753126
14399424,-0.160407,-0.639381,0.003913,0.751961
14407757,-0.158825,-0.639135,0.002714,0.752512
14416090,-0.158206,-0.639867,0.001449,0.752023
14424423,-0.157953,-0.639983,0.000193,0.751980
14432756,-0.157161,-0.637651,0.000060,0.754123
14441089,-0.156323,-0.640138,0.000875,0.752187
14449422,-0.156813,-0.641560,-0.000740,0.750873
14457755,-0.156714,-0.643304,-0.001031,0.749399
14466088,-0.155800,-0.643207,-0.000126,0.749674
14474421,-0.155745,-0.643722,0.000748,0.749242
14482754,-0.155519,-0.642045,-0.000389,0.750728
14491087,-0.156275,-0.643257,-0.000601,0.749532
14499420,-0.156938,-0.644190,-0.001328,0.748591
14507753,-0.157362,-0.643872,-0.001990,0.748774
14516086,-0.157775,-0.645622,-0.001289,0.747180
14524419,-0.157534,-0.644729,-0.001076,0.748001
14532752,-0.158482,-0.645214,-0.001689,0.747382
14541085,-0.159119,-0.645204,-0.000831,0.747257
14549418,-0.158726,-0.644087,0.000841,0.748303
14557751,-0.161062,-0.647061,-0.001801,0.745230
14566084,-0.162518,-0.648759,-0.001778,0.743436
14574417,-0.160517,-0.642983,0.001364,0.748869
14582750,-0.162560,-0.650325,-0.000394,0.742059
14591083,-0.163551,-0.653603,-0.000465,0.738954
14599416,-0.163819,-0.650835,0.000832,0.741335
14607749,-0.163966,-0.650877,0.000122,0.741266
14616082,-0.164018,-0.651630,0.000298,0.740592
14624415,-0.163636,-0.652760,0.001274,0.739680
14632748,-0.164272,-0.653633,0.000550,0.738768
14641081,-0.164398,-0.654224,0.001481,0.738216
14649414,-0.164735,-0.654619,0.001062,0.737791
14657747,-0.165184,-0.654099,0.000650,0.738152
14666080,-0.164975,-0.652401,0.001246,0.739699
14674413,-0.164654,-0.652655,0.002039,0.739545
14682746,-0.163809,-0.652041,0.002811,0.740271
14691079,-0.162630,-0.649634,0.003923,0.742638
14699412,-0.163101,-0.649545,0.002962,0.742617
14707745,-0.162270,-0.648127,0.003658,0.744034
14716078,-0.162233,-0.650216,0.004642,0.742211
14724411,-0.162605,-0.651330,0.003763,0.741157
14732744,-0.162094,-0.651326,0.003271,0.741276
14741077,-0.161395,-0.651665,0.003140,0.741130
14749410,-0.160892,-0.651636,0.003113,0.741266
14757743,-0.160810,-0.651744,0.002542,0.741190
14766076,-0.160063,-0.651413,0.002695,0.741643
14774409,-0.160455,-0.647617,0.001970,0.744877
14782742,-0.159505,-0.644391,0.000523,0.747876
14791075,-0.159302,-0.645491,0.001518,0.746968
14799408,-0.161283,-0.648947,0.001459,0.743541
14807741,-0.160732,-0.648264,0.000788,0.744257
14816074,-0.159942,-0.647711,0.000658,0.744908
14824407,-0.159833,-0.647953,0.000704,0.744721
14832740,-0.159691,-0.647694,0.000761,0.744977
14841073,-0.158293,-0.647348,0.002226,0.745573
14849406,-0.159163,-0.647565,0.000224,0.745203
14857739,-0.160082,-0.648371,-0.001655,0.744303
14866072,-0.159922,-0.648057,-0.002011,0.744609
14874405,-0.159793,-0.647792,-0.001958,0.744868
14882738,-0.160074,-0.648320,-0.002281,0.744347
14891071,-0.160039,-0.649472,-0.001186,0.743352
14899404,-0.158814,-0.650401,-0.000798,0.742803
14907737,-0.159727,-0.652843,-0.000123,0.740462
14916070,-0.160484,-0.653314,-0.001149,0.739881
14924403,-0.161699,-0.654528,-0.002163,0.738541
14932736,-0.162399,-0.654976,-0.001820,0.737991
14941069,-0.162227,-0.652845,-0.001276,0.739915
14949402,-0.163080,-0.649549,-0.002086,0.742622
14957735,-0.163770,-0.647731,-0.002576,0.744054
14966068,-0.164348,-0.647994,-0.002032,0.743700
14974401,-0.164622,-0.647915,-0.001089,0.743710
14982734,-0.165021,-0.648048,-0.000584,0.743507
14991067,-0.163949,-0.649300,0.000594,0.742651
14999400,-0.164680,-0.646134,0.000054,0.745246
15007733,-0.165193,-0.645614,0.000667,0.745583
15016066,-0.167039,-0.652557,0.001190,0.739098
15024399,-0.167657,-0.654727,0.002957,0.737031
15032732,-0.169618,-0.657969,0.003893,0.733683
15041065,-0.170707,-0.659422,0.004437,0.732122
15049398,-0.171344,-0.659500,0.004541,0.731902
15057731,-0.171914,-0.659201,0.003898,0.732041
15066064,-0.171594,-0.650314,0.002825,0.740026
15074397,-0.171593,-0.646136,0.001872,0.743681
15082730,-0.172547,-0.646135,0.000001,0.743463
15091063,-0.172966,-0.646215,0.000850,0.743296
15099396,-0.173422,-0.646353,0.001292,0.743068
15107729,-0.173186,-0.644990,0.002808,0.744303
15116062,-0.174808,-0.646828,0.002935,0.742325
15124395,-0.174817,-0.646160,0.003890,0.742901
15132728,-0.175320,-0.645066,0.004345,0.743730
15141061,-0.176245,-0.650273,0.005296,0.738955
15149394,-0.177602,-0.648464,0.005214,0.740219
15157727,-0.177248,-0.650040,0.006652,0.738909
15166060,-0.178863,-0.653970,0.006396,0.735044
15174393,-0.178409,-0.646528,0.006098,0.741711
15182726,-0.180477,-0.647202,0.005105,0.740629
15191059,-0.181670,-0.648436,0.005114,0.739257
15199392,-0.180767,-0.648269,0.007595,0.739604
15207725,-0.182063,-0.649920,0.007294,0.737837
15216058,-0.183431,-0.651627,0.007476,0.735989
15224391,-0.181255,-0.646570,0.008077,0.740964
15232724,-0.182078,-0.645829,0.009113,0.741397
15241057,-0.182464,-0.645948,0.010571,0.741179
15249390,-0.181320,-0.646920,0.012433,0.740583
15257723,-0.180175,-0.646510,0.014063,0.741191
15266056,-0.179756,-0.640717,0.013191,0.746322
15274389,-0.179092,-0.641011,0.013400,0.746225
15282722,-0.178556,-0.639794,0.012611,0.747410
15291055,-0.176647,-0.636457,0.013132,0.750697
15299388,-0.176467,-0.634893,0.012782,0.752069
15307721,-0.175088,-0.633811,0.013807,0.753285
15316054,-0.174927,-0.632750,0.014553,0.754199
15324387,-0.174842,-0.633774,0.014549,0.753358
15332720,-0.174569,-0.634370,0.014432,0.752922
15341053,-0.173525,-0.634525,0.015251,0.753017
15349386,-0.174439,-0.633830,0.014030,0.753415
15357719,-0.173524,-0.635230,0.014673,0.752434
15366052,-0.173385,-0.634300,0.014524,0.753253
15374385,-0.173204,-0.636059,0.014388,0.751813
15382718,-0.173179,-0.634632,0.013887,0.753033
15391051,-0.172114,-0.635777,0.015013,0.752289
15399384,-0.172081,-0.634081,0.014737,0.753732
15407717,-0.171084,-0.636478,0.016227,0.751906
15416050,-0.170005,-0.632437,0.017904,0.755513
15424383,-0.169452,-0.631246,0.018311,0.756624
15432716,-0.169000,-0.633808,0.018929,0.754565
15441049,-0.167249,-0.632872,0.019383,0.755728
15449382,-0.169180,-0.632828,0.017868,0.755373
15457715,-0.167976,-0.633133,0.018216,0.755377
15466048,-0.166588,-0.632481,0.019646,0.756195
15474381,-0.166306,-0.632156,0.019175,0.756540
15482714,-0.167070,-0.632951,0.019128,0.755708
15491047,-0.167795,-0.632120,0.016612,0.756302
15499380,-0.166562,-0.632829,0.017793,0.755955
15507713,-0.167281,-0.631931,0.016278,0.756581
15516046,-0.167055,-0.633182,0.016416,0.755581
15524379,-0.169572,-0.642022,0.013849,0.747570
15532712,-0.170104,-0.642047,0.014398,0.747418
15541045,-0.169875,-0.639457,0.013558,0.749702
15549378,-0.171218,-0.644139,0.013447,0.745378
15557711,-0.166739,-0.635691,0.015499,0.753561
15566044,-0.164590,-0.631773,0.016395,0.757301
15574377,-0.164453,-0.633018,0.016525,0.756287
15582710,-0.166198,-0.637138,0.018178,0.752398
15591043,-0.165937,-0.636838,0.017102,0.752735
15599376,-0.165730,-0.636446,0.016756,0.753120
15607709,-0.165011,-0.636295,0.016890,0.753402
15616042,-0.164538,-0.636437,0.017681,0.753367
15624375,-0.164026,-0.636823,0.017620,0.753155
15632708,-0.167282,-0.646697,0.014672,0.744032
15641041,-0.169194,-0.650732,0.012099,0.740118
15649374,-0.168604,-0.651389,0.012578,0.739667
15657707,-0.165030,-0.638464,0.016324,0.751573
15666040,-0.166442,-0.645388,0.014979,0.745350
15674373,-0.168233,-0.652813,0.012771,0.738491
15682706,-0.164128,-0.642172,0.014483,0.748644
15691039,-0.162408,-0.638103,0.015930,0.752459
15699372,-0.163301,-0.638929,0.014795,0.751587
15707705,-0.162770,-0.642610,0.016548,0.748522
15716038,-0.168266,-0.654285,0.013525,0.737167
15724371,-0.167337,-0.650283,0.013805,0.740905
15732704,-0.168937,-0.657101,0.012788,0.734517
15741037,-0.169375,-0.660979,0.015223,0.730881
15749370,-0.170535,-0.659368,0.014922,0.732071
15757703,-0.168667,-0.654717,0.014606,0.736671
15766036,-0.167665,-0.657615,0.016592,0.734272
15774369,-0.168178,-0.658941,0.015983,0.732978
15782702,-0.169096,-0.660076,0.015015,0.731766
15791035,-0.171670,-0.664523,0.013889,0.727149
15799368,-0.171241,-0.661345,0.014061,0.730138
15807701,-0.169553,-0.655928,0.015598,0.735368
15816034,-0.170344,-0.659051,0.015116,0.732398
15824367,-0.168503,-0.656161,0.016626,0.735379
15832700,-0.168224,-0.655182,0.016932,0.736309
15841033,-0.168507,-0.656909,0.015824,0.734729
15849366,-0.168926,-0.657061,0.015643,0.734500
15857699,-0.169081,-0.657317,0.015800,0.734232
15866032,-0.168215,-0.657352,0.016443,0.734386
15874365,-0.167894,-0.655910,0.016112,0.735754
15882698,-0.167388,-0.656840,0.019080,0.734968
15891031,-0.168336,-0.657913,0.017693,0.733825
15899364,-0.167145,-0.655602,0.018329,0.736147
15907697,-0.166182,-0.654092,0.020083,0.737661
15916030,-0.165871,-0.654049,0.020520,0.737757
15924363,-0.165664,-0.653320,0.020507,0.738450
15932696,-0.165985,-0.653742,0.020141,0.738014
15941029,-0.166714,-0.654845,0.020314,0.736866
15949362,-0.166649,-0.654868,0.020287,0.736861
15957695,-0.165638,-0.654403,0.021688,0.737462
15966028,-0.165313,-0.657476,0.023875,0.734729
15974361,-0.165177,-0.658714,0.022441,0.733695
15982694,-0.165976,-0.659240,0.021025,0.733084
15991027,-0.165863,-0.657712,0.020837,0.734486
15999360,-0.165705,-0.657780,0.021437,0.734444
16007693,-0.165716,-0.660318,0.023326,0.732103
16016026,-0.166621,-0.661404,0.022818,0.730932
16024359,-0.165633,-0.659129,0.022615,0.733214
16032692,-0.165814,-0.656651,0.021638,0.735423
16041025,-0.165800,-0.656020,0.021933,0.735981
16049358,-0.165659,-0.655782,0.022026,0.736221
16057691,-0.165539,-0.655437,0.022451,0.736543
16066023,-0.165569,-0.655512,0.022549,0.736467
16074357,-0.165505,-0.655244,0.022789,0.736711
16082690,-0.165502,-0.654573,0.022909,0.737304
16091023,-0.165600,-0.654724,0.022848,0.737151
16099356,-0.165599,-0.654790,0.022961,0.737089
16107689,-0.165429,-0.654582,0.023279,0.737302
16116022,-0.165174,-0.653818,0.023893,0.738017
16124355,-0.165003,-0.653963,0.024063,0.737921
16132688,-0.165129,-0.654455,0.023382,0.737478
16141020,-0.164878,-0.653996,0.023573,0.737935
16149353,-0.164476,-0.653218,0.024769,0.738675
16157687,-0.164437,-0.653126,0.025351,0.738745
16166020,-0.165480,-0.654901,0.025221,0.736943
16174353,-0.165405,-0.654163,0.026699,0.737563
16182686,-0.164512,-0.652923,0.027963,0.738814
16191019,-0.163423,-0.654198,0.029917,0.737850
16199352,-0.162894,-0.654140,0.030992,0.737974
16207685,-0.163205,-0.655238,0.031997,0.736887
16216018,-0.163374,-0.655316,0.031193,0.736815
16224350,-0.163830,-0.655954,0.031977,0.736112
16232683,-0.163882,-0.655487,0.032028,0.736515
16241017,-0.163697,-0.654645,0.032680,0.737276
16249350,-0.164068,-0.654681,0.033077,0.737143
16257683,-0.164240,-0.654911,0.034372,0.736842
16266016,-0.164644,-0.655194,0.034820,0.736478
16274349,-0.164902,-0.655727,0.035264,0.735925
16282682,-0.168024,-0.661062,0.034171,0.730477
16291015,-0.168576,-0.661732,0.034210,0.729742
16299348,-0.167745,-0.660331,0.035255,0.731151
16307680,-0.163645,-0.646068,0.039952,0.744460
16316014,-0.164779,-0.649323,0.039072,0.741418
16324347,-0.163319,-0.645974,0.040867,0.744563
16332680,-0.160784,-0.641010,0.042094,0.749321
16341013,-0.160048,-0.641496,0.041081,0.749119
16349346,-0.159249,-0.641113,0.041025,0.749621
16357679,-0.159503,-0.637109,0.039450,0.753057
16366012,-0.157251,-0.635032,0.041191,0.755188
16374345,-0.156617,-0.639828,0.041234,0.751260
16382677,-0.156047,-0.640386,0.041165,0.750907
16391010,-0.152440,-0.634553,0.043731,0.756434
16399344,-0.153930,-0.633845,0.043834,0.756719
16407677,-0.154219,-0.636714,0.043432,0.754272
16416010,-0.153700,-0.638929,0.045058,0.752407
16424343,-0.153979,-0.639580,0.045277,0.751783
16432676,-0.153642,-0.638217,0.046506,0.752934
16441009,-0.152839,-0.639257,0.046781,0.752198
16449342,0.152302,0.639033,-0.047373,-0.752461
16457675,0.149914,0.637478,-0.049152,-0.754143
16466007,0.149621,0.637838,-0.050656,-0.753797
16474340,0.149193,0.635257,-0.048002,-0.756232
16482674,0.148978,0.635273,-0.045976,-0.756386
16491007,0.148519,0.636055,-0.045296,-0.755860
16499340,0.148220,0.638606,-0.044447,-0.753815
16507673,0.148613,0.638299,-0.041567,-0.754162
16516006,0.148442,0.639607,-0.040405,-0.753150
16524339,0.148908,0.641908,-0.039041,-0.751170
16532672,0.145932,0.640427,-0.040377,-0.752946
16541005,0.145876,0.640035,-0.038176,-0.753404
16549337,0.146862,0.644920,-0.037199,-0.749084
16557671,0.148234,0.646248,-0.034170,-0.747812
16566004,0.147587,0.645228,-0.033906,-0.748832
16574337,0.146637,0.648598,-0.033917,-0.746102
16582670,0.147067,0.650603,-0.033949,-0.744268
16591003,0.144992,0.652126,-0.036148,-0.743238
16599336,-0.145456,-0.652892,0.033272,0.742609
16607669,-0.145123,-0.652952,0.031683,0.742691
16616002,-0.144275,-0.653343,0.030904,0.742545
16624334,-0.142034,-0.651104,0.030787,0.744944
16632667,-0.143273,-0.651795,0.027413,0.744235
16641001,-0.140948,-0.648325,0.027496,0.747698
16649334,-0.141106,-0.653328,0.028066,0.743279
16657667,-0.143199,-0.653532,0.024074,0.742840
16666000,-0.143116,-0.656239,0.024092,0.740464
16674333,-0.142392,-0.652001,0.022200,0.744397
16682666,-0.142593,-0.650267,0.020357,0.745926
16690999,-0.142988,-0.650724,0.019679,0.745470
16699332,-0.142803,-0.651029,0.019441,0.745245
16707664,-0.141760,-0.649106,0.019757,0.747111
16715997,-0.142153,-0.648531,0.018839,0.747559
16724331,-0.142838,-0.653357,0.020767,0.743162
16732664,-0.142329,-0.653720,0.021315,0.742925
16740997,-0.141927,-0.652376,0.021152,0.744188
16749330,-0.146139,-0.659237,0.020126,0.737322
16757663,-0.146535,-0.661105,0.020485,0.735560
16765996,-0.147112,-0.662233,0.020742,0.734422
16774329,-0.147744,-0.663481,0.021400,0.733149
16782662,-0.146606,-0.661275,0.022883,0.735322
16790995,-0.147106,-0.657811,0.021851,0.738355
16799328,-0.146343,-0.657482,0.022226,0.738787
16807661,-0.146426,-0.657197,0.022498,0.739016
16815994,-0.146557,-0.656713,0.023032,0.739404
16824327,-0.146732,-0.656579,0.022951,0.739491
16832660,-0.147463,-0.656369,0.022786,0.739537
16840993,-0.147396,-0.655701,0.024099,0.740102
16849326,-0.147291,-0.655509,0.025052,0.740260
16857659,-0.147882,-0.655598,0.024906,0.740069
16865992,-0.148319,-0.654840,0.025428,0.740635
16874325,-0.149074,-0.655555,0.025089,0.739862
16882658,-0.149449,-0.656091,0.025336,0.739302
16890991,-0.149419,-0.654530,0.025850,0.740673
16899324,-0.149989,-0.654266,0.026088,0.740782
16907657,-0.150482,-0.654402,0.026770,0.740538
16915990,-0.150845,-0.654984,0.026577,0.739957
16924323,-0.152433,-0.657081,0.026246,0.737781
16932656,-0.153519,-0.657589,0.026570,0.737090
16940989,-0.155174,-0.657607,0.025218,0.736775
16949322,-0.154510,-0.653274,0.024773,0.740774
16957655,-0.155074,-0.651965,0.025426,0.741787
16965988,-0.155922,-0.652903,0.025820,0.740770
16974321,-0.156616,-0.652035,0.026364,0.741368
16982654,-0.157645,-0.651327,0.027767,0.741721
16990987,-0.158689,-0.650995,0.029896,0.741707
16999320,-0.159596,-0.650029,0.032290,0.742259
17007653,-0.160992,-0.648913,0.033674,0.742873
17015986,-0.162000,-0.645980,0.035159,0.745137
17024319,-0.163342,-0.645978,0.037052,0.744755
17032652,-0.164086,-0.647412,0.038676,0.743261
17040985,-0.163826,-0.649386,0.041553,0.741439
17049318,-0.163630,-0.648754,0.043051,0.741950
17057651,-0.163788,-0.648970,0.044812,0.741622
17065984,-0.164237,-0.649844,0.045933,0.740688
17074317,-0.164911,-0.649877,0.045686,0.740525
17082650,-0.165647,-0.647888,0.043992,0.742204
17090983,-0.165508,-0.648033,0.044966,0.742050
17099316,-0.165201,-0.647365,0.045474,0.742671
17107649,-0.165480,-0.648140,0.046629,0.741861
17115982,-0.165927,-0.647351,0.045303,0.742531
17124315,-0.166214,-0.645399,0.043682,0.744262
17132648,-0.165448,-0.645165,0.044279,0.744600
17140981,-0.165590,-0.646463,0.044811,0.743410
17149314,-0.166248,-0.646610,0.044278,0.743167
17157647,-0.166204,-0.646214,0.044184,0.743526
17165980,-0.165629,-0.645277,0.044866,0.744427
17174313,-0.164657,-0.644169,0.046282,0.745515
17182646,-0.165091,-0.643842,0.046215,0.745706
17190979,-0.166412,-0.644139,0.045295,0.745211
17199312,-0.165888,-0.643213,0.045853,0.746093
17207645,-0.165743,-0.642939,0.046695,0.746310
17215978,-0.166128,-0.642805,0.046782,0.746334
17224311,-0.164730,-0.642257,0.049849,0.746917
17232644,0.164740,0.641730,-0.050297,-0.747338
17240977,0.166142,0.644107,-0.050213,-0.744985
17249310,0.167781,0.646653,-0.050943,-0.742357
17257643,0.169108,0.647654,-0.050643,-0.741203
17265976,0.170510,0.651275,-0.047731,-0.737895
17274309,0.166506,0.644747,-0.050769,-0.744311
17282642,0.164854,0.640641,-0.052752,-0.748077
17290975,0.169637,0.652142,-0.049590,-0.737208
17299308,0.169396,0.652461,-0.048596,-0.737046
17307641,0.169124,0.650934,-0.050511,-0.738329
17315974,0.169779,0.653161,-0.049094,-0.736306
17324307,0.169884,0.656181,-0.049386,-0.733571
17332640,0.170263,0.657031,-0.048603,-0.732774
17340973,0.170341,0.658240,-0.048440,-0.731681
17349306,0.170106,0.657720,-0.048567,-0.732195
17357639,0.169731,0.653526,-0.047926,-0.736069
17365972,0.164133,0.642054,-0.051510,-0.747111
17374305,0.167490,0.649831,-0.048918,-0.739780
17382638,0.168162,0.653935,-0.048979,-0.735997
17390971,0.163775,0.644861,-0.050987,-0.744803
17399304,0.162719,0.642569,-0.051311,-0.746991
17407637,0.166989,0.653506,-0.048352,-0.736686
17415970,0.167494,0.656430,-0.047985,-0.733991
17424303,0.166745,0.654700,-0.047373,-0.735745
17432636,0.161723,0.643334,-0.049785,-0.746652
17440969,0.159436,0.638404,-0.050797,-0.751293
17449302,0.157941,0.635643,-0.051068,-0.753926
17457635,0.160194,0.640062,-0.051000,-0.749705
17465968,0.162155,0.641565,-0.050174,-0.748053
17474301,0.160941,0.640938,-0.052976,-0.748658
17482634,0.160388,0.639650,-0.053101,-0.749870
17490967,0.160301,0.639457,-0.053673,-0.750012
17499300,0.159875,0.638726,-0.054582,-0.750660
17507633,0.158889,0.638713,-0.056410,-0.750745
17515966,0.158478,0.640260,-0.056972,-0.749471
17524299,0.158598,0.639503,-0.056597,-0.750120
17532632,0.158370,0.639558,-0.056876,-0.750100
17540965,0.158105,0.641137,-0.058208,-0.748705
17549298,0.158116,0.640607,-0.059962,-0.749017
17557631,0.157630,0.639213,-0.060931,-0.750231
17565964,0.157154,0.639188,-0.060667,-0.750374
17574297,0.157236,0.640201,-0.059877,-0.749556
17582630,0.156901,0.638802,-0.060052,-0.750805
17590963,0.157306,0.638621,-0.058765,-0.750976
17599296,0.156969,0.639609,-0.059186,-0.750172
17607629,0.157084,0.639870,-0.059394,-0.749909
17615962,0.156649,0.641305,-0.060878,-0.748654
17624295,0.157952,0.642588,-0.060379,-0.747319
17632628,0.157946,0.643330,-0.059996,-0.746713
17640961,0.158436,0.643319,-0.059788,-0.746636
17649294,0.158734,0.643059,-0.059406,-0.746826
17657627,0.158915,0.646655,-0.060415,-0.743595
17665960,0.157591,0.647267,-0.062703,-0.743155
17674293,0.158716,0.647154,-0.061679,-0.743100
17682626,0.157499,0.647032,-0.064072,-0.743262
17690959,0.157266,0.646583,-0.064017,-0.743707
17699292,0.157186,0.645296,-0.063551,-0.744880
17707625,0.157136,0.644794,-0.063503,-0.745330
17715958,0.158571,0.646248,-0.062088,-0.743885
17724291,0.157066,0.645544,-0.064367,-0.744621
17732624,0.157488,0.645323,-0.063609,-0.744788
17740957,0.157615,0.645799,-0.063443,-0.744363
17749290,0.157847,0.646130,-0.063471,-0.744024
17757623,0.156551,0.645309,-0.064807,-0.744895
17765956,0.157110,0.645346,-0.064489,-0.744773
17774289,0.157717,0.646076,-0.064106,-0.744044
17782622,0.157334,0.644686,-0.063991,-0.745340
17790955,0.158271,0.645573,-0.063814,-0.744388
17799288,0.157930,0.644511,-0.063711,-0.745389
17807621,0.157639,0.645009,-0.064508,-0.744951
17815954,0.158212,0.647115,-0.065884,-0.742879
17824287,0.157948,0.647500,-0.066552,-0.742541
17832620,0.157761,0.644189,-0.065711,-0.745529
17840953,0.156991,0.646717,-0.065378,-0.743530
17849286,0.156799,0.647997,-0.065574,-0.742438
17857619,0.156777,0.648481,-0.065785,-0.742002
17865952,0.156059,0.646771,-0.066101,-0.743615
17874285,0.155961,0.646401,-0.065228,-0.744034
17882618,0.156147,0.646261,-0.064911,-0.744145
17890951,0.155680,0.646362,-0.066035,-0.744056
17899284,0.155616,0.645963,-0.066152,-0.744406
17907617,0.155548,0.647026,-0.063637,-0.743715
17915950,0.155522,0.648395,-0.063407,-0.742547
17924283,0.155173,0.648501,-0.064206,-0.742459
17932616,0.154958,0.648626,-0.065396,-0.742291
17940949,0.155177,0.642360,-0.062198,-0.747947
17949282,0.155142,0.646588,-0.063925,-0.744156
17957615,0.155121,0.643917,-0.062583,-0.746587
17965948,0.155056,0.642846,-0.062170,-0.747557
17974281,0.154927,0.646694,-0.062375,-0.744240
17982614,0.155423,0.649164,-0.063626,-0.741877
17990947,0.154655,0.648401,-0.063004,-0.742757
17999280,0.154527,0.648140,-0.062233,-0.743077
18007613,0.154306,0.647712,-0.062039,-0.743512
18015946,0.154101,0.643613,-0.059877,-0.747282
18024279,0.155423,0.648195,-0.060688,-0.742970
18032612,0.155173,0.649160,-0.061289,-0.742130
18040945,0.153745,0.648526,-0.061439,-0.742968
18049278,0.154474,0.650376,-0.061295,-0.741210
18057611,0.154329,0.650249,-0.061489,-0.741335
18065944,0.152774,0.647668,-0.060816,-0.743968
18074277,0.153295,0.648906,-0.061232,-0.742746
18082610,0.153652,0.645285,-0.059760,-0.745940
18090943,0.153635,0.648015,-0.060363,-0.743525
18099276,0.153747,0.650259,-0.061683,-0.741431
18107609,0.152442,0.648391,-0.062226,-0.743289
18115942,0.152965,0.649560,-0.062591,-0.742130
18124275,0.152771,0.649480,-0.063560,-0.742157
18132608,0.153463,0.649363,-0.063023,-0.742163
18140941,0.153690,0.648552,-0.062446,-0.742873
18149274,0.152701,0.648748,-0.064750,-0.742709
18157607,0.152336,0.648404,-0.065724,-0.742999
18165940,0.152472,0.648504,-0.065686,-0.742887
18174273,0.152558,0.647539,-0.065591,-0.743718
18182606,0.151339,0.640561,-0.064659,-0.750065
18190939,0.150868,0.643341,-0.066500,-0.747615
18199272,0.149968,0.639726,-0.066895,-0.750857
18207605,0.150511,0.643972,-0.067788,-0.747028
18215938,0.150425,0.644112,-0.068024,-0.746904
18224271,0.150414,0.643356,-0.068330,-0.747529
18232604,0.150102,0.642350,-0.068824,-0.748411
18240937,0.151724,0.646162,-0.068775,-0.744799
18249270,0.152509,0.647266,-0.067856,-0.743763
18257603,0.151392,0.646112,-0.068754,-0.744911
18265936,0.151185,0.645641,-0.069318,-0.745309
18274269,0.151984,0.646192,-0.069569,-0.744645
18282602,0.150594,0.643905,-0.070491,-0.746819
18290935,0.151354,0.645870,-0.070212,-0.744993
18299268,0.152678,0.643058,-0.068198,-0.747339
18307601,0.152945,0.641588,-0.068054,-0.748560
18315934,0.153155,0.639856,-0.068597,-0.749948
18324267,0.153313,0.642117,-0.069589,-0.747890
18332600,0.153171,0.640490,-0.071730,-0.749110
18340933,0.151350,0.637644,-0.070308,-0.752038
18349266,0.152596,0.638031,-0.068591,-0.751616
18357599,0.153203,0.638772,-0.068766,-0.750846
18365932,0.152075,0.635548,-0.068331,-0.753845
18374265,0.151455,0.634012,-0.068449,-0.755252
18382598,0.151188,0.633558,-0.068769,-0.755657
18390931,0.151443,0.633408,-0.068462,-0.755760
18399264,0.151093,0.633049,-0.068252,-0.756149
18407597,0.150520,0.633050,-0.069627,-0.756138
18415930,0.150862,0.630145,-0.070635,-0.758399
18424263,0.153535,0.634889,-0.068351,-0.754102
18432596,0.153239,0.639658,-0.071102,-0.749866
18440929,0.152949,0.640838,-0.072278,-0.748805
18449262,0.152754,0.640037,-0.073036,-0.749456
18457595,0.152110,0.638709,-0.070942,-0.750920
18465928,0.152381,0.639223,-0.071457,-0.750379
18474261,0.151901,0.639365,-0.072845,-0.750222
18482594,0.151383,0.637721,-0.072888,-0.751720
18490927,0.151553,0.637209,-0.072506,-0.752157
18499260,0.151839,0.637085,-0.072647,-0.752190
18507593,0.151736,0.636650,-0.073078,-0.752538
18515926,0.152854,0.637845,-0.072974,-0.751309
18524259,0.152164,0.635578,-0.072437,-0.753419
18532592,0.152342,0.634739,-0.071761,-0.754154
18540925,0.152209,0.633712,-0.073116,-0.754915
18549258,0.152601,0.632663,-0.072925,-0.755733
18557591,0.152997,0.632419,-0.073198,-0.755831
18565924,0.154601,0.632622,-0.071195,-0.755526
18574257,0.155159,0.632308,-0.073043,-0.755498
18582590,0.155672,0.631391,-0.074110,-0.756055
18590923,0.155735,0.631198,-0.074996,-0.756116
18599256,0.157052,0.630996,-0.074252,-0.756086
18607589,0.156768,0.629281,-0.074262,-0.757571
18615922,0.156806,0.629521,-0.075343,-0.757257
18624255,0.159312,0.632969,-0.075073,-0.753879
18632588,0.158291,0.630360,-0.075546,-0.756230
18640921,0.157848,0.629939,-0.076786,-0.756548
18649254,0.159549,0.633265,-0.075880,-0.753500
18657587,0.159332,0.630023,-0.076212,-0.756225
18665920,0.158377,0.629073,-0.077677,-0.757066
18674253,0.158596,0.628790,-0.078232,-0.757199
18682586,0.159166,0.627407,-0.077852,-0.758265
18690919,0.161320,0.629829,-0.076346,-0.755951
18699252,0.161087,0.627541,-0.076829,-0.757852
18707585,0.161639,0.626820,-0.077111,-0.758303
18715918,0.162180,0.626242,-0.077208,-0.758655
18724251,0.161915,0.625767,-0.077235,-0.759101
18732584,0.161726,0.624254,-0.079062,-0.760197
18740917,0.162164,0.623439,-0.079553,-0.760722
18749250,0.163677,0.624375,-0.078068,-0.759784
18757583,0.163634,0.626261,-0.080062,-0.758031
18765916,0.164241,0.625048,-0.081035,-0.758797
18774249,0.166493,0.625521,-0.079988,-0.758027
18782582,0.169850,0.630095,-0.077190,-0.753773
18790915,0.169310,0.628235,-0.079045,-0.755253
18799248,0.170446,0.627679,-0.078453,-0.755521
18807581,0.170586,0.624147,-0.080522,-0.758193
18815914,0.174795,0.627360,-0.081201,-0.754501
18824247,0.175696,0.625015,-0.080471,-0.756314
18832580,0.175623,0.623103,-0.080839,-0.757868
18840913,0.176702,0.623737,-0.079891,-0.757196
18849246,0.177646,0.624834,-0.079762,-0.756083
18857579,0.177926,0.623681,-0.080724,-0.756867
18865912,0.178159,0.622921,-0.082063,-0.757294
18874245,0.179479,0.622834,-0.081346,-0.757131
18882578,0.181180,0.625483,-0.084124,-0.754233
18890911,0.181525,0.622145,-0.083827,-0.756939
18899244,0.181579,0.620532,-0.085923,-0.758014
18907577,0.183269,0.621647,-0.085489,-0.756742
18915910,0.184826,0.621967,-0.085890,-0.756055
18924243,0.185945,0.622561,-0.085475,-0.755338
18932576,0.187962,0.625778,-0.086213,-0.752090
18940909,0.189819,0.625047,-0.084227,-0.752456
18949242,0.190773,0.624227,-0.084175,-0.752902
18957575,0.191608,0.625590,-0.085350,-0.751424
18965908,0.192286,0.625679,-0.086183,-0.751082
18974241,0.193016,0.626688,-0.087401,-0.749912
18982574,0.193294,0.624872,-0.088719,-0.751200
18990907,0.193960,0.622911,-0.089790,-0.752529
18999240,0.194920,0.621527,-0.091462,-0.753223
19007573,0.195395,0.620124,-0.092232,-0.754162
19015906,0.196762,0.620236,-0.092236,-0.753714
19024239,0.197680,0.621540,-0.094116,-0.752165
19032572,0.198431,0.622211,-0.094280,-0.751392
19040905,0.200197,0.622070,-0.094056,-0.751068
19049238,0.201680,0.623470,-0.094553,-0.749446
19057571,0.201763,0.621576,-0.096480,-0.750751
19065904,0.203072,0.620855,-0.097153,-0.750907
19074237,0.204940,0.620923,-0.096810,-0.750388
19082570,0.207461,0.623951,-0.097701,-0.747061
19090903,0.208281,0.623649,-0.097242,-0.747144
19099236,0.208445,0.622708,-0.097128,-0.747899
19107569,0.208686,0.620404,-0.097454,-0.749701
19115902,0.207901,0.617282,-0.096643,-0.752596
19124235,0.208231,0.616791,-0.098046,-0.752726
19132568,0.208556,0.615336,-0.099728,-0.753605
19140901,0.208516,0.616840,-0.100644,-0.752264
19149234,0.209617,0.615950,-0.101978,-0.752507
19157567,0.209578,0.615093,-0.102496,-0.753149
19165900,0.209358,0.614378,-0.103980,-0.753589
19174233,0.209098,0.613825,-0.104171,-0.754086
19182566,0.208321,0.611910,-0.104748,-0.755775
19190899,0.208265,0.612670,-0.106330,-0.754954
19199232,0.208428,0.612189,-0.107217,-0.755173
19207565,0.208022,0.612170,-0.108388,-0.755134
19215898,0.208753,0.610730,-0.108646,-0.756060
19224231,0.209254,0.610169,-0.108900,-0.756338
19232564,0.209909,0.609724,-0.107725,-0.756683
19240897,0.211155,0.611908,-0.107872,-0.754550
19249230,0.211046,0.611508,-0.108169,-0.754862
19257563,0.211866,0.610871,-0.108734,-0.755067
19265896,0.212941,0.609876,-0.109036,-0.755525
19274229,0.213820,0.609584,-0.108901,-0.755533
19282562,0.213455,0.608257,-0.110322,-0.756498
19290895,0.212928,0.606860,-0.111079,-0.757657
19299228,0.213765,0.608202,-0.111157,-0.756332
19307561,0.214138,0.607217,-0.111375,-0.756986
19315894,0.215387,0.608389,-0.111631,-0.755652
19324227,0.215664,0.608042,-0.111978,-0.755801
19332560,0.215554,0.607094,-0.112936,-0.756452
19340893,0.216367,0.605299,-0.112334,-0.757747
19349226,0.217184,0.604587,-0.112501,-0.758056
19357559,0.217956,0.603603,-0.112179,-0.758667
19365892,0.218590,0.601800,-0.113509,-0.759718
19374225,0.219675,0.601042,-0.114414,-0.759869
19382558,0.220880,0.602460,-0.114940,-0.758316
19390891,0.223855,0.603968,-0.114622,-0.756289
19399224,0.224295,0.603848,-0.117098,-0.755875
19407557,0.224899,0.601840,-0.118126,-0.757137
19415890,0.225969,0.599149,-0.119166,-0.758787
19424223,0.227532,0.597761,-0.121814,-0.758994
19432556,0.228895,0.595746,-0.123943,-0.759823
19440889,0.230297,0.589726,-0.125182,-0.763882
19449222,0.232654,0.587155,-0.124341,-0.765285
19457555,0.232780,0.581095,-0.125338,-0.769696
19465888,0.235315,0.574037,-0.127290,-0.773890
19474221,0.239084,0.572637,-0.129158,-0.773462
19482554,0.243744,0.572051,-0.129057,-0.772458
19490887,0.247308,0.566931,-0.131349,-0.774710
19499220,0.249852,0.560836,-0.135633,-0.777587
19507553,0.254566,0.558956,-0.139672,-0.776696
19515886,0.258594,0.558169,-0.142515,-0.775413
19524219,0.262639,0.556317,-0.145545,-0.774821
19532552,0.266364,0.555208,-0.151771,-0.773150
19540885,0.270600,0.551950,-0.152996,-0.773769
19549218,0.275437,0.550228,-0.155023,-0.772885
19557551,0.279094,0.549389,-0.159757,-0.771204
19565884,0.284264,0.553323,-0.160503,-0.766333
19574217,0.289464,0.555723,-0.162512,-0.762216
19582550,0.292149,0.552098,-0.166731,-0.762914
19590883,0.295437,0.552491,-0.168885,-0.760887
19599216,0.299249,0.555554,-0.169450,-0.757031
19607549,0.301816,0.557769,-0.169094,-0.754459
19615882,0.303597,0.559355,-0.169366,-0.752507
19624215,0.304756,0.560598,-0.169023,-0.751189
19632548,0.305431,0.560452,-0.167322,-0.751405
19640881,0.307501,0.563893,-0.163463,-0.748831
19649214,0.306604,0.563863,-0.160070,-0.749953
19657547,0.307611,0.570476,-0.155328,-0.745524
19665880,0.308134,0.577158,-0.150503,-0.741141
19674213,0.308252,0.583895,-0.144700,-0.736960
19682546,0.309638,0.593428,-0.137029,-0.730199
19690879,0.310806,0.602109,-0.126817,-0.724419
19699212,0.309987,0.610893,-0.118884,-0.718738
19707545,0.309830,0.623809,-0.111365,-0.708848
19715878,0.312640,0.638152,-0.098870,-0.696594
19724211,0.313097,0.643669,-0.088231,-0.692731
19732544,0.314587,0.653733,-0.076770,-0.683941
19740877,0.314908,0.670116,-0.063189,-0.669167
19749210,0.315738,0.680630,-0.052375,-0.659022
19757543,0.318841,0.686791,-0.040166,-0.651955
19765876,0.318848,0.702247,-0.029539,-0.635856
19774209,0.322125,0.709015,-0.016513,-0.627105
19782542,0.321720,0.722083,-0.005463,-0.612424
19790875,0.327243,0.737336,-0.000114,-0.590972
19799208,0.329238,0.735582,0.011097,-0.591945
19807541,0.330069,0.737248,0.020082,-0.589166
19815874,0.332625,0.746916,0.026746,-0.575118
19824207,0.334213,0.752858,0.032540,-0.566081
19832540,0.337082,0.753282,0.036084,-0.563595
19840873,0.339148,0.757883,0.038802,-0.555956
19849206,0.342051,0.758025,0.042303,-0.553724
19857539,0.343623,0.760326,0.043960,-0.549450
19865872,0.345695,0.762036,0.047963,-0.545432
19874205,0.347307,0.764695,0.051033,-0.540384
19882538,0.347870,0.762230,0.049317,-0.543654
19890871,0.350237,0.762437,0.048090,-0.541950
19899204,0.352026,0.761324,0.047638,-0.542397
19907537,0.353167,0.759889,0.046135,-0.543795
19915870,0.354577,0.758400,0.044564,-0.545086
19924203,0.355096,0.756535,0.041501,-0.547576
19932536,0.355034,0.753186,0.037758,-0.552483
19940869,0.356091,0.757208,0.035118,-0.546445
19949202,0.355091,0.755922,0.031158,-0.549110
19957535,0.354309,0.750138,0.025019,-0.557792
19965868,0.356418,0.747739,0.024234,-0.559700
19974201,0.356761,0.745069,0.021310,-0.563151
19982534,0.355646,0.743467,0.017087,-0.566110
19990867,0.354606,0.741838,0.012265,-0.569016
19999200,0.355121,0.738376,0.007398,-0.573268
20007533,0.355498,0.733322,0.002868,-0.579527
20015866,0.355606,0.729335,-0.001838,-0.584475
20024199,0.354835,0.727425,-0.006334,-0.587286
20032532,0.355289,0.728743,-0.011654,-0.585293
20040865,0.354319,0.724313,-0.014788,-0.591279
20049198,0.353846,0.720018,-0.018784,-0.596669
20057531,0.352617,0.715709,-0.022257,-0.602434
20065864,0.352607,0.712498,-0.026091,-0.606081
20074197,0.353591,0.711714,-0.027736,-0.606355
20082530,0.353943,0.709390,-0.030079,-0.608758
20090863,0.352598,0.707416,-0.032502,-0.611703
20099196,0.351719,0.705622,-0.035095,-0.614134
20107529,0.352093,0.705187,-0.038640,-0.614206
20115862,0.352708,0.705978,-0.040136,-0.612847
20124195,0.352225,0.703084,-0.041616,-0.616343
20132528,0.352049,0.703310,-0.042597,-0.616119
20140861,0.352427,0.699373,-0.043534,-0.620304
20149194,0.352353,0.696955,-0.044373,-0.623003
20157527,0.352062,0.695859,-0.045780,-0.624289
20165860,0.350902,0.695590,-0.046095,-0.625218
20174193,0.350615,0.691996,-0.047821,-0.629224
20182526,0.350084,0.690488,-0.048458,-0.631125
20190859,0.349252,0.688848,-0.049707,-0.633278
20199192,0.350795,0.693483,-0.050426,-0.627281
20207525,0.350201,0.692822,-0.051994,-0.628214
20215858,0.348317,0.686715,-0.053236,-0.635817
20224191,0.348213,0.686706,-0.054218,-0.635801
20232524,0.348598,0.684446,-0.055186,-0.637940
20240857,0.348510,0.681881,-0.056667,-0.640600
20249190,0.347108,0.681300,-0.058265,-0.641834
20257523,0.346467,0.677120,-0.059976,-0.646431
20265856,0.344842,0.673378,-0.060873,-0.651107
20274189,0.342979,0.670761,-0.061544,-0.654720
20282522,0.341728,0.669115,-0.062182,-0.656994
20290855,0.340229,0.664336,-0.064405,-0.662385
20299188,0.339765,0.661830,-0.066379,-0.664932
20307521,0.338597,0.658178,-0.067886,-0.668988
20315854,0.337660,0.655528,-0.069705,-0.671870
20324187,0.336387,0.651479,-0.071226,-0.676273
20332520,0.335445,0.648218,-0.072388,-0.679743
20340853,0.334467,0.646162,-0.074774,-0.681921
20349186,0.334725,0.644577,-0.076252,-0.683129
20357519,0.334097,0.643370,-0.078642,-0.684302
20365852,0.333685,0.641299,-0.079977,-0.686289
20374185,0.332835,0.639137,-0.081404,-0.688547
20382518,0.331875,0.637145,-0.083791,-0.690568
20390851,0.331038,0.636765,-0.085173,-0.691151
20399184,0.330988,0.637397,-0.086135,-0.690473
20407517,0.330865,0.636883,-0.086350,-0.690979
20415850,0.330291,0.636545,-0.087549,-0.691414
20424183,0.329175,0.633233,-0.089713,-0.694703
20432516,0.328427,0.631116,-0.090732,-0.696848
20440849,0.327236,0.629101,-0.091831,-0.699083
20449182,0.327345,0.628401,-0.091756,-0.699670
20457515,0.326314,0.626497,-0.091125,-0.701938
20465848,0.325124,0.624029,-0.090160,-0.704808
20474181,0.324787,0.623757,-0.091374,-0.705047
20482514,0.324667,0.622251,-0.092680,-0.706262
20490847,0.324190,0.620383,-0.092584,-0.708134
20499180,0.324367,0.620255,-0.093668,-0.708023
20507513,0.324722,0.622202,-0.093916,-0.706116
20515846,0.324700,0.621801,-0.095087,-0.706323
20524179,0.324209,0.620696,-0.095296,-0.707491
20532512,0.323797,0.620715,-0.095120,-0.707687
20540845,0.324306,0.621004,-0.094317,-0.707308
20549178,0.324264,0.621368,-0.094493,-0.706984
20557511,0.324033,0.620043,-0.094290,-0.708278
20565844,0.323519,0.620324,-0.095056,-0.708165
20574177,0.323482,0.619846,-0.094743,-0.708642
20582510,0.323431,0.619362,-0.094532,-0.709117
20590843,0.323535,0.618937,-0.094124,-0.709495
20599176,0.323254,0.618481,-0.093793,-0.710064
20607509,0.321800,0.618402,-0.095186,-0.710608
20615842,0.322426,0.617501,-0.092878,-0.711413
20624175,0.322212,0.618763,-0.093467,-0.710335
20632508,0.321545,0.618232,-0.094133,-0.711011
20640841,0.321892,0.618391,-0.094274,-0.710697
20649174,0.322070,0.618689,-0.093613,-0.710444
20657507,0.321163,0.619154,-0.095555,-0.710191
20665840,0.321178,0.618477,-0.094970,-0.710853
20674173,0.321017,0.618812,-0.095554,-0.710556
20682506,0.320706,0.618164,-0.094885,-0.711349
20690839,0.320440,0.618474,-0.095336,-0.711139
20699172,0.320586,0.618360,-0.095145,-0.711198
20707505,0.320821,0.618816,-0.094842,-0.710736
20715838,0.320801,0.620098,-0.095382,-0.709554
20724171,0.320953,0.619218,-0.095196,-0.710279
20732504,0.320560,0.619400,-0.096078,-0.710178
20740837,0.320331,0.619262,-0.096537,-0.710340
20749170,0.320541,0.619293,-0.095858,-0.710311
20757503,0.320381,0.619224,-0.095975,-0.710426
20765836,0.320284,0.618490,-0.096092,-0.711094
20774169,0.319729,0.618327,-0.096681,-0.711405
20782502,0.319652,0.618032,-0.096649,-0.711701
20790835,0.320337,0.619831,-0.097164,-0.709755
20799168,0.319702,0.618348,-0.097629,-0.711270
20807501,0.320281,0.619770,-0.097338,-0.709810
20815834,0.320813,0.620923,-0.097155,-0.708586
20824167,0.320086,0.619818,-0.097542,-0.709829
20832500,0.319753,0.619721,-0.098017,-0.709998
20840833,0.319638,0.619887,-0.098298,-0.709866
20849166,0.319647,0.620203,-0.098252,-0.709592
20857499,0.319317,0.620034,-0.098665,-0.709831
20865832,0.318991,0.619789,-0.099108,-0.710129
20874165,0.319455,0.620185,-0.098791,-0.709619
20882498,0.319796,0.621077,-0.098214,-0.708765
20890831,0.318857,0.620146,-0.099005,-0.709893
20899164,0.318632,0.620448,-0.099344,-0.709682
20907497,0.318723,0.620594,-0.099113,-0.709546
20915830,0.318218,0.619235,-0.098840,-0.710996
20924163,0.318408,0.619344,-0.098228,-0.710901
20932496,0.317581,0.619004,-0.098866,-0.711479
20940829,0.317547,0.619783,-0.099332,-0.710750
20949162,0.317484,0.618180,-0.098477,-0.712292
20957495,0.316939,0.619281,-0.098849,-0.711526
20965828,0.316958,0.619661,-0.098819,-0.711191
20974161,0.316655,0.619632,-0.099005,-0.711325
20982494,0.316059,0.617845,-0.098514,-0.713211
20990827,0.316267,0.618605,-0.098862,-0.712411
20999160,0.316771,0.620209,-0.098797,-0.710799
21007493,0.316544,0.620404,-0.099401,-0.710647
21015826,0.315726,0.618286,-0.099239,-0.712875
21024159,0.316418,0.619717,-0.099301,-0.711316
21032492,0.316262,0.619136,-0.099632,-0.711845
21040825,0.315803,0.618696,-0.099708,-0.712419
21049158,0.315711,0.618726,-0.100070,-0.712384
21057491,0.316118,0.618219,-0.099705,-0.712694
21065824,0.316622,0.620581,-0.100042,-0.710367
21074157,0.316008,0.619491,-0.100087,-0.711585
21082490,0.316351,0.620459,-0.100631,-0.710511
21090823,0.316002,0.620113,-0.101336,-0.710869
21099156,0.316364,0.619366,-0.101724,-0.711303
21107489,0.315067,0.617214,-0.102395,-0.713649
21115822,0.314802,0.619302,-0.102404,-0.711953
21124155,0.313319,0.617057,-0.104241,-0.714287
21132488,0.314545,0.618589,-0.103745,-0.712493
21140821,0.314545,0.617167,-0.103233,-0.713799
21149154,0.314200,0.616083,-0.103460,-0.714854
21157487,0.314433,0.616417,-0.103065,-0.714520
21165820,0.315077,0.617199,-0.101854,-0.713735
21174153,0.314217,0.616445,-0.103553,-0.714521
21182486,0.315009,0.618278,-0.105066,-0.712365
21190819,0.314530,0.617449,-0.105785,-0.713188
21199152,0.313747,0.615292,-0.105368,-0.715455
21207485,0.313481,0.614525,-0.105643,-0.716190
21215818,0.313532,0.615812,-0.106864,-0.714880
21224151,0.313611,0.615716,-0.106332,-0.715007
21232484,0.315367,0.618240,-0.104630,-0.712303
21240817,0.315315,0.618377,-0.104528,-0.712222
21249150,0.313449,0.615601,-0.107189,-0.715049
21257483,0.313203,0.616155,-0.107496,-0.714634
21265816,0.313740,0.616241,-0.107145,-0.714377
21274149,0.312803,0.614681,-0.107657,-0.716053
21282482,0.315496,0.619065,-0.104500,-0.711548
21290815,0.315656,0.619632,-0.103337,-0.711153
21299148,0.314841,0.618563,-0.105272,-0.712160
21307481,0.314792,0.618927,-0.105507,-0.711832
21315814,0.314686,0.618006,-0.106356,-0.712552
21324147,0.315470,0.619521,-0.105523,-0.711012
21332480,0.315544,0.619604,-0.105770,-0.710870
21340813,0.315638,0.619842,-0.105777,-0.710620
21349146,0.314967,0.618892,-0.105595,-0.711771
21357479,0.315192,0.618947,-0.106049,-0.711556
21365812,0.315407,0.619479,-0.106051,-0.710998
21374145,0.315450,0.617458,-0.106373,-0.712686
21382478,0.315459,0.618094,-0.106059,-0.712178
21390811,0.315505,0.618806,-0.105862,-0.711567
21399144,0.315287,0.618531,-0.106246,-0.711846
21407477,0.314354,0.616303,-0.105884,-0.714241
21415810,0.314260,0.615591,-0.105251,-0.714990
21424143,0.315078,0.617988,-0.105484,-0.712524
21432476,0.314973,0.615562,-0.105756,-0.714626
21440809,0.315352,0.617097,-0.105236,-0.713211
21449142,0.315506,0.617225,-0.105242,-0.713031
21457475,0.314719,0.617419,-0.106543,-0.713018
21465808,0.314139,0.616330,-0.106124,-0.714277
21474141,0.315714,0.617859,-0.104632,-0.712479
21482474,0.315904,0.618194,-0.104363,-0.712144
21490807,0.316381,0.618069,-0.104744,-0.711985
21499140,0.316422,0.618639,-0.104957,-0.711440
21507473,0.315697,0.617505,-0.105434,-0.712675
21515806,0.315800,0.617853,-0.105319,-0.712346
21524139,0.316320,0.618070,-0.105223,-0.711941
21532472,0.316047,0.618264,-0.104482,-0.712003
21540805,0.315175,0.617104,-0.105394,-0.713260
21549138,0.315592,0.617457,-0.105526,-0.712751
21557471,0.315901,0.617352,-0.104244,-0.712893
21565804,0.315970,0.617212,-0.104163,-0.712995
21574137,0.316096,0.618212,-0.104095,-0.712082
21582470,0.315965,0.619464,-0.105067,-0.710908
21590803,0.315802,0.617457,-0.104818,-0.712762
21599136,0.315534,0.616691,-0.104626,-0.713571
21607469,0.315911,0.617206,-0.105702,-0.712801
21615802,0.316035,0.618506,-0.106542,-0.711492
21624135,0.315657,0.616799,-0.106170,-0.713196
21632468,0.315186,0.615932,-0.105526,-0.714248
21640801,0.314873,0.616257,-0.104912,-0.714196
21649134,0.315284,0.616514,-0.105646,-0.713684
21657467,0.315156,0.616039,-0.104960,-0.714252
21665800,0.315206,0.616344,-0.104358,-0.714055
21674133,0.314846,0.615705,-0.104737,-0.714710
21682466,0.314661,0.615709,-0.104776,-0.714781
21690799,0.314055,0.615144,-0.105058,-0.715493
21699132,0.313812,0.614851,-0.105051,-0.715852
21707465,0.313785,0.616319,-0.107083,-0.714299
21715798,0.312550,0.614218,-0.108534,-0.716428
21724131,0.313734,0.616473,-0.107527,-0.714122
21732464,0.313175,0.614834,-0.108313,-0.715660
21740797,0.312947,0.615120,-0.108561,-0.715476
21749130,0.313692,0.616900,-0.107959,-0.713706
21757463,0.313716,0.617388,-0.108096,-0.713253
21765796,0.313328,0.617279,-0.108772,-0.713415
21774129,0.312673,0.615183,-0.108092,-0.715613
21782462,0.312531,0.615636,-0.108736,-0.715187
21790795,0.313059,0.616795,-0.108534,-0.713987
21799128,0.312930,0.615926,-0.108256,-0.714836
21807461,0.312178,0.614903,-0.108755,-0.715969
21815794,0.311677,0.614637,-0.109527,-0.716298
21824127,0.311767,0.614823,-0.109401,-0.716118
21832460,0.311271,0.613109,-0.108800,-0.717893
21840793,0.312133,0.614986,-0.108601,-0.715941
21849126,0.311613,0.614892,-0.109855,-0.716057
21857459,0.311956,0.614958,-0.109992,-0.715830
21865792,0.311616,0.614788,-0.110029,-0.716117
21874125,0.311721,0.615504,-0.110151,-0.715438
21882458,0.311466,0.614605,-0.110246,-0.716307
21890791,0.311691,0.614869,-0.110266,-0.715979
21899124,0.311540,0.615003,-0.110178,-0.715943
21907457,0.310477,0.612808,-0.111167,-0.718131
21915790,0.310999,0.613978,-0.111101,-0.716915
21924123,0.311118,0.614495,-0.111371,-0.716378
21932456,0.311474,0.615539,-0.111005,-0.715383
21940789,0.311123,0.614538,-0.111395,-0.716335
21949122,0.311154,0.614262,-0.111590,-0.716529
21957455,0.310624,0.612808,-0.111919,-0.717951
21965788,0.309912,0.611151,-0.113164,-0.719474
21974121,0.310860,0.612275,-0.111115,-0.718428
21982454,0.311811,0.614309,-0.109963,-0.716454
21990787,0.311789,0.615330,-0.110683,-0.715476
21999120,0.311602,0.614444,-0.110958,-0.716276
22007453,0.311470,0.615223,-0.111551,-0.715572
22015786,0.310939,0.614324,-0.112415,-0.716440
22024119,0.311460,0.614188,-0.111868,-0.716415
22032452,0.311038,0.613850,-0.112729,-0.716754
22040785,0.310888,0.615108,-0.113194,-0.715666
22049118,0.311253,0.614528,-0.112927,-0.716048
22057451,0.310775,0.614620,-0.114865,-0.715868
22065784,0.311628,0.615286,-0.113694,-0.715111
22074117,0.311369,0.615092,-0.113402,-0.715438
22082450,0.311493,0.615447,-0.114051,-0.714975
22090783,0.309990,0.613978,-0.116398,-0.716511
22099116,0.309327,0.612941,-0.116851,-0.717611
22107449,0.311381,0.615144,-0.113973,-0.715297
22115782,0.310344,0.613634,-0.115231,-0.716841
22124115,0.311383,0.614868,-0.114176,-0.715501
22132448,0.311333,0.614593,-0.114177,-0.715759
22140781,0.310742,0.613325,-0.114638,-0.717029
22149114,0.309645,0.612125,-0.116650,-0.718203
22157447,0.310455,0.613237,-0.115135,-0.717149
22165780,0.311209,0.613269,-0.114307,-0.716927
22174113,0.311560,0.614310,-0.114542,-0.715845
22182446,0.310636,0.612309,-0.114437,-0.717975
22190779,0.310451,0.611286,-0.114452,-0.718923
22199112,0.310095,0.610662,-0.115692,-0.719408
22207445,0.310856,0.611332,-0.114113,-0.718763
22215778,0.311527,0.612252,-0.114403,-0.717643
22224111,0.311739,0.613643,-0.114470,-0.716350
22232444,0.310895,0.612150,-0.115533,-0.717822
22240777,0.310534,0.611324,-0.114832,-0.718795
22249110,0.311018,0.611164,-0.113373,-0.718953
22257443,0.311587,0.612251,-0.113261,-0.717798
22265776,0.311741,0.613126,-0.113063,-0.717015
22274109,0.310880,0.611717,-0.114233,-0.718406
22282442,0.311379,0.613191,-0.113956,-0.716976
22290775,0.311899,0.613365,-0.113140,-0.716730
22299108,0.312004,0.613575,-0.113067,-0.716516
22307441,0.311277,0.613414,-0.114447,-0.716751
22315774,0.311553,0.613615,-0.114567,-0.716439
22324107,0.311623,0.612940,-0.112462,-0.717320
22332440,0.311257,0.613111,-0.114473,-0.717014
22340773,0.310965,0.613733,-0.115748,-0.716404
22349106,0.310862,0.613356,-0.115561,-0.716802
22357439,0.311790,0.614764,-0.113535,-0.715516
22365772,0.311186,0.613819,-0.114590,-0.716421
22374105,0.311526,0.613722,-0.113694,-0.716499
22382438,0.311151,0.613493,-0.115068,-0.716638
22390771,0.311798,0.614353,-0.114266,-0.715748
22399104,0.311668,0.614506,-0.114322,-0.715665
22407437,0.311896,0.615285,-0.114302,-0.714899
22415770,0.310777,0.613135,-0.114752,-0.717157
22424103,0.310289,0.612827,-0.115677,-0.717483
22432436,0.311161,0.614170,-0.114984,-0.716067
22440769,0.310977,0.614126,-0.116152,-0.715997
22449102,0.310366,0.612650,-0.115648,-0.717606
22457435,0.310784,0.613278,-0.115221,-0.716957
22465768,0.310451,0.613024,-0.114960,-0.717360
22474101,0.311567,0.614675,-0.114375,-0.715556
22482434,0.310252,0.612955,-0.115944,-0.717347
22490767,0.310745,0.613901,-0.115241,-0.716438
22499100,0.310602,0.613351,-0.115066,-0.716999
22507433,0.310984,0.614282,-0.114556,-0.716117
22515766,0.309968,0.612864,-0.117140,-0.717354
22524099,0.310482,0.613371,-0.115373,-0.716984
22532432,0.310654,0.613611,-0.114342,-0.716869
22540765,0.310177,0.613931,-0.115774,-0.716572
22549098,0.309018,0.612846,-0.116903,-0.717817
22557431,0.309615,0.612907,-0.115228,-0.717778
22565764,0.310050,0.613839,-0.114860,-0.716853
22574097,0.309585,0.611585,-0.114031,-0.719109
22582430,0.310189,0.612869,-0.113956,-0.717766
22590763,0.309439,0.612009,-0.115667,-0.718550
22599096,0.310032,0.613459,-0.114712,-0.717209
22607429,0.309724,0.613498,-0.114512,-0.717341
22615762,0.310150,0.613892,-0.114116,-0.716883
22624095,0.309594,0.613049,-0.115151,-0.717679
22632428,0.310414,0.614373,-0.114731,-0.716258
22640761,0.310567,0.613597,-0.114605,-0.716877
22649094,0.310578,0.614374,-0.115191,-0.716113
22657427,0.309819,0.613484,-0.115176,-0.717206
22665760,0.309739,0.613073,-0.115491,-0.717541
22674093,0.310270,0.613829,-0.115162,-0.716717
22682426,0.309366,0.613342,-0.116477,-0.717312
22690759,0.310172,0.614356,-0.115202,-0.716302
22699092,0.309096,0.613336,-0.117101,-0.717332
22707425,0.309331,0.613852,-0.116514,-0.716885
22715758,0.309001,0.613242,-0.116074,-0.717621
22724091,0.309943,0.613892,-0.115234,-0.716794
22732424,0.309446,0.613217,-0.115413,-0.717556
22740757,0.309961,0.613839,-0.114998,-0.716869
22749090,0.309267,0.613386,-0.115832,-0.717422
22757423,0.309172,0.613295,-0.115285,-0.717629
22765756,0.308704,0.612297,-0.116197,-0.718535
22774089,0.309065,0.613128,-0.117154,-0.717515
22782422,0.308975,0.612596,-0.117103,-0.718017
22790755,0.310157,0.614627,-0.115405,-0.716043
22799088,0.309521,0.612769,-0.116674,-0.717704
22807421,0.309885,0.612995,-0.115683,-0.717513
22815754,0.308826,0.612690,-0.117582,-0.717922
22824087,0.309300,0.612953,-0.116676,-0.717641
22832420,0.308970,0.612422,-0.116990,-0.718185
22840753,0.308935,0.612383,-0.116951,-0.718240
22849086,0.308600,0.611556,-0.117164,-0.719053
22857419,0.308924,0.611550,-0.116746,-0.718987
22865752,0.309283,0.611522,-0.116090,-0.718963
22874085,0.308675,0.611128,-0.117368,-0.719352
22882418,0.309503,0.611850,-0.116358,-0.718546
22890751,0.309903,0.611992,-0.116135,-0.718289
22899084,0.309445,0.611556,-0.116255,-0.718837
22907417,0.309802,0.611639,-0.116202,-0.718622
22915750,0.309806,0.612490,-0.115827,-0.717955
22924083,0.309132,0.611843,-0.117360,-0.718548
22932416,0.309594,0.611771,-0.116118,-0.718613
22940749,0.309457,0.612181,-0.116192,-0.718311
22949082,0.309010,0.611481,-0.116354,-0.719073
22957415,0.309159,0.612165,-0.115717,-0.718530
22965748,0.309557,0.613040,-0.114712,-0.717773
22974081,0.309840,0.612778,-0.114250,-0.717948
22982414,0.310093,0.612525,-0.114178,-0.718066
22990747,0.308649,0.611502,-0.116313,-0.719216
22999080,0.309566,0.612155,-0.114588,-0.718543
23007413,0.309617,0.612398,-0.114977,-0.718252
23015746,0.310271,0.613792,-0.113487,-0.717016
23024079,0.309729,0.611736,-0.114254,-0.718883
23032412,0.309239,0.611056,-0.115571,-0.719462
23040745,0.309693,0.611471,-0.115104,-0.718989
23049078,0.310076,0.611274,-0.115088,-0.718993
23057411,0.310517,0.611903,-0.115061,-0.718272
23065744,0.309807,0.609640,-0.114658,-0.720564
23074077,0.309708,0.609154,-0.114336,-0.721068
23082410,0.309863,0.610555,-0.116284,-0.719503
23090743,0.309397,0.610339,-0.115772,-0.719969
23099076,0.308693,0.608804,-0.115979,-0.721537
23107409,0.308289,0.608252,-0.115920,-0.722184
23115742,0.308931,0.611118,-0.116043,-0.719465
23124075,0.308941,0.612291,-0.115417,-0.718564
23132408,0.307913,0.610363,-0.115758,-0.720588
23140741,0.308355,0.611868,-0.114669,-0.719295
23149074,0.307777,0.610416,-0.114911,-0.720736
23157407,0.307817,0.611196,-0.114602,-0.720107
23165740,0.307563,0.611951,-0.113707,-0.719716
23174073,0.307748,0.613524,-0.113123,-0.718389
23182406,0.307278,0.612116,-0.113523,-0.719727
23190739,0.307165,0.610845,-0.113593,-0.720843
23199072,0.307533,0.612302,-0.113544,-0.719456
23207405,0.307346,0.611671,-0.113687,-0.720050
23215738,0.307761,0.612555,-0.113622,-0.719131
23224071,0.308484,0.614288,-0.113641,-0.717338
23232404,0.307882,0.613408,-0.114158,-0.718267
23240737,0.307570,0.612789,-0.114495,-0.718875
23249070,0.307493,0.612378,-0.114594,-0.719243
23257403,0.307602,0.612617,-0.114446,-0.719016
23265736,0.307877,0.612694,-0.114819,-0.718773
23274069,0.307007,0.612438,-0.114657,-0.719389
23282402,0.306513,0.611565,-0.114431,-0.720378
23290735,0.307040,0.612570,-0.114735,-0.719250
23299068,0.307329,0.612833,-0.114594,-0.718924
23307401,0.307253,0.613114,-0.114204,-0.718779
23315734,0.307118,0.612850,-0.115031,-0.718930
23324067,0.305953,0.610182,-0.114734,-0.721739
23332400,0.304445,0.611325,-0.117510,-0.720962
23340733,0.306328,0.612906,-0.115380,-0.719164
23349066,0.306243,0.612508,-0.115268,-0.719557
23357399,0.307044,0.613067,-0.115252,-0.718742
23365732,0.307004,0.613584,-0.114790,-0.718391
23374065,0.306058,0.613632,-0.116030,-0.718555
23382398,0.306359,0.613163,-0.116189,-0.718801
23390731,0.306141,0.612541,-0.115329,-0.719563
23399064,0.305909,0.611900,-0.114855,-0.720283
23407397,0.306890,0.613214,-0.114522,-0.718799
23415730,0.306571,0.613940,-0.116527,-0.717993
23424063,0.305905,0.613443,-0.117092,-0.718609
23432396,0.306370,0.612982,-0.116725,-0.718864
23440729,0.305579,0.612048,-0.116636,-0.720010
23449062,0.305516,0.613111,-0.117667,-0.718964
23457395,0.306268,0.613203,-0.115845,-0.718862
23465728,0.305478,0.613966,-0.116739,-0.718401
23474061,0.305848,0.613219,-0.115977,-0.719006
23482394,0.306796,0.613542,-0.115135,-0.718461
23490727,0.306680,0.614074,-0.115224,-0.718041
23499060,0.306304,0.613267,-0.115406,-0.718863
23507393,0.305059,0.613644,-0.117241,-0.718773
23515726,0.304674,0.613933,-0.117837,-0.718592
23524059,0.305309,0.612983,-0.116401,-0.719367
23532392,0.304618,0.613731,-0.117225,-0.718888
23540725,0.305875,0.613397,-0.115469,-0.718924
23549058,0.305613,0.612458,-0.115803,-0.719782
23557391,0.305604,0.612406,-0.115570,-0.719867
23565724,0.304868,0.610370,-0.115971,-0.721841
23574057,0.305601,0.612331,-0.115158,-0.719999
23582390,0.305953,0.613074,-0.115439,-0.719171
23590723,0.306207,0.613588,-0.115175,-0.718667
23599056,0.306176,0.613328,-0.115677,-0.718821
23607389,0.306063,0.611631,-0.116008,-0.720260
23615722,0.304896,0.610022,-0.118086,-0.721780
23624055,0.305042,0.610185,-0.118375,-0.721534
23632388,0.305430,0.609732,-0.117362,-0.721918
23640721,0.306168,0.612462,-0.116088,-0.719496
23649054,0.306205,0.612035,-0.116066,-0.719847
23657387,0.306354,0.613393,-0.116084,-0.718624
23665720,0.306408,0.614081,-0.115788,-0.718061
23674053,0.305929,0.612661,-0.115769,-0.719480
23682386,0.304996,0.613006,-0.117452,-0.719309
23690719,0.305707,0.612242,-0.115194,-0.720023
23699052,0.305516,0.610966,-0.115424,-0.721150
23707385,0.305082,0.609950,-0.116052,-0.722093
23715718,0.305213,0.610266,-0.116645,-0.721675
23724051,0.305742,0.612127,-0.116410,-0.719911
23732384,0.305607,0.611149,-0.115811,-0.720895
23740717,0.305109,0.609108,-0.115841,-0.722825
23749050,0.305245,0.609956,-0.116293,-0.721980
23757383,0.306132,0.612499,-0.117048,-0.719325
23765716,0.306447,0.611991,-0.115843,-0.719818
23774049,0.306243,0.612732,-0.115996,-0.719250
23782382,0.306003,0.613167,-0.116269,-0.718937
23790715,0.304951,0.611255,-0.116844,-0.720916
23799048,0.305202,0.611543,-0.115673,-0.720754
23807381,0.305804,0.613091,-0.115261,-0.719249
23815714,0.305334,0.612514,-0.115924,-0.719833
23824047,0.305688,0.612835,-0.114458,-0.719643
23832380,0.306020,0.613699,-0.114759,-0.718718
23840713,0.305794,0.613788,-0.114922,-0.718712
23849046,0.305810,0.613519,-0.115109,-0.718905
23857379,0.306005,0.613646,-0.115095,-0.718716
23865712,0.306916,0.614427,-0.115090,-0.717660
23874045,0.306557,0.613428,-0.114949,-0.718690
23882378,0.305975,0.612622,-0.115434,-0.719548
23890711,0.306285,0.613692,-0.115506,-0.718491
23899044,0.306254,0.613814,-0.116074,-0.718309
23907377,0.305401,0.609823,-0.115771,-0.722111
23915710,0.305202,0.609886,-0.115909,-0.722119
23924043,0.305189,0.610505,-0.116174,-0.721559
23932376,0.305881,0.611298,-0.115503,-0.720701
23940709,0.306230,0.612949,-0.115573,-0.719138
23949042,0.306245,0.611829,-0.114652,-0.720232
23957375,0.305922,0.611567,-0.115052,-0.720528
23965708,0.305198,0.611225,-0.115675,-0.721025
23974041,0.305338,0.611653,-0.115204,-0.720678
23982374,0.304537,0.609485,-0.115273,-0.722840
23990707,0.306225,0.612933,-0.114746,-0.719286
23999040,0.306242,0.613353,-0.114190,-0.719010
24007373,0.305997,0.613164,-0.114769,-0.719183
24015706,0.305865,0.613203,-0.115262,-0.719127
24024039,0.306024,0.613460,-0.115291,-0.718835
24032372,0.305757,0.612934,-0.116024,-0.719280
24040705,0.305201,0.610947,-0.115322,-0.721316
24049038,0.305875,0.612806,-0.115243,-0.719464
24057371,0.305564,0.612516,-0.115936,-0.719732
24065704,0.305573,0.612250,-0.116093,-0.719929
24074037,0.305347,0.612096,-0.116252,-0.720130
24082370,0.306528,0.613861,-0.115032,-0.718320
24090703,0.305873,0.612015,-0.115299,-0.720129
24099036,0.303465,0.609586,-0.117631,-0.722825
24107369,0.304383,0.611075,-0.115941,-0.721454
24115702,0.304590,0.611396,-0.115705,-0.721132
24124035,0.305355,0.613392,-0.115249,-0.719185
24132368,0.304655,0.610722,-0.115177,-0.721760
24140701,0.305011,0.612235,-0.115383,-0.720294
24149034,0.304896,0.611908,-0.115414,-0.720615
24157367,0.304791,0.612183,-0.116334,-0.720278
24165700,0.304939,0.611256,-0.116295,-0.721008
24174033,0.305157,0.611716,-0.115495,-0.720655
24182366,0.305180,0.612960,-0.115517,-0.719584
24190699,0.305143,0.613699,-0.115883,-0.718911
24199032,0.304603,0.611176,-0.117256,-0.721063
24207365,0.305251,0.612403,-0.116346,-0.719894
24215698,0.305683,0.611028,-0.115671,-0.720988
24224031,0.305718,0.613190,-0.115178,-0.719214
24232364,0.305318,0.612035,-0.114546,-0.720467
24240697,0.304357,0.610077,-0.115747,-0.722340
24249030,0.304828,0.610719,-0.116185,-0.721528
24257363,0.305117,0.611033,-0.116346,-0.721114
24265696,0.305392,0.612934,-0.115776,-0.719474
24274029,0.305544,0.611626,-0.115208,-0.720613
24282362,0.304767,0.610730,-0.115615,-0.721637
24290695,0.304193,0.609685,-0.116484,-0.722622
24299028,0.304543,0.610675,-0.115754,-0.721756
24307361,0.304402,0.610042,-0.115593,-0.722376
24315694,0.304799,0.611306,-0.115677,-0.721125
24324027,0.304072,0.610595,-0.117455,-0.721747
24332360,0.304305,0.610983,-0.118156,-0.721206
24340693,0.304177,0.610640,-0.117251,-0.721697
24349026,0.303245,0.608470,-0.118313,-0.723747
24357359,0.304323,0.610603,-0.117857,-0.721569
24365692,0.305280,0.612373,-0.117703,-0.719687
24374025,0.304512,0.610466,-0.118397,-0.721516
24382358,0.304414,0.610664,-0.118175,-0.721427
24390691,0.304120,0.610370,-0.117634,-0.721887
24399024,0.304522,0.611305,-0.117831,-0.720894
24407357,0.304589,0.611167,-0.118218,-0.720920
24415690,0.304029,0.610373,-0.118307,-0.721814
24424023,0.303792,0.609824,-0.118525,-0.722341
24432356,0.304473,0.610504,-0.118168,-0.721538
24440689,0.303593,0.608753,-0.118537,-0.723325
24449022,0.304078,0.609301,-0.118643,-0.722643
24457355,0.304966,0.610508,-0.118430,-0.721284
24465688,0.304604,0.609917,-0.118325,-0.721953
24474021,0.304882,0.610408,-0.118286,-0.721427
24482354,0.304424,0.610113,-0.118462,-0.721841
24490687,0.304890,0.610457,-0.118638,-0.721325
24499020,0.305356,0.611211,-0.118441,-0.720522
24507353,0.304924,0.610422,-0.117827,-0.721473
24515686,0.305079,0.610785,-0.118402,-0.721006
24524019,0.305045,0.610874,-0.119357,-0.720787
24532352,0.305094,0.610875,-0.119058,-0.720816
24540685,0.305001,0.611088,-0.118685,-0.720735
24549018,0.304414,0.610596,-0.118843,-0.721375
24557351,0.304891,0.611013,-0.118427,-0.720888
24565684,0.304513,0.610283,-0.118090,-0.721721
24574017,0.304578,0.610945,-0.117832,-0.721175
24582350,0.304879,0.610597,-0.118354,-0.721258
24590683,0.305022,0.610901,-0.118191,-0.720967
24599016,0.305160,0.611126,-0.118165,-0.720721
24607349,0.304760,0.610248,-0.118712,-0.721544
24615682,0.305094,0.610610,-0.118408,-0.721147
24624015,0.304700,0.608904,-0.119185,-0.722626
24632348,0.304972,0.609797,-0.119110,-0.721770
24640681,0.305199,0.610504,-0.118550,-0.721169
24649014,0.304839,0.609530,-0.118913,-0.722085
24657347,0.305356,0.610403,-0.118341,-0.721222
24665680,0.305233,0.610379,-0.118196,-0.721318
24674013,0.304865,0.609979,-0.119623,-0.721576
24682346,0.304939,0.609875,-0.119073,-0.721725
24690679,0.305237,0.610655,-0.118098,-0.721099
24699012,0.305089,0.610554,-0.118322,-0.721211
24707345,0.304667,0.610322,-0.119092,-0.721458
24715678,0.304716,0.610093,-0.118626,-0.721708
24724011,0.304884,0.610540,-0.118227,-0.721324
24732344,0.304741,0.609893,-0.118010,-0.721967
24740677,0.304730,0.610834,-0.118019,-0.721175
24749010,0.304746,0.610387,-0.117922,-0.721562
24757343,0.304676,0.610152,-0.117935,-0.721788
24765676,0.304763,0.610348,-0.117880,-0.721595
24774009,0.304976,0.610703,-0.117655,-0.721241
24782342,0.304853,0.610784,-0.117848,-0.721193
24790675,0.305680,0.611639,-0.116062,-0.720408
24799008,0.304934,0.610472,-0.117368,-0.721501
24807341,0.304729,0.610208,-0.117837,-0.721735
24815674,0.304908,0.610998,-0.117456,-0.721052
24824007,0.304648,0.610262,-0.117868,-0.721718
24832340,0.305470,0.611210,-0.116122,-0.720851
24840673,0.304771,0.610405,-0.117527,-0.721601
24849006,0.304822,0.611083,-0.117476,-0.721014
24857339,0.304696,0.610511,-0.117768,-0.721504
24865672,0.305240,0.611825,-0.118116,-0.720103
24874005,0.304727,0.611398,-0.118988,-0.720539
24882338,0.304841,0.611069,-0.118134,-0.720910
24890671,0.304672,0.611232,-0.118102,-0.720848
24899004,0.304738,0.611230,-0.117866,-0.720861
24907337,0.304421,0.610340,-0.118711,-0.721609
24915670,0.304575,0.610521,-0.118089,-0.721494
24924003,0.304515,0.610249,-0.118483,-0.721685
24932336,0.305237,0.611399,-0.116283,-0.720764
24940669,0.304890,0.610855,-0.117008,-0.721254
24949002,0.305525,0.611906,-0.117292,-0.720047
24957335,0.304694,0.610858,-0.118058,-0.721164
24965668,0.304553,0.611076,-0.118069,-0.721036
24974001,0.304642,0.611112,-0.117726,-0.721024
24982334,0.305055,0.611364,-0.117825,-0.720619
24990667,0.303937,0.610130,-0.118226,-0.722070
24999000,0.304258,0.610910,-0.118060,-0.721303
25007333,0.303755,0.610095,-0.118141,-0.722191
25015666,0.303733,0.610240,-0.118058,-0.722091
25023999,0.303792,0.610325,-0.117759,-0.722044
25032332,0.305192,0.612753,-0.116752,-0.719556
25040665,0.305253,0.612730,-0.117281,-0.719463
25048998,0.304525,0.611277,-0.117657,-0.720945
25057331,0.304397,0.611240,-0.117613,-0.721038
25065664,0.303778,0.610218,-0.117920,-0.722114
25073997,0.304355,0.611434,-0.117184,-0.720961
25082330,0.304575,0.611476,-0.117256,-0.720820
25090663,0.305411,0.613080,-0.116623,-0.719205
25098996,0.304752,0.611622,-0.117320,-0.720611
25107329,0.304562,0.611843,-0.117869,-0.720415
25115662,0.304482,0.611189,-0.117704,-0.721031
25123995,0.304375,0.610971,-0.117783,-0.721247
25132328,0.305152,0.612021,-0.116368,-0.720258
25140661,0.303974,0.610647,-0.117368,-0.721758
25148994,0.304140,0.610787,-0.117519,-0.721545
25157327,0.304182,0.611679,-0.118237,-0.720654
25165660,0.304923,0.612625,-0.117435,-0.719667
25173993,0.304578,0.611178,-0.118171,-0.720923
25182326,0.303619,0.609835,-0.117781,-0.722527
25190659,0.303853,0.610241,-0.117871,-0.722070
25198992,0.304317,0.610724,-0.117403,-0.721543
25207325,0.304381,0.610887,-0.117385,-0.721380
25215658,0.304216,0.610837,-0.117679,-0.721445
25223991,0.305024,0.611193,-0.117503,-0.720831
25232324,0.305383,0.612185,-0.117143,-0.719895
25240657,0.305173,0.611878,-0.117560,-0.720177
25248990,0.305287,0.611977,-0.117422,-0.720066
25257323,0.304753,0.610994,-0.117592,-0.721099
25265656,0.303971,0.610112,-0.117785,-0.722144
25273989,0.304414,0.610761,-0.117434,-0.721466
25282322,0.304584,0.611513,-0.116942,-0.720836
25290655,0.304097,0.610885,-0.117575,-0.721471
25298988,0.304272,0.611183,-0.117313,-0.721187
25307321,0.304658,0.612344,-0.117625,-0.719988
25315654,0.304064,0.610714,-0.118461,-0.721485
25323987,0.303549,0.610373,-0.117473,-0.722152
25332320,0.304369,0.611793,-0.117646,-0.720575
25340653,0.303848,0.611664,-0.118251,-0.720805
25348986,0.304143,0.611736,-0.117261,-0.720782
25357319,0.304253,0.611137,-0.116922,-0.721298
25365652,0.303986,0.610651,-0.117825,-0.721676
25373985,0.304318,0.610914,-0.117110,-0.721429
25382318,0.304373,0.610847,-0.117317,-0.721429
25390651,0.304810,0.612133,-0.117707,-0.720090
25398984,0.304997,0.612341,-0.117635,-0.719846
25407317,0.304575,0.611068,-0.117391,-0.721144
25415650,0.304218,0.610573,-0.118294,-0.721566
25423983,0.304165,0.610533,-0.118299,-0.721622
25432316,0.304344,0.610905,-0.117725,-0.721326
25440649,0.304935,0.612009,-0.117119,-0.720238
25448982,0.305258,0.612925,-0.116796,-0.719375
25457315,0.305216,0.612997,-0.116836,-0.719325
25465648,0.304586,0.611427,-0.117124,-0.720879
25473981,0.304949,0.612002,-0.117116,-0.720238
25482314,0.304802,0.611800,-0.116705,-0.720539
25490647,0.304892,0.612052,-0.117000,-0.720239
25498980,0.305006,0.612326,-0.117356,-0.719900
25507313,0.304516,0.611469,-0.117444,-0.720821
25515646,0.304584,0.611464,-0.117396,-0.720804
25523979,0.304320,0.610881,-0.117593,-0.721377
25532312,0.304293,0.611068,-0.117455,-0.721253
25540645,0.304396,0.611911,-0.116826,-0.720596
25548978,0.304334,0.611048,-0.116934,-0.721337
25557311,0.304283,0.610831,-0.116910,-0.721547
25565644,0.304175,0.610758,-0.117057,-0.721630
25573977,0.304632,0.611623,-0.117246,-0.720673
25582310,0.304221,0.610499,-0.117492,-0.721759
25590643,0.303483,0.610228,-0.117373,-0.722318
25598976,0.303762,0.610371,-0.117338,-0.722086
25607309,0.303896,0.609959,-0.117317,-0.722381
25615642,0.304177,0.610850,-0.116652,-0.721617
25623975,0.304096,0.610454,-0.116700,-0.721978
25632308,0.304043,0.610276,-0.116777,-0.722139
25640641,0.304112,0.610750,-0.116595,-0.721738
25648974,0.304232,0.611355,-0.116709,-0.721156
25657307,0.304892,0.612148,-0.116677,-0.720210
25665640,0.304469,0.611105,-0.116748,-0.721262
25673973,0.304740,0.611299,-0.116135,-0.721082
25682306,0.303570,0.609609,-0.117929,-0.722713
25690639,0.304397,0.611247,-0.117271,-0.721087
25698972,0.304544,0.611062,-0.116933,-0.721237
25707305,0.304949,0.612025,-0.117024,-0.720234
25715638,0.304419,0.611281,-0.117126,-0.721073
25723971,0.303408,0.610068,-0.117773,-0.722420
25732304,0.303967,0.610775,-0.117268,-0.721669
25740637,0.304282,0.611001,-0.117127,-0.721368
25748970,0.304494,0.611726,-0.116674,-0.720737
25757303,0.304670,0.611833,-0.116988,-0.720521
25765636,0.304609,0.611583,-0.117254,-0.720716
25773969,0.304247,0.610742,-0.117231,-0.721585
25782302,0.304196,0.610565,-0.117131,-0.721772
25790635,0.304094,0.610868,-0.117308,-0.721530
25798968,0.304197,0.610078,-0.116950,-0.722213
25807301,0.303824,0.610054,-0.116782,-0.722417
25815634,0.304041,0.610349,-0.117108,-0.722025
25823967,0.304206,0.610130,-0.117156,-0.722133
25832300,0.304627,0.611052,-0.116970,-0.721204
25840633,0.304557,0.611271,-0.116548,-0.721117
25848966,0.304113,0.610504,-0.117265,-0.721838
25857299,0.304410,0.611205,-0.116743,-0.721203
25865632,0.304131,0.610648,-0.117389,-0.721688
25873965,0.304618,0.611584,-0.116970,-0.720758
25882298,0.303877,0.610598,-0.117395,-0.721836
25890631,0.304143,0.611189,-0.116585,-0.721355
25898964,0.303209,0.609600,-0.117566,-0.722932
25907297,0.303888,0.610610,-0.116504,-0.721965
25915630,0.303187,0.608855,-0.117429,-0.723591
25923963,0.303849,0.609951,-0.116539,-0.722533
25932296,0.303236,0.608993,-0.116745,-0.723565
25940629,0.303548,0.609943,-0.116945,-0.722601
25948962,0.303222,0.608940,-0.118017,-0.723409
25957295,0.302886,0.608324,-0.117993,-0.724072
25965628,0.302526,0.607978,-0.118246,-0.724471
25973961,0.303079,0.608632,-0.118040,-0.723724
25982294,0.303111,0.608758,-0.118097,-0.723596
25990627,0.302582,0.607864,-0.117800,-0.724616
25998960,0.302647,0.608315,-0.117421,-0.724272
26007293,0.303388,0.609370,-0.116568,-0.723212
26015626,0.302697,0.608493,-0.118017,-0.724005
26023959,0.302604,0.608424,-0.117549,-0.724178
26032292,0.302485,0.608206,-0.117749,-0.724378
26040625,0.302835,0.607646,-0.118279,-0.724615
26048958,0.302898,0.608769,-0.117360,-0.723795
26057291,0.302978,0.608856,-0.117917,-0.723598
26065624,0.303433,0.608850,-0.116984,-0.723564
26073957,0.302962,0.608625,-0.117212,-0.723914
26082290,0.303550,0.610175,-0.116596,-0.722460
26090623,0.303266,0.609418,-0.116618,-0.723215
26098956,0.303657,0.610132,-0.116337,-0.722494
26107289,0.302482,0.607234,-0.117496,-0.725235
26115622,0.302872,0.608281,-0.118128,-0.724092
26123955,0.302895,0.608669,-0.117222,-0.723904
26132288,0.303530,0.610156,-0.116472,-0.722505
26140621,0.303160,0.608953,-0.116724,-0.723634
26148954,0.302810,0.608653,-0.117078,-0.723975
26157287,0.302689,0.608707,-0.117079,-0.723980
26165620,0.303172,0.609604,-0.117630,-0.722933
26173953,0.302162,0.607249,-0.118442,-0.725202
26182286,0.302327,0.607654,-0.117615,-0.724929
26190619,0.302849,0.608734,-0.116715,-0.723950
26198952,0.302619,0.608310,-0.117356,-0.724298
26207285,0.302459,0.608377,-0.118144,-0.724181
26215618,0.302515,0.608655,-0.117656,-0.724003
26223951,0.302632,0.608649,-0.117367,-0.724006
26232284,0.302614,0.607649,-0.117595,-0.724816
26240617,0.302789,0.608370,-0.117322,-0.724182
26248950,0.302133,0.607047,-0.117803,-0.725487
26257283,0.302097,0.606476,-0.118010,-0.725946
26265616,0.303257,0.608769,-0.117321,-0.723651
26273949,0.302706,0.608280,-0.117680,-0.724235
26282282,0.302160,0.607855,-0.118811,-0.724635
26290615,0.301650,0.606482,-0.119267,-0.725922
26298948,0.302373,0.607553,-0.118289,-0.724885
26307281,0.302314,0.608073,-0.118566,-0.724428
26315614,0.302205,0.608067,-0.118149,-0.724546
26323947,0.302594,0.608681,-0.118466,-0.723816
26332280,0.302209,0.608064,-0.118662,-0.724463
26340613,0.302237,0.607080,-0.119011,-0.725220
26348946,0.302507,0.607849,-0.118369,-0.724567
26357279,0.302620,0.607583,-0.118707,-0.724688
26365612,0.302377,0.606617,-0.120276,-0.725340
26373945,0.302467,0.606252,-0.121041,-0.725480
26382278,0.302140,0.605379,-0.121285,-0.726304
26390611,0.302993,0.606683,-0.121037,-0.724901
26398944,0.303264,0.607374,-0.122150,-0.724022
26407277,0.303380,0.607432,-0.122669,-0.723837
26415610,0.304191,0.609696,-0.123549,-0.721439
26423943,0.304361,0.609749,-0.123748,-0.721289
26432276,0.304749,0.610352,-0.124007,-0.720570
26440609,0.304263,0.610460,-0.125019,-0.720508
26448942,0.302993,0.609886,-0.125531,-0.721440
26457275,0.302025,0.610044,-0.126299,-0.721579
26465608,0.301254,0.610506,-0.127065,-0.721376
26473941,0.300813,0.610935,-0.128754,-0.720897
26482274,0.300427,0.610242,-0.129359,-0.721536
26490607,0.299889,0.611068,-0.128699,-0.721179
26498940,0.298863,0.611100,-0.128393,-0.721632
26507273,0.296753,0.610610,-0.129581,-0.722704
26515606,0.295340,0.610039,-0.129212,-0.723831
26523939,0.295253,0.609299,-0.127417,-0.724808
26532272,0.294388,0.609657,-0.127796,-0.724791
26540605,0.296283,0.612125,-0.124191,-0.722562
26548938,0.297411,0.615743,-0.123188,-0.719189
26557271,0.296550,0.616346,-0.124896,-0.718733
26565604,0.296634,0.615974,-0.124130,-0.719150
26573937,0.297804,0.618227,-0.122431,-0.717021
26582270,0.297484,0.617669,-0.122957,-0.717545
26590603,0.297149,0.619238,-0.123989,-0.716152
26598936,0.296066,0.617887,-0.125068,-0.717578
26607269,0.295665,0.616507,-0.125204,-0.718906
26615602,0.295481,0.616910,-0.125143,-0.718646
26623935,0.295887,0.617595,-0.123647,-0.718149
26632268,0.295664,0.617256,-0.125827,-0.718154
26640601,0.294644,0.616062,-0.126136,-0.719544
26648934,0.294213,0.615824,-0.125982,-0.719950
26657267,0.294625,0.617640,-0.124431,-0.718494
26665600,0.294272,0.616868,-0.123798,-0.719411
26673933,0.295508,0.619484,-0.124520,-0.716526
26682266,0.294480,0.619138,-0.124639,-0.717227
26690599,0.293802,0.619298,-0.124381,-0.717412
26698932,0.293295,0.619088,-0.124354,-0.717805
26707265,0.292571,0.617434,-0.124428,-0.719511
26715598,0.289804,0.613420,-0.125684,-0.723832
26723931,0.290609,0.615917,-0.125179,-0.721473
26732264,0.290219,0.615820,-0.125980,-0.721573
26740597,0.289336,0.615590,-0.126112,-0.722101
26748930,0.289612,0.615932,-0.125167,-0.721863
26757263,0.289616,0.616198,-0.124734,-0.721709
26765596,0.289001,0.615217,-0.124131,-0.722896
26773929,0.289064,0.616533,-0.123964,-0.721777
26782262,0.286601,0.614014,-0.126333,-0.724491
26790595,0.286135,0.614022,-0.126373,-0.724661
26798928,0.286555,0.614786,-0.125490,-0.724000
26807261,0.286133,0.614639,-0.125567,-0.724278
26815594,0.286068,0.615962,-0.125753,-0.723147
26823927,0.286089,0.615166,-0.124437,-0.724043
26832260,0.286721,0.615144,-0.122922,-0.724071
26840593,0.286960,0.617961,-0.122134,-0.721707
26848926,0.286216,0.617967,-0.122442,-0.721946
26857259,0.285877,0.618189,-0.122993,-0.721796
26865592,0.285181,0.617270,-0.122245,-0.722984
26873925,0.286290,0.620002,-0.120552,-0.720488
26882258,0.285641,0.619560,-0.119707,-0.721267
26890591,0.286011,0.621098,-0.119747,-0.719789
26898924,0.285820,0.620859,-0.119520,-0.720109
26907257,0.286355,0.622010,-0.118083,-0.719139
26915590,0.285132,0.620128,-0.118531,-0.721173
26923923,0.285168,0.621261,-0.118224,-0.720234
26932256,0.285145,0.622724,-0.118205,-0.718982
26940589,0.285230,0.621858,-0.118432,-0.719659
26948922,0.284940,0.622744,-0.118406,-0.719012
26957255,0.284507,0.623234,-0.118458,-0.718751
26965588,0.284033,0.622543,-0.118491,-0.719531
26973921,0.283661,0.622848,-0.118465,-0.719418
26982254,0.283013,0.623718,-0.119192,-0.718799
26990587,0.282321,0.623502,-0.120516,-0.719038
26998920,0.281528,0.623918,-0.120327,-0.719020
27007253,0.282280,0.627059,-0.118377,-0.716311
27015586,0.282261,0.626619,-0.117886,-0.716784
27023919,0.281654,0.625782,-0.118136,-0.717713
27032252,0.281482,0.626034,-0.117938,-0.717593
27040585,0.280381,0.623857,-0.119247,-0.719701
27048918,0.280160,0.624374,-0.118869,-0.719401
27057251,0.280130,0.623997,-0.118038,-0.719877
27065584,0.280335,0.625975,-0.117837,-0.718110
27073917,0.280942,0.626564,-0.117269,-0.717452
27082250,0.280946,0.626673,-0.117364,-0.717340
27090583,0.280437,0.627331,-0.117103,-0.717006
27098916,0.281392,0.626975,-0.115364,-0.717226
27107249,0.281322,0.628398,-0.114340,-0.716170
27115582,0.280916,0.628131,-0.114727,-0.716502
27123915,0.280963,0.628340,-0.113903,-0.716432
27132248,0.281063,0.628645,-0.113112,-0.716251
27140581,0.280543,0.628378,-0.114234,-0.716511
27148914,0.280346,0.628071,-0.114091,-0.716879
27157247,0.279904,0.626886,-0.114527,-0.718019
27165580,0.279905,0.626883,-0.114367,-0.718047
27173913,0.279984,0.627437,-0.114112,-0.717572
27182246,0.280313,0.628607,-0.113241,-0.716557
27190579,0.280047,0.627691,-0.113777,-0.717379
27198912,0.279800,0.628199,-0.113510,-0.717073
27207245,0.279868,0.628395,-0.113628,-0.716856
27215578,0.280262,0.629031,-0.113438,-0.716174
27223911,0.279418,0.627396,-0.115316,-0.717636
27232244,0.280226,0.628822,-0.114065,-0.716272
27240577,0.280441,0.629245,-0.113648,-0.715882
27248910,0.280630,0.630137,-0.114050,-0.714959
27257243,0.280564,0.629678,-0.113768,-0.715434
27265576,0.280654,0.629671,-0.113335,-0.715474
27273909,0.280493,0.629605,-0.113691,-0.715539
27282242,0.280440,0.630413,-0.113472,-0.714882
27290575,0.280162,0.630564,-0.113475,-0.714858
27298908,0.279977,0.629821,-0.113092,-0.715646
27307241,0.280039,0.629559,-0.113187,-0.715837
27315574,0.280091,0.629604,-0.112949,-0.715815
27323907,0.280245,0.630803,-0.112582,-0.714756
27332240,0.280009,0.629405,-0.112856,-0.716036
27340573,0.280344,0.630217,-0.112741,-0.715208
27348906,0.280576,0.630728,-0.112274,-0.714741
27357239,0.280748,0.630878,-0.112357,-0.714527
27365572,0.280706,0.630238,-0.112225,-0.715130
27373905,0.280762,0.630476,-0.112178,-0.714904
27382238,0.280174,0.629237,-0.113591,-0.716003
27390571,0.280895,0.630095,-0.112553,-0.715130
27398904,0.281112,0.629460,-0.112218,-0.715656
27407237,0.281677,0.630345,-0.111949,-0.714696
27415570,0.281395,0.629864,-0.113086,-0.715053
27423903,0.280598,0.628206,-0.116168,-0.716329
27432236,0.280684,0.627867,-0.116243,-0.716580
27440569,0.281795,0.629653,-0.112377,-0.715192
27448902,0.282234,0.629056,-0.112787,-0.715480
27457235,0.281962,0.627914,-0.115702,-0.716125
27465568,0.282565,0.629221,-0.113947,-0.715020
27473901,0.282438,0.628059,-0.115027,-0.715918
27482234,0.283442,0.629023,-0.113559,-0.714909
27490567,0.284297,0.629783,-0.112685,-0.714038
27498900,0.284316,0.629482,-0.113059,-0.714237
27507233,0.284825,0.630054,-0.112819,-0.713568
27515566,0.284858,0.630278,-0.112832,-0.713354
27523899,0.284805,0.630150,-0.112984,-0.713465
27532232,0.285131,0.630248,-0.112509,-0.713323
27540565,0.284851,0.628797,-0.112718,-0.714681
27548898,0.284957,0.628942,-0.112898,-0.714483
27557231,0.284520,0.628201,-0.114090,-0.715119
27565564,0.284778,0.628736,-0.113853,-0.714584
27573897,0.284702,0.628279,-0.114069,-0.714982
27582230,0.284972,0.628976,-0.113671,-0.714324
27590563,0.285139,0.628876,-0.113520,-0.714369
27598896,0.285022,0.628944,-0.113348,-0.714384
27607229,0.284651,0.628600,-0.114017,-0.714728
27615562,0.283908,0.627294,-0.113987,-0.716174
27623895,0.283763,0.625625,-0.114625,-0.717588
27632228,0.285226,0.628911,-0.114074,-0.714216
27640561,0.284623,0.627809,-0.114192,-0.715406
27648894,0.284375,0.627749,-0.114804,-0.715459
27657227,0.285587,0.629211,-0.112950,-0.713986
27665560,0.284853,0.629486,-0.114762,-0.713748
27673893,0.285295,0.629335,-0.114131,-0.713806
27682226,0.284005,0.628011,-0.116522,-0.715099
27690559,0.283337,0.626955,-0.116970,-0.716216
27698892,0.282619,0.625351,-0.116747,-0.717936
27707225,0.284515,0.628550,-0.115166,-0.714642
27715558,0.283876,0.627395,-0.116708,-0.715660
27723891,0.283128,0.628342,-0.118662,-0.714804
27732224,0.283861,0.629090,-0.117092,-0.714114
27740557,0.283311,0.627852,-0.117865,-0.715293
27748890,0.282450,0.626608,-0.117644,-0.716759
27757223,0.282574,0.625755,-0.117302,-0.717511
27765556,0.283007,0.627426,-0.118634,-0.715660
27773889,0.283121,0.627174,-0.118875,-0.715796
27782222,0.284302,0.628586,-0.117831,-0.714260
27790555,0.285049,0.628547,-0.117648,-0.714027
27798888,0.284178,0.627289,-0.117139,-0.715562
27807221,0.285047,0.627452,-0.116633,-0.715156
27815554,0.285675,0.628526,-0.116841,-0.713928
27823887,0.285688,0.628654,-0.116863,-0.713806
27832220,0.286503,0.629109,-0.115660,-0.713274
27840553,0.285908,0.628476,-0.116439,-0.713945
27848886,0.285578,0.627420,-0.116500,-0.714995
27857219,0.286571,0.629001,-0.115435,-0.713379
27865552,0.287531,0.630535,-0.114703,-0.711755
27873885,0.287578,0.630448,-0.115044,-0.711758
27882218,0.285456,0.627018,-0.117675,-0.715204
27890551,0.285029,0.625586,-0.117996,-0.716574
27898884,0.285772,0.626844,-0.117619,-0.715239
27907217,0.287272,0.629032,-0.115643,-0.713036
27915550,0.287077,0.628688,-0.115713,-0.713407
27923883,0.286653,0.627797,-0.117287,-0.714104
27932216,0.286480,0.627141,-0.117607,-0.714697
27940549,0.286081,0.626103,-0.118155,-0.715676
27948882,0.287771,0.628843,-0.117472,-0.712702
27957215,0.288107,0.630074,-0.117707,-0.711440
27965548,0.288133,0.629777,-0.117994,-0.711644
27973881,0.287347,0.629013,-0.118777,-0.712507
27982214,0.288047,0.629225,-0.118381,-0.712103
27990547,0.287098,0.626800,-0.118359,-0.714624
27998880,0.288954,0.630004,-0.116586,-0.711343
28007213,0.288081,0.629398,-0.118403,-0.711933
28015546,0.287425,0.628280,-0.119301,-0.713034
28023879,0.286628,0.626503,-0.120375,-0.714736
28032212,0.287596,0.626740,-0.118406,-0.714469
28040545,0.287623,0.626999,-0.118957,-0.714139
28048878,0.287471,0.626915,-0.118734,-0.714311
28057211,0.287480,0.626270,-0.118580,-0.714898
28065544,0.287427,0.626270,-0.118677,-0.714904
28073877,0.287405,0.627137,-0.120044,-0.713924
28082210,0.287180,0.626602,-0.120673,-0.714378
28090543,0.286962,0.626681,-0.120139,-0.714486
28098876,0.286915,0.625972,-0.119764,-0.715189
28107209,0.286742,0.625727,-0.119697,-0.715484
28115542,0.286429,0.624990,-0.120083,-0.716188
28123875,0.286711,0.625321,-0.119749,-0.715843
28132208,0.286937,0.625820,-0.119407,-0.715373
28140541,0.287671,0.626789,-0.118953,-0.714304
28148874,0.287594,0.625848,-0.118353,-0.715260
28157207,0.287620,0.625771,-0.118470,-0.715297
28165540,0.287888,0.625931,-0.118129,-0.715106
28173873,0.287257,0.626428,-0.118980,-0.714783
28182206,0.287074,0.625480,-0.119654,-0.715575
28190539,0.287487,0.626304,-0.119092,-0.714781
28198872,0.288072,0.626014,-0.118618,-0.714878
28207205,0.287895,0.625700,-0.118532,-0.715238
28215538,0.289090,0.628007,-0.119029,-0.712647
28223871,0.288675,0.628040,-0.119199,-0.712758
28232204,0.287889,0.627598,-0.119954,-0.713339
28240537,0.288847,0.629369,-0.119301,-0.711498
28248870,0.289501,0.629678,-0.116933,-0.711352
28257203,0.288408,0.626972,-0.118033,-0.713999
28265536,0.288122,0.626059,-0.118159,-0.714895
28273869,0.288352,0.628828,-0.119594,-0.712127
28282202,0.289554,0.629540,-0.118073,-0.711264
28290535,0.288298,0.627242,-0.118871,-0.713667
28298868,0.288096,0.626271,-0.119068,-0.714569
28307201,0.287934,0.625331,-0.118762,-0.715508
28315534,0.288045,0.626890,-0.118961,-0.714064
28323867,0.288142,0.626901,-0.118732,-0.714053
28332200,0.287761,0.625950,-0.119097,-0.714980
28340533,0.287671,0.625975,-0.119028,-0.715006
28348866,0.288822,0.628532,-0.119776,-0.712168
28357199,0.288175,0.626441,-0.118950,-0.714407
28365532,0.288076,0.626365,-0.118608,-0.714571
28373865,0.289269,0.629346,-0.118102,-0.711547
28382198,0.287853,0.626772,-0.118803,-0.714271
28390531,0.287712,0.626032,-0.118443,-0.715037
28398864,0.288690,0.627899,-0.116833,-0.713268
28407197,0.288459,0.627020,-0.117231,-0.714069
28415530,0.288853,0.628124,-0.116585,-0.713045
28423863,0.287810,0.627443,-0.118670,-0.713722
28432196,0.287548,0.626672,-0.119297,-0.714400
28440529,0.287448,0.626661,-0.119331,-0.714444
28448862,0.288576,0.628426,-0.119287,-0.712443
28457195,0.288012,0.626994,-0.118939,-0.713990
28465528,0.287842,0.628493,-0.119780,-0.712599
28473861,0.287681,0.627427,-0.119222,-0.713695
28482194,0.288308,0.628444,-0.119831,-0.712444
28490527,0.287556,0.626386,-0.119276,-0.714651
28498860,0.288933,0.629113,-0.118272,-0.711861
28507193,0.287681,0.627429,-0.118961,-0.713737
28515526,0.288411,0.627964,-0.119070,-0.712953
28523859,0.287314,0.625835,-0.119596,-0.715177
28532192,0.286906,0.626004,-0.119462,-0.715215
28540525,0.287090,0.625459,-0.119202,-0.715661
28548858,0.287637,0.625987,-0.118677,-0.715067
28557191,0.287427,0.626498,-0.118663,-0.714706
28565524,0.287140,0.625566,-0.119449,-0.715506
28573857,0.287223,0.625034,-0.118824,-0.716042
28582190,0.287053,0.625312,-0.118771,-0.715876
28590523,0.286971,0.625918,-0.120156,-0.715149
28598856,0.287317,0.625336,-0.118884,-0.715730
28607189,0.288519,0.628244,-0.117098,-0.712989
28615522,0.287858,0.626691,-0.118382,-0.714410
28623855,0.287504,0.626300,-0.119359,-0.714732
28632188,0.286541,0.624970,-0.119461,-0.716265
28640521,0.286983,0.625616,-0.119694,-0.715485
28648854,0.286400,0.625766,-0.119738,-0.715580
28657187,0.286550,0.625965,-0.119270,-0.715425
28665520,0.286434,0.624863,-0.119134,-0.716456
28673853,0.286549,0.624412,-0.119203,-0.716792
28682186,0.286834,0.624561,-0.118655,-0.716639
28690519,0.287009,0.625923,-0.118888,-0.715340
28698852,0.287226,0.626038,-0.118753,-0.715175
28707185,0.287057,0.625488,-0.118892,-0.715701
28715518,0.286955,0.624495,-0.118662,-0.716646
28723851,0.288308,0.626972,-0.118492,-0.713964
28732184,0.287851,0.625963,-0.118996,-0.714949
28740517,0.287567,0.625414,-0.118612,-0.715607
28748850,0.288626,0.627573,-0.118939,-0.713232
28757183,0.287668,0.625730,-0.118980,-0.715229
28765516,0.287930,0.626841,-0.120022,-0.713976
28773849,0.288166,0.627522,-0.119428,-0.713382
28782182,0.287616,0.626085,-0.118629,-0.714998
28790515,0.288420,0.627072,-0.118347,-0.713854
28798848,0.288441,0.628295,-0.119322,-0.712607
28807181,0.287657,0.626892,-0.119219,-0.714176
28815514,0.288035,0.627463,-0.119413,-0.713489
28823847,0.288681,0.628050,-0.118233,-0.712908
28832180,0.287810,0.625629,-0.118392,-0.715358
28840513,0.287287,0.624708,-0.118638,-0.716331
28848846,0.287437,0.626265,-0.119012,-0.714848
28857179,0.287128,0.626277,-0.119693,-0.714848
28865512,0.287903,0.626988,-0.119515,-0.713943
28873845,0.288528,0.628231,-0.118963,-0.712688
28882178,0.288215,0.628385,-0.119336,-0.712618
28890511,0.288315,0.627453,-0.118861,-0.713477
28898844,0.287239,0.626306,-0.119006,-0.714893
28907177,0.287862,0.627813,-0.119307,-0.713269
28915510,0.287977,0.626504,-0.119385,-0.714359
28923843,0.288185,0.628089,-0.119393,-0.712881
28932176,0.288300,0.628103,-0.119619,-0.712784
28940509,0.288292,0.627232,-0.118895,-0.713675
28948842,0.288256,0.627268,-0.118571,-0.713712
28957175,0.286986,0.624920,-0.119616,-0.716105
28965508,0.287885,0.627044,-0.119962,-0.713825
28973841,0.287405,0.625257,-0.119592,-0.715647
28982174,0.288241,0.627568,-0.119486,-0.713301
28990507,0.288577,0.628618,-0.119454,-0.712245
28998840,0.287693,0.626471,-0.119322,-0.714514
29007173,0.287437,0.625309,-0.118918,-0.715701
29015506,0.288537,0.627426,-0.118687,-0.713439
29023839,0.289219,0.628652,-0.118510,-0.712112
29032172,0.288627,0.627929,-0.119078,-0.712896
29040505,0.288708,0.627859,-0.118409,-0.713036
29048838,0.288390,0.628675,-0.119330,-0.712291
29057171,0.287304,0.626212,-0.119416,-0.714881
29065504,0.287099,0.624571,-0.119002,-0.716466
29073837,0.287289,0.625290,-0.118505,-0.715845
29082170,0.286702,0.624813,-0.120153,-0.716222
29090503,0.286961,0.624662,-0.119147,-0.716418
29098836,0.287786,0.626496,-0.118839,-0.714534
29107169,0.288250,0.628405,-0.119462,-0.712564
29115502,0.288092,0.627335,-0.119441,-0.713574
29123835,0.288307,0.627835,-0.119488,-0.713039
29132168,0.288119,0.627223,-0.118883,-0.713755
29140501,0.288366,0.627387,-0.118585,-0.713560
29148834,0.287418,0.625342,-0.118612,-0.715730
29157167,0.287829,0.627130,-0.119576,-0.713838
29165500,0.288672,0.628748,-0.119081,-0.712155
29173833,0.287715,0.626343,-0.118697,-0.714721
29182166,0.287522,0.626407,-0.119163,-0.714664
29190499,0.287345,0.625043,-0.118538,-0.716032
29198832,0.288298,0.627503,-0.119355,-0.713358
29207165,0.287215,0.625708,-0.119153,-0.715402
29215498,0.287013,0.624944,-0.119406,-0.716108
29223831,0.287352,0.624845,-0.118239,-0.716252
29232164,0.288211,0.627396,-0.118817,-0.713576
29240497,0.287433,0.625549,-0.118579,-0.715549
29248830,0.286972,0.625544,-0.119183,-0.715637
29257163,0.286907,0.624753,-0.118935,-0.716396
29265496,0.286746,0.625126,-0.119355,-0.716065
29273829,0.286387,0.624960,-0.119822,-0.716275
29282162,0.286454,0.625321,-0.119183,-0.716040
29290495,0.286689,0.624010,-0.119189,-0.717087
29298828,0.287619,0.626165,-0.119202,-0.714831
29307161,0.288292,0.627532,-0.118019,-0.713557
29315494,0.287599,0.625422,-0.117797,-0.715722
29323827,0.287130,0.623983,-0.118517,-0.717046
29332160,0.287616,0.624963,-0.118155,-0.716057
29340493,0.287519,0.624543,-0.118187,-0.716457
29348826,0.287479,0.624603,-0.118249,-0.716411
29357159,0.287602,0.624875,-0.118203,-0.716132
29365492,0.287290,0.624414,-0.118707,-0.716575
29373825,0.287376,0.625416,-0.118928,-0.715630
29382158,0.287089,0.624704,-0.119149,-0.716330
29390491,0.287085,0.624504,-0.118870,-0.716552
29398824,0.287134,0.625216,-0.118536,-0.715967
29407157,0.287107,0.624453,-0.118459,-0.716656
29415490,0.287045,0.624339,-0.118373,-0.716794
29423823,0.286955,0.624155,-0.118229,-0.717014
29432156,0.286502,0.624764,-0.119254,-0.716495
29440489,0.286662,0.624199,-0.118095,-0.717115
29448822,0.288102,0.627677,-0.118632,-0.713404
29457155,0.287779,0.625942,-0.118392,-0.715097
29465488,0.286981,0.624468,-0.118951,-0.716612
29473821,0.288250,0.627354,-0.118614,-0.713631
29482154,0.287408,0.625670,-0.118623,-0.715446
29490487,0.287045,0.625060,-0.118895,-0.716079
29498820,0.286949,0.624977,-0.118524,-0.716251
29507153,0.286857,0.624449,-0.118686,-0.716721
29515486,0.287109,0.624947,-0.118556,-0.716208
29523819,0.287176,0.624626,-0.118345,-0.716497
29532152,0.287138,0.624490,-0.118423,-0.716617
29540485,0.286972,0.625820,-0.118940,-0.715437
29548818,0.287349,0.626626,-0.118839,-0.714596
29557151,0.287174,0.625722,-0.118763,-0.715470
29565484,0.286941,0.624347,-0.118205,-0.716856
29573817,0.287070,0.624349,-0.118137,-0.716814
29582150,0.287182,0.624358,-0.118170,-0.716757
29590483,0.288603,0.626678,-0.117862,-0.714207
29598816,0.287835,0.626138,-0.119199,-0.714768
29607149,0.287666,0.625921,-0.119281,-0.715013
29615482,0.287233,0.625188,-0.120106,-0.715689
29623815,0.287626,0.625743,-0.119043,-0.715224
29632148,0.288768,0.628072,-0.118875,-0.712746
29640481,0.289134,0.628853,-0.118547,-0.711964
29648814,0.288444,0.627327,-0.118011,-0.713677
29657147,0.287787,0.625084,-0.118268,-0.715864
29665480,0.288475,0.626468,-0.119014,-0.714252
29673813,0.289104,0.627701,-0.118437,-0.713010
29682146,0.287857,0.626222,-0.118791,-0.714754
29690479,0.288629,0.627796,-0.119381,-0.712961
29698812,0.289064,0.628734,-0.119349,-0.711963
29707145,0.289168,0.628196,-0.118651,-0.712512
29715478,0.289358,0.628642,-0.118858,-0.712007
29723811,0.289779,0.628582,-0.119512,-0.711779
29732144,0.289812,0.628809,-0.119497,-0.711568
29740477,0.289933,0.629513,-0.119762,-0.710851
29748810,0.289688,0.629362,-0.120202,-0.711011
29757143,0.290138,0.629754,-0.119647,-0.710573
29765476,0.288864,0.627614,-0.120371,-0.712860
29773809,0.289520,0.627408,-0.119789,-0.712873
29782142,0.290048,0.627752,-0.119709,-0.712369
29790475,0.290023,0.627142,-0.119354,-0.712975
29798808,0.290425,0.628351,-0.118814,-0.711837
29807141,0.290261,0.628255,-0.119542,-0.711866
29815474,0.290131,0.628274,-0.119483,-0.711912
29823807,0.290054,0.627465,-0.119027,-0.712734
29832140,0.290109,0.628619,-0.119647,-0.711589
29840473,0.289290,0.627454,-0.120337,-0.712834
29848806,0.290125,0.627932,-0.118883,-0.712317
29857139,0.290417,0.629027,-0.119392,-0.711146
29865472,0.290467,0.628434,-0.118496,-0.711800
29873805,0.290166,0.629142,-0.119669,-0.711100
29882138,0.290089,0.627966,-0.120194,-0.712082
29890471,0.291303,0.629932,-0.117668,-0.710270
29898804,0.291358,0.630253,-0.117486,-0.709992
29907137,0.290835,0.629770,-0.118504,-0.710465
29915470,0.289841,0.627491,-0.120304,-0.712583
29923803,0.289023,0.626477,-0.122337,-0.713461
29932136,0.290379,0.627698,-0.121307,-0.712011
29940469,0.290610,0.628344,-0.121725,-0.711275
29948802,0.290531,0.628527,-0.121627,-0.711162
29957135,0.290417,0.628544,-0.122345,-0.711071
29965468,0.291951,0.629965,-0.119813,-0.709615
29973801,0.291536,0.629091,-0.121293,-0.710309
29982134,0.291734,0.628618,-0.121848,-0.710552
29990467,0.291907,0.630001,-0.121725,-0.709275
29998800,0.292775,0.630418,-0.119735,-0.708887
30007133,0.293857,0.631457,-0.119206,-0.707601
30015466,0.293840,0.631549,-0.119491,-0.707478
30023799,0.293367,0.631882,-0.119586,-0.707361
30032132,0.292722,0.629332,-0.121006,-0.709657
30040465,0.293234,0.630382,-0.122113,-0.708323
30048798,0.294522,0.632036,-0.119847,-0.706699
30057131,0.293631,0.630567,-0.121823,-0.708043
30065464,0.294727,0.631809,-0.119062,-0.706949
30073797,0.294258,0.630977,-0.120691,-0.707612
30082130,0.293912,0.630821,-0.122800,-0.707532
30090463,0.295242,0.632396,-0.120511,-0.705963
30098796,0.295708,0.632803,-0.120683,-0.705375
30107129,0.295163,0.632914,-0.121979,-0.705279
30115462,0.295276,0.632620,-0.122426,-0.705419
30123795,0.294417,0.631112,-0.124165,-0.706823
30132128,0.295496,0.632365,-0.122536,-0.705537
30140461,0.295536,0.633338,-0.123368,-0.704501
30148794,0.295956,0.633839,-0.123161,-0.703910
30157127,0.296272,0.633698,-0.123335,-0.703874
30165460,0.296092,0.633544,-0.124515,-0.703880
30173793,0.295500,0.632145,-0.127073,-0.704929
30182126,0.296684,0.633796,-0.125606,-0.703210
30190459,0.297152,0.633938,-0.124705,-0.703045
30198792,0.297311,0.634319,-0.126077,-0.702389
30207125,0.297256,0.633702,-0.126936,-0.702814
30215458,0.297041,0.633034,-0.128709,-0.703184
30223791,0.297153,0.633160,-0.129540,-0.702871
30232124,0.297294,0.634058,-0.129267,-0.702052
30240457,0.297321,0.634170,-0.129572,-0.701883
30248790,0.297197,0.633739,-0.130025,-0.702240
30257123,0.296144,0.632640,-0.131462,-0.703409
30265456,0.296405,0.633390,-0.131613,-0.702594
30273789,0.296301,0.633717,-0.132245,-0.702225
30282122,0.294955,0.632373,-0.134653,-0.703544
30290455,0.295290,0.632843,-0.133232,-0.703252
30298788,0.295545,0.633749,-0.132791,-0.702412
30307121,0.294421,0.632530,-0.135363,-0.703490
30315454,0.293558,0.632206,-0.136909,-0.703843
30323787,0.294747,0.635514,-0.133043,-0.701103
30332120,0.293281,0.634077,-0.133448,-0.702940
30340453,0.292146,0.633431,-0.133670,-0.703952
30348786,0.291094,0.631340,-0.134222,-0.706157
30357119,0.289993,0.632112,-0.134373,-0.705891
30365452,0.289479,0.633889,-0.134287,-0.704524
30373785,0.288766,0.633826,-0.133611,-0.705001
30382118,0.287835,0.633639,-0.133607,-0.705550
30390451,0.287781,0.634884,-0.133788,-0.704418
30398784,0.287142,0.635308,-0.133407,-0.704369
30407117,0.287070,0.636732,-0.133670,-0.703061
30415450,0.287290,0.638071,-0.133143,-0.701857
30423783,0.286364,0.639535,-0.131620,-0.701189
30432116,0.286648,0.641397,-0.131229,-0.699444
30440449,0.286397,0.642398,-0.130962,-0.698678
30448782,0.285225,0.640838,-0.132213,-0.700352
30457115,0.284696,0.641057,-0.132671,-0.700280
30465448,0.284467,0.642862,-0.132276,-0.698792
30473781,0.284143,0.644607,-0.130375,-0.697673
30482114,0.284251,0.646454,-0.127712,-0.696411
30490447,0.283612,0.647757,-0.127616,-0.695478
30498780,0.281680,0.647201,-0.129332,-0.696463
30507113,0.281558,0.648525,-0.128660,-0.695404
30515446,0.281055,0.649383,-0.129438,-0.694662
30523779,0.279044,0.649237,-0.129972,-0.695509
30532112,0.277011,0.648586,-0.131871,-0.696571
30540445,0.276523,0.650335,-0.132052,-0.695099
30548778,0.275544,0.649375,-0.133080,-0.696188
30557111,0.274005,0.649866,-0.133084,-0.696336
30565444,0.272939,0.651381,-0.133048,-0.695346
30573777,0.271951,0.650231,-0.133400,-0.696740
30582110,0.272908,0.651304,-0.133358,-0.695370
30590443,0.273499,0.651363,-0.133029,-0.695146
30598776,0.273477,0.650467,-0.134242,-0.695760
30607109,0.273715,0.648324,-0.135057,-0.697507
30615442,0.274185,0.647184,-0.135955,-0.698206
30623775,0.273766,0.645843,-0.136193,-0.699564
30632108,0.272684,0.643187,-0.137192,-0.702234
30640441,0.271748,0.644476,-0.140596,-0.700740
30648774,0.270074,0.643978,-0.144771,-0.700995
30657107,0.268010,0.642987,-0.149157,-0.701777
30665440,0.266105,0.641479,-0.153316,-0.702985
30673773,0.263743,0.642868,-0.158026,-0.701561
30682106,0.261556,0.642945,-0.161105,-0.701609
30690439,0.257903,0.640833,-0.166717,-0.703580
30698772,0.253577,0.636557,-0.172495,-0.707629
30707105,0.250844,0.638872,-0.178832,-0.704939
30715438,0.246317,0.637105,-0.184916,-0.706563
30723771,0.243139,0.637971,-0.189038,-0.705791
30732104,0.239832,0.637379,-0.192322,-0.706570
30740437,0.235729,0.634746,-0.196547,-0.709154
30748770,0.232303,0.634219,-0.199844,-0.709834
30757103,0.227605,0.629313,-0.203627,-0.714631
30765436,0.223060,0.625498,-0.205671,-0.718816
30773769,0.220163,0.625545,-0.206880,-0.719321
30782102,0.215281,0.621139,-0.209213,-0.723927
30790435,0.210623,0.615628,-0.212219,-0.729111
30798768,0.208745,0.615608,-0.213453,-0.729308
30807101,0.205874,0.613751,-0.213052,-0.731802
30815434,0.196564,0.608071,-0.227799,-0.734656
30823767,0.197125,0.612186,-0.230791,-0.730140
30832100,0.195434,0.616000,-0.230737,-0.727400
30840433,0.193051,0.617733,-0.231041,-0.726469
30848766,0.190340,0.615630,-0.232291,-0.728568
30857099,0.185762,0.611787,-0.234051,-0.732413
30865432,0.183621,0.610755,-0.235525,-0.733341
30873765,0.182133,0.613020,-0.235837,-0.731720
30882098,0.184992,0.623903,-0.228840,-0.723986
30890431,0.188994,0.628392,-0.216369,-0.722903
30898764,0.189669,0.625658,-0.210602,-0.726791
30907097,0.185032,0.609821,-0.211326,-0.741096
30915430,0.176341,0.604724,-0.217079,-0.745714
30923763,0.174002,0.604493,-0.212843,-0.747670
30932096,0.174332,0.607986,-0.208391,-0.746012
30940429,0.176411,0.610095,-0.206492,-0.744328
30948762,0.182259,0.616411,-0.201761,-0.738993
30957095,0.184481,0.620847,-0.203457,-0.734249
30965428,0.183922,0.621295,-0.207235,-0.732952
30973761,0.185765,0.627056,-0.208762,-0.727125
30982094,0.186909,0.628485,-0.211553,-0.724787
30990427,0.189140,0.629503,-0.213609,-0.722720
30998760,0.191370,0.632069,-0.214698,-0.719563
31007093,0.194077,0.636642,-0.215864,-0.714439
31015426,0.195607,0.639030,-0.216120,-0.711808
31023759,0.195623,0.638388,-0.215478,-0.712574
31032092,0.196023,0.640899,-0.213304,-0.710862
31040425,0.194426,0.639910,-0.211326,-0.712779
31048758,0.194658,0.641475,-0.210411,-0.711579
31057091,0.194428,0.642260,-0.207148,-0.711891
31065424,0.193302,0.641587,-0.204281,-0.713632
31073757,0.192738,0.640505,-0.200706,-0.715767
31082090,0.192645,0.640867,-0.198525,-0.716076
31090423,0.192854,0.639661,-0.197059,-0.717502
31098756,0.192177,0.637507,-0.196037,-0.719876
31107089,0.189788,0.636017,-0.197822,-0.721338
31115422,0.186691,0.633664,-0.202265,-0.722984
31123755,0.183761,0.631548,-0.208754,-0.723741
31132088,0.178471,0.628651,-0.217860,-0.724902
31140421,0.172214,0.627902,-0.228441,-0.723806
31148754,0.166457,0.627408,-0.240890,-0.721543
31157087,0.161251,0.624341,-0.252946,-0.721259
31165420,0.155486,0.620538,-0.263473,-0.722038
31173753,0.147947,0.616241,-0.275932,-0.722648
31182086,0.142473,0.613172,-0.287087,-0.722013
31190419,0.134133,0.606824,-0.297509,-0.724749
31198752,0.124365,0.596266,-0.307895,-0.730890
31207085,0.114865,0.587194,-0.316868,-0.735938
31215418,0.103564,0.572876,-0.325757,-0.744963
31223751,0.093577,0.558114,-0.335428,-0.753154
31232084,0.080548,0.541635,-0.345928,-0.761890
31240417,0.066078,0.524567,-0.357140,-0.770009
31248750,0.053683,0.511001,-0.366960,-0.775459
31257083,0.042535,0.500846,-0.378872,-0.777046
31265416,0.031715,0.494907,-0.388867,-0.776430
31273749,0.020437,0.483646,-0.398668,-0.778930
31282082,0.010724,0.478363,-0.409165,-0.776942
31290415,-0.002235,0.469761,-0.421790,-0.775508
31298748,-0.010832,0.466612,-0.432229,-0.771579
31307081,-0.020789,0.458587,-0.446571,-0.768010
31315414,-0.030068,0.452454,-0.458765,-0.764144
31323747,-0.038222,0.442656,-0.471625,-0.761686
31332080,-0.046997,0.433259,-0.484314,-0.758629
31340413,-0.051243,0.433465,-0.493083,-0.752563
31348746,-0.056815,0.424867,-0.504196,-0.749697
31357079,-0.059711,0.420486,-0.515714,-0.744087
31365412,-0.063399,0.415143,-0.527955,-0.738174
31373745,-0.065947,0.412170,-0.537503,-0.732706
31382078,-0.066502,0.409871,-0.547115,-0.726807
31390411,-0.067603,0.409689,-0.552849,-0.722456
31398744,-0.066636,0.408773,-0.560598,-0.717074
31407077,-0.064212,0.410187,-0.563182,-0.714457
31415410,-0.065837,0.407510,-0.570379,-0.710119
31423743,-0.060244,0.414233,-0.568832,-0.707963
31432076,-0.056141,0.422398,-0.567715,-0.704363
31440409,-0.051786,0.424622,-0.573150,-0.698937
31448742,-0.048401,0.423511,-0.579321,-0.694754
31457075,-0.050260,0.426444,-0.575663,-0.695868
31465408,-0.051485,0.424369,-0.578244,-0.694905
31473741,-0.052836,0.422782,-0.577646,-0.696268
31482074,-0.061349,0.416712,-0.582641,-0.695067
31490407,-0.077645,0.407010,-0.585256,-0.696987
31498740,-0.091796,0.398374,-0.592948,-0.693747
31507073,-0.092733,0.405625,-0.593521,-0.688914
31515406,-0.097305,0.413571,-0.591986,-0.684868
31523739,-0.094022,0.416133,-0.597284,-0.679150
31532072,-0.099031,0.413585,-0.606021,-0.672219
31540405,-0.082652,0.425751,-0.594482,-0.677123
31548738,-0.070992,0.431740,-0.594212,-0.674888
31557071,-0.065365,0.430384,-0.598605,-0.672436
31565404,-0.050904,0.437300,-0.593780,-0.673501
31573737,-0.034466,0.443769,-0.591285,-0.672505
31582070,-0.016851,0.453677,-0.591634,-0.666230
31590403,0.009626,0.446399,-0.607982,-0.656501
31598736,0.032747,0.464571,-0.601879,-0.648724
31607069,0.049092,0.483139,-0.598679,-0.636986
31615402,0.052073,0.499868,-0.597777,-0.624566
31623735,0.064310,0.519634,-0.588204,-0.616328
31632068,0.084836,0.533443,-0.585465,-0.604544
31640401,0.089815,0.542853,-0.582807,-0.597980
31648734,0.090039,0.548656,-0.580814,-0.594579
31657067,0.085336,0.554470,-0.579180,-0.591465
31665400,0.086140,0.557430,-0.577263,-0.590440
31673733,0.084891,0.558092,-0.577505,-0.589758
31682066,0.094712,0.555598,-0.580805,-0.587372
31690399,0.098293,0.555419,-0.581360,-0.586403
31698732,0.103019,0.555060,-0.582086,-0.585211
31707065,0.107176,0.554948,-0.582442,-0.584216
31715398,0.111026,0.555479,-0.582345,-0.583087
31723731,0.113330,0.555800,-0.581740,-0.582942
31732064,0.116993,0.556152,-0.582302,-0.581319
31740397,0.120345,0.555690,-0.583461,-0.579913
31748730,0.123810,0.554533,-0.585283,-0.578453
31757063,0.126818,0.553009,-0.588065,-0.576436
31765396,0.129894,0.550862,-0.591337,-0.574455
31773729,0.134284,0.549697,-0.593269,-0.572567
31782062,0.136182,0.546855,-0.598403,-0.569489
31790395,0.133485,0.542703,-0.599514,-0.572921
31798728,0.128019,0.538201,-0.600912,-0.576936
31807061,0.125224,0.531761,-0.602346,-0.582004
31815394,0.125661,0.527701,-0.604458,-0.583414
31823727,0.125225,0.523681,-0.606446,-0.585064
31832060,0.128370,0.521514,-0.608816,-0.583855
31840393,0.131326,0.519617,-0.610471,-0.583161
31848726,0.132802,0.518241,-0.612675,-0.581737
31857059,0.134123,0.517142,-0.614543,-0.580441
31865392,0.135015,0.516017,-0.617359,-0.578244
31873725,0.136027,0.514924,-0.620002,-0.576148
31882058,0.135546,0.514709,-0.622784,-0.573448
31890391,0.137265,0.515273,-0.624471,-0.570690
31898724,0.138356,0.516736,-0.626250,-0.567144
31907057,0.140868,0.518427,-0.627602,-0.563476
31915390,0.143114,0.520274,-0.628903,-0.559745
31923723,0.143852,0.521771,-0.629843,-0.557099
31932056,0.144007,0.522787,-0.631217,-0.554546
31940389,0.145487,0.524934,-0.632482,-0.550675
31948722,0.146321,0.526152,-0.633615,-0.547983
31957055,0.146740,0.527100,-0.634678,-0.545726
31965388,0.147199,0.528344,-0.635032,-0.543984
31973721,0.147798,0.528690,-0.635925,-0.542441
31982054,0.147530,0.529366,-0.635947,-0.541829
31990387,0.146829,0.530460,-0.635717,-0.541219
31998720,0.147694,0.531328,-0.634549,-0.541502
32007053,0.146999,0.532990,-0.634644,-0.539944
32015386,0.144729,0.533250,-0.634568,-0.540389
32023719,0.141555,0.533457,-0.634695,-0.540878
32032052,0.137656,0.533887,-0.635345,-0.540696
32040385,0.133721,0.535103,-0.635066,-0.540809
32048718,0.129251,0.537390,-0.634968,-0.539742
32057051,0.125957,0.539857,-0.635149,-0.537843
32065384,0.122767,0.543369,-0.635413,-0.534724
32073717,0.118953,0.543329,-0.636646,-0.534159
32082050,0.115335,0.543095,-0.640618,-0.530428
32090383,0.112519,0.544825,-0.642764,-0.526649
32098716,0.108766,0.545996,-0.644415,-0.524202
32107049,0.105350,0.547579,-0.646314,-0.520900
32115382,0.104992,0.550547,-0.645290,-0.519110
32123714,0.106553,0.552402,-0.644213,-0.518159
32132047,0.106704,0.552834,-0.644322,-0.517531
32140380,0.106042,0.552893,-0.644926,-0.516852
32148714,0.104661,0.552776,-0.645359,-0.516717
32157047,0.113036,0.555201,-0.638061,-0.521395
32165380,0.115908,0.555718,-0.636206,-0.522480
32173713,0.108904,0.553102,-0.642159,-0.519471
32182046,0.109815,0.553078,-0.641344,-0.520311
32190379,0.108774,0.552223,-0.643666,-0.518567
32198712,0.108422,0.551583,-0.644531,-0.518248
32207045,0.109793,0.551485,-0.644795,-0.517735
32215378,0.111211,0.549362,-0.647063,-0.516860
32223711,0.110586,0.550104,-0.645774,-0.517815
32232044,0.114914,0.552556,-0.641436,-0.519650
32240377,0.113203,0.550395,-0.645067,-0.517822
32248710,0.116657,0.544065,-0.647939,-0.520154
32257043,0.119786,0.545272,-0.644528,-0.522411
32265376,0.119515,0.544558,-0.644058,-0.523796
32273709,0.118786,0.543759,-0.644562,-0.524172
32282041,0.115707,0.541926,-0.648190,-0.522282
32290374,0.114583,0.541067,-0.649125,-0.522259
32298707,0.114580,0.540638,-0.649089,-0.522748
32307040,0.114883,0.540452,-0.649899,-0.521866
32315374,0.117642,0.541328,-0.647382,-0.523471
32323707,0.116088,0.540432,-0.649638,-0.521946
32332040,0.115141,0.539643,-0.650715,-0.521630
32340373,0.114556,0.539275,-0.651015,-0.521766
32348706,0.117951,0.540652,-0.648530,-0.522678
32357039,0.115833,0.539537,-0.650395,-0.521985
32365372,0.117887,0.540151,-0.649044,-0.522573
32373705,0.118265,0.540289,-0.648439,-0.523096
32382038,0.119291,0.540590,-0.648551,-0.522411
32390371,0.119711,0.540472,-0.648987,-0.521897
32398704,0.120233,0.540299,-0.649403,-0.521437
32407037,0.119974,0.540274,-0.649659,-0.521204
32415370,0.119763,0.540224,-0.649518,-0.521480
32423703,0.116286,0.538515,-0.652145,-0.520756
32432036,0.115928,0.538414,-0.652616,-0.520349
32440369,0.115162,0.538011,-0.652687,-0.520847
32448701,0.117636,0.539546,-0.650250,-0.521753
32457034,0.115546,0.538582,-0.652261,-0.520705
32465367,0.114016,0.537979,-0.653359,-0.520290
32473701,0.115264,0.538917,-0.653213,-0.519226
32482034,0.116992,0.539694,-0.650560,-0.521360
32490367,0.116353,0.539434,-0.652147,-0.519785
32498700,0.116103,0.539114,-0.652889,-0.519242
32507033,0.116317,0.538934,-0.652790,-0.519505
32515366,0.115841,0.538530,-0.652394,-0.520526
32523699,0.114722,0.537461,-0.652338,-0.521948
32532032,0.114297,0.536943,-0.652795,-0.522003
32540365,0.117229,0.538324,-0.649695,-0.523795
32548698,0.115120,0.537153,-0.651583,-0.523119
32557031,0.113862,0.536432,-0.652416,-0.523096
32565364,0.116139,0.537586,-0.649778,-0.524692
32573697,0.113635,0.536245,-0.652009,-0.523844
32582030,0.115798,0.537321,-0.649653,-0.525193
32590363,0.116242,0.537548,-0.648656,-0.526095
32598696,0.116095,0.537435,-0.648974,-0.525849
32607028,0.112777,0.535990,-0.651557,-0.524853
32615361,0.113937,0.536648,-0.649612,-0.526338
32623694,0.114071,0.536681,-0.648747,-0.527342
32632028,0.113212,0.536560,-0.648817,-0.527563
32640361,0.112491,0.536359,-0.649150,-0.527512
32648694,0.112483,0.536030,-0.648946,-0.528099
32657027,0.111916,0.535829,-0.649037,-0.528312
32665360,0.111114,0.535846,-0.649240,-0.528215
32673693,0.111268,0.535625,-0.649119,-0.528555
32682026,0.112866,0.536904,-0.648576,-0.527584
32690359,0.111232,0.536090,-0.649001,-0.528236
32698692,0.112506,0.536803,-0.648424,-0.527950
32707025,0.112218,0.537057,-0.648295,-0.527911
32715358,0.110774,0.535908,-0.648958,-0.528569
32723691,0.111520,0.535541,-0.649370,-0.528278
32732024,0.111515,0.536137,-0.649086,-0.528023
32740357,0.111684,0.536048,-0.648509,-0.528786
32748690,0.111753,0.535893,-0.648328,-0.529150
32757023,0.111294,0.535581,-0.648946,-0.528807
32765355,0.112028,0.535456,-0.648631,-0.529164
32773688,0.111654,0.534640,-0.648885,-0.529755
32782021,0.111918,0.534329,-0.649316,-0.529486
32790355,0.112154,0.533730,-0.649454,-0.529871
32798688,0.113705,0.534782,-0.646704,-0.531839
32807021,0.113766,0.533650,-0.646314,-0.533435
32815354,0.113188,0.531051,-0.649278,-0.532552
32823687,0.114280,0.530715,-0.651470,-0.529970
32832020,0.113099,0.530097,-0.652722,-0.529300
32840353,0.116291,0.530793,-0.651675,-0.529202
32848686,0.116927,0.529793,-0.650975,-0.530923
32857019,0.116801,0.529616,-0.650255,-0.532009
32865352,0.116588,0.528971,-0.651200,-0.531541
32873685,0.116588,0.529325,-0.650731,-0.531762
32882018,0.115972,0.528443,-0.651640,-0.531661
32890351,0.115856,0.527642,-0.652013,-0.532024
32898684,0.116002,0.527832,-0.650846,-0.533232
32907017,0.115573,0.527685,-0.650603,-0.533767
32915350,0.115196,0.527544,-0.651010,-0.533491
32923683,0.114730,0.527449,-0.651034,-0.533657
32932015,0.114158,0.527541,-0.650252,-0.534640
32940348,0.113626,0.527610,-0.649730,-0.535320
32948681,0.112738,0.527548,-0.648615,-0.536919
32957015,0.108423,0.526568,-0.649513,-0.537683
32965348,0.106520,0.526449,-0.649686,-0.537972
32973681,0.109259,0.527822,-0.648507,-0.537499
32982014,0.107156,0.528274,-0.647927,-0.538177
32990347,0.108589,0.529968,-0.646389,-0.538074
32998680,0.108434,0.530358,-0.645149,-0.539208
33007013,0.107697,0.529912,-0.645227,-0.539700
33015346,0.106978,0.529052,-0.646370,-0.539320
33023679,0.106433,0.528707,-0.646731,-0.539333
33032012,0.106344,0.528038,-0.647530,-0.539047
33040345,0.106219,0.527683,-0.647293,-0.539703
33048678,0.105247,0.526960,-0.646992,-0.540960
33057011,0.105489,0.526569,-0.647013,-0.541269
33065344,0.105835,0.526059,-0.647164,-0.541516
33073677,0.105590,0.524759,-0.648414,-0.541330
33082010,0.105618,0.523942,-0.649205,-0.541167
33090342,0.105653,0.523402,-0.649517,-0.541309
33098675,0.106047,0.522791,-0.649747,-0.541546
33107008,0.106669,0.522525,-0.649704,-0.541732
33115342,0.106689,0.522085,-0.649999,-0.541799
33123675,0.107215,0.521906,-0.649939,-0.541940
33132008,0.108147,0.522013,-0.649623,-0.542031
33140341,0.108161,0.521420,-0.650244,-0.541853
33148674,0.108730,0.521194,-0.650266,-0.541931
33157007,0.108453,0.520821,-0.650243,-0.542373
33165340,0.109078,0.520797,-0.649716,-0.542901
33173673,0.109301,0.520471,-0.648932,-0.544105
33182006,0.109751,0.520266,-0.648702,-0.544485
33190339,0.109763,0.520098,-0.648796,-0.544531
33198672,0.109581,0.519771,-0.649263,-0.544324
33207005,0.109804,0.519473,-0.649810,-0.543909
33215338,0.108905,0.519222,-0.650502,-0.543502
33223671,0.108921,0.519444,-0.650679,-0.543075
33232004,0.109343,0.519700,-0.650271,-0.543234
33240337,0.109228,0.519814,-0.650336,-0.543070
33248669,0.107990,0.519496,-0.650395,-0.543552
33257002,0.107360,0.519378,-0.650502,-0.543661
33265335,0.107660,0.519545,-0.650459,-0.543494
33273669,0.108415,0.519929,-0.650778,-0.542594
33282002,0.107592,0.519698,-0.650838,-0.542907
33290335,0.107426,0.520135,-0.650488,-0.542940
33298668,0.108150,0.520823,-0.650235,-0.542440
33307001,0.108354,0.521388,-0.650021,-0.542113
33315334,0.107895,0.521543,-0.650120,-0.541937
33323667,0.107261,0.521871,-0.649846,-0.542076
33332000,0.107008,0.523413,-0.647660,-0.543254
33340333,0.106215,0.523939,-0.647348,-0.543274
33348666,0.105638,0.524024,-0.647404,-0.543238
33356999,0.104912,0.522947,-0.649145,-0.542337
33365332,0.105384,0.523032,-0.649535,-0.541698
33373665,0.105458,0.523191,-0.649483,-0.541591
33381998,0.105693,0.523175,-0.649875,-0.541091
33390331,0.106216,0.523446,-0.649707,-0.540929
33398664,0.106074,0.523368,-0.650105,-0.540553
33406997,0.106406,0.522896,-0.651436,-0.539341
33415329,0.106378,0.523166,-0.650707,-0.539965
33423662,0.106917,0.522947,-0.650967,-0.539757
33431995,0.107144,0.522977,-0.650922,-0.539737
33440329,0.107294,0.522821,-0.651037,-0.539720
33448662,0.107355,0.522675,-0.651126,-0.539741
33456995,0.107626,0.522604,-0.650807,-0.540141
33465328,0.107441,0.522507,-0.650958,-0.540090
33473661,0.107242,0.522290,-0.650977,-0.540316
33481994,0.107299,0.522369,-0.650935,-0.540279
33490327,0.107039,0.522515,-0.650240,-0.541025
33498660,0.106681,0.522294,-0.650076,-0.541506
33506993,0.106778,0.522010,-0.650112,-0.541718
33515326,0.106920,0.521608,-0.650624,-0.541462
33523659,0.106975,0.521492,-0.650708,-0.541463
33531992,0.107233,0.521493,-0.650635,-0.541498
33540325,0.107372,0.521211,-0.650666,-0.541706
33548658,0.107429,0.520906,-0.650684,-0.541966
33556991,0.107422,0.520834,-0.650656,-0.542069
33565324,0.107071,0.520413,-0.650646,-0.542556
33573657,0.107464,0.520860,-0.650264,-0.542506
33581990,0.107457,0.520676,-0.650182,-0.542783
33590323,0.107243,0.520409,-0.650306,-0.542932
33598656,0.107571,0.520391,-0.650240,-0.542964
33606989,0.107712,0.520369,-0.650355,-0.542819
33615322,0.107519,0.520516,-0.649576,-0.543649
33623655,0.107575,0.520102,-0.650022,-0.543500
33631988,0.107478,0.519953,-0.649735,-0.544005
33640321,0.108056,0.519593,-0.650180,-0.543703
33648654,0.107878,0.519412,-0.650322,-0.543742
33656987,0.107890,0.519022,-0.650477,-0.543926
33665320,0.108175,0.519238,-0.649556,-0.544764
33673653,0.108232,0.518995,-0.649359,-0.545219
33681986,0.108217,0.518605,-0.649668,-0.545225
33690319,0.108212,0.518128,-0.650547,-0.544631
33698652,0.108189,0.518088,-0.650690,-0.544502
33706985,0.108418,0.518219,-0.649800,-0.545393
33715318,0.108546,0.518064,-0.649451,-0.545931
33723651,0.108875,0.517906,-0.649720,-0.545695
33731984,0.110042,0.518596,-0.649852,-0.544647
33740317,0.109343,0.517699,-0.650145,-0.545292
33748650,0.109743,0.518550,-0.649271,-0.545444
33756983,0.109977,0.518784,-0.648949,-0.545558
33765316,0.109514,0.518287,-0.648671,-0.546453
33773649,0.109455,0.517101,-0.649676,-0.546395
33781982,0.109608,0.516891,-0.650314,-0.545804
33790315,0.109133,0.517226,-0.649545,-0.546496
33798648,0.109325,0.517115,-0.649964,-0.546065
33806981,0.109169,0.516978,-0.650018,-0.546161
33815314,0.108760,0.517007,-0.649988,-0.546251
33823647,0.108867,0.516701,-0.650137,-0.546342
33831980,0.108766,0.516936,-0.649299,-0.547136
33840313,0.108353,0.516262,-0.649545,-0.547563
33848646,0.108780,0.516211,-0.650124,-0.546837
33856979,0.108258,0.516519,-0.649572,-0.547307
33865312,0.108266,0.516520,-0.649292,-0.547636
33873645,0.108352,0.516226,-0.649904,-0.547171
33881978,0.108097,0.516019,-0.649881,-0.547442
33890311,0.108034,0.516168,-0.649660,-0.547578
33898644,0.108136,0.516164,-0.649320,-0.547965
33906977,0.108254,0.516189,-0.648928,-0.548382
33915310,0.107711,0.515896,-0.649682,-0.547871
33923643,0.107520,0.515606,-0.649712,-0.548147
33931976,0.107959,0.515847,-0.649479,-0.548109
33940309,0.107612,0.515715,-0.649658,-0.548090
33948642,0.107270,0.515288,-0.650208,-0.547906
33956975,0.107442,0.515512,-0.650150,-0.547731
33965308,0.107410,0.515480,-0.650158,-0.547756
33973641,0.107159,0.515494,-0.650235,-0.547702
33981974,0.107043,0.515611,-0.650273,-0.547570
33990307,0.107200,0.515738,-0.650137,-0.547581
33998640,0.107277,0.515892,-0.650061,-0.547510
34006973,0.106723,0.516262,-0.649783,-0.547600
34015306,0.106910,0.515912,-0.649979,-0.547660
34023639,0.106679,0.516064,-0.649872,-0.547689
34031972,0.106545,0.516053,-0.650072,-0.547488
34040305,0.106556,0.515799,-0.650200,-0.547574
34048638,0.106527,0.516142,-0.649981,-0.547516
34056971,0.106031,0.515953,-0.650123,-0.547622
34065304,0.105824,0.515850,-0.650264,-0.547591
34073637,0.106304,0.515837,-0.650172,-0.547620
34081970,0.105870,0.515781,-0.650083,-0.547862
34090303,0.105513,0.516252,-0.648800,-0.549008
34098636,0.105861,0.515712,-0.649537,-0.548576
34106969,0.105576,0.515542,-0.649890,-0.548373
34115302,0.105592,0.515598,-0.649890,-0.548317
34123635,0.105467,0.516092,-0.648802,-0.549164
34131968,0.105182,0.515586,-0.649611,-0.548738
34140301,0.105335,0.515575,-0.649794,-0.548502
34148634,0.105176,0.515707,-0.649638,-0.548594
34156967,0.105305,0.515495,-0.649738,-0.548650
34165300,0.105081,0.515459,-0.649911,-0.548522
34173633,0.104842,0.515446,-0.649922,-0.548566
34181966,0.104763,0.515508,-0.649933,-0.548510
34190299,0.104930,0.515333,-0.649828,-0.548767
34198632,0.104926,0.515179,-0.649981,-0.548732
34206965,0.104988,0.515229,-0.649904,-0.548764
34215298,0.104789,0.515209,-0.650025,-0.548677
34223631,0.104367,0.514824,-0.650489,-0.548569
34231964,0.104826,0.514936,-0.650279,-0.548625
34240297,0.104860,0.514973,-0.650072,-0.548830
34248630,0.104853,0.514926,-0.649942,-0.549029
34256963,0.105048,0.514918,-0.649921,-0.549023
34265296,0.104877,0.514665,-0.650350,-0.548786
34273629,0.104359,0.514794,-0.649508,-0.549760
34281962,0.104477,0.514249,-0.650137,-0.549503
34290295,0.104487,0.514267,-0.650539,-0.549010
34298628,0.104512,0.514263,-0.650357,-0.549223
34306961,0.104682,0.514104,-0.649979,-0.549788
34315294,0.104928,0.513941,-0.649818,-0.550084
34323627,0.105135,0.513689,-0.650541,-0.549424
34331960,0.105017,0.513795,-0.650030,-0.549952
34340293,0.105237,0.513867,-0.649656,-0.550284
34348626,0.105794,0.513849,-0.650435,-0.549273
34356959,0.105089,0.513645,-0.650435,-0.549599
34365292,0.105438,0.513688,-0.650408,-0.549525
34373625,0.105717,0.513659,-0.650200,-0.549744
34381958,0.105415,0.513325,-0.650180,-0.550137
34390291,0.104865,0.513696,-0.649048,-0.551231
34398624,0.105002,0.513436,-0.649688,-0.550693
34406957,0.104887,0.513128,-0.650117,-0.550497
34415290,0.105120,0.513290,-0.650147,-0.550265
34423623,0.104722,0.513088,-0.650123,-0.550557
34431956,0.104325,0.513035,-0.649987,-0.550843
34440289,0.105108,0.513378,-0.649673,-0.550745
34448622,0.104666,0.513098,-0.649506,-0.551287
34456955,0.104675,0.513114,-0.649296,-0.551518
34465288,0.104699,0.513068,-0.648954,-0.551958
34473621,0.104433,0.512958,-0.648766,-0.552332
34481954,0.104709,0.512836,-0.648975,-0.552147
34490287,0.104576,0.512898,-0.648746,-0.552384
34498620,0.105353,0.512816,-0.649458,-0.551475
34506953,0.104702,0.512641,-0.649281,-0.551970
34515286,0.105118,0.512862,-0.648770,-0.552286
34523619,0.105374,0.512918,-0.648705,-0.552262
34531952,0.106147,0.512902,-0.648915,-0.551883
34540285,0.105298,0.512517,-0.649242,-0.552017
34548618,0.105237,0.512357,-0.648852,-0.552635
34556951,0.105847,0.512504,-0.648777,-0.552471
34565284,0.105662,0.512371,-0.649341,-0.551968
34573617,0.105195,0.512132,-0.649409,-0.552199
34581950,0.105422,0.512262,-0.649118,-0.552377
34590283,0.105422,0.512359,-0.648987,-0.552441
34598616,0.105908,0.512389,-0.648985,-0.552322
34606949,0.105720,0.512367,-0.649136,-0.552201
34615282,0.105830,0.512455,-0.648910,-0.552364
34623615,0.105932,0.512429,-0.648989,-0.552276
34631948,0.106174,0.512341,-0.649047,-0.552243
34640281,0.106044,0.512222,-0.648855,-0.552603
34648614,0.104165,0.511910,-0.649240,-0.552798
34656947,0.105217,0.512285,-0.649388,-0.552077
34665280,0.103996,0.511832,-0.649326,-0.552800
34673613,0.103816,0.512084,-0.648967,-0.553023
34681946,0.105202,0.512342,-0.648804,-0.552712
34690279,0.105742,0.512037,-0.648824,-0.552869
34698612,0.104282,0.511839,-0.649110,-0.552994
34706945,0.105309,0.512300,-0.648843,-0.552686
34715278,0.106010,0.512426,-0.647896,-0.553546
34723611,0.105965,0.511983,-0.648380,-0.553397
34731944,0.106037,0.511995,-0.648549,-0.553175
34740277,0.105983,0.512045,-0.648606,-0.553072
34748610,0.106009,0.511962,-0.648618,-0.553129
34756943,0.106021,0.511859,-0.648736,-0.553083
34765276,0.106336,0.512058,-0.648667,-0.552920
34773609,0.106127,0.512218,-0.647886,-0.553727
34781942,0.106050,0.511951,-0.648453,-0.553325
34790275,0.106049,0.512025,-0.648601,-0.553083
34798608,0.106246,0.511985,-0.648524,-0.553172
34806941,0.106020,0.511931,-0.648606,-0.553170
34815274,0.106093,0.511784,-0.648578,-0.553325
34823607,0.106140,0.511770,-0.648497,-0.553424
34831940,0.106247,0.511760,-0.648613,-0.553276
34840273,0.106195,0.511725,-0.647862,-0.554197
34848606,0.106118,0.511327,-0.648441,-0.553903
34856939,0.106614,0.511922,-0.648237,-0.553496
34865272,0.106291,0.511796,-0.647743,-0.554253
34873605,0.105935,0.511512,-0.647651,-0.554690
34881938,0.105917,0.511441,-0.648250,-0.554059
34890271,0.106073,0.511351,-0.648348,-0.553998
34898604,0.105871,0.511589,-0.648291,-0.553883
34906937,0.105500,0.511602,-0.647691,-0.554644
34915270,0.106017,0.512082,-0.647856,-0.553909
34923603,0.105728,0.511713,-0.648225,-0.553874
34931936,0.105124,0.511346,-0.648370,-0.554158
34940269,0.104783,0.511339,-0.647894,-0.554785
34948602,0.105714,0.511297,-0.648155,-0.554342
34956935,0.105170,0.511066,-0.648218,-0.554585
34965268,0.104943,0.510950,-0.648214,-0.554739
34973601,0.104710,0.510984,-0.647650,-0.555411
34981934,0.104851,0.510874,-0.648039,-0.555031
34990267,0.105174,0.510867,-0.648324,-0.554643
34998600,0.105370,0.510678,-0.648446,-0.554637
35006933,0.105610,0.510688,-0.648196,-0.554875
35015266,0.106364,0.511495,-0.647974,-0.554246
35023599,0.106260,0.511455,-0.647511,-0.554844
35031932,0.106311,0.510869,-0.648419,-0.554314
35040265,0.106378,0.510813,-0.648726,-0.553993
35048598,0.106569,0.511032,-0.648255,-0.554307
35056931,0.106523,0.510967,-0.647437,-0.555330
35065264,0.106319,0.510548,-0.647538,-0.555636
35073597,0.106641,0.510520,-0.647946,-0.555124
35081930,0.106626,0.510411,-0.648155,-0.554984
35090263,0.106583,0.510245,-0.648335,-0.554934
35098596,0.106735,0.510312,-0.647947,-0.555297
35106929,0.106338,0.510267,-0.647555,-0.555871
35115262,0.106087,0.510272,-0.647382,-0.556115
35123595,0.106119,0.510481,-0.646837,-0.556552
35131928,0.106122,0.510299,-0.647207,-0.556288
35140261,0.105690,0.510140,-0.647065,-0.556680
35148594,0.105112,0.509945,-0.646918,-0.557139
35156927,0.104852,0.510113,-0.646280,-0.557774
35165260,0.104773,0.509873,-0.645999,-0.558334
35173593,0.105255,0.509690,-0.646413,-0.557932
35181926,0.105624,0.509899,-0.646131,-0.557998
35190259,0.105300,0.509627,-0.646324,-0.558084
35198592,0.104346,0.508948,-0.645692,-0.559612
35206925,0.104852,0.509432,-0.645142,-0.559712
35215258,0.105417,0.509541,-0.645361,-0.559253
35223591,0.105373,0.509473,-0.645424,-0.559251
35231924,0.105233,0.508797,-0.645369,-0.559956
35240257,0.104396,0.508214,-0.645401,-0.560605
35248590,0.104730,0.508312,-0.645157,-0.560735
35256923,0.104527,0.507948,-0.645030,-0.561248
35265256,0.104483,0.507924,-0.644622,-0.561747
35273589,0.103869,0.507630,-0.643822,-0.563042
35281922,0.103488,0.507416,-0.643726,-0.563415
35290255,0.103085,0.507317,-0.643376,-0.563976
35298588,0.103016,0.507650,-0.642496,-0.564693
35306921,0.102373,0.507199,-0.642636,-0.565055
35315254,0.101834,0.506921,-0.642384,-0.565689
35323587,0.100931,0.506422,-0.641654,-0.567124
35331920,0.099992,0.505954,-0.641253,-0.568161
35340253,0.099964,0.506050,-0.640998,-0.568368
35348586,0.099596,0.506340,-0.640378,-0.568873
35356919,0.098036,0.506109,-0.638911,-0.570996
35365252,0.098070,0.507387,-0.636817,-0.572193
35373585,0.097950,0.507754,-0.635899,-0.572908
35381918,0.097557,0.508229,-0.635100,-0.573440
35390251,0.097102,0.508183,-0.635094,-0.573565
35398584,0.096889,0.508260,-0.634454,-0.574241
35406917,0.096690,0.508320,-0.633938,-0.574792
35415250,0.095989,0.508279,-0.632910,-0.576076
35423583,0.095786,0.508379,-0.632183,-0.576820
35431916,0.095827,0.508657,-0.631320,-0.577512
35440249,0.096152,0.509022,-0.630861,-0.577638
35448582,0.096102,0.508637,-0.630957,-0.577881
35456915,0.095842,0.508436,-0.630766,-0.578309
35465248,0.095973,0.508567,-0.630452,-0.578514
35473581,0.095754,0.508283,-0.629874,-0.579429
35481914,0.095741,0.507694,-0.629937,-0.579879
35490247,0.095809,0.507125,-0.630505,-0.579749
35498580,0.096324,0.507027,-0.630457,-0.579801
35506913,0.096718,0.506186,-0.631599,-0.579227
35515246,0.096903,0.505552,-0.631562,-0.579790
35523579,0.097725,0.505004,-0.631538,-0.580156
35531912,0.098879,0.504408,-0.631618,-0.580391
35540245,0.099444,0.503851,-0.631695,-0.580696
35548578,0.099978,0.503008,-0.630802,-0.582302
35556911,0.100850,0.502237,-0.631246,-0.582336
35565244,0.101800,0.502150,-0.630759,-0.582773
35573577,0.103013,0.501417,-0.630075,-0.583930
35581910,0.103809,0.501228,-0.629175,-0.584921
35590243,0.105168,0.500747,-0.628993,-0.585286
35598576,0.105334,0.500287,-0.629126,-0.585506
35606909,0.105817,0.499813,-0.628851,-0.586120
35615242,0.106288,0.499407,-0.628604,-0.586644
35623575,0.107200,0.499872,-0.628442,-0.586257
35631908,0.107456,0.499598,-0.628172,-0.586732
35640241,0.107682,0.499852,-0.627727,-0.586950
35648574,0.107790,0.499651,-0.627423,-0.587427
35656907,0.107823,0.499443,-0.627517,-0.587498
35665240,0.108113,0.499333,-0.627271,-0.587801
35673573,0.107882,0.499102,-0.627380,-0.587923
35681906,0.108826,0.500439,-0.626385,-0.587673
35690239,0.108773,0.500648,-0.626400,-0.587489
35698572,0.108770,0.500438,-0.626011,-0.588082
35706905,0.108634,0.500460,-0.626694,-0.587360
35715238,0.107710,0.499412,-0.627360,-0.587712
35723571,0.107536,0.499348,-0.626095,-0.589146
35731904,0.108083,0.500274,-0.626469,-0.587861
35740237,0.107228,0.499440,-0.626276,-0.588931
35748570,0.106740,0.499309,-0.626121,-0.589296
35756903,0.106347,0.499028,-0.626233,-0.589486
35765236,0.106367,0.499168,-0.626017,-0.589594
35773569,0.106353,0.498998,-0.625959,-0.589801
35781902,0.106155,0.498901,-0.626029,-0.589845
35790235,0.105934,0.499252,-0.625111,-0.590560
35798568,0.105516,0.498821,-0.625818,-0.590250
35806901,0.105520,0.498783,-0.625982,-0.590108
35815234,0.105598,0.498887,-0.626109,-0.589871
35823567,0.105097,0.498375,-0.626310,-0.590180
35831900,0.105103,0.498531,-0.626307,-0.590051
35840233,0.105959,0.499808,-0.625815,-0.589340
35848566,0.106135,0.499829,-0.625703,-0.589409
35856899,0.105340,0.499357,-0.625813,-0.589834
35865232,0.105632,0.499850,-0.626252,-0.588898
35873565,0.104704,0.499317,-0.625947,-0.589839
35881898,0.104430,0.499078,-0.625838,-0.590205
35890231,0.104260,0.499177,-0.625776,-0.590218
35898564,0.104194,0.499134,-0.625945,-0.590086
35906897,0.104106,0.499038,-0.625288,-0.590879
35915230,0.103842,0.498777,-0.625313,-0.591119
35923563,0.103956,0.498846,-0.624788,-0.591596
35931896,0.103039,0.498159,-0.625194,-0.591906
35940229,0.104014,0.498276,-0.624103,-0.592788
35948562,0.103083,0.497297,-0.624069,-0.593807
35956895,0.104093,0.497165,-0.622791,-0.595082
35965228,0.104020,0.496807,-0.621753,-0.596478
35973561,0.104304,0.496446,-0.621101,-0.597407
35981894,0.103336,0.495644,-0.621800,-0.597514
35990227,0.102886,0.494871,-0.621266,-0.598787
35998560,0.103154,0.494279,-0.620532,-0.599989
36006893,0.103773,0.494465,-0.618730,-0.601589
36015226,0.103018,0.493730,-0.618915,-0.602132
36023559,0.104000,0.493743,-0.618364,-0.602518
36031892,0.104914,0.493881,-0.617475,-0.603158
36040225,0.105507,0.493963,-0.616386,-0.604100
36048558,0.106388,0.493920,-0.615729,-0.604650
36056891,0.107625,0.493783,-0.616074,-0.604192
36065224,0.108899,0.493742,-0.615449,-0.604634
36073557,0.111465,0.494785,-0.614225,-0.604558
36081890,0.113160,0.494667,-0.613002,-0.605581
36090223,0.114103,0.493304,-0.611704,-0.607824
36098556,0.114720,0.492540,-0.610507,-0.609528
36106889,0.116666,0.491400,-0.609072,-0.611512
36115222,0.118255,0.491297,-0.607364,-0.612986
36123555,0.118976,0.489898,-0.606233,-0.615083
36131888,0.118579,0.487821,-0.604475,-0.618531
36140221,0.120735,0.487081,-0.602783,-0.620345
36148554,0.122887,0.487798,-0.602112,-0.620010
36156887,0.125157,0.488132,-0.600923,-0.620447
36165220,0.125956,0.488306,-0.600489,-0.620568
36173553,0.126061,0.487283,-0.599935,-0.621886
36181886,0.129262,0.488534,-0.596626,-0.623428
36190219,0.130050,0.487380,-0.593343,-0.627289
36198552,0.131770,0.486520,-0.590495,-0.630278
36206885,0.132957,0.485342,-0.588350,-0.632938
36215218,0.133786,0.483016,-0.584934,-0.637690
36223551,0.135481,0.481444,-0.581469,-0.641678
36231884,0.136020,0.478177,-0.576352,-0.648586
36240217,0.134567,0.475603,-0.569684,-0.656623
36248550,0.129756,0.463568,-0.566790,-0.668594
36256883,0.119477,0.453145,-0.560660,-0.682675
36265216,0.117298,0.464524,-0.547549,-0.686039
36273549,0.109947,0.447905,-0.548999,-0.697060
36281882,0.105812,0.443380,-0.544648,-0.703972
36290215,0.112335,0.442961,-0.538577,-0.707885
36298548,0.114522,0.433926,-0.533639,-0.716814
36306881,0.117262,0.434491,-0.528336,-0.719950
36315214,0.121870,0.434255,-0.513693,-0.729856
36323547,0.126283,0.431092,-0.502285,-0.738865
36331880,0.127295,0.419327,-0.492751,-0.751769
36340213,0.131324,0.408360,-0.487128,-0.760725
36348546,0.132127,0.394857,-0.483171,-0.770179
36356879,0.135584,0.381279,-0.476126,-0.780735
36365212,0.137439,0.368293,-0.470812,-0.789814
36373545,0.139928,0.355144,-0.464860,-0.798873
36381878,0.142156,0.343362,-0.460179,-0.806306
36390211,0.142049,0.331085,-0.459191,-0.812003
36398544,0.143302,0.321614,-0.454110,-0.818421
36406877,0.141845,0.310733,-0.455926,-0.821862
36415210,0.144219,0.300704,-0.451820,-0.827428
36423543,0.147704,0.291533,-0.447630,-0.832358
36431876,0.149918,0.281840,-0.445974,-0.836181
36440209,0.151009,0.272272,-0.443187,-0.840625
36448542,0.153768,0.265943,-0.441392,-0.843091
36456875,0.157573,0.260552,-0.436963,-0.846373
36465208,0.161238,0.255607,-0.431921,-0.849772
36473541,0.166061,0.252008,-0.427326,-0.852238
36481874,0.170982,0.250693,-0.421387,-0.854606
36490207,0.176096,0.249557,-0.415708,-0.856679
36498540,0.180382,0.245703,-0.409425,-0.859921
36506873,0.184723,0.244050,-0.403882,-0.862088
36515206,0.189391,0.242584,-0.396412,-0.864952
36523539,0.192675,0.240770,-0.387768,-0.868644
36531872,0.195873,0.240803,-0.378101,-0.872174
36540205,0.199851,0.238609,-0.371616,-0.874658
36548538,0.203041,0.239280,-0.362580,-0.877528
36556871,0.205317,0.240109,-0.353197,-0.880593
36565204,0.206418,0.238851,-0.343874,-0.884360
36573537,0.209097,0.239595,-0.333537,-0.887483
36581870,0.212273,0.241316,-0.321864,-0.890567
36590203,0.213248,0.239971,-0.311359,-0.894424
36598536,0.213680,0.237180,-0.302397,-0.898133
36606869,0.213940,0.236439,-0.295041,-0.900709
36615202,0.215435,0.236282,-0.283563,-0.904075
36623535,0.216962,0.237663,-0.275037,-0.905979
36631868,0.215698,0.236253,-0.269239,-0.908388
36640201,0.215732,0.236547,-0.263724,-0.909921
36648534,0.215013,0.235509,-0.258314,-0.911909
36656867,0.213751,0.235589,-0.254027,-0.913389
36665200,0.213534,0.236767,-0.250326,-0.914156
36673533,0.211464,0.236296,-0.246302,-0.915851
36681866,0.211476,0.239265,-0.241402,-0.916382
36690199,0.211036,0.239928,-0.240684,-0.916499
36698532,0.210965,0.241486,-0.239393,-0.916444
36706865,0.210374,0.241720,-0.238076,-0.916861
36715198,0.210155,0.241318,-0.237907,-0.917061
36723531,0.210285,0.242719,-0.235476,-0.917289
36731864,0.209951,0.243420,-0.236126,-0.917012
36740197,0.209525,0.242615,-0.236311,-0.917275
36748530,0.210122,0.241993,-0.235793,-0.917437
36756863,0.210776,0.242138,-0.234784,-0.917507
36765196,0.211560,0.242154,-0.234065,-0.917506
36773529,0.212854,0.241907,-0.233153,-0.917504
36781862,0.214352,0.239786,-0.232046,-0.917993
36790195,0.216191,0.240906,-0.229916,-0.917804
36798528,0.219330,0.239664,-0.226819,-0.918155
36806861,0.222207,0.239178,-0.222978,-0.918531
36815194,0.224900,0.237548,-0.219686,-0.919091
36823527,0.229766,0.238053,-0.212865,-0.919362
36831860,0.233574,0.235797,-0.205997,-0.920548
36840193,0.237130,0.232695,-0.200843,-0.921566
36848526,0.243002,0.232105,-0.191988,-0.922073
36856859,0.247378,0.227969,-0.185972,-0.923173
36865192,0.251776,0.223104,-0.179085,-0.924533
36873525,0.257363,0.219983,-0.171751,-0.925134
36881858,0.261576,0.214855,-0.163714,-0.926614
36890191,0.266711,0.212391,-0.156501,-0.926964
36898524,0.272789,0.210339,-0.149217,-0.926865
36906857,0.277854,0.206273,-0.143405,-0.927191
36915190,0.283032,0.203977,-0.138850,-0.926826
36923523,0.287009,0.200044,-0.135276,-0.926989
36931856,0.290677,0.195208,-0.134333,-0.927014
36940189,0.294475,0.192799,-0.132640,-0.926563
36948522,0.297571,0.190744,-0.130499,-0.926304
36956855,0.300287,0.189105,-0.128420,-0.926054
36965188,0.301969,0.187893,-0.126800,-0.925977
36973521,0.302847,0.184624,-0.125739,-0.926492
36981854,0.305159,0.184343,-0.122087,-0.926278
36990187,0.306836,0.183308,-0.121154,-0.926052
36998520,0.309854,0.185461,-0.117449,-0.925095
37006853,0.312088,0.187892,-0.113496,-0.924347
37015186,0.315736,0.190563,-0.111195,-0.922839
37023519,0.319344,0.193448,-0.108265,-0.921345
37031852,0.323119,0.196722,-0.103716,-0.919857
37040185,0.326236,0.202911,-0.099444,-0.917882
37048518,0.329653,0.210754,-0.093502,-0.915516
37056851,0.332751,0.219241,-0.085971,-0.913137
37065184,0.334927,0.228798,-0.080402,-0.910501
37073517,0.337940,0.240917,-0.074623,-0.906745
37081850,0.336050,0.255596,-0.069838,-0.903805
37090183,0.334206,0.270629,-0.067371,-0.900293
37098516,0.335240,0.273493,-0.065241,-0.899199
37106849,0.341903,0.271782,-0.059414,-0.897612
37115182,0.352713,0.258766,-0.051885,-0.897743
37123515,0.360011,0.241821,-0.053325,-0.899484
37131848,0.359457,0.224768,-0.062699,-0.903515
37140181,0.356823,0.218211,-0.068747,-0.905723
37148514,0.357257,0.220048,-0.068737,-0.905109
37156847,0.357934,0.223949,-0.065305,-0.904138
37165180,0.359372,0.226460,-0.062828,-0.903117
37173513,0.360221,0.226743,-0.063681,-0.902648
37181846,0.360280,0.226828,-0.064755,-0.902527
37190179,0.360671,0.227056,-0.066118,-0.902214
37198512,0.359757,0.228748,-0.067634,-0.902039
37206845,0.359398,0.229969,-0.069438,-0.901735
37215178,0.360229,0.229974,-0.069902,-0.901366
37223511,0.361258,0.230574,-0.070359,-0.900765
37231844,0.361526,0.229360,-0.070947,-0.900922
37240177,0.362705,0.228378,-0.071091,-0.900686
37248510,0.363688,0.226882,-0.072289,-0.900572
37256843,0.363541,0.225405,-0.072478,-0.900987
37265176,0.363318,0.224898,-0.073114,-0.901152
37273509,0.364051,0.223900,-0.074559,-0.900986
37281842,0.364475,0.224676,-0.074982,-0.900587
37290175,0.364968,0.224139,-0.075266,-0.900497
37298508,0.365479,0.224328,-0.075634,-0.900212
37306841,0.366087,0.224483,-0.075698,-0.899921
37315174,0.366734,0.223560,-0.075935,-0.899867
37323507,0.367236,0.222668,-0.076138,-0.899866
37331840,0.367388,0.223119,-0.076256,-0.899683
37340173,0.367763,0.223257,-0.076690,-0.899458
37348506,0.369348,0.224028,-0.076328,-0.898648
37356839,0.369538,0.223345,-0.076313,-0.898741
37365172,0.369772,0.222861,-0.076249,-0.898770
37373505,0.370027,0.223160,-0.076825,-0.898542
37381838,0.370319,0.223031,-0.076833,-0.898453
37390171,0.370578,0.222955,-0.076823,-0.898366
37398504,0.370183,0.222766,-0.077612,-0.898508
37406837,0.370099,0.221952,-0.078769,-0.898643
37415170,0.369896,0.221771,-0.078511,-0.898794
37423503,0.371743,0.222633,-0.077473,-0.897908
37431836,0.371509,0.222342,-0.077948,-0.898036
37440169,0.371127,0.222423,-0.078063,-0.898164
37448502,0.371446,0.221738,-0.077902,-0.898216
37456835,0.370410,0.220798,-0.078711,-0.898804
37465168,0.369994,0.220818,-0.079177,-0.898930
37473501,0.370028,0.221171,-0.079205,-0.898826
37481834,0.370357,0.220756,-0.078942,-0.898816
37490167,0.370427,0.220557,-0.078990,-0.898832
37498500,0.369938,0.221226,-0.079393,-0.898833
37506833,0.369072,0.220888,-0.079933,-0.899225
37515166,0.369247,0.220910,-0.079934,-0.899148
37523499,0.369396,0.220583,-0.080059,-0.899155
37531832,0.369203,0.221008,-0.080480,-0.899093
37540165,0.369111,0.221006,-0.080681,-0.899113
37548498,0.370436,0.222401,-0.080136,-0.898272
37556831,0.369641,0.221814,-0.080364,-0.898725
37565164,0.369430,0.221341,-0.080449,-0.898920
37573497,0.369123,0.220104,-0.080874,-0.899312
37581830,0.368948,0.219733,-0.081626,-0.899406
37590163,0.368957,0.219775,-0.081865,-0.899371
37598496,0.369000,0.220264,-0.081753,-0.899243
37606829,0.369200,0.220565,-0.081694,-0.899093
37615162,0.369016,0.220392,-0.081810,-0.899201
37623495,0.368923,0.220370,-0.081951,-0.899231
37631828,0.368875,0.221109,-0.082052,-0.899061
37640161,0.368467,0.222000,-0.082446,-0.898972
37648494,0.367990,0.221662,-0.082970,-0.899202
37656827,0.368201,0.221492,-0.082851,-0.899169
37665160,0.368248,0.221438,-0.083058,-0.899144
37673493,0.368285,0.222776,-0.082921,-0.898811
37681826,0.368025,0.223276,-0.083117,-0.898775
37690159,0.367662,0.223630,-0.083242,-0.898824
37698492,0.367598,0.223323,-0.083503,-0.898903
37706825,0.367920,0.223314,-0.083260,-0.898795
37715158,0.367778,0.223388,-0.083443,-0.898818
37723491,0.367717,0.223866,-0.083518,-0.898717
37731824,0.367600,0.224209,-0.083686,-0.898664
37740157,0.367887,0.224041,-0.083561,-0.898600
37748490,0.367051,0.223807,-0.084149,-0.898945
37756823,0.366783,0.223795,-0.084543,-0.899021
37765156,0.367024,0.223123,-0.084531,-0.899091
37773489,0.366955,0.223677,-0.084555,-0.898979
37781822,0.366739,0.224531,-0.083544,-0.898948
37790155,0.366758,0.225057,-0.083317,-0.898830
37798488,0.366007,0.223961,-0.084027,-0.899344
37806821,0.366107,0.223918,-0.084141,-0.899304
37815154,0.366076,0.223377,-0.084985,-0.899371
37823487,0.365989,0.222385,-0.085305,-0.899622
37831820,0.366128,0.223854,-0.084178,-0.899307
37840153,0.365892,0.223168,-0.084865,-0.899509
37848486,0.365822,0.222810,-0.085180,-0.899597
37856819,0.365807,0.224300,-0.084274,-0.899318
37865152,0.365698,0.223978,-0.083808,-0.899486
37873485,0.365800,0.223313,-0.083787,-0.899612
37881818,0.365793,0.223183,-0.084700,-0.899561
37890151,0.366004,0.223695,-0.084768,-0.899342
37898484,0.366180,0.223746,-0.084512,-0.899282
37906817,0.366201,0.224057,-0.084624,-0.899185
37915150,0.365905,0.224560,-0.083719,-0.899265
37923483,0.365948,0.224764,-0.084226,-0.899149
37931816,0.366050,0.224612,-0.083459,-0.899217
37940149,0.366040,0.224964,-0.083020,-0.899174
37948482,0.366363,0.223974,-0.083823,-0.899215
37956815,0.366303,0.224141,-0.083132,-0.899262
37965148,0.366643,0.225104,-0.082561,-0.898935
37973481,0.366593,0.224228,-0.083452,-0.899092
37981814,0.365655,0.223939,-0.084115,-0.899485
37990147,0.365543,0.225033,-0.082860,-0.899373
37998480,0.365665,0.224731,-0.083232,-0.899365
38006813,0.365687,0.224592,-0.083485,-0.899367
38015146,0.365897,0.225601,-0.082216,-0.899146
38023479,0.366002,0.225231,-0.081639,-0.899249
38031812,0.365879,0.224309,-0.082741,-0.899429
38040145,0.366468,0.224633,-0.082748,-0.899107
38048478,0.366160,0.224448,-0.082837,-0.899271
38056811,0.365738,0.224647,-0.082832,-0.899393
38065144,0.365784,0.224608,-0.082687,-0.899398
38073477,0.366439,0.225054,-0.082362,-0.899050
38081810,0.365993,0.224931,-0.082498,-0.899249
38090143,0.365951,0.224745,-0.082336,-0.899328
38098476,0.365873,0.224363,-0.082567,-0.899434
38106809,0.366187,0.224865,-0.082231,-0.899211
38115142,0.366789,0.225679,-0.081759,-0.898805
38123475,0.367187,0.225158,-0.081599,-0.898788
38131808,0.367768,0.225683,-0.081285,-0.898447
38140141,0.369242,0.226179,-0.080305,-0.897805
38148474,0.369161,0.226102,-0.080247,-0.897863
38156807,0.370568,0.225659,-0.079618,-0.897451
38165140,0.371781,0.226702,-0.078667,-0.896770
38173473,0.373021,0.226811,-0.078162,-0.896272
38181806,0.374517,0.227164,-0.077985,-0.895573
38190139,0.375902,0.226017,-0.078054,-0.895277
38198472,0.378539,0.224625,-0.077313,-0.894581
38206805,0.381071,0.221202,-0.076403,-0.894437
38215138,0.382839,0.218386,-0.075283,-0.894469
38223471,0.385608,0.216735,-0.073768,-0.893807
38231804,0.389408,0.212219,-0.072167,-0.893373
38240137,0.393529,0.207807,-0.070032,-0.892775
38248470,0.396444,0.203899,-0.069471,-0.892430
38256803,0.401532,0.203618,-0.066967,-0.890408
38265136,0.406138,0.204347,-0.065019,-0.888294
38273469,0.409809,0.202162,-0.064011,-0.887181
38281802,0.412612,0.203124,-0.064053,-0.885657
38290135,0.415224,0.201952,-0.064381,-0.884680
38298468,0.416584,0.202536,-0.064704,-0.883884
38306801,0.418876,0.201217,-0.065957,-0.883008
38315134,0.420858,0.203278,-0.067833,-0.881451
38323467,0.423205,0.205571,-0.069475,-0.879665
38331800,0.426036,0.205031,-0.071019,-0.878301
38340133,0.423705,0.206034,-0.075179,-0.878847
38348466,0.422820,0.209115,-0.078190,-0.878283
38356799,0.423480,0.209513,-0.080951,-0.877620
38365132,0.424273,0.216140,-0.082352,-0.875497
38373465,0.422002,0.218766,-0.085646,-0.875626
38381798,0.422259,0.222537,-0.087731,-0.874344
38390131,0.419630,0.223609,-0.091082,-0.874994
38398464,0.417963,0.227190,-0.093536,-0.874610
38406797,0.417980,0.230363,-0.095390,-0.873571
38415130,0.417439,0.232929,-0.096928,-0.872980
38423463,0.415610,0.235767,-0.098552,-0.872909
38431796,0.416446,0.241164,-0.099478,-0.870929
38440129,0.416033,0.245262,-0.100627,-0.869849
38448462,0.413926,0.244456,-0.103557,-0.870737
38456795,0.415288,0.245439,-0.104782,-0.869664
38465128,0.416137,0.246110,-0.107159,-0.868779
38473461,0.416965,0.248579,-0.108583,-0.867502
38481794,0.416600,0.249037,-0.110906,-0.867252
38490127,0.416413,0.250497,-0.113480,-0.866587
38498460,0.417341,0.255296,-0.114823,-0.864562
38506793,0.417634,0.257675,-0.115791,-0.863584
38515126,0.418212,0.263162,-0.116400,-0.861566
38523459,0.416695,0.264412,-0.117725,-0.861738
38531792,0.417855,0.270133,-0.115826,-0.859657
38540125,0.419433,0.273353,-0.114632,-0.858029
38548458,0.421483,0.276106,-0.113526,-0.856288
38556791,0.422920,0.280999,-0.111647,-0.854232
38565124,0.424068,0.285558,-0.109938,-0.852371
38573457,0.423802,0.292326,-0.106989,-0.850583
38581790,0.423934,0.298088,-0.104807,-0.848787
38590123,0.424347,0.300655,-0.104674,-0.847691
38598456,0.424421,0.304103,-0.102622,-0.846674
38606789,0.424087,0.307723,-0.101918,-0.845618
38615122,0.424440,0.316659,-0.098780,-0.842509
38623455,0.424785,0.324351,-0.095870,-0.839740
38631788,0.422810,0.327272,-0.094214,-0.839791
38640121,0.423077,0.337914,-0.089923,-0.835903
38648454,0.421358,0.343203,-0.087701,-0.834852
38656787,0.420612,0.351988,-0.083981,-0.831948
38665120,0.422678,0.360875,-0.080342,-0.827440
38673453,0.422347,0.370034,-0.075478,-0.824015
38681786,0.420970,0.372925,-0.072155,-0.823714
38690119,0.420564,0.370100,-0.069162,-0.825450
38698452,0.419170,0.379958,-0.064188,-0.822076
38706785,0.418560,0.390375,-0.058189,-0.817942
38715118,0.416775,0.390162,-0.053960,-0.819244
38723451,0.414484,0.392822,-0.049940,-0.819390
38731784,0.414453,0.400760,-0.043140,-0.815941
38740117,0.413615,0.409770,-0.036765,-0.812194
38748450,0.413262,0.414474,-0.031035,-0.810224
38756783,0.412997,0.416896,-0.025755,-0.809301
38765116,0.411644,0.420916,-0.020608,-0.808056
38773449,0.409889,0.424429,-0.015155,-0.807230
38781782,0.409623,0.430672,-0.009907,-0.804134
38790115,0.409806,0.435880,-0.005456,-0.801273
38798448,0.409586,0.440264,-0.001604,-0.799002
38806781,0.408672,0.437360,0.001594,-0.801062
38815114,0.407950,0.439214,0.005676,-0.800397
38823447,0.408387,0.441281,0.011075,-0.798979
38831780,0.409271,0.448437,0.016938,-0.794427
38840113,0.410259,0.446913,0.020187,-0.794700
38848446,0.411152,0.453252,0.026622,-0.790448
38856779,0.411009,0.459780,0.031977,-0.786544
38865112,0.410670,0.464381,0.038499,-0.783721
38873445,0.411111,0.466441,0.037410,-0.782318
38881778,0.411684,0.471016,0.039131,-0.779185
38890111,0.413172,0.484119,0.049124,-0.769743
38898444,0.414013,0.495259,0.055990,-0.761694
38906777,0.413852,0.503285,0.061462,-0.756077
38915110,0.413459,0.508598,0.067141,-0.752245
38923443,0.412591,0.504341,0.071984,-0.755134
38931776,0.411978,0.508801,0.079912,-0.751671
38940109,0.410460,0.512514,0.083820,-0.749551
38948442,0.409758,0.523501,0.095683,-0.740871
38956775,0.405693,0.530872,0.103876,-0.736748
38965108,0.401973,0.536403,0.113613,-0.733336
38973441,0.397557,0.553271,0.124927,-0.721272
38981774,0.389442,0.571209,0.133524,-0.710089
38990107,0.379869,0.581645,0.142915,-0.704956
38998440,0.370932,0.588922,0.149738,-0.702253
39006773,0.365603,0.599513,0.156074,-0.694665
39015106,0.362733,0.601253,0.160994,-0.693542
39023439,0.363158,0.610584,0.165834,-0.683961
39031772,0.364970,0.612321,0.166700,-0.681227
39040105,0.367708,0.609296,0.163302,-0.683288
39048438,0.369041,0.605128,0.156227,-0.687911
39056771,0.371689,0.611340,0.153677,-0.681538
39065104,0.370726,0.611085,0.147838,-0.683579
39073437,0.368763,0.612862,0.140563,-0.684585
39081770,0.365090,0.609777,0.128863,-0.691575
39090103,0.360478,0.614732,0.117844,-0.691572
39098436,0.355936,0.619719,0.109744,-0.690807
39106769,0.350613,0.623689,0.101038,-0.691285
39115102,0.348340,0.631624,0.096474,-0.685859
39123435,0.346926,0.632338,0.089416,-0.686874
39131768,0.347193,0.634628,0.082087,-0.685541
39140101,0.349417,0.636640,0.078031,-0.683014
39148434,0.353692,0.637112,0.076650,-0.680526
39156767,0.359287,0.633655,0.075823,-0.680916
39165100,0.364138,0.633933,0.074624,-0.678207
39173433,0.369516,0.629814,0.073293,-0.679279
39181766,0.374234,0.625626,0.072577,-0.680642
39190099,0.377586,0.625353,0.070589,-0.679250
39198432,0.381501,0.624115,0.068987,-0.678365
39206765,0.384955,0.626714,0.065536,-0.674347
39215098,0.387237,0.624646,0.063367,-0.675166
39223431,0.388220,0.625400,0.058826,-0.674314
39231764,0.389127,0.625645,0.053965,-0.673971
39240097,0.389768,0.627238,0.049444,-0.672465
39248430,0.390823,0.629640,0.043824,-0.669993
39256763,0.391166,0.631877,0.039909,-0.667928
39265096,0.390395,0.630737,0.036559,-0.669646
39273429,0.389243,0.629688,0.033370,-0.671468
39281762,0.388809,0.629153,0.031324,-0.672319
39290095,0.388498,0.631839,0.031327,-0.669976
39298428,0.388807,0.631887,0.030693,-0.669780
39306761,0.387762,0.633690,0.029580,-0.668732
39315094,0.386119,0.635206,0.026907,-0.668358
39323427,0.383228,0.637707,0.023611,-0.667764
39331760,0.379611,0.639227,0.022653,-0.668410
39340093,0.376474,0.639430,0.020038,-0.670070
39348426,0.373905,0.642818,0.016116,-0.668372
39356759,0.368453,0.643579,0.009156,-0.670794
39365092,0.363478,0.644407,0.002597,-0.672768
39373425,0.359055,0.647758,-0.004658,-0.671913
39381758,0.353586,0.650004,-0.010864,-0.672573
39390091,0.348263,0.654738,-0.018267,-0.670595
39398424,0.344314,0.660017,-0.024857,-0.667239
39406757,0.338243,0.661863,-0.031130,-0.668252
39415090,0.332279,0.662436,-0.036236,-0.670415
39423423,0.328537,0.667158,-0.042588,-0.667196
39431756,0.324193,0.667507,-0.048153,-0.668591
39440089,0.316890,0.667515,-0.051425,-0.671834
39448422,0.309315,0.670231,-0.058412,-0.672089
39456755,0.304149,0.673531,-0.064293,-0.670608
39465088,0.297190,0.675635,-0.071090,-0.670926
39473421,0.287697,0.677448,-0.077831,-0.672485
39481754,0.280171,0.681591,-0.086428,-0.670424
39490087,0.275829,0.688631,-0.094746,-0.663874
39498420,0.268922,0.693154,-0.103431,-0.660697
39506753,0.258460,0.694531,-0.111875,-0.662049
39515086,0.249136,0.699167,-0.121641,-0.659015
39523419,0.242036,0.703637,-0.132108,-0.654875
39531752,0.232601,0.708298,-0.141060,-0.651393
39540085,0.222205,0.709904,-0.149988,-0.651279
39548418,0.211221,0.711024,-0.160862,-0.651117
39556751,0.201393,0.713797,-0.173694,-0.647892
39565084,0.188063,0.718364,-0.183905,-0.644022
39573417,0.176967,0.720395,-0.192918,-0.642259
39581750,0.164769,0.722932,-0.202640,-0.639653
39590083,0.153417,0.725410,-0.211012,-0.636959
39598416,0.141728,0.729329,-0.219811,-0.632198
39606749,0.128367,0.731635,-0.228502,-0.629300
39615082,0.117036,0.735034,-0.233904,-0.625553
39623415,0.106700,0.739151,-0.240173,-0.620151
39631748,0.093547,0.740751,-0.245671,-0.618209
39640081,0.081437,0.740929,-0.252730,-0.616863
39648414,0.068485,0.744843,-0.255580,-0.612534
39656747,0.055226,0.747014,-0.259813,-0.609441
39665080,0.043775,0.748006,-0.260718,-0.608767
39673413,0.035175,0.748573,-0.267619,-0.605625
39681746,0.021980,0.753055,-0.265969,-0.601403
39690079,0.013249,0.758429,-0.263897,-0.595792
39698412,0.003080,0.755872,-0.264022,-0.599117
39706745,-0.007636,0.758258,-0.260920,-0.597418
39715078,-0.014281,0.761649,-0.261354,-0.592773
39723411,-0.023418,0.764029,-0.259784,-0.590104
39731744,-0.030541,0.770935,-0.259810,-0.580710
39740077,-0.039018,0.772861,-0.256429,-0.579144
39748410,-0.045906,0.774573,-0.257144,-0.576026
39756743,-0.054285,0.776527,-0.253418,-0.574315
39765076,-0.060738,0.776403,-0.251767,-0.574563
39773409,-0.066968,0.779854,-0.251682,-0.569210
39781742,-0.073036,0.779872,-0.253194,-0.567766
39790075,-0.079793,0.779022,-0.251748,-0.568666
39798408,-0.084704,0.779945,-0.253456,-0.565925
39806741,-0.088235,0.780545,-0.256719,-0.563081
39815074,-0.092519,0.781835,-0.257295,-0.560333
39823407,-0.095161,0.783052,-0.258995,-0.557401
39831740,-0.097780,0.783526,-0.261113,-0.555290
39840073,-0.098320,0.782427,-0.266761,-0.554057
39848406,-0.102117,0.783993,-0.266735,-0.551162
39856739,-0.103177,0.782104,-0.272278,-0.550938
39865072,-0.108378,0.782369,-0.268034,-0.551643
39873405,-0.109984,0.783416,-0.268883,-0.549422
39881738,-0.109557,0.782624,-0.273583,-0.548315
39890071,-0.109892,0.782329,-0.276403,-0.547253
39898404,-0.112243,0.782809,-0.275684,-0.546452
39906737,-0.114388,0.782048,-0.274802,-0.547540
39915070,-0.116541,0.782035,-0.277439,-0.545772
39923403,-0.118172,0.781223,-0.279162,-0.545706
39931736,-0.119043,0.780937,-0.279194,-0.545909
39940069,-0.119405,0.780406,-0.278846,-0.546766
39948402,-0.119279,0.779176,-0.279693,-0.548114
39956735,-0.117268,0.777058,-0.282321,-0.550203
39965068,-0.118635,0.777264,-0.282022,-0.549773
39973401,-0.119242,0.777791,-0.281280,-0.549276
39981734,-0.120396,0.776609,-0.280457,-0.551114
39990067,-0.120693,0.777343,-0.281206,-0.549630
39998400,-0.122303,0.774007,-0.280478,-0.554335
40006733,-0.123241,0.770754,-0.281326,-0.558217
40015066,-0.122150,0.768036,-0.284012,-0.560837
40023399,-0.123489,0.765635,-0.283859,-0.563895
40031732,-0.124366,0.763451,-0.283729,-0.566722
40040065,-0.124969,0.758209,-0.284079,-0.573412
40048398,-0.124747,0.757801,-0.286811,-0.572639
40056731,-0.122290,0.756831,-0.288465,-0.573619
40065064,-0.123664,0.754833,-0.287090,-0.576639
40073397,-0.124724,0.749843,-0.287161,-0.582854
40081730,-0.122812,0.744526,-0.288758,-0.589252
40090063,-0.122386,0.740370,-0.289833,-0.594029
40098396,-0.121067,0.735762,-0.291152,-0.599356
40106729,-0.125279,0.731788,-0.283641,-0.606910
40115062,-0.126271,0.725512,-0.281292,-0.615274
40123395,-0.124735,0.724819,-0.283098,-0.615576
40131728,-0.125914,0.718622,-0.281339,-0.623360
40140061,-0.128284,0.710566,-0.276564,-0.634155
40148394,-0.128781,0.706064,-0.276371,-0.639146
40156727,-0.128370,0.700720,-0.273070,-0.646487
40165060,-0.130912,0.690631,-0.268904,-0.658469
40173393,-0.129084,0.686204,-0.267429,-0.664036
40181726,-0.126326,0.682534,-0.267220,-0.668418
40190059,-0.121801,0.680271,-0.266337,-0.671908
40198392,-0.116657,0.678679,-0.266885,-0.674210
40206725,-0.113159,0.675369,-0.267053,-0.678052
40215058,-0.110307,0.672796,-0.268144,-0.680645
40223391,-0.106382,0.669500,-0.266147,-0.685287
40231724,-0.102732,0.665292,-0.264640,-0.690506
40240057,-0.098537,0.664016,-0.264230,-0.692499
40248390,-0.094668,0.662170,-0.265493,-0.694321
40256723,-0.090287,0.662116,-0.267785,-0.694076
40265056,-0.086778,0.660156,-0.269510,-0.695722
40273389,-0.083833,0.657442,-0.266980,-0.699617
40281722,-0.080671,0.656001,-0.268921,-0.700597
40290055,-0.076935,0.655509,-0.271321,-0.700552
40298388,-0.073186,0.653455,-0.269871,-0.703428
40306721,-0.069298,0.652050,-0.269680,-0.705196
40315054,-0.066193,0.650977,-0.270742,-0.706078
40323387,-0.063911,0.647684,-0.272043,-0.708811
40331720,-0.059636,0.648651,-0.273496,-0.707739
40340053,-0.054997,0.649555,-0.273665,-0.707221
40348386,-0.051493,0.648255,-0.272316,-0.709195
40356719,-0.049046,0.644997,-0.270349,-0.713081
40365052,-0.044720,0.644071,-0.271309,-0.713838
40373385,-0.041249,0.643230,-0.270268,-0.715198
40381718,-0.038665,0.644160,-0.270369,-0.714467
40390051,-0.036019,0.643587,-0.270250,-0.715166
40398384,-0.033670,0.642670,-0.269468,-0.716400
40406717,-0.029880,0.643827,-0.269964,-0.715342
40415050,-0.026787,0.644149,-0.269694,-0.715276
40423383,-0.024458,0.644798,-0.269636,-0.714797
40431716,-0.022289,0.643941,-0.269488,-0.715695
40440049,-0.019958,0.643627,-0.268792,-0.716308
40448382,-0.018408,0.642536,-0.267219,-0.717915
40456715,-0.016915,0.642629,-0.266608,-0.718097
40465048,-0.014917,0.643288,-0.265994,-0.717778
40473381,-0.012051,0.646154,-0.265030,-0.715611
40481714,-0.009417,0.646721,-0.262391,-0.716111
40490047,-0.007848,0.646187,-0.260255,-0.717390
40498380,-0.005339,0.649358,-0.258099,-0.715326
40506713,-0.003501,0.650191,-0.256434,-0.715179
40515046,-0.002003,0.650549,-0.256375,-0.714881
40523379,-0.000361,0.652559,-0.255726,-0.713282
40531712,0.001259,0.653958,-0.254796,-0.712332
40540045,0.002131,0.655857,-0.252380,-0.711443
40548378,0.003721,0.658789,-0.250710,-0.709315
40556711,0.004695,0.661282,-0.249438,-0.707435
40565044,0.005146,0.660612,-0.247479,-0.708745
40573377,0.007251,0.663554,-0.246205,-0.706418
40581710,0.006993,0.665319,-0.244704,-0.705281
40590043,0.007730,0.668607,-0.242375,-0.702964
40598376,0.008803,0.672574,-0.241063,-0.699611
40606709,0.008809,0.672141,-0.238941,-0.700754
40615042,0.008206,0.674086,-0.235786,-0.699961
40623375,0.009976,0.679390,-0.232946,-0.695749
40631708,0.010668,0.681109,-0.230379,-0.694912
40640041,0.010694,0.681813,-0.227728,-0.695095
40648374,0.010631,0.685251,-0.225415,-0.692464
40656707,0.009050,0.686154,-0.221631,-0.692813
40665040,0.010390,0.689348,-0.217928,-0.690796
40673373,0.009542,0.691191,-0.214484,-0.690044
40681706,0.009167,0.693167,-0.210671,-0.689241
40690039,0.008682,0.694416,-0.206840,-0.689150
40698372,0.009901,0.699300,-0.204222,-0.684963
40706705,0.008744,0.699798,-0.200845,-0.685468
40715038,0.010166,0.705315,-0.198031,-0.680596
40723371,0.011713,0.709679,-0.195436,-0.676774
40731704,0.009947,0.710594,-0.191280,-0.677030
40740037,0.009813,0.713695,-0.187875,-0.674720
40748370,0.009503,0.714475,-0.183316,-0.675152
40756703,0.008891,0.715296,-0.178290,-0.675637
40765036,0.009410,0.717533,-0.174448,-0.674260
40773369,0.010131,0.721872,-0.172358,-0.670143
40781702,0.009811,0.723141,-0.167578,-0.669992
40790035,0.009909,0.724573,-0.161944,-0.669828
40798368,0.009677,0.726050,-0.159149,-0.668901
40806701,0.010324,0.728136,-0.154922,-0.667615
40815034,0.009940,0.729845,-0.151680,-0.666499
40823367,0.010061,0.732455,-0.147418,-0.664588
40831700,0.009574,0.732308,-0.142741,-0.665777
40840033,0.010545,0.734849,-0.139597,-0.663625
40848366,0.011681,0.735979,-0.136892,-0.662918
40856699,0.011307,0.735894,-0.133635,-0.663683
40865032,0.011701,0.737719,-0.130921,-0.662189
40873365,0.011910,0.738046,-0.128225,-0.662347
40881698,0.012154,0.737970,-0.125368,-0.662974
40890031,0.012722,0.738303,-0.122125,-0.663198
40898364,0.013259,0.738698,-0.120040,-0.663128
40906697,0.014063,0.739249,-0.118003,-0.662863
40915030,0.015435,0.741498,-0.117043,-0.660487
40923363,0.017435,0.741709,-0.114723,-0.660608
40931696,0.018951,0.742066,-0.113123,-0.660441
40940029,0.020122,0.741959,-0.112717,-0.660596
40948362,0.021338,0.741671,-0.110601,-0.661238
40956695,0.022727,0.741486,-0.109406,-0.661598
40965028,0.024314,0.740957,-0.107764,-0.662403
40973361,0.026435,0.740815,-0.106938,-0.662615
40981694,0.027588,0.738772,-0.105739,-0.665037
40990027,0.029930,0.738871,-0.105024,-0.664939
40998360,0.030847,0.738765,-0.104056,-0.665167
41006693,0.032536,0.737390,-0.102973,-0.666778
41015026,0.033852,0.737257,-0.101929,-0.667020
41023359,0.035662,0.736656,-0.101560,-0.667647
41031692,0.037682,0.736017,-0.099734,-0.668515
41040025,0.038378,0.733039,-0.100674,-0.671600
41048358,0.039148,0.731926,-0.100210,-0.672837
41056691,0.040730,0.730932,-0.099536,-0.673923
41065024,0.041969,0.731041,-0.099116,-0.673790
41073357,0.044135,0.731106,-0.098757,-0.673635
41081690,0.045016,0.729832,-0.099232,-0.674887
41090023,0.045859,0.727372,-0.099149,-0.677492
41098356,0.047218,0.726437,-0.099168,-0.678399
41106689,0.048564,0.725429,-0.099704,-0.679303
41115022,0.050392,0.724864,-0.100493,-0.679657
41123355,0.052054,0.724003,-0.102381,-0.680168
41131688,0.052984,0.723296,-0.102984,-0.680757
41140021,0.053487,0.721729,-0.104405,-0.682162
41148354,0.055925,0.721562,-0.106130,-0.681878
41156687,0.056072,0.716953,-0.109450,-0.686189
41165020,0.057587,0.717373,-0.111407,-0.685309
41173353,0.058810,0.716790,-0.112542,-0.685630
41181686,0.060255,0.714432,-0.114205,-0.687687
41190019,0.061585,0.712880,-0.116651,-0.688768
41198352,0.062474,0.711388,-0.118816,-0.689860
41206685,0.064243,0.710140,-0.121020,-0.690599
41215018,0.065492,0.709709,-0.122680,-0.690632
41223351,0.067483,0.709198,-0.124101,-0.690712
41231684,0.069190,0.709375,-0.127741,-0.689697
41240017,0.070792,0.708777,-0.130962,-0.689545
41248350,0.071673,0.706765,-0.134309,-0.690874
41256683,0.072884,0.705983,-0.135387,-0.691337
41265016,0.074821,0.704266,-0.137539,-0.692455
41273349,0.076225,0.703660,-0.140344,-0.692355
41281682,0.079034,0.704416,-0.141556,-0.691023
41290015,0.079715,0.703385,-0.142803,-0.691738
41298348,0.081104,0.702716,-0.144201,-0.691967
41306681,0.083213,0.703269,-0.145733,-0.690833
41315014,0.084257,0.700427,-0.145984,-0.693536
41323347,0.086313,0.699944,-0.147254,-0.693502
41331680,0.088743,0.702131,-0.146433,-0.691154
41340013,0.090967,0.702292,-0.147430,-0.690489
41348346,0.092705,0.702920,-0.147262,-0.689654
41356679,0.093516,0.702429,-0.147990,-0.689890
41365012,0.094298,0.702635,-0.148207,-0.689526
41373345,0.095218,0.703774,-0.147994,-0.688283
41381678,0.096415,0.704533,-0.148182,-0.687299
41390011,0.097867,0.705300,-0.147355,-0.686484
41398344,0.097959,0.704497,-0.147920,-0.687174
41406677,0.098369,0.704727,-0.148210,-0.686817
41415010,0.098571,0.705701,-0.148134,-0.685803
41423343,0.097403,0.706425,-0.148926,-0.685052
41431676,0.095743,0.705840,-0.149482,-0.685769
41440009,0.095675,0.706108,-0.149483,-0.685502
41448342,0.094952,0.705750,-0.150080,-0.685840
41456675,0.094330,0.707906,-0.150390,-0.683632
41465008,0.092347,0.708223,-0.149529,-0.683764
41473341,0.090896,0.709670,-0.149158,-0.682538
41481674,0.090321,0.710909,-0.148383,-0.681493
41490007,0.088184,0.710874,-0.149412,-0.681585
41498340,0.086954,0.712201,-0.149104,-0.680424
41506673,0.085409,0.713641,-0.148312,-0.679283
41515006,0.083510,0.715488,-0.148710,-0.677487
41523339,0.081058,0.715718,-0.148906,-0.677499
41531672,0.080233,0.716165,-0.148890,-0.677128
41540005,0.079179,0.718562,-0.148135,-0.674874
41548338,0.077433,0.718838,-0.147096,-0.675010
41556671,0.075809,0.718341,-0.146834,-0.675781
41565004,0.073474,0.719293,-0.146808,-0.675031
41573337,0.071412,0.718765,-0.146294,-0.675925
41581670,0.070283,0.719700,-0.146511,-0.675001
41590003,0.068808,0.722035,-0.145156,-0.672949
41598336,0.067582,0.724899,-0.144951,-0.670032
41606669,0.065147,0.725495,-0.144865,-0.669647
41615002,0.062889,0.726163,-0.142967,-0.669546
41623335,0.060728,0.725558,-0.141679,-0.670675
41631668,0.059017,0.727473,-0.141544,-0.668779
41640001,0.057583,0.728859,-0.140022,-0.667715
41648334,0.055181,0.730248,-0.139046,-0.666603
41656667,0.053547,0.732021,-0.139330,-0.664730
41665000,0.050183,0.731597,-0.138560,-0.665619
41673333,0.047524,0.730325,-0.136408,-0.667653
41681666,0.045705,0.731215,-0.134593,-0.667173
41689999,0.044056,0.731199,-0.132832,-0.667655
41698332,0.043885,0.735049,-0.132157,-0.663560
41706665,0.042214,0.735440,-0.131275,-0.663410
41714998,0.040495,0.736266,-0.130720,-0.662711
41723331,0.037944,0.736177,-0.129138,-0.663270
41731664,0.036180,0.736287,-0.128000,-0.663467
41739997,0.035333,0.737353,-0.127132,-0.662495
41748330,0.033373,0.737741,-0.125970,-0.662387
41756663,0.031122,0.737812,-0.125352,-0.662535
41764996,0.029793,0.736454,-0.124503,-0.664264
41773329,0.028668,0.738142,-0.123568,-0.662613
41781662,0.027800,0.739505,-0.122773,-0.661276
41789995,0.027083,0.740212,-0.122581,-0.660550
41798328,0.025123,0.739279,-0.122727,-0.661644
41806661,0.023152,0.738772,-0.122361,-0.662350
41814994,0.021105,0.738058,-0.122454,-0.663196
41823327,0.020900,0.738030,-0.121890,-0.663339
41831660,0.019387,0.737534,-0.120883,-0.664119
41839993,0.018808,0.738268,-0.121078,-0.663285
41848326,0.017599,0.737338,-0.120570,-0.664444
41856659,0.016313,0.736777,-0.120894,-0.665040
41864992,0.015275,0.737417,-0.121463,-0.664251
41873325,0.014152,0.736569,-0.121580,-0.665195
41881658,0.013567,0.736530,-0.122154,-0.665145
41889991,0.012372,0.734990,-0.122222,-0.666857
41898324,0.011843,0.735306,-0.123356,-0.666309
41906657,0.012105,0.736786,-0.123760,-0.664593
41914990,0.012616,0.736608,-0.123879,-0.664759
41923323,0.012864,0.735973,-0.123281,-0.665568
41931656,0.012375,0.735613,-0.122820,-0.666060
41939989,0.012143,0.734661,-0.123404,-0.667007
41948322,0.012005,0.734724,-0.123536,-0.666915
41956655,0.012536,0.734559,-0.123723,-0.667052
41964988,0.012978,0.733357,-0.122737,-0.668547
41973321,0.013356,0.731866,-0.122334,-0.670245
41981654,0.014012,0.730271,-0.122652,-0.671911
41989987,0.013923,0.730257,-0.122447,-0.671965
41998320,0.014300,0.730130,-0.122776,-0.672035
42006653,0.014907,0.730019,-0.122822,-0.672134
42014986,0.015943,0.730842,-0.123745,-0.671047
42023319,0.017256,0.730068,-0.125057,-0.671612
42031652,0.018476,0.730320,-0.125672,-0.671191
42039985,0.019409,0.730830,-0.126086,-0.670532
42048318,0.020486,0.729803,-0.126953,-0.671454
42056651,0.021263,0.730021,-0.127822,-0.671029
42064984,0.021948,0.728872,-0.127743,-0.672269
42073317,0.022798,0.728348,-0.128119,-0.672737
42081650,0.022173,0.726125,-0.127819,-0.675214
42089983,0.023094,0.725977,-0.128192,-0.675271
42098316,0.024768,0.725737,-0.128153,-0.675477
42106649,0.026256,0.725817,-0.129456,-0.675086
42114982,0.027584,0.725832,-0.129972,-0.674918
42123315,0.029948,0.727192,-0.131047,-0.673143
42131648,0.031166,0.727071,-0.131251,-0.673179
42139981,0.031334,0.724466,-0.131321,-0.675960
42148314,0.032808,0.724617,-0.131912,-0.675613
42156647,0.033298,0.723948,-0.130793,-0.676523
42164980,0.034834,0.725555,-0.131788,-0.674529
42173313,0.035588,0.724378,-0.132874,-0.675540
42181646,0.036703,0.723471,-0.132478,-0.676530
42189979,0.037535,0.722798,-0.131821,-0.677331
42198312,0.038795,0.724313,-0.132716,-0.675465
42206645,0.040310,0.724789,-0.133327,-0.674744
42214978,0.041758,0.724449,-0.133054,-0.675076
42223311,0.042358,0.723057,-0.134464,-0.676249
42231644,0.042509,0.723058,-0.134430,-0.676246
42239977,0.044211,0.722111,-0.133591,-0.677314
42248310,0.045711,0.723752,-0.135021,-0.675177
42256643,0.046196,0.725595,-0.135722,-0.673022
42264976,0.045882,0.725052,-0.136781,-0.673413
42273309,0.043881,0.721527,-0.136363,-0.677406
42281642,0.043291,0.720006,-0.136600,-0.679012
42289975,0.043779,0.720708,-0.136739,-0.678208
42298308,0.045110,0.722447,-0.137192,-0.676176
42306641,0.045613,0.722789,-0.136998,-0.675816
42314974,0.044874,0.722771,-0.137655,-0.675751
42323307,0.044786,0.723960,-0.137786,-0.674456
42331640,0.044040,0.723067,-0.137147,-0.675593
42339973,0.044842,0.723164,-0.136831,-0.675500
42348306,0.045379,0.723646,-0.136399,-0.675035
42356639,0.046056,0.725018,-0.136739,-0.673447
42364972,0.045726,0.725956,-0.136540,-0.672498
42373305,0.044704,0.725110,-0.136563,-0.673474
42381638,0.044004,0.724759,-0.136942,-0.673821
42389971,0.043495,0.726412,-0.137947,-0.671866
42398304,0.042597,0.726460,-0.137513,-0.671961
42406637,0.042016,0.726357,-0.136688,-0.672277
42414970,0.041922,0.726920,-0.136798,-0.671652
42423303,0.041710,0.727023,-0.136246,-0.671666
42431636,0.040282,0.726411,-0.135574,-0.672550
42439969,0.039519,0.727047,-0.136076,-0.671807
42448302,0.038804,0.726628,-0.136695,-0.672175
42456635,0.037611,0.725918,-0.136370,-0.673076
42464968,0.036042,0.723888,-0.136914,-0.675235
42473301,0.034818,0.723408,-0.136401,-0.675917
42481634,0.033507,0.723791,-0.136240,-0.675605
42489967,0.032317,0.723572,-0.136181,-0.675910
42498300,0.030575,0.722330,-0.134909,-0.677572
42506633,0.029060,0.721944,-0.134368,-0.678158
42514966,0.028087,0.722106,-0.134451,-0.678010
42523299,0.026548,0.722234,-0.133641,-0.678096
42531632,0.025180,0.723602,-0.133686,-0.676679
42539965,0.023623,0.724592,-0.133833,-0.675646
42548298,0.022001,0.724489,-0.133906,-0.675796
42556631,0.020394,0.724214,-0.134108,-0.676102
42564964,0.018283,0.723922,-0.134530,-0.676390
42573297,0.016561,0.723766,-0.134489,-0.676610
42581630,0.014859,0.724053,-0.134860,-0.676268
42589963,0.013329,0.723978,-0.135100,-0.676333
42598296,0.011928,0.722846,-0.134152,-0.677757
42606629,0.010196,0.721848,-0.133731,-0.678932
42614962,0.009083,0.722569,-0.134708,-0.677986
42623295,0.007790,0.721790,-0.133904,-0.678991
42631628,0.006886,0.721905,-0.133259,-0.679004
42639961,0.005999,0.723518,-0.131268,-0.677683
42648294,0.004547,0.723436,-0.130899,-0.677854
42656627,0.003164,0.723630,-0.131081,-0.677619
42664960,0.002530,0.723503,-0.130211,-0.677925
42673293,0.001163,0.723684,-0.129520,-0.677867
42681626,-0.001543,0.721050,-0.128537,-0.680855
42689959,-0.002990,0.721008,-0.129112,-0.680786
42698292,-0.004434,0.720096,-0.128487,-0.681860
42706625,-0.004800,0.722613,-0.128751,-0.679139
42714958,-0.006107,0.721793,-0.130352,-0.679696
42723291,-0.006406,0.722332,-0.129403,-0.679302
42731624,-0.007457,0.721075,-0.127743,-0.680939
42739957,-0.007465,0.720469,-0.128673,-0.681404
42748290,-0.008184,0.720546,-0.129001,-0.681252
42756623,-0.009931,0.718589,-0.127962,-0.683488
42764956,-0.011333,0.717363,-0.128528,-0.684648
42773289,-0.010996,0.717356,-0.128497,-0.684667
42781622,-0.011812,0.716212,-0.129633,-0.685635
42789955,-0.012446,0.715746,-0.129603,-0.686117
42798288,-0.011833,0.717105,-0.130122,-0.684608
42806621,-0.012815,0.716092,-0.131543,-0.685379
42814954,-0.012331,0.716594,-0.132393,-0.684699
42823287,-0.012892,0.715944,-0.132904,-0.685270
42831620,-0.012709,0.715113,-0.133104,-0.686101
42839953,-0.013880,0.712487,-0.134110,-0.688610
42848286,-0.014248,0.712627,-0.136913,-0.687906
42856619,-0.014262,0.712242,-0.138370,-0.688013
42864952,-0.015163,0.710383,-0.139662,-0.689653
42873285,-0.015886,0.709993,-0.141912,-0.689578
42881618,-0.015239,0.709470,-0.142541,-0.690002
42889951,-0.015040,0.708470,-0.144227,-0.690683
42898284,-0.014276,0.707671,-0.143668,-0.691634
42906617,-0.012580,0.707555,-0.144424,-0.691628
42914950,-0.011783,0.706915,-0.147405,-0.691668
42923283,-0.012261,0.705651,-0.148190,-0.692781
42931616,-0.013049,0.703902,-0.149517,-0.694260
42939949,-0.011602,0.703042,-0.150834,-0.694871
42948282,-0.009779,0.703356,-0.150706,-0.694610
42956615,-0.010051,0.700485,-0.151523,-0.697324
42964948,-0.008203,0.700441,-0.152997,-0.697070
42973281,-0.007519,0.699127,-0.154952,-0.697965
42981614,-0.006860,0.698527,-0.156331,-0.698265
42989947,-0.005409,0.697996,-0.157141,-0.698626
42998280,-0.004530,0.697496,-0.157233,-0.699111
43006613,-0.004335,0.695140,-0.159197,-0.701012
43014946,-0.002584,0.694385,-0.159440,-0.701714
43023279,-0.000970,0.694093,-0.161195,-0.701605
43031612,0.000068,0.693155,-0.162116,-0.702321
43039945,0.002743,0.694361,-0.162722,-0.700983
43048278,0.003538,0.691596,-0.162439,-0.703772
43056611,0.005016,0.691399,-0.162972,-0.703834
43064944,0.007086,0.690830,-0.162935,-0.704383
43073277,0.009001,0.689123,-0.162324,-0.706172
43081610,0.011290,0.688075,-0.161675,-0.707310
43089943,0.012185,0.685768,-0.161912,-0.709477
43098276,0.014227,0.685856,-0.161623,-0.709421
43106609,0.016428,0.684908,-0.161245,-0.710374
43114942,0.018064,0.683385,-0.160702,-0.711922
43123275,0.021181,0.685716,-0.160713,-0.709589
43131608,0.022660,0.683444,-0.157881,-0.712365
43139941,0.023579,0.681855,-0.157349,-0.713974
43148274,0.025932,0.681523,-0.156967,-0.714294
43156607,0.027598,0.680955,-0.155474,-0.715099
43164940,0.029833,0.681034,-0.152656,-0.715541
43173273,0.031888,0.681452,-0.151380,-0.715325
43181606,0.034234,0.679958,-0.150289,-0.716867
43189939,0.037217,0.681173,-0.148920,-0.715850
43198272,0.039157,0.681341,-0.147339,-0.715914
43206605,0.040529,0.681437,-0.144734,-0.716277
43214938,0.041772,0.680392,-0.142373,-0.717671
43223271,0.042610,0.680092,-0.139769,-0.718417
43231604,0.046593,0.681720,-0.137462,-0.717072
43239937,0.048550,0.681732,-0.135392,-0.717324
43248270,0.050626,0.680307,-0.133323,-0.718919
43256603,0.052012,0.680938,-0.130829,-0.718681
43264936,0.054098,0.682275,-0.128892,-0.717608
43273269,0.055320,0.682225,-0.126618,-0.717967
43281602,0.057578,0.682392,-0.124197,-0.718054
43289935,0.059050,0.683530,-0.122583,-0.717128
43298268,0.060716,0.684639,-0.120379,-0.716304
43306601,0.062465,0.685933,-0.116753,-0.715516
43314934,0.064233,0.686637,-0.114859,-0.714990
43323267,0.065587,0.686936,-0.113008,-0.714875
43331600,0.067585,0.688073,-0.109030,-0.714213
43339933,0.069055,0.688513,-0.105812,-0.714133
43348266,0.070559,0.688014,-0.102812,-0.714904
43356599,0.072752,0.688943,-0.099942,-0.714196
43364932,0.075046,0.690713,-0.095942,-0.712797
43373265,0.077580,0.692190,-0.092693,-0.711521
43381598,0.079939,0.692776,-0.089043,-0.711156
43389931,0.081543,0.692358,-0.085975,-0.711758
43398264,0.083965,0.693667,-0.082602,-0.710600
43406597,0.087736,0.694422,-0.078418,-0.709881
43414930,0.089381,0.694831,-0.074086,-0.709741
43423263,0.092504,0.696726,-0.069622,-0.707932
43431596,0.095247,0.698549,-0.064755,-0.706232
43439929,0.097824,0.699430,-0.059535,-0.705467
43448262,0.099821,0.699933,-0.055297,-0.705033
43456595,0.103722,0.701520,-0.050398,-0.703258
43464928,0.107798,0.701769,-0.044548,-0.702791
43473261,0.111897,0.703696,-0.039724,-0.700509
43481594,0.115149,0.704358,-0.035485,-0.699544
43489927,0.119736,0.707014,-0.029661,-0.696358
43498260,0.122819,0.707084,-0.024482,-0.695952
43506593,0.125618,0.707086,-0.019036,-0.695620
43514926,0.128554,0.708805,-0.015021,-0.693429
43523259,0.132587,0.710312,-0.009709,-0.691219
43531592,0.135263,0.710908,-0.005310,-0.690135
43539925,0.139103,0.710956,0.000602,-0.689341
43548258,0.143314,0.711592,0.006403,-0.687792
43556591,0.146974,0.712224,0.010598,-0.686311
43564924,0.151431,0.713426,0.016577,-0.683972
43573257,0.155445,0.714386,0.022972,-0.681882
43581590,0.160633,0.715597,0.028311,-0.679203
43589923,0.165592,0.716879,0.034448,-0.676370
43598256,0.170334,0.718175,0.040033,-0.673505
43606589,0.173980,0.717772,0.045493,-0.672655
43614922,0.178611,0.718539,0.050813,-0.670237
43623255,0.184020,0.719746,0.056428,-0.667022
43631588,0.188487,0.718884,0.063540,-0.666064
43639921,0.193904,0.719461,0.069037,-0.663334
43648254,0.199161,0.719539,0.074391,-0.661108
43656587,0.205723,0.720682,0.081638,-0.656986
43664920,0.210858,0.720085,0.087697,-0.655229
43673253,0.217154,0.719131,0.094170,-0.653320
43681586,0.222431,0.718457,0.101062,-0.651253
43689919,0.228359,0.717604,0.107480,-0.649111
43698252,0.233573,0.716612,0.113931,-0.647248
43706585,0.238970,0.716044,0.120089,-0.644789
43714918,0.244969,0.714681,0.127019,-0.642718
43723251,0.251129,0.713831,0.132221,-0.640232
43731584,0.257138,0.713660,0.137999,-0.636809
43739917,0.262669,0.711939,0.144022,-0.635143
43748250,0.268644,0.710769,0.149724,-0.632630
43756583,0.274213,0.709267,0.154127,-0.630867
43764916,0.280019,0.708280,0.158699,-0.628286
43773249,0.287809,0.706754,0.163479,-0.625252
43781582,0.293602,0.704261,0.167771,-0.624233
43789915,0.299434,0.702749,0.172471,-0.621882
43798248,0.305340,0.700955,0.175856,-0.620084
43806581,0.310411,0.698978,0.179093,-0.618871
43814914,0.314788,0.697500,0.181735,-0.617556
43823247,0.319371,0.695848,0.184082,-0.616370
43831580,0.323906,0.695517,0.185543,-0.613934
43839913,0.327873,0.693582,0.187474,-0.613430
43848246,0.331754,0.692303,0.189971,-0.612019
43856579,0.335239,0.691640,0.191380,-0.610428
43864912,0.338934,0.691582,0.192064,-0.608235
43873245,0.343301,0.690942,0.194203,-0.605829
43881578,0.345312,0.690520,0.194880,-0.604949
43889911,0.347646,0.690951,0.194797,-0.603144
43898244,0.350978,0.689965,0.196176,-0.601894
43906577,0.354066,0.688027,0.198304,-0.601607
43914910,0.357654,0.687452,0.199870,-0.599621
43923243,0.361008,0.687274,0.201195,-0.597367
43931576,0.364677,0.686649,0.202693,-0.595348
43939909,0.368884,0.685644,0.205864,-0.592821
43948242,0.372031,0.684497,0.208702,-0.591186
43956575,0.375510,0.682941,0.213146,-0.589197
43964908,0.380567,0.681914,0.215995,-0.586096
43973241,0.384317,0.679733,0.220148,-0.584636
43981574,0.388190,0.677575,0.225366,-0.582591
43989907,0.392936,0.675102,0.229974,-0.580475
43998240,0.396188,0.673758,0.234719,-0.577920
44006573,0.399618,0.671009,0.239072,-0.576972
44014906,0.404491,0.668983,0.244285,-0.573737
44023239,0.407767,0.666860,0.248672,-0.572001
44031572,0.411130,0.664829,0.253511,-0.569831
44039905,0.414375,0.664072,0.256485,-0.567024
44048238,0.417627,0.662428,0.260560,-0.564699
44056571,0.421097,0.659591,0.264198,-0.563752
44064904,0.423789,0.658902,0.267732,-0.560866
44073237,0.427114,0.657492,0.270787,-0.558527
44081570,0.429909,0.656860,0.274066,-0.555519
44089903,0.433164,0.654981,0.277946,-0.553276
44098236,0.435820,0.654050,0.281774,-0.550348
44106569,0.439446,0.651763,0.284984,-0.548522
44114902,0.442304,0.650878,0.288873,-0.545231
44123235,0.445297,0.648937,0.291990,-0.543445
44131568,0.447909,0.648058,0.295446,-0.540472
44139901,0.451739,0.646187,0.298705,-0.537726
44148234,0.454715,0.644707,0.302386,-0.534929
44156567,0.457647,0.643266,0.305714,-0.532266
44164900,0.460558,0.640246,0.308931,-0.531538
44173233,0.464922,0.636005,0.308839,-0.532882
44181566,0.467890,0.633306,0.311730,-0.531815
44189899,0.471196,0.632063,0.314774,-0.528571
44198232,0.474301,0.632268,0.317403,-0.523958
44206565,0.478037,0.630397,0.320399,-0.520985
44214898,0.479756,0.629779,0.322574,-0.518806
44223231,0.482980,0.628485,0.323703,-0.516675
44231564,0.485738,0.627328,0.325331,-0.514468
44239897,0.488216,0.626110,0.327707,-0.512093
44248230,0.490477,0.625392,0.329701,-0.509524
44256563,0.492360,0.624928,0.330954,-0.507461
44264896,0.494133,0.624149,0.333046,-0.505323
44273229,0.496191,0.623002,0.335656,-0.502989
44281562,0.498448,0.621632,0.337213,-0.501409
44289895,0.500736,0.620258,0.339125,-0.499537
44298228,0.502365,0.619563,0.342214,-0.496649
44306561,0.504605,0.618236,0.344031,-0.494774
44314894,0.506866,0.617033,0.346458,-0.492265
44323227,0.508314,0.616216,0.349005,-0.489990
44331560,0.510949,0.614788,0.351309,-0.487389
44339893,0.512455,0.613613,0.354633,-0.484876
44348226,0.514345,0.612472,0.356671,-0.482817
44356559,0.515822,0.611296,0.359498,-0.480631
44364892,0.517437,0.610193,0.362886,-0.477742
44373225,0.520061,0.608409,0.364414,-0.476001
44381558,0.521585,0.607137,0.367765,-0.473374
44389891,0.522876,0.606079,0.371181,-0.470630
44398224,0.525412,0.604915,0.372867,-0.467964
44406557,0.526502,0.603919,0.377129,-0.464598
44414890,0.528165,0.602409,0.380171,-0.462186
44423223,0.530252,0.600818,0.382885,-0.459618
44431556,0.532614,0.598920,0.385050,-0.457552
44439889,0.534667,0.596348,0.388068,-0.455965
44448222,0.536337,0.595173,0.390790,-0.453204
44456555,0.538224,0.593240,0.393554,-0.451105
44464888,0.539526,0.592151,0.396387,-0.448494
44473221,0.541183,0.590691,0.398114,-0.446890
44481554,0.542944,0.588793,0.399835,-0.445720
44489887,0.544412,0.587401,0.402282,-0.443560
44498220,0.546131,0.585007,0.404407,-0.442677
44506553,0.547479,0.584052,0.405867,-0.440933
44514886,0.548406,0.583486,0.406805,-0.439664
44523219,0.550190,0.582275,0.406994,-0.438865
44531552,0.551422,0.581799,0.406599,-0.438315
44539885,0.552244,0.581419,0.408142,-0.436347
44548218,0.552911,0.581074,0.408182,-0.435925
44556551,0.554039,0.580383,0.406187,-0.437273
44564884,0.554450,0.580769,0.405154,-0.437198
44573217,0.554580,0.581420,0.403669,-0.437541
44581550,0.554174,0.582742,0.402723,-0.437170
44589883,0.553559,0.584094,0.400880,-0.437838
44598216,0.553346,0.585320,0.398380,-0.438751
44606549,0.553049,0.586802,0.396716,-0.438654
44614882,0.552061,0.588958,0.394755,-0.438777
44623215,0.551490,0.590408,0.392658,-0.439428
44631548,0.550700,0.591530,0.391551,-0.439897
44639881,0.550023,0.593017,0.389179,-0.440846
44648214,0.548600,0.595308,0.388232,-0.440366
44656547,0.548294,0.596610,0.386645,-0.440381
44664880,0.547695,0.597254,0.384953,-0.441733
44673213,0.546470,0.598410,0.384026,-0.442493
44681546,0.545934,0.599240,0.384068,-0.441995
44689879,0.544994,0.600276,0.383855,-0.441934
44698212,0.544079,0.601336,0.382735,-0.442591
44706545,0.543493,0.601332,0.383626,-0.442545
44714878,0.542748,0.601840,0.383826,-0.442595
44723211,0.542054,0.601929,0.384904,-0.442389
44731544,0.541506,0.601669,0.385065,-0.443274
44739877,0.540317,0.601844,0.386234,-0.443468
44748210,0.540539,0.600464,0.386583,-0.444763
44756543,0.538947,0.601178,0.388665,-0.443916
44764876,0.538407,0.601217,0.390378,-0.443014
44773209,0.537136,0.601532,0.390614,-0.443920
44781542,0.536342,0.600784,0.392479,-0.444247
44789875,0.535634,0.599907,0.393469,-0.445409
44798208,0.534004,0.600080,0.395236,-0.445569
44806541,0.533831,0.599028,0.395235,-0.447191
44814874,0.532119,0.599007,0.398097,-0.446721
44823207,0.531079,0.599215,0.398623,-0.447209
44831540,0.529767,0.598713,0.400090,-0.448128
44839873,0.529491,0.597673,0.402615,-0.447580
44848206,0.527589,0.597468,0.405452,-0.447538
44856539,0.526778,0.596760,0.406787,-0.448226
44864872,0.526040,0.596086,0.408278,-0.448635
44873205,0.525965,0.594965,0.409847,-0.448779
44881538,0.524896,0.594344,0.411462,-0.449376
44889871,0.523406,0.593808,0.413474,-0.449975
44898204,0.521967,0.593444,0.415346,-0.450403
44906537,0.520314,0.593229,0.416361,-0.451659
44914870,0.519658,0.592682,0.417372,-0.452200
44923203,0.518784,0.591628,0.418557,-0.453485
44931536,0.517370,0.592260,0.419268,-0.453619
44939869,0.515538,0.592548,0.421158,-0.453579
44948202,0.513666,0.592849,0.422727,-0.453848
44956535,0.513445,0.592056,0.422845,-0.455023
44964868,0.512927,0.591380,0.421578,-0.457654
44973201,0.512014,0.590924,0.421436,-0.459393
44981534,0.511164,0.590742,0.421536,-0.460480
44989867,0.510180,0.591052,0.421781,-0.460950
44998200,0.509432,0.591252,0.421803,-0.461500
45006533,0.508548,0.591547,0.421391,-0.462473
45014866,0.507915,0.591564,0.421114,-0.463397
45023199,0.506818,0.591913,0.421058,-0.464204
45031532,0.506393,0.591825,0.420690,-0.465112
45039865,0.506058,0.591939,0.420401,-0.465593
45048198,0.505320,0.592353,0.420488,-0.465790
45056531,0.505502,0.592034,0.420535,-0.465954
45064864,0.505169,0.592533,0.419684,-0.466448
45073197,0.505309,0.593015,0.418258,-0.466964
45081530,0.504989,0.593357,0.417116,-0.467897
45089863,0.504675,0.594012,0.416393,-0.468049
45098196,0.504694,0.594361,0.415287,-0.468568
45106529,0.504942,0.594823,0.414011,-0.468844
45114862,0.505127,0.594780,0.412341,-0.470168
45123195,0.505951,0.594457,0.410627,-0.471191
45131528,0.505915,0.594693,0.409936,-0.471533
45139861,0.506772,0.594851,0.408498,-0.471661
45148194,0.506454,0.595880,0.408170,-0.470987
45156527,0.506444,0.596454,0.407525,-0.470831
45164860,0.506909,0.596604,0.406511,-0.471016
45173193,0.507245,0.597066,0.405164,-0.471229
45181526,0.507224,0.597928,0.403883,-0.471257
45189859,0.507376,0.598479,0.403028,-0.471127
45198192,0.507755,0.598713,0.402907,-0.470525
45206525,0.508280,0.598841,0.402314,-0.470302
45214858,0.508748,0.598875,0.401366,-0.470562
45223191,0.509061,0.598959,0.400061,-0.471228
45231524,0.509456,0.599137,0.398857,-0.471595
45239857,0.510278,0.599459,0.397835,-0.471161
45248190,0.512683,0.597904,0.396216,-0.471890
45256523,0.512006,0.599560,0.395673,-0.470979
45264856,0.511371,0.600370,0.395987,-0.470372
45273189,0.512068,0.600785,0.395231,-0.469719
45281522,0.512293,0.601374,0.394638,-0.469218
45289855,0.513361,0.601889,0.393107,-0.468676
45298188,0.514093,0.602566,0.391794,-0.468103
45306521,0.514257,0.603054,0.391299,-0.467708
45314854,0.515988,0.601802,0.389656,-0.468786
45323187,0.516804,0.601525,0.388984,-0.468800
45331520,0.515956,0.603426,0.389230,-0.467083
45339853,0.515438,0.604344,0.389968,-0.465851
45348186,0.516757,0.603598,0.388344,-0.466713
45356519,0.517182,0.602926,0.387461,-0.467842
45364852,0.517349,0.602929,0.387641,-0.467505
45373185,0.517464,0.603739,0.387678,-0.466299
45381518,0.517416,0.604667,0.387488,-0.465308
45389851,0.517024,0.605354,0.387096,-0.465177
45398184,0.517254,0.606039,0.386168,-0.464800
45406517,0.517502,0.605650,0.385977,-0.465190
45414850,0.517747,0.605591,0.386153,-0.464847
45423183,0.517669,0.605523,0.386545,-0.464698
45431516,0.517453,0.605887,0.387315,-0.463821
45439849,0.517307,0.605923,0.387982,-0.463379
45448182,0.517113,0.606121,0.388799,-0.462653
45456515,0.516868,0.606131,0.389252,-0.462532
45464848,0.516727,0.606169,0.389910,-0.462085
45473181,0.516467,0.606177,0.390475,-0.461888
45481514,0.516377,0.606028,0.390943,-0.461788
45489847,0.516297,0.605962,0.391162,-0.461778
45498180,0.516144,0.605568,0.391637,-0.462064
45506513,0.516076,0.605307,0.392103,-0.462086
45514846,0.516147,0.605710,0.392226,-0.461374
45523179,0.516143,0.605320,0.392177,-0.461931
45531512,0.515579,0.605362,0.392619,-0.462131
45539845,0.515245,0.605106,0.393022,-0.462497
45548178,0.514858,0.604660,0.393760,-0.462883
45556511,0.514308,0.604518,0.394544,-0.463012
45564844,0.512382,0.604872,0.396166,-0.463300
45573177,0.512019,0.604672,0.396829,-0.463395
45581510,0.512399,0.604458,0.397438,-0.462732
45589843,0.512345,0.604127,0.397804,-0.462909
45598176,0.511373,0.603813,0.398716,-0.463609
45606509,0.511176,0.602905,0.399267,-0.464532
45614842,0.510829,0.602380,0.400192,-0.464799
45623175,0.510254,0.602127,0.400523,-0.465474
45631508,0.509840,0.601348,0.401224,-0.466330
45639841,0.510909,0.599019,0.402042,-0.467452
45648174,0.511122,0.597981,0.402122,-0.468477
45656507,0.508571,0.599600,0.403163,-0.468288
45664840,0.507603,0.599795,0.403613,-0.468702
45673173,0.507680,0.599396,0.403171,-0.469509
45681506,0.507447,0.599054,0.403065,-0.470288
45689839,0.507134,0.598636,0.403137,-0.471095
45698172,0.506869,0.598479,0.403593,-0.471190
45706505,0.506309,0.598497,0.403682,-0.471692
45714838,0.506002,0.598259,0.403681,-0.472323
45723171,0.505900,0.598182,0.403502,-0.472684
45731504,0.505621,0.597793,0.403372,-0.473584
45739837,0.505448,0.597762,0.403304,-0.473866
45748170,0.505398,0.597678,0.403054,-0.474238
45756503,0.505409,0.597614,0.403111,-0.474258
45764836,0.507064,0.595419,0.402166,-0.476053
45773169,0.506162,0.596478,0.402434,-0.475460
45781502,0.505965,0.596966,0.402458,-0.475035
45789835,0.505697,0.597196,0.402545,-0.474957
45798168,0.505614,0.597168,0.402304,-0.475285
45806501,0.505256,0.597693,0.402589,-0.474765
45814834,0.505097,0.597302,0.402448,-0.475545
45823167,0.505011,0.597394,0.402066,-0.475843
45831500,0.504879,0.598101,0.402052,-0.475108
45839833,0.504889,0.598549,0.401608,-0.474907
45848166,0.504960,0.598489,0.401221,-0.475235
45856499,0.505015,0.598724,0.401278,-0.474831
45864832,0.505156,0.598889,0.401085,-0.474637
45873165,0.505504,0.598855,0.400804,-0.474546
45881498,0.505603,0.599019,0.400434,-0.474547
45889831,0.505512,0.599270,0.400113,-0.474598
45898164,0.505421,0.599678,0.399563,-0.474643
45906497,0.506028,0.599352,0.398301,-0.475468
45914830,0.506140,0.599502,0.397945,-0.475457
45923163,0.505976,0.599762,0.397670,-0.475534
45931496,0.505647,0.600221,0.397371,-0.475554
45939829,0.505742,0.600054,0.397321,-0.475706
45948162,0.506135,0.599714,0.396857,-0.476104
45956495,0.505772,0.599781,0.396954,-0.476325
45964828,0.505505,0.599832,0.397225,-0.476317
45973161,0.505343,0.599726,0.397476,-0.476414
45981494,0.505518,0.599192,0.397057,-0.477249
45989827,0.505197,0.600404,0.397167,-0.475973
45998160,0.505316,0.600050,0.396843,-0.476561
46006493,0.505427,0.599801,0.396492,-0.477050
46014826,0.505390,0.600108,0.396394,-0.476784
46023159,0.505137,0.600276,0.396524,-0.476733
46031492,0.505201,0.600059,0.396327,-0.477102
46039825,0.505185,0.600464,0.396291,-0.476639
46048158,0.505032,0.600741,0.396192,-0.476533
46056491,0.504739,0.600832,0.395785,-0.477068
46064824,0.504759,0.600824,0.395442,-0.477341
46073157,0.504826,0.600809,0.395232,-0.477462
46081490,0.505267,0.601086,0.394761,-0.477038
46089823,0.505169,0.601437,0.394607,-0.476826
46098156,0.505596,0.600559,0.393371,-0.478498
46106489,0.505770,0.600496,0.393340,-0.478420
46114822,0.506113,0.600308,0.393143,-0.478454
46123155,0.506031,0.600710,0.393388,-0.477835
46131488,0.505497,0.600307,0.393693,-0.478654
46139821,0.505507,0.600838,0.393688,-0.477981
46148154,0.505569,0.600945,0.393671,-0.477795
46156487,0.505937,0.601083,0.393184,-0.477634
46164820,0.505409,0.601331,0.393656,-0.477491
46173153,0.505137,0.601515,0.393672,-0.477534
46181486,0.504921,0.602124,0.393919,-0.476791
46189819,0.504682,0.602286,0.393757,-0.476973
46198152,0.504682,0.602158,0.393631,-0.477239
46206485,0.504086,0.602753,0.393960,-0.476846
46214818,0.504085,0.602191,0.393667,-0.477798
46223151,0.505043,0.599993,0.392030,-0.480888
46231484,0.505198,0.599743,0.390884,-0.481968
46239817,0.504466,0.600128,0.390938,-0.482211
46248150,0.504126,0.600666,0.390509,-0.482245
46256483,0.504468,0.600612,0.389023,-0.483154
46264816,0.503986,0.601185,0.388847,-0.483087
46273149,0.504135,0.601415,0.387710,-0.483559
46281482,0.503671,0.601860,0.387608,-0.483569
46289815,0.504170,0.601925,0.386593,-0.483782
46298148,0.503794,0.602291,0.386456,-0.483827
46306481,0.503971,0.602125,0.385652,-0.484492
46314814,0.504133,0.602089,0.385074,-0.484827
46323147,0.503530,0.602598,0.385433,-0.484536
46331480,0.503416,0.602978,0.385470,-0.484151
46339813,0.503441,0.603052,0.384935,-0.484459
46348146,0.503370,0.603406,0.384553,-0.484396
46356479,0.503424,0.603356,0.384032,-0.484815
46364812,0.503589,0.603431,0.383384,-0.485063
46373145,0.503676,0.603643,0.382922,-0.485073
46381478,0.503297,0.603845,0.382630,-0.485445
46389811,0.503039,0.604072,0.382123,-0.485829
46398144,0.502785,0.604456,0.381680,-0.485963
46406477,0.502603,0.604798,0.381378,-0.485963
46414810,0.502370,0.605074,0.381194,-0.486005
46423143,0.502250,0.605177,0.380918,-0.486217
46431476,0.502646,0.605236,0.380089,-0.486383
46439809,0.502524,0.605443,0.379722,-0.486539
46448142,0.502172,0.605869,0.379633,-0.486441
46456475,0.501518,0.606125,0.380081,-0.486447
46464808,0.501331,0.606046,0.380115,-0.486712
46473141,0.500508,0.606331,0.380928,-0.486568
46481474,0.499558,0.606376,0.381593,-0.486967
46489807,0.500955,0.604721,0.380629,-0.488343
46498140,0.499691,0.606224,0.380231,-0.488083
46506473,0.500517,0.605186,0.379671,-0.488961
46514806,0.498686,0.607440,0.380502,-0.487388
46523139,0.497871,0.608456,0.380891,-0.486649
46531472,0.497906,0.607640,0.380137,-0.488219
46539805,0.497590,0.607552,0.379892,-0.488842
46548138,0.497935,0.607266,0.379410,-0.489221
46556471,0.497825,0.607385,0.379605,-0.489034
46564804,0.497485,0.607610,0.379760,-0.488979
46573137,0.497208,0.607403,0.380042,-0.489299
46581470,0.496745,0.607548,0.379985,-0.489633
46589803,0.496541,0.607079,0.379937,-0.490460
46598136,0.495662,0.607534,0.380678,-0.490210
46606469,0.495805,0.607606,0.380807,-0.489876
46614802,0.495683,0.607469,0.380585,-0.490342
46623135,0.494758,0.607974,0.381410,-0.490009
46631468,0.494753,0.607903,0.381128,-0.490321
46639801,0.494757,0.607741,0.381226,-0.490441
46648134,0.494508,0.607695,0.381577,-0.490477
46656467,0.493484,0.608078,0.382647,-0.490200
46664800,0.493205,0.608003,0.383176,-0.490161
46673133,0.493398,0.607207,0.383231,-0.490910
46681466,0.493774,0.607078,0.382865,-0.490976
46689799,0.493271,0.606790,0.383479,-0.491358
46698132,0.492956,0.606722,0.383616,-0.491652
46706465,0.492769,0.606850,0.383936,-0.491433
46714798,0.492500,0.607047,0.383932,-0.491461
46723131,0.492390,0.606951,0.383845,-0.491759
46731464,0.492518,0.606651,0.383852,-0.491994
46739797,0.492439,0.606527,0.384066,-0.492059
46748130,0.493013,0.606218,0.383305,-0.492459
46756463,0.492732,0.606309,0.383709,-0.492313
46764796,0.493234,0.605964,0.382940,-0.492834
46773129,0.493566,0.605891,0.382560,-0.492886
46781462,0.493741,0.605912,0.382280,-0.492901
46789795,0.493904,0.605852,0.382045,-0.492995
46798128,0.494122,0.605752,0.382008,-0.492927
46806461,0.494245,0.605395,0.382132,-0.493147
46814794,0.494466,0.605435,0.382244,-0.492789
46823127,0.494960,0.605381,0.381930,-0.492603
46831460,0.495111,0.605456,0.381976,-0.492324
46839793,0.494857,0.605617,0.382457,-0.492007
46848126,0.494867,0.605593,0.382351,-0.492109
46856459,0.495151,0.605629,0.382017,-0.492039
46864792,0.495187,0.605819,0.381172,-0.492423
46873125,0.494908,0.606009,0.380872,-0.492703
46881458,0.494886,0.606170,0.379984,-0.493211
46889791,0.496566,0.604532,0.378590,-0.494604
46898124,0.497065,0.604388,0.377518,-0.495099
46906457,0.495420,0.607029,0.377433,-0.493579
46914790,0.495138,0.607677,0.376755,-0.493582
46923123,0.495788,0.607720,0.375130,-0.494113
46931456,0.496249,0.607565,0.374524,-0.494300
46939789,0.496057,0.607953,0.374617,-0.493946
46948122,0.496081,0.607972,0.374560,-0.493941
46956455,0.495990,0.608471,0.373960,-0.493873
46964788,0.495830,0.608866,0.372789,-0.494433
46973121,0.495959,0.608935,0.372284,-0.494598
46981454,0.495898,0.609666,0.371652,-0.494233
46989787,0.495743,0.610036,0.370974,-0.494442
46998120,0.496169,0.609979,0.369313,-0.495328
47006453,0.496050,0.610410,0.367839,-0.496014
47014786,0.495896,0.610808,0.367514,-0.495917
47023119,0.495854,0.610871,0.366748,-0.496448
47031452,0.495581,0.611036,0.365829,-0.497195
47039785,0.495001,0.611789,0.365963,-0.496748
47048118,0.495526,0.611801,0.364440,-0.497330
47056451,0.495224,0.612013,0.363161,-0.498305
47064784,0.494276,0.612370,0.362393,-0.499365
47073117,0.492733,0.611396,0.362677,-0.501871
47081450,0.492216,0.611911,0.361610,-0.502520
47089783,0.493352,0.610967,0.359936,-0.503756
47098116,0.493376,0.610481,0.359026,-0.504969
47106449,0.491318,0.612365,0.358655,-0.504957
47114782,0.489941,0.613689,0.357754,-0.505327
47123115,0.488967,0.614297,0.356364,-0.506513
47131448,0.487991,0.614723,0.355425,-0.507597
47139781,0.487075,0.614790,0.354166,-0.509272
47148114,0.486332,0.615645,0.352800,-0.509896
47156447,0.485253,0.616398,0.351950,-0.510602
47164780,0.484279,0.617187,0.351144,-0.511128
47173113,0.483078,0.617560,0.349778,-0.512748
47181446,0.482229,0.618772,0.348311,-0.513085
47189779,0.480738,0.619680,0.346944,-0.514313
47198112,0.479977,0.620268,0.345940,-0.514991
47206445,0.479890,0.620708,0.343202,-0.516372
47214778,0.478293,0.621427,0.340892,-0.518514
47223111,0.476549,0.622298,0.338204,-0.520830
47231444,0.475337,0.622537,0.336204,-0.522943
47239777,0.474022,0.623504,0.333135,-0.524945
47248110,0.473746,0.623453,0.329809,-0.527350
47256443,0.472475,0.624484,0.326155,-0.529537
47264776,0.471405,0.625346,0.323125,-0.531329
47273109,0.469609,0.626345,0.321367,-0.532806
47281442,0.468850,0.626140,0.318510,-0.535425
47289775,0.467860,0.626769,0.315010,-0.537621
47298108,0.467058,0.627090,0.311804,-0.539808
47306441,0.464916,0.627861,0.308859,-0.542447
47314774,0.462138,0.631350,0.306261,-0.542244
47323107,0.459942,0.632848,0.303502,-0.543915
47331440,0.459026,0.633745,0.298894,-0.546192
47339773,0.456858,0.635480,0.295658,-0.547752
47348106,0.455021,0.636728,0.293141,-0.549183
47356439,0.453323,0.638726,0.289767,-0.550056
47364772,0.451263,0.640240,0.285510,-0.552213
47373105,0.448682,0.641450,0.281802,-0.554810
47381438,0.446434,0.643325,0.278733,-0.556001
47389771,0.443741,0.644388,0.274935,-0.558810
47398104,0.441991,0.645000,0.270944,-0.561434
47406437,0.439267,0.646442,0.267056,-0.563771
47414770,0.437102,0.647632,0.263254,-0.565873
47423103,0.434510,0.649231,0.258774,-0.568099
47431436,0.431152,0.650625,0.255967,-0.570330
47439769,0.428331,0.651504,0.252924,-0.572805
47448102,0.424766,0.653306,0.249136,-0.575062
47456435,0.421789,0.651525,0.245107,-0.580975
47464768,0.419062,0.654363,0.241857,-0.581121
47473101,0.415445,0.656087,0.239324,-0.582821
47481434,0.411762,0.656258,0.235076,-0.586956
47489767,0.407482,0.657491,0.231339,-0.590040
47498100,0.403654,0.658949,0.228058,-0.592317
47506433,0.399684,0.660468,0.225178,-0.594415
47514766,0.395653,0.661885,0.221714,-0.596833
47523099,0.392384,0.663325,0.219048,-0.598375
47531432,0.388350,0.664456,0.215747,-0.600946
47539765,0.383412,0.664654,0.211389,-0.605430
47548098,0.379244,0.666171,0.208163,-0.607503
47556431,0.375149,0.668278,0.204721,-0.608898
47564764,0.371592,0.669261,0.201507,-0.611068
47573097,0.366713,0.670194,0.198302,-0.614034
47581430,0.363263,0.671295,0.196370,-0.615501
47589763,0.358698,0.672125,0.193354,-0.618221
47598096,0.353372,0.673156,0.189733,-0.621281
47606429,0.347982,0.673819,0.187260,-0.624347
47614762,0.342456,0.673503,0.184338,-0.628600
47623095,0.335934,0.675124,0.181056,-0.631328
47631428,0.330586,0.676053,0.177778,-0.634082
47639761,0.325957,0.676539,0.175380,-0.636623
47648094,0.319901,0.677464,0.171980,-0.639632
47656427,0.314109,0.678079,0.169016,-0.642633
47664760,0.308389,0.678694,0.165355,-0.645700
47673093,0.303047,0.680095,0.162283,-0.647532
47681426,0.297478,0.681189,0.157264,-0.650197
47689759,0.292049,0.682560,0.154006,-0.651999
47698092,0.285635,0.681860,0.149503,-0.656603
47706425,0.281303,0.683327,0.146867,-0.657543
47714758,0.276525,0.684507,0.143353,-0.659116
47723091,0.272480,0.686157,0.139628,-0.659885
47731424,0.267280,0.686453,0.136033,-0.662449
47739757,0.263187,0.686299,0.133334,-0.664792
47748090,0.259614,0.686182,0.130005,-0.666973
47756423,0.256022,0.686568,0.127182,-0.668508
47764756,0.252148,0.687103,0.123411,-0.670135
47773089,0.248468,0.687050,0.120542,-0.672083
47781422,0.244571,0.686971,0.117156,-0.674189
47789755,0.240461,0.685823,0.113302,-0.677486
47798088,0.237355,0.686382,0.109619,-0.678621
47806421,0.233362,0.686509,0.105722,-0.680493
47814754,0.228266,0.686205,0.101377,-0.683184
47823087,0.224008,0.685172,0.097594,-0.686174
47831420,0.219591,0.686143,0.092947,-0.687276
47839753,0.215309,0.686009,0.087262,-0.689506
47848086,0.210350,0.686050,0.082228,-0.691612
47856419,0.204799,0.685244,0.076747,-0.694700
47864752,0.199732,0.683907,0.071555,-0.698039
47873085,0.195290,0.683886,0.064879,-0.699966
47881418,0.190549,0.684577,0.059082,-0.701109
47889751,0.184940,0.684119,0.051602,-0.703645
47898084,0.178835,0.683916,0.042165,-0.706044
47906417,0.171648,0.683361,0.032717,-0.708861
47914750,0.165882,0.683241,0.023466,-0.710714
47923083,0.159989,0.682973,0.014024,-0.712569
47931416,0.154247,0.684160,0.003916,-0.712823
47939749,0.149814,0.685459,-0.005269,-0.712512
47948082,0.145039,0.686113,-0.014245,-0.712748
47956415,0.140269,0.685927,-0.021883,-0.713688
47964748,0.135552,0.687137,-0.030440,-0.713121
47973081,0.131617,0.688228,-0.037004,-0.712495
47981414,0.126748,0.689361,-0.043958,-0.711887
47989747,0.122450,0.689294,-0.049603,-0.712334
47998080,0.118374,0.689241,-0.053412,-0.712799
48006413,0.114198,0.691153,-0.057346,-0.711321
48014746,0.109403,0.692253,-0.058714,-0.710893
48023079,0.106175,0.694819,-0.059944,-0.708774
48031412,0.101163,0.694133,-0.061132,-0.710076
48039745,0.096072,0.695170,-0.061374,-0.709748
48048078,0.091726,0.697101,-0.062366,-0.708341
48056411,0.087011,0.697466,-0.061072,-0.708690
48064744,0.080479,0.697422,-0.061414,-0.709475
48073077,0.074412,0.699379,-0.062353,-0.708128
48081410,0.065840,0.700455,-0.066042,-0.707578
48089743,0.057823,0.700386,-0.068410,-0.708121
48098076,0.050528,0.702739,-0.071897,-0.706000
48106409,0.041955,0.702466,-0.076660,-0.706331
48114742,0.033226,0.702752,-0.079808,-0.706163
48123075,0.023384,0.703470,-0.084055,-0.705349
48131408,0.013921,0.704378,-0.089125,-0.704070
48139741,0.004401,0.705926,-0.094610,-0.701925
48148074,-0.005000,0.706587,-0.099164,-0.700626
48156407,-0.014369,0.704633,-0.103293,-0.701866
48164740,-0.023048,0.704468,-0.107298,-0.701200
48173073,-0.031507,0.705553,-0.111643,-0.699098
48181406,-0.040433,0.705330,-0.117586,-0.697889
48189739,-0.049341,0.704738,-0.123860,-0.696828
48198072,-0.058261,0.703664,-0.129782,-0.696146
48206405,-0.067865,0.701392,-0.134802,-0.696615
48214738,-0.076202,0.700557,-0.139686,-0.695630
48223071,-0.084038,0.700020,-0.143975,-0.694392
48231404,-0.091503,0.697894,-0.150120,-0.694288
48239737,-0.098689,0.697214,-0.154979,-0.692918
48248070,-0.105508,0.696626,-0.160976,-0.691135
48256403,-0.111551,0.696661,-0.166116,-0.688930
48264736,-0.117658,0.695067,-0.170450,-0.688466
48273069,-0.124273,0.694173,-0.175260,-0.686996
48281402,-0.130796,0.691353,-0.178854,-0.687702
48289735,-0.136435,0.690402,-0.183192,-0.686419
48298068,-0.142827,0.688251,-0.187722,-0.686055
48306401,-0.148596,0.685732,-0.192047,-0.686155
48314734,-0.153656,0.683864,-0.195584,-0.685906
48323067,-0.159206,0.681793,-0.200227,-0.685361
48331400,-0.165789,0.678558,-0.203879,-0.685934
48339733,-0.171353,0.677255,-0.208899,-0.684343
48348066,-0.178040,0.675048,-0.214694,-0.683022
48356399,-0.186347,0.667983,-0.219713,-0.686149
48364732,-0.192662,0.663944,-0.223811,-0.686999
48373065,-0.199413,0.660086,-0.228438,-0.687268
48381398,-0.205955,0.657251,-0.233986,-0.686188
48389731,-0.213702,0.651424,-0.240160,-0.687242
48398064,-0.222579,0.644807,-0.244907,-0.688987
48406397,-0.231434,0.639533,-0.250635,-0.688925
48414730,-0.237885,0.635286,-0.256248,-0.688592
48423063,-0.245951,0.630053,-0.260569,-0.688945
48431396,-0.252946,0.625148,-0.263987,-0.689579
48439729,-0.261655,0.619394,-0.268893,-0.689626
48448062,-0.269819,0.613310,-0.272523,-0.690493
48456395,-0.278840,0.606573,-0.275581,-0.691644
48464728,-0.287155,0.600296,-0.278210,-0.692665
48473061,0.295988,-0.593681,0.279884,0.693974
48481394,0.305473,-0.585613,0.280332,0.696533
48489727,0.314275,-0.578997,0.281513,0.697671
48498060,0.323120,-0.571934,0.282979,0.698861
48506393,0.332009,-0.565458,0.284806,0.699223
48514726,0.339664,-0.558746,0.285078,0.700829
48523059,0.347892,-0.551533,0.286317,0.702001
48531392,0.356528,-0.543563,0.287442,0.703423
48539725,0.365509,-0.535041,0.290039,0.704281
48548058,0.373653,-0.526490,0.290907,0.706092
48556391,0.380672,-0.519483,0.292835,0.706734
48564724,0.389012,-0.510692,0.293812,0.708193
48573057,0.398066,-0.501139,0.292968,0.710333
48581390,0.405440,-0.493852,0.292759,0.711351
48589723,0.413475,-0.484559,0.290685,0.713963
48598056,0.421529,-0.475336,0.290586,0.715492
48606389,0.429303,-0.465407,0.289688,0.717758
48614722,0.437373,-0.456772,0.289065,0.718683
48623055,0.445189,-0.446457,0.287169,0.721122
48631388,0.451473,-0.439705,0.283920,0.722649
48639721,0.458478,-0.430977,0.281656,0.724380
48648054,0.465694,-0.423246,0.278520,0.725547
48656387,0.472003,-0.416439,0.276472,0.726192
48664720,0.479483,-0.406819,0.273267,0.727956
48673053,0.486506,-0.397483,0.269036,0.730026
48681386,0.492956,-0.390468,0.265303,0.730851
48689719,0.499159,-0.382816,0.261226,0.732156
48698052,0.505761,-0.374620,0.256441,0.733556
48706385,0.510703,-0.368725,0.251183,0.734936
48714718,0.516393,-0.361221,0.246085,0.736410
48723051,0.522817,-0.352082,0.241668,0.737765
48731384,0.529052,-0.343353,0.235669,0.739373
48739717,0.535599,-0.334706,0.231164,0.740047
48748050,0.541038,-0.325975,0.225169,0.741833
48756383,0.547126,-0.316381,0.220619,0.742889
48764716,0.551728,-0.308736,0.214437,0.744510
48773049,0.556962,-0.298075,0.209047,0.746488
48781382,0.562698,-0.287831,0.203091,0.747849
48789715,0.568710,-0.276583,0.196831,0.749219
48798048,0.574372,-0.264213,0.192083,0.750595
48806381,0.579550,-0.251615,0.186898,0.752251
48814714,0.584590,-0.240464,0.182229,0.753143
48823047,0.588622,-0.230294,0.177755,0.754249
48831380,0.592608,-0.220970,0.174958,0.754571
48839713,0.597050,-0.209585,0.170379,0.755365
48848046,0.600763,-0.200831,0.166504,0.755664
48856379,0.604826,-0.192082,0.163979,0.755249
48864712,0.608800,-0.183491,0.160313,0.754979
48873045,0.613147,-0.173959,0.156148,0.754590
48881378,0.617243,-0.167018,0.150608,0.753945
48889711,0.620263,-0.159834,0.146858,0.753764
48898044,0.623250,-0.152623,0.142481,0.753635
48906377,0.626536,-0.145325,0.138398,0.753113
48914710,0.629572,-0.137405,0.133857,0.752889
48923043,0.632066,-0.131113,0.130251,0.752553
48931376,0.634429,-0.125119,0.125769,0.752348
48939709,0.636777,-0.119834,0.122033,0.751839
48948042,0.639530,-0.113318,0.116669,0.751365
48956375,0.641779,-0.107079,0.113553,0.750840
48964708,0.644166,-0.101326,0.109972,0.750126
48973041,0.645768,-0.096576,0.105814,0.749973
48981374,0.648133,-0.090516,0.103382,0.749028
48989707,0.649931,-0.083623,0.100524,0.748660
48998040,0.651302,-0.077473,0.099339,0.748288
49006373,0.652534,-0.073409,0.097582,0.747856
49014706,0.653798,-0.067921,0.097027,0.747342
49023039,0.654594,-0.062378,0.096444,0.747205
49031372,0.655543,-0.058005,0.096337,0.746738
49039705,0.656375,-0.054952,0.096062,0.746273
49048038,0.656645,-0.053655,0.094444,0.746337
49056371,0.657690,-0.052004,0.093615,0.745638
49064704,0.658546,-0.050199,0.092660,0.745125
49073037,0.658833,-0.049929,0.090803,0.745118
49081370,0.659351,-0.049277,0.090066,0.744792
49089703,0.660206,-0.050143,0.087745,0.744255
49098036,0.661712,-0.048183,0.085673,0.743287
49106369,0.663163,-0.047868,0.082993,0.742317
49114702,0.664714,-0.045770,0.081518,0.741225
49123035,0.666022,-0.045483,0.079112,0.740330
49131368,0.667885,-0.044030,0.077575,0.738900
49139701,0.669668,-0.042750,0.076929,0.737427
49148034,0.671152,-0.042023,0.076089,0.736206
49156367,0.672407,-0.041160,0.075860,0.735133
49164700,0.673990,-0.040387,0.076434,0.733665
49173033,0.675170,-0.038354,0.076523,0.732679
49181366,0.676164,-0.039053,0.076918,0.731684
49189699,0.677695,-0.036514,0.077734,0.730311
49198032,0.679714,-0.035045,0.077786,0.728498
49206365,0.681026,-0.034600,0.077303,0.727345
49214698,0.682682,-0.034784,0.076624,0.725854
49223031,0.684399,-0.033648,0.075151,0.724444
49231364,0.686298,-0.032703,0.074355,0.722770
49239697,0.688597,-0.032386,0.072495,0.720785
49248030,0.690563,-0.033157,0.071374,0.718977
49256363,0.692664,-0.032564,0.069952,0.717121
49264696,0.694840,-0.032801,0.067864,0.715203
49273029,0.696977,-0.034257,0.067237,0.713112
49281362,0.698732,-0.033993,0.065928,0.711528
49289695,0.700380,-0.032369,0.065353,0.710035
49298028,0.701695,-0.031484,0.065845,0.708729
49306361,0.703028,-0.031169,0.067375,0.707277
49314694,0.704713,-0.029450,0.068455,0.705568
49323027,0.705749,-0.028733,0.069284,0.704481
49331360,0.707226,-0.027179,0.070499,0.702938
49339693,0.708473,-0.026581,0.072094,0.701542
49348026,0.709397,-0.026028,0.072722,0.700564
49356359,0.710633,-0.024685,0.072318,0.699400
49364692,0.711796,-0.023425,0.072442,0.698248
49373025,0.712731,-0.022081,0.073286,0.697249
49381358,0.713558,-0.021930,0.073316,0.696404
49389691,0.714551,-0.020677,0.073386,0.695416
49398024,0.715174,-0.020110,0.074479,0.694675
49406357,0.716001,-0.019533,0.075775,0.693699
49414690,0.716703,-0.018567,0.076976,0.692869
49423023,0.717156,-0.017850,0.078196,0.692282
49431356,0.717782,-0.018312,0.078325,0.691606
49439689,0.718438,-0.017620,0.079383,0.690822
49448022,0.718914,-0.016844,0.080963,0.690162
49456355,0.719237,-0.016502,0.081769,0.689739
49464688,0.719684,-0.015451,0.082365,0.689226
49473021,0.720449,-0.014514,0.082463,0.688435
49481354,0.721573,-0.014055,0.081777,0.687348
49489687,0.722458,-0.013845,0.081178,0.686493
49498020,0.723072,-0.013726,0.080444,0.685935
49506353,0.723676,-0.013029,0.079385,0.685435
49514686,0.723986,-0.012084,0.078916,0.685179
49523019,0.723894,-0.012307,0.079057,0.685256
49531352,0.723960,-0.012147,0.078505,0.685253
49539685,0.723978,-0.010915,0.077733,0.685343
49548018,0.724252,-0.009456,0.077953,0.685050
49556351,0.724199,-0.008169,0.078277,0.685085
49564684,0.724117,-0.008104,0.078638,0.685131
49573017,0.723962,-0.007886,0.078845,0.685274
49581350,0.723902,-0.006524,0.078550,0.685385
49589683,0.723854,-0.005244,0.077584,0.685557
49598016,0.723739,-0.004954,0.077620,0.685676
49606349,0.723690,-0.004924,0.077708,0.685718
49614682,0.723763,-0.005055,0.077340,0.685683
49623015,0.723789,-0.005229,0.076667,0.685729
49631348,0.724329,-0.004938,0.076114,0.685222
49639681,0.724243,-0.005552,0.075698,0.685355
49648014,0.724599,-0.005421,0.075552,0.684995
49656347,0.725227,-0.004066,0.075457,0.684351
49664680,0.725414,-0.003307,0.075700,0.684129
49673013,0.725578,-0.002608,0.076105,0.683914
49681346,0.725987,-0.002180,0.076913,0.683391
49689679,0.726608,-0.002157,0.077015,0.682718
49698012,0.726848,-0.001780,0.076617,0.682509
49706345,0.727143,-0.002168,0.076644,0.682191
49714678,0.727251,-0.002332,0.076627,0.682077
49723011,0.727267,-0.002814,0.076740,0.682045
49731344,0.727530,-0.003346,0.076962,0.681738
49739677,0.727804,-0.003669,0.076309,0.681517
49748010,0.728110,-0.004208,0.075768,0.681246
49756343,0.728266,-0.004739,0.075941,0.681057
49764676,0.728528,-0.005094,0.076307,0.680733
49773009,0.728536,-0.005439,0.077161,0.680626
49781342,0.728836,-0.005610,0.077421,0.680274
49789675,0.728901,-0.005946,0.077662,0.680174
49798008,0.728796,-0.005951,0.077774,0.680273
49806341,0.728699,-0.005904,0.078103,0.680340
49814674,0.728690,-0.005715,0.078648,0.680288
49823007,0.728772,-0.005505,0.078863,0.680178
49831340,0.728851,-0.005995,0.079373,0.680030
49839673,0.728956,-0.006237,0.079718,0.679874
49848006,0.728843,-0.006391,0.080261,0.679930
49856339,0.728587,-0.007221,0.080976,0.680112
49864672,0.728579,-0.007388,0.081234,0.680087
49873005,0.728777,-0.007632,0.081226,0.679873
49881338,0.728945,-0.008400,0.081397,0.679664
49889671,0.729275,-0.008532,0.080847,0.679374
49898004,0.729600,-0.008805,0.080250,0.679092
49906337,0.729725,-0.009514,0.080453,0.678925
49914670,0.729927,-0.009660,0.080361,0.678716
49923003,0.730053,-0.009856,0.080273,0.678588
49931336,0.730047,-0.010487,0.081000,0.678499
49939669,0.730039,-0.010974,0.081770,0.678408
49948002,0.729990,-0.011257,0.082746,0.678337
49956335,0.729982,-0.010925,0.083094,0.678308
49964668,0.730179,-0.010644,0.083679,0.678028
49973001,0.729919,-0.010858,0.084663,0.678183
49981334,0.729914,-0.011117,0.084692,0.678181
49989667,0.729890,-0.011526,0.084989,0.678163
49998000,0.730000,-0.011571,0.084793,0.678068
50006333,0.729738,-0.011733,0.084742,0.678354
50014666,0.729794,-0.011631,0.084606,0.678312
50022999,0.730020,-0.012019,0.084165,0.678117
