Timestamp (us),W,X,Y,Z
0,0.711616,-0.054549,-0.057875,0.698053
8333,0.711612,-0.054550,-0.057863,0.698057
16666,0.711621,-0.054555,-0.057810,0.698053
24999,0.711609,-0.054548,-0.057812,0.698065
33332,0.711606,-0.054588,-0.057788,0.698067
41665,0.711595,-0.054614,-0.057807,0.698075
49998,0.711564,-0.054623,-0.057812,0.698105
58331,0.711566,-0.054625,-0.057828,0.698102
66664,0.711555,-0.054648,-0.057818,0.698112
74997,0.711561,-0.054645,-0.057838,0.698104
83330,0.711571,-0.054655,-0.057865,0.698091
91663,0.711587,-0.054646,-0.057853,0.698077
99996,0.711577,-0.054646,-0.057858,0.698086
108329,0.711579,-0.054696,-0.057816,0.698083
116662,0.711584,-0.054683,-0.057819,0.698080
124995,0.711564,-0.054694,-0.057835,0.698098
133328,0.711544,-0.054698,-0.057841,0.698117
141661,0.711559,-0.054673,-0.057817,0.698106
149994,0.711534,-0.054684,-0.057823,0.698130
158327,0.711536,-0.054669,-0.057832,0.698128
166660,0.711495,-0.054709,-0.057828,0.698167
174993,0.711471,-0.054727,-0.057859,0.698188
183326,0.711453,-0.054755,-0.057848,0.698204
191659,0.711447,-0.054763,-0.057910,0.698205
199992,0.711423,-0.054807,-0.057924,0.698225
208325,0.711435,-0.054783,-0.058013,0.698208
216658,0.711434,-0.054788,-0.058084,0.698202
224991,0.711445,-0.054854,-0.058074,0.698186
233324,0.711445,-0.054847,-0.058088,0.698186
241657,0.711442,-0.054851,-0.058128,0.698185
249990,0.711442,-0.054834,-0.058150,0.698184
258323,0.711466,-0.054796,-0.058151,0.698163
266656,0.711438,-0.054808,-0.058105,0.698195
274989,0.711458,-0.054782,-0.058115,0.698176
283322,0.711487,-0.054748,-0.058092,0.698151
291655,0.711474,-0.054671,-0.058069,0.698172
299988,0.711489,-0.054613,-0.058041,0.698163
308321,0.711498,-0.054568,-0.057990,0.698162
316654,0.711539,-0.054527,-0.057973,0.698125
324987,0.711562,-0.054493,-0.057967,0.698104
333320,0.711574,-0.054475,-0.057878,0.698101
341653,0.711592,-0.054450,-0.057867,0.698085
349986,0.711614,-0.054411,-0.057832,0.698069
358319,0.711634,-0.054434,-0.057825,0.698047
366652,0.711647,-0.054409,-0.057871,0.698033
374985,0.711664,-0.054451,-0.057843,0.698014
383318,0.711694,-0.054445,-0.057848,0.697984
391651,0.711708,-0.054440,-0.057861,0.697969
399984,0.711718,-0.054450,-0.057864,0.697957
408317,0.711727,-0.054412,-0.057890,0.697949
416650,0.711729,-0.054399,-0.057872,0.697949
424983,0.711754,-0.054373,-0.057881,0.697925
433316,0.711769,-0.054338,-0.057854,0.697915
441649,0.711794,-0.054248,-0.057845,0.697898
449982,0.711828,-0.054232,-0.057786,0.697868
458315,0.711856,-0.054176,-0.057710,0.697851
466648,0.711883,-0.054139,-0.057669,0.697829
474981,0.711918,-0.054095,-0.057624,0.697801
483314,0.711932,-0.054068,-0.057582,0.697792
491647,0.711947,-0.054053,-0.057539,0.697782
499980,0.711980,-0.054027,-0.057521,0.697751
508313,0.712037,-0.054036,-0.057518,0.697693
516646,0.712056,-0.054036,-0.057514,0.697673
524979,0.712065,-0.054030,-0.057527,0.697664
533312,0.712099,-0.054045,-0.057532,0.697628
541645,0.712131,-0.054083,-0.057535,0.697591
549978,0.712166,-0.054043,-0.057583,0.697555
558311,0.712200,-0.054031,-0.057589,0.697520
566644,0.712215,-0.054015,-0.057583,0.697508
574977,0.712238,-0.054013,-0.057599,0.697483
583310,0.712273,-0.053980,-0.057614,0.697449
591643,0.712279,-0.054002,-0.057598,0.697442
599976,0.712283,-0.054019,-0.057633,0.697434
608309,0.712313,-0.054032,-0.057686,0.697397
616642,0.712339,-0.054026,-0.057709,0.697369
624975,0.712372,-0.054000,-0.057756,0.697334
633308,0.712410,-0.053970,-0.057798,0.697293
641641,0.712413,-0.053936,-0.057861,0.697288
649974,0.712445,-0.053894,-0.057946,0.697252
658307,0.712481,-0.053872,-0.057992,0.697213
666640,0.712511,-0.053778,-0.058061,0.697184
674973,0.712552,-0.053789,-0.058123,0.697136
683306,0.712558,-0.053837,-0.058141,0.697124
691639,0.712585,-0.053807,-0.058240,0.697090
699972,0.712618,-0.053892,-0.058336,0.697043
708305,0.712634,-0.053965,-0.058493,0.697007
716638,0.712629,-0.054041,-0.058616,0.696996
724971,0.712650,-0.054134,-0.058758,0.696956
733304,0.712642,-0.054262,-0.058970,0.696936
741637,0.712660,-0.054421,-0.059184,0.696887
749970,0.712694,-0.054460,-0.059492,0.696822
758303,0.712772,-0.054574,-0.059697,0.696717
766636,0.712847,-0.054655,-0.059906,0.696616
774969,0.712938,-0.054700,-0.060162,0.696497
783302,0.713034,-0.054706,-0.060327,0.696384
791635,0.713125,-0.054682,-0.060487,0.696279
799968,0.713226,-0.054757,-0.060608,0.696159
808301,0.713313,-0.054759,-0.060693,0.696062
816634,0.713385,-0.054739,-0.060724,0.695987
824967,0.713424,-0.054570,-0.060895,0.695945
833300,0.713457,-0.054459,-0.061116,0.695901
841633,0.713534,-0.054358,-0.061181,0.695825
849966,0.713590,-0.054314,-0.061275,0.695762
858299,0.713632,-0.054150,-0.061443,0.695717
866632,0.713632,-0.054021,-0.061607,0.695712
874965,0.713665,-0.053801,-0.061771,0.695681
883298,0.713674,-0.053589,-0.061921,0.695675
891631,0.713641,-0.053264,-0.062082,0.695719
899964,0.713609,-0.053077,-0.062288,0.695748
908297,0.713563,-0.052821,-0.062451,0.695800
916630,0.713479,-0.052591,-0.062557,0.695894
924963,0.713363,-0.052379,-0.062760,0.696011
933296,0.713237,-0.052227,-0.063010,0.696129
941629,0.713162,-0.052112,-0.063153,0.696201
949962,0.713055,-0.052074,-0.063320,0.696298
958295,0.713005,-0.051861,-0.063743,0.696327
966628,0.712975,-0.051666,-0.064194,0.696330
974961,0.712895,-0.051405,-0.064761,0.696379
983294,0.712883,-0.050994,-0.065558,0.696347
991627,0.712967,-0.050601,-0.066192,0.696230
999960,0.712944,-0.050295,-0.066985,0.696199
1008293,0.712878,-0.050111,-0.067804,0.696202
1016626,0.712950,-0.049860,-0.068756,0.696052
1024959,0.713001,-0.049631,-0.069759,0.695917
1033292,0.713051,-0.049603,-0.070794,0.695763
1041625,0.713181,-0.049671,-0.071991,0.695502
1049958,0.713274,-0.049771,-0.073238,0.695269
1058291,0.713505,-0.049972,-0.074517,0.694882
1066624,0.713922,-0.050070,-0.076060,0.694279
1074957,0.714350,-0.050103,-0.077615,0.693664
1083290,0.714925,-0.050101,-0.079378,0.692872
1091623,0.715673,-0.050121,-0.081287,0.691876
1099956,0.716391,-0.049932,-0.083077,0.690934
1108289,0.717148,-0.049892,-0.084996,0.689917
1116622,0.717962,-0.050053,-0.086838,0.688829
1124955,0.718741,-0.050032,-0.088581,0.687795
1133288,0.719493,-0.050309,-0.090117,0.686788
1141621,0.720368,-0.050757,-0.091502,0.685654
1149954,0.721001,-0.051386,-0.092922,0.684750
1158287,0.721741,-0.052003,-0.094021,0.683773
1166620,0.722422,-0.052882,-0.095044,0.682845
1174953,0.723088,-0.053843,-0.095836,0.681953
1183286,0.724026,-0.054176,-0.096427,0.680848
1191619,0.724721,-0.054559,-0.096918,0.680007
1199952,0.725464,-0.054714,-0.097399,0.679133
1208285,0.726067,-0.054882,-0.098062,0.678379
1216618,0.726816,-0.054720,-0.098703,0.677497
1224951,0.727634,-0.054531,-0.099167,0.676566
1233284,0.728438,-0.054516,-0.099574,0.675641
1241617,0.729374,-0.054579,-0.099997,0.674563
1249950,0.730569,-0.054939,-0.100430,0.673175
1258283,0.731855,-0.055286,-0.100962,0.671668
1266616,0.733335,-0.055934,-0.101457,0.669923
1274949,0.734987,-0.056580,-0.102371,0.667917
1283282,0.736525,-0.057638,-0.103192,0.666003
1291615,0.738356,-0.058607,-0.104205,0.663730
1299948,0.740410,-0.059775,-0.105328,0.661155
1308281,0.742341,-0.061198,-0.106349,0.658692
1316614,0.744591,-0.062777,-0.107344,0.655836
1324947,0.746708,-0.064986,-0.108232,0.653062
1333280,0.748935,-0.067218,-0.109300,0.650102
1341613,0.751048,-0.069417,-0.110496,0.647224
1349946,0.753398,-0.071607,-0.111491,0.644076
1358279,0.755602,-0.073929,-0.112650,0.641023
1366612,0.758004,-0.075974,-0.113687,0.637756
1374945,0.760141,-0.077996,-0.114554,0.634806
1383278,0.762128,-0.079779,-0.115102,0.632098
1391611,0.763995,-0.081498,-0.115852,0.629483
1399944,0.765646,-0.083067,-0.116723,0.627105
1408277,0.767151,-0.084508,-0.117519,0.624921
1416610,0.768653,-0.085844,-0.118294,0.622743
1424943,0.770298,-0.087036,-0.118847,0.620437
1433276,0.771797,-0.088160,-0.119194,0.618344
1441609,0.773308,-0.089254,-0.119399,0.616256
1449942,0.774799,-0.090361,-0.119440,0.614211
1458275,0.776250,-0.091423,-0.119529,0.612202
1466608,0.777738,-0.092427,-0.119702,0.610125
1474941,0.779216,-0.093508,-0.119734,0.608064
1483274,0.780868,-0.094641,-0.119615,0.605789
1491607,0.782606,-0.095641,-0.119457,0.603416
1499940,0.784335,-0.096687,-0.119180,0.601055
1508273,0.786114,-0.097806,-0.118728,0.598634
1516606,0.787849,-0.098784,-0.118140,0.596304
1524939,0.789440,-0.099889,-0.117366,0.594165
1533272,0.790912,-0.100984,-0.116576,0.592174
1541605,0.792187,-0.101893,-0.115661,0.590492
1549938,0.793415,-0.102731,-0.114723,0.588878
1558271,0.794584,-0.103376,-0.113739,0.587378
1566604,0.795502,-0.104310,-0.112981,0.586116
1574937,0.796496,-0.104825,-0.111898,0.584880
1583270,0.797401,-0.105494,-0.110819,0.583731
1591603,0.798224,-0.106223,-0.109821,0.582661
1599936,0.799117,-0.106726,-0.108641,0.581565
1608269,0.799976,-0.107392,-0.107585,0.580458
1616602,0.800721,-0.108271,-0.106315,0.579500
1624935,0.801529,-0.109034,-0.104958,0.578487
1633268,0.802249,-0.109710,-0.103733,0.577581
1641601,0.802882,-0.110267,-0.102508,0.576813
1649934,0.803532,-0.110683,-0.101172,0.576063
1658267,0.804127,-0.110971,-0.099927,0.575395
1666600,0.804771,-0.110902,-0.098674,0.574725
1674933,0.805391,-0.110852,-0.097261,0.574106
1683266,0.805871,-0.110622,-0.095954,0.573696
1691599,0.806428,-0.110488,-0.094520,0.573178
1699932,0.806917,-0.110303,-0.093242,0.572735
1708265,0.807413,-0.110003,-0.092152,0.572269
1716598,0.807810,-0.109613,-0.090953,0.571976
1724931,0.808161,-0.109366,-0.089889,0.571694
1733264,0.808533,-0.109127,-0.088884,0.571371
1741597,0.808813,-0.109171,-0.088093,0.571089
1749930,0.809081,-0.109060,-0.087416,0.570834
1758263,0.809278,-0.109301,-0.086689,0.570621
1766596,0.809405,-0.109520,-0.086094,0.570488
1774929,0.809372,-0.109660,-0.085640,0.570576
1783262,0.809290,-0.109695,-0.085288,0.570738
1791595,0.809081,-0.109704,-0.085119,0.571058
1799928,0.808763,-0.109725,-0.084918,0.571534
1808261,0.808334,-0.109689,-0.084823,0.572162
1816594,0.807865,-0.109689,-0.084648,0.572851
1824927,0.807377,-0.109811,-0.084494,0.573537
1833260,0.806878,-0.109700,-0.084370,0.574279
1841593,0.806382,-0.109497,-0.084196,0.575039
1849926,0.805965,-0.109196,-0.084140,0.575689
1858259,0.805612,-0.108910,-0.083890,0.576273
1866592,0.805317,-0.108580,-0.083572,0.576793
1874925,0.805092,-0.107977,-0.083314,0.577258
1883258,0.804776,-0.107515,-0.082889,0.577846
1891591,0.804552,-0.106818,-0.082585,0.578330
1899924,0.804401,-0.105980,-0.082376,0.578724
1908257,0.804172,-0.105345,-0.082073,0.579201
1916590,0.803902,-0.104649,-0.081807,0.579740
1924923,0.803570,-0.104006,-0.081490,0.580360
1933256,0.803116,-0.103426,-0.081369,0.581108
1941589,0.802715,-0.102916,-0.081412,0.581747
1949922,0.802224,-0.102335,-0.081504,0.582512
1958255,0.801804,-0.101655,-0.081763,0.583174
1966588,0.801369,-0.101223,-0.081867,0.583831
1974921,0.800953,-0.100937,-0.082083,0.584421
1983254,0.800526,-0.100624,-0.082215,0.585042
1991587,0.800246,-0.100435,-0.082469,0.585421
1999920,0.800016,-0.100185,-0.082893,0.585719
2008252,0.799672,-0.100216,-0.083104,0.586152
2016586,0.799447,-0.100016,-0.083415,0.586450
2024919,0.799220,-0.099875,-0.083915,0.586712
2033252,0.798864,-0.099728,-0.084548,0.587131
2041585,0.798591,-0.099518,-0.085248,0.587437
2049918,0.798379,-0.099521,-0.085866,0.587635
2058250,0.798326,-0.099410,-0.086370,0.587651
2066584,0.798276,-0.099882,-0.086654,0.587597
2074917,0.798179,-0.100584,-0.086644,0.587611
2083250,0.797994,-0.101030,-0.086837,0.587757
2091583,0.797781,-0.101743,-0.086819,0.587925
2099916,0.797635,-0.102280,-0.086979,0.588007
2108249,0.797493,-0.102582,-0.087193,0.588115
2116582,0.797399,-0.103340,-0.087172,0.588113
2124915,0.797204,-0.103731,-0.087225,0.588300
2133248,0.796899,-0.103953,-0.087328,0.588659
2141581,0.796665,-0.104111,-0.087672,0.588897
2149914,0.796360,-0.104478,-0.087879,0.589213
2158247,0.796123,-0.104618,-0.088051,0.589483
2166580,0.795938,-0.104713,-0.088351,0.589672
2174913,0.795640,-0.104831,-0.088381,0.590047
2183246,0.795362,-0.105050,-0.088371,0.590385
2191579,0.795131,-0.105111,-0.088356,0.590687
2199912,0.794967,-0.105296,-0.088164,0.590904
2208245,0.794769,-0.105126,-0.088253,0.591187
2216578,0.794446,-0.105057,-0.088297,0.591627
2224911,0.794147,-0.105165,-0.088320,0.592005
2233244,0.793778,-0.105209,-0.088588,0.592453
2241577,0.793489,-0.105179,-0.088727,0.592824
2249910,0.793226,-0.104734,-0.089078,0.593202
2258243,0.792808,-0.104249,-0.089209,0.593826
2266576,0.792447,-0.103637,-0.089298,0.594402
2274909,0.792109,-0.102716,-0.089495,0.594982
2283242,0.791876,-0.101554,-0.089712,0.595459
2291575,0.791727,-0.100291,-0.089524,0.595899
2299908,0.791723,-0.099091,-0.089311,0.596137
2308241,0.791766,-0.097866,-0.089072,0.596318
2316574,0.791993,-0.096659,-0.088743,0.596262
2324907,0.792338,-0.095309,-0.088451,0.596065
2333240,0.792675,-0.094055,-0.087992,0.595883
2341573,0.793012,-0.092883,-0.087398,0.595707
2349906,0.793330,-0.091707,-0.087042,0.595518
2358239,0.793702,-0.090702,-0.086614,0.595239
2366572,0.793829,-0.089483,-0.086354,0.595292
2374905,0.794061,-0.088918,-0.086078,0.595106
2383238,0.794213,-0.088093,-0.086062,0.595029
2391571,0.794453,-0.087523,-0.085925,0.594812
2399904,0.794676,-0.087321,-0.085686,0.594578
2408237,0.794931,-0.087235,-0.085484,0.594278
2416570,0.795284,-0.087178,-0.085346,0.593834
2424903,0.795619,-0.087131,-0.085155,0.593420
2433236,0.796220,-0.087103,-0.084949,0.592647
2441569,0.797088,-0.087311,-0.084557,0.591505
2449902,0.797881,-0.087270,-0.084178,0.590495
2458235,0.798744,-0.087279,-0.083806,0.589379
2466568,0.799581,-0.087308,-0.083453,0.588288
2474901,0.800522,-0.087323,-0.082974,0.587073
2483234,0.801414,-0.087346,-0.082388,0.585934
2491567,0.802221,-0.087570,-0.081596,0.584906
2499900,0.802991,-0.087709,-0.080832,0.583934
2508233,0.803718,-0.087759,-0.080095,0.583027
2516566,0.804254,-0.088129,-0.079093,0.582368
2524899,0.804909,-0.088386,-0.078234,0.581540
2533232,0.805582,-0.088452,-0.077619,0.580680
2541565,0.806250,-0.088759,-0.076878,0.579804
2549898,0.806879,-0.088992,-0.076180,0.578985
2558231,0.807499,-0.089090,-0.075633,0.578176
2566564,0.808220,-0.089380,-0.075027,0.577203
2574897,0.808885,-0.089761,-0.074269,0.576310
2583230,0.809515,-0.090046,-0.073925,0.575423
2591563,0.810189,-0.090487,-0.073581,0.574450
2599896,0.810876,-0.090938,-0.073095,0.573470
2608229,0.811488,-0.091526,-0.072759,0.572553
2616562,0.812114,-0.092251,-0.072377,0.571596
2624895,0.812709,-0.093045,-0.072079,0.570658
2633228,0.813227,-0.094003,-0.071849,0.569792
2641561,0.813676,-0.094897,-0.071567,0.569038
2649894,0.814003,-0.095933,-0.071402,0.568417
2658227,0.814242,-0.096902,-0.071395,0.567910
2666560,0.814499,-0.097828,-0.071487,0.567372
2674893,0.814593,-0.098670,-0.071698,0.567064
2683226,0.814746,-0.099086,-0.071828,0.566756
2691559,0.814681,-0.099701,-0.072109,0.566705
2699892,0.814589,-0.100335,-0.072398,0.566688
2708225,0.814501,-0.100642,-0.072897,0.566697
2716558,0.814311,-0.100973,-0.073249,0.566866
2724891,0.814018,-0.101154,-0.073684,0.567198
2733224,0.813658,-0.101405,-0.074121,0.567613
2741557,0.813248,-0.101832,-0.074428,0.568083
2749890,0.812847,-0.101888,-0.074459,0.568643
2758223,0.812381,-0.102000,-0.074483,0.569284
2766556,0.811953,-0.102147,-0.074324,0.569890
2774889,0.811481,-0.102138,-0.074057,0.570598
2783222,0.810995,-0.102190,-0.073598,0.571338
2791555,0.810482,-0.102374,-0.073351,0.572065
2799888,0.809857,-0.102363,-0.073158,0.572976
2808221,0.809259,-0.102191,-0.072876,0.573887
2816554,0.808704,-0.102595,-0.072443,0.574651
2824887,0.808209,-0.102875,-0.072156,0.575333
2833220,0.807712,-0.103051,-0.072100,0.576006
2841553,0.807269,-0.103425,-0.071765,0.576602
2849886,0.806764,-0.104023,-0.071588,0.577223
2858219,0.806337,-0.104484,-0.071318,0.577770
2866552,0.805758,-0.105249,-0.070975,0.578480
2874885,0.805255,-0.105426,-0.070399,0.579218
2883218,0.804585,-0.105884,-0.069584,0.580163
2891551,0.803864,-0.106011,-0.068715,0.581243
2899884,0.803010,-0.105852,-0.067808,0.582556
2908217,0.801969,-0.105278,-0.066998,0.584186
2916550,0.800884,-0.104762,-0.066046,0.585873
2924883,0.799797,-0.104220,-0.065141,0.587553
2933216,0.798678,-0.103542,-0.064271,0.589289
2941549,0.797635,-0.102825,-0.063422,0.590918
2949882,0.796570,-0.102297,-0.062919,0.592497
2958215,0.795620,-0.101922,-0.062337,0.593898
2966548,0.794736,-0.101638,-0.061909,0.595174
2974881,0.794064,-0.101410,-0.061302,0.596172
2983214,0.793364,-0.101276,-0.061047,0.597152
2991547,0.792646,-0.101298,-0.060758,0.598130
2999880,0.791905,-0.101276,-0.060574,0.599133
3008213,0.791141,-0.101357,-0.060357,0.600150
3016546,0.790151,-0.101514,-0.060532,0.601408
3024879,0.789040,-0.101597,-0.061016,0.602803
3033212,0.787675,-0.101786,-0.061615,0.604493
3041545,0.785985,-0.101895,-0.062240,0.606607
3049878,0.784214,-0.101832,-0.062934,0.608833
3058211,0.782485,-0.101734,-0.063912,0.610969
3066544,0.780570,-0.101855,-0.065025,0.613276
3074877,0.778456,-0.102068,-0.066385,0.615777
3083210,0.776385,-0.102352,-0.067566,0.618212
3091543,0.774507,-0.102537,-0.068624,0.620416
3099876,0.772587,-0.102752,-0.069934,0.622624
3108209,0.770649,-0.102842,-0.071246,0.624858
3116542,0.768917,-0.102810,-0.072223,0.626882
3124875,0.767385,-0.102738,-0.072980,0.628681
3133208,0.765868,-0.102744,-0.073854,0.630425
3141541,0.764468,-0.102398,-0.074296,0.632126
3149874,0.763197,-0.101740,-0.074812,0.633706
3158207,0.761747,-0.101233,-0.075163,0.635487
3166540,0.760465,-0.100272,-0.075380,0.637147
3174873,0.759238,-0.099132,-0.075588,0.638763
3183206,0.757883,-0.098215,-0.075945,0.640469
3191539,0.756611,-0.097229,-0.076282,0.642080
3199872,0.755456,-0.096222,-0.076551,0.643558
3208205,0.754369,-0.095552,-0.076705,0.644914
3216538,0.753225,-0.094820,-0.076907,0.646334
3224871,0.752028,-0.094351,-0.077031,0.647779
3233204,0.750774,-0.094073,-0.077322,0.649238
3241537,0.749671,-0.093601,-0.077580,0.650549
3249870,0.748617,-0.093114,-0.078132,0.651765
3258203,0.747664,-0.092672,-0.078753,0.652846
3266536,0.746885,-0.092148,-0.079158,0.653762
3274869,0.746089,-0.091843,-0.079617,0.654658
3283202,0.745383,-0.091282,-0.080129,0.655478
3291535,0.744788,-0.090747,-0.080332,0.656203
3299868,0.744249,-0.090376,-0.080523,0.656842
3308201,0.743694,-0.090146,-0.080547,0.657500
3316534,0.743246,-0.089783,-0.080535,0.658056
3324867,0.742833,-0.089474,-0.080574,0.658560
3333200,0.742445,-0.089322,-0.080602,0.659015
3341533,0.742202,-0.089042,-0.080742,0.659309
3349866,0.741995,-0.088683,-0.080918,0.659569
3358199,0.741722,-0.088214,-0.081320,0.659889
3366532,0.741742,-0.087827,-0.081322,0.659919
3374865,0.741815,-0.087323,-0.081244,0.659913
3383198,0.741935,-0.086693,-0.081246,0.659861
3391531,0.741975,-0.086066,-0.081026,0.659924
3399864,0.742196,-0.084968,-0.080873,0.659838
3408197,0.742471,-0.083966,-0.080509,0.659700
3416530,0.742860,-0.083245,-0.080088,0.659405
3424863,0.743158,-0.082428,-0.079647,0.659226
3433196,0.743521,-0.081499,-0.079260,0.658978
3441529,0.743752,-0.080774,-0.078910,0.658849
3449862,0.743933,-0.080017,-0.078532,0.658782
3458195,0.744174,-0.079167,-0.078235,0.658648
3466528,0.744353,-0.078199,-0.077947,0.658595
3474861,0.744461,-0.077082,-0.077741,0.658630
3483194,0.744628,-0.075964,-0.077673,0.658578
3491527,0.744900,-0.074796,-0.077428,0.658433
3499860,0.745295,-0.073411,-0.077085,0.658182
3508193,0.745881,-0.071598,-0.076538,0.657782
3516526,0.746683,-0.069769,-0.075750,0.657159
3524859,0.747503,-0.067723,-0.074922,0.656536
3533192,0.748583,-0.065611,-0.073687,0.655659
3541525,0.749804,-0.063521,-0.072412,0.654611
3549858,0.751069,-0.061339,-0.071157,0.653506
3558191,0.752373,-0.059475,-0.069407,0.652365
3566524,0.753865,-0.057604,-0.067918,0.650966
3574857,0.755203,-0.056239,-0.066399,0.649690
3583190,0.756629,-0.055095,-0.065032,0.648265
3591523,0.757917,-0.054311,-0.064083,0.646920
3599856,0.759126,-0.053556,-0.063586,0.645613
3608189,0.760396,-0.053103,-0.063070,0.644206
3616522,0.761628,-0.052612,-0.062647,0.642829
3624855,0.762720,-0.052091,-0.062551,0.641585
3633188,0.763605,-0.051976,-0.062363,0.640560
3641521,0.764308,-0.051628,-0.062309,0.639754
3649854,0.764889,-0.051154,-0.062604,0.639069
3658187,0.765377,-0.051219,-0.062756,0.638464
3666520,0.765838,-0.051005,-0.063168,0.637887
3674853,0.766175,-0.051134,-0.063272,0.637462
3683186,0.766471,-0.051467,-0.063251,0.637082
3691519,0.767024,-0.051502,-0.063187,0.636419
3699852,0.767858,-0.051953,-0.062783,0.635415
3708185,0.768665,-0.052193,-0.062525,0.634446
3716518,0.769310,-0.052854,-0.062120,0.633648
3724851,0.769635,-0.053644,-0.061684,0.633229
3733184,0.769655,-0.054271,-0.061638,0.633156
3741517,0.769652,-0.055274,-0.061375,0.633098
3749850,0.769284,-0.056046,-0.061249,0.633490
3758183,0.768696,-0.056899,-0.061222,0.634131
3766516,0.768170,-0.057739,-0.061228,0.634691
3774849,0.767331,-0.058497,-0.061127,0.635645
3783182,0.766593,-0.059282,-0.061157,0.636460
3791515,0.765726,-0.059883,-0.061109,0.637451
3799848,0.764852,-0.060330,-0.061228,0.638445
3808181,0.764069,-0.060883,-0.061176,0.639335
3816514,0.763147,-0.061407,-0.061197,0.640384
3824847,0.762244,-0.061785,-0.061423,0.641400
3833180,0.761119,-0.062598,-0.061518,0.642647
3841513,0.759887,-0.063307,-0.061623,0.644024
3849846,0.758604,-0.064022,-0.062104,0.645418
3858179,0.757169,-0.064657,-0.062556,0.646994
3866512,0.755686,-0.065740,-0.062961,0.648577
3874845,0.754013,-0.066580,-0.063573,0.650377
3883178,0.752302,-0.067430,-0.064378,0.652189
3891511,0.750440,-0.068383,-0.065295,0.654141
3899844,0.748476,-0.069301,-0.066428,0.656177
3908177,0.746517,-0.070056,-0.067531,0.658213
3916510,0.744412,-0.070584,-0.068765,0.660409
3924843,0.742220,-0.070807,-0.069817,0.662738
3933176,0.739894,-0.070924,-0.071254,0.665169
3941509,0.737663,-0.071162,-0.072062,0.667530
3949842,0.735382,-0.071177,-0.072852,0.669955
3958175,0.733101,-0.070982,-0.073507,0.672400
3966508,0.730769,-0.070586,-0.074310,0.674887
3974841,0.728349,-0.070522,-0.074813,0.677449
3983174,0.725804,-0.070485,-0.075128,0.680144
3991507,-0.723262,0.070494,0.075580,-0.682795
3999840,-0.720733,0.070506,0.075961,-0.685422
4008173,-0.718165,0.070675,0.076001,-0.688090
4016505,-0.715373,0.070897,0.076448,-0.690920
4024839,-0.712573,0.071382,0.077127,-0.693683
4033172,-0.709708,0.071751,0.077820,-0.696499
4041505,-0.707008,0.072063,0.078274,-0.699156
4049838,-0.704127,0.072563,0.079003,-0.701925
4058170,-0.701209,0.073460,0.079896,-0.704646
4066504,-0.698124,0.074307,0.080882,-0.707502
4074837,-0.695096,0.074913,0.081758,-0.710314
4083170,-0.691967,0.075502,0.082257,-0.713242
4091503,-0.688671,0.075988,0.082500,-0.716346
4099836,0.685258,-0.076106,-0.082961,0.719546
4108169,0.681739,-0.075973,-0.083208,0.722867
4116501,0.677834,-0.075604,-0.083523,0.726532
4124835,0.673548,-0.075169,-0.083806,0.730520
4133168,0.669149,-0.074530,-0.083810,0.734616
4141501,0.664490,-0.073975,-0.084221,0.738842
4149834,0.659780,-0.073326,-0.084454,0.743089
4158166,0.654862,-0.072788,-0.084844,0.747435
4166500,0.649505,-0.072321,-0.085202,0.752100
4174833,0.644195,-0.071580,-0.086335,0.756594
4183166,0.638862,-0.070979,-0.087376,0.761041
4191499,0.633423,-0.071028,-0.088050,0.765492
4199832,0.627729,-0.071216,-0.088889,0.770054
4208165,0.621981,-0.071284,-0.089705,0.774604
4216498,0.616263,-0.071462,-0.090689,0.779030
4224831,0.610184,-0.071573,-0.091758,0.783667
4233164,0.603976,-0.071839,-0.092825,0.788312
4241497,0.597377,-0.072151,-0.094217,0.793132
4249830,0.590449,-0.072286,-0.095198,0.798175
4258163,0.583217,-0.072443,-0.096699,0.803280
4266496,0.575580,-0.072286,-0.098364,0.808583
4274829,0.567959,-0.071885,-0.100012,0.813789
4283162,0.560196,-0.071521,-0.101964,0.818943
4291495,0.552401,-0.071039,-0.103659,0.824052
4299828,-0.544469,0.070348,0.105795,-0.829103
4308161,-0.536723,0.070029,0.107263,-0.833978
4316494,-0.528801,0.069113,0.109546,-0.838804
4324827,-0.521025,0.068530,0.111065,-0.843506
4333160,-0.513418,0.067820,0.112459,-0.848030
4341493,-0.505934,0.067118,0.113945,-0.852374
4349826,-0.498357,0.066196,0.115298,-0.856717
4358159,-0.490927,0.064916,0.116295,-0.860960
4366492,-0.483635,0.063351,0.116984,-0.865100
4374825,-0.475943,0.062381,0.117402,-0.869370
4383158,-0.468149,0.061295,0.117453,-0.873662
4391491,-0.460288,0.060083,0.117589,-0.877894
4399824,-0.452331,0.059078,0.117853,-0.882053
4408157,-0.444399,0.057464,0.117663,-0.886207
4416490,-0.436504,0.055868,0.117543,-0.890240
4424823,-0.428421,0.053960,0.117696,-0.894255
4433156,-0.420357,0.051877,0.117756,-0.898188
4441489,-0.412702,0.050286,0.117675,-0.901832
4449822,-0.404669,0.048263,0.118055,-0.905526
4458155,-0.396880,0.046357,0.118360,-0.909026
4466488,-0.389228,0.044198,0.118713,-0.912390
4474821,-0.381569,0.042133,0.119105,-0.915666
4483154,-0.374127,0.040197,0.119339,-0.918788
4491487,-0.367163,0.037153,0.120332,-0.921592
4499820,-0.360248,0.035412,0.120350,-0.924383
4508153,-0.353449,0.033238,0.120224,-0.927100
4516486,-0.347011,0.030762,0.120166,-0.929622
4524819,-0.340627,0.028460,0.120057,-0.932067
4533152,-0.334409,0.026130,0.119824,-0.934414
4541485,-0.328608,0.023705,0.119280,-0.936604
4549818,-0.322789,0.021218,0.118959,-0.938725
4558151,-0.316847,0.018871,0.118609,-0.940842
4566484,-0.311091,0.015851,0.118450,-0.942836
4574817,-0.305266,0.013305,0.117828,-0.944856
4583150,-0.299487,0.011125,0.116988,-0.946836
4591483,-0.293753,0.008892,0.116037,-0.948770
4599816,-0.288092,0.006598,0.115388,-0.950602
4608149,-0.282579,0.004276,0.114818,-0.952338
4616482,-0.277161,0.001742,0.114299,-0.953999
4624815,-0.271621,-0.000484,0.113728,-0.955661
4633148,-0.265946,-0.002643,0.113588,-0.957269
4641481,-0.260432,-0.005163,0.113671,-0.958763
4649814,-0.254876,-0.007571,0.113379,-0.960274
4658147,-0.249323,-0.009078,0.112766,-0.961790
4666480,-0.243975,-0.011467,0.112786,-0.963132
4674813,-0.238191,-0.013277,0.113074,-0.964522
4683146,-0.233180,-0.015454,0.112752,-0.965751
4691479,-0.228172,-0.017305,0.112398,-0.966956
4699812,-0.223071,-0.019154,0.112323,-0.968120
4708145,-0.217985,-0.020481,0.111748,-0.969317
4716478,-0.212578,-0.021758,0.111534,-0.970514
4724811,-0.207326,-0.023253,0.111586,-0.971609
4733144,-0.201619,-0.024333,0.111573,-0.972784
4741477,-0.195547,-0.025548,0.111687,-0.973979
4749810,-0.189242,-0.026928,0.111508,-0.975207
4758143,-0.182724,-0.028138,0.111649,-0.976399
4766476,-0.175844,-0.029337,0.111953,-0.977591
4774809,-0.168644,-0.031096,0.112243,-0.978771
4783142,-0.161097,-0.032816,0.112652,-0.979939
4791475,-0.153041,-0.033909,0.113066,-0.981145
4799808,-0.144876,-0.035505,0.113619,-0.982263
4808141,-0.136397,-0.036718,0.114110,-0.983375
4816474,-0.127993,-0.037949,0.114632,-0.984397
4824807,-0.119317,-0.039033,0.115127,-0.985386
4833140,-0.110673,-0.040670,0.115726,-0.986258
4841473,-0.101952,-0.041920,0.116109,-0.987100
4849806,-0.092857,-0.043044,0.116656,-0.987885
4858139,-0.083876,-0.043984,0.117223,-0.988579
4866472,-0.074804,-0.044977,0.117978,-0.989173
4874805,-0.065570,-0.046320,0.118959,-0.989648
4883138,-0.056441,-0.047424,0.119659,-0.990074
4891471,-0.046939,-0.048297,0.120422,-0.990436
4899804,-0.037568,-0.048984,0.121114,-0.990717
4908137,-0.028163,-0.049920,0.121477,-0.990938
4916470,-0.018546,-0.050954,0.121951,-0.991054
4924803,-0.008514,-0.051451,0.122791,-0.991061
4933136,0.001218,-0.052173,0.123467,-0.990975
4941469,0.011081,-0.053108,0.124175,-0.990776
4949802,0.020702,-0.054090,0.124851,-0.990484
4958135,0.030584,-0.055346,0.125679,-0.990054
4966468,0.040543,-0.056202,0.126294,-0.989569
4974801,0.050749,-0.056879,0.127086,-0.988958
4983134,0.061041,-0.057984,0.127753,-0.988226
4991467,0.071365,-0.058976,0.128717,-0.987350
4999800,0.081638,-0.059897,0.129437,-0.986404
5008133,0.092001,-0.060829,0.130487,-0.985296
5016466,0.101987,-0.061781,0.131266,-0.984150
5024799,0.111630,-0.063316,0.132521,-0.982837
5033132,0.121462,-0.064625,0.133647,-0.981432
5041465,0.131428,-0.065560,0.134746,-0.979935
5049798,0.141146,-0.066433,0.135709,-0.978390
5058131,0.150828,-0.067040,0.136868,-0.976741
5066464,0.160534,-0.067254,0.138195,-0.974991
5074797,0.170047,-0.067964,0.139273,-0.973174
5083130,0.179620,-0.068354,0.140812,-0.971203
5091463,0.188550,-0.069038,0.141936,-0.969297
5099796,0.197360,-0.069838,0.142931,-0.967338
5108129,0.206164,-0.070377,0.144168,-0.965277
5116462,0.214861,-0.070623,0.145413,-0.963173
5124795,0.223126,-0.071258,0.146430,-0.961091
5133128,0.231321,-0.072094,0.147646,-0.958902
5141461,0.239748,-0.072380,0.148889,-0.956616
5149794,0.247994,-0.072865,0.150353,-0.954245
5158127,0.256307,-0.072956,0.151614,-0.951839
5166460,0.264355,-0.073152,0.152711,-0.949444
5174793,0.272393,-0.073579,0.153573,-0.946997
5183126,0.280654,-0.073978,0.154495,-0.944400
5191459,0.288003,-0.074721,0.155389,-0.941980
5199792,0.295833,-0.074971,0.156037,-0.939422
5208125,0.303917,-0.075148,0.156609,-0.936729
5216458,0.311989,-0.075346,0.156874,-0.934011
5224791,0.320042,-0.075399,0.157023,-0.931253
5233124,0.328182,-0.075406,0.157303,-0.928367
5241457,0.336279,-0.075448,0.157482,-0.925432
5249790,0.344178,-0.075531,0.157649,-0.922487
5258123,0.352205,-0.075425,0.157666,-0.919458
5266456,0.360242,-0.075068,0.158036,-0.916305
5274789,0.367889,-0.074716,0.158227,-0.913258
5283122,0.376028,-0.074259,0.158769,-0.909880
5291455,0.383906,-0.073730,0.159209,-0.906550
5299788,0.391375,-0.073319,0.159747,-0.903289
5308121,0.399392,-0.072506,0.160247,-0.899750
5316454,0.407055,-0.072038,0.161075,-0.896198
5324787,0.414807,-0.071634,0.161963,-0.892508
5333120,0.422563,-0.071301,0.162781,-0.888740
5341453,0.430097,-0.071208,0.163214,-0.885046
5349786,0.437578,-0.070891,0.163994,-0.881253
5358119,0.444985,-0.070900,0.164570,-0.877427
5366452,0.452410,-0.071063,0.165013,-0.873525
5374785,0.459691,-0.071090,0.165434,-0.869634
5383118,0.466992,-0.071333,0.165739,-0.865656
5391451,0.474037,-0.071948,0.165845,-0.861747
5399784,0.481050,-0.072426,0.165833,-0.857814
5408117,0.488059,-0.072718,0.165780,-0.853831
5416450,0.494673,-0.073335,0.165649,-0.849989
5424783,0.501382,-0.073776,0.165481,-0.846043
5433116,0.507958,-0.074499,0.165092,-0.842124
5441449,0.514404,-0.075271,0.164284,-0.838292
5449782,0.520476,-0.076112,0.163429,-0.834627
5458115,0.526851,-0.076981,0.162999,-0.830622
5466448,0.532895,-0.077994,0.162217,-0.826816
5474781,0.538870,-0.078885,0.161529,-0.822985
5483114,0.544858,-0.079729,0.160905,-0.819075
5491447,0.550617,-0.080903,0.160186,-0.815240
5499780,0.556240,-0.082047,0.159388,-0.811456
5508113,0.561735,-0.083003,0.158930,-0.807654
5516446,0.567092,-0.084001,0.158376,-0.803908
5524779,0.572387,-0.084929,0.158032,-0.800116
5533112,0.577609,-0.085955,0.157510,-0.796348
5541445,0.582616,-0.086893,0.156919,-0.792707
5549778,0.587614,-0.087758,0.156270,-0.789043
5558111,0.592562,-0.088816,0.155742,-0.785320
5566444,0.597207,-0.089764,0.154952,-0.781842
5574777,0.601887,-0.090527,0.154163,-0.778312
5583110,0.606455,-0.091405,0.153449,-0.774797
5591443,0.610931,-0.092175,0.152870,-0.771296
5599776,0.615339,-0.092845,0.152275,-0.767822
5608109,0.619253,-0.093630,0.150700,-0.764885
5616442,0.623648,-0.094841,0.150549,-0.761186
5624775,0.627823,-0.096037,0.150013,-0.757701
5633108,0.631976,-0.097001,0.149550,-0.754209
5641441,0.636217,-0.097894,0.148900,-0.750649
5649774,0.640103,-0.099039,0.148215,-0.747323
5658107,0.644062,-0.100224,0.148087,-0.743780
5666440,0.647855,-0.101561,0.148017,-0.740311
5674773,0.651394,-0.102972,0.147639,-0.737079
5683106,0.654899,-0.104222,0.147367,-0.733845
5691439,0.658239,-0.105566,0.147172,-0.730697
5699772,0.661507,-0.106934,0.146519,-0.727672
5708105,0.664533,-0.108411,0.145667,-0.724861
5716438,0.667639,-0.109520,0.145432,-0.721881
5724771,0.670643,-0.110611,0.145082,-0.718995
5733104,0.673298,-0.111767,0.144652,-0.716417
5741437,0.675963,-0.112948,0.144059,-0.713837
5749770,0.678211,-0.114103,0.143408,-0.711649
5758103,0.680629,-0.115032,0.143013,-0.709267
5766436,0.682715,-0.116028,0.142694,-0.707160
5774769,0.684613,-0.116916,0.142155,-0.705286
5783102,0.686357,-0.117800,0.141500,-0.703573
5791435,0.688091,-0.118451,0.140991,-0.701871
5799768,0.689552,-0.119191,0.140347,-0.700439
5808101,0.690923,-0.119904,0.140156,-0.699003
5816434,0.692262,-0.120570,0.139605,-0.697673
5824767,0.693241,-0.121476,0.139251,-0.696613
5833100,0.694425,-0.121789,0.138977,-0.695433
5841433,0.695351,-0.122239,0.138610,-0.694501
5849766,0.696164,-0.122819,0.138099,-0.693686
5858099,0.696798,-0.123141,0.137534,-0.693104
5866432,0.697461,-0.123475,0.136963,-0.692490
5874765,0.697990,-0.123751,0.136427,-0.692014
5883098,0.698446,-0.123699,0.135988,-0.691649
5891431,0.698699,-0.123819,0.135475,-0.691473
5899764,0.698978,-0.123666,0.135291,-0.691255
5908097,0.698712,-0.123923,0.134659,-0.691601
5916430,0.698279,-0.124103,0.134314,-0.692073
5924763,0.697846,-0.124524,0.134301,-0.692436
5933096,0.697253,-0.124916,0.134139,-0.692994
5941429,0.696589,-0.125345,0.134042,-0.693603
5949762,0.696171,-0.125713,0.134208,-0.693924
5958095,0.695435,-0.125885,0.134164,-0.694639
5966428,0.694652,-0.126048,0.134145,-0.695396
5974761,0.693855,-0.126134,0.133906,-0.696222
5983094,0.692856,-0.126037,0.133815,-0.697250
5991427,0.691972,-0.125422,0.133771,-0.698247
5999760,0.690723,-0.124584,0.133554,-0.699674
6008093,0.689383,-0.123656,0.133232,-0.701221
6016426,0.687566,-0.122823,0.133147,-0.703164
6024759,0.685677,-0.121881,0.133052,-0.705187
6033092,0.683894,-0.120767,0.133544,-0.707015
6041425,0.681711,-0.119948,0.133740,-0.709222
6049758,0.679435,-0.119235,0.134126,-0.711450
6058091,0.677139,-0.118589,0.134898,-0.713598
6066424,0.674749,-0.117931,0.135664,-0.715822
6074757,0.672271,-0.117761,0.136916,-0.717940
6083090,0.669790,-0.117469,0.138021,-0.720092
6091423,0.667211,-0.117371,0.139321,-0.722249
6099756,0.664631,-0.117305,0.140843,-0.724340
6108089,0.661963,-0.117229,0.142215,-0.726524
6116422,0.659667,-0.116916,0.143773,-0.728354
6124755,0.656774,-0.116915,0.144616,-0.730798
6133088,0.654178,-0.116742,0.146060,-0.732863
6141421,0.651584,-0.116670,0.147619,-0.734871
6149754,0.649255,-0.116452,0.148586,-0.736769
6158087,0.646871,-0.116322,0.149819,-0.738635
6166420,0.644598,-0.116286,0.151046,-0.740375
6174753,0.642383,-0.115978,0.152037,-0.742144
6183086,0.640347,-0.115812,0.153357,-0.743657
6191419,0.638407,-0.115452,0.154603,-0.745121
6199752,0.636719,-0.115092,0.155277,-0.746479
6208085,0.634912,-0.114536,0.156180,-0.747914
6216418,0.633372,-0.114152,0.156878,-0.749132
6224751,0.632074,-0.113454,0.156985,-0.750311
6233084,0.631029,-0.112421,0.157691,-0.751197
6241417,0.630021,-0.111292,0.157916,-0.752164
6249750,0.628876,-0.110359,0.157988,-0.753244
6258083,0.627847,-0.109501,0.158230,-0.754176
6266416,0.626959,-0.108567,0.158283,-0.755038
6274749,0.626209,-0.107255,0.158281,-0.755848
6283082,0.625206,-0.106250,0.158565,-0.756760
6291415,0.624138,-0.105341,0.158865,-0.757706
6299748,0.623059,-0.104624,0.158702,-0.758726
6308081,0.622113,-0.103640,0.158666,-0.759644
6316414,0.621139,-0.102677,0.158656,-0.760573
6324747,0.620180,-0.101812,0.158961,-0.761408
6333080,0.619035,-0.101135,0.159105,-0.762400
6341413,0.617967,-0.100477,0.159026,-0.763369
6349746,0.617072,-0.099748,0.158978,-0.764198
6358079,0.616087,-0.099028,0.159150,-0.765050
6366412,0.614995,-0.098540,0.159130,-0.765995
6374745,0.614191,-0.097843,0.159274,-0.766699
6383078,0.612842,-0.097339,0.159287,-0.767839
6391411,0.611755,-0.097041,0.159087,-0.768785
6399744,0.610732,-0.096461,0.159464,-0.769593
6408077,0.609638,-0.096076,0.159558,-0.770489
6416410,0.608619,-0.095662,0.159582,-0.771340
6424743,0.607625,-0.095210,0.159648,-0.772165
6433076,0.606727,-0.094852,0.159728,-0.772899
6441409,0.605609,-0.094582,0.159697,-0.773815
6449742,0.604904,-0.094026,0.159886,-0.774394
6458075,0.604283,-0.093433,0.159869,-0.774955
6466408,0.603569,-0.092834,0.159904,-0.775575
6474741,0.602735,-0.092273,0.159717,-0.776329
6483074,0.602143,-0.091528,0.159568,-0.776907
6491407,0.601548,-0.090598,0.159510,-0.777489
6499740,0.601183,-0.089792,0.158958,-0.777977
6508073,0.600837,-0.088676,0.158837,-0.778397
6516406,0.600566,-0.087576,0.158289,-0.778842
6524739,0.600365,-0.086238,0.158117,-0.779181
6533072,0.600451,-0.084922,0.157395,-0.779406
6541405,0.600320,-0.083789,0.156961,-0.779717
6549738,0.600784,-0.082316,0.156658,-0.779578
6558071,0.601075,-0.080935,0.156494,-0.779531
6566404,0.601435,-0.079796,0.156464,-0.779376
6574737,0.601916,-0.078782,0.156588,-0.779083
6583070,0.602464,-0.078002,0.156423,-0.778771
6591403,0.603104,-0.076935,0.156459,-0.778374
6599736,0.603667,-0.076307,0.156351,-0.778022
6608069,0.604567,-0.075534,0.156474,-0.777374
6616402,0.605272,-0.074751,0.156332,-0.776929
6624735,0.606220,-0.073822,0.156483,-0.776248
6633068,0.606880,-0.073220,0.156289,-0.775828
6641401,0.607666,-0.072300,0.156189,-0.775319
6649734,0.608520,-0.071447,0.156144,-0.774737
6658067,0.609467,-0.070520,0.156344,-0.774037
6666400,0.610209,-0.069829,0.156325,-0.773519
6674733,0.611154,-0.069149,0.156664,-0.772765
6683066,0.612067,-0.068407,0.156953,-0.772050
6691399,0.613114,-0.068100,0.157347,-0.771165
6699732,0.614443,-0.067798,0.158050,-0.769989
6708065,0.615631,-0.067698,0.158774,-0.768900
6716398,0.617110,-0.067783,0.159417,-0.767572
6724731,0.618767,-0.067939,0.160464,-0.766004
6733064,0.620610,-0.068294,0.161664,-0.764228
6741397,0.622568,-0.068867,0.162586,-0.762386
6749730,0.624839,-0.069442,0.163652,-0.760244
6758063,0.627345,-0.070183,0.164562,-0.757913
6766396,0.630073,-0.070836,0.165649,-0.755348
6774729,0.632928,-0.071636,0.166423,-0.752711
6783062,0.635966,-0.072294,0.167129,-0.749926
6791395,0.639237,-0.073219,0.168121,-0.746827
6799728,0.642400,-0.073932,0.168671,-0.743913
6808061,0.645599,-0.074866,0.169232,-0.740916
6816394,0.648624,-0.075750,0.169653,-0.738083
6824727,0.651428,-0.076568,0.170013,-0.735442
6833060,0.654145,-0.077264,0.170604,-0.732816
6841393,0.656657,-0.078050,0.171269,-0.730327
6849726,0.659046,-0.078806,0.171820,-0.727960
6858059,0.661203,-0.079622,0.172409,-0.725773
6866392,0.663313,-0.080364,0.173244,-0.723563
6874725,0.665567,-0.081081,0.173889,-0.721255
6883058,0.667528,-0.081696,0.174494,-0.719224
6891391,0.669440,-0.082247,0.174843,-0.717297
6899724,0.671360,-0.082797,0.175309,-0.715323
6908057,0.673287,-0.083316,0.175493,-0.713404
6916390,0.675433,-0.083771,0.175323,-0.711361
6924723,0.677587,-0.084154,0.175160,-0.709305
6933056,0.679786,-0.084522,0.174983,-0.707198
6941389,0.681897,-0.084920,0.174533,-0.705226
6949722,0.684215,-0.085049,0.174368,-0.703002
6958055,0.686277,-0.085333,0.174209,-0.700994
6966388,0.688216,-0.085728,0.173720,-0.699164
6974721,0.690206,-0.086118,0.173443,-0.697221
6983054,0.692305,-0.086297,0.173385,-0.695129
6991387,0.694258,-0.086611,0.173155,-0.693197
6999720,0.696068,-0.087037,0.172908,-0.691388
7008053,0.697668,-0.087451,0.172838,-0.689739
7016386,0.699200,-0.087946,0.172662,-0.688166
7024719,0.700591,-0.088200,0.172764,-0.686692
7033052,0.702046,-0.088497,0.172767,-0.685165
7041385,0.703080,-0.089034,0.172628,-0.684070
7049718,0.704023,-0.089526,0.172562,-0.683051
7058051,0.704872,-0.090051,0.172651,-0.682084
7066384,0.705608,-0.090449,0.172801,-0.681231
7074717,0.706179,-0.090952,0.172621,-0.680618
7083050,0.706242,-0.091594,0.172508,-0.680495
7091383,0.706307,-0.092210,0.172248,-0.680410
7099716,0.706315,-0.092785,0.172231,-0.680329
7108049,0.706101,-0.093151,0.172128,-0.680527
7116382,0.705734,-0.093586,0.171988,-0.680883
7124715,0.705163,-0.094205,0.171370,-0.681544
7133048,0.704627,-0.094617,0.171068,-0.682117
7141381,0.704018,-0.095060,0.170593,-0.682804
7149714,0.703314,-0.095650,0.170179,-0.683549
7158047,0.702425,-0.096442,0.169358,-0.684555
7166380,0.701447,-0.097182,0.168753,-0.685602
7174713,0.700377,-0.097913,0.167799,-0.686825
7183046,0.699210,-0.098941,0.166802,-0.688109
7191379,0.697908,-0.100128,0.165905,-0.689474
7199712,0.696393,-0.101315,0.164815,-0.691092
7208045,0.694854,-0.102553,0.163447,-0.692781
7216378,0.693343,-0.103688,0.162385,-0.694374
7224711,0.691508,-0.105019,0.161019,-0.696319
7233044,0.689656,-0.106218,0.159390,-0.698346
7241377,0.687797,-0.107184,0.157832,-0.700383
7249710,0.686043,-0.108017,0.156020,-0.702378
7258043,0.684498,-0.108439,0.154193,-0.704221
7266376,0.682454,-0.109026,0.151849,-0.706620
7274709,0.680360,-0.109301,0.149589,-0.709075
7283042,0.678423,-0.109283,0.147150,-0.711440
7291375,0.676473,-0.109211,0.144749,-0.713796
7299708,0.674149,-0.109171,0.142093,-0.716529
7308041,0.671900,-0.109083,0.140055,-0.719052
7316374,0.669569,-0.109368,0.137839,-0.721606
7324707,0.667285,-0.109741,0.135940,-0.724022
7333040,0.665169,-0.110229,0.133786,-0.726292
7341373,0.663086,-0.110909,0.132187,-0.728384
7349706,0.661210,-0.111784,0.130598,-0.730239
7358039,0.659451,-0.112896,0.128918,-0.731955
7366372,0.657922,-0.113936,0.127655,-0.733390
7374705,0.656504,-0.115238,0.126477,-0.734661
7383038,0.655321,-0.116762,0.124979,-0.735731
7391371,0.653977,-0.118703,0.123201,-0.736916
7399704,0.652543,-0.120686,0.121116,-0.738209
7408037,0.651194,-0.122692,0.119445,-0.739342
7416370,0.649776,-0.124397,0.118262,-0.740494
7424703,0.648301,-0.125878,0.117059,-0.741727
7433036,0.646949,-0.126647,0.116024,-0.742938
7441369,0.645613,-0.127336,0.115094,-0.744125
7449702,0.644201,-0.128438,0.113919,-0.745340
7458035,0.643010,-0.129864,0.112653,-0.746313
7466368,0.641883,-0.131473,0.111414,-0.747186
7474701,0.641046,-0.133092,0.110468,-0.747759
7483034,0.640501,-0.134613,0.109711,-0.748065
7491367,0.639986,-0.136341,0.108795,-0.748326
7499700,0.639490,-0.138138,0.108047,-0.748529
7508033,0.639292,-0.139719,0.107444,-0.748492
7516366,0.638983,-0.141315,0.106634,-0.748572
7524699,0.638733,-0.142526,0.106035,-0.748641
7533032,0.638383,-0.143410,0.105375,-0.748864
7541365,0.638129,-0.143953,0.104864,-0.749048
7549698,0.637688,-0.144659,0.104102,-0.749394
7558031,0.637133,-0.145098,0.103518,-0.749862
7566364,0.636582,-0.145517,0.102933,-0.750328
7574697,0.636044,-0.145878,0.102472,-0.750777
7583030,0.635273,-0.146025,0.102073,-0.751455
7591363,0.634360,-0.146127,0.101958,-0.752223
7599696,0.633484,-0.146132,0.101967,-0.752959
7608029,0.632408,-0.146004,0.102337,-0.753837
7616362,0.631305,-0.145866,0.102734,-0.754734
7624695,0.630171,-0.145759,0.103433,-0.755606
7633028,0.629000,-0.145481,0.104159,-0.756535
7641361,0.627888,-0.145208,0.105130,-0.757376
7649694,0.626638,-0.144895,0.106131,-0.758332
7658027,0.625325,-0.144668,0.106894,-0.759351
7666360,0.624296,-0.144107,0.107867,-0.760166
7674693,0.623051,-0.143616,0.108916,-0.761130
7683026,0.621928,-0.143053,0.110110,-0.761982
7691359,0.620941,-0.142448,0.111166,-0.762747
7699692,0.619819,-0.141798,0.112050,-0.763651
7708025,0.618914,-0.141243,0.113162,-0.764324
7716358,0.618212,-0.140512,0.114377,-0.764845
7724691,0.617504,-0.140065,0.115434,-0.765340
7733024,0.616844,-0.139452,0.116515,-0.765821
7741357,0.616347,-0.138839,0.117637,-0.766160
7749690,0.615904,-0.138299,0.118764,-0.766441
7758023,0.615567,-0.137612,0.119903,-0.766657
7766356,0.615357,-0.136874,0.120790,-0.766819
7774689,0.615163,-0.135928,0.121764,-0.766989
7783022,0.615016,-0.135095,0.122449,-0.767144
7791355,0.615111,-0.133928,0.123304,-0.767136
7799688,0.615265,-0.132753,0.123878,-0.767124
7808021,0.615588,-0.131506,0.124286,-0.767014
7816354,0.615918,-0.130209,0.124734,-0.766898
7824687,0.616498,-0.128669,0.125059,-0.766639
7833020,0.617227,-0.126996,0.125354,-0.766282
7841353,0.618042,-0.125315,0.125522,-0.765875
7849686,0.618890,-0.123441,0.125845,-0.765441
7858019,0.619766,-0.121864,0.125874,-0.764981
7866352,0.620492,-0.119965,0.126033,-0.764666
7874685,0.621193,-0.118364,0.126214,-0.764316
7883018,0.621981,-0.116787,0.126530,-0.763866
7891351,0.622559,-0.115223,0.126916,-0.763568
7899684,0.623092,-0.113764,0.127356,-0.763279
7908017,0.623541,-0.112665,0.127834,-0.762995
7916350,0.624076,-0.111399,0.128505,-0.762631
7924683,0.624544,-0.110461,0.129240,-0.762260
7933016,0.624716,-0.109863,0.129934,-0.762087
7941349,0.624628,-0.109150,0.130712,-0.762129
7949682,0.624465,-0.108446,0.131597,-0.762210
7958015,0.624393,-0.107560,0.132219,-0.762288
7966348,0.624309,-0.106666,0.132726,-0.762394
7974681,0.624148,-0.105713,0.133131,-0.762588
7983014,0.624327,-0.104706,0.133231,-0.762563
7991347,0.624696,-0.103618,0.133596,-0.762346
7999680,0.625397,-0.102488,0.133871,-0.761875
8008013,0.626469,-0.101401,0.134253,-0.761072
8016346,0.627802,-0.100471,0.134510,-0.760051
8024679,0.629486,-0.099837,0.134907,-0.758670
8033011,0.631447,-0.099234,0.135170,-0.757071
8041345,0.633617,-0.098821,0.135462,-0.755258
8049678,0.635908,-0.098519,0.135856,-0.753298
8058011,0.638110,-0.098370,0.136058,-0.751417
8066344,0.640463,-0.098225,0.136272,-0.749392
8074676,0.642789,-0.097857,0.136667,-0.747374
8083010,0.645019,-0.097601,0.137062,-0.745412
8091343,0.647198,-0.097201,0.137469,-0.743498
8099676,0.649268,-0.096964,0.137661,-0.741686
8108009,0.651310,-0.096678,0.137798,-0.739905
8116341,0.653352,-0.096408,0.137901,-0.738119
8124675,0.655461,-0.095945,0.137957,-0.736297
8133008,0.657578,-0.095575,0.137703,-0.734503
8141341,0.659828,-0.095229,0.137534,-0.732559
8149674,0.662161,-0.095006,0.137133,-0.730555
8158007,0.664535,-0.094607,0.136924,-0.728488
8166340,0.666940,-0.094368,0.136612,-0.726377
8174673,0.669278,-0.094443,0.136162,-0.724298
8183006,0.671758,-0.094407,0.135943,-0.722044
8191338,0.674190,-0.094509,0.135743,-0.719798
8199672,0.676557,-0.094892,0.135481,-0.717573
8208005,0.678856,-0.095319,0.135257,-0.715384
8216338,0.681132,-0.095812,0.135316,-0.713140
8224671,0.683252,-0.096424,0.135241,-0.711041
8233003,0.685287,-0.097117,0.135409,-0.708953
8241337,0.687136,-0.098197,0.135578,-0.706980
8249670,0.688858,-0.099256,0.135696,-0.705131
8258003,0.690386,-0.100412,0.135969,-0.703418
8266336,0.691809,-0.101541,0.136368,-0.701779
8274668,0.692979,-0.102831,0.136871,-0.700337
8283002,0.693969,-0.104176,0.137358,-0.699062
8291335,0.694754,-0.105405,0.138092,-0.697952
8299668,0.695437,-0.106748,0.138654,-0.696956
8308001,0.696150,-0.107815,0.139413,-0.695928
8316333,0.696705,-0.109028,0.139905,-0.695084
8324667,0.697286,-0.110111,0.140397,-0.694231
8333000,0.697778,-0.111077,0.140770,-0.693507
8341333,0.698327,-0.112016,0.141151,-0.692725
8349666,0.698757,-0.112803,0.141255,-0.692142
8357998,0.699188,-0.113540,0.141185,-0.691601
8366332,0.699583,-0.114011,0.141187,-0.691123
8374665,0.699652,-0.114714,0.140710,-0.691034
8382998,0.699962,-0.115026,0.140513,-0.690709
8391331,0.700073,-0.115227,0.140015,-0.690664
8399664,0.700024,-0.115477,0.139450,-0.690786
8407997,0.699893,-0.115719,0.138633,-0.691043
8416330,0.699650,-0.115737,0.137904,-0.691432
8424663,0.699398,-0.115631,0.137171,-0.691850
8432996,0.698906,-0.115786,0.136133,-0.692525
8441329,0.698183,-0.115977,0.135150,-0.693415
8449662,0.697452,-0.116242,0.133963,-0.694336
8457995,0.696673,-0.116297,0.132880,-0.695317
8466328,0.695709,-0.116293,0.131716,-0.696503
8474661,0.694716,-0.116301,0.130388,-0.697741
8482994,0.693448,-0.116444,0.128995,-0.699236
8491327,0.692233,-0.116265,0.127503,-0.700742
8499660,0.690791,-0.116240,0.125782,-0.702478
8507993,0.689262,-0.115885,0.124137,-0.704329
8516326,0.687677,-0.115688,0.122405,-0.706211
8524659,0.685951,-0.115437,0.120558,-0.708245
8532992,0.684170,-0.114955,0.118743,-0.710350
8541325,0.682249,-0.114575,0.116799,-0.712578
8549658,0.680449,-0.114193,0.114899,-0.714666
8557991,0.678609,-0.114027,0.113127,-0.716721
8566324,0.676858,-0.114092,0.111489,-0.718621
8574657,0.675040,-0.114213,0.110036,-0.720533
8582990,0.673661,-0.114532,0.108740,-0.721969
8591323,0.672494,-0.114994,0.107524,-0.723165
8599656,0.671424,-0.115323,0.106557,-0.724249
8607989,0.670504,-0.115422,0.105779,-0.725198
8616322,0.669785,-0.115566,0.105023,-0.725949
8624655,0.669143,-0.115573,0.104363,-0.726636
8632988,0.668283,-0.115339,0.103701,-0.727558
8641321,0.667383,-0.115267,0.102847,-0.728516
8649654,0.666392,-0.115315,0.101932,-0.729544
8657987,0.665637,-0.115196,0.101189,-0.730355
8666320,0.664667,-0.114910,0.100571,-0.731368
8674653,0.663465,-0.114874,0.099839,-0.732564
8682986,0.662430,-0.114712,0.099528,-0.733568
8691319,0.661515,-0.114668,0.099450,-0.734411
8699652,0.660387,-0.114910,0.099227,-0.735417
8707985,0.659582,-0.114962,0.099336,-0.736117
8716318,0.658544,-0.115290,0.099207,-0.737012
8724651,0.657602,-0.115713,0.099395,-0.737761
8732984,0.656517,-0.116425,0.099744,-0.738567
8741317,0.655693,-0.117044,0.100386,-0.739114
8749650,0.654579,-0.117722,0.100923,-0.739921
8757983,0.653532,-0.118593,0.101523,-0.740625
8766316,0.652479,-0.119563,0.102062,-0.741322
8774649,0.651780,-0.120450,0.102898,-0.741678
8782982,0.651139,-0.121467,0.103574,-0.741981
8791315,0.650206,-0.122594,0.104207,-0.742526
8799648,0.649794,-0.123269,0.104996,-0.742663
8807981,0.649187,-0.124178,0.105244,-0.743008
8816314,0.648789,-0.124716,0.105625,-0.743211
8824647,0.648592,-0.125064,0.106278,-0.743231
8832980,0.648205,-0.125373,0.106638,-0.743465
8841313,0.647645,-0.125671,0.106762,-0.743885
8849646,0.647076,-0.125857,0.107030,-0.744310
8857979,0.646503,-0.125883,0.107438,-0.744744
8866312,0.646096,-0.125869,0.107809,-0.745047
8874645,0.645606,-0.125637,0.108212,-0.745451
8882978,0.644963,-0.125506,0.108611,-0.745973
8891311,0.644234,-0.125413,0.109073,-0.746550
8899644,0.643685,-0.125136,0.109631,-0.746988
8907977,0.643187,-0.124914,0.110244,-0.747364
8916310,0.642541,-0.124659,0.110821,-0.747877
8924643,0.641911,-0.124506,0.111340,-0.748366
8932976,0.641440,-0.124365,0.112009,-0.748693
8941309,0.640991,-0.124264,0.112541,-0.749015
8949642,0.640700,-0.124135,0.113120,-0.749198
8957975,0.640479,-0.123999,0.113853,-0.749299
8966308,0.640354,-0.124090,0.114288,-0.749324
8974641,0.640254,-0.124096,0.114863,-0.749321
8982974,0.640447,-0.123918,0.115437,-0.749097
8991307,0.640746,-0.123867,0.116074,-0.748751
8999640,0.641075,-0.124042,0.116732,-0.748338
9007973,0.641519,-0.124155,0.117397,-0.747835
9016306,0.641963,-0.124333,0.118150,-0.747306
9024639,0.642567,-0.124493,0.118822,-0.746653
9032972,0.643384,-0.124652,0.119543,-0.745807
9041305,0.644332,-0.124647,0.120252,-0.744875
9049638,0.645394,-0.124694,0.120892,-0.743844
9057971,0.646481,-0.124696,0.121608,-0.742782
9066304,0.647547,-0.124519,0.122291,-0.741770
9074637,0.648878,-0.124353,0.122876,-0.740537
9082970,0.650334,-0.124147,0.123478,-0.739193
9091303,0.652027,-0.123830,0.124254,-0.737623
9099636,0.653590,-0.123666,0.125089,-0.736125
9107969,0.655423,-0.123427,0.126066,-0.734367
9116302,0.657229,-0.123337,0.127056,-0.732594
9124635,0.659118,-0.123108,0.128118,-0.730749
9132968,0.661052,-0.122875,0.129068,-0.728872
9141301,0.662950,-0.122531,0.130185,-0.727004
9149634,0.664828,-0.122231,0.131224,-0.725151
9157967,0.666589,-0.121671,0.132480,-0.723398
9166300,0.668316,-0.121039,0.133711,-0.721681
9174633,0.669909,-0.120362,0.134794,-0.720115
9182966,0.671506,-0.119392,0.135852,-0.718588
9191299,0.673228,-0.118268,0.136947,-0.716953
9199632,0.674578,-0.117141,0.138161,-0.715636
9207965,0.675692,-0.115920,0.139462,-0.714530
9216298,0.676883,-0.114712,0.140576,-0.713378
9224631,0.677719,-0.113512,0.141870,-0.712520
9232964,0.678394,-0.112420,0.142951,-0.711835
9241297,0.679091,-0.111549,0.144393,-0.711016
9249630,0.679625,-0.110706,0.145841,-0.710341
9257963,0.680040,-0.110141,0.147440,-0.709701
9266296,0.680310,-0.109756,0.148952,-0.709186
9274629,0.680861,-0.109401,0.150412,-0.708404
9282962,0.681472,-0.109340,0.151928,-0.707502
9291295,0.682291,-0.109460,0.153431,-0.706369
9299628,0.683372,-0.109925,0.155104,-0.704885
9307961,0.684581,-0.110624,0.156522,-0.703287
9316294,0.686028,-0.111341,0.157988,-0.701433
9324627,0.687550,-0.112280,0.159241,-0.699508
9332960,0.689188,-0.113252,0.160441,-0.697461
9341293,0.690815,-0.114398,0.161440,-0.695431
9349626,0.692614,-0.115236,0.162334,-0.693293
9357959,0.694649,-0.115792,0.163278,-0.690938
9366292,0.696398,-0.116627,0.163945,-0.688876
9374625,0.698393,-0.116955,0.164713,-0.686614
9382958,0.700489,-0.116988,0.165149,-0.684364
9391291,0.702349,-0.117524,0.165371,-0.682310
9399624,0.704276,-0.117712,0.165649,-0.680221
9407957,0.706191,-0.117961,0.165729,-0.678169
9416290,0.708277,-0.118148,0.165609,-0.675987
9424623,0.710445,-0.118238,0.165133,-0.673809
9432956,0.712529,-0.118287,0.164658,-0.671712
9441289,0.714673,-0.118265,0.163965,-0.669605
9449622,0.716808,-0.118236,0.163291,-0.667490
9457955,0.719000,-0.118218,0.162617,-0.665296
9466288,0.721260,-0.118404,0.161790,-0.663014
9474621,0.723481,-0.118520,0.161034,-0.660754
9482954,0.725479,-0.118759,0.160241,-0.658711
9491287,0.727574,-0.119162,0.159395,-0.656529
9499620,0.729625,-0.119632,0.158544,-0.654370
9507953,0.731655,-0.120207,0.157591,-0.652224
9516286,0.733413,-0.120797,0.156842,-0.650318
9524619,0.735021,-0.121548,0.156108,-0.648537
9532952,0.736522,-0.122336,0.155448,-0.646842
9541285,0.737949,-0.123193,0.154735,-0.645222
9549618,0.739144,-0.123906,0.154174,-0.643851
9557951,0.740221,-0.124776,0.153677,-0.642562
9566284,0.741202,-0.125691,0.153139,-0.641381
9574617,0.742029,-0.126527,0.152638,-0.640380
9582950,0.742793,-0.127180,0.152370,-0.639427
9591283,0.743329,-0.127929,0.152004,-0.638742
9599616,0.743825,-0.128689,0.151579,-0.638112
9607949,0.744176,-0.129362,0.151418,-0.637605
9616282,0.744393,-0.129864,0.151300,-0.637277
9624615,0.744572,-0.130547,0.151000,-0.637000
9632948,0.744546,-0.131094,0.150619,-0.637008
9641281,0.744566,-0.131497,0.150317,-0.636973
9649614,0.744475,-0.131810,0.149727,-0.637153
9657947,0.744274,-0.132016,0.148951,-0.637528
9666280,0.744064,-0.131878,0.148212,-0.637974
9674613,0.743831,-0.131574,0.147344,-0.638509
9682946,0.743456,-0.131551,0.146352,-0.639179
9691279,0.742974,-0.131424,0.145264,-0.640013
9699612,0.742427,-0.131121,0.144056,-0.640981
9707945,0.741853,-0.130626,0.142836,-0.642019
9716278,0.741121,-0.130232,0.141555,-0.643227
9724611,0.740333,-0.129768,0.140011,-0.644565
9732944,0.739385,-0.129296,0.138690,-0.646033
9741277,0.738374,-0.128536,0.137193,-0.647657
9749610,0.737256,-0.128091,0.135564,-0.649360
9757943,0.736077,-0.127702,0.134083,-0.651080
9766276,0.734842,-0.127181,0.132668,-0.652864
9774609,0.733470,-0.126726,0.131263,-0.654776
9782942,0.731978,-0.126516,0.129890,-0.656758
9791275,0.730385,-0.126611,0.128527,-0.658778
9799608,0.728868,-0.126772,0.127483,-0.660628
9807941,0.727299,-0.127180,0.126570,-0.662452
9816274,0.725781,-0.127766,0.125746,-0.664158
9824607,0.724469,-0.128203,0.124988,-0.665648
9832940,0.722968,-0.128556,0.124142,-0.667367
9841273,0.721475,-0.128924,0.123237,-0.669078
9849606,0.720014,-0.128871,0.122472,-0.670800
9857939,0.718341,-0.128644,0.121539,-0.672804
9866272,0.716395,-0.128412,0.120629,-0.675083
9874605,0.714194,-0.128052,0.119815,-0.677624
9882938,0.711747,-0.127192,0.119131,-0.680475
9891271,0.709079,-0.126503,0.118202,-0.683543
9899604,0.706280,-0.125738,0.117460,-0.686704
9907937,0.703411,-0.125095,0.116711,-0.689886
9916270,0.700347,-0.124548,0.116142,-0.693190
9924603,0.697383,-0.124070,0.115658,-0.696338
9932936,0.694338,-0.123624,0.115395,-0.699497
9941269,0.691246,-0.123347,0.115272,-0.702621
9949602,0.688287,-0.123323,0.115271,-0.705524
9957935,0.685502,-0.123610,0.115373,-0.708164
9966268,0.682841,-0.123842,0.115619,-0.710650
9974601,0.680315,-0.124395,0.115772,-0.712947
9982934,0.677967,-0.125026,0.116300,-0.714985
9991267,0.675848,-0.125532,0.116844,-0.716811
9999600,0.673907,-0.126224,0.117378,-0.718428
10007933,0.671994,-0.126933,0.117810,-0.720023
10016266,0.670285,-0.127545,0.118317,-0.721423
10024599,0.668751,-0.127828,0.118919,-0.722697
10032932,0.667244,-0.128028,0.119398,-0.723974
10041265,0.665673,-0.128239,0.120030,-0.725277
10049598,0.664233,-0.128411,0.120503,-0.726487
10057931,0.662806,-0.128314,0.121127,-0.727703
10066264,0.661511,-0.128238,0.121836,-0.728775
10074597,0.660088,-0.128186,0.122539,-0.729956
10082930,0.658668,-0.128264,0.123354,-0.731087
10091263,0.657449,-0.128378,0.124193,-0.732022
10099596,0.656334,-0.128423,0.125038,-0.732871
10107929,0.655195,-0.128424,0.126080,-0.733710
10116262,0.654093,-0.128552,0.127106,-0.734493
10124595,0.653033,-0.128644,0.127914,-0.735280
10132928,0.652222,-0.128700,0.128935,-0.735812
10141261,0.651486,-0.128858,0.129889,-0.736268
10149594,0.650854,-0.129043,0.130834,-0.736627
10157927,0.650323,-0.129261,0.131804,-0.736884
10166260,0.649930,-0.129358,0.132868,-0.737024
10174593,0.649799,-0.129521,0.133906,-0.736923
10182926,0.649725,-0.129587,0.134785,-0.736816
10191259,0.649714,-0.129836,0.135582,-0.736636
10199592,0.649637,-0.129989,0.136371,-0.736531
10207925,0.649694,-0.130254,0.137069,-0.736304
10216258,0.649840,-0.130338,0.137855,-0.736013
10224591,0.650089,-0.130515,0.138761,-0.735592
10232924,0.650373,-0.130621,0.139955,-0.735095
10241257,0.650812,-0.130617,0.141033,-0.734502
10249590,0.651422,-0.130504,0.141893,-0.733815
10257923,0.652214,-0.130148,0.143261,-0.732909
10266256,0.652942,-0.129858,0.144251,-0.732117
10274589,0.653765,-0.129542,0.145271,-0.731236
10282922,0.654534,-0.129134,0.146253,-0.730424
10291255,0.655495,-0.128635,0.147331,-0.729433
10299588,0.656411,-0.128215,0.148458,-0.728454
10307921,0.657298,-0.127821,0.149622,-0.727485
10316254,0.658219,-0.127476,0.150669,-0.726496
10324587,0.659076,-0.127239,0.151880,-0.725508
10332920,0.659901,-0.126903,0.153381,-0.724500
10341253,0.660580,-0.126500,0.155036,-0.723599
10349586,0.660950,-0.126224,0.156633,-0.722966
10357919,0.661197,-0.126016,0.158357,-0.722400
10366252,0.661457,-0.125589,0.160330,-0.721801
10374585,0.661526,-0.125134,0.162168,-0.721406
10382918,0.661497,-0.124589,0.163896,-0.721136
10391251,0.661594,-0.123993,0.165392,-0.720808
10399584,0.661968,-0.123665,0.166866,-0.720181
10407917,0.662284,-0.123298,0.167936,-0.719705
10416250,0.662704,-0.122800,0.168779,-0.719206
10424583,0.663090,-0.122367,0.169647,-0.718719
10432916,0.663357,-0.121757,0.170656,-0.718338
10441249,0.663766,-0.121258,0.171419,-0.717862
10449582,0.664105,-0.120496,0.172220,-0.717486
10457915,0.664229,-0.119823,0.173054,-0.717283
10466248,0.664187,-0.119364,0.173794,-0.717220
10474581,0.663980,-0.118622,0.174818,-0.717285
10482914,0.663696,-0.117949,0.175585,-0.717471
10491247,0.663370,-0.117158,0.176338,-0.717718
10499580,0.663021,-0.116308,0.177095,-0.717992
10507913,0.662553,-0.115510,0.177860,-0.718364
10516246,0.661965,-0.114765,0.178482,-0.718871
10524579,0.661540,-0.113964,0.178947,-0.719274
10532912,0.661196,-0.113145,0.179368,-0.719615
10541245,0.660861,-0.112312,0.179705,-0.719968
10549578,0.660654,-0.111696,0.179858,-0.720216
10557911,0.660452,-0.110818,0.180100,-0.720477
10566244,0.660297,-0.110220,0.180217,-0.720681
10574577,0.660091,-0.109741,0.180179,-0.720952
10582910,0.659954,-0.109280,0.180090,-0.721170
10591243,0.659675,-0.108905,0.179795,-0.721556
10599576,0.659512,-0.108461,0.179760,-0.721780
10607909,0.659367,-0.108290,0.179445,-0.722017
10616242,0.659272,-0.108079,0.179203,-0.722195
10624575,0.659218,-0.108016,0.178861,-0.722338
10632908,0.658986,-0.107852,0.178600,-0.722639
10641241,0.658884,-0.107887,0.178351,-0.722788
10649574,0.658748,-0.107929,0.178275,-0.722925
10657907,0.658528,-0.108197,0.177956,-0.723164
10666240,0.658229,-0.108339,0.177948,-0.723416
10674573,0.657921,-0.108627,0.177889,-0.723669
10682906,0.657538,-0.108868,0.178056,-0.723939
10691239,0.657245,-0.109244,0.178343,-0.724077
10699572,0.656765,-0.109524,0.178536,-0.724423
10707905,0.656183,-0.110008,0.178664,-0.724846
10716238,0.655622,-0.110402,0.178832,-0.725252
10724571,0.655010,-0.110620,0.178996,-0.725732
10732904,0.654389,-0.110899,0.179074,-0.726229
10741237,0.653576,-0.111092,0.179171,-0.726908
10749570,0.652837,-0.111209,0.179032,-0.727588
10757903,0.652051,-0.111260,0.178827,-0.728335
10766236,0.651277,-0.111099,0.178654,-0.729094
10774569,0.650332,-0.110928,0.178346,-0.730038
10782902,0.649268,-0.110562,0.177692,-0.731200
10791235,0.648195,-0.110087,0.177199,-0.732342
10799568,0.646946,-0.109526,0.176525,-0.733692
10807901,0.645583,-0.108872,0.175622,-0.735205
10816234,0.644030,-0.108079,0.174763,-0.736887
10824567,0.642294,-0.107202,0.173548,-0.738815
10832900,0.640325,-0.106312,0.172711,-0.740846
10841233,0.638278,-0.105503,0.171819,-0.742933
10849566,0.635980,-0.104694,0.170880,-0.745231
10857899,0.633378,-0.103955,0.170224,-0.747696
10866232,0.630623,-0.103069,0.169739,-0.750254
10874565,0.627654,-0.102241,0.168965,-0.753026
10882898,0.624549,-0.101445,0.168278,-0.755864
10891231,0.621310,-0.100636,0.167808,-0.758740
10899564,0.617772,-0.099835,0.167221,-0.761858
10907897,0.614027,-0.098936,0.166769,-0.765095
10916230,0.610237,-0.098330,0.166208,-0.768321
10924563,0.606356,-0.098058,0.165922,-0.771483
10932896,0.602198,-0.097853,0.165934,-0.774757
10941229,0.598126,-0.098084,0.166002,-0.777862
10949562,0.593945,-0.098457,0.166235,-0.780962
10957895,0.589805,-0.099020,0.166698,-0.783924
10966228,0.585688,-0.099590,0.167431,-0.786777
10974561,0.581331,-0.100353,0.168019,-0.789781
10982894,0.576819,-0.101015,0.168379,-0.792922
10991227,0.571918,-0.101355,0.168636,-0.796366
10999560,0.566605,-0.101429,0.168980,-0.800073
11007893,0.561020,-0.101386,0.169154,-0.803968
11016226,0.555004,-0.101016,0.169227,-0.808164
11024559,0.548752,-0.100454,0.169263,-0.812484
11032892,0.542557,-0.099682,0.169318,-0.816717
11041225,0.536052,-0.098926,0.169377,-0.821081
11049558,0.529620,-0.098079,0.169424,-0.825336
11057891,0.523096,-0.097272,0.169644,-0.829536
11066224,0.516475,-0.096618,0.169907,-0.833697
11074557,0.510069,-0.095895,0.170528,-0.837588
11082890,0.503808,-0.095185,0.171050,-0.841343
11091223,0.497437,-0.094392,0.171596,-0.845104
11099556,0.491250,-0.093593,0.172330,-0.848656
11107889,0.485048,-0.092884,0.173243,-0.852108
11116222,0.479036,-0.092070,0.174254,-0.855385
11124555,0.473116,-0.091105,0.175292,-0.858565
11132888,0.467267,-0.090167,0.176386,-0.861638
11141221,0.461587,-0.089122,0.177538,-0.864566
11149554,0.456077,-0.088138,0.178388,-0.867412
11157887,0.450518,-0.087119,0.179373,-0.870212
11166220,0.445065,-0.085940,0.180432,-0.872913
11174553,0.439751,-0.084650,0.181387,-0.875529
11182886,0.434360,-0.083174,0.182289,-0.878171
11191219,0.428877,-0.082187,0.182761,-0.880857
11199552,0.423667,-0.080803,0.183469,-0.883355
11207885,0.418407,-0.079241,0.184190,-0.885850
11216218,0.413195,-0.077861,0.184856,-0.888277
11224551,0.407957,-0.076580,0.185244,-0.890725
11232884,0.403089,-0.074970,0.185829,-0.892954
11241217,0.397881,-0.073539,0.186468,-0.895272
11249550,0.392583,-0.072032,0.186797,-0.897662
11257883,0.387582,-0.070782,0.187160,-0.899856
11266216,0.382589,-0.069302,0.187598,-0.902014
11274549,0.377652,-0.067985,0.187951,-0.904119
11282882,0.372898,-0.066662,0.188249,-0.906127
11291215,0.368384,-0.065490,0.188051,-0.908097
11299548,0.363837,-0.064296,0.188061,-0.910012
11307881,0.359718,-0.063038,0.188085,-0.911731
11316214,0.355797,-0.061974,0.188269,-0.913303
11324547,0.351830,-0.060743,0.188239,-0.914927
11332880,0.348125,-0.059457,0.188047,-0.916467
11341213,0.344540,-0.058003,0.187813,-0.917962
11349546,0.341078,-0.056769,0.187421,-0.919411
11357879,0.337804,-0.055365,0.187319,-0.920725
11366212,0.334836,-0.054045,0.187587,-0.921833
11374545,0.331804,-0.052569,0.187572,-0.923016
11382878,0.328844,-0.050858,0.187298,-0.924226
11391211,0.325759,-0.049187,0.187366,-0.925395
11399544,0.322914,-0.047220,0.187469,-0.926473
11407877,0.320186,-0.045252,0.187440,-0.927523
11416210,0.317546,-0.043272,0.187675,-0.928477
11424543,0.314937,-0.041320,0.187455,-0.929499
11432876,0.312523,-0.038906,0.187472,-0.930414
11441209,0.310297,-0.036282,0.187800,-0.931199
11449542,0.308146,-0.033680,0.187934,-0.931983
11457875,0.306044,-0.031009,0.188238,-0.932707
11466208,0.303930,-0.028446,0.189064,-0.933313
11474541,0.301847,-0.025776,0.190013,-0.933873
11482874,0.299930,-0.023087,0.191345,-0.934289
11491207,0.297784,-0.020589,0.192786,-0.934737
11499540,0.295609,-0.018167,0.194394,-0.935145
11507873,0.293541,-0.015688,0.196076,-0.935490
11516206,0.291328,-0.013400,0.197838,-0.935846
11524539,0.288907,-0.011568,0.199479,-0.936273
11532872,0.286459,-0.009577,0.201038,-0.936714
11541205,0.283730,-0.007520,0.202843,-0.937174
11549538,0.280893,-0.005629,0.204401,-0.937703
11557871,0.277940,-0.003653,0.205882,-0.938269
11566204,0.274640,-0.001868,0.207399,-0.938912
11574537,0.271139,0.000069,0.208873,-0.939604
11582870,0.267137,0.001845,0.210203,-0.940452
11591203,0.262947,0.003615,0.211657,-0.941301
11599536,0.258652,0.005232,0.213089,-0.942160
11607869,0.254051,0.006593,0.214352,-0.943116
11616202,0.249100,0.008262,0.215388,-0.944187
11624535,0.243846,0.009749,0.216547,-0.945278
11632868,0.238444,0.011342,0.217564,-0.946405
11641201,0.232864,0.012881,0.218608,-0.947533
11649534,0.227129,0.014637,0.219641,-0.948660
11657867,0.221077,0.016382,0.220461,-0.949870
11666200,0.214812,0.018265,0.221367,-0.951062
11674533,0.208408,0.020013,0.222363,-0.952219
11682866,0.201879,0.021692,0.223446,-0.953334
11691199,0.195316,0.023642,0.224461,-0.954416
11699532,0.188748,0.025616,0.225470,-0.955448
11707865,0.182066,0.027692,0.226415,-0.956463
11716198,0.175286,0.029755,0.227418,-0.957429
11724531,0.168562,0.031755,0.228520,-0.958309
11732864,0.161880,0.033891,0.229913,-0.959055
11741197,0.155045,0.035956,0.231450,-0.959739
11749530,0.148149,0.037956,0.232787,-0.960428
11757863,0.141088,0.039962,0.234368,-0.961025
11766196,0.133849,0.041823,0.236070,-0.961564
11774529,0.126612,0.043832,0.237890,-0.962007
11782862,0.119287,0.045698,0.239723,-0.962401
11791195,0.111956,0.047770,0.241521,-0.962731
11799528,0.104630,0.049461,0.243289,-0.963025
11807861,0.097186,0.051215,0.244963,-0.963289
11816194,0.089660,0.052931,0.246654,-0.963494
11824527,0.082072,0.054574,0.248402,-0.963630
11832860,0.074398,0.056309,0.249914,-0.963762
11841193,0.066670,0.057785,0.251542,-0.963817
11849526,0.058851,0.059182,0.253043,-0.963848
11857859,0.050969,0.060944,0.254552,-0.963790
11866192,0.042943,0.062599,0.256032,-0.963683
11874525,0.034801,0.064306,0.257389,-0.963538
11882858,0.026550,0.065870,0.258827,-0.963309
11891191,0.018107,0.067334,0.260350,-0.962993
11899524,0.009541,0.069060,0.261739,-0.962617
11907857,0.000853,0.070912,0.263131,-0.962150
11916190,-0.007996,0.072363,0.264419,-0.961656
11924523,-0.016960,0.074044,0.265538,-0.961103
11932856,-0.025836,0.075586,0.266703,-0.960463
11941189,-0.034989,0.077119,0.267887,-0.959721
11949522,-0.044213,0.078567,0.269132,-0.958875
11957855,-0.053635,0.079972,0.270170,-0.957986
11966188,-0.062826,0.081152,0.271134,-0.957055
11974521,-0.072385,0.082453,0.272011,-0.956019
11982854,-0.082174,0.083811,0.272915,-0.954851
11991187,-0.091761,0.084985,0.274002,-0.953562
11999520,-0.101462,0.086057,0.275166,-0.952147
12007853,-0.111520,0.087221,0.276324,-0.950579
12016186,-0.121712,0.088296,0.278011,-0.948736
12024519,-0.131860,0.089578,0.279525,-0.946813
12032852,-0.142244,0.090732,0.281106,-0.944730
12041185,-0.152694,0.091891,0.282574,-0.942546
12049518,-0.163391,0.092946,0.284096,-0.940188
12057851,-0.174164,0.094137,0.285733,-0.937636
12066184,-0.185147,0.095555,0.287580,-0.934820
12074517,-0.196266,0.096955,0.289492,-0.931812
12082850,-0.207551,0.098299,0.291439,-0.928614
12091183,-0.219127,0.099754,0.293446,-0.925160
12099516,-0.230847,0.100416,0.295870,-0.921459
12107849,-0.242320,0.101192,0.299162,-0.917357
12116182,-0.253619,0.102022,0.302976,-0.912948
12124515,-0.264466,0.102588,0.307170,-0.908394
12132848,-0.274780,0.103087,0.311491,-0.903793
12141181,0.284611,-0.103187,-0.315696,0.899269
12149514,0.293878,-0.103019,-0.319591,0.894922
12157847,0.302603,-0.102677,-0.323229,0.890737
12166180,0.311002,-0.102360,-0.326495,0.886680
12174513,0.319032,-0.101212,-0.329754,0.882744
12182846,0.326880,-0.100363,-0.332680,0.878863
12191179,0.334273,-0.099533,-0.335608,0.875055
12199512,0.341637,-0.098622,-0.338696,0.871116
12207845,0.348662,-0.097547,-0.341615,0.867305
12216178,0.355320,-0.096687,-0.344781,0.863438
12224511,-0.361757,0.095973,0.347946,-0.859567
12232844,-0.368028,0.095518,0.351185,-0.855629
12241177,-0.374352,0.094893,0.354544,-0.851560
12249510,-0.380351,0.094242,0.357959,-0.847536
12257843,-0.386362,0.093806,0.361109,-0.843520
12266176,-0.392001,0.092893,0.364084,-0.839732
12274509,-0.397192,0.092299,0.367584,-0.835824
12282842,-0.402080,0.091405,0.371058,-0.832041
12291175,-0.406649,0.090354,0.374106,-0.828564
12299508,-0.411427,0.088957,0.376865,-0.825098
12307841,-0.415883,0.087683,0.379416,-0.821825
12316174,-0.419947,0.086368,0.381801,-0.818788
12324507,-0.423958,0.084954,0.383908,-0.815878
12332840,-0.427990,0.083545,0.385784,-0.813028
12341173,-0.431756,0.082268,0.387645,-0.810278
12349506,-0.435382,0.080640,0.389235,-0.807735
12357839,-0.438798,0.079437,0.390626,-0.805330
12366172,-0.442024,0.078549,0.392055,-0.802956
12374505,-0.445139,0.077920,0.393739,-0.800468
12382838,-0.448255,0.077334,0.395290,-0.798018
12391171,-0.451013,0.077079,0.396637,-0.795817
12399504,-0.453768,0.077081,0.397763,-0.793686
12407837,-0.456497,0.077003,0.398892,-0.791559
12416170,-0.458886,0.077174,0.399819,-0.789692
12424503,-0.461282,0.077452,0.400852,-0.787742
12432836,-0.463675,0.077754,0.401445,-0.786004
12441169,-0.465800,0.078284,0.402258,-0.784277
12449502,-0.468208,0.078633,0.402955,-0.782448
12457835,-0.470428,0.079738,0.403685,-0.780626
12466168,-0.472667,0.080778,0.404494,-0.778746
12474501,-0.475060,0.081816,0.405188,-0.776818
12482834,-0.477420,0.083329,0.405793,-0.774893
12491167,-0.480305,0.084318,0.406351,-0.772707
12499500,-0.482735,0.086100,0.407205,-0.770544
12507833,-0.485404,0.087952,0.407774,-0.768354
12516166,-0.488048,0.089781,0.408157,-0.766261
12524499,-0.490776,0.091630,0.408621,-0.764050
12532832,-0.493529,0.093867,0.409053,-0.761770
12541165,-0.496120,0.096326,0.409773,-0.759389
12549498,-0.499082,0.098876,0.410029,-0.756979
12557831,-0.502021,0.101598,0.410356,-0.754494
12566164,-0.504913,0.104812,0.410555,-0.752012
12574497,-0.508125,0.107847,0.410614,-0.749383
12582830,-0.511352,0.111029,0.410490,-0.746786
12591163,-0.514764,0.114250,0.410356,-0.744024
12599496,-0.518275,0.117472,0.409882,-0.741342
12607829,-0.521792,0.121071,0.409545,-0.738477
12616162,-0.525324,0.124628,0.409130,-0.735605
12624495,-0.528983,0.128406,0.408666,-0.732585
12632828,-0.532614,0.132505,0.408205,-0.729475
12641161,-0.536292,0.137261,0.408078,-0.725963
12649494,-0.540124,0.142271,0.407939,-0.722226
12657827,-0.544173,0.147725,0.407978,-0.718057
12666160,-0.548651,0.153122,0.407927,-0.713534
12674493,-0.553446,0.158374,0.407853,-0.708711
12682826,-0.558505,0.163105,0.407706,-0.703736
12691159,-0.563171,0.168246,0.407798,-0.698736
12699492,-0.567864,0.173112,0.407929,-0.693655
12707825,-0.572163,0.178252,0.408243,-0.688618
12716158,-0.576362,0.182929,0.408448,-0.683750
12724491,-0.580433,0.187356,0.408770,-0.678898
12732824,0.584363,-0.191807,-0.408905,0.674186
12741157,0.588304,-0.195720,-0.409405,0.669313
12749490,0.591843,-0.200357,-0.409784,0.664572
12757823,0.595547,-0.204011,-0.410603,0.659628
12766156,0.599124,-0.207769,-0.411182,0.654838
12774489,0.602230,-0.212074,-0.411639,0.650305
12782822,0.605429,-0.216092,-0.411879,0.645845
12791155,0.608574,-0.219455,-0.412337,0.641448
12799488,0.611353,-0.222936,-0.412810,0.637287
12807821,0.614109,-0.226276,-0.413290,0.633135
12816154,0.616741,-0.229323,-0.413686,0.629211
12824487,0.619168,-0.232085,-0.414242,0.625437
12832820,0.621344,-0.234872,-0.414834,0.621836
12841153,0.623324,-0.237972,-0.415390,0.618295
12849486,0.625376,-0.240365,-0.415516,0.615204
12857819,0.627280,-0.242952,-0.416018,0.611901
12866152,0.629183,-0.245340,-0.416345,0.608764
12874485,0.631040,-0.247206,-0.416750,0.605803
12882818,0.632778,-0.249326,-0.417310,0.602728
12891151,0.634634,-0.250467,-0.417421,0.600221
12899484,0.636308,-0.251939,-0.417401,0.597842
12907817,0.637879,-0.253224,-0.417425,0.595604
12916150,0.639530,-0.253574,-0.417625,0.593541
12924483,0.640889,-0.254420,-0.417440,0.591841
12932816,0.642577,-0.254132,-0.416616,0.590713
12941149,0.644150,-0.253400,-0.415793,0.589894
12949482,0.645560,-0.253032,-0.414827,0.589191
12957815,0.646830,-0.252637,-0.413618,0.588817
12966148,0.648136,-0.251675,-0.412286,0.588727
12974481,0.649426,-0.250484,-0.410758,0.588882
12982814,0.650727,-0.249137,-0.409071,0.589191
12991147,0.651931,-0.248014,-0.407019,0.589755
12999480,0.653344,-0.246144,-0.404849,0.590468
13007813,0.654712,-0.244358,-0.401997,0.591642
13016146,0.655842,-0.242889,-0.399154,0.592918
13024479,0.657308,-0.240903,-0.395551,0.594517
13032812,0.658938,-0.238551,-0.391413,0.596398
13041145,0.660584,-0.235929,-0.387103,0.598429
13049478,0.662234,-0.233011,-0.382188,0.600903
13057811,0.663972,-0.229827,-0.376841,0.603583
13066144,0.666071,-0.225909,-0.371050,0.606330
13074477,0.667802,-0.222311,-0.365409,0.609176
13082810,0.669820,-0.217871,-0.359541,0.612049
13091143,0.671685,-0.213579,-0.353852,0.614827
13099476,0.673281,-0.209442,-0.348568,0.617516
13107809,0.674630,-0.205578,-0.343773,0.620026
13116142,0.675515,-0.202629,-0.340057,0.622079
13124475,0.675573,-0.201198,-0.337340,0.623956
13132808,0.674737,-0.201036,-0.336067,0.625599
13141141,0.672630,-0.203207,-0.336613,0.626871
13149474,0.669432,-0.206956,-0.338984,0.627791
13157807,0.665162,-0.213015,-0.342286,0.628510
13166140,0.660763,-0.218924,-0.346828,0.628630
13174473,0.656323,-0.224600,-0.351996,0.628405
13182806,0.652330,-0.228931,-0.356537,0.628441
13191139,0.648776,-0.231514,-0.360257,0.629051
13199472,0.646484,-0.231702,-0.362280,0.630179
13207805,0.645168,-0.230550,-0.362877,0.631605
13216138,0.645371,-0.227462,-0.362061,0.632984
13224471,0.646496,-0.222702,-0.360628,0.634345
13232804,0.648170,-0.216289,-0.358785,0.635900
13241137,0.650104,-0.209435,-0.356522,0.637490
13249470,0.652234,-0.202303,-0.354525,0.638731
13257803,0.654175,-0.195288,-0.352937,0.639808
13266136,0.656349,-0.187896,-0.351679,0.640487
13274469,0.658113,-0.181427,-0.351062,0.640879
13282802,0.659337,-0.175889,-0.350942,0.641232
13291135,0.660209,-0.171571,-0.350952,0.641498
13299468,0.660956,-0.167656,-0.351120,0.641672
13307801,0.661381,-0.164758,-0.351215,0.641933
13316134,0.661414,-0.161961,-0.351344,0.642540
13324467,0.661446,-0.159161,-0.351255,0.643255
13332800,0.661095,-0.157185,-0.350600,0.644458
13341133,0.660839,-0.155153,-0.349636,0.645735
13349466,0.660622,-0.153612,-0.348210,0.647094
13357799,0.660227,-0.152162,-0.346768,0.648613
13366132,0.659963,-0.151090,-0.344969,0.650090
13374465,0.659659,-0.150051,-0.343398,0.651469
13382798,0.659510,-0.148849,-0.341911,0.652677
13391131,0.659458,-0.148087,-0.340405,0.653689
13399464,0.659192,-0.147931,-0.339006,0.654719
13407797,0.658813,-0.147687,-0.338159,0.655594
13416130,0.658747,-0.147250,-0.337514,0.656089
13424463,0.658467,-0.147686,-0.336998,0.656538
13432796,0.658289,-0.148217,-0.336591,0.656806
13441129,0.658197,-0.148686,-0.336304,0.656939
13449462,0.658298,-0.148993,-0.335994,0.656927
13457795,0.658379,-0.149795,-0.335652,0.656838
13466128,0.658780,-0.150339,-0.335349,0.656467
13474461,0.659248,-0.150910,-0.335019,0.656034
13482794,0.659932,-0.151116,-0.334514,0.655556
13491127,0.660715,-0.151315,-0.333931,0.655019
13499460,0.661367,-0.151598,-0.333372,0.654580
13507793,0.661938,-0.152011,-0.332825,0.654185
13516126,0.662421,-0.152291,-0.332473,0.653809
13524459,0.662985,-0.152501,-0.331964,0.653448
13532792,0.663566,-0.152861,-0.331431,0.653044
13541125,0.664108,-0.152885,-0.331069,0.652671
13549458,0.664652,-0.152967,-0.330549,0.652361
13557791,0.665174,-0.153177,-0.329981,0.652069
13566124,0.665707,-0.153366,-0.329389,0.651779
13574457,0.666178,-0.153705,-0.328778,0.651526
13582790,0.666552,-0.154128,-0.328265,0.651302
13591123,0.666927,-0.154342,-0.327884,0.651060
13599456,0.667290,-0.154403,-0.327655,0.650789
13607789,0.667671,-0.154433,-0.327506,0.650466
13616122,0.668012,-0.154429,-0.327522,0.650108
13624455,0.668322,-0.154585,-0.327529,0.649750
13632788,0.668691,-0.154828,-0.327535,0.649309
13641121,0.669108,-0.155120,-0.327526,0.648814
13649454,0.669570,-0.155634,-0.327451,0.648252
13657787,0.670097,-0.156335,-0.327326,0.647601
13666120,0.670733,-0.157085,-0.327172,0.646838
13674453,0.671435,-0.157888,-0.327021,0.645991
13682786,0.672244,-0.158568,-0.326992,0.644996
13691119,0.672974,-0.159253,-0.327074,0.644025
13699452,0.673762,-0.159840,-0.327167,0.643007
13707785,0.674488,-0.160596,-0.327446,0.641914
13716118,0.675258,-0.161325,-0.327673,0.640806
13724451,0.675933,-0.162123,-0.327983,0.639732
13732784,0.676385,-0.163063,-0.328458,0.638771
13741117,0.676673,-0.163837,-0.329041,0.637968
13749450,0.676826,-0.164650,-0.329817,0.637195
13757783,0.676787,-0.165640,-0.330567,0.636592
13766116,0.676615,-0.166862,-0.331153,0.636150
13774449,0.676209,-0.168249,-0.331769,0.635895
13782782,0.675758,-0.169848,-0.332335,0.635654
13791115,0.675062,-0.171445,-0.333159,0.635533
13799448,0.674413,-0.173253,-0.333808,0.635392
13807781,0.673875,-0.175038,-0.334120,0.635309
13816114,0.673184,-0.176985,-0.334436,0.635336
13824447,0.672296,-0.178789,-0.334942,0.635505
13832780,0.671306,-0.180983,-0.335480,0.635646
13841113,0.670163,-0.183125,-0.336203,0.635857
13849446,0.668918,-0.185143,-0.336960,0.636184
13857779,0.667730,-0.186901,-0.337860,0.636440
13866112,0.666753,-0.188170,-0.338907,0.636534
13874445,0.665631,-0.190026,-0.339823,0.636668
13882778,0.664546,-0.191887,-0.340710,0.636769
13891111,0.663368,-0.193684,-0.341789,0.636875
13899444,0.662422,-0.195275,-0.342949,0.636750
13907777,0.661702,-0.196963,-0.343929,0.636450
13916110,0.661216,-0.198551,-0.345137,0.635807
13924443,0.660822,-0.199667,-0.346169,0.635307
13932776,0.660721,-0.200618,-0.347017,0.634648
13941109,0.660791,-0.201468,-0.348061,0.633735
13949442,0.660799,-0.202470,-0.349065,0.632854
13957775,0.660968,-0.203480,-0.350062,0.631802
13966108,0.661338,-0.204094,-0.351051,0.630668
13974441,0.661787,-0.204721,-0.352036,0.629443
13982774,0.662290,-0.205104,-0.353039,0.628226
13991107,0.662822,-0.205378,-0.354012,0.627027
13999440,0.663364,-0.205802,-0.354991,0.625760
14007773,0.663794,-0.206247,-0.355903,0.624638
14016106,0.664198,-0.206774,-0.356645,0.623611
14024439,0.664655,-0.206818,-0.357390,0.622682
14032772,0.664855,-0.207528,-0.358064,0.621845
14041105,0.665106,-0.208087,-0.358529,0.621121
14049438,0.665374,-0.208489,-0.358876,0.620499
14057771,0.665489,-0.208857,-0.359324,0.619991
14066104,0.665512,-0.209502,-0.359721,0.619519
14074437,0.665446,-0.210279,-0.360184,0.619057
14082770,0.665509,-0.210917,-0.360482,0.618598
14091103,0.665500,-0.211676,-0.360829,0.618147
14099436,0.665440,-0.212606,-0.361082,0.617745
14107769,0.665325,-0.213398,-0.361321,0.617456
14116102,0.665271,-0.214019,-0.361506,0.617190
14124435,0.665200,-0.214614,-0.361745,0.616920
14132768,0.665129,-0.215115,-0.361951,0.616701
14141101,0.665046,-0.215625,-0.362129,0.616509
14149434,0.664897,-0.216065,-0.362358,0.616380
14157767,0.664877,-0.216529,-0.362430,0.616196
14166100,0.664877,-0.216884,-0.362578,0.615985
14174433,0.664852,-0.217283,-0.362658,0.615824
14182766,0.664833,-0.217735,-0.362658,0.615685
14191099,0.664805,-0.218322,-0.362512,0.615593
14199432,0.664895,-0.218652,-0.362291,0.615509
14207765,0.665024,-0.218882,-0.362062,0.615423
14216098,0.665130,-0.219074,-0.361871,0.615352
14224431,0.665285,-0.219156,-0.361700,0.615257
14232764,0.665393,-0.219322,-0.361531,0.615179
14241097,0.665621,-0.219333,-0.361190,0.615129
14249430,0.665849,-0.219345,-0.360853,0.615076
14257763,0.666064,-0.219327,-0.360557,0.615022
14266096,0.666307,-0.219289,-0.360216,0.614973
14274429,0.666556,-0.219127,-0.359902,0.614945
14282762,0.666824,-0.218991,-0.359527,0.614922
14291095,0.667069,-0.218951,-0.359116,0.614911
14299428,0.667434,-0.218670,-0.358601,0.614916
14307761,0.667542,-0.219006,-0.358043,0.615003
14316094,0.667692,-0.219035,-0.357553,0.615116
14324427,0.667930,-0.218736,-0.357037,0.615263
14332760,0.668098,-0.218510,-0.356576,0.615428
14341093,0.668309,-0.218239,-0.356081,0.615582
14349426,0.668494,-0.218045,-0.355653,0.615697
14357759,0.668601,-0.217893,-0.355191,0.615902
14366092,0.668758,-0.217688,-0.354689,0.616094
14374425,0.668927,-0.217409,-0.354292,0.616235
14382758,0.669098,-0.217085,-0.353870,0.616407
14391091,0.669206,-0.216766,-0.353520,0.616603
14399424,0.669300,-0.216499,-0.353091,0.616841
14407757,0.669400,-0.216391,-0.352560,0.617074
14416090,0.669581,-0.216254,-0.352046,0.617218
14424423,0.669737,-0.216174,-0.351507,0.617385
14432756,0.669871,-0.216028,-0.351071,0.617539
14441089,0.669948,-0.215944,-0.350679,0.617707
14449422,0.670052,-0.215896,-0.350297,0.617828
14457755,0.670177,-0.215762,-0.350027,0.617892
14466088,0.670285,-0.215575,-0.349828,0.617953
14474421,0.670414,-0.215392,-0.349565,0.618026
14482754,0.670771,-0.214695,-0.349295,0.618033
14491087,0.671020,-0.214331,-0.349108,0.617996
14499420,0.671191,-0.214241,-0.348837,0.617994
14507753,0.671411,-0.214014,-0.348591,0.617972
14516086,0.671602,-0.213923,-0.348318,0.617950
14524419,0.671817,-0.213823,-0.347975,0.617944
14532752,0.672063,-0.213696,-0.347626,0.617917
14541085,0.672360,-0.213477,-0.347226,0.617894
14549418,0.672634,-0.213266,-0.346922,0.617840
14557751,0.672900,-0.213075,-0.346687,0.617748
14566084,0.673180,-0.212812,-0.346549,0.617611
14574417,0.673425,-0.212642,-0.346422,0.617474
14582750,0.673673,-0.212414,-0.346343,0.617326
14591083,0.673886,-0.212195,-0.346312,0.617187
14599416,0.674072,-0.212014,-0.346316,0.617043
14607749,0.674220,-0.211824,-0.346290,0.616961
14616082,0.674341,-0.211637,-0.346291,0.616892
14624415,0.674431,-0.211489,-0.346348,0.616813
14632748,0.674552,-0.211268,-0.346384,0.616736
14641081,0.674637,-0.211170,-0.346453,0.616638
14649414,0.674731,-0.211101,-0.346561,0.616498
14657747,0.674825,-0.210977,-0.346652,0.616387
14666080,0.674881,-0.210920,-0.346806,0.616258
14674413,0.674930,-0.210760,-0.346984,0.616159
14682746,0.674952,-0.210690,-0.347152,0.616064
14691079,0.674969,-0.210626,-0.347341,0.615962
14699412,0.675047,-0.210443,-0.347511,0.615842
14707745,0.675091,-0.210250,-0.347657,0.615777
14716078,0.675147,-0.210199,-0.347707,0.615705
14724411,0.674990,-0.210615,-0.347817,0.615674
14732744,0.675033,-0.210658,-0.347871,0.615580
14741077,0.675126,-0.210485,-0.347945,0.615496
14749410,0.675169,-0.210386,-0.347954,0.615477
14757743,0.675135,-0.210236,-0.348108,0.615479
14766076,0.675337,-0.209479,-0.348241,0.615440
14774409,0.675288,-0.209240,-0.348402,0.615484
14782742,0.675196,-0.209064,-0.348642,0.615509
14791075,0.675109,-0.208854,-0.348945,0.615504
14799408,0.675026,-0.208689,-0.349135,0.615543
14807741,0.674941,-0.208517,-0.349282,0.615611
14816074,0.674540,-0.209091,-0.349431,0.615772
14824407,0.674251,-0.209241,-0.349663,0.615906
14832740,0.674075,-0.209193,-0.349762,0.616058
14841073,0.673821,-0.209139,-0.349951,0.616247
14849406,0.673498,-0.209217,-0.350145,0.616463
14857739,0.673105,-0.209334,-0.350346,0.616738
14866072,0.672762,-0.209419,-0.350530,0.616979
14874405,0.672420,-0.209508,-0.350736,0.617205
14882738,0.672048,-0.209625,-0.350972,0.617436
14891071,0.671691,-0.209725,-0.351162,0.617682
14899404,0.671367,-0.209733,-0.351322,0.617941
14907737,0.671066,-0.209834,-0.351491,0.618138
14916070,0.670716,-0.209931,-0.351687,0.618373
14924403,0.670471,-0.210068,-0.351563,0.618663
14932736,0.670193,-0.210179,-0.351563,0.618927
14941069,0.669858,-0.210258,-0.351702,0.619183
14949402,0.669545,-0.210308,-0.351801,0.619449
14957735,0.669255,-0.210329,-0.351893,0.619702
14966068,0.668921,-0.210442,-0.351996,0.619966
14974401,0.668625,-0.210540,-0.351981,0.620261
14982734,0.668321,-0.210594,-0.351991,0.620564
14991067,0.668004,-0.210693,-0.352007,0.620862
14999400,0.667747,-0.210644,-0.351996,0.621162
15007733,0.667428,-0.210737,-0.351919,0.621516
15016066,0.667124,-0.210755,-0.351867,0.621866
15024399,0.666793,-0.210771,-0.351814,0.622245
15032732,0.666432,-0.210845,-0.351822,0.622603
15041065,0.666093,-0.210881,-0.351791,0.622971
15049398,0.665725,-0.210874,-0.351736,0.623397
15057731,0.665327,-0.210875,-0.351679,0.623855
15066064,0.664939,-0.210856,-0.351644,0.624294
15074397,0.664554,-0.210889,-0.351642,0.624693
15082730,0.664199,-0.210865,-0.351574,0.625116
15091063,0.663869,-0.210825,-0.351509,0.625518
15099396,0.663555,-0.210850,-0.351432,0.625885
15107729,0.663291,-0.210836,-0.351317,0.626235
15116062,0.663005,-0.210829,-0.351228,0.626590
15124395,0.662748,-0.210744,-0.351105,0.626959
15132728,0.662514,-0.210628,-0.351002,0.627302
15141061,0.662361,-0.210562,-0.350763,0.627620
15149394,0.662223,-0.210587,-0.350535,0.627884
15157727,0.662102,-0.210616,-0.350270,0.628150
15166060,0.662027,-0.210539,-0.349991,0.628411
15174393,0.661931,-0.210519,-0.349716,0.628671
15182726,0.661862,-0.210499,-0.349413,0.628919
15191059,0.661794,-0.210388,-0.349143,0.629178
15199392,0.661805,-0.210265,-0.348902,0.629342
15207725,0.661818,-0.210236,-0.348665,0.629469
15216058,0.661877,-0.210160,-0.348433,0.629561
15224391,0.662003,-0.210008,-0.348145,0.629638
15232724,0.662157,-0.209835,-0.347853,0.629695
15241057,0.662408,-0.209760,-0.347466,0.629670
15249390,0.662664,-0.209623,-0.347122,0.629635
15257723,0.662983,-0.209489,-0.346684,0.629586
15266056,0.663252,-0.209328,-0.346328,0.629552
15274389,0.663537,-0.209216,-0.345930,0.629507
15282722,0.663779,-0.209334,-0.345517,0.629440
15291055,0.664139,-0.209155,-0.345120,0.629337
15299388,0.664422,-0.209015,-0.344729,0.629299
15307721,0.664722,-0.208830,-0.344388,0.629231
15316054,0.665039,-0.208550,-0.344080,0.629157
15324387,0.665377,-0.208324,-0.343732,0.629065
15332720,0.665692,-0.208115,-0.343351,0.629009
15341053,0.666029,-0.207828,-0.342961,0.628960
15349386,0.666385,-0.207497,-0.342509,0.628938
15357719,0.666755,-0.207201,-0.342166,0.628831
15366052,0.667149,-0.207007,-0.341631,0.628768
15374385,0.667520,-0.206558,-0.341218,0.628745
15382718,0.667848,-0.206134,-0.340831,0.628746
15391051,0.668223,-0.205690,-0.340392,0.628731
15399384,0.668607,-0.205365,-0.339842,0.628726
15407717,0.668961,-0.205002,-0.339307,0.628758
15416050,0.669282,-0.204623,-0.338773,0.628827
15424383,0.669614,-0.204205,-0.338263,0.628884
15432716,0.669907,-0.203898,-0.337736,0.628955
15441049,0.670198,-0.203719,-0.337153,0.629016
15449382,0.670501,-0.203368,-0.336640,0.629082
15457715,0.670683,-0.203036,-0.336208,0.629225
15466048,0.670951,-0.202644,-0.335693,0.629341
15474381,0.671215,-0.202151,-0.335314,0.629420
15482714,0.671406,-0.201776,-0.334949,0.629531
15491047,0.671594,-0.201346,-0.334555,0.629678
15499380,0.671774,-0.200927,-0.334213,0.629801
15507713,0.672044,-0.200558,-0.333766,0.629867
15516046,0.672238,-0.200217,-0.333413,0.629956
15524379,0.672437,-0.199727,-0.333051,0.630091
15532712,0.672623,-0.199272,-0.332622,0.630263
15541045,0.672849,-0.198863,-0.332258,0.630343
15549378,0.673078,-0.198382,-0.331852,0.630464
15557711,0.673252,-0.197964,-0.331469,0.630611
15566044,0.673419,-0.197572,-0.331169,0.630713
15574377,0.673635,-0.197188,-0.330743,0.630827
15582710,0.673780,-0.196681,-0.330493,0.630960
15591043,0.673957,-0.196334,-0.330112,0.631080
15599376,0.674123,-0.195934,-0.329777,0.631201
15607709,0.674228,-0.195636,-0.329565,0.631293
15616042,0.674391,-0.195320,-0.329168,0.631423
15624375,0.674541,-0.194984,-0.328818,0.631549
15632708,0.674709,-0.194549,-0.328468,0.631685
15641041,0.674821,-0.194198,-0.328220,0.631803
15649374,0.674899,-0.193817,-0.328161,0.631868
15657707,0.674906,-0.193447,-0.328244,0.631931
15666040,0.674971,-0.193015,-0.328231,0.632000
15674373,0.674964,-0.192711,-0.328189,0.632122
15682706,0.675006,-0.192391,-0.328133,0.632203
15691039,0.674998,-0.192097,-0.328125,0.632306
15699372,0.674959,-0.191827,-0.328218,0.632381
15707705,0.674884,-0.191599,-0.328410,0.632431
15716038,0.674827,-0.191406,-0.328533,0.632486
15724371,0.674732,-0.191241,-0.328678,0.632562
15732704,0.674637,-0.191040,-0.328924,0.632596
15741037,0.674550,-0.190807,-0.329194,0.632619
15749370,0.674422,-0.190593,-0.329444,0.632689
15757703,0.674273,-0.190411,-0.329640,0.632801
15766036,0.674111,-0.190282,-0.329942,0.632854
15774369,0.673908,-0.190097,-0.330293,0.632943
15782702,0.673832,-0.189602,-0.330628,0.632998
15791035,0.673624,-0.189462,-0.330930,0.633104
15799368,0.673265,-0.189759,-0.331293,0.633207
15807701,0.673011,-0.189918,-0.331598,0.633270
15816034,0.672823,-0.189922,-0.331948,0.633284
15824367,0.672592,-0.189926,-0.332396,0.633294
15832700,0.672371,-0.189922,-0.332859,0.633287
15841033,0.672012,-0.190065,-0.333415,0.633332
15849366,0.671651,-0.190203,-0.333996,0.633368
15857699,0.671282,-0.190470,-0.334437,0.633446
15866032,0.671033,-0.190589,-0.334928,0.633414
15874365,0.670754,-0.190709,-0.335415,0.633416
15882698,0.670429,-0.190887,-0.335865,0.633468
15891031,0.670262,-0.190772,-0.336274,0.633462
15899364,0.669895,-0.191218,-0.336617,0.633534
15907697,0.669581,-0.191471,-0.336873,0.633653
15916030,0.669325,-0.191609,-0.337129,0.633746
15924363,0.669126,-0.191810,-0.337324,0.633791
15932696,0.668919,-0.191931,-0.337502,0.633879
15941029,0.668711,-0.192120,-0.337680,0.633946
15949362,0.668538,-0.192240,-0.337853,0.634001
15957695,0.668310,-0.192365,-0.338115,0.634063
15966028,0.668163,-0.192423,-0.338368,0.634065
15974361,0.667970,-0.192454,-0.338651,0.634108
15982694,0.667790,-0.192510,-0.338860,0.634169
15991027,0.667614,-0.192557,-0.338949,0.634292
15999360,0.667437,-0.192664,-0.338962,0.634440
16007693,0.667367,-0.192706,-0.338902,0.634532
16016026,0.667238,-0.192751,-0.338880,0.634666
16024359,0.667077,-0.192770,-0.338893,0.634822
16032692,0.666945,-0.192719,-0.338893,0.634976
16041025,0.666826,-0.192663,-0.338862,0.635135
16049358,0.666724,-0.192523,-0.338790,0.635323
16057691,0.666565,-0.192408,-0.338807,0.635515
16066023,0.666474,-0.192209,-0.338703,0.635727
16074357,0.666345,-0.192057,-0.338594,0.635966
16082690,0.666229,-0.191834,-0.338506,0.636202
16091023,0.666148,-0.191606,-0.338356,0.636435
16099356,0.666127,-0.191340,-0.338137,0.636653
16107689,0.666071,-0.191129,-0.337923,0.636889
16116022,0.666005,-0.190911,-0.337653,0.637166
16124355,0.665931,-0.190698,-0.337309,0.637489
16132688,0.665888,-0.190529,-0.336933,0.637784
16141020,0.665835,-0.190374,-0.336585,0.638069
16149353,0.665800,-0.190225,-0.336221,0.638342
16157687,0.665796,-0.190063,-0.335791,0.638621
16166020,0.665695,-0.190058,-0.335380,0.638943
16174353,0.665664,-0.189847,-0.335040,0.639217
16182686,0.665601,-0.189620,-0.334722,0.639516
16191019,0.665506,-0.189608,-0.334412,0.639780
16199352,0.665401,-0.189575,-0.334134,0.640044
16207685,0.665307,-0.189653,-0.333741,0.640324
16216018,0.665168,-0.189881,-0.333430,0.640563
16224350,0.665115,-0.190011,-0.333036,0.640785
16232683,0.665015,-0.190138,-0.332680,0.641036
16241017,0.664953,-0.190262,-0.332315,0.641253
16249350,0.664809,-0.190501,-0.331939,0.641525
16257683,0.664729,-0.190731,-0.331547,0.641742
16266016,0.664635,-0.190896,-0.331054,0.642045
16274349,0.664479,-0.191181,-0.330615,0.642348
16282682,0.664408,-0.191344,-0.330194,0.642590
16291015,0.664305,-0.191523,-0.329842,0.642824
16299348,0.664201,-0.191757,-0.329513,0.643031
16307680,0.664102,-0.191957,-0.329212,0.643226
16316014,0.663981,-0.192166,-0.329024,0.643386
16324347,0.663893,-0.192289,-0.328844,0.643532
16332680,0.663840,-0.192348,-0.328752,0.643616
16341013,0.663784,-0.192459,-0.328682,0.643676
16349346,0.663764,-0.192500,-0.328701,0.643675
16357679,0.663710,-0.192528,-0.328733,0.643705
16366012,0.663635,-0.192455,-0.328890,0.643724
16374345,0.663583,-0.192429,-0.328981,0.643739
16382677,0.663561,-0.192351,-0.329077,0.643736
16391010,0.663516,-0.192315,-0.329216,0.643722
16399344,0.663431,-0.192228,-0.329386,0.643748
16407677,0.663352,-0.192123,-0.329541,0.643782
16416010,0.663250,-0.191981,-0.329754,0.643821
16424343,0.663119,-0.191761,-0.330026,0.643882
16432676,0.663016,-0.191497,-0.330262,0.643946
16441009,0.662886,-0.191253,-0.330564,0.643996
16449342,-0.662758,0.190890,0.330853,-0.644088
16457675,-0.662627,0.190548,0.331159,-0.644166
16466007,-0.662490,0.190250,0.331420,-0.644261
16474340,-0.662335,0.189907,0.331753,-0.644350
16482674,-0.662132,0.189615,0.332059,-0.644487
16491007,-0.661876,0.189265,0.332362,-0.644697
16499340,-0.661700,0.188870,0.332670,-0.644835
16507673,-0.661479,0.188506,0.333021,-0.644987
16516006,-0.661262,0.188119,0.333332,-0.645162
16524339,-0.661052,0.187670,0.333661,-0.645337
16532672,-0.660840,0.187157,0.334078,-0.645488
16541005,-0.660637,0.186684,0.334410,-0.645661
16549337,-0.660429,0.186249,0.334767,-0.645813
16557671,-0.660247,0.185836,0.335078,-0.645957
16566004,-0.660106,0.185410,0.335384,-0.646066
16574337,-0.659942,0.184959,0.335654,-0.646223
16582670,-0.659794,0.184608,0.336090,-0.646247
16591003,-0.659646,0.184266,0.336489,-0.646289
16599336,0.659413,-0.184085,-0.336750,0.646441
16607669,0.659250,-0.183817,-0.337152,0.646475
16616002,0.659153,-0.183508,-0.337467,0.646496
16624334,0.658994,-0.183402,-0.337812,0.646509
16632667,0.658872,-0.183334,-0.338155,0.646473
16641001,0.658702,-0.183243,-0.338536,0.646472
16649334,0.658544,-0.183161,-0.339001,0.646413
16657667,0.658432,-0.182952,-0.339335,0.646412
16666000,0.658359,-0.182606,-0.339455,0.646520
16674333,0.658345,-0.182362,-0.339742,0.646453
16682666,0.658273,-0.182207,-0.339968,0.646451
16690999,0.658243,-0.182114,-0.340249,0.646360
16699332,0.658105,-0.182076,-0.340564,0.646345
16707664,0.657924,-0.181984,-0.340914,0.646372
16715997,0.657688,-0.182033,-0.341253,0.646419
16724331,0.657481,-0.182088,-0.341527,0.646469
16732664,0.657269,-0.182027,-0.341801,0.646557
16740997,0.657129,-0.181949,-0.342095,0.646566
16749330,0.656957,-0.181845,-0.342305,0.646658
16757663,0.656711,-0.181821,-0.342562,0.646779
16765996,0.656484,-0.181789,-0.342769,0.646908
16774329,0.656254,-0.181708,-0.343013,0.647036
16782662,0.656039,-0.181710,-0.343299,0.647102
16790995,0.655768,-0.181793,-0.343511,0.647240
16799328,0.655456,-0.181897,-0.343760,0.647394
16807661,0.655217,-0.181940,-0.344007,0.647493
16815994,0.654952,-0.182083,-0.344181,0.647629
16824327,0.654768,-0.182150,-0.344399,0.647680
16832660,0.654574,-0.182170,-0.344588,0.647771
16840993,0.654367,-0.182215,-0.344761,0.647874
16849326,0.654179,-0.182296,-0.344915,0.647960
16857659,0.653960,-0.182495,-0.345103,0.648024
16865992,0.653875,-0.182506,-0.345229,0.648040
16874325,0.653729,-0.182652,-0.345327,0.648093
16882658,0.653572,-0.182889,-0.345462,0.648114
16890991,0.653501,-0.183039,-0.345517,0.648114
16899324,0.653432,-0.183202,-0.345621,0.648082
16907657,0.653351,-0.183401,-0.345698,0.648066
16915990,0.653294,-0.183606,-0.345754,0.648036
16924323,0.653282,-0.183786,-0.345799,0.647973
16932656,0.653267,-0.184043,-0.345798,0.647915
16940989,0.653288,-0.184216,-0.345843,0.647821
16949322,0.653300,-0.184482,-0.345771,0.647771
16957655,0.653285,-0.184800,-0.345816,0.647672
16965988,0.653283,-0.185163,-0.345774,0.647593
16974321,0.653268,-0.185532,-0.345785,0.647497
16982654,0.653249,-0.185984,-0.345777,0.647390
16990987,0.653240,-0.186495,-0.345712,0.647287
16999320,0.653195,-0.186980,-0.345671,0.647214
17007653,0.653258,-0.187439,-0.345537,0.647090
17015986,0.653300,-0.187881,-0.345439,0.646971
17024319,0.653389,-0.188369,-0.345286,0.646821
17032652,0.653457,-0.188861,-0.345144,0.646685
17040985,0.653529,-0.189419,-0.345043,0.646503
17049318,0.653588,-0.190092,-0.344911,0.646316
17057651,0.653670,-0.190737,-0.344720,0.646144
17065984,0.653757,-0.191380,-0.344622,0.645919
17074317,0.653841,-0.191980,-0.344485,0.645729
17082650,0.653965,-0.192550,-0.344303,0.645531
17090983,0.654097,-0.193190,-0.344192,0.645265
17099316,0.654240,-0.193729,-0.343991,0.645066
17107649,0.654378,-0.194375,-0.343817,0.644824
17115982,0.654529,-0.195122,-0.343741,0.644485
17124315,0.654643,-0.195759,-0.343721,0.644187
17132648,0.654755,-0.196328,-0.343592,0.643968
17140981,0.654878,-0.196878,-0.343493,0.643729
17149314,0.655125,-0.197078,-0.343381,0.643475
17157647,0.655213,-0.197632,-0.343264,0.643279
17165980,0.655240,-0.198531,-0.343184,0.643017
17174313,0.655326,-0.199331,-0.343035,0.642761
17182646,0.655509,-0.199988,-0.342892,0.642447
17190979,0.655667,-0.200609,-0.342775,0.642154
17199312,0.655866,-0.201113,-0.342650,0.641860
17207645,0.655931,-0.201848,-0.342465,0.641662
17215978,0.656052,-0.202431,-0.342333,0.641425
17224311,0.656233,-0.202985,-0.342320,0.641072
17232644,-0.656373,0.203607,0.342213,-0.640787
17240977,-0.656552,0.204263,0.342042,-0.640487
17249310,-0.656680,0.204822,0.341896,-0.640256
17257643,-0.656780,0.205410,0.341839,-0.639995
17265976,-0.656878,0.206042,0.341741,-0.639744
17274309,-0.656966,0.206708,0.341680,-0.639470
17282642,-0.657062,0.207385,0.341644,-0.639172
17290975,-0.657170,0.207988,0.341580,-0.638899
17299308,-0.657266,0.208540,0.341555,-0.638633
17307641,-0.657356,0.208990,0.341579,-0.638380
17315974,-0.657492,0.209470,0.341512,-0.638119
17324307,-0.657663,0.209921,0.341470,-0.637817
17332640,-0.657753,0.210343,0.341476,-0.637582
17340973,-0.657805,0.210890,0.341400,-0.637388
17349306,-0.657895,0.211284,0.341343,-0.637195
17357639,-0.657956,0.211678,0.341331,-0.637008
17365972,-0.658016,0.212075,0.341322,-0.636820
17374305,-0.658097,0.212468,0.341250,-0.636643
17382638,-0.658193,0.212805,0.341151,-0.636484
17390971,-0.658254,0.213223,0.341058,-0.636331
17399304,-0.658309,0.213548,0.341006,-0.636193
17407637,-0.658373,0.213883,0.341021,-0.636006
17415970,-0.658409,0.214249,0.340974,-0.635871
17424303,-0.658487,0.214606,0.340846,-0.635738
17432636,-0.658770,0.214482,0.340705,-0.635563
17440969,-0.658950,0.214675,0.340582,-0.635376
17449302,-0.658930,0.215341,0.340517,-0.635207
17457635,-0.659147,0.215466,0.340372,-0.635017
17465968,-0.659157,0.215957,0.340263,-0.634898
17474301,-0.659250,0.216273,0.340062,-0.634801
17482634,-0.659442,0.216406,0.339886,-0.634651
17490967,-0.659592,0.216585,0.339808,-0.634476
17499300,-0.659714,0.216852,0.339677,-0.634329
17507633,-0.659825,0.217109,0.339562,-0.634187
17515966,-0.659951,0.217306,0.339381,-0.634085
17524299,-0.660107,0.217355,0.339324,-0.633935
17532632,-0.660247,0.217428,0.339266,-0.633796
17540965,-0.660392,0.217517,0.339192,-0.633654
17549298,-0.660532,0.217543,0.339116,-0.633540
17557631,-0.660671,0.217642,0.339007,-0.633419
17565964,-0.660815,0.217669,0.338966,-0.633282
17574297,-0.660909,0.217810,0.338898,-0.633171
17582630,-0.661022,0.217847,0.338864,-0.633059
17590963,-0.661139,0.217858,0.338781,-0.632978
17599296,-0.661240,0.217854,0.338705,-0.632914
17607629,-0.661357,0.217899,0.338710,-0.632774
17615962,-0.661423,0.217916,0.338700,-0.632704
17624295,-0.661473,0.217993,0.338701,-0.632624
17632628,-0.661575,0.218064,0.338706,-0.632491
17640961,-0.661670,0.218181,0.338675,-0.632368
17649294,-0.661721,0.218245,0.338703,-0.632278
17657627,-0.661734,0.218324,0.338751,-0.632211
17665960,-0.661802,0.218415,0.338722,-0.632124
17674293,-0.661835,0.218515,0.338727,-0.632052
17682626,-0.661852,0.218563,0.338742,-0.632009
17690959,-0.661854,0.218660,0.338779,-0.631954
17699292,-0.661806,0.218788,0.338860,-0.631916
17707625,-0.661826,0.218887,0.338872,-0.631855
17715958,-0.661807,0.218894,0.339006,-0.631800
17724291,-0.661774,0.218969,0.339073,-0.631773
17732624,-0.661700,0.219094,0.339158,-0.631762
17740957,-0.661631,0.219139,0.339274,-0.631756
17749290,-0.661596,0.219147,0.339344,-0.631753
17757623,-0.661451,0.219303,0.339495,-0.631768
17765956,-0.661354,0.219421,0.339608,-0.631768
17774289,-0.661276,0.219556,0.339714,-0.631746
17782622,-0.661188,0.219579,0.339861,-0.631752
17790955,-0.661105,0.219638,0.339968,-0.631760
17799288,-0.661053,0.219647,0.340052,-0.631767
17807621,-0.661003,0.219690,0.340117,-0.631769
17815954,-0.660916,0.219769,0.340243,-0.631765
17824287,-0.660839,0.219766,0.340385,-0.631770
17832620,-0.660738,0.219792,0.340459,-0.631826
17840953,-0.660650,0.219847,0.340552,-0.631850
17849286,-0.660562,0.219835,0.340689,-0.631872
17857619,-0.660462,0.219836,0.340816,-0.631907
17865952,-0.660370,0.219816,0.340891,-0.631970
17874285,-0.660268,0.219812,0.340981,-0.632029
17882618,-0.660147,0.219743,0.341126,-0.632101
17890951,-0.660038,0.219730,0.341284,-0.632134
17899284,-0.660059,0.219361,0.341390,-0.632184
17907617,-0.660022,0.219251,0.341385,-0.632263
17915950,-0.659789,0.219526,0.341539,-0.632328
17924283,-0.659665,0.219546,0.341677,-0.632375
17932616,-0.659581,0.219482,0.341690,-0.632478
17940949,-0.659518,0.219398,0.341770,-0.632530
17949282,-0.659432,0.219364,0.341833,-0.632597
17957615,-0.659389,0.219271,0.341870,-0.632655
17965948,-0.659376,0.219184,0.341880,-0.632693
17974281,-0.659320,0.219107,0.341848,-0.632795
17982614,-0.659227,0.219055,0.341872,-0.632897
17990947,-0.659183,0.218991,0.341815,-0.632995
17999280,-0.659163,0.218862,0.341755,-0.633093
18007613,-0.659111,0.218779,0.341764,-0.633171
18015946,-0.659070,0.218652,0.341720,-0.633282
18024279,-0.659037,0.218614,0.341676,-0.633352
18032612,-0.658994,0.218437,0.341599,-0.633500
18040945,-0.658936,0.218303,0.341524,-0.633647
18049278,-0.658924,0.218163,0.341477,-0.633733
18057611,-0.658909,0.217999,0.341423,-0.633834
18065944,-0.658863,0.217836,0.341342,-0.633981
18074277,-0.658833,0.217653,0.341272,-0.634113
18082610,-0.658821,0.217446,0.341193,-0.634240
18090943,-0.658825,0.217305,0.341075,-0.634347
18099276,-0.658812,0.217117,0.341006,-0.634461
18107609,-0.658824,0.216949,0.340907,-0.634560
18115942,-0.658832,0.216789,0.340812,-0.634658
18124275,-0.658864,0.216600,0.340685,-0.634757
18132608,-0.658850,0.216462,0.340609,-0.634859
18140941,-0.658894,0.216354,0.340472,-0.634924
18149274,-0.658978,0.216251,0.340357,-0.634934
18157607,-0.659022,0.216191,0.340159,-0.635014
18165940,-0.659067,0.216074,0.340045,-0.635068
18174273,-0.659108,0.215964,0.339925,-0.635128
18182606,-0.659141,0.215896,0.339772,-0.635198
18190939,-0.659169,0.215808,0.339662,-0.635258
18199272,-0.659248,0.215729,0.339484,-0.635298
18207605,-0.659317,0.215696,0.339316,-0.635328
18215938,-0.659344,0.215624,0.339193,-0.635390
18224271,-0.659439,0.215558,0.339006,-0.635413
18232604,-0.659540,0.215475,0.338833,-0.635429
18240937,-0.659589,0.215512,0.338698,-0.635438
18249270,-0.659615,0.215564,0.338548,-0.635473
18257603,-0.659657,0.215590,0.338426,-0.635485
18265936,-0.659754,0.215527,0.338346,-0.635448
18274269,-0.659798,0.215503,0.338312,-0.635429
18282602,-0.659793,0.215573,0.338320,-0.635406
18290935,-0.659826,0.215508,0.338332,-0.635387
18299268,-0.659880,0.215479,0.338317,-0.635350
18307601,-0.659911,0.215462,0.338275,-0.635345
18315934,-0.659903,0.215421,0.338320,-0.635344
18324267,-0.659912,0.215357,0.338387,-0.635320
18332600,-0.659921,0.215269,0.338475,-0.635293
18340933,-0.659945,0.215270,0.338464,-0.635274
18349266,-0.659971,0.215225,0.338460,-0.635264
18357599,-0.659968,0.215214,0.338385,-0.635311
18365932,-0.659982,0.215088,0.338384,-0.635340
18374265,-0.660000,0.215050,0.338246,-0.635408
18382598,-0.659987,0.214982,0.338147,-0.635497
18390931,-0.660014,0.214915,0.337948,-0.635597
18399264,-0.660046,0.214905,0.337688,-0.635706
18407597,-0.660116,0.214872,0.337369,-0.635814
18415930,-0.660155,0.214805,0.337097,-0.635941
18424263,-0.660185,0.214742,0.336814,-0.636080
18432596,-0.660164,0.214695,0.336591,-0.636235
18440929,-0.660189,0.214616,0.336340,-0.636369
18449262,-0.660188,0.214516,0.336077,-0.636542
18457595,-0.660228,0.214362,0.335819,-0.636690
18465928,-0.660239,0.214256,0.335527,-0.636868
18474261,-0.660289,0.214173,0.335205,-0.637013
18482594,-0.660321,0.214114,0.334937,-0.637141
18490927,-0.660393,0.214030,0.334666,-0.637237
18499260,-0.660436,0.213878,0.334480,-0.637341
18507593,-0.660495,0.213714,0.334192,-0.637486
18515926,-0.660565,0.213475,0.333817,-0.637690
18524259,-0.660649,0.213250,0.333430,-0.637880
18532592,-0.660732,0.213113,0.333077,-0.638025
18540925,-0.660816,0.212973,0.332631,-0.638217
18549258,-0.660913,0.212880,0.332183,-0.638382
18557591,-0.660932,0.212874,0.331780,-0.638573
18565924,-0.660948,0.212860,0.331449,-0.638733
18574257,-0.660936,0.212862,0.331058,-0.638948
18582590,-0.660902,0.212804,0.330693,-0.639191
18590923,-0.660905,0.212825,0.330275,-0.639397
18599256,-0.660791,0.213113,0.330002,-0.639560
18607589,-0.660798,0.213135,0.329724,-0.639689
18615922,-0.660825,0.213065,0.329378,-0.639863
18624255,-0.660795,0.213098,0.328998,-0.640078
18632588,-0.660746,0.213018,0.328580,-0.640370
18640921,-0.660730,0.212862,0.328225,-0.640620
18649254,-0.660707,0.212865,0.327861,-0.640829
18657587,-0.660662,0.212800,0.327586,-0.641037
18665920,-0.660680,0.212695,0.327257,-0.641222
18674253,-0.660630,0.212544,0.326881,-0.641516
18682586,-0.660646,0.212575,0.326316,-0.641777
18690919,-0.660633,0.212656,0.325833,-0.642008
18699252,-0.660783,0.212301,0.325337,-0.642222
18707585,-0.660698,0.212213,0.324925,-0.642548
18715918,-0.660474,0.212489,0.324508,-0.642897
18724251,-0.660411,0.212505,0.324029,-0.643199
18732584,-0.660442,0.212381,0.323530,-0.643458
18740917,-0.660387,0.212337,0.323123,-0.643734
18749250,-0.660316,0.212269,0.322613,-0.644085
18757583,-0.660267,0.212283,0.322114,-0.644381
18765916,-0.660282,0.212170,0.321634,-0.644642
18774249,-0.660260,0.212153,0.320989,-0.644991
18782582,-0.660195,0.212269,0.320238,-0.645393
18790915,-0.660025,0.212251,0.319674,-0.645852
18799248,-0.659770,0.212368,0.319041,-0.646388
18807581,-0.659671,0.212252,0.318392,-0.646847
18815914,-0.659546,0.212351,0.317536,-0.647361
18824247,-0.659339,0.212374,0.316766,-0.647941
18832580,-0.659067,0.212455,0.315953,-0.648588
18840913,-0.658884,0.212623,0.314900,-0.649232
18849246,-0.658659,0.212861,0.313813,-0.649908
18857579,-0.658355,0.213254,0.312716,-0.650615
18865912,-0.657995,0.213646,0.311644,-0.651365
18874245,-0.657567,0.214028,0.310589,-0.652175
18882578,-0.657083,0.214425,0.309467,-0.653065
18890911,-0.656512,0.214762,0.308432,-0.654017
18899244,-0.655940,0.215109,0.307469,-0.654930
18907577,-0.655498,0.215220,0.306406,-0.655834
18915910,-0.654836,0.215768,0.305517,-0.656730
18924243,-0.654132,0.216375,0.304696,-0.657612
18932576,-0.653592,0.216767,0.303824,-0.658422
18940909,-0.653160,0.217390,0.302757,-0.659137
18949242,-0.652687,0.218008,0.301659,-0.659905
18957575,-0.652159,0.218565,0.300634,-0.660709
18965908,-0.651662,0.219225,0.299482,-0.661504
18974241,-0.651189,0.219813,0.298405,-0.662261
18982574,-0.650735,0.220464,0.297267,-0.663002
18990907,-0.650225,0.220972,0.296204,-0.663809
18999240,-0.649745,0.221507,0.295127,-0.664580
19007573,-0.649228,0.222068,0.293899,-0.665442
19015906,-0.648603,0.222693,0.292711,-0.666365
19024239,-0.648024,0.223564,0.291448,-0.667190
19032572,-0.647456,0.224340,0.290255,-0.668000
19040905,-0.646823,0.225071,0.289080,-0.668876
19049238,-0.646108,0.225899,0.287966,-0.669768
19057571,-0.645349,0.226691,0.286913,-0.670684
19065904,-0.644603,0.227522,0.285861,-0.671568
19074237,-0.643852,0.228335,0.284751,-0.672484
19082570,-0.643090,0.229260,0.283597,-0.673385
19090903,-0.642339,0.229986,0.282657,-0.674249
19099236,-0.641666,0.230566,0.281548,-0.675156
19107569,-0.640964,0.231163,0.280787,-0.675935
19115902,-0.640227,0.231965,0.279932,-0.676713
19124235,-0.639645,0.232709,0.279024,-0.677382
19132568,-0.639059,0.233483,0.278139,-0.678033
19140901,-0.638523,0.234061,0.277289,-0.678686
19149234,-0.638054,0.234613,0.276408,-0.679295
19157567,-0.637617,0.235205,0.275488,-0.679874
19165900,-0.637172,0.235828,0.274693,-0.680398
19174233,-0.636762,0.236523,0.273813,-0.680895
19182566,-0.636420,0.237223,0.272885,-0.681343
19190899,-0.636029,0.238016,0.271884,-0.681832
19199232,-0.635593,0.238855,0.271007,-0.682294
19207565,-0.635119,0.239529,0.270123,-0.682849
19215898,-0.634606,0.240125,0.269199,-0.683481
19224231,-0.634157,0.240714,0.268217,-0.684077
19232564,-0.633702,0.241299,0.267345,-0.684634
19240897,-0.633277,0.241844,0.266303,-0.685241
19249230,-0.632834,0.242495,0.265235,-0.685833
19257563,-0.632352,0.243090,0.264216,-0.686460
19265896,-0.631869,0.243706,0.263219,-0.687070
19274229,-0.631330,0.244305,0.262400,-0.687665
19282562,-0.630809,0.244888,0.261274,-0.688364
19290895,-0.630260,0.245500,0.260205,-0.689054
19299228,-0.629729,0.246011,0.259207,-0.689733
19307561,-0.629354,0.246351,0.257977,-0.690416
19315894,-0.628926,0.246880,0.256809,-0.691051
19324227,-0.628427,0.247594,0.255737,-0.691647
19332560,-0.628047,0.248246,0.254574,-0.692187
19340893,-0.627662,0.248863,0.253436,-0.692732
19349226,-0.627279,0.249462,0.252157,-0.693330
19357559,-0.626805,0.250122,0.250860,-0.693991
19365892,-0.626441,0.250765,0.249650,-0.694524
19374225,-0.626164,0.251357,0.248493,-0.694975
19382558,-0.625815,0.251780,0.247365,-0.695538
19390891,-0.625385,0.252283,0.246114,-0.696186
19399224,-0.624953,0.252821,0.244897,-0.696808
19407557,-0.624478,0.253194,0.243691,-0.697520
19415890,-0.623952,0.253407,0.242559,-0.698308
19424223,-0.623404,0.253591,0.241443,-0.699117
19432556,-0.622886,0.253854,0.240391,-0.699845
19440889,-0.622468,0.254286,0.239296,-0.700435
19449222,-0.622102,0.254802,0.238244,-0.700931
19457555,-0.621794,0.255423,0.237284,-0.701304
19465888,-0.621573,0.256128,0.236374,-0.701550
19474221,-0.621373,0.256912,0.235382,-0.701774
19482554,-0.621158,0.257766,0.234398,-0.701980
19490887,-0.621015,0.258492,0.233498,-0.702140
19499220,-0.620867,0.259122,0.232605,-0.702335
19507553,-0.620649,0.259650,0.231834,-0.702587
19515886,-0.620444,0.260099,0.231020,-0.702871
19524219,-0.620129,0.260659,0.230306,-0.703176
19532552,-0.619782,0.261216,0.229448,-0.703555
19540885,-0.619476,0.261684,0.228652,-0.703910
19549218,-0.619182,0.262033,0.227815,-0.704311
19557551,-0.618923,0.262377,0.226997,-0.704674
19565884,-0.618619,0.262786,0.226172,-0.705054
19574217,-0.618292,0.263331,0.225256,-0.705430
19582550,-0.617961,0.263851,0.224324,-0.705823
19590883,-0.617626,0.264337,0.223403,-0.706226
19599216,-0.617214,0.264854,0.222426,-0.706701
19607549,-0.616757,0.265495,0.221451,-0.707165
19615882,-0.616261,0.266183,0.220559,-0.707618
19624215,-0.615817,0.266743,0.219644,-0.708078
19632548,-0.615324,0.267232,0.218868,-0.708562
19640881,-0.614876,0.267688,0.217917,-0.709072
19649214,-0.614502,0.268151,0.216942,-0.709520
19657547,-0.614183,0.268589,0.216067,-0.709898
19665880,-0.613817,0.269067,0.215250,-0.710281
19674213,-0.613502,0.269388,0.214440,-0.710676
19682546,-0.613244,0.269570,0.213671,-0.711061
19690879,-0.612916,0.269700,0.213067,-0.711476
19699212,-0.612541,0.269914,0.212434,-0.711907
19707545,-0.612124,0.270160,0.211735,-0.712381
19715878,-0.611772,0.270300,0.211006,-0.712846
19724211,-0.611414,0.270543,0.210251,-0.713284
19732544,-0.611022,0.270870,0.209440,-0.713734
19740877,-0.610638,0.271153,0.208652,-0.714186
19749210,-0.610264,0.271422,0.207825,-0.714645
19757543,-0.609881,0.271621,0.207124,-0.715099
19765876,-0.609446,0.271860,0.206433,-0.715579
19774209,-0.609056,0.272074,0.205739,-0.716029
19782542,-0.608704,0.272276,0.205091,-0.716438
19790875,-0.608371,0.272401,0.204561,-0.716825
19799208,-0.608065,0.272468,0.204056,-0.717203
19807541,-0.607756,0.272569,0.203633,-0.717546
19815874,-0.607521,0.272726,0.203110,-0.717833
19824207,-0.607323,0.272862,0.202590,-0.718096
19832540,-0.607199,0.272852,0.202105,-0.718341
19840873,-0.607090,0.272949,0.201583,-0.718544
19849206,-0.607067,0.273117,0.201050,-0.718648
19857539,-0.607131,0.273260,0.200455,-0.718706
19865872,-0.607179,0.273405,0.199805,-0.718792
19874205,-0.607252,0.273605,0.199169,-0.718830
19882538,-0.607299,0.273856,0.198550,-0.718866
19890871,-0.607411,0.274153,0.197848,-0.718851
19899204,-0.607495,0.274468,0.197156,-0.718851
19907537,-0.607591,0.274742,0.196422,-0.718866
19915870,-0.607669,0.275034,0.195722,-0.718879
19924203,-0.607650,0.275387,0.195228,-0.718894
19932536,-0.607679,0.275717,0.194656,-0.718899
19940869,-0.607744,0.276221,0.193981,-0.718833
19949202,-0.607899,0.276667,0.193225,-0.718734
19957535,-0.608095,0.277049,0.192484,-0.718620
19965868,-0.608203,0.277457,0.191790,-0.718556
19974201,-0.608308,0.277925,0.191091,-0.718473
19982534,-0.608494,0.278344,0.190370,-0.718344
19990867,-0.608664,0.278765,0.189558,-0.718252
19999200,-0.608893,0.279141,0.188877,-0.718091
20007533,-0.609118,0.279522,0.188299,-0.717905
20015866,-0.609358,0.279834,0.187741,-0.717725
20024199,-0.609638,0.280149,0.187052,-0.717544
20032532,-0.609928,0.280393,0.186288,-0.717402
20040865,-0.610141,0.280729,0.185604,-0.717266
20049198,-0.610389,0.280887,0.184914,-0.717172
20057531,-0.610562,0.281171,0.184336,-0.717061
20065864,-0.610733,0.281484,0.183863,-0.716914
20074197,-0.610886,0.281801,0.183402,-0.716777
20082530,-0.610962,0.282148,0.182834,-0.716722
20090863,-0.611088,0.282505,0.182281,-0.716614
20099196,-0.611171,0.282891,0.181896,-0.716489
20107529,-0.611205,0.283245,0.181539,-0.716410
20115862,-0.611178,0.283609,0.181183,-0.716380
20124195,-0.611108,0.283907,0.180884,-0.716397
20132528,-0.611095,0.284198,0.180540,-0.716380
20140861,-0.611094,0.284460,0.180125,-0.716381
20149194,-0.611149,0.284726,0.179732,-0.716328
20157527,-0.611181,0.284916,0.179384,-0.716311
20165860,-0.611196,0.285233,0.179121,-0.716238
20174193,-0.611182,0.285524,0.178895,-0.716191
20182526,-0.611150,0.285770,0.178700,-0.716169
20190859,-0.611128,0.285972,0.178414,-0.716178
20199192,-0.611073,0.286187,0.178131,-0.716210
20207525,-0.611028,0.286388,0.177874,-0.716232
20215858,-0.610981,0.286630,0.177624,-0.716236
20224191,-0.610942,0.286836,0.177320,-0.716263
20232524,-0.610897,0.286982,0.177041,-0.716312
20240857,-0.610861,0.287117,0.176714,-0.716370
20249190,-0.610782,0.287311,0.176457,-0.716422
20257523,-0.610675,0.287488,0.176223,-0.716500
20265856,-0.610551,0.287760,0.175942,-0.716565
20274189,-0.610457,0.287963,0.175748,-0.716612
20282522,-0.610310,0.288257,0.175512,-0.716676
20290855,-0.610249,0.288469,0.175130,-0.716736
20299188,-0.610227,0.288693,0.174855,-0.716733
20307521,-0.610109,0.289088,0.174680,-0.716716
20315854,-0.610053,0.289308,0.174426,-0.716737
20324187,-0.610096,0.289364,0.174017,-0.716777
20332520,-0.610097,0.289493,0.173626,-0.716819
20340853,-0.610028,0.289694,0.173332,-0.716868
20349186,-0.610036,0.289841,0.173028,-0.716874
20357519,-0.609887,0.290125,0.172814,-0.716938
20365852,-0.609863,0.290228,0.172593,-0.716971
20374185,-0.609842,0.290336,0.172379,-0.716996
20382518,-0.609858,0.290400,0.172256,-0.716986
20390851,-0.609821,0.290543,0.172149,-0.716985
20399184,-0.609787,0.290629,0.171984,-0.717019
20407517,-0.609735,0.290725,0.171893,-0.717046
20415850,-0.609723,0.290745,0.171863,-0.717055
20424183,-0.609682,0.290810,0.171816,-0.717075
20432516,-0.609658,0.290904,0.171756,-0.717072
20440849,-0.609648,0.290972,0.171698,-0.717067
20449182,-0.609646,0.291059,0.171696,-0.717034
20457515,-0.609610,0.291145,0.171669,-0.717036
20465848,-0.609571,0.291252,0.171667,-0.717026
20474181,-0.609592,0.291322,0.171689,-0.716974
20482514,-0.609589,0.291324,0.171677,-0.716979
20490847,-0.609584,0.291366,0.171679,-0.716966
20499180,-0.609596,0.291428,0.171700,-0.716925
20507513,-0.609594,0.291486,0.171689,-0.716906
20515846,-0.609618,0.291506,0.171690,-0.716878
20524179,-0.609644,0.291497,0.171679,-0.716862
20532512,-0.609684,0.291487,0.171720,-0.716822
20540845,-0.609698,0.291458,0.171783,-0.716806
20549178,-0.609680,0.291447,0.171877,-0.716804
20557511,-0.609693,0.291376,0.171970,-0.716799
20565844,-0.609696,0.291373,0.172073,-0.716773
20574177,-0.609667,0.291389,0.172164,-0.716769
20582510,-0.609629,0.291460,0.172343,-0.716730
20590843,-0.609582,0.291448,0.172523,-0.716731
20599176,-0.609597,0.291369,0.172683,-0.716712
20607509,-0.609587,0.291329,0.172843,-0.716698
20615842,-0.609550,0.291296,0.173030,-0.716698
20624175,-0.609528,0.291296,0.173176,-0.716682
20632508,-0.609521,0.291231,0.173369,-0.716667
20640841,-0.609525,0.291165,0.173488,-0.716662
20649174,-0.609569,0.291081,0.173548,-0.716645
20657507,-0.609578,0.291045,0.173601,-0.716638
20665840,-0.609589,0.290969,0.173688,-0.716638
20674173,-0.609571,0.290975,0.173792,-0.716627
20682506,-0.609548,0.291018,0.173908,-0.716600
20690839,-0.609554,0.290968,0.173969,-0.716601
20699172,-0.609582,0.290925,0.173952,-0.716599
20707505,-0.609614,0.290896,0.173983,-0.716575
20715838,-0.609705,0.290768,0.173928,-0.716563
20724171,-0.609701,0.290771,0.173958,-0.716558
20732504,-0.609755,0.290641,0.174030,-0.716547
20740837,-0.609785,0.290553,0.174083,-0.716545
20749170,-0.609819,0.290528,0.174159,-0.716508
20757503,-0.609830,0.290550,0.174239,-0.716470
20765836,-0.609843,0.290493,0.174317,-0.716463
20774169,-0.609862,0.290488,0.174417,-0.716424
20782502,-0.609869,0.290473,0.174562,-0.716389
20790835,-0.609869,0.290424,0.174704,-0.716374
20799168,-0.609896,0.290381,0.174757,-0.716356
20807501,-0.609918,0.290310,0.174891,-0.716333
20815834,-0.609783,0.290489,0.175127,-0.716318
20824167,-0.609766,0.290433,0.175186,-0.716341
20832500,-0.609817,0.290353,0.175208,-0.716325
20840833,-0.609928,0.290104,0.175230,-0.716325
20849166,-0.609950,0.289999,0.175290,-0.716334
20857499,-0.609880,0.290094,0.175424,-0.716322
20865832,-0.609956,0.289918,0.175504,-0.716309
20874165,-0.609983,0.289847,0.175580,-0.716297
20882498,-0.609975,0.289794,0.175718,-0.716291
20890831,-0.610000,0.289805,0.175798,-0.716246
20899164,-0.610019,0.289795,0.175927,-0.716202
20907497,-0.609999,0.289762,0.176060,-0.716200
20915830,-0.610036,0.289686,0.176168,-0.716173
20924163,-0.610050,0.289604,0.176327,-0.716155
20932496,-0.610080,0.289448,0.176379,-0.716179
20940829,-0.610096,0.289347,0.176472,-0.716183
20949162,-0.610122,0.289266,0.176564,-0.716171
20957495,-0.610207,0.289123,0.176642,-0.716137
20965828,-0.610194,0.289060,0.176674,-0.716166
20974161,-0.610258,0.288918,0.176782,-0.716142
20982494,-0.610274,0.288865,0.176872,-0.716128
20990827,-0.610272,0.288866,0.176926,-0.716116
20999160,-0.610291,0.288808,0.177042,-0.716094
21007493,-0.610325,0.288743,0.177127,-0.716071
21015826,-0.610343,0.288703,0.177193,-0.716055
21024159,-0.610348,0.288650,0.177292,-0.716047
21032492,-0.610354,0.288594,0.177415,-0.716034
21040825,-0.610369,0.288597,0.177522,-0.715994
21049158,-0.610392,0.288601,0.177602,-0.715953
21057491,-0.610388,0.288622,0.177701,-0.715923
21065824,-0.610391,0.288660,0.177767,-0.715889
21074157,-0.610428,0.288682,0.177833,-0.715832
21082490,-0.610495,0.288683,0.177918,-0.715753
21090823,-0.610578,0.288634,0.177946,-0.715695
21099156,-0.610636,0.288650,0.177972,-0.715633
21107489,-0.610675,0.288652,0.177982,-0.715596
21115822,-0.610729,0.288648,0.178021,-0.715542
21124155,-0.610737,0.288692,0.178095,-0.715499
21132488,-0.610805,0.288666,0.178130,-0.715443
21140821,-0.610794,0.288689,0.178204,-0.715425
21149154,-0.610778,0.288662,0.178262,-0.715435
21157487,-0.610783,0.288703,0.178284,-0.715408
21165820,-0.610781,0.288664,0.178369,-0.715405
21174153,-0.610796,0.288657,0.178419,-0.715382
21182486,-0.610791,0.288671,0.178492,-0.715363
21190819,-0.610733,0.288726,0.178573,-0.715370
21199152,-0.610755,0.288761,0.178634,-0.715321
21207485,-0.610761,0.288751,0.178727,-0.715297
21215818,-0.610781,0.288812,0.178757,-0.715248
21224151,-0.610764,0.288856,0.178843,-0.715224
21232484,-0.610762,0.288919,0.178912,-0.715182
21240817,-0.610754,0.288881,0.179142,-0.715147
21249150,-0.610753,0.288948,0.179233,-0.715098
21257483,-0.610814,0.289007,0.179202,-0.715030
21265816,-0.610871,0.289040,0.179214,-0.714965
21274149,-0.610913,0.289131,0.179248,-0.714884
21282482,-0.610930,0.289180,0.179313,-0.714833
21290815,-0.610981,0.289250,0.179329,-0.714757
21299148,-0.611010,0.289239,0.179435,-0.714711
21307481,-0.611016,0.289251,0.179541,-0.714673
21315814,-0.611014,0.289299,0.179646,-0.714629
21324147,-0.611021,0.289339,0.179719,-0.714588
21332480,-0.611015,0.289391,0.179857,-0.714538
21340813,-0.610987,0.289460,0.179954,-0.714510
21349146,-0.610976,0.289489,0.180029,-0.714489
21357479,-0.610917,0.289548,0.180138,-0.714488
21365812,-0.610918,0.289600,0.180270,-0.714432
21374145,-0.610884,0.289648,0.180376,-0.714415
21382478,-0.610820,0.289720,0.180453,-0.714421
21390811,-0.610811,0.289698,0.180573,-0.714407
21399144,-0.610792,0.289674,0.180631,-0.714420
21407477,-0.610758,0.289702,0.180634,-0.714436
21415810,-0.610725,0.289686,0.180655,-0.714466
21424143,-0.610706,0.289683,0.180625,-0.714490
21432476,-0.610708,0.289655,0.180553,-0.714518
21440809,-0.610743,0.289609,0.180508,-0.714518
21449142,-0.610735,0.289606,0.180439,-0.714544
21457475,-0.610749,0.289561,0.180356,-0.714572
21465808,-0.610768,0.289490,0.180217,-0.714619
21474141,-0.610775,0.289430,0.180135,-0.714658
21482474,-0.610788,0.289363,0.180065,-0.714692
21490807,-0.610764,0.289288,0.180025,-0.714753
21499140,-0.610741,0.289217,0.179955,-0.714818
21507473,-0.610705,0.289146,0.179912,-0.714888
21515806,-0.610681,0.289053,0.179856,-0.714961
21524139,-0.610684,0.288948,0.179777,-0.715021
21532472,-0.610681,0.288898,0.179648,-0.715076
21540805,-0.610631,0.288745,0.179742,-0.715157
21549138,-0.610632,0.288590,0.179692,-0.715231
21557471,-0.610642,0.288499,0.179638,-0.715273
21565804,-0.610625,0.288398,0.179579,-0.715343
21574137,-0.610668,0.288272,0.179460,-0.715387
21582470,-0.610734,0.288218,0.179241,-0.715407
21590803,-0.610730,0.288201,0.179107,-0.715451
21599136,-0.610724,0.288147,0.179076,-0.715485
21607469,-0.610734,0.288134,0.178959,-0.715511
21615802,-0.610761,0.288194,0.178705,-0.715528
21624135,-0.610745,0.288148,0.178563,-0.715595
21632468,-0.610788,0.288073,0.178396,-0.715630
21640801,-0.610845,0.288036,0.178253,-0.715632
21649134,-0.610869,0.287977,0.178121,-0.715668
21657467,-0.610897,0.287967,0.177905,-0.715702
21665800,-0.610939,0.287865,0.177770,-0.715741
21674133,-0.610942,0.287764,0.177662,-0.715806
21682466,-0.610977,0.287662,0.177604,-0.715832
21690799,-0.611030,0.287552,0.177509,-0.715854
21699132,-0.611058,0.287480,0.177434,-0.715877
21707465,-0.611067,0.287455,0.177393,-0.715890
21715798,-0.611089,0.287366,0.177259,-0.715940
21724131,-0.611114,0.287275,0.177160,-0.715980
21732464,-0.611143,0.287159,0.177079,-0.716022
21740797,-0.611168,0.287092,0.176982,-0.716051
21749130,-0.611179,0.287065,0.176950,-0.716061
21757463,-0.611177,0.287057,0.176860,-0.716088
21765796,-0.611190,0.287017,0.176742,-0.716122
21774129,-0.611186,0.286996,0.176659,-0.716154
21782462,-0.611215,0.286971,0.176535,-0.716169
21790795,-0.611249,0.286948,0.176414,-0.716180
21799128,-0.611247,0.286905,0.176388,-0.716205
21807461,-0.611235,0.286880,0.176354,-0.716234
21815794,-0.611250,0.286856,0.176306,-0.716242
21824127,-0.611260,0.286846,0.176267,-0.716247
21832460,-0.611268,0.286803,0.176241,-0.716264
21840793,-0.611280,0.286760,0.176225,-0.716275
21849126,-0.611329,0.286727,0.176171,-0.716260
21857459,-0.611352,0.286733,0.176147,-0.716244
21865792,-0.611392,0.286703,0.176157,-0.716219
21874125,-0.611417,0.286670,0.176195,-0.716202
21882458,-0.611468,0.286616,0.176214,-0.716175
21890791,-0.611473,0.286642,0.176260,-0.716149
21899124,-0.611476,0.286685,0.176312,-0.716116
21907457,-0.611466,0.286697,0.176420,-0.716094
21915790,-0.611484,0.286683,0.176447,-0.716077
21924123,-0.611465,0.286737,0.176505,-0.716058
21932456,-0.611450,0.286744,0.176619,-0.716040
21940789,-0.611425,0.286857,0.176742,-0.715985
21949122,-0.611402,0.286960,0.176841,-0.715939
21957455,-0.611364,0.287034,0.176947,-0.715916
21965788,-0.611319,0.287164,0.177006,-0.715887
21974121,-0.611277,0.287318,0.177115,-0.715834
21982454,-0.611279,0.287468,0.177094,-0.715778
21990787,-0.611282,0.287573,0.177163,-0.715716
21999120,-0.611275,0.287671,0.177160,-0.715683
22007453,-0.611294,0.287806,0.177137,-0.715619
22015786,-0.611299,0.287921,0.177167,-0.715561
22024119,-0.611306,0.288002,0.177201,-0.715514
22032452,-0.611287,0.288116,0.177272,-0.715467
22040785,-0.611289,0.288196,0.177263,-0.715434
22049118,-0.611292,0.288318,0.177294,-0.715375
22057451,-0.611274,0.288457,0.177297,-0.715334
22065784,-0.611282,0.288520,0.177378,-0.715281
22074117,-0.611238,0.288641,0.177484,-0.715244
22082450,-0.611239,0.288706,0.177502,-0.715212
22090783,-0.611209,0.288824,0.177592,-0.715168
22099116,-0.611181,0.288934,0.177684,-0.715125
22107449,-0.611164,0.289029,0.177780,-0.715077
22115782,-0.611108,0.289153,0.177893,-0.715046
22124115,-0.611069,0.289261,0.177997,-0.715011
22132448,-0.610992,0.289380,0.178157,-0.714988
22140781,-0.610895,0.289555,0.178278,-0.714969
22149114,-0.610851,0.289616,0.178408,-0.714951
22157447,-0.610778,0.289686,0.178540,-0.714951
22165780,-0.610691,0.289782,0.178690,-0.714949
22174113,-0.610635,0.289861,0.178788,-0.714941
22182446,-0.610494,0.289998,0.178930,-0.714970
22190779,-0.610433,0.290086,0.179120,-0.714939
22199112,-0.610359,0.290108,0.179259,-0.714959
22207445,-0.610266,0.290196,0.179443,-0.714956
22215778,-0.610172,0.290282,0.179617,-0.714958
22224111,-0.610093,0.290336,0.179815,-0.714953
22232444,-0.610007,0.290341,0.180068,-0.714961
22240777,-0.609874,0.290352,0.180306,-0.715010
22249110,-0.609774,0.290384,0.180424,-0.715052
22257443,-0.609688,0.290423,0.180599,-0.715066
22265776,-0.609621,0.290414,0.180722,-0.715096
22274109,-0.609565,0.290376,0.180815,-0.715135
22282442,-0.609499,0.290325,0.180911,-0.715187
22290775,-0.609478,0.290247,0.180970,-0.715222
22299108,-0.609463,0.290214,0.180997,-0.715242
22307441,-0.609457,0.290153,0.181015,-0.715267
22315774,-0.609449,0.290063,0.181024,-0.715308
22324107,-0.609461,0.289998,0.180972,-0.715338
22332440,-0.609435,0.289943,0.180924,-0.715394
22340773,-0.609405,0.289895,0.180861,-0.715455
22349106,-0.609385,0.289916,0.180832,-0.715470
22357439,-0.609406,0.289877,0.180768,-0.715485
22365772,-0.609417,0.289759,0.180700,-0.715540
22374105,-0.609435,0.289777,0.180632,-0.715535
22382438,-0.609453,0.289761,0.180550,-0.715547
22390771,-0.609447,0.289761,0.180495,-0.715566
22399104,-0.609463,0.289703,0.180512,-0.715571
22407437,-0.609470,0.289687,0.180522,-0.715569
22415770,-0.609489,0.289680,0.180491,-0.715564
22424103,-0.609502,0.289682,0.180478,-0.715556
22432436,-0.609551,0.289724,0.180437,-0.715507
22440769,-0.609585,0.289706,0.180440,-0.715484
22449102,-0.609616,0.289687,0.180421,-0.715470
22457435,-0.609637,0.289691,0.180446,-0.715444
22465768,-0.609664,0.289676,0.180500,-0.715414
22474101,-0.609686,0.289663,0.180564,-0.715385
22482434,-0.609735,0.289644,0.180598,-0.715342
22490767,-0.609754,0.289673,0.180670,-0.715295
22499100,-0.609777,0.289708,0.180724,-0.715248
22507433,-0.609807,0.289725,0.180764,-0.715206
22515766,-0.609798,0.289781,0.180800,-0.715182
22524099,-0.609798,0.289805,0.180840,-0.715162
22532432,-0.609787,0.289842,0.180905,-0.715140
22540765,-0.609755,0.289877,0.180960,-0.715139
22549098,-0.609733,0.289917,0.181023,-0.715126
22557431,-0.609723,0.289941,0.181099,-0.715105
22565764,-0.609656,0.290045,0.181192,-0.715096
22574097,-0.609616,0.290030,0.181300,-0.715110
22582430,-0.609557,0.290063,0.181387,-0.715124
22590763,-0.609512,0.290099,0.181452,-0.715132
22599096,-0.609488,0.290097,0.181522,-0.715135
22607429,-0.609436,0.290071,0.181586,-0.715174
22615762,-0.609441,0.290082,0.181627,-0.715155
22624095,-0.609407,0.290081,0.181619,-0.715186
22632428,-0.609398,0.290039,0.181634,-0.715207
22640761,-0.609393,0.290013,0.181643,-0.715219
22649094,-0.609428,0.290048,0.181509,-0.715209
22657427,-0.609445,0.290036,0.181522,-0.715197
22665760,-0.609410,0.290005,0.181576,-0.715225
22674093,-0.609412,0.289984,0.181589,-0.715228
22682426,-0.609384,0.289912,0.181640,-0.715268
22690759,-0.609362,0.289917,0.181657,-0.715281
22699092,-0.609293,0.289819,0.181893,-0.715319
22707425,-0.609282,0.289828,0.181900,-0.715323
22715758,-0.609281,0.289845,0.181904,-0.715316
22724091,-0.609230,0.289819,0.182021,-0.715341
22732424,-0.609210,0.289786,0.182091,-0.715353
22740757,-0.609238,0.289861,0.182010,-0.715320
22749090,-0.609220,0.289941,0.181993,-0.715306
22757423,-0.609232,0.289897,0.182032,-0.715304
22765756,-0.609243,0.289905,0.182079,-0.715279
22774089,-0.609228,0.289911,0.182181,-0.715264
22782422,-0.609229,0.289923,0.182227,-0.715247
22790755,-0.609252,0.289936,0.182287,-0.715207
22799088,-0.609236,0.290068,0.182206,-0.715188
22807421,-0.609210,0.290074,0.182262,-0.715193
22815754,-0.609196,0.290161,0.182259,-0.715170
22824087,-0.609176,0.290202,0.182312,-0.715157
22832420,-0.609159,0.290249,0.182345,-0.715144
22840753,-0.609073,0.290220,0.182604,-0.715163
22849086,-0.609009,0.290273,0.182665,-0.715181
22857419,-0.608883,0.290286,0.182952,-0.715209
22865752,-0.608810,0.290206,0.183175,-0.715246
22874085,-0.608754,0.290133,0.183268,-0.715300
22882418,-0.608685,0.290083,0.183410,-0.715342
22890751,-0.608622,0.289901,0.183569,-0.715429
22899084,-0.608575,0.289769,0.183622,-0.715509
22907417,-0.608572,0.289690,0.183641,-0.715539
22915750,-0.608508,0.289505,0.183938,-0.715592
22924083,-0.608469,0.289296,0.184210,-0.715640
22932416,-0.608475,0.289269,0.184254,-0.715634
22940749,-0.608469,0.289109,0.184499,-0.715641
22949082,-0.608577,0.288900,0.184527,-0.715627
22957415,-0.608604,0.288648,0.184808,-0.715632
22965748,-0.608676,0.288558,0.184891,-0.715586
22974081,-0.608726,0.288413,0.185024,-0.715567
22982414,-0.608817,0.288257,0.185117,-0.715529
22990747,-0.608864,0.288117,0.185272,-0.715505
22999080,-0.608891,0.288077,0.185456,-0.715451
23007413,-0.608965,0.288012,0.185566,-0.715385
23015746,-0.609043,0.287968,0.185758,-0.715286
23024079,-0.609144,0.287842,0.185936,-0.715205
23032412,-0.609221,0.287829,0.186186,-0.715080
23040745,-0.609293,0.287756,0.186462,-0.714976
23049078,-0.609388,0.287679,0.186718,-0.714859
23057411,-0.609547,0.287557,0.186804,-0.714750
23065744,-0.609687,0.287352,0.186968,-0.714670
23074077,-0.609829,0.287173,0.187160,-0.714571
23082410,-0.609963,0.286999,0.187333,-0.714481
23090743,-0.610119,0.286845,0.187434,-0.714384
23099076,-0.610284,0.286695,0.187546,-0.714273
23107409,-0.610441,0.286454,0.187731,-0.714187
23115742,-0.610588,0.286202,0.187917,-0.714113
23124075,-0.610674,0.285993,0.188149,-0.714062
23132408,-0.610704,0.285701,0.188401,-0.714087
23140741,-0.610710,0.285453,0.188719,-0.714098
23149074,-0.610724,0.285277,0.188954,-0.714094
23157407,-0.610713,0.285202,0.189151,-0.714081
23165740,-0.610718,0.285095,0.189357,-0.714065
23174073,-0.610605,0.285076,0.189592,-0.714107
23182406,-0.610582,0.284906,0.189841,-0.714128
23190739,-0.610587,0.284950,0.189887,-0.714094
23199072,-0.610552,0.284783,0.190097,-0.714134
23207405,-0.610521,0.284701,0.190291,-0.714142
23215738,-0.610450,0.284631,0.190440,-0.714191
23224071,-0.610393,0.284588,0.190611,-0.714211
23232404,-0.610349,0.284520,0.190707,-0.714250
23240737,-0.610297,0.284404,0.190791,-0.714318
23249070,-0.610262,0.284359,0.190783,-0.714368
23257403,-0.610295,0.284357,0.190744,-0.714352
23265736,-0.610273,0.284264,0.190754,-0.714405
23274069,-0.610237,0.284176,0.190793,-0.714460
23282402,-0.610245,0.284067,0.190770,-0.714503
23290735,-0.610223,0.283933,0.190825,-0.714560
23299068,-0.610211,0.283798,0.190841,-0.714620
23307401,-0.610210,0.283675,0.190830,-0.714672
23315734,-0.610208,0.283583,0.190836,-0.714709
23324067,-0.610200,0.283533,0.190794,-0.714747
23332400,-0.610197,0.283448,0.190793,-0.714783
23340733,-0.610216,0.283327,0.190739,-0.714829
23349066,-0.610253,0.283226,0.190753,-0.714834
23357399,-0.610287,0.283136,0.190752,-0.714841
23365732,-0.610312,0.283104,0.190812,-0.714816
23374065,-0.610351,0.282994,0.190836,-0.714820
23382398,-0.610378,0.282866,0.190825,-0.714851
23390731,-0.610433,0.282798,0.190755,-0.714850
23399064,-0.610485,0.282743,0.190755,-0.714827
23407397,-0.610537,0.282628,0.190810,-0.714813
23415730,-0.610607,0.282522,0.190811,-0.714795
23424063,-0.610642,0.282444,0.190901,-0.714772
23432396,-0.610696,0.282411,0.190950,-0.714726
23440729,-0.610773,0.282312,0.191051,-0.714671
23449062,-0.610780,0.282329,0.191124,-0.714640
23457395,-0.610812,0.282185,0.191290,-0.714625
23465728,-0.610844,0.282093,0.191423,-0.714598
23474061,-0.610886,0.282075,0.191429,-0.714568
23482394,-0.610935,0.282086,0.191487,-0.714506
23490727,-0.610958,0.281999,0.191582,-0.714495
23499060,-0.611017,0.281981,0.191597,-0.714448
23507393,-0.611044,0.281948,0.191592,-0.714439
23515726,-0.611057,0.282005,0.191574,-0.714410
23524059,-0.611084,0.281979,0.191532,-0.714409
23532392,-0.611097,0.281975,0.191529,-0.714400
23540725,-0.611104,0.281909,0.191518,-0.714422
23549058,-0.611085,0.281919,0.191508,-0.714438
23557391,-0.611080,0.281862,0.191480,-0.714472
23565724,-0.611074,0.281852,0.191417,-0.714498
23574057,-0.611073,0.281832,0.191366,-0.714520
23582390,-0.611105,0.281794,0.191304,-0.714525
23590723,-0.611073,0.281807,0.191224,-0.714569
23599056,-0.611118,0.281763,0.191134,-0.714571
23607389,-0.611121,0.281701,0.191128,-0.714595
23615722,-0.611110,0.281642,0.191110,-0.714632
23624055,-0.611093,0.281645,0.191048,-0.714662
23632388,-0.611076,0.281624,0.190979,-0.714703
23640721,-0.611094,0.281613,0.190906,-0.714712
23649054,-0.611113,0.281601,0.190827,-0.714722
23657387,-0.611124,0.281605,0.190732,-0.714736
23665720,-0.611131,0.281598,0.190674,-0.714748
23674053,-0.611194,0.281626,0.190508,-0.714727
23682386,-0.611195,0.281558,0.190535,-0.714746
23690719,-0.611174,0.281579,0.190551,-0.714752
23699052,-0.611158,0.281535,0.190595,-0.714771
23707385,-0.611157,0.281456,0.190626,-0.714795
23715718,-0.611138,0.281406,0.190655,-0.714822
23724051,-0.611128,0.281330,0.190664,-0.714859
23732384,-0.611121,0.281266,0.190693,-0.714882
23740717,-0.611128,0.281213,0.190718,-0.714890
23749050,-0.611153,0.281168,0.190716,-0.714887
23757383,-0.611210,0.281138,0.190680,-0.714860
23765716,-0.611228,0.281104,0.190688,-0.714856
23774049,-0.611255,0.281063,0.190680,-0.714852
23782382,-0.611229,0.281039,0.190680,-0.714882
23790715,-0.611210,0.281045,0.190746,-0.714879
23799048,-0.611148,0.281056,0.190774,-0.714920
23807381,-0.611127,0.281027,0.190804,-0.714941
23815714,-0.611150,0.281042,0.190854,-0.714903
23824047,-0.611136,0.281059,0.190868,-0.714904
23832380,-0.611174,0.281025,0.190862,-0.714886
23840713,-0.611190,0.281036,0.190836,-0.714876
23849046,-0.611188,0.281027,0.190819,-0.714885
23857379,-0.611202,0.281024,0.190821,-0.714874
23865712,-0.611158,0.281056,0.190823,-0.714899
23874045,-0.611184,0.281101,0.190741,-0.714881
23882378,-0.611237,0.281048,0.190687,-0.714870
23890711,-0.611250,0.280989,0.190621,-0.714901
23899044,-0.611286,0.280924,0.190555,-0.714912
23907377,-0.611319,0.280878,0.190486,-0.714920
23915710,-0.611304,0.280857,0.190432,-0.714956
23924043,-0.611334,0.280816,0.190403,-0.714954
23932376,-0.611348,0.280799,0.190363,-0.714959
23940709,-0.611343,0.280792,0.190339,-0.714973
23949042,-0.611363,0.280804,0.190235,-0.714979
23957375,-0.611333,0.280761,0.190292,-0.715007
23965708,-0.611301,0.280736,0.190337,-0.715032
23974041,-0.611271,0.280728,0.190368,-0.715053
23982374,-0.611255,0.280730,0.190410,-0.715053
23990707,-0.611245,0.280704,0.190429,-0.715067
23999040,-0.611274,0.280663,0.190423,-0.715060
24007373,-0.611276,0.280613,0.190400,-0.715085
24015706,-0.611297,0.280567,0.190396,-0.715086
24024039,-0.611302,0.280519,0.190381,-0.715104
24032372,-0.611238,0.280520,0.190429,-0.715146
24040705,-0.611251,0.280452,0.190406,-0.715167
24049038,-0.611270,0.280449,0.190417,-0.715150
24057371,-0.611265,0.280448,0.190412,-0.715156
24065704,-0.611233,0.280442,0.190426,-0.715181
24074037,-0.611208,0.280473,0.190468,-0.715180
24082370,-0.611159,0.280473,0.190487,-0.715216
24090703,-0.611130,0.280497,0.190504,-0.715228
24099036,-0.611116,0.280484,0.190562,-0.715228
24107369,-0.611114,0.280474,0.190608,-0.715222
24115702,-0.611128,0.280450,0.190597,-0.715222
24124035,-0.611177,0.280465,0.190532,-0.715192
24132368,-0.611172,0.280402,0.190614,-0.715199
24140701,-0.611195,0.280351,0.190623,-0.715197
24149034,-0.611246,0.280304,0.190629,-0.715171
24157367,-0.611283,0.280242,0.190570,-0.715178
24165700,-0.611312,0.280214,0.190518,-0.715179
24174033,-0.611339,0.280181,0.190464,-0.715183
24182366,-0.611357,0.280148,0.190476,-0.715177
24190699,-0.611347,0.280127,0.190439,-0.715204
24199032,-0.611353,0.280133,0.190407,-0.715205
24207365,-0.611365,0.280129,0.190351,-0.715212
24215698,-0.611376,0.280148,0.190328,-0.715200
24224031,-0.611388,0.280152,0.190325,-0.715189
24232364,-0.611395,0.280155,0.190305,-0.715188
24240697,-0.611379,0.280203,0.190307,-0.715182
24249030,-0.611388,0.280215,0.190305,-0.715170
24257363,-0.611398,0.280201,0.190290,-0.715171
24265696,-0.611404,0.280204,0.190262,-0.715172
24274029,-0.611401,0.280185,0.190286,-0.715176
24282362,-0.611433,0.280193,0.190268,-0.715150
24290695,-0.611493,0.280163,0.190230,-0.715121
24299028,-0.611500,0.280150,0.190231,-0.715119
24307361,-0.611519,0.280156,0.190202,-0.715109
24315694,-0.611536,0.280144,0.190219,-0.715095
24324027,-0.611549,0.280134,0.190248,-0.715079
24332360,-0.611581,0.280133,0.190246,-0.715053
24340693,-0.611564,0.280189,0.190259,-0.715042
24349026,-0.611544,0.280213,0.190226,-0.715058
24357359,-0.611545,0.280170,0.190238,-0.715071
24365692,-0.611546,0.280178,0.190249,-0.715064
24374025,-0.611546,0.280218,0.190271,-0.715043
24382358,-0.611521,0.280315,0.190271,-0.715026
24390691,-0.611481,0.280348,0.190349,-0.715026
24399024,-0.611483,0.280360,0.190416,-0.715003
24407357,-0.611480,0.280376,0.190455,-0.714989
24415690,-0.611454,0.280383,0.190484,-0.715000
24424023,-0.611428,0.280414,0.190532,-0.714998
24432356,-0.611417,0.280438,0.190533,-0.714998
24440689,-0.611416,0.280439,0.190526,-0.714999
24449022,-0.611402,0.280456,0.190528,-0.715004
24457355,-0.611394,0.280419,0.190529,-0.715025
24465688,-0.611379,0.280446,0.190540,-0.715024
24474021,-0.611393,0.280474,0.190529,-0.715004
24482354,-0.611431,0.280456,0.190465,-0.714996
24490687,-0.611427,0.280432,0.190419,-0.715022
24499020,-0.611439,0.280452,0.190418,-0.715003
24507353,-0.611435,0.280452,0.190413,-0.715008
24515686,-0.611411,0.280467,0.190432,-0.715018
24524019,-0.611392,0.280484,0.190442,-0.715024
24532352,-0.611403,0.280432,0.190427,-0.715039
24540685,-0.611381,0.280442,0.190426,-0.715055
24549018,-0.611360,0.280469,0.190443,-0.715057
24557351,-0.611353,0.280471,0.190441,-0.715063
24565684,-0.611350,0.280488,0.190460,-0.715054
24574017,-0.611325,0.280523,0.190464,-0.715061
24582350,-0.611322,0.280505,0.190462,-0.715071
24590683,-0.611330,0.280496,0.190467,-0.715067
24599016,-0.611342,0.280466,0.190482,-0.715064
24607349,-0.611351,0.280465,0.190457,-0.715063
24615682,-0.611364,0.280458,0.190410,-0.715068
24624015,-0.611372,0.280464,0.190413,-0.715058
24632348,-0.611375,0.280510,0.190380,-0.715045
24640681,-0.611399,0.280499,0.190349,-0.715038
24649014,-0.611382,0.280541,0.190366,-0.715031
24657347,-0.611366,0.280569,0.190370,-0.715032
24665680,-0.611375,0.280606,0.190397,-0.715004
24674013,-0.611353,0.280619,0.190442,-0.715005
24682346,-0.611369,0.280615,0.190449,-0.714991
24690679,-0.611364,0.280649,0.190484,-0.714973
24699012,-0.611371,0.280609,0.190476,-0.714984
24707345,-0.611371,0.280599,0.190500,-0.714982
24715678,-0.611354,0.280593,0.190477,-0.715005
24724011,-0.611394,0.280639,0.190409,-0.714971
24732344,-0.611376,0.280629,0.190392,-0.714995
24740677,-0.611365,0.280568,0.190453,-0.715012
24749010,-0.611387,0.280564,0.190433,-0.715000
24757343,-0.611397,0.280548,0.190420,-0.715001
24765676,-0.611389,0.280543,0.190379,-0.715021
24774009,-0.611388,0.280513,0.190371,-0.715036
24782342,-0.611357,0.280483,0.190429,-0.715058
24790675,-0.611338,0.280471,0.190434,-0.715078
24799008,-0.611317,0.280446,0.190406,-0.715114
24807341,-0.611294,0.280420,0.190434,-0.715136
24815674,-0.611296,0.280436,0.190431,-0.715128
24824007,-0.611280,0.280467,0.190440,-0.715127
24832340,-0.611270,0.280467,0.190437,-0.715137
24840673,-0.611238,0.280471,0.190418,-0.715168
24849006,-0.611257,0.280395,0.190424,-0.715180
24857339,-0.611259,0.280380,0.190432,-0.715182
24865672,-0.611237,0.280395,0.190476,-0.715183
24874005,-0.611227,0.280381,0.190478,-0.715197
24882338,-0.611177,0.280353,0.190666,-0.715200
24890671,-0.611164,0.280311,0.190695,-0.715221
24899004,-0.611181,0.280304,0.190650,-0.715220
24907337,-0.611173,0.280332,0.190636,-0.715220
24915670,-0.611178,0.280340,0.190624,-0.715215
24924003,-0.611188,0.280335,0.190616,-0.715211
24932336,-0.611181,0.280354,0.190668,-0.715196
24940669,-0.611188,0.280320,0.190733,-0.715186
24949002,-0.611193,0.280272,0.190763,-0.715192
24957335,-0.611172,0.280302,0.190779,-0.715195
24965668,-0.611139,0.280310,0.190795,-0.715215
24974001,-0.611117,0.280340,0.190806,-0.715219
24982334,-0.611078,0.280345,0.190848,-0.715239
24990667,-0.611054,0.280356,0.190881,-0.715247
24999000,-0.611038,0.280400,0.190951,-0.715224
25007333,-0.611021,0.280404,0.190992,-0.715227
25015666,-0.611025,0.280396,0.191029,-0.715216
25023999,-0.611030,0.280370,0.191105,-0.715202
25032332,-0.610965,0.280396,0.191220,-0.715216
25040665,-0.610963,0.280426,0.191168,-0.715221
25048998,-0.610985,0.280404,0.191131,-0.715220
25057331,-0.610933,0.280386,0.191178,-0.715259
25065664,-0.610946,0.280364,0.191167,-0.715260
25073997,-0.610960,0.280377,0.191148,-0.715248
25082330,-0.610977,0.280377,0.191102,-0.715245
25090663,-0.610996,0.280372,0.191086,-0.715235
25098996,-0.610982,0.280364,0.191082,-0.715251
25107329,-0.610995,0.280341,0.191071,-0.715252
25115662,-0.610961,0.280388,0.191068,-0.715264
25123995,-0.610961,0.280395,0.191073,-0.715259
25132328,-0.610942,0.280379,0.191101,-0.715275
25140661,-0.610939,0.280390,0.191086,-0.715277
25148994,-0.610944,0.280399,0.191091,-0.715268
25157327,-0.610943,0.280399,0.191079,-0.715271
25165660,-0.610947,0.280399,0.191057,-0.715274
25173993,-0.610958,0.280419,0.191070,-0.715253
25182326,-0.610932,0.280394,0.191094,-0.715279
25190659,-0.610959,0.280389,0.191048,-0.715271
25198992,-0.610961,0.280390,0.191064,-0.715264
25207325,-0.610968,0.280417,0.191029,-0.715257
25215658,-0.610964,0.280421,0.190998,-0.715266
25223991,-0.610963,0.280439,0.191037,-0.715250
25232324,-0.610977,0.280427,0.190996,-0.715254
25240657,-0.610972,0.280509,0.190982,-0.715230
25248990,-0.610986,0.280512,0.191028,-0.715205
25257323,-0.611001,0.280548,0.191059,-0.715169
25265656,-0.610990,0.280541,0.191082,-0.715175
25273989,-0.610980,0.280519,0.191146,-0.715175
25282322,-0.610988,0.280556,0.191134,-0.715157
25290655,-0.610979,0.280599,0.191151,-0.715144
25298988,-0.610955,0.280585,0.191190,-0.715159
25307321,-0.610964,0.280585,0.191175,-0.715155
25315654,-0.610938,0.280563,0.191219,-0.715174
25323987,-0.610923,0.280581,0.191199,-0.715186
25332320,-0.610919,0.280634,0.191167,-0.715177
25340653,-0.610949,0.280590,0.191134,-0.715177
25348986,-0.610953,0.280594,0.191138,-0.715171
25357319,-0.610963,0.280569,0.191118,-0.715177
25365652,-0.610961,0.280580,0.191153,-0.715166
25373985,-0.610928,0.280563,0.191183,-0.715192
25382318,-0.610920,0.280563,0.191157,-0.715207
25390651,-0.610924,0.280570,0.191113,-0.715212
25398984,-0.610904,0.280594,0.191134,-0.715214
25407317,-0.610874,0.280615,0.191164,-0.715223
25415650,-0.610869,0.280609,0.191149,-0.715234
25423983,-0.610880,0.280581,0.191121,-0.715243
25432316,-0.610876,0.280613,0.191079,-0.715246
25440649,-0.610881,0.280621,0.191085,-0.715236
25448982,-0.610895,0.280622,0.191110,-0.715217
25457315,-0.610873,0.280632,0.191117,-0.715230
25465648,-0.610886,0.280689,0.191070,-0.715209
25473981,-0.610893,0.280663,0.191095,-0.715207
25482314,-0.610918,0.280572,0.191114,-0.715216
25490647,-0.610934,0.280568,0.191091,-0.715210
25498980,-0.610935,0.280598,0.191079,-0.715201
25507313,-0.610941,0.280577,0.191137,-0.715189
25515646,-0.610942,0.280583,0.191102,-0.715194
25523979,-0.610982,0.280627,0.191086,-0.715148
25532312,-0.610994,0.280696,0.191061,-0.715116
25540645,-0.610968,0.280737,0.191132,-0.715103
25548978,-0.610981,0.280702,0.191104,-0.715114
25557311,-0.610984,0.280686,0.191087,-0.715122
25565644,-0.610946,0.280697,0.191157,-0.715132
25573977,-0.610923,0.280693,0.191212,-0.715138
25582310,-0.610912,0.280678,0.191227,-0.715149
25590643,-0.610888,0.280727,0.191313,-0.715127
25598976,-0.610880,0.280769,0.191378,-0.715100
25607309,-0.610868,0.280801,0.191434,-0.715084
25615642,-0.610856,0.280839,0.191433,-0.715079
25623975,-0.610833,0.280806,0.191510,-0.715090
25632308,-0.610845,0.280817,0.191533,-0.715070
25640641,-0.610826,0.280814,0.191531,-0.715088
25648974,-0.610835,0.280786,0.191523,-0.715094
25657307,-0.610832,0.280749,0.191579,-0.715096
25665640,-0.610833,0.280767,0.191556,-0.715094
25673973,-0.610834,0.280791,0.191539,-0.715088
25682306,-0.610818,0.280804,0.191492,-0.715109
25690639,-0.610784,0.280820,0.191493,-0.715132
25698972,-0.610753,0.280836,0.191510,-0.715148
25707305,-0.610749,0.280789,0.191478,-0.715178
25715638,-0.610712,0.280786,0.191471,-0.715212
25723971,-0.610677,0.280833,0.191513,-0.715213
25732304,-0.610662,0.280840,0.191498,-0.715226
25740637,-0.610677,0.280873,0.191457,-0.715212
25748970,-0.610667,0.280867,0.191458,-0.715223
25757303,-0.610664,0.280882,0.191428,-0.715228
25765636,-0.610657,0.280880,0.191415,-0.715238
25773969,-0.610670,0.280869,0.191449,-0.715222
25782302,-0.610655,0.280838,0.191461,-0.715244
25790635,-0.610657,0.280840,0.191457,-0.715242
25798968,-0.610656,0.280805,0.191496,-0.715247
25807301,-0.610675,0.280841,0.191456,-0.715227
25815634,-0.610681,0.280812,0.191469,-0.715230
25823967,-0.610676,0.280796,0.191470,-0.715240
25832300,-0.610682,0.280872,0.191456,-0.715208
25840633,-0.610632,0.280918,0.191479,-0.715227
25848966,-0.610657,0.280892,0.191521,-0.715204
25857299,-0.610659,0.280859,0.191597,-0.715195
25865632,-0.610626,0.280869,0.191638,-0.715209
25873965,-0.610644,0.280856,0.191657,-0.715193
25882298,-0.610642,0.280883,0.191663,-0.715183
25890631,-0.610622,0.280899,0.191678,-0.715189
25898964,-0.610628,0.280889,0.191702,-0.715182
25907297,-0.610644,0.280893,0.191668,-0.715176
25915630,-0.610649,0.280889,0.191677,-0.715171
25923963,-0.610669,0.280867,0.191659,-0.715167
25932296,-0.610696,0.280898,0.191592,-0.715150
25940629,-0.610691,0.280816,0.191612,-0.715182
25948962,-0.610685,0.280777,0.191629,-0.715197
25957295,-0.610676,0.280829,0.191602,-0.715191
25965628,-0.610658,0.280798,0.191603,-0.715218
25973961,-0.610628,0.280794,0.191602,-0.715246
25982294,-0.610619,0.280764,0.191590,-0.715269
25990627,-0.610602,0.280779,0.191578,-0.715281
25998960,-0.610604,0.280840,0.191553,-0.715261
26007293,-0.610619,0.280792,0.191550,-0.715268
26015626,-0.610614,0.280837,0.191514,-0.715265
26023959,-0.610599,0.280821,0.191533,-0.715279
26032292,-0.610602,0.280785,0.191543,-0.715287
26040625,-0.610623,0.280754,0.191554,-0.715279
26048958,-0.610610,0.280782,0.191534,-0.715284
26057291,-0.610589,0.280799,0.191518,-0.715300
26065624,-0.610577,0.280820,0.191494,-0.715308
26073957,-0.610574,0.280785,0.191540,-0.715313
26082290,-0.610582,0.280816,0.191542,-0.715293
26090623,-0.610572,0.280771,0.191578,-0.715309
26098956,-0.610578,0.280783,0.191563,-0.715304
26107289,-0.610571,0.280732,0.191593,-0.715321
26115622,-0.610590,0.280693,0.191640,-0.715308
26123955,-0.610608,0.280812,0.191604,-0.715255
26132288,-0.610605,0.280852,0.191628,-0.715236
26140621,-0.610578,0.280852,0.191653,-0.715252
26148954,-0.610611,0.280806,0.191694,-0.715231
26157287,-0.610595,0.280829,0.191713,-0.715231
26165620,-0.610596,0.280813,0.191697,-0.715240
26173953,-0.610567,0.280852,0.191722,-0.715243
26182286,-0.610544,0.280882,0.191767,-0.715239
26190619,-0.610505,0.280954,0.191818,-0.715231
26198952,-0.610500,0.280978,0.191824,-0.715223
26207285,-0.610513,0.280886,0.191906,-0.715226
26215618,-0.610524,0.280913,0.191913,-0.715205
26223951,-0.610531,0.280934,0.191943,-0.715183
26232284,-0.610532,0.281001,0.191853,-0.715179
26240617,-0.610511,0.280952,0.191879,-0.715209
26248950,-0.610490,0.280905,0.191940,-0.715229
26257283,-0.610506,0.280947,0.191905,-0.715209
26265616,-0.610544,0.280932,0.191897,-0.715185
26273949,-0.610555,0.280884,0.191918,-0.715189
26282282,-0.610567,0.280870,0.191893,-0.715190
26290615,-0.610595,0.280843,0.191890,-0.715178
26298948,-0.610579,0.280844,0.191904,-0.715188
26307281,-0.610604,0.280865,0.191825,-0.715179
26315614,-0.610568,0.280770,0.191910,-0.715224
26323947,-0.610583,0.280647,0.191933,-0.715253
26332280,-0.610594,0.280524,0.191937,-0.715291
26340613,-0.610635,0.280332,0.191866,-0.715351
26348946,-0.610723,0.280144,0.191780,-0.715373
26357279,-0.610805,0.279891,0.191707,-0.715420
26365612,-0.610964,0.279510,0.191702,-0.715435
26373945,-0.611185,0.279248,0.191636,-0.715366
26382278,-0.611384,0.279018,0.191634,-0.715287
26390611,-0.611656,0.278636,0.191752,-0.715171
26398944,-0.611974,0.278214,0.191821,-0.715045
26407277,-0.612269,0.277847,0.191953,-0.714900
26415610,-0.612610,0.277415,0.192146,-0.714724
26423943,-0.612951,0.276953,0.192324,-0.714563
26432276,-0.613301,0.276519,0.192585,-0.714360
26440609,-0.613669,0.276036,0.192904,-0.714145
26448942,-0.614077,0.275478,0.193216,-0.713925
26457275,-0.614412,0.274990,0.193576,-0.713727
26465608,-0.614652,0.274576,0.193953,-0.713578
26473941,-0.614850,0.274186,0.194376,-0.713442
26482274,-0.615045,0.273780,0.194847,-0.713301
26490607,-0.615226,0.273482,0.195213,-0.713160
26498940,-0.615373,0.273138,0.195569,-0.713067
26507273,-0.615496,0.272876,0.195818,-0.712993
26515606,-0.615583,0.272532,0.196169,-0.712952
26523939,-0.615641,0.272241,0.196415,-0.712947
26532272,-0.615680,0.271991,0.196611,-0.712954
26540605,-0.615688,0.271812,0.196823,-0.712956
26548938,-0.615594,0.271644,0.197138,-0.713015
26557271,-0.615473,0.271410,0.197450,-0.713122
26565604,-0.615306,0.271218,0.197711,-0.713267
26573937,-0.615140,0.271083,0.198006,-0.713379
26582270,-0.614969,0.270890,0.198253,-0.713531
26590603,-0.614760,0.270787,0.198591,-0.713657
26598936,-0.614508,0.270577,0.198998,-0.713840
26607269,-0.614268,0.270501,0.199289,-0.713995
26615602,-0.614076,0.270443,0.199514,-0.714119
26623935,-0.613923,0.270352,0.199719,-0.714228
26632268,-0.613832,0.270208,0.199947,-0.714296
26640601,-0.613725,0.270043,0.200175,-0.714387
26648934,-0.613573,0.269943,0.200397,-0.714493
26657267,-0.613448,0.269953,0.200572,-0.714547
26665600,-0.613326,0.269948,0.200716,-0.714613
26673933,-0.613171,0.269787,0.200981,-0.714733
26682266,-0.613025,0.269659,0.201192,-0.714847
26690599,-0.612856,0.269605,0.201362,-0.714965
26698932,-0.612714,0.269561,0.201583,-0.715041
26707265,-0.612599,0.269491,0.201793,-0.715106
26715598,-0.612448,0.269455,0.202172,-0.715142
26723931,-0.612334,0.269317,0.202533,-0.715189
26732264,-0.612199,0.269170,0.202895,-0.715257
26740597,-0.612064,0.269040,0.203244,-0.715323
26748930,-0.611920,0.268974,0.203594,-0.715372
26757263,-0.611780,0.268943,0.204016,-0.715383
26765596,-0.611676,0.268772,0.204361,-0.715437
26773929,-0.611571,0.268700,0.204659,-0.715469
26782262,-0.611421,0.268593,0.205000,-0.715540
26790595,-0.611316,0.268402,0.205488,-0.715561
26798928,-0.611287,0.268110,0.205907,-0.715575
26807261,-0.611165,0.268003,0.206294,-0.715608
26815594,-0.611123,0.267801,0.206662,-0.715614
26823927,-0.611100,0.267574,0.207095,-0.715592
26832260,-0.611014,0.267375,0.207581,-0.715600
26840593,-0.610944,0.267090,0.207975,-0.715651
26848926,-0.610924,0.266868,0.208391,-0.715630
26857259,-0.610863,0.266575,0.208966,-0.715623
26865592,-0.610724,0.266468,0.209484,-0.715631
26873925,-0.610591,0.266428,0.209831,-0.715658
26882258,-0.610465,0.266317,0.210337,-0.715658
26890591,-0.610307,0.265973,0.211071,-0.715704
26898924,-0.610218,0.265762,0.211357,-0.715774
26907257,-0.610099,0.265528,0.211798,-0.715832
26915590,-0.609963,0.265387,0.212176,-0.715888
26923923,-0.609829,0.265134,0.212699,-0.715941
26932256,-0.609662,0.264940,0.213368,-0.715956
26940589,-0.609513,0.264798,0.213899,-0.715977
26948922,-0.609382,0.264656,0.214556,-0.715945
26957255,-0.609202,0.264573,0.215151,-0.715950
26965588,-0.609001,0.264391,0.215704,-0.716022
26973921,-0.608834,0.264284,0.216384,-0.715998
26982254,-0.608620,0.264201,0.217094,-0.715995
26990587,-0.608466,0.264007,0.217709,-0.716011
26998920,-0.608299,0.263875,0.218335,-0.716012
27007253,-0.608072,0.263836,0.219001,-0.716016
27015586,-0.607829,0.263824,0.219803,-0.715980
27023919,-0.607608,0.263856,0.220644,-0.715897
27032252,-0.607401,0.263890,0.221424,-0.715819
27040585,-0.607209,0.263867,0.221980,-0.715819
27048918,-0.607022,0.263832,0.222651,-0.715782
27057251,-0.606840,0.263835,0.223175,-0.715772
27065584,-0.606704,0.263781,0.223784,-0.715717
27073917,-0.606470,0.263867,0.224283,-0.715727
27082250,-0.606238,0.263792,0.224870,-0.715768
27090583,-0.605962,0.263841,0.225542,-0.715771
27098916,-0.605693,0.263878,0.226119,-0.715803
27107249,-0.605487,0.263870,0.226732,-0.715787
27115582,-0.605279,0.263906,0.227379,-0.715744
27123915,-0.605049,0.264010,0.227835,-0.715756
27132248,-0.604857,0.264107,0.228178,-0.715772
27140581,-0.604677,0.264153,0.228619,-0.715767
27148914,-0.604488,0.264266,0.228954,-0.715778
27157247,-0.604358,0.264300,0.229345,-0.715750
27165580,-0.604213,0.264320,0.229751,-0.715735
27173913,-0.604009,0.264432,0.230178,-0.715728
27182246,-0.603859,0.264465,0.230519,-0.715733
27190579,-0.603760,0.264456,0.230843,-0.715715
27198912,-0.603662,0.264388,0.231142,-0.715727
27207245,-0.603594,0.264270,0.231377,-0.715752
27215578,-0.603524,0.264261,0.231641,-0.715728
27223911,-0.603433,0.264231,0.231839,-0.715752
27232244,-0.603356,0.264225,0.232064,-0.715746
27240577,-0.603307,0.264213,0.232231,-0.715738
27248910,-0.603212,0.264184,0.232378,-0.715781
27257243,-0.603123,0.264135,0.232683,-0.715775
27265576,-0.603010,0.264168,0.232863,-0.715799
27273909,-0.602911,0.264164,0.233093,-0.715810
27282242,-0.602864,0.264120,0.233270,-0.715808
27290575,-0.602735,0.264086,0.233410,-0.715883
27298908,-0.602662,0.264065,0.233516,-0.715918
27307241,-0.602580,0.264030,0.233663,-0.715952
27315574,-0.602513,0.263978,0.233829,-0.715974
27323907,-0.602409,0.263935,0.233985,-0.716026
27332240,-0.602346,0.263868,0.234134,-0.716055
27340573,-0.602217,0.263807,0.234341,-0.716118
27348906,-0.602078,0.263771,0.234539,-0.716183
27357239,-0.601947,0.263716,0.234711,-0.716257
27365572,-0.601772,0.263640,0.234950,-0.716354
27373905,-0.601600,0.263683,0.235168,-0.716411
27382238,-0.601461,0.263582,0.235374,-0.716497
27390571,-0.601237,0.263688,0.235605,-0.716571
27398904,-0.601062,0.263577,0.235869,-0.716671
27407237,-0.600890,0.263585,0.236079,-0.716743
27415570,-0.600662,0.263636,0.236382,-0.716816
27423903,-0.600463,0.263674,0.236608,-0.716894
27432236,-0.600274,0.263667,0.236840,-0.716978
27440569,-0.600139,0.263615,0.237047,-0.717042
27448902,-0.599968,0.263621,0.237168,-0.717143
27457235,-0.599828,0.263574,0.237296,-0.717235
27465568,-0.599669,0.263543,0.237422,-0.717337
27473901,-0.599555,0.263555,0.237556,-0.717384
27482234,-0.599456,0.263558,0.237652,-0.717434
27490567,-0.599324,0.263576,0.237816,-0.717483
27498900,-0.599230,0.263612,0.237918,-0.717515
27507233,-0.599162,0.263648,0.237999,-0.717531
27515566,-0.599081,0.263620,0.238129,-0.717567
27523899,-0.599017,0.263626,0.238195,-0.717596
27532232,-0.598971,0.263690,0.238209,-0.717606
27540565,-0.598946,0.263784,0.238190,-0.717598
27548898,-0.598971,0.263824,0.238231,-0.717549
27557231,-0.598960,0.263913,0.238334,-0.717492
27565564,-0.598964,0.264044,0.238342,-0.717437
27573897,-0.598937,0.264148,0.238338,-0.717422
27582230,-0.598945,0.264220,0.238341,-0.717388
27590563,-0.599003,0.264268,0.238358,-0.717317
27598896,-0.599108,0.264319,0.238276,-0.717238
27607229,-0.599194,0.264400,0.238189,-0.717165
27615562,-0.599230,0.264583,0.238207,-0.717061
27623895,-0.599314,0.264711,0.238145,-0.716964
27632228,-0.599413,0.264876,0.238101,-0.716835
27640561,-0.599508,0.264995,0.238060,-0.716726
27648894,-0.599571,0.265198,0.238064,-0.716596
27657227,-0.599674,0.265321,0.238015,-0.716481
27665560,-0.599747,0.265394,0.238010,-0.716394
27673893,-0.599855,0.265441,0.237947,-0.716307
27682226,-0.599898,0.265589,0.237911,-0.716229
27690559,-0.599985,0.265723,0.237879,-0.716117
27698892,-0.600024,0.265938,0.237926,-0.715989
27707225,-0.600096,0.266031,0.237876,-0.715910
27715558,-0.600164,0.266133,0.237830,-0.715831
27723891,-0.600227,0.266286,0.237784,-0.715736
27732224,-0.600309,0.266230,0.237772,-0.715692
27740557,-0.600339,0.266332,0.237794,-0.715621
27748890,-0.600380,0.266416,0.237783,-0.715559
27757223,-0.600408,0.266536,0.237790,-0.715489
27765556,-0.600432,0.266635,0.237810,-0.715425
27773889,-0.600467,0.266696,0.237826,-0.715368
27782222,-0.600490,0.266805,0.237837,-0.715304
27790555,-0.600536,0.266855,0.237879,-0.715233
27798888,-0.600525,0.266920,0.237987,-0.715182
27807221,-0.600524,0.266996,0.238071,-0.715126
27815554,-0.600487,0.267149,0.238160,-0.715072
27823887,-0.600430,0.267219,0.238241,-0.715066
27832220,-0.600427,0.267228,0.238303,-0.715044
27840553,-0.600419,0.267276,0.238335,-0.715023
27848886,-0.600332,0.267378,0.238368,-0.715046
27857219,-0.600295,0.267397,0.238442,-0.715046
27865552,-0.600251,0.267456,0.238464,-0.715053
27873885,-0.600189,0.267495,0.238512,-0.715074
27882218,-0.600138,0.267596,0.238566,-0.715061
27890551,-0.600095,0.267645,0.238632,-0.715058
27898884,-0.599911,0.267808,0.238769,-0.715105
27907217,-0.599882,0.267810,0.238882,-0.715091
27915550,-0.599841,0.267885,0.238920,-0.715085
27923883,-0.599779,0.267935,0.238984,-0.715096
27932216,-0.599660,0.268026,0.239155,-0.715105
27940549,-0.599610,0.268091,0.239241,-0.715093
27948882,-0.599593,0.268104,0.239327,-0.715074
27957215,-0.599568,0.268150,0.239381,-0.715060
27965548,-0.599536,0.268240,0.239451,-0.715029
27973881,-0.599517,0.268324,0.239570,-0.714973
27982214,-0.599486,0.268458,0.239661,-0.714919
27990547,-0.599479,0.268517,0.239688,-0.714894
27998880,-0.599495,0.268561,0.239728,-0.714850
28007213,-0.599466,0.268657,0.239764,-0.714827
28015546,-0.599463,0.268719,0.239800,-0.714794
28023879,-0.599464,0.268744,0.239820,-0.714777
28032212,-0.599491,0.268765,0.239806,-0.714751
28040545,-0.599501,0.268822,0.239802,-0.714722
28048878,-0.599498,0.268861,0.239828,-0.714702
28057211,-0.599478,0.268947,0.239818,-0.714690
28065544,-0.599474,0.269033,0.239821,-0.714659
28073877,-0.599466,0.269061,0.239883,-0.714635
28082210,-0.599446,0.269111,0.239922,-0.714620
28090543,-0.599447,0.269157,0.239961,-0.714588
28098876,-0.599457,0.269189,0.239985,-0.714560
28107209,-0.599441,0.269248,0.240010,-0.714543
28115542,-0.599442,0.269287,0.240053,-0.714513
28123875,-0.599467,0.269329,0.240018,-0.714488
28132208,-0.599438,0.269390,0.240072,-0.714471
28140541,-0.599451,0.269428,0.240076,-0.714444
28148874,-0.599452,0.269455,0.240109,-0.714422
28157207,-0.599427,0.269537,0.240167,-0.714393
28165540,-0.599423,0.269594,0.240177,-0.714371
28173873,-0.599414,0.269606,0.240179,-0.714374
28182206,-0.599366,0.269715,0.240188,-0.714369
28190539,-0.599371,0.269765,0.240246,-0.714327
28198872,-0.599401,0.269758,0.240246,-0.714304
28207205,-0.599372,0.269821,0.240257,-0.714302
28215538,-0.599334,0.269862,0.240320,-0.714297
28223871,-0.599315,0.269873,0.240365,-0.714293
28232204,-0.599249,0.269929,0.240409,-0.714312
28240537,-0.599222,0.269958,0.240428,-0.714318
28248870,-0.599208,0.269980,0.240477,-0.714305
28257203,-0.599208,0.270003,0.240517,-0.714283
28265536,-0.599188,0.270024,0.240533,-0.714287
28273869,-0.599201,0.269980,0.240530,-0.714293
28282202,-0.599170,0.269995,0.240592,-0.714292
28290535,-0.599150,0.269998,0.240639,-0.714292
28298868,-0.599136,0.270013,0.240648,-0.714295
28307201,-0.599126,0.270043,0.240701,-0.714275
28315534,-0.599107,0.270039,0.240716,-0.714286
28323867,-0.599084,0.270050,0.240751,-0.714291
28332200,-0.599063,0.270040,0.240783,-0.714300
28340533,-0.599019,0.270098,0.240818,-0.714303
28348866,-0.599042,0.270040,0.240826,-0.714303
28357199,-0.599076,0.269993,0.240855,-0.714283
28365532,-0.599000,0.270068,0.240903,-0.714302
28373865,-0.598970,0.270116,0.240945,-0.714295
28382198,-0.598983,0.270097,0.240952,-0.714289
28390531,-0.598958,0.270099,0.240942,-0.714313
28398864,-0.598937,0.270086,0.240946,-0.714334
28407197,-0.598929,0.270101,0.240924,-0.714342
28415530,-0.598951,0.270088,0.240901,-0.714336
28423863,-0.598956,0.270073,0.240856,-0.714354
28432196,-0.599017,0.270015,0.240847,-0.714327
28440529,-0.599015,0.270035,0.240834,-0.714326
28448862,-0.599015,0.270016,0.240813,-0.714340
28457195,-0.599062,0.269970,0.240855,-0.714303
28465528,-0.599069,0.269965,0.240860,-0.714298
28473861,-0.599079,0.269926,0.240860,-0.714304
28482194,-0.599101,0.269920,0.240855,-0.714290
28490527,-0.599094,0.269921,0.240840,-0.714301
28498860,-0.599086,0.269900,0.240821,-0.714322
28507193,-0.599055,0.269928,0.240839,-0.714331
28515526,-0.598953,0.270036,0.240830,-0.714378
28523859,-0.598929,0.270065,0.240876,-0.714372
28532192,-0.598919,0.270056,0.240913,-0.714372
28540525,-0.598864,0.269996,0.240940,-0.714431
28548858,-0.598882,0.269956,0.240928,-0.714435
28557191,-0.598836,0.270048,0.240995,-0.714417
28565524,-0.598795,0.270036,0.240998,-0.714455
28573857,-0.598817,0.270007,0.240974,-0.714455
28582190,-0.598827,0.269985,0.240925,-0.714471
28590523,-0.598842,0.269926,0.240895,-0.714491
28598856,-0.598877,0.269860,0.240919,-0.714479
28607189,-0.598861,0.269886,0.240887,-0.714493
28615522,-0.598844,0.269936,0.240846,-0.714502
28623855,-0.598824,0.269914,0.240819,-0.714536
28632188,-0.598828,0.269835,0.240779,-0.714576
28640521,-0.598809,0.269842,0.240784,-0.714588
28648854,-0.598767,0.269904,0.240845,-0.714580
28657187,-0.598741,0.269927,0.240855,-0.714589
28665520,-0.598754,0.269873,0.240861,-0.714597
28673853,-0.598787,0.269835,0.240829,-0.714594
28682186,-0.598717,0.269893,0.240823,-0.714633
28690519,-0.598725,0.269880,0.240801,-0.714639
28698852,-0.598776,0.269839,0.240756,-0.714627
28707185,-0.598735,0.269900,0.240725,-0.714648
28715518,-0.598715,0.269931,0.240705,-0.714660
28723851,-0.598725,0.269972,0.240696,-0.714639
28732184,-0.598750,0.269942,0.240678,-0.714635
28740517,-0.598773,0.269936,0.240630,-0.714634
28748850,-0.598739,0.269972,0.240613,-0.714655
28757183,-0.598791,0.269855,0.240546,-0.714678
28765516,-0.598778,0.269890,0.240584,-0.714663
28773849,-0.598791,0.269940,0.240556,-0.714643
28782182,-0.598770,0.269978,0.240556,-0.714646
28790515,-0.598770,0.269975,0.240559,-0.714646
28798848,-0.598723,0.270029,0.240610,-0.714648
28807181,-0.598705,0.270055,0.240651,-0.714639
28815514,-0.598713,0.270119,0.240645,-0.714611
28823847,-0.598702,0.270095,0.240597,-0.714645
28832180,-0.598710,0.270081,0.240617,-0.714637
28840513,-0.598689,0.270103,0.240655,-0.714633
28848846,-0.598704,0.270097,0.240664,-0.714620
28857179,-0.598684,0.270076,0.240638,-0.714653
28865512,-0.598718,0.270059,0.240624,-0.714636
28873845,-0.598732,0.270061,0.240612,-0.714628
28882178,-0.598766,0.270031,0.240575,-0.714623
28890511,-0.598763,0.270051,0.240565,-0.714621
28898844,-0.598749,0.270068,0.240524,-0.714641
28907177,-0.598732,0.270097,0.240511,-0.714649
28915510,-0.598753,0.270099,0.240462,-0.714646
28923843,-0.598771,0.270117,0.240428,-0.714636
28932176,-0.598770,0.270107,0.240432,-0.714640
28940509,-0.598738,0.270125,0.240425,-0.714661
28948842,-0.598744,0.270183,0.240422,-0.714635
28957175,-0.598739,0.270162,0.240403,-0.714654
28965508,-0.598740,0.270146,0.240431,-0.714650
28973841,-0.598786,0.270120,0.240383,-0.714637
28982174,-0.598737,0.270163,0.240424,-0.714649
28990507,-0.598726,0.270139,0.240411,-0.714671
28998840,-0.598731,0.270166,0.240363,-0.714672
29007173,-0.598754,0.270133,0.240373,-0.714663
29015506,-0.598768,0.270118,0.240364,-0.714659
29023839,-0.598778,0.270131,0.240364,-0.714646
29032172,-0.598776,0.270108,0.240399,-0.714645
29040505,-0.598787,0.270053,0.240459,-0.714637
29048838,-0.598793,0.270104,0.240440,-0.714618
29057171,-0.598783,0.270083,0.240443,-0.714634
29065504,-0.598788,0.270067,0.240468,-0.714628
29073837,-0.598775,0.270104,0.240517,-0.714608
29082170,-0.598749,0.270098,0.240556,-0.714618
29090503,-0.598714,0.270122,0.240566,-0.714636
29098836,-0.598661,0.270123,0.240616,-0.714662
29107169,-0.598646,0.270143,0.240606,-0.714671
29115502,-0.598627,0.270148,0.240635,-0.714676
29123835,-0.598602,0.270155,0.240682,-0.714678
29132168,-0.598548,0.270208,0.240740,-0.714683
29140501,-0.598553,0.270250,0.240750,-0.714660
29148834,-0.598529,0.270259,0.240755,-0.714675
29157167,-0.598517,0.270244,0.240782,-0.714682
29165500,-0.598502,0.270209,0.240802,-0.714700
29173833,-0.598509,0.270210,0.240774,-0.714704
29182166,-0.598500,0.270199,0.240773,-0.714716
29190499,-0.598508,0.270166,0.240768,-0.714724
29198832,-0.598496,0.270177,0.240770,-0.714728
29207165,-0.598500,0.270142,0.240795,-0.714730
29215498,-0.598475,0.270165,0.240768,-0.714751
29223831,-0.598497,0.270149,0.240747,-0.714746
29232164,-0.598513,0.270195,0.240699,-0.714731
29240497,-0.598524,0.270190,0.240763,-0.714702
29248830,-0.598538,0.270149,0.240789,-0.714698
29257163,-0.598520,0.270174,0.240794,-0.714701
29265496,-0.598504,0.270186,0.240769,-0.714719
29273829,-0.598498,0.270110,0.240807,-0.714739
29282162,-0.598480,0.270130,0.240856,-0.714731
29290495,-0.598452,0.270171,0.240856,-0.714738
29298828,-0.598458,0.270204,0.240827,-0.714731
29307161,-0.598480,0.270151,0.240853,-0.714724
29315494,-0.598474,0.270179,0.240843,-0.714722
29323827,-0.598453,0.270217,0.240842,-0.714725
29332160,-0.598448,0.270264,0.240862,-0.714704
29340493,-0.598437,0.270281,0.240870,-0.714705
29348826,-0.598451,0.270270,0.240855,-0.714702
29357159,-0.598436,0.270246,0.240881,-0.714715
29365492,-0.598438,0.270246,0.240905,-0.714706
29373825,-0.598404,0.270329,0.240970,-0.714681
29382158,-0.598385,0.270382,0.240977,-0.714674
29390491,-0.598347,0.270384,0.241036,-0.714685
29398824,-0.598325,0.270416,0.241105,-0.714668
29407157,-0.598322,0.270411,0.241114,-0.714670
29415490,-0.598347,0.270384,0.241144,-0.714649
29423823,-0.598318,0.270419,0.241160,-0.714654
29432156,-0.598309,0.270448,0.241189,-0.714641
29440489,-0.598341,0.270406,0.241170,-0.714636
29448822,-0.598358,0.270399,0.241135,-0.714637
29457155,-0.598372,0.270395,0.241133,-0.714628
29465488,-0.598378,0.270391,0.241136,-0.714623
29473821,-0.598377,0.270379,0.241085,-0.714646
29482154,-0.598402,0.270375,0.241053,-0.714637
29490487,-0.598385,0.270353,0.241086,-0.714649
29498820,-0.598400,0.270360,0.241093,-0.714630
29507153,-0.598391,0.270393,0.241098,-0.714624
29515486,-0.598377,0.270452,0.241091,-0.714615
29523819,-0.598371,0.270466,0.241115,-0.714607
29532152,-0.598350,0.270485,0.241125,-0.714615
29540485,-0.598352,0.270542,0.241101,-0.714599
29548818,-0.598317,0.270603,0.241093,-0.714608
29557151,-0.598366,0.270547,0.241069,-0.714596
29565484,-0.598377,0.270519,0.241070,-0.714597
29573817,-0.598387,0.270495,0.241019,-0.714616
29582150,-0.598413,0.270508,0.241002,-0.714595
29590483,-0.598427,0.270534,0.241001,-0.714574
29598816,-0.598470,0.270545,0.240985,-0.714538
29607149,-0.598494,0.270554,0.240964,-0.714522
29615482,-0.598498,0.270535,0.240905,-0.714546
29623815,-0.598494,0.270603,0.240880,-0.714532
29632148,-0.598520,0.270628,0.240833,-0.714517
29640481,-0.598579,0.270619,0.240815,-0.714476
29648814,-0.598616,0.270610,0.240750,-0.714470
29657147,-0.598623,0.270664,0.240716,-0.714456
29665480,-0.598640,0.270751,0.240679,-0.714421
29673813,-0.598614,0.270807,0.240685,-0.714420
29682146,-0.598613,0.270867,0.240626,-0.714418
29690479,-0.598599,0.270973,0.240536,-0.714420
29698812,-0.598587,0.271060,0.240447,-0.714427
29707145,-0.598549,0.271124,0.240418,-0.714444
29715478,-0.598583,0.271222,0.240273,-0.714427
29723811,-0.598583,0.271264,0.240210,-0.714432
29732144,-0.598544,0.271459,0.240167,-0.714405
29740477,-0.598482,0.271551,0.240113,-0.714440
29748810,-0.598446,0.271614,0.240005,-0.714483
29757143,-0.598461,0.271683,0.239878,-0.714487
29765476,-0.598439,0.271721,0.239827,-0.714508
29773809,-0.598419,0.271747,0.239787,-0.714528
29782142,-0.598416,0.271776,0.239749,-0.714533
29790475,-0.598320,0.271762,0.239821,-0.714594
29798808,-0.598312,0.271750,0.239745,-0.714631
29807141,-0.598317,0.271771,0.239637,-0.714655
29815474,-0.598410,0.271875,0.239306,-0.714649
29823807,-0.598407,0.271854,0.239349,-0.714644
29832140,-0.598414,0.271884,0.239296,-0.714645
29840473,-0.598542,0.271866,0.239036,-0.714632
29848806,-0.598610,0.271854,0.238940,-0.714611
29857139,-0.598569,0.271913,0.238974,-0.714611
29865472,-0.598571,0.271964,0.239012,-0.714578
29873805,-0.598595,0.271918,0.238932,-0.714602
29882138,-0.598663,0.271954,0.238744,-0.714594
29890471,-0.598693,0.271991,0.238614,-0.714598
29898804,-0.598745,0.272011,0.238508,-0.714583
29907137,-0.598790,0.272100,0.238385,-0.714552
29915470,-0.598780,0.272206,0.238253,-0.714564
29923803,-0.598787,0.272242,0.238146,-0.714580
29932136,-0.598744,0.272341,0.237980,-0.714634
29940469,-0.598745,0.272377,0.237895,-0.714648
29948802,-0.598690,0.272431,0.237794,-0.714707
29957135,-0.598613,0.272537,0.237660,-0.714775
29965468,-0.598564,0.272605,0.237505,-0.714842
29973801,-0.598484,0.272700,0.237332,-0.714930
29982134,-0.598370,0.272757,0.237291,-0.715018
29990467,-0.598348,0.272766,0.237181,-0.715069
29998800,-0.598338,0.272863,0.236908,-0.715131
30007133,-0.598223,0.272932,0.236851,-0.715219
30015466,-0.598159,0.272927,0.236760,-0.715305
30023799,-0.598086,0.272878,0.236647,-0.715422
30032132,-0.598038,0.272927,0.236409,-0.715522
30040465,-0.597964,0.273009,0.236212,-0.715618
30048798,-0.597887,0.273097,0.235963,-0.715731
30057131,-0.597854,0.273085,0.235776,-0.715824
30065464,-0.597796,0.273075,0.235631,-0.715925
30073797,-0.597772,0.273031,0.235445,-0.716023
30082130,-0.597763,0.273035,0.235345,-0.716061
30090463,-0.597728,0.273128,0.235268,-0.716080
30098796,-0.597661,0.273161,0.235232,-0.716136
30107129,-0.597616,0.273179,0.235218,-0.716171
30115462,-0.597594,0.273225,0.235199,-0.716178
30123795,-0.597541,0.273353,0.235142,-0.716192
30132128,-0.597499,0.273448,0.235074,-0.716214
30140461,-0.597501,0.273482,0.235031,-0.716213
30148794,-0.597471,0.273548,0.235056,-0.716204
30157127,-0.597431,0.273546,0.235134,-0.716213
30165460,-0.597384,0.273611,0.235153,-0.716221
30173793,-0.597337,0.273664,0.235217,-0.716219
30182126,-0.597276,0.273674,0.235284,-0.716244
30190459,-0.597231,0.273587,0.235375,-0.716285
30198792,-0.597130,0.273585,0.235451,-0.716345
30207125,-0.597059,0.273619,0.235523,-0.716367
30215458,-0.596990,0.273618,0.235616,-0.716394
30223791,-0.596975,0.273523,0.235687,-0.716420
30232124,-0.596952,0.273474,0.235802,-0.716420
30240457,-0.596963,0.273383,0.235904,-0.716412
30248790,-0.596993,0.273272,0.236023,-0.716390
30257123,-0.597031,0.273152,0.236174,-0.716355
30265456,-0.597120,0.273029,0.236344,-0.716271
30273789,-0.597267,0.272847,0.236449,-0.716183
30282122,-0.597427,0.272585,0.236515,-0.716128
30290455,-0.597576,0.272420,0.236621,-0.716031
30298788,-0.597775,0.272203,0.236690,-0.715925
30307121,-0.597962,0.272082,0.236708,-0.715809
30315454,-0.598149,0.271960,0.236710,-0.715698
30323787,-0.598344,0.271821,0.236679,-0.715598
30332120,-0.598582,0.271682,0.236652,-0.715461
30340453,-0.598787,0.271538,0.236639,-0.715348
30348786,-0.598909,0.271323,0.236691,-0.715311
30357119,-0.598990,0.271112,0.236868,-0.715264
30365452,-0.599125,0.270814,0.237090,-0.715191
30373785,-0.599262,0.270493,0.237349,-0.715112
30382118,-0.599397,0.270112,0.237651,-0.715042
30390451,-0.599578,0.269668,0.238011,-0.714938
30398784,-0.599774,0.269198,0.238373,-0.714830
30407117,-0.599983,0.268664,0.238705,-0.714745
30415450,-0.600200,0.268069,0.239036,-0.714675
30423783,-0.600375,0.267349,0.239349,-0.714693
30432116,-0.600534,0.266690,0.239688,-0.714692
30440449,-0.600822,0.265897,0.240094,-0.714609
30448782,-0.601001,0.265186,0.240453,-0.714602
30457115,-0.601155,0.264426,0.240765,-0.714649
30465448,-0.601227,0.263694,0.241145,-0.714731
30473781,-0.601339,0.262892,0.241517,-0.714807
30482114,-0.601445,0.262085,0.242037,-0.714838
30490447,-0.601592,0.261235,0.242523,-0.714861
30498780,-0.601709,0.260488,0.243029,-0.714863
30507113,-0.601828,0.259648,0.243615,-0.714869
30515446,-0.601958,0.258845,0.244108,-0.714883
30523779,-0.602059,0.258162,0.244661,-0.714855
30532112,-0.602235,0.257408,0.245171,-0.714804
30540445,-0.602403,0.256632,0.245626,-0.714785
30548778,-0.602574,0.255817,0.246086,-0.714776
30557111,-0.602693,0.255060,0.246623,-0.714761
30565444,-0.602812,0.254315,0.247200,-0.714727
30573777,-0.603012,0.253537,0.247697,-0.714662
30582110,-0.603200,0.252829,0.248200,-0.714579
30590443,-0.603413,0.252143,0.248664,-0.714481
30598776,-0.603602,0.251596,0.249094,-0.714365
30607109,-0.603761,0.251160,0.249475,-0.714250
30615442,-0.603921,0.250712,0.249807,-0.714156
30623775,-0.604104,0.250005,0.250204,-0.714110
30632108,-0.604242,0.249279,0.250673,-0.714083
30640441,-0.604406,0.248729,0.251051,-0.714003
30648774,-0.604536,0.248245,0.251478,-0.713912
30657107,-0.604696,0.247686,0.251907,-0.713818
30665440,-0.604888,0.247038,0.252367,-0.713718
30673773,-0.605046,0.246525,0.252922,-0.713566
30682106,-0.605263,0.246164,0.253530,-0.713290
30690439,-0.605613,0.245738,0.254119,-0.712930
30698772,-0.606017,0.245332,0.254652,-0.712536
30707105,-0.606465,0.244891,0.255249,-0.712093
30715438,-0.607075,0.244464,0.255844,-0.711507
30723771,-0.607700,0.243828,0.256560,-0.710933
30732104,-0.608427,0.243041,0.257085,-0.710391
30740437,-0.609038,0.242497,0.257919,-0.709750
30748770,-0.609729,0.241777,0.258794,-0.709084
30757103,-0.610574,0.240855,0.259759,-0.708317
30765436,-0.611413,0.239887,0.260692,-0.707579
30773769,-0.612258,0.238921,0.261700,-0.706803
30782102,-0.613066,0.238142,0.262734,-0.705981
30790435,-0.613849,0.237339,0.263789,-0.705177
30798768,-0.614585,0.236666,0.264958,-0.704323
30807101,-0.615306,0.236119,0.266019,-0.703477
30815434,-0.616022,0.235694,0.267186,-0.702550
30823767,-0.616755,0.235135,0.268397,-0.701632
30832100,-0.617478,0.234648,0.269727,-0.700649
30840433,-0.618097,0.234054,0.271300,-0.699693
30848766,-0.618662,0.233604,0.273224,-0.698595
30857099,-0.619403,0.232877,0.275018,-0.697477
30865432,-0.620056,0.232176,0.276805,-0.696422
30873765,-0.620733,0.231444,0.278635,-0.695332
30882098,-0.621345,0.230997,0.280599,-0.694144
30890431,-0.621774,0.230646,0.282820,-0.692974
30898764,-0.622240,0.230395,0.285014,-0.691739
30907097,-0.622825,0.230096,0.287064,-0.690463
30915430,-0.623397,0.229591,0.289220,-0.689214
30923763,-0.623724,0.229396,0.291524,-0.688012
30932096,-0.624184,0.229256,0.293668,-0.686728
30940429,-0.624690,0.228983,0.296056,-0.685332
30948762,-0.625199,0.228796,0.298529,-0.683855
30957095,-0.625572,0.228944,0.300838,-0.682452
30965428,-0.625931,0.228918,0.302996,-0.681176
30973761,-0.626378,0.228585,0.304974,-0.679993
30982094,-0.627054,0.228108,0.306773,-0.678720
30990427,-0.627808,0.227816,0.308112,-0.677513
30998760,-0.628497,0.228006,0.309190,-0.676319
31007093,-0.629089,0.228150,0.310478,-0.675128
31015426,-0.629850,0.228007,0.311734,-0.673887
31023759,-0.630352,0.228473,0.313009,-0.672667
31032092,-0.630976,0.228824,0.314208,-0.671403
31040425,-0.631713,0.229140,0.315461,-0.670013
31048758,-0.632485,0.229504,0.316760,-0.668545
31057091,-0.633392,0.229854,0.318007,-0.666974
31065424,-0.634325,0.230320,0.319130,-0.665387
31073757,-0.635211,0.230627,0.320231,-0.663906
31082090,-0.636228,0.230898,0.321307,-0.662315
31090423,-0.637045,0.231154,0.322558,-0.660832
31098756,-0.637845,0.231520,0.323603,-0.659419
31107089,-0.638603,0.231752,0.324706,-0.658060
31115422,-0.639284,0.232058,0.325740,-0.656779
31123755,-0.640079,0.232137,0.326770,-0.655464
31132088,-0.640769,0.232229,0.327792,-0.654245
31140421,-0.641556,0.232127,0.328591,-0.653109
31148754,-0.642340,0.232101,0.329354,-0.651962
31157087,-0.643072,0.232028,0.330230,-0.650822
31165420,-0.643796,0.232039,0.331001,-0.649709
31173753,-0.644517,0.232095,0.331647,-0.648645
31182086,-0.645060,0.232087,0.332498,-0.647672
31190419,-0.645610,0.232156,0.333155,-0.646761
31198752,-0.646091,0.232260,0.333785,-0.645917
31207085,-0.646427,0.232408,0.334573,-0.645120
31215418,-0.646700,0.232600,0.335283,-0.644408
31223751,-0.646817,0.232679,0.336074,-0.643850
31232084,-0.646836,0.232804,0.336729,-0.643443
31240417,-0.646781,0.233025,0.337364,-0.643086
31248750,-0.646837,0.233134,0.337792,-0.642765
31257083,-0.646721,0.233224,0.338218,-0.642625
31265416,-0.646416,0.233280,0.338815,-0.642597
31273749,-0.646068,0.233435,0.339330,-0.642619
31282082,-0.645710,0.233889,0.339543,-0.642702
31290415,-0.645519,0.233880,0.339579,-0.642877
31298748,-0.645126,0.234176,0.339939,-0.642974
31307081,-0.644778,0.234453,0.340280,-0.643042
31315414,-0.644571,0.234964,0.340393,-0.643003
31323747,-0.644343,0.235359,0.340558,-0.643000
31332080,-0.644009,0.235594,0.341028,-0.642999
31340413,-0.643581,0.235721,0.341572,-0.643092
31348746,-0.643091,0.236127,0.341966,-0.643225
31357079,-0.642553,0.236318,0.342517,-0.643398
31365412,-0.641997,0.236619,0.343002,-0.643584
31373745,-0.641441,0.236983,0.343478,-0.643751
31382078,-0.640997,0.237364,0.343794,-0.643884
31390411,-0.640571,0.237897,0.343965,-0.644020
31398744,-0.640155,0.238511,0.344033,-0.644170
31407077,-0.639471,0.239350,0.344074,-0.644517
31415410,-0.638877,0.239860,0.344110,-0.644896
31423743,-0.638267,0.240376,0.344157,-0.645283
31432076,-0.637547,0.241085,0.344269,-0.645671
31440409,-0.636777,0.241810,0.344409,-0.646085
31448742,-0.635929,0.242636,0.344621,-0.646497
31457075,-0.635001,0.243512,0.344910,-0.646926
31465408,-0.634084,0.244235,0.345198,-0.647399
31473741,-0.633075,0.245158,0.345599,-0.647824
31482074,-0.632002,0.246434,0.345938,-0.648206
31490407,-0.630906,0.247941,0.346125,-0.648598
31498740,-0.629813,0.249277,0.346259,-0.649077
31507073,-0.628780,0.250730,0.346437,-0.649424
31515406,-0.627742,0.252285,0.346592,-0.649744
31523739,-0.626626,0.253687,0.346796,-0.650166
31532072,-0.625519,0.254966,0.347150,-0.650542
31540405,-0.624383,0.256197,0.347757,-0.650826
31548738,-0.623495,0.257593,0.347788,-0.651109
31557071,-0.622605,0.258949,0.347928,-0.651348
31565404,-0.621711,0.260126,0.348277,-0.651546
31573737,-0.620946,0.261329,0.348606,-0.651619
31582070,-0.620174,0.262634,0.349010,-0.651613
31590403,-0.619450,0.263959,0.349386,-0.651565
31598736,-0.618967,0.264856,0.349498,-0.651600
31607069,-0.618594,0.265985,0.349612,-0.651433
31615402,-0.618305,0.267075,0.349711,-0.651208
31623735,-0.618134,0.267906,0.349826,-0.650967
31632068,-0.617924,0.268753,0.349978,-0.650736
31640401,-0.617714,0.269582,0.350202,-0.650471
31648734,-0.617560,0.270350,0.350409,-0.650187
31657067,-0.617428,0.271394,0.350514,-0.649821
31665400,-0.617310,0.272417,0.350698,-0.649406
31673733,-0.617002,0.273816,0.351082,-0.648903
31682066,-0.617000,0.274597,0.351293,-0.648460
31690399,-0.616814,0.276073,0.351526,-0.647885
31698732,-0.616633,0.277345,0.351882,-0.647319
31707065,-0.616573,0.278038,0.352279,-0.646863
31715398,-0.616266,0.278966,0.352803,-0.646471
31723731,-0.616131,0.279864,0.353208,-0.645990
31732064,-0.616002,0.280693,0.353539,-0.645572
31740397,-0.615867,0.281517,0.353827,-0.645184
31748730,-0.615768,0.282336,0.354003,-0.644824
31757063,-0.615878,0.283047,0.354096,-0.644356
31765396,-0.615949,0.283784,0.354183,-0.643916
31773729,-0.616200,0.284197,0.354104,-0.643537
31782062,-0.616099,0.285399,0.354271,-0.643009
31790395,-0.616180,0.286309,0.354263,-0.642532
31798728,-0.616337,0.287040,0.354215,-0.642081
31807061,-0.616457,0.287818,0.354236,-0.641606
31815394,-0.616473,0.288639,0.354323,-0.641174
31823727,-0.616601,0.289156,0.354282,-0.640840
31832060,-0.616809,0.289644,0.354081,-0.640531
31840393,-0.617005,0.290016,0.353923,-0.640261
31848726,-0.617223,0.290442,0.353766,-0.639944
31857059,-0.617445,0.290744,0.353659,-0.639652
31865392,-0.617584,0.291207,0.353647,-0.639315
31873725,-0.617580,0.291703,0.353591,-0.639122
31882058,-0.617532,0.292282,0.353457,-0.638979
31890391,-0.617417,0.292778,0.353254,-0.638975
31898724,-0.617374,0.293140,0.352969,-0.639007
31907057,-0.617169,0.293704,0.352684,-0.639104
31915390,-0.616838,0.294276,0.352439,-0.639296
31923723,-0.616688,0.294376,0.352124,-0.639568
31932056,-0.616221,0.294897,0.352138,-0.639770
31940389,-0.615795,0.295314,0.352160,-0.639976
31948722,-0.615348,0.295642,0.352220,-0.640221
31957055,-0.614974,0.295940,0.352287,-0.640406
31965388,-0.614472,0.296443,0.352573,-0.640498
31973721,-0.614118,0.296636,0.352872,-0.640584
31982054,-0.613771,0.296809,0.353216,-0.640646
31990387,-0.613480,0.296919,0.353651,-0.640634
31998720,-0.613400,0.296743,0.354054,-0.640570
32007053,-0.613167,0.296784,0.354700,-0.640417
32015386,-0.613037,0.296674,0.355538,-0.640127
32023719,-0.613005,0.296456,0.356474,-0.639739
32032052,-0.613010,0.296192,0.357649,-0.639199
32040385,-0.613035,0.295785,0.358841,-0.638696
32048718,-0.613223,0.295393,0.359863,-0.638121
32057051,-0.613526,0.295062,0.360705,-0.637508
32065384,-0.613896,0.294788,0.361269,-0.636959
32073717,-0.614395,0.294782,0.361559,-0.636315
32082050,-0.614885,0.294924,0.361522,-0.635797
32090383,-0.615350,0.295052,0.361304,-0.635412
32098716,-0.615609,0.295367,0.361061,-0.635153
32107049,-0.615865,0.295705,0.360734,-0.634933
32115382,-0.615996,0.296031,0.360503,-0.634785
32123714,-0.616058,0.296348,0.360399,-0.634635
32132047,-0.616105,0.296708,0.360280,-0.634490
32140380,-0.616126,0.296772,0.360551,-0.634285
32148714,-0.616152,0.296909,0.360711,-0.634105
32157047,-0.616163,0.297146,0.360843,-0.633908
32165380,-0.616155,0.297563,0.360932,-0.633670
32173713,-0.616206,0.297771,0.361134,-0.633408
32182046,-0.616326,0.298057,0.361275,-0.633076
32190379,-0.616388,0.298274,0.361439,-0.632819
32198712,-0.616398,0.298525,0.361700,-0.632542
32207045,-0.616377,0.298898,0.361960,-0.632237
32215378,-0.616435,0.299057,0.362167,-0.631988
32223711,-0.616501,0.299062,0.362363,-0.631808
32232044,-0.616506,0.299096,0.362623,-0.631638
32240377,-0.616539,0.299037,0.362869,-0.631493
32248710,-0.616392,0.298193,0.363413,-0.631722
32257043,-0.616466,0.298028,0.363534,-0.631658
32265376,-0.616468,0.297893,0.363763,-0.631588
32273709,-0.616477,0.297838,0.363896,-0.631529
32282041,-0.616433,0.297768,0.364050,-0.631515
32290374,-0.616300,0.297744,0.364274,-0.631527
32298707,-0.616154,0.297701,0.364468,-0.631579
32307040,-0.616046,0.297651,0.364696,-0.631575
32315374,-0.615902,0.297562,0.364922,-0.631628
32323707,-0.615716,0.297425,0.365192,-0.631718
32332040,-0.615543,0.297331,0.365431,-0.631792
32340373,-0.615335,0.297250,0.365695,-0.631880
32348706,-0.615103,0.297157,0.365986,-0.631982
32357039,-0.614919,0.296991,0.366195,-0.632117
32365372,-0.614654,0.296922,0.366434,-0.632269
32373705,-0.614391,0.296943,0.366668,-0.632379
32382038,-0.614133,0.297015,0.366819,-0.632508
32390371,-0.613836,0.297160,0.366994,-0.632627
32398704,-0.613588,0.297106,0.367089,-0.632838
32407037,-0.613341,0.296969,0.367224,-0.633064
32415370,-0.613089,0.297002,0.367277,-0.633261
32423703,-0.612920,0.296992,0.367297,-0.633418
32432036,-0.612744,0.296988,0.367270,-0.633605
32440369,-0.612628,0.296960,0.367248,-0.633744
32448701,-0.612570,0.296978,0.367139,-0.633854
32457034,-0.612539,0.296907,0.367092,-0.633945
32465367,-0.612509,0.296750,0.367100,-0.634042
32473701,-0.612468,0.296708,0.367070,-0.634119
32482034,-0.612454,0.296644,0.367075,-0.634160
32490367,-0.612323,0.296762,0.366978,-0.634286
32498700,-0.612350,0.296842,0.366894,-0.634272
32507033,-0.612353,0.296669,0.366946,-0.634320
32515366,-0.612271,0.296726,0.367024,-0.634328
32523699,-0.612205,0.296820,0.367003,-0.634359
32532032,-0.612214,0.296724,0.366938,-0.634433
32540365,-0.612243,0.296651,0.366813,-0.634511
32548698,-0.612318,0.296435,0.366668,-0.634624
32557031,-0.612370,0.296307,0.366550,-0.634701
32565364,-0.612435,0.296189,0.366410,-0.634775
32573697,-0.612491,0.296142,0.366311,-0.634800
32582030,-0.612450,0.296158,0.366363,-0.634801
32590363,-0.612570,0.296023,0.366275,-0.634799
32598696,-0.612647,0.295932,0.366255,-0.634779
32607028,-0.612733,0.295830,0.366244,-0.634751
32615361,-0.612852,0.295659,0.366255,-0.634709
32623694,-0.612914,0.295487,0.366335,-0.634684
32632028,-0.612988,0.295282,0.366361,-0.634691
32640361,-0.613079,0.295057,0.366426,-0.634671
32648694,-0.613177,0.294775,0.366491,-0.634670
32657027,-0.613152,0.294834,0.366563,-0.634625
32665360,-0.613225,0.294730,0.366609,-0.634577
32673693,-0.613309,0.294688,0.366514,-0.634569
32682026,-0.613398,0.294561,0.366482,-0.634561
32690359,-0.613502,0.294435,0.366401,-0.634566
32698692,-0.613578,0.294135,0.366468,-0.634593
32707025,-0.613605,0.293873,0.366487,-0.634677
32715358,-0.613678,0.293550,0.366520,-0.634737
32723691,-0.613739,0.293267,0.366517,-0.634811
32732024,-0.613748,0.292886,0.366625,-0.634916
32740357,-0.613733,0.292656,0.366639,-0.635027
32748690,-0.613720,0.292487,0.366611,-0.635134
32757023,-0.613731,0.292331,0.366486,-0.635267
32765355,-0.613655,0.292314,0.366257,-0.635481
32773688,-0.613688,0.292074,0.366058,-0.635674
32782021,-0.613733,0.291880,0.365806,-0.635864
32790355,-0.613666,0.291944,0.365467,-0.636095
32798688,-0.613593,0.291832,0.365244,-0.636345
32807021,-0.613439,0.291944,0.365028,-0.636566
32815354,-0.613456,0.291712,0.364692,-0.636848
32823687,-0.613317,0.291783,0.364397,-0.637119
32832020,-0.613153,0.291691,0.364261,-0.637396
32840353,-0.613076,0.291426,0.364123,-0.637670
32848686,-0.612970,0.291224,0.364134,-0.637858
32857019,-0.612871,0.291091,0.364120,-0.638022
32865352,-0.612801,0.290820,0.364137,-0.638202
32873685,-0.612754,0.290591,0.364041,-0.638407
32882018,-0.612692,0.290439,0.363987,-0.638566
32890351,-0.612743,0.290112,0.363955,-0.638684
32898684,-0.612756,0.289936,0.363904,-0.638781
32907017,-0.612787,0.289725,0.363908,-0.638845
32915350,-0.612850,0.289539,0.363973,-0.638831
32923683,-0.612865,0.289350,0.364234,-0.638754
32932015,-0.612855,0.289262,0.364640,-0.638572
32940348,-0.612913,0.289159,0.364993,-0.638361
32948681,-0.613049,0.288976,0.365264,-0.638159
32957015,-0.613212,0.288791,0.365604,-0.637891
32965348,-0.613340,0.288848,0.365970,-0.637532
32973681,-0.613615,0.288711,0.366162,-0.637219
32982014,-0.613965,0.288564,0.366179,-0.636939
32990347,-0.614311,0.288542,0.366095,-0.636663
32998680,-0.614688,0.288505,0.365867,-0.636447
33007013,-0.614997,0.288604,0.365670,-0.636217
33015346,-0.615264,0.288677,0.365507,-0.636019
33023679,-0.615513,0.288824,0.365281,-0.635841
33032012,-0.615716,0.288951,0.365106,-0.635687
33040345,-0.615844,0.289138,0.364993,-0.635544
33048678,-0.615962,0.289235,0.364977,-0.635394
33057011,-0.616107,0.289298,0.364981,-0.635223
33065344,-0.616221,0.289407,0.364967,-0.635070
33073677,-0.616340,0.289486,0.365004,-0.634898
33082010,-0.616427,0.289569,0.365085,-0.634729
33090342,-0.616519,0.289540,0.365210,-0.634580
33098675,-0.616649,0.289490,0.365320,-0.634414
33107008,-0.616739,0.289360,0.365477,-0.634295
33115342,-0.616777,0.289323,0.365523,-0.634249
33123675,-0.616813,0.289227,0.365547,-0.634243
33132008,-0.616749,0.289298,0.365685,-0.634194
33140341,-0.616804,0.289010,0.365661,-0.634285
33148674,-0.616691,0.288929,0.365879,-0.634306
33157007,-0.616529,0.289125,0.366112,-0.634240
33165340,-0.616375,0.289234,0.366259,-0.634256
33173673,-0.616190,0.289157,0.366478,-0.634344
33182006,-0.616055,0.289168,0.366607,-0.634395
33190339,-0.615903,0.289100,0.366768,-0.634481
33198672,-0.615690,0.289391,0.366959,-0.634444
33207005,-0.615545,0.289506,0.367003,-0.634508
33215338,-0.615364,0.289524,0.367049,-0.634648
33223671,-0.615218,0.289359,0.367224,-0.634763
33232004,-0.614999,0.289426,0.367334,-0.634882
33240337,-0.614716,0.289575,0.367680,-0.634887
33248669,-0.614360,0.290019,0.367998,-0.634845
33257002,-0.614065,0.290191,0.368280,-0.634888
33265335,-0.613918,0.290280,0.368395,-0.634923
33273669,-0.613667,0.290410,0.368597,-0.634990
33282002,-0.613465,0.290557,0.368770,-0.635016
33290335,-0.613263,0.290573,0.368843,-0.635162
33298668,-0.613060,0.290669,0.368959,-0.635246
33307001,-0.612880,0.290665,0.369147,-0.635313
33315334,-0.612705,0.290637,0.369337,-0.635384
33323667,-0.612545,0.290646,0.369473,-0.635455
33332000,-0.612402,0.290813,0.369450,-0.635530
33340333,-0.612221,0.290862,0.369515,-0.635644
33348666,-0.611985,0.291095,0.369634,-0.635696
33356999,-0.611862,0.291119,0.369644,-0.635797
33365332,-0.611816,0.291059,0.369654,-0.635863
33373665,-0.611762,0.291010,0.369666,-0.635931
33381998,-0.611624,0.291122,0.369662,-0.636014
33390331,-0.611736,0.290827,0.369547,-0.636109
33398664,-0.611614,0.291005,0.369544,-0.636146
33406997,-0.611616,0.290928,0.369587,-0.636154
33415329,-0.611579,0.290875,0.369565,-0.636226
33423662,-0.611508,0.290996,0.369522,-0.636265
33431995,-0.611495,0.290982,0.369471,-0.636314
33440329,-0.611516,0.290948,0.369353,-0.636378
33448662,-0.611472,0.290989,0.369266,-0.636451
33456995,-0.611494,0.290861,0.369189,-0.636533
33465328,-0.611545,0.290757,0.369083,-0.636593
33473661,-0.611513,0.290714,0.369035,-0.636671
33481994,-0.611405,0.290850,0.368988,-0.636740
33490327,-0.611355,0.290787,0.368925,-0.636853
33498660,-0.611330,0.290706,0.368849,-0.636959
33506993,-0.611239,0.290709,0.368866,-0.637034
33515326,-0.611252,0.290610,0.368753,-0.637133
33523659,-0.611237,0.290506,0.368652,-0.637253
33531992,-0.611182,0.290461,0.368528,-0.637398
33540325,-0.611149,0.290379,0.368461,-0.637505
33548658,-0.611067,0.290403,0.368307,-0.637662
33556991,-0.611070,0.290282,0.368201,-0.637776
33565324,-0.611032,0.290241,0.368106,-0.637886
33573657,-0.610950,0.290264,0.368004,-0.638013
33581990,-0.610984,0.290194,0.367823,-0.638117
33590323,-0.611005,0.290071,0.367738,-0.638201
33598656,-0.611101,0.289891,0.367616,-0.638261
33606989,-0.611119,0.289852,0.367490,-0.638334
33615322,-0.611106,0.289773,0.367405,-0.638431
33623655,-0.611068,0.289690,0.367327,-0.638550
33631988,-0.611093,0.289584,0.367230,-0.638631
33640321,-0.611125,0.289474,0.367148,-0.638697
33648654,-0.611062,0.289336,0.367078,-0.638860
33656987,-0.611039,0.289257,0.366948,-0.638992
33665320,-0.611069,0.289100,0.366879,-0.639075
33673653,-0.610973,0.289092,0.366769,-0.639233
33681986,-0.610937,0.289060,0.366704,-0.639319
33690319,-0.610907,0.288989,0.366548,-0.639469
33698652,-0.610860,0.288919,0.366471,-0.639590
33706985,-0.610881,0.288761,0.366391,-0.639686
33715318,-0.610902,0.288564,0.366293,-0.639811
33723651,-0.610969,0.288285,0.366167,-0.639946
33731984,-0.611016,0.288060,0.366074,-0.640055
33740317,-0.611009,0.287990,0.365973,-0.640151
33748650,-0.611027,0.287822,0.365859,-0.640275
33756983,-0.611011,0.287763,0.365746,-0.640381
33765316,-0.611088,0.287668,0.365584,-0.640443
33773649,-0.611105,0.287604,0.365465,-0.640524
33781982,-0.611161,0.287526,0.365309,-0.640594
33790315,-0.611181,0.287474,0.365195,-0.640662
33798648,-0.611221,0.287374,0.365137,-0.640702
33806981,-0.611282,0.287233,0.365047,-0.640759
33815314,-0.611329,0.287123,0.364967,-0.640809
33823647,-0.611410,0.286999,0.364891,-0.640831
33831980,-0.611368,0.286950,0.364872,-0.640904
33840313,-0.611383,0.286883,0.364853,-0.640930
33848646,-0.611404,0.286802,0.364820,-0.640966
33856979,-0.611454,0.286703,0.364730,-0.641012
33865312,-0.611498,0.286629,0.364681,-0.641031
33873645,-0.611577,0.286575,0.364610,-0.641022
33881978,-0.611582,0.286548,0.364551,-0.641062
33890311,-0.611622,0.286462,0.364470,-0.641108
33898644,-0.611690,0.286331,0.364483,-0.641094
33906977,-0.611744,0.286240,0.364417,-0.641120
33915310,-0.611726,0.286262,0.364403,-0.641137
33923643,-0.611745,0.286224,0.364371,-0.641153
33931976,-0.611749,0.286217,0.364350,-0.641165
33940309,-0.611751,0.286186,0.364359,-0.641172
33948642,-0.611729,0.286146,0.364361,-0.641210
33956975,-0.611724,0.286122,0.364397,-0.641204
33965308,-0.611692,0.286055,0.364422,-0.641251
33973641,-0.611619,0.286109,0.364398,-0.641310
33981974,-0.611632,0.286117,0.364412,-0.641286
33990307,-0.611621,0.286110,0.364408,-0.641301
33998640,-0.611670,0.286100,0.364398,-0.641265
34006973,-0.611696,0.286051,0.364387,-0.641269
34015306,-0.611666,0.286084,0.364341,-0.641308
34023639,-0.611703,0.286069,0.364305,-0.641300
34031972,-0.611749,0.286061,0.364270,-0.641280
34040305,-0.611736,0.286076,0.364257,-0.641293
34048638,-0.611776,0.286066,0.364188,-0.641298
34056971,-0.611805,0.286060,0.364174,-0.641281
34065304,-0.611841,0.286036,0.364186,-0.641251
34073637,-0.611855,0.286031,0.364187,-0.641239
34081970,-0.611827,0.286058,0.364225,-0.641233
34090303,-0.611820,0.286156,0.364255,-0.641178
34098636,-0.611810,0.286168,0.364255,-0.641182
34106969,-0.611835,0.286158,0.364272,-0.641153
34115302,-0.611819,0.286229,0.364252,-0.641148
34123635,-0.611795,0.286236,0.364263,-0.641162
34131968,-0.611780,0.286196,0.364306,-0.641169
34140301,-0.611786,0.286221,0.364317,-0.641146
34148634,-0.611759,0.286241,0.364313,-0.641166
34156967,-0.611763,0.286234,0.364302,-0.641171
34165300,-0.611722,0.286272,0.364308,-0.641190
34173633,-0.611717,0.286323,0.364292,-0.641181
34181966,-0.611751,0.286265,0.364249,-0.641199
34190299,-0.611776,0.286173,0.364225,-0.641230
34198632,-0.611783,0.286177,0.364192,-0.641240
34206965,-0.611796,0.286191,0.364182,-0.641227
34215298,-0.611835,0.286179,0.364169,-0.641202
34223631,-0.611847,0.286183,0.364131,-0.641210
34231964,-0.611874,0.286222,0.364135,-0.641165
34240297,-0.611838,0.286212,0.364167,-0.641186
34248630,-0.611858,0.286267,0.364122,-0.641168
34256963,-0.611919,0.286274,0.364049,-0.641147
34265296,-0.611958,0.286216,0.363999,-0.641165
34273629,-0.611921,0.286261,0.363965,-0.641199
34281962,-0.611925,0.286262,0.363930,-0.641215
34290295,-0.611985,0.286132,0.363874,-0.641248
34298628,-0.611980,0.286033,0.363929,-0.641265
34306961,-0.612034,0.285849,0.363894,-0.641316
34315294,-0.611957,0.285883,0.363876,-0.641384
34323627,-0.611936,0.285855,0.363863,-0.641424
34331960,-0.612028,0.285625,0.363734,-0.641512
34340293,-0.612003,0.285580,0.363713,-0.641568
34348626,-0.611986,0.285509,0.363708,-0.641618
34356959,-0.611984,0.285452,0.363665,-0.641670
34365292,-0.611996,0.285369,0.363622,-0.641720
34373625,-0.612052,0.285149,0.363528,-0.641817
34381958,-0.612092,0.284990,0.363480,-0.641877
34390291,-0.612018,0.285058,0.363527,-0.641891
34398624,-0.612018,0.285019,0.363543,-0.641899
34406957,-0.612032,0.284953,0.363500,-0.641939
34415290,-0.612064,0.284851,0.363474,-0.641969
34423623,-0.612108,0.284686,0.363384,-0.642051
34431956,-0.612025,0.284722,0.363397,-0.642107
34440289,-0.612017,0.284677,0.363405,-0.642131
34448622,-0.612046,0.284548,0.363353,-0.642189
34456955,-0.612074,0.284423,0.363311,-0.642241
34465288,-0.612064,0.284360,0.363276,-0.642299
34473621,-0.612095,0.284096,0.363252,-0.642400
34481954,-0.612131,0.283924,0.363247,-0.642444
34490287,-0.612066,0.283918,0.363326,-0.642464
34498620,-0.612049,0.283859,0.363342,-0.642497
34506953,-0.612033,0.283814,0.363330,-0.642539
34515286,-0.612020,0.283865,0.363283,-0.642556
34523619,-0.612037,0.283826,0.363152,-0.642630
34531952,-0.612037,0.283777,0.363080,-0.642693
34540285,-0.612020,0.283680,0.363109,-0.642735
34548618,-0.611959,0.283680,0.363130,-0.642782
34556951,-0.611944,0.283677,0.363184,-0.642767
34565284,-0.611854,0.283865,0.363232,-0.642742
34573617,-0.611860,0.283844,0.363218,-0.642754
34581950,-0.611812,0.283881,0.363266,-0.642757
34590283,-0.611824,0.283776,0.363229,-0.642812
34598616,-0.611767,0.283831,0.363231,-0.642841
34606949,-0.611823,0.283754,0.363135,-0.642876
34615282,-0.611769,0.283863,0.363102,-0.642898
34623615,-0.611790,0.283821,0.363021,-0.642942
34631948,-0.611751,0.283912,0.363000,-0.642951
34640281,-0.611790,0.283871,0.363004,-0.642929
34648614,-0.611828,0.283825,0.362981,-0.642927
34656947,-0.611830,0.283793,0.362983,-0.642937
34665280,-0.611824,0.283832,0.362991,-0.642922
34673613,-0.611843,0.283757,0.362995,-0.642934
34681946,-0.611813,0.283791,0.362988,-0.642952
34690279,-0.611838,0.283692,0.363001,-0.642965
34698612,-0.611843,0.283632,0.363032,-0.642969
34706945,-0.611835,0.283628,0.363040,-0.642974
34715278,-0.611816,0.283634,0.363037,-0.642991
34723611,-0.611785,0.283688,0.363003,-0.643016
34731944,-0.611873,0.283496,0.362909,-0.643070
34740277,-0.611846,0.283558,0.362930,-0.643056
34748610,-0.611846,0.283535,0.362963,-0.643048
34756943,-0.611849,0.283462,0.362968,-0.643074
34765276,-0.611856,0.283440,0.362910,-0.643110
34773609,-0.611871,0.283474,0.362878,-0.643098
34781942,-0.611874,0.283486,0.362832,-0.643117
34790275,-0.611819,0.283559,0.362847,-0.643128
34798608,-0.611906,0.283456,0.362768,-0.643136
34806941,-0.611909,0.283384,0.362801,-0.643146
34815274,-0.611826,0.283484,0.362866,-0.643144
34823607,-0.611840,0.283447,0.362839,-0.643162
34831940,-0.611804,0.283469,0.362825,-0.643195
34840273,-0.611780,0.283450,0.362843,-0.643215
34848606,-0.611820,0.283374,0.362858,-0.643203
34856939,-0.611829,0.283332,0.362856,-0.643213
34865272,-0.611799,0.283352,0.362856,-0.643234
34873605,-0.611817,0.283344,0.362830,-0.643235
34881938,-0.611828,0.283271,0.362841,-0.643250
34890271,-0.611854,0.283268,0.362805,-0.643248
34898604,-0.611778,0.283425,0.362828,-0.643238
34906937,-0.611888,0.283314,0.362765,-0.643217
34915270,-0.611933,0.283325,0.362640,-0.643240
34923603,-0.611980,0.283294,0.362571,-0.643248
34931936,-0.611961,0.283348,0.362570,-0.643243
34940269,-0.612078,0.283231,0.362479,-0.643234
34948602,-0.612067,0.283293,0.362442,-0.643238
34956935,-0.612169,0.283088,0.362395,-0.643258
34965268,-0.612183,0.283098,0.362344,-0.643269
34973601,-0.612188,0.283107,0.362324,-0.643271
34981934,-0.612227,0.283099,0.362269,-0.643268
34990267,-0.612310,0.282996,0.362237,-0.643253
34998600,-0.612396,0.282882,0.362182,-0.643252
35006933,-0.612438,0.282796,0.362123,-0.643283
35015266,-0.612465,0.282793,0.362053,-0.643298
35023599,-0.612492,0.282808,0.361972,-0.643311
35031932,-0.612524,0.282729,0.361944,-0.643331
35040265,-0.612611,0.282557,0.361935,-0.643329
35048598,-0.612670,0.282386,0.361908,-0.643364
35056931,-0.612703,0.282333,0.361834,-0.643396
35065264,-0.612751,0.282268,0.361789,-0.643405
35073597,-0.612809,0.282199,0.361703,-0.643428
35081930,-0.612891,0.282128,0.361563,-0.643461
35090263,-0.612960,0.282084,0.361442,-0.643482
35098596,-0.613070,0.281994,0.361374,-0.643455
35106929,-0.613085,0.282021,0.361285,-0.643478
35115262,-0.613096,0.282086,0.361177,-0.643499
35123595,-0.613189,0.281998,0.361109,-0.643488
35131928,-0.613221,0.281953,0.361058,-0.643505
35140261,-0.613204,0.282003,0.361029,-0.643516
35148594,-0.613326,0.281905,0.360914,-0.643507
35156927,-0.613429,0.281834,0.360856,-0.643473
35165260,-0.613422,0.281912,0.360817,-0.643468
35173593,-0.613486,0.281864,0.360695,-0.643495
35181926,-0.613533,0.281877,0.360631,-0.643481
35190259,-0.613583,0.281844,0.360578,-0.643478
35198592,-0.613696,0.281610,0.360500,-0.643516
35206925,-0.613820,0.281385,0.360378,-0.643565
35215258,-0.613899,0.281309,0.360153,-0.643649
35223591,-0.614060,0.280954,0.359959,-0.643758
35231924,-0.614167,0.280663,0.359786,-0.643880
35240257,-0.614241,0.280361,0.359605,-0.644041
35248590,-0.614290,0.280152,0.359468,-0.644163
35256923,-0.614441,0.279863,0.359215,-0.644285
35265256,-0.614480,0.279789,0.358937,-0.644435
35273589,-0.614886,0.279099,0.358458,-0.644614
35281922,-0.615079,0.278802,0.358017,-0.644803
35290255,-0.615102,0.278770,0.357742,-0.644947
35298588,-0.615310,0.278372,0.357284,-0.645175
35306921,-0.615537,0.278030,0.356909,-0.645313
35315254,-0.615747,0.277696,0.356409,-0.645533
35323587,-0.615978,0.277290,0.355952,-0.645740
35331920,-0.616073,0.276969,0.355602,-0.645979
35340253,-0.616246,0.276490,0.355285,-0.646194
35348586,-0.616426,0.275956,0.355005,-0.646405
35356919,-0.616681,0.275235,0.354678,-0.646648
35365252,-0.616899,0.274679,0.354315,-0.646876
35373585,-0.617084,0.274269,0.353841,-0.647132
35381918,-0.617224,0.273856,0.353591,-0.647311
35390251,-0.617532,0.273159,0.353058,-0.647603
35398584,-0.617825,0.272265,0.352697,-0.647896
35406917,-0.618031,0.271674,0.352360,-0.648131
35415250,-0.618172,0.271160,0.351978,-0.648419
35423583,-0.618283,0.270570,0.351520,-0.648808
35431916,-0.618340,0.270177,0.351343,-0.649013
35440249,-0.618523,0.269550,0.350900,-0.649339
35448582,-0.618618,0.269113,0.350577,-0.649604
35456915,-0.618740,0.268788,0.350380,-0.649729
35465248,-0.618932,0.268327,0.350099,-0.649888
35473581,-0.619108,0.267903,0.349763,-0.650076
35481914,-0.619215,0.267573,0.349580,-0.650209
35490247,-0.619244,0.267229,0.349299,-0.650473
35498580,-0.619280,0.266953,0.349048,-0.650687
35506913,-0.619384,0.266563,0.348856,-0.650851
35515246,-0.619399,0.266258,0.348748,-0.651019
35523579,-0.619443,0.266146,0.348516,-0.651148
35531912,-0.619428,0.266114,0.348439,-0.651216
35540245,-0.619483,0.265958,0.348264,-0.651322
35548578,-0.619515,0.265882,0.348146,-0.651385
35556911,-0.619588,0.265751,0.347944,-0.651476
35565244,-0.619657,0.265501,0.347803,-0.651589
35573577,-0.619694,0.265344,0.347782,-0.651629
35581910,-0.619684,0.265205,0.347662,-0.651758
35590243,-0.619689,0.265111,0.347604,-0.651823
35598576,-0.619703,0.264929,0.347595,-0.651888
35606909,-0.619568,0.265093,0.347879,-0.651799
35615242,-0.619681,0.264779,0.347583,-0.651976
35623575,-0.619702,0.264574,0.347473,-0.652099
35631908,-0.619731,0.264435,0.347395,-0.652169
35640241,-0.619816,0.264317,0.347213,-0.652233
35648574,-0.619872,0.264157,0.347123,-0.652293
35656907,-0.619935,0.263891,0.347059,-0.652374
35665240,-0.619977,0.263758,0.347011,-0.652413
35673573,-0.620069,0.263554,0.346935,-0.652449
35681906,-0.620120,0.263424,0.346876,-0.652484
35690239,-0.620198,0.263251,0.346781,-0.652531
35698572,-0.620261,0.263149,0.346693,-0.652559
35706905,-0.620299,0.263035,0.346580,-0.652629
35715238,-0.620356,0.262855,0.346444,-0.652719
35723571,-0.620409,0.262708,0.346394,-0.652755
35731904,-0.620453,0.262516,0.346323,-0.652827
35740237,-0.620492,0.262384,0.346306,-0.652853
35748570,-0.620458,0.262290,0.346312,-0.652920
35756903,-0.620455,0.262083,0.346349,-0.652986
35765236,-0.620469,0.261885,0.346400,-0.653025
35773569,-0.620495,0.261618,0.346422,-0.653096
35781902,-0.620465,0.261486,0.346396,-0.653190
35790235,-0.620473,0.261274,0.346445,-0.653242
35798568,-0.620459,0.261165,0.346417,-0.653314
35806901,-0.620461,0.261033,0.346265,-0.653445
35815234,-0.620465,0.260808,0.346158,-0.653587
35823567,-0.620453,0.260653,0.346077,-0.653704
35831900,-0.620465,0.260497,0.345980,-0.653806
35840233,-0.620451,0.260339,0.345950,-0.653897
35848566,-0.620459,0.260155,0.345832,-0.654026
35856899,-0.620387,0.260036,0.345808,-0.654154
35865232,-0.620385,0.259952,0.345765,-0.654213
35873565,-0.620339,0.259849,0.345718,-0.654322
35881898,-0.620324,0.259742,0.345707,-0.654384
35890231,-0.620309,0.259615,0.345695,-0.654455
35898564,-0.620276,0.259480,0.345652,-0.654563
35906897,-0.620254,0.259348,0.345501,-0.654716
35915230,-0.620279,0.259137,0.345404,-0.654827
35923563,-0.620301,0.258971,0.345296,-0.654928
35931896,-0.620275,0.258817,0.345161,-0.655086
35940229,-0.620235,0.258678,0.344947,-0.655291
35948562,-0.620264,0.258515,0.344715,-0.655450
35956895,-0.620264,0.258306,0.344468,-0.655661
35965228,-0.620275,0.258051,0.344099,-0.655946
35973561,-0.620383,0.257715,0.343684,-0.656192
35981894,-0.620458,0.257361,0.343265,-0.656480
35990227,-0.620486,0.256952,0.342905,-0.656802
35998560,-0.620514,0.256528,0.342520,-0.657142
36006893,-0.620582,0.256098,0.342075,-0.657477
36015226,-0.620613,0.255745,0.341730,-0.657765
36023559,-0.620667,0.255452,0.341321,-0.658040
36031892,-0.620746,0.255162,0.340913,-0.658290
36040225,-0.620802,0.254841,0.340539,-0.658555
36048558,-0.620882,0.254480,0.340175,-0.658807
36056891,-0.620967,0.254065,0.339786,-0.659087
36065224,-0.620936,0.253803,0.339354,-0.659440
36073557,-0.620956,0.253393,0.339022,-0.659750
36081890,-0.621216,0.252683,0.338492,-0.660049
36090223,-0.621200,0.252703,0.337934,-0.660343
36098556,-0.621255,0.252322,0.337379,-0.660720
36106889,-0.621376,0.251801,0.336801,-0.661100
36115222,-0.621486,0.251359,0.336260,-0.661440
36123555,-0.621390,0.250156,0.336184,-0.662025
36131888,-0.621460,0.249715,0.335643,-0.662400
36140221,-0.621556,0.249342,0.334998,-0.662777
36148554,-0.621654,0.248848,0.334221,-0.663263
36156887,-0.621700,0.248429,0.333601,-0.663689
36165220,-0.621856,0.247992,0.332948,-0.664034
36173553,-0.621945,0.247660,0.332445,-0.664326
36181886,-0.621965,0.247416,0.331797,-0.664722
36190219,-0.622023,0.247053,0.331152,-0.665125
36198552,-0.622246,0.246392,0.330426,-0.665523
36206885,-0.622372,0.245819,0.329746,-0.665953
36215218,-0.622495,0.245321,0.328972,-0.666404
36223551,-0.622359,0.244762,0.328539,-0.666951
36231884,-0.622262,0.244094,0.327822,-0.667638
36240217,-0.622170,0.243502,0.327168,-0.668261
36248550,-0.622024,0.243036,0.326749,-0.668771
36256883,-0.621851,0.242683,0.326321,-0.669269
36265216,-0.621683,0.242435,0.325672,-0.669830
36273549,-0.621642,0.242227,0.325059,-0.670242
36281882,-0.621702,0.241994,0.324366,-0.670605
36290215,-0.621677,0.241904,0.323737,-0.670965
36298548,-0.621684,0.241805,0.323178,-0.671264
36306881,-0.621938,0.241485,0.322438,-0.671500
36315214,-0.622154,0.241223,0.321816,-0.671692
36323547,-0.622331,0.241030,0.321279,-0.671855
36331880,-0.622518,0.240860,0.320732,-0.672004
36340213,-0.622684,0.240668,0.320192,-0.672176
36348546,-0.622832,0.240261,0.319779,-0.672381
36356879,-0.622949,0.239968,0.319388,-0.672563
36365212,-0.623044,0.239650,0.319036,-0.672756
36373545,-0.623084,0.239403,0.318733,-0.672950
36381878,-0.623119,0.239199,0.318621,-0.673044
36390211,-0.623159,0.239141,0.318242,-0.673206
36398544,-0.623246,0.239102,0.317865,-0.673317
36406877,-0.623370,0.239026,0.317625,-0.673343
36415210,-0.623490,0.239075,0.317308,-0.673364
36423543,-0.623676,0.239126,0.316968,-0.673333
36431876,-0.623820,0.239201,0.316646,-0.673325
36440209,-0.623921,0.239425,0.316331,-0.673300
36448542,-0.624043,0.239668,0.315969,-0.673271
36456875,-0.624222,0.239857,0.315519,-0.673248
36465208,-0.624385,0.240000,0.315191,-0.673200
36473541,-0.624521,0.240288,0.314835,-0.673138
36481874,-0.624627,0.240655,0.314473,-0.673077
36490207,-0.624733,0.240876,0.314100,-0.673074
36498540,-0.624805,0.241018,0.313796,-0.673098
36506873,-0.624823,0.241138,0.313546,-0.673155
36515206,-0.624813,0.241304,0.313267,-0.673234
36523539,-0.624708,0.241515,0.313027,-0.673368
36531872,-0.624540,0.241790,0.312954,-0.673459
36540205,-0.624429,0.241849,0.312631,-0.673691
36548538,-0.624208,0.242001,0.312398,-0.673949
36556871,-0.624011,0.242004,0.312093,-0.674272
36565204,-0.623877,0.241909,0.311740,-0.674593
36573537,-0.623567,0.242101,0.311690,-0.674834
36581870,-0.623259,0.242192,0.311637,-0.675111
36590203,-0.622900,0.242376,0.311661,-0.675364
36598536,-0.622540,0.242583,0.311666,-0.675620
36606869,-0.622170,0.242816,0.311563,-0.675924
36615202,-0.621793,0.242961,0.311477,-0.676259
36623535,-0.621468,0.243228,0.311357,-0.676517
36631868,-0.621090,0.243509,0.311335,-0.676773
36640201,-0.620698,0.243783,0.311403,-0.677003
36648534,-0.620346,0.244155,0.311407,-0.677189
36656867,-0.620044,0.244501,0.311388,-0.677350
36665200,-0.619797,0.244921,0.311351,-0.677441
36673533,-0.619530,0.245180,0.311377,-0.677580
36681866,-0.619254,0.245417,0.311420,-0.677726
36690199,-0.619003,0.245575,0.311552,-0.677838
36698532,-0.618805,0.245769,0.311604,-0.677924
36706865,-0.618566,0.245993,0.311619,-0.678054
36715198,-0.618378,0.246139,0.311667,-0.678150
36723531,-0.618192,0.246221,0.311704,-0.678273
36731864,-0.617998,0.246452,0.311721,-0.678358
36740197,-0.617838,0.246614,0.311724,-0.678443
36748530,-0.617706,0.246675,0.311760,-0.678525
36756863,-0.617564,0.246841,0.311669,-0.678636
36765196,-0.617432,0.246969,0.311654,-0.678716
36773529,-0.617340,0.247165,0.311568,-0.678769
36781862,-0.617241,0.247391,0.311448,-0.678831
36790195,-0.617136,0.247493,0.311340,-0.678939
36798528,-0.616994,0.247508,0.311253,-0.679102
36806861,-0.616789,0.247655,0.311217,-0.679251
36815194,-0.616625,0.247730,0.311183,-0.679388
36823527,-0.616430,0.247793,0.311149,-0.679558
36831860,-0.616295,0.247829,0.311289,-0.679603
36840193,-0.616134,0.247984,0.311335,-0.679672
36848526,-0.615914,0.248260,0.311352,-0.679763
36856859,-0.615728,0.248534,0.311387,-0.679815
36865192,-0.615566,0.248764,0.311480,-0.679834
36873525,-0.615395,0.249027,0.311607,-0.679835
36881858,-0.615237,0.249231,0.311671,-0.679873
36890191,-0.615093,0.249391,0.311767,-0.679902
36898524,-0.614920,0.249609,0.311734,-0.679993
36906857,-0.614757,0.249765,0.311749,-0.680076
36915190,-0.614537,0.249892,0.311701,-0.680250
36923523,-0.614349,0.250042,0.311694,-0.680368
36931856,-0.614209,0.250218,0.311667,-0.680442
36940189,-0.614067,0.250391,0.311671,-0.680505
36948522,-0.613895,0.250652,0.311598,-0.680598
36956855,-0.613805,0.250750,0.311561,-0.680660
36965188,-0.613693,0.250903,0.311496,-0.680734
36973521,-0.613587,0.251063,0.311392,-0.680818
36981854,-0.613474,0.251228,0.311316,-0.680894
36990187,-0.613348,0.251371,0.311211,-0.681003
36998520,-0.613242,0.251435,0.311084,-0.681132
37006853,-0.613134,0.251479,0.311188,-0.681166
37015186,-0.612949,0.251610,0.311095,-0.681326
37023519,-0.612796,0.251682,0.310921,-0.681517
37031852,-0.612569,0.251890,0.310700,-0.681745
37040185,-0.612359,0.252084,0.310436,-0.681982
37048518,-0.612089,0.252262,0.310137,-0.682294
37056851,-0.611825,0.252324,0.309899,-0.682617
37065184,-0.611562,0.252424,0.309653,-0.682927
37073517,-0.611275,0.252562,0.309415,-0.683240
37081850,-0.611051,0.252587,0.309173,-0.683541
37090183,-0.610820,0.252518,0.309010,-0.683847
37098516,-0.610589,0.252488,0.308734,-0.684189
37106849,-0.610371,0.252526,0.308550,-0.684452
37115182,-0.610114,0.252467,0.308456,-0.684746
37123515,-0.609876,0.252600,0.308215,-0.685016
37131848,-0.609704,0.252657,0.307894,-0.685293
37140181,-0.609433,0.252856,0.307610,-0.685589
37148514,-0.609310,0.253043,0.307315,-0.685761
37156847,-0.609184,0.253211,0.307076,-0.685918
37165180,-0.609018,0.253324,0.307055,-0.686033
37173513,-0.608852,0.253611,0.306961,-0.686117
37181846,-0.608721,0.253871,0.306948,-0.686142
37190179,-0.608587,0.254206,0.306816,-0.686196
37198512,-0.608408,0.254554,0.306497,-0.686368
37206845,-0.608214,0.254819,0.306020,-0.686655
37215178,-0.608081,0.255140,0.305345,-0.686954
37223511,-0.607921,0.255578,0.304433,-0.687337
37231844,-0.607891,0.255810,0.303445,-0.687714
37240177,-0.607608,0.256452,0.302548,-0.688121
37248510,-0.607324,0.257033,0.301735,-0.688512
37256843,-0.607224,0.257338,0.300910,-0.688847
37265176,-0.607233,0.257538,0.300353,-0.689007
37273509,-0.607225,0.257896,0.299758,-0.689139
37281842,-0.607274,0.258226,0.299308,-0.689168
37290175,-0.607519,0.258383,0.298863,-0.689086
37298508,-0.607784,0.258491,0.298491,-0.688973
37306841,-0.608099,0.258521,0.298163,-0.688826
37315174,-0.608483,0.258506,0.297890,-0.688611
37323507,-0.608853,0.258573,0.297662,-0.688357
37331840,-0.609249,0.258608,0.297427,-0.688095
37340173,-0.609558,0.258855,0.297301,-0.687783
37348506,-0.610016,0.258845,0.297041,-0.687493
37356839,-0.610389,0.259032,0.296985,-0.687116
37365172,-0.610868,0.259076,0.296922,-0.686701
37373505,-0.611290,0.259246,0.296698,-0.686358
37381838,-0.611714,0.259425,0.296582,-0.685962
37390171,-0.612188,0.259529,0.296427,-0.685566
37398504,-0.612640,0.259549,0.296339,-0.685193
37406837,-0.613093,0.259567,0.296101,-0.684884
37415170,-0.613452,0.259551,0.295950,-0.684634
37423503,-0.613765,0.259606,0.295820,-0.684389
37431836,-0.614051,0.259622,0.295619,-0.684213
37440169,-0.614280,0.259655,0.295424,-0.684079
37448502,-0.614338,0.259710,0.295263,-0.684075
37456835,-0.614400,0.259784,0.295163,-0.684035
37465168,-0.614368,0.259968,0.295119,-0.684013
37473501,-0.614302,0.260152,0.295078,-0.684019
37481834,-0.614254,0.260319,0.295100,-0.683990
37490167,-0.614156,0.260457,0.295075,-0.684036
37498500,-0.613957,0.260512,0.295075,-0.684194
37506833,-0.613802,0.260657,0.295137,-0.684251
37515166,-0.613590,0.260771,0.295206,-0.684367
37523499,-0.613324,0.260800,0.295216,-0.684591
37531832,-0.613074,0.260883,0.295240,-0.684772
37540165,-0.612844,0.260928,0.295266,-0.684951
37548498,-0.612546,0.261028,0.295325,-0.685153
37556831,-0.612262,0.261036,0.295365,-0.685387
37565164,-0.611958,0.261041,0.295388,-0.685646
37573497,-0.611644,0.261006,0.295471,-0.685904
37581830,-0.611333,0.260975,0.295601,-0.686138
37590163,-0.610999,0.261037,0.295741,-0.686351
37598496,-0.610687,0.261105,0.295832,-0.686564
37606829,-0.610412,0.261033,0.295972,-0.686775
37615162,-0.610165,0.260821,0.296177,-0.686986
37623495,-0.609916,0.260708,0.296504,-0.687109
37631828,-0.609729,0.260457,0.296696,-0.687288
37640161,-0.609548,0.260384,0.296792,-0.687435
37648494,-0.609417,0.260202,0.296903,-0.687571
37656827,-0.609220,0.260049,0.297038,-0.687746
37665160,-0.609088,0.259910,0.297216,-0.687838
37673493,-0.608974,0.259641,0.297389,-0.687966
37681826,-0.608834,0.259539,0.297550,-0.688059
37690159,-0.608689,0.259507,0.297714,-0.688128
37698492,-0.608529,0.259558,0.297896,-0.688171
37706825,-0.608386,0.259648,0.298041,-0.688201
37715158,-0.608267,0.259716,0.298165,-0.688227
37723491,-0.608174,0.259768,0.298224,-0.688264
37731824,-0.608099,0.259801,0.298306,-0.688283
37740157,-0.608026,0.259871,0.298377,-0.688289
37748490,-0.607945,0.259941,0.298388,-0.688330
37756823,-0.607893,0.260068,0.298363,-0.688338
37765156,-0.607832,0.260181,0.298336,-0.688361
37773489,-0.607811,0.260292,0.298305,-0.688352
37781822,-0.607807,0.260397,0.298304,-0.688316
37790155,-0.607815,0.260460,0.298238,-0.688314
37798488,-0.607870,0.260537,0.298232,-0.688239
37806821,-0.607906,0.260672,0.298228,-0.688158
37815154,-0.607942,0.260728,0.298229,-0.688103
37823487,-0.608012,0.260760,0.298202,-0.688042
37831820,-0.608089,0.260793,0.298143,-0.687986
37840153,-0.608179,0.260805,0.298075,-0.687932
37848486,-0.608303,0.260771,0.297979,-0.687877
37856819,-0.608418,0.260787,0.297871,-0.687816
37865152,-0.608566,0.260713,0.297763,-0.687759
37873485,-0.608737,0.260648,0.297552,-0.687725
37881818,-0.608943,0.260554,0.297330,-0.687673
37890151,-0.609106,0.260546,0.297149,-0.687610
37898484,-0.609334,0.260452,0.296933,-0.687537
37906817,-0.609517,0.260394,0.296716,-0.687491
37915150,-0.609679,0.260335,0.296510,-0.687459
37923483,-0.609826,0.260195,0.296354,-0.687448
37931816,-0.609984,0.260134,0.296191,-0.687402
37940149,-0.610096,0.260132,0.296046,-0.687366
37948482,-0.610273,0.260009,0.295947,-0.687298
37956815,-0.610404,0.259931,0.295838,-0.687257
37965148,-0.610473,0.259908,0.295709,-0.687260
37973481,-0.610603,0.259845,0.295596,-0.687217
37981814,-0.610638,0.259695,0.295510,-0.687280
37990147,-0.610783,0.259654,0.295485,-0.687177
37998480,-0.610919,0.259506,0.295460,-0.687123
38006813,-0.611011,0.259393,0.295438,-0.687093
38015146,-0.611110,0.259230,0.295462,-0.687057
38023479,-0.611238,0.259091,0.295348,-0.687044
38031812,-0.611352,0.258971,0.295258,-0.687027
38040145,-0.611479,0.258786,0.295215,-0.687002
38048478,-0.611576,0.258598,0.295203,-0.686991
38056811,-0.611665,0.258458,0.295192,-0.686970
38065144,-0.611764,0.258272,0.295180,-0.686956
38073477,-0.611796,0.258137,0.295206,-0.686968
38081810,-0.611862,0.257985,0.295245,-0.686949
38090143,-0.611910,0.257846,0.295238,-0.686961
38098476,-0.611931,0.257705,0.295291,-0.686973
38106809,-0.611896,0.257669,0.295338,-0.686997
38115142,-0.611908,0.257594,0.295384,-0.686995
38123475,-0.611870,0.257597,0.295425,-0.687010
38131808,-0.611815,0.257567,0.295494,-0.687041
38140141,-0.611778,0.257487,0.295571,-0.687071
38148474,-0.611724,0.257305,0.295645,-0.687155
38156807,-0.611648,0.257085,0.295728,-0.687269
38165140,-0.611524,0.256793,0.295832,-0.687444
38173473,-0.611434,0.256311,0.295968,-0.687645
38181806,-0.611398,0.255706,0.296099,-0.687846
38190139,-0.611215,0.255299,0.296354,-0.688050
38198472,-0.610992,0.254927,0.296684,-0.688244
38206805,-0.610680,0.254751,0.297080,-0.688415
38215138,-0.610310,0.254644,0.297499,-0.688602
38223471,-0.609999,0.254657,0.297850,-0.688721
38231804,-0.609858,0.254506,0.298310,-0.688703
38240137,-0.609591,0.254600,0.298980,-0.688613
38248470,-0.609233,0.254699,0.299487,-0.688673
38256803,-0.608972,0.254792,0.300096,-0.688605
38265136,-0.608725,0.255209,0.300737,-0.688389
38273469,-0.608406,0.255740,0.301451,-0.688162
38281802,-0.608007,0.256195,0.302316,-0.687965
38290135,-0.607446,0.256960,0.303342,-0.687724
38298468,-0.606896,0.257922,0.304422,-0.687372
38306801,-0.606334,0.258719,0.305755,-0.686977
38315134,-0.605791,0.259716,0.306841,-0.686595
38323467,-0.605240,0.260919,0.307979,-0.686116
38331800,-0.604493,0.262391,0.309209,-0.685660
38340133,-0.603764,0.263904,0.310462,-0.685155
38348466,-0.602891,0.265235,0.311855,-0.684777
38356799,-0.602046,0.266711,0.313076,-0.684389
38365132,-0.601139,0.268238,0.314227,-0.684063
38373465,-0.600387,0.269651,0.315337,-0.683656
38381798,-0.599541,0.271431,0.316658,-0.683084
38390131,-0.598477,0.273405,0.318037,-0.682588
38398464,-0.597472,0.275568,0.319202,-0.682056
38406797,-0.596673,0.277745,0.320312,-0.681352
38415130,-0.595735,0.280022,0.321385,-0.680734
38423463,-0.595046,0.281609,0.322571,-0.680121
38431796,-0.594249,0.283646,0.323910,-0.679334
38440129,-0.593346,0.286068,0.324988,-0.678593
38448462,-0.592548,0.288663,0.325981,-0.677714
38456795,-0.591680,0.290976,0.327158,-0.676915
38465128,-0.590971,0.293409,0.328134,-0.676012
38473461,-0.590395,0.295479,0.328983,-0.675201
38481794,-0.589677,0.297629,0.329983,-0.674395
38490127,-0.589043,0.299733,0.330899,-0.673568
38498460,-0.588343,0.301936,0.331957,-0.672675
38506793,-0.587753,0.303727,0.333031,-0.671854
38515126,-0.587216,0.305313,0.333901,-0.671171
38523459,-0.586723,0.307168,0.335145,-0.670135
38531792,-0.586160,0.308988,0.336243,-0.669241
38540125,-0.585565,0.310674,0.337736,-0.668229
38548458,-0.585091,0.312105,0.339274,-0.667197
38556791,-0.584707,0.313598,0.340576,-0.666170
38565124,-0.584390,0.315133,0.341910,-0.665039
38573457,-0.584227,0.316099,0.343247,-0.664034
38581790,-0.583902,0.317398,0.344162,-0.663226
38590123,-0.583632,0.318408,0.345043,-0.662521
38598456,-0.583138,0.319522,0.345690,-0.662083
38606789,-0.582729,0.320189,0.346214,-0.661848
38615122,-0.582282,0.321012,0.346646,-0.661616
38623455,-0.581704,0.321621,0.346921,-0.661685
38631788,-0.581205,0.322564,0.346975,-0.661636
38640121,-0.580541,0.323152,0.347504,-0.661654
38648454,-0.579874,0.323702,0.347981,-0.661719
38656787,-0.579430,0.323967,0.348103,-0.661914
38665120,-0.578922,0.324514,0.348328,-0.661972
38673453,-0.578461,0.325002,0.348544,-0.662022
38681786,-0.578018,0.325121,0.348631,-0.662305
38690119,-0.577838,0.325070,0.348471,-0.662571
38698452,-0.577606,0.325006,0.348238,-0.662928
38706785,-0.577721,0.325021,0.347651,-0.663127
38715118,-0.577921,0.324703,0.346979,-0.663461
38723451,-0.578007,0.324459,0.346361,-0.663828
38731784,-0.578186,0.324086,0.345703,-0.664198
38740117,-0.578497,0.323586,0.344987,-0.664542
38748450,-0.579047,0.322940,0.344016,-0.664882
38756783,-0.579777,0.322006,0.342729,-0.665362
38765116,-0.580377,0.321459,0.341409,-0.665783
38773449,-0.581201,0.320808,0.340022,-0.666088
38781782,-0.582183,0.319904,0.338364,-0.666509
38790115,-0.583207,0.318811,0.336598,-0.667032
38798448,-0.584245,0.317517,0.335052,-0.667519
38806781,-0.585329,0.316068,0.333382,-0.668092
38815114,-0.586605,0.315029,0.331456,-0.668423
38823447,-0.587918,0.313828,0.329497,-0.668802
38831780,-0.589292,0.312249,0.327427,-0.669349
38840113,-0.590747,0.310538,0.325300,-0.669898
38848446,-0.592555,0.308570,0.323072,-0.670289
38856779,-0.594305,0.307263,0.320693,-0.670483
38865112,-0.596251,0.305577,0.318368,-0.670634
38873445,-0.598437,0.304033,0.315759,-0.670621
38881778,-0.600686,0.302187,0.313351,-0.670574
38890111,-0.603026,0.300397,0.310927,-0.670407
38898444,-0.605428,0.298499,0.308352,-0.670279
38906777,-0.607906,0.296338,0.305756,-0.670185
38915110,-0.610444,0.294356,0.303076,-0.669968
38923443,-0.612922,0.292147,0.300504,-0.669831
38931776,-0.615462,0.289805,0.297787,-0.669733
38940109,-0.617704,0.287646,0.295145,-0.669770
38948442,-0.620238,0.285059,0.292573,-0.669662
38956775,-0.622465,0.282727,0.289847,-0.669769
38965108,-0.624500,0.280328,0.287115,-0.670061
38973441,-0.626559,0.277842,0.284187,-0.670422
38981774,-0.628614,0.275120,0.281088,-0.670927
38990107,-0.630442,0.272665,0.278080,-0.671468
38998440,-0.632327,0.269932,0.274890,-0.672112
39006773,-0.634173,0.267181,0.271552,-0.672829
39015106,-0.635776,0.264497,0.267832,-0.673867
39023439,-0.637181,0.262000,0.264085,-0.674993
39031772,-0.638397,0.259424,0.260351,-0.676288
39040105,-0.639606,0.256708,0.256576,-0.677624
39048438,-0.640735,0.254133,0.252643,-0.679004
39056771,-0.641884,0.251885,0.248043,-0.680451
39065104,-0.642911,0.249625,0.243757,-0.681862
39073437,-0.643788,0.247207,0.239517,-0.683416
39081770,-0.644499,0.244720,0.235270,-0.685114
39090103,-0.645272,0.242024,0.230954,-0.686810
39098436,-0.646031,0.239321,0.226763,-0.688439
39106769,-0.646707,0.236665,0.222638,-0.690066
39115102,-0.647329,0.233991,0.218465,-0.691727
39123435,-0.647813,0.231235,0.214567,-0.693419
39131768,-0.648342,0.228446,0.210594,-0.695065
39140101,-0.648841,0.225486,0.206508,-0.696790
39148434,-0.649421,0.222609,0.202693,-0.698293
39156767,-0.650033,0.219496,0.198995,-0.699771
39165100,-0.650585,0.216463,0.195305,-0.701241
39173433,-0.651142,0.213586,0.191632,-0.702619
39181766,-0.651760,0.210456,0.188121,-0.703937
39190099,-0.652525,0.207361,0.184496,-0.705106
39198432,-0.653222,0.204352,0.181148,-0.706206
39206765,-0.653878,0.201375,0.177993,-0.707256
39215098,-0.654526,0.198467,0.174761,-0.708283
39223431,-0.655180,0.195555,0.171524,-0.709279
39231764,-0.655762,0.192487,0.168572,-0.710287
39240097,-0.656359,0.189453,0.165581,-0.711255
39248430,-0.656946,0.186585,0.162674,-0.712141
39256763,-0.657540,0.183450,0.159729,-0.713073
39265096,-0.658097,0.180641,0.156825,-0.713921
39273429,-0.658648,0.177603,0.154193,-0.714748
39281762,-0.659332,0.174475,0.151524,-0.715458
39290095,-0.659903,0.171423,0.148986,-0.716202
39298428,-0.660489,0.168418,0.146387,-0.716910
39306761,-0.661124,0.165530,0.143947,-0.717491
39315094,-0.661777,0.162787,0.141635,-0.717977
39323427,-0.662523,0.159933,0.139113,-0.718424
39331760,-0.663210,0.157130,0.136862,-0.718841
39340093,-0.663810,0.154524,0.134696,-0.719260
39348426,-0.664426,0.151856,0.132546,-0.719659
39356759,-0.664975,0.149311,0.130580,-0.720044
39365092,-0.665583,0.146773,0.128639,-0.720354
39373425,-0.666115,0.144271,0.126838,-0.720686
39381758,-0.666587,0.141900,0.125093,-0.721026
39390091,-0.667076,0.139559,0.123347,-0.721331
39398424,-0.667576,0.137191,0.121745,-0.721594
39406757,-0.668022,0.134982,0.120259,-0.721848
39415090,-0.668350,0.132846,0.118831,-0.722177
39423423,-0.668744,0.130633,0.117442,-0.722443
39431756,-0.669218,0.128296,0.116140,-0.722633
39440089,-0.669518,0.126256,0.114938,-0.722907
39448422,-0.669694,0.124441,0.113736,-0.723249
39456755,-0.669877,0.122627,0.112487,-0.723584
39465088,-0.670042,0.120825,0.111259,-0.723924
39473421,-0.670208,0.119061,0.110143,-0.724234
39481754,-0.670329,0.117337,0.109111,-0.724559
39490087,-0.670402,0.115624,0.108223,-0.724900
39498420,-0.670440,0.114132,0.107347,-0.725231
39506753,-0.670424,0.112818,0.106571,-0.725566
39515086,-0.670329,0.111580,0.105813,-0.725957
39523419,-0.670136,0.110369,0.105141,-0.726417
39531752,-0.669872,0.109311,0.104467,-0.726918
39540085,-0.669643,0.108182,0.104014,-0.727362
39548418,-0.669312,0.107096,0.103821,-0.727855
39556751,-0.668977,0.106032,0.103726,-0.728332
39565084,-0.668632,0.105093,0.103571,-0.728807
39573417,-0.668237,0.104288,0.103430,-0.729305
39581750,-0.667868,0.103607,0.103328,-0.729754
39590083,-0.667535,0.103025,0.103283,-0.730148
39598416,-0.667236,0.102514,0.103195,-0.730505
39606749,-0.666967,0.102054,0.103057,-0.730835
39615082,-0.666715,0.101722,0.102914,-0.731131
39623415,-0.666518,0.101389,0.102763,-0.731378
39631748,-0.666414,0.101074,0.102592,-0.731540
39640081,-0.666403,0.100751,0.102401,-0.731622
39648414,-0.666390,0.100386,0.102212,-0.731710
39656747,-0.666423,0.100061,0.102008,-0.731753
39665080,-0.666494,0.099750,0.101802,-0.731760
39673413,-0.666601,0.099470,0.101697,-0.731715
39681746,-0.666765,0.099244,0.101594,-0.731610
39690079,-0.666979,0.099026,0.101518,-0.731456
39698412,-0.667249,0.098796,0.101552,-0.731236
39706745,-0.667563,0.098605,0.101652,-0.730961
39715078,-0.667976,0.098487,0.101726,-0.730589
39723411,-0.668456,0.098426,0.101819,-0.730145
39731744,-0.668909,0.098296,0.101938,-0.729731
39740077,-0.669386,0.098255,0.102103,-0.729276
39748410,-0.669927,0.098171,0.102307,-0.728761
39756743,-0.670478,0.098041,0.102532,-0.728240
39765076,-0.671108,0.098001,0.102683,-0.727644
39773409,-0.671715,0.097997,0.102839,-0.727063
39781742,-0.672284,0.097966,0.103025,-0.726514
39790075,-0.672835,0.097968,0.103112,-0.725992
39798408,-0.673359,0.098145,0.103192,-0.725470
39806741,-0.673868,0.098210,0.103314,-0.724971
39815074,-0.674361,0.098332,0.103340,-0.724492
39823407,-0.674803,0.098422,0.103429,-0.724056
39831740,-0.675233,0.098524,0.103534,-0.723626
39840073,-0.675666,0.098623,0.103646,-0.723192
39848406,-0.676090,0.098949,0.103572,-0.722761
39856739,-0.676540,0.099201,0.103528,-0.722312
39865072,-0.677017,0.099356,0.103590,-0.721834
39873405,-0.677431,0.099426,0.103604,-0.721434
39881738,-0.677829,0.099463,0.103641,-0.721050
39890071,-0.678245,0.099600,0.103662,-0.720637
39898404,-0.678633,0.099645,0.103576,-0.720277
39906737,-0.679037,0.099729,0.103460,-0.719902
39915070,-0.679442,0.099762,0.103381,-0.719526
39923403,-0.679809,0.099799,0.103323,-0.719183
39931736,-0.680153,0.099778,0.103208,-0.718877
39940069,-0.680498,0.099700,0.103041,-0.718585
39948402,-0.680821,0.099552,0.102875,-0.718324
39956735,-0.681098,0.099387,0.102576,-0.718127
39965068,-0.681324,0.099258,0.102176,-0.717987
39973401,-0.681546,0.099043,0.101813,-0.717858
39981734,-0.681694,0.098706,0.101316,-0.717834
39990067,-0.681757,0.098385,0.100927,-0.717873
39998400,-0.681877,0.098040,0.100589,-0.717853
40006733,-0.681974,0.097730,0.100177,-0.717861
40015066,-0.682001,0.097403,0.099770,-0.717937
40023399,-0.681980,0.097025,0.099315,-0.718071
40031732,-0.681967,0.096604,0.098747,-0.718218
40040065,-0.681874,0.096089,0.098174,-0.718454
40048398,-0.681728,0.095488,0.097600,-0.718751
40056731,-0.681586,0.094903,0.097005,-0.719044
40065064,-0.681445,0.094335,0.096369,-0.719338
40073397,-0.681276,0.093746,0.095756,-0.719656
40081730,-0.681142,0.093090,0.095191,-0.719943
40090063,-0.680960,0.092406,0.094526,-0.720291
40098396,-0.680698,0.091722,0.093828,-0.720718
40106729,-0.680427,0.091044,0.093093,-0.721155
40115062,-0.680146,0.090341,0.092380,-0.721600
40123395,-0.679809,0.089721,0.091632,-0.722089
40131728,-0.679438,0.089078,0.090856,-0.722616
40140061,-0.679006,0.088427,0.090097,-0.723197
40148394,-0.678539,0.087774,0.089394,-0.723802
40156727,-0.678070,0.087151,0.088789,-0.724391
40165060,-0.677549,0.086519,0.088237,-0.725021
40173393,-0.677013,0.085866,0.087711,-0.725663
40181726,-0.676446,0.085230,0.087156,-0.726334
40190059,-0.675838,0.084636,0.086648,-0.727030
40198392,-0.675208,0.084177,0.086188,-0.727723
40206725,-0.674585,0.083770,0.085774,-0.728396
40215058,-0.673928,0.083422,0.085233,-0.729107
40223391,-0.673169,0.083006,0.084739,-0.729913
40231724,-0.672337,0.082575,0.084161,-0.730795
40240057,-0.671530,0.082106,0.083720,-0.731640
40248390,-0.670696,0.081673,0.083322,-0.732498
40256723,-0.669834,0.081252,0.082983,-0.733372
40265056,-0.668918,0.080956,0.082570,-0.734287
40273389,-0.667937,0.080700,0.082143,-0.735255
40281722,-0.666924,0.080427,0.081755,-0.736247
40290055,-0.665867,0.080098,0.081418,-0.737277
40298388,-0.664819,0.079747,0.081097,-0.738295
40306721,-0.663741,0.079446,0.080769,-0.739333
40315054,-0.662624,0.079171,0.080434,-0.740400
40323387,-0.661503,0.079020,0.080140,-0.741449
40331720,-0.660324,0.078892,0.079839,-0.742546
40340053,-0.659105,0.078782,0.079564,-0.743669
40348386,-0.657729,0.078888,0.079328,-0.744900
40356719,-0.656588,0.078703,0.079061,-0.745954
40365052,-0.655380,0.078606,0.078787,-0.747055
40373385,-0.653934,0.078791,0.078531,-0.748329
40381718,-0.652658,0.078728,0.078217,-0.749481
40390051,-0.651264,0.078644,0.078194,-0.750704
40398384,-0.649852,0.078603,0.077861,-0.751965
40406717,-0.648378,0.078538,0.077605,-0.753269
40415050,-0.646792,0.078479,0.077275,-0.754672
40423383,-0.645255,0.078417,0.076996,-0.756022
40431716,-0.643580,0.078450,0.076726,-0.757472
40440049,-0.641873,0.078550,0.076417,-0.758939
40448382,-0.640171,0.078664,0.076175,-0.760388
40456715,-0.638451,0.078662,0.076032,-0.761847
40465048,-0.636713,0.078694,0.075912,-0.763309
40473381,-0.634939,0.078931,0.075839,-0.764768
40481714,-0.633162,0.079148,0.075678,-0.766234
40490047,-0.631398,0.079282,0.075489,-0.767693
40498380,-0.629567,0.079368,0.075391,-0.769196
40506713,-0.627704,0.079399,0.075323,-0.770721
40515046,-0.625803,0.079494,0.075147,-0.772272
40523379,-0.623841,0.079639,0.075024,-0.773855
40531712,-0.621833,0.079647,0.074910,-0.775480
40540045,-0.619849,0.079595,0.074856,-0.777077
40548378,-0.617817,0.079614,0.074674,-0.778709
40556711,-0.615690,0.079683,0.074492,-0.780402
40565044,-0.613493,0.079750,0.074462,-0.782126
40573377,-0.611233,0.079904,0.074483,-0.783876
40581710,-0.608939,0.079875,0.074554,-0.785655
40590043,-0.606663,0.080086,0.074572,-0.787392
40598376,-0.604338,0.080144,0.074617,-0.789167
40606709,-0.601868,0.080275,0.074706,-0.791031
40615042,-0.599437,0.080513,0.074690,-0.792852
40623375,-0.597012,0.080646,0.074723,-0.794663
40631708,-0.594588,0.080722,0.074789,-0.796464
40640041,-0.591934,0.081160,0.074774,-0.798396
40648374,-0.589534,0.081176,0.074836,-0.800162
40656707,-0.587082,0.081057,0.074974,-0.801962
40665040,-0.584482,0.081241,0.074975,-0.803841
40673373,-0.581835,0.081518,0.075032,-0.805725
40681706,-0.579241,0.081654,0.075081,-0.807574
40690039,-0.576621,0.081759,0.075229,-0.809422
40698372,-0.574051,0.081927,0.075345,-0.811220
40706705,-0.571393,0.082173,0.075454,-0.813058
40715038,-0.568732,0.082308,0.075684,-0.814887
40723371,-0.566004,0.082747,0.075704,-0.816738
40731704,-0.563231,0.082960,0.075889,-0.818615
40740037,-0.560423,0.083264,0.075781,-0.820518
40748370,-0.557715,0.083512,0.075736,-0.822340
40756703,-0.555046,0.083625,0.075493,-0.824155
40765036,-0.552319,0.083856,0.075436,-0.825967
40773369,-0.549693,0.084032,0.075527,-0.827690
40781702,-0.547034,0.084263,0.075475,-0.829432
40790035,-0.544370,0.084484,0.075473,-0.831160
40798368,-0.541831,0.084641,0.075418,-0.832807
40806701,-0.539288,0.084900,0.075356,-0.834435
40815034,-0.536758,0.085062,0.075286,-0.836054
40823367,-0.534218,0.085238,0.075135,-0.837675
40831700,-0.531757,0.085471,0.075107,-0.839219
40840033,-0.529266,0.085683,0.075096,-0.840771
40848366,-0.526753,0.085833,0.075166,-0.842326
40856699,-0.524288,0.086004,0.075176,-0.843845
40865032,-0.521773,0.086172,0.075161,-0.845386
40873365,-0.519359,0.086450,0.075091,-0.846850
40881698,-0.517051,0.086735,0.075014,-0.848238
40890031,-0.514518,0.086944,0.075055,-0.849752
40898364,-0.512104,0.087144,0.075110,-0.851184
40906697,-0.509743,0.087391,0.075087,-0.852577
40915030,-0.507357,0.087606,0.075175,-0.853969
40923363,-0.504973,0.087852,0.075254,-0.855349
40931696,-0.502674,0.088144,0.075349,-0.856663
40940029,-0.500299,0.088500,0.075381,-0.858013
40948362,-0.497908,0.088827,0.075368,-0.859370
40956695,-0.495547,0.089181,0.075452,-0.860690
40965028,-0.493292,0.089494,0.075574,-0.861941
40973361,-0.490982,0.089914,0.075603,-0.863212
40981694,-0.488835,0.090220,0.075692,-0.864391
40990027,-0.486766,0.090471,0.075683,-0.865532
40998360,-0.484755,0.090809,0.075710,-0.866622
41006693,-0.482681,0.091040,0.075793,-0.867748
41015026,-0.480743,0.091317,0.075778,-0.868795
41023359,-0.478890,0.091595,0.075793,-0.869788
41031692,-0.477130,0.091911,0.075778,-0.870722
41040025,-0.475398,0.092352,0.075634,-0.871635
41048358,-0.473734,0.092765,0.075455,-0.872512
41056691,-0.472219,0.092970,0.075320,-0.873323
41065024,-0.470775,0.093235,0.075080,-0.874095
41073357,-0.469461,0.093398,0.074877,-0.874801
41081690,-0.468249,0.093603,0.074640,-0.875448
41090023,-0.467113,0.093813,0.074335,-0.876059
41098356,-0.466068,0.093992,0.074054,-0.876620
41106689,-0.465093,0.094184,0.073826,-0.877136
41115022,-0.464281,0.094383,0.073662,-0.877558
41123355,-0.463511,0.094495,0.073513,-0.877966
41131688,-0.462854,0.094661,0.073366,-0.878307
41140021,-0.462171,0.094934,0.073201,-0.878651
41148354,-0.461685,0.095122,0.072945,-0.878907
41156687,-0.461242,0.095205,0.072718,-0.879149
41165020,-0.460837,0.095326,0.072504,-0.879367
41173353,-0.460543,0.095392,0.072337,-0.879527
41181686,-0.460322,0.095553,0.072198,-0.879637
41190019,-0.460180,0.095593,0.072069,-0.879717
41198352,-0.460092,0.095600,0.071915,-0.879775
41206685,-0.460024,0.095603,0.071788,-0.879821
41215018,-0.459999,0.095622,0.071641,-0.879844
41223351,-0.460010,0.095637,0.071507,-0.879847
41231684,-0.460041,0.095581,0.071341,-0.879851
41240017,-0.459992,0.095413,0.071226,-0.879904
41248350,-0.459996,0.095294,0.071098,-0.879925
41256683,-0.459991,0.095227,0.071011,-0.879942
41265016,-0.460053,0.095179,0.070936,-0.879921
41273349,-0.460128,0.095080,0.070905,-0.879895
41281682,-0.460221,0.094965,0.070848,-0.879863
41290015,-0.460389,0.094733,0.070796,-0.879804
41298348,-0.460551,0.094606,0.070679,-0.879743
41306681,-0.460738,0.094461,0.070551,-0.879670
41315014,-0.460905,0.094222,0.070408,-0.879620
41323347,-0.461096,0.094058,0.070312,-0.879545
41331680,-0.461283,0.093927,0.070225,-0.879468
41340013,-0.461479,0.093787,0.070119,-0.879389
41348346,-0.461722,0.093648,0.070038,-0.879282
41356679,-0.461973,0.093544,0.069981,-0.879166
41365012,-0.462223,0.093408,0.069959,-0.879051
41373345,-0.462528,0.093304,0.069964,-0.878901
41381678,-0.462870,0.093271,0.069972,-0.878724
41390011,-0.463216,0.093252,0.069972,-0.878544
41398344,-0.463550,0.093271,0.069930,-0.878369
41406677,-0.463858,0.093321,0.069948,-0.878200
41415010,-0.464196,0.093376,0.069973,-0.878013
41423343,-0.464485,0.093345,0.069975,-0.877863
41431676,-0.464796,0.093379,0.069991,-0.877694
41440009,-0.465098,0.093498,0.069991,-0.877521
41448342,-0.465347,0.093662,0.070039,-0.877368
41456675,-0.465693,0.093879,0.070006,-0.877164
41465008,-0.466028,0.094076,0.069977,-0.876967
41473341,-0.466423,0.094254,0.069980,-0.876738
41481674,-0.466808,0.094433,0.069922,-0.876518
41490007,-0.467169,0.094531,0.069929,-0.876314
41498340,-0.467510,0.094614,0.069943,-0.876123
41506673,-0.467834,0.094833,0.069976,-0.875923
41515006,-0.468154,0.094926,0.070036,-0.875737
41523339,-0.468446,0.095041,0.070026,-0.875569
41531672,-0.468750,0.095190,0.070019,-0.875391
41540005,-0.469088,0.095361,0.070032,-0.875191
41548338,-0.469423,0.095594,0.070053,-0.874983
41556671,-0.469727,0.095760,0.070092,-0.874800
41565004,-0.470018,0.095995,0.070138,-0.874613
41573337,-0.470325,0.096199,0.070232,-0.874419
41581670,-0.470627,0.096453,0.070367,-0.874217
41590003,-0.470933,0.096706,0.070489,-0.874015
41598336,-0.470971,0.097192,0.070503,-0.873939
41606669,-0.471376,0.097260,0.070691,-0.873698
41615002,-0.471703,0.097395,0.070925,-0.873487
41623335,-0.471964,0.097661,0.071122,-0.873301
41631668,-0.472213,0.097904,0.071294,-0.873124
41640001,-0.472414,0.098057,0.071500,-0.872982
41648334,-0.472675,0.098238,0.071674,-0.872806
41656667,-0.472849,0.098454,0.071803,-0.872677
41665000,-0.473031,0.098619,0.071988,-0.872544
41673333,-0.473202,0.098844,0.072184,-0.872410
41681666,-0.473383,0.099035,0.072354,-0.872276
41689999,-0.473554,0.099220,0.072528,-0.872148
41698332,-0.473726,0.099412,0.072746,-0.872014
41706665,-0.473905,0.099630,0.073010,-0.871870
41714998,-0.474072,0.099767,0.073318,-0.871738
41723331,-0.474213,0.099882,0.073530,-0.871630
41731664,-0.474358,0.099981,0.073751,-0.871521
41739997,-0.474514,0.100135,0.074086,-0.871390
41748330,-0.474695,0.100262,0.074341,-0.871255
41756663,-0.474865,0.100391,0.074578,-0.871127
41764996,-0.475019,0.100479,0.074823,-0.871012
41773329,-0.475152,0.100589,0.075006,-0.870911
41781662,-0.475339,0.100673,0.075197,-0.870783
41789995,-0.475529,0.100763,0.075364,-0.870655
41798328,-0.475719,0.100849,0.075586,-0.870521
41806661,-0.475901,0.100919,0.075808,-0.870395
41814994,-0.476088,0.100935,0.076042,-0.870270
41823327,-0.476280,0.100972,0.076311,-0.870137
41831660,-0.476448,0.101019,0.076591,-0.870015
41839993,-0.476600,0.101067,0.076839,-0.869905
41848326,-0.476721,0.101107,0.077078,-0.869812
41856659,-0.476854,0.101164,0.077316,-0.869712
41864992,-0.476963,0.101198,0.077581,-0.869624
41873325,-0.477069,0.101157,0.077884,-0.869544
41881658,-0.477086,0.101207,0.078164,-0.869504
41889991,-0.477116,0.101241,0.078431,-0.869459
41898324,-0.477114,0.101298,0.078688,-0.869430
41906657,-0.477134,0.101365,0.078941,-0.869389
41914990,-0.477128,0.101348,0.079204,-0.869370
41923323,-0.477103,0.101289,0.079418,-0.869371
41931656,-0.477070,0.101283,0.079572,-0.869376
41939989,-0.477053,0.101173,0.079727,-0.869384
41948322,-0.476988,0.101046,0.079887,-0.869419
41956655,-0.476928,0.100944,0.080028,-0.869451
41964988,-0.476888,0.100889,0.080158,-0.869467
41973321,-0.476830,0.100687,0.080262,-0.869513
41981654,-0.476768,0.100569,0.080389,-0.869549
41989987,-0.476670,0.100513,0.080435,-0.869605
41998320,-0.476635,0.100399,0.080539,-0.869628
42006653,-0.476634,0.100332,0.080632,-0.869628
42014986,-0.476613,0.100137,0.080812,-0.869645
42023319,-0.476616,0.099963,0.081011,-0.869645
42031652,-0.476587,0.099873,0.081152,-0.869658
42039985,-0.476646,0.099598,0.081344,-0.869639
42048318,-0.476683,0.099366,0.081526,-0.869628
42056651,-0.476759,0.099167,0.081732,-0.869590
42064984,-0.476847,0.098969,0.081949,-0.869544
42073317,-0.476933,0.098589,0.082132,-0.869522
42081650,-0.476947,0.098414,0.082321,-0.869517
42089983,-0.476978,0.098150,0.082585,-0.869504
42098316,-0.477003,0.097983,0.082816,-0.869488
42106649,-0.477027,0.097751,0.083102,-0.869473
42114982,-0.477047,0.097535,0.083377,-0.869460
42123315,-0.477123,0.097277,0.083704,-0.869416
42131648,-0.477142,0.097192,0.083913,-0.869395
42139981,-0.477115,0.097109,0.084168,-0.869394
42148314,-0.477158,0.096926,0.084492,-0.869360
42156647,-0.477232,0.096656,0.084827,-0.869317
42164980,-0.477298,0.096377,0.085140,-0.869281
42173313,-0.477417,0.096123,0.085405,-0.869218
42181646,-0.477523,0.095886,0.085650,-0.869162
42189979,-0.477680,0.095576,0.085863,-0.869088
42198312,-0.477878,0.095303,0.086077,-0.868989
42206645,-0.478024,0.095094,0.086280,-0.868911
42214978,-0.478306,0.094762,0.086501,-0.868770
42223311,-0.478491,0.094528,0.086756,-0.868668
42231644,-0.478669,0.094284,0.087106,-0.868562
42239977,-0.478805,0.093934,0.087498,-0.868485
42248310,-0.478938,0.093676,0.087936,-0.868395
42256643,-0.479056,0.093499,0.088310,-0.868311
42264976,-0.479254,0.093204,0.088758,-0.868188
42273309,-0.479441,0.092937,0.089154,-0.868073
42281642,-0.479505,0.092721,0.089554,-0.868020
42289975,-0.479841,0.092361,0.089966,-0.867830
42298308,-0.480052,0.092169,0.090395,-0.867689
42306641,-0.480241,0.091922,0.090797,-0.867569
42314974,-0.480425,0.091567,0.091127,-0.867469
42323307,-0.480576,0.091233,0.091437,-0.867388
42331640,-0.480766,0.090928,0.091697,-0.867288
42339973,-0.481013,0.090620,0.092096,-0.867141
42348306,-0.481394,0.090483,0.092352,-0.866916
42356639,-0.481741,0.090195,0.092746,-0.866711
42364972,-0.482065,0.089947,0.093176,-0.866511
42373305,-0.482268,0.089683,0.093517,-0.866389
42381638,-0.482464,0.089469,0.093883,-0.866262
42389971,-0.482734,0.089230,0.094438,-0.866076
42398304,-0.483068,0.089142,0.094991,-0.865838
42406637,-0.483369,0.089107,0.095404,-0.865628
42414970,-0.483677,0.089062,0.095871,-0.865410
42423303,-0.484038,0.088878,0.096349,-0.865173
42431636,-0.484302,0.088567,0.096889,-0.864997
42439969,-0.484521,0.088328,0.097454,-0.864835
42448302,-0.484810,0.088295,0.097917,-0.864625
42456635,-0.485154,0.088296,0.098323,-0.864385
42464968,-0.485447,0.088134,0.098716,-0.864192
42473301,-0.485720,0.087729,0.099059,-0.864041
42481634,-0.485960,0.087544,0.099465,-0.863878
42489967,-0.486300,0.087433,0.099801,-0.863660
42498300,-0.486679,0.087127,0.100145,-0.863437
42506633,-0.486897,0.086794,0.100410,-0.863317
42514966,-0.487141,0.086584,0.100851,-0.863149
42523299,-0.487424,0.086428,0.101053,-0.862981
42531632,-0.487805,0.086210,0.101318,-0.862757
42539965,-0.488049,0.085748,0.101657,-0.862625
42548298,-0.488308,0.085362,0.101908,-0.862486
42556631,-0.488498,0.085000,0.102137,-0.862388
42564964,-0.488645,0.084654,0.102310,-0.862318
42573297,-0.488898,0.084066,0.102582,-0.862200
42581630,-0.489239,0.083582,0.102678,-0.862042
42589963,-0.489351,0.083071,0.102800,-0.862013
42598296,-0.489529,0.082606,0.103084,-0.861923
42606629,-0.489665,0.082193,0.103193,-0.861872
42614962,-0.489919,0.081546,0.103235,-0.861785
42623295,-0.490133,0.081005,0.103470,-0.861686
42631628,-0.490256,0.080616,0.103537,-0.861644
42639961,-0.490415,0.080097,0.103573,-0.861598
42648294,-0.490573,0.079597,0.103629,-0.861547
42656627,-0.490809,0.079102,0.103702,-0.861449
42664960,-0.490787,0.078630,0.103772,-0.861497
42673293,-0.490960,0.078076,0.103975,-0.861424
42681626,-0.491151,0.077459,0.104032,-0.861364
42689959,-0.491140,0.076990,0.104135,-0.861400
42698292,-0.491359,0.076592,0.104212,-0.861301
42706625,-0.491391,0.076082,0.104212,-0.861328
42714958,-0.491436,0.075595,0.104276,-0.861338
42723291,-0.491579,0.075147,0.104130,-0.861313
42731624,-0.491548,0.074686,0.104037,-0.861382
42739957,-0.491699,0.074472,0.103869,-0.861335
42748290,-0.491681,0.073927,0.103717,-0.861410
42756623,-0.491854,0.073459,0.103572,-0.861369
42764956,-0.491926,0.073028,0.103309,-0.861396
42773289,-0.492103,0.072389,0.103179,-0.861364
42781622,-0.492461,0.071825,0.103091,-0.861218
42789955,-0.492541,0.071431,0.102749,-0.861246
42798288,-0.492951,0.070981,0.102549,-0.861072
42806621,-0.493173,0.070492,0.102322,-0.861012
42814954,-0.493457,0.069999,0.102134,-0.860912
42823287,-0.493622,0.069557,0.101895,-0.860881
42831620,-0.493901,0.069210,0.101789,-0.860762
42839953,-0.494091,0.068854,0.101545,-0.860710
42848286,-0.494268,0.068294,0.101405,-0.860669
42856619,-0.494506,0.067784,0.101222,-0.860595
42864952,-0.494596,0.067163,0.101088,-0.860607
42873285,-0.494858,0.066662,0.100938,-0.860513
42881618,-0.495072,0.066222,0.100786,-0.860442
42889951,-0.495179,0.065627,0.100485,-0.860461
42898284,-0.495435,0.065050,0.100253,-0.860385
42906617,-0.495541,0.064392,0.099943,-0.860409
42914950,-0.495806,0.063844,0.099732,-0.860322
42923283,-0.495803,0.063520,0.099533,-0.860371
42931616,-0.496179,0.063123,0.099203,-0.860221
42939949,-0.496013,0.062846,0.098893,-0.860373
42948282,-0.496029,0.062217,0.098788,-0.860422
42956615,-0.495924,0.061852,0.098621,-0.860527
42964948,-0.496013,0.061540,0.098448,-0.860518
42973281,-0.495909,0.061172,0.098391,-0.860611
42981614,-0.495969,0.060932,0.098285,-0.860606
42989947,-0.495883,0.060584,0.098223,-0.860687
42998280,-0.495799,0.060220,0.098313,-0.860750
43006613,-0.495765,0.059925,0.098413,-0.860779
43014946,-0.495654,0.059446,0.098538,-0.860862
43023279,-0.495454,0.059217,0.098637,-0.860982
43031612,-0.495299,0.058685,0.098779,-0.861091
43039945,-0.495043,0.058262,0.098907,-0.861252
43048278,-0.494822,0.057745,0.098892,-0.861416
43056611,-0.494319,0.057300,0.099047,-0.861716
43064944,-0.493855,0.056649,0.099270,-0.861999
43073277,-0.493292,0.055982,0.099329,-0.862359
43081610,-0.492515,0.055252,0.099530,-0.862827
43089943,-0.491748,0.054174,0.099790,-0.863302
43098276,-0.490800,0.053278,0.100019,-0.863871
43106609,-0.489792,0.052263,0.100191,-0.864485
43114942,-0.488694,0.051248,0.100402,-0.865142
43123275,-0.487476,0.050262,0.100639,-0.865860
43131608,-0.486089,0.048972,0.100883,-0.866684
43139941,-0.484810,0.047575,0.101160,-0.867446
43148274,-0.483377,0.046217,0.101316,-0.868301
43156607,-0.481827,0.045006,0.101476,-0.869206
43164940,-0.480283,0.043755,0.101773,-0.870089
43173273,-0.478820,0.042451,0.102207,-0.870909
43181606,-0.477334,0.041192,0.102767,-0.871719
43189939,-0.475818,0.039965,0.103216,-0.872552
43198272,-0.474306,0.038784,0.103692,-0.873371
43206605,-0.472828,0.037745,0.104256,-0.874151
43214938,-0.471297,0.036808,0.104892,-0.874941
43223271,-0.469659,0.035816,0.105591,-0.875779
43231604,-0.467830,0.035223,0.106158,-0.876713
43239937,-0.465817,0.034517,0.106845,-0.877729
43248270,-0.463787,0.033702,0.107520,-0.878752
43256603,-0.461729,0.032760,0.108377,-0.879766
43264936,-0.459422,0.032075,0.109189,-0.880897
43273269,-0.457033,0.031424,0.109886,-0.882076
43281602,-0.454444,0.030654,0.110768,-0.883330
43289935,-0.451928,0.030061,0.111603,-0.884535
43298268,-0.449227,0.029509,0.112431,-0.885824
43306601,-0.446370,0.028871,0.113432,-0.887161
43314934,-0.443504,0.028678,0.114136,-0.888513
43323267,-0.440464,0.028393,0.114871,-0.889938
43331600,-0.437222,0.028070,0.115763,-0.891430
43339933,-0.433956,0.027834,0.116572,-0.892927
43348266,-0.430481,0.027294,0.117523,-0.894500
43356599,-0.426776,0.027087,0.118331,-0.896173
43364932,-0.423056,0.026951,0.119106,-0.897837
43373265,-0.418986,0.026777,0.119886,-0.899645
43381598,-0.414927,0.026740,0.120943,-0.901384
43389931,-0.410604,0.026436,0.121940,-0.903236
43398264,-0.406073,0.026572,0.122708,-0.905175
43406597,-0.401244,0.026550,0.123522,-0.907216
43414930,-0.396513,0.026366,0.124191,-0.909208
43423263,-0.391578,0.026223,0.125327,-0.911193
43431596,-0.386467,0.025983,0.126469,-0.913222
43439929,-0.380978,0.025993,0.127134,-0.915433
43448262,-0.375358,0.026251,0.127740,-0.917660
43456595,-0.369692,0.026577,0.128595,-0.919829
43464928,-0.363964,0.026596,0.129553,-0.921975
43473261,-0.358082,0.026788,0.130330,-0.924161
43481594,-0.351910,0.027326,0.131040,-0.926413
43489927,-0.345680,0.027731,0.131910,-0.928621
43498260,-0.339182,0.028031,0.132483,-0.930923
43506593,-0.332706,0.027989,0.133111,-0.933169
43514926,-0.326272,0.028190,0.133815,-0.935332
43523259,-0.319538,0.028648,0.134548,-0.937535
43531592,-0.312524,0.029090,0.135234,-0.939784
43539925,-0.305250,0.029923,0.135846,-0.942058
43548258,-0.298493,0.030017,0.136601,-0.944109
43556591,-0.291394,0.030355,0.137273,-0.946216
43564924,-0.284061,0.030789,0.138024,-0.948320
43573257,-0.276610,0.031288,0.138897,-0.950377
43581590,-0.269033,0.031828,0.139704,-0.952413
43589923,-0.261454,0.032126,0.140763,-0.954356
43598256,-0.253736,0.032766,0.141644,-0.956285
43606589,-0.245934,0.033341,0.142511,-0.958173
43614922,-0.238128,0.033754,0.143291,-0.960012
43623255,-0.230240,0.034094,0.143887,-0.961833
43631588,-0.222401,0.034282,0.144283,-0.963610
43639921,-0.214624,0.034650,0.144649,-0.965304
43648254,-0.206924,0.035036,0.145087,-0.966905
43656587,-0.199243,0.035466,0.145388,-0.968456
43664920,-0.191623,0.035814,0.145948,-0.969895
43673253,-0.184115,0.036131,0.146406,-0.971268
43681586,-0.176664,0.036371,0.146920,-0.972564
43689919,-0.169449,0.036729,0.147587,-0.973733
43698252,-0.162278,0.037057,0.148355,-0.974825
43706585,-0.155210,0.037336,0.149186,-0.975838
43714918,-0.148396,0.037735,0.150058,-0.976748
43723251,-0.141691,0.038191,0.150832,-0.977607
43731584,-0.135047,0.038903,0.151783,-0.978372
43739917,-0.128563,0.039693,0.152655,-0.979077
43748250,-0.122035,0.040276,0.153498,-0.979757
43756583,-0.115517,0.040925,0.154270,-0.980399
43764916,-0.109014,0.041420,0.154890,-0.981025
43773249,-0.102453,0.041937,0.155444,-0.981622
43781582,-0.095822,0.042434,0.155954,-0.982189
43789915,-0.089217,0.042660,0.156476,-0.982719
43798248,-0.082712,0.042786,0.157035,-0.983193
43806581,-0.076267,0.042907,0.157534,-0.983629
43814914,-0.069636,0.042933,0.158212,-0.984010
43823247,-0.063123,0.042712,0.158827,-0.984360
43831580,-0.056625,0.042566,0.159476,-0.984657
43839913,-0.050111,0.042367,0.159919,-0.984947
43848246,-0.043659,0.042272,0.160589,-0.985149
43856579,-0.037182,0.042386,0.161080,-0.985329
43864912,-0.030783,0.042099,0.161650,-0.985469
43873245,-0.024265,0.041818,0.162211,-0.985571
43881578,-0.017717,0.041630,0.162462,-0.985677
43889911,-0.011034,0.041357,0.162694,-0.985748
43898244,-0.004284,0.040962,0.162754,-0.985807
43906577,0.002562,0.040922,0.162895,-0.985791
43914910,0.009371,0.040412,0.162977,-0.985757
43923243,0.016110,0.039978,0.162834,-0.985712
43931576,0.023047,0.039821,0.162715,-0.985600
43939909,0.029997,0.039645,0.162663,-0.985428
43948242,0.036931,0.039334,0.162694,-0.985200
43956575,0.043891,0.039247,0.162464,-0.984956
43964908,0.050741,0.038923,0.162379,-0.984654
43973241,0.057430,0.038298,0.162289,-0.984326
43981574,0.064129,0.037877,0.161910,-0.983991
43989907,0.070632,0.037409,0.161475,-0.983635
43998240,0.077053,0.036784,0.161001,-0.983254
44006573,0.083505,0.036290,0.160655,-0.982802
44014906,0.089702,0.035680,0.160215,-0.982350
44023239,0.095847,0.035226,0.159714,-0.981868
44031572,0.101899,0.034662,0.159088,-0.981380
44039905,0.107935,0.034230,0.158691,-0.980814
44048238,0.114072,0.033592,0.158198,-0.980221
44056571,0.120075,0.032971,0.157638,-0.979615
44064904,0.125962,0.032423,0.157034,-0.978991
44073237,0.131844,0.031747,0.156260,-0.978362
44081570,0.137676,0.031249,0.155607,-0.977679
44089903,0.143477,0.030568,0.154867,-0.976983
44098236,0.149269,0.029816,0.154187,-0.976246
44106569,0.154864,0.029292,0.153538,-0.975492
44114902,0.160370,0.028819,0.152789,-0.974734
44123235,0.165885,0.028437,0.152097,-0.973930
44131568,0.171158,0.028079,0.151380,-0.973140
44139901,0.176498,0.027692,0.150636,-0.972312
44148234,0.181513,0.027264,0.149876,-0.971518
44156567,0.186600,0.026629,0.149269,-0.970665
44164900,0.191704,0.026280,0.148621,-0.969779
44173233,0.196634,0.025785,0.148121,-0.968881
44181566,0.201329,0.025058,0.147652,-0.968007
44189899,0.206248,0.024732,0.147014,-0.967076
44198232,0.211023,0.024354,0.146504,-0.966133
44206565,0.215677,0.023897,0.145984,-0.965195
44214898,0.220326,0.023359,0.145518,-0.964228
44223231,0.225023,0.022842,0.145005,-0.963232
44231564,0.229571,0.022559,0.144577,-0.962230
44239897,0.234111,0.022172,0.144065,-0.961221
44248230,0.238772,0.021716,0.143547,-0.960162
44256563,0.243256,0.021136,0.143002,-0.959130
44264896,0.247734,0.020690,0.142291,-0.958099
44273229,0.252179,0.020082,0.141617,-0.957051
44281562,0.256502,0.019526,0.141079,-0.955993
44289895,0.261048,0.019034,0.140686,-0.954829
44298228,0.265213,0.018455,0.140024,-0.953790
44306561,0.269303,0.017956,0.139336,-0.952753
44314894,0.273527,0.017388,0.138856,-0.951630
44323227,0.277566,0.016754,0.138304,-0.950552
44331560,0.281668,0.016125,0.137824,-0.949425
44339893,0.285773,0.015573,0.137348,-0.948276
44348226,0.289738,0.014901,0.136884,-0.947150
44356559,0.293465,0.013982,0.136482,-0.946074
44364892,0.297062,0.013237,0.136213,-0.945000
44373225,0.300610,0.012668,0.135550,-0.943980
44381558,0.304004,0.011877,0.134934,-0.942992
44389891,0.307228,0.011338,0.134403,-0.942029
44398224,0.310400,0.010901,0.133981,-0.941054
44406557,0.313460,0.010349,0.133546,-0.940107
44414890,0.316331,0.009844,0.133165,-0.939204
44423223,0.319017,0.009402,0.132863,-0.938343
44431556,0.321608,0.009028,0.132575,-0.937502
44439889,0.324066,0.008643,0.132320,-0.936695
44448222,0.326338,0.008484,0.132075,-0.935942
44456555,0.328415,0.008275,0.131870,-0.935246
44464888,0.330242,0.008004,0.131732,-0.934624
44473221,0.331887,0.007728,0.131561,-0.934068
44481554,0.333406,0.007407,0.131458,-0.933544
44489887,0.334699,0.007109,0.131349,-0.933099
44498220,0.335731,0.006862,0.131272,-0.932741
44506553,0.336489,0.006704,0.131185,-0.932481
44514886,0.337137,0.006641,0.131067,-0.932264
44523219,0.337526,0.006568,0.131010,-0.932132
44531552,0.337680,0.006561,0.130896,-0.932092
44539885,0.337600,0.006619,0.130720,-0.932145
44548218,0.337376,0.006739,0.130537,-0.932251
44556551,0.336904,0.006808,0.130311,-0.932453
44564884,0.336386,0.006978,0.130146,-0.932662
44573217,0.335748,0.007018,0.129977,-0.932915
44581550,0.335140,0.007177,0.129852,-0.933150
44589883,0.334316,0.007283,0.129697,-0.933466
44598216,0.333429,0.007614,0.129528,-0.933804
44606549,0.332320,0.007856,0.129337,-0.934224
44614882,0.331176,0.007951,0.129161,-0.934653
44623215,0.330055,0.007963,0.129067,-0.935063
44631548,0.328871,0.007982,0.128993,-0.935490
44639881,0.327645,0.007874,0.128892,-0.935934
44648214,0.326447,0.007680,0.128979,-0.936343
44656547,0.325276,0.007519,0.128975,-0.936752
44664880,0.323988,0.007303,0.128908,-0.937209
44673213,0.322527,0.007245,0.128829,-0.937724
44681546,0.321121,0.006955,0.128540,-0.938249
44689879,0.319763,0.006567,0.128231,-0.938757
44698212,0.318365,0.006327,0.128023,-0.939262
44706545,0.316916,0.006327,0.127841,-0.939777
44714878,0.315382,0.006155,0.127610,-0.940326
44723211,0.313916,0.005895,0.127351,-0.940853
44731544,0.312399,0.005671,0.127163,-0.941384
44739877,0.310765,0.005449,0.126932,-0.941957
44748210,0.309155,0.005119,0.126761,-0.942512
44756543,0.307660,0.004787,0.126530,-0.943034
44764876,0.306276,0.004473,0.126274,-0.943520
44773209,0.304901,0.004338,0.125997,-0.944003
44781542,0.303339,0.004136,0.125749,-0.944540
44789875,0.301950,0.003928,0.125462,-0.945024
44798208,0.300726,0.003771,0.125208,-0.945448
44806541,0.299582,0.003626,0.124917,-0.945851
44814874,0.298366,0.003471,0.124565,-0.946282
44823207,0.297219,0.003250,0.124247,-0.946685
44831540,0.296094,0.002994,0.123923,-0.947081
44839873,0.294911,0.002982,0.123682,-0.947481
44848206,0.293955,0.002943,0.123397,-0.947816
44856539,0.292975,0.002752,0.123103,-0.948158
44864872,0.291908,0.002569,0.122925,-0.948511
44873205,0.290884,0.002217,0.122800,-0.948842
44881538,0.290027,0.002108,0.122663,-0.949123
44889871,0.289115,0.001860,0.122521,-0.949420
44898204,0.288107,0.001699,0.122331,-0.949751
44906537,0.287123,0.001576,0.122171,-0.950069
44914870,0.286150,0.001439,0.122081,-0.950375
44923203,0.285306,0.001273,0.121877,-0.950655
44931536,0.284513,0.001164,0.121690,-0.950917
44939869,0.283749,0.001125,0.121494,-0.951170
44948202,0.282969,0.001095,0.121299,-0.951427
44956535,0.282185,0.001052,0.120979,-0.951701
44964868,0.281427,0.000977,0.120839,-0.951943
44973201,0.280718,0.000965,0.120738,-0.952165
44981534,0.279975,0.000905,0.120535,-0.952410
44989867,0.279279,0.000870,0.120268,-0.952648
44998200,0.278628,0.000830,0.120014,-0.952871
45006533,0.277995,0.000855,0.119731,-0.953091
45014866,0.277372,0.001061,0.119557,-0.953294
45023199,0.276763,0.001070,0.119393,-0.953492
45031532,0.276193,0.001194,0.119240,-0.953676
45039865,0.275660,0.001222,0.119151,-0.953841
45048198,0.275118,0.001175,0.119063,-0.954009
45056531,0.274659,0.001086,0.118951,-0.954155
45064864,0.274228,0.001047,0.118925,-0.954282
45073197,0.273845,0.001040,0.118947,-0.954389
45081530,0.273452,0.001016,0.118930,-0.954504
45089863,0.273078,0.001010,0.118913,-0.954614
45098196,0.272740,0.000800,0.118919,-0.954710
45106529,0.272435,0.000792,0.118916,-0.954797
45114862,0.272096,0.000651,0.118886,-0.954898
45123195,0.271810,0.000751,0.118844,-0.954984
45131528,0.271539,0.000819,0.118809,-0.955066
45139861,0.271297,0.000790,0.118779,-0.955138
45148194,0.271089,0.000689,0.118698,-0.955207
45156527,0.270894,0.000697,0.118657,-0.955268
45164860,0.270696,0.000675,0.118587,-0.955333
45173193,0.270552,0.000680,0.118472,-0.955388
45181526,0.270420,0.000695,0.118380,-0.955436
45189859,0.270337,0.000661,0.118253,-0.955476
45198192,0.270227,0.000601,0.118130,-0.955522
45206525,0.270138,0.000599,0.118008,-0.955562
45214858,0.270068,0.000671,0.117946,-0.955590
45223191,0.270059,0.000743,0.117910,-0.955596
45231524,0.270026,0.000760,0.117862,-0.955612
45239857,0.269988,0.000775,0.117829,-0.955627
45248190,0.269978,0.000842,0.117802,-0.955633
45256523,0.269971,0.000915,0.117824,-0.955632
45264856,0.269977,0.000953,0.117866,-0.955625
45273189,0.269976,0.000965,0.117932,-0.955617
45281522,0.269961,0.000921,0.117975,-0.955616
45289855,0.269959,0.000835,0.118040,-0.955609
45298188,0.269954,0.000734,0.118109,-0.955602
45306521,0.269963,0.000636,0.118291,-0.955577
45314854,0.269985,0.000506,0.118485,-0.955546
45323187,0.269950,0.000216,0.118681,-0.955532
45331520,0.269977,0.000214,0.118922,-0.955495
45339853,0.269994,0.000099,0.119130,-0.955464
45348186,0.270021,-0.000061,0.119398,-0.955423
45356519,0.270041,-0.000250,0.119607,-0.955391
45364852,0.270103,-0.000301,0.119797,-0.955350
45373185,0.270180,-0.000418,0.120007,-0.955301
45381518,0.270247,-0.000698,0.120157,-0.955264
45389851,0.270326,-0.000838,0.120276,-0.955226
45398184,0.270431,-0.000938,0.120413,-0.955179
45406517,0.270655,-0.001096,0.120437,-0.955112
45414850,0.270854,-0.001177,0.120534,-0.955044
45423183,0.270987,-0.001324,0.120572,-0.955001
45431516,0.271122,-0.001364,0.120601,-0.954959
45439849,0.271256,-0.001476,0.120668,-0.954912
45448182,0.271427,-0.001536,0.120729,-0.954856
45456515,0.271634,-0.001601,0.120790,-0.954789
45464848,0.271823,-0.001670,0.120865,-0.954726
45473181,0.272030,-0.001726,0.120993,-0.954651
45481514,0.272210,-0.001761,0.121120,-0.954583
45489847,0.272393,-0.001850,0.121266,-0.954512
45498180,0.272627,-0.001938,0.121439,-0.954423
45506513,0.272887,-0.001961,0.121582,-0.954330
45514846,0.273126,-0.002061,0.121702,-0.954246
45523179,0.273372,-0.002096,0.121810,-0.954162
45531512,0.273661,-0.002032,0.121922,-0.954065
45539845,0.273951,-0.002292,0.122064,-0.953963
45548178,0.274216,-0.002273,0.122224,-0.953867
45556511,0.274515,-0.002477,0.122389,-0.953759
45564844,0.274757,-0.002579,0.122522,-0.953672
45573177,0.275018,-0.002535,0.122628,-0.953583
45581510,0.275209,-0.002569,0.122709,-0.953518
45589843,0.275389,-0.002632,0.122728,-0.953463
45598176,0.275536,-0.002798,0.122731,-0.953420
45606509,0.275653,-0.002727,0.122712,-0.953389
45614842,0.275734,-0.002706,0.122716,-0.953365
45623175,0.275802,-0.002709,0.122702,-0.953347
45631508,0.275848,-0.002712,0.122612,-0.953345
45639841,0.275848,-0.002715,0.122612,-0.953345
45648174,0.275810,-0.002863,0.122631,-0.953353
45656507,0.275790,-0.002905,0.122662,-0.953355
45664840,0.275727,-0.002972,0.122719,-0.953366
45673173,0.275638,-0.002953,0.122780,-0.953383
45681506,0.275506,-0.003010,0.122837,-0.953414
45689839,0.275383,-0.003041,0.122909,-0.953440
45698172,0.275231,-0.003060,0.122964,-0.953477
45706505,0.275042,-0.003095,0.123007,-0.953526
45714838,0.274820,-0.003094,0.123068,-0.953582
45723171,0.274607,-0.003159,0.123085,-0.953641
45731504,0.274358,-0.003277,0.123116,-0.953708
45739837,0.274164,-0.003434,0.123186,-0.953754
45748170,0.273939,-0.003550,0.123226,-0.953814
45756503,0.273719,-0.003581,0.123281,-0.953869
45764836,0.273453,-0.003638,0.123363,-0.953935
45773169,0.273181,-0.003723,0.123398,-0.954008
45781502,0.272917,-0.003742,0.123502,-0.954070
45789835,0.272617,-0.003785,0.123513,-0.954154
45798168,0.272303,-0.003809,0.123523,-0.954243
45806501,0.271929,-0.003879,0.123506,-0.954351
45814834,0.271534,-0.003979,0.123494,-0.954465
45823167,0.271137,-0.003889,0.123498,-0.954577
45831500,0.270724,-0.003988,0.123485,-0.954696
45839833,0.270263,-0.004082,0.123488,-0.954826
45848166,0.269791,-0.004172,0.123503,-0.954957
45856499,0.269425,-0.004300,0.123484,-0.955062
45864832,0.269007,-0.004499,0.123465,-0.955181
45873165,0.268555,-0.004708,0.123435,-0.955311
45881498,0.268076,-0.004821,0.123457,-0.955443
45889831,0.267538,-0.005000,0.123543,-0.955581
45898164,0.267095,-0.005275,0.123595,-0.955697
45906497,0.266659,-0.005487,0.123676,-0.955807
45914830,0.266260,-0.005623,0.123784,-0.955903
45923163,0.265883,-0.005814,0.123830,-0.956001
45931496,0.265493,-0.005966,0.123869,-0.956104
45939829,0.265108,-0.006124,0.123910,-0.956204
45948162,0.264690,-0.006264,0.123937,-0.956316
45956495,0.264275,-0.006434,0.123927,-0.956431
45964828,0.263883,-0.006561,0.123894,-0.956542
45973161,0.263435,-0.006699,0.123881,-0.956666
45981494,0.263039,-0.006829,0.123908,-0.956771
45989827,0.262603,-0.007028,0.123897,-0.956891
45998160,0.262240,-0.007176,0.123972,-0.956979
46006493,0.261894,-0.007370,0.124050,-0.957063
46014826,0.261567,-0.007573,0.124091,-0.957145
46023159,0.261181,-0.007765,0.124120,-0.957245
46031492,0.260827,-0.007975,0.124180,-0.957332
46039825,0.260466,-0.008178,0.124199,-0.957426
46048158,0.260182,-0.008338,0.124254,-0.957495
46056491,0.259999,-0.008462,0.124251,-0.957544
46064824,0.259649,-0.008720,0.124299,-0.957630
46073157,0.259407,-0.008824,0.124293,-0.957696
46081490,0.259146,-0.009021,0.124317,-0.957762
46089823,0.258860,-0.009220,0.124336,-0.957835
46098156,0.258627,-0.009515,0.124311,-0.957898
46106489,0.258392,-0.009793,0.124326,-0.957956
46114822,0.258175,-0.009922,0.124341,-0.958012
46123155,0.257962,-0.010109,0.124318,-0.958070
46131488,0.257748,-0.010277,0.124299,-0.958128
46139821,0.257559,-0.010418,0.124279,-0.958180
46148154,0.257354,-0.010555,0.124283,-0.958233
46156487,0.257106,-0.010618,0.124275,-0.958300
46164820,0.256839,-0.010761,0.124280,-0.958370
46173153,0.256628,-0.010822,0.124282,-0.958425
46181486,0.256398,-0.010873,0.124307,-0.958483
46189819,0.256130,-0.010924,0.124380,-0.958544
46198152,0.255814,-0.010965,0.124434,-0.958621
46206485,0.255397,-0.010958,0.124507,-0.958723
46214818,0.254938,-0.010924,0.124556,-0.958839
46223151,0.254462,-0.010880,0.124587,-0.958962
46231484,0.253931,-0.010868,0.124592,-0.959103
46239817,0.253411,-0.010819,0.124639,-0.959235
46248150,0.252874,-0.010744,0.124657,-0.959375
46256483,0.252311,-0.010790,0.124693,-0.959518
46264816,0.251756,-0.010845,0.124660,-0.959667
46273149,0.251352,-0.010733,0.124605,-0.959781
46281482,0.250826,-0.010821,0.124635,-0.959914
46289815,0.250321,-0.010850,0.124652,-0.960043
46298148,0.249916,-0.010786,0.124612,-0.960155
46306481,0.249390,-0.010804,0.124595,-0.960294
46314814,0.248872,-0.010799,0.124587,-0.960429
46323147,0.248329,-0.010796,0.124653,-0.960561
46331480,0.247792,-0.010819,0.124654,-0.960699
46339813,0.247187,-0.010787,0.124698,-0.960850
46348146,0.246639,-0.010784,0.124750,-0.960984
46356479,0.246093,-0.010856,0.124794,-0.961118
46364812,0.245561,-0.010872,0.124802,-0.961252
46373145,0.245080,-0.010837,0.124787,-0.961377
46381478,0.244576,-0.010783,0.124768,-0.961509
46389811,0.244042,-0.010757,0.124763,-0.961645
46398144,0.243516,-0.010688,0.124749,-0.961781
46406477,0.243031,-0.010662,0.124709,-0.961910
46414810,0.242582,-0.010587,0.124702,-0.962025
46423143,0.242092,-0.010581,0.124666,-0.962153
46431476,0.241648,-0.010590,0.124614,-0.962271
46439809,0.241202,-0.010595,0.124554,-0.962391
46448142,0.240792,-0.010561,0.124555,-0.962494
46456475,0.240374,-0.010556,0.124529,-0.962601
46464808,0.239968,-0.010529,0.124548,-0.962700
46473141,0.239626,-0.010558,0.124576,-0.962782
46481474,0.239290,-0.010533,0.124611,-0.962861
46489807,0.238945,-0.010513,0.124604,-0.962948
46498140,0.238635,-0.010483,0.124569,-0.963030
46506473,0.238293,-0.010488,0.124624,-0.963107
46514806,0.237984,-0.010453,0.124588,-0.963188
46523139,0.237728,-0.010380,0.124615,-0.963249
46531472,0.237489,-0.010360,0.124604,-0.963310
46539805,0.237272,-0.010399,0.124634,-0.963359
46548138,0.237076,-0.010360,0.124660,-0.963404
46556471,0.236957,-0.010378,0.124681,-0.963431
46564804,0.236840,-0.010395,0.124722,-0.963454
46573137,0.236703,-0.010410,0.124798,-0.963477
46581470,0.236589,-0.010392,0.124881,-0.963495
46589803,0.236510,-0.010411,0.124918,-0.963509
46598136,0.236440,-0.010427,0.124990,-0.963517
46606469,0.236406,-0.010491,0.125040,-0.963518
46614802,0.236394,-0.010538,0.125101,-0.963513
46623135,0.236394,-0.010633,0.125083,-0.963514
46631468,0.236409,-0.010678,0.125094,-0.963508
46639801,0.236451,-0.010735,0.125036,-0.963505
46648134,0.236497,-0.010790,0.125007,-0.963497
46656467,0.236522,-0.010815,0.124940,-0.963499
46664800,0.236573,-0.010925,0.124885,-0.963493
46673133,0.236629,-0.010949,0.124844,-0.963484
46681466,0.236687,-0.010995,0.124878,-0.963464
46689799,0.236763,-0.011024,0.124814,-0.963454
46698132,0.236831,-0.011033,0.124773,-0.963442
46706465,0.236895,-0.011109,0.124768,-0.963426
46714798,0.236989,-0.011083,0.124804,-0.963399
46723131,0.237076,-0.011135,0.124802,-0.963377
46731464,0.237165,-0.011150,0.124816,-0.963353
46739797,0.237221,-0.011169,0.124837,-0.963337
46748130,0.237261,-0.011166,0.124839,-0.963326
46756463,0.237317,-0.011167,0.124819,-0.963315
46764796,0.237397,-0.011227,0.124848,-0.963291
46773129,0.237424,-0.011238,0.124860,-0.963283
46781462,0.237415,-0.011194,0.124860,-0.963285
46789795,0.237392,-0.011195,0.124848,-0.963293
46798128,0.237342,-0.011275,0.124842,-0.963305
46806461,0.237288,-0.011294,0.124919,-0.963308
46814794,0.237184,-0.011264,0.124960,-0.963329
46823127,0.237051,-0.011236,0.124986,-0.963358
46831460,0.236836,-0.011251,0.124991,-0.963410
46839793,0.236588,-0.011229,0.125076,-0.963460
46848126,0.236275,-0.011113,0.125064,-0.963540
46856459,0.235910,-0.011055,0.125073,-0.963629
46864792,0.235482,-0.010965,0.125069,-0.963735
46873125,0.235075,-0.010942,0.125096,-0.963831
46881458,0.234623,-0.010944,0.125184,-0.963930
46889791,0.234188,-0.010913,0.125206,-0.964033
46898124,0.233708,-0.010849,0.125142,-0.964159
46906457,0.233236,-0.010800,0.125106,-0.964278
46914790,0.232721,-0.010776,0.125094,-0.964405
46923123,0.232155,-0.010732,0.125124,-0.964538
46931456,0.231508,-0.010753,0.125130,-0.964692
46939789,0.230871,-0.010721,0.125103,-0.964849
46948122,0.230172,-0.010669,0.125071,-0.965020
46956455,0.229430,-0.010679,0.125021,-0.965203
46964788,0.228648,-0.010679,0.125018,-0.965389
46973121,0.227859,-0.010637,0.124978,-0.965581
46981454,0.227077,-0.010453,0.125041,-0.965759
46989787,0.226339,-0.010357,0.124875,-0.965955
46998120,0.225491,-0.010343,0.124746,-0.966170
47006453,0.224633,-0.010340,0.124696,-0.966377
47014786,0.223764,-0.010287,0.124658,-0.966584
47023119,0.222847,-0.010227,0.124614,-0.966802
47031452,0.221898,-0.010094,0.124582,-0.967026
47039785,0.220888,-0.009948,0.124555,-0.967262
47048118,0.219811,-0.009912,0.124518,-0.967512
47056451,0.218695,-0.009885,0.124464,-0.967772
47064784,0.217542,-0.009780,0.124413,-0.968040
47073117,0.216306,-0.009696,0.124318,-0.968330
47081450,0.214968,-0.009602,0.124275,-0.968634
47089783,0.213563,-0.009527,0.124225,-0.968952
47098116,0.212162,-0.009292,0.124224,-0.969262
47106449,0.210569,-0.009198,0.124230,-0.969610
47114782,0.208938,-0.009139,0.124179,-0.969970
47123115,0.207328,-0.008923,0.124158,-0.970320
47131448,0.205708,-0.008790,0.124114,-0.970671
47139781,0.204054,-0.008670,0.124075,-0.971026
47148114,0.202189,-0.008598,0.124003,-0.971426
47156447,0.200245,-0.008492,0.123869,-0.971847
47164780,0.198170,-0.008327,0.123725,-0.972292
47173113,0.195924,-0.008113,0.123582,-0.972767
47181446,0.193510,-0.007835,0.123412,-0.973274
47189779,0.190987,-0.007419,0.123284,-0.973792
47198112,0.188243,-0.007058,0.123175,-0.974342
47206445,0.185414,-0.006769,0.123116,-0.974894
47214778,0.182412,-0.006396,0.123121,-0.975462
47223111,0.179225,-0.006122,0.123066,-0.976061
47231444,0.176067,-0.005955,0.123085,-0.976635
47239777,0.172854,-0.005852,0.123126,-0.977204
47248110,0.169554,-0.005719,0.123166,-0.977777
47256443,0.166075,-0.005399,0.123160,-0.978377
47264776,0.162533,-0.005195,0.123079,-0.978983
47273109,0.158941,-0.005036,0.122984,-0.979585
47281442,0.154978,-0.004706,0.122818,-0.980243
47289775,0.150898,-0.004343,0.122558,-0.980913
47298108,0.146892,-0.004029,0.122381,-0.981544
47306441,0.142725,-0.003803,0.122177,-0.982185
47314774,0.138225,-0.003438,0.121991,-0.982853
47323107,0.133892,-0.002957,0.121894,-0.983466
47331440,0.129578,-0.002459,0.121794,-0.984058
47339773,0.125042,-0.001996,0.121714,-0.984655
47348106,0.120365,-0.001440,0.121614,-0.985251
47356439,0.115684,-0.001027,0.121540,-0.985822
47364772,0.110738,-0.000597,0.121625,-0.986379
47373105,0.105757,-0.000024,0.121584,-0.986931
47381438,0.100818,0.000367,0.121528,-0.987454
47389771,0.095874,0.000809,0.121485,-0.987952
47398104,0.090874,0.001381,0.121392,-0.988435
47406437,0.085832,0.001912,0.121306,-0.988895
47414770,0.080866,0.002472,0.121159,-0.989331
47423103,0.075907,0.003178,0.121083,-0.989731
47431436,0.070916,0.003538,0.121040,-0.990105
47439769,0.065872,0.003973,0.120948,-0.990463
47448102,0.060636,0.004420,0.120722,-0.990823
47456435,0.055468,0.004744,0.120685,-0.991129
47464768,0.050465,0.005056,0.120654,-0.991398
47473101,0.045302,0.005440,0.120566,-0.991656
47481434,0.040161,0.005786,0.120519,-0.991881
47489767,0.035067,0.006042,0.120341,-0.992095
47498100,0.029820,0.006363,0.120195,-0.992282
47506433,0.024518,0.006723,0.120037,-0.992444
47514766,0.019177,0.007102,0.119886,-0.992577
47523099,0.013784,0.007568,0.119765,-0.992678
47531432,0.008480,0.008102,0.119656,-0.992746
47539765,0.003285,0.008602,0.119389,-0.992805
47548098,-0.002165,0.009327,0.119317,-0.992810
47556431,-0.007505,0.009755,0.119298,-0.992782
47564764,-0.012986,0.010011,0.119238,-0.992730
47573097,-0.018431,0.010362,0.119068,-0.992661
47581430,-0.023744,0.010724,0.118964,-0.992557
47589763,-0.029163,0.011126,0.118857,-0.992421
47598096,-0.034577,0.011533,0.118759,-0.992254
47606429,-0.039845,0.012043,0.118576,-0.992072
47614762,-0.045307,0.012736,0.118368,-0.991854
47623095,-0.050469,0.013090,0.118332,-0.991604
47631428,-0.055799,0.013272,0.118285,-0.991322
47639761,-0.061200,0.013490,0.118255,-0.991004
47648094,-0.066316,0.013573,0.118234,-0.990676
47656427,-0.071309,0.013709,0.118447,-0.990302
47664760,-0.076348,0.013924,0.118760,-0.989885
47673093,-0.081814,0.014089,0.118916,-0.989428
47681426,-0.087408,0.014441,0.119254,-0.988903
47689759,-0.092789,0.014765,0.119637,-0.988362
47698092,-0.098150,0.015320,0.120055,-0.987785
47706425,-0.103521,0.015774,0.120353,-0.987193
47714758,-0.109157,0.016076,0.120755,-0.986532
47723091,-0.114734,0.016702,0.121164,-0.985838
47731424,-0.120436,0.017306,0.121399,-0.985118
47739757,-0.125983,0.017771,0.121700,-0.984379
47748090,-0.131683,0.018268,0.121967,-0.983590
47756423,-0.137391,0.018737,0.122050,-0.982790
47764756,-0.143166,0.019136,0.122282,-0.981929
47773089,-0.148919,0.019908,0.122453,-0.981036
47781422,-0.154770,0.020262,0.122779,-0.980082
47789755,-0.160689,0.020891,0.123085,-0.979077
47798088,-0.166766,0.021393,0.123357,-0.978016
47806421,-0.173001,0.021884,0.123621,-0.976888
47814754,-0.179425,0.022551,0.123996,-0.975665
47823087,-0.185984,0.023131,0.124352,-0.974378
47831420,-0.192792,0.023574,0.124686,-0.973000
47839753,-0.199829,0.024027,0.124933,-0.971536
47848086,-0.207027,0.024287,0.125226,-0.969984
47856419,-0.214540,0.024667,0.125416,-0.968316
47864752,-0.222133,0.025207,0.125751,-0.966544
47873085,-0.229810,0.025321,0.126299,-0.964674
47881418,-0.237687,0.025604,0.126862,-0.962681
47889751,-0.245613,0.026028,0.127405,-0.960606
47898084,-0.253531,0.026250,0.128150,-0.958442
47906417,-0.261109,0.026476,0.129070,-0.956275
47914750,-0.268645,0.026738,0.130181,-0.954027
47923083,-0.276177,0.026890,0.131295,-0.951717
47931416,-0.283336,0.027014,0.132640,-0.949420
47939749,-0.290439,0.027158,0.134224,-0.947044
47948082,-0.297046,0.027692,0.135870,-0.944741
47956415,-0.303657,0.027950,0.137658,-0.942370
47964748,-0.310526,0.027750,0.139398,-0.939879
47973081,-0.317092,0.027821,0.140898,-0.937457
47981414,-0.323460,0.028001,0.142448,-0.935039
47989747,-0.329536,0.028276,0.143861,-0.932690
47998080,-0.335680,0.028578,0.145265,-0.930269
48006413,-0.341788,0.029100,0.146323,-0.927860
48014746,-0.347795,0.029711,0.147242,-0.925460
48023079,-0.353923,0.030577,0.147950,-0.922992
48031412,-0.360133,0.030848,0.148638,-0.920467
48039745,-0.366085,0.031535,0.149297,-0.917986
48048078,-0.372129,0.032074,0.149819,-0.915448
48056411,-0.377693,0.032959,0.150015,-0.913103
48064744,-0.383688,0.033395,0.150494,-0.910505
48073077,-0.389468,0.033909,0.150950,-0.907953
48081410,-0.394911,0.034487,0.150870,-0.905591
48089743,-0.400225,0.035297,0.150912,-0.903216
48098076,-0.405652,0.036023,0.150874,-0.900769
48106409,-0.410877,0.037027,0.150379,-0.898441
48114742,-0.416175,0.037900,0.150157,-0.895999
48123075,-0.421427,0.038514,0.149883,-0.893561
48131408,-0.426436,0.039509,0.149155,-0.891260
48139741,-0.431362,0.040535,0.148636,-0.888927
48148074,-0.436080,0.041633,0.147955,-0.886685
48156407,-0.440612,0.042626,0.147231,-0.884515
48164740,-0.445191,0.043619,0.146510,-0.882291
48173073,-0.449512,0.044944,0.145647,-0.880174
48181406,-0.453733,0.046280,0.144803,-0.878076
48189739,-0.457884,0.047604,0.144035,-0.875973
48198072,-0.461927,0.048872,0.143251,-0.873907
48206405,-0.465803,0.050210,0.142312,-0.871926
48214738,-0.469431,0.051421,0.141509,-0.870038
48223071,-0.473082,0.052593,0.140590,-0.868137
48231404,-0.476751,0.053660,0.139378,-0.866258
48239737,-0.480070,0.054827,0.138267,-0.864528
48248070,-0.483445,0.056046,0.136942,-0.862779
48256403,-0.486448,0.056982,0.135713,-0.861222
48264736,-0.489403,0.058095,0.134286,-0.859696
48273069,-0.492356,0.059061,0.132821,-0.858170
48281402,-0.495239,0.060156,0.131274,-0.856672
48289735,-0.498240,0.061081,0.129478,-0.855138
48298068,-0.501172,0.061799,0.127786,-0.853627
48306401,-0.504147,0.062652,0.126000,-0.852077
48314734,-0.507125,0.063724,0.124100,-0.850507
48323067,-0.510055,0.064600,0.122269,-0.848953
48331400,-0.512823,0.065325,0.120523,-0.847478
48339733,-0.515528,0.066164,0.118878,-0.846003
48348066,-0.518250,0.066615,0.117067,-0.844556
48356399,-0.520906,0.066875,0.115235,-0.843152
48364732,-0.523637,0.066764,0.113431,-0.841713
48373065,-0.526604,0.066648,0.111502,-0.840127
48381398,-0.529545,0.066543,0.109493,-0.838550
48389731,-0.532314,0.066475,0.107738,-0.837027
48398064,-0.535441,0.065840,0.105897,-0.835316
48406397,-0.538592,0.065271,0.104022,-0.833570
48414730,-0.542034,0.064698,0.102313,-0.831592
48423063,-0.545253,0.064119,0.100651,-0.829733
48431396,-0.548771,0.063392,0.099004,-0.827666
48439729,-0.552413,0.062654,0.097325,-0.825495
48448062,-0.556126,0.061780,0.095791,-0.823244
48456395,-0.559879,0.060872,0.094205,-0.820948
48464728,-0.563732,0.059739,0.092715,-0.818561
48473061,0.567398,-0.058632,-0.091103,0.816286
48481394,0.571132,-0.057582,-0.089539,0.813926
48489727,0.574884,-0.056353,-0.087951,0.811540
48498060,0.578601,-0.055193,-0.086311,0.809150
48506393,0.582272,-0.053861,-0.084546,0.806790
48514726,0.585880,-0.052387,-0.082937,0.804439
48523059,0.589287,-0.051150,-0.081088,0.802216
48531392,0.592677,-0.049742,-0.079382,0.799974
48539725,0.595823,-0.048357,-0.077556,0.797898
48548058,0.598971,-0.046962,-0.075961,0.795775
48556391,0.601999,-0.045544,-0.074334,0.793724
48564724,0.604924,-0.044319,-0.072549,0.791732
48573057,0.607798,-0.043222,-0.070840,0.789744
48581390,0.610414,-0.042269,-0.069055,0.787934
48589723,0.612863,-0.041269,-0.067350,0.786231
48598056,0.615231,-0.040468,-0.065800,0.784553
48606389,0.617566,-0.039652,-0.064278,0.782884
48614722,0.619798,-0.039131,-0.062948,0.781253
48623055,0.621904,-0.038697,-0.061764,0.779695
48631388,0.624009,-0.038494,-0.060904,0.778088
48639721,0.626127,-0.038357,-0.060147,0.776451
48648054,0.628228,-0.038432,-0.059350,0.774809
48656387,0.629991,-0.038463,-0.058610,0.773432
48664720,0.631885,-0.038464,-0.057898,0.771939
48673053,0.633845,-0.038690,-0.057107,0.770378
48681386,0.635714,-0.038694,-0.056507,0.768880
48689719,0.637533,-0.038747,-0.056068,0.767403
48698052,0.639126,-0.039027,-0.055478,0.766105
48706385,0.640828,-0.039219,-0.054867,0.764716
48714718,0.642338,-0.039344,-0.054370,0.763478
48723051,0.643761,-0.039435,-0.053762,0.762317
48731384,0.645212,-0.039699,-0.053341,0.761105
48739717,0.646501,-0.039877,-0.053067,0.760020
48748050,0.647867,-0.040163,-0.052675,0.758868
48756383,0.649180,-0.040209,-0.052469,0.757757
48764716,0.650504,-0.040383,-0.052354,0.756619
48773049,0.651695,-0.040413,-0.052401,0.755589
48781382,0.652907,-0.040531,-0.052510,0.754528
48789715,0.653958,-0.040694,-0.052696,0.753595
48798048,0.655070,-0.040862,-0.052953,0.752602
48806381,0.656158,-0.040932,-0.053289,0.751626
48814714,0.657296,-0.041197,-0.053756,0.750583
48823047,0.658479,-0.041759,-0.054174,0.749484
48831380,0.659490,-0.042344,-0.054775,0.748518
48839713,0.660615,-0.042791,-0.055137,0.747474
48848046,0.661665,-0.043232,-0.055514,0.746491
48856379,0.662656,-0.043675,-0.056001,0.745549
48864712,0.663643,-0.044135,-0.056342,0.744617
48873045,0.664531,-0.044272,-0.056649,0.743794
48881378,0.665310,-0.044426,-0.056970,0.743064
48889711,0.666027,-0.044771,-0.057112,0.742389
48898044,0.666646,-0.045049,-0.057323,0.741800
48906377,0.667294,-0.045018,-0.057595,0.741198
48914710,0.668002,-0.045338,-0.057579,0.740542
48923043,0.668768,-0.045379,-0.057490,0.739855
48931376,0.669403,-0.045399,-0.057414,0.739285
48939709,0.670037,-0.045367,-0.057225,0.738727
48948042,0.670660,-0.045325,-0.056892,0.738189
48956375,0.671478,-0.045241,-0.056326,0.737494
48964708,0.672306,-0.045109,-0.055700,0.736795
48973041,0.673134,-0.044887,-0.055043,0.736102
48981374,0.674009,-0.044718,-0.054036,0.735386
48989707,0.674943,-0.044769,-0.052917,0.734607
48998040,0.675800,-0.044958,-0.051941,0.733877
49006373,0.676574,-0.044835,-0.051075,0.733232
49014706,0.677311,-0.044584,-0.050275,0.732622
49023039,0.677938,-0.044228,-0.049601,0.732109
49031372,0.678373,-0.044027,-0.048985,0.731760
49039705,0.678817,-0.043889,-0.048310,0.731401
49048038,0.679256,-0.043772,-0.047584,0.731048
49056371,0.679601,-0.043632,-0.047081,0.730768
49064704,0.679972,-0.043509,-0.046624,0.730460
49073037,0.680309,-0.043289,-0.046183,0.730187
49081370,0.680560,-0.042976,-0.045838,0.729993
49089703,0.680767,-0.042765,-0.045454,0.729837
49098036,0.681005,-0.042656,-0.045085,0.729644
49106369,0.681287,-0.042542,-0.044565,0.729419
49114702,0.681513,-0.042461,-0.044036,0.729245
49123035,0.681837,-0.042553,-0.043431,0.728973
49131368,0.682186,-0.042634,-0.042886,0.728674
49139701,0.682551,-0.042726,-0.042388,0.728356
49148034,0.682954,-0.042831,-0.041910,0.727999
49156367,0.683271,-0.042892,-0.041428,0.727725
49164700,0.683491,-0.043008,-0.041043,0.727534
49173033,0.683727,-0.043141,-0.040604,0.727329
49181366,0.683993,-0.043191,-0.040175,0.727100
49189699,0.684242,-0.043094,-0.039812,0.726891
49198032,0.684376,-0.042998,-0.039497,0.726788
49206365,0.684447,-0.042909,-0.039203,0.726742
49214698,0.684492,-0.042816,-0.039040,0.726714
49223031,0.684487,-0.042664,-0.038866,0.726737
49231364,0.684497,-0.042544,-0.038629,0.726748
49239697,0.684500,-0.042417,-0.038480,0.726760
49248030,0.684527,-0.042247,-0.038398,0.726748
49256363,0.684551,-0.042182,-0.038285,0.726736
49264696,0.684649,-0.042067,-0.038025,0.726664
49273029,0.684705,-0.041929,-0.037832,0.726629
49281362,0.684784,-0.041813,-0.037583,0.726574
49289695,0.684873,-0.041730,-0.037380,0.726505
49298028,0.684972,-0.041673,-0.037234,0.726423
49306361,0.685087,-0.041563,-0.037190,0.726323
49314694,0.685213,-0.041424,-0.037080,0.726218
49323027,0.685387,-0.041313,-0.036972,0.726065
49331360,0.685535,-0.041241,-0.036945,0.725931
49339693,0.685635,-0.041094,-0.036978,0.725843
49348026,0.685732,-0.041011,-0.037024,0.725754
49356359,0.685825,-0.040953,-0.037141,0.725664
49364692,0.685832,-0.040898,-0.037249,0.725654
49373025,0.685816,-0.040840,-0.037370,0.725666
49381358,0.685806,-0.040790,-0.037470,0.725674
49389691,0.685779,-0.040666,-0.037618,0.725699
49398024,0.685765,-0.040541,-0.037773,0.725711
49406357,0.685725,-0.040318,-0.037914,0.725753
49414690,0.685695,-0.040162,-0.038030,0.725784
49423023,0.685680,-0.040006,-0.038124,0.725802
49431356,0.685645,-0.039826,-0.038256,0.725839
49439689,0.685665,-0.039693,-0.038400,0.725819
49448022,0.685646,-0.039660,-0.038519,0.725833
49456355,0.685629,-0.039612,-0.038661,0.725844
49464688,0.685629,-0.039576,-0.038841,0.725836
49473021,0.685642,-0.039571,-0.039044,0.725813
49481354,0.685652,-0.039553,-0.039294,0.725791
49489687,0.685653,-0.039594,-0.039490,0.725777
49498020,0.685713,-0.039582,-0.039751,0.725707
49506353,0.685747,-0.039646,-0.039920,0.725662
49514686,0.685757,-0.039742,-0.040042,0.725640
49523019,0.685775,-0.039770,-0.040226,0.725612
49531352,0.685809,-0.039879,-0.040424,0.725563
49539685,0.685860,-0.039898,-0.040681,0.725499
49548018,0.685940,-0.039917,-0.040884,0.725411
49556351,0.686007,-0.039993,-0.041041,0.725335
49564684,0.686090,-0.040002,-0.041315,0.725240
49573017,0.686154,-0.040024,-0.041538,0.725166
49581350,0.686253,-0.040056,-0.041856,0.725052
49589683,0.686338,-0.040109,-0.042136,0.724952
49598016,0.686397,-0.040180,-0.042426,0.724875
49606349,0.686457,-0.040216,-0.042748,0.724798
49614682,0.686475,-0.040233,-0.043108,0.724758
49623015,0.686514,-0.040323,-0.043386,0.724700
49631348,0.686555,-0.040393,-0.043618,0.724643
49639681,0.686546,-0.040471,-0.043888,0.724631
49648014,0.686516,-0.040561,-0.044169,0.724637
49656347,0.686495,-0.040653,-0.044437,0.724636
49664680,0.686476,-0.040808,-0.044652,0.724632
49673013,0.686436,-0.040924,-0.044916,0.724647
49681346,0.686424,-0.040970,-0.045166,0.724640
49689679,0.686401,-0.040981,-0.045424,0.724646
49698012,0.686370,-0.041006,-0.045664,0.724658
49706345,0.686380,-0.041052,-0.045901,0.724632
49714678,0.686355,-0.041120,-0.046116,0.724637
49723011,0.686350,-0.041153,-0.046354,0.724625
49731344,0.686343,-0.041249,-0.046579,0.724612
49739677,0.686275,-0.041357,-0.046810,0.724655
49748010,0.686240,-0.041393,-0.046998,0.724674
49756343,0.686260,-0.041459,-0.047145,0.724642
49764676,0.686282,-0.041442,-0.047296,0.724612
49773009,0.686279,-0.041476,-0.047437,0.724603
49781342,0.686293,-0.041475,-0.047587,0.724581
49789675,0.686318,-0.041483,-0.047730,0.724547
49798008,0.686339,-0.041558,-0.047810,0.724518
49806341,0.686376,-0.041558,-0.047930,0.724475
49814674,0.686387,-0.041585,-0.048055,0.724455
49823007,0.686392,-0.041650,-0.048221,0.724435
49831340,0.686401,-0.041695,-0.048341,0.724416
49839673,0.686423,-0.041730,-0.048493,0.724383
49848006,0.686445,-0.041791,-0.048602,0.724351
49856339,0.686431,-0.041783,-0.048738,0.724356
49864672,0.686417,-0.041863,-0.048834,0.724358
49873005,0.686438,-0.041914,-0.048912,0.724330
49881338,0.686434,-0.041925,-0.049034,0.724325
49889671,0.686445,-0.041938,-0.049135,0.724307
49898004,0.686437,-0.041959,-0.049218,0.724307
49906337,0.686473,-0.042052,-0.049308,0.724262
49914670,0.686479,-0.042067,-0.049360,0.724252
49923003,0.686493,-0.042057,-0.049461,0.724232
49931336,0.686511,-0.042068,-0.049530,0.724209
49939669,0.686529,-0.042065,-0.049614,0.724187
49948002,0.686543,-0.042082,-0.049621,0.724172
49956335,0.686597,-0.042012,-0.049650,0.724123
49964668,0.686636,-0.041995,-0.049641,0.724088
49973001,0.686662,-0.042007,-0.049659,0.724061
49981334,0.686692,-0.041993,-0.049700,0.724031
49989667,0.686731,-0.041955,-0.049764,0.723991
49998000,0.686754,-0.041960,-0.049803,0.723967
50006333,0.686762,-0.041989,-0.049806,0.723958
50014666,0.686783,-0.042004,-0.049863,0.723932
50022999,0.686760,-0.042079,-0.049941,0.723945
